<?xml version="1.0" ?>
<Gesture Name="five_point_star~04" Subject="5" Number="4" NumPts="188" InputType="stylus" Speed="MEDIUM">
    <Stroke index="1">
        <Point X="315" Y="349" T="0" Pressure="0"/>
        <Point X="313" Y="343" T="0" Pressure="0"/>
        <Point X="312" Y="340" T="0" Pressure="0"/>
        <Point X="312" Y="338" T="0" Pressure="0"/>
        <Point X="311" Y="335" T="0" Pressure="0"/>
        <Point X="311" Y="333" T="0" Pressure="0"/>
        <Point X="311" Y="330" T="0" Pressure="0"/>
        <Point X="311" Y="326" T="0" Pressure="0"/>
        <Point X="312" Y="323" T="0" Pressure="0"/>
        <Point X="312" Y="320" T="0" Pressure="0"/>
        <Point X="313" Y="313" T="0" Pressure="0"/>
        <Point X="315" Y="309" T="0" Pressure="0"/>
        <Point X="317" Y="306" T="0" Pressure="0"/>
        <Point X="320" Y="298" T="0" Pressure="0"/>
        <Point X="321" Y="294" T="0" Pressure="0"/>
        <Point X="324" Y="289" T="0" Pressure="0"/>
        <Point X="328" Y="280" T="0" Pressure="0"/>
        <Point X="331" Y="275" T="0" Pressure="0"/>
        <Point X="332" Y="269" T="0" Pressure="0"/>
        <Point X="337" Y="257" T="0" Pressure="0"/>
        <Point X="339" Y="252" T="0" Pressure="0"/>
        <Point X="341" Y="246" T="0" Pressure="0"/>
        <Point X="346" Y="234" T="0" Pressure="0"/>
        <Point X="348" Y="228" T="0" Pressure="0"/>
        <Point X="351" Y="221" T="0" Pressure="0"/>
        <Point X="355" Y="210" T="0" Pressure="0"/>
        <Point X="358" Y="205" T="0" Pressure="0"/>
        <Point X="361" Y="200" T="0" Pressure="0"/>
        <Point X="365" Y="189" T="0" Pressure="0"/>
        <Point X="367" Y="185" T="0" Pressure="0"/>
        <Point X="369" Y="181" T="0" Pressure="0"/>
        <Point X="373" Y="173" T="0" Pressure="0"/>
        <Point X="376" Y="169" T="0" Pressure="0"/>
        <Point X="378" Y="165" T="0" Pressure="0"/>
        <Point X="382" Y="159" T="0" Pressure="0"/>
        <Point X="384" Y="156" T="0" Pressure="0"/>
        <Point X="386" Y="154" T="0" Pressure="0"/>
        <Point X="391" Y="150" T="0" Pressure="0"/>
        <Point X="392" Y="149" T="0" Pressure="0"/>
        <Point X="394" Y="148" T="0" Pressure="0"/>
        <Point X="397" Y="146" T="0" Pressure="0"/>
        <Point X="399" Y="146" T="0" Pressure="0"/>
        <Point X="401" Y="145" T="0" Pressure="0"/>
        <Point X="404" Y="146" T="0" Pressure="0"/>
        <Point X="406" Y="147" T="0" Pressure="0"/>
        <Point X="407" Y="149" T="0" Pressure="0"/>
        <Point X="410" Y="152" T="0" Pressure="0"/>
        <Point X="411" Y="154" T="0" Pressure="0"/>
        <Point X="413" Y="157" T="0" Pressure="0"/>
        <Point X="416" Y="164" T="0" Pressure="0"/>
        <Point X="417" Y="167" T="0" Pressure="0"/>
        <Point X="419" Y="171" T="0" Pressure="0"/>
        <Point X="420" Y="176" T="0" Pressure="0"/>
        <Point X="422" Y="180" T="0" Pressure="0"/>
        <Point X="423" Y="184" T="0" Pressure="0"/>
        <Point X="427" Y="201" T="0" Pressure="0"/>
        <Point X="429" Y="206" T="0" Pressure="0"/>
        <Point X="430" Y="211" T="0" Pressure="0"/>
        <Point X="432" Y="217" T="0" Pressure="0"/>
        <Point X="433" Y="223" T="0" Pressure="0"/>
        <Point X="434" Y="229" T="0" Pressure="0"/>
        <Point X="436" Y="236" T="0" Pressure="0"/>
        <Point X="438" Y="247" T="0" Pressure="0"/>
        <Point X="440" Y="253" T="0" Pressure="0"/>
        <Point X="441" Y="258" T="0" Pressure="0"/>
        <Point X="444" Y="270" T="0" Pressure="0"/>
        <Point X="445" Y="275" T="0" Pressure="0"/>
        <Point X="447" Y="288" T="0" Pressure="0"/>
        <Point X="448" Y="291" T="0" Pressure="0"/>
        <Point X="449" Y="295" T="0" Pressure="0"/>
        <Point X="450" Y="302" T="0" Pressure="0"/>
        <Point X="451" Y="304" T="0" Pressure="0"/>
        <Point X="452" Y="306" T="0" Pressure="0"/>
        <Point X="452" Y="310" T="0" Pressure="0"/>
        <Point X="452" Y="311" T="0" Pressure="0"/>
        <Point X="452" Y="313" T="0" Pressure="0"/>
        <Point X="452" Y="314" T="0" Pressure="0"/>
        <Point X="452" Y="315" T="0" Pressure="0"/>
        <Point X="452" Y="316" T="0" Pressure="0"/>
        <Point X="451" Y="316" T="0" Pressure="0"/>
        <Point X="449" Y="316" T="0" Pressure="0"/>
        <Point X="448" Y="316" T="0" Pressure="0"/>
        <Point X="446" Y="316" T="0" Pressure="0"/>
        <Point X="445" Y="316" T="0" Pressure="0"/>
        <Point X="443" Y="315" T="0" Pressure="0"/>
        <Point X="439" Y="313" T="0" Pressure="0"/>
        <Point X="437" Y="312" T="0" Pressure="0"/>
        <Point X="433" Y="310" T="0" Pressure="0"/>
        <Point X="428" Y="307" T="0" Pressure="0"/>
        <Point X="425" Y="305" T="0" Pressure="0"/>
        <Point X="421" Y="303" T="0" Pressure="0"/>
        <Point X="412" Y="298" T="0" Pressure="0"/>
        <Point X="408" Y="295" T="0" Pressure="0"/>
        <Point X="403" Y="293" T="0" Pressure="0"/>
        <Point X="393" Y="288" T="0" Pressure="0"/>
        <Point X="388" Y="286" T="0" Pressure="0"/>
        <Point X="382" Y="283" T="0" Pressure="0"/>
        <Point X="371" Y="279" T="0" Pressure="0"/>
        <Point X="366" Y="276" T="0" Pressure="0"/>
        <Point X="359" Y="274" T="0" Pressure="0"/>
        <Point X="347" Y="269" T="0" Pressure="0"/>
        <Point X="340" Y="267" T="0" Pressure="0"/>
        <Point X="335" Y="265" T="0" Pressure="0"/>
        <Point X="329" Y="263" T="0" Pressure="0"/>
        <Point X="323" Y="261" T="0" Pressure="0"/>
        <Point X="317" Y="259" T="0" Pressure="0"/>
        <Point X="312" Y="256" T="0" Pressure="0"/>
        <Point X="302" Y="253" T="0" Pressure="0"/>
        <Point X="298" Y="251" T="0" Pressure="0"/>
        <Point X="294" Y="250" T="0" Pressure="0"/>
        <Point X="287" Y="247" T="0" Pressure="0"/>
        <Point X="284" Y="245" T="0" Pressure="0"/>
        <Point X="282" Y="245" T="0" Pressure="0"/>
        <Point X="278" Y="242" T="0" Pressure="0"/>
        <Point X="277" Y="241" T="0" Pressure="0"/>
        <Point X="276" Y="240" T="0" Pressure="0"/>
        <Point X="275" Y="238" T="0" Pressure="0"/>
        <Point X="276" Y="237" T="0" Pressure="0"/>
        <Point X="276" Y="235" T="0" Pressure="0"/>
        <Point X="280" Y="233" T="0" Pressure="0"/>
        <Point X="283" Y="231" T="0" Pressure="0"/>
        <Point X="285" Y="230" T="0" Pressure="0"/>
        <Point X="293" Y="226" T="0" Pressure="0"/>
        <Point X="297" Y="225" T="0" Pressure="0"/>
        <Point X="302" Y="223" T="0" Pressure="0"/>
        <Point X="312" Y="219" T="0" Pressure="0"/>
        <Point X="317" Y="217" T="0" Pressure="0"/>
        <Point X="323" Y="215" T="0" Pressure="0"/>
        <Point X="336" Y="210" T="0" Pressure="0"/>
        <Point X="343" Y="208" T="0" Pressure="0"/>
        <Point X="350" Y="206" T="0" Pressure="0"/>
        <Point X="365" Y="202" T="0" Pressure="0"/>
        <Point X="380" Y="198" T="0" Pressure="0"/>
        <Point X="394" Y="194" T="0" Pressure="0"/>
        <Point X="401" Y="193" T="0" Pressure="0"/>
        <Point X="408" Y="191" T="0" Pressure="0"/>
        <Point X="422" Y="188" T="0" Pressure="0"/>
        <Point X="427" Y="187" T="0" Pressure="0"/>
        <Point X="433" Y="186" T="0" Pressure="0"/>
        <Point X="443" Y="185" T="0" Pressure="0"/>
        <Point X="448" Y="184" T="0" Pressure="0"/>
        <Point X="452" Y="184" T="0" Pressure="0"/>
        <Point X="458" Y="184" T="0" Pressure="0"/>
        <Point X="460" Y="184" T="0" Pressure="0"/>
        <Point X="463" Y="185" T="0" Pressure="0"/>
        <Point X="466" Y="186" T="0" Pressure="0"/>
        <Point X="467" Y="188" T="0" Pressure="0"/>
        <Point X="467" Y="189" T="0" Pressure="0"/>
        <Point X="467" Y="192" T="0" Pressure="0"/>
        <Point X="467" Y="194" T="0" Pressure="0"/>
        <Point X="466" Y="198" T="0" Pressure="0"/>
        <Point X="465" Y="200" T="0" Pressure="0"/>
        <Point X="463" Y="203" T="0" Pressure="0"/>
        <Point X="458" Y="209" T="0" Pressure="0"/>
        <Point X="455" Y="213" T="0" Pressure="0"/>
        <Point X="452" Y="216" T="0" Pressure="0"/>
        <Point X="444" Y="225" T="0" Pressure="0"/>
        <Point X="439" Y="229" T="0" Pressure="0"/>
        <Point X="433" Y="234" T="0" Pressure="0"/>
        <Point X="429" Y="238" T="0" Pressure="0"/>
        <Point X="424" Y="243" T="0" Pressure="0"/>
        <Point X="414" Y="253" T="0" Pressure="0"/>
        <Point X="402" Y="263" T="0" Pressure="0"/>
        <Point X="397" Y="268" T="0" Pressure="0"/>
        <Point X="392" Y="273" T="0" Pressure="0"/>
        <Point X="381" Y="283" T="0" Pressure="0"/>
        <Point X="376" Y="288" T="0" Pressure="0"/>
        <Point X="371" Y="294" T="0" Pressure="0"/>
        <Point X="362" Y="303" T="0" Pressure="0"/>
        <Point X="357" Y="307" T="0" Pressure="0"/>
        <Point X="352" Y="312" T="0" Pressure="0"/>
        <Point X="343" Y="322" T="0" Pressure="0"/>
        <Point X="339" Y="326" T="0" Pressure="0"/>
        <Point X="336" Y="330" T="0" Pressure="0"/>
        <Point X="328" Y="336" T="0" Pressure="0"/>
        <Point X="325" Y="340" T="0" Pressure="0"/>
        <Point X="322" Y="343" T="0" Pressure="0"/>
        <Point X="317" Y="348" T="0" Pressure="0"/>
        <Point X="315" Y="350" T="0" Pressure="0"/>
        <Point X="313" Y="352" T="0" Pressure="0"/>
        <Point X="310" Y="355" T="0" Pressure="0"/>
        <Point X="309" Y="356" T="0" Pressure="0"/>
        <Point X="309" Y="357" T="0" Pressure="0"/>
        <Point X="310" Y="357" T="0" Pressure="0"/>
        <Point X="310" Y="356" T="0" Pressure="0"/>
        <Point X="312" Y="355" T="0" Pressure="0"/>
        <Point X="313" Y="355" T="0" Pressure="0"/>
        <Point X="314" Y="353" T="0" Pressure="0"/>
    </Stroke>
</Gesture>
