<?xml version="1.0" ?>
<Gesture Name="asterisk~04" Subject="5" Number="4" NumPts="130" InputType="stylus" Speed="MEDIUM">
    <Stroke index="1">
        <Point X="395" Y="134" T="0" Pressure="0"/>
        <Point X="393" Y="133" T="0" Pressure="0"/>
        <Point X="392" Y="133" T="0" Pressure="0"/>
        <Point X="392" Y="134" T="0" Pressure="0"/>
        <Point X="392" Y="136" T="0" Pressure="0"/>
        <Point X="392" Y="139" T="0" Pressure="0"/>
        <Point X="391" Y="143" T="0" Pressure="0"/>
        <Point X="391" Y="148" T="0" Pressure="0"/>
        <Point X="390" Y="155" T="0" Pressure="0"/>
        <Point X="389" Y="162" T="0" Pressure="0"/>
        <Point X="388" Y="179" T="0" Pressure="0"/>
        <Point X="388" Y="188" T="0" Pressure="0"/>
        <Point X="387" Y="207" T="0" Pressure="0"/>
        <Point X="386" Y="215" T="0" Pressure="0"/>
        <Point X="385" Y="224" T="0" Pressure="0"/>
        <Point X="385" Y="233" T="0" Pressure="0"/>
        <Point X="384" Y="251" T="0" Pressure="0"/>
        <Point X="384" Y="261" T="0" Pressure="0"/>
        <Point X="384" Y="268" T="0" Pressure="0"/>
        <Point X="383" Y="276" T="0" Pressure="0"/>
        <Point X="383" Y="283" T="0" Pressure="0"/>
        <Point X="382" Y="290" T="0" Pressure="0"/>
        <Point X="382" Y="297" T="0" Pressure="0"/>
        <Point X="382" Y="304" T="0" Pressure="0"/>
        <Point X="381" Y="309" T="0" Pressure="0"/>
        <Point X="381" Y="314" T="0" Pressure="0"/>
        <Point X="381" Y="319" T="0" Pressure="0"/>
        <Point X="380" Y="329" T="0" Pressure="0"/>
        <Point X="379" Y="333" T="0" Pressure="0"/>
        <Point X="378" Y="337" T="0" Pressure="0"/>
        <Point X="377" Y="340" T="0" Pressure="0"/>
        <Point X="377" Y="343" T="0" Pressure="0"/>
        <Point X="377" Y="345" T="0" Pressure="0"/>
        <Point X="376" Y="348" T="0" Pressure="0"/>
        <Point X="376" Y="349" T="0" Pressure="0"/>
        <Point X="375" Y="350" T="0" Pressure="0"/>
        <Point X="374" Y="351" T="0" Pressure="0"/>
        <Point X="373" Y="351" T="0" Pressure="0"/>
    </Stroke>
    <Stroke index="2">
        <Point X="275" Y="156" T="0" Pressure="0"/>
        <Point X="274" Y="153" T="0" Pressure="0"/>
        <Point X="273" Y="151" T="0" Pressure="0"/>
        <Point X="275" Y="150" T="0" Pressure="0"/>
        <Point X="277" Y="151" T="0" Pressure="0"/>
        <Point X="279" Y="152" T="0" Pressure="0"/>
        <Point X="282" Y="154" T="0" Pressure="0"/>
        <Point X="288" Y="158" T="0" Pressure="0"/>
        <Point X="292" Y="161" T="0" Pressure="0"/>
        <Point X="297" Y="165" T="0" Pressure="0"/>
        <Point X="302" Y="169" T="0" Pressure="0"/>
        <Point X="308" Y="173" T="0" Pressure="0"/>
        <Point X="314" Y="177" T="0" Pressure="0"/>
        <Point X="321" Y="182" T="0" Pressure="0"/>
        <Point X="328" Y="186" T="0" Pressure="0"/>
        <Point X="335" Y="191" T="0" Pressure="0"/>
        <Point X="343" Y="197" T="0" Pressure="0"/>
        <Point X="351" Y="203" T="0" Pressure="0"/>
        <Point X="358" Y="207" T="0" Pressure="0"/>
        <Point X="365" Y="213" T="0" Pressure="0"/>
        <Point X="372" Y="218" T="0" Pressure="0"/>
        <Point X="380" Y="223" T="0" Pressure="0"/>
        <Point X="387" Y="228" T="0" Pressure="0"/>
        <Point X="401" Y="238" T="0" Pressure="0"/>
        <Point X="408" Y="244" T="0" Pressure="0"/>
        <Point X="415" Y="249" T="0" Pressure="0"/>
        <Point X="421" Y="253" T="0" Pressure="0"/>
        <Point X="427" Y="257" T="0" Pressure="0"/>
        <Point X="433" Y="261" T="0" Pressure="0"/>
        <Point X="439" Y="265" T="0" Pressure="0"/>
        <Point X="444" Y="268" T="0" Pressure="0"/>
        <Point X="449" Y="271" T="0" Pressure="0"/>
        <Point X="453" Y="275" T="0" Pressure="0"/>
        <Point X="458" Y="278" T="0" Pressure="0"/>
        <Point X="463" Y="280" T="0" Pressure="0"/>
        <Point X="466" Y="282" T="0" Pressure="0"/>
        <Point X="470" Y="284" T="0" Pressure="0"/>
        <Point X="472" Y="286" T="0" Pressure="0"/>
        <Point X="475" Y="288" T="0" Pressure="0"/>
        <Point X="478" Y="289" T="0" Pressure="0"/>
        <Point X="481" Y="291" T="0" Pressure="0"/>
        <Point X="482" Y="291" T="0" Pressure="0"/>
        <Point X="484" Y="292" T="0" Pressure="0"/>
        <Point X="486" Y="293" T="0" Pressure="0"/>
        <Point X="487" Y="293" T="0" Pressure="0"/>
        <Point X="488" Y="291" T="0" Pressure="0"/>
    </Stroke>
    <Stroke index="3">
        <Point X="477" Y="176" T="0" Pressure="0"/>
        <Point X="477" Y="172" T="0" Pressure="0"/>
        <Point X="476" Y="169" T="0" Pressure="0"/>
        <Point X="476" Y="165" T="0" Pressure="0"/>
        <Point X="475" Y="163" T="0" Pressure="0"/>
        <Point X="475" Y="160" T="0" Pressure="0"/>
        <Point X="474" Y="158" T="0" Pressure="0"/>
        <Point X="472" Y="157" T="0" Pressure="0"/>
        <Point X="471" Y="157" T="0" Pressure="0"/>
        <Point X="470" Y="158" T="0" Pressure="0"/>
        <Point X="469" Y="159" T="0" Pressure="0"/>
        <Point X="467" Y="161" T="0" Pressure="0"/>
        <Point X="466" Y="163" T="0" Pressure="0"/>
        <Point X="464" Y="165" T="0" Pressure="0"/>
        <Point X="461" Y="168" T="0" Pressure="0"/>
        <Point X="459" Y="171" T="0" Pressure="0"/>
        <Point X="456" Y="175" T="0" Pressure="0"/>
        <Point X="448" Y="183" T="0" Pressure="0"/>
        <Point X="444" Y="188" T="0" Pressure="0"/>
        <Point X="438" Y="193" T="0" Pressure="0"/>
        <Point X="427" Y="204" T="0" Pressure="0"/>
        <Point X="420" Y="210" T="0" Pressure="0"/>
        <Point X="414" Y="216" T="0" Pressure="0"/>
        <Point X="407" Y="223" T="0" Pressure="0"/>
        <Point X="401" Y="229" T="0" Pressure="0"/>
        <Point X="395" Y="234" T="0" Pressure="0"/>
        <Point X="381" Y="247" T="0" Pressure="0"/>
        <Point X="375" Y="253" T="0" Pressure="0"/>
        <Point X="369" Y="258" T="0" Pressure="0"/>
        <Point X="362" Y="263" T="0" Pressure="0"/>
        <Point X="357" Y="268" T="0" Pressure="0"/>
        <Point X="351" Y="273" T="0" Pressure="0"/>
        <Point X="333" Y="286" T="0" Pressure="0"/>
        <Point X="328" Y="290" T="0" Pressure="0"/>
        <Point X="323" Y="294" T="0" Pressure="0"/>
        <Point X="314" Y="302" T="0" Pressure="0"/>
        <Point X="310" Y="305" T="0" Pressure="0"/>
        <Point X="308" Y="307" T="0" Pressure="0"/>
        <Point X="305" Y="310" T="0" Pressure="0"/>
        <Point X="302" Y="311" T="0" Pressure="0"/>
        <Point X="300" Y="313" T="0" Pressure="0"/>
        <Point X="298" Y="314" T="0" Pressure="0"/>
        <Point X="297" Y="315" T="0" Pressure="0"/>
        <Point X="296" Y="316" T="0" Pressure="0"/>
        <Point X="296" Y="317" T="0" Pressure="0"/>
        <Point X="295" Y="317" T="0" Pressure="0"/>
    </Stroke>
</Gesture>
