<?xml version="1.0" ?>
<Gesture Name="H~06" Subject="5" Number="6" NumPts="134" InputType="stylus" Speed="MEDIUM">
    <Stroke index="1">
        <Point X="306" Y="123" T="0" Pressure="0"/>
        <Point X="305" Y="123" T="0" Pressure="0"/>
        <Point X="305" Y="122" T="0" Pressure="0"/>
        <Point X="304" Y="122" T="0" Pressure="0"/>
        <Point X="304" Y="123" T="0" Pressure="0"/>
        <Point X="305" Y="124" T="0" Pressure="0"/>
        <Point X="305" Y="126" T="0" Pressure="0"/>
        <Point X="305" Y="129" T="0" Pressure="0"/>
        <Point X="305" Y="131" T="0" Pressure="0"/>
        <Point X="306" Y="134" T="0" Pressure="0"/>
        <Point X="306" Y="139" T="0" Pressure="0"/>
        <Point X="307" Y="145" T="0" Pressure="0"/>
        <Point X="308" Y="150" T="0" Pressure="0"/>
        <Point X="308" Y="157" T="0" Pressure="0"/>
        <Point X="309" Y="164" T="0" Pressure="0"/>
        <Point X="309" Y="170" T="0" Pressure="0"/>
        <Point X="310" Y="178" T="0" Pressure="0"/>
        <Point X="310" Y="185" T="0" Pressure="0"/>
        <Point X="310" Y="192" T="0" Pressure="0"/>
        <Point X="311" Y="201" T="0" Pressure="0"/>
        <Point X="311" Y="207" T="0" Pressure="0"/>
        <Point X="312" Y="221" T="0" Pressure="0"/>
        <Point X="312" Y="229" T="0" Pressure="0"/>
        <Point X="312" Y="236" T="0" Pressure="0"/>
        <Point X="312" Y="244" T="0" Pressure="0"/>
        <Point X="312" Y="250" T="0" Pressure="0"/>
        <Point X="312" Y="257" T="0" Pressure="0"/>
        <Point X="311" Y="263" T="0" Pressure="0"/>
        <Point X="310" Y="270" T="0" Pressure="0"/>
        <Point X="310" Y="276" T="0" Pressure="0"/>
        <Point X="309" Y="282" T="0" Pressure="0"/>
        <Point X="309" Y="288" T="0" Pressure="0"/>
        <Point X="309" Y="293" T="0" Pressure="0"/>
        <Point X="308" Y="298" T="0" Pressure="0"/>
        <Point X="307" Y="303" T="0" Pressure="0"/>
        <Point X="305" Y="316" T="0" Pressure="0"/>
        <Point X="305" Y="319" T="0" Pressure="0"/>
        <Point X="303" Y="325" T="0" Pressure="0"/>
        <Point X="303" Y="328" T="0" Pressure="0"/>
        <Point X="303" Y="330" T="0" Pressure="0"/>
        <Point X="303" Y="331" T="0" Pressure="0"/>
        <Point X="303" Y="332" T="0" Pressure="0"/>
        <Point X="303" Y="334" T="0" Pressure="0"/>
        <Point X="303" Y="335" T="0" Pressure="0"/>
        <Point X="303" Y="336" T="0" Pressure="0"/>
        <Point X="305" Y="336" T="0" Pressure="0"/>
    </Stroke>
    <Stroke index="2">
        <Point X="313" Y="259" T="0" Pressure="0"/>
        <Point X="313" Y="258" T="0" Pressure="0"/>
        <Point X="312" Y="256" T="0" Pressure="0"/>
        <Point X="312" Y="255" T="0" Pressure="0"/>
        <Point X="312" Y="253" T="0" Pressure="0"/>
        <Point X="312" Y="251" T="0" Pressure="0"/>
        <Point X="313" Y="250" T="0" Pressure="0"/>
        <Point X="314" Y="250" T="0" Pressure="0"/>
        <Point X="317" Y="249" T="0" Pressure="0"/>
        <Point X="318" Y="249" T="0" Pressure="0"/>
        <Point X="321" Y="248" T="0" Pressure="0"/>
        <Point X="323" Y="248" T="0" Pressure="0"/>
        <Point X="326" Y="247" T="0" Pressure="0"/>
        <Point X="329" Y="246" T="0" Pressure="0"/>
        <Point X="332" Y="246" T="0" Pressure="0"/>
        <Point X="336" Y="245" T="0" Pressure="0"/>
        <Point X="340" Y="245" T="0" Pressure="0"/>
        <Point X="344" Y="244" T="0" Pressure="0"/>
        <Point X="348" Y="243" T="0" Pressure="0"/>
        <Point X="353" Y="242" T="0" Pressure="0"/>
        <Point X="358" Y="241" T="0" Pressure="0"/>
        <Point X="362" Y="239" T="0" Pressure="0"/>
        <Point X="367" Y="239" T="0" Pressure="0"/>
        <Point X="372" Y="238" T="0" Pressure="0"/>
        <Point X="376" Y="237" T="0" Pressure="0"/>
        <Point X="381" Y="235" T="0" Pressure="0"/>
        <Point X="384" Y="234" T="0" Pressure="0"/>
        <Point X="393" Y="232" T="0" Pressure="0"/>
        <Point X="397" Y="231" T="0" Pressure="0"/>
        <Point X="401" Y="231" T="0" Pressure="0"/>
        <Point X="404" Y="230" T="0" Pressure="0"/>
        <Point X="408" Y="229" T="0" Pressure="0"/>
        <Point X="412" Y="228" T="0" Pressure="0"/>
        <Point X="415" Y="228" T="0" Pressure="0"/>
        <Point X="417" Y="226" T="0" Pressure="0"/>
        <Point X="419" Y="226" T="0" Pressure="0"/>
        <Point X="422" Y="225" T="0" Pressure="0"/>
        <Point X="423" Y="224" T="0" Pressure="0"/>
        <Point X="426" Y="223" T="0" Pressure="0"/>
    </Stroke>
    <Stroke index="3">
        <Point X="425" Y="125" T="0" Pressure="0"/>
        <Point X="423" Y="124" T="0" Pressure="0"/>
        <Point X="423" Y="125" T="0" Pressure="0"/>
        <Point X="423" Y="126" T="0" Pressure="0"/>
        <Point X="423" Y="129" T="0" Pressure="0"/>
        <Point X="423" Y="131" T="0" Pressure="0"/>
        <Point X="423" Y="134" T="0" Pressure="0"/>
        <Point X="423" Y="139" T="0" Pressure="0"/>
        <Point X="423" Y="144" T="0" Pressure="0"/>
        <Point X="422" Y="150" T="0" Pressure="0"/>
        <Point X="421" Y="163" T="0" Pressure="0"/>
        <Point X="420" Y="170" T="0" Pressure="0"/>
        <Point X="419" Y="177" T="0" Pressure="0"/>
        <Point X="419" Y="183" T="0" Pressure="0"/>
        <Point X="418" Y="189" T="0" Pressure="0"/>
        <Point X="418" Y="196" T="0" Pressure="0"/>
        <Point X="418" Y="203" T="0" Pressure="0"/>
        <Point X="418" Y="210" T="0" Pressure="0"/>
        <Point X="417" Y="217" T="0" Pressure="0"/>
        <Point X="417" Y="223" T="0" Pressure="0"/>
        <Point X="417" Y="229" T="0" Pressure="0"/>
        <Point X="417" Y="235" T="0" Pressure="0"/>
        <Point X="416" Y="248" T="0" Pressure="0"/>
        <Point X="416" Y="254" T="0" Pressure="0"/>
        <Point X="416" Y="259" T="0" Pressure="0"/>
        <Point X="416" Y="264" T="0" Pressure="0"/>
        <Point X="416" Y="269" T="0" Pressure="0"/>
        <Point X="415" Y="275" T="0" Pressure="0"/>
        <Point X="415" Y="280" T="0" Pressure="0"/>
        <Point X="415" Y="285" T="0" Pressure="0"/>
        <Point X="415" Y="289" T="0" Pressure="0"/>
        <Point X="415" Y="298" T="0" Pressure="0"/>
        <Point X="414" Y="306" T="0" Pressure="0"/>
        <Point X="414" Y="309" T="0" Pressure="0"/>
        <Point X="414" Y="312" T="0" Pressure="0"/>
        <Point X="414" Y="317" T="0" Pressure="0"/>
        <Point X="414" Y="319" T="0" Pressure="0"/>
        <Point X="415" Y="322" T="0" Pressure="0"/>
        <Point X="415" Y="325" T="0" Pressure="0"/>
        <Point X="417" Y="326" T="0" Pressure="0"/>
        <Point X="417" Y="327" T="0" Pressure="0"/>
        <Point X="419" Y="329" T="0" Pressure="0"/>
        <Point X="420" Y="330" T="0" Pressure="0"/>
        <Point X="421" Y="330" T="0" Pressure="0"/>
        <Point X="422" Y="330" T="0" Pressure="0"/>
        <Point X="423" Y="330" T="0" Pressure="0"/>
        <Point X="425" Y="330" T="0" Pressure="0"/>
        <Point X="426" Y="330" T="0" Pressure="0"/>
        <Point X="427" Y="330" T="0" Pressure="0"/>
    </Stroke>
</Gesture>
