<?xml version="1.0" ?>
<Gesture Name="asterisk~10" Subject="5" Number="10" NumPts="144" InputType="stylus" Speed="MEDIUM">
    <Stroke index="1">
        <Point X="402" Y="120" T="0" Pressure="0"/>
        <Point X="402" Y="116" T="0" Pressure="0"/>
        <Point X="402" Y="115" T="0" Pressure="0"/>
        <Point X="402" Y="114" T="0" Pressure="0"/>
        <Point X="402" Y="115" T="0" Pressure="0"/>
        <Point X="402" Y="117" T="0" Pressure="0"/>
        <Point X="403" Y="119" T="0" Pressure="0"/>
        <Point X="403" Y="122" T="0" Pressure="0"/>
        <Point X="403" Y="125" T="0" Pressure="0"/>
        <Point X="404" Y="129" T="0" Pressure="0"/>
        <Point X="406" Y="144" T="0" Pressure="0"/>
        <Point X="406" Y="151" T="0" Pressure="0"/>
        <Point X="406" Y="159" T="0" Pressure="0"/>
        <Point X="406" Y="169" T="0" Pressure="0"/>
        <Point X="406" Y="178" T="0" Pressure="0"/>
        <Point X="406" Y="186" T="0" Pressure="0"/>
        <Point X="405" Y="195" T="0" Pressure="0"/>
        <Point X="404" Y="205" T="0" Pressure="0"/>
        <Point X="403" Y="213" T="0" Pressure="0"/>
        <Point X="403" Y="223" T="0" Pressure="0"/>
        <Point X="403" Y="230" T="0" Pressure="0"/>
        <Point X="402" Y="238" T="0" Pressure="0"/>
        <Point X="401" Y="246" T="0" Pressure="0"/>
        <Point X="400" Y="254" T="0" Pressure="0"/>
        <Point X="399" Y="261" T="0" Pressure="0"/>
        <Point X="399" Y="270" T="0" Pressure="0"/>
        <Point X="397" Y="277" T="0" Pressure="0"/>
        <Point X="397" Y="283" T="0" Pressure="0"/>
        <Point X="396" Y="289" T="0" Pressure="0"/>
        <Point X="395" Y="296" T="0" Pressure="0"/>
        <Point X="395" Y="303" T="0" Pressure="0"/>
        <Point X="393" Y="309" T="0" Pressure="0"/>
        <Point X="393" Y="314" T="0" Pressure="0"/>
        <Point X="392" Y="320" T="0" Pressure="0"/>
        <Point X="391" Y="325" T="0" Pressure="0"/>
        <Point X="391" Y="330" T="0" Pressure="0"/>
        <Point X="389" Y="334" T="0" Pressure="0"/>
        <Point X="388" Y="339" T="0" Pressure="0"/>
        <Point X="388" Y="343" T="0" Pressure="0"/>
        <Point X="387" Y="346" T="0" Pressure="0"/>
        <Point X="386" Y="349" T="0" Pressure="0"/>
        <Point X="385" Y="352" T="0" Pressure="0"/>
        <Point X="384" Y="355" T="0" Pressure="0"/>
        <Point X="382" Y="357" T="0" Pressure="0"/>
        <Point X="382" Y="359" T="0" Pressure="0"/>
        <Point X="381" Y="361" T="0" Pressure="0"/>
        <Point X="379" Y="364" T="0" Pressure="0"/>
        <Point X="377" Y="365" T="0" Pressure="0"/>
        <Point X="376" Y="366" T="0" Pressure="0"/>
        <Point X="375" Y="367" T="0" Pressure="0"/>
    </Stroke>
    <Stroke index="2">
        <Point X="265" Y="164" T="0" Pressure="0"/>
        <Point X="267" Y="164" T="0" Pressure="0"/>
        <Point X="268" Y="164" T="0" Pressure="0"/>
        <Point X="271" Y="165" T="0" Pressure="0"/>
        <Point X="275" Y="167" T="0" Pressure="0"/>
        <Point X="279" Y="170" T="0" Pressure="0"/>
        <Point X="283" Y="173" T="0" Pressure="0"/>
        <Point X="290" Y="176" T="0" Pressure="0"/>
        <Point X="295" Y="180" T="0" Pressure="0"/>
        <Point X="309" Y="188" T="0" Pressure="0"/>
        <Point X="316" Y="193" T="0" Pressure="0"/>
        <Point X="323" Y="197" T="0" Pressure="0"/>
        <Point X="329" Y="201" T="0" Pressure="0"/>
        <Point X="337" Y="206" T="0" Pressure="0"/>
        <Point X="344" Y="210" T="0" Pressure="0"/>
        <Point X="352" Y="215" T="0" Pressure="0"/>
        <Point X="360" Y="220" T="0" Pressure="0"/>
        <Point X="367" Y="225" T="0" Pressure="0"/>
        <Point X="374" Y="229" T="0" Pressure="0"/>
        <Point X="382" Y="234" T="0" Pressure="0"/>
        <Point X="389" Y="238" T="0" Pressure="0"/>
        <Point X="397" Y="244" T="0" Pressure="0"/>
        <Point X="406" Y="249" T="0" Pressure="0"/>
        <Point X="419" Y="257" T="0" Pressure="0"/>
        <Point X="426" Y="263" T="0" Pressure="0"/>
        <Point X="433" Y="267" T="0" Pressure="0"/>
        <Point X="441" Y="271" T="0" Pressure="0"/>
        <Point X="448" Y="276" T="0" Pressure="0"/>
        <Point X="453" Y="280" T="0" Pressure="0"/>
        <Point X="460" Y="284" T="0" Pressure="0"/>
        <Point X="466" Y="288" T="0" Pressure="0"/>
        <Point X="472" Y="291" T="0" Pressure="0"/>
        <Point X="478" Y="295" T="0" Pressure="0"/>
        <Point X="483" Y="299" T="0" Pressure="0"/>
        <Point X="489" Y="302" T="0" Pressure="0"/>
        <Point X="494" Y="305" T="0" Pressure="0"/>
        <Point X="498" Y="307" T="0" Pressure="0"/>
        <Point X="503" Y="310" T="0" Pressure="0"/>
        <Point X="508" Y="313" T="0" Pressure="0"/>
        <Point X="512" Y="315" T="0" Pressure="0"/>
        <Point X="515" Y="318" T="0" Pressure="0"/>
        <Point X="518" Y="319" T="0" Pressure="0"/>
        <Point X="524" Y="323" T="0" Pressure="0"/>
        <Point X="526" Y="324" T="0" Pressure="0"/>
        <Point X="527" Y="326" T="0" Pressure="0"/>
        <Point X="528" Y="326" T="0" Pressure="0"/>
        <Point X="530" Y="327" T="0" Pressure="0"/>
        <Point X="531" Y="327" T="0" Pressure="0"/>
    </Stroke>
    <Stroke index="3">
        <Point X="516" Y="154" T="0" Pressure="0"/>
        <Point X="512" Y="149" T="0" Pressure="0"/>
        <Point X="511" Y="149" T="0" Pressure="0"/>
        <Point X="509" Y="148" T="0" Pressure="0"/>
        <Point X="507" Y="148" T="0" Pressure="0"/>
        <Point X="505" Y="149" T="0" Pressure="0"/>
        <Point X="503" Y="151" T="0" Pressure="0"/>
        <Point X="501" Y="152" T="0" Pressure="0"/>
        <Point X="497" Y="155" T="0" Pressure="0"/>
        <Point X="494" Y="157" T="0" Pressure="0"/>
        <Point X="491" Y="160" T="0" Pressure="0"/>
        <Point X="488" Y="163" T="0" Pressure="0"/>
        <Point X="484" Y="167" T="0" Pressure="0"/>
        <Point X="480" Y="171" T="0" Pressure="0"/>
        <Point X="475" Y="176" T="0" Pressure="0"/>
        <Point X="465" Y="186" T="0" Pressure="0"/>
        <Point X="460" Y="192" T="0" Pressure="0"/>
        <Point X="454" Y="199" T="0" Pressure="0"/>
        <Point X="448" Y="205" T="0" Pressure="0"/>
        <Point X="442" Y="212" T="0" Pressure="0"/>
        <Point X="435" Y="220" T="0" Pressure="0"/>
        <Point X="422" Y="233" T="0" Pressure="0"/>
        <Point X="416" Y="241" T="0" Pressure="0"/>
        <Point X="410" Y="249" T="0" Pressure="0"/>
        <Point X="403" Y="256" T="0" Pressure="0"/>
        <Point X="396" Y="264" T="0" Pressure="0"/>
        <Point X="390" Y="270" T="0" Pressure="0"/>
        <Point X="384" Y="277" T="0" Pressure="0"/>
        <Point X="372" Y="290" T="0" Pressure="0"/>
        <Point X="366" Y="296" T="0" Pressure="0"/>
        <Point X="361" Y="303" T="0" Pressure="0"/>
        <Point X="355" Y="307" T="0" Pressure="0"/>
        <Point X="351" Y="312" T="0" Pressure="0"/>
        <Point X="332" Y="329" T="0" Pressure="0"/>
        <Point X="328" Y="332" T="0" Pressure="0"/>
        <Point X="325" Y="334" T="0" Pressure="0"/>
        <Point X="322" Y="337" T="0" Pressure="0"/>
        <Point X="320" Y="339" T="0" Pressure="0"/>
        <Point X="317" Y="341" T="0" Pressure="0"/>
        <Point X="314" Y="343" T="0" Pressure="0"/>
        <Point X="313" Y="344" T="0" Pressure="0"/>
        <Point X="310" Y="347" T="0" Pressure="0"/>
        <Point X="309" Y="348" T="0" Pressure="0"/>
        <Point X="309" Y="349" T="0" Pressure="0"/>
        <Point X="308" Y="350" T="0" Pressure="0"/>
        <Point X="308" Y="351" T="0" Pressure="0"/>
    </Stroke>
</Gesture>
