<?xml version="1.0" ?>
<Gesture Name="P~07" Subject="5" Number="7" NumPts="79" InputType="stylus" Speed="MEDIUM">
    <Stroke index="1">
        <Point X="339" Y="208" T="0" Pressure="0"/>
        <Point X="336" Y="207" T="0" Pressure="0"/>
        <Point X="336" Y="206" T="0" Pressure="0"/>
        <Point X="336" Y="207" T="0" Pressure="0"/>
        <Point X="336" Y="208" T="0" Pressure="0"/>
        <Point X="336" Y="210" T="0" Pressure="0"/>
        <Point X="336" Y="213" T="0" Pressure="0"/>
        <Point X="335" Y="217" T="0" Pressure="0"/>
        <Point X="335" Y="222" T="0" Pressure="0"/>
        <Point X="334" Y="228" T="0" Pressure="0"/>
        <Point X="333" Y="235" T="0" Pressure="0"/>
        <Point X="333" Y="243" T="0" Pressure="0"/>
        <Point X="332" Y="251" T="0" Pressure="0"/>
        <Point X="331" Y="258" T="0" Pressure="0"/>
        <Point X="330" Y="267" T="0" Pressure="0"/>
        <Point X="328" Y="276" T="0" Pressure="0"/>
        <Point X="328" Y="284" T="0" Pressure="0"/>
        <Point X="327" Y="294" T="0" Pressure="0"/>
        <Point X="325" Y="301" T="0" Pressure="0"/>
        <Point X="324" Y="309" T="0" Pressure="0"/>
        <Point X="324" Y="317" T="0" Pressure="0"/>
        <Point X="323" Y="324" T="0" Pressure="0"/>
        <Point X="323" Y="331" T="0" Pressure="0"/>
        <Point X="323" Y="338" T="0" Pressure="0"/>
        <Point X="323" Y="342" T="0" Pressure="0"/>
        <Point X="323" Y="347" T="0" Pressure="0"/>
        <Point X="323" Y="350" T="0" Pressure="0"/>
        <Point X="323" Y="353" T="0" Pressure="0"/>
        <Point X="323" Y="355" T="0" Pressure="0"/>
        <Point X="323" Y="357" T="0" Pressure="0"/>
        <Point X="324" Y="359" T="0" Pressure="0"/>
        <Point X="324" Y="360" T="0" Pressure="0"/>
        <Point X="324" Y="361" T="0" Pressure="0"/>
    </Stroke>
    <Stroke index="2">
        <Point X="333" Y="195" T="0" Pressure="0"/>
        <Point X="333" Y="192" T="0" Pressure="0"/>
        <Point X="333" Y="189" T="0" Pressure="0"/>
        <Point X="333" Y="186" T="0" Pressure="0"/>
        <Point X="334" Y="184" T="0" Pressure="0"/>
        <Point X="336" Y="182" T="0" Pressure="0"/>
        <Point X="337" Y="182" T="0" Pressure="0"/>
        <Point X="339" Y="181" T="0" Pressure="0"/>
        <Point X="340" Y="181" T="0" Pressure="0"/>
        <Point X="346" Y="183" T="0" Pressure="0"/>
        <Point X="349" Y="184" T="0" Pressure="0"/>
        <Point X="352" Y="185" T="0" Pressure="0"/>
        <Point X="355" Y="188" T="0" Pressure="0"/>
        <Point X="359" Y="189" T="0" Pressure="0"/>
        <Point X="363" Y="191" T="0" Pressure="0"/>
        <Point X="368" Y="194" T="0" Pressure="0"/>
        <Point X="373" Y="196" T="0" Pressure="0"/>
        <Point X="377" Y="199" T="0" Pressure="0"/>
        <Point X="385" Y="204" T="0" Pressure="0"/>
        <Point X="389" Y="206" T="0" Pressure="0"/>
        <Point X="399" Y="213" T="0" Pressure="0"/>
        <Point X="410" Y="226" T="0" Pressure="0"/>
        <Point X="411" Y="229" T="0" Pressure="0"/>
        <Point X="411" Y="233" T="0" Pressure="0"/>
        <Point X="411" Y="236" T="0" Pressure="0"/>
        <Point X="411" Y="239" T="0" Pressure="0"/>
        <Point X="411" Y="243" T="0" Pressure="0"/>
        <Point X="409" Y="245" T="0" Pressure="0"/>
        <Point X="407" Y="249" T="0" Pressure="0"/>
        <Point X="404" Y="251" T="0" Pressure="0"/>
        <Point X="402" Y="254" T="0" Pressure="0"/>
        <Point X="396" Y="257" T="0" Pressure="0"/>
        <Point X="392" Y="259" T="0" Pressure="0"/>
        <Point X="380" Y="264" T="0" Pressure="0"/>
        <Point X="375" Y="265" T="0" Pressure="0"/>
        <Point X="370" Y="266" T="0" Pressure="0"/>
        <Point X="361" Y="269" T="0" Pressure="0"/>
        <Point X="355" Y="270" T="0" Pressure="0"/>
        <Point X="351" Y="271" T="0" Pressure="0"/>
        <Point X="343" Y="274" T="0" Pressure="0"/>
        <Point X="339" Y="275" T="0" Pressure="0"/>
        <Point X="335" Y="276" T="0" Pressure="0"/>
        <Point X="328" Y="279" T="0" Pressure="0"/>
        <Point X="324" Y="280" T="0" Pressure="0"/>
        <Point X="321" Y="282" T="0" Pressure="0"/>
        <Point X="317" Y="286" T="0" Pressure="0"/>
    </Stroke>
</Gesture>
