<?xml version="1.0" ?>
<Gesture Name="line~03" Subject="5" Number="3" NumPts="33" InputType="stylus" Speed="MEDIUM">
    <Stroke index="1">
        <Point X="283" Y="368" T="0" Pressure="0"/>
        <Point X="283" Y="367" T="0" Pressure="0"/>
        <Point X="283" Y="365" T="0" Pressure="0"/>
        <Point X="284" Y="363" T="0" Pressure="0"/>
        <Point X="286" Y="363" T="0" Pressure="0"/>
        <Point X="289" Y="363" T="0" Pressure="0"/>
        <Point X="292" Y="362" T="0" Pressure="0"/>
        <Point X="296" Y="361" T="0" Pressure="0"/>
        <Point X="301" Y="361" T="0" Pressure="0"/>
        <Point X="306" Y="361" T="0" Pressure="0"/>
        <Point X="313" Y="360" T="0" Pressure="0"/>
        <Point X="320" Y="360" T="0" Pressure="0"/>
        <Point X="327" Y="359" T="0" Pressure="0"/>
        <Point X="336" Y="358" T="0" Pressure="0"/>
        <Point X="344" Y="358" T="0" Pressure="0"/>
        <Point X="354" Y="357" T="0" Pressure="0"/>
        <Point X="363" Y="356" T="0" Pressure="0"/>
        <Point X="373" Y="355" T="0" Pressure="0"/>
        <Point X="384" Y="355" T="0" Pressure="0"/>
        <Point X="393" Y="354" T="0" Pressure="0"/>
        <Point X="415" Y="353" T="0" Pressure="0"/>
        <Point X="423" Y="352" T="0" Pressure="0"/>
        <Point X="433" Y="352" T="0" Pressure="0"/>
        <Point X="449" Y="351" T="0" Pressure="0"/>
        <Point X="457" Y="351" T="0" Pressure="0"/>
        <Point X="466" Y="351" T="0" Pressure="0"/>
        <Point X="471" Y="351" T="0" Pressure="0"/>
        <Point X="478" Y="351" T="0" Pressure="0"/>
        <Point X="483" Y="351" T="0" Pressure="0"/>
        <Point X="489" Y="351" T="0" Pressure="0"/>
        <Point X="494" Y="351" T="0" Pressure="0"/>
        <Point X="498" Y="352" T="0" Pressure="0"/>
        <Point X="501" Y="352" T="0" Pressure="0"/>
    </Stroke>
</Gesture>
