<?xml version="1.0" ?>
<Gesture Name="arrowhead~05" Subject="5" Number="5" NumPts="66" InputType="stylus" Speed="MEDIUM">
    <Stroke index="1">
        <Point X="302" Y="305" T="0" Pressure="0"/>
        <Point X="301" Y="300" T="0" Pressure="0"/>
        <Point X="302" Y="297" T="0" Pressure="0"/>
        <Point X="303" Y="295" T="0" Pressure="0"/>
        <Point X="305" Y="293" T="0" Pressure="0"/>
        <Point X="308" Y="292" T="0" Pressure="0"/>
        <Point X="312" Y="291" T="0" Pressure="0"/>
        <Point X="327" Y="290" T="0" Pressure="0"/>
        <Point X="340" Y="289" T="0" Pressure="0"/>
        <Point X="349" Y="289" T="0" Pressure="0"/>
        <Point X="356" Y="289" T="0" Pressure="0"/>
        <Point X="371" Y="288" T="0" Pressure="0"/>
        <Point X="378" Y="288" T="0" Pressure="0"/>
        <Point X="386" Y="288" T="0" Pressure="0"/>
        <Point X="393" Y="289" T="0" Pressure="0"/>
        <Point X="400" Y="290" T="0" Pressure="0"/>
        <Point X="411" Y="291" T="0" Pressure="0"/>
        <Point X="417" Y="293" T="0" Pressure="0"/>
        <Point X="430" Y="295" T="0" Pressure="0"/>
    </Stroke>
    <Stroke index="2">
        <Point X="401" Y="221" T="0" Pressure="0"/>
        <Point X="400" Y="218" T="0" Pressure="0"/>
        <Point X="399" Y="215" T="0" Pressure="0"/>
        <Point X="399" Y="214" T="0" Pressure="0"/>
        <Point X="400" Y="214" T="0" Pressure="0"/>
        <Point X="402" Y="214" T="0" Pressure="0"/>
        <Point X="403" Y="215" T="0" Pressure="0"/>
        <Point X="406" Y="217" T="0" Pressure="0"/>
        <Point X="411" Y="221" T="0" Pressure="0"/>
        <Point X="415" Y="224" T="0" Pressure="0"/>
        <Point X="423" Y="230" T="0" Pressure="0"/>
        <Point X="427" Y="232" T="0" Pressure="0"/>
        <Point X="433" Y="236" T="0" Pressure="0"/>
        <Point X="444" Y="244" T="0" Pressure="0"/>
        <Point X="449" Y="248" T="0" Pressure="0"/>
        <Point X="454" Y="251" T="0" Pressure="0"/>
        <Point X="463" Y="259" T="0" Pressure="0"/>
        <Point X="467" Y="263" T="0" Pressure="0"/>
        <Point X="471" Y="266" T="0" Pressure="0"/>
        <Point X="474" Y="271" T="0" Pressure="0"/>
        <Point X="476" Y="274" T="0" Pressure="0"/>
        <Point X="478" Y="278" T="0" Pressure="0"/>
        <Point X="479" Y="281" T="0" Pressure="0"/>
        <Point X="481" Y="284" T="0" Pressure="0"/>
        <Point X="482" Y="288" T="0" Pressure="0"/>
        <Point X="483" Y="291" T="0" Pressure="0"/>
        <Point X="483" Y="294" T="0" Pressure="0"/>
        <Point X="482" Y="300" T="0" Pressure="0"/>
        <Point X="481" Y="303" T="0" Pressure="0"/>
        <Point X="479" Y="305" T="0" Pressure="0"/>
        <Point X="476" Y="308" T="0" Pressure="0"/>
        <Point X="473" Y="310" T="0" Pressure="0"/>
        <Point X="470" Y="313" T="0" Pressure="0"/>
        <Point X="465" Y="315" T="0" Pressure="0"/>
        <Point X="460" Y="319" T="0" Pressure="0"/>
        <Point X="455" Y="321" T="0" Pressure="0"/>
        <Point X="448" Y="324" T="0" Pressure="0"/>
        <Point X="442" Y="327" T="0" Pressure="0"/>
        <Point X="436" Y="329" T="0" Pressure="0"/>
        <Point X="430" Y="331" T="0" Pressure="0"/>
        <Point X="423" Y="334" T="0" Pressure="0"/>
        <Point X="417" Y="336" T="0" Pressure="0"/>
        <Point X="410" Y="339" T="0" Pressure="0"/>
        <Point X="404" Y="342" T="0" Pressure="0"/>
        <Point X="400" Y="344" T="0" Pressure="0"/>
        <Point X="395" Y="347" T="0" Pressure="0"/>
        <Point X="390" Y="350" T="0" Pressure="0"/>
    </Stroke>
</Gesture>
