<?xml version="1.0" ?>
<Gesture Name="six_point_star~03" Subject="5" Number="3" NumPts="235" InputType="stylus" Speed="MEDIUM">
    <Stroke index="1">
        <Point X="282" Y="323" T="0" Pressure="0"/>
        <Point X="279" Y="319" T="0" Pressure="0"/>
        <Point X="279" Y="316" T="0" Pressure="0"/>
        <Point X="279" Y="314" T="0" Pressure="0"/>
        <Point X="279" Y="312" T="0" Pressure="0"/>
        <Point X="279" Y="309" T="0" Pressure="0"/>
        <Point X="280" Y="305" T="0" Pressure="0"/>
        <Point X="282" Y="302" T="0" Pressure="0"/>
        <Point X="283" Y="299" T="0" Pressure="0"/>
        <Point X="284" Y="294" T="0" Pressure="0"/>
        <Point X="286" Y="290" T="0" Pressure="0"/>
        <Point X="287" Y="286" T="0" Pressure="0"/>
        <Point X="289" Y="281" T="0" Pressure="0"/>
        <Point X="291" Y="277" T="0" Pressure="0"/>
        <Point X="293" Y="272" T="0" Pressure="0"/>
        <Point X="295" Y="266" T="0" Pressure="0"/>
        <Point X="298" Y="260" T="0" Pressure="0"/>
        <Point X="301" Y="255" T="0" Pressure="0"/>
        <Point X="305" Y="249" T="0" Pressure="0"/>
        <Point X="310" Y="237" T="0" Pressure="0"/>
        <Point X="313" Y="231" T="0" Pressure="0"/>
        <Point X="317" Y="224" T="0" Pressure="0"/>
        <Point X="320" Y="219" T="0" Pressure="0"/>
        <Point X="323" Y="213" T="0" Pressure="0"/>
        <Point X="325" Y="207" T="0" Pressure="0"/>
        <Point X="328" Y="202" T="0" Pressure="0"/>
        <Point X="330" Y="196" T="0" Pressure="0"/>
        <Point X="333" Y="191" T="0" Pressure="0"/>
        <Point X="339" Y="179" T="0" Pressure="0"/>
        <Point X="342" Y="174" T="0" Pressure="0"/>
        <Point X="344" Y="170" T="0" Pressure="0"/>
        <Point X="347" Y="166" T="0" Pressure="0"/>
        <Point X="351" Y="160" T="0" Pressure="0"/>
        <Point X="353" Y="157" T="0" Pressure="0"/>
        <Point X="354" Y="155" T="0" Pressure="0"/>
        <Point X="358" Y="150" T="0" Pressure="0"/>
        <Point X="360" Y="149" T="0" Pressure="0"/>
        <Point X="361" Y="148" T="0" Pressure="0"/>
        <Point X="362" Y="147" T="0" Pressure="0"/>
        <Point X="365" Y="146" T="0" Pressure="0"/>
        <Point X="366" Y="145" T="0" Pressure="0"/>
        <Point X="367" Y="145" T="0" Pressure="0"/>
        <Point X="369" Y="146" T="0" Pressure="0"/>
        <Point X="370" Y="148" T="0" Pressure="0"/>
        <Point X="372" Y="150" T="0" Pressure="0"/>
        <Point X="373" Y="152" T="0" Pressure="0"/>
        <Point X="374" Y="157" T="0" Pressure="0"/>
        <Point X="375" Y="161" T="0" Pressure="0"/>
        <Point X="376" Y="165" T="0" Pressure="0"/>
        <Point X="377" Y="170" T="0" Pressure="0"/>
        <Point X="377" Y="175" T="0" Pressure="0"/>
        <Point X="378" Y="179" T="0" Pressure="0"/>
        <Point X="380" Y="184" T="0" Pressure="0"/>
        <Point X="381" Y="189" T="0" Pressure="0"/>
        <Point X="382" Y="195" T="0" Pressure="0"/>
        <Point X="386" Y="207" T="0" Pressure="0"/>
        <Point X="388" Y="213" T="0" Pressure="0"/>
        <Point X="391" Y="220" T="0" Pressure="0"/>
        <Point X="393" Y="226" T="0" Pressure="0"/>
        <Point X="396" Y="232" T="0" Pressure="0"/>
        <Point X="399" Y="238" T="0" Pressure="0"/>
        <Point X="402" Y="245" T="0" Pressure="0"/>
        <Point X="404" Y="251" T="0" Pressure="0"/>
        <Point X="407" Y="257" T="0" Pressure="0"/>
        <Point X="410" Y="263" T="0" Pressure="0"/>
        <Point X="413" Y="269" T="0" Pressure="0"/>
        <Point X="415" Y="274" T="0" Pressure="0"/>
        <Point X="418" Y="280" T="0" Pressure="0"/>
        <Point X="421" Y="284" T="0" Pressure="0"/>
        <Point X="422" Y="289" T="0" Pressure="0"/>
        <Point X="425" Y="294" T="0" Pressure="0"/>
        <Point X="426" Y="298" T="0" Pressure="0"/>
        <Point X="429" Y="302" T="0" Pressure="0"/>
        <Point X="430" Y="306" T="0" Pressure="0"/>
        <Point X="432" Y="309" T="0" Pressure="0"/>
        <Point X="433" Y="312" T="0" Pressure="0"/>
        <Point X="434" Y="314" T="0" Pressure="0"/>
        <Point X="437" Y="321" T="0" Pressure="0"/>
        <Point X="437" Y="322" T="0" Pressure="0"/>
        <Point X="438" Y="323" T="0" Pressure="0"/>
        <Point X="438" Y="324" T="0" Pressure="0"/>
        <Point X="438" Y="325" T="0" Pressure="0"/>
        <Point X="437" Y="326" T="0" Pressure="0"/>
        <Point X="436" Y="327" T="0" Pressure="0"/>
        <Point X="434" Y="327" T="0" Pressure="0"/>
        <Point X="433" Y="327" T="0" Pressure="0"/>
        <Point X="430" Y="328" T="0" Pressure="0"/>
        <Point X="428" Y="328" T="0" Pressure="0"/>
        <Point X="425" Y="328" T="0" Pressure="0"/>
        <Point X="422" Y="327" T="0" Pressure="0"/>
        <Point X="419" Y="327" T="0" Pressure="0"/>
        <Point X="415" Y="326" T="0" Pressure="0"/>
        <Point X="411" Y="326" T="0" Pressure="0"/>
        <Point X="407" Y="325" T="0" Pressure="0"/>
        <Point X="402" Y="323" T="0" Pressure="0"/>
        <Point X="398" Y="322" T="0" Pressure="0"/>
        <Point X="393" Y="321" T="0" Pressure="0"/>
        <Point X="388" Y="319" T="0" Pressure="0"/>
        <Point X="384" Y="318" T="0" Pressure="0"/>
        <Point X="373" Y="315" T="0" Pressure="0"/>
        <Point X="368" Y="314" T="0" Pressure="0"/>
        <Point X="354" Y="312" T="0" Pressure="0"/>
        <Point X="348" Y="311" T="0" Pressure="0"/>
        <Point X="343" Y="311" T="0" Pressure="0"/>
        <Point X="339" Y="310" T="0" Pressure="0"/>
        <Point X="335" Y="310" T="0" Pressure="0"/>
        <Point X="331" Y="310" T="0" Pressure="0"/>
        <Point X="327" Y="310" T="0" Pressure="0"/>
        <Point X="323" Y="310" T="0" Pressure="0"/>
        <Point X="315" Y="310" T="0" Pressure="0"/>
        <Point X="312" Y="311" T="0" Pressure="0"/>
        <Point X="306" Y="311" T="0" Pressure="0"/>
        <Point X="303" Y="312" T="0" Pressure="0"/>
        <Point X="301" Y="313" T="0" Pressure="0"/>
        <Point X="299" Y="313" T="0" Pressure="0"/>
        <Point X="295" Y="314" T="0" Pressure="0"/>
        <Point X="294" Y="315" T="0" Pressure="0"/>
        <Point X="293" Y="315" T="0" Pressure="0"/>
        <Point X="292" Y="316" T="0" Pressure="0"/>
        <Point X="291" Y="316" T="0" Pressure="0"/>
        <Point X="291" Y="317" T="0" Pressure="0"/>
        <Point X="290" Y="318" T="0" Pressure="0"/>
        <Point X="290" Y="319" T="0" Pressure="0"/>
    </Stroke>
    <Stroke index="2">
        <Point X="275" Y="200" T="0" Pressure="0"/>
        <Point X="272" Y="196" T="0" Pressure="0"/>
        <Point X="271" Y="194" T="0" Pressure="0"/>
        <Point X="268" Y="188" T="0" Pressure="0"/>
        <Point X="268" Y="186" T="0" Pressure="0"/>
        <Point X="268" Y="188" T="0" Pressure="0"/>
        <Point X="268" Y="189" T="0" Pressure="0"/>
        <Point X="269" Y="191" T="0" Pressure="0"/>
        <Point X="271" Y="194" T="0" Pressure="0"/>
        <Point X="272" Y="196" T="0" Pressure="0"/>
        <Point X="274" Y="200" T="0" Pressure="0"/>
        <Point X="275" Y="202" T="0" Pressure="0"/>
        <Point X="279" Y="209" T="0" Pressure="0"/>
        <Point X="282" Y="213" T="0" Pressure="0"/>
        <Point X="288" Y="222" T="0" Pressure="0"/>
        <Point X="291" Y="228" T="0" Pressure="0"/>
        <Point X="295" Y="233" T="0" Pressure="0"/>
        <Point X="302" Y="248" T="0" Pressure="0"/>
        <Point X="306" Y="255" T="0" Pressure="0"/>
        <Point X="309" Y="263" T="0" Pressure="0"/>
        <Point X="317" Y="282" T="0" Pressure="0"/>
        <Point X="320" Y="289" T="0" Pressure="0"/>
        <Point X="325" Y="303" T="0" Pressure="0"/>
        <Point X="328" Y="308" T="0" Pressure="0"/>
        <Point X="329" Y="314" T="0" Pressure="0"/>
        <Point X="332" Y="321" T="0" Pressure="0"/>
        <Point X="336" Y="332" T="0" Pressure="0"/>
        <Point X="338" Y="338" T="0" Pressure="0"/>
        <Point X="340" Y="343" T="0" Pressure="0"/>
        <Point X="343" Y="351" T="0" Pressure="0"/>
        <Point X="346" Y="354" T="0" Pressure="0"/>
        <Point X="347" Y="356" T="0" Pressure="0"/>
        <Point X="350" Y="359" T="0" Pressure="0"/>
        <Point X="351" Y="361" T="0" Pressure="0"/>
        <Point X="353" Y="363" T="0" Pressure="0"/>
        <Point X="354" Y="365" T="0" Pressure="0"/>
        <Point X="357" Y="366" T="0" Pressure="0"/>
        <Point X="358" Y="367" T="0" Pressure="0"/>
        <Point X="360" Y="368" T="0" Pressure="0"/>
        <Point X="362" Y="368" T="0" Pressure="0"/>
        <Point X="365" Y="368" T="0" Pressure="0"/>
        <Point X="366" Y="367" T="0" Pressure="0"/>
        <Point X="370" Y="363" T="0" Pressure="0"/>
        <Point X="372" Y="360" T="0" Pressure="0"/>
        <Point X="374" Y="357" T="0" Pressure="0"/>
        <Point X="379" Y="350" T="0" Pressure="0"/>
        <Point X="381" Y="346" T="0" Pressure="0"/>
        <Point X="384" Y="340" T="0" Pressure="0"/>
        <Point X="387" Y="336" T="0" Pressure="0"/>
        <Point X="389" Y="330" T="0" Pressure="0"/>
        <Point X="392" Y="326" T="0" Pressure="0"/>
        <Point X="395" Y="319" T="0" Pressure="0"/>
        <Point X="397" Y="313" T="0" Pressure="0"/>
        <Point X="401" Y="307" T="0" Pressure="0"/>
        <Point X="407" Y="295" T="0" Pressure="0"/>
        <Point X="410" Y="289" T="0" Pressure="0"/>
        <Point X="412" Y="283" T="0" Pressure="0"/>
        <Point X="418" Y="271" T="0" Pressure="0"/>
        <Point X="422" Y="266" T="0" Pressure="0"/>
        <Point X="427" Y="256" T="0" Pressure="0"/>
        <Point X="430" Y="251" T="0" Pressure="0"/>
        <Point X="433" Y="245" T="0" Pressure="0"/>
        <Point X="436" Y="240" T="0" Pressure="0"/>
        <Point X="438" Y="236" T="0" Pressure="0"/>
        <Point X="441" Y="232" T="0" Pressure="0"/>
        <Point X="444" Y="229" T="0" Pressure="0"/>
        <Point X="446" Y="226" T="0" Pressure="0"/>
        <Point X="448" Y="223" T="0" Pressure="0"/>
        <Point X="450" Y="220" T="0" Pressure="0"/>
        <Point X="452" Y="217" T="0" Pressure="0"/>
        <Point X="453" Y="215" T="0" Pressure="0"/>
        <Point X="454" Y="213" T="0" Pressure="0"/>
        <Point X="455" Y="211" T="0" Pressure="0"/>
        <Point X="455" Y="210" T="0" Pressure="0"/>
        <Point X="456" Y="208" T="0" Pressure="0"/>
        <Point X="454" Y="207" T="0" Pressure="0"/>
        <Point X="453" Y="206" T="0" Pressure="0"/>
        <Point X="452" Y="206" T="0" Pressure="0"/>
        <Point X="447" Y="206" T="0" Pressure="0"/>
        <Point X="444" Y="206" T="0" Pressure="0"/>
        <Point X="441" Y="206" T="0" Pressure="0"/>
        <Point X="432" Y="206" T="0" Pressure="0"/>
        <Point X="427" Y="206" T="0" Pressure="0"/>
        <Point X="422" Y="207" T="0" Pressure="0"/>
        <Point X="417" Y="207" T="0" Pressure="0"/>
        <Point X="411" Y="208" T="0" Pressure="0"/>
        <Point X="404" Y="209" T="0" Pressure="0"/>
        <Point X="397" Y="209" T="0" Pressure="0"/>
        <Point X="384" Y="209" T="0" Pressure="0"/>
        <Point X="378" Y="209" T="0" Pressure="0"/>
        <Point X="372" Y="209" T="0" Pressure="0"/>
        <Point X="358" Y="209" T="0" Pressure="0"/>
        <Point X="352" Y="209" T="0" Pressure="0"/>
        <Point X="346" Y="208" T="0" Pressure="0"/>
        <Point X="334" Y="206" T="0" Pressure="0"/>
        <Point X="328" Y="206" T="0" Pressure="0"/>
        <Point X="323" Y="205" T="0" Pressure="0"/>
        <Point X="313" Y="203" T="0" Pressure="0"/>
        <Point X="309" Y="203" T="0" Pressure="0"/>
        <Point X="304" Y="201" T="0" Pressure="0"/>
        <Point X="297" Y="200" T="0" Pressure="0"/>
        <Point X="294" Y="200" T="0" Pressure="0"/>
        <Point X="291" Y="199" T="0" Pressure="0"/>
        <Point X="287" Y="198" T="0" Pressure="0"/>
        <Point X="285" Y="198" T="0" Pressure="0"/>
        <Point X="283" Y="198" T="0" Pressure="0"/>
        <Point X="282" Y="198" T="0" Pressure="0"/>
        <Point X="280" Y="198" T="0" Pressure="0"/>
        <Point X="279" Y="199" T="0" Pressure="0"/>
        <Point X="278" Y="200" T="0" Pressure="0"/>
        <Point X="278" Y="201" T="0" Pressure="0"/>
        <Point X="277" Y="203" T="0" Pressure="0"/>
    </Stroke>
</Gesture>
