<?xml version="1.0" ?>
<Gesture Name="D~07" Subject="5" Number="7" NumPts="123" InputType="stylus" Speed="MEDIUM">
    <Stroke index="1">
        <Point X="351" Y="205" T="0" Pressure="0"/>
        <Point X="351" Y="206" T="0" Pressure="0"/>
        <Point X="350" Y="206" T="0" Pressure="0"/>
        <Point X="350" Y="207" T="0" Pressure="0"/>
        <Point X="350" Y="209" T="0" Pressure="0"/>
        <Point X="350" Y="210" T="0" Pressure="0"/>
        <Point X="350" Y="213" T="0" Pressure="0"/>
        <Point X="350" Y="216" T="0" Pressure="0"/>
        <Point X="350" Y="219" T="0" Pressure="0"/>
        <Point X="350" Y="222" T="0" Pressure="0"/>
        <Point X="350" Y="226" T="0" Pressure="0"/>
        <Point X="350" Y="230" T="0" Pressure="0"/>
        <Point X="350" Y="233" T="0" Pressure="0"/>
        <Point X="351" Y="241" T="0" Pressure="0"/>
        <Point X="351" Y="245" T="0" Pressure="0"/>
        <Point X="351" Y="249" T="0" Pressure="0"/>
        <Point X="351" Y="254" T="0" Pressure="0"/>
        <Point X="352" Y="257" T="0" Pressure="0"/>
        <Point X="352" Y="263" T="0" Pressure="0"/>
        <Point X="352" Y="266" T="0" Pressure="0"/>
        <Point X="353" Y="270" T="0" Pressure="0"/>
        <Point X="353" Y="274" T="0" Pressure="0"/>
        <Point X="353" Y="278" T="0" Pressure="0"/>
        <Point X="353" Y="282" T="0" Pressure="0"/>
        <Point X="353" Y="290" T="0" Pressure="0"/>
        <Point X="353" Y="294" T="0" Pressure="0"/>
        <Point X="353" Y="298" T="0" Pressure="0"/>
        <Point X="353" Y="301" T="0" Pressure="0"/>
        <Point X="352" Y="305" T="0" Pressure="0"/>
        <Point X="352" Y="308" T="0" Pressure="0"/>
        <Point X="351" Y="311" T="0" Pressure="0"/>
        <Point X="351" Y="314" T="0" Pressure="0"/>
        <Point X="351" Y="318" T="0" Pressure="0"/>
        <Point X="351" Y="320" T="0" Pressure="0"/>
        <Point X="351" Y="323" T="0" Pressure="0"/>
        <Point X="351" Y="326" T="0" Pressure="0"/>
        <Point X="350" Y="328" T="0" Pressure="0"/>
        <Point X="350" Y="330" T="0" Pressure="0"/>
        <Point X="350" Y="331" T="0" Pressure="0"/>
        <Point X="350" Y="333" T="0" Pressure="0"/>
        <Point X="350" Y="334" T="0" Pressure="0"/>
        <Point X="350" Y="336" T="0" Pressure="0"/>
        <Point X="350" Y="337" T="0" Pressure="0"/>
        <Point X="350" Y="338" T="0" Pressure="0"/>
        <Point X="350" Y="339" T="0" Pressure="0"/>
        <Point X="350" Y="340" T="0" Pressure="0"/>
        <Point X="350" Y="341" T="0" Pressure="0"/>
        <Point X="350" Y="340" T="0" Pressure="0"/>
        <Point X="350" Y="339" T="0" Pressure="0"/>
    </Stroke>
    <Stroke index="2">
        <Point X="357" Y="200" T="0" Pressure="0"/>
        <Point X="358" Y="200" T="0" Pressure="0"/>
        <Point X="359" Y="200" T="0" Pressure="0"/>
        <Point X="361" Y="200" T="0" Pressure="0"/>
        <Point X="362" Y="200" T="0" Pressure="0"/>
        <Point X="364" Y="200" T="0" Pressure="0"/>
        <Point X="366" Y="200" T="0" Pressure="0"/>
        <Point X="370" Y="201" T="0" Pressure="0"/>
        <Point X="372" Y="201" T="0" Pressure="0"/>
        <Point X="374" Y="202" T="0" Pressure="0"/>
        <Point X="377" Y="203" T="0" Pressure="0"/>
        <Point X="380" Y="204" T="0" Pressure="0"/>
        <Point X="382" Y="205" T="0" Pressure="0"/>
        <Point X="385" Y="206" T="0" Pressure="0"/>
        <Point X="388" Y="207" T="0" Pressure="0"/>
        <Point X="391" Y="208" T="0" Pressure="0"/>
        <Point X="395" Y="209" T="0" Pressure="0"/>
        <Point X="397" Y="211" T="0" Pressure="0"/>
        <Point X="403" Y="214" T="0" Pressure="0"/>
        <Point X="406" Y="216" T="0" Pressure="0"/>
        <Point X="408" Y="218" T="0" Pressure="0"/>
        <Point X="411" Y="220" T="0" Pressure="0"/>
        <Point X="414" Y="221" T="0" Pressure="0"/>
        <Point X="417" Y="224" T="0" Pressure="0"/>
        <Point X="420" Y="226" T="0" Pressure="0"/>
        <Point X="423" Y="228" T="0" Pressure="0"/>
        <Point X="426" Y="230" T="0" Pressure="0"/>
        <Point X="429" Y="232" T="0" Pressure="0"/>
        <Point X="432" Y="234" T="0" Pressure="0"/>
        <Point X="437" Y="239" T="0" Pressure="0"/>
        <Point X="439" Y="242" T="0" Pressure="0"/>
        <Point X="441" Y="245" T="0" Pressure="0"/>
        <Point X="445" Y="248" T="0" Pressure="0"/>
        <Point X="446" Y="251" T="0" Pressure="0"/>
        <Point X="448" Y="253" T="0" Pressure="0"/>
        <Point X="450" Y="256" T="0" Pressure="0"/>
        <Point X="453" Y="262" T="0" Pressure="0"/>
        <Point X="455" Y="265" T="0" Pressure="0"/>
        <Point X="456" Y="268" T="0" Pressure="0"/>
        <Point X="457" Y="270" T="0" Pressure="0"/>
        <Point X="459" Y="273" T="0" Pressure="0"/>
        <Point X="459" Y="276" T="0" Pressure="0"/>
        <Point X="460" Y="279" T="0" Pressure="0"/>
        <Point X="460" Y="285" T="0" Pressure="0"/>
        <Point X="460" Y="288" T="0" Pressure="0"/>
        <Point X="460" Y="291" T="0" Pressure="0"/>
        <Point X="460" Y="296" T="0" Pressure="0"/>
        <Point X="459" Y="300" T="0" Pressure="0"/>
        <Point X="458" Y="302" T="0" Pressure="0"/>
        <Point X="457" Y="305" T="0" Pressure="0"/>
        <Point X="453" Y="309" T="0" Pressure="0"/>
        <Point X="452" Y="311" T="0" Pressure="0"/>
        <Point X="449" Y="314" T="0" Pressure="0"/>
        <Point X="434" Y="323" T="0" Pressure="0"/>
        <Point X="430" Y="325" T="0" Pressure="0"/>
        <Point X="426" Y="327" T="0" Pressure="0"/>
        <Point X="421" Y="328" T="0" Pressure="0"/>
        <Point X="417" Y="329" T="0" Pressure="0"/>
        <Point X="411" Y="330" T="0" Pressure="0"/>
        <Point X="407" Y="331" T="0" Pressure="0"/>
        <Point X="396" Y="333" T="0" Pressure="0"/>
        <Point X="391" Y="334" T="0" Pressure="0"/>
        <Point X="387" Y="335" T="0" Pressure="0"/>
        <Point X="381" Y="335" T="0" Pressure="0"/>
        <Point X="369" Y="338" T="0" Pressure="0"/>
        <Point X="365" Y="338" T="0" Pressure="0"/>
        <Point X="362" Y="338" T="0" Pressure="0"/>
        <Point X="358" Y="338" T="0" Pressure="0"/>
        <Point X="355" Y="338" T="0" Pressure="0"/>
        <Point X="350" Y="338" T="0" Pressure="0"/>
        <Point X="348" Y="338" T="0" Pressure="0"/>
        <Point X="346" Y="338" T="0" Pressure="0"/>
        <Point X="343" Y="338" T="0" Pressure="0"/>
        <Point X="341" Y="338" T="0" Pressure="0"/>
    </Stroke>
</Gesture>
