<?xml version="1.0" ?>
<Gesture Name="H~07" Subject="5" Number="7" NumPts="143" InputType="stylus" Speed="MEDIUM">
    <Stroke index="1">
        <Point X="291" Y="116" T="0" Pressure="0"/>
        <Point X="290" Y="116" T="0" Pressure="0"/>
        <Point X="288" Y="116" T="0" Pressure="0"/>
        <Point X="287" Y="118" T="0" Pressure="0"/>
        <Point X="287" Y="119" T="0" Pressure="0"/>
        <Point X="287" Y="120" T="0" Pressure="0"/>
        <Point X="287" Y="123" T="0" Pressure="0"/>
        <Point X="288" Y="126" T="0" Pressure="0"/>
        <Point X="288" Y="130" T="0" Pressure="0"/>
        <Point X="290" Y="139" T="0" Pressure="0"/>
        <Point X="290" Y="145" T="0" Pressure="0"/>
        <Point X="290" Y="150" T="0" Pressure="0"/>
        <Point X="292" Y="162" T="0" Pressure="0"/>
        <Point X="293" Y="168" T="0" Pressure="0"/>
        <Point X="293" Y="174" T="0" Pressure="0"/>
        <Point X="294" Y="186" T="0" Pressure="0"/>
        <Point X="294" Y="192" T="0" Pressure="0"/>
        <Point X="294" Y="200" T="0" Pressure="0"/>
        <Point X="294" Y="211" T="0" Pressure="0"/>
        <Point X="294" Y="218" T="0" Pressure="0"/>
        <Point X="294" Y="224" T="0" Pressure="0"/>
        <Point X="293" Y="236" T="0" Pressure="0"/>
        <Point X="293" Y="243" T="0" Pressure="0"/>
        <Point X="292" Y="249" T="0" Pressure="0"/>
        <Point X="291" Y="261" T="0" Pressure="0"/>
        <Point X="290" Y="267" T="0" Pressure="0"/>
        <Point X="290" Y="274" T="0" Pressure="0"/>
        <Point X="289" Y="283" T="0" Pressure="0"/>
        <Point X="288" Y="288" T="0" Pressure="0"/>
        <Point X="288" Y="294" T="0" Pressure="0"/>
        <Point X="287" Y="303" T="0" Pressure="0"/>
        <Point X="286" Y="307" T="0" Pressure="0"/>
        <Point X="286" Y="310" T="0" Pressure="0"/>
        <Point X="285" Y="318" T="0" Pressure="0"/>
        <Point X="284" Y="320" T="0" Pressure="0"/>
        <Point X="284" Y="324" T="0" Pressure="0"/>
        <Point X="284" Y="326" T="0" Pressure="0"/>
        <Point X="284" Y="328" T="0" Pressure="0"/>
        <Point X="284" Y="330" T="0" Pressure="0"/>
        <Point X="284" Y="331" T="0" Pressure="0"/>
        <Point X="285" Y="333" T="0" Pressure="0"/>
        <Point X="286" Y="334" T="0" Pressure="0"/>
        <Point X="287" Y="335" T="0" Pressure="0"/>
        <Point X="288" Y="335" T="0" Pressure="0"/>
        <Point X="289" Y="334" T="0" Pressure="0"/>
        <Point X="290" Y="333" T="0" Pressure="0"/>
    </Stroke>
    <Stroke index="2">
        <Point X="295" Y="239" T="0" Pressure="0"/>
        <Point X="295" Y="238" T="0" Pressure="0"/>
        <Point X="295" Y="235" T="0" Pressure="0"/>
        <Point X="295" Y="234" T="0" Pressure="0"/>
        <Point X="297" Y="233" T="0" Pressure="0"/>
        <Point X="297" Y="232" T="0" Pressure="0"/>
        <Point X="299" Y="232" T="0" Pressure="0"/>
        <Point X="301" Y="232" T="0" Pressure="0"/>
        <Point X="303" Y="232" T="0" Pressure="0"/>
        <Point X="305" Y="232" T="0" Pressure="0"/>
        <Point X="308" Y="232" T="0" Pressure="0"/>
        <Point X="311" Y="232" T="0" Pressure="0"/>
        <Point X="314" Y="232" T="0" Pressure="0"/>
        <Point X="317" Y="232" T="0" Pressure="0"/>
        <Point X="321" Y="232" T="0" Pressure="0"/>
        <Point X="325" Y="231" T="0" Pressure="0"/>
        <Point X="329" Y="231" T="0" Pressure="0"/>
        <Point X="334" Y="231" T="0" Pressure="0"/>
        <Point X="339" Y="230" T="0" Pressure="0"/>
        <Point X="343" Y="229" T="0" Pressure="0"/>
        <Point X="349" Y="228" T="0" Pressure="0"/>
        <Point X="354" Y="227" T="0" Pressure="0"/>
        <Point X="359" Y="226" T="0" Pressure="0"/>
        <Point X="365" Y="225" T="0" Pressure="0"/>
        <Point X="369" Y="224" T="0" Pressure="0"/>
        <Point X="374" Y="223" T="0" Pressure="0"/>
        <Point X="384" Y="221" T="0" Pressure="0"/>
        <Point X="389" Y="220" T="0" Pressure="0"/>
        <Point X="393" Y="219" T="0" Pressure="0"/>
        <Point X="397" Y="218" T="0" Pressure="0"/>
        <Point X="401" Y="218" T="0" Pressure="0"/>
        <Point X="404" Y="216" T="0" Pressure="0"/>
        <Point X="408" Y="216" T="0" Pressure="0"/>
        <Point X="411" Y="215" T="0" Pressure="0"/>
        <Point X="414" Y="214" T="0" Pressure="0"/>
        <Point X="416" Y="214" T="0" Pressure="0"/>
        <Point X="418" Y="213" T="0" Pressure="0"/>
        <Point X="422" Y="212" T="0" Pressure="0"/>
        <Point X="424" Y="211" T="0" Pressure="0"/>
        <Point X="425" Y="210" T="0" Pressure="0"/>
    </Stroke>
    <Stroke index="3">
        <Point X="432" Y="112" T="0" Pressure="0"/>
        <Point X="431" Y="109" T="0" Pressure="0"/>
        <Point X="431" Y="108" T="0" Pressure="0"/>
        <Point X="430" Y="107" T="0" Pressure="0"/>
        <Point X="430" Y="106" T="0" Pressure="0"/>
        <Point X="431" Y="106" T="0" Pressure="0"/>
        <Point X="431" Y="107" T="0" Pressure="0"/>
        <Point X="432" Y="108" T="0" Pressure="0"/>
        <Point X="432" Y="109" T="0" Pressure="0"/>
        <Point X="432" Y="111" T="0" Pressure="0"/>
        <Point X="432" Y="113" T="0" Pressure="0"/>
        <Point X="432" Y="115" T="0" Pressure="0"/>
        <Point X="432" Y="120" T="0" Pressure="0"/>
        <Point X="433" Y="123" T="0" Pressure="0"/>
        <Point X="433" Y="126" T="0" Pressure="0"/>
        <Point X="433" Y="129" T="0" Pressure="0"/>
        <Point X="433" Y="132" T="0" Pressure="0"/>
        <Point X="433" Y="136" T="0" Pressure="0"/>
        <Point X="433" Y="141" T="0" Pressure="0"/>
        <Point X="433" Y="146" T="0" Pressure="0"/>
        <Point X="433" Y="153" T="0" Pressure="0"/>
        <Point X="433" Y="158" T="0" Pressure="0"/>
        <Point X="433" Y="164" T="0" Pressure="0"/>
        <Point X="432" Y="184" T="0" Pressure="0"/>
        <Point X="432" Y="192" T="0" Pressure="0"/>
        <Point X="432" Y="198" T="0" Pressure="0"/>
        <Point X="431" Y="205" T="0" Pressure="0"/>
        <Point X="431" Y="211" T="0" Pressure="0"/>
        <Point X="430" Y="219" T="0" Pressure="0"/>
        <Point X="430" Y="226" T="0" Pressure="0"/>
        <Point X="430" Y="233" T="0" Pressure="0"/>
        <Point X="430" Y="239" T="0" Pressure="0"/>
        <Point X="429" Y="246" T="0" Pressure="0"/>
        <Point X="429" Y="254" T="0" Pressure="0"/>
        <Point X="427" Y="267" T="0" Pressure="0"/>
        <Point X="427" Y="275" T="0" Pressure="0"/>
        <Point X="426" Y="286" T="0" Pressure="0"/>
        <Point X="426" Y="292" T="0" Pressure="0"/>
        <Point X="426" Y="298" T="0" Pressure="0"/>
        <Point X="425" Y="307" T="0" Pressure="0"/>
        <Point X="425" Y="311" T="0" Pressure="0"/>
        <Point X="425" Y="315" T="0" Pressure="0"/>
        <Point X="425" Y="323" T="0" Pressure="0"/>
        <Point X="425" Y="326" T="0" Pressure="0"/>
        <Point X="425" Y="329" T="0" Pressure="0"/>
        <Point X="425" Y="332" T="0" Pressure="0"/>
        <Point X="426" Y="334" T="0" Pressure="0"/>
        <Point X="426" Y="335" T="0" Pressure="0"/>
        <Point X="426" Y="337" T="0" Pressure="0"/>
        <Point X="427" Y="338" T="0" Pressure="0"/>
        <Point X="428" Y="338" T="0" Pressure="0"/>
        <Point X="430" Y="339" T="0" Pressure="0"/>
        <Point X="432" Y="339" T="0" Pressure="0"/>
        <Point X="433" Y="339" T="0" Pressure="0"/>
        <Point X="434" Y="338" T="0" Pressure="0"/>
        <Point X="435" Y="338" T="0" Pressure="0"/>
        <Point X="437" Y="336" T="0" Pressure="0"/>
    </Stroke>
</Gesture>
