<?xml version="1.0" ?>
<Gesture Name="P~06" Subject="5" Number="6" NumPts="78" InputType="stylus" Speed="MEDIUM">
    <Stroke index="1">
        <Point X="364" Y="244" T="0" Pressure="0"/>
        <Point X="364" Y="240" T="0" Pressure="0"/>
        <Point X="363" Y="233" T="0" Pressure="0"/>
        <Point X="364" Y="231" T="0" Pressure="0"/>
        <Point X="365" Y="229" T="0" Pressure="0"/>
        <Point X="365" Y="228" T="0" Pressure="0"/>
        <Point X="366" Y="228" T="0" Pressure="0"/>
        <Point X="366" Y="230" T="0" Pressure="0"/>
        <Point X="366" Y="231" T="0" Pressure="0"/>
        <Point X="367" Y="234" T="0" Pressure="0"/>
        <Point X="367" Y="240" T="0" Pressure="0"/>
        <Point X="367" Y="244" T="0" Pressure="0"/>
        <Point X="367" Y="249" T="0" Pressure="0"/>
        <Point X="366" Y="260" T="0" Pressure="0"/>
        <Point X="365" Y="265" T="0" Pressure="0"/>
        <Point X="364" Y="272" T="0" Pressure="0"/>
        <Point X="362" Y="288" T="0" Pressure="0"/>
        <Point X="360" Y="298" T="0" Pressure="0"/>
        <Point X="358" Y="308" T="0" Pressure="0"/>
        <Point X="355" Y="326" T="0" Pressure="0"/>
        <Point X="354" Y="334" T="0" Pressure="0"/>
        <Point X="353" Y="342" T="0" Pressure="0"/>
        <Point X="350" Y="354" T="0" Pressure="0"/>
        <Point X="349" Y="358" T="0" Pressure="0"/>
        <Point X="348" Y="363" T="0" Pressure="0"/>
        <Point X="347" Y="369" T="0" Pressure="0"/>
        <Point X="346" Y="373" T="0" Pressure="0"/>
        <Point X="344" Y="376" T="0" Pressure="0"/>
        <Point X="343" Y="380" T="0" Pressure="0"/>
        <Point X="343" Y="381" T="0" Pressure="0"/>
        <Point X="342" Y="382" T="0" Pressure="0"/>
        <Point X="340" Y="383" T="0" Pressure="0"/>
    </Stroke>
    <Stroke index="2">
        <Point X="361" Y="228" T="0" Pressure="0"/>
        <Point X="362" Y="225" T="0" Pressure="0"/>
        <Point X="362" Y="220" T="0" Pressure="0"/>
        <Point X="365" Y="218" T="0" Pressure="0"/>
        <Point X="367" Y="215" T="0" Pressure="0"/>
        <Point X="369" Y="213" T="0" Pressure="0"/>
        <Point X="373" Y="212" T="0" Pressure="0"/>
        <Point X="376" Y="211" T="0" Pressure="0"/>
        <Point X="379" Y="210" T="0" Pressure="0"/>
        <Point X="382" Y="210" T="0" Pressure="0"/>
        <Point X="386" Y="210" T="0" Pressure="0"/>
        <Point X="390" Y="210" T="0" Pressure="0"/>
        <Point X="395" Y="211" T="0" Pressure="0"/>
        <Point X="400" Y="212" T="0" Pressure="0"/>
        <Point X="405" Y="213" T="0" Pressure="0"/>
        <Point X="410" Y="214" T="0" Pressure="0"/>
        <Point X="415" Y="216" T="0" Pressure="0"/>
        <Point X="419" Y="219" T="0" Pressure="0"/>
        <Point X="424" Y="221" T="0" Pressure="0"/>
        <Point X="428" Y="224" T="0" Pressure="0"/>
        <Point X="432" Y="226" T="0" Pressure="0"/>
        <Point X="434" Y="230" T="0" Pressure="0"/>
        <Point X="438" Y="239" T="0" Pressure="0"/>
        <Point X="439" Y="244" T="0" Pressure="0"/>
        <Point X="439" Y="247" T="0" Pressure="0"/>
        <Point X="439" Y="251" T="0" Pressure="0"/>
        <Point X="438" Y="255" T="0" Pressure="0"/>
        <Point X="437" Y="258" T="0" Pressure="0"/>
        <Point X="434" Y="262" T="0" Pressure="0"/>
        <Point X="429" Y="269" T="0" Pressure="0"/>
        <Point X="425" Y="273" T="0" Pressure="0"/>
        <Point X="422" Y="276" T="0" Pressure="0"/>
        <Point X="418" Y="279" T="0" Pressure="0"/>
        <Point X="408" Y="284" T="0" Pressure="0"/>
        <Point X="403" Y="287" T="0" Pressure="0"/>
        <Point X="397" Y="290" T="0" Pressure="0"/>
        <Point X="392" Y="292" T="0" Pressure="0"/>
        <Point X="387" Y="294" T="0" Pressure="0"/>
        <Point X="382" Y="296" T="0" Pressure="0"/>
        <Point X="371" Y="300" T="0" Pressure="0"/>
        <Point X="366" Y="302" T="0" Pressure="0"/>
        <Point X="362" Y="303" T="0" Pressure="0"/>
        <Point X="355" Y="305" T="0" Pressure="0"/>
        <Point X="352" Y="305" T="0" Pressure="0"/>
        <Point X="349" Y="306" T="0" Pressure="0"/>
        <Point X="343" Y="307" T="0" Pressure="0"/>
    </Stroke>
</Gesture>
