<?xml version="1.0" ?>
<Gesture Name="five_point_star~05" Subject="5" Number="5" NumPts="200" InputType="stylus" Speed="MEDIUM">
    <Stroke index="1">
        <Point X="310" Y="369" T="0" Pressure="0"/>
        <Point X="309" Y="365" T="0" Pressure="0"/>
        <Point X="308" Y="364" T="0" Pressure="0"/>
        <Point X="308" Y="363" T="0" Pressure="0"/>
        <Point X="308" Y="360" T="0" Pressure="0"/>
        <Point X="308" Y="358" T="0" Pressure="0"/>
        <Point X="308" Y="356" T="0" Pressure="0"/>
        <Point X="308" Y="354" T="0" Pressure="0"/>
        <Point X="309" Y="349" T="0" Pressure="0"/>
        <Point X="312" Y="342" T="0" Pressure="0"/>
        <Point X="313" Y="338" T="0" Pressure="0"/>
        <Point X="314" Y="334" T="0" Pressure="0"/>
        <Point X="316" Y="330" T="0" Pressure="0"/>
        <Point X="318" Y="326" T="0" Pressure="0"/>
        <Point X="320" Y="321" T="0" Pressure="0"/>
        <Point X="321" Y="316" T="0" Pressure="0"/>
        <Point X="324" Y="311" T="0" Pressure="0"/>
        <Point X="326" Y="305" T="0" Pressure="0"/>
        <Point X="328" Y="300" T="0" Pressure="0"/>
        <Point X="329" Y="294" T="0" Pressure="0"/>
        <Point X="332" Y="287" T="0" Pressure="0"/>
        <Point X="334" Y="280" T="0" Pressure="0"/>
        <Point X="336" Y="274" T="0" Pressure="0"/>
        <Point X="339" Y="266" T="0" Pressure="0"/>
        <Point X="340" Y="260" T="0" Pressure="0"/>
        <Point X="343" Y="253" T="0" Pressure="0"/>
        <Point X="346" Y="246" T="0" Pressure="0"/>
        <Point X="347" Y="239" T="0" Pressure="0"/>
        <Point X="350" Y="232" T="0" Pressure="0"/>
        <Point X="353" Y="226" T="0" Pressure="0"/>
        <Point X="357" Y="214" T="0" Pressure="0"/>
        <Point X="359" Y="208" T="0" Pressure="0"/>
        <Point X="361" Y="203" T="0" Pressure="0"/>
        <Point X="363" Y="198" T="0" Pressure="0"/>
        <Point X="366" Y="193" T="0" Pressure="0"/>
        <Point X="367" Y="189" T="0" Pressure="0"/>
        <Point X="370" Y="185" T="0" Pressure="0"/>
        <Point X="374" Y="178" T="0" Pressure="0"/>
        <Point X="377" Y="174" T="0" Pressure="0"/>
        <Point X="380" Y="170" T="0" Pressure="0"/>
        <Point X="381" Y="168" T="0" Pressure="0"/>
        <Point X="384" Y="165" T="0" Pressure="0"/>
        <Point X="385" Y="164" T="0" Pressure="0"/>
        <Point X="388" Y="161" T="0" Pressure="0"/>
        <Point X="392" Y="159" T="0" Pressure="0"/>
        <Point X="394" Y="158" T="0" Pressure="0"/>
        <Point X="396" Y="158" T="0" Pressure="0"/>
        <Point X="399" Y="159" T="0" Pressure="0"/>
        <Point X="400" Y="160" T="0" Pressure="0"/>
        <Point X="402" Y="161" T="0" Pressure="0"/>
        <Point X="404" Y="166" T="0" Pressure="0"/>
        <Point X="406" Y="169" T="0" Pressure="0"/>
        <Point X="407" Y="173" T="0" Pressure="0"/>
        <Point X="410" Y="181" T="0" Pressure="0"/>
        <Point X="411" Y="185" T="0" Pressure="0"/>
        <Point X="412" Y="190" T="0" Pressure="0"/>
        <Point X="413" Y="195" T="0" Pressure="0"/>
        <Point X="415" Y="201" T="0" Pressure="0"/>
        <Point X="415" Y="206" T="0" Pressure="0"/>
        <Point X="417" Y="213" T="0" Pressure="0"/>
        <Point X="418" Y="219" T="0" Pressure="0"/>
        <Point X="419" Y="226" T="0" Pressure="0"/>
        <Point X="421" Y="232" T="0" Pressure="0"/>
        <Point X="422" Y="239" T="0" Pressure="0"/>
        <Point X="425" Y="247" T="0" Pressure="0"/>
        <Point X="426" Y="256" T="0" Pressure="0"/>
        <Point X="427" Y="263" T="0" Pressure="0"/>
        <Point X="429" Y="270" T="0" Pressure="0"/>
        <Point X="431" Y="277" T="0" Pressure="0"/>
        <Point X="433" Y="284" T="0" Pressure="0"/>
        <Point X="434" Y="292" T="0" Pressure="0"/>
        <Point X="436" Y="300" T="0" Pressure="0"/>
        <Point X="437" Y="306" T="0" Pressure="0"/>
        <Point X="438" Y="312" T="0" Pressure="0"/>
        <Point X="440" Y="318" T="0" Pressure="0"/>
        <Point X="441" Y="324" T="0" Pressure="0"/>
        <Point X="444" Y="335" T="0" Pressure="0"/>
        <Point X="445" Y="339" T="0" Pressure="0"/>
        <Point X="445" Y="344" T="0" Pressure="0"/>
        <Point X="446" Y="352" T="0" Pressure="0"/>
        <Point X="447" Y="355" T="0" Pressure="0"/>
        <Point X="448" Y="359" T="0" Pressure="0"/>
        <Point X="448" Y="363" T="0" Pressure="0"/>
        <Point X="448" Y="365" T="0" Pressure="0"/>
        <Point X="448" Y="368" T="0" Pressure="0"/>
        <Point X="448" Y="370" T="0" Pressure="0"/>
        <Point X="448" Y="372" T="0" Pressure="0"/>
        <Point X="447" Y="374" T="0" Pressure="0"/>
        <Point X="446" Y="376" T="0" Pressure="0"/>
        <Point X="445" Y="377" T="0" Pressure="0"/>
        <Point X="445" Y="378" T="0" Pressure="0"/>
        <Point X="444" Y="379" T="0" Pressure="0"/>
        <Point X="442" Y="379" T="0" Pressure="0"/>
        <Point X="440" Y="380" T="0" Pressure="0"/>
        <Point X="438" Y="380" T="0" Pressure="0"/>
        <Point X="436" Y="380" T="0" Pressure="0"/>
        <Point X="433" Y="380" T="0" Pressure="0"/>
        <Point X="430" Y="379" T="0" Pressure="0"/>
        <Point X="427" Y="378" T="0" Pressure="0"/>
        <Point X="424" Y="377" T="0" Pressure="0"/>
        <Point X="421" Y="376" T="0" Pressure="0"/>
        <Point X="417" Y="374" T="0" Pressure="0"/>
        <Point X="409" Y="369" T="0" Pressure="0"/>
        <Point X="404" Y="367" T="0" Pressure="0"/>
        <Point X="400" Y="364" T="0" Pressure="0"/>
        <Point X="396" Y="361" T="0" Pressure="0"/>
        <Point X="391" Y="358" T="0" Pressure="0"/>
        <Point X="385" Y="355" T="0" Pressure="0"/>
        <Point X="370" Y="346" T="0" Pressure="0"/>
        <Point X="365" Y="343" T="0" Pressure="0"/>
        <Point X="361" Y="340" T="0" Pressure="0"/>
        <Point X="355" Y="337" T="0" Pressure="0"/>
        <Point X="351" Y="333" T="0" Pressure="0"/>
        <Point X="346" Y="330" T="0" Pressure="0"/>
        <Point X="341" Y="328" T="0" Pressure="0"/>
        <Point X="332" Y="322" T="0" Pressure="0"/>
        <Point X="328" Y="319" T="0" Pressure="0"/>
        <Point X="324" Y="317" T="0" Pressure="0"/>
        <Point X="320" Y="314" T="0" Pressure="0"/>
        <Point X="316" Y="312" T="0" Pressure="0"/>
        <Point X="309" Y="308" T="0" Pressure="0"/>
        <Point X="305" Y="306" T="0" Pressure="0"/>
        <Point X="302" Y="304" T="0" Pressure="0"/>
        <Point X="300" Y="302" T="0" Pressure="0"/>
        <Point X="297" Y="300" T="0" Pressure="0"/>
        <Point X="295" Y="299" T="0" Pressure="0"/>
        <Point X="294" Y="297" T="0" Pressure="0"/>
        <Point X="293" Y="295" T="0" Pressure="0"/>
        <Point X="291" Y="294" T="0" Pressure="0"/>
        <Point X="291" Y="292" T="0" Pressure="0"/>
        <Point X="291" Y="290" T="0" Pressure="0"/>
        <Point X="291" Y="288" T="0" Pressure="0"/>
        <Point X="291" Y="286" T="0" Pressure="0"/>
        <Point X="294" Y="282" T="0" Pressure="0"/>
        <Point X="297" Y="280" T="0" Pressure="0"/>
        <Point X="299" Y="278" T="0" Pressure="0"/>
        <Point X="305" Y="274" T="0" Pressure="0"/>
        <Point X="309" Y="271" T="0" Pressure="0"/>
        <Point X="313" Y="269" T="0" Pressure="0"/>
        <Point X="324" Y="264" T="0" Pressure="0"/>
        <Point X="329" Y="261" T="0" Pressure="0"/>
        <Point X="335" Y="259" T="0" Pressure="0"/>
        <Point X="347" Y="254" T="0" Pressure="0"/>
        <Point X="354" Y="251" T="0" Pressure="0"/>
        <Point X="362" Y="248" T="0" Pressure="0"/>
        <Point X="377" Y="243" T="0" Pressure="0"/>
        <Point X="384" Y="240" T="0" Pressure="0"/>
        <Point X="392" Y="238" T="0" Pressure="0"/>
        <Point X="408" Y="233" T="0" Pressure="0"/>
        <Point X="415" Y="231" T="0" Pressure="0"/>
        <Point X="421" Y="230" T="0" Pressure="0"/>
        <Point X="434" Y="227" T="0" Pressure="0"/>
        <Point X="441" Y="226" T="0" Pressure="0"/>
        <Point X="446" Y="225" T="0" Pressure="0"/>
        <Point X="456" Y="224" T="0" Pressure="0"/>
        <Point X="461" Y="224" T="0" Pressure="0"/>
        <Point X="465" Y="224" T="0" Pressure="0"/>
        <Point X="472" Y="224" T="0" Pressure="0"/>
        <Point X="475" Y="224" T="0" Pressure="0"/>
        <Point X="477" Y="224" T="0" Pressure="0"/>
        <Point X="481" Y="226" T="0" Pressure="0"/>
        <Point X="482" Y="227" T="0" Pressure="0"/>
        <Point X="482" Y="228" T="0" Pressure="0"/>
        <Point X="482" Y="231" T="0" Pressure="0"/>
        <Point X="482" Y="233" T="0" Pressure="0"/>
        <Point X="482" Y="235" T="0" Pressure="0"/>
        <Point X="479" Y="241" T="0" Pressure="0"/>
        <Point X="477" Y="245" T="0" Pressure="0"/>
        <Point X="475" Y="248" T="0" Pressure="0"/>
        <Point X="469" Y="255" T="0" Pressure="0"/>
        <Point X="465" Y="258" T="0" Pressure="0"/>
        <Point X="461" Y="263" T="0" Pressure="0"/>
        <Point X="452" Y="271" T="0" Pressure="0"/>
        <Point X="446" Y="275" T="0" Pressure="0"/>
        <Point X="441" Y="280" T="0" Pressure="0"/>
        <Point X="430" Y="288" T="0" Pressure="0"/>
        <Point X="422" Y="293" T="0" Pressure="0"/>
        <Point X="416" Y="297" T="0" Pressure="0"/>
        <Point X="403" Y="306" T="0" Pressure="0"/>
        <Point X="395" Y="310" T="0" Pressure="0"/>
        <Point X="388" Y="315" T="0" Pressure="0"/>
        <Point X="373" Y="324" T="0" Pressure="0"/>
        <Point X="367" Y="328" T="0" Pressure="0"/>
        <Point X="361" Y="331" T="0" Pressure="0"/>
        <Point X="348" Y="338" T="0" Pressure="0"/>
        <Point X="342" Y="342" T="0" Pressure="0"/>
        <Point X="327" Y="350" T="0" Pressure="0"/>
        <Point X="323" Y="352" T="0" Pressure="0"/>
        <Point X="318" Y="355" T="0" Pressure="0"/>
        <Point X="311" Y="358" T="0" Pressure="0"/>
        <Point X="308" Y="360" T="0" Pressure="0"/>
        <Point X="305" Y="361" T="0" Pressure="0"/>
        <Point X="302" Y="363" T="0" Pressure="0"/>
        <Point X="301" Y="364" T="0" Pressure="0"/>
        <Point X="300" Y="364" T="0" Pressure="0"/>
        <Point X="299" Y="365" T="0" Pressure="0"/>
        <Point X="300" Y="366" T="0" Pressure="0"/>
        <Point X="301" Y="366" T="0" Pressure="0"/>
        <Point X="302" Y="366" T="0" Pressure="0"/>
        <Point X="303" Y="365" T="0" Pressure="0"/>
    </Stroke>
</Gesture>
