<?xml version="1.0" ?>
<Gesture Name="half_note~05" Subject="5" Number="5" NumPts="146" InputType="stylus" Speed="MEDIUM">
    <Stroke index="1">
        <Point X="438" Y="101" T="0" Pressure="0"/>
        <Point X="437" Y="103" T="0" Pressure="0"/>
        <Point X="437" Y="104" T="0" Pressure="0"/>
        <Point X="436" Y="104" T="0" Pressure="0"/>
        <Point X="436" Y="105" T="0" Pressure="0"/>
        <Point X="436" Y="106" T="0" Pressure="0"/>
        <Point X="436" Y="107" T="0" Pressure="0"/>
        <Point X="436" Y="109" T="0" Pressure="0"/>
        <Point X="436" Y="113" T="0" Pressure="0"/>
        <Point X="436" Y="115" T="0" Pressure="0"/>
        <Point X="436" Y="120" T="0" Pressure="0"/>
        <Point X="436" Y="124" T="0" Pressure="0"/>
        <Point X="435" Y="129" T="0" Pressure="0"/>
        <Point X="435" Y="133" T="0" Pressure="0"/>
        <Point X="435" Y="139" T="0" Pressure="0"/>
        <Point X="435" Y="144" T="0" Pressure="0"/>
        <Point X="435" Y="155" T="0" Pressure="0"/>
        <Point X="436" Y="160" T="0" Pressure="0"/>
        <Point X="436" Y="166" T="0" Pressure="0"/>
        <Point X="436" Y="171" T="0" Pressure="0"/>
        <Point X="436" Y="177" T="0" Pressure="0"/>
        <Point X="436" Y="182" T="0" Pressure="0"/>
        <Point X="436" Y="188" T="0" Pressure="0"/>
        <Point X="436" Y="200" T="0" Pressure="0"/>
        <Point X="436" Y="205" T="0" Pressure="0"/>
        <Point X="437" Y="210" T="0" Pressure="0"/>
        <Point X="437" Y="220" T="0" Pressure="0"/>
        <Point X="437" Y="226" T="0" Pressure="0"/>
        <Point X="437" Y="232" T="0" Pressure="0"/>
        <Point X="436" Y="237" T="0" Pressure="0"/>
        <Point X="436" Y="248" T="0" Pressure="0"/>
        <Point X="436" Y="253" T="0" Pressure="0"/>
        <Point X="436" Y="257" T="0" Pressure="0"/>
        <Point X="436" Y="263" T="0" Pressure="0"/>
        <Point X="435" Y="267" T="0" Pressure="0"/>
        <Point X="435" Y="271" T="0" Pressure="0"/>
        <Point X="435" Y="275" T="0" Pressure="0"/>
        <Point X="435" Y="279" T="0" Pressure="0"/>
        <Point X="434" Y="281" T="0" Pressure="0"/>
        <Point X="434" Y="285" T="0" Pressure="0"/>
        <Point X="434" Y="288" T="0" Pressure="0"/>
        <Point X="433" Y="293" T="0" Pressure="0"/>
        <Point X="433" Y="295" T="0" Pressure="0"/>
        <Point X="433" Y="298" T="0" Pressure="0"/>
        <Point X="432" Y="300" T="0" Pressure="0"/>
        <Point X="431" Y="302" T="0" Pressure="0"/>
        <Point X="430" Y="304" T="0" Pressure="0"/>
        <Point X="430" Y="306" T="0" Pressure="0"/>
        <Point X="429" Y="308" T="0" Pressure="0"/>
        <Point X="429" Y="309" T="0" Pressure="0"/>
        <Point X="428" Y="310" T="0" Pressure="0"/>
        <Point X="428" Y="311" T="0" Pressure="0"/>
        <Point X="427" Y="312" T="0" Pressure="0"/>
        <Point X="427" Y="313" T="0" Pressure="0"/>
    </Stroke>
    <Stroke index="2">
        <Point X="426" Y="315" T="0" Pressure="0"/>
        <Point X="426" Y="314" T="0" Pressure="0"/>
        <Point X="426" Y="313" T="0" Pressure="0"/>
        <Point X="425" Y="312" T="0" Pressure="0"/>
        <Point X="425" Y="310" T="0" Pressure="0"/>
        <Point X="425" Y="309" T="0" Pressure="0"/>
        <Point X="425" Y="308" T="0" Pressure="0"/>
        <Point X="424" Y="307" T="0" Pressure="0"/>
        <Point X="424" Y="306" T="0" Pressure="0"/>
        <Point X="424" Y="305" T="0" Pressure="0"/>
        <Point X="424" Y="304" T="0" Pressure="0"/>
        <Point X="423" Y="301" T="0" Pressure="0"/>
        <Point X="423" Y="299" T="0" Pressure="0"/>
        <Point X="423" Y="297" T="0" Pressure="0"/>
        <Point X="422" Y="295" T="0" Pressure="0"/>
        <Point X="422" Y="293" T="0" Pressure="0"/>
        <Point X="421" Y="288" T="0" Pressure="0"/>
        <Point X="419" Y="285" T="0" Pressure="0"/>
        <Point X="418" Y="283" T="0" Pressure="0"/>
        <Point X="418" Y="280" T="0" Pressure="0"/>
        <Point X="416" Y="278" T="0" Pressure="0"/>
        <Point X="415" Y="276" T="0" Pressure="0"/>
        <Point X="413" Y="273" T="0" Pressure="0"/>
        <Point X="411" Y="270" T="0" Pressure="0"/>
        <Point X="409" Y="268" T="0" Pressure="0"/>
        <Point X="407" Y="265" T="0" Pressure="0"/>
        <Point X="403" Y="260" T="0" Pressure="0"/>
        <Point X="401" Y="258" T="0" Pressure="0"/>
        <Point X="398" Y="256" T="0" Pressure="0"/>
        <Point X="396" Y="255" T="0" Pressure="0"/>
        <Point X="394" Y="254" T="0" Pressure="0"/>
        <Point X="389" Y="251" T="0" Pressure="0"/>
        <Point X="387" Y="250" T="0" Pressure="0"/>
        <Point X="384" Y="249" T="0" Pressure="0"/>
        <Point X="381" Y="248" T="0" Pressure="0"/>
        <Point X="378" Y="248" T="0" Pressure="0"/>
        <Point X="376" Y="247" T="0" Pressure="0"/>
        <Point X="373" Y="246" T="0" Pressure="0"/>
        <Point X="370" Y="246" T="0" Pressure="0"/>
        <Point X="367" Y="246" T="0" Pressure="0"/>
        <Point X="365" Y="246" T="0" Pressure="0"/>
        <Point X="362" Y="246" T="0" Pressure="0"/>
        <Point X="359" Y="246" T="0" Pressure="0"/>
        <Point X="356" Y="248" T="0" Pressure="0"/>
        <Point X="353" Y="249" T="0" Pressure="0"/>
        <Point X="347" Y="251" T="0" Pressure="0"/>
        <Point X="345" Y="253" T="0" Pressure="0"/>
        <Point X="342" Y="254" T="0" Pressure="0"/>
        <Point X="339" Y="256" T="0" Pressure="0"/>
        <Point X="337" Y="258" T="0" Pressure="0"/>
        <Point X="334" Y="261" T="0" Pressure="0"/>
        <Point X="332" Y="264" T="0" Pressure="0"/>
        <Point X="330" Y="267" T="0" Pressure="0"/>
        <Point X="328" Y="270" T="0" Pressure="0"/>
        <Point X="327" Y="274" T="0" Pressure="0"/>
        <Point X="324" Y="281" T="0" Pressure="0"/>
        <Point X="323" Y="284" T="0" Pressure="0"/>
        <Point X="322" Y="288" T="0" Pressure="0"/>
        <Point X="322" Y="291" T="0" Pressure="0"/>
        <Point X="322" Y="295" T="0" Pressure="0"/>
        <Point X="322" Y="299" T="0" Pressure="0"/>
        <Point X="322" Y="304" T="0" Pressure="0"/>
        <Point X="323" Y="306" T="0" Pressure="0"/>
        <Point X="323" Y="310" T="0" Pressure="0"/>
        <Point X="324" Y="313" T="0" Pressure="0"/>
        <Point X="325" Y="316" T="0" Pressure="0"/>
        <Point X="327" Y="319" T="0" Pressure="0"/>
        <Point X="328" Y="323" T="0" Pressure="0"/>
        <Point X="330" Y="325" T="0" Pressure="0"/>
        <Point X="334" Y="330" T="0" Pressure="0"/>
        <Point X="336" Y="331" T="0" Pressure="0"/>
        <Point X="339" Y="332" T="0" Pressure="0"/>
        <Point X="344" Y="334" T="0" Pressure="0"/>
        <Point X="347" Y="335" T="0" Pressure="0"/>
        <Point X="351" Y="335" T="0" Pressure="0"/>
        <Point X="354" Y="335" T="0" Pressure="0"/>
        <Point X="358" Y="335" T="0" Pressure="0"/>
        <Point X="362" Y="335" T="0" Pressure="0"/>
        <Point X="366" Y="335" T="0" Pressure="0"/>
        <Point X="370" Y="334" T="0" Pressure="0"/>
        <Point X="374" Y="333" T="0" Pressure="0"/>
        <Point X="379" Y="332" T="0" Pressure="0"/>
        <Point X="383" Y="331" T="0" Pressure="0"/>
        <Point X="388" Y="330" T="0" Pressure="0"/>
        <Point X="391" Y="329" T="0" Pressure="0"/>
        <Point X="395" Y="328" T="0" Pressure="0"/>
        <Point X="398" Y="326" T="0" Pressure="0"/>
        <Point X="402" Y="325" T="0" Pressure="0"/>
        <Point X="404" Y="324" T="0" Pressure="0"/>
        <Point X="408" Y="322" T="0" Pressure="0"/>
        <Point X="411" Y="321" T="0" Pressure="0"/>
        <Point X="414" Y="320" T="0" Pressure="0"/>
    </Stroke>
</Gesture>
