<?xml version="1.0" ?>
<Gesture Name="arrowhead~10" Subject="5" Number="10" NumPts="90" InputType="stylus" Speed="MEDIUM">
    <Stroke index="1">
        <Point X="223" Y="309" T="0" Pressure="0"/>
        <Point X="219" Y="309" T="0" Pressure="0"/>
        <Point X="217" Y="309" T="0" Pressure="0"/>
        <Point X="212" Y="308" T="0" Pressure="0"/>
        <Point X="211" Y="308" T="0" Pressure="0"/>
        <Point X="210" Y="307" T="0" Pressure="0"/>
        <Point X="209" Y="307" T="0" Pressure="0"/>
        <Point X="208" Y="307" T="0" Pressure="0"/>
        <Point X="209" Y="307" T="0" Pressure="0"/>
        <Point X="211" Y="306" T="0" Pressure="0"/>
        <Point X="212" Y="306" T="0" Pressure="0"/>
        <Point X="214" Y="306" T="0" Pressure="0"/>
        <Point X="217" Y="305" T="0" Pressure="0"/>
        <Point X="220" Y="305" T="0" Pressure="0"/>
        <Point X="223" Y="305" T="0" Pressure="0"/>
        <Point X="227" Y="304" T="0" Pressure="0"/>
        <Point X="231" Y="304" T="0" Pressure="0"/>
        <Point X="237" Y="303" T="0" Pressure="0"/>
        <Point X="242" Y="303" T="0" Pressure="0"/>
        <Point X="248" Y="302" T="0" Pressure="0"/>
        <Point X="254" Y="301" T="0" Pressure="0"/>
        <Point X="261" Y="301" T="0" Pressure="0"/>
        <Point X="269" Y="300" T="0" Pressure="0"/>
        <Point X="279" Y="300" T="0" Pressure="0"/>
        <Point X="290" Y="299" T="0" Pressure="0"/>
        <Point X="298" Y="299" T="0" Pressure="0"/>
        <Point X="308" Y="299" T="0" Pressure="0"/>
        <Point X="317" Y="298" T="0" Pressure="0"/>
        <Point X="328" Y="298" T="0" Pressure="0"/>
        <Point X="337" Y="298" T="0" Pressure="0"/>
        <Point X="347" Y="297" T="0" Pressure="0"/>
        <Point X="355" Y="297" T="0" Pressure="0"/>
        <Point X="364" Y="297" T="0" Pressure="0"/>
        <Point X="373" Y="297" T="0" Pressure="0"/>
        <Point X="381" Y="296" T="0" Pressure="0"/>
        <Point X="388" Y="296" T="0" Pressure="0"/>
        <Point X="396" Y="296" T="0" Pressure="0"/>
        <Point X="402" Y="296" T="0" Pressure="0"/>
        <Point X="407" Y="297" T="0" Pressure="0"/>
        <Point X="412" Y="298" T="0" Pressure="0"/>
        <Point X="417" Y="298" T="0" Pressure="0"/>
        <Point X="422" Y="298" T="0" Pressure="0"/>
        <Point X="426" Y="299" T="0" Pressure="0"/>
        <Point X="428" Y="299" T="0" Pressure="0"/>
        <Point X="430" Y="300" T="0" Pressure="0"/>
        <Point X="433" Y="300" T="0" Pressure="0"/>
        <Point X="435" Y="301" T="0" Pressure="0"/>
        <Point X="436" Y="301" T="0" Pressure="0"/>
    </Stroke>
    <Stroke index="2">
        <Point X="403" Y="263" T="0" Pressure="0"/>
        <Point X="403" Y="260" T="0" Pressure="0"/>
        <Point X="402" Y="258" T="0" Pressure="0"/>
        <Point X="402" Y="257" T="0" Pressure="0"/>
        <Point X="402" Y="256" T="0" Pressure="0"/>
        <Point X="402" Y="255" T="0" Pressure="0"/>
        <Point X="402" Y="256" T="0" Pressure="0"/>
        <Point X="403" Y="256" T="0" Pressure="0"/>
        <Point X="404" Y="256" T="0" Pressure="0"/>
        <Point X="406" Y="257" T="0" Pressure="0"/>
        <Point X="407" Y="258" T="0" Pressure="0"/>
        <Point X="411" Y="259" T="0" Pressure="0"/>
        <Point X="414" Y="260" T="0" Pressure="0"/>
        <Point X="417" Y="261" T="0" Pressure="0"/>
        <Point X="423" Y="264" T="0" Pressure="0"/>
        <Point X="428" Y="265" T="0" Pressure="0"/>
        <Point X="432" Y="268" T="0" Pressure="0"/>
        <Point X="441" Y="271" T="0" Pressure="0"/>
        <Point X="445" Y="274" T="0" Pressure="0"/>
        <Point X="449" Y="277" T="0" Pressure="0"/>
        <Point X="457" Y="282" T="0" Pressure="0"/>
        <Point X="460" Y="285" T="0" Pressure="0"/>
        <Point X="463" Y="288" T="0" Pressure="0"/>
        <Point X="467" Y="294" T="0" Pressure="0"/>
        <Point X="469" Y="297" T="0" Pressure="0"/>
        <Point X="470" Y="300" T="0" Pressure="0"/>
        <Point X="471" Y="305" T="0" Pressure="0"/>
        <Point X="471" Y="308" T="0" Pressure="0"/>
        <Point X="471" Y="311" T="0" Pressure="0"/>
        <Point X="470" Y="317" T="0" Pressure="0"/>
        <Point X="467" Y="319" T="0" Pressure="0"/>
        <Point X="466" Y="322" T="0" Pressure="0"/>
        <Point X="460" Y="328" T="0" Pressure="0"/>
        <Point X="456" Y="330" T="0" Pressure="0"/>
        <Point X="453" Y="332" T="0" Pressure="0"/>
        <Point X="446" Y="336" T="0" Pressure="0"/>
        <Point X="443" Y="338" T="0" Pressure="0"/>
        <Point X="439" Y="340" T="0" Pressure="0"/>
        <Point X="430" Y="345" T="0" Pressure="0"/>
        <Point X="426" Y="347" T="0" Pressure="0"/>
        <Point X="422" Y="349" T="0" Pressure="0"/>
        <Point X="415" Y="354" T="0" Pressure="0"/>
    </Stroke>
</Gesture>
