<?xml version="1.0" ?>
<Gesture Name="asterisk~05" Subject="5" Number="5" NumPts="130" InputType="stylus" Speed="MEDIUM">
    <Stroke index="1">
        <Point X="384" Y="132" T="0" Pressure="0"/>
        <Point X="384" Y="127" T="0" Pressure="0"/>
        <Point X="384" Y="125" T="0" Pressure="0"/>
        <Point X="384" Y="123" T="0" Pressure="0"/>
        <Point X="384" Y="121" T="0" Pressure="0"/>
        <Point X="385" Y="121" T="0" Pressure="0"/>
        <Point X="385" Y="122" T="0" Pressure="0"/>
        <Point X="385" Y="123" T="0" Pressure="0"/>
        <Point X="385" Y="125" T="0" Pressure="0"/>
        <Point X="385" Y="128" T="0" Pressure="0"/>
        <Point X="385" Y="131" T="0" Pressure="0"/>
        <Point X="385" Y="134" T="0" Pressure="0"/>
        <Point X="384" Y="139" T="0" Pressure="0"/>
        <Point X="384" Y="145" T="0" Pressure="0"/>
        <Point X="384" Y="151" T="0" Pressure="0"/>
        <Point X="384" Y="166" T="0" Pressure="0"/>
        <Point X="383" Y="176" T="0" Pressure="0"/>
        <Point X="382" Y="186" T="0" Pressure="0"/>
        <Point X="382" Y="198" T="0" Pressure="0"/>
        <Point X="381" Y="209" T="0" Pressure="0"/>
        <Point X="381" Y="221" T="0" Pressure="0"/>
        <Point X="380" Y="231" T="0" Pressure="0"/>
        <Point X="380" Y="241" T="0" Pressure="0"/>
        <Point X="378" Y="261" T="0" Pressure="0"/>
        <Point X="378" Y="270" T="0" Pressure="0"/>
        <Point X="377" Y="279" T="0" Pressure="0"/>
        <Point X="377" Y="286" T="0" Pressure="0"/>
        <Point X="377" Y="293" T="0" Pressure="0"/>
        <Point X="376" Y="300" T="0" Pressure="0"/>
        <Point X="375" Y="306" T="0" Pressure="0"/>
        <Point X="374" Y="312" T="0" Pressure="0"/>
        <Point X="373" Y="318" T="0" Pressure="0"/>
        <Point X="372" Y="323" T="0" Pressure="0"/>
        <Point X="370" Y="327" T="0" Pressure="0"/>
        <Point X="369" Y="331" T="0" Pressure="0"/>
        <Point X="368" Y="336" T="0" Pressure="0"/>
        <Point X="367" Y="340" T="0" Pressure="0"/>
        <Point X="365" Y="347" T="0" Pressure="0"/>
        <Point X="364" Y="349" T="0" Pressure="0"/>
        <Point X="363" Y="352" T="0" Pressure="0"/>
        <Point X="362" Y="354" T="0" Pressure="0"/>
        <Point X="362" Y="355" T="0" Pressure="0"/>
        <Point X="361" Y="355" T="0" Pressure="0"/>
    </Stroke>
    <Stroke index="2">
        <Point X="272" Y="168" T="0" Pressure="0"/>
        <Point X="268" Y="163" T="0" Pressure="0"/>
        <Point X="268" Y="161" T="0" Pressure="0"/>
        <Point X="268" Y="158" T="0" Pressure="0"/>
        <Point X="268" Y="157" T="0" Pressure="0"/>
        <Point X="269" Y="157" T="0" Pressure="0"/>
        <Point X="271" Y="158" T="0" Pressure="0"/>
        <Point X="272" Y="159" T="0" Pressure="0"/>
        <Point X="275" Y="161" T="0" Pressure="0"/>
        <Point X="278" Y="164" T="0" Pressure="0"/>
        <Point X="286" Y="169" T="0" Pressure="0"/>
        <Point X="291" Y="171" T="0" Pressure="0"/>
        <Point X="297" Y="176" T="0" Pressure="0"/>
        <Point X="302" Y="180" T="0" Pressure="0"/>
        <Point X="309" Y="184" T="0" Pressure="0"/>
        <Point X="316" Y="189" T="0" Pressure="0"/>
        <Point X="324" Y="195" T="0" Pressure="0"/>
        <Point X="331" Y="201" T="0" Pressure="0"/>
        <Point X="346" Y="213" T="0" Pressure="0"/>
        <Point X="354" Y="218" T="0" Pressure="0"/>
        <Point X="361" Y="224" T="0" Pressure="0"/>
        <Point X="369" Y="230" T="0" Pressure="0"/>
        <Point X="376" Y="235" T="0" Pressure="0"/>
        <Point X="384" Y="240" T="0" Pressure="0"/>
        <Point X="391" Y="245" T="0" Pressure="0"/>
        <Point X="404" Y="255" T="0" Pressure="0"/>
        <Point X="411" Y="260" T="0" Pressure="0"/>
        <Point X="418" Y="264" T="0" Pressure="0"/>
        <Point X="423" Y="268" T="0" Pressure="0"/>
        <Point X="429" Y="272" T="0" Pressure="0"/>
        <Point X="434" Y="276" T="0" Pressure="0"/>
        <Point X="439" Y="280" T="0" Pressure="0"/>
        <Point X="445" Y="283" T="0" Pressure="0"/>
        <Point X="448" Y="286" T="0" Pressure="0"/>
        <Point X="452" Y="289" T="0" Pressure="0"/>
        <Point X="456" Y="291" T="0" Pressure="0"/>
        <Point X="460" Y="294" T="0" Pressure="0"/>
        <Point X="464" Y="295" T="0" Pressure="0"/>
        <Point X="468" Y="298" T="0" Pressure="0"/>
        <Point X="475" Y="300" T="0" Pressure="0"/>
        <Point X="478" Y="301" T="0" Pressure="0"/>
        <Point X="481" Y="302" T="0" Pressure="0"/>
        <Point X="483" Y="302" T="0" Pressure="0"/>
        <Point X="486" Y="302" T="0" Pressure="0"/>
    </Stroke>
    <Stroke index="3">
        <Point X="476" Y="140" T="0" Pressure="0"/>
        <Point X="475" Y="132" T="0" Pressure="0"/>
        <Point X="475" Y="129" T="0" Pressure="0"/>
        <Point X="474" Y="126" T="0" Pressure="0"/>
        <Point X="473" Y="126" T="0" Pressure="0"/>
        <Point X="471" Y="126" T="0" Pressure="0"/>
        <Point X="470" Y="126" T="0" Pressure="0"/>
        <Point X="467" Y="128" T="0" Pressure="0"/>
        <Point X="465" Y="131" T="0" Pressure="0"/>
        <Point X="455" Y="140" T="0" Pressure="0"/>
        <Point X="451" Y="145" T="0" Pressure="0"/>
        <Point X="447" Y="149" T="0" Pressure="0"/>
        <Point X="443" Y="154" T="0" Pressure="0"/>
        <Point X="433" Y="165" T="0" Pressure="0"/>
        <Point X="429" Y="171" T="0" Pressure="0"/>
        <Point X="418" Y="185" T="0" Pressure="0"/>
        <Point X="411" Y="192" T="0" Pressure="0"/>
        <Point X="406" Y="199" T="0" Pressure="0"/>
        <Point X="384" Y="223" T="0" Pressure="0"/>
        <Point X="377" Y="230" T="0" Pressure="0"/>
        <Point X="370" Y="238" T="0" Pressure="0"/>
        <Point X="363" Y="246" T="0" Pressure="0"/>
        <Point X="357" Y="254" T="0" Pressure="0"/>
        <Point X="350" Y="261" T="0" Pressure="0"/>
        <Point X="343" Y="269" T="0" Pressure="0"/>
        <Point X="338" Y="275" T="0" Pressure="0"/>
        <Point X="332" Y="280" T="0" Pressure="0"/>
        <Point X="327" Y="286" T="0" Pressure="0"/>
        <Point X="321" Y="291" T="0" Pressure="0"/>
        <Point X="317" Y="296" T="0" Pressure="0"/>
        <Point X="312" Y="302" T="0" Pressure="0"/>
        <Point X="308" Y="305" T="0" Pressure="0"/>
        <Point X="305" Y="309" T="0" Pressure="0"/>
        <Point X="301" Y="313" T="0" Pressure="0"/>
        <Point X="298" Y="316" T="0" Pressure="0"/>
        <Point X="296" Y="319" T="0" Pressure="0"/>
        <Point X="294" Y="322" T="0" Pressure="0"/>
        <Point X="293" Y="324" T="0" Pressure="0"/>
        <Point X="291" Y="325" T="0" Pressure="0"/>
        <Point X="290" Y="327" T="0" Pressure="0"/>
        <Point X="290" Y="328" T="0" Pressure="0"/>
        <Point X="290" Y="329" T="0" Pressure="0"/>
        <Point X="290" Y="330" T="0" Pressure="0"/>
    </Stroke>
</Gesture>
