<?xml version="1.0" ?>
<Gesture Name="five_point_star~10" Subject="5" Number="10" NumPts="197" InputType="stylus" Speed="MEDIUM">
    <Stroke index="1">
        <Point X="309" Y="356" T="0" Pressure="0"/>
        <Point X="308" Y="354" T="0" Pressure="0"/>
        <Point X="308" Y="352" T="0" Pressure="0"/>
        <Point X="308" Y="349" T="0" Pressure="0"/>
        <Point X="308" Y="347" T="0" Pressure="0"/>
        <Point X="308" Y="344" T="0" Pressure="0"/>
        <Point X="308" Y="341" T="0" Pressure="0"/>
        <Point X="308" Y="338" T="0" Pressure="0"/>
        <Point X="309" Y="330" T="0" Pressure="0"/>
        <Point X="310" Y="327" T="0" Pressure="0"/>
        <Point X="312" Y="323" T="0" Pressure="0"/>
        <Point X="313" Y="319" T="0" Pressure="0"/>
        <Point X="314" Y="314" T="0" Pressure="0"/>
        <Point X="315" Y="309" T="0" Pressure="0"/>
        <Point X="317" Y="304" T="0" Pressure="0"/>
        <Point X="317" Y="300" T="0" Pressure="0"/>
        <Point X="319" Y="294" T="0" Pressure="0"/>
        <Point X="321" Y="289" T="0" Pressure="0"/>
        <Point X="323" Y="284" T="0" Pressure="0"/>
        <Point X="326" Y="272" T="0" Pressure="0"/>
        <Point X="328" Y="266" T="0" Pressure="0"/>
        <Point X="329" Y="261" T="0" Pressure="0"/>
        <Point X="332" Y="256" T="0" Pressure="0"/>
        <Point X="333" Y="250" T="0" Pressure="0"/>
        <Point X="335" Y="244" T="0" Pressure="0"/>
        <Point X="337" Y="238" T="0" Pressure="0"/>
        <Point X="340" Y="228" T="0" Pressure="0"/>
        <Point X="343" Y="223" T="0" Pressure="0"/>
        <Point X="344" Y="218" T="0" Pressure="0"/>
        <Point X="347" Y="213" T="0" Pressure="0"/>
        <Point X="349" Y="208" T="0" Pressure="0"/>
        <Point X="351" Y="205" T="0" Pressure="0"/>
        <Point X="353" Y="201" T="0" Pressure="0"/>
        <Point X="354" Y="197" T="0" Pressure="0"/>
        <Point X="357" Y="194" T="0" Pressure="0"/>
        <Point X="358" Y="190" T="0" Pressure="0"/>
        <Point X="361" Y="188" T="0" Pressure="0"/>
        <Point X="364" Y="182" T="0" Pressure="0"/>
        <Point X="366" Y="181" T="0" Pressure="0"/>
        <Point X="367" Y="179" T="0" Pressure="0"/>
        <Point X="371" Y="176" T="0" Pressure="0"/>
        <Point X="373" Y="176" T="0" Pressure="0"/>
        <Point X="376" Y="176" T="0" Pressure="0"/>
        <Point X="377" Y="176" T="0" Pressure="0"/>
        <Point X="379" Y="178" T="0" Pressure="0"/>
        <Point X="380" Y="180" T="0" Pressure="0"/>
        <Point X="381" Y="181" T="0" Pressure="0"/>
        <Point X="382" Y="183" T="0" Pressure="0"/>
        <Point X="384" Y="186" T="0" Pressure="0"/>
        <Point X="387" Y="193" T="0" Pressure="0"/>
        <Point X="388" Y="196" T="0" Pressure="0"/>
        <Point X="389" Y="200" T="0" Pressure="0"/>
        <Point X="391" Y="204" T="0" Pressure="0"/>
        <Point X="392" Y="208" T="0" Pressure="0"/>
        <Point X="393" Y="213" T="0" Pressure="0"/>
        <Point X="396" Y="219" T="0" Pressure="0"/>
        <Point X="397" Y="223" T="0" Pressure="0"/>
        <Point X="399" Y="228" T="0" Pressure="0"/>
        <Point X="400" Y="233" T="0" Pressure="0"/>
        <Point X="402" Y="239" T="0" Pressure="0"/>
        <Point X="406" Y="253" T="0" Pressure="0"/>
        <Point X="407" Y="258" T="0" Pressure="0"/>
        <Point X="409" Y="264" T="0" Pressure="0"/>
        <Point X="411" Y="270" T="0" Pressure="0"/>
        <Point X="412" Y="276" T="0" Pressure="0"/>
        <Point X="414" Y="282" T="0" Pressure="0"/>
        <Point X="416" Y="288" T="0" Pressure="0"/>
        <Point X="419" Y="298" T="0" Pressure="0"/>
        <Point X="421" Y="303" T="0" Pressure="0"/>
        <Point X="422" Y="308" T="0" Pressure="0"/>
        <Point X="423" Y="313" T="0" Pressure="0"/>
        <Point X="425" Y="317" T="0" Pressure="0"/>
        <Point X="426" Y="320" T="0" Pressure="0"/>
        <Point X="427" Y="324" T="0" Pressure="0"/>
        <Point X="428" Y="327" T="0" Pressure="0"/>
        <Point X="429" Y="330" T="0" Pressure="0"/>
        <Point X="429" Y="332" T="0" Pressure="0"/>
        <Point X="430" Y="335" T="0" Pressure="0"/>
        <Point X="430" Y="337" T="0" Pressure="0"/>
        <Point X="430" Y="339" T="0" Pressure="0"/>
        <Point X="430" Y="340" T="0" Pressure="0"/>
        <Point X="430" Y="342" T="0" Pressure="0"/>
        <Point X="430" Y="343" T="0" Pressure="0"/>
        <Point X="429" Y="344" T="0" Pressure="0"/>
        <Point X="427" Y="344" T="0" Pressure="0"/>
        <Point X="426" Y="345" T="0" Pressure="0"/>
        <Point X="425" Y="345" T="0" Pressure="0"/>
        <Point X="422" Y="345" T="0" Pressure="0"/>
        <Point X="421" Y="345" T="0" Pressure="0"/>
        <Point X="418" Y="345" T="0" Pressure="0"/>
        <Point X="415" Y="345" T="0" Pressure="0"/>
        <Point X="413" Y="345" T="0" Pressure="0"/>
        <Point X="411" Y="344" T="0" Pressure="0"/>
        <Point X="407" Y="343" T="0" Pressure="0"/>
        <Point X="404" Y="342" T="0" Pressure="0"/>
        <Point X="400" Y="340" T="0" Pressure="0"/>
        <Point X="393" Y="336" T="0" Pressure="0"/>
        <Point X="389" Y="334" T="0" Pressure="0"/>
        <Point X="385" Y="332" T="0" Pressure="0"/>
        <Point X="381" Y="330" T="0" Pressure="0"/>
        <Point X="376" Y="327" T="0" Pressure="0"/>
        <Point X="367" Y="322" T="0" Pressure="0"/>
        <Point X="362" Y="319" T="0" Pressure="0"/>
        <Point X="358" Y="316" T="0" Pressure="0"/>
        <Point X="353" Y="314" T="0" Pressure="0"/>
        <Point X="347" Y="310" T="0" Pressure="0"/>
        <Point X="343" Y="308" T="0" Pressure="0"/>
        <Point X="339" Y="305" T="0" Pressure="0"/>
        <Point X="333" Y="303" T="0" Pressure="0"/>
        <Point X="329" Y="300" T="0" Pressure="0"/>
        <Point X="320" Y="295" T="0" Pressure="0"/>
        <Point X="316" Y="293" T="0" Pressure="0"/>
        <Point X="312" Y="290" T="0" Pressure="0"/>
        <Point X="308" Y="288" T="0" Pressure="0"/>
        <Point X="305" Y="286" T="0" Pressure="0"/>
        <Point X="298" Y="281" T="0" Pressure="0"/>
        <Point X="295" Y="280" T="0" Pressure="0"/>
        <Point X="293" Y="278" T="0" Pressure="0"/>
        <Point X="291" Y="277" T="0" Pressure="0"/>
        <Point X="290" Y="275" T="0" Pressure="0"/>
        <Point X="288" Y="273" T="0" Pressure="0"/>
        <Point X="287" Y="271" T="0" Pressure="0"/>
        <Point X="287" Y="270" T="0" Pressure="0"/>
        <Point X="287" Y="266" T="0" Pressure="0"/>
        <Point X="287" Y="265" T="0" Pressure="0"/>
        <Point X="288" Y="263" T="0" Pressure="0"/>
        <Point X="290" Y="261" T="0" Pressure="0"/>
        <Point X="292" Y="259" T="0" Pressure="0"/>
        <Point X="294" Y="257" T="0" Pressure="0"/>
        <Point X="301" Y="253" T="0" Pressure="0"/>
        <Point X="305" Y="251" T="0" Pressure="0"/>
        <Point X="309" Y="248" T="0" Pressure="0"/>
        <Point X="313" Y="246" T="0" Pressure="0"/>
        <Point X="317" Y="244" T="0" Pressure="0"/>
        <Point X="328" Y="239" T="0" Pressure="0"/>
        <Point X="333" Y="238" T="0" Pressure="0"/>
        <Point X="339" Y="235" T="0" Pressure="0"/>
        <Point X="346" Y="232" T="0" Pressure="0"/>
        <Point X="351" Y="231" T="0" Pressure="0"/>
        <Point X="358" Y="229" T="0" Pressure="0"/>
        <Point X="369" Y="225" T="0" Pressure="0"/>
        <Point X="377" Y="223" T="0" Pressure="0"/>
        <Point X="387" Y="220" T="0" Pressure="0"/>
        <Point X="392" Y="219" T="0" Pressure="0"/>
        <Point X="398" Y="218" T="0" Pressure="0"/>
        <Point X="403" Y="217" T="0" Pressure="0"/>
        <Point X="408" Y="216" T="0" Pressure="0"/>
        <Point X="411" Y="216" T="0" Pressure="0"/>
        <Point X="415" Y="215" T="0" Pressure="0"/>
        <Point X="418" Y="215" T="0" Pressure="0"/>
        <Point X="422" Y="215" T="0" Pressure="0"/>
        <Point X="425" Y="215" T="0" Pressure="0"/>
        <Point X="427" Y="216" T="0" Pressure="0"/>
        <Point X="430" Y="218" T="0" Pressure="0"/>
        <Point X="430" Y="219" T="0" Pressure="0"/>
        <Point X="431" Y="220" T="0" Pressure="0"/>
        <Point X="431" Y="224" T="0" Pressure="0"/>
        <Point X="431" Y="225" T="0" Pressure="0"/>
        <Point X="430" Y="227" T="0" Pressure="0"/>
        <Point X="427" Y="231" T="0" Pressure="0"/>
        <Point X="425" Y="234" T="0" Pressure="0"/>
        <Point X="422" Y="237" T="0" Pressure="0"/>
        <Point X="419" Y="239" T="0" Pressure="0"/>
        <Point X="417" Y="243" T="0" Pressure="0"/>
        <Point X="413" Y="245" T="0" Pressure="0"/>
        <Point X="409" Y="249" T="0" Pressure="0"/>
        <Point X="400" Y="257" T="0" Pressure="0"/>
        <Point X="396" Y="260" T="0" Pressure="0"/>
        <Point X="392" Y="264" T="0" Pressure="0"/>
        <Point X="382" Y="273" T="0" Pressure="0"/>
        <Point X="377" Y="278" T="0" Pressure="0"/>
        <Point X="372" Y="283" T="0" Pressure="0"/>
        <Point X="362" Y="292" T="0" Pressure="0"/>
        <Point X="358" Y="296" T="0" Pressure="0"/>
        <Point X="354" Y="301" T="0" Pressure="0"/>
        <Point X="345" Y="310" T="0" Pressure="0"/>
        <Point X="342" Y="313" T="0" Pressure="0"/>
        <Point X="338" Y="318" T="0" Pressure="0"/>
        <Point X="331" Y="325" T="0" Pressure="0"/>
        <Point X="328" Y="328" T="0" Pressure="0"/>
        <Point X="324" Y="331" T="0" Pressure="0"/>
        <Point X="322" Y="334" T="0" Pressure="0"/>
        <Point X="320" Y="336" T="0" Pressure="0"/>
        <Point X="317" Y="338" T="0" Pressure="0"/>
        <Point X="316" Y="340" T="0" Pressure="0"/>
        <Point X="313" Y="343" T="0" Pressure="0"/>
        <Point X="313" Y="344" T="0" Pressure="0"/>
        <Point X="312" Y="344" T="0" Pressure="0"/>
        <Point X="312" Y="345" T="0" Pressure="0"/>
        <Point X="312" Y="346" T="0" Pressure="0"/>
        <Point X="313" Y="347" T="0" Pressure="0"/>
        <Point X="314" Y="347" T="0" Pressure="0"/>
        <Point X="317" Y="346" T="0" Pressure="0"/>
        <Point X="318" Y="345" T="0" Pressure="0"/>
        <Point X="320" Y="345" T="0" Pressure="0"/>
        <Point X="323" Y="344" T="0" Pressure="0"/>
        <Point X="325" Y="343" T="0" Pressure="0"/>
    </Stroke>
</Gesture>
