<?xml version="1.0" ?>
<Gesture Name="arrowhead~04" Subject="5" Number="4" NumPts="82" InputType="stylus" Speed="MEDIUM">
    <Stroke index="1">
        <Point X="274" Y="309" T="0" Pressure="0"/>
        <Point X="273" Y="308" T="0" Pressure="0"/>
        <Point X="272" Y="305" T="0" Pressure="0"/>
        <Point X="272" Y="304" T="0" Pressure="0"/>
        <Point X="273" Y="303" T="0" Pressure="0"/>
        <Point X="275" Y="302" T="0" Pressure="0"/>
        <Point X="281" Y="302" T="0" Pressure="0"/>
        <Point X="285" Y="302" T="0" Pressure="0"/>
        <Point X="290" Y="302" T="0" Pressure="0"/>
        <Point X="302" Y="303" T="0" Pressure="0"/>
        <Point X="309" Y="303" T="0" Pressure="0"/>
        <Point X="317" Y="303" T="0" Pressure="0"/>
        <Point X="325" Y="304" T="0" Pressure="0"/>
        <Point X="335" Y="304" T="0" Pressure="0"/>
        <Point X="343" Y="304" T="0" Pressure="0"/>
        <Point X="361" Y="304" T="0" Pressure="0"/>
        <Point X="369" Y="304" T="0" Pressure="0"/>
        <Point X="378" Y="304" T="0" Pressure="0"/>
        <Point X="388" Y="304" T="0" Pressure="0"/>
        <Point X="395" Y="304" T="0" Pressure="0"/>
        <Point X="417" Y="305" T="0" Pressure="0"/>
        <Point X="429" Y="306" T="0" Pressure="0"/>
        <Point X="433" Y="307" T="0" Pressure="0"/>
        <Point X="437" Y="307" T="0" Pressure="0"/>
        <Point X="441" Y="308" T="0" Pressure="0"/>
        <Point X="444" Y="308" T="0" Pressure="0"/>
        <Point X="446" Y="308" T="0" Pressure="0"/>
        <Point X="449" Y="308" T="0" Pressure="0"/>
        <Point X="451" Y="308" T="0" Pressure="0"/>
    </Stroke>
    <Stroke index="2">
        <Point X="381" Y="229" T="0" Pressure="0"/>
        <Point X="380" Y="224" T="0" Pressure="0"/>
        <Point X="380" Y="221" T="0" Pressure="0"/>
        <Point X="380" Y="219" T="0" Pressure="0"/>
        <Point X="380" Y="218" T="0" Pressure="0"/>
        <Point X="381" Y="218" T="0" Pressure="0"/>
        <Point X="383" Y="218" T="0" Pressure="0"/>
        <Point X="384" Y="219" T="0" Pressure="0"/>
        <Point X="386" Y="220" T="0" Pressure="0"/>
        <Point X="391" Y="224" T="0" Pressure="0"/>
        <Point X="394" Y="226" T="0" Pressure="0"/>
        <Point X="397" Y="228" T="0" Pressure="0"/>
        <Point X="402" Y="231" T="0" Pressure="0"/>
        <Point X="407" Y="233" T="0" Pressure="0"/>
        <Point X="411" Y="236" T="0" Pressure="0"/>
        <Point X="415" Y="240" T="0" Pressure="0"/>
        <Point X="421" Y="244" T="0" Pressure="0"/>
        <Point X="426" Y="248" T="0" Pressure="0"/>
        <Point X="431" Y="253" T="0" Pressure="0"/>
        <Point X="437" Y="258" T="0" Pressure="0"/>
        <Point X="442" Y="262" T="0" Pressure="0"/>
        <Point X="447" Y="267" T="0" Pressure="0"/>
        <Point X="452" Y="271" T="0" Pressure="0"/>
        <Point X="457" Y="277" T="0" Pressure="0"/>
        <Point X="461" Y="281" T="0" Pressure="0"/>
        <Point X="466" Y="286" T="0" Pressure="0"/>
        <Point X="469" Y="290" T="0" Pressure="0"/>
        <Point X="472" Y="294" T="0" Pressure="0"/>
        <Point X="475" Y="299" T="0" Pressure="0"/>
        <Point X="478" Y="303" T="0" Pressure="0"/>
        <Point X="480" Y="307" T="0" Pressure="0"/>
        <Point X="482" Y="311" T="0" Pressure="0"/>
        <Point X="483" Y="315" T="0" Pressure="0"/>
        <Point X="483" Y="319" T="0" Pressure="0"/>
        <Point X="483" Y="323" T="0" Pressure="0"/>
        <Point X="483" Y="326" T="0" Pressure="0"/>
        <Point X="481" Y="330" T="0" Pressure="0"/>
        <Point X="479" Y="334" T="0" Pressure="0"/>
        <Point X="476" Y="338" T="0" Pressure="0"/>
        <Point X="472" Y="342" T="0" Pressure="0"/>
        <Point X="468" Y="345" T="0" Pressure="0"/>
        <Point X="464" Y="348" T="0" Pressure="0"/>
        <Point X="460" Y="351" T="0" Pressure="0"/>
        <Point X="451" Y="357" T="0" Pressure="0"/>
        <Point X="446" Y="359" T="0" Pressure="0"/>
        <Point X="442" Y="361" T="0" Pressure="0"/>
        <Point X="438" Y="363" T="0" Pressure="0"/>
        <Point X="433" Y="366" T="0" Pressure="0"/>
        <Point X="429" Y="368" T="0" Pressure="0"/>
        <Point X="426" Y="370" T="0" Pressure="0"/>
        <Point X="422" Y="372" T="0" Pressure="0"/>
        <Point X="419" Y="374" T="0" Pressure="0"/>
        <Point X="417" Y="377" T="0" Pressure="0"/>
    </Stroke>
</Gesture>
