<?xml version="1.0" ?>
<Gesture Name="D~06" Subject="5" Number="6" NumPts="112" InputType="stylus" Speed="MEDIUM">
    <Stroke index="1">
        <Point X="352" Y="218" T="0" Pressure="0"/>
        <Point X="351" Y="223" T="0" Pressure="0"/>
        <Point X="351" Y="225" T="0" Pressure="0"/>
        <Point X="350" Y="228" T="0" Pressure="0"/>
        <Point X="350" Y="230" T="0" Pressure="0"/>
        <Point X="350" Y="233" T="0" Pressure="0"/>
        <Point X="350" Y="236" T="0" Pressure="0"/>
        <Point X="350" Y="240" T="0" Pressure="0"/>
        <Point X="350" Y="244" T="0" Pressure="0"/>
        <Point X="349" Y="249" T="0" Pressure="0"/>
        <Point X="348" Y="253" T="0" Pressure="0"/>
        <Point X="348" Y="257" T="0" Pressure="0"/>
        <Point X="348" Y="262" T="0" Pressure="0"/>
        <Point X="347" Y="267" T="0" Pressure="0"/>
        <Point X="347" Y="272" T="0" Pressure="0"/>
        <Point X="347" Y="277" T="0" Pressure="0"/>
        <Point X="347" Y="281" T="0" Pressure="0"/>
        <Point X="346" Y="285" T="0" Pressure="0"/>
        <Point X="346" Y="290" T="0" Pressure="0"/>
        <Point X="345" Y="294" T="0" Pressure="0"/>
        <Point X="344" Y="300" T="0" Pressure="0"/>
        <Point X="344" Y="304" T="0" Pressure="0"/>
        <Point X="343" Y="307" T="0" Pressure="0"/>
        <Point X="342" Y="315" T="0" Pressure="0"/>
        <Point X="342" Y="319" T="0" Pressure="0"/>
        <Point X="341" Y="323" T="0" Pressure="0"/>
        <Point X="339" Y="328" T="0" Pressure="0"/>
        <Point X="339" Y="331" T="0" Pressure="0"/>
        <Point X="339" Y="333" T="0" Pressure="0"/>
        <Point X="338" Y="335" T="0" Pressure="0"/>
        <Point X="338" Y="338" T="0" Pressure="0"/>
        <Point X="337" Y="339" T="0" Pressure="0"/>
        <Point X="336" Y="341" T="0" Pressure="0"/>
        <Point X="336" Y="344" T="0" Pressure="0"/>
        <Point X="335" Y="345" T="0" Pressure="0"/>
        <Point X="335" Y="346" T="0" Pressure="0"/>
        <Point X="335" Y="347" T="0" Pressure="0"/>
        <Point X="334" Y="348" T="0" Pressure="0"/>
        <Point X="334" Y="349" T="0" Pressure="0"/>
        <Point X="333" Y="349" T="0" Pressure="0"/>
    </Stroke>
    <Stroke index="2">
        <Point X="343" Y="205" T="0" Pressure="0"/>
        <Point X="343" Y="203" T="0" Pressure="0"/>
        <Point X="344" Y="202" T="0" Pressure="0"/>
        <Point X="344" Y="201" T="0" Pressure="0"/>
        <Point X="346" Y="201" T="0" Pressure="0"/>
        <Point X="347" Y="201" T="0" Pressure="0"/>
        <Point X="354" Y="203" T="0" Pressure="0"/>
        <Point X="357" Y="203" T="0" Pressure="0"/>
        <Point X="359" Y="204" T="0" Pressure="0"/>
        <Point X="362" Y="206" T="0" Pressure="0"/>
        <Point X="365" Y="206" T="0" Pressure="0"/>
        <Point X="372" Y="209" T="0" Pressure="0"/>
        <Point X="375" Y="210" T="0" Pressure="0"/>
        <Point X="382" Y="213" T="0" Pressure="0"/>
        <Point X="386" Y="214" T="0" Pressure="0"/>
        <Point X="389" Y="215" T="0" Pressure="0"/>
        <Point X="393" Y="217" T="0" Pressure="0"/>
        <Point X="397" Y="219" T="0" Pressure="0"/>
        <Point X="400" Y="220" T="0" Pressure="0"/>
        <Point X="405" Y="222" T="0" Pressure="0"/>
        <Point X="408" Y="224" T="0" Pressure="0"/>
        <Point X="412" Y="226" T="0" Pressure="0"/>
        <Point X="416" Y="228" T="0" Pressure="0"/>
        <Point X="419" Y="230" T="0" Pressure="0"/>
        <Point X="423" Y="232" T="0" Pressure="0"/>
        <Point X="427" Y="235" T="0" Pressure="0"/>
        <Point X="430" Y="238" T="0" Pressure="0"/>
        <Point X="434" Y="240" T="0" Pressure="0"/>
        <Point X="441" Y="246" T="0" Pressure="0"/>
        <Point X="444" Y="250" T="0" Pressure="0"/>
        <Point X="447" Y="253" T="0" Pressure="0"/>
        <Point X="449" Y="256" T="0" Pressure="0"/>
        <Point X="452" Y="259" T="0" Pressure="0"/>
        <Point X="454" Y="263" T="0" Pressure="0"/>
        <Point X="456" Y="265" T="0" Pressure="0"/>
        <Point X="460" Y="273" T="0" Pressure="0"/>
        <Point X="461" Y="276" T="0" Pressure="0"/>
        <Point X="462" Y="279" T="0" Pressure="0"/>
        <Point X="463" Y="285" T="0" Pressure="0"/>
        <Point X="464" Y="288" T="0" Pressure="0"/>
        <Point X="464" Y="291" T="0" Pressure="0"/>
        <Point X="464" Y="298" T="0" Pressure="0"/>
        <Point X="463" Y="301" T="0" Pressure="0"/>
        <Point X="461" Y="304" T="0" Pressure="0"/>
        <Point X="458" Y="309" T="0" Pressure="0"/>
        <Point X="456" Y="312" T="0" Pressure="0"/>
        <Point X="453" Y="314" T="0" Pressure="0"/>
        <Point X="450" Y="317" T="0" Pressure="0"/>
        <Point X="447" Y="319" T="0" Pressure="0"/>
        <Point X="443" Y="322" T="0" Pressure="0"/>
        <Point X="439" Y="324" T="0" Pressure="0"/>
        <Point X="430" Y="328" T="0" Pressure="0"/>
        <Point X="426" Y="330" T="0" Pressure="0"/>
        <Point X="421" Y="331" T="0" Pressure="0"/>
        <Point X="410" Y="334" T="0" Pressure="0"/>
        <Point X="404" Y="336" T="0" Pressure="0"/>
        <Point X="399" Y="337" T="0" Pressure="0"/>
        <Point X="388" Y="339" T="0" Pressure="0"/>
        <Point X="384" Y="341" T="0" Pressure="0"/>
        <Point X="378" Y="342" T="0" Pressure="0"/>
        <Point X="369" Y="344" T="0" Pressure="0"/>
        <Point X="365" Y="345" T="0" Pressure="0"/>
        <Point X="360" Y="345" T="0" Pressure="0"/>
        <Point X="351" Y="347" T="0" Pressure="0"/>
        <Point X="348" Y="348" T="0" Pressure="0"/>
        <Point X="346" Y="348" T="0" Pressure="0"/>
        <Point X="339" Y="349" T="0" Pressure="0"/>
        <Point X="337" Y="349" T="0" Pressure="0"/>
        <Point X="335" Y="349" T="0" Pressure="0"/>
        <Point X="332" Y="349" T="0" Pressure="0"/>
        <Point X="331" Y="349" T="0" Pressure="0"/>
        <Point X="329" Y="349" T="0" Pressure="0"/>
    </Stroke>
</Gesture>
