<?xml version="1.0" ?>
<Gesture Name="08" Subject="1" Number="8" NumPts="116">
    <Point X="328" Y="347"/>
    <Point X="329" Y="347"/>
    <Point X="330" Y="346"/>
    <Point X="332" Y="344"/>
    <Point X="335" Y="342"/>
    <Point X="336" Y="341"/>
    <Point X="338" Y="339"/>
    <Point X="341" Y="336"/>
    <Point X="345" Y="333"/>
    <Point X="350" Y="329"/>
    <Point X="356" Y="324"/>
    <Point X="363" Y="320"/>
    <Point X="369" Y="315"/>
    <Point X="377" Y="309"/>
    <Point X="385" Y="303"/>
    <Point X="395" Y="297"/>
    <Point X="404" Y="291"/>
    <Point X="413" Y="285"/>
    <Point X="422" Y="279"/>
    <Point X="432" Y="272"/>
    <Point X="442" Y="266"/>
    <Point X="450" Y="260"/>
    <Point X="459" Y="254"/>
    <Point X="467" Y="250"/>
    <Point X="473" Y="245"/>
    <Point X="481" Y="241"/>
    <Point X="488" Y="236"/>
    <Point X="494" Y="231"/>
    <Point X="501" Y="226"/>
    <Point X="508" Y="223"/>
    <Point X="515" Y="218"/>
    <Point X="520" Y="214"/>
    <Point X="526" Y="211"/>
    <Point X="530" Y="208"/>
    <Point X="533" Y="206"/>
    <Point X="536" Y="204"/>
    <Point X="538" Y="202"/>
    <Point X="539" Y="202"/>
    <Point X="541" Y="200"/>
    <Point X="542" Y="199"/>
    <Point X="542" Y="198"/>
    <Point X="542" Y="197"/>
    <Point X="541" Y="197"/>
    <Point X="541" Y="196"/>
    <Point X="540" Y="196"/>
    <Point X="538" Y="195"/>
    <Point X="537" Y="194"/>
    <Point X="534" Y="193"/>
    <Point X="530" Y="192"/>
    <Point X="526" Y="191"/>
    <Point X="520" Y="190"/>
    <Point X="514" Y="189"/>
    <Point X="508" Y="189"/>
    <Point X="502" Y="187"/>
    <Point X="496" Y="186"/>
    <Point X="492" Y="186"/>
    <Point X="488" Y="184"/>
    <Point X="485" Y="184"/>
    <Point X="482" Y="183"/>
    <Point X="481" Y="183"/>
    <Point X="480" Y="183"/>
    <Point X="482" Y="183"/>
    <Point X="483" Y="183"/>
    <Point X="485" Y="183"/>
    <Point X="489" Y="184"/>
    <Point X="492" Y="185"/>
    <Point X="496" Y="186"/>
    <Point X="500" Y="187"/>
    <Point X="504" Y="188"/>
    <Point X="507" Y="188"/>
    <Point X="510" Y="189"/>
    <Point X="513" Y="190"/>
    <Point X="515" Y="190"/>
    <Point X="518" Y="191"/>
    <Point X="520" Y="192"/>
    <Point X="522" Y="193"/>
    <Point X="524" Y="193"/>
    <Point X="526" Y="193"/>
    <Point X="527" Y="194"/>
    <Point X="528" Y="194"/>
    <Point X="529" Y="194"/>
    <Point X="529" Y="195"/>
    <Point X="530" Y="195"/>
    <Point X="531" Y="195"/>
    <Point X="532" Y="195"/>
    <Point X="532" Y="196"/>
    <Point X="533" Y="196"/>
    <Point X="534" Y="196"/>
    <Point X="535" Y="196"/>
    <Point X="536" Y="197"/>
    <Point X="537" Y="197"/>
    <Point X="538" Y="198"/>
    <Point X="538" Y="199"/>
    <Point X="538" Y="202"/>
    <Point X="538" Y="204"/>
    <Point X="538" Y="205"/>
    <Point X="539" Y="207"/>
    <Point X="539" Y="211"/>
    <Point X="539" Y="215"/>
    <Point X="539" Y="220"/>
    <Point X="539" Y="225"/>
    <Point X="539" Y="230"/>
    <Point X="539" Y="235"/>
    <Point X="539" Y="241"/>
    <Point X="539" Y="245"/>
    <Point X="539" Y="249"/>
    <Point X="539" Y="253"/>
    <Point X="539" Y="257"/>
    <Point X="539" Y="261"/>
    <Point X="539" Y="264"/>
    <Point X="539" Y="267"/>
    <Point X="539" Y="270"/>
    <Point X="539" Y="273"/>
    <Point X="539" Y="275"/>
    <Point X="540" Y="275"/>
    <Point X="540" Y="276"/>
</Gesture>
