<?xml version="1.0" ?>
<Gesture Name="04" Subject="1" Number="4" NumPts="89">
    <Point X="310" Y="329"/>
    <Point X="311" Y="329"/>
    <Point X="314" Y="328"/>
    <Point X="316" Y="325"/>
    <Point X="317" Y="324"/>
    <Point X="319" Y="321"/>
    <Point X="323" Y="317"/>
    <Point X="328" Y="312"/>
    <Point X="333" Y="307"/>
    <Point X="339" Y="302"/>
    <Point X="347" Y="296"/>
    <Point X="355" Y="291"/>
    <Point X="364" Y="285"/>
    <Point X="373" Y="278"/>
    <Point X="381" Y="272"/>
    <Point X="391" Y="265"/>
    <Point X="400" Y="259"/>
    <Point X="410" Y="253"/>
    <Point X="419" Y="246"/>
    <Point X="429" Y="240"/>
    <Point X="439" Y="235"/>
    <Point X="448" Y="230"/>
    <Point X="455" Y="224"/>
    <Point X="463" Y="220"/>
    <Point X="470" Y="216"/>
    <Point X="476" Y="212"/>
    <Point X="482" Y="209"/>
    <Point X="487" Y="206"/>
    <Point X="492" Y="203"/>
    <Point X="497" Y="201"/>
    <Point X="500" Y="199"/>
    <Point X="503" Y="197"/>
    <Point X="505" Y="195"/>
    <Point X="507" Y="194"/>
    <Point X="508" Y="194"/>
    <Point X="508" Y="193"/>
    <Point X="509" Y="192"/>
    <Point X="510" Y="192"/>
    <Point X="511" Y="191"/>
    <Point X="511" Y="190"/>
    <Point X="510" Y="190"/>
    <Point X="507" Y="189"/>
    <Point X="506" Y="189"/>
    <Point X="504" Y="188"/>
    <Point X="501" Y="187"/>
    <Point X="497" Y="186"/>
    <Point X="492" Y="185"/>
    <Point X="488" Y="184"/>
    <Point X="485" Y="184"/>
    <Point X="481" Y="183"/>
    <Point X="478" Y="182"/>
    <Point X="477" Y="182"/>
    <Point X="475" Y="181"/>
    <Point X="474" Y="181"/>
    <Point X="473" Y="181"/>
    <Point X="472" Y="181"/>
    <Point X="473" Y="181"/>
    <Point X="474" Y="181"/>
    <Point X="475" Y="181"/>
    <Point X="478" Y="182"/>
    <Point X="482" Y="183"/>
    <Point X="486" Y="183"/>
    <Point X="491" Y="185"/>
    <Point X="495" Y="185"/>
    <Point X="499" Y="186"/>
    <Point X="502" Y="186"/>
    <Point X="504" Y="187"/>
    <Point X="506" Y="187"/>
    <Point X="507" Y="187"/>
    <Point X="508" Y="187"/>
    <Point X="509" Y="187"/>
    <Point X="510" Y="188"/>
    <Point X="512" Y="188"/>
    <Point X="513" Y="189"/>
    <Point X="514" Y="189"/>
    <Point X="514" Y="191"/>
    <Point X="514" Y="192"/>
    <Point X="513" Y="193"/>
    <Point X="513" Y="195"/>
    <Point X="513" Y="198"/>
    <Point X="512" Y="202"/>
    <Point X="512" Y="206"/>
    <Point X="511" Y="210"/>
    <Point X="510" Y="215"/>
    <Point X="510" Y="220"/>
    <Point X="510" Y="223"/>
    <Point X="510" Y="227"/>
    <Point X="510" Y="229"/>
    <Point X="510" Y="230"/>
</Gesture>
