<?xml version="1.0" ?>
<Gesture Name="03" Subject="1" Number="3" NumPts="111">
    <Point X="268" Y="327"/>
    <Point X="269" Y="327"/>
    <Point X="270" Y="327"/>
    <Point X="272" Y="327"/>
    <Point X="273" Y="326"/>
    <Point X="274" Y="326"/>
    <Point X="276" Y="324"/>
    <Point X="280" Y="322"/>
    <Point X="285" Y="320"/>
    <Point X="291" Y="316"/>
    <Point X="299" Y="312"/>
    <Point X="307" Y="309"/>
    <Point X="315" Y="305"/>
    <Point X="325" Y="301"/>
    <Point X="335" Y="297"/>
    <Point X="345" Y="293"/>
    <Point X="356" Y="288"/>
    <Point X="367" Y="284"/>
    <Point X="379" Y="280"/>
    <Point X="391" Y="275"/>
    <Point X="403" Y="271"/>
    <Point X="414" Y="267"/>
    <Point X="423" Y="264"/>
    <Point X="431" Y="261"/>
    <Point X="438" Y="258"/>
    <Point X="445" Y="254"/>
    <Point X="450" Y="252"/>
    <Point X="455" Y="250"/>
    <Point X="459" Y="247"/>
    <Point X="463" Y="244"/>
    <Point X="467" Y="242"/>
    <Point X="471" Y="240"/>
    <Point X="475" Y="237"/>
    <Point X="479" Y="236"/>
    <Point X="484" Y="234"/>
    <Point X="488" Y="232"/>
    <Point X="492" Y="231"/>
    <Point X="495" Y="229"/>
    <Point X="496" Y="229"/>
    <Point X="497" Y="229"/>
    <Point X="497" Y="228"/>
    <Point X="498" Y="228"/>
    <Point X="499" Y="228"/>
    <Point X="500" Y="227"/>
    <Point X="501" Y="227"/>
    <Point X="502" Y="227"/>
    <Point X="502" Y="226"/>
    <Point X="501" Y="225"/>
    <Point X="499" Y="224"/>
    <Point X="497" Y="222"/>
    <Point X="495" Y="221"/>
    <Point X="494" Y="220"/>
    <Point X="493" Y="220"/>
    <Point X="490" Y="219"/>
    <Point X="488" Y="217"/>
    <Point X="485" Y="216"/>
    <Point X="482" Y="215"/>
    <Point X="479" Y="214"/>
    <Point X="476" Y="213"/>
    <Point X="474" Y="212"/>
    <Point X="472" Y="212"/>
    <Point X="470" Y="211"/>
    <Point X="467" Y="210"/>
    <Point X="466" Y="210"/>
    <Point X="465" Y="210"/>
    <Point X="464" Y="209"/>
    <Point X="463" Y="209"/>
    <Point X="465" Y="209"/>
    <Point X="467" Y="211"/>
    <Point X="470" Y="211"/>
    <Point X="470" Y="212"/>
    <Point X="472" Y="213"/>
    <Point X="474" Y="214"/>
    <Point X="478" Y="215"/>
    <Point X="480" Y="216"/>
    <Point X="483" Y="217"/>
    <Point X="486" Y="218"/>
    <Point X="489" Y="220"/>
    <Point X="491" Y="221"/>
    <Point X="493" Y="222"/>
    <Point X="494" Y="222"/>
    <Point X="497" Y="223"/>
    <Point X="499" Y="224"/>
    <Point X="500" Y="224"/>
    <Point X="502" Y="225"/>
    <Point X="504" Y="225"/>
    <Point X="505" Y="226"/>
    <Point X="506" Y="226"/>
    <Point X="507" Y="227"/>
    <Point X="508" Y="227"/>
    <Point X="508" Y="228"/>
    <Point X="509" Y="228"/>
    <Point X="510" Y="228"/>
    <Point X="510" Y="229"/>
    <Point X="509" Y="231"/>
    <Point X="508" Y="232"/>
    <Point X="507" Y="234"/>
    <Point X="506" Y="236"/>
    <Point X="505" Y="239"/>
    <Point X="504" Y="240"/>
    <Point X="504" Y="242"/>
    <Point X="502" Y="245"/>
    <Point X="500" Y="248"/>
    <Point X="499" Y="252"/>
    <Point X="498" Y="255"/>
    <Point X="496" Y="259"/>
    <Point X="495" Y="263"/>
    <Point X="494" Y="265"/>
    <Point X="493" Y="269"/>
    <Point X="492" Y="271"/>
    <Point X="492" Y="272"/>
</Gesture>
