<?xml version="1.0" ?>
<Gesture Name="01" Subject="1" Number="1" NumPts="88">
    <Point X="240" Y="277"/>
    <Point X="241" Y="277"/>
    <Point X="243" Y="275"/>
    <Point X="245" Y="273"/>
    <Point X="246" Y="272"/>
    <Point X="248" Y="269"/>
    <Point X="252" Y="265"/>
    <Point X="257" Y="261"/>
    <Point X="262" Y="256"/>
    <Point X="269" Y="251"/>
    <Point X="277" Y="247"/>
    <Point X="286" Y="241"/>
    <Point X="295" Y="237"/>
    <Point X="304" Y="231"/>
    <Point X="314" Y="227"/>
    <Point X="323" Y="221"/>
    <Point X="332" Y="217"/>
    <Point X="342" Y="211"/>
    <Point X="353" Y="206"/>
    <Point X="364" Y="200"/>
    <Point X="374" Y="196"/>
    <Point X="384" Y="191"/>
    <Point X="395" Y="187"/>
    <Point X="402" Y="184"/>
    <Point X="410" Y="180"/>
    <Point X="416" Y="177"/>
    <Point X="422" Y="175"/>
    <Point X="426" Y="173"/>
    <Point X="429" Y="172"/>
    <Point X="431" Y="170"/>
    <Point X="433" Y="169"/>
    <Point X="434" Y="167"/>
    <Point X="436" Y="166"/>
    <Point X="437" Y="165"/>
    <Point X="438" Y="164"/>
    <Point X="440" Y="162"/>
    <Point X="441" Y="160"/>
    <Point X="442" Y="160"/>
    <Point X="443" Y="159"/>
    <Point X="444" Y="158"/>
    <Point X="442" Y="157"/>
    <Point X="442" Y="156"/>
    <Point X="441" Y="156"/>
    <Point X="440" Y="155"/>
    <Point X="437" Y="154"/>
    <Point X="433" Y="153"/>
    <Point X="428" Y="152"/>
    <Point X="423" Y="150"/>
    <Point X="418" Y="149"/>
    <Point X="413" Y="148"/>
    <Point X="408" Y="147"/>
    <Point X="402" Y="146"/>
    <Point X="399" Y="145"/>
    <Point X="396" Y="145"/>
    <Point X="395" Y="145"/>
    <Point X="397" Y="145"/>
    <Point X="398" Y="145"/>
    <Point X="401" Y="145"/>
    <Point X="405" Y="145"/>
    <Point X="410" Y="145"/>
    <Point X="415" Y="146"/>
    <Point X="419" Y="146"/>
    <Point X="424" Y="147"/>
    <Point X="428" Y="148"/>
    <Point X="432" Y="149"/>
    <Point X="435" Y="149"/>
    <Point X="439" Y="150"/>
    <Point X="440" Y="150"/>
    <Point X="440" Y="151"/>
    <Point X="440" Y="152"/>
    <Point X="441" Y="153"/>
    <Point X="441" Y="154"/>
    <Point X="442" Y="156"/>
    <Point X="443" Y="158"/>
    <Point X="443" Y="160"/>
    <Point X="443" Y="161"/>
    <Point X="444" Y="164"/>
    <Point X="444" Y="167"/>
    <Point X="445" Y="171"/>
    <Point X="445" Y="174"/>
    <Point X="446" Y="179"/>
    <Point X="447" Y="185"/>
    <Point X="447" Y="189"/>
    <Point X="447" Y="194"/>
    <Point X="447" Y="199"/>
    <Point X="447" Y="202"/>
    <Point X="447" Y="204"/>
    <Point X="447" Y="206"/>
</Gesture>
