<?xml version="1.0" ?>
<Gesture Name="06" Subject="1" Number="6" NumPts="105">
    <Point X="299" Y="311"/>
    <Point X="300" Y="311"/>
    <Point X="302" Y="311"/>
    <Point X="303" Y="310"/>
    <Point X="305" Y="309"/>
    <Point X="308" Y="307"/>
    <Point X="312" Y="304"/>
    <Point X="316" Y="300"/>
    <Point X="323" Y="295"/>
    <Point X="330" Y="291"/>
    <Point X="337" Y="286"/>
    <Point X="344" Y="281"/>
    <Point X="352" Y="276"/>
    <Point X="360" Y="271"/>
    <Point X="369" Y="265"/>
    <Point X="377" Y="259"/>
    <Point X="385" Y="254"/>
    <Point X="394" Y="248"/>
    <Point X="403" Y="243"/>
    <Point X="412" Y="237"/>
    <Point X="421" Y="232"/>
    <Point X="432" Y="226"/>
    <Point X="442" Y="221"/>
    <Point X="452" Y="216"/>
    <Point X="462" Y="213"/>
    <Point X="470" Y="210"/>
    <Point X="477" Y="206"/>
    <Point X="484" Y="202"/>
    <Point X="489" Y="199"/>
    <Point X="495" Y="196"/>
    <Point X="500" Y="192"/>
    <Point X="505" Y="189"/>
    <Point X="509" Y="186"/>
    <Point X="514" Y="183"/>
    <Point X="518" Y="180"/>
    <Point X="522" Y="178"/>
    <Point X="525" Y="176"/>
    <Point X="527" Y="174"/>
    <Point X="529" Y="174"/>
    <Point X="531" Y="173"/>
    <Point X="531" Y="172"/>
    <Point X="532" Y="172"/>
    <Point X="532" Y="171"/>
    <Point X="531" Y="170"/>
    <Point X="530" Y="169"/>
    <Point X="528" Y="168"/>
    <Point X="526" Y="167"/>
    <Point X="525" Y="167"/>
    <Point X="521" Y="166"/>
    <Point X="517" Y="165"/>
    <Point X="512" Y="163"/>
    <Point X="507" Y="162"/>
    <Point X="502" Y="161"/>
    <Point X="497" Y="159"/>
    <Point X="492" Y="158"/>
    <Point X="488" Y="157"/>
    <Point X="484" Y="156"/>
    <Point X="481" Y="155"/>
    <Point X="479" Y="155"/>
    <Point X="477" Y="154"/>
    <Point X="476" Y="154"/>
    <Point X="477" Y="154"/>
    <Point X="480" Y="157"/>
    <Point X="481" Y="157"/>
    <Point X="482" Y="158"/>
    <Point X="485" Y="159"/>
    <Point X="488" Y="162"/>
    <Point X="490" Y="163"/>
    <Point X="494" Y="165"/>
    <Point X="497" Y="166"/>
    <Point X="500" Y="167"/>
    <Point X="502" Y="168"/>
    <Point X="505" Y="170"/>
    <Point X="506" Y="171"/>
    <Point X="509" Y="172"/>
    <Point X="512" Y="172"/>
    <Point X="513" Y="172"/>
    <Point X="514" Y="173"/>
    <Point X="516" Y="173"/>
    <Point X="517" Y="173"/>
    <Point X="519" Y="173"/>
    <Point X="520" Y="173"/>
    <Point X="521" Y="173"/>
    <Point X="522" Y="173"/>
    <Point X="523" Y="173"/>
    <Point X="524" Y="173"/>
    <Point X="524" Y="174"/>
    <Point X="524" Y="175"/>
    <Point X="525" Y="178"/>
    <Point X="525" Y="182"/>
    <Point X="525" Y="186"/>
    <Point X="525" Y="190"/>
    <Point X="525" Y="196"/>
    <Point X="525" Y="201"/>
    <Point X="525" Y="207"/>
    <Point X="525" Y="213"/>
    <Point X="525" Y="218"/>
    <Point X="525" Y="223"/>
    <Point X="525" Y="228"/>
    <Point X="525" Y="232"/>
    <Point X="524" Y="236"/>
    <Point X="524" Y="238"/>
    <Point X="523" Y="241"/>
    <Point X="523" Y="242"/>
    <Point X="523" Y="243"/>
</Gesture>
