<?xml version="1.0" ?>
<Gesture Name="09" Subject="1" Number="9" NumPts="92">
    <Point X="329" Y="359"/>
    <Point X="329" Y="358"/>
    <Point X="329" Y="357"/>
    <Point X="331" Y="355"/>
    <Point X="333" Y="352"/>
    <Point X="334" Y="350"/>
    <Point X="336" Y="348"/>
    <Point X="340" Y="345"/>
    <Point X="345" Y="341"/>
    <Point X="350" Y="336"/>
    <Point X="358" Y="331"/>
    <Point X="365" Y="326"/>
    <Point X="373" Y="320"/>
    <Point X="382" Y="315"/>
    <Point X="391" Y="310"/>
    <Point X="400" Y="305"/>
    <Point X="409" Y="300"/>
    <Point X="419" Y="296"/>
    <Point X="428" Y="291"/>
    <Point X="437" Y="286"/>
    <Point X="445" Y="282"/>
    <Point X="453" Y="278"/>
    <Point X="461" Y="274"/>
    <Point X="468" Y="270"/>
    <Point X="474" Y="267"/>
    <Point X="481" Y="264"/>
    <Point X="486" Y="261"/>
    <Point X="491" Y="258"/>
    <Point X="494" Y="255"/>
    <Point X="498" Y="253"/>
    <Point X="500" Y="252"/>
    <Point X="500" Y="251"/>
    <Point X="502" Y="250"/>
    <Point X="504" Y="249"/>
    <Point X="504" Y="248"/>
    <Point X="505" Y="248"/>
    <Point X="506" Y="247"/>
    <Point X="507" Y="246"/>
    <Point X="507" Y="245"/>
    <Point X="506" Y="244"/>
    <Point X="505" Y="244"/>
    <Point X="505" Y="243"/>
    <Point X="503" Y="242"/>
    <Point X="501" Y="241"/>
    <Point X="497" Y="240"/>
    <Point X="493" Y="238"/>
    <Point X="489" Y="236"/>
    <Point X="483" Y="235"/>
    <Point X="478" Y="233"/>
    <Point X="473" Y="231"/>
    <Point X="469" Y="230"/>
    <Point X="466" Y="229"/>
    <Point X="465" Y="229"/>
    <Point X="464" Y="228"/>
    <Point X="467" Y="229"/>
    <Point X="469" Y="230"/>
    <Point X="470" Y="231"/>
    <Point X="472" Y="232"/>
    <Point X="474" Y="233"/>
    <Point X="478" Y="234"/>
    <Point X="482" Y="236"/>
    <Point X="486" Y="237"/>
    <Point X="489" Y="238"/>
    <Point X="493" Y="239"/>
    <Point X="493" Y="240"/>
    <Point X="494" Y="241"/>
    <Point X="496" Y="241"/>
    <Point X="497" Y="242"/>
    <Point X="498" Y="242"/>
    <Point X="499" Y="243"/>
    <Point X="500" Y="243"/>
    <Point X="501" Y="244"/>
    <Point X="502" Y="244"/>
    <Point X="503" Y="244"/>
    <Point X="503" Y="245"/>
    <Point X="503" Y="247"/>
    <Point X="503" Y="250"/>
    <Point X="503" Y="252"/>
    <Point X="503" Y="254"/>
    <Point X="503" Y="256"/>
    <Point X="503" Y="260"/>
    <Point X="503" Y="264"/>
    <Point X="502" Y="268"/>
    <Point X="501" Y="273"/>
    <Point X="501" Y="277"/>
    <Point X="500" Y="282"/>
    <Point X="500" Y="286"/>
    <Point X="499" Y="290"/>
    <Point X="499" Y="293"/>
    <Point X="498" Y="296"/>
    <Point X="498" Y="298"/>
    <Point X="498" Y="300"/>
</Gesture>
