<?xml version="1.0" ?>
<Gesture Name="10" Subject="1" Number="10" NumPts="113">
    <Point X="306" Y="288"/>
    <Point X="307" Y="288"/>
    <Point X="308" Y="288"/>
    <Point X="311" Y="285"/>
    <Point X="312" Y="284"/>
    <Point X="314" Y="282"/>
    <Point X="315" Y="281"/>
    <Point X="317" Y="279"/>
    <Point X="320" Y="275"/>
    <Point X="325" Y="272"/>
    <Point X="330" Y="268"/>
    <Point X="335" Y="264"/>
    <Point X="342" Y="260"/>
    <Point X="349" Y="256"/>
    <Point X="356" Y="252"/>
    <Point X="363" Y="247"/>
    <Point X="370" Y="243"/>
    <Point X="378" Y="238"/>
    <Point X="386" Y="234"/>
    <Point X="396" Y="228"/>
    <Point X="404" Y="224"/>
    <Point X="415" Y="219"/>
    <Point X="425" Y="214"/>
    <Point X="435" Y="210"/>
    <Point X="444" Y="206"/>
    <Point X="453" Y="203"/>
    <Point X="462" Y="200"/>
    <Point X="470" Y="196"/>
    <Point X="478" Y="192"/>
    <Point X="486" Y="189"/>
    <Point X="494" Y="186"/>
    <Point X="501" Y="183"/>
    <Point X="507" Y="181"/>
    <Point X="511" Y="179"/>
    <Point X="515" Y="177"/>
    <Point X="518" Y="176"/>
    <Point X="520" Y="175"/>
    <Point X="522" Y="174"/>
    <Point X="524" Y="172"/>
    <Point X="526" Y="171"/>
    <Point X="528" Y="171"/>
    <Point X="529" Y="170"/>
    <Point X="530" Y="169"/>
    <Point X="531" Y="168"/>
    <Point X="532" Y="168"/>
    <Point X="532" Y="167"/>
    <Point X="531" Y="166"/>
    <Point X="530" Y="166"/>
    <Point X="528" Y="165"/>
    <Point X="525" Y="164"/>
    <Point X="524" Y="163"/>
    <Point X="521" Y="162"/>
    <Point X="517" Y="161"/>
    <Point X="514" Y="160"/>
    <Point X="510" Y="159"/>
    <Point X="506" Y="158"/>
    <Point X="502" Y="157"/>
    <Point X="499" Y="157"/>
    <Point X="496" Y="156"/>
    <Point X="493" Y="155"/>
    <Point X="492" Y="155"/>
    <Point X="490" Y="155"/>
    <Point X="489" Y="154"/>
    <Point X="488" Y="154"/>
    <Point X="487" Y="154"/>
    <Point X="486" Y="154"/>
    <Point X="487" Y="154"/>
    <Point X="488" Y="155"/>
    <Point X="489" Y="155"/>
    <Point X="491" Y="155"/>
    <Point X="494" Y="156"/>
    <Point X="498" Y="157"/>
    <Point X="502" Y="157"/>
    <Point X="506" Y="159"/>
    <Point X="511" Y="160"/>
    <Point X="515" Y="161"/>
    <Point X="519" Y="161"/>
    <Point X="522" Y="162"/>
    <Point X="524" Y="163"/>
    <Point X="526" Y="164"/>
    <Point X="527" Y="164"/>
    <Point X="528" Y="164"/>
    <Point X="528" Y="165"/>
    <Point X="529" Y="165"/>
    <Point X="529" Y="166"/>
    <Point X="530" Y="166"/>
    <Point X="531" Y="167"/>
    <Point X="531" Y="168"/>
    <Point X="531" Y="170"/>
    <Point X="531" Y="172"/>
    <Point X="531" Y="173"/>
    <Point X="531" Y="174"/>
    <Point X="531" Y="177"/>
    <Point X="531" Y="179"/>
    <Point X="531" Y="182"/>
    <Point X="531" Y="186"/>
    <Point X="531" Y="189"/>
    <Point X="531" Y="193"/>
    <Point X="531" Y="197"/>
    <Point X="531" Y="201"/>
    <Point X="531" Y="205"/>
    <Point X="531" Y="208"/>
    <Point X="531" Y="212"/>
    <Point X="531" Y="216"/>
    <Point X="531" Y="219"/>
    <Point X="530" Y="222"/>
    <Point X="530" Y="224"/>
    <Point X="530" Y="227"/>
    <Point X="530" Y="228"/>
    <Point X="530" Y="230"/>
    <Point X="530" Y="232"/>
    <Point X="530" Y="233"/>
    <Point X="529" Y="233"/>
</Gesture>
