<?xml version="1.0" ?>
<Gesture Name="02" Subject="1" Number="2" NumPts="104">
    <Point X="366" Y="319"/>
    <Point X="366" Y="318"/>
    <Point X="367" Y="317"/>
    <Point X="368" Y="316"/>
    <Point X="369" Y="313"/>
    <Point X="371" Y="310"/>
    <Point X="375" Y="305"/>
    <Point X="379" Y="300"/>
    <Point X="384" Y="295"/>
    <Point X="390" Y="289"/>
    <Point X="396" Y="284"/>
    <Point X="402" Y="277"/>
    <Point X="409" Y="270"/>
    <Point X="416" Y="264"/>
    <Point X="424" Y="258"/>
    <Point X="431" Y="252"/>
    <Point X="439" Y="247"/>
    <Point X="447" Y="241"/>
    <Point X="455" Y="235"/>
    <Point X="462" Y="231"/>
    <Point X="470" Y="226"/>
    <Point X="476" Y="223"/>
    <Point X="482" Y="219"/>
    <Point X="487" Y="216"/>
    <Point X="492" Y="213"/>
    <Point X="497" Y="210"/>
    <Point X="501" Y="207"/>
    <Point X="505" Y="205"/>
    <Point X="509" Y="203"/>
    <Point X="513" Y="201"/>
    <Point X="515" Y="200"/>
    <Point X="516" Y="199"/>
    <Point X="517" Y="198"/>
    <Point X="518" Y="198"/>
    <Point X="518" Y="197"/>
    <Point X="518" Y="196"/>
    <Point X="517" Y="195"/>
    <Point X="516" Y="195"/>
    <Point X="514" Y="193"/>
    <Point X="511" Y="192"/>
    <Point X="507" Y="190"/>
    <Point X="503" Y="188"/>
    <Point X="498" Y="186"/>
    <Point X="493" Y="184"/>
    <Point X="488" Y="181"/>
    <Point X="482" Y="179"/>
    <Point X="478" Y="177"/>
    <Point X="473" Y="176"/>
    <Point X="470" Y="175"/>
    <Point X="468" Y="174"/>
    <Point X="470" Y="174"/>
    <Point X="471" Y="174"/>
    <Point X="474" Y="174"/>
    <Point X="478" Y="174"/>
    <Point X="483" Y="175"/>
    <Point X="488" Y="176"/>
    <Point X="495" Y="177"/>
    <Point X="500" Y="178"/>
    <Point X="504" Y="178"/>
    <Point X="507" Y="179"/>
    <Point X="509" Y="179"/>
    <Point X="511" Y="179"/>
    <Point X="512" Y="180"/>
    <Point X="513" Y="180"/>
    <Point X="513" Y="181"/>
    <Point X="515" Y="181"/>
    <Point X="517" Y="182"/>
    <Point X="519" Y="184"/>
    <Point X="520" Y="184"/>
    <Point X="521" Y="184"/>
    <Point X="521" Y="185"/>
    <Point X="522" Y="185"/>
    <Point X="523" Y="185"/>
    <Point X="523" Y="186"/>
    <Point X="523" Y="187"/>
    <Point X="523" Y="188"/>
    <Point X="523" Y="190"/>
    <Point X="523" Y="192"/>
    <Point X="523" Y="194"/>
    <Point X="524" Y="198"/>
    <Point X="524" Y="201"/>
    <Point X="524" Y="204"/>
    <Point X="524" Y="208"/>
    <Point X="524" Y="212"/>
    <Point X="524" Y="215"/>
    <Point X="524" Y="217"/>
    <Point X="524" Y="220"/>
    <Point X="524" Y="223"/>
    <Point X="524" Y="226"/>
    <Point X="524" Y="228"/>
    <Point X="524" Y="231"/>
    <Point X="524" Y="234"/>
    <Point X="524" Y="236"/>
    <Point X="524" Y="238"/>
    <Point X="524" Y="240"/>
    <Point X="524" Y="242"/>
    <Point X="524" Y="243"/>
    <Point X="524" Y="244"/>
    <Point X="524" Y="245"/>
    <Point X="524" Y="246"/>
    <Point X="524" Y="247"/>
    <Point X="525" Y="247"/>
    <Point X="525" Y="248"/>
    <Point X="525" Y="249"/>
</Gesture>
