<?xml version="1.0" ?>
<Gesture Name="05" Subject="1" Number="5" NumPts="104">
    <Point X="300" Y="322"/>
    <Point X="301" Y="322"/>
    <Point X="302" Y="322"/>
    <Point X="304" Y="322"/>
    <Point X="307" Y="319"/>
    <Point X="308" Y="318"/>
    <Point X="310" Y="315"/>
    <Point X="314" Y="312"/>
    <Point X="318" Y="309"/>
    <Point X="323" Y="305"/>
    <Point X="330" Y="301"/>
    <Point X="335" Y="298"/>
    <Point X="342" Y="294"/>
    <Point X="349" Y="290"/>
    <Point X="356" Y="285"/>
    <Point X="363" Y="281"/>
    <Point X="370" Y="276"/>
    <Point X="377" Y="271"/>
    <Point X="385" Y="267"/>
    <Point X="393" Y="261"/>
    <Point X="402" Y="257"/>
    <Point X="410" Y="252"/>
    <Point X="420" Y="247"/>
    <Point X="430" Y="243"/>
    <Point X="440" Y="239"/>
    <Point X="451" Y="235"/>
    <Point X="460" Y="232"/>
    <Point X="468" Y="228"/>
    <Point X="475" Y="225"/>
    <Point X="481" Y="223"/>
    <Point X="487" Y="220"/>
    <Point X="492" Y="218"/>
    <Point X="496" Y="215"/>
    <Point X="500" Y="213"/>
    <Point X="504" Y="211"/>
    <Point X="508" Y="208"/>
    <Point X="513" Y="206"/>
    <Point X="516" Y="204"/>
    <Point X="520" Y="202"/>
    <Point X="524" Y="200"/>
    <Point X="527" Y="199"/>
    <Point X="530" Y="197"/>
    <Point X="532" Y="196"/>
    <Point X="535" Y="194"/>
    <Point X="536" Y="194"/>
    <Point X="537" Y="193"/>
    <Point X="538" Y="192"/>
    <Point X="537" Y="190"/>
    <Point X="536" Y="190"/>
    <Point X="534" Y="189"/>
    <Point X="531" Y="187"/>
    <Point X="528" Y="186"/>
    <Point X="524" Y="184"/>
    <Point X="519" Y="182"/>
    <Point X="515" Y="181"/>
    <Point X="509" Y="179"/>
    <Point X="505" Y="178"/>
    <Point X="500" Y="177"/>
    <Point X="496" Y="175"/>
    <Point X="493" Y="174"/>
    <Point X="491" Y="174"/>
    <Point X="489" Y="174"/>
    <Point X="489" Y="173"/>
    <Point X="488" Y="173"/>
    <Point X="487" Y="173"/>
    <Point X="488" Y="174"/>
    <Point X="489" Y="175"/>
    <Point X="490" Y="176"/>
    <Point X="493" Y="177"/>
    <Point X="496" Y="179"/>
    <Point X="500" Y="181"/>
    <Point X="505" Y="183"/>
    <Point X="510" Y="185"/>
    <Point X="515" Y="186"/>
    <Point X="521" Y="188"/>
    <Point X="525" Y="189"/>
    <Point X="529" Y="190"/>
    <Point X="531" Y="190"/>
    <Point X="533" Y="191"/>
    <Point X="534" Y="191"/>
    <Point X="535" Y="192"/>
    <Point X="537" Y="192"/>
    <Point X="538" Y="193"/>
    <Point X="540" Y="194"/>
    <Point X="541" Y="194"/>
    <Point X="542" Y="194"/>
    <Point X="543" Y="194"/>
    <Point X="543" Y="195"/>
    <Point X="543" Y="196"/>
    <Point X="542" Y="197"/>
    <Point X="542" Y="199"/>
    <Point X="541" Y="201"/>
    <Point X="540" Y="204"/>
    <Point X="540" Y="205"/>
    <Point X="539" Y="207"/>
    <Point X="539" Y="209"/>
    <Point X="537" Y="213"/>
    <Point X="536" Y="217"/>
    <Point X="535" Y="222"/>
    <Point X="535" Y="226"/>
    <Point X="534" Y="230"/>
    <Point X="533" Y="233"/>
    <Point X="533" Y="235"/>
    <Point X="533" Y="237"/>
</Gesture>
