<?xml version="1.0" ?>
<Gesture Name="07" Subject="1" Number="7" NumPts="94">
    <Point X="290" Y="280"/>
    <Point X="290" Y="281"/>
    <Point X="291" Y="281"/>
    <Point X="293" Y="280"/>
    <Point X="295" Y="278"/>
    <Point X="296" Y="277"/>
    <Point X="299" Y="274"/>
    <Point X="300" Y="272"/>
    <Point X="303" Y="269"/>
    <Point X="306" Y="266"/>
    <Point X="311" Y="262"/>
    <Point X="316" Y="257"/>
    <Point X="323" Y="253"/>
    <Point X="330" Y="247"/>
    <Point X="337" Y="242"/>
    <Point X="345" Y="238"/>
    <Point X="353" Y="233"/>
    <Point X="362" Y="228"/>
    <Point X="371" Y="224"/>
    <Point X="381" Y="220"/>
    <Point X="390" Y="216"/>
    <Point X="399" Y="212"/>
    <Point X="409" Y="208"/>
    <Point X="419" Y="205"/>
    <Point X="428" Y="202"/>
    <Point X="436" Y="199"/>
    <Point X="445" Y="196"/>
    <Point X="452" Y="194"/>
    <Point X="459" Y="191"/>
    <Point X="466" Y="190"/>
    <Point X="473" Y="187"/>
    <Point X="480" Y="185"/>
    <Point X="486" Y="183"/>
    <Point X="492" Y="181"/>
    <Point X="497" Y="179"/>
    <Point X="502" Y="178"/>
    <Point X="504" Y="177"/>
    <Point X="507" Y="176"/>
    <Point X="508" Y="175"/>
    <Point X="509" Y="175"/>
    <Point X="509" Y="174"/>
    <Point X="510" Y="174"/>
    <Point X="510" Y="173"/>
    <Point X="511" Y="172"/>
    <Point X="511" Y="171"/>
    <Point X="511" Y="170"/>
    <Point X="510" Y="169"/>
    <Point X="509" Y="168"/>
    <Point X="507" Y="167"/>
    <Point X="505" Y="165"/>
    <Point X="503" Y="165"/>
    <Point X="503" Y="164"/>
    <Point X="501" Y="163"/>
    <Point X="498" Y="161"/>
    <Point X="496" Y="160"/>
    <Point X="493" Y="159"/>
    <Point X="492" Y="158"/>
    <Point X="491" Y="158"/>
    <Point X="490" Y="157"/>
    <Point X="493" Y="159"/>
    <Point X="495" Y="160"/>
    <Point X="497" Y="161"/>
    <Point X="499" Y="162"/>
    <Point X="500" Y="163"/>
    <Point X="503" Y="165"/>
    <Point X="505" Y="167"/>
    <Point X="507" Y="168"/>
    <Point X="508" Y="169"/>
    <Point X="510" Y="170"/>
    <Point X="512" Y="172"/>
    <Point X="514" Y="173"/>
    <Point X="516" Y="174"/>
    <Point X="517" Y="175"/>
    <Point X="518" Y="175"/>
    <Point X="518" Y="176"/>
    <Point X="519" Y="176"/>
    <Point X="520" Y="177"/>
    <Point X="520" Y="178"/>
    <Point X="520" Y="179"/>
    <Point X="520" Y="180"/>
    <Point X="520" Y="183"/>
    <Point X="519" Y="183"/>
    <Point X="519" Y="184"/>
    <Point X="518" Y="187"/>
    <Point X="518" Y="189"/>
    <Point X="517" Y="192"/>
    <Point X="517" Y="195"/>
    <Point X="516" Y="198"/>
    <Point X="515" Y="200"/>
    <Point X="515" Y="202"/>
    <Point X="514" Y="205"/>
    <Point X="513" Y="206"/>
    <Point X="513" Y="207"/>
    <Point X="512" Y="208"/>
</Gesture>
