<?xml version="1.0" ?>
<Gesture Name="05" Subject="1" Number="5" NumPts="76">
    <Point X="237" Y="298"/>
    <Point X="239" Y="296"/>
    <Point X="239" Y="294"/>
    <Point X="240" Y="291"/>
    <Point X="242" Y="287"/>
    <Point X="244" Y="282"/>
    <Point X="248" Y="276"/>
    <Point X="251" Y="270"/>
    <Point X="255" Y="263"/>
    <Point X="259" Y="256"/>
    <Point X="264" Y="249"/>
    <Point X="268" Y="241"/>
    <Point X="273" Y="235"/>
    <Point X="277" Y="229"/>
    <Point X="282" Y="221"/>
    <Point X="285" Y="215"/>
    <Point X="289" Y="209"/>
    <Point X="293" Y="203"/>
    <Point X="297" Y="198"/>
    <Point X="300" Y="192"/>
    <Point X="303" Y="187"/>
    <Point X="306" Y="184"/>
    <Point X="308" Y="180"/>
    <Point X="311" Y="175"/>
    <Point X="314" Y="171"/>
    <Point X="316" Y="166"/>
    <Point X="319" Y="162"/>
    <Point X="321" Y="158"/>
    <Point X="324" Y="154"/>
    <Point X="326" Y="150"/>
    <Point X="328" Y="147"/>
    <Point X="330" Y="144"/>
    <Point X="331" Y="142"/>
    <Point X="332" Y="142"/>
    <Point X="332" Y="141"/>
    <Point X="333" Y="142"/>
    <Point X="333" Y="143"/>
    <Point X="334" Y="145"/>
    <Point X="337" Y="149"/>
    <Point X="339" Y="154"/>
    <Point X="341" Y="158"/>
    <Point X="344" Y="163"/>
    <Point X="346" Y="169"/>
    <Point X="349" Y="173"/>
    <Point X="351" Y="179"/>
    <Point X="353" Y="186"/>
    <Point X="355" Y="192"/>
    <Point X="357" Y="198"/>
    <Point X="360" Y="205"/>
    <Point X="362" Y="211"/>
    <Point X="364" Y="218"/>
    <Point X="366" Y="226"/>
    <Point X="368" Y="232"/>
    <Point X="370" Y="239"/>
    <Point X="372" Y="245"/>
    <Point X="373" Y="251"/>
    <Point X="375" Y="257"/>
    <Point X="376" Y="262"/>
    <Point X="378" Y="267"/>
    <Point X="379" Y="271"/>
    <Point X="380" Y="274"/>
    <Point X="380" Y="278"/>
    <Point X="382" Y="282"/>
    <Point X="383" Y="286"/>
    <Point X="384" Y="290"/>
    <Point X="385" Y="294"/>
    <Point X="386" Y="298"/>
    <Point X="387" Y="302"/>
    <Point X="387" Y="306"/>
    <Point X="388" Y="310"/>
    <Point X="389" Y="313"/>
    <Point X="389" Y="315"/>
    <Point X="390" Y="317"/>
    <Point X="390" Y="318"/>
    <Point X="390" Y="319"/>
    <Point X="390" Y="320"/>
</Gesture>
