<?xml version="1.0" ?>
<Gesture Name="10" Subject="1" Number="10" NumPts="83">
    <Point X="360" Y="322"/>
    <Point X="361" Y="322"/>
    <Point X="362" Y="320"/>
    <Point X="363" Y="319"/>
    <Point X="365" Y="316"/>
    <Point X="367" Y="312"/>
    <Point X="370" Y="306"/>
    <Point X="373" Y="299"/>
    <Point X="377" Y="292"/>
    <Point X="381" Y="283"/>
    <Point X="385" Y="275"/>
    <Point X="390" Y="266"/>
    <Point X="394" Y="258"/>
    <Point X="399" Y="249"/>
    <Point X="404" Y="240"/>
    <Point X="409" Y="232"/>
    <Point X="413" Y="225"/>
    <Point X="417" Y="216"/>
    <Point X="420" Y="209"/>
    <Point X="424" Y="200"/>
    <Point X="428" Y="193"/>
    <Point X="431" Y="185"/>
    <Point X="434" Y="178"/>
    <Point X="437" Y="171"/>
    <Point X="439" Y="165"/>
    <Point X="442" Y="158"/>
    <Point X="443" Y="152"/>
    <Point X="445" Y="147"/>
    <Point X="447" Y="142"/>
    <Point X="449" Y="138"/>
    <Point X="450" Y="134"/>
    <Point X="451" Y="131"/>
    <Point X="452" Y="128"/>
    <Point X="452" Y="125"/>
    <Point X="453" Y="122"/>
    <Point X="454" Y="119"/>
    <Point X="454" Y="117"/>
    <Point X="455" Y="115"/>
    <Point X="455" Y="114"/>
    <Point X="456" Y="117"/>
    <Point X="456" Y="118"/>
    <Point X="457" Y="121"/>
    <Point X="459" Y="126"/>
    <Point X="462" Y="131"/>
    <Point X="465" Y="138"/>
    <Point X="467" Y="146"/>
    <Point X="471" Y="155"/>
    <Point X="475" Y="163"/>
    <Point X="479" Y="172"/>
    <Point X="482" Y="182"/>
    <Point X="485" Y="190"/>
    <Point X="489" Y="199"/>
    <Point X="492" Y="207"/>
    <Point X="496" Y="215"/>
    <Point X="499" Y="223"/>
    <Point X="502" Y="231"/>
    <Point X="505" Y="237"/>
    <Point X="507" Y="243"/>
    <Point X="509" Y="249"/>
    <Point X="511" Y="255"/>
    <Point X="512" Y="260"/>
    <Point X="514" Y="265"/>
    <Point X="515" Y="271"/>
    <Point X="517" Y="276"/>
    <Point X="518" Y="281"/>
    <Point X="519" Y="285"/>
    <Point X="520" Y="289"/>
    <Point X="521" Y="293"/>
    <Point X="522" Y="296"/>
    <Point X="523" Y="300"/>
    <Point X="524" Y="303"/>
    <Point X="525" Y="306"/>
    <Point X="526" Y="309"/>
    <Point X="527" Y="312"/>
    <Point X="529" Y="316"/>
    <Point X="530" Y="320"/>
    <Point X="531" Y="324"/>
    <Point X="532" Y="327"/>
    <Point X="533" Y="330"/>
    <Point X="534" Y="333"/>
    <Point X="534" Y="336"/>
    <Point X="535" Y="337"/>
    <Point X="535" Y="338"/>
</Gesture>
