<?xml version="1.0" ?>
<Gesture Name="02" Subject="1" Number="2" NumPts="56">
    <Point X="273" Y="308"/>
    <Point X="274" Y="307"/>
    <Point X="276" Y="305"/>
    <Point X="277" Y="303"/>
    <Point X="278" Y="300"/>
    <Point X="279" Y="296"/>
    <Point X="282" Y="291"/>
    <Point X="284" Y="285"/>
    <Point X="287" Y="277"/>
    <Point X="291" Y="268"/>
    <Point X="295" Y="259"/>
    <Point X="299" Y="250"/>
    <Point X="303" Y="241"/>
    <Point X="307" Y="232"/>
    <Point X="311" Y="224"/>
    <Point X="315" Y="216"/>
    <Point X="319" Y="208"/>
    <Point X="321" Y="202"/>
    <Point X="324" Y="196"/>
    <Point X="327" Y="190"/>
    <Point X="328" Y="184"/>
    <Point X="330" Y="179"/>
    <Point X="333" Y="173"/>
    <Point X="334" Y="169"/>
    <Point X="336" Y="166"/>
    <Point X="338" Y="162"/>
    <Point X="338" Y="160"/>
    <Point X="339" Y="158"/>
    <Point X="340" Y="155"/>
    <Point X="341" Y="155"/>
    <Point X="342" Y="152"/>
    <Point X="342" Y="151"/>
    <Point X="343" Y="151"/>
    <Point X="344" Y="152"/>
    <Point X="344" Y="153"/>
    <Point X="346" Y="155"/>
    <Point X="347" Y="158"/>
    <Point X="350" Y="162"/>
    <Point X="354" Y="168"/>
    <Point X="357" Y="175"/>
    <Point X="362" Y="183"/>
    <Point X="367" Y="192"/>
    <Point X="372" Y="202"/>
    <Point X="377" Y="212"/>
    <Point X="383" Y="223"/>
    <Point X="389" Y="234"/>
    <Point X="394" Y="244"/>
    <Point X="400" Y="255"/>
    <Point X="405" Y="267"/>
    <Point X="409" Y="278"/>
    <Point X="413" Y="287"/>
    <Point X="417" Y="296"/>
    <Point X="421" Y="303"/>
    <Point X="424" Y="310"/>
    <Point X="426" Y="315"/>
    <Point X="427" Y="318"/>
</Gesture>
