<?xml version="1.0" ?>
<Gesture Name="08" Subject="1" Number="8" NumPts="77">
    <Point X="281" Y="307"/>
    <Point X="282" Y="306"/>
    <Point X="283" Y="305"/>
    <Point X="284" Y="302"/>
    <Point X="286" Y="299"/>
    <Point X="289" Y="294"/>
    <Point X="292" Y="288"/>
    <Point X="295" Y="281"/>
    <Point X="299" Y="272"/>
    <Point X="303" Y="263"/>
    <Point X="307" Y="254"/>
    <Point X="312" Y="243"/>
    <Point X="316" Y="232"/>
    <Point X="322" Y="222"/>
    <Point X="327" Y="212"/>
    <Point X="333" Y="201"/>
    <Point X="339" Y="192"/>
    <Point X="345" Y="183"/>
    <Point X="350" Y="173"/>
    <Point X="355" Y="165"/>
    <Point X="359" Y="158"/>
    <Point X="363" Y="150"/>
    <Point X="366" Y="144"/>
    <Point X="368" Y="139"/>
    <Point X="370" Y="134"/>
    <Point X="372" Y="129"/>
    <Point X="374" Y="125"/>
    <Point X="376" Y="122"/>
    <Point X="378" Y="118"/>
    <Point X="380" Y="114"/>
    <Point X="382" Y="110"/>
    <Point X="383" Y="107"/>
    <Point X="385" Y="105"/>
    <Point X="386" Y="102"/>
    <Point X="386" Y="101"/>
    <Point X="387" Y="100"/>
    <Point X="387" Y="99"/>
    <Point X="388" Y="99"/>
    <Point X="389" Y="100"/>
    <Point X="391" Y="103"/>
    <Point X="394" Y="107"/>
    <Point X="399" Y="113"/>
    <Point X="405" Y="120"/>
    <Point X="411" Y="128"/>
    <Point X="417" Y="136"/>
    <Point X="423" Y="144"/>
    <Point X="430" Y="153"/>
    <Point X="436" Y="163"/>
    <Point X="442" Y="173"/>
    <Point X="448" Y="182"/>
    <Point X="453" Y="192"/>
    <Point X="457" Y="202"/>
    <Point X="461" Y="211"/>
    <Point X="464" Y="220"/>
    <Point X="467" Y="229"/>
    <Point X="469" Y="238"/>
    <Point X="473" Y="246"/>
    <Point X="475" Y="254"/>
    <Point X="478" Y="261"/>
    <Point X="480" Y="267"/>
    <Point X="482" Y="273"/>
    <Point X="484" Y="278"/>
    <Point X="485" Y="281"/>
    <Point X="486" Y="284"/>
    <Point X="487" Y="286"/>
    <Point X="487" Y="287"/>
    <Point X="488" Y="289"/>
    <Point X="488" Y="290"/>
    <Point X="489" Y="291"/>
    <Point X="490" Y="294"/>
    <Point X="490" Y="295"/>
    <Point X="491" Y="296"/>
    <Point X="491" Y="297"/>
    <Point X="491" Y="298"/>
    <Point X="491" Y="299"/>
    <Point X="492" Y="299"/>
    <Point X="492" Y="300"/>
</Gesture>
