<?xml version="1.0" ?>
<Gesture Name="01" Subject="1" Number="1" NumPts="76">
    <Point X="292" Y="323"/>
    <Point X="293" Y="323"/>
    <Point X="295" Y="321"/>
    <Point X="295" Y="320"/>
    <Point X="296" Y="317"/>
    <Point X="297" Y="314"/>
    <Point X="299" Y="309"/>
    <Point X="302" Y="304"/>
    <Point X="304" Y="298"/>
    <Point X="307" Y="291"/>
    <Point X="311" Y="284"/>
    <Point X="314" Y="277"/>
    <Point X="317" Y="270"/>
    <Point X="321" Y="262"/>
    <Point X="324" Y="255"/>
    <Point X="328" Y="248"/>
    <Point X="332" Y="240"/>
    <Point X="336" Y="233"/>
    <Point X="340" Y="226"/>
    <Point X="343" Y="220"/>
    <Point X="346" Y="214"/>
    <Point X="349" Y="208"/>
    <Point X="351" Y="204"/>
    <Point X="352" Y="200"/>
    <Point X="354" Y="197"/>
    <Point X="355" Y="193"/>
    <Point X="356" Y="191"/>
    <Point X="357" Y="189"/>
    <Point X="359" Y="186"/>
    <Point X="359" Y="185"/>
    <Point X="360" Y="183"/>
    <Point X="361" Y="182"/>
    <Point X="361" Y="181"/>
    <Point X="362" Y="181"/>
    <Point X="363" Y="181"/>
    <Point X="364" Y="181"/>
    <Point X="366" Y="183"/>
    <Point X="368" Y="185"/>
    <Point X="370" Y="186"/>
    <Point X="371" Y="188"/>
    <Point X="374" Y="190"/>
    <Point X="377" Y="195"/>
    <Point X="381" Y="200"/>
    <Point X="385" Y="206"/>
    <Point X="390" Y="212"/>
    <Point X="395" Y="220"/>
    <Point X="400" Y="229"/>
    <Point X="406" Y="238"/>
    <Point X="411" Y="249"/>
    <Point X="417" Y="258"/>
    <Point X="421" Y="267"/>
    <Point X="425" Y="277"/>
    <Point X="429" Y="286"/>
    <Point X="433" Y="294"/>
    <Point X="436" Y="301"/>
    <Point X="438" Y="308"/>
    <Point X="440" Y="314"/>
    <Point X="442" Y="319"/>
    <Point X="444" Y="324"/>
    <Point X="445" Y="327"/>
    <Point X="446" Y="330"/>
    <Point X="446" Y="333"/>
    <Point X="447" Y="334"/>
    <Point X="447" Y="335"/>
    <Point X="447" Y="337"/>
    <Point X="448" Y="338"/>
    <Point X="448" Y="339"/>
    <Point X="448" Y="341"/>
    <Point X="449" Y="342"/>
    <Point X="449" Y="345"/>
    <Point X="450" Y="346"/>
    <Point X="450" Y="348"/>
    <Point X="450" Y="349"/>
    <Point X="449" Y="349"/>
    <Point X="448" Y="348"/>
    <Point X="447" Y="348"/>
</Gesture>
