<?xml version="1.0" ?>
<Gesture Name="04" Subject="1" Number="4" NumPts="80">
    <Point X="326" Y="341"/>
    <Point X="327" Y="341"/>
    <Point X="328" Y="341"/>
    <Point X="329" Y="340"/>
    <Point X="329" Y="339"/>
    <Point X="330" Y="336"/>
    <Point X="330" Y="334"/>
    <Point X="332" Y="330"/>
    <Point X="333" Y="325"/>
    <Point X="336" Y="319"/>
    <Point X="339" Y="313"/>
    <Point X="342" Y="305"/>
    <Point X="346" Y="296"/>
    <Point X="349" Y="289"/>
    <Point X="353" Y="282"/>
    <Point X="357" Y="274"/>
    <Point X="360" Y="267"/>
    <Point X="364" Y="259"/>
    <Point X="366" Y="252"/>
    <Point X="369" Y="245"/>
    <Point X="373" Y="238"/>
    <Point X="376" Y="231"/>
    <Point X="378" Y="224"/>
    <Point X="381" Y="218"/>
    <Point X="383" Y="211"/>
    <Point X="385" Y="204"/>
    <Point X="388" Y="198"/>
    <Point X="389" Y="193"/>
    <Point X="391" Y="187"/>
    <Point X="393" Y="182"/>
    <Point X="394" Y="177"/>
    <Point X="395" Y="172"/>
    <Point X="397" Y="168"/>
    <Point X="398" Y="164"/>
    <Point X="399" Y="162"/>
    <Point X="400" Y="159"/>
    <Point X="400" Y="158"/>
    <Point X="401" Y="156"/>
    <Point X="401" Y="154"/>
    <Point X="402" Y="154"/>
    <Point X="404" Y="156"/>
    <Point X="404" Y="157"/>
    <Point X="405" Y="160"/>
    <Point X="408" Y="164"/>
    <Point X="411" Y="170"/>
    <Point X="415" Y="177"/>
    <Point X="420" Y="184"/>
    <Point X="424" Y="192"/>
    <Point X="428" Y="201"/>
    <Point X="432" Y="211"/>
    <Point X="436" Y="220"/>
    <Point X="441" Y="229"/>
    <Point X="445" Y="239"/>
    <Point X="448" Y="247"/>
    <Point X="452" Y="255"/>
    <Point X="454" Y="263"/>
    <Point X="457" Y="270"/>
    <Point X="459" Y="277"/>
    <Point X="461" Y="283"/>
    <Point X="463" Y="288"/>
    <Point X="465" Y="294"/>
    <Point X="466" Y="299"/>
    <Point X="468" Y="305"/>
    <Point X="469" Y="309"/>
    <Point X="471" Y="314"/>
    <Point X="472" Y="317"/>
    <Point X="472" Y="320"/>
    <Point X="473" Y="322"/>
    <Point X="473" Y="325"/>
    <Point X="473" Y="326"/>
    <Point X="473" Y="327"/>
    <Point X="474" Y="328"/>
    <Point X="474" Y="329"/>
    <Point X="475" Y="330"/>
    <Point X="475" Y="332"/>
    <Point X="475" Y="334"/>
    <Point X="476" Y="334"/>
    <Point X="476" Y="335"/>
    <Point X="475" Y="335"/>
    <Point X="474" Y="335"/>
</Gesture>
