<?xml version="1.0" ?>
<Gesture Name="06" Subject="1" Number="6" NumPts="70">
    <Point X="254" Y="288"/>
    <Point X="254" Y="287"/>
    <Point X="254" Y="283"/>
    <Point X="254" Y="280"/>
    <Point X="255" Y="274"/>
    <Point X="256" Y="269"/>
    <Point X="258" Y="263"/>
    <Point X="260" Y="257"/>
    <Point X="261" Y="249"/>
    <Point X="264" Y="242"/>
    <Point X="267" Y="233"/>
    <Point X="270" Y="224"/>
    <Point X="274" Y="214"/>
    <Point X="278" Y="204"/>
    <Point X="282" Y="194"/>
    <Point X="286" Y="184"/>
    <Point X="290" Y="175"/>
    <Point X="294" Y="166"/>
    <Point X="298" Y="156"/>
    <Point X="302" Y="148"/>
    <Point X="306" Y="140"/>
    <Point X="310" Y="132"/>
    <Point X="313" Y="125"/>
    <Point X="316" Y="119"/>
    <Point X="319" Y="113"/>
    <Point X="322" Y="108"/>
    <Point X="324" Y="102"/>
    <Point X="326" Y="98"/>
    <Point X="329" Y="94"/>
    <Point X="330" Y="91"/>
    <Point X="331" Y="90"/>
    <Point X="331" Y="89"/>
    <Point X="332" Y="89"/>
    <Point X="334" Y="91"/>
    <Point X="335" Y="93"/>
    <Point X="338" Y="96"/>
    <Point X="342" Y="101"/>
    <Point X="348" Y="108"/>
    <Point X="355" Y="115"/>
    <Point X="363" Y="123"/>
    <Point X="372" Y="133"/>
    <Point X="380" Y="142"/>
    <Point X="389" Y="151"/>
    <Point X="397" Y="162"/>
    <Point X="405" Y="173"/>
    <Point X="412" Y="183"/>
    <Point X="419" Y="194"/>
    <Point X="426" Y="205"/>
    <Point X="432" Y="215"/>
    <Point X="438" Y="226"/>
    <Point X="444" Y="236"/>
    <Point X="449" Y="245"/>
    <Point X="454" Y="255"/>
    <Point X="457" Y="263"/>
    <Point X="461" Y="271"/>
    <Point X="463" Y="279"/>
    <Point X="466" Y="286"/>
    <Point X="467" Y="292"/>
    <Point X="469" Y="297"/>
    <Point X="471" Y="303"/>
    <Point X="473" Y="307"/>
    <Point X="474" Y="310"/>
    <Point X="475" Y="312"/>
    <Point X="475" Y="313"/>
    <Point X="475" Y="314"/>
    <Point X="475" Y="317"/>
    <Point X="476" Y="318"/>
    <Point X="476" Y="319"/>
    <Point X="477" Y="320"/>
    <Point X="477" Y="321"/>
</Gesture>
