<?xml version="1.0" ?>
<Gesture Name="09" Subject="1" Number="9" NumPts="72">
    <Point X="288" Y="319"/>
    <Point X="289" Y="318"/>
    <Point X="291" Y="315"/>
    <Point X="293" Y="310"/>
    <Point X="297" Y="304"/>
    <Point X="301" Y="296"/>
    <Point X="307" Y="288"/>
    <Point X="311" Y="278"/>
    <Point X="317" Y="268"/>
    <Point X="321" Y="258"/>
    <Point X="326" Y="247"/>
    <Point X="331" Y="236"/>
    <Point X="334" Y="226"/>
    <Point X="337" Y="218"/>
    <Point X="341" Y="209"/>
    <Point X="344" Y="202"/>
    <Point X="348" Y="194"/>
    <Point X="352" Y="186"/>
    <Point X="356" Y="178"/>
    <Point X="360" Y="170"/>
    <Point X="364" Y="163"/>
    <Point X="368" Y="156"/>
    <Point X="371" Y="149"/>
    <Point X="374" Y="142"/>
    <Point X="376" Y="136"/>
    <Point X="379" Y="130"/>
    <Point X="380" Y="126"/>
    <Point X="381" Y="123"/>
    <Point X="383" Y="119"/>
    <Point X="384" Y="116"/>
    <Point X="384" Y="115"/>
    <Point X="385" Y="113"/>
    <Point X="385" Y="112"/>
    <Point X="386" Y="114"/>
    <Point X="387" Y="115"/>
    <Point X="389" Y="120"/>
    <Point X="391" Y="126"/>
    <Point X="394" Y="133"/>
    <Point X="398" Y="142"/>
    <Point X="402" Y="152"/>
    <Point X="407" Y="163"/>
    <Point X="411" Y="174"/>
    <Point X="416" Y="187"/>
    <Point X="421" Y="199"/>
    <Point X="425" Y="211"/>
    <Point X="430" Y="223"/>
    <Point X="434" Y="234"/>
    <Point X="437" Y="245"/>
    <Point X="440" Y="255"/>
    <Point X="444" Y="264"/>
    <Point X="448" Y="272"/>
    <Point X="451" Y="280"/>
    <Point X="454" Y="287"/>
    <Point X="457" Y="293"/>
    <Point X="459" Y="297"/>
    <Point X="461" Y="301"/>
    <Point X="462" Y="305"/>
    <Point X="464" Y="308"/>
    <Point X="465" Y="311"/>
    <Point X="466" Y="313"/>
    <Point X="466" Y="315"/>
    <Point X="467" Y="315"/>
    <Point X="467" Y="316"/>
    <Point X="467" Y="318"/>
    <Point X="468" Y="320"/>
    <Point X="468" Y="322"/>
    <Point X="469" Y="323"/>
    <Point X="469" Y="324"/>
    <Point X="470" Y="327"/>
    <Point X="470" Y="328"/>
    <Point X="471" Y="331"/>
    <Point X="472" Y="332"/>
</Gesture>
