<?xml version="1.0" ?>
<Gesture Name="07" Subject="1" Number="7" NumPts="72">
    <Point X="271" Y="304"/>
    <Point X="272" Y="303"/>
    <Point X="273" Y="302"/>
    <Point X="274" Y="299"/>
    <Point X="276" Y="295"/>
    <Point X="279" Y="289"/>
    <Point X="282" Y="282"/>
    <Point X="286" Y="274"/>
    <Point X="291" Y="265"/>
    <Point X="296" Y="256"/>
    <Point X="300" Y="247"/>
    <Point X="306" Y="236"/>
    <Point X="311" Y="227"/>
    <Point X="316" Y="218"/>
    <Point X="321" Y="209"/>
    <Point X="326" Y="201"/>
    <Point X="330" Y="193"/>
    <Point X="334" Y="186"/>
    <Point X="338" Y="178"/>
    <Point X="343" Y="171"/>
    <Point X="347" Y="163"/>
    <Point X="351" Y="157"/>
    <Point X="354" Y="152"/>
    <Point X="356" Y="146"/>
    <Point X="359" Y="141"/>
    <Point X="362" Y="137"/>
    <Point X="364" Y="133"/>
    <Point X="366" Y="131"/>
    <Point X="367" Y="128"/>
    <Point X="368" Y="125"/>
    <Point X="369" Y="124"/>
    <Point X="370" Y="122"/>
    <Point X="371" Y="121"/>
    <Point X="371" Y="120"/>
    <Point X="372" Y="120"/>
    <Point X="373" Y="121"/>
    <Point X="373" Y="122"/>
    <Point X="375" Y="125"/>
    <Point X="378" Y="130"/>
    <Point X="381" Y="137"/>
    <Point X="384" Y="144"/>
    <Point X="388" Y="153"/>
    <Point X="393" Y="162"/>
    <Point X="398" Y="171"/>
    <Point X="402" Y="180"/>
    <Point X="407" Y="189"/>
    <Point X="411" Y="197"/>
    <Point X="415" Y="207"/>
    <Point X="419" Y="216"/>
    <Point X="423" Y="225"/>
    <Point X="427" Y="233"/>
    <Point X="431" Y="242"/>
    <Point X="433" Y="249"/>
    <Point X="436" Y="257"/>
    <Point X="439" Y="264"/>
    <Point X="441" Y="270"/>
    <Point X="443" Y="275"/>
    <Point X="444" Y="280"/>
    <Point X="446" Y="285"/>
    <Point X="448" Y="290"/>
    <Point X="450" Y="294"/>
    <Point X="451" Y="298"/>
    <Point X="453" Y="301"/>
    <Point X="454" Y="305"/>
    <Point X="456" Y="308"/>
    <Point X="457" Y="311"/>
    <Point X="457" Y="313"/>
    <Point X="458" Y="315"/>
    <Point X="459" Y="316"/>
    <Point X="459" Y="318"/>
    <Point X="460" Y="320"/>
    <Point X="460" Y="321"/>
</Gesture>
