<?xml version="1.0" ?>
<Gesture Name="03" Subject="1" Number="3" NumPts="74">
    <Point X="307" Y="326"/>
    <Point X="308" Y="326"/>
    <Point X="309" Y="324"/>
    <Point X="311" Y="321"/>
    <Point X="311" Y="319"/>
    <Point X="313" Y="315"/>
    <Point X="315" Y="310"/>
    <Point X="317" Y="304"/>
    <Point X="321" Y="296"/>
    <Point X="324" Y="289"/>
    <Point X="327" Y="280"/>
    <Point X="331" Y="271"/>
    <Point X="335" Y="263"/>
    <Point X="340" Y="253"/>
    <Point X="345" Y="243"/>
    <Point X="349" Y="234"/>
    <Point X="352" Y="226"/>
    <Point X="356" Y="218"/>
    <Point X="360" Y="212"/>
    <Point X="363" Y="205"/>
    <Point X="366" Y="199"/>
    <Point X="368" Y="193"/>
    <Point X="371" Y="188"/>
    <Point X="373" Y="183"/>
    <Point X="376" Y="178"/>
    <Point X="378" Y="174"/>
    <Point X="379" Y="171"/>
    <Point X="380" Y="168"/>
    <Point X="381" Y="165"/>
    <Point X="382" Y="163"/>
    <Point X="383" Y="161"/>
    <Point X="384" Y="159"/>
    <Point X="384" Y="158"/>
    <Point X="385" Y="159"/>
    <Point X="385" Y="160"/>
    <Point X="386" Y="163"/>
    <Point X="388" Y="167"/>
    <Point X="391" Y="171"/>
    <Point X="394" Y="178"/>
    <Point X="397" Y="186"/>
    <Point X="400" Y="194"/>
    <Point X="403" Y="202"/>
    <Point X="407" Y="212"/>
    <Point X="410" Y="220"/>
    <Point X="414" Y="229"/>
    <Point X="417" Y="239"/>
    <Point X="421" Y="247"/>
    <Point X="424" Y="255"/>
    <Point X="427" Y="262"/>
    <Point X="430" Y="269"/>
    <Point X="432" Y="275"/>
    <Point X="433" Y="280"/>
    <Point X="435" Y="285"/>
    <Point X="436" Y="287"/>
    <Point X="437" Y="289"/>
    <Point X="437" Y="291"/>
    <Point X="438" Y="293"/>
    <Point X="438" Y="294"/>
    <Point X="438" Y="295"/>
    <Point X="438" Y="296"/>
    <Point X="438" Y="297"/>
    <Point X="439" Y="299"/>
    <Point X="439" Y="300"/>
    <Point X="439" Y="301"/>
    <Point X="439" Y="302"/>
    <Point X="439" Y="303"/>
    <Point X="439" Y="305"/>
    <Point X="440" Y="307"/>
    <Point X="440" Y="309"/>
    <Point X="440" Y="310"/>
    <Point X="440" Y="311"/>
    <Point X="441" Y="312"/>
    <Point X="441" Y="313"/>
    <Point X="441" Y="314"/>
</Gesture>
