<?xml version="1.0" ?>
<Gesture Name="06" Subject="1" Number="6" NumPts="48">
    <Point X="412" Y="282"/>
    <Point X="412" Y="283"/>
    <Point X="413" Y="284"/>
    <Point X="414" Y="286"/>
    <Point X="416" Y="288"/>
    <Point X="416" Y="289"/>
    <Point X="418" Y="293"/>
    <Point X="421" Y="297"/>
    <Point X="424" Y="301"/>
    <Point X="427" Y="307"/>
    <Point X="431" Y="312"/>
    <Point X="435" Y="317"/>
    <Point X="440" Y="321"/>
    <Point X="444" Y="325"/>
    <Point X="448" Y="328"/>
    <Point X="452" Y="329"/>
    <Point X="456" Y="330"/>
    <Point X="459" Y="330"/>
    <Point X="462" Y="330"/>
    <Point X="465" Y="330"/>
    <Point X="468" Y="328"/>
    <Point X="471" Y="325"/>
    <Point X="475" Y="321"/>
    <Point X="478" Y="315"/>
    <Point X="482" Y="308"/>
    <Point X="485" Y="301"/>
    <Point X="489" Y="292"/>
    <Point X="493" Y="282"/>
    <Point X="498" Y="272"/>
    <Point X="503" Y="262"/>
    <Point X="508" Y="251"/>
    <Point X="514" Y="240"/>
    <Point X="518" Y="231"/>
    <Point X="523" Y="221"/>
    <Point X="528" Y="212"/>
    <Point X="532" Y="203"/>
    <Point X="536" Y="195"/>
    <Point X="540" Y="189"/>
    <Point X="544" Y="183"/>
    <Point X="547" Y="177"/>
    <Point X="551" Y="172"/>
    <Point X="553" Y="169"/>
    <Point X="555" Y="165"/>
    <Point X="557" Y="163"/>
    <Point X="557" Y="162"/>
    <Point X="558" Y="162"/>
    <Point X="558" Y="161"/>
    <Point X="558" Y="160"/>
</Gesture>
