<?xml version="1.0" ?>
<Gesture Name="07" Subject="1" Number="7" NumPts="55">
    <Point X="322" Y="275"/>
    <Point X="322" Y="276"/>
    <Point X="322" Y="277"/>
    <Point X="323" Y="280"/>
    <Point X="324" Y="283"/>
    <Point X="326" Y="287"/>
    <Point X="328" Y="292"/>
    <Point X="330" Y="298"/>
    <Point X="333" Y="303"/>
    <Point X="337" Y="309"/>
    <Point X="340" Y="314"/>
    <Point X="344" Y="320"/>
    <Point X="347" Y="325"/>
    <Point X="351" Y="328"/>
    <Point X="356" Y="331"/>
    <Point X="360" Y="333"/>
    <Point X="365" Y="334"/>
    <Point X="369" Y="335"/>
    <Point X="376" Y="335"/>
    <Point X="382" Y="334"/>
    <Point X="387" Y="332"/>
    <Point X="394" Y="329"/>
    <Point X="399" Y="325"/>
    <Point X="404" Y="320"/>
    <Point X="410" Y="314"/>
    <Point X="415" Y="307"/>
    <Point X="421" Y="298"/>
    <Point X="427" Y="288"/>
    <Point X="434" Y="278"/>
    <Point X="439" Y="268"/>
    <Point X="445" Y="257"/>
    <Point X="451" Y="247"/>
    <Point X="456" Y="239"/>
    <Point X="462" Y="229"/>
    <Point X="468" Y="220"/>
    <Point X="473" Y="212"/>
    <Point X="478" Y="205"/>
    <Point X="483" Y="197"/>
    <Point X="487" Y="190"/>
    <Point X="492" Y="184"/>
    <Point X="496" Y="178"/>
    <Point X="500" Y="172"/>
    <Point X="504" Y="166"/>
    <Point X="507" Y="161"/>
    <Point X="510" Y="157"/>
    <Point X="512" Y="154"/>
    <Point X="513" Y="152"/>
    <Point X="515" Y="150"/>
    <Point X="516" Y="148"/>
    <Point X="517" Y="147"/>
    <Point X="517" Y="146"/>
    <Point X="517" Y="145"/>
    <Point X="518" Y="145"/>
    <Point X="518" Y="144"/>
    <Point X="517" Y="144"/>
</Gesture>
