<?xml version="1.0" ?>
<Gesture Name="01" Subject="1" Number="1" NumPts="63">
    <Point X="265" Y="257"/>
    <Point X="266" Y="259"/>
    <Point X="266" Y="260"/>
    <Point X="268" Y="262"/>
    <Point X="270" Y="265"/>
    <Point X="273" Y="269"/>
    <Point X="277" Y="273"/>
    <Point X="280" Y="277"/>
    <Point X="284" Y="281"/>
    <Point X="288" Y="286"/>
    <Point X="292" Y="291"/>
    <Point X="296" Y="294"/>
    <Point X="300" Y="298"/>
    <Point X="303" Y="301"/>
    <Point X="306" Y="303"/>
    <Point X="307" Y="304"/>
    <Point X="308" Y="304"/>
    <Point X="310" Y="303"/>
    <Point X="311" Y="302"/>
    <Point X="313" Y="300"/>
    <Point X="313" Y="299"/>
    <Point X="314" Y="296"/>
    <Point X="317" Y="292"/>
    <Point X="320" Y="287"/>
    <Point X="323" Y="282"/>
    <Point X="327" Y="276"/>
    <Point X="331" Y="269"/>
    <Point X="335" Y="261"/>
    <Point X="340" Y="253"/>
    <Point X="345" Y="245"/>
    <Point X="350" Y="236"/>
    <Point X="355" Y="229"/>
    <Point X="361" Y="222"/>
    <Point X="366" Y="215"/>
    <Point X="370" Y="208"/>
    <Point X="375" Y="202"/>
    <Point X="379" Y="196"/>
    <Point X="382" Y="192"/>
    <Point X="384" Y="189"/>
    <Point X="385" Y="187"/>
    <Point X="387" Y="184"/>
    <Point X="387" Y="183"/>
    <Point X="388" Y="181"/>
    <Point X="389" Y="180"/>
    <Point X="389" Y="178"/>
    <Point X="390" Y="178"/>
    <Point X="390" Y="177"/>
    <Point X="390" Y="176"/>
    <Point X="391" Y="176"/>
    <Point X="391" Y="175"/>
    <Point X="391" Y="174"/>
    <Point X="392" Y="173"/>
    <Point X="392" Y="172"/>
    <Point X="392" Y="171"/>
    <Point X="393" Y="171"/>
    <Point X="393" Y="170"/>
    <Point X="393" Y="169"/>
    <Point X="393" Y="168"/>
    <Point X="394" Y="168"/>
    <Point X="394" Y="167"/>
    <Point X="394" Y="166"/>
    <Point X="394" Y="165"/>
    <Point X="393" Y="165"/>
</Gesture>
