<?xml version="1.0" ?>
<Gesture Name="02" Subject="1" Number="2" NumPts="71">
    <Point X="262" Y="238"/>
    <Point X="262" Y="239"/>
    <Point X="263" Y="241"/>
    <Point X="264" Y="243"/>
    <Point X="265" Y="245"/>
    <Point X="265" Y="246"/>
    <Point X="266" Y="248"/>
    <Point X="267" Y="251"/>
    <Point X="269" Y="255"/>
    <Point X="271" Y="260"/>
    <Point X="273" Y="265"/>
    <Point X="276" Y="270"/>
    <Point X="278" Y="275"/>
    <Point X="281" Y="281"/>
    <Point X="283" Y="286"/>
    <Point X="286" Y="292"/>
    <Point X="289" Y="297"/>
    <Point X="292" Y="301"/>
    <Point X="295" Y="306"/>
    <Point X="299" Y="311"/>
    <Point X="302" Y="315"/>
    <Point X="303" Y="318"/>
    <Point X="305" Y="320"/>
    <Point X="306" Y="320"/>
    <Point X="306" Y="321"/>
    <Point X="306" Y="319"/>
    <Point X="307" Y="316"/>
    <Point X="309" Y="311"/>
    <Point X="311" Y="307"/>
    <Point X="313" Y="301"/>
    <Point X="315" Y="295"/>
    <Point X="317" Y="289"/>
    <Point X="321" Y="282"/>
    <Point X="325" Y="274"/>
    <Point X="328" Y="267"/>
    <Point X="332" Y="260"/>
    <Point X="338" Y="253"/>
    <Point X="343" Y="245"/>
    <Point X="348" Y="238"/>
    <Point X="354" Y="231"/>
    <Point X="359" Y="224"/>
    <Point X="365" Y="217"/>
    <Point X="372" Y="209"/>
    <Point X="377" Y="203"/>
    <Point X="383" Y="198"/>
    <Point X="389" Y="192"/>
    <Point X="394" Y="187"/>
    <Point X="398" Y="183"/>
    <Point X="402" Y="180"/>
    <Point X="404" Y="177"/>
    <Point X="406" Y="175"/>
    <Point X="408" Y="173"/>
    <Point X="410" Y="171"/>
    <Point X="410" Y="170"/>
    <Point X="411" Y="169"/>
    <Point X="412" Y="168"/>
    <Point X="413" Y="167"/>
    <Point X="414" Y="166"/>
    <Point X="416" Y="164"/>
    <Point X="416" Y="163"/>
    <Point X="417" Y="162"/>
    <Point X="417" Y="161"/>
    <Point X="418" Y="161"/>
    <Point X="418" Y="160"/>
    <Point X="418" Y="159"/>
    <Point X="419" Y="158"/>
    <Point X="419" Y="157"/>
    <Point X="420" Y="156"/>
    <Point X="421" Y="155"/>
    <Point X="421" Y="154"/>
    <Point X="421" Y="153"/>
</Gesture>
