<?xml version="1.0" ?>
<Gesture Name="05" Subject="1" Number="5" NumPts="55">
    <Point X="319" Y="297"/>
    <Point X="319" Y="298"/>
    <Point X="321" Y="299"/>
    <Point X="321" Y="300"/>
    <Point X="322" Y="301"/>
    <Point X="323" Y="304"/>
    <Point X="325" Y="308"/>
    <Point X="327" Y="312"/>
    <Point X="329" Y="317"/>
    <Point X="332" Y="321"/>
    <Point X="335" Y="326"/>
    <Point X="339" Y="332"/>
    <Point X="342" Y="337"/>
    <Point X="346" Y="342"/>
    <Point X="350" Y="347"/>
    <Point X="353" Y="350"/>
    <Point X="356" Y="353"/>
    <Point X="360" Y="354"/>
    <Point X="361" Y="355"/>
    <Point X="364" Y="356"/>
    <Point X="365" Y="356"/>
    <Point X="367" Y="355"/>
    <Point X="369" Y="354"/>
    <Point X="372" Y="352"/>
    <Point X="375" Y="349"/>
    <Point X="378" Y="344"/>
    <Point X="381" Y="339"/>
    <Point X="384" Y="334"/>
    <Point X="387" Y="328"/>
    <Point X="391" Y="321"/>
    <Point X="395" Y="313"/>
    <Point X="400" Y="306"/>
    <Point X="405" Y="297"/>
    <Point X="410" Y="288"/>
    <Point X="416" Y="280"/>
    <Point X="423" Y="271"/>
    <Point X="430" Y="263"/>
    <Point X="438" Y="254"/>
    <Point X="446" Y="245"/>
    <Point X="454" Y="237"/>
    <Point X="462" Y="230"/>
    <Point X="469" Y="223"/>
    <Point X="477" Y="217"/>
    <Point X="482" Y="211"/>
    <Point X="489" Y="206"/>
    <Point X="495" Y="201"/>
    <Point X="500" Y="197"/>
    <Point X="504" Y="193"/>
    <Point X="507" Y="190"/>
    <Point X="508" Y="189"/>
    <Point X="510" Y="187"/>
    <Point X="511" Y="185"/>
    <Point X="512" Y="185"/>
    <Point X="512" Y="184"/>
    <Point X="512" Y="183"/>
</Gesture>
