<?xml version="1.0" ?>
<Gesture Name="09" Subject="1" Number="9" NumPts="49">
    <Point X="329" Y="278"/>
    <Point X="330" Y="278"/>
    <Point X="330" Y="279"/>
    <Point X="332" Y="281"/>
    <Point X="333" Y="282"/>
    <Point X="334" Y="285"/>
    <Point X="336" Y="288"/>
    <Point X="338" Y="291"/>
    <Point X="340" Y="295"/>
    <Point X="343" Y="300"/>
    <Point X="345" Y="304"/>
    <Point X="348" Y="307"/>
    <Point X="350" Y="310"/>
    <Point X="352" Y="311"/>
    <Point X="353" Y="312"/>
    <Point X="354" Y="312"/>
    <Point X="355" Y="313"/>
    <Point X="357" Y="313"/>
    <Point X="358" Y="313"/>
    <Point X="359" Y="313"/>
    <Point X="360" Y="313"/>
    <Point X="361" Y="313"/>
    <Point X="363" Y="311"/>
    <Point X="364" Y="309"/>
    <Point X="366" Y="306"/>
    <Point X="370" Y="302"/>
    <Point X="374" Y="295"/>
    <Point X="379" Y="288"/>
    <Point X="384" Y="279"/>
    <Point X="390" Y="269"/>
    <Point X="395" Y="259"/>
    <Point X="401" Y="248"/>
    <Point X="407" Y="237"/>
    <Point X="413" Y="226"/>
    <Point X="419" Y="216"/>
    <Point X="425" Y="205"/>
    <Point X="431" Y="195"/>
    <Point X="437" Y="186"/>
    <Point X="443" Y="178"/>
    <Point X="449" Y="169"/>
    <Point X="454" Y="162"/>
    <Point X="460" Y="155"/>
    <Point X="465" Y="148"/>
    <Point X="469" Y="143"/>
    <Point X="472" Y="140"/>
    <Point X="474" Y="137"/>
    <Point X="476" Y="135"/>
    <Point X="477" Y="134"/>
    <Point X="477" Y="133"/>
</Gesture>
