<?xml version="1.0" ?>
<Gesture Name="03" Subject="1" Number="3" NumPts="59">
    <Point X="315" Y="279"/>
    <Point X="316" Y="280"/>
    <Point X="317" Y="281"/>
    <Point X="318" Y="283"/>
    <Point X="318" Y="284"/>
    <Point X="319" Y="285"/>
    <Point X="319" Y="286"/>
    <Point X="321" Y="289"/>
    <Point X="323" Y="291"/>
    <Point X="326" Y="295"/>
    <Point X="328" Y="298"/>
    <Point X="331" Y="301"/>
    <Point X="333" Y="305"/>
    <Point X="336" Y="307"/>
    <Point X="338" Y="309"/>
    <Point X="341" Y="312"/>
    <Point X="343" Y="314"/>
    <Point X="345" Y="315"/>
    <Point X="346" Y="316"/>
    <Point X="347" Y="316"/>
    <Point X="348" Y="317"/>
    <Point X="349" Y="317"/>
    <Point X="351" Y="316"/>
    <Point X="351" Y="315"/>
    <Point X="352" Y="313"/>
    <Point X="354" Y="309"/>
    <Point X="357" Y="304"/>
    <Point X="360" Y="299"/>
    <Point X="364" Y="293"/>
    <Point X="367" Y="285"/>
    <Point X="371" Y="278"/>
    <Point X="376" Y="271"/>
    <Point X="380" Y="264"/>
    <Point X="384" Y="258"/>
    <Point X="389" Y="251"/>
    <Point X="394" Y="243"/>
    <Point X="399" Y="236"/>
    <Point X="404" Y="230"/>
    <Point X="410" Y="223"/>
    <Point X="415" Y="217"/>
    <Point X="420" Y="211"/>
    <Point X="426" Y="205"/>
    <Point X="430" Y="200"/>
    <Point X="434" Y="196"/>
    <Point X="438" Y="193"/>
    <Point X="440" Y="189"/>
    <Point X="442" Y="187"/>
    <Point X="445" Y="185"/>
    <Point X="448" Y="182"/>
    <Point X="450" Y="181"/>
    <Point X="450" Y="180"/>
    <Point X="451" Y="180"/>
    <Point X="452" Y="179"/>
    <Point X="453" Y="178"/>
    <Point X="454" Y="177"/>
    <Point X="455" Y="176"/>
    <Point X="455" Y="175"/>
    <Point X="456" Y="175"/>
    <Point X="457" Y="174"/>
</Gesture>
