<?xml version="1.0" ?>
<Gesture Name="08" Subject="1" Number="8" NumPts="45">
    <Point X="329" Y="300"/>
    <Point X="330" Y="301"/>
    <Point X="331" Y="303"/>
    <Point X="332" Y="304"/>
    <Point X="333" Y="305"/>
    <Point X="335" Y="309"/>
    <Point X="337" Y="313"/>
    <Point X="340" Y="317"/>
    <Point X="344" Y="322"/>
    <Point X="348" Y="327"/>
    <Point X="352" Y="333"/>
    <Point X="356" Y="338"/>
    <Point X="359" Y="344"/>
    <Point X="363" Y="348"/>
    <Point X="366" Y="352"/>
    <Point X="368" Y="355"/>
    <Point X="369" Y="356"/>
    <Point X="370" Y="354"/>
    <Point X="370" Y="353"/>
    <Point X="370" Y="352"/>
    <Point X="370" Y="349"/>
    <Point X="371" Y="343"/>
    <Point X="372" Y="336"/>
    <Point X="374" Y="326"/>
    <Point X="377" Y="316"/>
    <Point X="380" Y="306"/>
    <Point X="384" Y="295"/>
    <Point X="389" Y="285"/>
    <Point X="394" Y="274"/>
    <Point X="399" Y="263"/>
    <Point X="405" Y="252"/>
    <Point X="410" Y="243"/>
    <Point X="416" Y="233"/>
    <Point X="421" Y="224"/>
    <Point X="425" Y="217"/>
    <Point X="430" Y="209"/>
    <Point X="434" Y="204"/>
    <Point X="437" Y="199"/>
    <Point X="440" Y="196"/>
    <Point X="442" Y="193"/>
    <Point X="444" Y="191"/>
    <Point X="445" Y="189"/>
    <Point X="446" Y="188"/>
    <Point X="448" Y="187"/>
    <Point X="448" Y="186"/>
</Gesture>
