<?xml version="1.0" ?>
<Gesture Name="10" Subject="1" Number="10" NumPts="53">
    <Point X="343" Y="306"/>
    <Point X="343" Y="309"/>
    <Point X="344" Y="310"/>
    <Point X="344" Y="312"/>
    <Point X="345" Y="315"/>
    <Point X="347" Y="318"/>
    <Point X="349" Y="321"/>
    <Point X="350" Y="325"/>
    <Point X="353" Y="329"/>
    <Point X="355" Y="334"/>
    <Point X="357" Y="338"/>
    <Point X="360" Y="343"/>
    <Point X="363" Y="348"/>
    <Point X="366" Y="355"/>
    <Point X="370" Y="360"/>
    <Point X="373" Y="365"/>
    <Point X="376" Y="369"/>
    <Point X="379" Y="371"/>
    <Point X="380" Y="372"/>
    <Point X="381" Y="372"/>
    <Point X="382" Y="373"/>
    <Point X="384" Y="372"/>
    <Point X="385" Y="371"/>
    <Point X="387" Y="368"/>
    <Point X="390" Y="364"/>
    <Point X="394" Y="359"/>
    <Point X="398" Y="352"/>
    <Point X="403" Y="343"/>
    <Point X="407" Y="334"/>
    <Point X="413" Y="324"/>
    <Point X="419" Y="312"/>
    <Point X="425" Y="302"/>
    <Point X="431" Y="290"/>
    <Point X="439" Y="277"/>
    <Point X="447" Y="266"/>
    <Point X="456" Y="255"/>
    <Point X="466" Y="244"/>
    <Point X="476" Y="235"/>
    <Point X="486" Y="226"/>
    <Point X="495" Y="218"/>
    <Point X="504" Y="212"/>
    <Point X="512" Y="205"/>
    <Point X="520" Y="199"/>
    <Point X="527" Y="194"/>
    <Point X="532" Y="189"/>
    <Point X="536" Y="186"/>
    <Point X="540" Y="183"/>
    <Point X="540" Y="182"/>
    <Point X="541" Y="182"/>
    <Point X="541" Y="181"/>
    <Point X="540" Y="181"/>
    <Point X="540" Y="180"/>
    <Point X="539" Y="180"/>
</Gesture>
