<?xml version="1.0" ?>
<Gesture Name="04" Subject="1" Number="4" NumPts="51">
    <Point X="315" Y="276"/>
    <Point X="315" Y="279"/>
    <Point X="317" Y="281"/>
    <Point X="317" Y="282"/>
    <Point X="318" Y="284"/>
    <Point X="320" Y="288"/>
    <Point X="322" Y="291"/>
    <Point X="325" Y="295"/>
    <Point X="328" Y="300"/>
    <Point X="332" Y="304"/>
    <Point X="335" Y="309"/>
    <Point X="339" Y="313"/>
    <Point X="343" Y="317"/>
    <Point X="346" Y="322"/>
    <Point X="348" Y="325"/>
    <Point X="351" Y="327"/>
    <Point X="353" Y="329"/>
    <Point X="355" Y="330"/>
    <Point X="356" Y="330"/>
    <Point X="357" Y="330"/>
    <Point X="358" Y="330"/>
    <Point X="359" Y="328"/>
    <Point X="360" Y="326"/>
    <Point X="361" Y="324"/>
    <Point X="363" Y="321"/>
    <Point X="366" Y="316"/>
    <Point X="368" Y="311"/>
    <Point X="371" Y="305"/>
    <Point X="375" Y="297"/>
    <Point X="379" Y="289"/>
    <Point X="383" Y="281"/>
    <Point X="388" Y="272"/>
    <Point X="392" Y="264"/>
    <Point X="396" Y="255"/>
    <Point X="402" Y="246"/>
    <Point X="406" Y="239"/>
    <Point X="411" Y="231"/>
    <Point X="416" Y="223"/>
    <Point X="421" Y="216"/>
    <Point X="426" Y="209"/>
    <Point X="431" Y="202"/>
    <Point X="436" Y="196"/>
    <Point X="441" Y="189"/>
    <Point X="447" Y="184"/>
    <Point X="452" Y="178"/>
    <Point X="456" Y="174"/>
    <Point X="460" Y="171"/>
    <Point X="463" Y="169"/>
    <Point X="465" Y="167"/>
    <Point X="467" Y="165"/>
    <Point X="467" Y="164"/>
</Gesture>
