<?xml version="1.0" ?>
<Gesture Name="10" Subject="1" Number="10" NumPts="150">
    <Point X="347" Y="122"/>
    <Point X="346" Y="124"/>
    <Point X="344" Y="127"/>
    <Point X="342" Y="129"/>
    <Point X="340" Y="131"/>
    <Point X="339" Y="133"/>
    <Point X="337" Y="135"/>
    <Point X="334" Y="139"/>
    <Point X="331" Y="142"/>
    <Point X="329" Y="145"/>
    <Point X="327" Y="149"/>
    <Point X="324" Y="153"/>
    <Point X="323" Y="157"/>
    <Point X="320" Y="161"/>
    <Point X="319" Y="167"/>
    <Point X="318" Y="171"/>
    <Point X="317" Y="177"/>
    <Point X="317" Y="181"/>
    <Point X="317" Y="186"/>
    <Point X="317" Y="191"/>
    <Point X="317" Y="195"/>
    <Point X="318" Y="199"/>
    <Point X="319" Y="204"/>
    <Point X="321" Y="209"/>
    <Point X="323" Y="212"/>
    <Point X="324" Y="216"/>
    <Point X="327" Y="220"/>
    <Point X="329" Y="225"/>
    <Point X="331" Y="228"/>
    <Point X="333" Y="231"/>
    <Point X="335" Y="234"/>
    <Point X="338" Y="237"/>
    <Point X="340" Y="240"/>
    <Point X="343" Y="243"/>
    <Point X="345" Y="245"/>
    <Point X="348" Y="247"/>
    <Point X="351" Y="249"/>
    <Point X="355" Y="251"/>
    <Point X="358" Y="252"/>
    <Point X="361" Y="253"/>
    <Point X="364" Y="254"/>
    <Point X="368" Y="254"/>
    <Point X="372" Y="254"/>
    <Point X="376" Y="254"/>
    <Point X="380" Y="254"/>
    <Point X="384" Y="254"/>
    <Point X="388" Y="254"/>
    <Point X="392" Y="254"/>
    <Point X="396" Y="253"/>
    <Point X="400" Y="252"/>
    <Point X="403" Y="250"/>
    <Point X="406" Y="248"/>
    <Point X="409" Y="247"/>
    <Point X="412" Y="245"/>
    <Point X="415" Y="243"/>
    <Point X="417" Y="241"/>
    <Point X="420" Y="239"/>
    <Point X="422" Y="237"/>
    <Point X="424" Y="234"/>
    <Point X="426" Y="232"/>
    <Point X="428" Y="229"/>
    <Point X="429" Y="227"/>
    <Point X="431" Y="224"/>
    <Point X="432" Y="221"/>
    <Point X="433" Y="218"/>
    <Point X="435" Y="215"/>
    <Point X="436" Y="212"/>
    <Point X="437" Y="208"/>
    <Point X="438" Y="205"/>
    <Point X="439" Y="201"/>
    <Point X="439" Y="197"/>
    <Point X="440" Y="193"/>
    <Point X="440" Y="189"/>
    <Point X="440" Y="185"/>
    <Point X="440" Y="181"/>
    <Point X="440" Y="177"/>
    <Point X="440" Y="173"/>
    <Point X="440" Y="169"/>
    <Point X="440" Y="166"/>
    <Point X="440" Y="163"/>
    <Point X="439" Y="160"/>
    <Point X="439" Y="157"/>
    <Point X="438" Y="154"/>
    <Point X="437" Y="151"/>
    <Point X="436" Y="149"/>
    <Point X="436" Y="146"/>
    <Point X="435" Y="145"/>
    <Point X="434" Y="143"/>
    <Point X="434" Y="142"/>
    <Point X="433" Y="141"/>
    <Point X="433" Y="140"/>
    <Point X="432" Y="138"/>
    <Point X="431" Y="138"/>
    <Point X="430" Y="136"/>
    <Point X="429" Y="136"/>
    <Point X="428" Y="134"/>
    <Point X="427" Y="133"/>
    <Point X="425" Y="132"/>
    <Point X="424" Y="131"/>
    <Point X="422" Y="130"/>
    <Point X="420" Y="128"/>
    <Point X="418" Y="126"/>
    <Point X="416" Y="126"/>
    <Point X="414" Y="124"/>
    <Point X="412" Y="123"/>
    <Point X="410" Y="122"/>
    <Point X="407" Y="120"/>
    <Point X="405" Y="119"/>
    <Point X="402" Y="117"/>
    <Point X="401" Y="117"/>
    <Point X="400" Y="116"/>
    <Point X="399" Y="116"/>
    <Point X="398" Y="115"/>
    <Point X="397" Y="115"/>
    <Point X="396" Y="114"/>
    <Point X="395" Y="114"/>
    <Point X="393" Y="113"/>
    <Point X="392" Y="113"/>
    <Point X="391" Y="113"/>
    <Point X="390" Y="112"/>
    <Point X="388" Y="112"/>
    <Point X="386" Y="112"/>
    <Point X="385" Y="112"/>
    <Point X="383" Y="112"/>
    <Point X="381" Y="112"/>
    <Point X="379" Y="112"/>
    <Point X="377" Y="112"/>
    <Point X="375" Y="112"/>
    <Point X="373" Y="112"/>
    <Point X="371" Y="112"/>
    <Point X="370" Y="112"/>
    <Point X="368" Y="113"/>
    <Point X="366" Y="113"/>
    <Point X="364" Y="114"/>
    <Point X="362" Y="115"/>
    <Point X="360" Y="115"/>
    <Point X="358" Y="116"/>
    <Point X="356" Y="117"/>
    <Point X="355" Y="117"/>
    <Point X="354" Y="118"/>
    <Point X="353" Y="118"/>
    <Point X="352" Y="118"/>
    <Point X="351" Y="119"/>
    <Point X="350" Y="119"/>
    <Point X="350" Y="120"/>
    <Point X="349" Y="120"/>
    <Point X="348" Y="121"/>
    <Point X="347" Y="121"/>
    <Point X="347" Y="122"/>
    <Point X="346" Y="122"/>
</Gesture>
