<?xml version="1.0" ?>
<Gesture Name="02" Subject="1" Number="2" NumPts="202">
    <Point X="347" Y="96"/>
    <Point X="346" Y="96"/>
    <Point X="345" Y="96"/>
    <Point X="344" Y="96"/>
    <Point X="343" Y="97"/>
    <Point X="342" Y="97"/>
    <Point X="341" Y="98"/>
    <Point X="339" Y="98"/>
    <Point X="337" Y="99"/>
    <Point X="334" Y="101"/>
    <Point X="331" Y="102"/>
    <Point X="327" Y="105"/>
    <Point X="323" Y="107"/>
    <Point X="320" Y="109"/>
    <Point X="316" Y="111"/>
    <Point X="313" Y="114"/>
    <Point X="310" Y="116"/>
    <Point X="306" Y="118"/>
    <Point X="302" Y="121"/>
    <Point X="300" Y="123"/>
    <Point X="296" Y="126"/>
    <Point X="293" Y="129"/>
    <Point X="291" Y="132"/>
    <Point X="288" Y="135"/>
    <Point X="285" Y="138"/>
    <Point X="283" Y="141"/>
    <Point X="281" Y="146"/>
    <Point X="278" Y="150"/>
    <Point X="277" Y="153"/>
    <Point X="275" Y="157"/>
    <Point X="273" Y="162"/>
    <Point X="272" Y="167"/>
    <Point X="270" Y="171"/>
    <Point X="270" Y="176"/>
    <Point X="269" Y="181"/>
    <Point X="269" Y="186"/>
    <Point X="268" Y="191"/>
    <Point X="268" Y="196"/>
    <Point X="268" Y="202"/>
    <Point X="268" Y="207"/>
    <Point X="268" Y="212"/>
    <Point X="268" Y="216"/>
    <Point X="268" Y="220"/>
    <Point X="269" Y="224"/>
    <Point X="269" Y="228"/>
    <Point X="270" Y="232"/>
    <Point X="270" Y="236"/>
    <Point X="271" Y="240"/>
    <Point X="272" Y="243"/>
    <Point X="274" Y="246"/>
    <Point X="275" Y="249"/>
    <Point X="277" Y="252"/>
    <Point X="279" Y="255"/>
    <Point X="280" Y="258"/>
    <Point X="282" Y="261"/>
    <Point X="283" Y="263"/>
    <Point X="286" Y="267"/>
    <Point X="289" Y="269"/>
    <Point X="291" Y="272"/>
    <Point X="293" Y="275"/>
    <Point X="297" Y="278"/>
    <Point X="300" Y="281"/>
    <Point X="303" Y="284"/>
    <Point X="308" Y="287"/>
    <Point X="310" Y="289"/>
    <Point X="313" Y="291"/>
    <Point X="317" Y="294"/>
    <Point X="320" Y="296"/>
    <Point X="324" Y="298"/>
    <Point X="328" Y="300"/>
    <Point X="333" Y="303"/>
    <Point X="337" Y="306"/>
    <Point X="342" Y="308"/>
    <Point X="347" Y="310"/>
    <Point X="352" Y="312"/>
    <Point X="358" Y="314"/>
    <Point X="364" Y="316"/>
    <Point X="370" Y="318"/>
    <Point X="376" Y="320"/>
    <Point X="381" Y="321"/>
    <Point X="387" Y="322"/>
    <Point X="391" Y="323"/>
    <Point X="395" Y="323"/>
    <Point X="398" Y="324"/>
    <Point X="402" Y="324"/>
    <Point X="405" Y="324"/>
    <Point X="408" Y="324"/>
    <Point X="412" Y="324"/>
    <Point X="416" Y="324"/>
    <Point X="419" Y="323"/>
    <Point X="423" Y="322"/>
    <Point X="427" Y="320"/>
    <Point X="431" Y="319"/>
    <Point X="436" Y="316"/>
    <Point X="440" Y="314"/>
    <Point X="444" Y="312"/>
    <Point X="448" Y="310"/>
    <Point X="452" Y="307"/>
    <Point X="456" Y="304"/>
    <Point X="459" Y="301"/>
    <Point X="463" Y="298"/>
    <Point X="468" Y="296"/>
    <Point X="472" Y="293"/>
    <Point X="476" Y="289"/>
    <Point X="480" Y="285"/>
    <Point X="484" Y="282"/>
    <Point X="488" Y="278"/>
    <Point X="491" Y="275"/>
    <Point X="493" Y="273"/>
    <Point X="496" Y="270"/>
    <Point X="498" Y="267"/>
    <Point X="500" Y="264"/>
    <Point X="502" Y="260"/>
    <Point X="504" Y="256"/>
    <Point X="505" Y="252"/>
    <Point X="507" Y="248"/>
    <Point X="508" Y="243"/>
    <Point X="508" Y="238"/>
    <Point X="509" Y="233"/>
    <Point X="509" Y="228"/>
    <Point X="509" Y="223"/>
    <Point X="509" Y="217"/>
    <Point X="509" Y="213"/>
    <Point X="508" Y="207"/>
    <Point X="507" Y="202"/>
    <Point X="506" Y="197"/>
    <Point X="505" Y="192"/>
    <Point X="503" Y="186"/>
    <Point X="501" Y="182"/>
    <Point X="498" Y="176"/>
    <Point X="496" Y="171"/>
    <Point X="493" Y="166"/>
    <Point X="491" Y="162"/>
    <Point X="489" Y="157"/>
    <Point X="487" Y="152"/>
    <Point X="485" Y="148"/>
    <Point X="483" Y="144"/>
    <Point X="481" Y="141"/>
    <Point X="479" Y="139"/>
    <Point X="477" Y="136"/>
    <Point X="475" Y="133"/>
    <Point X="473" Y="131"/>
    <Point X="471" Y="128"/>
    <Point X="469" Y="126"/>
    <Point X="468" Y="124"/>
    <Point X="466" Y="122"/>
    <Point X="464" Y="121"/>
    <Point X="462" Y="118"/>
    <Point X="460" Y="117"/>
    <Point X="458" Y="116"/>
    <Point X="456" Y="115"/>
    <Point X="453" Y="113"/>
    <Point X="450" Y="112"/>
    <Point X="448" Y="111"/>
    <Point X="445" Y="110"/>
    <Point X="443" Y="108"/>
    <Point X="441" Y="107"/>
    <Point X="437" Y="106"/>
    <Point X="434" Y="105"/>
    <Point X="431" Y="104"/>
    <Point X="428" Y="102"/>
    <Point X="425" Y="101"/>
    <Point X="422" Y="101"/>
    <Point X="420" Y="100"/>
    <Point X="418" Y="100"/>
    <Point X="415" Y="99"/>
    <Point X="413" Y="99"/>
    <Point X="410" Y="98"/>
    <Point X="407" Y="98"/>
    <Point X="405" Y="97"/>
    <Point X="403" Y="97"/>
    <Point X="400" Y="97"/>
    <Point X="398" Y="97"/>
    <Point X="395" Y="97"/>
    <Point X="392" Y="97"/>
    <Point X="389" Y="97"/>
    <Point X="385" Y="97"/>
    <Point X="383" Y="97"/>
    <Point X="381" Y="97"/>
    <Point X="379" Y="97"/>
    <Point X="377" Y="97"/>
    <Point X="376" Y="96"/>
    <Point X="374" Y="96"/>
    <Point X="372" Y="96"/>
    <Point X="370" Y="96"/>
    <Point X="369" Y="96"/>
    <Point X="368" Y="96"/>
    <Point X="365" Y="96"/>
    <Point X="364" Y="96"/>
    <Point X="362" Y="96"/>
    <Point X="360" Y="96"/>
    <Point X="358" Y="96"/>
    <Point X="356" Y="96"/>
    <Point X="355" Y="96"/>
    <Point X="354" Y="96"/>
    <Point X="352" Y="96"/>
    <Point X="351" Y="96"/>
    <Point X="350" Y="96"/>
    <Point X="348" Y="97"/>
    <Point X="346" Y="97"/>
    <Point X="344" Y="98"/>
    <Point X="343" Y="98"/>
</Gesture>
