<?xml version="1.0" ?>
<Gesture Name="04" Subject="1" Number="4" NumPts="167">
    <Point X="337" Y="182"/>
    <Point X="337" Y="183"/>
    <Point X="336" Y="186"/>
    <Point X="335" Y="188"/>
    <Point X="334" Y="189"/>
    <Point X="333" Y="192"/>
    <Point X="331" Y="195"/>
    <Point X="330" Y="199"/>
    <Point X="328" Y="204"/>
    <Point X="326" Y="208"/>
    <Point X="324" Y="213"/>
    <Point X="323" Y="218"/>
    <Point X="322" Y="222"/>
    <Point X="321" Y="227"/>
    <Point X="320" Y="232"/>
    <Point X="319" Y="236"/>
    <Point X="317" Y="240"/>
    <Point X="317" Y="243"/>
    <Point X="317" Y="247"/>
    <Point X="317" Y="250"/>
    <Point X="317" Y="254"/>
    <Point X="317" Y="257"/>
    <Point X="317" Y="260"/>
    <Point X="317" Y="263"/>
    <Point X="317" Y="266"/>
    <Point X="317" Y="269"/>
    <Point X="318" Y="272"/>
    <Point X="319" Y="275"/>
    <Point X="320" Y="278"/>
    <Point X="321" Y="281"/>
    <Point X="323" Y="284"/>
    <Point X="325" Y="287"/>
    <Point X="327" Y="290"/>
    <Point X="329" Y="292"/>
    <Point X="331" Y="294"/>
    <Point X="333" Y="296"/>
    <Point X="335" Y="298"/>
    <Point X="338" Y="300"/>
    <Point X="340" Y="301"/>
    <Point X="343" Y="302"/>
    <Point X="346" Y="303"/>
    <Point X="349" Y="304"/>
    <Point X="352" Y="305"/>
    <Point X="356" Y="305"/>
    <Point X="360" Y="306"/>
    <Point X="365" Y="307"/>
    <Point X="369" Y="307"/>
    <Point X="373" Y="307"/>
    <Point X="377" Y="307"/>
    <Point X="381" Y="307"/>
    <Point X="385" Y="307"/>
    <Point X="389" Y="307"/>
    <Point X="392" Y="307"/>
    <Point X="395" Y="307"/>
    <Point X="397" Y="306"/>
    <Point X="399" Y="305"/>
    <Point X="402" Y="304"/>
    <Point X="403" Y="303"/>
    <Point X="406" Y="302"/>
    <Point X="408" Y="301"/>
    <Point X="410" Y="298"/>
    <Point X="413" Y="296"/>
    <Point X="416" Y="292"/>
    <Point X="418" Y="289"/>
    <Point X="420" Y="285"/>
    <Point X="423" Y="281"/>
    <Point X="425" Y="278"/>
    <Point X="427" Y="274"/>
    <Point X="429" Y="270"/>
    <Point X="431" Y="266"/>
    <Point X="433" Y="262"/>
    <Point X="434" Y="258"/>
    <Point X="436" Y="254"/>
    <Point X="437" Y="250"/>
    <Point X="437" Y="246"/>
    <Point X="438" Y="241"/>
    <Point X="438" Y="237"/>
    <Point X="439" Y="233"/>
    <Point X="440" Y="230"/>
    <Point X="441" Y="226"/>
    <Point X="441" Y="222"/>
    <Point X="442" Y="218"/>
    <Point X="442" Y="214"/>
    <Point X="442" Y="210"/>
    <Point X="442" Y="207"/>
    <Point X="442" Y="203"/>
    <Point X="442" Y="199"/>
    <Point X="442" Y="195"/>
    <Point X="442" Y="191"/>
    <Point X="442" Y="188"/>
    <Point X="442" Y="184"/>
    <Point X="441" Y="180"/>
    <Point X="441" Y="178"/>
    <Point X="440" Y="175"/>
    <Point X="440" Y="173"/>
    <Point X="439" Y="170"/>
    <Point X="438" Y="168"/>
    <Point X="437" Y="166"/>
    <Point X="436" Y="165"/>
    <Point X="435" Y="163"/>
    <Point X="434" Y="161"/>
    <Point X="433" Y="159"/>
    <Point X="432" Y="158"/>
    <Point X="431" Y="157"/>
    <Point X="431" Y="156"/>
    <Point X="430" Y="155"/>
    <Point X="429" Y="154"/>
    <Point X="428" Y="153"/>
    <Point X="427" Y="153"/>
    <Point X="426" Y="152"/>
    <Point X="424" Y="151"/>
    <Point X="423" Y="150"/>
    <Point X="420" Y="149"/>
    <Point X="419" Y="149"/>
    <Point X="416" Y="148"/>
    <Point X="415" Y="148"/>
    <Point X="412" Y="147"/>
    <Point X="410" Y="147"/>
    <Point X="408" Y="146"/>
    <Point X="407" Y="146"/>
    <Point X="404" Y="146"/>
    <Point X="402" Y="146"/>
    <Point X="399" Y="146"/>
    <Point X="397" Y="146"/>
    <Point X="395" Y="146"/>
    <Point X="392" Y="146"/>
    <Point X="390" Y="146"/>
    <Point X="388" Y="146"/>
    <Point X="386" Y="146"/>
    <Point X="384" Y="146"/>
    <Point X="380" Y="146"/>
    <Point X="378" Y="147"/>
    <Point X="376" Y="148"/>
    <Point X="373" Y="149"/>
    <Point X="371" Y="150"/>
    <Point X="369" Y="150"/>
    <Point X="366" Y="151"/>
    <Point X="364" Y="152"/>
    <Point X="363" Y="152"/>
    <Point X="361" Y="154"/>
    <Point X="360" Y="154"/>
    <Point X="358" Y="156"/>
    <Point X="357" Y="156"/>
    <Point X="355" Y="157"/>
    <Point X="354" Y="158"/>
    <Point X="352" Y="159"/>
    <Point X="352" Y="160"/>
    <Point X="350" Y="161"/>
    <Point X="349" Y="163"/>
    <Point X="348" Y="164"/>
    <Point X="346" Y="165"/>
    <Point X="344" Y="167"/>
    <Point X="342" Y="169"/>
    <Point X="340" Y="172"/>
    <Point X="339" Y="173"/>
    <Point X="338" Y="175"/>
    <Point X="337" Y="176"/>
    <Point X="336" Y="177"/>
    <Point X="336" Y="178"/>
    <Point X="335" Y="179"/>
    <Point X="335" Y="180"/>
    <Point X="334" Y="181"/>
    <Point X="334" Y="182"/>
    <Point X="333" Y="183"/>
    <Point X="333" Y="184"/>
    <Point X="333" Y="185"/>
    <Point X="332" Y="185"/>
</Gesture>
