<?xml version="1.0" ?>
<Gesture Name="01" Subject="1" Number="1" NumPts="202">
    <Point X="342" Y="89"/>
    <Point X="340" Y="90"/>
    <Point X="338" Y="90"/>
    <Point X="337" Y="91"/>
    <Point X="334" Y="92"/>
    <Point X="330" Y="94"/>
    <Point X="326" Y="95"/>
    <Point X="321" Y="98"/>
    <Point X="317" Y="100"/>
    <Point X="312" Y="102"/>
    <Point X="308" Y="105"/>
    <Point X="303" Y="108"/>
    <Point X="299" Y="111"/>
    <Point X="295" Y="115"/>
    <Point X="290" Y="118"/>
    <Point X="286" Y="123"/>
    <Point X="281" Y="127"/>
    <Point X="277" Y="131"/>
    <Point X="273" Y="135"/>
    <Point X="269" Y="140"/>
    <Point X="265" Y="144"/>
    <Point X="262" Y="149"/>
    <Point X="259" Y="154"/>
    <Point X="256" Y="158"/>
    <Point X="253" Y="163"/>
    <Point X="250" Y="168"/>
    <Point X="247" Y="172"/>
    <Point X="245" Y="176"/>
    <Point X="243" Y="180"/>
    <Point X="242" Y="184"/>
    <Point X="240" Y="188"/>
    <Point X="239" Y="193"/>
    <Point X="238" Y="196"/>
    <Point X="237" Y="200"/>
    <Point X="237" Y="204"/>
    <Point X="236" Y="207"/>
    <Point X="236" Y="210"/>
    <Point X="236" Y="214"/>
    <Point X="236" Y="217"/>
    <Point X="236" Y="221"/>
    <Point X="236" Y="224"/>
    <Point X="237" Y="228"/>
    <Point X="237" Y="231"/>
    <Point X="238" Y="233"/>
    <Point X="240" Y="236"/>
    <Point X="241" Y="239"/>
    <Point X="243" Y="243"/>
    <Point X="245" Y="246"/>
    <Point X="247" Y="249"/>
    <Point X="249" Y="253"/>
    <Point X="252" Y="257"/>
    <Point X="255" Y="260"/>
    <Point X="258" Y="265"/>
    <Point X="262" Y="269"/>
    <Point X="265" Y="272"/>
    <Point X="268" Y="274"/>
    <Point X="271" Y="278"/>
    <Point X="275" Y="281"/>
    <Point X="279" Y="283"/>
    <Point X="283" Y="286"/>
    <Point X="287" Y="288"/>
    <Point X="291" Y="291"/>
    <Point X="294" Y="293"/>
    <Point X="298" Y="295"/>
    <Point X="303" Y="297"/>
    <Point X="308" Y="299"/>
    <Point X="312" Y="300"/>
    <Point X="318" Y="302"/>
    <Point X="324" Y="304"/>
    <Point X="330" Y="305"/>
    <Point X="336" Y="307"/>
    <Point X="343" Y="308"/>
    <Point X="350" Y="309"/>
    <Point X="356" Y="310"/>
    <Point X="363" Y="311"/>
    <Point X="369" Y="312"/>
    <Point X="375" Y="312"/>
    <Point X="381" Y="312"/>
    <Point X="387" Y="312"/>
    <Point X="392" Y="312"/>
    <Point X="398" Y="312"/>
    <Point X="403" Y="312"/>
    <Point X="408" Y="312"/>
    <Point X="411" Y="312"/>
    <Point X="415" Y="311"/>
    <Point X="418" Y="309"/>
    <Point X="422" Y="307"/>
    <Point X="425" Y="305"/>
    <Point X="428" Y="303"/>
    <Point X="432" Y="300"/>
    <Point X="434" Y="298"/>
    <Point X="437" Y="295"/>
    <Point X="439" Y="293"/>
    <Point X="440" Y="290"/>
    <Point X="443" Y="287"/>
    <Point X="445" Y="283"/>
    <Point X="447" Y="279"/>
    <Point X="450" Y="275"/>
    <Point X="452" Y="271"/>
    <Point X="454" Y="266"/>
    <Point X="456" Y="261"/>
    <Point X="458" Y="256"/>
    <Point X="460" Y="251"/>
    <Point X="462" Y="246"/>
    <Point X="464" Y="241"/>
    <Point X="465" Y="237"/>
    <Point X="467" Y="233"/>
    <Point X="468" Y="228"/>
    <Point X="469" Y="223"/>
    <Point X="471" Y="219"/>
    <Point X="471" Y="215"/>
    <Point X="472" Y="211"/>
    <Point X="472" Y="206"/>
    <Point X="472" Y="202"/>
    <Point X="472" Y="198"/>
    <Point X="472" Y="194"/>
    <Point X="472" Y="189"/>
    <Point X="472" Y="184"/>
    <Point X="472" Y="180"/>
    <Point X="472" Y="175"/>
    <Point X="471" Y="170"/>
    <Point X="470" Y="165"/>
    <Point X="469" Y="160"/>
    <Point X="468" Y="156"/>
    <Point X="466" Y="152"/>
    <Point X="465" Y="148"/>
    <Point X="463" Y="144"/>
    <Point X="462" Y="141"/>
    <Point X="460" Y="138"/>
    <Point X="460" Y="135"/>
    <Point X="459" Y="133"/>
    <Point X="458" Y="131"/>
    <Point X="457" Y="129"/>
    <Point X="455" Y="127"/>
    <Point X="454" Y="124"/>
    <Point X="453" Y="122"/>
    <Point X="452" Y="121"/>
    <Point X="450" Y="118"/>
    <Point X="449" Y="116"/>
    <Point X="447" Y="114"/>
    <Point X="446" Y="113"/>
    <Point X="444" Y="111"/>
    <Point X="443" Y="110"/>
    <Point X="441" Y="108"/>
    <Point X="440" Y="107"/>
    <Point X="439" Y="106"/>
    <Point X="437" Y="105"/>
    <Point X="435" Y="103"/>
    <Point X="434" Y="102"/>
    <Point X="431" Y="101"/>
    <Point X="429" Y="100"/>
    <Point X="429" Y="99"/>
    <Point X="427" Y="99"/>
    <Point X="425" Y="98"/>
    <Point X="423" Y="96"/>
    <Point X="420" Y="96"/>
    <Point X="418" Y="94"/>
    <Point X="417" Y="93"/>
    <Point X="415" Y="93"/>
    <Point X="413" Y="92"/>
    <Point X="411" Y="91"/>
    <Point X="410" Y="91"/>
    <Point X="409" Y="91"/>
    <Point X="407" Y="91"/>
    <Point X="405" Y="90"/>
    <Point X="403" Y="90"/>
    <Point X="401" Y="90"/>
    <Point X="397" Y="89"/>
    <Point X="395" Y="89"/>
    <Point X="393" Y="88"/>
    <Point X="392" Y="88"/>
    <Point X="389" Y="88"/>
    <Point X="388" Y="87"/>
    <Point X="385" Y="87"/>
    <Point X="383" Y="86"/>
    <Point X="381" Y="86"/>
    <Point X="378" Y="86"/>
    <Point X="376" Y="86"/>
    <Point X="374" Y="86"/>
    <Point X="371" Y="86"/>
    <Point X="369" Y="86"/>
    <Point X="366" Y="86"/>
    <Point X="364" Y="86"/>
    <Point X="362" Y="86"/>
    <Point X="358" Y="86"/>
    <Point X="356" Y="86"/>
    <Point X="354" Y="86"/>
    <Point X="351" Y="86"/>
    <Point X="350" Y="86"/>
    <Point X="348" Y="86"/>
    <Point X="346" Y="86"/>
    <Point X="345" Y="86"/>
    <Point X="343" Y="86"/>
    <Point X="342" Y="86"/>
    <Point X="340" Y="86"/>
    <Point X="338" Y="87"/>
    <Point X="337" Y="87"/>
    <Point X="336" Y="87"/>
    <Point X="335" Y="87"/>
    <Point X="334" Y="87"/>
    <Point X="333" Y="88"/>
    <Point X="332" Y="88"/>
</Gesture>
