<?xml version="1.0" ?>
<Gesture Name="07" Subject="1" Number="7" NumPts="146">
    <Point X="346" Y="204"/>
    <Point X="345" Y="204"/>
    <Point X="344" Y="204"/>
    <Point X="343" Y="204"/>
    <Point X="342" Y="204"/>
    <Point X="341" Y="204"/>
    <Point X="338" Y="205"/>
    <Point X="337" Y="205"/>
    <Point X="335" Y="205"/>
    <Point X="332" Y="207"/>
    <Point X="329" Y="209"/>
    <Point X="325" Y="211"/>
    <Point X="321" Y="214"/>
    <Point X="317" Y="217"/>
    <Point X="313" Y="220"/>
    <Point X="310" Y="224"/>
    <Point X="307" Y="227"/>
    <Point X="304" Y="232"/>
    <Point X="301" Y="236"/>
    <Point X="300" Y="241"/>
    <Point X="298" Y="246"/>
    <Point X="297" Y="251"/>
    <Point X="296" Y="257"/>
    <Point X="295" Y="262"/>
    <Point X="294" Y="267"/>
    <Point X="294" Y="274"/>
    <Point X="293" Y="280"/>
    <Point X="292" Y="285"/>
    <Point X="292" Y="291"/>
    <Point X="292" Y="298"/>
    <Point X="292" Y="304"/>
    <Point X="292" Y="310"/>
    <Point X="292" Y="315"/>
    <Point X="293" Y="320"/>
    <Point X="294" Y="325"/>
    <Point X="296" Y="329"/>
    <Point X="298" Y="333"/>
    <Point X="299" Y="337"/>
    <Point X="301" Y="341"/>
    <Point X="303" Y="345"/>
    <Point X="306" Y="350"/>
    <Point X="309" Y="354"/>
    <Point X="313" Y="358"/>
    <Point X="318" Y="362"/>
    <Point X="322" Y="366"/>
    <Point X="327" Y="369"/>
    <Point X="332" Y="372"/>
    <Point X="339" Y="375"/>
    <Point X="346" Y="377"/>
    <Point X="354" Y="378"/>
    <Point X="362" Y="380"/>
    <Point X="368" Y="381"/>
    <Point X="375" Y="382"/>
    <Point X="382" Y="383"/>
    <Point X="389" Y="383"/>
    <Point X="395" Y="383"/>
    <Point X="401" Y="383"/>
    <Point X="406" Y="383"/>
    <Point X="412" Y="382"/>
    <Point X="418" Y="381"/>
    <Point X="423" Y="379"/>
    <Point X="428" Y="377"/>
    <Point X="432" Y="376"/>
    <Point X="436" Y="373"/>
    <Point X="440" Y="370"/>
    <Point X="443" Y="367"/>
    <Point X="446" Y="363"/>
    <Point X="448" Y="360"/>
    <Point X="451" Y="356"/>
    <Point X="454" Y="351"/>
    <Point X="457" Y="346"/>
    <Point X="459" Y="341"/>
    <Point X="462" Y="336"/>
    <Point X="463" Y="331"/>
    <Point X="465" Y="325"/>
    <Point X="467" Y="319"/>
    <Point X="468" Y="313"/>
    <Point X="470" Y="307"/>
    <Point X="470" Y="300"/>
    <Point X="471" Y="293"/>
    <Point X="471" Y="287"/>
    <Point X="471" Y="282"/>
    <Point X="471" Y="276"/>
    <Point X="471" Y="271"/>
    <Point X="471" Y="266"/>
    <Point X="471" Y="262"/>
    <Point X="471" Y="257"/>
    <Point X="470" Y="253"/>
    <Point X="470" Y="249"/>
    <Point X="469" Y="245"/>
    <Point X="468" Y="242"/>
    <Point X="467" Y="239"/>
    <Point X="466" Y="237"/>
    <Point X="465" Y="234"/>
    <Point X="463" Y="231"/>
    <Point X="462" Y="229"/>
    <Point X="460" Y="227"/>
    <Point X="458" Y="225"/>
    <Point X="456" Y="223"/>
    <Point X="455" Y="221"/>
    <Point X="452" Y="220"/>
    <Point X="450" Y="218"/>
    <Point X="447" Y="216"/>
    <Point X="445" Y="215"/>
    <Point X="442" Y="213"/>
    <Point X="439" Y="212"/>
    <Point X="436" Y="210"/>
    <Point X="433" Y="209"/>
    <Point X="430" Y="208"/>
    <Point X="427" Y="207"/>
    <Point X="424" Y="206"/>
    <Point X="421" Y="205"/>
    <Point X="418" Y="204"/>
    <Point X="416" Y="204"/>
    <Point X="413" Y="203"/>
    <Point X="411" Y="203"/>
    <Point X="408" Y="202"/>
    <Point X="405" Y="201"/>
    <Point X="402" Y="200"/>
    <Point X="398" Y="200"/>
    <Point X="395" Y="199"/>
    <Point X="392" Y="199"/>
    <Point X="389" Y="199"/>
    <Point X="387" Y="198"/>
    <Point X="384" Y="198"/>
    <Point X="382" Y="198"/>
    <Point X="379" Y="198"/>
    <Point X="376" Y="198"/>
    <Point X="372" Y="198"/>
    <Point X="370" Y="198"/>
    <Point X="367" Y="198"/>
    <Point X="365" Y="198"/>
    <Point X="362" Y="198"/>
    <Point X="360" Y="198"/>
    <Point X="358" Y="198"/>
    <Point X="357" Y="198"/>
    <Point X="355" Y="198"/>
    <Point X="354" Y="198"/>
    <Point X="353" Y="198"/>
    <Point X="351" Y="198"/>
    <Point X="350" Y="198"/>
    <Point X="349" Y="198"/>
    <Point X="348" Y="199"/>
    <Point X="347" Y="199"/>
    <Point X="346" Y="199"/>
    <Point X="345" Y="199"/>
</Gesture>
