<?xml version="1.0" ?>
<Gesture Name="06" Subject="1" Number="6" NumPts="169">
    <Point X="330" Y="166"/>
    <Point X="329" Y="166"/>
    <Point X="328" Y="167"/>
    <Point X="326" Y="168"/>
    <Point X="325" Y="169"/>
    <Point X="322" Y="171"/>
    <Point X="320" Y="173"/>
    <Point X="318" Y="175"/>
    <Point X="315" Y="178"/>
    <Point X="314" Y="179"/>
    <Point X="312" Y="181"/>
    <Point X="310" Y="185"/>
    <Point X="308" Y="189"/>
    <Point X="305" Y="193"/>
    <Point X="302" Y="198"/>
    <Point X="300" Y="203"/>
    <Point X="299" Y="209"/>
    <Point X="298" Y="214"/>
    <Point X="296" Y="219"/>
    <Point X="296" Y="224"/>
    <Point X="295" Y="230"/>
    <Point X="294" Y="235"/>
    <Point X="294" Y="241"/>
    <Point X="293" Y="247"/>
    <Point X="293" Y="252"/>
    <Point X="293" Y="258"/>
    <Point X="293" Y="262"/>
    <Point X="293" Y="267"/>
    <Point X="293" Y="272"/>
    <Point X="294" Y="276"/>
    <Point X="295" Y="280"/>
    <Point X="297" Y="284"/>
    <Point X="298" Y="288"/>
    <Point X="299" Y="292"/>
    <Point X="301" Y="296"/>
    <Point X="303" Y="299"/>
    <Point X="305" Y="302"/>
    <Point X="308" Y="306"/>
    <Point X="311" Y="310"/>
    <Point X="314" Y="313"/>
    <Point X="318" Y="316"/>
    <Point X="321" Y="319"/>
    <Point X="325" Y="321"/>
    <Point X="329" Y="324"/>
    <Point X="333" Y="325"/>
    <Point X="337" Y="327"/>
    <Point X="341" Y="329"/>
    <Point X="346" Y="330"/>
    <Point X="352" Y="332"/>
    <Point X="358" Y="333"/>
    <Point X="365" Y="334"/>
    <Point X="372" Y="335"/>
    <Point X="379" Y="336"/>
    <Point X="385" Y="337"/>
    <Point X="392" Y="337"/>
    <Point X="398" Y="337"/>
    <Point X="403" Y="337"/>
    <Point X="409" Y="337"/>
    <Point X="414" Y="337"/>
    <Point X="419" Y="337"/>
    <Point X="423" Y="335"/>
    <Point X="428" Y="334"/>
    <Point X="432" Y="331"/>
    <Point X="435" Y="329"/>
    <Point X="440" Y="325"/>
    <Point X="444" Y="321"/>
    <Point X="447" Y="318"/>
    <Point X="450" Y="315"/>
    <Point X="453" Y="311"/>
    <Point X="455" Y="308"/>
    <Point X="457" Y="305"/>
    <Point X="460" Y="300"/>
    <Point X="462" Y="296"/>
    <Point X="464" Y="292"/>
    <Point X="466" Y="287"/>
    <Point X="467" Y="283"/>
    <Point X="468" Y="278"/>
    <Point X="468" Y="273"/>
    <Point X="469" Y="268"/>
    <Point X="470" Y="264"/>
    <Point X="470" Y="260"/>
    <Point X="470" Y="256"/>
    <Point X="471" Y="252"/>
    <Point X="471" Y="248"/>
    <Point X="471" Y="245"/>
    <Point X="471" Y="241"/>
    <Point X="471" Y="238"/>
    <Point X="471" Y="234"/>
    <Point X="471" Y="230"/>
    <Point X="471" Y="226"/>
    <Point X="471" Y="222"/>
    <Point X="471" Y="218"/>
    <Point X="471" Y="215"/>
    <Point X="471" Y="212"/>
    <Point X="471" Y="209"/>
    <Point X="470" Y="206"/>
    <Point X="470" Y="203"/>
    <Point X="469" Y="200"/>
    <Point X="468" Y="198"/>
    <Point X="467" Y="196"/>
    <Point X="466" Y="193"/>
    <Point X="464" Y="191"/>
    <Point X="464" Y="189"/>
    <Point X="462" Y="187"/>
    <Point X="461" Y="185"/>
    <Point X="459" Y="183"/>
    <Point X="458" Y="181"/>
    <Point X="456" Y="179"/>
    <Point X="455" Y="177"/>
    <Point X="453" Y="176"/>
    <Point X="451" Y="174"/>
    <Point X="450" Y="173"/>
    <Point X="448" Y="172"/>
    <Point X="446" Y="171"/>
    <Point X="444" Y="170"/>
    <Point X="443" Y="169"/>
    <Point X="441" Y="168"/>
    <Point X="439" Y="167"/>
    <Point X="436" Y="166"/>
    <Point X="433" Y="165"/>
    <Point X="431" Y="164"/>
    <Point X="428" Y="163"/>
    <Point X="425" Y="163"/>
    <Point X="424" Y="162"/>
    <Point X="422" Y="162"/>
    <Point X="420" Y="161"/>
    <Point X="417" Y="161"/>
    <Point X="416" Y="160"/>
    <Point X="413" Y="160"/>
    <Point X="409" Y="159"/>
    <Point X="406" Y="159"/>
    <Point X="402" Y="159"/>
    <Point X="398" Y="158"/>
    <Point X="395" Y="157"/>
    <Point X="392" Y="157"/>
    <Point X="391" Y="157"/>
    <Point X="388" Y="157"/>
    <Point X="386" Y="157"/>
    <Point X="384" Y="157"/>
    <Point X="383" Y="157"/>
    <Point X="382" Y="157"/>
    <Point X="380" Y="157"/>
    <Point X="378" Y="157"/>
    <Point X="376" Y="157"/>
    <Point X="374" Y="157"/>
    <Point X="372" Y="157"/>
    <Point X="370" Y="157"/>
    <Point X="367" Y="157"/>
    <Point X="364" Y="157"/>
    <Point X="361" Y="157"/>
    <Point X="358" Y="157"/>
    <Point X="355" Y="157"/>
    <Point X="352" Y="158"/>
    <Point X="348" Y="158"/>
    <Point X="345" Y="159"/>
    <Point X="344" Y="159"/>
    <Point X="342" Y="159"/>
    <Point X="341" Y="160"/>
    <Point X="340" Y="160"/>
    <Point X="339" Y="161"/>
    <Point X="338" Y="161"/>
    <Point X="337" Y="161"/>
    <Point X="337" Y="162"/>
    <Point X="336" Y="162"/>
    <Point X="335" Y="163"/>
    <Point X="333" Y="164"/>
    <Point X="332" Y="164"/>
    <Point X="332" Y="165"/>
    <Point X="331" Y="165"/>
</Gesture>
