<?xml version="1.0" ?>
<Gesture Name="09" Subject="1" Number="9" NumPts="155">
    <Point X="348" Y="217"/>
    <Point X="348" Y="218"/>
    <Point X="347" Y="218"/>
    <Point X="345" Y="219"/>
    <Point X="344" Y="220"/>
    <Point X="342" Y="221"/>
    <Point X="339" Y="224"/>
    <Point X="337" Y="226"/>
    <Point X="335" Y="228"/>
    <Point X="332" Y="231"/>
    <Point X="331" Y="232"/>
    <Point X="329" Y="235"/>
    <Point X="327" Y="238"/>
    <Point X="325" Y="242"/>
    <Point X="322" Y="246"/>
    <Point X="321" Y="251"/>
    <Point X="320" Y="255"/>
    <Point X="318" Y="261"/>
    <Point X="318" Y="266"/>
    <Point X="317" Y="271"/>
    <Point X="317" Y="276"/>
    <Point X="317" Y="282"/>
    <Point X="317" Y="286"/>
    <Point X="317" Y="291"/>
    <Point X="317" Y="295"/>
    <Point X="317" Y="299"/>
    <Point X="318" Y="303"/>
    <Point X="319" Y="307"/>
    <Point X="320" Y="310"/>
    <Point X="321" Y="314"/>
    <Point X="322" Y="318"/>
    <Point X="324" Y="321"/>
    <Point X="325" Y="324"/>
    <Point X="327" Y="327"/>
    <Point X="329" Y="330"/>
    <Point X="330" Y="333"/>
    <Point X="333" Y="337"/>
    <Point X="335" Y="340"/>
    <Point X="338" Y="342"/>
    <Point X="341" Y="344"/>
    <Point X="345" Y="347"/>
    <Point X="349" Y="350"/>
    <Point X="354" Y="353"/>
    <Point X="358" Y="355"/>
    <Point X="362" Y="357"/>
    <Point X="367" Y="359"/>
    <Point X="372" Y="361"/>
    <Point X="375" Y="362"/>
    <Point X="380" Y="363"/>
    <Point X="385" Y="363"/>
    <Point X="389" Y="364"/>
    <Point X="393" Y="364"/>
    <Point X="398" Y="364"/>
    <Point X="403" Y="364"/>
    <Point X="407" Y="364"/>
    <Point X="412" Y="364"/>
    <Point X="416" Y="363"/>
    <Point X="420" Y="361"/>
    <Point X="424" Y="360"/>
    <Point X="427" Y="358"/>
    <Point X="429" Y="356"/>
    <Point X="432" Y="353"/>
    <Point X="435" Y="350"/>
    <Point X="438" Y="348"/>
    <Point X="440" Y="344"/>
    <Point X="443" Y="341"/>
    <Point X="445" Y="338"/>
    <Point X="447" Y="334"/>
    <Point X="449" Y="331"/>
    <Point X="451" Y="326"/>
    <Point X="453" Y="321"/>
    <Point X="455" Y="317"/>
    <Point X="457" Y="313"/>
    <Point X="458" Y="307"/>
    <Point X="459" Y="303"/>
    <Point X="460" Y="298"/>
    <Point X="460" Y="293"/>
    <Point X="461" Y="289"/>
    <Point X="461" Y="285"/>
    <Point X="462" Y="282"/>
    <Point X="462" Y="278"/>
    <Point X="462" Y="274"/>
    <Point X="462" Y="270"/>
    <Point X="462" Y="266"/>
    <Point X="462" Y="262"/>
    <Point X="462" Y="258"/>
    <Point X="461" Y="255"/>
    <Point X="461" Y="252"/>
    <Point X="460" Y="249"/>
    <Point X="460" Y="246"/>
    <Point X="459" Y="243"/>
    <Point X="458" Y="241"/>
    <Point X="457" Y="239"/>
    <Point X="456" Y="238"/>
    <Point X="455" Y="236"/>
    <Point X="453" Y="234"/>
    <Point X="453" Y="232"/>
    <Point X="451" Y="230"/>
    <Point X="450" Y="229"/>
    <Point X="449" Y="228"/>
    <Point X="448" Y="227"/>
    <Point X="447" Y="226"/>
    <Point X="446" Y="225"/>
    <Point X="445" Y="224"/>
    <Point X="444" Y="223"/>
    <Point X="442" Y="222"/>
    <Point X="441" Y="222"/>
    <Point X="439" Y="220"/>
    <Point X="438" Y="219"/>
    <Point X="435" Y="218"/>
    <Point X="434" Y="218"/>
    <Point X="432" Y="217"/>
    <Point X="430" Y="216"/>
    <Point X="427" Y="215"/>
    <Point X="424" Y="215"/>
    <Point X="422" Y="214"/>
    <Point X="419" Y="213"/>
    <Point X="417" Y="213"/>
    <Point X="415" Y="212"/>
    <Point X="413" Y="212"/>
    <Point X="411" Y="212"/>
    <Point X="407" Y="211"/>
    <Point X="404" Y="211"/>
    <Point X="401" Y="210"/>
    <Point X="397" Y="210"/>
    <Point X="394" Y="210"/>
    <Point X="391" Y="210"/>
    <Point X="388" Y="210"/>
    <Point X="385" Y="210"/>
    <Point X="383" Y="210"/>
    <Point X="381" Y="210"/>
    <Point X="379" Y="210"/>
    <Point X="377" Y="210"/>
    <Point X="376" Y="210"/>
    <Point X="374" Y="210"/>
    <Point X="372" Y="210"/>
    <Point X="370" Y="210"/>
    <Point X="368" Y="210"/>
    <Point X="366" Y="210"/>
    <Point X="364" Y="210"/>
    <Point X="361" Y="211"/>
    <Point X="360" Y="211"/>
    <Point X="358" Y="212"/>
    <Point X="357" Y="212"/>
    <Point X="355" Y="212"/>
    <Point X="353" Y="213"/>
    <Point X="352" Y="213"/>
    <Point X="350" Y="214"/>
    <Point X="349" Y="214"/>
    <Point X="348" Y="214"/>
    <Point X="348" Y="215"/>
    <Point X="347" Y="215"/>
    <Point X="346" Y="215"/>
    <Point X="346" Y="216"/>
    <Point X="345" Y="216"/>
</Gesture>
