<?xml version="1.0" ?>
<Gesture Name="03" Subject="1" Number="3" NumPts="205">
    <Point X="296" Y="119"/>
    <Point X="295" Y="119"/>
    <Point X="295" Y="120"/>
    <Point X="293" Y="122"/>
    <Point X="292" Y="123"/>
    <Point X="291" Y="125"/>
    <Point X="290" Y="126"/>
    <Point X="287" Y="129"/>
    <Point X="286" Y="130"/>
    <Point X="285" Y="132"/>
    <Point X="284" Y="134"/>
    <Point X="282" Y="138"/>
    <Point X="280" Y="141"/>
    <Point X="277" Y="145"/>
    <Point X="275" Y="150"/>
    <Point X="273" Y="155"/>
    <Point X="272" Y="160"/>
    <Point X="270" Y="166"/>
    <Point X="268" Y="172"/>
    <Point X="266" Y="178"/>
    <Point X="265" Y="184"/>
    <Point X="263" Y="191"/>
    <Point X="262" Y="196"/>
    <Point X="260" Y="202"/>
    <Point X="260" Y="208"/>
    <Point X="260" Y="214"/>
    <Point X="260" Y="219"/>
    <Point X="260" Y="225"/>
    <Point X="260" Y="230"/>
    <Point X="260" Y="235"/>
    <Point X="260" Y="240"/>
    <Point X="262" Y="244"/>
    <Point X="263" Y="249"/>
    <Point X="264" Y="253"/>
    <Point X="266" Y="258"/>
    <Point X="269" Y="263"/>
    <Point X="271" Y="267"/>
    <Point X="273" Y="272"/>
    <Point X="276" Y="276"/>
    <Point X="278" Y="280"/>
    <Point X="281" Y="284"/>
    <Point X="283" Y="287"/>
    <Point X="286" Y="290"/>
    <Point X="290" Y="293"/>
    <Point X="293" Y="296"/>
    <Point X="297" Y="299"/>
    <Point X="302" Y="302"/>
    <Point X="307" Y="303"/>
    <Point X="311" Y="306"/>
    <Point X="316" Y="307"/>
    <Point X="321" Y="309"/>
    <Point X="325" Y="310"/>
    <Point X="330" Y="311"/>
    <Point X="335" Y="312"/>
    <Point X="340" Y="312"/>
    <Point X="345" Y="312"/>
    <Point X="351" Y="312"/>
    <Point X="356" Y="312"/>
    <Point X="362" Y="312"/>
    <Point X="366" Y="312"/>
    <Point X="371" Y="312"/>
    <Point X="376" Y="312"/>
    <Point X="381" Y="312"/>
    <Point X="386" Y="311"/>
    <Point X="390" Y="310"/>
    <Point X="394" Y="309"/>
    <Point X="398" Y="308"/>
    <Point X="402" Y="306"/>
    <Point X="405" Y="304"/>
    <Point X="409" Y="302"/>
    <Point X="412" Y="301"/>
    <Point X="415" Y="298"/>
    <Point X="418" Y="296"/>
    <Point X="421" Y="293"/>
    <Point X="424" Y="290"/>
    <Point X="426" Y="288"/>
    <Point X="430" Y="285"/>
    <Point X="432" Y="283"/>
    <Point X="434" Y="280"/>
    <Point X="437" Y="277"/>
    <Point X="439" Y="274"/>
    <Point X="441" Y="271"/>
    <Point X="443" Y="267"/>
    <Point X="445" Y="264"/>
    <Point X="446" Y="260"/>
    <Point X="448" Y="256"/>
    <Point X="449" Y="253"/>
    <Point X="450" Y="248"/>
    <Point X="450" Y="243"/>
    <Point X="452" Y="238"/>
    <Point X="452" Y="233"/>
    <Point X="453" Y="228"/>
    <Point X="453" Y="224"/>
    <Point X="453" Y="219"/>
    <Point X="453" Y="214"/>
    <Point X="453" Y="211"/>
    <Point X="453" Y="206"/>
    <Point X="453" Y="201"/>
    <Point X="453" Y="197"/>
    <Point X="453" Y="193"/>
    <Point X="453" Y="189"/>
    <Point X="453" Y="185"/>
    <Point X="453" Y="182"/>
    <Point X="453" Y="178"/>
    <Point X="453" Y="175"/>
    <Point X="453" Y="172"/>
    <Point X="453" Y="168"/>
    <Point X="452" Y="165"/>
    <Point X="451" Y="163"/>
    <Point X="451" Y="161"/>
    <Point X="450" Y="157"/>
    <Point X="449" Y="155"/>
    <Point X="448" Y="153"/>
    <Point X="447" Y="150"/>
    <Point X="447" Y="149"/>
    <Point X="446" Y="146"/>
    <Point X="445" Y="145"/>
    <Point X="443" Y="143"/>
    <Point X="442" Y="140"/>
    <Point X="441" Y="138"/>
    <Point X="440" Y="137"/>
    <Point X="439" Y="135"/>
    <Point X="437" Y="133"/>
    <Point X="436" Y="132"/>
    <Point X="435" Y="131"/>
    <Point X="434" Y="129"/>
    <Point X="432" Y="128"/>
    <Point X="431" Y="127"/>
    <Point X="429" Y="125"/>
    <Point X="427" Y="124"/>
    <Point X="425" Y="122"/>
    <Point X="423" Y="121"/>
    <Point X="420" Y="119"/>
    <Point X="418" Y="118"/>
    <Point X="417" Y="117"/>
    <Point X="416" Y="116"/>
    <Point X="414" Y="115"/>
    <Point X="411" Y="113"/>
    <Point X="410" Y="113"/>
    <Point X="407" Y="112"/>
    <Point X="404" Y="111"/>
    <Point X="402" Y="110"/>
    <Point X="400" Y="109"/>
    <Point X="398" Y="108"/>
    <Point X="396" Y="107"/>
    <Point X="395" Y="107"/>
    <Point X="392" Y="107"/>
    <Point X="391" Y="106"/>
    <Point X="388" Y="106"/>
    <Point X="387" Y="105"/>
    <Point X="385" Y="105"/>
    <Point X="383" Y="104"/>
    <Point X="380" Y="104"/>
    <Point X="379" Y="104"/>
    <Point X="376" Y="104"/>
    <Point X="374" Y="104"/>
    <Point X="371" Y="104"/>
    <Point X="369" Y="104"/>
    <Point X="367" Y="104"/>
    <Point X="364" Y="104"/>
    <Point X="362" Y="104"/>
    <Point X="359" Y="104"/>
    <Point X="356" Y="104"/>
    <Point X="354" Y="104"/>
    <Point X="352" Y="104"/>
    <Point X="349" Y="104"/>
    <Point X="347" Y="104"/>
    <Point X="345" Y="104"/>
    <Point X="344" Y="104"/>
    <Point X="342" Y="104"/>
    <Point X="340" Y="104"/>
    <Point X="338" Y="104"/>
    <Point X="335" Y="104"/>
    <Point X="334" Y="104"/>
    <Point X="332" Y="104"/>
    <Point X="331" Y="104"/>
    <Point X="328" Y="105"/>
    <Point X="327" Y="105"/>
    <Point X="325" Y="105"/>
    <Point X="323" Y="106"/>
    <Point X="322" Y="106"/>
    <Point X="321" Y="106"/>
    <Point X="320" Y="106"/>
    <Point X="319" Y="107"/>
    <Point X="317" Y="107"/>
    <Point X="315" Y="107"/>
    <Point X="312" Y="108"/>
    <Point X="310" Y="108"/>
    <Point X="308" Y="109"/>
    <Point X="307" Y="110"/>
    <Point X="306" Y="110"/>
    <Point X="305" Y="110"/>
    <Point X="304" Y="111"/>
    <Point X="303" Y="111"/>
    <Point X="302" Y="112"/>
    <Point X="301" Y="112"/>
    <Point X="301" Y="113"/>
    <Point X="300" Y="114"/>
    <Point X="300" Y="115"/>
    <Point X="299" Y="116"/>
    <Point X="298" Y="117"/>
    <Point X="297" Y="118"/>
    <Point X="297" Y="119"/>
    <Point X="296" Y="119"/>
    <Point X="296" Y="120"/>
</Gesture>
