<?xml version="1.0" ?>
<Gesture Name="08" Subject="1" Number="8" NumPts="149">
    <Point X="345" Y="231"/>
    <Point X="344" Y="231"/>
    <Point X="343" Y="231"/>
    <Point X="341" Y="231"/>
    <Point X="340" Y="231"/>
    <Point X="337" Y="232"/>
    <Point X="336" Y="232"/>
    <Point X="335" Y="234"/>
    <Point X="333" Y="235"/>
    <Point X="330" Y="237"/>
    <Point X="329" Y="239"/>
    <Point X="326" Y="241"/>
    <Point X="323" Y="243"/>
    <Point X="320" Y="247"/>
    <Point X="317" Y="251"/>
    <Point X="314" Y="255"/>
    <Point X="311" Y="260"/>
    <Point X="309" Y="265"/>
    <Point X="307" Y="270"/>
    <Point X="305" Y="275"/>
    <Point X="304" Y="281"/>
    <Point X="303" Y="286"/>
    <Point X="302" Y="292"/>
    <Point X="302" Y="297"/>
    <Point X="302" Y="302"/>
    <Point X="302" Y="305"/>
    <Point X="302" Y="310"/>
    <Point X="302" Y="314"/>
    <Point X="302" Y="317"/>
    <Point X="302" Y="321"/>
    <Point X="303" Y="324"/>
    <Point X="305" Y="328"/>
    <Point X="307" Y="332"/>
    <Point X="308" Y="335"/>
    <Point X="310" Y="338"/>
    <Point X="313" Y="342"/>
    <Point X="315" Y="345"/>
    <Point X="318" Y="349"/>
    <Point X="320" Y="353"/>
    <Point X="324" Y="357"/>
    <Point X="327" Y="360"/>
    <Point X="331" Y="364"/>
    <Point X="335" Y="367"/>
    <Point X="340" Y="370"/>
    <Point X="344" Y="373"/>
    <Point X="348" Y="375"/>
    <Point X="352" Y="377"/>
    <Point X="357" Y="379"/>
    <Point X="362" Y="380"/>
    <Point X="366" Y="381"/>
    <Point X="373" Y="382"/>
    <Point X="379" Y="383"/>
    <Point X="385" Y="384"/>
    <Point X="392" Y="385"/>
    <Point X="399" Y="385"/>
    <Point X="404" Y="385"/>
    <Point X="410" Y="385"/>
    <Point X="414" Y="385"/>
    <Point X="418" Y="385"/>
    <Point X="421" Y="385"/>
    <Point X="424" Y="384"/>
    <Point X="428" Y="383"/>
    <Point X="432" Y="381"/>
    <Point X="435" Y="378"/>
    <Point X="438" Y="376"/>
    <Point X="443" Y="373"/>
    <Point X="446" Y="369"/>
    <Point X="449" Y="366"/>
    <Point X="451" Y="363"/>
    <Point X="453" Y="360"/>
    <Point X="456" Y="356"/>
    <Point X="458" Y="352"/>
    <Point X="460" Y="348"/>
    <Point X="462" Y="344"/>
    <Point X="463" Y="340"/>
    <Point X="465" Y="335"/>
    <Point X="466" Y="330"/>
    <Point X="468" Y="326"/>
    <Point X="469" Y="321"/>
    <Point X="470" Y="316"/>
    <Point X="470" Y="311"/>
    <Point X="471" Y="306"/>
    <Point X="472" Y="301"/>
    <Point X="472" Y="296"/>
    <Point X="472" Y="292"/>
    <Point X="472" Y="287"/>
    <Point X="472" Y="282"/>
    <Point X="472" Y="278"/>
    <Point X="472" Y="274"/>
    <Point X="472" Y="271"/>
    <Point X="472" Y="267"/>
    <Point X="472" Y="264"/>
    <Point X="471" Y="262"/>
    <Point X="471" Y="260"/>
    <Point X="470" Y="257"/>
    <Point X="470" Y="256"/>
    <Point X="469" Y="254"/>
    <Point X="468" Y="252"/>
    <Point X="467" Y="250"/>
    <Point X="466" Y="248"/>
    <Point X="464" Y="245"/>
    <Point X="463" Y="243"/>
    <Point X="461" Y="241"/>
    <Point X="459" Y="238"/>
    <Point X="456" Y="236"/>
    <Point X="454" Y="234"/>
    <Point X="451" Y="232"/>
    <Point X="449" Y="231"/>
    <Point X="447" Y="230"/>
    <Point X="446" Y="229"/>
    <Point X="444" Y="228"/>
    <Point X="442" Y="227"/>
    <Point X="440" Y="227"/>
    <Point X="437" Y="226"/>
    <Point X="434" Y="226"/>
    <Point X="432" Y="225"/>
    <Point X="429" Y="225"/>
    <Point X="425" Y="225"/>
    <Point X="421" Y="224"/>
    <Point X="417" Y="224"/>
    <Point X="413" Y="224"/>
    <Point X="409" Y="224"/>
    <Point X="405" Y="224"/>
    <Point X="402" Y="223"/>
    <Point X="398" Y="223"/>
    <Point X="395" Y="223"/>
    <Point X="392" Y="223"/>
    <Point X="389" Y="223"/>
    <Point X="386" Y="223"/>
    <Point X="383" Y="223"/>
    <Point X="379" Y="223"/>
    <Point X="375" Y="223"/>
    <Point X="371" Y="223"/>
    <Point X="367" Y="223"/>
    <Point X="363" Y="223"/>
    <Point X="360" Y="223"/>
    <Point X="357" Y="223"/>
    <Point X="354" Y="223"/>
    <Point X="352" Y="224"/>
    <Point X="349" Y="224"/>
    <Point X="348" Y="225"/>
    <Point X="346" Y="225"/>
    <Point X="344" Y="225"/>
    <Point X="343" Y="226"/>
    <Point X="341" Y="227"/>
    <Point X="340" Y="227"/>
    <Point X="340" Y="228"/>
    <Point X="339" Y="228"/>
    <Point X="338" Y="228"/>
</Gesture>
