<?xml version="1.0" ?>
<Gesture Name="05" Subject="1" Number="5" NumPts="180">
    <Point X="338" Y="208"/>
    <Point X="338" Y="209"/>
    <Point X="336" Y="211"/>
    <Point X="334" Y="211"/>
    <Point X="333" Y="212"/>
    <Point X="331" Y="214"/>
    <Point X="329" Y="216"/>
    <Point X="328" Y="217"/>
    <Point X="326" Y="219"/>
    <Point X="324" Y="221"/>
    <Point X="321" Y="223"/>
    <Point X="318" Y="227"/>
    <Point X="316" Y="231"/>
    <Point X="313" Y="235"/>
    <Point X="311" Y="239"/>
    <Point X="309" Y="244"/>
    <Point X="306" Y="248"/>
    <Point X="304" Y="253"/>
    <Point X="303" Y="257"/>
    <Point X="302" Y="262"/>
    <Point X="301" Y="265"/>
    <Point X="300" Y="269"/>
    <Point X="300" Y="273"/>
    <Point X="300" Y="278"/>
    <Point X="300" Y="282"/>
    <Point X="300" Y="286"/>
    <Point X="300" Y="290"/>
    <Point X="300" Y="295"/>
    <Point X="301" Y="300"/>
    <Point X="302" Y="304"/>
    <Point X="303" Y="307"/>
    <Point X="304" Y="311"/>
    <Point X="305" Y="314"/>
    <Point X="307" Y="318"/>
    <Point X="308" Y="321"/>
    <Point X="310" Y="324"/>
    <Point X="312" Y="327"/>
    <Point X="314" Y="330"/>
    <Point X="317" Y="334"/>
    <Point X="320" Y="337"/>
    <Point X="322" Y="339"/>
    <Point X="325" Y="342"/>
    <Point X="328" Y="345"/>
    <Point X="331" Y="348"/>
    <Point X="335" Y="351"/>
    <Point X="337" Y="353"/>
    <Point X="341" Y="355"/>
    <Point X="345" Y="357"/>
    <Point X="349" Y="359"/>
    <Point X="353" Y="361"/>
    <Point X="357" Y="362"/>
    <Point X="360" Y="363"/>
    <Point X="363" Y="364"/>
    <Point X="367" Y="365"/>
    <Point X="370" Y="366"/>
    <Point X="374" Y="367"/>
    <Point X="378" Y="367"/>
    <Point X="383" Y="367"/>
    <Point X="387" Y="367"/>
    <Point X="391" Y="367"/>
    <Point X="395" Y="367"/>
    <Point X="400" Y="367"/>
    <Point X="404" Y="367"/>
    <Point X="408" Y="367"/>
    <Point X="412" Y="365"/>
    <Point X="416" Y="364"/>
    <Point X="419" Y="363"/>
    <Point X="423" Y="362"/>
    <Point X="426" Y="359"/>
    <Point X="429" Y="357"/>
    <Point X="432" Y="355"/>
    <Point X="435" Y="352"/>
    <Point X="437" Y="349"/>
    <Point X="440" Y="346"/>
    <Point X="442" Y="343"/>
    <Point X="445" Y="339"/>
    <Point X="447" Y="335"/>
    <Point X="449" Y="332"/>
    <Point X="451" Y="328"/>
    <Point X="452" Y="325"/>
    <Point X="453" Y="321"/>
    <Point X="455" Y="318"/>
    <Point X="456" Y="314"/>
    <Point X="457" Y="311"/>
    <Point X="457" Y="307"/>
    <Point X="458" Y="303"/>
    <Point X="458" Y="298"/>
    <Point X="459" Y="295"/>
    <Point X="459" Y="290"/>
    <Point X="459" Y="285"/>
    <Point X="459" Y="281"/>
    <Point X="459" Y="277"/>
    <Point X="459" Y="272"/>
    <Point X="459" Y="268"/>
    <Point X="459" Y="264"/>
    <Point X="459" Y="260"/>
    <Point X="459" Y="256"/>
    <Point X="458" Y="252"/>
    <Point X="458" Y="247"/>
    <Point X="457" Y="243"/>
    <Point X="457" Y="239"/>
    <Point X="456" Y="235"/>
    <Point X="455" Y="232"/>
    <Point X="455" Y="229"/>
    <Point X="454" Y="227"/>
    <Point X="453" Y="224"/>
    <Point X="452" Y="221"/>
    <Point X="450" Y="218"/>
    <Point X="449" Y="216"/>
    <Point X="447" Y="213"/>
    <Point X="446" Y="210"/>
    <Point X="445" Y="208"/>
    <Point X="443" Y="205"/>
    <Point X="442" Y="204"/>
    <Point X="440" Y="202"/>
    <Point X="438" Y="199"/>
    <Point X="436" Y="197"/>
    <Point X="434" Y="195"/>
    <Point X="431" Y="193"/>
    <Point X="429" Y="192"/>
    <Point X="428" Y="190"/>
    <Point X="426" Y="189"/>
    <Point X="424" Y="187"/>
    <Point X="421" Y="186"/>
    <Point X="420" Y="186"/>
    <Point X="418" Y="185"/>
    <Point X="416" Y="183"/>
    <Point X="414" Y="183"/>
    <Point X="412" Y="182"/>
    <Point X="410" Y="181"/>
    <Point X="408" Y="180"/>
    <Point X="406" Y="180"/>
    <Point X="404" Y="179"/>
    <Point X="402" Y="179"/>
    <Point X="400" Y="178"/>
    <Point X="399" Y="178"/>
    <Point X="397" Y="178"/>
    <Point X="396" Y="178"/>
    <Point X="394" Y="178"/>
    <Point X="392" Y="178"/>
    <Point X="389" Y="178"/>
    <Point X="386" Y="178"/>
    <Point X="384" Y="178"/>
    <Point X="381" Y="179"/>
    <Point X="379" Y="179"/>
    <Point X="377" Y="180"/>
    <Point X="376" Y="181"/>
    <Point X="374" Y="182"/>
    <Point X="372" Y="182"/>
    <Point X="371" Y="183"/>
    <Point X="370" Y="184"/>
    <Point X="367" Y="186"/>
    <Point X="365" Y="187"/>
    <Point X="363" Y="188"/>
    <Point X="362" Y="189"/>
    <Point X="360" Y="190"/>
    <Point X="359" Y="190"/>
    <Point X="357" Y="191"/>
    <Point X="357" Y="192"/>
    <Point X="355" Y="193"/>
    <Point X="354" Y="193"/>
    <Point X="352" Y="195"/>
    <Point X="351" Y="195"/>
    <Point X="350" Y="196"/>
    <Point X="349" Y="196"/>
    <Point X="349" Y="197"/>
    <Point X="347" Y="198"/>
    <Point X="347" Y="199"/>
    <Point X="346" Y="200"/>
    <Point X="344" Y="201"/>
    <Point X="343" Y="202"/>
    <Point X="343" Y="203"/>
    <Point X="341" Y="204"/>
    <Point X="340" Y="205"/>
    <Point X="339" Y="206"/>
    <Point X="338" Y="206"/>
    <Point X="338" Y="207"/>
    <Point X="337" Y="207"/>
    <Point X="337" Y="208"/>
    <Point X="336" Y="208"/>
</Gesture>
