<?xml version="1.0" ?>
<Gesture Name="10" Subject="1" Number="10" NumPts="98">
    <Point X="330" Y="95"/>
    <Point X="330" Y="96"/>
    <Point X="330" Y="98"/>
    <Point X="331" Y="99"/>
    <Point X="332" Y="100"/>
    <Point X="333" Y="102"/>
    <Point X="334" Y="105"/>
    <Point X="336" Y="109"/>
    <Point X="339" Y="114"/>
    <Point X="342" Y="118"/>
    <Point X="345" Y="124"/>
    <Point X="350" Y="130"/>
    <Point X="355" Y="138"/>
    <Point X="361" Y="146"/>
    <Point X="368" Y="155"/>
    <Point X="375" Y="164"/>
    <Point X="381" Y="173"/>
    <Point X="388" Y="182"/>
    <Point X="395" Y="192"/>
    <Point X="401" Y="200"/>
    <Point X="406" Y="209"/>
    <Point X="412" Y="218"/>
    <Point X="416" Y="225"/>
    <Point X="421" Y="233"/>
    <Point X="425" Y="240"/>
    <Point X="430" Y="247"/>
    <Point X="434" Y="254"/>
    <Point X="437" Y="260"/>
    <Point X="440" Y="266"/>
    <Point X="443" Y="270"/>
    <Point X="444" Y="273"/>
    <Point X="445" Y="275"/>
    <Point X="446" Y="277"/>
    <Point X="446" Y="278"/>
    <Point X="446" Y="279"/>
    <Point X="445" Y="279"/>
    <Point X="444" Y="279"/>
    <Point X="441" Y="280"/>
    <Point X="437" Y="280"/>
    <Point X="432" Y="281"/>
    <Point X="425" Y="281"/>
    <Point X="417" Y="282"/>
    <Point X="408" Y="282"/>
    <Point X="399" Y="282"/>
    <Point X="390" Y="282"/>
    <Point X="382" Y="282"/>
    <Point X="373" Y="282"/>
    <Point X="364" Y="282"/>
    <Point X="356" Y="282"/>
    <Point X="348" Y="282"/>
    <Point X="341" Y="282"/>
    <Point X="335" Y="282"/>
    <Point X="329" Y="282"/>
    <Point X="324" Y="282"/>
    <Point X="322" Y="282"/>
    <Point X="320" Y="282"/>
    <Point X="319" Y="282"/>
    <Point X="318" Y="282"/>
    <Point X="318" Y="281"/>
    <Point X="318" Y="279"/>
    <Point X="318" Y="276"/>
    <Point X="318" Y="275"/>
    <Point X="319" Y="272"/>
    <Point X="321" Y="268"/>
    <Point X="325" Y="262"/>
    <Point X="328" Y="256"/>
    <Point X="333" Y="249"/>
    <Point X="338" Y="242"/>
    <Point X="343" Y="235"/>
    <Point X="350" Y="228"/>
    <Point X="357" Y="220"/>
    <Point X="362" Y="212"/>
    <Point X="368" Y="204"/>
    <Point X="375" Y="196"/>
    <Point X="382" Y="189"/>
    <Point X="388" Y="181"/>
    <Point X="395" Y="173"/>
    <Point X="401" Y="166"/>
    <Point X="407" Y="159"/>
    <Point X="413" Y="151"/>
    <Point X="419" Y="143"/>
    <Point X="424" Y="136"/>
    <Point X="429" Y="130"/>
    <Point X="434" Y="123"/>
    <Point X="438" Y="118"/>
    <Point X="442" Y="113"/>
    <Point X="445" Y="109"/>
    <Point X="447" Y="106"/>
    <Point X="449" Y="103"/>
    <Point X="450" Y="101"/>
    <Point X="452" Y="100"/>
    <Point X="452" Y="99"/>
    <Point X="453" Y="99"/>
    <Point X="453" Y="98"/>
    <Point X="454" Y="97"/>
    <Point X="454" Y="96"/>
    <Point X="455" Y="96"/>
    <Point X="455" Y="95"/>
</Gesture>
