<?xml version="1.0" ?>
<Gesture Name="09" Subject="1" Number="9" NumPts="82">
    <Point X="366" Y="148"/>
    <Point X="366" Y="149"/>
    <Point X="367" Y="149"/>
    <Point X="367" Y="150"/>
    <Point X="369" Y="152"/>
    <Point X="370" Y="155"/>
    <Point X="371" Y="156"/>
    <Point X="374" Y="159"/>
    <Point X="376" Y="162"/>
    <Point X="379" Y="166"/>
    <Point X="384" Y="171"/>
    <Point X="389" Y="176"/>
    <Point X="394" Y="182"/>
    <Point X="399" Y="188"/>
    <Point X="406" Y="196"/>
    <Point X="412" Y="204"/>
    <Point X="418" Y="212"/>
    <Point X="424" Y="220"/>
    <Point X="430" Y="229"/>
    <Point X="436" Y="237"/>
    <Point X="442" Y="245"/>
    <Point X="447" Y="253"/>
    <Point X="452" Y="261"/>
    <Point X="456" Y="268"/>
    <Point X="460" Y="274"/>
    <Point X="463" Y="280"/>
    <Point X="466" Y="285"/>
    <Point X="468" Y="289"/>
    <Point X="469" Y="292"/>
    <Point X="471" Y="294"/>
    <Point X="471" Y="295"/>
    <Point X="470" Y="295"/>
    <Point X="467" Y="295"/>
    <Point X="464" Y="295"/>
    <Point X="457" Y="295"/>
    <Point X="449" Y="295"/>
    <Point X="440" Y="295"/>
    <Point X="429" Y="295"/>
    <Point X="419" Y="295"/>
    <Point X="410" Y="295"/>
    <Point X="401" Y="294"/>
    <Point X="393" Y="294"/>
    <Point X="387" Y="294"/>
    <Point X="382" Y="294"/>
    <Point X="376" Y="294"/>
    <Point X="373" Y="294"/>
    <Point X="369" Y="294"/>
    <Point X="366" Y="294"/>
    <Point X="365" Y="294"/>
    <Point X="365" Y="293"/>
    <Point X="365" Y="292"/>
    <Point X="365" Y="290"/>
    <Point X="366" Y="289"/>
    <Point X="367" Y="287"/>
    <Point X="369" Y="283"/>
    <Point X="372" Y="278"/>
    <Point X="376" Y="273"/>
    <Point X="381" Y="267"/>
    <Point X="387" Y="261"/>
    <Point X="393" Y="254"/>
    <Point X="400" Y="247"/>
    <Point X="407" Y="239"/>
    <Point X="415" Y="231"/>
    <Point X="423" Y="223"/>
    <Point X="430" Y="216"/>
    <Point X="436" Y="209"/>
    <Point X="442" Y="202"/>
    <Point X="448" Y="196"/>
    <Point X="454" Y="190"/>
    <Point X="458" Y="184"/>
    <Point X="462" Y="179"/>
    <Point X="466" Y="173"/>
    <Point X="470" Y="168"/>
    <Point X="473" Y="163"/>
    <Point X="475" Y="159"/>
    <Point X="477" Y="156"/>
    <Point X="479" Y="152"/>
    <Point X="481" Y="151"/>
    <Point X="482" Y="149"/>
    <Point X="482" Y="148"/>
    <Point X="482" Y="147"/>
    <Point X="481" Y="147"/>
</Gesture>
