<?xml version="1.0" ?>
<Gesture Name="03" Subject="1" Number="3" NumPts="77">
    <Point X="342" Y="171"/>
    <Point X="342" Y="173"/>
    <Point X="342" Y="174"/>
    <Point X="343" Y="176"/>
    <Point X="345" Y="179"/>
    <Point X="348" Y="184"/>
    <Point X="352" Y="190"/>
    <Point X="357" Y="196"/>
    <Point X="362" Y="203"/>
    <Point X="368" Y="210"/>
    <Point X="374" Y="218"/>
    <Point X="381" Y="227"/>
    <Point X="388" Y="235"/>
    <Point X="396" Y="244"/>
    <Point X="402" Y="252"/>
    <Point X="408" Y="260"/>
    <Point X="414" Y="268"/>
    <Point X="420" Y="275"/>
    <Point X="425" Y="281"/>
    <Point X="429" Y="287"/>
    <Point X="433" Y="292"/>
    <Point X="436" Y="296"/>
    <Point X="437" Y="298"/>
    <Point X="438" Y="300"/>
    <Point X="438" Y="301"/>
    <Point X="439" Y="301"/>
    <Point X="439" Y="302"/>
    <Point X="438" Y="302"/>
    <Point X="437" Y="302"/>
    <Point X="434" Y="302"/>
    <Point X="429" Y="302"/>
    <Point X="423" Y="302"/>
    <Point X="414" Y="302"/>
    <Point X="405" Y="302"/>
    <Point X="395" Y="302"/>
    <Point X="385" Y="302"/>
    <Point X="376" Y="303"/>
    <Point X="367" Y="303"/>
    <Point X="358" Y="303"/>
    <Point X="352" Y="304"/>
    <Point X="346" Y="305"/>
    <Point X="340" Y="305"/>
    <Point X="335" Y="305"/>
    <Point X="331" Y="305"/>
    <Point X="328" Y="305"/>
    <Point X="327" Y="305"/>
    <Point X="326" Y="305"/>
    <Point X="326" Y="304"/>
    <Point X="326" Y="303"/>
    <Point X="327" Y="301"/>
    <Point X="330" Y="297"/>
    <Point X="333" Y="291"/>
    <Point X="337" Y="284"/>
    <Point X="342" Y="277"/>
    <Point X="347" Y="269"/>
    <Point X="353" Y="262"/>
    <Point X="358" Y="255"/>
    <Point X="364" Y="247"/>
    <Point X="372" Y="241"/>
    <Point X="379" Y="234"/>
    <Point X="385" Y="228"/>
    <Point X="393" Y="222"/>
    <Point X="400" Y="216"/>
    <Point X="407" Y="210"/>
    <Point X="415" Y="204"/>
    <Point X="422" Y="199"/>
    <Point X="428" Y="194"/>
    <Point X="434" Y="189"/>
    <Point X="438" Y="185"/>
    <Point X="441" Y="182"/>
    <Point X="443" Y="179"/>
    <Point X="444" Y="179"/>
    <Point X="445" Y="178"/>
    <Point X="445" Y="177"/>
    <Point X="446" Y="177"/>
    <Point X="446" Y="176"/>
    <Point X="445" Y="175"/>
</Gesture>
