<?xml version="1.0" ?>
<Gesture Name="05" Subject="1" Number="5" NumPts="74">
    <Point X="359" Y="196"/>
    <Point X="360" Y="196"/>
    <Point X="362" Y="197"/>
    <Point X="363" Y="199"/>
    <Point X="365" Y="201"/>
    <Point X="369" Y="205"/>
    <Point X="373" Y="211"/>
    <Point X="378" Y="217"/>
    <Point X="383" Y="224"/>
    <Point X="389" Y="231"/>
    <Point X="395" Y="239"/>
    <Point X="401" Y="246"/>
    <Point X="408" Y="254"/>
    <Point X="414" Y="262"/>
    <Point X="420" Y="269"/>
    <Point X="426" Y="276"/>
    <Point X="431" Y="282"/>
    <Point X="436" Y="288"/>
    <Point X="440" Y="294"/>
    <Point X="443" Y="300"/>
    <Point X="446" Y="304"/>
    <Point X="449" Y="307"/>
    <Point X="450" Y="310"/>
    <Point X="451" Y="312"/>
    <Point X="452" Y="313"/>
    <Point X="452" Y="314"/>
    <Point X="452" Y="315"/>
    <Point X="451" Y="315"/>
    <Point X="449" Y="316"/>
    <Point X="446" Y="316"/>
    <Point X="443" Y="316"/>
    <Point X="438" Y="316"/>
    <Point X="431" Y="317"/>
    <Point X="422" Y="317"/>
    <Point X="413" Y="317"/>
    <Point X="403" Y="318"/>
    <Point X="392" Y="319"/>
    <Point X="382" Y="319"/>
    <Point X="373" Y="319"/>
    <Point X="366" Y="320"/>
    <Point X="359" Y="321"/>
    <Point X="356" Y="321"/>
    <Point X="355" Y="321"/>
    <Point X="355" Y="319"/>
    <Point X="356" Y="316"/>
    <Point X="359" Y="312"/>
    <Point X="361" Y="308"/>
    <Point X="365" Y="303"/>
    <Point X="368" Y="297"/>
    <Point X="372" Y="292"/>
    <Point X="377" Y="285"/>
    <Point X="381" Y="278"/>
    <Point X="386" Y="271"/>
    <Point X="392" Y="264"/>
    <Point X="397" Y="257"/>
    <Point X="402" Y="250"/>
    <Point X="407" Y="242"/>
    <Point X="413" Y="235"/>
    <Point X="418" Y="229"/>
    <Point X="423" Y="222"/>
    <Point X="428" Y="216"/>
    <Point X="433" Y="210"/>
    <Point X="438" Y="204"/>
    <Point X="443" Y="198"/>
    <Point X="446" Y="193"/>
    <Point X="449" Y="189"/>
    <Point X="450" Y="186"/>
    <Point X="452" Y="184"/>
    <Point X="452" Y="182"/>
    <Point X="453" Y="181"/>
    <Point X="453" Y="180"/>
    <Point X="453" Y="179"/>
    <Point X="452" Y="178"/>
    <Point X="452" Y="177"/>
</Gesture>
