<?xml version="1.0" ?>
<Gesture Name="01" Subject="1" Number="1" NumPts="96">
    <Point X="306" Y="126"/>
    <Point X="306" Y="127"/>
    <Point X="306" Y="128"/>
    <Point X="306" Y="129"/>
    <Point X="308" Y="132"/>
    <Point X="310" Y="136"/>
    <Point X="312" Y="141"/>
    <Point X="316" Y="147"/>
    <Point X="320" Y="153"/>
    <Point X="324" Y="158"/>
    <Point X="327" Y="164"/>
    <Point X="331" Y="170"/>
    <Point X="335" Y="175"/>
    <Point X="339" Y="181"/>
    <Point X="342" Y="186"/>
    <Point X="347" Y="192"/>
    <Point X="352" Y="199"/>
    <Point X="357" Y="206"/>
    <Point X="363" Y="214"/>
    <Point X="370" Y="222"/>
    <Point X="376" Y="229"/>
    <Point X="382" Y="235"/>
    <Point X="387" Y="242"/>
    <Point X="393" Y="248"/>
    <Point X="396" Y="253"/>
    <Point X="399" Y="258"/>
    <Point X="402" Y="262"/>
    <Point X="405" Y="266"/>
    <Point X="407" Y="270"/>
    <Point X="409" Y="272"/>
    <Point X="411" Y="275"/>
    <Point X="412" Y="276"/>
    <Point X="412" Y="278"/>
    <Point X="413" Y="280"/>
    <Point X="414" Y="281"/>
    <Point X="415" Y="284"/>
    <Point X="415" Y="285"/>
    <Point X="415" Y="286"/>
    <Point X="415" Y="287"/>
    <Point X="412" Y="288"/>
    <Point X="408" Y="288"/>
    <Point X="404" Y="288"/>
    <Point X="398" Y="288"/>
    <Point X="391" Y="288"/>
    <Point X="382" Y="288"/>
    <Point X="374" Y="288"/>
    <Point X="366" Y="288"/>
    <Point X="358" Y="288"/>
    <Point X="351" Y="288"/>
    <Point X="345" Y="288"/>
    <Point X="339" Y="288"/>
    <Point X="334" Y="288"/>
    <Point X="330" Y="288"/>
    <Point X="325" Y="288"/>
    <Point X="321" Y="288"/>
    <Point X="320" Y="288"/>
    <Point X="319" Y="286"/>
    <Point X="319" Y="285"/>
    <Point X="318" Y="283"/>
    <Point X="318" Y="282"/>
    <Point X="318" Y="279"/>
    <Point X="318" Y="276"/>
    <Point X="318" Y="272"/>
    <Point X="319" Y="268"/>
    <Point X="320" Y="263"/>
    <Point X="323" Y="258"/>
    <Point X="326" Y="252"/>
    <Point X="329" Y="246"/>
    <Point X="333" Y="240"/>
    <Point X="337" Y="234"/>
    <Point X="342" Y="227"/>
    <Point X="348" Y="220"/>
    <Point X="354" Y="213"/>
    <Point X="361" Y="206"/>
    <Point X="367" Y="198"/>
    <Point X="375" Y="191"/>
    <Point X="382" Y="184"/>
    <Point X="389" Y="178"/>
    <Point X="396" Y="172"/>
    <Point X="403" Y="166"/>
    <Point X="409" Y="160"/>
    <Point X="416" Y="154"/>
    <Point X="422" Y="149"/>
    <Point X="427" Y="144"/>
    <Point X="431" Y="140"/>
    <Point X="434" Y="137"/>
    <Point X="438" Y="134"/>
    <Point X="440" Y="132"/>
    <Point X="442" Y="130"/>
    <Point X="443" Y="129"/>
    <Point X="444" Y="127"/>
    <Point X="445" Y="126"/>
    <Point X="445" Y="125"/>
    <Point X="446" Y="125"/>
    <Point X="446" Y="124"/>
    <Point X="446" Y="123"/>
</Gesture>
