<?xml version="1.0" ?>
<Gesture Name="02" Subject="1" Number="2" NumPts="81">
    <Point X="302" Y="151"/>
    <Point X="303" Y="154"/>
    <Point X="305" Y="156"/>
    <Point X="305" Y="158"/>
    <Point X="307" Y="160"/>
    <Point X="309" Y="165"/>
    <Point X="313" Y="171"/>
    <Point X="317" Y="177"/>
    <Point X="322" Y="184"/>
    <Point X="328" Y="192"/>
    <Point X="335" Y="200"/>
    <Point X="342" Y="208"/>
    <Point X="349" Y="216"/>
    <Point X="357" Y="225"/>
    <Point X="364" Y="234"/>
    <Point X="372" Y="243"/>
    <Point X="378" Y="252"/>
    <Point X="385" Y="261"/>
    <Point X="391" Y="270"/>
    <Point X="397" Y="278"/>
    <Point X="402" Y="285"/>
    <Point X="405" Y="290"/>
    <Point X="408" Y="294"/>
    <Point X="410" Y="296"/>
    <Point X="411" Y="297"/>
    <Point X="409" Y="297"/>
    <Point X="407" Y="297"/>
    <Point X="403" Y="298"/>
    <Point X="398" Y="298"/>
    <Point X="392" Y="298"/>
    <Point X="385" Y="298"/>
    <Point X="377" Y="299"/>
    <Point X="370" Y="299"/>
    <Point X="363" Y="299"/>
    <Point X="355" Y="300"/>
    <Point X="348" Y="301"/>
    <Point X="340" Y="301"/>
    <Point X="333" Y="301"/>
    <Point X="327" Y="301"/>
    <Point X="321" Y="301"/>
    <Point X="316" Y="302"/>
    <Point X="311" Y="302"/>
    <Point X="307" Y="302"/>
    <Point X="302" Y="302"/>
    <Point X="299" Y="302"/>
    <Point X="296" Y="302"/>
    <Point X="293" Y="302"/>
    <Point X="291" Y="302"/>
    <Point X="289" Y="302"/>
    <Point X="290" Y="299"/>
    <Point X="290" Y="298"/>
    <Point X="292" Y="295"/>
    <Point X="295" Y="291"/>
    <Point X="299" Y="286"/>
    <Point X="304" Y="280"/>
    <Point X="309" Y="275"/>
    <Point X="316" Y="269"/>
    <Point X="323" Y="263"/>
    <Point X="330" Y="257"/>
    <Point X="337" Y="251"/>
    <Point X="344" Y="245"/>
    <Point X="351" Y="240"/>
    <Point X="359" Y="234"/>
    <Point X="367" Y="228"/>
    <Point X="374" Y="222"/>
    <Point X="380" Y="216"/>
    <Point X="387" Y="209"/>
    <Point X="393" Y="204"/>
    <Point X="399" Y="198"/>
    <Point X="404" Y="193"/>
    <Point X="408" Y="188"/>
    <Point X="413" Y="184"/>
    <Point X="416" Y="181"/>
    <Point X="419" Y="178"/>
    <Point X="421" Y="176"/>
    <Point X="423" Y="174"/>
    <Point X="424" Y="173"/>
    <Point X="425" Y="172"/>
    <Point X="425" Y="171"/>
    <Point X="425" Y="170"/>
    <Point X="425" Y="169"/>
</Gesture>
