<?xml version="1.0" ?>
<Gesture Name="08" Subject="1" Number="8" NumPts="75">
    <Point X="348" Y="175"/>
    <Point X="348" Y="176"/>
    <Point X="349" Y="177"/>
    <Point X="350" Y="178"/>
    <Point X="352" Y="180"/>
    <Point X="354" Y="184"/>
    <Point X="358" Y="189"/>
    <Point X="363" Y="193"/>
    <Point X="368" Y="199"/>
    <Point X="373" Y="206"/>
    <Point X="378" Y="214"/>
    <Point X="384" Y="222"/>
    <Point X="391" Y="231"/>
    <Point X="398" Y="240"/>
    <Point X="404" Y="248"/>
    <Point X="410" Y="255"/>
    <Point X="414" Y="262"/>
    <Point X="418" Y="267"/>
    <Point X="421" Y="271"/>
    <Point X="423" Y="275"/>
    <Point X="425" Y="279"/>
    <Point X="427" Y="281"/>
    <Point X="428" Y="283"/>
    <Point X="430" Y="286"/>
    <Point X="430" Y="287"/>
    <Point X="431" Y="289"/>
    <Point X="431" Y="290"/>
    <Point X="429" Y="290"/>
    <Point X="426" Y="290"/>
    <Point X="421" Y="290"/>
    <Point X="413" Y="291"/>
    <Point X="405" Y="291"/>
    <Point X="396" Y="292"/>
    <Point X="386" Y="293"/>
    <Point X="376" Y="295"/>
    <Point X="367" Y="296"/>
    <Point X="358" Y="297"/>
    <Point X="350" Y="298"/>
    <Point X="343" Y="299"/>
    <Point X="337" Y="300"/>
    <Point X="334" Y="300"/>
    <Point X="330" Y="301"/>
    <Point X="329" Y="301"/>
    <Point X="327" Y="301"/>
    <Point X="326" Y="301"/>
    <Point X="324" Y="301"/>
    <Point X="323" Y="301"/>
    <Point X="323" Y="300"/>
    <Point X="324" Y="296"/>
    <Point X="325" Y="292"/>
    <Point X="327" Y="289"/>
    <Point X="330" Y="283"/>
    <Point X="334" Y="277"/>
    <Point X="339" Y="269"/>
    <Point X="345" Y="262"/>
    <Point X="352" Y="254"/>
    <Point X="360" Y="247"/>
    <Point X="369" Y="239"/>
    <Point X="378" Y="232"/>
    <Point X="387" Y="225"/>
    <Point X="397" Y="218"/>
    <Point X="407" Y="211"/>
    <Point X="416" Y="205"/>
    <Point X="425" Y="200"/>
    <Point X="434" Y="195"/>
    <Point X="442" Y="190"/>
    <Point X="449" Y="186"/>
    <Point X="456" Y="182"/>
    <Point X="461" Y="179"/>
    <Point X="465" Y="177"/>
    <Point X="467" Y="176"/>
    <Point X="467" Y="175"/>
    <Point X="468" Y="175"/>
    <Point X="468" Y="174"/>
    <Point X="467" Y="172"/>
</Gesture>
