<?xml version="1.0" ?>
<Gesture Name="06" Subject="1" Number="6" NumPts="74">
    <Point X="372" Y="195"/>
    <Point X="373" Y="195"/>
    <Point X="374" Y="196"/>
    <Point X="376" Y="200"/>
    <Point X="380" Y="204"/>
    <Point X="385" Y="209"/>
    <Point X="390" Y="215"/>
    <Point X="396" Y="222"/>
    <Point X="402" Y="228"/>
    <Point X="407" Y="236"/>
    <Point X="413" Y="242"/>
    <Point X="419" Y="249"/>
    <Point X="425" Y="257"/>
    <Point X="430" Y="263"/>
    <Point X="435" Y="269"/>
    <Point X="439" Y="274"/>
    <Point X="443" Y="279"/>
    <Point X="446" Y="283"/>
    <Point X="449" Y="287"/>
    <Point X="451" Y="291"/>
    <Point X="453" Y="293"/>
    <Point X="455" Y="297"/>
    <Point X="457" Y="299"/>
    <Point X="459" Y="302"/>
    <Point X="460" Y="304"/>
    <Point X="461" Y="307"/>
    <Point X="462" Y="308"/>
    <Point X="463" Y="309"/>
    <Point X="463" Y="310"/>
    <Point X="462" Y="310"/>
    <Point X="461" Y="310"/>
    <Point X="458" Y="310"/>
    <Point X="452" Y="310"/>
    <Point X="445" Y="311"/>
    <Point X="437" Y="311"/>
    <Point X="428" Y="311"/>
    <Point X="420" Y="311"/>
    <Point X="411" Y="311"/>
    <Point X="403" Y="312"/>
    <Point X="394" Y="312"/>
    <Point X="387" Y="312"/>
    <Point X="380" Y="313"/>
    <Point X="373" Y="314"/>
    <Point X="370" Y="314"/>
    <Point X="366" Y="314"/>
    <Point X="365" Y="315"/>
    <Point X="364" Y="314"/>
    <Point X="364" Y="312"/>
    <Point X="363" Y="309"/>
    <Point X="364" Y="304"/>
    <Point X="365" Y="299"/>
    <Point X="368" Y="295"/>
    <Point X="371" Y="289"/>
    <Point X="374" Y="284"/>
    <Point X="378" Y="279"/>
    <Point X="383" Y="273"/>
    <Point X="388" Y="267"/>
    <Point X="393" Y="261"/>
    <Point X="399" Y="256"/>
    <Point X="406" Y="250"/>
    <Point X="413" Y="244"/>
    <Point X="421" Y="238"/>
    <Point X="428" Y="232"/>
    <Point X="436" Y="227"/>
    <Point X="443" Y="221"/>
    <Point X="449" Y="216"/>
    <Point X="455" Y="212"/>
    <Point X="459" Y="208"/>
    <Point X="463" Y="205"/>
    <Point X="463" Y="204"/>
    <Point X="465" Y="202"/>
    <Point X="466" Y="201"/>
    <Point X="466" Y="200"/>
    <Point X="466" Y="199"/>
</Gesture>
