<?xml version="1.0" ?>
<Gesture Name="07" Subject="1" Number="7" NumPts="75">
    <Point X="359" Y="202"/>
    <Point X="360" Y="202"/>
    <Point X="361" Y="202"/>
    <Point X="362" Y="204"/>
    <Point X="363" Y="205"/>
    <Point X="363" Y="206"/>
    <Point X="365" Y="208"/>
    <Point X="368" Y="212"/>
    <Point X="370" Y="216"/>
    <Point X="374" Y="221"/>
    <Point X="379" Y="227"/>
    <Point X="385" Y="235"/>
    <Point X="390" Y="243"/>
    <Point X="397" Y="251"/>
    <Point X="403" Y="260"/>
    <Point X="410" Y="268"/>
    <Point X="417" Y="277"/>
    <Point X="423" Y="285"/>
    <Point X="429" Y="292"/>
    <Point X="433" Y="300"/>
    <Point X="437" Y="306"/>
    <Point X="440" Y="311"/>
    <Point X="442" Y="315"/>
    <Point X="445" Y="318"/>
    <Point X="446" Y="321"/>
    <Point X="447" Y="322"/>
    <Point X="447" Y="323"/>
    <Point X="446" Y="323"/>
    <Point X="444" Y="323"/>
    <Point X="440" Y="324"/>
    <Point X="434" Y="324"/>
    <Point X="426" Y="325"/>
    <Point X="417" Y="325"/>
    <Point X="408" Y="325"/>
    <Point X="398" Y="325"/>
    <Point X="389" Y="326"/>
    <Point X="380" Y="326"/>
    <Point X="373" Y="326"/>
    <Point X="367" Y="326"/>
    <Point X="360" Y="326"/>
    <Point X="356" Y="326"/>
    <Point X="353" Y="326"/>
    <Point X="351" Y="326"/>
    <Point X="350" Y="326"/>
    <Point X="349" Y="326"/>
    <Point X="348" Y="325"/>
    <Point X="348" Y="324"/>
    <Point X="348" Y="321"/>
    <Point X="348" Y="320"/>
    <Point X="348" Y="318"/>
    <Point X="348" Y="314"/>
    <Point X="350" Y="309"/>
    <Point X="351" Y="305"/>
    <Point X="353" Y="299"/>
    <Point X="357" Y="291"/>
    <Point X="360" Y="284"/>
    <Point X="365" Y="277"/>
    <Point X="370" Y="269"/>
    <Point X="375" Y="262"/>
    <Point X="381" Y="256"/>
    <Point X="388" Y="248"/>
    <Point X="395" Y="242"/>
    <Point X="403" Y="235"/>
    <Point X="412" Y="228"/>
    <Point X="420" Y="222"/>
    <Point X="428" Y="216"/>
    <Point X="435" Y="210"/>
    <Point X="441" Y="204"/>
    <Point X="447" Y="200"/>
    <Point X="451" Y="196"/>
    <Point X="454" Y="193"/>
    <Point X="456" Y="191"/>
    <Point X="456" Y="190"/>
    <Point X="456" Y="189"/>
    <Point X="455" Y="188"/>
</Gesture>
