<?xml version="1.0" ?>
<Gesture Name="04" Subject="1" Number="4" NumPts="79">
    <Point X="347" Y="174"/>
    <Point X="347" Y="175"/>
    <Point X="348" Y="176"/>
    <Point X="350" Y="178"/>
    <Point X="352" Y="181"/>
    <Point X="356" Y="186"/>
    <Point X="361" Y="191"/>
    <Point X="366" Y="196"/>
    <Point X="372" Y="202"/>
    <Point X="379" Y="209"/>
    <Point X="385" Y="215"/>
    <Point X="392" Y="223"/>
    <Point X="400" Y="232"/>
    <Point X="407" Y="240"/>
    <Point X="413" Y="249"/>
    <Point X="420" Y="258"/>
    <Point X="427" Y="267"/>
    <Point X="433" Y="275"/>
    <Point X="438" Y="282"/>
    <Point X="443" Y="289"/>
    <Point X="445" Y="293"/>
    <Point X="447" Y="298"/>
    <Point X="449" Y="300"/>
    <Point X="450" Y="302"/>
    <Point X="451" Y="303"/>
    <Point X="452" Y="304"/>
    <Point X="452" Y="305"/>
    <Point X="451" Y="305"/>
    <Point X="450" Y="305"/>
    <Point X="447" Y="306"/>
    <Point X="442" Y="306"/>
    <Point X="435" Y="306"/>
    <Point X="426" Y="306"/>
    <Point X="415" Y="306"/>
    <Point X="403" Y="306"/>
    <Point X="391" Y="306"/>
    <Point X="379" Y="306"/>
    <Point X="367" Y="306"/>
    <Point X="357" Y="306"/>
    <Point X="350" Y="305"/>
    <Point X="343" Y="305"/>
    <Point X="339" Y="305"/>
    <Point X="335" Y="304"/>
    <Point X="332" Y="304"/>
    <Point X="331" Y="304"/>
    <Point X="331" Y="303"/>
    <Point X="332" Y="301"/>
    <Point X="333" Y="299"/>
    <Point X="336" Y="295"/>
    <Point X="340" Y="291"/>
    <Point X="345" Y="286"/>
    <Point X="350" Y="280"/>
    <Point X="356" Y="275"/>
    <Point X="362" Y="268"/>
    <Point X="370" Y="261"/>
    <Point X="377" Y="255"/>
    <Point X="383" Y="249"/>
    <Point X="391" Y="242"/>
    <Point X="397" Y="236"/>
    <Point X="405" Y="230"/>
    <Point X="412" Y="225"/>
    <Point X="419" Y="219"/>
    <Point X="425" Y="214"/>
    <Point X="432" Y="210"/>
    <Point X="437" Y="205"/>
    <Point X="442" Y="201"/>
    <Point X="447" Y="197"/>
    <Point X="451" Y="193"/>
    <Point X="454" Y="190"/>
    <Point X="456" Y="186"/>
    <Point X="459" Y="184"/>
    <Point X="460" Y="181"/>
    <Point X="461" Y="180"/>
    <Point X="462" Y="178"/>
    <Point X="462" Y="177"/>
    <Point X="462" Y="176"/>
    <Point X="463" Y="176"/>
    <Point X="463" Y="175"/>
    <Point X="462" Y="174"/>
</Gesture>
