<?xml version="1.0" ?>
<Gesture Name="09" Subject="1" Number="9" NumPts="90">
    <Point X="281" Y="51"/>
    <Point X="280" Y="51"/>
    <Point X="279" Y="51"/>
    <Point X="278" Y="50"/>
    <Point X="277" Y="50"/>
    <Point X="275" Y="50"/>
    <Point X="273" Y="50"/>
    <Point X="271" Y="50"/>
    <Point X="269" Y="50"/>
    <Point X="266" Y="50"/>
    <Point X="263" Y="51"/>
    <Point X="259" Y="54"/>
    <Point X="256" Y="56"/>
    <Point X="252" Y="59"/>
    <Point X="249" Y="61"/>
    <Point X="246" Y="65"/>
    <Point X="244" Y="68"/>
    <Point X="241" Y="72"/>
    <Point X="238" Y="76"/>
    <Point X="236" Y="80"/>
    <Point X="235" Y="84"/>
    <Point X="234" Y="87"/>
    <Point X="233" Y="91"/>
    <Point X="232" Y="95"/>
    <Point X="232" Y="100"/>
    <Point X="231" Y="105"/>
    <Point X="231" Y="109"/>
    <Point X="231" Y="113"/>
    <Point X="231" Y="118"/>
    <Point X="232" Y="122"/>
    <Point X="232" Y="128"/>
    <Point X="233" Y="132"/>
    <Point X="233" Y="137"/>
    <Point X="233" Y="141"/>
    <Point X="233" Y="146"/>
    <Point X="233" Y="149"/>
    <Point X="233" Y="152"/>
    <Point X="233" Y="154"/>
    <Point X="233" Y="156"/>
    <Point X="232" Y="158"/>
    <Point X="231" Y="159"/>
    <Point X="230" Y="160"/>
    <Point X="227" Y="161"/>
    <Point X="224" Y="162"/>
    <Point X="220" Y="162"/>
    <Point X="216" Y="162"/>
    <Point X="212" Y="162"/>
    <Point X="209" Y="162"/>
    <Point X="206" Y="162"/>
    <Point X="204" Y="162"/>
    <Point X="203" Y="162"/>
    <Point X="203" Y="161"/>
    <Point X="203" Y="160"/>
    <Point X="205" Y="160"/>
    <Point X="207" Y="160"/>
    <Point X="208" Y="160"/>
    <Point X="210" Y="161"/>
    <Point X="211" Y="162"/>
    <Point X="212" Y="163"/>
    <Point X="214" Y="164"/>
    <Point X="214" Y="165"/>
    <Point X="215" Y="166"/>
    <Point X="216" Y="168"/>
    <Point X="218" Y="171"/>
    <Point X="219" Y="175"/>
    <Point X="220" Y="180"/>
    <Point X="222" Y="185"/>
    <Point X="223" Y="190"/>
    <Point X="224" Y="196"/>
    <Point X="226" Y="202"/>
    <Point X="227" Y="209"/>
    <Point X="228" Y="216"/>
    <Point X="230" Y="223"/>
    <Point X="232" Y="229"/>
    <Point X="234" Y="236"/>
    <Point X="236" Y="242"/>
    <Point X="238" Y="248"/>
    <Point X="240" Y="253"/>
    <Point X="243" Y="259"/>
    <Point X="245" Y="264"/>
    <Point X="248" Y="269"/>
    <Point X="251" Y="274"/>
    <Point X="255" Y="279"/>
    <Point X="259" Y="283"/>
    <Point X="263" Y="286"/>
    <Point X="267" Y="289"/>
    <Point X="270" Y="290"/>
    <Point X="273" Y="292"/>
    <Point X="275" Y="292"/>
    <Point X="277" Y="293"/>
</Gesture>
