<?xml version="1.0" ?>
<Gesture Name="05" Subject="1" Number="5" NumPts="100">
    <Point X="285" Y="51"/>
    <Point X="285" Y="50"/>
    <Point X="284" Y="50"/>
    <Point X="282" Y="50"/>
    <Point X="280" Y="50"/>
    <Point X="278" Y="50"/>
    <Point X="275" Y="50"/>
    <Point X="272" Y="50"/>
    <Point X="268" Y="50"/>
    <Point X="264" Y="50"/>
    <Point X="261" Y="51"/>
    <Point X="258" Y="52"/>
    <Point X="255" Y="53"/>
    <Point X="253" Y="55"/>
    <Point X="250" Y="56"/>
    <Point X="248" Y="58"/>
    <Point X="246" Y="60"/>
    <Point X="244" Y="61"/>
    <Point X="244" Y="62"/>
    <Point X="243" Y="64"/>
    <Point X="243" Y="66"/>
    <Point X="242" Y="69"/>
    <Point X="242" Y="72"/>
    <Point X="242" Y="75"/>
    <Point X="242" Y="79"/>
    <Point X="242" Y="83"/>
    <Point X="242" Y="88"/>
    <Point X="242" Y="92"/>
    <Point X="242" Y="98"/>
    <Point X="242" Y="103"/>
    <Point X="242" Y="108"/>
    <Point X="242" Y="114"/>
    <Point X="242" Y="119"/>
    <Point X="242" Y="125"/>
    <Point X="242" Y="129"/>
    <Point X="242" Y="134"/>
    <Point X="242" Y="139"/>
    <Point X="242" Y="143"/>
    <Point X="241" Y="147"/>
    <Point X="240" Y="150"/>
    <Point X="239" Y="153"/>
    <Point X="238" Y="156"/>
    <Point X="237" Y="158"/>
    <Point X="235" Y="160"/>
    <Point X="233" Y="160"/>
    <Point X="231" Y="161"/>
    <Point X="229" Y="162"/>
    <Point X="227" Y="162"/>
    <Point X="224" Y="162"/>
    <Point X="220" Y="162"/>
    <Point X="218" Y="161"/>
    <Point X="216" Y="161"/>
    <Point X="214" Y="160"/>
    <Point X="213" Y="160"/>
    <Point X="213" Y="159"/>
    <Point X="213" Y="158"/>
    <Point X="213" Y="157"/>
    <Point X="215" Y="157"/>
    <Point X="216" Y="157"/>
    <Point X="218" Y="157"/>
    <Point X="219" Y="157"/>
    <Point X="222" Y="158"/>
    <Point X="224" Y="159"/>
    <Point X="226" Y="160"/>
    <Point X="227" Y="161"/>
    <Point X="229" Y="162"/>
    <Point X="230" Y="164"/>
    <Point X="232" Y="166"/>
    <Point X="233" Y="169"/>
    <Point X="233" Y="171"/>
    <Point X="235" Y="174"/>
    <Point X="235" Y="176"/>
    <Point X="236" Y="180"/>
    <Point X="238" Y="183"/>
    <Point X="239" Y="187"/>
    <Point X="240" Y="192"/>
    <Point X="241" Y="197"/>
    <Point X="242" Y="201"/>
    <Point X="243" Y="206"/>
    <Point X="245" Y="211"/>
    <Point X="246" Y="217"/>
    <Point X="248" Y="222"/>
    <Point X="249" Y="228"/>
    <Point X="251" Y="234"/>
    <Point X="253" Y="239"/>
    <Point X="256" Y="245"/>
    <Point X="259" Y="251"/>
    <Point X="262" Y="257"/>
    <Point X="265" Y="262"/>
    <Point X="267" Y="267"/>
    <Point X="269" Y="271"/>
    <Point X="272" Y="274"/>
    <Point X="275" Y="278"/>
    <Point X="277" Y="280"/>
    <Point X="279" Y="282"/>
    <Point X="281" Y="284"/>
    <Point X="283" Y="285"/>
    <Point X="286" Y="286"/>
    <Point X="287" Y="287"/>
    <Point X="288" Y="287"/>
</Gesture>
