<?xml version="1.0" ?>
<Gesture Name="10" Subject="1" Number="10" NumPts="92">
    <Point X="269" Y="53"/>
    <Point X="268" Y="53"/>
    <Point X="268" Y="52"/>
    <Point X="267" Y="52"/>
    <Point X="266" Y="52"/>
    <Point X="264" Y="51"/>
    <Point X="262" Y="51"/>
    <Point X="261" Y="51"/>
    <Point X="257" Y="51"/>
    <Point X="254" Y="51"/>
    <Point X="250" Y="51"/>
    <Point X="246" Y="51"/>
    <Point X="242" Y="51"/>
    <Point X="238" Y="51"/>
    <Point X="234" Y="52"/>
    <Point X="231" Y="53"/>
    <Point X="228" Y="55"/>
    <Point X="226" Y="56"/>
    <Point X="224" Y="59"/>
    <Point X="222" Y="61"/>
    <Point X="221" Y="64"/>
    <Point X="220" Y="68"/>
    <Point X="219" Y="73"/>
    <Point X="218" Y="78"/>
    <Point X="218" Y="83"/>
    <Point X="218" Y="89"/>
    <Point X="218" Y="95"/>
    <Point X="218" Y="102"/>
    <Point X="218" Y="108"/>
    <Point X="218" Y="115"/>
    <Point X="218" Y="121"/>
    <Point X="218" Y="127"/>
    <Point X="218" Y="134"/>
    <Point X="218" Y="140"/>
    <Point X="219" Y="146"/>
    <Point X="219" Y="150"/>
    <Point X="219" Y="155"/>
    <Point X="219" Y="159"/>
    <Point X="219" Y="161"/>
    <Point X="218" Y="164"/>
    <Point X="216" Y="167"/>
    <Point X="214" Y="169"/>
    <Point X="211" Y="171"/>
    <Point X="209" Y="174"/>
    <Point X="206" Y="175"/>
    <Point X="203" Y="176"/>
    <Point X="200" Y="176"/>
    <Point X="197" Y="176"/>
    <Point X="195" Y="176"/>
    <Point X="192" Y="176"/>
    <Point X="189" Y="175"/>
    <Point X="188" Y="174"/>
    <Point X="188" Y="173"/>
    <Point X="190" Y="172"/>
    <Point X="191" Y="172"/>
    <Point X="193" Y="172"/>
    <Point X="194" Y="172"/>
    <Point X="198" Y="172"/>
    <Point X="200" Y="173"/>
    <Point X="203" Y="175"/>
    <Point X="204" Y="177"/>
    <Point X="206" Y="180"/>
    <Point X="207" Y="183"/>
    <Point X="209" Y="186"/>
    <Point X="209" Y="190"/>
    <Point X="210" Y="194"/>
    <Point X="210" Y="198"/>
    <Point X="211" Y="203"/>
    <Point X="212" Y="208"/>
    <Point X="213" Y="212"/>
    <Point X="213" Y="217"/>
    <Point X="214" Y="222"/>
    <Point X="215" Y="227"/>
    <Point X="215" Y="232"/>
    <Point X="217" Y="237"/>
    <Point X="217" Y="242"/>
    <Point X="218" Y="248"/>
    <Point X="220" Y="253"/>
    <Point X="221" Y="259"/>
    <Point X="223" Y="264"/>
    <Point X="224" Y="269"/>
    <Point X="228" Y="274"/>
    <Point X="230" Y="278"/>
    <Point X="233" Y="282"/>
    <Point X="235" Y="285"/>
    <Point X="238" Y="288"/>
    <Point X="240" Y="290"/>
    <Point X="241" Y="291"/>
    <Point X="244" Y="292"/>
    <Point X="245" Y="293"/>
    <Point X="247" Y="293"/>
    <Point X="248" Y="293"/>
</Gesture>
