<?xml version="1.0" ?>
<Gesture Name="06" Subject="1" Number="6" NumPts="87">
    <Point X="278" Y="59"/>
    <Point X="277" Y="59"/>
    <Point X="276" Y="59"/>
    <Point X="274" Y="59"/>
    <Point X="271" Y="59"/>
    <Point X="267" Y="59"/>
    <Point X="264" Y="60"/>
    <Point X="260" Y="61"/>
    <Point X="257" Y="62"/>
    <Point X="253" Y="63"/>
    <Point X="250" Y="65"/>
    <Point X="248" Y="67"/>
    <Point X="246" Y="69"/>
    <Point X="245" Y="71"/>
    <Point X="244" Y="73"/>
    <Point X="243" Y="75"/>
    <Point X="242" Y="79"/>
    <Point X="242" Y="82"/>
    <Point X="241" Y="86"/>
    <Point X="241" Y="91"/>
    <Point X="241" Y="96"/>
    <Point X="241" Y="100"/>
    <Point X="241" Y="104"/>
    <Point X="241" Y="108"/>
    <Point X="241" Y="113"/>
    <Point X="241" Y="117"/>
    <Point X="241" Y="121"/>
    <Point X="241" Y="126"/>
    <Point X="241" Y="130"/>
    <Point X="241" Y="134"/>
    <Point X="241" Y="137"/>
    <Point X="241" Y="141"/>
    <Point X="241" Y="144"/>
    <Point X="241" Y="148"/>
    <Point X="241" Y="151"/>
    <Point X="240" Y="154"/>
    <Point X="239" Y="156"/>
    <Point X="238" Y="159"/>
    <Point X="235" Y="161"/>
    <Point X="233" Y="164"/>
    <Point X="230" Y="165"/>
    <Point X="227" Y="167"/>
    <Point X="224" Y="167"/>
    <Point X="221" Y="168"/>
    <Point X="218" Y="168"/>
    <Point X="215" Y="168"/>
    <Point X="212" Y="167"/>
    <Point X="209" Y="166"/>
    <Point X="206" Y="165"/>
    <Point X="205" Y="164"/>
    <Point X="206" Y="164"/>
    <Point X="208" Y="164"/>
    <Point X="209" Y="165"/>
    <Point X="210" Y="165"/>
    <Point X="212" Y="166"/>
    <Point X="214" Y="168"/>
    <Point X="216" Y="170"/>
    <Point X="219" Y="172"/>
    <Point X="220" Y="174"/>
    <Point X="223" Y="177"/>
    <Point X="224" Y="180"/>
    <Point X="226" Y="183"/>
    <Point X="227" Y="186"/>
    <Point X="227" Y="191"/>
    <Point X="228" Y="196"/>
    <Point X="229" Y="201"/>
    <Point X="229" Y="206"/>
    <Point X="229" Y="212"/>
    <Point X="229" Y="217"/>
    <Point X="230" Y="223"/>
    <Point X="230" Y="229"/>
    <Point X="231" Y="234"/>
    <Point X="232" Y="240"/>
    <Point X="233" Y="244"/>
    <Point X="234" Y="249"/>
    <Point X="235" Y="253"/>
    <Point X="236" Y="256"/>
    <Point X="238" Y="259"/>
    <Point X="239" Y="262"/>
    <Point X="241" Y="264"/>
    <Point X="243" Y="266"/>
    <Point X="245" Y="268"/>
    <Point X="247" Y="270"/>
    <Point X="249" Y="271"/>
    <Point X="250" Y="273"/>
    <Point X="251" Y="273"/>
    <Point X="252" Y="273"/>
</Gesture>
