<?xml version="1.0" ?>
<Gesture Name="02" Subject="1" Number="2" NumPts="75">
    <Point X="400" Y="208"/>
    <Point X="399" Y="208"/>
    <Point X="397" Y="208"/>
    <Point X="396" Y="208"/>
    <Point X="394" Y="207"/>
    <Point X="393" Y="207"/>
    <Point X="391" Y="207"/>
    <Point X="388" Y="206"/>
    <Point X="384" Y="206"/>
    <Point X="378" Y="206"/>
    <Point X="371" Y="205"/>
    <Point X="365" Y="204"/>
    <Point X="359" Y="204"/>
    <Point X="354" Y="204"/>
    <Point X="348" Y="204"/>
    <Point X="344" Y="203"/>
    <Point X="340" Y="203"/>
    <Point X="337" Y="203"/>
    <Point X="334" Y="202"/>
    <Point X="333" Y="202"/>
    <Point X="332" Y="202"/>
    <Point X="331" Y="202"/>
    <Point X="331" Y="203"/>
    <Point X="330" Y="205"/>
    <Point X="330" Y="207"/>
    <Point X="329" Y="211"/>
    <Point X="329" Y="216"/>
    <Point X="328" Y="222"/>
    <Point X="328" Y="228"/>
    <Point X="328" Y="235"/>
    <Point X="327" Y="242"/>
    <Point X="327" Y="247"/>
    <Point X="327" Y="253"/>
    <Point X="327" Y="258"/>
    <Point X="327" Y="262"/>
    <Point X="327" Y="266"/>
    <Point X="327" Y="269"/>
    <Point X="327" Y="272"/>
    <Point X="327" Y="275"/>
    <Point X="327" Y="278"/>
    <Point X="327" Y="280"/>
    <Point X="327" Y="282"/>
    <Point X="327" Y="285"/>
    <Point X="327" Y="286"/>
    <Point X="327" Y="289"/>
    <Point X="327" Y="290"/>
    <Point X="327" Y="292"/>
    <Point X="327" Y="293"/>
    <Point X="327" Y="294"/>
    <Point X="326" Y="295"/>
    <Point X="326" Y="296"/>
    <Point X="326" Y="297"/>
    <Point X="326" Y="298"/>
    <Point X="326" Y="299"/>
    <Point X="327" Y="300"/>
    <Point X="328" Y="300"/>
    <Point X="329" Y="301"/>
    <Point X="330" Y="301"/>
    <Point X="332" Y="301"/>
    <Point X="336" Y="301"/>
    <Point X="341" Y="301"/>
    <Point X="346" Y="301"/>
    <Point X="353" Y="301"/>
    <Point X="359" Y="301"/>
    <Point X="366" Y="302"/>
    <Point X="373" Y="302"/>
    <Point X="380" Y="302"/>
    <Point X="387" Y="303"/>
    <Point X="393" Y="304"/>
    <Point X="399" Y="304"/>
    <Point X="404" Y="305"/>
    <Point X="408" Y="305"/>
    <Point X="411" Y="305"/>
    <Point X="411" Y="306"/>
    <Point X="411" Y="305"/>
</Gesture>
