<?xml version="1.0" ?>
<Gesture Name="03" Subject="1" Number="3" NumPts="79">
    <Point X="389" Y="183"/>
    <Point X="389" Y="182"/>
    <Point X="388" Y="182"/>
    <Point X="387" Y="182"/>
    <Point X="385" Y="181"/>
    <Point X="384" Y="181"/>
    <Point X="383" Y="180"/>
    <Point X="381" Y="180"/>
    <Point X="378" Y="179"/>
    <Point X="374" Y="178"/>
    <Point X="369" Y="178"/>
    <Point X="364" Y="177"/>
    <Point X="358" Y="176"/>
    <Point X="353" Y="176"/>
    <Point X="348" Y="175"/>
    <Point X="343" Y="175"/>
    <Point X="338" Y="173"/>
    <Point X="334" Y="173"/>
    <Point X="330" Y="172"/>
    <Point X="328" Y="172"/>
    <Point X="326" Y="172"/>
    <Point X="325" Y="172"/>
    <Point X="325" Y="174"/>
    <Point X="325" Y="176"/>
    <Point X="325" Y="177"/>
    <Point X="325" Y="179"/>
    <Point X="325" Y="182"/>
    <Point X="325" Y="186"/>
    <Point X="325" Y="190"/>
    <Point X="325" Y="195"/>
    <Point X="325" Y="200"/>
    <Point X="325" Y="205"/>
    <Point X="325" Y="210"/>
    <Point X="325" Y="215"/>
    <Point X="325" Y="220"/>
    <Point X="325" Y="225"/>
    <Point X="325" Y="230"/>
    <Point X="325" Y="234"/>
    <Point X="325" Y="239"/>
    <Point X="325" Y="244"/>
    <Point X="325" Y="249"/>
    <Point X="325" Y="254"/>
    <Point X="325" Y="259"/>
    <Point X="325" Y="265"/>
    <Point X="325" Y="269"/>
    <Point X="325" Y="275"/>
    <Point X="325" Y="280"/>
    <Point X="325" Y="285"/>
    <Point X="325" Y="289"/>
    <Point X="325" Y="293"/>
    <Point X="325" Y="296"/>
    <Point X="325" Y="300"/>
    <Point X="325" Y="303"/>
    <Point X="325" Y="306"/>
    <Point X="325" Y="309"/>
    <Point X="325" Y="312"/>
    <Point X="325" Y="315"/>
    <Point X="325" Y="318"/>
    <Point X="325" Y="321"/>
    <Point X="324" Y="325"/>
    <Point X="324" Y="327"/>
    <Point X="324" Y="329"/>
    <Point X="324" Y="330"/>
    <Point X="324" Y="331"/>
    <Point X="324" Y="332"/>
    <Point X="325" Y="333"/>
    <Point X="326" Y="333"/>
    <Point X="328" Y="334"/>
    <Point X="331" Y="335"/>
    <Point X="335" Y="336"/>
    <Point X="339" Y="337"/>
    <Point X="345" Y="338"/>
    <Point X="351" Y="339"/>
    <Point X="358" Y="340"/>
    <Point X="365" Y="341"/>
    <Point X="370" Y="342"/>
    <Point X="376" Y="343"/>
    <Point X="379" Y="343"/>
    <Point X="382" Y="344"/>
</Gesture>
