<?xml version="1.0" ?>
<Gesture Name="03" Subject="1" Number="3" NumPts="91">
    <Point X="297" Y="66"/>
    <Point X="296" Y="66"/>
    <Point X="295" Y="66"/>
    <Point X="293" Y="68"/>
    <Point X="291" Y="69"/>
    <Point X="290" Y="70"/>
    <Point X="288" Y="71"/>
    <Point X="287" Y="73"/>
    <Point X="287" Y="74"/>
    <Point X="286" Y="75"/>
    <Point X="286" Y="76"/>
    <Point X="286" Y="77"/>
    <Point X="286" Y="78"/>
    <Point X="285" Y="80"/>
    <Point X="284" Y="83"/>
    <Point X="283" Y="85"/>
    <Point X="282" Y="87"/>
    <Point X="282" Y="88"/>
    <Point X="281" Y="90"/>
    <Point X="280" Y="93"/>
    <Point X="279" Y="96"/>
    <Point X="278" Y="99"/>
    <Point X="278" Y="102"/>
    <Point X="277" Y="106"/>
    <Point X="276" Y="110"/>
    <Point X="276" Y="114"/>
    <Point X="276" Y="118"/>
    <Point X="276" Y="122"/>
    <Point X="276" Y="125"/>
    <Point X="276" Y="129"/>
    <Point X="276" Y="132"/>
    <Point X="275" Y="135"/>
    <Point X="275" Y="138"/>
    <Point X="274" Y="141"/>
    <Point X="272" Y="144"/>
    <Point X="271" Y="147"/>
    <Point X="269" Y="149"/>
    <Point X="266" Y="152"/>
    <Point X="264" Y="153"/>
    <Point X="261" Y="155"/>
    <Point X="256" Y="156"/>
    <Point X="252" Y="157"/>
    <Point X="246" Y="157"/>
    <Point X="240" Y="157"/>
    <Point X="235" Y="157"/>
    <Point X="232" Y="157"/>
    <Point X="229" Y="157"/>
    <Point X="229" Y="156"/>
    <Point X="229" Y="155"/>
    <Point X="230" Y="155"/>
    <Point X="232" Y="154"/>
    <Point X="233" Y="154"/>
    <Point X="236" Y="154"/>
    <Point X="239" Y="154"/>
    <Point X="242" Y="154"/>
    <Point X="245" Y="155"/>
    <Point X="247" Y="156"/>
    <Point X="249" Y="157"/>
    <Point X="251" Y="159"/>
    <Point X="252" Y="160"/>
    <Point X="254" Y="163"/>
    <Point X="255" Y="166"/>
    <Point X="256" Y="169"/>
    <Point X="257" Y="173"/>
    <Point X="259" Y="177"/>
    <Point X="260" Y="182"/>
    <Point X="262" Y="186"/>
    <Point X="263" Y="191"/>
    <Point X="265" Y="196"/>
    <Point X="268" Y="202"/>
    <Point X="270" Y="207"/>
    <Point X="273" Y="213"/>
    <Point X="275" Y="217"/>
    <Point X="278" Y="223"/>
    <Point X="281" Y="228"/>
    <Point X="285" Y="233"/>
    <Point X="289" Y="238"/>
    <Point X="293" Y="243"/>
    <Point X="298" Y="248"/>
    <Point X="303" Y="252"/>
    <Point X="308" Y="256"/>
    <Point X="312" Y="260"/>
    <Point X="317" Y="263"/>
    <Point X="321" Y="266"/>
    <Point X="325" Y="268"/>
    <Point X="329" Y="270"/>
    <Point X="332" Y="271"/>
    <Point X="333" Y="272"/>
    <Point X="334" Y="272"/>
    <Point X="335" Y="272"/>
    <Point X="336" Y="272"/>
</Gesture>
