<?xml version="1.0" ?>
<Gesture Name="10" Subject="1" Number="10" NumPts="64">
    <Point X="345" Y="157"/>
    <Point X="344" Y="157"/>
    <Point X="341" Y="157"/>
    <Point X="340" Y="157"/>
    <Point X="337" Y="157"/>
    <Point X="333" Y="157"/>
    <Point X="328" Y="157"/>
    <Point X="323" Y="157"/>
    <Point X="320" Y="157"/>
    <Point X="315" Y="157"/>
    <Point X="311" Y="157"/>
    <Point X="306" Y="156"/>
    <Point X="302" Y="156"/>
    <Point X="299" Y="156"/>
    <Point X="295" Y="156"/>
    <Point X="292" Y="156"/>
    <Point X="290" Y="156"/>
    <Point X="288" Y="156"/>
    <Point X="287" Y="157"/>
    <Point X="287" Y="158"/>
    <Point X="287" Y="160"/>
    <Point X="287" Y="164"/>
    <Point X="287" Y="169"/>
    <Point X="287" Y="175"/>
    <Point X="287" Y="182"/>
    <Point X="287" Y="189"/>
    <Point X="288" Y="197"/>
    <Point X="289" Y="206"/>
    <Point X="289" Y="215"/>
    <Point X="291" Y="224"/>
    <Point X="291" Y="233"/>
    <Point X="292" Y="242"/>
    <Point X="293" Y="251"/>
    <Point X="293" Y="258"/>
    <Point X="294" Y="264"/>
    <Point X="294" Y="270"/>
    <Point X="295" Y="276"/>
    <Point X="295" Y="282"/>
    <Point X="296" Y="287"/>
    <Point X="296" Y="291"/>
    <Point X="297" Y="295"/>
    <Point X="297" Y="299"/>
    <Point X="297" Y="302"/>
    <Point X="298" Y="304"/>
    <Point X="298" Y="305"/>
    <Point X="298" Y="306"/>
    <Point X="298" Y="307"/>
    <Point X="299" Y="308"/>
    <Point X="301" Y="308"/>
    <Point X="303" Y="308"/>
    <Point X="305" Y="308"/>
    <Point X="308" Y="309"/>
    <Point X="313" Y="309"/>
    <Point X="318" Y="310"/>
    <Point X="324" Y="311"/>
    <Point X="330" Y="312"/>
    <Point X="337" Y="312"/>
    <Point X="344" Y="313"/>
    <Point X="350" Y="314"/>
    <Point X="356" Y="315"/>
    <Point X="360" Y="315"/>
    <Point X="362" Y="316"/>
    <Point X="363" Y="316"/>
    <Point X="364" Y="316"/>
</Gesture>
