<?xml version="1.0" ?>
<Gesture Name="08" Subject="1" Number="8" NumPts="91">
    <Point X="277" Y="44"/>
    <Point X="277" Y="43"/>
    <Point X="275" Y="42"/>
    <Point X="274" Y="42"/>
    <Point X="273" Y="42"/>
    <Point X="270" Y="42"/>
    <Point X="267" Y="42"/>
    <Point X="264" Y="42"/>
    <Point X="261" Y="42"/>
    <Point X="258" Y="42"/>
    <Point X="255" Y="44"/>
    <Point X="252" Y="46"/>
    <Point X="249" Y="48"/>
    <Point X="247" Y="50"/>
    <Point X="246" Y="52"/>
    <Point X="244" Y="54"/>
    <Point X="243" Y="57"/>
    <Point X="242" Y="60"/>
    <Point X="240" Y="63"/>
    <Point X="239" Y="67"/>
    <Point X="238" Y="71"/>
    <Point X="237" Y="75"/>
    <Point X="236" Y="78"/>
    <Point X="236" Y="83"/>
    <Point X="235" Y="88"/>
    <Point X="234" Y="92"/>
    <Point X="234" Y="97"/>
    <Point X="233" Y="102"/>
    <Point X="233" Y="106"/>
    <Point X="233" Y="111"/>
    <Point X="233" Y="116"/>
    <Point X="233" Y="121"/>
    <Point X="233" Y="126"/>
    <Point X="233" Y="130"/>
    <Point X="233" Y="134"/>
    <Point X="233" Y="137"/>
    <Point X="232" Y="141"/>
    <Point X="232" Y="144"/>
    <Point X="231" Y="147"/>
    <Point X="230" Y="149"/>
    <Point X="229" Y="152"/>
    <Point X="228" Y="152"/>
    <Point X="227" Y="152"/>
    <Point X="227" Y="153"/>
    <Point X="225" Y="153"/>
    <Point X="223" Y="153"/>
    <Point X="222" Y="153"/>
    <Point X="219" Y="153"/>
    <Point X="218" Y="152"/>
    <Point X="216" Y="152"/>
    <Point X="215" Y="152"/>
    <Point X="214" Y="151"/>
    <Point X="215" Y="151"/>
    <Point X="217" Y="151"/>
    <Point X="218" Y="151"/>
    <Point X="219" Y="152"/>
    <Point X="220" Y="153"/>
    <Point X="221" Y="155"/>
    <Point X="222" Y="156"/>
    <Point X="223" Y="159"/>
    <Point X="224" Y="162"/>
    <Point X="225" Y="165"/>
    <Point X="225" Y="168"/>
    <Point X="225" Y="172"/>
    <Point X="225" Y="176"/>
    <Point X="225" Y="180"/>
    <Point X="225" Y="185"/>
    <Point X="225" Y="190"/>
    <Point X="226" Y="194"/>
    <Point X="226" Y="199"/>
    <Point X="226" Y="204"/>
    <Point X="226" Y="208"/>
    <Point X="227" Y="213"/>
    <Point X="227" Y="218"/>
    <Point X="227" Y="222"/>
    <Point X="228" Y="227"/>
    <Point X="230" Y="232"/>
    <Point X="231" Y="236"/>
    <Point X="233" Y="239"/>
    <Point X="234" Y="243"/>
    <Point X="236" Y="246"/>
    <Point X="239" Y="249"/>
    <Point X="241" Y="252"/>
    <Point X="243" Y="254"/>
    <Point X="246" Y="257"/>
    <Point X="247" Y="259"/>
    <Point X="249" Y="261"/>
    <Point X="250" Y="261"/>
    <Point X="251" Y="261"/>
    <Point X="251" Y="262"/>
    <Point X="252" Y="262"/>
</Gesture>
