<?xml version="1.0" ?>
<Gesture Name="02" Subject="1" Number="2" NumPts="89">
    <Point X="320" Y="62"/>
    <Point X="319" Y="63"/>
    <Point X="317" Y="63"/>
    <Point X="313" Y="64"/>
    <Point X="310" Y="65"/>
    <Point X="306" Y="66"/>
    <Point X="302" Y="68"/>
    <Point X="298" Y="69"/>
    <Point X="294" Y="71"/>
    <Point X="290" Y="74"/>
    <Point X="287" Y="76"/>
    <Point X="284" Y="79"/>
    <Point X="282" Y="81"/>
    <Point X="281" Y="84"/>
    <Point X="280" Y="86"/>
    <Point X="279" Y="89"/>
    <Point X="278" Y="93"/>
    <Point X="278" Y="97"/>
    <Point X="278" Y="101"/>
    <Point X="278" Y="106"/>
    <Point X="278" Y="110"/>
    <Point X="278" Y="116"/>
    <Point X="278" Y="121"/>
    <Point X="278" Y="127"/>
    <Point X="278" Y="133"/>
    <Point X="278" Y="138"/>
    <Point X="278" Y="143"/>
    <Point X="278" Y="147"/>
    <Point X="278" Y="151"/>
    <Point X="278" Y="155"/>
    <Point X="278" Y="158"/>
    <Point X="278" Y="161"/>
    <Point X="277" Y="163"/>
    <Point X="275" Y="165"/>
    <Point X="273" Y="167"/>
    <Point X="271" Y="168"/>
    <Point X="268" Y="170"/>
    <Point X="265" Y="171"/>
    <Point X="261" Y="172"/>
    <Point X="258" Y="173"/>
    <Point X="255" Y="173"/>
    <Point X="252" Y="173"/>
    <Point X="251" Y="173"/>
    <Point X="249" Y="173"/>
    <Point X="248" Y="173"/>
    <Point X="248" Y="172"/>
    <Point X="248" Y="171"/>
    <Point X="248" Y="170"/>
    <Point X="248" Y="169"/>
    <Point X="249" Y="169"/>
    <Point X="250" Y="169"/>
    <Point X="251" Y="169"/>
    <Point X="254" Y="170"/>
    <Point X="256" Y="172"/>
    <Point X="258" Y="173"/>
    <Point X="260" Y="175"/>
    <Point X="261" Y="176"/>
    <Point X="262" Y="178"/>
    <Point X="264" Y="180"/>
    <Point X="265" Y="184"/>
    <Point X="266" Y="187"/>
    <Point X="267" Y="191"/>
    <Point X="268" Y="194"/>
    <Point X="268" Y="199"/>
    <Point X="269" Y="204"/>
    <Point X="270" Y="208"/>
    <Point X="270" Y="214"/>
    <Point X="271" Y="219"/>
    <Point X="271" Y="225"/>
    <Point X="273" Y="231"/>
    <Point X="274" Y="237"/>
    <Point X="275" Y="243"/>
    <Point X="276" Y="249"/>
    <Point X="278" Y="255"/>
    <Point X="281" Y="260"/>
    <Point X="283" Y="265"/>
    <Point X="285" Y="269"/>
    <Point X="288" Y="273"/>
    <Point X="291" Y="276"/>
    <Point X="293" Y="278"/>
    <Point X="296" Y="281"/>
    <Point X="298" Y="283"/>
    <Point X="301" Y="284"/>
    <Point X="302" Y="284"/>
    <Point X="304" Y="285"/>
    <Point X="305" Y="285"/>
    <Point X="306" Y="285"/>
    <Point X="307" Y="285"/>
    <Point X="308" Y="285"/>
</Gesture>
