<?xml version="1.0" ?>
<Gesture Name="08" Subject="1" Number="8" NumPts="59">
    <Point X="392" Y="167"/>
    <Point X="391" Y="167"/>
    <Point X="388" Y="167"/>
    <Point X="386" Y="166"/>
    <Point X="384" Y="166"/>
    <Point X="381" Y="165"/>
    <Point X="376" Y="165"/>
    <Point X="372" Y="165"/>
    <Point X="366" Y="164"/>
    <Point X="361" Y="164"/>
    <Point X="356" Y="164"/>
    <Point X="352" Y="164"/>
    <Point X="347" Y="164"/>
    <Point X="343" Y="164"/>
    <Point X="340" Y="164"/>
    <Point X="337" Y="164"/>
    <Point X="336" Y="164"/>
    <Point X="335" Y="164"/>
    <Point X="335" Y="165"/>
    <Point X="335" Y="166"/>
    <Point X="335" Y="167"/>
    <Point X="335" Y="170"/>
    <Point X="334" Y="174"/>
    <Point X="334" Y="179"/>
    <Point X="334" Y="185"/>
    <Point X="334" Y="191"/>
    <Point X="334" Y="199"/>
    <Point X="334" Y="207"/>
    <Point X="334" Y="215"/>
    <Point X="334" Y="225"/>
    <Point X="334" Y="235"/>
    <Point X="334" Y="245"/>
    <Point X="334" Y="254"/>
    <Point X="334" Y="263"/>
    <Point X="334" Y="271"/>
    <Point X="334" Y="278"/>
    <Point X="334" Y="285"/>
    <Point X="334" Y="291"/>
    <Point X="334" Y="295"/>
    <Point X="334" Y="299"/>
    <Point X="334" Y="302"/>
    <Point X="334" Y="304"/>
    <Point X="334" Y="306"/>
    <Point X="334" Y="307"/>
    <Point X="334" Y="308"/>
    <Point X="335" Y="308"/>
    <Point X="336" Y="309"/>
    <Point X="337" Y="309"/>
    <Point X="340" Y="310"/>
    <Point X="345" Y="310"/>
    <Point X="351" Y="311"/>
    <Point X="358" Y="311"/>
    <Point X="366" Y="313"/>
    <Point X="374" Y="314"/>
    <Point X="382" Y="315"/>
    <Point X="389" Y="316"/>
    <Point X="394" Y="317"/>
    <Point X="398" Y="318"/>
    <Point X="401" Y="318"/>
</Gesture>
