<?xml version="1.0" ?>
<Gesture Name="07" Subject="1" Number="7" NumPts="66">
    <Point X="378" Y="181"/>
    <Point X="377" Y="181"/>
    <Point X="375" Y="181"/>
    <Point X="373" Y="181"/>
    <Point X="371" Y="181"/>
    <Point X="369" Y="181"/>
    <Point X="368" Y="181"/>
    <Point X="366" Y="181"/>
    <Point X="364" Y="181"/>
    <Point X="360" Y="181"/>
    <Point X="356" Y="181"/>
    <Point X="353" Y="181"/>
    <Point X="349" Y="181"/>
    <Point X="346" Y="181"/>
    <Point X="343" Y="181"/>
    <Point X="340" Y="181"/>
    <Point X="338" Y="181"/>
    <Point X="337" Y="181"/>
    <Point X="336" Y="181"/>
    <Point X="336" Y="182"/>
    <Point X="336" Y="183"/>
    <Point X="336" Y="184"/>
    <Point X="335" Y="185"/>
    <Point X="335" Y="188"/>
    <Point X="334" Y="192"/>
    <Point X="334" Y="197"/>
    <Point X="333" Y="202"/>
    <Point X="333" Y="209"/>
    <Point X="333" Y="216"/>
    <Point X="332" Y="222"/>
    <Point X="332" Y="230"/>
    <Point X="332" Y="238"/>
    <Point X="332" Y="245"/>
    <Point X="332" Y="253"/>
    <Point X="332" Y="259"/>
    <Point X="332" Y="266"/>
    <Point X="332" Y="272"/>
    <Point X="332" Y="278"/>
    <Point X="332" Y="283"/>
    <Point X="332" Y="289"/>
    <Point X="332" Y="294"/>
    <Point X="332" Y="300"/>
    <Point X="332" Y="305"/>
    <Point X="332" Y="311"/>
    <Point X="332" Y="315"/>
    <Point X="332" Y="319"/>
    <Point X="332" Y="322"/>
    <Point X="332" Y="325"/>
    <Point X="332" Y="326"/>
    <Point X="332" Y="327"/>
    <Point X="332" Y="328"/>
    <Point X="333" Y="328"/>
    <Point X="334" Y="328"/>
    <Point X="336" Y="328"/>
    <Point X="339" Y="328"/>
    <Point X="345" Y="328"/>
    <Point X="350" Y="329"/>
    <Point X="356" Y="330"/>
    <Point X="363" Y="330"/>
    <Point X="370" Y="331"/>
    <Point X="377" Y="332"/>
    <Point X="383" Y="333"/>
    <Point X="389" Y="333"/>
    <Point X="394" Y="334"/>
    <Point X="397" Y="335"/>
    <Point X="398" Y="335"/>
</Gesture>
