<?xml version="1.0" ?>
<Gesture Name="06" Subject="1" Number="6" NumPts="78">
    <Point X="370" Y="193"/>
    <Point X="369" Y="192"/>
    <Point X="368" Y="192"/>
    <Point X="367" Y="192"/>
    <Point X="365" Y="192"/>
    <Point X="364" Y="192"/>
    <Point X="361" Y="192"/>
    <Point X="357" Y="191"/>
    <Point X="353" Y="191"/>
    <Point X="347" Y="191"/>
    <Point X="342" Y="190"/>
    <Point X="336" Y="189"/>
    <Point X="332" Y="189"/>
    <Point X="329" Y="189"/>
    <Point X="326" Y="189"/>
    <Point X="325" Y="189"/>
    <Point X="324" Y="189"/>
    <Point X="324" Y="190"/>
    <Point X="324" Y="191"/>
    <Point X="324" Y="193"/>
    <Point X="324" Y="196"/>
    <Point X="324" Y="199"/>
    <Point X="324" Y="202"/>
    <Point X="324" Y="205"/>
    <Point X="324" Y="210"/>
    <Point X="324" Y="214"/>
    <Point X="324" Y="218"/>
    <Point X="324" Y="223"/>
    <Point X="324" Y="228"/>
    <Point X="324" Y="233"/>
    <Point X="324" Y="238"/>
    <Point X="324" Y="244"/>
    <Point X="324" Y="249"/>
    <Point X="324" Y="255"/>
    <Point X="324" Y="261"/>
    <Point X="324" Y="265"/>
    <Point X="324" Y="271"/>
    <Point X="325" Y="276"/>
    <Point X="325" Y="281"/>
    <Point X="325" Y="285"/>
    <Point X="326" Y="289"/>
    <Point X="326" Y="292"/>
    <Point X="326" Y="295"/>
    <Point X="326" Y="297"/>
    <Point X="327" Y="300"/>
    <Point X="327" Y="302"/>
    <Point X="327" Y="305"/>
    <Point X="327" Y="307"/>
    <Point X="327" Y="309"/>
    <Point X="327" Y="312"/>
    <Point X="327" Y="315"/>
    <Point X="327" Y="317"/>
    <Point X="327" Y="320"/>
    <Point X="327" Y="321"/>
    <Point X="327" Y="324"/>
    <Point X="327" Y="325"/>
    <Point X="327" Y="326"/>
    <Point X="327" Y="327"/>
    <Point X="327" Y="328"/>
    <Point X="327" Y="329"/>
    <Point X="328" Y="329"/>
    <Point X="328" Y="330"/>
    <Point X="331" Y="331"/>
    <Point X="333" Y="331"/>
    <Point X="334" Y="331"/>
    <Point X="335" Y="332"/>
    <Point X="339" Y="332"/>
    <Point X="342" Y="333"/>
    <Point X="347" Y="333"/>
    <Point X="353" Y="334"/>
    <Point X="358" Y="335"/>
    <Point X="363" Y="335"/>
    <Point X="368" Y="336"/>
    <Point X="373" Y="338"/>
    <Point X="377" Y="338"/>
    <Point X="380" Y="339"/>
    <Point X="384" Y="339"/>
    <Point X="385" Y="339"/>
</Gesture>
