<?xml version="1.0" ?>
<Gesture Name="05" Subject="1" Number="5" NumPts="90">
    <Point X="414" Y="173"/>
    <Point X="413" Y="173"/>
    <Point X="412" Y="173"/>
    <Point X="411" Y="173"/>
    <Point X="410" Y="173"/>
    <Point X="407" Y="173"/>
    <Point X="406" Y="172"/>
    <Point X="405" Y="172"/>
    <Point X="403" Y="171"/>
    <Point X="399" Y="170"/>
    <Point X="395" Y="169"/>
    <Point X="389" Y="168"/>
    <Point X="384" Y="168"/>
    <Point X="378" Y="167"/>
    <Point X="372" Y="166"/>
    <Point X="366" Y="166"/>
    <Point X="361" Y="165"/>
    <Point X="358" Y="165"/>
    <Point X="354" Y="165"/>
    <Point X="352" Y="165"/>
    <Point X="351" Y="164"/>
    <Point X="351" Y="165"/>
    <Point X="350" Y="167"/>
    <Point X="350" Y="170"/>
    <Point X="350" Y="171"/>
    <Point X="350" Y="173"/>
    <Point X="350" Y="176"/>
    <Point X="350" Y="179"/>
    <Point X="350" Y="183"/>
    <Point X="350" Y="187"/>
    <Point X="350" Y="192"/>
    <Point X="351" Y="196"/>
    <Point X="352" Y="200"/>
    <Point X="352" Y="205"/>
    <Point X="353" Y="210"/>
    <Point X="353" Y="215"/>
    <Point X="354" Y="220"/>
    <Point X="354" Y="224"/>
    <Point X="355" Y="229"/>
    <Point X="356" Y="234"/>
    <Point X="356" Y="238"/>
    <Point X="357" Y="242"/>
    <Point X="358" Y="245"/>
    <Point X="358" Y="249"/>
    <Point X="359" Y="252"/>
    <Point X="359" Y="255"/>
    <Point X="359" Y="257"/>
    <Point X="360" Y="259"/>
    <Point X="360" Y="261"/>
    <Point X="360" Y="264"/>
    <Point X="360" Y="266"/>
    <Point X="360" Y="268"/>
    <Point X="360" Y="270"/>
    <Point X="361" Y="272"/>
    <Point X="361" Y="275"/>
    <Point X="361" Y="278"/>
    <Point X="361" Y="281"/>
    <Point X="361" Y="283"/>
    <Point X="361" Y="284"/>
    <Point X="362" Y="286"/>
    <Point X="362" Y="287"/>
    <Point X="362" Y="288"/>
    <Point X="362" Y="290"/>
    <Point X="362" Y="292"/>
    <Point X="363" Y="293"/>
    <Point X="363" Y="295"/>
    <Point X="364" Y="297"/>
    <Point X="364" Y="298"/>
    <Point X="364" Y="299"/>
    <Point X="364" Y="300"/>
    <Point X="364" Y="301"/>
    <Point X="364" Y="302"/>
    <Point X="365" Y="303"/>
    <Point X="366" Y="303"/>
    <Point X="368" Y="304"/>
    <Point X="369" Y="304"/>
    <Point X="372" Y="304"/>
    <Point X="373" Y="304"/>
    <Point X="374" Y="305"/>
    <Point X="377" Y="305"/>
    <Point X="380" Y="305"/>
    <Point X="384" Y="306"/>
    <Point X="389" Y="306"/>
    <Point X="394" Y="307"/>
    <Point X="399" Y="308"/>
    <Point X="403" Y="308"/>
    <Point X="407" Y="309"/>
    <Point X="409" Y="309"/>
    <Point X="412" Y="309"/>
    <Point X="413" Y="309"/>
</Gesture>
