<?xml version="1.0" ?>
<Gesture Name="04" Subject="1" Number="4" NumPts="82">
    <Point X="375" Y="181"/>
    <Point X="374" Y="181"/>
    <Point X="374" Y="180"/>
    <Point X="371" Y="180"/>
    <Point X="369" Y="179"/>
    <Point X="367" Y="179"/>
    <Point X="365" Y="179"/>
    <Point X="362" Y="178"/>
    <Point X="357" Y="178"/>
    <Point X="352" Y="177"/>
    <Point X="345" Y="177"/>
    <Point X="337" Y="176"/>
    <Point X="330" Y="175"/>
    <Point X="325" Y="175"/>
    <Point X="319" Y="175"/>
    <Point X="314" Y="175"/>
    <Point X="311" Y="175"/>
    <Point X="309" Y="174"/>
    <Point X="309" Y="175"/>
    <Point X="308" Y="175"/>
    <Point X="308" Y="176"/>
    <Point X="308" Y="178"/>
    <Point X="308" Y="179"/>
    <Point X="308" Y="180"/>
    <Point X="308" Y="183"/>
    <Point X="308" Y="186"/>
    <Point X="308" Y="190"/>
    <Point X="308" Y="194"/>
    <Point X="308" Y="199"/>
    <Point X="308" Y="204"/>
    <Point X="308" Y="209"/>
    <Point X="308" Y="215"/>
    <Point X="308" Y="221"/>
    <Point X="308" Y="227"/>
    <Point X="308" Y="232"/>
    <Point X="308" Y="239"/>
    <Point X="308" Y="244"/>
    <Point X="308" Y="249"/>
    <Point X="308" Y="254"/>
    <Point X="308" Y="258"/>
    <Point X="308" Y="262"/>
    <Point X="308" Y="266"/>
    <Point X="308" Y="270"/>
    <Point X="308" Y="274"/>
    <Point X="308" Y="277"/>
    <Point X="308" Y="281"/>
    <Point X="308" Y="284"/>
    <Point X="308" Y="286"/>
    <Point X="308" Y="289"/>
    <Point X="308" Y="292"/>
    <Point X="308" Y="295"/>
    <Point X="308" Y="298"/>
    <Point X="308" Y="301"/>
    <Point X="308" Y="304"/>
    <Point X="307" Y="308"/>
    <Point X="307" Y="311"/>
    <Point X="306" Y="314"/>
    <Point X="306" Y="318"/>
    <Point X="305" Y="322"/>
    <Point X="305" Y="325"/>
    <Point X="305" Y="328"/>
    <Point X="305" Y="331"/>
    <Point X="305" Y="332"/>
    <Point X="305" Y="335"/>
    <Point X="304" Y="336"/>
    <Point X="304" Y="337"/>
    <Point X="304" Y="338"/>
    <Point X="305" Y="339"/>
    <Point X="306" Y="339"/>
    <Point X="307" Y="339"/>
    <Point X="311" Y="340"/>
    <Point X="315" Y="342"/>
    <Point X="320" Y="343"/>
    <Point X="325" Y="345"/>
    <Point X="330" Y="347"/>
    <Point X="335" Y="348"/>
    <Point X="341" Y="349"/>
    <Point X="345" Y="350"/>
    <Point X="349" Y="351"/>
    <Point X="351" Y="351"/>
    <Point X="353" Y="352"/>
    <Point X="354" Y="352"/>
</Gesture>
