<?xml version="1.0" ?>
<Gesture Name="01" Subject="1" Number="1" NumPts="77">
    <Point X="333" Y="119"/>
    <Point X="332" Y="119"/>
    <Point X="330" Y="119"/>
    <Point X="326" Y="119"/>
    <Point X="320" Y="119"/>
    <Point X="313" Y="119"/>
    <Point X="304" Y="119"/>
    <Point X="294" Y="118"/>
    <Point X="285" Y="117"/>
    <Point X="277" Y="116"/>
    <Point X="269" Y="116"/>
    <Point X="263" Y="116"/>
    <Point X="260" Y="115"/>
    <Point X="259" Y="115"/>
    <Point X="259" Y="116"/>
    <Point X="259" Y="118"/>
    <Point X="259" Y="120"/>
    <Point X="259" Y="121"/>
    <Point X="259" Y="122"/>
    <Point X="259" Y="125"/>
    <Point X="258" Y="129"/>
    <Point X="258" Y="135"/>
    <Point X="258" Y="141"/>
    <Point X="258" Y="147"/>
    <Point X="258" Y="153"/>
    <Point X="257" Y="159"/>
    <Point X="256" Y="165"/>
    <Point X="256" Y="170"/>
    <Point X="256" Y="175"/>
    <Point X="255" Y="180"/>
    <Point X="255" Y="185"/>
    <Point X="254" Y="191"/>
    <Point X="254" Y="195"/>
    <Point X="253" Y="200"/>
    <Point X="252" Y="205"/>
    <Point X="251" Y="209"/>
    <Point X="251" Y="213"/>
    <Point X="250" Y="217"/>
    <Point X="250" Y="220"/>
    <Point X="249" Y="223"/>
    <Point X="248" Y="226"/>
    <Point X="248" Y="229"/>
    <Point X="248" Y="230"/>
    <Point X="248" Y="231"/>
    <Point X="247" Y="232"/>
    <Point X="247" Y="233"/>
    <Point X="246" Y="234"/>
    <Point X="246" Y="235"/>
    <Point X="246" Y="236"/>
    <Point X="245" Y="236"/>
    <Point X="245" Y="237"/>
    <Point X="245" Y="238"/>
    <Point X="245" Y="239"/>
    <Point X="246" Y="240"/>
    <Point X="247" Y="240"/>
    <Point X="248" Y="240"/>
    <Point X="251" Y="241"/>
    <Point X="254" Y="241"/>
    <Point X="258" Y="242"/>
    <Point X="263" Y="243"/>
    <Point X="269" Y="243"/>
    <Point X="275" Y="244"/>
    <Point X="282" Y="245"/>
    <Point X="289" Y="245"/>
    <Point X="295" Y="246"/>
    <Point X="300" Y="247"/>
    <Point X="304" Y="247"/>
    <Point X="307" Y="248"/>
    <Point X="308" Y="248"/>
    <Point X="309" Y="248"/>
    <Point X="311" Y="248"/>
    <Point X="312" Y="248"/>
    <Point X="313" Y="249"/>
    <Point X="314" Y="249"/>
    <Point X="315" Y="249"/>
    <Point X="316" Y="250"/>
    <Point X="317" Y="250"/>
</Gesture>
