<?xml version="1.0" ?>
<Gesture Name="09" Subject="1" Number="9" NumPts="81">
    <Point X="386" Y="173"/>
    <Point X="385" Y="173"/>
    <Point X="384" Y="173"/>
    <Point X="382" Y="173"/>
    <Point X="380" Y="172"/>
    <Point X="379" Y="172"/>
    <Point X="376" Y="172"/>
    <Point X="372" Y="171"/>
    <Point X="368" Y="171"/>
    <Point X="364" Y="170"/>
    <Point X="358" Y="169"/>
    <Point X="353" Y="169"/>
    <Point X="349" Y="169"/>
    <Point X="344" Y="169"/>
    <Point X="340" Y="169"/>
    <Point X="337" Y="169"/>
    <Point X="334" Y="169"/>
    <Point X="332" Y="169"/>
    <Point X="329" Y="169"/>
    <Point X="328" Y="169"/>
    <Point X="327" Y="169"/>
    <Point X="327" Y="170"/>
    <Point X="326" Y="170"/>
    <Point X="326" Y="171"/>
    <Point X="326" Y="172"/>
    <Point X="325" Y="173"/>
    <Point X="325" Y="174"/>
    <Point X="325" Y="176"/>
    <Point X="325" Y="179"/>
    <Point X="324" Y="180"/>
    <Point X="324" Y="183"/>
    <Point X="323" Y="187"/>
    <Point X="323" Y="191"/>
    <Point X="322" Y="198"/>
    <Point X="322" Y="204"/>
    <Point X="321" Y="212"/>
    <Point X="321" Y="220"/>
    <Point X="321" Y="228"/>
    <Point X="321" Y="235"/>
    <Point X="321" Y="244"/>
    <Point X="320" Y="251"/>
    <Point X="320" Y="258"/>
    <Point X="320" Y="265"/>
    <Point X="320" Y="272"/>
    <Point X="319" Y="277"/>
    <Point X="318" Y="282"/>
    <Point X="318" Y="288"/>
    <Point X="318" Y="292"/>
    <Point X="318" Y="297"/>
    <Point X="318" Y="300"/>
    <Point X="318" Y="303"/>
    <Point X="318" Y="307"/>
    <Point X="318" Y="309"/>
    <Point X="318" Y="311"/>
    <Point X="318" Y="314"/>
    <Point X="318" Y="317"/>
    <Point X="318" Y="318"/>
    <Point X="318" Y="319"/>
    <Point X="318" Y="320"/>
    <Point X="318" Y="321"/>
    <Point X="318" Y="322"/>
    <Point X="318" Y="323"/>
    <Point X="318" Y="324"/>
    <Point X="318" Y="325"/>
    <Point X="320" Y="326"/>
    <Point X="322" Y="326"/>
    <Point X="323" Y="326"/>
    <Point X="325" Y="326"/>
    <Point X="328" Y="328"/>
    <Point X="332" Y="329"/>
    <Point X="336" Y="330"/>
    <Point X="341" Y="331"/>
    <Point X="348" Y="332"/>
    <Point X="355" Y="333"/>
    <Point X="363" Y="335"/>
    <Point X="370" Y="336"/>
    <Point X="378" Y="338"/>
    <Point X="385" Y="339"/>
    <Point X="391" Y="340"/>
    <Point X="396" Y="342"/>
    <Point X="399" Y="342"/>
</Gesture>
