<?xml version="1.0" ?>
<Gesture Name="01" Subject="1" Number="1" NumPts="94">
    <Point X="314" Y="71"/>
    <Point X="313" Y="71"/>
    <Point X="311" Y="71"/>
    <Point X="309" Y="72"/>
    <Point X="308" Y="73"/>
    <Point X="306" Y="74"/>
    <Point X="303" Y="75"/>
    <Point X="301" Y="76"/>
    <Point X="298" Y="78"/>
    <Point X="296" Y="80"/>
    <Point X="292" Y="82"/>
    <Point X="290" Y="84"/>
    <Point X="287" Y="86"/>
    <Point X="285" Y="88"/>
    <Point X="283" Y="91"/>
    <Point X="281" Y="94"/>
    <Point X="280" Y="97"/>
    <Point X="279" Y="100"/>
    <Point X="279" Y="104"/>
    <Point X="279" Y="107"/>
    <Point X="279" Y="111"/>
    <Point X="279" Y="116"/>
    <Point X="279" Y="120"/>
    <Point X="279" Y="125"/>
    <Point X="279" Y="129"/>
    <Point X="279" Y="134"/>
    <Point X="279" Y="139"/>
    <Point X="279" Y="144"/>
    <Point X="279" Y="149"/>
    <Point X="279" Y="155"/>
    <Point X="279" Y="161"/>
    <Point X="279" Y="166"/>
    <Point X="279" Y="173"/>
    <Point X="279" Y="179"/>
    <Point X="278" Y="184"/>
    <Point X="277" Y="190"/>
    <Point X="276" Y="195"/>
    <Point X="274" Y="200"/>
    <Point X="272" Y="204"/>
    <Point X="271" Y="206"/>
    <Point X="270" Y="208"/>
    <Point X="268" Y="210"/>
    <Point X="266" Y="211"/>
    <Point X="265" Y="212"/>
    <Point X="263" Y="213"/>
    <Point X="262" Y="213"/>
    <Point X="261" Y="213"/>
    <Point X="259" Y="213"/>
    <Point X="258" Y="213"/>
    <Point X="257" Y="213"/>
    <Point X="257" Y="212"/>
    <Point X="257" Y="211"/>
    <Point X="259" Y="211"/>
    <Point X="260" Y="211"/>
    <Point X="262" Y="211"/>
    <Point X="264" Y="211"/>
    <Point X="266" Y="213"/>
    <Point X="268" Y="214"/>
    <Point X="270" Y="216"/>
    <Point X="271" Y="217"/>
    <Point X="273" Y="219"/>
    <Point X="274" Y="220"/>
    <Point X="274" Y="221"/>
    <Point X="274" Y="223"/>
    <Point X="275" Y="225"/>
    <Point X="276" Y="228"/>
    <Point X="278" Y="232"/>
    <Point X="279" Y="236"/>
    <Point X="280" Y="241"/>
    <Point X="283" Y="245"/>
    <Point X="285" Y="251"/>
    <Point X="287" Y="257"/>
    <Point X="290" Y="263"/>
    <Point X="293" Y="269"/>
    <Point X="295" Y="274"/>
    <Point X="297" Y="280"/>
    <Point X="300" Y="284"/>
    <Point X="303" Y="288"/>
    <Point X="306" Y="293"/>
    <Point X="310" Y="297"/>
    <Point X="313" Y="300"/>
    <Point X="317" Y="304"/>
    <Point X="320" Y="308"/>
    <Point X="323" Y="311"/>
    <Point X="327" Y="314"/>
    <Point X="330" Y="315"/>
    <Point X="332" Y="317"/>
    <Point X="334" Y="317"/>
    <Point X="337" Y="318"/>
    <Point X="338" Y="318"/>
    <Point X="340" Y="319"/>
    <Point X="342" Y="319"/>
    <Point X="343" Y="319"/>
    <Point X="343" Y="318"/>
</Gesture>
