<?xml version="1.0" ?>
<Gesture Name="07" Subject="1" Number="7" NumPts="91">
    <Point X="269" Y="53"/>
    <Point X="268" Y="52"/>
    <Point X="267" Y="52"/>
    <Point X="265" Y="52"/>
    <Point X="263" Y="52"/>
    <Point X="261" Y="52"/>
    <Point X="257" Y="52"/>
    <Point X="253" Y="52"/>
    <Point X="250" Y="52"/>
    <Point X="246" Y="52"/>
    <Point X="243" Y="52"/>
    <Point X="241" Y="53"/>
    <Point X="239" Y="55"/>
    <Point X="237" Y="57"/>
    <Point X="236" Y="58"/>
    <Point X="236" Y="61"/>
    <Point X="235" Y="63"/>
    <Point X="234" Y="66"/>
    <Point X="234" Y="69"/>
    <Point X="234" Y="73"/>
    <Point X="234" Y="76"/>
    <Point X="234" Y="80"/>
    <Point X="234" Y="83"/>
    <Point X="234" Y="87"/>
    <Point X="234" Y="92"/>
    <Point X="234" Y="96"/>
    <Point X="234" Y="101"/>
    <Point X="234" Y="105"/>
    <Point X="235" Y="109"/>
    <Point X="236" Y="113"/>
    <Point X="236" Y="117"/>
    <Point X="236" Y="120"/>
    <Point X="236" Y="123"/>
    <Point X="236" Y="126"/>
    <Point X="236" Y="128"/>
    <Point X="236" Y="130"/>
    <Point X="235" Y="133"/>
    <Point X="234" Y="134"/>
    <Point X="232" Y="136"/>
    <Point X="231" Y="137"/>
    <Point X="229" Y="138"/>
    <Point X="228" Y="138"/>
    <Point X="225" Y="139"/>
    <Point X="223" Y="140"/>
    <Point X="220" Y="140"/>
    <Point X="217" Y="140"/>
    <Point X="215" Y="140"/>
    <Point X="213" Y="140"/>
    <Point X="212" Y="140"/>
    <Point X="211" Y="140"/>
    <Point X="210" Y="140"/>
    <Point X="209" Y="140"/>
    <Point X="210" Y="140"/>
    <Point X="211" Y="141"/>
    <Point X="213" Y="142"/>
    <Point X="214" Y="143"/>
    <Point X="216" Y="145"/>
    <Point X="217" Y="147"/>
    <Point X="218" Y="148"/>
    <Point X="219" Y="151"/>
    <Point X="220" Y="154"/>
    <Point X="221" Y="158"/>
    <Point X="222" Y="163"/>
    <Point X="222" Y="168"/>
    <Point X="223" Y="172"/>
    <Point X="223" Y="177"/>
    <Point X="223" Y="182"/>
    <Point X="224" Y="188"/>
    <Point X="224" Y="193"/>
    <Point X="224" Y="199"/>
    <Point X="224" Y="205"/>
    <Point X="224" Y="210"/>
    <Point X="224" Y="216"/>
    <Point X="225" Y="222"/>
    <Point X="226" Y="227"/>
    <Point X="228" Y="232"/>
    <Point X="229" Y="237"/>
    <Point X="231" Y="240"/>
    <Point X="233" Y="245"/>
    <Point X="236" Y="247"/>
    <Point X="238" Y="250"/>
    <Point X="241" Y="253"/>
    <Point X="244" Y="255"/>
    <Point X="249" Y="257"/>
    <Point X="255" Y="258"/>
    <Point X="260" Y="260"/>
    <Point X="265" Y="260"/>
    <Point X="270" Y="261"/>
    <Point X="273" Y="261"/>
    <Point X="276" Y="261"/>
    <Point X="276" Y="260"/>
</Gesture>
