<?xml version="1.0" ?>
<Gesture Name="04" Subject="1" Number="4" NumPts="89">
    <Point X="293" Y="60"/>
    <Point X="294" Y="60"/>
    <Point X="292" Y="61"/>
    <Point X="290" Y="62"/>
    <Point X="288" Y="63"/>
    <Point X="285" Y="64"/>
    <Point X="284" Y="64"/>
    <Point X="283" Y="65"/>
    <Point X="281" Y="67"/>
    <Point X="279" Y="68"/>
    <Point X="277" Y="70"/>
    <Point X="275" Y="72"/>
    <Point X="273" Y="74"/>
    <Point X="272" Y="77"/>
    <Point X="271" Y="79"/>
    <Point X="270" Y="82"/>
    <Point X="269" Y="86"/>
    <Point X="268" Y="90"/>
    <Point X="268" Y="95"/>
    <Point X="267" Y="99"/>
    <Point X="267" Y="103"/>
    <Point X="267" Y="109"/>
    <Point X="267" Y="113"/>
    <Point X="267" Y="117"/>
    <Point X="267" Y="122"/>
    <Point X="267" Y="127"/>
    <Point X="267" Y="131"/>
    <Point X="267" Y="135"/>
    <Point X="267" Y="138"/>
    <Point X="267" Y="142"/>
    <Point X="267" Y="145"/>
    <Point X="266" Y="148"/>
    <Point X="266" Y="152"/>
    <Point X="264" Y="155"/>
    <Point X="263" Y="158"/>
    <Point X="261" Y="160"/>
    <Point X="258" Y="163"/>
    <Point X="255" Y="165"/>
    <Point X="252" Y="166"/>
    <Point X="249" Y="167"/>
    <Point X="246" Y="168"/>
    <Point X="243" Y="168"/>
    <Point X="240" Y="168"/>
    <Point X="237" Y="168"/>
    <Point X="235" Y="168"/>
    <Point X="232" Y="168"/>
    <Point X="230" Y="167"/>
    <Point X="228" Y="167"/>
    <Point X="228" Y="166"/>
    <Point X="230" Y="165"/>
    <Point X="232" Y="165"/>
    <Point X="235" Y="165"/>
    <Point X="236" Y="166"/>
    <Point X="237" Y="166"/>
    <Point X="239" Y="167"/>
    <Point X="242" Y="168"/>
    <Point X="245" Y="171"/>
    <Point X="249" Y="173"/>
    <Point X="251" Y="176"/>
    <Point X="254" Y="179"/>
    <Point X="256" Y="181"/>
    <Point X="256" Y="184"/>
    <Point X="258" Y="187"/>
    <Point X="259" Y="190"/>
    <Point X="259" Y="194"/>
    <Point X="260" Y="198"/>
    <Point X="261" Y="202"/>
    <Point X="261" Y="206"/>
    <Point X="261" Y="210"/>
    <Point X="262" Y="216"/>
    <Point X="263" Y="221"/>
    <Point X="263" Y="226"/>
    <Point X="264" Y="232"/>
    <Point X="264" Y="237"/>
    <Point X="266" Y="243"/>
    <Point X="267" Y="247"/>
    <Point X="268" Y="252"/>
    <Point X="270" Y="256"/>
    <Point X="271" Y="260"/>
    <Point X="273" Y="263"/>
    <Point X="276" Y="267"/>
    <Point X="278" Y="270"/>
    <Point X="281" Y="273"/>
    <Point X="284" Y="277"/>
    <Point X="287" Y="279"/>
    <Point X="289" Y="281"/>
    <Point X="293" Y="283"/>
    <Point X="295" Y="284"/>
    <Point X="297" Y="285"/>
</Gesture>
