<?xml version="1.0" ?>
<Gesture Name="07" Subject="1" Number="7" NumPts="95">
    <Point X="247" Y="277"/>
    <Point X="246" Y="277"/>
    <Point X="248" Y="277"/>
    <Point X="250" Y="276"/>
    <Point X="251" Y="275"/>
    <Point X="254" Y="274"/>
    <Point X="259" Y="271"/>
    <Point X="264" Y="268"/>
    <Point X="270" Y="265"/>
    <Point X="276" Y="261"/>
    <Point X="282" Y="258"/>
    <Point X="288" Y="254"/>
    <Point X="293" Y="249"/>
    <Point X="299" Y="245"/>
    <Point X="304" Y="240"/>
    <Point X="308" Y="236"/>
    <Point X="313" Y="232"/>
    <Point X="317" Y="228"/>
    <Point X="320" Y="224"/>
    <Point X="325" Y="220"/>
    <Point X="330" Y="214"/>
    <Point X="334" Y="210"/>
    <Point X="338" Y="205"/>
    <Point X="341" Y="201"/>
    <Point X="345" Y="197"/>
    <Point X="348" Y="193"/>
    <Point X="351" Y="189"/>
    <Point X="353" Y="185"/>
    <Point X="354" Y="183"/>
    <Point X="355" Y="181"/>
    <Point X="356" Y="178"/>
    <Point X="357" Y="177"/>
    <Point X="357" Y="174"/>
    <Point X="357" Y="172"/>
    <Point X="357" Y="170"/>
    <Point X="357" Y="169"/>
    <Point X="357" Y="167"/>
    <Point X="356" Y="166"/>
    <Point X="355" Y="164"/>
    <Point X="354" Y="163"/>
    <Point X="351" Y="162"/>
    <Point X="349" Y="161"/>
    <Point X="346" Y="160"/>
    <Point X="340" Y="159"/>
    <Point X="334" Y="158"/>
    <Point X="328" Y="158"/>
    <Point X="322" Y="158"/>
    <Point X="316" Y="158"/>
    <Point X="309" Y="158"/>
    <Point X="305" Y="159"/>
    <Point X="299" Y="161"/>
    <Point X="295" Y="162"/>
    <Point X="291" Y="164"/>
    <Point X="288" Y="166"/>
    <Point X="286" Y="168"/>
    <Point X="284" Y="170"/>
    <Point X="283" Y="172"/>
    <Point X="281" Y="174"/>
    <Point X="280" Y="177"/>
    <Point X="279" Y="181"/>
    <Point X="279" Y="184"/>
    <Point X="278" Y="188"/>
    <Point X="278" Y="192"/>
    <Point X="278" Y="197"/>
    <Point X="278" Y="202"/>
    <Point X="278" Y="205"/>
    <Point X="278" Y="209"/>
    <Point X="279" Y="213"/>
    <Point X="279" Y="217"/>
    <Point X="280" Y="221"/>
    <Point X="282" Y="225"/>
    <Point X="283" Y="228"/>
    <Point X="284" Y="232"/>
    <Point X="286" Y="235"/>
    <Point X="287" Y="238"/>
    <Point X="289" Y="241"/>
    <Point X="291" Y="243"/>
    <Point X="294" Y="246"/>
    <Point X="296" Y="248"/>
    <Point X="299" Y="251"/>
    <Point X="302" Y="253"/>
    <Point X="307" Y="255"/>
    <Point X="310" Y="257"/>
    <Point X="314" Y="259"/>
    <Point X="317" Y="260"/>
    <Point X="320" Y="262"/>
    <Point X="323" Y="264"/>
    <Point X="327" Y="266"/>
    <Point X="332" Y="267"/>
    <Point X="336" Y="268"/>
    <Point X="339" Y="270"/>
    <Point X="342" Y="270"/>
    <Point X="343" Y="270"/>
    <Point X="344" Y="270"/>
    <Point X="345" Y="270"/>
</Gesture>
