<?xml version="1.0" ?>
<Gesture Name="08" Subject="1" Number="8" NumPts="91">
    <Point X="266" Y="316"/>
    <Point X="266" Y="317"/>
    <Point X="267" Y="317"/>
    <Point X="268" Y="317"/>
    <Point X="270" Y="316"/>
    <Point X="273" Y="315"/>
    <Point X="274" Y="315"/>
    <Point X="276" Y="314"/>
    <Point X="280" Y="313"/>
    <Point X="285" Y="311"/>
    <Point X="290" Y="309"/>
    <Point X="295" Y="306"/>
    <Point X="303" Y="303"/>
    <Point X="309" Y="299"/>
    <Point X="316" Y="296"/>
    <Point X="322" Y="293"/>
    <Point X="329" Y="289"/>
    <Point X="334" Y="287"/>
    <Point X="339" Y="284"/>
    <Point X="344" Y="281"/>
    <Point X="348" Y="278"/>
    <Point X="353" Y="274"/>
    <Point X="358" Y="270"/>
    <Point X="364" Y="266"/>
    <Point X="371" Y="262"/>
    <Point X="376" Y="259"/>
    <Point X="381" Y="256"/>
    <Point X="386" Y="252"/>
    <Point X="390" Y="249"/>
    <Point X="393" Y="246"/>
    <Point X="395" Y="244"/>
    <Point X="396" Y="241"/>
    <Point X="397" Y="239"/>
    <Point X="398" Y="236"/>
    <Point X="399" Y="234"/>
    <Point X="400" Y="232"/>
    <Point X="400" Y="229"/>
    <Point X="400" Y="227"/>
    <Point X="400" Y="225"/>
    <Point X="400" Y="224"/>
    <Point X="399" Y="223"/>
    <Point X="399" Y="222"/>
    <Point X="397" Y="221"/>
    <Point X="395" Y="221"/>
    <Point X="391" Y="220"/>
    <Point X="388" Y="220"/>
    <Point X="383" Y="220"/>
    <Point X="377" Y="220"/>
    <Point X="373" Y="220"/>
    <Point X="368" Y="220"/>
    <Point X="364" Y="221"/>
    <Point X="360" Y="222"/>
    <Point X="357" Y="224"/>
    <Point X="354" Y="226"/>
    <Point X="351" Y="228"/>
    <Point X="348" Y="231"/>
    <Point X="345" Y="234"/>
    <Point X="343" Y="238"/>
    <Point X="341" Y="242"/>
    <Point X="339" Y="246"/>
    <Point X="338" Y="249"/>
    <Point X="338" Y="253"/>
    <Point X="337" Y="257"/>
    <Point X="337" Y="261"/>
    <Point X="337" Y="265"/>
    <Point X="337" Y="269"/>
    <Point X="337" Y="272"/>
    <Point X="337" Y="276"/>
    <Point X="337" Y="279"/>
    <Point X="337" Y="283"/>
    <Point X="337" Y="287"/>
    <Point X="338" Y="290"/>
    <Point X="340" Y="294"/>
    <Point X="342" Y="298"/>
    <Point X="344" Y="301"/>
    <Point X="346" Y="304"/>
    <Point X="348" Y="306"/>
    <Point X="351" Y="309"/>
    <Point X="354" Y="311"/>
    <Point X="357" Y="313"/>
    <Point X="360" Y="314"/>
    <Point X="363" Y="315"/>
    <Point X="367" Y="315"/>
    <Point X="371" Y="316"/>
    <Point X="376" Y="317"/>
    <Point X="382" Y="318"/>
    <Point X="387" Y="319"/>
    <Point X="390" Y="319"/>
    <Point X="394" Y="319"/>
    <Point X="395" Y="319"/>
    <Point X="396" Y="319"/>
</Gesture>
