<?xml version="1.0" ?>
<Gesture Name="03" Subject="1" Number="3" NumPts="89">
    <Point X="300" Y="309"/>
    <Point X="302" Y="309"/>
    <Point X="303" Y="309"/>
    <Point X="305" Y="309"/>
    <Point X="308" Y="309"/>
    <Point X="313" Y="309"/>
    <Point X="318" Y="308"/>
    <Point X="325" Y="307"/>
    <Point X="332" Y="306"/>
    <Point X="341" Y="304"/>
    <Point X="349" Y="302"/>
    <Point X="359" Y="300"/>
    <Point X="369" Y="297"/>
    <Point X="378" Y="293"/>
    <Point X="387" Y="289"/>
    <Point X="396" Y="285"/>
    <Point X="404" Y="281"/>
    <Point X="410" Y="278"/>
    <Point X="416" Y="272"/>
    <Point X="421" Y="267"/>
    <Point X="426" Y="262"/>
    <Point X="431" Y="257"/>
    <Point X="435" Y="251"/>
    <Point X="440" Y="245"/>
    <Point X="444" Y="239"/>
    <Point X="447" Y="233"/>
    <Point X="450" Y="228"/>
    <Point X="453" Y="223"/>
    <Point X="456" Y="218"/>
    <Point X="457" Y="214"/>
    <Point X="459" Y="211"/>
    <Point X="459" Y="208"/>
    <Point X="460" Y="205"/>
    <Point X="460" Y="202"/>
    <Point X="460" Y="199"/>
    <Point X="460" Y="197"/>
    <Point X="460" Y="195"/>
    <Point X="460" Y="193"/>
    <Point X="460" Y="192"/>
    <Point X="459" Y="191"/>
    <Point X="458" Y="191"/>
    <Point X="457" Y="190"/>
    <Point X="455" Y="190"/>
    <Point X="451" Y="189"/>
    <Point X="447" Y="189"/>
    <Point X="443" Y="189"/>
    <Point X="439" Y="189"/>
    <Point X="434" Y="189"/>
    <Point X="429" Y="189"/>
    <Point X="423" Y="191"/>
    <Point X="418" Y="192"/>
    <Point X="412" Y="195"/>
    <Point X="407" Y="197"/>
    <Point X="402" Y="200"/>
    <Point X="398" Y="203"/>
    <Point X="395" Y="206"/>
    <Point X="393" Y="210"/>
    <Point X="391" Y="214"/>
    <Point X="389" Y="218"/>
    <Point X="388" Y="222"/>
    <Point X="387" Y="227"/>
    <Point X="386" Y="232"/>
    <Point X="386" Y="239"/>
    <Point X="386" Y="244"/>
    <Point X="386" Y="251"/>
    <Point X="386" Y="258"/>
    <Point X="386" Y="265"/>
    <Point X="387" Y="272"/>
    <Point X="389" Y="280"/>
    <Point X="390" Y="286"/>
    <Point X="394" Y="293"/>
    <Point X="396" Y="299"/>
    <Point X="399" Y="305"/>
    <Point X="402" Y="309"/>
    <Point X="406" Y="314"/>
    <Point X="409" Y="317"/>
    <Point X="413" Y="320"/>
    <Point X="418" Y="323"/>
    <Point X="424" Y="326"/>
    <Point X="430" Y="329"/>
    <Point X="436" Y="333"/>
    <Point X="442" Y="335"/>
    <Point X="448" Y="338"/>
    <Point X="454" Y="340"/>
    <Point X="460" Y="341"/>
    <Point X="467" Y="342"/>
    <Point X="472" Y="343"/>
    <Point X="477" Y="344"/>
    <Point X="478" Y="344"/>
</Gesture>
