<?xml version="1.0" ?>
<Gesture Name="10" Subject="1" Number="10" NumPts="107">
    <Point X="412" Y="320"/>
    <Point X="413" Y="320"/>
    <Point X="416" Y="319"/>
    <Point X="416" Y="318"/>
    <Point X="417" Y="318"/>
    <Point X="419" Y="317"/>
    <Point X="421" Y="315"/>
    <Point X="424" Y="313"/>
    <Point X="428" Y="310"/>
    <Point X="433" Y="306"/>
    <Point X="438" Y="302"/>
    <Point X="444" Y="298"/>
    <Point X="451" Y="293"/>
    <Point X="458" Y="289"/>
    <Point X="465" Y="284"/>
    <Point X="472" Y="280"/>
    <Point X="478" Y="276"/>
    <Point X="485" Y="272"/>
    <Point X="490" Y="268"/>
    <Point X="496" Y="265"/>
    <Point X="500" Y="262"/>
    <Point X="504" Y="259"/>
    <Point X="507" Y="256"/>
    <Point X="510" Y="253"/>
    <Point X="512" Y="251"/>
    <Point X="514" Y="248"/>
    <Point X="515" Y="246"/>
    <Point X="516" Y="243"/>
    <Point X="517" Y="241"/>
    <Point X="517" Y="239"/>
    <Point X="518" Y="236"/>
    <Point X="518" Y="234"/>
    <Point X="518" Y="231"/>
    <Point X="518" Y="229"/>
    <Point X="518" Y="227"/>
    <Point X="518" Y="224"/>
    <Point X="517" Y="223"/>
    <Point X="516" Y="221"/>
    <Point X="514" Y="219"/>
    <Point X="512" Y="217"/>
    <Point X="510" Y="215"/>
    <Point X="507" Y="214"/>
    <Point X="504" Y="213"/>
    <Point X="501" Y="212"/>
    <Point X="498" Y="211"/>
    <Point X="495" Y="210"/>
    <Point X="492" Y="210"/>
    <Point X="488" Y="210"/>
    <Point X="484" Y="210"/>
    <Point X="481" Y="210"/>
    <Point X="478" Y="211"/>
    <Point X="475" Y="212"/>
    <Point X="472" Y="213"/>
    <Point X="469" Y="215"/>
    <Point X="467" Y="216"/>
    <Point X="465" Y="218"/>
    <Point X="464" Y="221"/>
    <Point X="463" Y="223"/>
    <Point X="462" Y="225"/>
    <Point X="461" Y="228"/>
    <Point X="460" Y="230"/>
    <Point X="460" Y="232"/>
    <Point X="459" Y="235"/>
    <Point X="459" Y="238"/>
    <Point X="459" Y="241"/>
    <Point X="459" Y="244"/>
    <Point X="459" Y="248"/>
    <Point X="459" Y="252"/>
    <Point X="459" Y="256"/>
    <Point X="459" Y="260"/>
    <Point X="459" Y="264"/>
    <Point X="459" Y="268"/>
    <Point X="460" Y="271"/>
    <Point X="461" Y="274"/>
    <Point X="463" Y="277"/>
    <Point X="464" Y="280"/>
    <Point X="465" Y="282"/>
    <Point X="467" Y="285"/>
    <Point X="469" Y="287"/>
    <Point X="471" Y="290"/>
    <Point X="473" Y="291"/>
    <Point X="475" Y="293"/>
    <Point X="477" Y="294"/>
    <Point X="479" Y="296"/>
    <Point X="481" Y="297"/>
    <Point X="483" Y="298"/>
    <Point X="486" Y="300"/>
    <Point X="489" Y="301"/>
    <Point X="492" Y="303"/>
    <Point X="496" Y="304"/>
    <Point X="499" Y="306"/>
    <Point X="502" Y="307"/>
    <Point X="505" Y="308"/>
    <Point X="508" Y="309"/>
    <Point X="510" Y="309"/>
    <Point X="513" Y="310"/>
    <Point X="515" Y="310"/>
    <Point X="517" Y="310"/>
    <Point X="520" Y="310"/>
    <Point X="523" Y="310"/>
    <Point X="525" Y="310"/>
    <Point X="527" Y="310"/>
    <Point X="528" Y="310"/>
    <Point X="529" Y="310"/>
    <Point X="530" Y="309"/>
    <Point X="530" Y="308"/>
    <Point X="530" Y="307"/>
</Gesture>
