<?xml version="1.0" ?>
<Gesture Name="04" Subject="1" Number="4" NumPts="105">
    <Point X="297" Y="349"/>
    <Point X="298" Y="349"/>
    <Point X="299" Y="349"/>
    <Point X="300" Y="349"/>
    <Point X="301" Y="349"/>
    <Point X="303" Y="349"/>
    <Point X="306" Y="350"/>
    <Point X="312" Y="350"/>
    <Point X="319" Y="350"/>
    <Point X="326" Y="350"/>
    <Point X="335" Y="350"/>
    <Point X="344" Y="350"/>
    <Point X="353" Y="350"/>
    <Point X="363" Y="350"/>
    <Point X="373" Y="350"/>
    <Point X="383" Y="350"/>
    <Point X="393" Y="350"/>
    <Point X="403" Y="350"/>
    <Point X="413" Y="350"/>
    <Point X="421" Y="349"/>
    <Point X="429" Y="347"/>
    <Point X="437" Y="345"/>
    <Point X="445" Y="341"/>
    <Point X="452" Y="338"/>
    <Point X="458" Y="334"/>
    <Point X="464" Y="330"/>
    <Point X="470" Y="326"/>
    <Point X="474" Y="322"/>
    <Point X="477" Y="319"/>
    <Point X="479" Y="315"/>
    <Point X="481" Y="311"/>
    <Point X="483" Y="308"/>
    <Point X="484" Y="303"/>
    <Point X="484" Y="298"/>
    <Point X="484" Y="294"/>
    <Point X="484" Y="288"/>
    <Point X="484" Y="283"/>
    <Point X="484" Y="277"/>
    <Point X="484" Y="272"/>
    <Point X="484" Y="267"/>
    <Point X="484" Y="263"/>
    <Point X="483" Y="260"/>
    <Point X="481" Y="257"/>
    <Point X="480" Y="255"/>
    <Point X="478" Y="253"/>
    <Point X="475" Y="251"/>
    <Point X="473" Y="249"/>
    <Point X="470" Y="248"/>
    <Point X="467" Y="246"/>
    <Point X="463" Y="245"/>
    <Point X="459" Y="244"/>
    <Point X="454" Y="244"/>
    <Point X="450" Y="244"/>
    <Point X="447" Y="244"/>
    <Point X="443" Y="244"/>
    <Point X="440" Y="246"/>
    <Point X="437" Y="248"/>
    <Point X="434" Y="250"/>
    <Point X="430" Y="254"/>
    <Point X="427" Y="257"/>
    <Point X="424" Y="261"/>
    <Point X="422" Y="266"/>
    <Point X="420" Y="271"/>
    <Point X="418" Y="276"/>
    <Point X="417" Y="281"/>
    <Point X="416" Y="286"/>
    <Point X="415" Y="291"/>
    <Point X="414" Y="296"/>
    <Point X="414" Y="301"/>
    <Point X="414" Y="305"/>
    <Point X="414" Y="310"/>
    <Point X="414" Y="315"/>
    <Point X="414" Y="319"/>
    <Point X="414" Y="324"/>
    <Point X="414" Y="329"/>
    <Point X="414" Y="333"/>
    <Point X="415" Y="338"/>
    <Point X="416" Y="342"/>
    <Point X="418" Y="347"/>
    <Point X="419" Y="351"/>
    <Point X="421" Y="354"/>
    <Point X="423" Y="357"/>
    <Point X="425" Y="360"/>
    <Point X="428" Y="364"/>
    <Point X="431" Y="366"/>
    <Point X="434" Y="370"/>
    <Point X="437" Y="373"/>
    <Point X="440" Y="375"/>
    <Point X="443" Y="378"/>
    <Point X="448" Y="380"/>
    <Point X="452" Y="382"/>
    <Point X="457" Y="384"/>
    <Point X="462" Y="386"/>
    <Point X="468" Y="388"/>
    <Point X="475" Y="389"/>
    <Point X="481" Y="390"/>
    <Point X="487" Y="391"/>
    <Point X="494" Y="392"/>
    <Point X="499" Y="393"/>
    <Point X="504" Y="393"/>
    <Point X="508" Y="394"/>
    <Point X="510" Y="394"/>
    <Point X="511" Y="394"/>
    <Point X="511" Y="393"/>
    <Point X="511" Y="392"/>
</Gesture>
