<?xml version="1.0" ?>
<Gesture Name="09" Subject="1" Number="9" NumPts="99">
    <Point X="286" Y="341"/>
    <Point X="287" Y="341"/>
    <Point X="289" Y="341"/>
    <Point X="291" Y="340"/>
    <Point X="293" Y="339"/>
    <Point X="293" Y="338"/>
    <Point X="296" Y="336"/>
    <Point X="299" Y="334"/>
    <Point X="303" Y="331"/>
    <Point X="308" Y="329"/>
    <Point X="312" Y="326"/>
    <Point X="317" Y="323"/>
    <Point X="322" Y="319"/>
    <Point X="328" Y="316"/>
    <Point X="332" Y="313"/>
    <Point X="337" Y="309"/>
    <Point X="342" Y="305"/>
    <Point X="346" Y="303"/>
    <Point X="351" Y="298"/>
    <Point X="356" Y="294"/>
    <Point X="360" Y="290"/>
    <Point X="364" Y="285"/>
    <Point X="368" Y="280"/>
    <Point X="371" Y="276"/>
    <Point X="374" Y="272"/>
    <Point X="376" Y="268"/>
    <Point X="377" Y="265"/>
    <Point X="378" Y="262"/>
    <Point X="379" Y="260"/>
    <Point X="380" Y="258"/>
    <Point X="380" Y="256"/>
    <Point X="380" Y="254"/>
    <Point X="381" Y="252"/>
    <Point X="381" Y="250"/>
    <Point X="381" Y="249"/>
    <Point X="381" Y="247"/>
    <Point X="381" Y="246"/>
    <Point X="380" Y="246"/>
    <Point X="379" Y="244"/>
    <Point X="377" Y="244"/>
    <Point X="375" Y="244"/>
    <Point X="373" Y="243"/>
    <Point X="370" Y="243"/>
    <Point X="366" Y="243"/>
    <Point X="362" Y="243"/>
    <Point X="359" Y="243"/>
    <Point X="355" Y="243"/>
    <Point X="352" Y="243"/>
    <Point X="348" Y="244"/>
    <Point X="345" Y="245"/>
    <Point X="343" Y="246"/>
    <Point X="340" Y="248"/>
    <Point X="337" Y="250"/>
    <Point X="335" Y="252"/>
    <Point X="334" Y="254"/>
    <Point X="333" Y="256"/>
    <Point X="332" Y="258"/>
    <Point X="332" Y="261"/>
    <Point X="331" Y="262"/>
    <Point X="330" Y="265"/>
    <Point X="330" Y="267"/>
    <Point X="329" Y="270"/>
    <Point X="329" Y="273"/>
    <Point X="329" Y="276"/>
    <Point X="329" Y="278"/>
    <Point X="329" Y="281"/>
    <Point X="329" Y="283"/>
    <Point X="330" Y="286"/>
    <Point X="330" Y="289"/>
    <Point X="331" Y="291"/>
    <Point X="332" Y="294"/>
    <Point X="333" Y="297"/>
    <Point X="334" Y="300"/>
    <Point X="335" Y="302"/>
    <Point X="336" Y="305"/>
    <Point X="338" Y="307"/>
    <Point X="341" Y="311"/>
    <Point X="343" Y="313"/>
    <Point X="345" Y="316"/>
    <Point X="347" Y="318"/>
    <Point X="350" Y="321"/>
    <Point X="353" Y="323"/>
    <Point X="355" Y="324"/>
    <Point X="358" Y="326"/>
    <Point X="360" Y="327"/>
    <Point X="362" Y="329"/>
    <Point X="364" Y="330"/>
    <Point X="367" Y="332"/>
    <Point X="370" Y="333"/>
    <Point X="373" Y="334"/>
    <Point X="376" Y="335"/>
    <Point X="379" Y="336"/>
    <Point X="382" Y="337"/>
    <Point X="385" Y="337"/>
    <Point X="389" Y="338"/>
    <Point X="392" Y="338"/>
    <Point X="394" Y="338"/>
    <Point X="395" Y="338"/>
    <Point X="396" Y="337"/>
</Gesture>
