<?xml version="1.0" ?>
<Gesture Name="06" Subject="1" Number="6" NumPts="108">
    <Point X="282" Y="328"/>
    <Point X="282" Y="329"/>
    <Point X="283" Y="329"/>
    <Point X="284" Y="330"/>
    <Point X="285" Y="330"/>
    <Point X="286" Y="330"/>
    <Point X="288" Y="331"/>
    <Point X="291" Y="331"/>
    <Point X="295" Y="331"/>
    <Point X="299" Y="331"/>
    <Point X="305" Y="331"/>
    <Point X="311" Y="331"/>
    <Point X="317" Y="331"/>
    <Point X="325" Y="330"/>
    <Point X="333" Y="329"/>
    <Point X="341" Y="327"/>
    <Point X="349" Y="325"/>
    <Point X="357" Y="321"/>
    <Point X="364" Y="318"/>
    <Point X="371" Y="314"/>
    <Point X="378" Y="310"/>
    <Point X="383" Y="306"/>
    <Point X="388" Y="302"/>
    <Point X="393" Y="297"/>
    <Point X="397" Y="292"/>
    <Point X="401" Y="288"/>
    <Point X="405" Y="283"/>
    <Point X="409" Y="278"/>
    <Point X="412" Y="274"/>
    <Point X="415" Y="271"/>
    <Point X="418" Y="267"/>
    <Point X="421" Y="263"/>
    <Point X="423" Y="259"/>
    <Point X="426" Y="254"/>
    <Point X="427" Y="250"/>
    <Point X="428" Y="245"/>
    <Point X="428" Y="240"/>
    <Point X="428" Y="235"/>
    <Point X="428" Y="231"/>
    <Point X="428" Y="228"/>
    <Point X="428" Y="226"/>
    <Point X="428" Y="223"/>
    <Point X="428" Y="220"/>
    <Point X="428" Y="217"/>
    <Point X="428" Y="214"/>
    <Point X="428" Y="211"/>
    <Point X="428" Y="208"/>
    <Point X="428" Y="205"/>
    <Point X="427" Y="203"/>
    <Point X="427" Y="201"/>
    <Point X="425" Y="199"/>
    <Point X="423" Y="198"/>
    <Point X="421" Y="197"/>
    <Point X="418" Y="196"/>
    <Point X="415" Y="195"/>
    <Point X="412" Y="195"/>
    <Point X="408" Y="195"/>
    <Point X="404" Y="195"/>
    <Point X="400" Y="195"/>
    <Point X="396" Y="195"/>
    <Point X="392" Y="196"/>
    <Point X="388" Y="198"/>
    <Point X="385" Y="200"/>
    <Point X="381" Y="204"/>
    <Point X="378" Y="208"/>
    <Point X="374" Y="212"/>
    <Point X="370" Y="217"/>
    <Point X="367" Y="223"/>
    <Point X="364" Y="228"/>
    <Point X="361" Y="234"/>
    <Point X="359" Y="241"/>
    <Point X="357" Y="246"/>
    <Point X="355" Y="251"/>
    <Point X="354" Y="257"/>
    <Point X="353" Y="262"/>
    <Point X="353" Y="266"/>
    <Point X="353" Y="271"/>
    <Point X="353" Y="275"/>
    <Point X="353" Y="280"/>
    <Point X="353" Y="285"/>
    <Point X="353" Y="289"/>
    <Point X="353" Y="294"/>
    <Point X="354" Y="299"/>
    <Point X="355" Y="303"/>
    <Point X="357" Y="308"/>
    <Point X="359" Y="311"/>
    <Point X="361" Y="315"/>
    <Point X="364" Y="320"/>
    <Point X="367" Y="323"/>
    <Point X="370" Y="326"/>
    <Point X="372" Y="329"/>
    <Point X="377" Y="333"/>
    <Point X="381" Y="336"/>
    <Point X="385" Y="338"/>
    <Point X="390" Y="341"/>
    <Point X="395" Y="344"/>
    <Point X="400" Y="346"/>
    <Point X="405" Y="349"/>
    <Point X="411" Y="352"/>
    <Point X="416" Y="355"/>
    <Point X="422" Y="357"/>
    <Point X="426" Y="360"/>
    <Point X="429" Y="361"/>
    <Point X="432" Y="363"/>
    <Point X="435" Y="364"/>
    <Point X="437" Y="364"/>
    <Point X="439" Y="365"/>
    <Point X="440" Y="365"/>
</Gesture>
