<?xml version="1.0" ?>
<Gesture Name="01" Subject="1" Number="1" NumPts="98">
    <Point X="281" Y="293"/>
    <Point X="282" Y="294"/>
    <Point X="283" Y="294"/>
    <Point X="286" Y="294"/>
    <Point X="289" Y="293"/>
    <Point X="295" Y="293"/>
    <Point X="302" Y="291"/>
    <Point X="310" Y="290"/>
    <Point X="317" Y="288"/>
    <Point X="326" Y="286"/>
    <Point X="335" Y="284"/>
    <Point X="344" Y="281"/>
    <Point X="353" Y="278"/>
    <Point X="363" Y="274"/>
    <Point X="372" Y="270"/>
    <Point X="380" Y="266"/>
    <Point X="386" Y="261"/>
    <Point X="392" Y="257"/>
    <Point X="396" Y="253"/>
    <Point X="400" Y="247"/>
    <Point X="403" Y="242"/>
    <Point X="406" Y="235"/>
    <Point X="409" Y="230"/>
    <Point X="412" Y="224"/>
    <Point X="414" Y="220"/>
    <Point X="416" Y="215"/>
    <Point X="419" Y="210"/>
    <Point X="420" Y="206"/>
    <Point X="422" Y="202"/>
    <Point X="423" Y="199"/>
    <Point X="424" Y="195"/>
    <Point X="425" Y="191"/>
    <Point X="426" Y="187"/>
    <Point X="426" Y="184"/>
    <Point X="426" Y="180"/>
    <Point X="426" Y="177"/>
    <Point X="426" Y="174"/>
    <Point X="426" Y="172"/>
    <Point X="426" Y="170"/>
    <Point X="425" Y="169"/>
    <Point X="424" Y="168"/>
    <Point X="423" Y="167"/>
    <Point X="422" Y="166"/>
    <Point X="420" Y="165"/>
    <Point X="418" Y="163"/>
    <Point X="416" Y="162"/>
    <Point X="414" Y="161"/>
    <Point X="411" Y="161"/>
    <Point X="409" Y="161"/>
    <Point X="405" Y="161"/>
    <Point X="401" Y="161"/>
    <Point X="397" Y="163"/>
    <Point X="394" Y="164"/>
    <Point X="391" Y="166"/>
    <Point X="388" Y="169"/>
    <Point X="385" Y="172"/>
    <Point X="384" Y="176"/>
    <Point X="382" Y="181"/>
    <Point X="380" Y="186"/>
    <Point X="378" Y="190"/>
    <Point X="377" Y="196"/>
    <Point X="375" Y="201"/>
    <Point X="373" Y="207"/>
    <Point X="372" Y="214"/>
    <Point X="372" Y="220"/>
    <Point X="371" Y="227"/>
    <Point X="370" Y="233"/>
    <Point X="370" Y="239"/>
    <Point X="370" Y="244"/>
    <Point X="371" Y="250"/>
    <Point X="372" Y="255"/>
    <Point X="373" Y="261"/>
    <Point X="376" Y="266"/>
    <Point X="378" Y="271"/>
    <Point X="380" Y="275"/>
    <Point X="383" Y="279"/>
    <Point X="387" Y="284"/>
    <Point X="390" Y="287"/>
    <Point X="393" Y="291"/>
    <Point X="397" Y="293"/>
    <Point X="401" Y="296"/>
    <Point X="405" Y="298"/>
    <Point X="410" Y="301"/>
    <Point X="415" Y="304"/>
    <Point X="421" Y="307"/>
    <Point X="427" Y="310"/>
    <Point X="434" Y="312"/>
    <Point X="441" Y="314"/>
    <Point X="447" Y="316"/>
    <Point X="453" Y="317"/>
    <Point X="458" Y="318"/>
    <Point X="464" Y="319"/>
    <Point X="469" Y="319"/>
    <Point X="474" Y="319"/>
    <Point X="478" Y="319"/>
    <Point X="480" Y="319"/>
    <Point X="481" Y="319"/>
    <Point X="481" Y="318"/>
</Gesture>
