<?xml version="1.0" ?>
<Gesture Name="05" Subject="1" Number="5" NumPts="97">
    <Point X="247" Y="267"/>
    <Point X="248" Y="267"/>
    <Point X="249" Y="267"/>
    <Point X="252" Y="267"/>
    <Point X="255" Y="267"/>
    <Point X="259" Y="268"/>
    <Point X="264" Y="269"/>
    <Point X="270" Y="269"/>
    <Point X="278" Y="269"/>
    <Point X="286" Y="269"/>
    <Point X="294" Y="269"/>
    <Point X="303" Y="269"/>
    <Point X="310" Y="269"/>
    <Point X="319" Y="268"/>
    <Point X="327" Y="267"/>
    <Point X="333" Y="265"/>
    <Point X="340" Y="262"/>
    <Point X="347" Y="259"/>
    <Point X="355" Y="255"/>
    <Point X="362" Y="252"/>
    <Point X="368" Y="249"/>
    <Point X="374" Y="245"/>
    <Point X="380" Y="242"/>
    <Point X="385" Y="238"/>
    <Point X="389" Y="234"/>
    <Point X="392" Y="231"/>
    <Point X="394" Y="227"/>
    <Point X="396" Y="222"/>
    <Point X="397" Y="219"/>
    <Point X="399" Y="215"/>
    <Point X="400" Y="212"/>
    <Point X="401" Y="208"/>
    <Point X="402" Y="204"/>
    <Point X="403" Y="201"/>
    <Point X="403" Y="198"/>
    <Point X="403" Y="196"/>
    <Point X="403" Y="193"/>
    <Point X="403" Y="191"/>
    <Point X="403" Y="189"/>
    <Point X="403" Y="186"/>
    <Point X="403" Y="184"/>
    <Point X="402" Y="182"/>
    <Point X="401" Y="180"/>
    <Point X="399" Y="178"/>
    <Point X="397" Y="176"/>
    <Point X="394" Y="175"/>
    <Point X="392" Y="173"/>
    <Point X="389" Y="172"/>
    <Point X="385" Y="171"/>
    <Point X="382" Y="171"/>
    <Point X="379" Y="171"/>
    <Point X="376" Y="171"/>
    <Point X="373" Y="171"/>
    <Point X="370" Y="171"/>
    <Point X="367" Y="172"/>
    <Point X="364" Y="175"/>
    <Point X="360" Y="177"/>
    <Point X="357" Y="180"/>
    <Point X="353" Y="183"/>
    <Point X="351" Y="186"/>
    <Point X="348" Y="190"/>
    <Point X="345" Y="195"/>
    <Point X="343" Y="199"/>
    <Point X="341" Y="204"/>
    <Point X="339" Y="209"/>
    <Point X="338" Y="214"/>
    <Point X="337" Y="219"/>
    <Point X="336" Y="225"/>
    <Point X="336" Y="230"/>
    <Point X="336" Y="236"/>
    <Point X="336" Y="241"/>
    <Point X="336" Y="246"/>
    <Point X="336" Y="251"/>
    <Point X="336" Y="256"/>
    <Point X="337" Y="261"/>
    <Point X="338" Y="267"/>
    <Point X="340" Y="271"/>
    <Point X="343" Y="276"/>
    <Point X="345" Y="280"/>
    <Point X="349" Y="284"/>
    <Point X="352" Y="288"/>
    <Point X="356" Y="293"/>
    <Point X="361" Y="297"/>
    <Point X="366" Y="301"/>
    <Point X="372" Y="304"/>
    <Point X="378" Y="306"/>
    <Point X="385" Y="309"/>
    <Point X="392" Y="311"/>
    <Point X="399" Y="313"/>
    <Point X="406" Y="314"/>
    <Point X="412" Y="316"/>
    <Point X="419" Y="317"/>
    <Point X="426" Y="318"/>
    <Point X="430" Y="318"/>
    <Point X="433" Y="318"/>
    <Point X="434" Y="318"/>
    <Point X="435" Y="317"/>
</Gesture>
