<?xml version="1.0" ?>
<Gesture Name="02" Subject="1" Number="2" NumPts="100">
    <Point X="309" Y="331"/>
    <Point X="308" Y="331"/>
    <Point X="309" Y="332"/>
    <Point X="311" Y="333"/>
    <Point X="313" Y="333"/>
    <Point X="314" Y="334"/>
    <Point X="317" Y="334"/>
    <Point X="320" Y="335"/>
    <Point X="324" Y="335"/>
    <Point X="329" Y="336"/>
    <Point X="334" Y="336"/>
    <Point X="339" Y="336"/>
    <Point X="345" Y="336"/>
    <Point X="352" Y="336"/>
    <Point X="360" Y="335"/>
    <Point X="368" Y="334"/>
    <Point X="377" Y="333"/>
    <Point X="387" Y="331"/>
    <Point X="396" Y="329"/>
    <Point X="405" Y="327"/>
    <Point X="415" Y="324"/>
    <Point X="423" Y="322"/>
    <Point X="431" Y="319"/>
    <Point X="439" Y="316"/>
    <Point X="446" Y="312"/>
    <Point X="454" Y="308"/>
    <Point X="461" Y="304"/>
    <Point X="466" Y="299"/>
    <Point X="471" Y="295"/>
    <Point X="475" Y="292"/>
    <Point X="478" Y="288"/>
    <Point X="480" Y="284"/>
    <Point X="482" Y="279"/>
    <Point X="484" Y="274"/>
    <Point X="485" Y="270"/>
    <Point X="486" Y="264"/>
    <Point X="488" Y="259"/>
    <Point X="488" Y="254"/>
    <Point X="489" Y="249"/>
    <Point X="489" Y="245"/>
    <Point X="489" Y="242"/>
    <Point X="489" Y="238"/>
    <Point X="489" Y="235"/>
    <Point X="489" Y="232"/>
    <Point X="488" Y="230"/>
    <Point X="487" Y="230"/>
    <Point X="486" Y="228"/>
    <Point X="484" Y="228"/>
    <Point X="482" Y="228"/>
    <Point X="481" Y="227"/>
    <Point X="478" Y="227"/>
    <Point X="474" Y="227"/>
    <Point X="469" Y="227"/>
    <Point X="464" Y="227"/>
    <Point X="460" Y="228"/>
    <Point X="455" Y="230"/>
    <Point X="450" Y="231"/>
    <Point X="444" Y="234"/>
    <Point X="439" Y="238"/>
    <Point X="433" Y="242"/>
    <Point X="429" Y="246"/>
    <Point X="425" Y="251"/>
    <Point X="422" Y="257"/>
    <Point X="420" Y="262"/>
    <Point X="418" Y="267"/>
    <Point X="416" Y="274"/>
    <Point X="415" Y="280"/>
    <Point X="414" Y="286"/>
    <Point X="413" Y="292"/>
    <Point X="413" Y="298"/>
    <Point X="413" Y="303"/>
    <Point X="413" Y="308"/>
    <Point X="414" Y="314"/>
    <Point X="415" Y="319"/>
    <Point X="416" Y="325"/>
    <Point X="418" Y="330"/>
    <Point X="420" Y="335"/>
    <Point X="423" Y="339"/>
    <Point X="426" Y="343"/>
    <Point X="429" Y="347"/>
    <Point X="432" Y="351"/>
    <Point X="436" Y="355"/>
    <Point X="439" Y="359"/>
    <Point X="443" Y="362"/>
    <Point X="448" Y="365"/>
    <Point X="452" Y="368"/>
    <Point X="456" Y="370"/>
    <Point X="461" Y="372"/>
    <Point X="466" Y="374"/>
    <Point X="470" Y="375"/>
    <Point X="476" Y="377"/>
    <Point X="480" Y="378"/>
    <Point X="486" Y="378"/>
    <Point X="491" Y="379"/>
    <Point X="496" Y="379"/>
    <Point X="500" Y="379"/>
    <Point X="502" Y="379"/>
    <Point X="504" Y="379"/>
    <Point X="505" Y="378"/>
    <Point X="505" Y="376"/>
</Gesture>
