<?xml version="1.0" ?>
<Gesture Name="03" Subject="1" Number="3" NumPts="190">
    <Point X="298" Y="158"/>
    <Point X="298" Y="165"/>
    <Point X="298" Y="174"/>
    <Point X="298" Y="185"/>
    <Point X="299" Y="199"/>
    <Point X="301" Y="212"/>
    <Point X="301" Y="226"/>
    <Point X="302" Y="235"/>
    <Point X="304" Y="249"/>
    <Point X="304" Y="260"/>
    <Point X="305" Y="271"/>
    <Point X="305" Y="276"/>
    <Point X="306" Y="285"/>
    <Point X="306" Y="294"/>
    <Point X="306" Y="298"/>
    <Point X="307" Y="305"/>
    <Point X="307" Y="310"/>
    <Point X="307" Y="313"/>
    <Point X="308" Y="316"/>
    <Point X="308" Y="320"/>
    <Point X="308" Y="322"/>
    <Point X="308" Y="323"/>
    <Point X="309" Y="324"/>
    <Point X="309" Y="325"/>
    <Point X="309" Y="326"/>
    <Point X="310" Y="326"/>
    <Point X="313" Y="326"/>
    <Point X="314" Y="327"/>
    <Point X="317" Y="327"/>
    <Point X="320" Y="328"/>
    <Point X="325" Y="328"/>
    <Point X="328" Y="328"/>
    <Point X="333" Y="329"/>
    <Point X="338" Y="329"/>
    <Point X="342" Y="329"/>
    <Point X="347" Y="329"/>
    <Point X="352" Y="329"/>
    <Point X="357" Y="329"/>
    <Point X="363" Y="329"/>
    <Point X="368" Y="328"/>
    <Point X="377" Y="326"/>
    <Point X="384" Y="326"/>
    <Point X="387" Y="326"/>
    <Point X="393" Y="326"/>
    <Point X="400" Y="325"/>
    <Point X="405" Y="325"/>
    <Point X="410" Y="324"/>
    <Point X="414" Y="324"/>
    <Point X="418" Y="323"/>
    <Point X="421" Y="323"/>
    <Point X="423" Y="322"/>
    <Point X="424" Y="321"/>
    <Point X="426" Y="321"/>
    <Point X="427" Y="321"/>
    <Point X="427" Y="320"/>
    <Point X="429" Y="320"/>
    <Point X="430" Y="319"/>
    <Point X="431" Y="319"/>
    <Point X="431" Y="318"/>
    <Point X="432" Y="317"/>
    <Point X="432" Y="316"/>
    <Point X="433" Y="315"/>
    <Point X="433" Y="314"/>
    <Point X="434" Y="313"/>
    <Point X="434" Y="311"/>
    <Point X="434" Y="309"/>
    <Point X="435" Y="307"/>
    <Point X="436" Y="302"/>
    <Point X="436" Y="299"/>
    <Point X="437" Y="296"/>
    <Point X="437" Y="291"/>
    <Point X="438" Y="286"/>
    <Point X="439" Y="281"/>
    <Point X="439" Y="277"/>
    <Point X="440" Y="272"/>
    <Point X="440" Y="267"/>
    <Point X="441" Y="262"/>
    <Point X="442" Y="257"/>
    <Point X="442" Y="254"/>
    <Point X="443" Y="249"/>
    <Point X="443" Y="244"/>
    <Point X="443" Y="241"/>
    <Point X="444" Y="238"/>
    <Point X="444" Y="235"/>
    <Point X="444" Y="231"/>
    <Point X="445" Y="227"/>
    <Point X="446" Y="223"/>
    <Point X="446" Y="220"/>
    <Point X="447" Y="217"/>
    <Point X="447" Y="214"/>
    <Point X="448" Y="212"/>
    <Point X="448" Y="208"/>
    <Point X="448" Y="206"/>
    <Point X="449" Y="205"/>
    <Point X="449" Y="203"/>
    <Point X="449" Y="201"/>
    <Point X="450" Y="199"/>
    <Point X="450" Y="197"/>
    <Point X="450" Y="196"/>
    <Point X="450" Y="194"/>
    <Point X="450" Y="192"/>
    <Point X="450" Y="191"/>
    <Point X="450" Y="190"/>
    <Point X="450" Y="188"/>
    <Point X="450" Y="186"/>
    <Point X="450" Y="184"/>
    <Point X="450" Y="183"/>
    <Point X="450" Y="181"/>
    <Point X="450" Y="179"/>
    <Point X="450" Y="177"/>
    <Point X="450" Y="175"/>
    <Point X="450" Y="173"/>
    <Point X="450" Y="171"/>
    <Point X="450" Y="169"/>
    <Point X="450" Y="167"/>
    <Point X="449" Y="165"/>
    <Point X="449" Y="163"/>
    <Point X="449" Y="160"/>
    <Point X="449" Y="158"/>
    <Point X="449" Y="156"/>
    <Point X="448" Y="154"/>
    <Point X="448" Y="152"/>
    <Point X="448" Y="150"/>
    <Point X="448" Y="148"/>
    <Point X="448" Y="147"/>
    <Point X="448" Y="146"/>
    <Point X="448" Y="144"/>
    <Point X="448" Y="143"/>
    <Point X="448" Y="142"/>
    <Point X="448" Y="141"/>
    <Point X="448" Y="140"/>
    <Point X="447" Y="140"/>
    <Point X="446" Y="140"/>
    <Point X="445" Y="140"/>
    <Point X="444" Y="140"/>
    <Point X="442" Y="140"/>
    <Point X="439" Y="140"/>
    <Point X="436" Y="140"/>
    <Point X="434" Y="140"/>
    <Point X="430" Y="141"/>
    <Point X="426" Y="141"/>
    <Point X="421" Y="143"/>
    <Point X="416" Y="144"/>
    <Point X="411" Y="145"/>
    <Point X="406" Y="146"/>
    <Point X="402" Y="147"/>
    <Point X="398" Y="148"/>
    <Point X="394" Y="148"/>
    <Point X="390" Y="149"/>
    <Point X="387" Y="149"/>
    <Point X="384" Y="150"/>
    <Point X="379" Y="150"/>
    <Point X="374" Y="151"/>
    <Point X="371" Y="152"/>
    <Point X="368" Y="152"/>
    <Point X="363" Y="153"/>
    <Point X="360" Y="153"/>
    <Point X="356" Y="154"/>
    <Point X="353" Y="155"/>
    <Point X="350" Y="155"/>
    <Point X="348" Y="155"/>
    <Point X="345" Y="155"/>
    <Point X="343" Y="156"/>
    <Point X="341" Y="156"/>
    <Point X="340" Y="156"/>
    <Point X="336" Y="157"/>
    <Point X="334" Y="157"/>
    <Point X="332" Y="157"/>
    <Point X="330" Y="157"/>
    <Point X="327" Y="158"/>
    <Point X="325" Y="159"/>
    <Point X="323" Y="159"/>
    <Point X="321" Y="160"/>
    <Point X="318" Y="160"/>
    <Point X="317" Y="160"/>
    <Point X="315" Y="160"/>
    <Point X="314" Y="160"/>
    <Point X="312" Y="161"/>
    <Point X="311" Y="161"/>
    <Point X="310" Y="161"/>
    <Point X="309" Y="161"/>
    <Point X="308" Y="161"/>
    <Point X="307" Y="161"/>
    <Point X="306" Y="161"/>
    <Point X="305" Y="161"/>
    <Point X="304" Y="161"/>
    <Point X="303" Y="161"/>
    <Point X="302" Y="161"/>
    <Point X="301" Y="161"/>
    <Point X="300" Y="161"/>
</Gesture>
