<?xml version="1.0" ?>
<Gesture Name="02" Subject="1" Number="2" NumPts="176">
    <Point X="249" Y="100"/>
    <Point X="249" Y="106"/>
    <Point X="249" Y="117"/>
    <Point X="250" Y="128"/>
    <Point X="252" Y="140"/>
    <Point X="253" Y="154"/>
    <Point X="256" Y="167"/>
    <Point X="258" Y="179"/>
    <Point X="260" Y="196"/>
    <Point X="261" Y="202"/>
    <Point X="262" Y="216"/>
    <Point X="264" Y="227"/>
    <Point X="265" Y="236"/>
    <Point X="266" Y="247"/>
    <Point X="266" Y="258"/>
    <Point X="267" Y="267"/>
    <Point X="267" Y="276"/>
    <Point X="269" Y="282"/>
    <Point X="269" Y="289"/>
    <Point X="270" Y="298"/>
    <Point X="270" Y="303"/>
    <Point X="270" Y="307"/>
    <Point X="270" Y="309"/>
    <Point X="270" Y="313"/>
    <Point X="270" Y="314"/>
    <Point X="270" Y="315"/>
    <Point X="270" Y="316"/>
    <Point X="270" Y="317"/>
    <Point X="271" Y="317"/>
    <Point X="272" Y="317"/>
    <Point X="275" Y="317"/>
    <Point X="277" Y="317"/>
    <Point X="282" Y="316"/>
    <Point X="287" Y="315"/>
    <Point X="295" Y="314"/>
    <Point X="300" Y="313"/>
    <Point X="309" Y="312"/>
    <Point X="318" Y="309"/>
    <Point X="326" Y="308"/>
    <Point X="338" Y="305"/>
    <Point X="346" Y="303"/>
    <Point X="363" Y="298"/>
    <Point X="374" Y="295"/>
    <Point X="388" Y="290"/>
    <Point X="399" Y="288"/>
    <Point X="406" Y="285"/>
    <Point X="415" Y="284"/>
    <Point X="423" Y="282"/>
    <Point X="430" Y="279"/>
    <Point X="437" Y="277"/>
    <Point X="441" Y="276"/>
    <Point X="445" Y="275"/>
    <Point X="448" Y="274"/>
    <Point X="450" Y="273"/>
    <Point X="452" Y="272"/>
    <Point X="454" Y="271"/>
    <Point X="455" Y="271"/>
    <Point X="456" Y="270"/>
    <Point X="457" Y="269"/>
    <Point X="458" Y="268"/>
    <Point X="459" Y="268"/>
    <Point X="459" Y="267"/>
    <Point X="459" Y="266"/>
    <Point X="461" Y="265"/>
    <Point X="461" Y="264"/>
    <Point X="461" Y="262"/>
    <Point X="462" Y="261"/>
    <Point X="462" Y="259"/>
    <Point X="462" Y="257"/>
    <Point X="463" Y="254"/>
    <Point X="463" Y="252"/>
    <Point X="463" Y="248"/>
    <Point X="463" Y="245"/>
    <Point X="464" Y="239"/>
    <Point X="464" Y="232"/>
    <Point X="464" Y="227"/>
    <Point X="464" Y="218"/>
    <Point X="464" Y="210"/>
    <Point X="462" Y="201"/>
    <Point X="460" Y="192"/>
    <Point X="459" Y="183"/>
    <Point X="456" Y="172"/>
    <Point X="454" Y="163"/>
    <Point X="453" Y="157"/>
    <Point X="450" Y="148"/>
    <Point X="449" Y="143"/>
    <Point X="447" Y="132"/>
    <Point X="446" Y="129"/>
    <Point X="445" Y="122"/>
    <Point X="442" Y="116"/>
    <Point X="441" Y="111"/>
    <Point X="439" Y="106"/>
    <Point X="438" Y="101"/>
    <Point X="437" Y="98"/>
    <Point X="435" Y="93"/>
    <Point X="434" Y="90"/>
    <Point X="433" Y="88"/>
    <Point X="433" Y="85"/>
    <Point X="431" Y="83"/>
    <Point X="431" Y="82"/>
    <Point X="430" Y="80"/>
    <Point X="430" Y="79"/>
    <Point X="429" Y="79"/>
    <Point X="429" Y="78"/>
    <Point X="428" Y="78"/>
    <Point X="427" Y="77"/>
    <Point X="426" Y="77"/>
    <Point X="424" Y="77"/>
    <Point X="423" Y="77"/>
    <Point X="421" Y="77"/>
    <Point X="419" Y="77"/>
    <Point X="416" Y="77"/>
    <Point X="413" Y="77"/>
    <Point X="408" Y="77"/>
    <Point X="401" Y="77"/>
    <Point X="396" Y="77"/>
    <Point X="392" Y="77"/>
    <Point X="387" Y="78"/>
    <Point X="382" Y="78"/>
    <Point X="377" Y="79"/>
    <Point X="372" Y="80"/>
    <Point X="369" Y="81"/>
    <Point X="366" Y="81"/>
    <Point X="361" Y="81"/>
    <Point X="358" Y="82"/>
    <Point X="355" Y="82"/>
    <Point X="351" Y="83"/>
    <Point X="347" Y="84"/>
    <Point X="342" Y="85"/>
    <Point X="337" Y="86"/>
    <Point X="332" Y="87"/>
    <Point X="329" Y="88"/>
    <Point X="324" Y="89"/>
    <Point X="321" Y="89"/>
    <Point X="318" Y="89"/>
    <Point X="314" Y="91"/>
    <Point X="311" Y="91"/>
    <Point X="309" Y="92"/>
    <Point X="307" Y="92"/>
    <Point X="304" Y="93"/>
    <Point X="302" Y="93"/>
    <Point X="299" Y="94"/>
    <Point X="297" Y="94"/>
    <Point X="293" Y="95"/>
    <Point X="291" Y="95"/>
    <Point X="288" Y="96"/>
    <Point X="286" Y="96"/>
    <Point X="284" Y="97"/>
    <Point X="283" Y="97"/>
    <Point X="281" Y="97"/>
    <Point X="279" Y="98"/>
    <Point X="278" Y="98"/>
    <Point X="276" Y="98"/>
    <Point X="275" Y="99"/>
    <Point X="273" Y="99"/>
    <Point X="271" Y="99"/>
    <Point X="270" Y="100"/>
    <Point X="269" Y="100"/>
    <Point X="267" Y="101"/>
    <Point X="266" Y="101"/>
    <Point X="265" Y="102"/>
    <Point X="264" Y="102"/>
    <Point X="263" Y="102"/>
    <Point X="262" Y="103"/>
    <Point X="261" Y="103"/>
    <Point X="260" Y="103"/>
    <Point X="259" Y="103"/>
    <Point X="258" Y="103"/>
    <Point X="257" Y="103"/>
    <Point X="256" Y="103"/>
    <Point X="255" Y="103"/>
    <Point X="254" Y="103"/>
    <Point X="253" Y="103"/>
    <Point X="252" Y="103"/>
    <Point X="251" Y="103"/>
    <Point X="250" Y="103"/>
</Gesture>
