<?xml version="1.0" ?>
<Gesture Name="06" Subject="1" Number="6" NumPts="210">
    <Point X="319" Y="121"/>
    <Point X="319" Y="122"/>
    <Point X="319" Y="123"/>
    <Point X="319" Y="125"/>
    <Point X="319" Y="127"/>
    <Point X="319" Y="130"/>
    <Point X="319" Y="134"/>
    <Point X="319" Y="138"/>
    <Point X="319" Y="143"/>
    <Point X="319" Y="147"/>
    <Point X="319" Y="153"/>
    <Point X="319" Y="158"/>
    <Point X="319" Y="163"/>
    <Point X="319" Y="167"/>
    <Point X="319" Y="172"/>
    <Point X="319" Y="175"/>
    <Point X="319" Y="180"/>
    <Point X="319" Y="184"/>
    <Point X="319" Y="188"/>
    <Point X="319" Y="192"/>
    <Point X="319" Y="196"/>
    <Point X="319" Y="199"/>
    <Point X="319" Y="203"/>
    <Point X="318" Y="207"/>
    <Point X="317" Y="211"/>
    <Point X="317" Y="215"/>
    <Point X="317" Y="219"/>
    <Point X="317" Y="222"/>
    <Point X="317" Y="226"/>
    <Point X="317" Y="229"/>
    <Point X="317" Y="232"/>
    <Point X="316" Y="235"/>
    <Point X="316" Y="239"/>
    <Point X="316" Y="242"/>
    <Point X="316" Y="245"/>
    <Point X="316" Y="248"/>
    <Point X="316" Y="250"/>
    <Point X="316" Y="253"/>
    <Point X="315" Y="255"/>
    <Point X="315" Y="257"/>
    <Point X="315" Y="258"/>
    <Point X="315" Y="260"/>
    <Point X="315" Y="262"/>
    <Point X="315" Y="263"/>
    <Point X="315" Y="265"/>
    <Point X="315" Y="266"/>
    <Point X="315" Y="267"/>
    <Point X="315" Y="268"/>
    <Point X="315" Y="269"/>
    <Point X="315" Y="270"/>
    <Point X="315" Y="271"/>
    <Point X="314" Y="272"/>
    <Point X="314" Y="273"/>
    <Point X="314" Y="274"/>
    <Point X="317" Y="274"/>
    <Point X="319" Y="274"/>
    <Point X="320" Y="274"/>
    <Point X="323" Y="274"/>
    <Point X="327" Y="274"/>
    <Point X="331" Y="274"/>
    <Point X="337" Y="274"/>
    <Point X="342" Y="274"/>
    <Point X="347" Y="274"/>
    <Point X="352" Y="274"/>
    <Point X="357" Y="274"/>
    <Point X="362" Y="274"/>
    <Point X="366" Y="274"/>
    <Point X="371" Y="274"/>
    <Point X="375" Y="274"/>
    <Point X="379" Y="274"/>
    <Point X="382" Y="274"/>
    <Point X="386" Y="274"/>
    <Point X="390" Y="274"/>
    <Point X="395" Y="274"/>
    <Point X="401" Y="274"/>
    <Point X="406" Y="274"/>
    <Point X="410" Y="274"/>
    <Point X="414" Y="274"/>
    <Point X="416" Y="274"/>
    <Point X="419" Y="274"/>
    <Point X="421" Y="274"/>
    <Point X="423" Y="274"/>
    <Point X="425" Y="274"/>
    <Point X="427" Y="274"/>
    <Point X="429" Y="274"/>
    <Point X="431" Y="274"/>
    <Point X="434" Y="274"/>
    <Point X="436" Y="274"/>
    <Point X="438" Y="274"/>
    <Point X="439" Y="274"/>
    <Point X="440" Y="274"/>
    <Point X="441" Y="274"/>
    <Point X="442" Y="274"/>
    <Point X="443" Y="273"/>
    <Point X="444" Y="273"/>
    <Point X="445" Y="273"/>
    <Point X="445" Y="272"/>
    <Point X="446" Y="272"/>
    <Point X="447" Y="272"/>
    <Point X="447" Y="271"/>
    <Point X="448" Y="271"/>
    <Point X="448" Y="270"/>
    <Point X="449" Y="270"/>
    <Point X="449" Y="269"/>
    <Point X="450" Y="268"/>
    <Point X="450" Y="267"/>
    <Point X="450" Y="264"/>
    <Point X="451" Y="263"/>
    <Point X="451" Y="260"/>
    <Point X="452" Y="258"/>
    <Point X="452" Y="256"/>
    <Point X="452" Y="254"/>
    <Point X="452" Y="250"/>
    <Point X="452" Y="246"/>
    <Point X="452" Y="241"/>
    <Point X="452" Y="237"/>
    <Point X="452" Y="231"/>
    <Point X="452" Y="225"/>
    <Point X="452" Y="219"/>
    <Point X="452" Y="213"/>
    <Point X="452" Y="207"/>
    <Point X="452" Y="200"/>
    <Point X="452" Y="194"/>
    <Point X="452" Y="189"/>
    <Point X="452" Y="183"/>
    <Point X="452" Y="178"/>
    <Point X="452" Y="173"/>
    <Point X="452" Y="169"/>
    <Point X="452" Y="164"/>
    <Point X="452" Y="160"/>
    <Point X="452" Y="157"/>
    <Point X="452" Y="155"/>
    <Point X="452" Y="151"/>
    <Point X="452" Y="149"/>
    <Point X="452" Y="147"/>
    <Point X="452" Y="145"/>
    <Point X="452" Y="143"/>
    <Point X="452" Y="142"/>
    <Point X="452" Y="140"/>
    <Point X="452" Y="139"/>
    <Point X="452" Y="137"/>
    <Point X="452" Y="135"/>
    <Point X="452" Y="133"/>
    <Point X="452" Y="131"/>
    <Point X="452" Y="129"/>
    <Point X="452" Y="127"/>
    <Point X="452" Y="126"/>
    <Point X="452" Y="125"/>
    <Point X="452" Y="124"/>
    <Point X="452" Y="123"/>
    <Point X="452" Y="122"/>
    <Point X="452" Y="121"/>
    <Point X="451" Y="121"/>
    <Point X="451" Y="120"/>
    <Point X="451" Y="119"/>
    <Point X="450" Y="119"/>
    <Point X="450" Y="118"/>
    <Point X="447" Y="118"/>
    <Point X="445" Y="118"/>
    <Point X="442" Y="117"/>
    <Point X="437" Y="117"/>
    <Point X="431" Y="117"/>
    <Point X="424" Y="117"/>
    <Point X="418" Y="117"/>
    <Point X="411" Y="117"/>
    <Point X="404" Y="117"/>
    <Point X="400" Y="117"/>
    <Point X="396" Y="117"/>
    <Point X="393" Y="117"/>
    <Point X="390" Y="117"/>
    <Point X="389" Y="117"/>
    <Point X="386" Y="117"/>
    <Point X="385" Y="117"/>
    <Point X="382" Y="117"/>
    <Point X="380" Y="117"/>
    <Point X="377" Y="116"/>
    <Point X="374" Y="116"/>
    <Point X="371" Y="116"/>
    <Point X="369" Y="116"/>
    <Point X="367" Y="116"/>
    <Point X="363" Y="116"/>
    <Point X="362" Y="116"/>
    <Point X="359" Y="116"/>
    <Point X="357" Y="116"/>
    <Point X="355" Y="116"/>
    <Point X="353" Y="116"/>
    <Point X="352" Y="116"/>
    <Point X="349" Y="116"/>
    <Point X="348" Y="116"/>
    <Point X="345" Y="116"/>
    <Point X="343" Y="116"/>
    <Point X="341" Y="116"/>
    <Point X="338" Y="116"/>
    <Point X="336" Y="116"/>
    <Point X="334" Y="116"/>
    <Point X="332" Y="116"/>
    <Point X="330" Y="116"/>
    <Point X="329" Y="116"/>
    <Point X="328" Y="116"/>
    <Point X="326" Y="116"/>
    <Point X="325" Y="116"/>
    <Point X="324" Y="116"/>
    <Point X="323" Y="116"/>
    <Point X="322" Y="116"/>
    <Point X="321" Y="116"/>
    <Point X="320" Y="116"/>
    <Point X="319" Y="116"/>
    <Point X="318" Y="116"/>
    <Point X="317" Y="116"/>
    <Point X="316" Y="116"/>
</Gesture>
