<?xml version="1.0" ?>
<Gesture Name="10" Subject="1" Number="10" NumPts="157">
    <Point X="311" Y="97"/>
    <Point X="310" Y="99"/>
    <Point X="310" Y="101"/>
    <Point X="310" Y="102"/>
    <Point X="310" Y="103"/>
    <Point X="310" Y="107"/>
    <Point X="310" Y="110"/>
    <Point X="310" Y="114"/>
    <Point X="310" Y="118"/>
    <Point X="310" Y="122"/>
    <Point X="309" Y="126"/>
    <Point X="309" Y="131"/>
    <Point X="309" Y="135"/>
    <Point X="309" Y="141"/>
    <Point X="309" Y="147"/>
    <Point X="308" Y="153"/>
    <Point X="308" Y="159"/>
    <Point X="308" Y="166"/>
    <Point X="308" Y="172"/>
    <Point X="307" Y="178"/>
    <Point X="307" Y="184"/>
    <Point X="306" Y="189"/>
    <Point X="306" Y="194"/>
    <Point X="306" Y="199"/>
    <Point X="306" Y="203"/>
    <Point X="306" Y="207"/>
    <Point X="306" Y="210"/>
    <Point X="306" Y="212"/>
    <Point X="306" Y="214"/>
    <Point X="306" Y="216"/>
    <Point X="306" Y="217"/>
    <Point X="306" Y="218"/>
    <Point X="306" Y="219"/>
    <Point X="306" Y="220"/>
    <Point X="306" Y="221"/>
    <Point X="308" Y="222"/>
    <Point X="310" Y="222"/>
    <Point X="311" Y="222"/>
    <Point X="313" Y="222"/>
    <Point X="317" Y="222"/>
    <Point X="321" Y="222"/>
    <Point X="327" Y="223"/>
    <Point X="333" Y="223"/>
    <Point X="339" Y="223"/>
    <Point X="346" Y="223"/>
    <Point X="354" Y="223"/>
    <Point X="361" Y="223"/>
    <Point X="368" Y="223"/>
    <Point X="375" Y="223"/>
    <Point X="382" Y="223"/>
    <Point X="389" Y="223"/>
    <Point X="396" Y="223"/>
    <Point X="402" Y="223"/>
    <Point X="408" Y="223"/>
    <Point X="413" Y="223"/>
    <Point X="418" Y="223"/>
    <Point X="422" Y="223"/>
    <Point X="427" Y="223"/>
    <Point X="432" Y="223"/>
    <Point X="436" Y="223"/>
    <Point X="439" Y="223"/>
    <Point X="442" Y="223"/>
    <Point X="444" Y="223"/>
    <Point X="445" Y="223"/>
    <Point X="446" Y="222"/>
    <Point X="448" Y="221"/>
    <Point X="448" Y="220"/>
    <Point X="449" Y="219"/>
    <Point X="450" Y="218"/>
    <Point X="451" Y="216"/>
    <Point X="451" Y="214"/>
    <Point X="451" Y="213"/>
    <Point X="452" Y="210"/>
    <Point X="452" Y="208"/>
    <Point X="453" Y="204"/>
    <Point X="453" Y="200"/>
    <Point X="453" Y="195"/>
    <Point X="453" Y="191"/>
    <Point X="453" Y="186"/>
    <Point X="453" Y="181"/>
    <Point X="453" Y="175"/>
    <Point X="453" Y="171"/>
    <Point X="453" Y="165"/>
    <Point X="453" Y="161"/>
    <Point X="452" Y="156"/>
    <Point X="452" Y="151"/>
    <Point X="451" Y="147"/>
    <Point X="451" Y="143"/>
    <Point X="450" Y="139"/>
    <Point X="449" Y="135"/>
    <Point X="448" Y="131"/>
    <Point X="448" Y="128"/>
    <Point X="447" Y="124"/>
    <Point X="447" Y="121"/>
    <Point X="447" Y="118"/>
    <Point X="447" Y="115"/>
    <Point X="446" Y="113"/>
    <Point X="446" Y="111"/>
    <Point X="446" Y="109"/>
    <Point X="445" Y="107"/>
    <Point X="445" Y="105"/>
    <Point X="444" Y="103"/>
    <Point X="444" Y="102"/>
    <Point X="444" Y="100"/>
    <Point X="444" Y="99"/>
    <Point X="444" Y="98"/>
    <Point X="444" Y="97"/>
    <Point X="444" Y="96"/>
    <Point X="444" Y="95"/>
    <Point X="443" Y="95"/>
    <Point X="443" Y="94"/>
    <Point X="443" Y="93"/>
    <Point X="442" Y="93"/>
    <Point X="442" Y="92"/>
    <Point X="441" Y="92"/>
    <Point X="439" Y="91"/>
    <Point X="438" Y="91"/>
    <Point X="435" Y="91"/>
    <Point X="432" Y="90"/>
    <Point X="428" Y="90"/>
    <Point X="423" Y="90"/>
    <Point X="418" Y="90"/>
    <Point X="413" Y="90"/>
    <Point X="408" Y="90"/>
    <Point X="403" Y="90"/>
    <Point X="398" Y="90"/>
    <Point X="393" Y="90"/>
    <Point X="388" Y="90"/>
    <Point X="383" Y="90"/>
    <Point X="379" Y="90"/>
    <Point X="374" Y="90"/>
    <Point X="370" Y="89"/>
    <Point X="366" Y="89"/>
    <Point X="362" Y="89"/>
    <Point X="358" Y="89"/>
    <Point X="354" Y="89"/>
    <Point X="351" Y="89"/>
    <Point X="348" Y="89"/>
    <Point X="345" Y="89"/>
    <Point X="343" Y="89"/>
    <Point X="340" Y="89"/>
    <Point X="337" Y="89"/>
    <Point X="334" Y="89"/>
    <Point X="330" Y="89"/>
    <Point X="327" Y="89"/>
    <Point X="325" Y="89"/>
    <Point X="322" Y="89"/>
    <Point X="321" Y="89"/>
    <Point X="319" Y="89"/>
    <Point X="318" Y="89"/>
    <Point X="317" Y="89"/>
    <Point X="316" Y="89"/>
    <Point X="314" Y="89"/>
    <Point X="313" Y="89"/>
    <Point X="312" Y="89"/>
    <Point X="311" Y="89"/>
    <Point X="310" Y="89"/>
</Gesture>
