<?xml version="1.0" ?>
<Gesture Name="01" Subject="1" Number="1" NumPts="245">
    <Point X="245" Y="85"/>
    <Point X="245" Y="87"/>
    <Point X="245" Y="92"/>
    <Point X="245" Y="99"/>
    <Point X="245" Y="104"/>
    <Point X="245" Y="108"/>
    <Point X="245" Y="113"/>
    <Point X="244" Y="118"/>
    <Point X="244" Y="123"/>
    <Point X="244" Y="126"/>
    <Point X="244" Y="133"/>
    <Point X="244" Y="137"/>
    <Point X="244" Y="144"/>
    <Point X="244" Y="151"/>
    <Point X="244" Y="155"/>
    <Point X="244" Y="162"/>
    <Point X="244" Y="167"/>
    <Point X="244" Y="173"/>
    <Point X="243" Y="178"/>
    <Point X="243" Y="185"/>
    <Point X="243" Y="188"/>
    <Point X="242" Y="193"/>
    <Point X="242" Y="198"/>
    <Point X="242" Y="202"/>
    <Point X="242" Y="206"/>
    <Point X="242" Y="209"/>
    <Point X="242" Y="214"/>
    <Point X="242" Y="216"/>
    <Point X="242" Y="220"/>
    <Point X="242" Y="224"/>
    <Point X="241" Y="227"/>
    <Point X="241" Y="230"/>
    <Point X="241" Y="232"/>
    <Point X="241" Y="234"/>
    <Point X="241" Y="236"/>
    <Point X="240" Y="238"/>
    <Point X="240" Y="239"/>
    <Point X="240" Y="241"/>
    <Point X="240" Y="243"/>
    <Point X="240" Y="244"/>
    <Point X="240" Y="246"/>
    <Point X="240" Y="248"/>
    <Point X="239" Y="250"/>
    <Point X="239" Y="251"/>
    <Point X="239" Y="253"/>
    <Point X="239" Y="254"/>
    <Point X="239" Y="255"/>
    <Point X="239" Y="256"/>
    <Point X="239" Y="257"/>
    <Point X="240" Y="257"/>
    <Point X="241" Y="257"/>
    <Point X="242" Y="257"/>
    <Point X="244" Y="257"/>
    <Point X="247" Y="257"/>
    <Point X="251" Y="258"/>
    <Point X="253" Y="258"/>
    <Point X="257" Y="259"/>
    <Point X="262" Y="259"/>
    <Point X="269" Y="260"/>
    <Point X="275" Y="260"/>
    <Point X="284" Y="260"/>
    <Point X="291" Y="261"/>
    <Point X="297" Y="261"/>
    <Point X="309" Y="261"/>
    <Point X="313" Y="261"/>
    <Point X="322" Y="261"/>
    <Point X="329" Y="261"/>
    <Point X="335" Y="261"/>
    <Point X="340" Y="261"/>
    <Point X="347" Y="261"/>
    <Point X="355" Y="261"/>
    <Point X="360" Y="261"/>
    <Point X="365" Y="261"/>
    <Point X="370" Y="261"/>
    <Point X="376" Y="260"/>
    <Point X="381" Y="259"/>
    <Point X="385" Y="259"/>
    <Point X="389" Y="257"/>
    <Point X="394" Y="256"/>
    <Point X="397" Y="256"/>
    <Point X="401" Y="255"/>
    <Point X="404" Y="255"/>
    <Point X="407" Y="254"/>
    <Point X="408" Y="253"/>
    <Point X="410" Y="253"/>
    <Point X="411" Y="253"/>
    <Point X="413" Y="253"/>
    <Point X="414" Y="252"/>
    <Point X="415" Y="252"/>
    <Point X="415" Y="251"/>
    <Point X="416" Y="251"/>
    <Point X="416" Y="250"/>
    <Point X="417" Y="249"/>
    <Point X="417" Y="248"/>
    <Point X="417" Y="247"/>
    <Point X="418" Y="246"/>
    <Point X="418" Y="245"/>
    <Point X="419" Y="243"/>
    <Point X="420" Y="241"/>
    <Point X="420" Y="239"/>
    <Point X="420" Y="237"/>
    <Point X="422" Y="235"/>
    <Point X="423" Y="230"/>
    <Point X="423" Y="228"/>
    <Point X="424" Y="223"/>
    <Point X="425" Y="219"/>
    <Point X="427" Y="212"/>
    <Point X="427" Y="205"/>
    <Point X="428" Y="199"/>
    <Point X="429" Y="194"/>
    <Point X="429" Y="185"/>
    <Point X="430" Y="180"/>
    <Point X="430" Y="174"/>
    <Point X="431" Y="167"/>
    <Point X="431" Y="162"/>
    <Point X="431" Y="156"/>
    <Point X="432" Y="151"/>
    <Point X="432" Y="148"/>
    <Point X="432" Y="143"/>
    <Point X="433" Y="138"/>
    <Point X="433" Y="135"/>
    <Point X="434" Y="132"/>
    <Point X="434" Y="128"/>
    <Point X="434" Y="126"/>
    <Point X="434" Y="124"/>
    <Point X="434" Y="122"/>
    <Point X="434" Y="121"/>
    <Point X="434" Y="119"/>
    <Point X="434" Y="118"/>
    <Point X="434" Y="117"/>
    <Point X="434" Y="116"/>
    <Point X="434" Y="115"/>
    <Point X="434" Y="113"/>
    <Point X="434" Y="112"/>
    <Point X="434" Y="111"/>
    <Point X="434" Y="110"/>
    <Point X="433" Y="110"/>
    <Point X="433" Y="109"/>
    <Point X="433" Y="108"/>
    <Point X="433" Y="107"/>
    <Point X="432" Y="106"/>
    <Point X="432" Y="105"/>
    <Point X="431" Y="103"/>
    <Point X="431" Y="102"/>
    <Point X="430" Y="101"/>
    <Point X="429" Y="99"/>
    <Point X="429" Y="98"/>
    <Point X="429" Y="97"/>
    <Point X="428" Y="96"/>
    <Point X="427" Y="95"/>
    <Point X="427" Y="94"/>
    <Point X="427" Y="93"/>
    <Point X="427" Y="92"/>
    <Point X="426" Y="92"/>
    <Point X="426" Y="91"/>
    <Point X="425" Y="91"/>
    <Point X="424" Y="91"/>
    <Point X="423" Y="91"/>
    <Point X="422" Y="91"/>
    <Point X="421" Y="91"/>
    <Point X="418" Y="91"/>
    <Point X="416" Y="91"/>
    <Point X="413" Y="91"/>
    <Point X="409" Y="91"/>
    <Point X="406" Y="90"/>
    <Point X="401" Y="90"/>
    <Point X="396" Y="90"/>
    <Point X="390" Y="89"/>
    <Point X="385" Y="89"/>
    <Point X="380" Y="89"/>
    <Point X="375" Y="88"/>
    <Point X="371" Y="88"/>
    <Point X="364" Y="88"/>
    <Point X="359" Y="87"/>
    <Point X="354" Y="87"/>
    <Point X="348" Y="87"/>
    <Point X="345" Y="87"/>
    <Point X="340" Y="87"/>
    <Point X="337" Y="87"/>
    <Point X="333" Y="87"/>
    <Point X="330" Y="87"/>
    <Point X="327" Y="87"/>
    <Point X="325" Y="87"/>
    <Point X="323" Y="87"/>
    <Point X="320" Y="87"/>
    <Point X="318" Y="87"/>
    <Point X="316" Y="87"/>
    <Point X="314" Y="87"/>
    <Point X="312" Y="87"/>
    <Point X="310" Y="87"/>
    <Point X="308" Y="86"/>
    <Point X="307" Y="86"/>
    <Point X="305" Y="86"/>
    <Point X="304" Y="86"/>
    <Point X="303" Y="86"/>
    <Point X="302" Y="86"/>
    <Point X="301" Y="86"/>
    <Point X="300" Y="86"/>
    <Point X="299" Y="86"/>
    <Point X="297" Y="86"/>
    <Point X="296" Y="86"/>
    <Point X="294" Y="86"/>
    <Point X="292" Y="86"/>
    <Point X="290" Y="86"/>
    <Point X="288" Y="86"/>
    <Point X="286" Y="86"/>
    <Point X="284" Y="86"/>
    <Point X="282" Y="86"/>
    <Point X="281" Y="86"/>
    <Point X="279" Y="86"/>
    <Point X="277" Y="86"/>
    <Point X="276" Y="86"/>
    <Point X="274" Y="86"/>
    <Point X="273" Y="86"/>
    <Point X="272" Y="86"/>
    <Point X="271" Y="86"/>
    <Point X="270" Y="85"/>
    <Point X="269" Y="85"/>
    <Point X="268" Y="85"/>
    <Point X="267" Y="85"/>
    <Point X="266" Y="85"/>
    <Point X="265" Y="85"/>
    <Point X="264" Y="85"/>
    <Point X="263" Y="85"/>
    <Point X="262" Y="85"/>
    <Point X="261" Y="85"/>
    <Point X="260" Y="85"/>
    <Point X="259" Y="85"/>
    <Point X="258" Y="85"/>
    <Point X="257" Y="85"/>
    <Point X="256" Y="85"/>
    <Point X="255" Y="85"/>
    <Point X="254" Y="85"/>
    <Point X="253" Y="85"/>
    <Point X="253" Y="86"/>
    <Point X="252" Y="86"/>
    <Point X="251" Y="86"/>
    <Point X="250" Y="86"/>
    <Point X="249" Y="86"/>
    <Point X="248" Y="86"/>
    <Point X="247" Y="86"/>
    <Point X="246" Y="86"/>
    <Point X="245" Y="86"/>
    <Point X="244" Y="86"/>
    <Point X="243" Y="86"/>
</Gesture>
