<?xml version="1.0" ?>
<Gesture Name="07" Subject="1" Number="7" NumPts="201">
    <Point X="330" Y="120"/>
    <Point X="330" Y="121"/>
    <Point X="330" Y="122"/>
    <Point X="330" Y="124"/>
    <Point X="330" Y="126"/>
    <Point X="330" Y="130"/>
    <Point X="330" Y="135"/>
    <Point X="330" Y="139"/>
    <Point X="330" Y="143"/>
    <Point X="329" Y="148"/>
    <Point X="328" Y="153"/>
    <Point X="328" Y="158"/>
    <Point X="328" Y="164"/>
    <Point X="328" Y="170"/>
    <Point X="328" Y="175"/>
    <Point X="328" Y="180"/>
    <Point X="328" Y="186"/>
    <Point X="327" Y="190"/>
    <Point X="327" Y="195"/>
    <Point X="327" Y="199"/>
    <Point X="327" Y="204"/>
    <Point X="326" Y="208"/>
    <Point X="326" Y="211"/>
    <Point X="325" Y="215"/>
    <Point X="324" Y="218"/>
    <Point X="324" Y="222"/>
    <Point X="323" Y="226"/>
    <Point X="323" Y="229"/>
    <Point X="322" Y="232"/>
    <Point X="322" Y="235"/>
    <Point X="322" Y="237"/>
    <Point X="321" Y="240"/>
    <Point X="321" Y="243"/>
    <Point X="320" Y="246"/>
    <Point X="320" Y="248"/>
    <Point X="320" Y="251"/>
    <Point X="319" Y="252"/>
    <Point X="319" Y="254"/>
    <Point X="319" Y="256"/>
    <Point X="319" Y="257"/>
    <Point X="320" Y="257"/>
    <Point X="322" Y="257"/>
    <Point X="326" Y="257"/>
    <Point X="331" Y="257"/>
    <Point X="336" Y="257"/>
    <Point X="342" Y="257"/>
    <Point X="347" Y="257"/>
    <Point X="353" Y="257"/>
    <Point X="357" Y="257"/>
    <Point X="363" Y="257"/>
    <Point X="368" Y="257"/>
    <Point X="373" Y="257"/>
    <Point X="379" Y="257"/>
    <Point X="385" Y="257"/>
    <Point X="392" Y="257"/>
    <Point X="400" Y="257"/>
    <Point X="407" Y="257"/>
    <Point X="415" Y="257"/>
    <Point X="423" Y="257"/>
    <Point X="431" Y="257"/>
    <Point X="438" Y="257"/>
    <Point X="444" Y="257"/>
    <Point X="450" Y="257"/>
    <Point X="455" Y="257"/>
    <Point X="460" Y="257"/>
    <Point X="464" Y="257"/>
    <Point X="467" Y="257"/>
    <Point X="470" Y="257"/>
    <Point X="472" Y="256"/>
    <Point X="476" Y="256"/>
    <Point X="479" Y="256"/>
    <Point X="482" Y="256"/>
    <Point X="485" Y="255"/>
    <Point X="487" Y="255"/>
    <Point X="490" Y="254"/>
    <Point X="492" Y="254"/>
    <Point X="494" Y="254"/>
    <Point X="495" Y="254"/>
    <Point X="495" Y="253"/>
    <Point X="495" Y="250"/>
    <Point X="495" Y="248"/>
    <Point X="495" Y="246"/>
    <Point X="495" Y="243"/>
    <Point X="495" Y="240"/>
    <Point X="495" Y="236"/>
    <Point X="495" Y="232"/>
    <Point X="495" Y="229"/>
    <Point X="495" Y="226"/>
    <Point X="495" Y="222"/>
    <Point X="495" Y="218"/>
    <Point X="495" Y="214"/>
    <Point X="495" Y="210"/>
    <Point X="495" Y="206"/>
    <Point X="495" Y="202"/>
    <Point X="495" Y="198"/>
    <Point X="495" Y="193"/>
    <Point X="495" Y="189"/>
    <Point X="495" Y="186"/>
    <Point X="495" Y="182"/>
    <Point X="495" Y="178"/>
    <Point X="495" Y="175"/>
    <Point X="495" Y="171"/>
    <Point X="495" Y="168"/>
    <Point X="495" Y="165"/>
    <Point X="495" Y="162"/>
    <Point X="495" Y="161"/>
    <Point X="495" Y="160"/>
    <Point X="494" Y="157"/>
    <Point X="494" Y="156"/>
    <Point X="494" Y="154"/>
    <Point X="494" Y="152"/>
    <Point X="493" Y="150"/>
    <Point X="493" Y="148"/>
    <Point X="493" Y="147"/>
    <Point X="493" Y="145"/>
    <Point X="493" Y="144"/>
    <Point X="493" Y="141"/>
    <Point X="493" Y="140"/>
    <Point X="493" Y="138"/>
    <Point X="493" Y="136"/>
    <Point X="493" Y="135"/>
    <Point X="493" Y="133"/>
    <Point X="493" Y="132"/>
    <Point X="493" Y="131"/>
    <Point X="493" Y="129"/>
    <Point X="493" Y="127"/>
    <Point X="493" Y="126"/>
    <Point X="493" Y="125"/>
    <Point X="493" Y="124"/>
    <Point X="493" Y="123"/>
    <Point X="493" Y="122"/>
    <Point X="493" Y="121"/>
    <Point X="493" Y="120"/>
    <Point X="493" Y="119"/>
    <Point X="494" Y="118"/>
    <Point X="494" Y="117"/>
    <Point X="494" Y="116"/>
    <Point X="494" Y="115"/>
    <Point X="494" Y="114"/>
    <Point X="494" Y="113"/>
    <Point X="494" Y="112"/>
    <Point X="492" Y="111"/>
    <Point X="489" Y="111"/>
    <Point X="484" Y="111"/>
    <Point X="478" Y="111"/>
    <Point X="472" Y="111"/>
    <Point X="467" Y="111"/>
    <Point X="461" Y="111"/>
    <Point X="456" Y="111"/>
    <Point X="452" Y="111"/>
    <Point X="448" Y="111"/>
    <Point X="443" Y="111"/>
    <Point X="439" Y="111"/>
    <Point X="435" Y="111"/>
    <Point X="431" Y="111"/>
    <Point X="427" Y="111"/>
    <Point X="422" Y="111"/>
    <Point X="418" Y="111"/>
    <Point X="414" Y="111"/>
    <Point X="410" Y="111"/>
    <Point X="407" Y="111"/>
    <Point X="404" Y="111"/>
    <Point X="402" Y="111"/>
    <Point X="399" Y="111"/>
    <Point X="398" Y="111"/>
    <Point X="396" Y="111"/>
    <Point X="395" Y="111"/>
    <Point X="394" Y="112"/>
    <Point X="393" Y="112"/>
    <Point X="392" Y="112"/>
    <Point X="391" Y="112"/>
    <Point X="389" Y="112"/>
    <Point X="387" Y="112"/>
    <Point X="384" Y="112"/>
    <Point X="382" Y="112"/>
    <Point X="380" Y="112"/>
    <Point X="376" Y="112"/>
    <Point X="373" Y="112"/>
    <Point X="370" Y="112"/>
    <Point X="367" Y="112"/>
    <Point X="365" Y="113"/>
    <Point X="362" Y="113"/>
    <Point X="360" Y="113"/>
    <Point X="358" Y="113"/>
    <Point X="354" Y="113"/>
    <Point X="352" Y="113"/>
    <Point X="350" Y="113"/>
    <Point X="346" Y="113"/>
    <Point X="345" Y="113"/>
    <Point X="343" Y="113"/>
    <Point X="341" Y="113"/>
    <Point X="339" Y="114"/>
    <Point X="338" Y="114"/>
    <Point X="336" Y="114"/>
    <Point X="334" Y="114"/>
    <Point X="333" Y="114"/>
    <Point X="332" Y="114"/>
    <Point X="330" Y="115"/>
    <Point X="329" Y="115"/>
    <Point X="327" Y="115"/>
    <Point X="325" Y="115"/>
</Gesture>
