<?xml version="1.0" ?>
<Gesture Name="05" Subject="1" Number="5" NumPts="189">
    <Point X="320" Y="113"/>
    <Point X="320" Y="114"/>
    <Point X="320" Y="116"/>
    <Point X="320" Y="119"/>
    <Point X="320" Y="121"/>
    <Point X="320" Y="124"/>
    <Point X="320" Y="126"/>
    <Point X="320" Y="129"/>
    <Point X="320" Y="132"/>
    <Point X="320" Y="135"/>
    <Point X="320" Y="139"/>
    <Point X="320" Y="142"/>
    <Point X="320" Y="146"/>
    <Point X="320" Y="149"/>
    <Point X="320" Y="153"/>
    <Point X="320" Y="157"/>
    <Point X="320" Y="161"/>
    <Point X="320" Y="166"/>
    <Point X="320" Y="170"/>
    <Point X="320" Y="174"/>
    <Point X="320" Y="179"/>
    <Point X="320" Y="183"/>
    <Point X="320" Y="188"/>
    <Point X="320" Y="191"/>
    <Point X="320" Y="195"/>
    <Point X="319" Y="199"/>
    <Point X="319" Y="203"/>
    <Point X="318" Y="207"/>
    <Point X="317" Y="211"/>
    <Point X="316" Y="216"/>
    <Point X="316" Y="219"/>
    <Point X="315" Y="223"/>
    <Point X="314" Y="227"/>
    <Point X="314" Y="230"/>
    <Point X="313" Y="234"/>
    <Point X="313" Y="236"/>
    <Point X="312" Y="239"/>
    <Point X="312" Y="241"/>
    <Point X="312" Y="243"/>
    <Point X="311" Y="245"/>
    <Point X="311" Y="247"/>
    <Point X="311" Y="249"/>
    <Point X="311" Y="250"/>
    <Point X="311" Y="251"/>
    <Point X="312" Y="251"/>
    <Point X="314" Y="251"/>
    <Point X="318" Y="251"/>
    <Point X="322" Y="251"/>
    <Point X="327" Y="251"/>
    <Point X="332" Y="251"/>
    <Point X="338" Y="251"/>
    <Point X="343" Y="251"/>
    <Point X="348" Y="251"/>
    <Point X="353" Y="251"/>
    <Point X="359" Y="251"/>
    <Point X="363" Y="251"/>
    <Point X="369" Y="251"/>
    <Point X="374" Y="251"/>
    <Point X="378" Y="251"/>
    <Point X="384" Y="251"/>
    <Point X="389" Y="251"/>
    <Point X="394" Y="251"/>
    <Point X="401" Y="251"/>
    <Point X="407" Y="251"/>
    <Point X="412" Y="251"/>
    <Point X="418" Y="251"/>
    <Point X="423" Y="251"/>
    <Point X="428" Y="251"/>
    <Point X="432" Y="251"/>
    <Point X="435" Y="251"/>
    <Point X="437" Y="251"/>
    <Point X="439" Y="251"/>
    <Point X="441" Y="251"/>
    <Point X="443" Y="251"/>
    <Point X="444" Y="251"/>
    <Point X="446" Y="251"/>
    <Point X="447" Y="251"/>
    <Point X="448" Y="251"/>
    <Point X="449" Y="251"/>
    <Point X="450" Y="251"/>
    <Point X="451" Y="251"/>
    <Point X="452" Y="251"/>
    <Point X="452" Y="250"/>
    <Point X="453" Y="250"/>
    <Point X="454" Y="249"/>
    <Point X="454" Y="248"/>
    <Point X="454" Y="246"/>
    <Point X="455" Y="245"/>
    <Point X="455" Y="243"/>
    <Point X="456" Y="240"/>
    <Point X="456" Y="237"/>
    <Point X="456" Y="233"/>
    <Point X="457" Y="228"/>
    <Point X="457" Y="223"/>
    <Point X="457" Y="219"/>
    <Point X="457" Y="214"/>
    <Point X="457" Y="209"/>
    <Point X="457" Y="205"/>
    <Point X="457" Y="200"/>
    <Point X="457" Y="195"/>
    <Point X="457" Y="190"/>
    <Point X="457" Y="185"/>
    <Point X="457" Y="181"/>
    <Point X="457" Y="176"/>
    <Point X="457" Y="171"/>
    <Point X="457" Y="167"/>
    <Point X="456" Y="164"/>
    <Point X="456" Y="160"/>
    <Point X="456" Y="157"/>
    <Point X="455" Y="154"/>
    <Point X="455" Y="151"/>
    <Point X="454" Y="149"/>
    <Point X="454" Y="146"/>
    <Point X="453" Y="144"/>
    <Point X="453" Y="141"/>
    <Point X="453" Y="139"/>
    <Point X="452" Y="137"/>
    <Point X="452" Y="134"/>
    <Point X="452" Y="133"/>
    <Point X="452" Y="131"/>
    <Point X="452" Y="130"/>
    <Point X="452" Y="129"/>
    <Point X="452" Y="127"/>
    <Point X="451" Y="125"/>
    <Point X="451" Y="124"/>
    <Point X="451" Y="123"/>
    <Point X="451" Y="122"/>
    <Point X="451" Y="120"/>
    <Point X="451" Y="118"/>
    <Point X="451" Y="117"/>
    <Point X="451" Y="116"/>
    <Point X="451" Y="115"/>
    <Point X="451" Y="114"/>
    <Point X="451" Y="113"/>
    <Point X="450" Y="111"/>
    <Point X="450" Y="110"/>
    <Point X="450" Y="109"/>
    <Point X="450" Y="108"/>
    <Point X="450" Y="107"/>
    <Point X="449" Y="107"/>
    <Point X="449" Y="106"/>
    <Point X="448" Y="105"/>
    <Point X="447" Y="105"/>
    <Point X="444" Y="104"/>
    <Point X="442" Y="104"/>
    <Point X="440" Y="103"/>
    <Point X="437" Y="103"/>
    <Point X="435" Y="103"/>
    <Point X="432" Y="102"/>
    <Point X="430" Y="102"/>
    <Point X="427" Y="102"/>
    <Point X="424" Y="102"/>
    <Point X="420" Y="102"/>
    <Point X="416" Y="102"/>
    <Point X="412" Y="102"/>
    <Point X="408" Y="102"/>
    <Point X="404" Y="102"/>
    <Point X="400" Y="102"/>
    <Point X="396" Y="102"/>
    <Point X="393" Y="102"/>
    <Point X="389" Y="102"/>
    <Point X="385" Y="102"/>
    <Point X="381" Y="102"/>
    <Point X="378" Y="102"/>
    <Point X="375" Y="102"/>
    <Point X="371" Y="102"/>
    <Point X="368" Y="102"/>
    <Point X="366" Y="102"/>
    <Point X="363" Y="102"/>
    <Point X="360" Y="102"/>
    <Point X="357" Y="102"/>
    <Point X="354" Y="102"/>
    <Point X="351" Y="102"/>
    <Point X="347" Y="102"/>
    <Point X="343" Y="102"/>
    <Point X="339" Y="102"/>
    <Point X="335" Y="102"/>
    <Point X="332" Y="102"/>
    <Point X="330" Y="102"/>
    <Point X="328" Y="102"/>
    <Point X="325" Y="102"/>
    <Point X="323" Y="102"/>
    <Point X="321" Y="102"/>
    <Point X="320" Y="102"/>
    <Point X="318" Y="102"/>
    <Point X="317" Y="102"/>
    <Point X="316" Y="102"/>
    <Point X="314" Y="102"/>
    <Point X="313" Y="102"/>
</Gesture>
