<?xml version="1.0" ?>
<Gesture Name="04" Subject="1" Number="4" NumPts="209">
    <Point X="303" Y="110"/>
    <Point X="303" Y="111"/>
    <Point X="303" Y="112"/>
    <Point X="304" Y="113"/>
    <Point X="304" Y="114"/>
    <Point X="304" Y="116"/>
    <Point X="305" Y="118"/>
    <Point X="305" Y="121"/>
    <Point X="305" Y="122"/>
    <Point X="305" Y="124"/>
    <Point X="305" Y="126"/>
    <Point X="305" Y="127"/>
    <Point X="305" Y="129"/>
    <Point X="305" Y="132"/>
    <Point X="305" Y="135"/>
    <Point X="305" Y="138"/>
    <Point X="305" Y="142"/>
    <Point X="305" Y="145"/>
    <Point X="305" Y="149"/>
    <Point X="305" Y="154"/>
    <Point X="305" Y="158"/>
    <Point X="305" Y="163"/>
    <Point X="305" Y="167"/>
    <Point X="305" Y="171"/>
    <Point X="305" Y="176"/>
    <Point X="304" Y="181"/>
    <Point X="304" Y="185"/>
    <Point X="304" Y="189"/>
    <Point X="303" Y="194"/>
    <Point X="303" Y="198"/>
    <Point X="303" Y="203"/>
    <Point X="302" Y="207"/>
    <Point X="302" Y="212"/>
    <Point X="302" Y="216"/>
    <Point X="301" Y="220"/>
    <Point X="301" Y="225"/>
    <Point X="301" Y="229"/>
    <Point X="301" Y="234"/>
    <Point X="301" Y="238"/>
    <Point X="301" Y="241"/>
    <Point X="301" Y="245"/>
    <Point X="301" Y="248"/>
    <Point X="300" Y="251"/>
    <Point X="300" Y="254"/>
    <Point X="300" Y="257"/>
    <Point X="300" Y="259"/>
    <Point X="300" Y="262"/>
    <Point X="300" Y="264"/>
    <Point X="300" Y="267"/>
    <Point X="300" Y="268"/>
    <Point X="300" Y="269"/>
    <Point X="299" Y="270"/>
    <Point X="299" Y="271"/>
    <Point X="299" Y="272"/>
    <Point X="299" Y="273"/>
    <Point X="299" Y="274"/>
    <Point X="300" Y="274"/>
    <Point X="303" Y="274"/>
    <Point X="307" Y="274"/>
    <Point X="312" Y="274"/>
    <Point X="318" Y="274"/>
    <Point X="325" Y="274"/>
    <Point X="333" Y="274"/>
    <Point X="342" Y="274"/>
    <Point X="350" Y="274"/>
    <Point X="359" Y="274"/>
    <Point X="367" Y="274"/>
    <Point X="375" Y="274"/>
    <Point X="383" Y="274"/>
    <Point X="390" Y="274"/>
    <Point X="395" Y="274"/>
    <Point X="401" Y="274"/>
    <Point X="406" Y="274"/>
    <Point X="411" Y="274"/>
    <Point X="416" Y="274"/>
    <Point X="421" Y="274"/>
    <Point X="425" Y="274"/>
    <Point X="429" Y="274"/>
    <Point X="433" Y="274"/>
    <Point X="436" Y="274"/>
    <Point X="440" Y="274"/>
    <Point X="443" Y="274"/>
    <Point X="446" Y="274"/>
    <Point X="449" Y="274"/>
    <Point X="450" Y="274"/>
    <Point X="452" Y="274"/>
    <Point X="453" Y="274"/>
    <Point X="454" Y="274"/>
    <Point X="455" Y="274"/>
    <Point X="456" Y="273"/>
    <Point X="457" Y="273"/>
    <Point X="458" Y="272"/>
    <Point X="460" Y="270"/>
    <Point X="462" Y="269"/>
    <Point X="462" Y="268"/>
    <Point X="464" Y="266"/>
    <Point X="465" Y="262"/>
    <Point X="467" Y="259"/>
    <Point X="469" Y="255"/>
    <Point X="470" Y="250"/>
    <Point X="470" Y="245"/>
    <Point X="471" Y="241"/>
    <Point X="472" Y="236"/>
    <Point X="473" Y="231"/>
    <Point X="474" Y="225"/>
    <Point X="475" Y="220"/>
    <Point X="476" Y="214"/>
    <Point X="477" Y="209"/>
    <Point X="477" Y="204"/>
    <Point X="478" Y="200"/>
    <Point X="478" Y="195"/>
    <Point X="479" Y="192"/>
    <Point X="479" Y="189"/>
    <Point X="479" Y="186"/>
    <Point X="479" Y="184"/>
    <Point X="479" Y="182"/>
    <Point X="479" Y="181"/>
    <Point X="479" Y="179"/>
    <Point X="479" Y="177"/>
    <Point X="479" Y="176"/>
    <Point X="479" Y="174"/>
    <Point X="479" Y="172"/>
    <Point X="479" Y="170"/>
    <Point X="479" Y="168"/>
    <Point X="479" Y="167"/>
    <Point X="480" Y="165"/>
    <Point X="480" Y="163"/>
    <Point X="480" Y="161"/>
    <Point X="480" Y="159"/>
    <Point X="480" Y="156"/>
    <Point X="480" Y="155"/>
    <Point X="480" Y="152"/>
    <Point X="480" Y="150"/>
    <Point X="480" Y="148"/>
    <Point X="480" Y="146"/>
    <Point X="480" Y="144"/>
    <Point X="480" Y="142"/>
    <Point X="480" Y="140"/>
    <Point X="480" Y="137"/>
    <Point X="480" Y="135"/>
    <Point X="480" Y="133"/>
    <Point X="480" Y="131"/>
    <Point X="480" Y="129"/>
    <Point X="480" Y="127"/>
    <Point X="480" Y="125"/>
    <Point X="480" Y="123"/>
    <Point X="480" Y="122"/>
    <Point X="480" Y="121"/>
    <Point X="480" Y="120"/>
    <Point X="480" Y="118"/>
    <Point X="480" Y="117"/>
    <Point X="480" Y="116"/>
    <Point X="480" Y="115"/>
    <Point X="480" Y="114"/>
    <Point X="480" Y="113"/>
    <Point X="480" Y="112"/>
    <Point X="480" Y="111"/>
    <Point X="480" Y="110"/>
    <Point X="480" Y="109"/>
    <Point X="478" Y="108"/>
    <Point X="477" Y="108"/>
    <Point X="475" Y="108"/>
    <Point X="471" Y="108"/>
    <Point X="466" Y="108"/>
    <Point X="461" Y="108"/>
    <Point X="456" Y="108"/>
    <Point X="450" Y="108"/>
    <Point X="444" Y="108"/>
    <Point X="438" Y="108"/>
    <Point X="433" Y="108"/>
    <Point X="427" Y="108"/>
    <Point X="422" Y="108"/>
    <Point X="416" Y="108"/>
    <Point X="412" Y="108"/>
    <Point X="407" Y="108"/>
    <Point X="402" Y="108"/>
    <Point X="398" Y="108"/>
    <Point X="394" Y="108"/>
    <Point X="390" Y="108"/>
    <Point X="386" Y="108"/>
    <Point X="382" Y="108"/>
    <Point X="378" Y="108"/>
    <Point X="374" Y="108"/>
    <Point X="370" Y="108"/>
    <Point X="367" Y="108"/>
    <Point X="363" Y="108"/>
    <Point X="358" Y="108"/>
    <Point X="353" Y="108"/>
    <Point X="349" Y="108"/>
    <Point X="345" Y="108"/>
    <Point X="341" Y="108"/>
    <Point X="338" Y="108"/>
    <Point X="334" Y="108"/>
    <Point X="330" Y="108"/>
    <Point X="327" Y="108"/>
    <Point X="323" Y="108"/>
    <Point X="319" Y="108"/>
    <Point X="316" Y="108"/>
    <Point X="313" Y="108"/>
    <Point X="310" Y="108"/>
    <Point X="308" Y="108"/>
    <Point X="306" Y="108"/>
    <Point X="305" Y="108"/>
    <Point X="304" Y="108"/>
    <Point X="303" Y="108"/>
    <Point X="302" Y="108"/>
    <Point X="300" Y="108"/>
    <Point X="299" Y="108"/>
    <Point X="298" Y="107"/>
</Gesture>
