<?xml version="1.0" ?>
<Gesture Name="08" Subject="1" Number="8" NumPts="161">
    <Point X="302" Y="91"/>
    <Point X="302" Y="92"/>
    <Point X="302" Y="94"/>
    <Point X="302" Y="96"/>
    <Point X="302" Y="97"/>
    <Point X="301" Y="100"/>
    <Point X="301" Y="102"/>
    <Point X="301" Y="106"/>
    <Point X="301" Y="111"/>
    <Point X="301" Y="114"/>
    <Point X="300" Y="118"/>
    <Point X="300" Y="123"/>
    <Point X="300" Y="128"/>
    <Point X="300" Y="132"/>
    <Point X="300" Y="137"/>
    <Point X="300" Y="142"/>
    <Point X="300" Y="146"/>
    <Point X="300" Y="152"/>
    <Point X="300" Y="156"/>
    <Point X="300" Y="162"/>
    <Point X="300" Y="167"/>
    <Point X="300" Y="172"/>
    <Point X="300" Y="177"/>
    <Point X="300" Y="181"/>
    <Point X="300" Y="185"/>
    <Point X="300" Y="189"/>
    <Point X="300" Y="193"/>
    <Point X="299" Y="196"/>
    <Point X="299" Y="199"/>
    <Point X="299" Y="203"/>
    <Point X="299" Y="206"/>
    <Point X="299" Y="209"/>
    <Point X="299" Y="212"/>
    <Point X="298" Y="215"/>
    <Point X="298" Y="217"/>
    <Point X="297" Y="220"/>
    <Point X="297" Y="221"/>
    <Point X="297" Y="222"/>
    <Point X="297" Y="223"/>
    <Point X="298" Y="223"/>
    <Point X="299" Y="223"/>
    <Point X="301" Y="223"/>
    <Point X="305" Y="223"/>
    <Point X="310" Y="223"/>
    <Point X="315" Y="223"/>
    <Point X="322" Y="223"/>
    <Point X="328" Y="223"/>
    <Point X="334" Y="223"/>
    <Point X="340" Y="223"/>
    <Point X="345" Y="223"/>
    <Point X="351" Y="223"/>
    <Point X="356" Y="223"/>
    <Point X="361" Y="223"/>
    <Point X="366" Y="223"/>
    <Point X="372" Y="223"/>
    <Point X="378" Y="223"/>
    <Point X="383" Y="223"/>
    <Point X="389" Y="223"/>
    <Point X="394" Y="223"/>
    <Point X="400" Y="223"/>
    <Point X="405" Y="223"/>
    <Point X="410" Y="223"/>
    <Point X="415" Y="223"/>
    <Point X="419" Y="223"/>
    <Point X="422" Y="223"/>
    <Point X="424" Y="223"/>
    <Point X="425" Y="223"/>
    <Point X="426" Y="222"/>
    <Point X="427" Y="222"/>
    <Point X="428" Y="221"/>
    <Point X="429" Y="220"/>
    <Point X="430" Y="218"/>
    <Point X="431" Y="218"/>
    <Point X="432" Y="217"/>
    <Point X="433" Y="214"/>
    <Point X="433" Y="213"/>
    <Point X="433" Y="211"/>
    <Point X="434" Y="208"/>
    <Point X="436" Y="203"/>
    <Point X="436" Y="198"/>
    <Point X="437" Y="192"/>
    <Point X="438" Y="185"/>
    <Point X="439" Y="178"/>
    <Point X="439" Y="172"/>
    <Point X="439" Y="165"/>
    <Point X="439" Y="158"/>
    <Point X="439" Y="151"/>
    <Point X="439" Y="146"/>
    <Point X="439" Y="141"/>
    <Point X="439" Y="135"/>
    <Point X="439" Y="130"/>
    <Point X="439" Y="124"/>
    <Point X="439" Y="119"/>
    <Point X="438" Y="113"/>
    <Point X="437" Y="108"/>
    <Point X="437" Y="104"/>
    <Point X="437" Y="100"/>
    <Point X="437" Y="97"/>
    <Point X="437" Y="95"/>
    <Point X="437" Y="92"/>
    <Point X="437" Y="91"/>
    <Point X="437" Y="89"/>
    <Point X="437" Y="88"/>
    <Point X="437" Y="87"/>
    <Point X="436" Y="86"/>
    <Point X="436" Y="84"/>
    <Point X="436" Y="83"/>
    <Point X="436" Y="82"/>
    <Point X="436" Y="81"/>
    <Point X="436" Y="80"/>
    <Point X="435" Y="80"/>
    <Point X="434" Y="80"/>
    <Point X="433" Y="80"/>
    <Point X="432" Y="79"/>
    <Point X="429" Y="79"/>
    <Point X="425" Y="79"/>
    <Point X="420" Y="79"/>
    <Point X="414" Y="79"/>
    <Point X="409" Y="79"/>
    <Point X="403" Y="79"/>
    <Point X="397" Y="79"/>
    <Point X="391" Y="79"/>
    <Point X="386" Y="79"/>
    <Point X="381" Y="79"/>
    <Point X="377" Y="79"/>
    <Point X="373" Y="79"/>
    <Point X="369" Y="79"/>
    <Point X="366" Y="79"/>
    <Point X="364" Y="79"/>
    <Point X="361" Y="79"/>
    <Point X="358" Y="79"/>
    <Point X="355" Y="79"/>
    <Point X="351" Y="79"/>
    <Point X="348" Y="79"/>
    <Point X="344" Y="79"/>
    <Point X="340" Y="79"/>
    <Point X="337" Y="79"/>
    <Point X="335" Y="79"/>
    <Point X="333" Y="79"/>
    <Point X="331" Y="79"/>
    <Point X="329" Y="79"/>
    <Point X="328" Y="79"/>
    <Point X="327" Y="79"/>
    <Point X="326" Y="79"/>
    <Point X="325" Y="79"/>
    <Point X="324" Y="79"/>
    <Point X="323" Y="79"/>
    <Point X="321" Y="79"/>
    <Point X="319" Y="79"/>
    <Point X="317" Y="79"/>
    <Point X="315" Y="79"/>
    <Point X="314" Y="79"/>
    <Point X="313" Y="79"/>
    <Point X="311" Y="80"/>
    <Point X="310" Y="80"/>
    <Point X="309" Y="80"/>
    <Point X="308" Y="80"/>
    <Point X="307" Y="81"/>
    <Point X="306" Y="81"/>
    <Point X="305" Y="81"/>
    <Point X="304" Y="81"/>
</Gesture>
