<?xml version="1.0" ?>
<Gesture Name="09" Subject="1" Number="9" NumPts="152">
    <Point X="313" Y="112"/>
    <Point X="313" Y="113"/>
    <Point X="312" Y="116"/>
    <Point X="312" Y="119"/>
    <Point X="311" Y="123"/>
    <Point X="311" Y="129"/>
    <Point X="311" Y="135"/>
    <Point X="310" Y="142"/>
    <Point X="310" Y="148"/>
    <Point X="309" Y="155"/>
    <Point X="308" Y="162"/>
    <Point X="308" Y="168"/>
    <Point X="306" Y="175"/>
    <Point X="306" Y="182"/>
    <Point X="305" Y="188"/>
    <Point X="305" Y="194"/>
    <Point X="304" Y="200"/>
    <Point X="303" Y="205"/>
    <Point X="303" Y="211"/>
    <Point X="302" Y="216"/>
    <Point X="302" Y="220"/>
    <Point X="301" Y="224"/>
    <Point X="300" Y="229"/>
    <Point X="300" Y="231"/>
    <Point X="300" Y="233"/>
    <Point X="299" Y="234"/>
    <Point X="299" Y="236"/>
    <Point X="299" Y="237"/>
    <Point X="299" Y="238"/>
    <Point X="299" Y="239"/>
    <Point X="299" Y="240"/>
    <Point X="299" Y="241"/>
    <Point X="299" Y="243"/>
    <Point X="299" Y="244"/>
    <Point X="299" Y="245"/>
    <Point X="299" Y="246"/>
    <Point X="299" Y="247"/>
    <Point X="300" Y="247"/>
    <Point X="301" Y="248"/>
    <Point X="304" Y="249"/>
    <Point X="305" Y="249"/>
    <Point X="306" Y="249"/>
    <Point X="310" Y="249"/>
    <Point X="314" Y="249"/>
    <Point X="319" Y="249"/>
    <Point X="326" Y="250"/>
    <Point X="333" Y="250"/>
    <Point X="341" Y="250"/>
    <Point X="349" Y="250"/>
    <Point X="357" Y="250"/>
    <Point X="366" Y="250"/>
    <Point X="374" Y="250"/>
    <Point X="383" Y="250"/>
    <Point X="391" Y="250"/>
    <Point X="398" Y="250"/>
    <Point X="406" Y="250"/>
    <Point X="412" Y="250"/>
    <Point X="417" Y="250"/>
    <Point X="424" Y="250"/>
    <Point X="429" Y="250"/>
    <Point X="434" Y="250"/>
    <Point X="438" Y="250"/>
    <Point X="441" Y="250"/>
    <Point X="442" Y="250"/>
    <Point X="444" Y="250"/>
    <Point X="445" Y="250"/>
    <Point X="446" Y="249"/>
    <Point X="446" Y="248"/>
    <Point X="448" Y="247"/>
    <Point X="449" Y="246"/>
    <Point X="451" Y="244"/>
    <Point X="451" Y="243"/>
    <Point X="453" Y="240"/>
    <Point X="454" Y="239"/>
    <Point X="454" Y="237"/>
    <Point X="455" Y="235"/>
    <Point X="456" Y="232"/>
    <Point X="456" Y="228"/>
    <Point X="457" Y="223"/>
    <Point X="457" Y="218"/>
    <Point X="457" Y="214"/>
    <Point X="457" Y="208"/>
    <Point X="457" Y="204"/>
    <Point X="457" Y="198"/>
    <Point X="457" Y="193"/>
    <Point X="457" Y="187"/>
    <Point X="457" Y="182"/>
    <Point X="457" Y="177"/>
    <Point X="456" Y="171"/>
    <Point X="455" Y="166"/>
    <Point X="454" Y="161"/>
    <Point X="454" Y="156"/>
    <Point X="453" Y="152"/>
    <Point X="452" Y="147"/>
    <Point X="451" Y="143"/>
    <Point X="451" Y="139"/>
    <Point X="450" Y="135"/>
    <Point X="450" Y="131"/>
    <Point X="449" Y="128"/>
    <Point X="449" Y="124"/>
    <Point X="448" Y="120"/>
    <Point X="448" Y="117"/>
    <Point X="448" Y="114"/>
    <Point X="448" Y="110"/>
    <Point X="448" Y="108"/>
    <Point X="448" Y="106"/>
    <Point X="448" Y="103"/>
    <Point X="448" Y="102"/>
    <Point X="447" Y="101"/>
    <Point X="447" Y="100"/>
    <Point X="447" Y="99"/>
    <Point X="446" Y="98"/>
    <Point X="445" Y="98"/>
    <Point X="444" Y="98"/>
    <Point X="443" Y="98"/>
    <Point X="441" Y="97"/>
    <Point X="437" Y="97"/>
    <Point X="433" Y="96"/>
    <Point X="430" Y="96"/>
    <Point X="426" Y="96"/>
    <Point X="423" Y="96"/>
    <Point X="418" Y="96"/>
    <Point X="413" Y="96"/>
    <Point X="408" Y="96"/>
    <Point X="402" Y="96"/>
    <Point X="396" Y="96"/>
    <Point X="391" Y="96"/>
    <Point X="385" Y="96"/>
    <Point X="381" Y="96"/>
    <Point X="376" Y="96"/>
    <Point X="371" Y="96"/>
    <Point X="366" Y="96"/>
    <Point X="361" Y="96"/>
    <Point X="357" Y="96"/>
    <Point X="353" Y="97"/>
    <Point X="350" Y="97"/>
    <Point X="346" Y="98"/>
    <Point X="343" Y="98"/>
    <Point X="339" Y="98"/>
    <Point X="336" Y="99"/>
    <Point X="332" Y="100"/>
    <Point X="328" Y="100"/>
    <Point X="323" Y="100"/>
    <Point X="319" Y="101"/>
    <Point X="315" Y="101"/>
    <Point X="312" Y="101"/>
    <Point X="309" Y="101"/>
    <Point X="306" Y="102"/>
    <Point X="303" Y="102"/>
    <Point X="302" Y="102"/>
    <Point X="300" Y="103"/>
    <Point X="299" Y="103"/>
</Gesture>
