<?xml version="1.0" ?>
<Gesture Name="07" Subject="1" Number="7" NumPts="79">
    <Point X="445" Y="72"/>
    <Point X="444" Y="72"/>
    <Point X="445" Y="72"/>
    <Point X="447" Y="74"/>
    <Point X="449" Y="76"/>
    <Point X="450" Y="77"/>
    <Point X="453" Y="80"/>
    <Point X="457" Y="84"/>
    <Point X="460" Y="88"/>
    <Point X="464" Y="92"/>
    <Point X="468" Y="96"/>
    <Point X="470" Y="100"/>
    <Point X="472" Y="104"/>
    <Point X="473" Y="107"/>
    <Point X="474" Y="111"/>
    <Point X="474" Y="114"/>
    <Point X="474" Y="117"/>
    <Point X="473" Y="121"/>
    <Point X="473" Y="125"/>
    <Point X="472" Y="129"/>
    <Point X="471" Y="134"/>
    <Point X="469" Y="139"/>
    <Point X="467" Y="143"/>
    <Point X="465" Y="149"/>
    <Point X="464" Y="156"/>
    <Point X="462" Y="162"/>
    <Point X="461" Y="168"/>
    <Point X="460" Y="173"/>
    <Point X="460" Y="179"/>
    <Point X="460" Y="183"/>
    <Point X="460" Y="188"/>
    <Point X="461" Y="192"/>
    <Point X="462" Y="194"/>
    <Point X="463" Y="196"/>
    <Point X="464" Y="197"/>
    <Point X="465" Y="197"/>
    <Point X="466" Y="197"/>
    <Point X="467" Y="197"/>
    <Point X="468" Y="197"/>
    <Point X="471" Y="197"/>
    <Point X="472" Y="197"/>
    <Point X="473" Y="197"/>
    <Point X="474" Y="197"/>
    <Point X="474" Y="196"/>
    <Point X="473" Y="198"/>
    <Point X="472" Y="200"/>
    <Point X="470" Y="202"/>
    <Point X="470" Y="204"/>
    <Point X="468" Y="206"/>
    <Point X="468" Y="207"/>
    <Point X="467" Y="210"/>
    <Point X="466" Y="214"/>
    <Point X="466" Y="218"/>
    <Point X="465" Y="223"/>
    <Point X="465" Y="228"/>
    <Point X="465" Y="233"/>
    <Point X="465" Y="239"/>
    <Point X="465" Y="245"/>
    <Point X="465" Y="252"/>
    <Point X="465" Y="260"/>
    <Point X="465" Y="267"/>
    <Point X="465" Y="274"/>
    <Point X="465" Y="281"/>
    <Point X="465" Y="287"/>
    <Point X="465" Y="293"/>
    <Point X="465" Y="299"/>
    <Point X="464" Y="305"/>
    <Point X="462" Y="309"/>
    <Point X="460" Y="314"/>
    <Point X="457" Y="318"/>
    <Point X="454" Y="322"/>
    <Point X="451" Y="325"/>
    <Point X="447" Y="327"/>
    <Point X="443" Y="329"/>
    <Point X="441" Y="330"/>
    <Point X="439" Y="330"/>
    <Point X="437" Y="331"/>
    <Point X="436" Y="331"/>
    <Point X="435" Y="331"/>
</Gesture>
