<?xml version="1.0" ?>
<Gesture Name="06" Subject="1" Number="6" NumPts="94">
    <Point X="413" Y="50"/>
    <Point X="413" Y="49"/>
    <Point X="414" Y="49"/>
    <Point X="416" Y="50"/>
    <Point X="418" Y="51"/>
    <Point X="421" Y="53"/>
    <Point X="425" Y="56"/>
    <Point X="429" Y="59"/>
    <Point X="434" Y="62"/>
    <Point X="437" Y="66"/>
    <Point X="440" Y="69"/>
    <Point X="442" Y="72"/>
    <Point X="443" Y="75"/>
    <Point X="444" Y="78"/>
    <Point X="445" Y="81"/>
    <Point X="445" Y="83"/>
    <Point X="445" Y="86"/>
    <Point X="445" Y="90"/>
    <Point X="444" Y="94"/>
    <Point X="443" Y="99"/>
    <Point X="441" Y="104"/>
    <Point X="440" Y="110"/>
    <Point X="439" Y="116"/>
    <Point X="437" Y="122"/>
    <Point X="436" Y="128"/>
    <Point X="435" Y="134"/>
    <Point X="434" Y="141"/>
    <Point X="434" Y="146"/>
    <Point X="434" Y="152"/>
    <Point X="434" Y="158"/>
    <Point X="434" Y="163"/>
    <Point X="434" Y="168"/>
    <Point X="434" Y="174"/>
    <Point X="435" Y="179"/>
    <Point X="436" Y="182"/>
    <Point X="437" Y="186"/>
    <Point X="438" Y="188"/>
    <Point X="440" Y="190"/>
    <Point X="442" Y="193"/>
    <Point X="444" Y="194"/>
    <Point X="446" Y="196"/>
    <Point X="449" Y="197"/>
    <Point X="451" Y="197"/>
    <Point X="453" Y="198"/>
    <Point X="456" Y="198"/>
    <Point X="459" Y="198"/>
    <Point X="462" Y="197"/>
    <Point X="466" Y="196"/>
    <Point X="469" Y="195"/>
    <Point X="471" Y="194"/>
    <Point X="472" Y="193"/>
    <Point X="472" Y="192"/>
    <Point X="472" Y="191"/>
    <Point X="471" Y="191"/>
    <Point X="470" Y="191"/>
    <Point X="467" Y="192"/>
    <Point X="464" Y="193"/>
    <Point X="461" Y="195"/>
    <Point X="459" Y="196"/>
    <Point X="456" Y="197"/>
    <Point X="454" Y="199"/>
    <Point X="452" Y="201"/>
    <Point X="451" Y="202"/>
    <Point X="448" Y="206"/>
    <Point X="447" Y="208"/>
    <Point X="446" Y="211"/>
    <Point X="445" Y="215"/>
    <Point X="444" Y="220"/>
    <Point X="443" Y="225"/>
    <Point X="443" Y="229"/>
    <Point X="443" Y="234"/>
    <Point X="443" Y="239"/>
    <Point X="443" Y="244"/>
    <Point X="443" Y="249"/>
    <Point X="443" Y="255"/>
    <Point X="443" Y="259"/>
    <Point X="443" Y="264"/>
    <Point X="442" Y="269"/>
    <Point X="441" Y="273"/>
    <Point X="441" Y="277"/>
    <Point X="440" Y="280"/>
    <Point X="439" Y="283"/>
    <Point X="437" Y="286"/>
    <Point X="434" Y="289"/>
    <Point X="432" Y="291"/>
    <Point X="430" Y="294"/>
    <Point X="426" Y="296"/>
    <Point X="423" Y="299"/>
    <Point X="420" Y="301"/>
    <Point X="416" Y="302"/>
    <Point X="414" Y="303"/>
    <Point X="412" Y="304"/>
    <Point X="410" Y="305"/>
    <Point X="409" Y="305"/>
</Gesture>
