<?xml version="1.0" ?>
<Gesture Name="04" Subject="1" Number="4" NumPts="81">
    <Point X="410" Y="130"/>
    <Point X="411" Y="130"/>
    <Point X="414" Y="130"/>
    <Point X="417" Y="130"/>
    <Point X="421" Y="130"/>
    <Point X="428" Y="130"/>
    <Point X="435" Y="130"/>
    <Point X="443" Y="130"/>
    <Point X="451" Y="130"/>
    <Point X="458" Y="132"/>
    <Point X="465" Y="132"/>
    <Point X="470" Y="133"/>
    <Point X="474" Y="133"/>
    <Point X="474" Y="134"/>
    <Point X="474" Y="137"/>
    <Point X="474" Y="139"/>
    <Point X="474" Y="140"/>
    <Point X="474" Y="142"/>
    <Point X="474" Y="145"/>
    <Point X="474" Y="149"/>
    <Point X="474" Y="154"/>
    <Point X="474" Y="159"/>
    <Point X="474" Y="166"/>
    <Point X="474" Y="173"/>
    <Point X="474" Y="180"/>
    <Point X="474" Y="187"/>
    <Point X="474" Y="195"/>
    <Point X="474" Y="202"/>
    <Point X="474" Y="209"/>
    <Point X="474" Y="215"/>
    <Point X="474" Y="220"/>
    <Point X="474" Y="226"/>
    <Point X="474" Y="231"/>
    <Point X="474" Y="236"/>
    <Point X="474" Y="240"/>
    <Point X="474" Y="244"/>
    <Point X="473" Y="248"/>
    <Point X="473" Y="251"/>
    <Point X="473" Y="254"/>
    <Point X="473" Y="256"/>
    <Point X="473" Y="259"/>
    <Point X="473" Y="262"/>
    <Point X="473" Y="263"/>
    <Point X="473" Y="265"/>
    <Point X="473" Y="267"/>
    <Point X="473" Y="269"/>
    <Point X="473" Y="271"/>
    <Point X="473" Y="273"/>
    <Point X="473" Y="275"/>
    <Point X="473" Y="278"/>
    <Point X="473" Y="280"/>
    <Point X="473" Y="283"/>
    <Point X="473" Y="285"/>
    <Point X="473" Y="287"/>
    <Point X="473" Y="290"/>
    <Point X="473" Y="292"/>
    <Point X="473" Y="294"/>
    <Point X="472" Y="297"/>
    <Point X="472" Y="299"/>
    <Point X="472" Y="300"/>
    <Point X="471" Y="301"/>
    <Point X="471" Y="302"/>
    <Point X="470" Y="302"/>
    <Point X="470" Y="303"/>
    <Point X="467" Y="304"/>
    <Point X="465" Y="304"/>
    <Point X="464" Y="304"/>
    <Point X="463" Y="304"/>
    <Point X="461" Y="305"/>
    <Point X="459" Y="305"/>
    <Point X="456" Y="306"/>
    <Point X="451" Y="306"/>
    <Point X="447" Y="306"/>
    <Point X="441" Y="306"/>
    <Point X="436" Y="306"/>
    <Point X="431" Y="306"/>
    <Point X="426" Y="306"/>
    <Point X="422" Y="306"/>
    <Point X="419" Y="306"/>
    <Point X="416" Y="306"/>
    <Point X="415" Y="306"/>
</Gesture>
