<?xml version="1.0" ?>
<Gesture Name="01" Subject="1" Number="1" NumPts="99">
    <Point X="389" Y="54"/>
    <Point X="390" Y="54"/>
    <Point X="392" Y="53"/>
    <Point X="393" Y="53"/>
    <Point X="395" Y="53"/>
    <Point X="398" Y="53"/>
    <Point X="401" Y="54"/>
    <Point X="405" Y="54"/>
    <Point X="408" Y="56"/>
    <Point X="411" Y="57"/>
    <Point X="414" Y="59"/>
    <Point X="416" Y="61"/>
    <Point X="417" Y="62"/>
    <Point X="418" Y="64"/>
    <Point X="419" Y="67"/>
    <Point X="420" Y="70"/>
    <Point X="420" Y="73"/>
    <Point X="421" Y="77"/>
    <Point X="421" Y="82"/>
    <Point X="421" Y="86"/>
    <Point X="421" Y="91"/>
    <Point X="421" Y="96"/>
    <Point X="421" Y="101"/>
    <Point X="421" Y="106"/>
    <Point X="422" Y="112"/>
    <Point X="422" Y="117"/>
    <Point X="423" Y="123"/>
    <Point X="423" Y="127"/>
    <Point X="424" Y="132"/>
    <Point X="425" Y="137"/>
    <Point X="426" Y="141"/>
    <Point X="427" Y="144"/>
    <Point X="428" Y="148"/>
    <Point X="430" Y="151"/>
    <Point X="432" Y="155"/>
    <Point X="433" Y="158"/>
    <Point X="435" Y="161"/>
    <Point X="438" Y="165"/>
    <Point X="441" Y="169"/>
    <Point X="443" Y="173"/>
    <Point X="447" Y="175"/>
    <Point X="449" Y="177"/>
    <Point X="453" Y="180"/>
    <Point X="456" Y="181"/>
    <Point X="458" Y="182"/>
    <Point X="461" Y="183"/>
    <Point X="462" Y="183"/>
    <Point X="463" Y="183"/>
    <Point X="463" Y="182"/>
    <Point X="464" Y="182"/>
    <Point X="464" Y="181"/>
    <Point X="464" Y="180"/>
    <Point X="464" Y="179"/>
    <Point X="464" Y="178"/>
    <Point X="463" Y="178"/>
    <Point X="463" Y="177"/>
    <Point X="462" Y="177"/>
    <Point X="461" Y="177"/>
    <Point X="459" Y="177"/>
    <Point X="457" Y="177"/>
    <Point X="455" Y="177"/>
    <Point X="453" Y="178"/>
    <Point X="449" Y="180"/>
    <Point X="446" Y="182"/>
    <Point X="443" Y="184"/>
    <Point X="440" Y="186"/>
    <Point X="438" Y="189"/>
    <Point X="437" Y="191"/>
    <Point X="436" Y="193"/>
    <Point X="435" Y="197"/>
    <Point X="434" Y="200"/>
    <Point X="434" Y="204"/>
    <Point X="434" Y="207"/>
    <Point X="434" Y="211"/>
    <Point X="434" Y="215"/>
    <Point X="435" Y="220"/>
    <Point X="436" Y="225"/>
    <Point X="437" Y="230"/>
    <Point X="439" Y="235"/>
    <Point X="441" Y="240"/>
    <Point X="444" Y="245"/>
    <Point X="445" Y="249"/>
    <Point X="446" Y="253"/>
    <Point X="448" Y="257"/>
    <Point X="449" Y="261"/>
    <Point X="449" Y="264"/>
    <Point X="449" Y="267"/>
    <Point X="449" Y="270"/>
    <Point X="449" Y="271"/>
    <Point X="447" Y="273"/>
    <Point X="445" Y="275"/>
    <Point X="442" Y="277"/>
    <Point X="440" Y="278"/>
    <Point X="438" Y="279"/>
    <Point X="436" Y="280"/>
    <Point X="434" Y="280"/>
    <Point X="433" Y="281"/>
    <Point X="432" Y="281"/>
    <Point X="431" Y="281"/>
</Gesture>
