<?xml version="1.0" ?>
<Gesture Name="08" Subject="1" Number="8" NumPts="79">
    <Point X="424" Y="107"/>
    <Point X="425" Y="107"/>
    <Point X="429" Y="107"/>
    <Point X="432" Y="107"/>
    <Point X="438" Y="107"/>
    <Point X="443" Y="107"/>
    <Point X="449" Y="107"/>
    <Point X="455" Y="107"/>
    <Point X="460" Y="108"/>
    <Point X="464" Y="108"/>
    <Point X="467" Y="109"/>
    <Point X="470" Y="109"/>
    <Point X="472" Y="110"/>
    <Point X="475" Y="110"/>
    <Point X="476" Y="110"/>
    <Point X="477" Y="111"/>
    <Point X="477" Y="112"/>
    <Point X="478" Y="112"/>
    <Point X="478" Y="113"/>
    <Point X="478" Y="114"/>
    <Point X="478" Y="115"/>
    <Point X="478" Y="117"/>
    <Point X="478" Y="119"/>
    <Point X="478" Y="120"/>
    <Point X="478" Y="123"/>
    <Point X="478" Y="127"/>
    <Point X="478" Y="131"/>
    <Point X="478" Y="137"/>
    <Point X="478" Y="144"/>
    <Point X="477" Y="151"/>
    <Point X="477" Y="159"/>
    <Point X="475" Y="167"/>
    <Point X="474" Y="175"/>
    <Point X="473" Y="184"/>
    <Point X="471" Y="192"/>
    <Point X="470" Y="201"/>
    <Point X="469" Y="209"/>
    <Point X="467" Y="217"/>
    <Point X="466" Y="225"/>
    <Point X="465" Y="231"/>
    <Point X="464" Y="237"/>
    <Point X="464" Y="242"/>
    <Point X="463" Y="246"/>
    <Point X="463" Y="251"/>
    <Point X="463" Y="254"/>
    <Point X="462" Y="258"/>
    <Point X="461" Y="262"/>
    <Point X="461" Y="265"/>
    <Point X="461" Y="268"/>
    <Point X="461" Y="270"/>
    <Point X="461" Y="273"/>
    <Point X="461" Y="274"/>
    <Point X="460" Y="277"/>
    <Point X="460" Y="279"/>
    <Point X="460" Y="280"/>
    <Point X="460" Y="283"/>
    <Point X="460" Y="284"/>
    <Point X="460" Y="286"/>
    <Point X="460" Y="288"/>
    <Point X="460" Y="289"/>
    <Point X="460" Y="290"/>
    <Point X="460" Y="291"/>
    <Point X="460" Y="292"/>
    <Point X="459" Y="292"/>
    <Point X="458" Y="292"/>
    <Point X="457" Y="293"/>
    <Point X="455" Y="294"/>
    <Point X="454" Y="294"/>
    <Point X="453" Y="294"/>
    <Point X="450" Y="294"/>
    <Point X="448" Y="294"/>
    <Point X="446" Y="294"/>
    <Point X="442" Y="295"/>
    <Point X="440" Y="295"/>
    <Point X="438" Y="295"/>
    <Point X="435" Y="295"/>
    <Point X="433" Y="295"/>
    <Point X="432" Y="295"/>
    <Point X="431" Y="295"/>
</Gesture>
