<?xml version="1.0" ?>
<Gesture Name="03" Subject="1" Number="3" NumPts="80">
    <Point X="390" Y="135"/>
    <Point X="391" Y="135"/>
    <Point X="393" Y="135"/>
    <Point X="397" Y="135"/>
    <Point X="401" Y="135"/>
    <Point X="407" Y="135"/>
    <Point X="413" Y="135"/>
    <Point X="419" Y="135"/>
    <Point X="425" Y="135"/>
    <Point X="431" Y="135"/>
    <Point X="436" Y="135"/>
    <Point X="442" Y="137"/>
    <Point X="445" Y="137"/>
    <Point X="447" Y="138"/>
    <Point X="448" Y="138"/>
    <Point X="448" Y="139"/>
    <Point X="449" Y="140"/>
    <Point X="449" Y="141"/>
    <Point X="449" Y="144"/>
    <Point X="449" Y="145"/>
    <Point X="449" Y="146"/>
    <Point X="450" Y="149"/>
    <Point X="450" Y="152"/>
    <Point X="450" Y="156"/>
    <Point X="450" Y="159"/>
    <Point X="450" Y="164"/>
    <Point X="450" Y="169"/>
    <Point X="450" Y="174"/>
    <Point X="450" Y="180"/>
    <Point X="450" Y="184"/>
    <Point X="450" Y="190"/>
    <Point X="450" Y="195"/>
    <Point X="450" Y="200"/>
    <Point X="450" Y="205"/>
    <Point X="450" Y="211"/>
    <Point X="450" Y="216"/>
    <Point X="450" Y="221"/>
    <Point X="450" Y="226"/>
    <Point X="450" Y="231"/>
    <Point X="450" Y="235"/>
    <Point X="450" Y="239"/>
    <Point X="450" Y="243"/>
    <Point X="450" Y="247"/>
    <Point X="450" Y="249"/>
    <Point X="450" Y="253"/>
    <Point X="451" Y="256"/>
    <Point X="451" Y="259"/>
    <Point X="451" Y="262"/>
    <Point X="452" Y="266"/>
    <Point X="453" Y="270"/>
    <Point X="453" Y="272"/>
    <Point X="453" Y="275"/>
    <Point X="453" Y="278"/>
    <Point X="453" Y="279"/>
    <Point X="453" Y="281"/>
    <Point X="453" Y="282"/>
    <Point X="453" Y="283"/>
    <Point X="453" Y="284"/>
    <Point X="453" Y="285"/>
    <Point X="452" Y="285"/>
    <Point X="450" Y="286"/>
    <Point X="448" Y="286"/>
    <Point X="446" Y="288"/>
    <Point X="445" Y="288"/>
    <Point X="443" Y="288"/>
    <Point X="441" Y="289"/>
    <Point X="437" Y="291"/>
    <Point X="434" Y="291"/>
    <Point X="430" Y="292"/>
    <Point X="427" Y="293"/>
    <Point X="424" Y="293"/>
    <Point X="421" Y="294"/>
    <Point X="418" Y="294"/>
    <Point X="415" Y="295"/>
    <Point X="411" Y="295"/>
    <Point X="409" Y="295"/>
    <Point X="407" Y="296"/>
    <Point X="406" Y="296"/>
    <Point X="405" Y="296"/>
    <Point X="404" Y="296"/>
</Gesture>
