<?xml version="1.0" ?>
<Gesture Name="09" Subject="1" Number="9" NumPts="84">
    <Point X="419" Y="57"/>
    <Point X="421" Y="57"/>
    <Point X="423" Y="57"/>
    <Point X="425" Y="57"/>
    <Point X="428" Y="59"/>
    <Point X="433" Y="61"/>
    <Point X="437" Y="64"/>
    <Point X="442" Y="67"/>
    <Point X="445" Y="70"/>
    <Point X="447" Y="72"/>
    <Point X="449" Y="75"/>
    <Point X="450" Y="79"/>
    <Point X="450" Y="82"/>
    <Point X="451" Y="86"/>
    <Point X="451" Y="89"/>
    <Point X="451" Y="93"/>
    <Point X="451" Y="96"/>
    <Point X="451" Y="101"/>
    <Point X="451" Y="106"/>
    <Point X="451" Y="111"/>
    <Point X="451" Y="117"/>
    <Point X="451" Y="123"/>
    <Point X="451" Y="129"/>
    <Point X="451" Y="134"/>
    <Point X="451" Y="141"/>
    <Point X="451" Y="146"/>
    <Point X="451" Y="151"/>
    <Point X="452" Y="155"/>
    <Point X="452" Y="159"/>
    <Point X="453" Y="163"/>
    <Point X="455" Y="167"/>
    <Point X="456" Y="170"/>
    <Point X="458" Y="172"/>
    <Point X="460" Y="176"/>
    <Point X="461" Y="178"/>
    <Point X="464" Y="181"/>
    <Point X="467" Y="183"/>
    <Point X="470" Y="185"/>
    <Point X="473" Y="188"/>
    <Point X="477" Y="190"/>
    <Point X="479" Y="191"/>
    <Point X="481" Y="192"/>
    <Point X="483" Y="193"/>
    <Point X="484" Y="193"/>
    <Point X="485" Y="193"/>
    <Point X="485" Y="192"/>
    <Point X="484" Y="192"/>
    <Point X="482" Y="193"/>
    <Point X="481" Y="193"/>
    <Point X="478" Y="194"/>
    <Point X="476" Y="196"/>
    <Point X="473" Y="198"/>
    <Point X="469" Y="200"/>
    <Point X="467" Y="203"/>
    <Point X="464" Y="206"/>
    <Point X="462" Y="208"/>
    <Point X="460" Y="211"/>
    <Point X="458" Y="214"/>
    <Point X="457" Y="218"/>
    <Point X="456" Y="222"/>
    <Point X="455" Y="227"/>
    <Point X="455" Y="231"/>
    <Point X="455" Y="236"/>
    <Point X="455" Y="241"/>
    <Point X="455" Y="247"/>
    <Point X="455" Y="252"/>
    <Point X="455" Y="258"/>
    <Point X="455" Y="263"/>
    <Point X="455" Y="269"/>
    <Point X="455" Y="274"/>
    <Point X="455" Y="279"/>
    <Point X="454" Y="284"/>
    <Point X="453" Y="288"/>
    <Point X="451" Y="293"/>
    <Point X="450" Y="296"/>
    <Point X="448" Y="299"/>
    <Point X="445" Y="302"/>
    <Point X="442" Y="305"/>
    <Point X="439" Y="308"/>
    <Point X="436" Y="310"/>
    <Point X="433" Y="312"/>
    <Point X="429" Y="313"/>
    <Point X="428" Y="314"/>
    <Point X="426" Y="314"/>
</Gesture>
