<?xml version="1.0" ?>
<Gesture Name="05" Subject="1" Number="5" NumPts="90">
    <Point X="405" Y="65"/>
    <Point X="405" Y="64"/>
    <Point X="406" Y="64"/>
    <Point X="408" Y="66"/>
    <Point X="411" Y="69"/>
    <Point X="413" Y="71"/>
    <Point X="415" Y="75"/>
    <Point X="418" Y="79"/>
    <Point X="421" Y="83"/>
    <Point X="424" Y="87"/>
    <Point X="426" Y="92"/>
    <Point X="429" Y="97"/>
    <Point X="430" Y="101"/>
    <Point X="431" Y="105"/>
    <Point X="431" Y="108"/>
    <Point X="432" Y="112"/>
    <Point X="432" Y="115"/>
    <Point X="432" Y="118"/>
    <Point X="432" Y="122"/>
    <Point X="432" Y="126"/>
    <Point X="432" Y="130"/>
    <Point X="431" Y="135"/>
    <Point X="431" Y="141"/>
    <Point X="430" Y="147"/>
    <Point X="429" Y="153"/>
    <Point X="429" Y="158"/>
    <Point X="428" Y="164"/>
    <Point X="428" Y="169"/>
    <Point X="427" Y="174"/>
    <Point X="427" Y="179"/>
    <Point X="427" Y="183"/>
    <Point X="427" Y="188"/>
    <Point X="428" Y="192"/>
    <Point X="428" Y="195"/>
    <Point X="429" Y="199"/>
    <Point X="430" Y="202"/>
    <Point X="432" Y="206"/>
    <Point X="434" Y="209"/>
    <Point X="436" Y="211"/>
    <Point X="438" Y="213"/>
    <Point X="441" Y="215"/>
    <Point X="445" Y="216"/>
    <Point X="449" Y="217"/>
    <Point X="453" Y="218"/>
    <Point X="457" Y="218"/>
    <Point X="461" Y="218"/>
    <Point X="464" Y="218"/>
    <Point X="466" Y="217"/>
    <Point X="467" Y="216"/>
    <Point X="466" Y="216"/>
    <Point X="465" Y="216"/>
    <Point X="463" Y="217"/>
    <Point X="460" Y="219"/>
    <Point X="459" Y="219"/>
    <Point X="457" Y="220"/>
    <Point X="454" Y="222"/>
    <Point X="451" Y="224"/>
    <Point X="447" Y="226"/>
    <Point X="445" Y="228"/>
    <Point X="442" Y="231"/>
    <Point X="440" Y="234"/>
    <Point X="438" Y="236"/>
    <Point X="437" Y="239"/>
    <Point X="436" Y="243"/>
    <Point X="435" Y="247"/>
    <Point X="434" Y="253"/>
    <Point X="433" Y="257"/>
    <Point X="433" Y="262"/>
    <Point X="433" Y="267"/>
    <Point X="432" Y="273"/>
    <Point X="432" Y="278"/>
    <Point X="432" Y="283"/>
    <Point X="431" Y="287"/>
    <Point X="431" Y="293"/>
    <Point X="431" Y="297"/>
    <Point X="430" Y="302"/>
    <Point X="429" Y="306"/>
    <Point X="428" Y="309"/>
    <Point X="427" Y="312"/>
    <Point X="425" Y="316"/>
    <Point X="422" Y="317"/>
    <Point X="420" Y="318"/>
    <Point X="417" Y="319"/>
    <Point X="414" Y="321"/>
    <Point X="411" Y="322"/>
    <Point X="408" Y="323"/>
    <Point X="405" Y="323"/>
    <Point X="404" Y="324"/>
    <Point X="403" Y="324"/>
    <Point X="402" Y="324"/>
</Gesture>
