<?xml version="1.0" ?>
<Gesture Name="08" Subject="1" Number="8" NumPts="88">
    <Point X="415" Y="64"/>
    <Point X="414" Y="64"/>
    <Point X="415" Y="64"/>
    <Point X="416" Y="64"/>
    <Point X="418" Y="66"/>
    <Point X="420" Y="68"/>
    <Point X="422" Y="70"/>
    <Point X="424" Y="73"/>
    <Point X="425" Y="74"/>
    <Point X="426" Y="76"/>
    <Point X="428" Y="78"/>
    <Point X="430" Y="81"/>
    <Point X="432" Y="83"/>
    <Point X="433" Y="86"/>
    <Point X="434" Y="88"/>
    <Point X="435" Y="90"/>
    <Point X="436" Y="93"/>
    <Point X="436" Y="95"/>
    <Point X="437" Y="98"/>
    <Point X="437" Y="101"/>
    <Point X="437" Y="105"/>
    <Point X="437" Y="109"/>
    <Point X="437" Y="112"/>
    <Point X="437" Y="116"/>
    <Point X="437" Y="120"/>
    <Point X="437" Y="125"/>
    <Point X="437" Y="130"/>
    <Point X="437" Y="135"/>
    <Point X="437" Y="139"/>
    <Point X="437" Y="143"/>
    <Point X="437" Y="147"/>
    <Point X="437" Y="151"/>
    <Point X="437" Y="156"/>
    <Point X="437" Y="160"/>
    <Point X="437" Y="164"/>
    <Point X="437" Y="168"/>
    <Point X="437" Y="172"/>
    <Point X="437" Y="177"/>
    <Point X="438" Y="181"/>
    <Point X="439" Y="185"/>
    <Point X="440" Y="189"/>
    <Point X="441" Y="192"/>
    <Point X="442" Y="195"/>
    <Point X="444" Y="197"/>
    <Point X="445" Y="199"/>
    <Point X="446" Y="200"/>
    <Point X="447" Y="200"/>
    <Point X="448" Y="201"/>
    <Point X="450" Y="202"/>
    <Point X="451" Y="202"/>
    <Point X="452" Y="202"/>
    <Point X="452" Y="203"/>
    <Point X="451" Y="204"/>
    <Point X="450" Y="205"/>
    <Point X="448" Y="206"/>
    <Point X="446" Y="208"/>
    <Point X="443" Y="210"/>
    <Point X="441" Y="213"/>
    <Point X="439" Y="215"/>
    <Point X="437" Y="218"/>
    <Point X="436" Y="221"/>
    <Point X="434" Y="224"/>
    <Point X="433" Y="227"/>
    <Point X="431" Y="230"/>
    <Point X="429" Y="235"/>
    <Point X="428" Y="239"/>
    <Point X="427" Y="244"/>
    <Point X="426" Y="250"/>
    <Point X="425" Y="255"/>
    <Point X="425" Y="260"/>
    <Point X="424" Y="266"/>
    <Point X="423" Y="271"/>
    <Point X="423" Y="277"/>
    <Point X="423" Y="283"/>
    <Point X="423" Y="288"/>
    <Point X="423" Y="294"/>
    <Point X="423" Y="299"/>
    <Point X="423" Y="304"/>
    <Point X="422" Y="307"/>
    <Point X="422" Y="310"/>
    <Point X="421" Y="312"/>
    <Point X="420" Y="315"/>
    <Point X="418" Y="317"/>
    <Point X="416" Y="317"/>
    <Point X="415" Y="318"/>
    <Point X="413" Y="319"/>
    <Point X="412" Y="319"/>
    <Point X="411" Y="320"/>
</Gesture>
