<?xml version="1.0" ?>
<Gesture Name="10" Subject="1" Number="10" NumPts="80">
    <Point X="432" Y="87"/>
    <Point X="433" Y="87"/>
    <Point X="435" Y="87"/>
    <Point X="436" Y="87"/>
    <Point X="438" Y="87"/>
    <Point X="441" Y="87"/>
    <Point X="445" Y="87"/>
    <Point X="449" Y="87"/>
    <Point X="454" Y="87"/>
    <Point X="459" Y="87"/>
    <Point X="463" Y="87"/>
    <Point X="468" Y="87"/>
    <Point X="473" Y="87"/>
    <Point X="476" Y="87"/>
    <Point X="478" Y="87"/>
    <Point X="479" Y="87"/>
    <Point X="480" Y="87"/>
    <Point X="481" Y="87"/>
    <Point X="481" Y="88"/>
    <Point X="481" Y="91"/>
    <Point X="481" Y="92"/>
    <Point X="481" Y="93"/>
    <Point X="482" Y="96"/>
    <Point X="482" Y="99"/>
    <Point X="482" Y="103"/>
    <Point X="483" Y="109"/>
    <Point X="483" Y="116"/>
    <Point X="484" Y="124"/>
    <Point X="485" Y="131"/>
    <Point X="485" Y="140"/>
    <Point X="486" Y="147"/>
    <Point X="487" Y="155"/>
    <Point X="487" Y="162"/>
    <Point X="488" Y="169"/>
    <Point X="489" Y="177"/>
    <Point X="489" Y="184"/>
    <Point X="490" Y="191"/>
    <Point X="490" Y="198"/>
    <Point X="490" Y="205"/>
    <Point X="490" Y="213"/>
    <Point X="490" Y="221"/>
    <Point X="490" Y="228"/>
    <Point X="490" Y="235"/>
    <Point X="490" Y="241"/>
    <Point X="490" Y="248"/>
    <Point X="490" Y="254"/>
    <Point X="490" Y="260"/>
    <Point X="490" Y="265"/>
    <Point X="490" Y="269"/>
    <Point X="490" Y="273"/>
    <Point X="490" Y="277"/>
    <Point X="490" Y="280"/>
    <Point X="490" Y="283"/>
    <Point X="490" Y="287"/>
    <Point X="490" Y="290"/>
    <Point X="490" Y="293"/>
    <Point X="489" Y="295"/>
    <Point X="489" Y="297"/>
    <Point X="489" Y="298"/>
    <Point X="489" Y="299"/>
    <Point X="488" Y="300"/>
    <Point X="487" Y="300"/>
    <Point X="485" Y="301"/>
    <Point X="483" Y="302"/>
    <Point X="482" Y="302"/>
    <Point X="480" Y="302"/>
    <Point X="476" Y="303"/>
    <Point X="471" Y="303"/>
    <Point X="466" Y="303"/>
    <Point X="460" Y="303"/>
    <Point X="454" Y="303"/>
    <Point X="449" Y="303"/>
    <Point X="443" Y="303"/>
    <Point X="439" Y="303"/>
    <Point X="436" Y="304"/>
    <Point X="432" Y="304"/>
    <Point X="429" Y="304"/>
    <Point X="426" Y="304"/>
    <Point X="424" Y="304"/>
    <Point X="421" Y="304"/>
</Gesture>
