<?xml version="1.0" ?>
<Gesture Name="07" Subject="1" Number="7" NumPts="82">
    <Point X="430" Y="122"/>
    <Point X="431" Y="122"/>
    <Point X="433" Y="123"/>
    <Point X="435" Y="124"/>
    <Point X="436" Y="124"/>
    <Point X="438" Y="124"/>
    <Point X="439" Y="125"/>
    <Point X="442" Y="125"/>
    <Point X="444" Y="125"/>
    <Point X="447" Y="125"/>
    <Point X="450" Y="126"/>
    <Point X="453" Y="126"/>
    <Point X="454" Y="126"/>
    <Point X="455" Y="126"/>
    <Point X="456" Y="126"/>
    <Point X="456" Y="127"/>
    <Point X="457" Y="128"/>
    <Point X="457" Y="129"/>
    <Point X="457" Y="130"/>
    <Point X="457" Y="131"/>
    <Point X="458" Y="134"/>
    <Point X="458" Y="135"/>
    <Point X="458" Y="136"/>
    <Point X="458" Y="138"/>
    <Point X="458" Y="140"/>
    <Point X="458" Y="143"/>
    <Point X="459" Y="147"/>
    <Point X="459" Y="152"/>
    <Point X="459" Y="157"/>
    <Point X="459" Y="163"/>
    <Point X="459" Y="170"/>
    <Point X="459" Y="176"/>
    <Point X="459" Y="183"/>
    <Point X="459" Y="191"/>
    <Point X="459" Y="198"/>
    <Point X="459" Y="205"/>
    <Point X="459" Y="211"/>
    <Point X="459" Y="217"/>
    <Point X="459" Y="223"/>
    <Point X="459" Y="228"/>
    <Point X="458" Y="234"/>
    <Point X="458" Y="238"/>
    <Point X="457" Y="243"/>
    <Point X="456" Y="247"/>
    <Point X="456" Y="251"/>
    <Point X="455" Y="255"/>
    <Point X="455" Y="258"/>
    <Point X="455" Y="261"/>
    <Point X="455" Y="265"/>
    <Point X="455" Y="269"/>
    <Point X="455" Y="272"/>
    <Point X="455" Y="276"/>
    <Point X="455" Y="279"/>
    <Point X="455" Y="282"/>
    <Point X="455" Y="284"/>
    <Point X="454" Y="287"/>
    <Point X="454" Y="289"/>
    <Point X="453" Y="292"/>
    <Point X="453" Y="294"/>
    <Point X="453" Y="296"/>
    <Point X="453" Y="297"/>
    <Point X="453" Y="298"/>
    <Point X="452" Y="298"/>
    <Point X="452" Y="299"/>
    <Point X="452" Y="300"/>
    <Point X="451" Y="300"/>
    <Point X="450" Y="300"/>
    <Point X="449" Y="300"/>
    <Point X="447" Y="301"/>
    <Point X="446" Y="301"/>
    <Point X="445" Y="301"/>
    <Point X="443" Y="302"/>
    <Point X="440" Y="302"/>
    <Point X="438" Y="302"/>
    <Point X="435" Y="303"/>
    <Point X="431" Y="303"/>
    <Point X="428" Y="303"/>
    <Point X="424" Y="303"/>
    <Point X="420" Y="303"/>
    <Point X="417" Y="303"/>
    <Point X="415" Y="303"/>
    <Point X="413" Y="303"/>
</Gesture>
