<?xml version="1.0" ?>
<Gesture Name="02" Subject="1" Number="2" NumPts="86">
    <Point X="372" Y="129"/>
    <Point X="374" Y="129"/>
    <Point X="375" Y="129"/>
    <Point X="377" Y="129"/>
    <Point X="381" Y="129"/>
    <Point X="385" Y="129"/>
    <Point X="389" Y="129"/>
    <Point X="395" Y="129"/>
    <Point X="401" Y="129"/>
    <Point X="407" Y="129"/>
    <Point X="413" Y="129"/>
    <Point X="417" Y="129"/>
    <Point X="421" Y="129"/>
    <Point X="424" Y="129"/>
    <Point X="425" Y="129"/>
    <Point X="425" Y="131"/>
    <Point X="425" Y="132"/>
    <Point X="425" Y="134"/>
    <Point X="425" Y="136"/>
    <Point X="425" Y="139"/>
    <Point X="425" Y="143"/>
    <Point X="425" Y="149"/>
    <Point X="426" Y="155"/>
    <Point X="426" Y="160"/>
    <Point X="426" Y="167"/>
    <Point X="426" Y="173"/>
    <Point X="426" Y="179"/>
    <Point X="426" Y="184"/>
    <Point X="426" Y="190"/>
    <Point X="426" Y="195"/>
    <Point X="426" Y="201"/>
    <Point X="426" Y="206"/>
    <Point X="426" Y="211"/>
    <Point X="426" Y="215"/>
    <Point X="426" Y="219"/>
    <Point X="426" Y="223"/>
    <Point X="426" Y="226"/>
    <Point X="426" Y="229"/>
    <Point X="426" Y="232"/>
    <Point X="426" Y="235"/>
    <Point X="426" Y="238"/>
    <Point X="426" Y="240"/>
    <Point X="426" Y="244"/>
    <Point X="426" Y="247"/>
    <Point X="426" Y="250"/>
    <Point X="426" Y="254"/>
    <Point X="426" Y="258"/>
    <Point X="426" Y="261"/>
    <Point X="425" Y="265"/>
    <Point X="425" Y="268"/>
    <Point X="425" Y="272"/>
    <Point X="425" Y="274"/>
    <Point X="425" Y="276"/>
    <Point X="425" Y="278"/>
    <Point X="425" Y="279"/>
    <Point X="425" Y="280"/>
    <Point X="424" Y="281"/>
    <Point X="424" Y="282"/>
    <Point X="424" Y="283"/>
    <Point X="424" Y="284"/>
    <Point X="424" Y="285"/>
    <Point X="424" Y="286"/>
    <Point X="424" Y="287"/>
    <Point X="424" Y="288"/>
    <Point X="424" Y="289"/>
    <Point X="423" Y="290"/>
    <Point X="422" Y="290"/>
    <Point X="419" Y="291"/>
    <Point X="417" Y="291"/>
    <Point X="415" Y="292"/>
    <Point X="412" Y="292"/>
    <Point X="411" Y="292"/>
    <Point X="409" Y="292"/>
    <Point X="406" Y="293"/>
    <Point X="402" Y="293"/>
    <Point X="398" Y="294"/>
    <Point X="394" Y="294"/>
    <Point X="391" Y="294"/>
    <Point X="389" Y="295"/>
    <Point X="387" Y="295"/>
    <Point X="386" Y="295"/>
    <Point X="385" Y="295"/>
    <Point X="383" Y="296"/>
    <Point X="382" Y="296"/>
    <Point X="381" Y="296"/>
    <Point X="380" Y="296"/>
</Gesture>
