<?xml version="1.0" ?>
<Gesture Name="06" Subject="1" Number="6" NumPts="76">
    <Point X="404" Y="146"/>
    <Point X="405" Y="146"/>
    <Point X="407" Y="146"/>
    <Point X="408" Y="146"/>
    <Point X="411" Y="146"/>
    <Point X="414" Y="146"/>
    <Point X="416" Y="147"/>
    <Point X="419" Y="147"/>
    <Point X="423" Y="147"/>
    <Point X="427" Y="147"/>
    <Point X="431" Y="148"/>
    <Point X="435" Y="148"/>
    <Point X="438" Y="148"/>
    <Point X="441" Y="148"/>
    <Point X="442" Y="149"/>
    <Point X="442" Y="150"/>
    <Point X="442" Y="151"/>
    <Point X="443" Y="153"/>
    <Point X="444" Y="156"/>
    <Point X="444" Y="157"/>
    <Point X="444" Y="159"/>
    <Point X="444" Y="161"/>
    <Point X="444" Y="165"/>
    <Point X="445" Y="169"/>
    <Point X="445" Y="174"/>
    <Point X="445" Y="179"/>
    <Point X="446" Y="185"/>
    <Point X="447" Y="191"/>
    <Point X="447" Y="198"/>
    <Point X="447" Y="206"/>
    <Point X="447" Y="213"/>
    <Point X="447" Y="221"/>
    <Point X="447" Y="229"/>
    <Point X="447" Y="235"/>
    <Point X="447" Y="241"/>
    <Point X="447" Y="247"/>
    <Point X="447" Y="253"/>
    <Point X="447" Y="258"/>
    <Point X="447" Y="263"/>
    <Point X="447" Y="267"/>
    <Point X="447" Y="271"/>
    <Point X="447" Y="274"/>
    <Point X="447" Y="278"/>
    <Point X="447" Y="281"/>
    <Point X="447" Y="285"/>
    <Point X="447" Y="288"/>
    <Point X="447" Y="292"/>
    <Point X="447" Y="295"/>
    <Point X="446" Y="299"/>
    <Point X="446" Y="302"/>
    <Point X="446" Y="305"/>
    <Point X="445" Y="307"/>
    <Point X="445" Y="310"/>
    <Point X="445" Y="312"/>
    <Point X="445" Y="314"/>
    <Point X="445" Y="317"/>
    <Point X="445" Y="318"/>
    <Point X="445" Y="320"/>
    <Point X="445" Y="322"/>
    <Point X="445" Y="323"/>
    <Point X="445" Y="324"/>
    <Point X="444" Y="324"/>
    <Point X="444" Y="325"/>
    <Point X="442" Y="325"/>
    <Point X="440" Y="325"/>
    <Point X="437" Y="326"/>
    <Point X="436" Y="326"/>
    <Point X="433" Y="327"/>
    <Point X="432" Y="327"/>
    <Point X="431" Y="327"/>
    <Point X="428" Y="327"/>
    <Point X="425" Y="327"/>
    <Point X="421" Y="327"/>
    <Point X="418" Y="327"/>
    <Point X="417" Y="327"/>
    <Point X="415" Y="327"/>
</Gesture>
