<?xml version="1.0" ?>
<Gesture Name="02" Subject="1" Number="2" NumPts="83">
    <Point X="409" Y="64"/>
    <Point X="409" Y="63"/>
    <Point X="411" Y="63"/>
    <Point X="414" Y="63"/>
    <Point X="417" Y="64"/>
    <Point X="420" Y="65"/>
    <Point X="424" Y="66"/>
    <Point X="426" Y="68"/>
    <Point X="429" Y="70"/>
    <Point X="430" Y="71"/>
    <Point X="432" Y="73"/>
    <Point X="432" Y="76"/>
    <Point X="433" Y="80"/>
    <Point X="434" Y="84"/>
    <Point X="434" Y="88"/>
    <Point X="434" Y="94"/>
    <Point X="434" Y="99"/>
    <Point X="434" Y="105"/>
    <Point X="434" Y="111"/>
    <Point X="434" Y="116"/>
    <Point X="434" Y="122"/>
    <Point X="434" Y="128"/>
    <Point X="434" Y="135"/>
    <Point X="434" Y="140"/>
    <Point X="434" Y="146"/>
    <Point X="434" Y="152"/>
    <Point X="435" Y="159"/>
    <Point X="436" Y="165"/>
    <Point X="436" Y="171"/>
    <Point X="437" Y="176"/>
    <Point X="439" Y="182"/>
    <Point X="440" Y="187"/>
    <Point X="441" Y="192"/>
    <Point X="442" Y="196"/>
    <Point X="444" Y="201"/>
    <Point X="447" Y="205"/>
    <Point X="448" Y="207"/>
    <Point X="450" Y="210"/>
    <Point X="452" Y="211"/>
    <Point X="455" Y="212"/>
    <Point X="456" Y="212"/>
    <Point X="459" Y="212"/>
    <Point X="461" Y="211"/>
    <Point X="461" Y="210"/>
    <Point X="462" Y="210"/>
    <Point X="462" Y="209"/>
    <Point X="462" Y="208"/>
    <Point X="461" Y="208"/>
    <Point X="459" Y="209"/>
    <Point X="458" Y="209"/>
    <Point X="456" Y="210"/>
    <Point X="454" Y="211"/>
    <Point X="452" Y="213"/>
    <Point X="449" Y="215"/>
    <Point X="447" Y="218"/>
    <Point X="445" Y="220"/>
    <Point X="442" Y="223"/>
    <Point X="441" Y="227"/>
    <Point X="440" Y="231"/>
    <Point X="440" Y="235"/>
    <Point X="439" Y="239"/>
    <Point X="439" Y="243"/>
    <Point X="439" Y="248"/>
    <Point X="439" Y="253"/>
    <Point X="439" Y="258"/>
    <Point X="439" Y="263"/>
    <Point X="439" Y="269"/>
    <Point X="439" Y="273"/>
    <Point X="439" Y="278"/>
    <Point X="439" Y="282"/>
    <Point X="439" Y="286"/>
    <Point X="439" Y="290"/>
    <Point X="438" Y="293"/>
    <Point X="437" Y="297"/>
    <Point X="435" Y="299"/>
    <Point X="432" Y="302"/>
    <Point X="430" Y="303"/>
    <Point X="426" Y="305"/>
    <Point X="423" Y="306"/>
    <Point X="420" Y="308"/>
    <Point X="419" Y="308"/>
    <Point X="417" Y="308"/>
    <Point X="416" Y="309"/>
</Gesture>
