<?xml version="1.0" ?>
<Gesture Name="05" Subject="1" Number="5" NumPts="80">
    <Point X="411" Y="133"/>
    <Point X="412" Y="133"/>
    <Point X="415" Y="133"/>
    <Point X="419" Y="133"/>
    <Point X="425" Y="133"/>
    <Point X="430" Y="133"/>
    <Point X="435" Y="133"/>
    <Point X="441" Y="133"/>
    <Point X="446" Y="134"/>
    <Point X="450" Y="134"/>
    <Point X="454" Y="135"/>
    <Point X="457" Y="135"/>
    <Point X="458" Y="136"/>
    <Point X="458" Y="137"/>
    <Point X="458" Y="138"/>
    <Point X="458" Y="139"/>
    <Point X="458" Y="142"/>
    <Point X="458" Y="145"/>
    <Point X="458" Y="149"/>
    <Point X="458" Y="154"/>
    <Point X="458" Y="158"/>
    <Point X="458" Y="164"/>
    <Point X="458" Y="170"/>
    <Point X="458" Y="177"/>
    <Point X="458" Y="184"/>
    <Point X="458" Y="190"/>
    <Point X="458" Y="197"/>
    <Point X="458" Y="203"/>
    <Point X="458" Y="209"/>
    <Point X="458" Y="215"/>
    <Point X="458" Y="222"/>
    <Point X="458" Y="228"/>
    <Point X="458" Y="233"/>
    <Point X="458" Y="239"/>
    <Point X="458" Y="244"/>
    <Point X="458" Y="249"/>
    <Point X="458" Y="254"/>
    <Point X="458" Y="257"/>
    <Point X="458" Y="260"/>
    <Point X="458" Y="263"/>
    <Point X="458" Y="267"/>
    <Point X="458" Y="269"/>
    <Point X="458" Y="271"/>
    <Point X="458" Y="273"/>
    <Point X="458" Y="275"/>
    <Point X="458" Y="276"/>
    <Point X="458" Y="278"/>
    <Point X="458" Y="280"/>
    <Point X="458" Y="282"/>
    <Point X="458" Y="284"/>
    <Point X="458" Y="287"/>
    <Point X="458" Y="288"/>
    <Point X="458" Y="290"/>
    <Point X="458" Y="291"/>
    <Point X="458" Y="292"/>
    <Point X="458" Y="293"/>
    <Point X="457" Y="293"/>
    <Point X="457" Y="294"/>
    <Point X="456" Y="294"/>
    <Point X="454" Y="295"/>
    <Point X="453" Y="296"/>
    <Point X="450" Y="297"/>
    <Point X="449" Y="298"/>
    <Point X="447" Y="298"/>
    <Point X="445" Y="298"/>
    <Point X="442" Y="299"/>
    <Point X="440" Y="299"/>
    <Point X="438" Y="299"/>
    <Point X="436" Y="300"/>
    <Point X="433" Y="300"/>
    <Point X="429" Y="300"/>
    <Point X="426" Y="300"/>
    <Point X="423" Y="300"/>
    <Point X="420" Y="300"/>
    <Point X="418" Y="300"/>
    <Point X="416" Y="300"/>
    <Point X="414" Y="300"/>
    <Point X="412" Y="300"/>
    <Point X="410" Y="300"/>
    <Point X="409" Y="300"/>
</Gesture>
