<?xml version="1.0" ?>
<Gesture Name="10" Subject="1" Number="10" NumPts="81">
    <Point X="429" Y="79"/>
    <Point X="430" Y="78"/>
    <Point X="431" Y="79"/>
    <Point X="433" Y="81"/>
    <Point X="435" Y="83"/>
    <Point X="437" Y="85"/>
    <Point X="439" Y="88"/>
    <Point X="440" Y="92"/>
    <Point X="441" Y="95"/>
    <Point X="442" Y="98"/>
    <Point X="443" Y="102"/>
    <Point X="443" Y="105"/>
    <Point X="443" Y="109"/>
    <Point X="443" Y="113"/>
    <Point X="442" Y="116"/>
    <Point X="441" Y="119"/>
    <Point X="440" Y="122"/>
    <Point X="439" Y="126"/>
    <Point X="438" Y="129"/>
    <Point X="437" Y="133"/>
    <Point X="436" Y="136"/>
    <Point X="435" Y="140"/>
    <Point X="435" Y="144"/>
    <Point X="435" Y="148"/>
    <Point X="435" Y="152"/>
    <Point X="435" Y="157"/>
    <Point X="435" Y="162"/>
    <Point X="436" Y="166"/>
    <Point X="438" Y="170"/>
    <Point X="440" Y="174"/>
    <Point X="442" Y="178"/>
    <Point X="444" Y="180"/>
    <Point X="448" Y="183"/>
    <Point X="451" Y="185"/>
    <Point X="454" Y="186"/>
    <Point X="459" Y="188"/>
    <Point X="463" Y="189"/>
    <Point X="466" Y="189"/>
    <Point X="469" Y="189"/>
    <Point X="470" Y="189"/>
    <Point X="470" Y="188"/>
    <Point X="470" Y="187"/>
    <Point X="469" Y="187"/>
    <Point X="467" Y="187"/>
    <Point X="465" Y="187"/>
    <Point X="463" Y="187"/>
    <Point X="460" Y="187"/>
    <Point X="456" Y="187"/>
    <Point X="453" Y="188"/>
    <Point X="450" Y="189"/>
    <Point X="447" Y="190"/>
    <Point X="446" Y="192"/>
    <Point X="445" Y="194"/>
    <Point X="444" Y="196"/>
    <Point X="443" Y="199"/>
    <Point X="442" Y="203"/>
    <Point X="442" Y="208"/>
    <Point X="442" Y="212"/>
    <Point X="442" Y="217"/>
    <Point X="442" Y="223"/>
    <Point X="442" Y="229"/>
    <Point X="442" Y="236"/>
    <Point X="442" Y="243"/>
    <Point X="442" Y="250"/>
    <Point X="442" Y="256"/>
    <Point X="443" Y="263"/>
    <Point X="444" Y="269"/>
    <Point X="444" Y="273"/>
    <Point X="444" Y="277"/>
    <Point X="444" Y="280"/>
    <Point X="443" Y="282"/>
    <Point X="442" Y="284"/>
    <Point X="441" Y="285"/>
    <Point X="440" Y="285"/>
    <Point X="439" Y="285"/>
    <Point X="437" Y="286"/>
    <Point X="436" Y="286"/>
    <Point X="435" Y="286"/>
    <Point X="433" Y="286"/>
    <Point X="432" Y="286"/>
    <Point X="431" Y="286"/>
</Gesture>
