<?xml version="1.0" ?>
<Gesture Name="01" Subject="1" Number="1" NumPts="77">
    <Point X="390" Y="97"/>
    <Point X="391" Y="96"/>
    <Point X="393" Y="96"/>
    <Point X="397" Y="95"/>
    <Point X="401" Y="95"/>
    <Point X="407" Y="95"/>
    <Point X="413" Y="95"/>
    <Point X="418" Y="95"/>
    <Point X="425" Y="95"/>
    <Point X="431" Y="95"/>
    <Point X="437" Y="95"/>
    <Point X="442" Y="95"/>
    <Point X="447" Y="95"/>
    <Point X="450" Y="96"/>
    <Point X="450" Y="97"/>
    <Point X="450" Y="98"/>
    <Point X="450" Y="101"/>
    <Point X="450" Y="102"/>
    <Point X="450" Y="103"/>
    <Point X="450" Y="106"/>
    <Point X="450" Y="110"/>
    <Point X="450" Y="113"/>
    <Point X="450" Y="118"/>
    <Point X="450" Y="123"/>
    <Point X="450" Y="128"/>
    <Point X="450" Y="133"/>
    <Point X="450" Y="138"/>
    <Point X="450" Y="144"/>
    <Point X="450" Y="149"/>
    <Point X="450" Y="154"/>
    <Point X="450" Y="159"/>
    <Point X="450" Y="164"/>
    <Point X="450" Y="169"/>
    <Point X="450" Y="173"/>
    <Point X="450" Y="178"/>
    <Point X="450" Y="182"/>
    <Point X="450" Y="186"/>
    <Point X="450" Y="189"/>
    <Point X="450" Y="193"/>
    <Point X="450" Y="197"/>
    <Point X="450" Y="200"/>
    <Point X="450" Y="204"/>
    <Point X="450" Y="208"/>
    <Point X="450" Y="213"/>
    <Point X="450" Y="218"/>
    <Point X="450" Y="222"/>
    <Point X="450" Y="227"/>
    <Point X="450" Y="231"/>
    <Point X="450" Y="235"/>
    <Point X="450" Y="238"/>
    <Point X="450" Y="241"/>
    <Point X="450" Y="244"/>
    <Point X="450" Y="246"/>
    <Point X="450" Y="249"/>
    <Point X="450" Y="250"/>
    <Point X="450" Y="252"/>
    <Point X="450" Y="253"/>
    <Point X="450" Y="254"/>
    <Point X="450" Y="255"/>
    <Point X="450" Y="256"/>
    <Point X="450" Y="257"/>
    <Point X="450" Y="258"/>
    <Point X="450" Y="259"/>
    <Point X="449" Y="259"/>
    <Point X="446" Y="260"/>
    <Point X="443" Y="260"/>
    <Point X="438" Y="260"/>
    <Point X="434" Y="261"/>
    <Point X="430" Y="261"/>
    <Point X="425" Y="262"/>
    <Point X="421" Y="262"/>
    <Point X="419" Y="263"/>
    <Point X="417" Y="263"/>
    <Point X="416" Y="263"/>
    <Point X="415" Y="263"/>
    <Point X="415" Y="264"/>
    <Point X="414" Y="264"/>
</Gesture>
