<?xml version="1.0" ?>
<Gesture Name="03" Subject="1" Number="3" NumPts="82">
    <Point X="404" Y="79"/>
    <Point X="406" Y="79"/>
    <Point X="407" Y="79"/>
    <Point X="409" Y="79"/>
    <Point X="413" Y="80"/>
    <Point X="418" Y="82"/>
    <Point X="422" Y="85"/>
    <Point X="427" Y="88"/>
    <Point X="433" Y="93"/>
    <Point X="437" Y="97"/>
    <Point X="441" Y="101"/>
    <Point X="443" Y="105"/>
    <Point X="445" Y="109"/>
    <Point X="446" Y="112"/>
    <Point X="446" Y="116"/>
    <Point X="446" Y="119"/>
    <Point X="446" Y="123"/>
    <Point X="446" Y="126"/>
    <Point X="446" Y="130"/>
    <Point X="445" Y="135"/>
    <Point X="445" Y="139"/>
    <Point X="444" Y="144"/>
    <Point X="444" Y="148"/>
    <Point X="444" Y="153"/>
    <Point X="444" Y="158"/>
    <Point X="444" Y="163"/>
    <Point X="444" Y="168"/>
    <Point X="445" Y="172"/>
    <Point X="446" Y="177"/>
    <Point X="447" Y="181"/>
    <Point X="449" Y="184"/>
    <Point X="450" Y="186"/>
    <Point X="452" Y="188"/>
    <Point X="454" Y="190"/>
    <Point X="455" Y="191"/>
    <Point X="458" Y="191"/>
    <Point X="460" Y="192"/>
    <Point X="462" Y="192"/>
    <Point X="465" Y="192"/>
    <Point X="467" Y="192"/>
    <Point X="468" Y="192"/>
    <Point X="468" Y="191"/>
    <Point X="469" Y="191"/>
    <Point X="469" Y="190"/>
    <Point X="469" Y="189"/>
    <Point X="468" Y="189"/>
    <Point X="467" Y="189"/>
    <Point X="466" Y="190"/>
    <Point X="465" Y="191"/>
    <Point X="463" Y="194"/>
    <Point X="461" Y="195"/>
    <Point X="461" Y="196"/>
    <Point X="459" Y="199"/>
    <Point X="458" Y="202"/>
    <Point X="457" Y="205"/>
    <Point X="456" Y="209"/>
    <Point X="454" Y="213"/>
    <Point X="452" Y="218"/>
    <Point X="451" Y="224"/>
    <Point X="450" Y="230"/>
    <Point X="448" Y="237"/>
    <Point X="448" Y="244"/>
    <Point X="448" Y="251"/>
    <Point X="448" Y="258"/>
    <Point X="447" Y="265"/>
    <Point X="446" Y="272"/>
    <Point X="446" Y="278"/>
    <Point X="445" Y="284"/>
    <Point X="445" Y="289"/>
    <Point X="443" Y="294"/>
    <Point X="442" Y="298"/>
    <Point X="439" Y="302"/>
    <Point X="437" Y="304"/>
    <Point X="435" Y="307"/>
    <Point X="431" Y="308"/>
    <Point X="426" Y="309"/>
    <Point X="422" Y="310"/>
    <Point X="417" Y="311"/>
    <Point X="413" Y="311"/>
    <Point X="410" Y="311"/>
    <Point X="407" Y="311"/>
    <Point X="406" Y="311"/>
</Gesture>
