<?xml version="1.0" ?>
<Gesture Name="09" Subject="1" Number="9" NumPts="87">
    <Point X="426" Y="87"/>
    <Point X="427" Y="87"/>
    <Point X="428" Y="87"/>
    <Point X="430" Y="87"/>
    <Point X="433" Y="87"/>
    <Point X="437" Y="87"/>
    <Point X="439" Y="87"/>
    <Point X="442" Y="87"/>
    <Point X="446" Y="87"/>
    <Point X="450" Y="88"/>
    <Point X="454" Y="88"/>
    <Point X="458" Y="88"/>
    <Point X="461" Y="88"/>
    <Point X="464" Y="88"/>
    <Point X="466" Y="88"/>
    <Point X="469" Y="89"/>
    <Point X="472" Y="89"/>
    <Point X="474" Y="89"/>
    <Point X="477" Y="89"/>
    <Point X="478" Y="89"/>
    <Point X="479" Y="90"/>
    <Point X="480" Y="90"/>
    <Point X="480" Y="91"/>
    <Point X="480" Y="92"/>
    <Point X="480" Y="94"/>
    <Point X="481" Y="96"/>
    <Point X="481" Y="98"/>
    <Point X="481" Y="101"/>
    <Point X="482" Y="105"/>
    <Point X="483" Y="110"/>
    <Point X="483" Y="115"/>
    <Point X="483" Y="120"/>
    <Point X="484" Y="125"/>
    <Point X="484" Y="131"/>
    <Point X="484" Y="136"/>
    <Point X="484" Y="141"/>
    <Point X="484" Y="146"/>
    <Point X="484" Y="152"/>
    <Point X="484" Y="157"/>
    <Point X="484" Y="163"/>
    <Point X="484" Y="167"/>
    <Point X="484" Y="173"/>
    <Point X="484" Y="177"/>
    <Point X="484" Y="182"/>
    <Point X="484" Y="187"/>
    <Point X="484" Y="191"/>
    <Point X="484" Y="196"/>
    <Point X="484" Y="201"/>
    <Point X="484" Y="206"/>
    <Point X="484" Y="212"/>
    <Point X="484" Y="218"/>
    <Point X="484" Y="223"/>
    <Point X="484" Y="229"/>
    <Point X="484" Y="234"/>
    <Point X="484" Y="239"/>
    <Point X="484" Y="243"/>
    <Point X="484" Y="248"/>
    <Point X="484" Y="253"/>
    <Point X="484" Y="256"/>
    <Point X="484" Y="260"/>
    <Point X="484" Y="263"/>
    <Point X="484" Y="267"/>
    <Point X="484" Y="270"/>
    <Point X="484" Y="271"/>
    <Point X="484" Y="272"/>
    <Point X="484" Y="273"/>
    <Point X="483" Y="275"/>
    <Point X="482" Y="275"/>
    <Point X="481" Y="277"/>
    <Point X="479" Y="279"/>
    <Point X="478" Y="280"/>
    <Point X="477" Y="281"/>
    <Point X="475" Y="282"/>
    <Point X="473" Y="282"/>
    <Point X="472" Y="282"/>
    <Point X="471" Y="282"/>
    <Point X="468" Y="282"/>
    <Point X="466" Y="282"/>
    <Point X="463" Y="282"/>
    <Point X="459" Y="282"/>
    <Point X="455" Y="282"/>
    <Point X="452" Y="282"/>
    <Point X="448" Y="282"/>
    <Point X="444" Y="282"/>
    <Point X="442" Y="282"/>
    <Point X="439" Y="282"/>
    <Point X="438" Y="283"/>
</Gesture>
