<?xml version="1.0" ?>
<Gesture Name="04" Subject="1" Number="4" NumPts="85">
    <Point X="405" Y="57"/>
    <Point X="408" Y="57"/>
    <Point X="409" Y="57"/>
    <Point X="410" Y="58"/>
    <Point X="413" Y="59"/>
    <Point X="416" Y="61"/>
    <Point X="420" Y="65"/>
    <Point X="423" Y="69"/>
    <Point X="427" Y="73"/>
    <Point X="430" Y="77"/>
    <Point X="432" Y="81"/>
    <Point X="434" Y="85"/>
    <Point X="435" Y="89"/>
    <Point X="435" Y="93"/>
    <Point X="435" Y="97"/>
    <Point X="435" Y="100"/>
    <Point X="435" Y="103"/>
    <Point X="435" Y="107"/>
    <Point X="435" Y="112"/>
    <Point X="434" Y="116"/>
    <Point X="432" Y="122"/>
    <Point X="431" Y="128"/>
    <Point X="430" Y="133"/>
    <Point X="429" Y="140"/>
    <Point X="429" Y="147"/>
    <Point X="429" Y="154"/>
    <Point X="429" Y="160"/>
    <Point X="429" Y="166"/>
    <Point X="429" Y="171"/>
    <Point X="430" Y="177"/>
    <Point X="432" Y="181"/>
    <Point X="434" Y="184"/>
    <Point X="435" Y="186"/>
    <Point X="437" Y="188"/>
    <Point X="439" Y="190"/>
    <Point X="442" Y="191"/>
    <Point X="445" Y="192"/>
    <Point X="449" Y="193"/>
    <Point X="453" Y="193"/>
    <Point X="457" Y="193"/>
    <Point X="460" Y="193"/>
    <Point X="461" Y="193"/>
    <Point X="461" Y="192"/>
    <Point X="460" Y="192"/>
    <Point X="460" Y="191"/>
    <Point X="457" Y="191"/>
    <Point X="456" Y="191"/>
    <Point X="455" Y="192"/>
    <Point X="453" Y="194"/>
    <Point X="450" Y="196"/>
    <Point X="449" Y="197"/>
    <Point X="447" Y="200"/>
    <Point X="446" Y="201"/>
    <Point X="445" Y="202"/>
    <Point X="444" Y="204"/>
    <Point X="443" Y="207"/>
    <Point X="441" Y="211"/>
    <Point X="439" Y="216"/>
    <Point X="436" Y="221"/>
    <Point X="434" Y="226"/>
    <Point X="433" Y="233"/>
    <Point X="432" Y="239"/>
    <Point X="431" Y="245"/>
    <Point X="431" Y="251"/>
    <Point X="431" Y="258"/>
    <Point X="431" Y="265"/>
    <Point X="431" Y="272"/>
    <Point X="431" Y="279"/>
    <Point X="431" Y="285"/>
    <Point X="430" Y="291"/>
    <Point X="429" Y="298"/>
    <Point X="429" Y="303"/>
    <Point X="427" Y="308"/>
    <Point X="425" Y="311"/>
    <Point X="424" Y="315"/>
    <Point X="422" Y="317"/>
    <Point X="420" Y="318"/>
    <Point X="416" Y="319"/>
    <Point X="413" Y="320"/>
    <Point X="408" Y="321"/>
    <Point X="403" Y="321"/>
    <Point X="400" Y="321"/>
    <Point X="397" Y="321"/>
    <Point X="395" Y="320"/>
    <Point X="394" Y="320"/>
</Gesture>
