<?xml version="1.0" ?>
<Gesture Name="06" Subject="1" Number="6" NumPts="168">
    <Point X="321" Y="325"/>
    <Point X="322" Y="323"/>
    <Point X="322" Y="322"/>
    <Point X="323" Y="319"/>
    <Point X="324" Y="315"/>
    <Point X="326" Y="311"/>
    <Point X="328" Y="305"/>
    <Point X="329" Y="298"/>
    <Point X="331" Y="290"/>
    <Point X="333" Y="281"/>
    <Point X="335" Y="273"/>
    <Point X="337" Y="264"/>
    <Point X="339" Y="256"/>
    <Point X="341" Y="248"/>
    <Point X="344" Y="240"/>
    <Point X="346" Y="231"/>
    <Point X="349" Y="224"/>
    <Point X="352" Y="217"/>
    <Point X="354" Y="209"/>
    <Point X="356" Y="203"/>
    <Point X="358" Y="196"/>
    <Point X="360" Y="190"/>
    <Point X="362" Y="185"/>
    <Point X="364" Y="180"/>
    <Point X="366" Y="175"/>
    <Point X="368" Y="172"/>
    <Point X="370" Y="168"/>
    <Point X="371" Y="165"/>
    <Point X="373" Y="163"/>
    <Point X="374" Y="161"/>
    <Point X="374" Y="159"/>
    <Point X="375" Y="158"/>
    <Point X="376" Y="157"/>
    <Point X="377" Y="156"/>
    <Point X="377" Y="155"/>
    <Point X="378" Y="156"/>
    <Point X="380" Y="158"/>
    <Point X="380" Y="159"/>
    <Point X="381" Y="161"/>
    <Point X="382" Y="164"/>
    <Point X="383" Y="168"/>
    <Point X="385" Y="172"/>
    <Point X="386" Y="176"/>
    <Point X="387" Y="182"/>
    <Point X="389" Y="188"/>
    <Point X="391" Y="194"/>
    <Point X="392" Y="201"/>
    <Point X="394" Y="209"/>
    <Point X="395" Y="217"/>
    <Point X="396" Y="224"/>
    <Point X="397" Y="233"/>
    <Point X="398" Y="241"/>
    <Point X="399" Y="250"/>
    <Point X="401" Y="258"/>
    <Point X="402" Y="266"/>
    <Point X="403" Y="274"/>
    <Point X="405" Y="281"/>
    <Point X="406" Y="287"/>
    <Point X="407" Y="292"/>
    <Point X="408" Y="296"/>
    <Point X="408" Y="299"/>
    <Point X="409" Y="302"/>
    <Point X="409" Y="304"/>
    <Point X="410" Y="304"/>
    <Point X="410" Y="305"/>
    <Point X="410" Y="306"/>
    <Point X="411" Y="308"/>
    <Point X="411" Y="309"/>
    <Point X="411" Y="310"/>
    <Point X="412" Y="311"/>
    <Point X="412" Y="312"/>
    <Point X="412" Y="313"/>
    <Point X="411" Y="312"/>
    <Point X="410" Y="312"/>
    <Point X="409" Y="311"/>
    <Point X="407" Y="308"/>
    <Point X="405" Y="305"/>
    <Point X="399" Y="297"/>
    <Point X="396" Y="292"/>
    <Point X="393" Y="288"/>
    <Point X="390" Y="284"/>
    <Point X="386" Y="279"/>
    <Point X="383" Y="275"/>
    <Point X="379" Y="270"/>
    <Point X="374" Y="265"/>
    <Point X="370" Y="260"/>
    <Point X="365" Y="254"/>
    <Point X="359" Y="249"/>
    <Point X="354" Y="245"/>
    <Point X="349" Y="240"/>
    <Point X="342" Y="237"/>
    <Point X="335" Y="233"/>
    <Point X="329" Y="230"/>
    <Point X="323" Y="228"/>
    <Point X="319" Y="227"/>
    <Point X="314" Y="225"/>
    <Point X="311" Y="224"/>
    <Point X="310" Y="224"/>
    <Point X="311" Y="223"/>
    <Point X="312" Y="223"/>
    <Point X="314" Y="222"/>
    <Point X="317" Y="221"/>
    <Point X="323" Y="220"/>
    <Point X="330" Y="218"/>
    <Point X="336" Y="218"/>
    <Point X="345" Y="217"/>
    <Point X="355" Y="216"/>
    <Point X="364" Y="215"/>
    <Point X="375" Y="214"/>
    <Point X="386" Y="214"/>
    <Point X="396" Y="213"/>
    <Point X="406" Y="212"/>
    <Point X="416" Y="212"/>
    <Point X="423" Y="212"/>
    <Point X="430" Y="212"/>
    <Point X="437" Y="212"/>
    <Point X="442" Y="212"/>
    <Point X="447" Y="211"/>
    <Point X="451" Y="211"/>
    <Point X="454" Y="211"/>
    <Point X="456" Y="211"/>
    <Point X="457" Y="211"/>
    <Point X="458" Y="211"/>
    <Point X="458" Y="212"/>
    <Point X="458" Y="213"/>
    <Point X="457" Y="214"/>
    <Point X="455" Y="217"/>
    <Point X="452" Y="220"/>
    <Point X="448" Y="224"/>
    <Point X="444" Y="229"/>
    <Point X="440" Y="234"/>
    <Point X="436" Y="239"/>
    <Point X="430" Y="244"/>
    <Point X="425" Y="249"/>
    <Point X="420" Y="254"/>
    <Point X="414" Y="260"/>
    <Point X="408" Y="266"/>
    <Point X="403" Y="271"/>
    <Point X="397" Y="275"/>
    <Point X="392" Y="280"/>
    <Point X="387" Y="283"/>
    <Point X="384" Y="286"/>
    <Point X="381" Y="289"/>
    <Point X="377" Y="292"/>
    <Point X="374" Y="295"/>
    <Point X="370" Y="297"/>
    <Point X="367" Y="299"/>
    <Point X="364" Y="300"/>
    <Point X="361" Y="302"/>
    <Point X="357" Y="303"/>
    <Point X="354" Y="305"/>
    <Point X="350" Y="307"/>
    <Point X="347" Y="308"/>
    <Point X="343" Y="309"/>
    <Point X="340" Y="310"/>
    <Point X="337" Y="312"/>
    <Point X="334" Y="313"/>
    <Point X="332" Y="315"/>
    <Point X="328" Y="317"/>
    <Point X="326" Y="318"/>
    <Point X="322" Y="321"/>
    <Point X="318" Y="322"/>
    <Point X="315" Y="325"/>
    <Point X="311" Y="327"/>
    <Point X="309" Y="328"/>
    <Point X="309" Y="329"/>
    <Point X="308" Y="329"/>
    <Point X="308" Y="330"/>
</Gesture>
