<?xml version="1.0" ?>
<Gesture Name="01" Subject="1" Number="1" NumPts="150">
    <Point X="295" Y="303"/>
    <Point X="296" Y="302"/>
    <Point X="298" Y="299"/>
    <Point X="300" Y="295"/>
    <Point X="303" Y="290"/>
    <Point X="307" Y="283"/>
    <Point X="311" Y="276"/>
    <Point X="314" Y="269"/>
    <Point X="318" Y="260"/>
    <Point X="323" Y="251"/>
    <Point X="327" Y="242"/>
    <Point X="332" Y="233"/>
    <Point X="336" Y="223"/>
    <Point X="340" Y="214"/>
    <Point X="344" Y="205"/>
    <Point X="348" Y="195"/>
    <Point X="352" Y="185"/>
    <Point X="354" Y="174"/>
    <Point X="358" Y="165"/>
    <Point X="360" Y="155"/>
    <Point X="362" Y="147"/>
    <Point X="364" Y="138"/>
    <Point X="365" Y="131"/>
    <Point X="366" Y="123"/>
    <Point X="367" Y="115"/>
    <Point X="369" Y="109"/>
    <Point X="370" Y="104"/>
    <Point X="371" Y="101"/>
    <Point X="371" Y="100"/>
    <Point X="372" Y="100"/>
    <Point X="372" Y="101"/>
    <Point X="373" Y="104"/>
    <Point X="375" Y="109"/>
    <Point X="377" Y="116"/>
    <Point X="379" Y="123"/>
    <Point X="381" Y="131"/>
    <Point X="383" Y="139"/>
    <Point X="384" Y="149"/>
    <Point X="385" Y="159"/>
    <Point X="387" Y="169"/>
    <Point X="388" Y="179"/>
    <Point X="389" Y="190"/>
    <Point X="391" Y="200"/>
    <Point X="391" Y="210"/>
    <Point X="393" Y="220"/>
    <Point X="393" Y="230"/>
    <Point X="395" Y="240"/>
    <Point X="396" Y="249"/>
    <Point X="397" Y="259"/>
    <Point X="398" Y="268"/>
    <Point X="399" Y="276"/>
    <Point X="400" Y="282"/>
    <Point X="400" Y="288"/>
    <Point X="401" Y="293"/>
    <Point X="401" Y="295"/>
    <Point X="399" Y="293"/>
    <Point X="398" Y="290"/>
    <Point X="397" Y="289"/>
    <Point X="395" Y="287"/>
    <Point X="392" Y="283"/>
    <Point X="388" Y="278"/>
    <Point X="384" Y="273"/>
    <Point X="379" Y="266"/>
    <Point X="373" Y="259"/>
    <Point X="366" Y="252"/>
    <Point X="359" Y="244"/>
    <Point X="353" Y="237"/>
    <Point X="345" Y="230"/>
    <Point X="338" Y="223"/>
    <Point X="332" Y="216"/>
    <Point X="324" Y="209"/>
    <Point X="316" Y="203"/>
    <Point X="309" Y="197"/>
    <Point X="303" Y="191"/>
    <Point X="296" Y="186"/>
    <Point X="291" Y="183"/>
    <Point X="287" Y="180"/>
    <Point X="287" Y="179"/>
    <Point X="286" Y="179"/>
    <Point X="286" Y="178"/>
    <Point X="286" Y="177"/>
    <Point X="287" Y="176"/>
    <Point X="289" Y="174"/>
    <Point X="291" Y="173"/>
    <Point X="293" Y="173"/>
    <Point X="297" Y="172"/>
    <Point X="303" Y="172"/>
    <Point X="311" Y="171"/>
    <Point X="321" Y="171"/>
    <Point X="332" Y="171"/>
    <Point X="343" Y="171"/>
    <Point X="355" Y="171"/>
    <Point X="367" Y="172"/>
    <Point X="378" Y="173"/>
    <Point X="389" Y="175"/>
    <Point X="400" Y="176"/>
    <Point X="409" Y="177"/>
    <Point X="417" Y="177"/>
    <Point X="424" Y="177"/>
    <Point X="430" Y="177"/>
    <Point X="434" Y="177"/>
    <Point X="435" Y="177"/>
    <Point X="435" Y="178"/>
    <Point X="434" Y="180"/>
    <Point X="433" Y="181"/>
    <Point X="430" Y="184"/>
    <Point X="428" Y="187"/>
    <Point X="426" Y="189"/>
    <Point X="424" Y="191"/>
    <Point X="420" Y="194"/>
    <Point X="415" Y="197"/>
    <Point X="410" Y="202"/>
    <Point X="404" Y="206"/>
    <Point X="398" Y="211"/>
    <Point X="393" Y="216"/>
    <Point X="387" Y="221"/>
    <Point X="380" Y="226"/>
    <Point X="373" Y="231"/>
    <Point X="367" Y="236"/>
    <Point X="360" Y="241"/>
    <Point X="355" Y="246"/>
    <Point X="349" Y="250"/>
    <Point X="343" Y="254"/>
    <Point X="337" Y="258"/>
    <Point X="331" Y="262"/>
    <Point X="325" Y="265"/>
    <Point X="320" Y="268"/>
    <Point X="315" Y="271"/>
    <Point X="311" Y="274"/>
    <Point X="307" Y="276"/>
    <Point X="304" Y="278"/>
    <Point X="302" Y="280"/>
    <Point X="300" Y="282"/>
    <Point X="298" Y="283"/>
    <Point X="296" Y="285"/>
    <Point X="295" Y="287"/>
    <Point X="293" Y="289"/>
    <Point X="291" Y="290"/>
    <Point X="289" Y="292"/>
    <Point X="288" Y="294"/>
    <Point X="287" Y="294"/>
    <Point X="287" Y="295"/>
    <Point X="286" Y="295"/>
    <Point X="286" Y="296"/>
    <Point X="285" Y="296"/>
    <Point X="285" Y="297"/>
    <Point X="285" Y="298"/>
    <Point X="285" Y="299"/>
    <Point X="284" Y="299"/>
    <Point X="284" Y="300"/>
</Gesture>
