<?xml version="1.0" ?>
<Gesture Name="04" Subject="1" Number="4" NumPts="134">
    <Point X="343" Y="295"/>
    <Point X="346" Y="293"/>
    <Point X="347" Y="291"/>
    <Point X="348" Y="289"/>
    <Point X="351" Y="284"/>
    <Point X="354" Y="280"/>
    <Point X="356" Y="275"/>
    <Point X="360" Y="268"/>
    <Point X="363" Y="261"/>
    <Point X="367" Y="253"/>
    <Point X="372" Y="244"/>
    <Point X="376" Y="235"/>
    <Point X="380" Y="226"/>
    <Point X="384" Y="216"/>
    <Point X="388" Y="206"/>
    <Point X="392" Y="195"/>
    <Point X="396" Y="185"/>
    <Point X="399" Y="174"/>
    <Point X="402" Y="165"/>
    <Point X="404" Y="156"/>
    <Point X="407" Y="149"/>
    <Point X="409" Y="143"/>
    <Point X="411" Y="138"/>
    <Point X="413" Y="133"/>
    <Point X="415" Y="129"/>
    <Point X="417" Y="125"/>
    <Point X="418" Y="121"/>
    <Point X="420" Y="119"/>
    <Point X="421" Y="117"/>
    <Point X="422" Y="117"/>
    <Point X="424" Y="120"/>
    <Point X="424" Y="121"/>
    <Point X="425" Y="126"/>
    <Point X="427" Y="132"/>
    <Point X="430" Y="140"/>
    <Point X="432" Y="148"/>
    <Point X="436" Y="158"/>
    <Point X="438" Y="168"/>
    <Point X="441" Y="179"/>
    <Point X="444" Y="190"/>
    <Point X="446" Y="200"/>
    <Point X="448" Y="211"/>
    <Point X="449" Y="221"/>
    <Point X="450" Y="231"/>
    <Point X="452" Y="242"/>
    <Point X="452" Y="252"/>
    <Point X="453" Y="261"/>
    <Point X="453" Y="270"/>
    <Point X="453" Y="278"/>
    <Point X="454" Y="285"/>
    <Point X="454" Y="292"/>
    <Point X="454" Y="299"/>
    <Point X="454" Y="303"/>
    <Point X="455" Y="306"/>
    <Point X="455" Y="307"/>
    <Point X="454" Y="307"/>
    <Point X="454" Y="305"/>
    <Point X="453" Y="303"/>
    <Point X="452" Y="300"/>
    <Point X="450" Y="297"/>
    <Point X="448" Y="293"/>
    <Point X="446" Y="289"/>
    <Point X="443" Y="284"/>
    <Point X="440" Y="279"/>
    <Point X="436" Y="273"/>
    <Point X="431" Y="267"/>
    <Point X="426" Y="260"/>
    <Point X="420" Y="254"/>
    <Point X="414" Y="248"/>
    <Point X="406" Y="241"/>
    <Point X="399" Y="235"/>
    <Point X="392" Y="229"/>
    <Point X="385" Y="223"/>
    <Point X="379" Y="218"/>
    <Point X="373" Y="215"/>
    <Point X="368" Y="211"/>
    <Point X="363" Y="208"/>
    <Point X="358" Y="206"/>
    <Point X="354" Y="203"/>
    <Point X="351" Y="200"/>
    <Point X="348" Y="199"/>
    <Point X="349" Y="199"/>
    <Point X="351" Y="199"/>
    <Point X="357" Y="199"/>
    <Point X="365" Y="200"/>
    <Point X="376" Y="201"/>
    <Point X="388" Y="202"/>
    <Point X="401" Y="204"/>
    <Point X="414" Y="205"/>
    <Point X="428" Y="206"/>
    <Point X="440" Y="206"/>
    <Point X="452" Y="207"/>
    <Point X="462" Y="208"/>
    <Point X="470" Y="208"/>
    <Point X="477" Y="208"/>
    <Point X="481" Y="208"/>
    <Point X="480" Y="210"/>
    <Point X="479" Y="211"/>
    <Point X="478" Y="213"/>
    <Point X="476" Y="214"/>
    <Point X="474" Y="218"/>
    <Point X="471" Y="221"/>
    <Point X="467" Y="226"/>
    <Point X="463" Y="231"/>
    <Point X="457" Y="236"/>
    <Point X="452" Y="241"/>
    <Point X="448" Y="246"/>
    <Point X="444" Y="250"/>
    <Point X="439" Y="255"/>
    <Point X="435" Y="258"/>
    <Point X="430" Y="262"/>
    <Point X="424" Y="266"/>
    <Point X="419" Y="269"/>
    <Point X="413" Y="272"/>
    <Point X="407" Y="275"/>
    <Point X="401" Y="277"/>
    <Point X="395" Y="280"/>
    <Point X="389" Y="282"/>
    <Point X="383" Y="285"/>
    <Point X="377" Y="287"/>
    <Point X="370" Y="288"/>
    <Point X="365" Y="290"/>
    <Point X="359" Y="291"/>
    <Point X="354" Y="292"/>
    <Point X="349" Y="292"/>
    <Point X="344" Y="292"/>
    <Point X="340" Y="293"/>
    <Point X="336" Y="293"/>
    <Point X="332" Y="294"/>
    <Point X="329" Y="295"/>
    <Point X="327" Y="296"/>
    <Point X="325" Y="297"/>
    <Point X="324" Y="298"/>
    <Point X="323" Y="298"/>
</Gesture>
