<?xml version="1.0" ?>
<Gesture Name="05" Subject="1" Number="5" NumPts="185">
    <Point X="304" Y="288"/>
    <Point X="303" Y="286"/>
    <Point X="303" Y="284"/>
    <Point X="304" Y="280"/>
    <Point X="305" Y="276"/>
    <Point X="306" Y="270"/>
    <Point X="308" Y="264"/>
    <Point X="310" Y="257"/>
    <Point X="313" Y="250"/>
    <Point X="316" Y="242"/>
    <Point X="318" Y="235"/>
    <Point X="322" Y="226"/>
    <Point X="325" Y="218"/>
    <Point X="328" Y="210"/>
    <Point X="331" Y="201"/>
    <Point X="334" Y="194"/>
    <Point X="337" Y="186"/>
    <Point X="340" Y="178"/>
    <Point X="343" Y="169"/>
    <Point X="346" Y="161"/>
    <Point X="348" Y="153"/>
    <Point X="351" Y="145"/>
    <Point X="353" Y="138"/>
    <Point X="355" Y="132"/>
    <Point X="357" Y="126"/>
    <Point X="359" Y="120"/>
    <Point X="360" Y="116"/>
    <Point X="361" Y="113"/>
    <Point X="362" Y="110"/>
    <Point X="362" Y="109"/>
    <Point X="362" Y="108"/>
    <Point X="363" Y="108"/>
    <Point X="363" Y="110"/>
    <Point X="364" Y="112"/>
    <Point X="365" Y="114"/>
    <Point X="367" Y="117"/>
    <Point X="369" Y="121"/>
    <Point X="372" Y="126"/>
    <Point X="375" Y="133"/>
    <Point X="378" Y="139"/>
    <Point X="381" Y="145"/>
    <Point X="384" Y="152"/>
    <Point X="386" Y="159"/>
    <Point X="389" Y="166"/>
    <Point X="391" Y="174"/>
    <Point X="393" Y="181"/>
    <Point X="395" Y="188"/>
    <Point X="397" Y="196"/>
    <Point X="399" Y="204"/>
    <Point X="401" Y="212"/>
    <Point X="403" Y="221"/>
    <Point X="405" Y="229"/>
    <Point X="406" Y="238"/>
    <Point X="408" Y="246"/>
    <Point X="410" Y="255"/>
    <Point X="411" Y="262"/>
    <Point X="412" Y="269"/>
    <Point X="414" Y="275"/>
    <Point X="415" Y="282"/>
    <Point X="416" Y="287"/>
    <Point X="417" Y="292"/>
    <Point X="418" Y="297"/>
    <Point X="418" Y="302"/>
    <Point X="419" Y="306"/>
    <Point X="420" Y="309"/>
    <Point X="420" Y="312"/>
    <Point X="420" Y="315"/>
    <Point X="420" Y="317"/>
    <Point X="419" Y="317"/>
    <Point X="418" Y="316"/>
    <Point X="416" Y="314"/>
    <Point X="414" Y="311"/>
    <Point X="412" Y="308"/>
    <Point X="409" Y="304"/>
    <Point X="406" Y="299"/>
    <Point X="403" Y="294"/>
    <Point X="400" Y="289"/>
    <Point X="396" Y="284"/>
    <Point X="392" Y="278"/>
    <Point X="388" Y="273"/>
    <Point X="384" Y="267"/>
    <Point X="379" Y="262"/>
    <Point X="374" Y="256"/>
    <Point X="369" Y="250"/>
    <Point X="363" Y="244"/>
    <Point X="356" Y="239"/>
    <Point X="349" Y="233"/>
    <Point X="341" Y="228"/>
    <Point X="334" Y="223"/>
    <Point X="326" Y="217"/>
    <Point X="318" Y="213"/>
    <Point X="310" Y="209"/>
    <Point X="302" Y="205"/>
    <Point X="295" Y="202"/>
    <Point X="287" Y="198"/>
    <Point X="281" Y="197"/>
    <Point X="274" Y="195"/>
    <Point X="270" Y="194"/>
    <Point X="268" Y="193"/>
    <Point X="268" Y="192"/>
    <Point X="270" Y="192"/>
    <Point X="272" Y="191"/>
    <Point X="273" Y="190"/>
    <Point X="277" Y="190"/>
    <Point X="282" Y="189"/>
    <Point X="290" Y="188"/>
    <Point X="299" Y="187"/>
    <Point X="309" Y="187"/>
    <Point X="321" Y="187"/>
    <Point X="334" Y="187"/>
    <Point X="346" Y="187"/>
    <Point X="359" Y="187"/>
    <Point X="372" Y="187"/>
    <Point X="384" Y="187"/>
    <Point X="395" Y="187"/>
    <Point X="404" Y="187"/>
    <Point X="411" Y="186"/>
    <Point X="418" Y="185"/>
    <Point X="423" Y="185"/>
    <Point X="428" Y="184"/>
    <Point X="432" Y="183"/>
    <Point X="435" Y="182"/>
    <Point X="437" Y="182"/>
    <Point X="440" Y="181"/>
    <Point X="441" Y="181"/>
    <Point X="442" Y="181"/>
    <Point X="444" Y="181"/>
    <Point X="446" Y="181"/>
    <Point X="447" Y="181"/>
    <Point X="449" Y="181"/>
    <Point X="453" Y="181"/>
    <Point X="455" Y="181"/>
    <Point X="457" Y="181"/>
    <Point X="460" Y="181"/>
    <Point X="462" Y="181"/>
    <Point X="464" Y="181"/>
    <Point X="465" Y="181"/>
    <Point X="465" Y="180"/>
    <Point X="466" Y="180"/>
    <Point X="467" Y="180"/>
    <Point X="468" Y="180"/>
    <Point X="468" Y="181"/>
    <Point X="466" Y="183"/>
    <Point X="465" Y="184"/>
    <Point X="462" Y="187"/>
    <Point X="458" Y="191"/>
    <Point X="453" Y="196"/>
    <Point X="447" Y="201"/>
    <Point X="441" Y="206"/>
    <Point X="434" Y="213"/>
    <Point X="426" Y="219"/>
    <Point X="419" Y="225"/>
    <Point X="413" Y="231"/>
    <Point X="405" Y="236"/>
    <Point X="399" Y="241"/>
    <Point X="393" Y="244"/>
    <Point X="386" Y="248"/>
    <Point X="381" Y="251"/>
    <Point X="375" Y="254"/>
    <Point X="370" Y="257"/>
    <Point X="365" Y="260"/>
    <Point X="360" Y="262"/>
    <Point X="356" Y="264"/>
    <Point X="352" Y="265"/>
    <Point X="347" Y="267"/>
    <Point X="342" Y="270"/>
    <Point X="339" Y="271"/>
    <Point X="334" Y="273"/>
    <Point X="329" Y="274"/>
    <Point X="325" Y="275"/>
    <Point X="321" Y="276"/>
    <Point X="318" Y="277"/>
    <Point X="314" Y="279"/>
    <Point X="310" Y="280"/>
    <Point X="305" Y="281"/>
    <Point X="301" Y="282"/>
    <Point X="297" Y="284"/>
    <Point X="295" Y="285"/>
    <Point X="293" Y="285"/>
    <Point X="291" Y="286"/>
    <Point X="290" Y="287"/>
    <Point X="289" Y="288"/>
    <Point X="288" Y="288"/>
    <Point X="288" Y="289"/>
    <Point X="287" Y="289"/>
</Gesture>
