<?xml version="1.0" ?>
<Gesture Name="07" Subject="1" Number="7" NumPts="200">
    <Point X="329" Y="318"/>
    <Point X="330" Y="318"/>
    <Point X="332" Y="317"/>
    <Point X="334" Y="315"/>
    <Point X="335" Y="312"/>
    <Point X="337" Y="308"/>
    <Point X="341" Y="304"/>
    <Point X="345" Y="298"/>
    <Point X="349" Y="291"/>
    <Point X="355" Y="283"/>
    <Point X="359" Y="276"/>
    <Point X="364" Y="268"/>
    <Point X="368" Y="260"/>
    <Point X="373" Y="253"/>
    <Point X="377" Y="245"/>
    <Point X="382" Y="236"/>
    <Point X="386" Y="229"/>
    <Point X="390" Y="221"/>
    <Point X="394" Y="213"/>
    <Point X="398" Y="206"/>
    <Point X="401" Y="199"/>
    <Point X="404" Y="193"/>
    <Point X="406" Y="187"/>
    <Point X="409" Y="183"/>
    <Point X="410" Y="180"/>
    <Point X="412" Y="177"/>
    <Point X="413" Y="174"/>
    <Point X="415" Y="172"/>
    <Point X="415" Y="170"/>
    <Point X="417" Y="168"/>
    <Point X="418" Y="166"/>
    <Point X="419" Y="164"/>
    <Point X="419" Y="163"/>
    <Point X="419" Y="162"/>
    <Point X="420" Y="162"/>
    <Point X="420" Y="161"/>
    <Point X="421" Y="162"/>
    <Point X="421" Y="163"/>
    <Point X="422" Y="166"/>
    <Point X="423" Y="170"/>
    <Point X="424" Y="175"/>
    <Point X="426" Y="179"/>
    <Point X="427" Y="185"/>
    <Point X="428" Y="191"/>
    <Point X="429" Y="197"/>
    <Point X="431" Y="203"/>
    <Point X="432" Y="209"/>
    <Point X="432" Y="215"/>
    <Point X="433" Y="222"/>
    <Point X="434" Y="228"/>
    <Point X="434" Y="234"/>
    <Point X="435" Y="240"/>
    <Point X="436" Y="246"/>
    <Point X="436" Y="251"/>
    <Point X="437" Y="256"/>
    <Point X="437" Y="261"/>
    <Point X="438" Y="264"/>
    <Point X="438" Y="268"/>
    <Point X="439" Y="272"/>
    <Point X="439" Y="275"/>
    <Point X="441" Y="279"/>
    <Point X="441" Y="282"/>
    <Point X="442" Y="286"/>
    <Point X="442" Y="289"/>
    <Point X="443" Y="293"/>
    <Point X="444" Y="297"/>
    <Point X="445" Y="302"/>
    <Point X="446" Y="306"/>
    <Point X="446" Y="310"/>
    <Point X="447" Y="314"/>
    <Point X="447" Y="318"/>
    <Point X="448" Y="321"/>
    <Point X="448" Y="322"/>
    <Point X="447" Y="321"/>
    <Point X="446" Y="320"/>
    <Point X="446" Y="319"/>
    <Point X="445" Y="318"/>
    <Point X="444" Y="316"/>
    <Point X="444" Y="315"/>
    <Point X="443" Y="313"/>
    <Point X="442" Y="312"/>
    <Point X="441" Y="309"/>
    <Point X="440" Y="306"/>
    <Point X="438" Y="303"/>
    <Point X="437" Y="301"/>
    <Point X="436" Y="298"/>
    <Point X="433" Y="295"/>
    <Point X="432" Y="292"/>
    <Point X="430" Y="290"/>
    <Point X="428" Y="287"/>
    <Point X="426" Y="285"/>
    <Point X="424" Y="282"/>
    <Point X="420" Y="279"/>
    <Point X="417" Y="275"/>
    <Point X="413" Y="272"/>
    <Point X="410" Y="269"/>
    <Point X="406" Y="267"/>
    <Point X="402" Y="264"/>
    <Point X="399" Y="262"/>
    <Point X="395" Y="259"/>
    <Point X="390" Y="256"/>
    <Point X="385" Y="253"/>
    <Point X="379" Y="249"/>
    <Point X="373" Y="246"/>
    <Point X="367" Y="243"/>
    <Point X="361" Y="240"/>
    <Point X="356" Y="238"/>
    <Point X="352" Y="236"/>
    <Point X="348" Y="234"/>
    <Point X="345" Y="233"/>
    <Point X="343" Y="231"/>
    <Point X="341" Y="230"/>
    <Point X="340" Y="230"/>
    <Point X="339" Y="230"/>
    <Point X="339" Y="229"/>
    <Point X="339" Y="228"/>
    <Point X="340" Y="228"/>
    <Point X="341" Y="227"/>
    <Point X="343" Y="227"/>
    <Point X="347" Y="226"/>
    <Point X="352" Y="226"/>
    <Point X="359" Y="226"/>
    <Point X="368" Y="226"/>
    <Point X="378" Y="226"/>
    <Point X="389" Y="228"/>
    <Point X="400" Y="229"/>
    <Point X="411" Y="230"/>
    <Point X="422" Y="232"/>
    <Point X="431" Y="233"/>
    <Point X="440" Y="234"/>
    <Point X="447" Y="235"/>
    <Point X="453" Y="236"/>
    <Point X="457" Y="236"/>
    <Point X="462" Y="237"/>
    <Point X="466" Y="237"/>
    <Point X="470" Y="237"/>
    <Point X="473" Y="237"/>
    <Point X="475" Y="237"/>
    <Point X="477" Y="237"/>
    <Point X="479" Y="237"/>
    <Point X="480" Y="237"/>
    <Point X="481" Y="237"/>
    <Point X="482" Y="237"/>
    <Point X="483" Y="237"/>
    <Point X="484" Y="237"/>
    <Point X="485" Y="237"/>
    <Point X="483" Y="240"/>
    <Point X="480" Y="242"/>
    <Point X="479" Y="242"/>
    <Point X="477" Y="243"/>
    <Point X="473" Y="246"/>
    <Point X="468" Y="248"/>
    <Point X="464" Y="251"/>
    <Point X="459" Y="255"/>
    <Point X="454" Y="258"/>
    <Point X="448" Y="261"/>
    <Point X="442" Y="265"/>
    <Point X="435" Y="268"/>
    <Point X="428" Y="271"/>
    <Point X="422" Y="274"/>
    <Point X="417" Y="277"/>
    <Point X="411" Y="279"/>
    <Point X="407" Y="281"/>
    <Point X="402" Y="284"/>
    <Point X="398" Y="285"/>
    <Point X="395" Y="287"/>
    <Point X="392" Y="288"/>
    <Point X="390" Y="289"/>
    <Point X="388" Y="290"/>
    <Point X="385" Y="291"/>
    <Point X="383" Y="292"/>
    <Point X="382" Y="292"/>
    <Point X="381" Y="293"/>
    <Point X="378" Y="294"/>
    <Point X="377" Y="294"/>
    <Point X="374" Y="295"/>
    <Point X="372" Y="295"/>
    <Point X="370" Y="296"/>
    <Point X="366" Y="296"/>
    <Point X="363" Y="297"/>
    <Point X="360" Y="297"/>
    <Point X="357" Y="298"/>
    <Point X="354" Y="298"/>
    <Point X="351" Y="299"/>
    <Point X="350" Y="299"/>
    <Point X="348" Y="300"/>
    <Point X="347" Y="301"/>
    <Point X="345" Y="301"/>
    <Point X="345" Y="302"/>
    <Point X="344" Y="302"/>
    <Point X="343" Y="303"/>
    <Point X="342" Y="303"/>
    <Point X="341" Y="304"/>
    <Point X="340" Y="305"/>
    <Point X="339" Y="305"/>
    <Point X="339" Y="306"/>
    <Point X="338" Y="306"/>
    <Point X="338" Y="307"/>
    <Point X="337" Y="307"/>
    <Point X="336" Y="308"/>
</Gesture>
