<?xml version="1.0" ?>
<Gesture Name="09" Subject="1" Number="9" NumPts="177">
    <Point X="330" Y="306"/>
    <Point X="331" Y="304"/>
    <Point X="331" Y="303"/>
    <Point X="332" Y="300"/>
    <Point X="335" Y="296"/>
    <Point X="338" Y="290"/>
    <Point X="341" Y="283"/>
    <Point X="345" Y="275"/>
    <Point X="349" Y="268"/>
    <Point X="353" Y="260"/>
    <Point X="357" Y="251"/>
    <Point X="361" Y="244"/>
    <Point X="364" Y="236"/>
    <Point X="368" Y="228"/>
    <Point X="371" Y="221"/>
    <Point X="374" Y="212"/>
    <Point X="378" Y="204"/>
    <Point X="381" Y="195"/>
    <Point X="383" Y="187"/>
    <Point X="387" Y="178"/>
    <Point X="389" Y="171"/>
    <Point X="392" Y="164"/>
    <Point X="394" Y="157"/>
    <Point X="397" Y="151"/>
    <Point X="399" Y="145"/>
    <Point X="401" Y="140"/>
    <Point X="403" Y="135"/>
    <Point X="406" Y="131"/>
    <Point X="408" Y="127"/>
    <Point X="409" Y="124"/>
    <Point X="411" Y="123"/>
    <Point X="412" Y="121"/>
    <Point X="412" Y="120"/>
    <Point X="413" Y="120"/>
    <Point X="413" Y="119"/>
    <Point X="414" Y="120"/>
    <Point X="415" Y="121"/>
    <Point X="416" Y="123"/>
    <Point X="417" Y="127"/>
    <Point X="418" Y="132"/>
    <Point X="420" Y="139"/>
    <Point X="422" Y="146"/>
    <Point X="424" Y="156"/>
    <Point X="426" Y="165"/>
    <Point X="427" Y="175"/>
    <Point X="428" Y="186"/>
    <Point X="430" Y="196"/>
    <Point X="430" Y="206"/>
    <Point X="431" Y="216"/>
    <Point X="432" Y="226"/>
    <Point X="432" Y="235"/>
    <Point X="433" Y="243"/>
    <Point X="434" Y="251"/>
    <Point X="435" Y="258"/>
    <Point X="435" Y="265"/>
    <Point X="436" Y="271"/>
    <Point X="437" Y="277"/>
    <Point X="438" Y="282"/>
    <Point X="439" Y="287"/>
    <Point X="440" Y="293"/>
    <Point X="441" Y="298"/>
    <Point X="441" Y="303"/>
    <Point X="442" Y="307"/>
    <Point X="443" Y="310"/>
    <Point X="443" Y="311"/>
    <Point X="443" Y="312"/>
    <Point X="443" Y="313"/>
    <Point X="443" Y="312"/>
    <Point X="441" Y="311"/>
    <Point X="441" Y="310"/>
    <Point X="440" Y="308"/>
    <Point X="438" Y="306"/>
    <Point X="435" Y="302"/>
    <Point X="432" Y="299"/>
    <Point X="429" Y="294"/>
    <Point X="424" Y="289"/>
    <Point X="419" Y="284"/>
    <Point X="414" Y="279"/>
    <Point X="408" Y="273"/>
    <Point X="402" Y="267"/>
    <Point X="395" Y="261"/>
    <Point X="389" Y="255"/>
    <Point X="384" Y="249"/>
    <Point X="379" Y="244"/>
    <Point X="374" Y="239"/>
    <Point X="369" Y="235"/>
    <Point X="364" Y="231"/>
    <Point X="360" Y="226"/>
    <Point X="356" Y="221"/>
    <Point X="352" Y="219"/>
    <Point X="349" Y="215"/>
    <Point X="346" Y="212"/>
    <Point X="342" Y="210"/>
    <Point X="339" Y="209"/>
    <Point X="337" Y="207"/>
    <Point X="334" Y="206"/>
    <Point X="333" Y="205"/>
    <Point X="332" Y="205"/>
    <Point X="331" Y="205"/>
    <Point X="331" Y="204"/>
    <Point X="330" Y="204"/>
    <Point X="330" Y="203"/>
    <Point X="330" Y="202"/>
    <Point X="330" Y="201"/>
    <Point X="332" Y="200"/>
    <Point X="333" Y="200"/>
    <Point X="335" Y="199"/>
    <Point X="339" Y="198"/>
    <Point X="345" Y="198"/>
    <Point X="351" Y="198"/>
    <Point X="358" Y="198"/>
    <Point X="366" Y="198"/>
    <Point X="376" Y="198"/>
    <Point X="386" Y="198"/>
    <Point X="397" Y="198"/>
    <Point X="407" Y="198"/>
    <Point X="416" Y="198"/>
    <Point X="426" Y="198"/>
    <Point X="435" Y="198"/>
    <Point X="443" Y="198"/>
    <Point X="451" Y="198"/>
    <Point X="458" Y="198"/>
    <Point X="463" Y="198"/>
    <Point X="468" Y="198"/>
    <Point X="472" Y="198"/>
    <Point X="474" Y="198"/>
    <Point X="475" Y="198"/>
    <Point X="476" Y="198"/>
    <Point X="477" Y="198"/>
    <Point X="477" Y="199"/>
    <Point X="478" Y="199"/>
    <Point X="479" Y="199"/>
    <Point X="479" Y="200"/>
    <Point X="478" Y="202"/>
    <Point X="475" Y="205"/>
    <Point X="474" Y="206"/>
    <Point X="471" Y="208"/>
    <Point X="468" Y="211"/>
    <Point X="464" Y="215"/>
    <Point X="459" Y="219"/>
    <Point X="454" Y="224"/>
    <Point X="449" Y="228"/>
    <Point X="444" Y="233"/>
    <Point X="438" Y="238"/>
    <Point X="432" Y="243"/>
    <Point X="426" Y="247"/>
    <Point X="420" Y="252"/>
    <Point X="414" Y="256"/>
    <Point X="407" Y="260"/>
    <Point X="402" Y="264"/>
    <Point X="396" Y="267"/>
    <Point X="391" Y="270"/>
    <Point X="387" Y="272"/>
    <Point X="382" Y="275"/>
    <Point X="378" Y="278"/>
    <Point X="374" Y="281"/>
    <Point X="369" Y="284"/>
    <Point X="365" Y="286"/>
    <Point X="361" Y="289"/>
    <Point X="357" Y="290"/>
    <Point X="353" Y="292"/>
    <Point X="349" Y="294"/>
    <Point X="347" Y="295"/>
    <Point X="344" Y="296"/>
    <Point X="342" Y="297"/>
    <Point X="340" Y="298"/>
    <Point X="339" Y="298"/>
    <Point X="336" Y="299"/>
    <Point X="334" Y="300"/>
    <Point X="332" Y="301"/>
    <Point X="331" Y="302"/>
    <Point X="330" Y="302"/>
    <Point X="328" Y="303"/>
    <Point X="328" Y="304"/>
    <Point X="327" Y="304"/>
    <Point X="326" Y="304"/>
    <Point X="325" Y="304"/>
</Gesture>
