<?xml version="1.0" ?>
<Gesture Name="08" Subject="1" Number="8" NumPts="196">
    <Point X="323" Y="321"/>
    <Point X="324" Y="321"/>
    <Point X="325" Y="321"/>
    <Point X="325" Y="320"/>
    <Point X="327" Y="318"/>
    <Point X="328" Y="315"/>
    <Point X="330" Y="311"/>
    <Point X="334" Y="305"/>
    <Point X="337" Y="299"/>
    <Point X="341" Y="292"/>
    <Point X="346" Y="285"/>
    <Point X="350" Y="276"/>
    <Point X="355" Y="268"/>
    <Point X="360" Y="260"/>
    <Point X="364" Y="251"/>
    <Point X="368" Y="243"/>
    <Point X="371" Y="235"/>
    <Point X="375" Y="228"/>
    <Point X="378" Y="221"/>
    <Point X="381" Y="214"/>
    <Point X="384" Y="206"/>
    <Point X="387" Y="200"/>
    <Point X="389" Y="194"/>
    <Point X="392" Y="189"/>
    <Point X="394" Y="185"/>
    <Point X="395" Y="181"/>
    <Point X="396" Y="179"/>
    <Point X="398" Y="177"/>
    <Point X="399" Y="175"/>
    <Point X="399" Y="174"/>
    <Point X="400" Y="176"/>
    <Point X="401" Y="178"/>
    <Point X="402" Y="181"/>
    <Point X="403" Y="186"/>
    <Point X="405" Y="191"/>
    <Point X="407" Y="197"/>
    <Point X="409" Y="203"/>
    <Point X="411" Y="209"/>
    <Point X="414" Y="216"/>
    <Point X="416" Y="222"/>
    <Point X="418" Y="228"/>
    <Point X="419" Y="235"/>
    <Point X="421" Y="241"/>
    <Point X="423" Y="247"/>
    <Point X="424" Y="254"/>
    <Point X="426" Y="260"/>
    <Point X="427" Y="266"/>
    <Point X="428" Y="271"/>
    <Point X="429" Y="276"/>
    <Point X="430" Y="282"/>
    <Point X="431" Y="286"/>
    <Point X="432" Y="290"/>
    <Point X="432" Y="293"/>
    <Point X="433" Y="295"/>
    <Point X="433" Y="297"/>
    <Point X="433" Y="298"/>
    <Point X="434" Y="300"/>
    <Point X="434" Y="302"/>
    <Point X="435" Y="303"/>
    <Point X="435" Y="305"/>
    <Point X="435" Y="307"/>
    <Point X="436" Y="309"/>
    <Point X="436" Y="311"/>
    <Point X="436" Y="312"/>
    <Point X="437" Y="313"/>
    <Point X="437" Y="314"/>
    <Point X="437" Y="315"/>
    <Point X="437" Y="316"/>
    <Point X="437" Y="317"/>
    <Point X="435" Y="315"/>
    <Point X="433" Y="313"/>
    <Point X="433" Y="312"/>
    <Point X="431" Y="309"/>
    <Point X="429" Y="305"/>
    <Point X="427" Y="301"/>
    <Point X="424" Y="296"/>
    <Point X="421" Y="291"/>
    <Point X="419" Y="286"/>
    <Point X="417" Y="283"/>
    <Point X="415" Y="280"/>
    <Point X="412" Y="276"/>
    <Point X="410" Y="273"/>
    <Point X="407" Y="270"/>
    <Point X="403" Y="266"/>
    <Point X="399" Y="263"/>
    <Point X="395" Y="259"/>
    <Point X="390" Y="255"/>
    <Point X="384" Y="252"/>
    <Point X="379" Y="247"/>
    <Point X="373" Y="244"/>
    <Point X="367" Y="240"/>
    <Point X="362" Y="237"/>
    <Point X="356" Y="234"/>
    <Point X="351" Y="232"/>
    <Point X="346" Y="229"/>
    <Point X="343" Y="228"/>
    <Point X="340" Y="227"/>
    <Point X="338" Y="226"/>
    <Point X="337" Y="226"/>
    <Point X="336" Y="225"/>
    <Point X="335" Y="225"/>
    <Point X="334" Y="225"/>
    <Point X="333" Y="225"/>
    <Point X="332" Y="224"/>
    <Point X="331" Y="224"/>
    <Point X="332" Y="223"/>
    <Point X="334" Y="223"/>
    <Point X="339" Y="222"/>
    <Point X="345" Y="222"/>
    <Point X="353" Y="222"/>
    <Point X="363" Y="222"/>
    <Point X="371" Y="222"/>
    <Point X="380" Y="222"/>
    <Point X="389" Y="222"/>
    <Point X="398" Y="222"/>
    <Point X="406" Y="222"/>
    <Point X="414" Y="222"/>
    <Point X="420" Y="222"/>
    <Point X="427" Y="223"/>
    <Point X="433" Y="223"/>
    <Point X="437" Y="224"/>
    <Point X="440" Y="224"/>
    <Point X="443" Y="224"/>
    <Point X="444" Y="224"/>
    <Point X="445" Y="224"/>
    <Point X="446" Y="224"/>
    <Point X="447" Y="224"/>
    <Point X="448" Y="224"/>
    <Point X="449" Y="224"/>
    <Point X="450" Y="224"/>
    <Point X="453" Y="224"/>
    <Point X="455" Y="224"/>
    <Point X="457" Y="224"/>
    <Point X="458" Y="224"/>
    <Point X="458" Y="225"/>
    <Point X="456" Y="226"/>
    <Point X="453" Y="228"/>
    <Point X="451" Y="229"/>
    <Point X="451" Y="230"/>
    <Point X="448" Y="231"/>
    <Point X="445" Y="234"/>
    <Point X="441" Y="237"/>
    <Point X="437" Y="240"/>
    <Point X="432" Y="243"/>
    <Point X="427" Y="248"/>
    <Point X="422" Y="252"/>
    <Point X="415" Y="257"/>
    <Point X="409" Y="262"/>
    <Point X="402" Y="266"/>
    <Point X="396" Y="271"/>
    <Point X="390" Y="276"/>
    <Point X="385" Y="280"/>
    <Point X="379" Y="284"/>
    <Point X="374" Y="287"/>
    <Point X="370" Y="289"/>
    <Point X="367" Y="290"/>
    <Point X="365" Y="292"/>
    <Point X="362" Y="293"/>
    <Point X="360" Y="294"/>
    <Point X="358" Y="294"/>
    <Point X="356" Y="295"/>
    <Point X="355" Y="295"/>
    <Point X="354" Y="296"/>
    <Point X="353" Y="296"/>
    <Point X="352" Y="296"/>
    <Point X="352" Y="297"/>
    <Point X="350" Y="297"/>
    <Point X="349" Y="297"/>
    <Point X="348" Y="299"/>
    <Point X="347" Y="299"/>
    <Point X="346" Y="300"/>
    <Point X="345" Y="300"/>
    <Point X="344" Y="300"/>
    <Point X="343" Y="302"/>
    <Point X="342" Y="302"/>
    <Point X="341" Y="303"/>
    <Point X="340" Y="304"/>
    <Point X="338" Y="305"/>
    <Point X="337" Y="305"/>
    <Point X="337" Y="306"/>
    <Point X="336" Y="307"/>
    <Point X="335" Y="308"/>
    <Point X="334" Y="309"/>
    <Point X="333" Y="310"/>
    <Point X="332" Y="311"/>
    <Point X="331" Y="312"/>
    <Point X="330" Y="312"/>
    <Point X="330" Y="313"/>
    <Point X="329" Y="313"/>
    <Point X="328" Y="314"/>
    <Point X="327" Y="315"/>
    <Point X="325" Y="317"/>
    <Point X="324" Y="318"/>
    <Point X="323" Y="319"/>
    <Point X="322" Y="319"/>
    <Point X="321" Y="319"/>
</Gesture>
