<?xml version="1.0" ?>
<Gesture Name="03" Subject="1" Number="3" NumPts="123">
    <Point X="338" Y="304"/>
    <Point X="341" Y="302"/>
    <Point X="342" Y="301"/>
    <Point X="343" Y="300"/>
    <Point X="345" Y="297"/>
    <Point X="349" Y="292"/>
    <Point X="353" Y="287"/>
    <Point X="358" Y="279"/>
    <Point X="363" Y="272"/>
    <Point X="368" Y="264"/>
    <Point X="374" Y="255"/>
    <Point X="379" Y="246"/>
    <Point X="384" Y="236"/>
    <Point X="387" Y="224"/>
    <Point X="391" Y="213"/>
    <Point X="393" Y="202"/>
    <Point X="396" Y="192"/>
    <Point X="399" Y="182"/>
    <Point X="401" Y="173"/>
    <Point X="404" Y="166"/>
    <Point X="406" Y="160"/>
    <Point X="408" Y="155"/>
    <Point X="409" Y="151"/>
    <Point X="411" Y="148"/>
    <Point X="412" Y="145"/>
    <Point X="412" Y="144"/>
    <Point X="412" Y="145"/>
    <Point X="413" Y="146"/>
    <Point X="414" Y="149"/>
    <Point X="415" Y="155"/>
    <Point X="417" Y="162"/>
    <Point X="419" Y="168"/>
    <Point X="421" Y="176"/>
    <Point X="423" Y="185"/>
    <Point X="425" Y="193"/>
    <Point X="427" Y="202"/>
    <Point X="428" Y="212"/>
    <Point X="429" Y="222"/>
    <Point X="431" Y="232"/>
    <Point X="432" Y="242"/>
    <Point X="433" Y="250"/>
    <Point X="434" Y="259"/>
    <Point X="434" Y="267"/>
    <Point X="435" Y="274"/>
    <Point X="436" Y="281"/>
    <Point X="436" Y="287"/>
    <Point X="436" Y="293"/>
    <Point X="436" Y="296"/>
    <Point X="436" Y="300"/>
    <Point X="436" Y="303"/>
    <Point X="436" Y="304"/>
    <Point X="434" Y="301"/>
    <Point X="434" Y="300"/>
    <Point X="433" Y="299"/>
    <Point X="432" Y="296"/>
    <Point X="431" Y="293"/>
    <Point X="428" Y="289"/>
    <Point X="425" Y="283"/>
    <Point X="422" Y="277"/>
    <Point X="417" Y="270"/>
    <Point X="412" Y="263"/>
    <Point X="407" Y="256"/>
    <Point X="402" Y="249"/>
    <Point X="397" Y="242"/>
    <Point X="392" Y="235"/>
    <Point X="387" Y="229"/>
    <Point X="382" Y="222"/>
    <Point X="378" Y="217"/>
    <Point X="374" Y="211"/>
    <Point X="370" Y="206"/>
    <Point X="367" Y="202"/>
    <Point X="365" Y="199"/>
    <Point X="363" Y="196"/>
    <Point X="361" Y="194"/>
    <Point X="361" Y="193"/>
    <Point X="362" Y="192"/>
    <Point X="363" Y="192"/>
    <Point X="365" Y="191"/>
    <Point X="371" Y="191"/>
    <Point X="377" Y="191"/>
    <Point X="386" Y="191"/>
    <Point X="396" Y="191"/>
    <Point X="407" Y="191"/>
    <Point X="417" Y="191"/>
    <Point X="427" Y="191"/>
    <Point X="437" Y="192"/>
    <Point X="444" Y="193"/>
    <Point X="451" Y="194"/>
    <Point X="454" Y="195"/>
    <Point X="455" Y="195"/>
    <Point X="455" Y="196"/>
    <Point X="455" Y="198"/>
    <Point X="455" Y="199"/>
    <Point X="454" Y="200"/>
    <Point X="453" Y="203"/>
    <Point X="451" Y="207"/>
    <Point X="449" Y="211"/>
    <Point X="447" Y="215"/>
    <Point X="443" Y="221"/>
    <Point X="439" Y="227"/>
    <Point X="435" Y="232"/>
    <Point X="430" Y="238"/>
    <Point X="425" Y="243"/>
    <Point X="419" Y="249"/>
    <Point X="413" Y="254"/>
    <Point X="406" Y="259"/>
    <Point X="399" Y="263"/>
    <Point X="392" Y="268"/>
    <Point X="385" Y="271"/>
    <Point X="380" Y="275"/>
    <Point X="374" Y="277"/>
    <Point X="370" Y="279"/>
    <Point X="365" Y="281"/>
    <Point X="361" Y="283"/>
    <Point X="357" Y="284"/>
    <Point X="354" Y="286"/>
    <Point X="351" Y="287"/>
    <Point X="349" Y="288"/>
    <Point X="348" Y="289"/>
    <Point X="347" Y="290"/>
    <Point X="346" Y="291"/>
    <Point X="345" Y="291"/>
    <Point X="344" Y="291"/>
</Gesture>
