<?xml version="1.0" ?>
<Gesture Name="02" Subject="1" Number="2" NumPts="186">
    <Point X="359" Y="277"/>
    <Point X="360" Y="278"/>
    <Point X="361" Y="276"/>
    <Point X="362" Y="274"/>
    <Point X="363" Y="272"/>
    <Point X="364" Y="269"/>
    <Point X="365" Y="265"/>
    <Point X="368" Y="261"/>
    <Point X="370" Y="255"/>
    <Point X="373" Y="249"/>
    <Point X="377" Y="242"/>
    <Point X="381" Y="235"/>
    <Point X="384" Y="228"/>
    <Point X="388" Y="220"/>
    <Point X="392" Y="212"/>
    <Point X="396" Y="204"/>
    <Point X="400" Y="196"/>
    <Point X="404" Y="187"/>
    <Point X="408" Y="179"/>
    <Point X="411" Y="171"/>
    <Point X="414" Y="163"/>
    <Point X="417" Y="156"/>
    <Point X="421" Y="149"/>
    <Point X="423" Y="143"/>
    <Point X="426" Y="136"/>
    <Point X="428" Y="132"/>
    <Point X="430" Y="128"/>
    <Point X="431" Y="126"/>
    <Point X="433" Y="123"/>
    <Point X="435" Y="121"/>
    <Point X="436" Y="120"/>
    <Point X="437" Y="120"/>
    <Point X="438" Y="120"/>
    <Point X="440" Y="121"/>
    <Point X="441" Y="123"/>
    <Point X="442" Y="124"/>
    <Point X="443" Y="127"/>
    <Point X="445" Y="132"/>
    <Point X="447" Y="139"/>
    <Point X="449" Y="146"/>
    <Point X="452" Y="155"/>
    <Point X="454" Y="163"/>
    <Point X="457" Y="171"/>
    <Point X="459" Y="180"/>
    <Point X="461" Y="188"/>
    <Point X="462" Y="196"/>
    <Point X="463" Y="204"/>
    <Point X="465" Y="212"/>
    <Point X="465" Y="219"/>
    <Point X="466" Y="226"/>
    <Point X="467" Y="233"/>
    <Point X="467" Y="240"/>
    <Point X="468" Y="247"/>
    <Point X="468" Y="254"/>
    <Point X="468" Y="261"/>
    <Point X="469" Y="268"/>
    <Point X="469" Y="274"/>
    <Point X="469" Y="280"/>
    <Point X="469" Y="284"/>
    <Point X="470" Y="288"/>
    <Point X="470" Y="289"/>
    <Point X="469" Y="289"/>
    <Point X="468" Y="287"/>
    <Point X="467" Y="285"/>
    <Point X="466" Y="283"/>
    <Point X="464" Y="280"/>
    <Point X="462" Y="276"/>
    <Point X="458" Y="271"/>
    <Point X="454" Y="266"/>
    <Point X="449" Y="260"/>
    <Point X="444" Y="253"/>
    <Point X="439" Y="247"/>
    <Point X="434" Y="240"/>
    <Point X="429" Y="233"/>
    <Point X="424" Y="227"/>
    <Point X="420" Y="220"/>
    <Point X="415" Y="215"/>
    <Point X="411" Y="208"/>
    <Point X="406" Y="203"/>
    <Point X="401" Y="197"/>
    <Point X="396" Y="192"/>
    <Point X="392" Y="188"/>
    <Point X="388" Y="184"/>
    <Point X="384" Y="181"/>
    <Point X="380" Y="179"/>
    <Point X="377" Y="177"/>
    <Point X="375" Y="176"/>
    <Point X="372" Y="174"/>
    <Point X="369" Y="173"/>
    <Point X="367" Y="172"/>
    <Point X="365" Y="172"/>
    <Point X="365" Y="171"/>
    <Point X="363" Y="171"/>
    <Point X="362" Y="171"/>
    <Point X="361" Y="170"/>
    <Point X="364" Y="170"/>
    <Point X="366" Y="170"/>
    <Point X="372" Y="170"/>
    <Point X="379" Y="171"/>
    <Point X="389" Y="172"/>
    <Point X="399" Y="172"/>
    <Point X="409" Y="174"/>
    <Point X="419" Y="176"/>
    <Point X="429" Y="178"/>
    <Point X="437" Y="180"/>
    <Point X="443" Y="181"/>
    <Point X="449" Y="182"/>
    <Point X="453" Y="183"/>
    <Point X="456" Y="183"/>
    <Point X="459" Y="184"/>
    <Point X="460" Y="184"/>
    <Point X="461" Y="184"/>
    <Point X="462" Y="184"/>
    <Point X="463" Y="184"/>
    <Point X="464" Y="184"/>
    <Point X="465" Y="184"/>
    <Point X="467" Y="184"/>
    <Point X="468" Y="184"/>
    <Point X="469" Y="184"/>
    <Point X="470" Y="184"/>
    <Point X="471" Y="184"/>
    <Point X="472" Y="185"/>
    <Point X="475" Y="185"/>
    <Point X="476" Y="185"/>
    <Point X="478" Y="186"/>
    <Point X="479" Y="186"/>
    <Point X="480" Y="186"/>
    <Point X="481" Y="186"/>
    <Point X="482" Y="186"/>
    <Point X="484" Y="186"/>
    <Point X="486" Y="186"/>
    <Point X="488" Y="186"/>
    <Point X="490" Y="186"/>
    <Point X="492" Y="187"/>
    <Point X="494" Y="187"/>
    <Point X="496" Y="187"/>
    <Point X="498" Y="187"/>
    <Point X="499" Y="187"/>
    <Point X="500" Y="187"/>
    <Point X="501" Y="187"/>
    <Point X="502" Y="187"/>
    <Point X="503" Y="187"/>
    <Point X="504" Y="187"/>
    <Point X="505" Y="187"/>
    <Point X="505" Y="188"/>
    <Point X="505" Y="189"/>
    <Point X="504" Y="190"/>
    <Point X="503" Y="192"/>
    <Point X="500" Y="195"/>
    <Point X="498" Y="197"/>
    <Point X="495" Y="199"/>
    <Point X="490" Y="203"/>
    <Point X="483" Y="207"/>
    <Point X="477" Y="211"/>
    <Point X="470" Y="216"/>
    <Point X="463" Y="220"/>
    <Point X="457" Y="225"/>
    <Point X="450" Y="229"/>
    <Point X="445" Y="232"/>
    <Point X="439" Y="235"/>
    <Point X="434" Y="237"/>
    <Point X="429" Y="240"/>
    <Point X="425" Y="242"/>
    <Point X="420" Y="244"/>
    <Point X="415" Y="247"/>
    <Point X="410" Y="248"/>
    <Point X="404" Y="251"/>
    <Point X="399" Y="253"/>
    <Point X="394" Y="256"/>
    <Point X="388" Y="258"/>
    <Point X="383" Y="260"/>
    <Point X="380" Y="262"/>
    <Point X="376" Y="263"/>
    <Point X="372" Y="265"/>
    <Point X="369" Y="266"/>
    <Point X="366" Y="267"/>
    <Point X="362" Y="268"/>
    <Point X="360" Y="268"/>
    <Point X="358" Y="269"/>
    <Point X="356" Y="270"/>
    <Point X="354" Y="270"/>
    <Point X="353" Y="270"/>
    <Point X="353" Y="271"/>
    <Point X="352" Y="271"/>
    <Point X="352" Y="272"/>
    <Point X="351" Y="272"/>
</Gesture>
