<?xml version="1.0" ?>
<Gesture Name="10" Subject="1" Number="10" NumPts="202">
    <Point X="339" Y="299"/>
    <Point X="339" Y="300"/>
    <Point X="340" Y="300"/>
    <Point X="342" Y="298"/>
    <Point X="343" Y="297"/>
    <Point X="345" Y="294"/>
    <Point X="347" Y="291"/>
    <Point X="350" Y="286"/>
    <Point X="354" Y="281"/>
    <Point X="357" Y="275"/>
    <Point X="360" Y="268"/>
    <Point X="363" Y="260"/>
    <Point X="367" Y="253"/>
    <Point X="370" Y="245"/>
    <Point X="374" Y="237"/>
    <Point X="378" Y="230"/>
    <Point X="381" Y="222"/>
    <Point X="384" Y="213"/>
    <Point X="387" Y="205"/>
    <Point X="389" Y="197"/>
    <Point X="392" Y="189"/>
    <Point X="394" Y="182"/>
    <Point X="396" Y="174"/>
    <Point X="398" Y="166"/>
    <Point X="400" Y="159"/>
    <Point X="401" Y="153"/>
    <Point X="403" Y="148"/>
    <Point X="404" Y="142"/>
    <Point X="406" Y="138"/>
    <Point X="407" Y="134"/>
    <Point X="408" Y="131"/>
    <Point X="409" Y="128"/>
    <Point X="410" Y="125"/>
    <Point X="411" Y="123"/>
    <Point X="411" Y="120"/>
    <Point X="412" Y="118"/>
    <Point X="413" Y="117"/>
    <Point X="414" Y="119"/>
    <Point X="414" Y="120"/>
    <Point X="415" Y="124"/>
    <Point X="416" Y="127"/>
    <Point X="418" Y="132"/>
    <Point X="420" Y="138"/>
    <Point X="422" Y="145"/>
    <Point X="424" Y="151"/>
    <Point X="426" Y="159"/>
    <Point X="428" Y="167"/>
    <Point X="431" Y="175"/>
    <Point X="433" Y="183"/>
    <Point X="435" Y="192"/>
    <Point X="437" Y="201"/>
    <Point X="439" Y="209"/>
    <Point X="441" Y="218"/>
    <Point X="442" Y="226"/>
    <Point X="444" Y="234"/>
    <Point X="447" Y="242"/>
    <Point X="449" Y="249"/>
    <Point X="450" Y="256"/>
    <Point X="451" Y="262"/>
    <Point X="453" Y="267"/>
    <Point X="454" Y="273"/>
    <Point X="455" Y="277"/>
    <Point X="455" Y="281"/>
    <Point X="457" Y="284"/>
    <Point X="457" Y="287"/>
    <Point X="457" Y="290"/>
    <Point X="458" Y="293"/>
    <Point X="458" Y="295"/>
    <Point X="459" Y="298"/>
    <Point X="459" Y="300"/>
    <Point X="460" Y="303"/>
    <Point X="460" Y="305"/>
    <Point X="460" Y="307"/>
    <Point X="460" Y="308"/>
    <Point X="459" Y="305"/>
    <Point X="458" Y="304"/>
    <Point X="457" Y="302"/>
    <Point X="456" Y="299"/>
    <Point X="454" Y="296"/>
    <Point X="453" Y="293"/>
    <Point X="450" Y="288"/>
    <Point X="448" Y="284"/>
    <Point X="446" Y="280"/>
    <Point X="444" Y="276"/>
    <Point X="442" Y="272"/>
    <Point X="439" Y="268"/>
    <Point X="437" Y="264"/>
    <Point X="434" Y="259"/>
    <Point X="430" Y="255"/>
    <Point X="427" Y="251"/>
    <Point X="424" Y="246"/>
    <Point X="420" Y="242"/>
    <Point X="415" Y="238"/>
    <Point X="410" Y="232"/>
    <Point X="405" Y="228"/>
    <Point X="400" Y="224"/>
    <Point X="394" Y="221"/>
    <Point X="388" Y="218"/>
    <Point X="383" Y="215"/>
    <Point X="377" Y="212"/>
    <Point X="372" Y="209"/>
    <Point X="366" Y="207"/>
    <Point X="361" Y="204"/>
    <Point X="356" Y="202"/>
    <Point X="351" Y="199"/>
    <Point X="346" Y="197"/>
    <Point X="341" Y="195"/>
    <Point X="336" Y="194"/>
    <Point X="332" Y="191"/>
    <Point X="328" Y="190"/>
    <Point X="325" Y="188"/>
    <Point X="326" Y="188"/>
    <Point X="327" Y="188"/>
    <Point X="329" Y="188"/>
    <Point X="334" Y="188"/>
    <Point X="340" Y="188"/>
    <Point X="348" Y="188"/>
    <Point X="359" Y="189"/>
    <Point X="369" Y="190"/>
    <Point X="380" Y="191"/>
    <Point X="391" Y="192"/>
    <Point X="400" Y="193"/>
    <Point X="408" Y="194"/>
    <Point X="417" Y="195"/>
    <Point X="424" Y="195"/>
    <Point X="432" Y="196"/>
    <Point X="439" Y="197"/>
    <Point X="445" Y="197"/>
    <Point X="451" Y="197"/>
    <Point X="456" Y="197"/>
    <Point X="462" Y="197"/>
    <Point X="466" Y="197"/>
    <Point X="471" Y="197"/>
    <Point X="474" Y="197"/>
    <Point X="476" Y="197"/>
    <Point X="479" Y="197"/>
    <Point X="480" Y="197"/>
    <Point X="481" Y="197"/>
    <Point X="482" Y="196"/>
    <Point X="483" Y="196"/>
    <Point X="484" Y="196"/>
    <Point X="485" Y="196"/>
    <Point X="487" Y="196"/>
    <Point X="488" Y="195"/>
    <Point X="490" Y="195"/>
    <Point X="493" Y="195"/>
    <Point X="495" Y="195"/>
    <Point X="497" Y="195"/>
    <Point X="498" Y="195"/>
    <Point X="499" Y="195"/>
    <Point X="500" Y="195"/>
    <Point X="500" Y="194"/>
    <Point X="501" Y="194"/>
    <Point X="501" Y="195"/>
    <Point X="501" Y="196"/>
    <Point X="501" Y="198"/>
    <Point X="499" Y="199"/>
    <Point X="494" Y="205"/>
    <Point X="491" Y="209"/>
    <Point X="486" Y="214"/>
    <Point X="481" Y="219"/>
    <Point X="474" Y="224"/>
    <Point X="468" Y="230"/>
    <Point X="461" Y="236"/>
    <Point X="454" Y="241"/>
    <Point X="448" Y="247"/>
    <Point X="440" Y="253"/>
    <Point X="435" Y="257"/>
    <Point X="429" Y="261"/>
    <Point X="424" Y="264"/>
    <Point X="419" Y="266"/>
    <Point X="415" Y="269"/>
    <Point X="410" Y="271"/>
    <Point X="406" Y="274"/>
    <Point X="401" Y="276"/>
    <Point X="398" Y="278"/>
    <Point X="394" Y="279"/>
    <Point X="390" Y="281"/>
    <Point X="386" Y="282"/>
    <Point X="383" Y="284"/>
    <Point X="380" Y="285"/>
    <Point X="377" Y="286"/>
    <Point X="374" Y="288"/>
    <Point X="371" Y="289"/>
    <Point X="368" Y="290"/>
    <Point X="365" Y="290"/>
    <Point X="363" Y="291"/>
    <Point X="361" Y="292"/>
    <Point X="358" Y="293"/>
    <Point X="356" Y="294"/>
    <Point X="354" Y="295"/>
    <Point X="352" Y="296"/>
    <Point X="350" Y="297"/>
    <Point X="349" Y="297"/>
    <Point X="347" Y="298"/>
    <Point X="345" Y="299"/>
    <Point X="344" Y="300"/>
    <Point X="343" Y="300"/>
    <Point X="342" Y="301"/>
    <Point X="341" Y="301"/>
    <Point X="340" Y="301"/>
    <Point X="339" Y="300"/>
</Gesture>
