<?xml version="1.0" ?>
<Gesture Name="02" Subject="1" Number="2" NumPts="141">
    <Point X="327" Y="75"/>
    <Point X="323" Y="79"/>
    <Point X="320" Y="83"/>
    <Point X="314" Y="89"/>
    <Point X="310" Y="93"/>
    <Point X="304" Y="100"/>
    <Point X="300" Y="104"/>
    <Point X="294" Y="111"/>
    <Point X="290" Y="115"/>
    <Point X="283" Y="125"/>
    <Point X="279" Y="131"/>
    <Point X="273" Y="137"/>
    <Point X="268" Y="142"/>
    <Point X="263" Y="150"/>
    <Point X="259" Y="155"/>
    <Point X="256" Y="159"/>
    <Point X="251" Y="165"/>
    <Point X="249" Y="169"/>
    <Point X="246" Y="172"/>
    <Point X="243" Y="177"/>
    <Point X="240" Y="180"/>
    <Point X="237" Y="183"/>
    <Point X="235" Y="187"/>
    <Point X="232" Y="190"/>
    <Point X="230" Y="193"/>
    <Point X="228" Y="196"/>
    <Point X="226" Y="199"/>
    <Point X="223" Y="202"/>
    <Point X="221" Y="206"/>
    <Point X="220" Y="207"/>
    <Point X="219" Y="209"/>
    <Point X="219" Y="211"/>
    <Point X="218" Y="212"/>
    <Point X="218" Y="213"/>
    <Point X="217" Y="213"/>
    <Point X="217" Y="214"/>
    <Point X="217" Y="215"/>
    <Point X="216" Y="215"/>
    <Point X="217" Y="215"/>
    <Point X="219" Y="215"/>
    <Point X="222" Y="215"/>
    <Point X="224" Y="215"/>
    <Point X="229" Y="215"/>
    <Point X="233" Y="214"/>
    <Point X="240" Y="214"/>
    <Point X="247" Y="214"/>
    <Point X="251" Y="213"/>
    <Point X="258" Y="213"/>
    <Point X="265" Y="212"/>
    <Point X="271" Y="211"/>
    <Point X="278" Y="211"/>
    <Point X="283" Y="210"/>
    <Point X="294" Y="209"/>
    <Point X="300" Y="209"/>
    <Point X="309" Y="208"/>
    <Point X="318" Y="208"/>
    <Point X="327" Y="206"/>
    <Point X="338" Y="206"/>
    <Point X="347" Y="205"/>
    <Point X="355" Y="205"/>
    <Point X="364" Y="204"/>
    <Point X="373" Y="204"/>
    <Point X="379" Y="204"/>
    <Point X="386" Y="203"/>
    <Point X="389" Y="203"/>
    <Point X="394" Y="202"/>
    <Point X="397" Y="202"/>
    <Point X="401" Y="201"/>
    <Point X="403" Y="201"/>
    <Point X="405" Y="200"/>
    <Point X="408" Y="200"/>
    <Point X="410" Y="200"/>
    <Point X="412" Y="200"/>
    <Point X="414" Y="199"/>
    <Point X="416" Y="198"/>
    <Point X="417" Y="198"/>
    <Point X="419" Y="198"/>
    <Point X="420" Y="198"/>
    <Point X="421" Y="198"/>
    <Point X="422" Y="198"/>
    <Point X="423" Y="198"/>
    <Point X="424" Y="198"/>
    <Point X="425" Y="197"/>
    <Point X="426" Y="197"/>
    <Point X="426" Y="196"/>
    <Point X="426" Y="195"/>
    <Point X="425" Y="193"/>
    <Point X="424" Y="192"/>
    <Point X="423" Y="191"/>
    <Point X="423" Y="190"/>
    <Point X="422" Y="188"/>
    <Point X="421" Y="187"/>
    <Point X="420" Y="185"/>
    <Point X="418" Y="183"/>
    <Point X="417" Y="181"/>
    <Point X="414" Y="177"/>
    <Point X="412" Y="174"/>
    <Point X="408" Y="171"/>
    <Point X="405" Y="167"/>
    <Point X="403" Y="162"/>
    <Point X="399" Y="159"/>
    <Point X="396" Y="155"/>
    <Point X="393" Y="151"/>
    <Point X="391" Y="148"/>
    <Point X="388" Y="145"/>
    <Point X="385" Y="142"/>
    <Point X="384" Y="140"/>
    <Point X="381" Y="136"/>
    <Point X="379" Y="134"/>
    <Point X="377" Y="132"/>
    <Point X="376" Y="130"/>
    <Point X="373" Y="127"/>
    <Point X="371" Y="124"/>
    <Point X="368" Y="120"/>
    <Point X="365" Y="117"/>
    <Point X="362" Y="113"/>
    <Point X="360" Y="110"/>
    <Point X="356" Y="107"/>
    <Point X="353" Y="103"/>
    <Point X="350" Y="100"/>
    <Point X="348" Y="97"/>
    <Point X="345" Y="94"/>
    <Point X="342" Y="90"/>
    <Point X="340" Y="88"/>
    <Point X="338" Y="85"/>
    <Point X="336" Y="82"/>
    <Point X="333" Y="80"/>
    <Point X="332" Y="78"/>
    <Point X="331" Y="76"/>
    <Point X="329" Y="74"/>
    <Point X="328" Y="73"/>
    <Point X="327" Y="71"/>
    <Point X="326" Y="70"/>
    <Point X="326" Y="69"/>
    <Point X="325" Y="68"/>
    <Point X="324" Y="67"/>
    <Point X="324" Y="66"/>
    <Point X="323" Y="65"/>
    <Point X="322" Y="64"/>
    <Point X="321" Y="63"/>
    <Point X="321" Y="64"/>
</Gesture>
