<?xml version="1.0" ?>
<Gesture Name="10" Subject="1" Number="10" NumPts="193">
    <Point X="340" Y="118"/>
    <Point X="336" Y="124"/>
    <Point X="331" Y="131"/>
    <Point X="328" Y="135"/>
    <Point X="323" Y="143"/>
    <Point X="320" Y="148"/>
    <Point X="316" Y="153"/>
    <Point X="311" Y="159"/>
    <Point X="308" Y="163"/>
    <Point X="303" Y="171"/>
    <Point X="300" Y="176"/>
    <Point X="296" Y="181"/>
    <Point X="293" Y="186"/>
    <Point X="288" Y="194"/>
    <Point X="283" Y="201"/>
    <Point X="280" Y="208"/>
    <Point X="276" Y="214"/>
    <Point X="274" Y="219"/>
    <Point X="271" Y="224"/>
    <Point X="269" Y="229"/>
    <Point X="266" Y="233"/>
    <Point X="263" Y="238"/>
    <Point X="260" Y="242"/>
    <Point X="258" Y="245"/>
    <Point X="256" Y="249"/>
    <Point X="254" Y="252"/>
    <Point X="253" Y="254"/>
    <Point X="251" Y="258"/>
    <Point X="249" Y="261"/>
    <Point X="248" Y="263"/>
    <Point X="247" Y="265"/>
    <Point X="246" Y="267"/>
    <Point X="245" Y="269"/>
    <Point X="245" Y="271"/>
    <Point X="243" Y="273"/>
    <Point X="243" Y="274"/>
    <Point X="242" Y="276"/>
    <Point X="242" Y="277"/>
    <Point X="242" Y="278"/>
    <Point X="241" Y="280"/>
    <Point X="240" Y="281"/>
    <Point X="240" Y="282"/>
    <Point X="240" Y="283"/>
    <Point X="239" Y="284"/>
    <Point X="239" Y="285"/>
    <Point X="238" Y="285"/>
    <Point X="239" Y="285"/>
    <Point X="242" Y="285"/>
    <Point X="245" Y="285"/>
    <Point X="250" Y="285"/>
    <Point X="253" Y="285"/>
    <Point X="258" Y="284"/>
    <Point X="265" Y="283"/>
    <Point X="271" Y="282"/>
    <Point X="276" Y="281"/>
    <Point X="290" Y="280"/>
    <Point X="295" Y="280"/>
    <Point X="301" Y="280"/>
    <Point X="308" Y="279"/>
    <Point X="315" Y="279"/>
    <Point X="323" Y="277"/>
    <Point X="332" Y="277"/>
    <Point X="343" Y="277"/>
    <Point X="348" Y="277"/>
    <Point X="357" Y="277"/>
    <Point X="365" Y="276"/>
    <Point X="372" Y="276"/>
    <Point X="379" Y="276"/>
    <Point X="385" Y="276"/>
    <Point X="394" Y="276"/>
    <Point X="399" Y="277"/>
    <Point X="404" Y="277"/>
    <Point X="410" Y="277"/>
    <Point X="415" Y="277"/>
    <Point X="418" Y="277"/>
    <Point X="422" Y="277"/>
    <Point X="425" Y="277"/>
    <Point X="428" Y="277"/>
    <Point X="431" Y="277"/>
    <Point X="435" Y="277"/>
    <Point X="438" Y="277"/>
    <Point X="441" Y="277"/>
    <Point X="443" Y="276"/>
    <Point X="445" Y="276"/>
    <Point X="447" Y="276"/>
    <Point X="448" Y="275"/>
    <Point X="450" Y="275"/>
    <Point X="451" Y="275"/>
    <Point X="452" Y="275"/>
    <Point X="453" Y="275"/>
    <Point X="454" Y="275"/>
    <Point X="456" Y="275"/>
    <Point X="457" Y="275"/>
    <Point X="458" Y="275"/>
    <Point X="459" Y="275"/>
    <Point X="460" Y="276"/>
    <Point X="461" Y="276"/>
    <Point X="462" Y="276"/>
    <Point X="463" Y="276"/>
    <Point X="465" Y="276"/>
    <Point X="466" Y="276"/>
    <Point X="467" Y="276"/>
    <Point X="468" Y="276"/>
    <Point X="469" Y="276"/>
    <Point X="470" Y="276"/>
    <Point X="470" Y="275"/>
    <Point X="469" Y="275"/>
    <Point X="468" Y="274"/>
    <Point X="467" Y="274"/>
    <Point X="465" Y="273"/>
    <Point X="464" Y="271"/>
    <Point X="462" Y="271"/>
    <Point X="459" Y="267"/>
    <Point X="458" Y="266"/>
    <Point X="455" Y="264"/>
    <Point X="452" Y="262"/>
    <Point X="449" Y="258"/>
    <Point X="445" Y="255"/>
    <Point X="440" Y="250"/>
    <Point X="437" Y="247"/>
    <Point X="432" Y="241"/>
    <Point X="428" Y="237"/>
    <Point X="425" Y="234"/>
    <Point X="419" Y="226"/>
    <Point X="413" Y="220"/>
    <Point X="411" Y="217"/>
    <Point X="406" Y="212"/>
    <Point X="403" Y="207"/>
    <Point X="398" Y="204"/>
    <Point X="396" Y="200"/>
    <Point X="393" Y="196"/>
    <Point X="389" Y="193"/>
    <Point X="386" Y="189"/>
    <Point X="384" Y="186"/>
    <Point X="382" Y="183"/>
    <Point X="381" Y="181"/>
    <Point X="378" Y="177"/>
    <Point X="376" Y="175"/>
    <Point X="375" Y="173"/>
    <Point X="374" Y="171"/>
    <Point X="372" Y="169"/>
    <Point X="371" Y="167"/>
    <Point X="369" Y="165"/>
    <Point X="367" Y="163"/>
    <Point X="366" Y="160"/>
    <Point X="364" Y="157"/>
    <Point X="363" Y="155"/>
    <Point X="362" Y="153"/>
    <Point X="361" Y="152"/>
    <Point X="359" Y="151"/>
    <Point X="358" Y="149"/>
    <Point X="358" Y="148"/>
    <Point X="357" Y="146"/>
    <Point X="356" Y="145"/>
    <Point X="355" Y="144"/>
    <Point X="354" Y="142"/>
    <Point X="354" Y="140"/>
    <Point X="353" Y="139"/>
    <Point X="353" Y="138"/>
    <Point X="352" Y="137"/>
    <Point X="352" Y="136"/>
    <Point X="351" Y="135"/>
    <Point X="351" Y="134"/>
    <Point X="350" Y="133"/>
    <Point X="350" Y="132"/>
    <Point X="350" Y="131"/>
    <Point X="349" Y="131"/>
    <Point X="349" Y="130"/>
    <Point X="349" Y="129"/>
    <Point X="348" Y="128"/>
    <Point X="348" Y="127"/>
    <Point X="348" Y="126"/>
    <Point X="347" Y="125"/>
    <Point X="346" Y="124"/>
    <Point X="346" Y="123"/>
    <Point X="346" Y="122"/>
    <Point X="345" Y="121"/>
    <Point X="345" Y="120"/>
    <Point X="345" Y="119"/>
    <Point X="344" Y="118"/>
    <Point X="343" Y="117"/>
    <Point X="343" Y="116"/>
    <Point X="342" Y="115"/>
    <Point X="342" Y="114"/>
    <Point X="341" Y="113"/>
    <Point X="340" Y="112"/>
    <Point X="339" Y="111"/>
    <Point X="338" Y="110"/>
    <Point X="337" Y="109"/>
    <Point X="336" Y="109"/>
    <Point X="336" Y="108"/>
    <Point X="335" Y="108"/>
    <Point X="335" Y="109"/>
</Gesture>
