<?xml version="1.0" ?>
<Gesture Name="01" Subject="1" Number="1" NumPts="166">
    <Point X="300" Y="86"/>
    <Point X="299" Y="88"/>
    <Point X="297" Y="90"/>
    <Point X="296" Y="93"/>
    <Point X="293" Y="97"/>
    <Point X="291" Y="100"/>
    <Point X="289" Y="103"/>
    <Point X="287" Y="108"/>
    <Point X="285" Y="113"/>
    <Point X="282" Y="117"/>
    <Point X="280" Y="120"/>
    <Point X="276" Y="129"/>
    <Point X="274" Y="134"/>
    <Point X="271" Y="140"/>
    <Point X="268" Y="145"/>
    <Point X="265" Y="150"/>
    <Point X="263" Y="155"/>
    <Point X="260" Y="161"/>
    <Point X="257" Y="166"/>
    <Point X="254" Y="171"/>
    <Point X="252" Y="175"/>
    <Point X="250" Y="179"/>
    <Point X="245" Y="187"/>
    <Point X="242" Y="191"/>
    <Point X="239" Y="196"/>
    <Point X="236" Y="199"/>
    <Point X="232" Y="203"/>
    <Point X="229" Y="207"/>
    <Point X="226" Y="211"/>
    <Point X="224" Y="215"/>
    <Point X="221" Y="217"/>
    <Point X="219" Y="220"/>
    <Point X="216" Y="222"/>
    <Point X="215" Y="224"/>
    <Point X="214" Y="225"/>
    <Point X="213" Y="226"/>
    <Point X="212" Y="227"/>
    <Point X="212" Y="228"/>
    <Point X="211" Y="229"/>
    <Point X="211" Y="230"/>
    <Point X="210" Y="231"/>
    <Point X="210" Y="232"/>
    <Point X="210" Y="233"/>
    <Point X="210" Y="234"/>
    <Point X="209" Y="235"/>
    <Point X="209" Y="236"/>
    <Point X="209" Y="237"/>
    <Point X="209" Y="238"/>
    <Point X="209" Y="239"/>
    <Point X="208" Y="239"/>
    <Point X="208" Y="240"/>
    <Point X="208" Y="241"/>
    <Point X="210" Y="241"/>
    <Point X="214" Y="241"/>
    <Point X="218" Y="241"/>
    <Point X="223" Y="240"/>
    <Point X="228" Y="240"/>
    <Point X="242" Y="239"/>
    <Point X="250" Y="238"/>
    <Point X="257" Y="238"/>
    <Point X="266" Y="237"/>
    <Point X="274" Y="237"/>
    <Point X="286" Y="235"/>
    <Point X="294" Y="234"/>
    <Point X="305" Y="234"/>
    <Point X="314" Y="234"/>
    <Point X="325" Y="234"/>
    <Point X="330" Y="233"/>
    <Point X="344" Y="233"/>
    <Point X="349" Y="233"/>
    <Point X="358" Y="233"/>
    <Point X="364" Y="232"/>
    <Point X="369" Y="232"/>
    <Point X="376" Y="232"/>
    <Point X="380" Y="232"/>
    <Point X="384" Y="232"/>
    <Point X="388" Y="232"/>
    <Point X="392" Y="231"/>
    <Point X="395" Y="230"/>
    <Point X="397" Y="230"/>
    <Point X="399" Y="229"/>
    <Point X="400" Y="229"/>
    <Point X="401" Y="229"/>
    <Point X="402" Y="228"/>
    <Point X="403" Y="228"/>
    <Point X="404" Y="228"/>
    <Point X="405" Y="228"/>
    <Point X="406" Y="228"/>
    <Point X="406" Y="227"/>
    <Point X="406" Y="226"/>
    <Point X="406" Y="225"/>
    <Point X="405" Y="225"/>
    <Point X="405" Y="224"/>
    <Point X="404" Y="222"/>
    <Point X="404" Y="221"/>
    <Point X="403" Y="220"/>
    <Point X="403" Y="218"/>
    <Point X="401" Y="217"/>
    <Point X="401" Y="216"/>
    <Point X="399" Y="213"/>
    <Point X="399" Y="212"/>
    <Point X="397" Y="210"/>
    <Point X="396" Y="207"/>
    <Point X="393" Y="203"/>
    <Point X="391" Y="200"/>
    <Point X="388" Y="196"/>
    <Point X="386" Y="191"/>
    <Point X="383" Y="186"/>
    <Point X="380" Y="181"/>
    <Point X="377" Y="178"/>
    <Point X="374" Y="173"/>
    <Point X="371" Y="168"/>
    <Point X="368" Y="163"/>
    <Point X="367" Y="160"/>
    <Point X="364" Y="155"/>
    <Point X="362" Y="152"/>
    <Point X="359" Y="148"/>
    <Point X="358" Y="145"/>
    <Point X="355" Y="141"/>
    <Point X="353" Y="138"/>
    <Point X="352" Y="134"/>
    <Point X="349" Y="131"/>
    <Point X="347" Y="127"/>
    <Point X="344" Y="123"/>
    <Point X="343" Y="120"/>
    <Point X="340" Y="116"/>
    <Point X="337" Y="113"/>
    <Point X="334" Y="110"/>
    <Point X="333" Y="107"/>
    <Point X="330" Y="104"/>
    <Point X="329" Y="102"/>
    <Point X="327" Y="100"/>
    <Point X="325" Y="99"/>
    <Point X="324" Y="97"/>
    <Point X="323" Y="96"/>
    <Point X="323" Y="95"/>
    <Point X="322" Y="95"/>
    <Point X="321" Y="94"/>
    <Point X="321" Y="93"/>
    <Point X="320" Y="93"/>
    <Point X="320" Y="92"/>
    <Point X="319" Y="92"/>
    <Point X="319" Y="91"/>
    <Point X="318" Y="90"/>
    <Point X="317" Y="90"/>
    <Point X="316" Y="89"/>
    <Point X="315" Y="89"/>
    <Point X="314" Y="89"/>
    <Point X="313" Y="88"/>
    <Point X="312" Y="88"/>
    <Point X="311" Y="88"/>
    <Point X="310" Y="87"/>
    <Point X="309" Y="87"/>
    <Point X="308" Y="87"/>
    <Point X="307" Y="86"/>
    <Point X="306" Y="86"/>
    <Point X="306" Y="85"/>
    <Point X="305" Y="85"/>
    <Point X="304" Y="85"/>
    <Point X="304" Y="84"/>
    <Point X="303" Y="84"/>
    <Point X="302" Y="84"/>
    <Point X="302" Y="83"/>
    <Point X="301" Y="83"/>
    <Point X="301" Y="82"/>
    <Point X="300" Y="82"/>
</Gesture>
