<?xml version="1.0" ?>
<Gesture Name="09" Subject="1" Number="9" NumPts="166">
    <Point X="345" Y="149"/>
    <Point X="342" Y="152"/>
    <Point X="340" Y="156"/>
    <Point X="337" Y="160"/>
    <Point X="330" Y="167"/>
    <Point X="328" Y="171"/>
    <Point X="323" Y="177"/>
    <Point X="319" Y="182"/>
    <Point X="316" Y="187"/>
    <Point X="312" Y="191"/>
    <Point X="308" Y="197"/>
    <Point X="305" Y="200"/>
    <Point X="300" Y="206"/>
    <Point X="297" Y="210"/>
    <Point X="295" Y="214"/>
    <Point X="292" Y="217"/>
    <Point X="289" Y="221"/>
    <Point X="286" Y="225"/>
    <Point X="283" Y="230"/>
    <Point X="282" Y="232"/>
    <Point X="279" Y="236"/>
    <Point X="277" Y="239"/>
    <Point X="275" Y="241"/>
    <Point X="273" Y="243"/>
    <Point X="272" Y="245"/>
    <Point X="270" Y="248"/>
    <Point X="268" Y="250"/>
    <Point X="268" Y="252"/>
    <Point X="267" Y="253"/>
    <Point X="266" Y="254"/>
    <Point X="265" Y="256"/>
    <Point X="264" Y="258"/>
    <Point X="263" Y="260"/>
    <Point X="261" Y="262"/>
    <Point X="261" Y="263"/>
    <Point X="259" Y="265"/>
    <Point X="259" Y="267"/>
    <Point X="258" Y="269"/>
    <Point X="257" Y="270"/>
    <Point X="257" Y="271"/>
    <Point X="257" Y="272"/>
    <Point X="257" Y="273"/>
    <Point X="256" Y="273"/>
    <Point X="257" Y="273"/>
    <Point X="258" Y="273"/>
    <Point X="259" Y="273"/>
    <Point X="261" Y="273"/>
    <Point X="266" Y="272"/>
    <Point X="269" Y="271"/>
    <Point X="274" Y="270"/>
    <Point X="281" Y="270"/>
    <Point X="285" Y="269"/>
    <Point X="292" Y="268"/>
    <Point X="299" Y="267"/>
    <Point X="303" Y="267"/>
    <Point X="308" Y="266"/>
    <Point X="313" Y="266"/>
    <Point X="316" Y="265"/>
    <Point X="319" Y="265"/>
    <Point X="323" Y="265"/>
    <Point X="325" Y="264"/>
    <Point X="329" Y="264"/>
    <Point X="333" Y="264"/>
    <Point X="336" Y="264"/>
    <Point X="341" Y="263"/>
    <Point X="346" Y="263"/>
    <Point X="350" Y="263"/>
    <Point X="357" Y="263"/>
    <Point X="362" Y="263"/>
    <Point X="371" Y="263"/>
    <Point X="377" Y="263"/>
    <Point X="384" Y="263"/>
    <Point X="389" Y="263"/>
    <Point X="395" Y="263"/>
    <Point X="400" Y="263"/>
    <Point X="405" Y="263"/>
    <Point X="408" Y="264"/>
    <Point X="411" Y="264"/>
    <Point X="414" Y="264"/>
    <Point X="418" Y="264"/>
    <Point X="420" Y="264"/>
    <Point X="422" Y="264"/>
    <Point X="424" Y="264"/>
    <Point X="426" Y="264"/>
    <Point X="428" Y="264"/>
    <Point X="431" Y="264"/>
    <Point X="433" Y="264"/>
    <Point X="436" Y="264"/>
    <Point X="440" Y="264"/>
    <Point X="442" Y="264"/>
    <Point X="445" Y="264"/>
    <Point X="447" Y="264"/>
    <Point X="450" Y="264"/>
    <Point X="453" Y="264"/>
    <Point X="454" Y="264"/>
    <Point X="458" Y="264"/>
    <Point X="460" Y="264"/>
    <Point X="461" Y="264"/>
    <Point X="462" Y="264"/>
    <Point X="463" Y="264"/>
    <Point X="464" Y="264"/>
    <Point X="465" Y="264"/>
    <Point X="465" Y="263"/>
    <Point X="465" Y="262"/>
    <Point X="464" Y="261"/>
    <Point X="464" Y="260"/>
    <Point X="463" Y="259"/>
    <Point X="462" Y="258"/>
    <Point X="461" Y="257"/>
    <Point X="458" Y="255"/>
    <Point X="456" Y="253"/>
    <Point X="452" Y="250"/>
    <Point X="447" Y="245"/>
    <Point X="444" Y="243"/>
    <Point X="438" Y="236"/>
    <Point X="434" Y="234"/>
    <Point X="430" Y="230"/>
    <Point X="425" Y="225"/>
    <Point X="421" Y="222"/>
    <Point X="416" Y="219"/>
    <Point X="412" Y="215"/>
    <Point X="409" Y="211"/>
    <Point X="405" Y="208"/>
    <Point X="401" Y="206"/>
    <Point X="398" Y="203"/>
    <Point X="395" Y="200"/>
    <Point X="393" Y="198"/>
    <Point X="389" Y="196"/>
    <Point X="387" Y="194"/>
    <Point X="385" Y="191"/>
    <Point X="383" Y="190"/>
    <Point X="380" Y="187"/>
    <Point X="377" Y="186"/>
    <Point X="374" Y="183"/>
    <Point X="372" Y="181"/>
    <Point X="370" Y="179"/>
    <Point X="367" Y="176"/>
    <Point X="365" Y="174"/>
    <Point X="363" Y="172"/>
    <Point X="361" Y="170"/>
    <Point X="359" Y="168"/>
    <Point X="358" Y="167"/>
    <Point X="355" Y="164"/>
    <Point X="355" Y="163"/>
    <Point X="354" Y="162"/>
    <Point X="353" Y="161"/>
    <Point X="352" Y="160"/>
    <Point X="351" Y="159"/>
    <Point X="350" Y="159"/>
    <Point X="349" Y="157"/>
    <Point X="348" Y="157"/>
    <Point X="347" Y="156"/>
    <Point X="346" Y="155"/>
    <Point X="345" Y="154"/>
    <Point X="344" Y="153"/>
    <Point X="344" Y="152"/>
    <Point X="343" Y="151"/>
    <Point X="343" Y="150"/>
    <Point X="343" Y="149"/>
    <Point X="342" Y="148"/>
    <Point X="341" Y="147"/>
    <Point X="340" Y="146"/>
    <Point X="340" Y="145"/>
    <Point X="340" Y="144"/>
    <Point X="339" Y="144"/>
    <Point X="339" Y="143"/>
</Gesture>
