<?xml version="1.0" ?>
<Gesture Name="03" Subject="1" Number="3" NumPts="190">
    <Point X="327" Y="97"/>
    <Point X="325" Y="100"/>
    <Point X="322" Y="104"/>
    <Point X="319" Y="109"/>
    <Point X="315" Y="115"/>
    <Point X="313" Y="118"/>
    <Point X="308" Y="126"/>
    <Point X="305" Y="129"/>
    <Point X="300" Y="139"/>
    <Point X="297" Y="142"/>
    <Point X="293" Y="150"/>
    <Point X="289" Y="156"/>
    <Point X="286" Y="162"/>
    <Point X="282" Y="169"/>
    <Point X="280" Y="174"/>
    <Point X="276" Y="181"/>
    <Point X="273" Y="185"/>
    <Point X="270" Y="189"/>
    <Point X="268" Y="194"/>
    <Point X="265" Y="198"/>
    <Point X="263" Y="201"/>
    <Point X="260" Y="205"/>
    <Point X="259" Y="207"/>
    <Point X="258" Y="209"/>
    <Point X="255" Y="211"/>
    <Point X="254" Y="213"/>
    <Point X="252" Y="215"/>
    <Point X="251" Y="216"/>
    <Point X="250" Y="220"/>
    <Point X="249" Y="221"/>
    <Point X="248" Y="223"/>
    <Point X="247" Y="224"/>
    <Point X="246" Y="225"/>
    <Point X="246" Y="226"/>
    <Point X="246" Y="227"/>
    <Point X="245" Y="227"/>
    <Point X="245" Y="228"/>
    <Point X="245" Y="229"/>
    <Point X="244" Y="230"/>
    <Point X="244" Y="231"/>
    <Point X="244" Y="232"/>
    <Point X="244" Y="233"/>
    <Point X="243" Y="233"/>
    <Point X="243" Y="234"/>
    <Point X="243" Y="235"/>
    <Point X="244" Y="235"/>
    <Point X="245" Y="235"/>
    <Point X="247" Y="235"/>
    <Point X="249" Y="236"/>
    <Point X="251" Y="236"/>
    <Point X="257" Y="237"/>
    <Point X="262" Y="237"/>
    <Point X="267" Y="237"/>
    <Point X="274" Y="237"/>
    <Point X="278" Y="238"/>
    <Point X="285" Y="238"/>
    <Point X="290" Y="238"/>
    <Point X="296" Y="238"/>
    <Point X="301" Y="238"/>
    <Point X="306" Y="238"/>
    <Point X="311" Y="238"/>
    <Point X="316" Y="238"/>
    <Point X="320" Y="238"/>
    <Point X="324" Y="238"/>
    <Point X="330" Y="238"/>
    <Point X="334" Y="237"/>
    <Point X="340" Y="237"/>
    <Point X="343" Y="236"/>
    <Point X="348" Y="235"/>
    <Point X="353" Y="235"/>
    <Point X="360" Y="234"/>
    <Point X="363" Y="234"/>
    <Point X="368" Y="233"/>
    <Point X="374" Y="232"/>
    <Point X="378" Y="232"/>
    <Point X="384" Y="231"/>
    <Point X="389" Y="231"/>
    <Point X="396" Y="231"/>
    <Point X="402" Y="230"/>
    <Point X="405" Y="230"/>
    <Point X="410" Y="230"/>
    <Point X="415" Y="230"/>
    <Point X="420" Y="230"/>
    <Point X="423" Y="230"/>
    <Point X="425" Y="230"/>
    <Point X="428" Y="230"/>
    <Point X="429" Y="230"/>
    <Point X="433" Y="230"/>
    <Point X="434" Y="230"/>
    <Point X="435" Y="230"/>
    <Point X="436" Y="230"/>
    <Point X="437" Y="230"/>
    <Point X="439" Y="230"/>
    <Point X="440" Y="230"/>
    <Point X="441" Y="230"/>
    <Point X="442" Y="230"/>
    <Point X="443" Y="230"/>
    <Point X="444" Y="230"/>
    <Point X="445" Y="230"/>
    <Point X="446" Y="230"/>
    <Point X="447" Y="230"/>
    <Point X="447" Y="229"/>
    <Point X="447" Y="228"/>
    <Point X="447" Y="227"/>
    <Point X="447" Y="226"/>
    <Point X="446" Y="226"/>
    <Point X="445" Y="225"/>
    <Point X="443" Y="223"/>
    <Point X="442" Y="222"/>
    <Point X="440" Y="221"/>
    <Point X="438" Y="220"/>
    <Point X="435" Y="216"/>
    <Point X="433" Y="213"/>
    <Point X="429" Y="209"/>
    <Point X="425" Y="207"/>
    <Point X="423" Y="204"/>
    <Point X="417" Y="198"/>
    <Point X="413" Y="194"/>
    <Point X="409" Y="190"/>
    <Point X="405" Y="186"/>
    <Point X="401" Y="183"/>
    <Point X="397" Y="179"/>
    <Point X="395" Y="176"/>
    <Point X="391" Y="173"/>
    <Point X="389" Y="171"/>
    <Point X="386" Y="168"/>
    <Point X="383" Y="165"/>
    <Point X="380" Y="163"/>
    <Point X="378" Y="161"/>
    <Point X="376" Y="159"/>
    <Point X="373" Y="157"/>
    <Point X="372" Y="156"/>
    <Point X="370" Y="153"/>
    <Point X="367" Y="151"/>
    <Point X="365" Y="150"/>
    <Point X="364" Y="148"/>
    <Point X="362" Y="147"/>
    <Point X="360" Y="146"/>
    <Point X="359" Y="143"/>
    <Point X="358" Y="142"/>
    <Point X="356" Y="142"/>
    <Point X="355" Y="140"/>
    <Point X="354" Y="139"/>
    <Point X="354" Y="138"/>
    <Point X="353" Y="137"/>
    <Point X="352" Y="136"/>
    <Point X="352" Y="135"/>
    <Point X="351" Y="134"/>
    <Point X="351" Y="133"/>
    <Point X="349" Y="132"/>
    <Point X="349" Y="130"/>
    <Point X="348" Y="129"/>
    <Point X="347" Y="127"/>
    <Point X="346" Y="125"/>
    <Point X="345" Y="123"/>
    <Point X="344" Y="122"/>
    <Point X="343" Y="121"/>
    <Point X="343" Y="120"/>
    <Point X="342" Y="120"/>
    <Point X="341" Y="118"/>
    <Point X="340" Y="117"/>
    <Point X="340" Y="116"/>
    <Point X="339" Y="116"/>
    <Point X="339" Y="115"/>
    <Point X="339" Y="114"/>
    <Point X="338" Y="114"/>
    <Point X="338" Y="113"/>
    <Point X="337" Y="112"/>
    <Point X="337" Y="111"/>
    <Point X="337" Y="110"/>
    <Point X="336" Y="110"/>
    <Point X="336" Y="109"/>
    <Point X="335" Y="109"/>
    <Point X="335" Y="108"/>
    <Point X="334" Y="107"/>
    <Point X="334" Y="106"/>
    <Point X="333" Y="105"/>
    <Point X="333" Y="104"/>
    <Point X="332" Y="104"/>
    <Point X="332" Y="103"/>
    <Point X="331" Y="103"/>
    <Point X="331" Y="102"/>
    <Point X="330" Y="102"/>
    <Point X="330" Y="101"/>
    <Point X="330" Y="100"/>
    <Point X="329" Y="100"/>
    <Point X="328" Y="99"/>
    <Point X="327" Y="98"/>
    <Point X="326" Y="97"/>
    <Point X="325" Y="97"/>
</Gesture>
