<?xml version="1.0" ?>
<Gesture Name="08" Subject="1" Number="8" NumPts="138">
    <Point X="327" Y="170"/>
    <Point X="323" Y="174"/>
    <Point X="317" Y="180"/>
    <Point X="310" Y="186"/>
    <Point X="304" Y="194"/>
    <Point X="296" Y="202"/>
    <Point X="286" Y="213"/>
    <Point X="278" Y="221"/>
    <Point X="273" Y="229"/>
    <Point X="267" Y="236"/>
    <Point X="263" Y="240"/>
    <Point X="258" Y="248"/>
    <Point X="254" Y="251"/>
    <Point X="251" Y="255"/>
    <Point X="248" Y="260"/>
    <Point X="246" Y="263"/>
    <Point X="245" Y="265"/>
    <Point X="244" Y="266"/>
    <Point X="242" Y="268"/>
    <Point X="241" Y="270"/>
    <Point X="239" Y="271"/>
    <Point X="239" Y="272"/>
    <Point X="239" Y="273"/>
    <Point X="239" Y="274"/>
    <Point X="238" Y="274"/>
    <Point X="238" Y="275"/>
    <Point X="239" Y="275"/>
    <Point X="241" Y="275"/>
    <Point X="245" Y="275"/>
    <Point X="247" Y="275"/>
    <Point X="252" Y="275"/>
    <Point X="254" Y="275"/>
    <Point X="259" Y="275"/>
    <Point X="268" Y="275"/>
    <Point X="271" Y="275"/>
    <Point X="278" Y="275"/>
    <Point X="284" Y="277"/>
    <Point X="293" Y="277"/>
    <Point X="300" Y="277"/>
    <Point X="311" Y="277"/>
    <Point X="322" Y="279"/>
    <Point X="333" Y="281"/>
    <Point X="347" Y="282"/>
    <Point X="358" Y="284"/>
    <Point X="367" Y="285"/>
    <Point X="372" Y="286"/>
    <Point X="380" Y="287"/>
    <Point X="389" Y="287"/>
    <Point X="396" Y="288"/>
    <Point X="399" Y="289"/>
    <Point X="404" Y="289"/>
    <Point X="407" Y="289"/>
    <Point X="409" Y="289"/>
    <Point X="411" Y="289"/>
    <Point X="412" Y="289"/>
    <Point X="413" Y="289"/>
    <Point X="414" Y="289"/>
    <Point X="415" Y="289"/>
    <Point X="416" Y="289"/>
    <Point X="417" Y="289"/>
    <Point X="418" Y="289"/>
    <Point X="419" Y="289"/>
    <Point X="420" Y="289"/>
    <Point X="421" Y="289"/>
    <Point X="422" Y="289"/>
    <Point X="423" Y="289"/>
    <Point X="424" Y="289"/>
    <Point X="425" Y="289"/>
    <Point X="425" Y="288"/>
    <Point X="425" Y="287"/>
    <Point X="425" Y="286"/>
    <Point X="425" Y="284"/>
    <Point X="424" Y="283"/>
    <Point X="424" Y="282"/>
    <Point X="423" Y="281"/>
    <Point X="422" Y="279"/>
    <Point X="421" Y="278"/>
    <Point X="420" Y="276"/>
    <Point X="419" Y="274"/>
    <Point X="417" Y="272"/>
    <Point X="416" Y="269"/>
    <Point X="413" Y="266"/>
    <Point X="409" Y="261"/>
    <Point X="407" Y="258"/>
    <Point X="404" Y="253"/>
    <Point X="400" Y="250"/>
    <Point X="396" Y="246"/>
    <Point X="392" Y="242"/>
    <Point X="389" Y="238"/>
    <Point X="385" Y="234"/>
    <Point X="382" Y="231"/>
    <Point X="379" Y="228"/>
    <Point X="376" Y="225"/>
    <Point X="374" Y="224"/>
    <Point X="372" Y="221"/>
    <Point X="370" Y="219"/>
    <Point X="367" Y="218"/>
    <Point X="366" Y="216"/>
    <Point X="363" Y="213"/>
    <Point X="361" Y="211"/>
    <Point X="359" Y="209"/>
    <Point X="356" Y="206"/>
    <Point X="354" Y="204"/>
    <Point X="350" Y="201"/>
    <Point X="349" Y="199"/>
    <Point X="346" Y="197"/>
    <Point X="344" Y="194"/>
    <Point X="343" Y="192"/>
    <Point X="342" Y="191"/>
    <Point X="341" Y="190"/>
    <Point X="340" Y="189"/>
    <Point X="338" Y="188"/>
    <Point X="338" Y="187"/>
    <Point X="337" Y="187"/>
    <Point X="336" Y="186"/>
    <Point X="335" Y="185"/>
    <Point X="334" Y="183"/>
    <Point X="334" Y="182"/>
    <Point X="333" Y="181"/>
    <Point X="332" Y="180"/>
    <Point X="331" Y="179"/>
    <Point X="331" Y="178"/>
    <Point X="330" Y="178"/>
    <Point X="330" Y="177"/>
    <Point X="330" Y="176"/>
    <Point X="329" Y="175"/>
    <Point X="329" Y="174"/>
    <Point X="328" Y="174"/>
    <Point X="328" Y="173"/>
    <Point X="327" Y="173"/>
    <Point X="327" Y="172"/>
    <Point X="326" Y="172"/>
    <Point X="326" Y="171"/>
    <Point X="326" Y="170"/>
    <Point X="326" Y="169"/>
    <Point X="325" Y="169"/>
    <Point X="325" Y="168"/>
    <Point X="325" Y="167"/>
</Gesture>
