<?xml version="1.0" ?>
<Gesture Name="06" Subject="1" Number="6" NumPts="129">
    <Point X="367" Y="182"/>
    <Point X="364" Y="184"/>
    <Point X="361" Y="188"/>
    <Point X="357" Y="194"/>
    <Point X="352" Y="199"/>
    <Point X="348" Y="205"/>
    <Point X="343" Y="212"/>
    <Point X="340" Y="219"/>
    <Point X="333" Y="225"/>
    <Point X="330" Y="232"/>
    <Point X="327" Y="235"/>
    <Point X="322" Y="245"/>
    <Point X="320" Y="248"/>
    <Point X="314" Y="256"/>
    <Point X="312" Y="259"/>
    <Point X="307" Y="267"/>
    <Point X="306" Y="270"/>
    <Point X="303" Y="274"/>
    <Point X="300" Y="278"/>
    <Point X="298" Y="280"/>
    <Point X="297" Y="283"/>
    <Point X="296" Y="285"/>
    <Point X="294" Y="287"/>
    <Point X="293" Y="289"/>
    <Point X="292" Y="290"/>
    <Point X="291" Y="291"/>
    <Point X="291" Y="292"/>
    <Point X="290" Y="293"/>
    <Point X="290" Y="294"/>
    <Point X="291" Y="294"/>
    <Point X="293" Y="294"/>
    <Point X="296" Y="295"/>
    <Point X="303" Y="295"/>
    <Point X="306" Y="296"/>
    <Point X="315" Y="297"/>
    <Point X="321" Y="297"/>
    <Point X="328" Y="298"/>
    <Point X="334" Y="299"/>
    <Point X="343" Y="300"/>
    <Point X="352" Y="300"/>
    <Point X="363" Y="302"/>
    <Point X="372" Y="302"/>
    <Point X="383" Y="303"/>
    <Point X="397" Y="303"/>
    <Point X="408" Y="305"/>
    <Point X="419" Y="305"/>
    <Point X="426" Y="306"/>
    <Point X="437" Y="306"/>
    <Point X="444" Y="307"/>
    <Point X="452" Y="307"/>
    <Point X="457" Y="308"/>
    <Point X="462" Y="308"/>
    <Point X="465" Y="308"/>
    <Point X="469" Y="309"/>
    <Point X="471" Y="309"/>
    <Point X="472" Y="309"/>
    <Point X="473" Y="309"/>
    <Point X="474" Y="309"/>
    <Point X="475" Y="309"/>
    <Point X="475" Y="308"/>
    <Point X="474" Y="307"/>
    <Point X="474" Y="306"/>
    <Point X="473" Y="305"/>
    <Point X="472" Y="304"/>
    <Point X="471" Y="301"/>
    <Point X="470" Y="299"/>
    <Point X="468" Y="296"/>
    <Point X="465" Y="291"/>
    <Point X="463" Y="286"/>
    <Point X="460" Y="282"/>
    <Point X="457" Y="277"/>
    <Point X="454" Y="274"/>
    <Point X="449" Y="266"/>
    <Point X="446" Y="262"/>
    <Point X="442" Y="257"/>
    <Point X="439" Y="252"/>
    <Point X="436" Y="248"/>
    <Point X="432" Y="244"/>
    <Point X="429" Y="240"/>
    <Point X="425" Y="237"/>
    <Point X="422" Y="233"/>
    <Point X="420" Y="230"/>
    <Point X="418" Y="228"/>
    <Point X="415" Y="224"/>
    <Point X="412" Y="222"/>
    <Point X="410" Y="219"/>
    <Point X="407" Y="217"/>
    <Point X="406" Y="213"/>
    <Point X="404" Y="212"/>
    <Point X="401" Y="210"/>
    <Point X="400" Y="208"/>
    <Point X="399" Y="206"/>
    <Point X="396" Y="203"/>
    <Point X="395" Y="202"/>
    <Point X="394" Y="200"/>
    <Point X="393" Y="199"/>
    <Point X="392" Y="198"/>
    <Point X="391" Y="197"/>
    <Point X="390" Y="196"/>
    <Point X="389" Y="195"/>
    <Point X="388" Y="194"/>
    <Point X="387" Y="194"/>
    <Point X="386" Y="193"/>
    <Point X="385" Y="192"/>
    <Point X="384" Y="192"/>
    <Point X="384" Y="191"/>
    <Point X="382" Y="191"/>
    <Point X="382" Y="190"/>
    <Point X="381" Y="190"/>
    <Point X="381" Y="189"/>
    <Point X="380" Y="189"/>
    <Point X="379" Y="188"/>
    <Point X="378" Y="188"/>
    <Point X="378" Y="187"/>
    <Point X="377" Y="187"/>
    <Point X="377" Y="186"/>
    <Point X="376" Y="185"/>
    <Point X="375" Y="185"/>
    <Point X="375" Y="184"/>
    <Point X="374" Y="184"/>
    <Point X="373" Y="183"/>
    <Point X="372" Y="183"/>
    <Point X="372" Y="182"/>
    <Point X="371" Y="182"/>
    <Point X="371" Y="181"/>
    <Point X="370" Y="181"/>
    <Point X="370" Y="180"/>
    <Point X="369" Y="180"/>
    <Point X="369" Y="179"/>
</Gesture>
