<?xml version="1.0" ?>
<Gesture Name="05" Subject="1" Number="5" NumPts="128">
    <Point X="344" Y="151"/>
    <Point X="340" Y="156"/>
    <Point X="337" Y="160"/>
    <Point X="331" Y="166"/>
    <Point X="327" Y="170"/>
    <Point X="322" Y="176"/>
    <Point X="318" Y="181"/>
    <Point X="314" Y="187"/>
    <Point X="311" Y="192"/>
    <Point X="304" Y="201"/>
    <Point X="301" Y="205"/>
    <Point X="297" Y="216"/>
    <Point X="294" Y="221"/>
    <Point X="288" Y="232"/>
    <Point X="286" Y="241"/>
    <Point X="281" Y="247"/>
    <Point X="279" Y="253"/>
    <Point X="277" Y="258"/>
    <Point X="272" Y="266"/>
    <Point X="270" Y="270"/>
    <Point X="268" Y="275"/>
    <Point X="267" Y="278"/>
    <Point X="265" Y="282"/>
    <Point X="264" Y="284"/>
    <Point X="262" Y="286"/>
    <Point X="262" Y="287"/>
    <Point X="261" Y="288"/>
    <Point X="260" Y="289"/>
    <Point X="260" Y="290"/>
    <Point X="259" Y="290"/>
    <Point X="258" Y="291"/>
    <Point X="258" Y="292"/>
    <Point X="259" Y="292"/>
    <Point X="262" Y="292"/>
    <Point X="267" Y="292"/>
    <Point X="270" Y="292"/>
    <Point X="277" Y="292"/>
    <Point X="286" Y="291"/>
    <Point X="292" Y="291"/>
    <Point X="301" Y="291"/>
    <Point X="312" Y="291"/>
    <Point X="319" Y="291"/>
    <Point X="333" Y="291"/>
    <Point X="339" Y="291"/>
    <Point X="353" Y="291"/>
    <Point X="362" Y="291"/>
    <Point X="373" Y="291"/>
    <Point X="384" Y="291"/>
    <Point X="393" Y="291"/>
    <Point X="404" Y="291"/>
    <Point X="413" Y="291"/>
    <Point X="418" Y="291"/>
    <Point X="429" Y="291"/>
    <Point X="434" Y="291"/>
    <Point X="440" Y="292"/>
    <Point X="445" Y="292"/>
    <Point X="450" Y="292"/>
    <Point X="453" Y="292"/>
    <Point X="455" Y="292"/>
    <Point X="456" Y="292"/>
    <Point X="458" Y="292"/>
    <Point X="459" Y="292"/>
    <Point X="460" Y="292"/>
    <Point X="460" Y="291"/>
    <Point X="460" Y="290"/>
    <Point X="459" Y="289"/>
    <Point X="458" Y="288"/>
    <Point X="458" Y="287"/>
    <Point X="457" Y="287"/>
    <Point X="456" Y="286"/>
    <Point X="456" Y="285"/>
    <Point X="455" Y="284"/>
    <Point X="453" Y="282"/>
    <Point X="452" Y="278"/>
    <Point X="450" Y="276"/>
    <Point X="447" Y="272"/>
    <Point X="445" Y="269"/>
    <Point X="440" Y="263"/>
    <Point X="438" Y="260"/>
    <Point X="436" Y="256"/>
    <Point X="432" Y="252"/>
    <Point X="429" Y="248"/>
    <Point X="426" Y="245"/>
    <Point X="422" Y="241"/>
    <Point X="419" Y="237"/>
    <Point X="417" Y="234"/>
    <Point X="414" Y="231"/>
    <Point X="411" Y="227"/>
    <Point X="407" Y="224"/>
    <Point X="404" Y="220"/>
    <Point X="402" Y="218"/>
    <Point X="398" Y="214"/>
    <Point X="396" Y="211"/>
    <Point X="394" Y="208"/>
    <Point X="392" Y="206"/>
    <Point X="389" Y="203"/>
    <Point X="386" Y="199"/>
    <Point X="384" Y="197"/>
    <Point X="383" Y="195"/>
    <Point X="380" Y="191"/>
    <Point X="377" Y="189"/>
    <Point X="375" Y="186"/>
    <Point X="373" Y="183"/>
    <Point X="370" Y="179"/>
    <Point X="368" Y="177"/>
    <Point X="366" Y="175"/>
    <Point X="364" Y="173"/>
    <Point X="363" Y="171"/>
    <Point X="362" Y="170"/>
    <Point X="361" Y="168"/>
    <Point X="360" Y="167"/>
    <Point X="359" Y="166"/>
    <Point X="358" Y="164"/>
    <Point X="356" Y="162"/>
    <Point X="354" Y="161"/>
    <Point X="353" Y="159"/>
    <Point X="351" Y="156"/>
    <Point X="349" Y="154"/>
    <Point X="347" Y="152"/>
    <Point X="346" Y="150"/>
    <Point X="344" Y="149"/>
    <Point X="342" Y="147"/>
    <Point X="342" Y="146"/>
    <Point X="341" Y="145"/>
    <Point X="340" Y="144"/>
    <Point X="339" Y="144"/>
    <Point X="339" Y="143"/>
    <Point X="338" Y="143"/>
</Gesture>
