<?xml version="1.0" ?>
<Gesture Name="07" Subject="1" Number="7" NumPts="137">
    <Point X="343" Y="166"/>
    <Point X="340" Y="170"/>
    <Point X="335" Y="176"/>
    <Point X="331" Y="181"/>
    <Point X="328" Y="186"/>
    <Point X="322" Y="192"/>
    <Point X="317" Y="198"/>
    <Point X="314" Y="202"/>
    <Point X="310" Y="207"/>
    <Point X="304" Y="213"/>
    <Point X="301" Y="217"/>
    <Point X="298" Y="222"/>
    <Point X="295" Y="226"/>
    <Point X="292" Y="230"/>
    <Point X="289" Y="234"/>
    <Point X="286" Y="238"/>
    <Point X="285" Y="240"/>
    <Point X="282" Y="244"/>
    <Point X="280" Y="249"/>
    <Point X="280" Y="251"/>
    <Point X="278" Y="254"/>
    <Point X="277" Y="256"/>
    <Point X="276" Y="258"/>
    <Point X="275" Y="260"/>
    <Point X="274" Y="262"/>
    <Point X="273" Y="264"/>
    <Point X="273" Y="265"/>
    <Point X="272" Y="266"/>
    <Point X="272" Y="267"/>
    <Point X="272" Y="269"/>
    <Point X="271" Y="269"/>
    <Point X="271" Y="270"/>
    <Point X="272" Y="270"/>
    <Point X="273" Y="270"/>
    <Point X="275" Y="270"/>
    <Point X="276" Y="270"/>
    <Point X="278" Y="270"/>
    <Point X="281" Y="270"/>
    <Point X="285" Y="270"/>
    <Point X="291" Y="270"/>
    <Point X="298" Y="270"/>
    <Point X="304" Y="270"/>
    <Point X="316" Y="270"/>
    <Point X="324" Y="270"/>
    <Point X="336" Y="270"/>
    <Point X="347" Y="272"/>
    <Point X="358" Y="272"/>
    <Point X="365" Y="273"/>
    <Point X="373" Y="273"/>
    <Point X="380" Y="273"/>
    <Point X="387" Y="273"/>
    <Point X="390" Y="273"/>
    <Point X="395" Y="273"/>
    <Point X="398" Y="273"/>
    <Point X="400" Y="272"/>
    <Point X="403" Y="272"/>
    <Point X="405" Y="271"/>
    <Point X="408" Y="271"/>
    <Point X="412" Y="271"/>
    <Point X="414" Y="270"/>
    <Point X="417" Y="270"/>
    <Point X="420" Y="270"/>
    <Point X="422" Y="269"/>
    <Point X="425" Y="269"/>
    <Point X="427" Y="269"/>
    <Point X="428" Y="269"/>
    <Point X="429" Y="268"/>
    <Point X="430" Y="268"/>
    <Point X="432" Y="268"/>
    <Point X="433" Y="267"/>
    <Point X="434" Y="267"/>
    <Point X="434" Y="266"/>
    <Point X="434" Y="265"/>
    <Point X="434" Y="264"/>
    <Point X="434" Y="263"/>
    <Point X="434" Y="262"/>
    <Point X="433" Y="261"/>
    <Point X="432" Y="259"/>
    <Point X="431" Y="258"/>
    <Point X="429" Y="256"/>
    <Point X="428" Y="254"/>
    <Point X="427" Y="252"/>
    <Point X="424" Y="249"/>
    <Point X="421" Y="246"/>
    <Point X="419" Y="242"/>
    <Point X="415" Y="238"/>
    <Point X="413" Y="235"/>
    <Point X="409" Y="229"/>
    <Point X="405" Y="225"/>
    <Point X="402" Y="221"/>
    <Point X="398" Y="218"/>
    <Point X="394" Y="214"/>
    <Point X="391" Y="210"/>
    <Point X="388" Y="206"/>
    <Point X="384" Y="203"/>
    <Point X="381" Y="199"/>
    <Point X="378" Y="197"/>
    <Point X="376" Y="196"/>
    <Point X="375" Y="194"/>
    <Point X="373" Y="192"/>
    <Point X="372" Y="191"/>
    <Point X="371" Y="190"/>
    <Point X="370" Y="189"/>
    <Point X="368" Y="188"/>
    <Point X="367" Y="187"/>
    <Point X="365" Y="185"/>
    <Point X="363" Y="184"/>
    <Point X="361" Y="183"/>
    <Point X="360" Y="181"/>
    <Point X="358" Y="180"/>
    <Point X="356" Y="178"/>
    <Point X="355" Y="177"/>
    <Point X="355" Y="176"/>
    <Point X="354" Y="175"/>
    <Point X="353" Y="175"/>
    <Point X="353" Y="174"/>
    <Point X="352" Y="174"/>
    <Point X="351" Y="173"/>
    <Point X="350" Y="173"/>
    <Point X="350" Y="172"/>
    <Point X="349" Y="172"/>
    <Point X="349" Y="171"/>
    <Point X="348" Y="171"/>
    <Point X="348" Y="170"/>
    <Point X="348" Y="169"/>
    <Point X="347" Y="169"/>
    <Point X="347" Y="168"/>
    <Point X="346" Y="168"/>
    <Point X="346" Y="167"/>
    <Point X="345" Y="167"/>
    <Point X="345" Y="166"/>
    <Point X="344" Y="166"/>
    <Point X="344" Y="165"/>
    <Point X="343" Y="165"/>
    <Point X="343" Y="164"/>
    <Point X="342" Y="163"/>
    <Point X="341" Y="163"/>
</Gesture>
