<?xml version="1.0" ?>
<Gesture Name="04" Subject="1" Number="4" NumPts="140">
    <Point X="311" Y="89"/>
    <Point X="309" Y="91"/>
    <Point X="306" Y="95"/>
    <Point X="304" Y="98"/>
    <Point X="299" Y="104"/>
    <Point X="296" Y="108"/>
    <Point X="293" Y="113"/>
    <Point X="290" Y="116"/>
    <Point X="288" Y="121"/>
    <Point X="284" Y="125"/>
    <Point X="281" Y="130"/>
    <Point X="277" Y="134"/>
    <Point X="274" Y="138"/>
    <Point X="271" Y="141"/>
    <Point X="268" Y="145"/>
    <Point X="266" Y="150"/>
    <Point X="263" Y="154"/>
    <Point X="260" Y="158"/>
    <Point X="257" Y="161"/>
    <Point X="256" Y="163"/>
    <Point X="253" Y="167"/>
    <Point X="250" Y="170"/>
    <Point X="248" Y="172"/>
    <Point X="245" Y="176"/>
    <Point X="244" Y="178"/>
    <Point X="240" Y="181"/>
    <Point X="238" Y="184"/>
    <Point X="234" Y="187"/>
    <Point X="232" Y="189"/>
    <Point X="229" Y="193"/>
    <Point X="226" Y="197"/>
    <Point X="224" Y="200"/>
    <Point X="222" Y="202"/>
    <Point X="220" Y="203"/>
    <Point X="219" Y="205"/>
    <Point X="218" Y="206"/>
    <Point X="217" Y="207"/>
    <Point X="216" Y="208"/>
    <Point X="216" Y="209"/>
    <Point X="215" Y="210"/>
    <Point X="215" Y="211"/>
    <Point X="216" Y="211"/>
    <Point X="217" Y="211"/>
    <Point X="218" Y="211"/>
    <Point X="222" Y="211"/>
    <Point X="224" Y="211"/>
    <Point X="232" Y="211"/>
    <Point X="235" Y="211"/>
    <Point X="240" Y="211"/>
    <Point X="245" Y="211"/>
    <Point X="253" Y="211"/>
    <Point X="258" Y="211"/>
    <Point X="261" Y="211"/>
    <Point X="273" Y="210"/>
    <Point X="279" Y="210"/>
    <Point X="288" Y="209"/>
    <Point X="299" Y="209"/>
    <Point X="308" Y="208"/>
    <Point X="319" Y="208"/>
    <Point X="333" Y="206"/>
    <Point X="344" Y="206"/>
    <Point X="351" Y="206"/>
    <Point X="359" Y="206"/>
    <Point X="366" Y="206"/>
    <Point X="375" Y="206"/>
    <Point X="381" Y="206"/>
    <Point X="386" Y="205"/>
    <Point X="393" Y="205"/>
    <Point X="396" Y="204"/>
    <Point X="401" Y="204"/>
    <Point X="404" Y="203"/>
    <Point X="407" Y="203"/>
    <Point X="411" Y="202"/>
    <Point X="414" Y="201"/>
    <Point X="417" Y="201"/>
    <Point X="419" Y="200"/>
    <Point X="422" Y="200"/>
    <Point X="424" Y="200"/>
    <Point X="426" Y="199"/>
    <Point X="427" Y="199"/>
    <Point X="429" Y="198"/>
    <Point X="431" Y="198"/>
    <Point X="432" Y="198"/>
    <Point X="433" Y="198"/>
    <Point X="433" Y="197"/>
    <Point X="434" Y="197"/>
    <Point X="435" Y="197"/>
    <Point X="435" Y="196"/>
    <Point X="434" Y="195"/>
    <Point X="433" Y="194"/>
    <Point X="432" Y="194"/>
    <Point X="431" Y="193"/>
    <Point X="431" Y="192"/>
    <Point X="430" Y="191"/>
    <Point X="428" Y="190"/>
    <Point X="424" Y="187"/>
    <Point X="420" Y="184"/>
    <Point X="416" Y="181"/>
    <Point X="412" Y="177"/>
    <Point X="409" Y="175"/>
    <Point X="405" Y="172"/>
    <Point X="400" Y="167"/>
    <Point X="392" Y="162"/>
    <Point X="390" Y="160"/>
    <Point X="384" Y="155"/>
    <Point X="379" Y="151"/>
    <Point X="375" Y="147"/>
    <Point X="371" Y="144"/>
    <Point X="367" Y="140"/>
    <Point X="363" Y="138"/>
    <Point X="359" Y="135"/>
    <Point X="355" Y="132"/>
    <Point X="352" Y="129"/>
    <Point X="349" Y="128"/>
    <Point X="347" Y="125"/>
    <Point X="343" Y="124"/>
    <Point X="341" Y="121"/>
    <Point X="338" Y="120"/>
    <Point X="336" Y="118"/>
    <Point X="332" Y="115"/>
    <Point X="330" Y="114"/>
    <Point X="327" Y="112"/>
    <Point X="324" Y="110"/>
    <Point X="322" Y="109"/>
    <Point X="320" Y="106"/>
    <Point X="318" Y="105"/>
    <Point X="317" Y="104"/>
    <Point X="314" Y="101"/>
    <Point X="313" Y="100"/>
    <Point X="312" Y="99"/>
    <Point X="311" Y="98"/>
    <Point X="310" Y="97"/>
    <Point X="310" Y="96"/>
    <Point X="309" Y="96"/>
    <Point X="308" Y="95"/>
    <Point X="307" Y="93"/>
    <Point X="306" Y="93"/>
    <Point X="306" Y="92"/>
    <Point X="305" Y="92"/>
    <Point X="305" Y="91"/>
</Gesture>
