<?xml version="1.0" ?>
<Gesture Name="01" Subject="1" Number="1" NumPts="79">
    <Point X="290" Y="157"/>
    <Point X="290" Y="158"/>
    <Point X="291" Y="161"/>
    <Point X="291" Y="162"/>
    <Point X="291" Y="164"/>
    <Point X="292" Y="167"/>
    <Point X="294" Y="171"/>
    <Point X="296" Y="176"/>
    <Point X="298" Y="181"/>
    <Point X="299" Y="186"/>
    <Point X="300" Y="191"/>
    <Point X="302" Y="196"/>
    <Point X="304" Y="202"/>
    <Point X="305" Y="207"/>
    <Point X="307" Y="213"/>
    <Point X="308" Y="219"/>
    <Point X="310" Y="225"/>
    <Point X="312" Y="231"/>
    <Point X="314" Y="237"/>
    <Point X="315" Y="243"/>
    <Point X="316" Y="248"/>
    <Point X="318" Y="253"/>
    <Point X="319" Y="258"/>
    <Point X="320" Y="263"/>
    <Point X="322" Y="268"/>
    <Point X="323" Y="272"/>
    <Point X="325" Y="276"/>
    <Point X="326" Y="280"/>
    <Point X="327" Y="285"/>
    <Point X="327" Y="289"/>
    <Point X="328" Y="293"/>
    <Point X="328" Y="297"/>
    <Point X="329" Y="302"/>
    <Point X="330" Y="307"/>
    <Point X="330" Y="312"/>
    <Point X="330" Y="316"/>
    <Point X="331" Y="320"/>
    <Point X="331" Y="322"/>
    <Point X="331" Y="324"/>
    <Point X="332" Y="323"/>
    <Point X="333" Y="321"/>
    <Point X="334" Y="318"/>
    <Point X="335" Y="314"/>
    <Point X="338" Y="309"/>
    <Point X="342" Y="302"/>
    <Point X="346" Y="295"/>
    <Point X="351" Y="287"/>
    <Point X="357" Y="278"/>
    <Point X="362" Y="269"/>
    <Point X="368" Y="260"/>
    <Point X="374" Y="252"/>
    <Point X="381" Y="243"/>
    <Point X="387" Y="235"/>
    <Point X="393" Y="227"/>
    <Point X="397" Y="220"/>
    <Point X="402" Y="213"/>
    <Point X="406" Y="207"/>
    <Point X="409" Y="201"/>
    <Point X="412" Y="195"/>
    <Point X="414" Y="190"/>
    <Point X="415" Y="186"/>
    <Point X="417" Y="182"/>
    <Point X="418" Y="178"/>
    <Point X="419" Y="174"/>
    <Point X="419" Y="171"/>
    <Point X="420" Y="168"/>
    <Point X="421" Y="165"/>
    <Point X="421" Y="162"/>
    <Point X="422" Y="159"/>
    <Point X="423" Y="157"/>
    <Point X="423" Y="155"/>
    <Point X="424" Y="152"/>
    <Point X="424" Y="150"/>
    <Point X="424" Y="149"/>
    <Point X="425" Y="148"/>
    <Point X="425" Y="147"/>
    <Point X="425" Y="146"/>
    <Point X="425" Y="145"/>
    <Point X="425" Y="144"/>
</Gesture>
