<?xml version="1.0" ?>
<Gesture Name="02" Subject="1" Number="2" NumPts="79">
    <Point X="308" Y="147"/>
    <Point X="309" Y="149"/>
    <Point X="309" Y="150"/>
    <Point X="310" Y="153"/>
    <Point X="312" Y="157"/>
    <Point X="314" Y="162"/>
    <Point X="317" Y="168"/>
    <Point X="321" Y="175"/>
    <Point X="325" Y="183"/>
    <Point X="330" Y="191"/>
    <Point X="334" Y="200"/>
    <Point X="338" Y="208"/>
    <Point X="343" Y="217"/>
    <Point X="348" Y="225"/>
    <Point X="352" Y="233"/>
    <Point X="355" Y="240"/>
    <Point X="359" Y="247"/>
    <Point X="362" Y="252"/>
    <Point X="365" Y="257"/>
    <Point X="367" Y="262"/>
    <Point X="369" Y="266"/>
    <Point X="370" Y="269"/>
    <Point X="371" Y="272"/>
    <Point X="372" Y="274"/>
    <Point X="373" Y="277"/>
    <Point X="374" Y="279"/>
    <Point X="375" Y="281"/>
    <Point X="377" Y="284"/>
    <Point X="377" Y="286"/>
    <Point X="378" Y="288"/>
    <Point X="380" Y="290"/>
    <Point X="381" Y="291"/>
    <Point X="381" Y="294"/>
    <Point X="382" Y="295"/>
    <Point X="383" Y="298"/>
    <Point X="384" Y="299"/>
    <Point X="384" Y="301"/>
    <Point X="384" Y="302"/>
    <Point X="385" Y="302"/>
    <Point X="385" Y="300"/>
    <Point X="385" Y="298"/>
    <Point X="385" Y="295"/>
    <Point X="387" Y="291"/>
    <Point X="388" Y="286"/>
    <Point X="389" Y="282"/>
    <Point X="391" Y="276"/>
    <Point X="394" Y="270"/>
    <Point X="398" Y="263"/>
    <Point X="401" Y="256"/>
    <Point X="404" Y="249"/>
    <Point X="407" Y="242"/>
    <Point X="410" Y="235"/>
    <Point X="414" Y="228"/>
    <Point X="416" Y="222"/>
    <Point X="419" Y="216"/>
    <Point X="421" Y="211"/>
    <Point X="423" Y="204"/>
    <Point X="426" Y="199"/>
    <Point X="428" Y="193"/>
    <Point X="429" Y="188"/>
    <Point X="431" Y="183"/>
    <Point X="432" Y="180"/>
    <Point X="433" Y="176"/>
    <Point X="434" Y="172"/>
    <Point X="434" Y="168"/>
    <Point X="436" Y="165"/>
    <Point X="437" Y="162"/>
    <Point X="438" Y="158"/>
    <Point X="439" Y="155"/>
    <Point X="439" Y="153"/>
    <Point X="440" Y="151"/>
    <Point X="440" Y="149"/>
    <Point X="441" Y="147"/>
    <Point X="442" Y="146"/>
    <Point X="442" Y="145"/>
    <Point X="442" Y="144"/>
    <Point X="443" Y="144"/>
    <Point X="443" Y="143"/>
    <Point X="443" Y="142"/>
</Gesture>
