<?xml version="1.0" ?>
<Gesture Name="03" Subject="1" Number="3" NumPts="83">
    <Point X="324" Y="143"/>
    <Point X="324" Y="145"/>
    <Point X="325" Y="148"/>
    <Point X="325" Y="149"/>
    <Point X="327" Y="152"/>
    <Point X="329" Y="156"/>
    <Point X="332" Y="161"/>
    <Point X="335" Y="167"/>
    <Point X="339" Y="173"/>
    <Point X="343" Y="180"/>
    <Point X="347" Y="188"/>
    <Point X="352" Y="196"/>
    <Point X="357" Y="203"/>
    <Point X="362" Y="211"/>
    <Point X="368" Y="219"/>
    <Point X="373" Y="227"/>
    <Point X="378" Y="236"/>
    <Point X="383" Y="244"/>
    <Point X="387" Y="251"/>
    <Point X="391" Y="259"/>
    <Point X="395" Y="266"/>
    <Point X="398" Y="273"/>
    <Point X="401" Y="279"/>
    <Point X="405" Y="285"/>
    <Point X="407" Y="290"/>
    <Point X="409" Y="295"/>
    <Point X="412" Y="298"/>
    <Point X="413" Y="300"/>
    <Point X="414" Y="302"/>
    <Point X="415" Y="301"/>
    <Point X="416" Y="301"/>
    <Point X="416" Y="299"/>
    <Point X="417" Y="297"/>
    <Point X="418" Y="295"/>
    <Point X="420" Y="291"/>
    <Point X="422" Y="287"/>
    <Point X="424" Y="281"/>
    <Point X="427" Y="275"/>
    <Point X="429" Y="269"/>
    <Point X="431" Y="261"/>
    <Point X="434" Y="253"/>
    <Point X="436" Y="246"/>
    <Point X="439" Y="239"/>
    <Point X="441" Y="232"/>
    <Point X="442" Y="226"/>
    <Point X="444" Y="220"/>
    <Point X="446" Y="214"/>
    <Point X="447" Y="208"/>
    <Point X="449" Y="203"/>
    <Point X="451" Y="198"/>
    <Point X="453" Y="192"/>
    <Point X="454" Y="188"/>
    <Point X="456" Y="183"/>
    <Point X="457" Y="179"/>
    <Point X="458" Y="176"/>
    <Point X="459" Y="173"/>
    <Point X="460" Y="171"/>
    <Point X="461" Y="169"/>
    <Point X="462" Y="167"/>
    <Point X="462" Y="165"/>
    <Point X="463" Y="164"/>
    <Point X="464" Y="161"/>
    <Point X="464" Y="160"/>
    <Point X="464" Y="159"/>
    <Point X="465" Y="157"/>
    <Point X="466" Y="156"/>
    <Point X="466" Y="155"/>
    <Point X="467" Y="153"/>
    <Point X="467" Y="152"/>
    <Point X="468" Y="151"/>
    <Point X="468" Y="150"/>
    <Point X="468" Y="149"/>
    <Point X="468" Y="148"/>
    <Point X="469" Y="147"/>
    <Point X="469" Y="146"/>
    <Point X="469" Y="145"/>
    <Point X="470" Y="144"/>
    <Point X="470" Y="143"/>
    <Point X="470" Y="142"/>
    <Point X="470" Y="141"/>
    <Point X="471" Y="141"/>
    <Point X="471" Y="140"/>
    <Point X="471" Y="139"/>
</Gesture>
