<?xml version="1.0" ?>
<Gesture Name="04" Subject="1" Number="4" NumPts="76">
    <Point X="486" Y="201"/>
    <Point X="486" Y="202"/>
    <Point X="487" Y="203"/>
    <Point X="488" Y="206"/>
    <Point X="488" Y="207"/>
    <Point X="489" Y="208"/>
    <Point X="489" Y="211"/>
    <Point X="491" Y="215"/>
    <Point X="493" Y="219"/>
    <Point X="495" Y="224"/>
    <Point X="498" Y="229"/>
    <Point X="501" Y="235"/>
    <Point X="504" Y="241"/>
    <Point X="507" Y="248"/>
    <Point X="510" Y="253"/>
    <Point X="513" Y="259"/>
    <Point X="516" Y="266"/>
    <Point X="519" Y="271"/>
    <Point X="521" Y="277"/>
    <Point X="524" Y="284"/>
    <Point X="526" Y="290"/>
    <Point X="529" Y="297"/>
    <Point X="531" Y="304"/>
    <Point X="534" Y="310"/>
    <Point X="536" Y="315"/>
    <Point X="538" Y="321"/>
    <Point X="539" Y="325"/>
    <Point X="540" Y="328"/>
    <Point X="541" Y="330"/>
    <Point X="542" Y="332"/>
    <Point X="542" Y="333"/>
    <Point X="543" Y="334"/>
    <Point X="543" Y="335"/>
    <Point X="543" Y="336"/>
    <Point X="543" Y="337"/>
    <Point X="543" Y="334"/>
    <Point X="543" Y="333"/>
    <Point X="544" Y="330"/>
    <Point X="544" Y="326"/>
    <Point X="546" Y="322"/>
    <Point X="547" Y="317"/>
    <Point X="548" Y="311"/>
    <Point X="550" Y="304"/>
    <Point X="551" Y="297"/>
    <Point X="552" Y="291"/>
    <Point X="554" Y="284"/>
    <Point X="555" Y="279"/>
    <Point X="557" Y="274"/>
    <Point X="558" Y="268"/>
    <Point X="558" Y="263"/>
    <Point X="560" Y="257"/>
    <Point X="560" Y="252"/>
    <Point X="561" Y="247"/>
    <Point X="563" Y="242"/>
    <Point X="564" Y="236"/>
    <Point X="565" Y="231"/>
    <Point X="566" Y="226"/>
    <Point X="567" Y="221"/>
    <Point X="569" Y="216"/>
    <Point X="570" Y="212"/>
    <Point X="571" Y="208"/>
    <Point X="571" Y="204"/>
    <Point X="572" Y="200"/>
    <Point X="572" Y="198"/>
    <Point X="573" Y="195"/>
    <Point X="573" Y="193"/>
    <Point X="573" Y="190"/>
    <Point X="573" Y="189"/>
    <Point X="574" Y="187"/>
    <Point X="574" Y="186"/>
    <Point X="574" Y="185"/>
    <Point X="574" Y="184"/>
    <Point X="575" Y="184"/>
    <Point X="575" Y="183"/>
    <Point X="575" Y="182"/>
    <Point X="575" Y="181"/>
</Gesture>
