<?xml version="1.0" ?>
<Gesture Name="05" Subject="1" Number="5" NumPts="78">
    <Point X="293" Y="178"/>
    <Point X="293" Y="180"/>
    <Point X="294" Y="182"/>
    <Point X="295" Y="186"/>
    <Point X="298" Y="190"/>
    <Point X="302" Y="195"/>
    <Point X="306" Y="200"/>
    <Point X="310" Y="206"/>
    <Point X="315" Y="214"/>
    <Point X="320" Y="221"/>
    <Point X="325" Y="228"/>
    <Point X="329" Y="235"/>
    <Point X="333" Y="243"/>
    <Point X="338" Y="251"/>
    <Point X="342" Y="259"/>
    <Point X="347" Y="268"/>
    <Point X="351" Y="276"/>
    <Point X="355" Y="286"/>
    <Point X="359" Y="294"/>
    <Point X="363" Y="303"/>
    <Point X="367" Y="311"/>
    <Point X="370" Y="317"/>
    <Point X="373" Y="322"/>
    <Point X="374" Y="326"/>
    <Point X="375" Y="327"/>
    <Point X="376" Y="328"/>
    <Point X="377" Y="326"/>
    <Point X="377" Y="325"/>
    <Point X="379" Y="322"/>
    <Point X="381" Y="320"/>
    <Point X="381" Y="319"/>
    <Point X="383" Y="316"/>
    <Point X="386" Y="313"/>
    <Point X="389" Y="308"/>
    <Point X="392" Y="303"/>
    <Point X="396" Y="297"/>
    <Point X="400" Y="292"/>
    <Point X="404" Y="286"/>
    <Point X="407" Y="280"/>
    <Point X="410" Y="274"/>
    <Point X="413" Y="268"/>
    <Point X="415" Y="262"/>
    <Point X="418" Y="256"/>
    <Point X="420" Y="250"/>
    <Point X="422" Y="243"/>
    <Point X="423" Y="237"/>
    <Point X="425" Y="230"/>
    <Point X="427" Y="224"/>
    <Point X="430" Y="218"/>
    <Point X="432" Y="212"/>
    <Point X="434" Y="207"/>
    <Point X="436" Y="202"/>
    <Point X="437" Y="198"/>
    <Point X="439" Y="195"/>
    <Point X="440" Y="191"/>
    <Point X="441" Y="188"/>
    <Point X="442" Y="185"/>
    <Point X="443" Y="183"/>
    <Point X="444" Y="180"/>
    <Point X="445" Y="177"/>
    <Point X="445" Y="175"/>
    <Point X="446" Y="173"/>
    <Point X="446" Y="171"/>
    <Point X="447" Y="169"/>
    <Point X="448" Y="168"/>
    <Point X="448" Y="166"/>
    <Point X="449" Y="164"/>
    <Point X="449" Y="163"/>
    <Point X="449" Y="162"/>
    <Point X="450" Y="161"/>
    <Point X="450" Y="160"/>
    <Point X="450" Y="159"/>
    <Point X="451" Y="158"/>
    <Point X="451" Y="157"/>
    <Point X="452" Y="156"/>
    <Point X="452" Y="155"/>
    <Point X="452" Y="154"/>
    <Point X="453" Y="154"/>
</Gesture>
