<?xml version="1.0" ?>
<Gesture Name="06" Subject="1" Number="6" NumPts="82">
    <Point X="300" Y="151"/>
    <Point X="301" Y="151"/>
    <Point X="302" Y="152"/>
    <Point X="303" Y="154"/>
    <Point X="303" Y="155"/>
    <Point X="305" Y="157"/>
    <Point X="307" Y="161"/>
    <Point X="311" Y="167"/>
    <Point X="316" Y="174"/>
    <Point X="321" Y="182"/>
    <Point X="327" Y="191"/>
    <Point X="332" Y="200"/>
    <Point X="338" Y="209"/>
    <Point X="342" Y="218"/>
    <Point X="347" Y="227"/>
    <Point X="350" Y="235"/>
    <Point X="354" Y="242"/>
    <Point X="356" Y="248"/>
    <Point X="358" Y="254"/>
    <Point X="360" Y="259"/>
    <Point X="362" Y="264"/>
    <Point X="364" Y="269"/>
    <Point X="366" Y="274"/>
    <Point X="367" Y="280"/>
    <Point X="369" Y="285"/>
    <Point X="371" Y="289"/>
    <Point X="374" Y="294"/>
    <Point X="375" Y="298"/>
    <Point X="377" Y="302"/>
    <Point X="378" Y="304"/>
    <Point X="379" Y="306"/>
    <Point X="379" Y="307"/>
    <Point X="380" Y="307"/>
    <Point X="380" Y="306"/>
    <Point X="381" Y="303"/>
    <Point X="381" Y="299"/>
    <Point X="382" Y="294"/>
    <Point X="384" Y="289"/>
    <Point X="386" Y="283"/>
    <Point X="387" Y="277"/>
    <Point X="390" Y="271"/>
    <Point X="392" Y="265"/>
    <Point X="394" Y="258"/>
    <Point X="397" Y="251"/>
    <Point X="399" Y="245"/>
    <Point X="401" Y="240"/>
    <Point X="402" Y="234"/>
    <Point X="404" Y="229"/>
    <Point X="407" Y="223"/>
    <Point X="409" Y="217"/>
    <Point X="410" Y="212"/>
    <Point X="412" Y="207"/>
    <Point X="414" Y="202"/>
    <Point X="416" Y="198"/>
    <Point X="417" Y="193"/>
    <Point X="418" Y="189"/>
    <Point X="419" Y="186"/>
    <Point X="420" Y="183"/>
    <Point X="421" Y="180"/>
    <Point X="422" Y="177"/>
    <Point X="422" Y="174"/>
    <Point X="423" Y="172"/>
    <Point X="424" Y="170"/>
    <Point X="425" Y="167"/>
    <Point X="426" Y="166"/>
    <Point X="426" Y="163"/>
    <Point X="427" Y="162"/>
    <Point X="427" Y="160"/>
    <Point X="428" Y="158"/>
    <Point X="428" Y="157"/>
    <Point X="428" Y="156"/>
    <Point X="429" Y="155"/>
    <Point X="429" Y="154"/>
    <Point X="429" Y="153"/>
    <Point X="430" Y="153"/>
    <Point X="430" Y="152"/>
    <Point X="430" Y="151"/>
    <Point X="430" Y="150"/>
    <Point X="430" Y="149"/>
    <Point X="431" Y="149"/>
    <Point X="431" Y="148"/>
    <Point X="431" Y="147"/>
</Gesture>
