<?xml version="1.0" ?>
<Gesture Name="07" Subject="1" Number="7" NumPts="70">
    <Point X="326" Y="164"/>
    <Point X="326" Y="165"/>
    <Point X="326" Y="166"/>
    <Point X="327" Y="168"/>
    <Point X="329" Y="172"/>
    <Point X="332" Y="178"/>
    <Point X="335" Y="184"/>
    <Point X="339" Y="191"/>
    <Point X="343" Y="199"/>
    <Point X="347" Y="207"/>
    <Point X="351" Y="214"/>
    <Point X="356" Y="221"/>
    <Point X="360" Y="229"/>
    <Point X="365" Y="236"/>
    <Point X="369" Y="244"/>
    <Point X="374" Y="252"/>
    <Point X="378" Y="260"/>
    <Point X="383" Y="267"/>
    <Point X="387" Y="274"/>
    <Point X="391" Y="280"/>
    <Point X="395" Y="286"/>
    <Point X="398" Y="292"/>
    <Point X="401" Y="297"/>
    <Point X="404" Y="303"/>
    <Point X="405" Y="306"/>
    <Point X="406" Y="306"/>
    <Point X="406" Y="308"/>
    <Point X="407" Y="308"/>
    <Point X="407" Y="309"/>
    <Point X="407" Y="310"/>
    <Point X="408" Y="310"/>
    <Point X="410" Y="308"/>
    <Point X="411" Y="307"/>
    <Point X="413" Y="303"/>
    <Point X="415" Y="298"/>
    <Point X="418" Y="293"/>
    <Point X="422" Y="287"/>
    <Point X="425" Y="282"/>
    <Point X="427" Y="276"/>
    <Point X="429" Y="271"/>
    <Point X="432" Y="266"/>
    <Point X="434" Y="260"/>
    <Point X="435" Y="255"/>
    <Point X="438" Y="249"/>
    <Point X="440" Y="244"/>
    <Point X="442" Y="238"/>
    <Point X="445" Y="232"/>
    <Point X="447" Y="227"/>
    <Point X="449" Y="220"/>
    <Point X="452" Y="213"/>
    <Point X="455" Y="206"/>
    <Point X="458" Y="198"/>
    <Point X="460" Y="191"/>
    <Point X="462" Y="185"/>
    <Point X="463" Y="180"/>
    <Point X="465" Y="174"/>
    <Point X="466" Y="169"/>
    <Point X="468" Y="165"/>
    <Point X="469" Y="161"/>
    <Point X="470" Y="158"/>
    <Point X="471" Y="155"/>
    <Point X="472" Y="153"/>
    <Point X="472" Y="151"/>
    <Point X="472" Y="150"/>
    <Point X="473" Y="148"/>
    <Point X="473" Y="147"/>
    <Point X="474" Y="145"/>
    <Point X="474" Y="144"/>
    <Point X="475" Y="144"/>
    <Point X="475" Y="143"/>
</Gesture>
