<?xml version="1.0" ?>
<Gesture Name="08" Subject="1" Number="8" NumPts="74">
    <Point X="300" Y="140"/>
    <Point X="299" Y="140"/>
    <Point X="300" Y="142"/>
    <Point X="301" Y="145"/>
    <Point X="304" Y="149"/>
    <Point X="307" Y="155"/>
    <Point X="311" Y="161"/>
    <Point X="315" Y="169"/>
    <Point X="320" Y="177"/>
    <Point X="325" Y="186"/>
    <Point X="330" Y="195"/>
    <Point X="336" Y="204"/>
    <Point X="342" Y="215"/>
    <Point X="348" Y="226"/>
    <Point X="353" Y="237"/>
    <Point X="358" Y="248"/>
    <Point X="363" Y="258"/>
    <Point X="368" Y="267"/>
    <Point X="371" Y="275"/>
    <Point X="375" Y="282"/>
    <Point X="377" Y="288"/>
    <Point X="379" Y="292"/>
    <Point X="380" Y="295"/>
    <Point X="381" Y="297"/>
    <Point X="382" Y="299"/>
    <Point X="384" Y="301"/>
    <Point X="385" Y="303"/>
    <Point X="386" Y="304"/>
    <Point X="386" Y="305"/>
    <Point X="387" Y="305"/>
    <Point X="387" Y="306"/>
    <Point X="388" Y="307"/>
    <Point X="389" Y="306"/>
    <Point X="389" Y="304"/>
    <Point X="391" Y="300"/>
    <Point X="393" Y="296"/>
    <Point X="396" Y="291"/>
    <Point X="399" Y="284"/>
    <Point X="403" Y="276"/>
    <Point X="407" Y="269"/>
    <Point X="410" Y="262"/>
    <Point X="412" Y="255"/>
    <Point X="415" Y="248"/>
    <Point X="419" Y="241"/>
    <Point X="421" Y="234"/>
    <Point X="424" Y="228"/>
    <Point X="426" Y="222"/>
    <Point X="427" Y="216"/>
    <Point X="429" Y="210"/>
    <Point X="431" Y="204"/>
    <Point X="433" Y="199"/>
    <Point X="434" Y="193"/>
    <Point X="435" Y="188"/>
    <Point X="436" Y="183"/>
    <Point X="437" Y="178"/>
    <Point X="438" Y="173"/>
    <Point X="439" Y="169"/>
    <Point X="440" Y="165"/>
    <Point X="440" Y="161"/>
    <Point X="441" Y="159"/>
    <Point X="441" Y="156"/>
    <Point X="442" Y="154"/>
    <Point X="443" Y="151"/>
    <Point X="444" Y="149"/>
    <Point X="444" Y="147"/>
    <Point X="445" Y="145"/>
    <Point X="445" Y="144"/>
    <Point X="446" Y="142"/>
    <Point X="446" Y="141"/>
    <Point X="446" Y="140"/>
    <Point X="447" Y="140"/>
    <Point X="447" Y="139"/>
    <Point X="447" Y="138"/>
    <Point X="448" Y="137"/>
</Gesture>
