<?xml version="1.0" ?>
<Gesture Name="09" Subject="1" Number="9" NumPts="60">
    <Point X="278" Y="150"/>
    <Point X="278" Y="151"/>
    <Point X="279" Y="153"/>
    <Point X="281" Y="158"/>
    <Point X="284" Y="164"/>
    <Point X="289" Y="172"/>
    <Point X="294" Y="179"/>
    <Point X="300" Y="187"/>
    <Point X="306" Y="196"/>
    <Point X="312" Y="205"/>
    <Point X="317" Y="213"/>
    <Point X="322" Y="222"/>
    <Point X="328" Y="232"/>
    <Point X="334" Y="241"/>
    <Point X="339" Y="250"/>
    <Point X="344" Y="261"/>
    <Point X="350" Y="270"/>
    <Point X="355" Y="279"/>
    <Point X="360" Y="288"/>
    <Point X="364" Y="296"/>
    <Point X="367" Y="302"/>
    <Point X="369" Y="307"/>
    <Point X="372" Y="311"/>
    <Point X="373" Y="313"/>
    <Point X="374" Y="315"/>
    <Point X="376" Y="317"/>
    <Point X="377" Y="317"/>
    <Point X="378" Y="314"/>
    <Point X="378" Y="313"/>
    <Point X="380" Y="310"/>
    <Point X="382" Y="306"/>
    <Point X="385" Y="300"/>
    <Point X="387" Y="294"/>
    <Point X="390" Y="286"/>
    <Point X="393" Y="279"/>
    <Point X="395" Y="270"/>
    <Point X="398" Y="261"/>
    <Point X="401" Y="252"/>
    <Point X="403" Y="242"/>
    <Point X="405" Y="231"/>
    <Point X="407" Y="222"/>
    <Point X="409" Y="212"/>
    <Point X="412" Y="204"/>
    <Point X="414" Y="195"/>
    <Point X="416" Y="188"/>
    <Point X="418" Y="181"/>
    <Point X="420" Y="175"/>
    <Point X="421" Y="169"/>
    <Point X="422" Y="164"/>
    <Point X="423" Y="159"/>
    <Point X="424" Y="154"/>
    <Point X="425" Y="150"/>
    <Point X="426" Y="148"/>
    <Point X="426" Y="146"/>
    <Point X="427" Y="143"/>
    <Point X="428" Y="140"/>
    <Point X="429" Y="138"/>
    <Point X="429" Y="135"/>
    <Point X="429" Y="134"/>
    <Point X="430" Y="134"/>
</Gesture>
