<?xml version="1.0" ?>
<Gesture Name="10" Subject="1" Number="10" NumPts="67">
    <Point X="297" Y="153"/>
    <Point X="297" Y="154"/>
    <Point X="297" Y="155"/>
    <Point X="299" Y="158"/>
    <Point X="299" Y="159"/>
    <Point X="301" Y="161"/>
    <Point X="304" Y="165"/>
    <Point X="308" Y="171"/>
    <Point X="313" Y="178"/>
    <Point X="319" Y="186"/>
    <Point X="324" Y="194"/>
    <Point X="330" Y="204"/>
    <Point X="336" Y="214"/>
    <Point X="341" Y="224"/>
    <Point X="348" Y="234"/>
    <Point X="354" Y="245"/>
    <Point X="358" Y="254"/>
    <Point X="364" Y="263"/>
    <Point X="368" Y="272"/>
    <Point X="372" Y="280"/>
    <Point X="376" Y="287"/>
    <Point X="379" Y="293"/>
    <Point X="382" Y="299"/>
    <Point X="384" Y="303"/>
    <Point X="386" Y="306"/>
    <Point X="386" Y="308"/>
    <Point X="387" Y="310"/>
    <Point X="388" Y="310"/>
    <Point X="388" Y="311"/>
    <Point X="389" Y="311"/>
    <Point X="389" Y="310"/>
    <Point X="389" Y="309"/>
    <Point X="390" Y="306"/>
    <Point X="392" Y="302"/>
    <Point X="395" Y="295"/>
    <Point X="397" Y="288"/>
    <Point X="401" Y="279"/>
    <Point X="405" Y="270"/>
    <Point X="408" Y="261"/>
    <Point X="411" Y="251"/>
    <Point X="414" Y="243"/>
    <Point X="416" Y="234"/>
    <Point X="419" Y="226"/>
    <Point X="421" Y="219"/>
    <Point X="423" Y="212"/>
    <Point X="425" Y="205"/>
    <Point X="428" Y="198"/>
    <Point X="429" Y="192"/>
    <Point X="431" Y="186"/>
    <Point X="433" Y="180"/>
    <Point X="434" Y="175"/>
    <Point X="436" Y="170"/>
    <Point X="438" Y="166"/>
    <Point X="439" Y="163"/>
    <Point X="440" Y="159"/>
    <Point X="440" Y="157"/>
    <Point X="441" Y="155"/>
    <Point X="442" Y="155"/>
    <Point X="442" Y="154"/>
    <Point X="442" Y="153"/>
    <Point X="443" Y="152"/>
    <Point X="443" Y="151"/>
    <Point X="444" Y="151"/>
    <Point X="444" Y="150"/>
    <Point X="444" Y="148"/>
    <Point X="444" Y="147"/>
    <Point X="444" Y="146"/>
</Gesture>
