<?xml version="1.0" ?>
<Gesture Name="01" Subject="1" Number="1" NumPts="96">
    <Point X="257" Y="124"/>
    <Point X="261" Y="130"/>
    <Point X="267" Y="136"/>
    <Point X="276" Y="145"/>
    <Point X="283" Y="151"/>
    <Point X="289" Y="158"/>
    <Point X="297" Y="165"/>
    <Point X="304" Y="171"/>
    <Point X="311" Y="178"/>
    <Point X="318" Y="185"/>
    <Point X="326" Y="191"/>
    <Point X="334" Y="199"/>
    <Point X="345" Y="208"/>
    <Point X="356" Y="218"/>
    <Point X="366" Y="227"/>
    <Point X="375" Y="235"/>
    <Point X="380" Y="240"/>
    <Point X="387" Y="246"/>
    <Point X="394" Y="252"/>
    <Point X="398" Y="256"/>
    <Point X="402" Y="259"/>
    <Point X="404" Y="261"/>
    <Point X="406" Y="263"/>
    <Point X="407" Y="264"/>
    <Point X="408" Y="264"/>
    <Point X="409" Y="265"/>
    <Point X="410" Y="266"/>
    <Point X="411" Y="266"/>
    <Point X="412" Y="264"/>
    <Point X="412" Y="262"/>
    <Point X="412" Y="260"/>
    <Point X="412" Y="257"/>
    <Point X="412" Y="252"/>
    <Point X="412" Y="248"/>
    <Point X="412" Y="241"/>
    <Point X="412" Y="234"/>
    <Point X="412" Y="228"/>
    <Point X="411" Y="219"/>
    <Point X="411" Y="210"/>
    <Point X="409" Y="199"/>
    <Point X="407" Y="190"/>
    <Point X="405" Y="182"/>
    <Point X="404" Y="170"/>
    <Point X="403" Y="164"/>
    <Point X="402" Y="155"/>
    <Point X="400" Y="150"/>
    <Point X="399" Y="144"/>
    <Point X="399" Y="135"/>
    <Point X="398" Y="130"/>
    <Point X="398" Y="123"/>
    <Point X="397" Y="119"/>
    <Point X="397" Y="115"/>
    <Point X="396" Y="111"/>
    <Point X="396" Y="109"/>
    <Point X="395" Y="105"/>
    <Point X="395" Y="102"/>
    <Point X="394" Y="100"/>
    <Point X="394" Y="99"/>
    <Point X="394" Y="98"/>
    <Point X="394" Y="97"/>
    <Point X="394" Y="96"/>
    <Point X="393" Y="96"/>
    <Point X="392" Y="96"/>
    <Point X="390" Y="96"/>
    <Point X="387" Y="97"/>
    <Point X="383" Y="100"/>
    <Point X="379" Y="103"/>
    <Point X="372" Y="108"/>
    <Point X="364" Y="114"/>
    <Point X="358" Y="122"/>
    <Point X="350" Y="130"/>
    <Point X="340" Y="141"/>
    <Point X="331" Y="152"/>
    <Point X="321" Y="165"/>
    <Point X="313" Y="178"/>
    <Point X="306" Y="188"/>
    <Point X="299" Y="205"/>
    <Point X="292" Y="217"/>
    <Point X="283" Y="232"/>
    <Point X="277" Y="246"/>
    <Point X="271" Y="260"/>
    <Point X="262" Y="275"/>
    <Point X="257" Y="286"/>
    <Point X="253" Y="295"/>
    <Point X="250" Y="300"/>
    <Point X="247" Y="306"/>
    <Point X="244" Y="313"/>
    <Point X="241" Y="317"/>
    <Point X="238" Y="321"/>
    <Point X="237" Y="322"/>
    <Point X="236" Y="324"/>
    <Point X="235" Y="325"/>
    <Point X="234" Y="326"/>
    <Point X="234" Y="327"/>
    <Point X="233" Y="327"/>
    <Point X="233" Y="328"/>
</Gesture>
