<?xml version="1.0" ?>
<Gesture Name="02" Subject="1" Number="2" NumPts="91">
    <Point X="351" Y="190"/>
    <Point X="353" Y="194"/>
    <Point X="357" Y="201"/>
    <Point X="360" Y="208"/>
    <Point X="361" Y="211"/>
    <Point X="366" Y="222"/>
    <Point X="370" Y="228"/>
    <Point X="372" Y="231"/>
    <Point X="377" Y="242"/>
    <Point X="380" Y="247"/>
    <Point X="383" Y="251"/>
    <Point X="386" Y="254"/>
    <Point X="391" Y="262"/>
    <Point X="394" Y="266"/>
    <Point X="399" Y="273"/>
    <Point X="402" Y="277"/>
    <Point X="404" Y="281"/>
    <Point X="408" Y="285"/>
    <Point X="411" Y="287"/>
    <Point X="414" Y="291"/>
    <Point X="415" Y="293"/>
    <Point X="416" Y="295"/>
    <Point X="417" Y="296"/>
    <Point X="418" Y="297"/>
    <Point X="418" Y="298"/>
    <Point X="419" Y="298"/>
    <Point X="419" Y="299"/>
    <Point X="420" Y="299"/>
    <Point X="421" Y="298"/>
    <Point X="421" Y="297"/>
    <Point X="421" Y="296"/>
    <Point X="421" Y="294"/>
    <Point X="422" Y="292"/>
    <Point X="423" Y="289"/>
    <Point X="423" Y="286"/>
    <Point X="424" Y="281"/>
    <Point X="425" Y="276"/>
    <Point X="426" Y="269"/>
    <Point X="428" Y="263"/>
    <Point X="429" Y="256"/>
    <Point X="430" Y="245"/>
    <Point X="432" Y="236"/>
    <Point X="433" Y="230"/>
    <Point X="434" Y="225"/>
    <Point X="435" Y="218"/>
    <Point X="436" Y="212"/>
    <Point X="437" Y="205"/>
    <Point X="438" Y="200"/>
    <Point X="438" Y="197"/>
    <Point X="439" Y="194"/>
    <Point X="439" Y="192"/>
    <Point X="439" Y="190"/>
    <Point X="439" Y="188"/>
    <Point X="439" Y="187"/>
    <Point X="439" Y="186"/>
    <Point X="440" Y="186"/>
    <Point X="439" Y="186"/>
    <Point X="438" Y="187"/>
    <Point X="436" Y="187"/>
    <Point X="434" Y="190"/>
    <Point X="430" Y="193"/>
    <Point X="426" Y="196"/>
    <Point X="421" Y="199"/>
    <Point X="416" Y="203"/>
    <Point X="408" Y="208"/>
    <Point X="403" Y="212"/>
    <Point X="397" Y="219"/>
    <Point X="389" Y="224"/>
    <Point X="385" Y="227"/>
    <Point X="380" Y="232"/>
    <Point X="375" Y="237"/>
    <Point X="369" Y="244"/>
    <Point X="366" Y="247"/>
    <Point X="358" Y="256"/>
    <Point X="355" Y="258"/>
    <Point X="353" Y="263"/>
    <Point X="349" Y="266"/>
    <Point X="346" Y="270"/>
    <Point X="344" Y="273"/>
    <Point X="341" Y="277"/>
    <Point X="339" Y="279"/>
    <Point X="338" Y="281"/>
    <Point X="336" Y="284"/>
    <Point X="335" Y="286"/>
    <Point X="334" Y="288"/>
    <Point X="333" Y="288"/>
    <Point X="333" Y="289"/>
    <Point X="332" Y="290"/>
    <Point X="332" Y="291"/>
    <Point X="332" Y="292"/>
    <Point X="331" Y="293"/>
</Gesture>
