<?xml version="1.0" ?>
<Gesture Name="03" Subject="1" Number="3" NumPts="120">
    <Point X="336" Y="153"/>
    <Point X="338" Y="158"/>
    <Point X="338" Y="161"/>
    <Point X="340" Y="165"/>
    <Point X="346" Y="174"/>
    <Point X="350" Y="180"/>
    <Point X="354" Y="189"/>
    <Point X="359" Y="196"/>
    <Point X="364" Y="206"/>
    <Point X="370" Y="216"/>
    <Point X="378" Y="228"/>
    <Point X="385" Y="238"/>
    <Point X="392" Y="248"/>
    <Point X="397" Y="257"/>
    <Point X="400" Y="262"/>
    <Point X="406" Y="270"/>
    <Point X="409" Y="274"/>
    <Point X="412" Y="279"/>
    <Point X="415" Y="282"/>
    <Point X="416" Y="284"/>
    <Point X="416" Y="285"/>
    <Point X="417" Y="286"/>
    <Point X="418" Y="287"/>
    <Point X="419" Y="288"/>
    <Point X="420" Y="288"/>
    <Point X="420" Y="289"/>
    <Point X="421" Y="289"/>
    <Point X="421" Y="288"/>
    <Point X="421" Y="287"/>
    <Point X="421" Y="286"/>
    <Point X="421" Y="284"/>
    <Point X="421" Y="282"/>
    <Point X="422" Y="277"/>
    <Point X="423" Y="273"/>
    <Point X="423" Y="269"/>
    <Point X="424" Y="263"/>
    <Point X="424" Y="256"/>
    <Point X="424" Y="247"/>
    <Point X="425" Y="243"/>
    <Point X="425" Y="238"/>
    <Point X="425" Y="231"/>
    <Point X="426" Y="225"/>
    <Point X="428" Y="216"/>
    <Point X="428" Y="213"/>
    <Point X="428" Y="208"/>
    <Point X="429" Y="203"/>
    <Point X="430" Y="198"/>
    <Point X="430" Y="193"/>
    <Point X="430" Y="190"/>
    <Point X="431" Y="187"/>
    <Point X="431" Y="184"/>
    <Point X="432" Y="182"/>
    <Point X="432" Y="178"/>
    <Point X="432" Y="177"/>
    <Point X="432" Y="175"/>
    <Point X="433" Y="174"/>
    <Point X="433" Y="173"/>
    <Point X="433" Y="171"/>
    <Point X="433" Y="170"/>
    <Point X="433" Y="169"/>
    <Point X="433" Y="168"/>
    <Point X="433" Y="167"/>
    <Point X="433" Y="166"/>
    <Point X="433" Y="165"/>
    <Point X="433" Y="164"/>
    <Point X="433" Y="163"/>
    <Point X="433" Y="162"/>
    <Point X="433" Y="161"/>
    <Point X="434" Y="160"/>
    <Point X="434" Y="159"/>
    <Point X="433" Y="159"/>
    <Point X="432" Y="160"/>
    <Point X="429" Y="162"/>
    <Point X="427" Y="163"/>
    <Point X="422" Y="165"/>
    <Point X="418" Y="168"/>
    <Point X="415" Y="171"/>
    <Point X="407" Y="176"/>
    <Point X="402" Y="177"/>
    <Point X="398" Y="180"/>
    <Point X="390" Y="185"/>
    <Point X="385" Y="188"/>
    <Point X="378" Y="193"/>
    <Point X="374" Y="196"/>
    <Point X="369" Y="200"/>
    <Point X="364" Y="203"/>
    <Point X="358" Y="208"/>
    <Point X="353" Y="211"/>
    <Point X="350" Y="214"/>
    <Point X="346" Y="217"/>
    <Point X="343" Y="220"/>
    <Point X="339" Y="223"/>
    <Point X="337" Y="225"/>
    <Point X="334" Y="227"/>
    <Point X="332" Y="229"/>
    <Point X="330" Y="230"/>
    <Point X="328" Y="231"/>
    <Point X="327" Y="233"/>
    <Point X="325" Y="235"/>
    <Point X="324" Y="236"/>
    <Point X="323" Y="238"/>
    <Point X="322" Y="239"/>
    <Point X="321" Y="240"/>
    <Point X="320" Y="241"/>
    <Point X="319" Y="242"/>
    <Point X="318" Y="243"/>
    <Point X="317" Y="245"/>
    <Point X="317" Y="246"/>
    <Point X="317" Y="247"/>
    <Point X="316" Y="248"/>
    <Point X="315" Y="249"/>
    <Point X="315" Y="250"/>
    <Point X="314" Y="251"/>
    <Point X="314" Y="252"/>
    <Point X="313" Y="253"/>
    <Point X="313" Y="254"/>
    <Point X="313" Y="255"/>
    <Point X="312" Y="255"/>
    <Point X="312" Y="256"/>
    <Point X="311" Y="256"/>
</Gesture>
