<?xml version="1.0" ?>
<Gesture Name="04" Subject="1" Number="4" NumPts="138">
    <Point X="331" Y="170"/>
    <Point X="331" Y="174"/>
    <Point X="331" Y="176"/>
    <Point X="331" Y="178"/>
    <Point X="331" Y="180"/>
    <Point X="332" Y="182"/>
    <Point X="332" Y="183"/>
    <Point X="332" Y="184"/>
    <Point X="332" Y="185"/>
    <Point X="333" Y="186"/>
    <Point X="334" Y="188"/>
    <Point X="334" Y="190"/>
    <Point X="335" Y="191"/>
    <Point X="337" Y="193"/>
    <Point X="338" Y="195"/>
    <Point X="340" Y="198"/>
    <Point X="343" Y="200"/>
    <Point X="346" Y="204"/>
    <Point X="349" Y="209"/>
    <Point X="352" Y="213"/>
    <Point X="355" Y="218"/>
    <Point X="360" Y="223"/>
    <Point X="364" Y="229"/>
    <Point X="369" Y="236"/>
    <Point X="372" Y="241"/>
    <Point X="375" Y="245"/>
    <Point X="378" Y="249"/>
    <Point X="382" Y="255"/>
    <Point X="384" Y="260"/>
    <Point X="387" Y="264"/>
    <Point X="390" Y="267"/>
    <Point X="391" Y="271"/>
    <Point X="394" Y="273"/>
    <Point X="395" Y="275"/>
    <Point X="396" Y="277"/>
    <Point X="398" Y="279"/>
    <Point X="399" Y="281"/>
    <Point X="400" Y="282"/>
    <Point X="401" Y="283"/>
    <Point X="402" Y="285"/>
    <Point X="403" Y="286"/>
    <Point X="404" Y="287"/>
    <Point X="405" Y="289"/>
    <Point X="406" Y="290"/>
    <Point X="407" Y="291"/>
    <Point X="407" Y="292"/>
    <Point X="407" Y="293"/>
    <Point X="408" Y="294"/>
    <Point X="409" Y="295"/>
    <Point X="410" Y="295"/>
    <Point X="411" Y="295"/>
    <Point X="411" Y="294"/>
    <Point X="411" Y="293"/>
    <Point X="412" Y="293"/>
    <Point X="413" Y="291"/>
    <Point X="413" Y="289"/>
    <Point X="415" Y="287"/>
    <Point X="416" Y="282"/>
    <Point X="417" Y="277"/>
    <Point X="418" Y="272"/>
    <Point X="419" Y="266"/>
    <Point X="422" Y="257"/>
    <Point X="423" Y="250"/>
    <Point X="426" Y="242"/>
    <Point X="427" Y="231"/>
    <Point X="428" Y="222"/>
    <Point X="430" Y="211"/>
    <Point X="431" Y="202"/>
    <Point X="433" Y="193"/>
    <Point X="434" Y="186"/>
    <Point X="436" Y="175"/>
    <Point X="437" Y="167"/>
    <Point X="438" Y="162"/>
    <Point X="439" Y="155"/>
    <Point X="439" Y="150"/>
    <Point X="440" Y="146"/>
    <Point X="440" Y="142"/>
    <Point X="440" Y="140"/>
    <Point X="441" Y="138"/>
    <Point X="441" Y="136"/>
    <Point X="441" Y="135"/>
    <Point X="441" Y="134"/>
    <Point X="441" Y="135"/>
    <Point X="441" Y="136"/>
    <Point X="440" Y="136"/>
    <Point X="437" Y="139"/>
    <Point X="436" Y="139"/>
    <Point X="434" Y="142"/>
    <Point X="431" Y="144"/>
    <Point X="429" Y="147"/>
    <Point X="424" Y="151"/>
    <Point X="422" Y="153"/>
    <Point X="415" Y="159"/>
    <Point X="413" Y="161"/>
    <Point X="408" Y="166"/>
    <Point X="404" Y="170"/>
    <Point X="400" Y="173"/>
    <Point X="397" Y="177"/>
    <Point X="393" Y="181"/>
    <Point X="387" Y="187"/>
    <Point X="384" Y="191"/>
    <Point X="380" Y="197"/>
    <Point X="377" Y="199"/>
    <Point X="371" Y="205"/>
    <Point X="365" Y="212"/>
    <Point X="362" Y="215"/>
    <Point X="358" Y="219"/>
    <Point X="355" Y="223"/>
    <Point X="352" Y="227"/>
    <Point X="348" Y="231"/>
    <Point X="345" Y="235"/>
    <Point X="341" Y="238"/>
    <Point X="340" Y="240"/>
    <Point X="337" Y="244"/>
    <Point X="334" Y="247"/>
    <Point X="333" Y="250"/>
    <Point X="331" Y="252"/>
    <Point X="330" Y="254"/>
    <Point X="328" Y="257"/>
    <Point X="326" Y="261"/>
    <Point X="324" Y="264"/>
    <Point X="322" Y="268"/>
    <Point X="322" Y="270"/>
    <Point X="320" Y="273"/>
    <Point X="319" Y="275"/>
    <Point X="318" Y="277"/>
    <Point X="317" Y="278"/>
    <Point X="316" Y="279"/>
    <Point X="316" Y="280"/>
    <Point X="315" Y="281"/>
    <Point X="315" Y="282"/>
    <Point X="314" Y="282"/>
    <Point X="314" Y="283"/>
    <Point X="314" Y="284"/>
    <Point X="314" Y="285"/>
    <Point X="314" Y="286"/>
    <Point X="314" Y="287"/>
    <Point X="314" Y="288"/>
</Gesture>
