<?xml version="1.0" ?>
<Gesture Name="05" Subject="1" Number="5" NumPts="116">
    <Point X="326" Y="170"/>
    <Point X="328" Y="173"/>
    <Point X="333" Y="178"/>
    <Point X="336" Y="183"/>
    <Point X="340" Y="188"/>
    <Point X="345" Y="194"/>
    <Point X="348" Y="198"/>
    <Point X="353" Y="205"/>
    <Point X="356" Y="209"/>
    <Point X="361" Y="217"/>
    <Point X="364" Y="220"/>
    <Point X="369" Y="226"/>
    <Point X="375" Y="233"/>
    <Point X="379" Y="237"/>
    <Point X="384" Y="245"/>
    <Point X="388" Y="250"/>
    <Point X="392" Y="254"/>
    <Point X="396" Y="260"/>
    <Point X="400" Y="263"/>
    <Point X="403" Y="267"/>
    <Point X="406" Y="271"/>
    <Point X="408" Y="274"/>
    <Point X="411" Y="276"/>
    <Point X="412" Y="276"/>
    <Point X="412" Y="278"/>
    <Point X="413" Y="279"/>
    <Point X="414" Y="279"/>
    <Point X="415" Y="280"/>
    <Point X="416" Y="280"/>
    <Point X="417" Y="280"/>
    <Point X="417" Y="279"/>
    <Point X="417" Y="278"/>
    <Point X="418" Y="276"/>
    <Point X="418" Y="274"/>
    <Point X="418" Y="272"/>
    <Point X="419" Y="269"/>
    <Point X="420" Y="265"/>
    <Point X="421" Y="261"/>
    <Point X="422" Y="256"/>
    <Point X="424" Y="251"/>
    <Point X="424" Y="246"/>
    <Point X="425" Y="242"/>
    <Point X="426" Y="237"/>
    <Point X="427" Y="232"/>
    <Point X="427" Y="223"/>
    <Point X="428" Y="218"/>
    <Point X="429" Y="215"/>
    <Point X="429" Y="210"/>
    <Point X="429" Y="206"/>
    <Point X="429" Y="202"/>
    <Point X="429" Y="197"/>
    <Point X="429" Y="194"/>
    <Point X="429" Y="191"/>
    <Point X="429" Y="189"/>
    <Point X="429" Y="186"/>
    <Point X="429" Y="184"/>
    <Point X="429" Y="182"/>
    <Point X="430" Y="181"/>
    <Point X="430" Y="180"/>
    <Point X="430" Y="178"/>
    <Point X="430" Y="177"/>
    <Point X="430" Y="176"/>
    <Point X="430" Y="175"/>
    <Point X="430" Y="174"/>
    <Point X="429" Y="173"/>
    <Point X="429" Y="172"/>
    <Point X="429" Y="171"/>
    <Point X="429" Y="169"/>
    <Point X="429" Y="168"/>
    <Point X="429" Y="167"/>
    <Point X="429" Y="166"/>
    <Point X="428" Y="166"/>
    <Point X="427" Y="166"/>
    <Point X="426" Y="166"/>
    <Point X="426" Y="167"/>
    <Point X="423" Y="168"/>
    <Point X="421" Y="169"/>
    <Point X="417" Y="172"/>
    <Point X="412" Y="175"/>
    <Point X="407" Y="178"/>
    <Point X="401" Y="181"/>
    <Point X="396" Y="184"/>
    <Point X="386" Y="189"/>
    <Point X="381" Y="192"/>
    <Point X="374" Y="197"/>
    <Point X="364" Y="203"/>
    <Point X="358" Y="207"/>
    <Point X="354" Y="210"/>
    <Point X="348" Y="215"/>
    <Point X="343" Y="217"/>
    <Point X="338" Y="222"/>
    <Point X="335" Y="223"/>
    <Point X="331" Y="227"/>
    <Point X="327" Y="229"/>
    <Point X="325" Y="230"/>
    <Point X="323" Y="233"/>
    <Point X="321" Y="235"/>
    <Point X="319" Y="236"/>
    <Point X="317" Y="238"/>
    <Point X="315" Y="241"/>
    <Point X="313" Y="243"/>
    <Point X="311" Y="245"/>
    <Point X="310" Y="246"/>
    <Point X="309" Y="248"/>
    <Point X="306" Y="252"/>
    <Point X="305" Y="253"/>
    <Point X="304" Y="255"/>
    <Point X="303" Y="256"/>
    <Point X="302" Y="258"/>
    <Point X="301" Y="259"/>
    <Point X="300" Y="260"/>
    <Point X="300" Y="261"/>
    <Point X="300" Y="262"/>
    <Point X="299" Y="263"/>
    <Point X="299" Y="264"/>
    <Point X="299" Y="265"/>
</Gesture>
