<?xml version="1.0" ?>
<Gesture Name="06" Subject="1" Number="6" NumPts="123">
    <Point X="319" Y="149"/>
    <Point X="321" Y="154"/>
    <Point X="324" Y="159"/>
    <Point X="326" Y="164"/>
    <Point X="329" Y="168"/>
    <Point X="332" Y="172"/>
    <Point X="335" Y="177"/>
    <Point X="339" Y="183"/>
    <Point X="342" Y="186"/>
    <Point X="345" Y="191"/>
    <Point X="350" Y="197"/>
    <Point X="353" Y="201"/>
    <Point X="358" Y="206"/>
    <Point X="364" Y="212"/>
    <Point X="370" Y="220"/>
    <Point X="373" Y="224"/>
    <Point X="378" Y="229"/>
    <Point X="383" Y="237"/>
    <Point X="387" Y="242"/>
    <Point X="390" Y="247"/>
    <Point X="392" Y="250"/>
    <Point X="393" Y="252"/>
    <Point X="394" Y="254"/>
    <Point X="395" Y="255"/>
    <Point X="396" Y="256"/>
    <Point X="396" Y="257"/>
    <Point X="397" Y="257"/>
    <Point X="397" Y="258"/>
    <Point X="397" Y="257"/>
    <Point X="397" Y="256"/>
    <Point X="397" Y="255"/>
    <Point X="397" Y="253"/>
    <Point X="397" Y="251"/>
    <Point X="397" Y="249"/>
    <Point X="397" Y="247"/>
    <Point X="398" Y="244"/>
    <Point X="398" Y="239"/>
    <Point X="399" Y="236"/>
    <Point X="399" Y="229"/>
    <Point X="399" Y="227"/>
    <Point X="400" Y="223"/>
    <Point X="401" Y="218"/>
    <Point X="403" Y="215"/>
    <Point X="404" Y="210"/>
    <Point X="406" Y="207"/>
    <Point X="406" Y="203"/>
    <Point X="407" Y="200"/>
    <Point X="408" Y="197"/>
    <Point X="409" Y="195"/>
    <Point X="409" Y="193"/>
    <Point X="411" Y="191"/>
    <Point X="411" Y="189"/>
    <Point X="412" Y="188"/>
    <Point X="412" Y="186"/>
    <Point X="413" Y="185"/>
    <Point X="414" Y="184"/>
    <Point X="414" Y="183"/>
    <Point X="414" Y="182"/>
    <Point X="414" Y="180"/>
    <Point X="415" Y="179"/>
    <Point X="415" Y="178"/>
    <Point X="416" Y="177"/>
    <Point X="416" Y="176"/>
    <Point X="416" Y="175"/>
    <Point X="416" Y="174"/>
    <Point X="416" Y="173"/>
    <Point X="416" Y="172"/>
    <Point X="416" Y="171"/>
    <Point X="416" Y="170"/>
    <Point X="416" Y="168"/>
    <Point X="417" Y="167"/>
    <Point X="417" Y="166"/>
    <Point X="417" Y="165"/>
    <Point X="417" Y="164"/>
    <Point X="417" Y="163"/>
    <Point X="417" Y="161"/>
    <Point X="417" Y="159"/>
    <Point X="417" Y="158"/>
    <Point X="417" Y="156"/>
    <Point X="418" Y="154"/>
    <Point X="418" Y="153"/>
    <Point X="418" Y="151"/>
    <Point X="418" Y="150"/>
    <Point X="418" Y="149"/>
    <Point X="418" Y="148"/>
    <Point X="418" Y="147"/>
    <Point X="418" Y="146"/>
    <Point X="418" Y="145"/>
    <Point X="418" Y="144"/>
    <Point X="415" Y="146"/>
    <Point X="412" Y="148"/>
    <Point X="407" Y="150"/>
    <Point X="402" Y="153"/>
    <Point X="396" Y="156"/>
    <Point X="388" Y="161"/>
    <Point X="382" Y="164"/>
    <Point X="374" Y="169"/>
    <Point X="367" Y="174"/>
    <Point X="360" Y="178"/>
    <Point X="352" Y="184"/>
    <Point X="345" Y="189"/>
    <Point X="339" Y="193"/>
    <Point X="337" Y="196"/>
    <Point X="329" Y="202"/>
    <Point X="326" Y="206"/>
    <Point X="320" Y="210"/>
    <Point X="316" Y="213"/>
    <Point X="312" Y="217"/>
    <Point X="309" Y="221"/>
    <Point X="305" Y="224"/>
    <Point X="302" Y="227"/>
    <Point X="298" Y="230"/>
    <Point X="296" Y="233"/>
    <Point X="293" Y="237"/>
    <Point X="290" Y="239"/>
    <Point X="289" Y="241"/>
    <Point X="288" Y="243"/>
    <Point X="287" Y="245"/>
    <Point X="286" Y="246"/>
    <Point X="285" Y="247"/>
    <Point X="285" Y="248"/>
    <Point X="285" Y="249"/>
    <Point X="285" Y="250"/>
</Gesture>
