<?xml version="1.0" ?>
<Gesture Name="07" Subject="1" Number="7" NumPts="125">
    <Point X="324" Y="115"/>
    <Point X="324" Y="118"/>
    <Point X="326" Y="120"/>
    <Point X="328" Y="127"/>
    <Point X="330" Y="130"/>
    <Point X="332" Y="135"/>
    <Point X="336" Y="142"/>
    <Point X="339" Y="148"/>
    <Point X="342" Y="153"/>
    <Point X="346" Y="162"/>
    <Point X="351" Y="169"/>
    <Point X="354" Y="176"/>
    <Point X="359" Y="183"/>
    <Point X="362" Y="190"/>
    <Point X="366" Y="197"/>
    <Point X="369" Y="202"/>
    <Point X="371" Y="206"/>
    <Point X="374" Y="213"/>
    <Point X="375" Y="216"/>
    <Point X="377" Y="219"/>
    <Point X="378" Y="223"/>
    <Point X="380" Y="226"/>
    <Point X="382" Y="229"/>
    <Point X="383" Y="232"/>
    <Point X="384" Y="236"/>
    <Point X="385" Y="239"/>
    <Point X="387" Y="242"/>
    <Point X="387" Y="244"/>
    <Point X="388" Y="245"/>
    <Point X="389" Y="246"/>
    <Point X="389" Y="247"/>
    <Point X="390" Y="248"/>
    <Point X="390" Y="249"/>
    <Point X="390" Y="250"/>
    <Point X="391" Y="250"/>
    <Point X="391" Y="251"/>
    <Point X="392" Y="251"/>
    <Point X="392" Y="250"/>
    <Point X="393" Y="249"/>
    <Point X="393" Y="248"/>
    <Point X="393" Y="247"/>
    <Point X="394" Y="245"/>
    <Point X="394" Y="244"/>
    <Point X="395" Y="239"/>
    <Point X="396" Y="237"/>
    <Point X="397" Y="231"/>
    <Point X="398" Y="228"/>
    <Point X="399" Y="223"/>
    <Point X="401" Y="218"/>
    <Point X="402" Y="209"/>
    <Point X="404" Y="204"/>
    <Point X="405" Y="200"/>
    <Point X="406" Y="193"/>
    <Point X="407" Y="188"/>
    <Point X="409" Y="182"/>
    <Point X="410" Y="177"/>
    <Point X="411" Y="170"/>
    <Point X="413" Y="167"/>
    <Point X="414" Y="160"/>
    <Point X="415" Y="156"/>
    <Point X="416" Y="151"/>
    <Point X="417" Y="147"/>
    <Point X="418" Y="143"/>
    <Point X="418" Y="141"/>
    <Point X="418" Y="137"/>
    <Point X="419" Y="134"/>
    <Point X="420" Y="132"/>
    <Point X="420" Y="130"/>
    <Point X="421" Y="127"/>
    <Point X="422" Y="126"/>
    <Point X="422" Y="124"/>
    <Point X="423" Y="122"/>
    <Point X="423" Y="120"/>
    <Point X="424" Y="119"/>
    <Point X="424" Y="118"/>
    <Point X="424" Y="117"/>
    <Point X="425" Y="117"/>
    <Point X="424" Y="117"/>
    <Point X="423" Y="117"/>
    <Point X="421" Y="117"/>
    <Point X="419" Y="119"/>
    <Point X="416" Y="120"/>
    <Point X="412" Y="123"/>
    <Point X="408" Y="126"/>
    <Point X="400" Y="131"/>
    <Point X="395" Y="135"/>
    <Point X="391" Y="138"/>
    <Point X="383" Y="143"/>
    <Point X="377" Y="149"/>
    <Point X="371" Y="154"/>
    <Point X="368" Y="158"/>
    <Point X="364" Y="162"/>
    <Point X="354" Y="168"/>
    <Point X="352" Y="171"/>
    <Point X="347" Y="176"/>
    <Point X="343" Y="179"/>
    <Point X="339" Y="185"/>
    <Point X="335" Y="188"/>
    <Point X="331" Y="191"/>
    <Point X="327" Y="194"/>
    <Point X="325" Y="197"/>
    <Point X="321" Y="200"/>
    <Point X="317" Y="204"/>
    <Point X="315" Y="206"/>
    <Point X="311" Y="209"/>
    <Point X="308" Y="210"/>
    <Point X="305" Y="213"/>
    <Point X="303" Y="215"/>
    <Point X="301" Y="217"/>
    <Point X="298" Y="219"/>
    <Point X="298" Y="220"/>
    <Point X="297" Y="221"/>
    <Point X="296" Y="222"/>
    <Point X="296" Y="224"/>
    <Point X="295" Y="225"/>
    <Point X="294" Y="226"/>
    <Point X="293" Y="227"/>
    <Point X="293" Y="228"/>
    <Point X="292" Y="229"/>
    <Point X="291" Y="230"/>
    <Point X="291" Y="231"/>
    <Point X="290" Y="232"/>
    <Point X="290" Y="233"/>
    <Point X="289" Y="233"/>
    <Point X="289" Y="234"/>
</Gesture>
