<?xml version="1.0" ?>
<Gesture Name="08" Subject="1" Number="8" NumPts="118">
    <Point X="289" Y="170"/>
    <Point X="296" Y="176"/>
    <Point X="303" Y="182"/>
    <Point X="312" Y="193"/>
    <Point X="323" Y="202"/>
    <Point X="334" Y="211"/>
    <Point X="348" Y="223"/>
    <Point X="358" Y="232"/>
    <Point X="372" Y="244"/>
    <Point X="385" Y="254"/>
    <Point X="397" Y="268"/>
    <Point X="411" Y="280"/>
    <Point X="422" Y="291"/>
    <Point X="432" Y="301"/>
    <Point X="441" Y="310"/>
    <Point X="447" Y="317"/>
    <Point X="453" Y="322"/>
    <Point X="459" Y="329"/>
    <Point X="463" Y="335"/>
    <Point X="466" Y="337"/>
    <Point X="468" Y="340"/>
    <Point X="469" Y="341"/>
    <Point X="470" Y="342"/>
    <Point X="471" Y="342"/>
    <Point X="471" Y="343"/>
    <Point X="472" Y="343"/>
    <Point X="472" Y="342"/>
    <Point X="472" Y="341"/>
    <Point X="472" Y="340"/>
    <Point X="472" Y="339"/>
    <Point X="472" Y="337"/>
    <Point X="472" Y="335"/>
    <Point X="471" Y="332"/>
    <Point X="471" Y="329"/>
    <Point X="470" Y="324"/>
    <Point X="469" Y="317"/>
    <Point X="468" Y="311"/>
    <Point X="466" Y="304"/>
    <Point X="465" Y="293"/>
    <Point X="464" Y="284"/>
    <Point X="462" Y="273"/>
    <Point X="461" Y="262"/>
    <Point X="460" Y="251"/>
    <Point X="458" Y="242"/>
    <Point X="456" Y="231"/>
    <Point X="454" Y="222"/>
    <Point X="454" Y="217"/>
    <Point X="453" Y="208"/>
    <Point X="453" Y="200"/>
    <Point X="452" Y="193"/>
    <Point X="452" Y="188"/>
    <Point X="452" Y="183"/>
    <Point X="452" Y="180"/>
    <Point X="452" Y="177"/>
    <Point X="452" Y="174"/>
    <Point X="452" Y="172"/>
    <Point X="452" Y="170"/>
    <Point X="452" Y="168"/>
    <Point X="452" Y="167"/>
    <Point X="452" Y="165"/>
    <Point X="452" Y="164"/>
    <Point X="452" Y="163"/>
    <Point X="452" Y="162"/>
    <Point X="452" Y="161"/>
    <Point X="451" Y="160"/>
    <Point X="451" Y="159"/>
    <Point X="451" Y="158"/>
    <Point X="450" Y="160"/>
    <Point X="449" Y="161"/>
    <Point X="448" Y="162"/>
    <Point X="447" Y="163"/>
    <Point X="445" Y="165"/>
    <Point X="442" Y="168"/>
    <Point X="440" Y="170"/>
    <Point X="434" Y="174"/>
    <Point X="431" Y="178"/>
    <Point X="425" Y="183"/>
    <Point X="421" Y="188"/>
    <Point X="414" Y="194"/>
    <Point X="408" Y="202"/>
    <Point X="402" Y="208"/>
    <Point X="396" Y="218"/>
    <Point X="393" Y="223"/>
    <Point X="386" Y="232"/>
    <Point X="381" Y="240"/>
    <Point X="378" Y="247"/>
    <Point X="373" Y="256"/>
    <Point X="368" Y="262"/>
    <Point X="362" Y="272"/>
    <Point X="359" Y="278"/>
    <Point X="354" Y="286"/>
    <Point X="353" Y="289"/>
    <Point X="348" Y="297"/>
    <Point X="343" Y="302"/>
    <Point X="340" Y="307"/>
    <Point X="337" Y="311"/>
    <Point X="335" Y="314"/>
    <Point X="333" Y="316"/>
    <Point X="331" Y="319"/>
    <Point X="330" Y="320"/>
    <Point X="329" Y="321"/>
    <Point X="328" Y="322"/>
    <Point X="328" Y="323"/>
    <Point X="327" Y="324"/>
    <Point X="326" Y="325"/>
    <Point X="325" Y="325"/>
    <Point X="325" Y="326"/>
    <Point X="324" Y="327"/>
    <Point X="323" Y="327"/>
    <Point X="322" Y="328"/>
    <Point X="321" Y="329"/>
    <Point X="321" Y="330"/>
    <Point X="320" Y="331"/>
    <Point X="319" Y="331"/>
    <Point X="319" Y="332"/>
    <Point X="319" Y="333"/>
    <Point X="318" Y="334"/>
    <Point X="318" Y="335"/>
</Gesture>
