<?xml version="1.0" ?>
<Gesture Name="09" Subject="1" Number="9" NumPts="141">
    <Point X="293" Y="112"/>
    <Point X="295" Y="114"/>
    <Point X="299" Y="120"/>
    <Point X="303" Y="125"/>
    <Point X="308" Y="133"/>
    <Point X="315" Y="140"/>
    <Point X="321" Y="148"/>
    <Point X="327" Y="155"/>
    <Point X="332" Y="161"/>
    <Point X="341" Y="172"/>
    <Point X="346" Y="179"/>
    <Point X="351" Y="189"/>
    <Point X="358" Y="196"/>
    <Point X="363" Y="204"/>
    <Point X="365" Y="208"/>
    <Point X="370" Y="215"/>
    <Point X="373" Y="220"/>
    <Point X="377" Y="227"/>
    <Point X="378" Y="230"/>
    <Point X="383" Y="235"/>
    <Point X="386" Y="240"/>
    <Point X="387" Y="243"/>
    <Point X="389" Y="248"/>
    <Point X="392" Y="252"/>
    <Point X="393" Y="253"/>
    <Point X="395" Y="256"/>
    <Point X="395" Y="257"/>
    <Point X="397" Y="259"/>
    <Point X="397" Y="260"/>
    <Point X="398" Y="261"/>
    <Point X="398" Y="263"/>
    <Point X="399" Y="263"/>
    <Point X="400" Y="264"/>
    <Point X="400" Y="266"/>
    <Point X="401" Y="267"/>
    <Point X="402" Y="268"/>
    <Point X="402" Y="269"/>
    <Point X="404" Y="271"/>
    <Point X="405" Y="272"/>
    <Point X="406" Y="274"/>
    <Point X="407" Y="276"/>
    <Point X="407" Y="277"/>
    <Point X="408" Y="278"/>
    <Point X="409" Y="279"/>
    <Point X="410" Y="281"/>
    <Point X="411" Y="282"/>
    <Point X="412" Y="283"/>
    <Point X="412" Y="282"/>
    <Point X="412" Y="281"/>
    <Point X="412" Y="280"/>
    <Point X="412" Y="279"/>
    <Point X="413" Y="276"/>
    <Point X="413" Y="272"/>
    <Point X="414" Y="269"/>
    <Point X="414" Y="264"/>
    <Point X="415" Y="260"/>
    <Point X="415" Y="251"/>
    <Point X="416" Y="244"/>
    <Point X="416" Y="238"/>
    <Point X="418" Y="226"/>
    <Point X="419" Y="215"/>
    <Point X="419" Y="206"/>
    <Point X="420" Y="198"/>
    <Point X="420" Y="184"/>
    <Point X="421" Y="175"/>
    <Point X="421" Y="161"/>
    <Point X="421" Y="156"/>
    <Point X="421" Y="150"/>
    <Point X="421" Y="141"/>
    <Point X="423" Y="134"/>
    <Point X="423" Y="128"/>
    <Point X="423" Y="124"/>
    <Point X="423" Y="120"/>
    <Point X="423" Y="118"/>
    <Point X="423" Y="116"/>
    <Point X="423" Y="114"/>
    <Point X="423" Y="112"/>
    <Point X="423" Y="111"/>
    <Point X="423" Y="109"/>
    <Point X="423" Y="108"/>
    <Point X="424" Y="107"/>
    <Point X="424" Y="106"/>
    <Point X="424" Y="105"/>
    <Point X="424" Y="104"/>
    <Point X="423" Y="104"/>
    <Point X="423" Y="105"/>
    <Point X="421" Y="107"/>
    <Point X="418" Y="109"/>
    <Point X="416" Y="112"/>
    <Point X="412" Y="115"/>
    <Point X="408" Y="119"/>
    <Point X="404" Y="123"/>
    <Point X="398" Y="129"/>
    <Point X="394" Y="135"/>
    <Point X="387" Y="141"/>
    <Point X="383" Y="147"/>
    <Point X="378" Y="152"/>
    <Point X="373" Y="157"/>
    <Point X="371" Y="161"/>
    <Point X="365" Y="168"/>
    <Point X="363" Y="171"/>
    <Point X="360" Y="176"/>
    <Point X="357" Y="179"/>
    <Point X="355" Y="184"/>
    <Point X="351" Y="190"/>
    <Point X="349" Y="193"/>
    <Point X="344" Y="200"/>
    <Point X="342" Y="204"/>
    <Point X="339" Y="209"/>
    <Point X="336" Y="213"/>
    <Point X="333" Y="217"/>
    <Point X="328" Y="222"/>
    <Point X="326" Y="226"/>
    <Point X="321" Y="232"/>
    <Point X="319" Y="234"/>
    <Point X="316" Y="238"/>
    <Point X="312" Y="242"/>
    <Point X="310" Y="244"/>
    <Point X="307" Y="247"/>
    <Point X="305" Y="249"/>
    <Point X="303" Y="251"/>
    <Point X="301" Y="252"/>
    <Point X="300" Y="254"/>
    <Point X="299" Y="255"/>
    <Point X="298" Y="257"/>
    <Point X="297" Y="258"/>
    <Point X="296" Y="260"/>
    <Point X="295" Y="261"/>
    <Point X="294" Y="262"/>
    <Point X="294" Y="263"/>
    <Point X="293" Y="263"/>
    <Point X="293" Y="264"/>
    <Point X="293" Y="265"/>
    <Point X="292" Y="265"/>
    <Point X="292" Y="266"/>
    <Point X="291" Y="266"/>
    <Point X="291" Y="267"/>
    <Point X="290" Y="268"/>
    <Point X="290" Y="269"/>
    <Point X="290" Y="270"/>
    <Point X="289" Y="270"/>
</Gesture>
