<?xml version="1.0" ?>
<Gesture Name="10" Subject="1" Number="10" NumPts="152">
    <Point X="282" Y="93"/>
    <Point X="286" Y="97"/>
    <Point X="292" Y="103"/>
    <Point X="300" Y="112"/>
    <Point X="306" Y="118"/>
    <Point X="313" Y="124"/>
    <Point X="319" Y="132"/>
    <Point X="323" Y="137"/>
    <Point X="329" Y="141"/>
    <Point X="336" Y="151"/>
    <Point X="340" Y="155"/>
    <Point X="346" Y="163"/>
    <Point X="350" Y="168"/>
    <Point X="357" Y="176"/>
    <Point X="362" Y="183"/>
    <Point X="368" Y="189"/>
    <Point X="373" Y="197"/>
    <Point X="377" Y="202"/>
    <Point X="382" Y="208"/>
    <Point X="385" Y="212"/>
    <Point X="391" Y="218"/>
    <Point X="394" Y="222"/>
    <Point X="397" Y="227"/>
    <Point X="400" Y="229"/>
    <Point X="402" Y="231"/>
    <Point X="405" Y="235"/>
    <Point X="407" Y="237"/>
    <Point X="408" Y="239"/>
    <Point X="409" Y="241"/>
    <Point X="410" Y="242"/>
    <Point X="411" Y="242"/>
    <Point X="412" Y="243"/>
    <Point X="413" Y="244"/>
    <Point X="414" Y="244"/>
    <Point X="414" Y="245"/>
    <Point X="414" Y="244"/>
    <Point X="414" Y="243"/>
    <Point X="414" Y="241"/>
    <Point X="414" Y="240"/>
    <Point X="415" Y="239"/>
    <Point X="415" Y="236"/>
    <Point X="415" Y="234"/>
    <Point X="415" Y="231"/>
    <Point X="416" Y="227"/>
    <Point X="416" Y="223"/>
    <Point X="416" Y="216"/>
    <Point X="417" Y="211"/>
    <Point X="417" Y="202"/>
    <Point X="418" Y="198"/>
    <Point X="418" Y="187"/>
    <Point X="418" Y="178"/>
    <Point X="419" Y="173"/>
    <Point X="419" Y="162"/>
    <Point X="419" Y="155"/>
    <Point X="419" Y="146"/>
    <Point X="419" Y="142"/>
    <Point X="419" Y="135"/>
    <Point X="419" Y="128"/>
    <Point X="418" Y="122"/>
    <Point X="418" Y="119"/>
    <Point X="418" Y="114"/>
    <Point X="417" Y="110"/>
    <Point X="417" Y="107"/>
    <Point X="417" Y="104"/>
    <Point X="417" Y="102"/>
    <Point X="417" Y="100"/>
    <Point X="417" Y="99"/>
    <Point X="417" Y="97"/>
    <Point X="417" Y="96"/>
    <Point X="417" Y="95"/>
    <Point X="417" Y="94"/>
    <Point X="417" Y="93"/>
    <Point X="417" Y="92"/>
    <Point X="417" Y="91"/>
    <Point X="417" Y="90"/>
    <Point X="416" Y="90"/>
    <Point X="416" Y="89"/>
    <Point X="416" Y="88"/>
    <Point X="416" Y="89"/>
    <Point X="415" Y="89"/>
    <Point X="414" Y="91"/>
    <Point X="411" Y="93"/>
    <Point X="410" Y="95"/>
    <Point X="407" Y="99"/>
    <Point X="403" Y="105"/>
    <Point X="400" Y="109"/>
    <Point X="395" Y="116"/>
    <Point X="390" Y="122"/>
    <Point X="385" Y="129"/>
    <Point X="380" Y="137"/>
    <Point X="377" Y="140"/>
    <Point X="374" Y="145"/>
    <Point X="370" Y="151"/>
    <Point X="367" Y="157"/>
    <Point X="362" Y="163"/>
    <Point X="359" Y="167"/>
    <Point X="357" Y="171"/>
    <Point X="354" Y="174"/>
    <Point X="352" Y="178"/>
    <Point X="348" Y="182"/>
    <Point X="347" Y="184"/>
    <Point X="344" Y="187"/>
    <Point X="341" Y="191"/>
    <Point X="338" Y="195"/>
    <Point X="336" Y="197"/>
    <Point X="333" Y="200"/>
    <Point X="331" Y="202"/>
    <Point X="329" Y="205"/>
    <Point X="326" Y="207"/>
    <Point X="325" Y="208"/>
    <Point X="324" Y="210"/>
    <Point X="323" Y="211"/>
    <Point X="322" Y="212"/>
    <Point X="321" Y="213"/>
    <Point X="320" Y="214"/>
    <Point X="319" Y="216"/>
    <Point X="318" Y="217"/>
    <Point X="317" Y="219"/>
    <Point X="317" Y="220"/>
    <Point X="316" Y="221"/>
    <Point X="315" Y="222"/>
    <Point X="314" Y="223"/>
    <Point X="314" Y="224"/>
    <Point X="313" Y="225"/>
    <Point X="312" Y="226"/>
    <Point X="312" Y="227"/>
    <Point X="311" Y="227"/>
    <Point X="311" Y="228"/>
    <Point X="310" Y="228"/>
    <Point X="310" Y="229"/>
    <Point X="310" Y="230"/>
    <Point X="309" Y="230"/>
    <Point X="308" Y="230"/>
    <Point X="308" Y="231"/>
    <Point X="307" Y="231"/>
    <Point X="307" Y="232"/>
    <Point X="306" Y="233"/>
    <Point X="305" Y="234"/>
    <Point X="305" Y="235"/>
    <Point X="304" Y="236"/>
    <Point X="303" Y="236"/>
    <Point X="303" Y="237"/>
    <Point X="302" Y="238"/>
    <Point X="301" Y="238"/>
    <Point X="301" Y="239"/>
    <Point X="301" Y="240"/>
    <Point X="300" Y="240"/>
    <Point X="300" Y="241"/>
    <Point X="300" Y="242"/>
    <Point X="299" Y="243"/>
    <Point X="299" Y="244"/>
    <Point X="299" Y="245"/>
</Gesture>
