<?xml version="1.0" ?>
<Gesture Name="04" Subject="1" Number="4" NumPts="114">
    <Point X="196" Y="253"/>
    <Point X="197" Y="253"/>
    <Point X="198" Y="253"/>
    <Point X="200" Y="250"/>
    <Point X="201" Y="249"/>
    <Point X="203" Y="247"/>
    <Point X="206" Y="243"/>
    <Point X="210" Y="238"/>
    <Point X="214" Y="233"/>
    <Point X="219" Y="227"/>
    <Point X="224" Y="221"/>
    <Point X="231" Y="215"/>
    <Point X="238" Y="208"/>
    <Point X="245" Y="202"/>
    <Point X="253" Y="195"/>
    <Point X="260" Y="189"/>
    <Point X="267" Y="183"/>
    <Point X="274" Y="177"/>
    <Point X="279" Y="171"/>
    <Point X="285" Y="165"/>
    <Point X="289" Y="161"/>
    <Point X="292" Y="158"/>
    <Point X="294" Y="156"/>
    <Point X="295" Y="155"/>
    <Point X="296" Y="155"/>
    <Point X="296" Y="156"/>
    <Point X="297" Y="159"/>
    <Point X="298" Y="162"/>
    <Point X="301" Y="169"/>
    <Point X="303" Y="176"/>
    <Point X="307" Y="183"/>
    <Point X="310" Y="192"/>
    <Point X="313" Y="200"/>
    <Point X="317" Y="209"/>
    <Point X="321" Y="217"/>
    <Point X="325" Y="226"/>
    <Point X="329" Y="233"/>
    <Point X="333" Y="240"/>
    <Point X="335" Y="246"/>
    <Point X="338" Y="250"/>
    <Point X="340" Y="254"/>
    <Point X="340" Y="255"/>
    <Point X="341" Y="256"/>
    <Point X="341" Y="254"/>
    <Point X="343" Y="252"/>
    <Point X="344" Y="248"/>
    <Point X="348" Y="243"/>
    <Point X="351" Y="237"/>
    <Point X="355" Y="231"/>
    <Point X="360" Y="225"/>
    <Point X="365" Y="217"/>
    <Point X="370" Y="210"/>
    <Point X="376" Y="203"/>
    <Point X="382" Y="195"/>
    <Point X="387" Y="189"/>
    <Point X="392" Y="182"/>
    <Point X="397" Y="176"/>
    <Point X="400" Y="170"/>
    <Point X="405" Y="164"/>
    <Point X="409" Y="159"/>
    <Point X="413" Y="154"/>
    <Point X="417" Y="149"/>
    <Point X="419" Y="146"/>
    <Point X="422" Y="142"/>
    <Point X="423" Y="141"/>
    <Point X="424" Y="141"/>
    <Point X="424" Y="142"/>
    <Point X="427" Y="145"/>
    <Point X="430" Y="149"/>
    <Point X="434" Y="155"/>
    <Point X="438" Y="162"/>
    <Point X="442" Y="169"/>
    <Point X="447" Y="178"/>
    <Point X="452" Y="187"/>
    <Point X="455" Y="196"/>
    <Point X="459" Y="205"/>
    <Point X="464" Y="215"/>
    <Point X="468" Y="223"/>
    <Point X="472" Y="232"/>
    <Point X="475" Y="239"/>
    <Point X="478" Y="245"/>
    <Point X="481" Y="250"/>
    <Point X="482" Y="253"/>
    <Point X="483" Y="253"/>
    <Point X="483" Y="254"/>
    <Point X="483" Y="255"/>
    <Point X="484" Y="256"/>
    <Point X="485" Y="258"/>
    <Point X="486" Y="259"/>
    <Point X="488" Y="258"/>
    <Point X="488" Y="257"/>
    <Point X="491" Y="254"/>
    <Point X="495" Y="250"/>
    <Point X="500" Y="245"/>
    <Point X="505" Y="240"/>
    <Point X="510" Y="234"/>
    <Point X="516" Y="226"/>
    <Point X="521" Y="219"/>
    <Point X="528" Y="210"/>
    <Point X="534" Y="202"/>
    <Point X="540" Y="195"/>
    <Point X="546" Y="188"/>
    <Point X="552" Y="181"/>
    <Point X="558" Y="174"/>
    <Point X="564" Y="168"/>
    <Point X="570" Y="163"/>
    <Point X="575" Y="159"/>
    <Point X="580" Y="155"/>
    <Point X="586" Y="151"/>
    <Point X="590" Y="148"/>
    <Point X="593" Y="145"/>
    <Point X="594" Y="145"/>
    <Point X="594" Y="144"/>
    <Point X="594" Y="143"/>
</Gesture>
