<?xml version="1.0" ?>
<Gesture Name="06" Subject="1" Number="6" NumPts="137">
    <Point X="218" Y="250"/>
    <Point X="218" Y="251"/>
    <Point X="219" Y="251"/>
    <Point X="220" Y="250"/>
    <Point X="222" Y="248"/>
    <Point X="222" Y="246"/>
    <Point X="224" Y="243"/>
    <Point X="226" Y="239"/>
    <Point X="228" Y="234"/>
    <Point X="231" Y="229"/>
    <Point X="234" Y="223"/>
    <Point X="238" Y="218"/>
    <Point X="241" Y="212"/>
    <Point X="246" Y="206"/>
    <Point X="251" Y="201"/>
    <Point X="256" Y="195"/>
    <Point X="261" Y="188"/>
    <Point X="266" Y="183"/>
    <Point X="272" Y="177"/>
    <Point X="278" Y="171"/>
    <Point X="283" Y="165"/>
    <Point X="288" Y="160"/>
    <Point X="292" Y="155"/>
    <Point X="296" Y="151"/>
    <Point X="299" Y="148"/>
    <Point X="302" Y="144"/>
    <Point X="303" Y="142"/>
    <Point X="304" Y="141"/>
    <Point X="306" Y="139"/>
    <Point X="306" Y="138"/>
    <Point X="307" Y="138"/>
    <Point X="307" Y="137"/>
    <Point X="308" Y="137"/>
    <Point X="309" Y="138"/>
    <Point X="310" Y="138"/>
    <Point X="312" Y="140"/>
    <Point X="316" Y="144"/>
    <Point X="321" Y="149"/>
    <Point X="325" Y="154"/>
    <Point X="330" Y="161"/>
    <Point X="336" Y="168"/>
    <Point X="341" Y="176"/>
    <Point X="347" Y="184"/>
    <Point X="353" Y="192"/>
    <Point X="357" Y="199"/>
    <Point X="361" Y="206"/>
    <Point X="364" Y="212"/>
    <Point X="367" Y="218"/>
    <Point X="370" Y="223"/>
    <Point X="372" Y="228"/>
    <Point X="374" Y="232"/>
    <Point X="375" Y="235"/>
    <Point X="377" Y="237"/>
    <Point X="377" Y="238"/>
    <Point X="378" Y="238"/>
    <Point X="379" Y="236"/>
    <Point X="381" Y="234"/>
    <Point X="383" Y="230"/>
    <Point X="386" Y="226"/>
    <Point X="389" Y="221"/>
    <Point X="392" Y="216"/>
    <Point X="396" Y="210"/>
    <Point X="399" Y="205"/>
    <Point X="402" Y="199"/>
    <Point X="404" Y="194"/>
    <Point X="406" Y="188"/>
    <Point X="408" Y="184"/>
    <Point X="411" Y="178"/>
    <Point X="413" Y="173"/>
    <Point X="416" Y="167"/>
    <Point X="419" Y="162"/>
    <Point X="422" Y="156"/>
    <Point X="424" Y="152"/>
    <Point X="426" Y="149"/>
    <Point X="427" Y="147"/>
    <Point X="427" Y="146"/>
    <Point X="427" Y="145"/>
    <Point X="428" Y="145"/>
    <Point X="430" Y="146"/>
    <Point X="431" Y="147"/>
    <Point X="433" Y="149"/>
    <Point X="435" Y="152"/>
    <Point X="439" Y="155"/>
    <Point X="443" Y="160"/>
    <Point X="447" Y="164"/>
    <Point X="452" Y="169"/>
    <Point X="458" Y="175"/>
    <Point X="463" Y="180"/>
    <Point X="467" Y="185"/>
    <Point X="471" Y="191"/>
    <Point X="476" Y="197"/>
    <Point X="480" Y="204"/>
    <Point X="485" Y="210"/>
    <Point X="489" Y="216"/>
    <Point X="492" Y="221"/>
    <Point X="496" Y="226"/>
    <Point X="499" Y="230"/>
    <Point X="502" Y="234"/>
    <Point X="504" Y="237"/>
    <Point X="504" Y="238"/>
    <Point X="505" Y="238"/>
    <Point X="505" Y="239"/>
    <Point X="506" Y="239"/>
    <Point X="508" Y="238"/>
    <Point X="510" Y="236"/>
    <Point X="513" Y="234"/>
    <Point X="514" Y="233"/>
    <Point X="516" Y="231"/>
    <Point X="520" Y="228"/>
    <Point X="524" Y="223"/>
    <Point X="528" Y="218"/>
    <Point X="532" Y="213"/>
    <Point X="537" Y="208"/>
    <Point X="541" Y="201"/>
    <Point X="545" Y="196"/>
    <Point X="550" Y="190"/>
    <Point X="554" Y="184"/>
    <Point X="559" Y="179"/>
    <Point X="563" Y="173"/>
    <Point X="568" Y="167"/>
    <Point X="572" Y="162"/>
    <Point X="576" Y="157"/>
    <Point X="579" Y="152"/>
    <Point X="582" Y="149"/>
    <Point X="584" Y="146"/>
    <Point X="586" Y="144"/>
    <Point X="587" Y="143"/>
    <Point X="588" Y="143"/>
    <Point X="588" Y="142"/>
    <Point X="589" Y="141"/>
    <Point X="589" Y="140"/>
    <Point X="590" Y="139"/>
    <Point X="591" Y="138"/>
    <Point X="591" Y="137"/>
    <Point X="592" Y="137"/>
    <Point X="592" Y="136"/>
    <Point X="591" Y="135"/>
</Gesture>
