<?xml version="1.0" ?>
<Gesture Name="09" Subject="1" Number="9" NumPts="141">
    <Point X="238" Y="299"/>
    <Point X="240" Y="297"/>
    <Point X="240" Y="296"/>
    <Point X="241" Y="295"/>
    <Point X="242" Y="292"/>
    <Point X="244" Y="288"/>
    <Point X="246" Y="283"/>
    <Point X="249" Y="278"/>
    <Point X="252" Y="274"/>
    <Point X="255" Y="268"/>
    <Point X="259" Y="262"/>
    <Point X="262" Y="256"/>
    <Point X="267" Y="250"/>
    <Point X="271" Y="243"/>
    <Point X="276" Y="238"/>
    <Point X="280" Y="231"/>
    <Point X="285" Y="225"/>
    <Point X="289" Y="220"/>
    <Point X="293" Y="214"/>
    <Point X="296" Y="209"/>
    <Point X="300" Y="204"/>
    <Point X="303" Y="200"/>
    <Point X="307" Y="196"/>
    <Point X="309" Y="193"/>
    <Point X="311" Y="190"/>
    <Point X="313" Y="188"/>
    <Point X="314" Y="186"/>
    <Point X="316" Y="184"/>
    <Point X="318" Y="182"/>
    <Point X="319" Y="181"/>
    <Point X="319" Y="180"/>
    <Point X="320" Y="180"/>
    <Point X="320" Y="179"/>
    <Point X="322" Y="181"/>
    <Point X="323" Y="182"/>
    <Point X="324" Y="184"/>
    <Point X="327" Y="189"/>
    <Point X="331" Y="194"/>
    <Point X="334" Y="200"/>
    <Point X="338" Y="207"/>
    <Point X="342" Y="215"/>
    <Point X="346" Y="222"/>
    <Point X="351" Y="231"/>
    <Point X="354" Y="239"/>
    <Point X="357" Y="247"/>
    <Point X="361" Y="254"/>
    <Point X="363" Y="261"/>
    <Point X="366" Y="268"/>
    <Point X="369" Y="274"/>
    <Point X="371" Y="280"/>
    <Point X="373" Y="285"/>
    <Point X="375" Y="291"/>
    <Point X="376" Y="296"/>
    <Point X="378" Y="299"/>
    <Point X="379" Y="301"/>
    <Point X="380" Y="303"/>
    <Point X="380" Y="304"/>
    <Point X="381" Y="304"/>
    <Point X="381" Y="303"/>
    <Point X="382" Y="301"/>
    <Point X="384" Y="298"/>
    <Point X="386" Y="294"/>
    <Point X="388" Y="289"/>
    <Point X="392" Y="284"/>
    <Point X="395" Y="278"/>
    <Point X="398" Y="272"/>
    <Point X="402" Y="265"/>
    <Point X="405" Y="259"/>
    <Point X="408" Y="254"/>
    <Point X="411" Y="247"/>
    <Point X="415" Y="241"/>
    <Point X="418" Y="235"/>
    <Point X="421" Y="229"/>
    <Point X="424" Y="223"/>
    <Point X="427" Y="218"/>
    <Point X="430" Y="212"/>
    <Point X="433" Y="207"/>
    <Point X="436" Y="203"/>
    <Point X="437" Y="200"/>
    <Point X="439" Y="197"/>
    <Point X="440" Y="195"/>
    <Point X="441" Y="194"/>
    <Point X="442" Y="192"/>
    <Point X="443" Y="191"/>
    <Point X="444" Y="190"/>
    <Point X="444" Y="189"/>
    <Point X="445" Y="189"/>
    <Point X="445" Y="188"/>
    <Point X="446" Y="188"/>
    <Point X="446" Y="187"/>
    <Point X="447" Y="187"/>
    <Point X="447" Y="186"/>
    <Point X="449" Y="188"/>
    <Point X="449" Y="189"/>
    <Point X="450" Y="190"/>
    <Point X="453" Y="193"/>
    <Point X="455" Y="198"/>
    <Point X="459" Y="203"/>
    <Point X="463" Y="208"/>
    <Point X="466" Y="214"/>
    <Point X="470" Y="220"/>
    <Point X="474" Y="226"/>
    <Point X="478" Y="233"/>
    <Point X="481" Y="239"/>
    <Point X="483" Y="245"/>
    <Point X="486" Y="251"/>
    <Point X="489" Y="257"/>
    <Point X="492" Y="263"/>
    <Point X="494" Y="269"/>
    <Point X="497" Y="275"/>
    <Point X="499" Y="280"/>
    <Point X="501" Y="284"/>
    <Point X="503" Y="288"/>
    <Point X="504" Y="289"/>
    <Point X="504" Y="290"/>
    <Point X="505" Y="290"/>
    <Point X="506" Y="289"/>
    <Point X="508" Y="287"/>
    <Point X="510" Y="283"/>
    <Point X="514" Y="279"/>
    <Point X="518" Y="274"/>
    <Point X="522" Y="267"/>
    <Point X="527" Y="260"/>
    <Point X="532" Y="252"/>
    <Point X="537" Y="244"/>
    <Point X="543" Y="236"/>
    <Point X="549" Y="228"/>
    <Point X="555" Y="220"/>
    <Point X="561" Y="211"/>
    <Point X="567" Y="203"/>
    <Point X="573" Y="196"/>
    <Point X="579" Y="189"/>
    <Point X="585" Y="183"/>
    <Point X="591" Y="177"/>
    <Point X="597" Y="171"/>
    <Point X="602" Y="167"/>
    <Point X="606" Y="162"/>
    <Point X="611" Y="159"/>
    <Point X="613" Y="157"/>
    <Point X="616" Y="156"/>
    <Point X="616" Y="155"/>
</Gesture>
