<?xml version="1.0" ?>
<Gesture Name="03" Subject="1" Number="3" NumPts="128">
    <Point X="282" Y="334"/>
    <Point X="283" Y="334"/>
    <Point X="284" Y="334"/>
    <Point X="286" Y="333"/>
    <Point X="287" Y="332"/>
    <Point X="288" Y="330"/>
    <Point X="291" Y="326"/>
    <Point X="294" Y="322"/>
    <Point X="299" Y="317"/>
    <Point X="304" Y="311"/>
    <Point X="309" Y="306"/>
    <Point X="315" Y="300"/>
    <Point X="320" Y="294"/>
    <Point X="326" Y="288"/>
    <Point X="331" Y="282"/>
    <Point X="337" Y="276"/>
    <Point X="343" Y="270"/>
    <Point X="348" Y="264"/>
    <Point X="353" Y="258"/>
    <Point X="358" Y="252"/>
    <Point X="362" Y="247"/>
    <Point X="366" Y="242"/>
    <Point X="369" Y="237"/>
    <Point X="372" Y="233"/>
    <Point X="374" Y="229"/>
    <Point X="376" Y="226"/>
    <Point X="379" Y="223"/>
    <Point X="379" Y="222"/>
    <Point X="381" Y="220"/>
    <Point X="381" Y="221"/>
    <Point X="382" Y="223"/>
    <Point X="384" Y="226"/>
    <Point X="386" Y="232"/>
    <Point X="390" Y="239"/>
    <Point X="394" Y="247"/>
    <Point X="397" Y="255"/>
    <Point X="401" Y="265"/>
    <Point X="404" Y="273"/>
    <Point X="407" Y="282"/>
    <Point X="410" Y="290"/>
    <Point X="413" Y="297"/>
    <Point X="416" Y="304"/>
    <Point X="418" Y="311"/>
    <Point X="420" Y="316"/>
    <Point X="422" Y="322"/>
    <Point X="424" Y="326"/>
    <Point X="426" Y="330"/>
    <Point X="427" Y="329"/>
    <Point X="428" Y="328"/>
    <Point X="430" Y="326"/>
    <Point X="433" Y="321"/>
    <Point X="437" Y="317"/>
    <Point X="442" Y="312"/>
    <Point X="446" Y="306"/>
    <Point X="450" Y="300"/>
    <Point X="454" Y="294"/>
    <Point X="459" Y="287"/>
    <Point X="463" Y="280"/>
    <Point X="467" Y="272"/>
    <Point X="472" Y="265"/>
    <Point X="476" Y="259"/>
    <Point X="479" Y="253"/>
    <Point X="483" Y="248"/>
    <Point X="487" Y="242"/>
    <Point X="490" Y="238"/>
    <Point X="492" Y="234"/>
    <Point X="495" Y="231"/>
    <Point X="498" Y="227"/>
    <Point X="500" Y="224"/>
    <Point X="502" Y="222"/>
    <Point X="503" Y="220"/>
    <Point X="504" Y="220"/>
    <Point X="504" Y="219"/>
    <Point X="505" Y="219"/>
    <Point X="508" Y="222"/>
    <Point X="508" Y="223"/>
    <Point X="510" Y="225"/>
    <Point X="511" Y="228"/>
    <Point X="514" Y="232"/>
    <Point X="517" Y="237"/>
    <Point X="521" Y="243"/>
    <Point X="524" Y="250"/>
    <Point X="528" Y="257"/>
    <Point X="531" Y="265"/>
    <Point X="535" Y="273"/>
    <Point X="538" Y="280"/>
    <Point X="541" Y="287"/>
    <Point X="544" Y="293"/>
    <Point X="547" Y="299"/>
    <Point X="550" Y="304"/>
    <Point X="552" Y="309"/>
    <Point X="555" Y="314"/>
    <Point X="557" Y="318"/>
    <Point X="558" Y="321"/>
    <Point X="560" Y="323"/>
    <Point X="561" Y="326"/>
    <Point X="563" Y="329"/>
    <Point X="564" Y="332"/>
    <Point X="565" Y="334"/>
    <Point X="567" Y="337"/>
    <Point X="568" Y="338"/>
    <Point X="569" Y="338"/>
    <Point X="570" Y="337"/>
    <Point X="572" Y="335"/>
    <Point X="576" Y="332"/>
    <Point X="580" Y="327"/>
    <Point X="584" Y="322"/>
    <Point X="589" Y="316"/>
    <Point X="595" Y="309"/>
    <Point X="601" Y="302"/>
    <Point X="609" Y="293"/>
    <Point X="616" Y="284"/>
    <Point X="623" Y="277"/>
    <Point X="630" Y="269"/>
    <Point X="637" Y="262"/>
    <Point X="642" Y="256"/>
    <Point X="648" Y="250"/>
    <Point X="654" Y="244"/>
    <Point X="658" Y="239"/>
    <Point X="662" Y="235"/>
    <Point X="665" Y="231"/>
    <Point X="667" Y="228"/>
    <Point X="669" Y="226"/>
    <Point X="670" Y="224"/>
    <Point X="671" Y="223"/>
    <Point X="672" Y="222"/>
    <Point X="672" Y="221"/>
    <Point X="672" Y="220"/>
</Gesture>
