<?xml version="1.0" ?>
<Gesture Name="07" Subject="1" Number="7" NumPts="142">
    <Point X="274" Y="322"/>
    <Point X="274" Y="321"/>
    <Point X="276" Y="319"/>
    <Point X="277" Y="317"/>
    <Point X="280" Y="314"/>
    <Point X="281" Y="312"/>
    <Point X="283" Y="309"/>
    <Point X="286" Y="304"/>
    <Point X="290" Y="299"/>
    <Point X="294" Y="292"/>
    <Point X="298" Y="286"/>
    <Point X="303" Y="279"/>
    <Point X="307" Y="272"/>
    <Point X="312" Y="267"/>
    <Point X="316" Y="260"/>
    <Point X="321" Y="254"/>
    <Point X="325" Y="247"/>
    <Point X="329" Y="241"/>
    <Point X="333" Y="235"/>
    <Point X="336" Y="229"/>
    <Point X="340" Y="223"/>
    <Point X="343" Y="217"/>
    <Point X="346" Y="213"/>
    <Point X="348" Y="209"/>
    <Point X="348" Y="208"/>
    <Point X="349" Y="206"/>
    <Point X="350" Y="206"/>
    <Point X="352" Y="207"/>
    <Point X="354" Y="209"/>
    <Point X="354" Y="210"/>
    <Point X="356" Y="213"/>
    <Point X="359" Y="217"/>
    <Point X="362" Y="222"/>
    <Point X="366" Y="228"/>
    <Point X="369" Y="235"/>
    <Point X="374" Y="244"/>
    <Point X="377" Y="252"/>
    <Point X="381" Y="260"/>
    <Point X="385" Y="267"/>
    <Point X="387" Y="274"/>
    <Point X="390" Y="281"/>
    <Point X="392" Y="287"/>
    <Point X="395" Y="293"/>
    <Point X="397" Y="298"/>
    <Point X="399" Y="303"/>
    <Point X="401" Y="307"/>
    <Point X="403" Y="310"/>
    <Point X="403" Y="312"/>
    <Point X="405" Y="314"/>
    <Point X="406" Y="316"/>
    <Point X="407" Y="318"/>
    <Point X="407" Y="319"/>
    <Point X="408" Y="319"/>
    <Point X="408" Y="320"/>
    <Point X="408" Y="321"/>
    <Point X="409" Y="322"/>
    <Point X="411" Y="319"/>
    <Point X="412" Y="317"/>
    <Point X="414" Y="313"/>
    <Point X="416" Y="309"/>
    <Point X="420" Y="303"/>
    <Point X="424" Y="296"/>
    <Point X="427" Y="289"/>
    <Point X="430" Y="282"/>
    <Point X="434" Y="275"/>
    <Point X="437" Y="267"/>
    <Point X="440" Y="260"/>
    <Point X="443" Y="253"/>
    <Point X="446" Y="247"/>
    <Point X="450" Y="241"/>
    <Point X="452" Y="234"/>
    <Point X="455" Y="228"/>
    <Point X="458" Y="223"/>
    <Point X="461" Y="216"/>
    <Point X="464" Y="212"/>
    <Point X="466" Y="208"/>
    <Point X="467" Y="206"/>
    <Point X="468" Y="206"/>
    <Point X="468" Y="205"/>
    <Point X="469" Y="205"/>
    <Point X="469" Y="206"/>
    <Point X="470" Y="206"/>
    <Point X="471" Y="208"/>
    <Point X="472" Y="210"/>
    <Point X="474" Y="213"/>
    <Point X="477" Y="217"/>
    <Point X="479" Y="221"/>
    <Point X="482" Y="226"/>
    <Point X="485" Y="231"/>
    <Point X="489" Y="236"/>
    <Point X="492" Y="244"/>
    <Point X="496" Y="251"/>
    <Point X="500" Y="258"/>
    <Point X="504" Y="266"/>
    <Point X="509" Y="274"/>
    <Point X="513" Y="281"/>
    <Point X="517" Y="288"/>
    <Point X="521" Y="295"/>
    <Point X="524" Y="300"/>
    <Point X="527" Y="306"/>
    <Point X="529" Y="310"/>
    <Point X="531" Y="313"/>
    <Point X="532" Y="315"/>
    <Point X="532" Y="316"/>
    <Point X="533" Y="316"/>
    <Point X="533" Y="317"/>
    <Point X="534" Y="317"/>
    <Point X="536" Y="315"/>
    <Point X="537" Y="313"/>
    <Point X="538" Y="310"/>
    <Point X="541" Y="306"/>
    <Point X="544" Y="301"/>
    <Point X="548" Y="295"/>
    <Point X="553" Y="288"/>
    <Point X="557" Y="280"/>
    <Point X="562" Y="272"/>
    <Point X="567" Y="264"/>
    <Point X="572" Y="256"/>
    <Point X="578" Y="249"/>
    <Point X="584" Y="242"/>
    <Point X="589" Y="236"/>
    <Point X="593" Y="230"/>
    <Point X="597" Y="224"/>
    <Point X="601" Y="218"/>
    <Point X="606" Y="212"/>
    <Point X="609" Y="207"/>
    <Point X="613" Y="203"/>
    <Point X="616" Y="200"/>
    <Point X="618" Y="197"/>
    <Point X="620" Y="194"/>
    <Point X="621" Y="193"/>
    <Point X="622" Y="192"/>
    <Point X="623" Y="191"/>
    <Point X="623" Y="190"/>
    <Point X="623" Y="189"/>
    <Point X="624" Y="189"/>
    <Point X="624" Y="188"/>
    <Point X="624" Y="187"/>
    <Point X="625" Y="187"/>
    <Point X="625" Y="186"/>
    <Point X="624" Y="185"/>
    <Point X="623" Y="184"/>
</Gesture>
