<?xml version="1.0" ?>
<Gesture Name="08" Subject="1" Number="8" NumPts="140">
    <Point X="246" Y="282"/>
    <Point X="247" Y="281"/>
    <Point X="247" Y="280"/>
    <Point X="249" Y="278"/>
    <Point X="249" Y="277"/>
    <Point X="251" Y="275"/>
    <Point X="253" Y="272"/>
    <Point X="256" Y="267"/>
    <Point X="259" Y="261"/>
    <Point X="263" Y="255"/>
    <Point X="267" Y="248"/>
    <Point X="272" Y="242"/>
    <Point X="276" Y="236"/>
    <Point X="281" Y="229"/>
    <Point X="286" Y="223"/>
    <Point X="291" Y="216"/>
    <Point X="295" Y="210"/>
    <Point X="300" Y="203"/>
    <Point X="305" Y="197"/>
    <Point X="309" Y="191"/>
    <Point X="313" Y="186"/>
    <Point X="316" Y="181"/>
    <Point X="319" Y="176"/>
    <Point X="322" Y="172"/>
    <Point X="324" Y="169"/>
    <Point X="326" Y="166"/>
    <Point X="327" Y="166"/>
    <Point X="327" Y="165"/>
    <Point X="327" Y="164"/>
    <Point X="328" Y="163"/>
    <Point X="329" Y="162"/>
    <Point X="329" Y="163"/>
    <Point X="330" Y="164"/>
    <Point X="332" Y="166"/>
    <Point X="335" Y="170"/>
    <Point X="339" Y="175"/>
    <Point X="342" Y="181"/>
    <Point X="346" Y="186"/>
    <Point X="350" Y="193"/>
    <Point X="354" Y="200"/>
    <Point X="357" Y="207"/>
    <Point X="360" Y="215"/>
    <Point X="363" Y="222"/>
    <Point X="366" Y="229"/>
    <Point X="368" Y="236"/>
    <Point X="370" Y="241"/>
    <Point X="372" Y="246"/>
    <Point X="373" Y="251"/>
    <Point X="375" Y="255"/>
    <Point X="376" Y="259"/>
    <Point X="377" Y="262"/>
    <Point X="379" Y="265"/>
    <Point X="381" Y="268"/>
    <Point X="382" Y="271"/>
    <Point X="383" Y="274"/>
    <Point X="384" Y="275"/>
    <Point X="384" Y="276"/>
    <Point X="385" Y="274"/>
    <Point X="386" Y="271"/>
    <Point X="389" Y="268"/>
    <Point X="392" Y="263"/>
    <Point X="395" Y="256"/>
    <Point X="399" Y="250"/>
    <Point X="403" Y="242"/>
    <Point X="407" Y="234"/>
    <Point X="411" Y="227"/>
    <Point X="415" Y="220"/>
    <Point X="418" Y="214"/>
    <Point X="421" Y="207"/>
    <Point X="424" Y="202"/>
    <Point X="427" Y="196"/>
    <Point X="429" Y="192"/>
    <Point X="431" Y="188"/>
    <Point X="434" Y="184"/>
    <Point X="436" Y="180"/>
    <Point X="438" Y="176"/>
    <Point X="440" Y="174"/>
    <Point X="442" Y="172"/>
    <Point X="443" Y="170"/>
    <Point X="444" Y="169"/>
    <Point X="444" Y="168"/>
    <Point X="445" Y="168"/>
    <Point X="445" Y="167"/>
    <Point X="446" Y="167"/>
    <Point X="447" Y="167"/>
    <Point X="448" Y="167"/>
    <Point X="449" Y="168"/>
    <Point X="451" Y="169"/>
    <Point X="454" Y="172"/>
    <Point X="458" Y="175"/>
    <Point X="463" Y="179"/>
    <Point X="468" Y="184"/>
    <Point X="473" Y="189"/>
    <Point X="479" Y="196"/>
    <Point X="485" Y="203"/>
    <Point X="490" Y="209"/>
    <Point X="496" Y="217"/>
    <Point X="500" Y="224"/>
    <Point X="505" Y="232"/>
    <Point X="509" Y="239"/>
    <Point X="512" Y="246"/>
    <Point X="515" Y="251"/>
    <Point X="519" Y="257"/>
    <Point X="521" Y="262"/>
    <Point X="523" Y="266"/>
    <Point X="524" Y="268"/>
    <Point X="525" Y="269"/>
    <Point X="525" Y="270"/>
    <Point X="526" Y="270"/>
    <Point X="527" Y="269"/>
    <Point X="528" Y="267"/>
    <Point X="531" Y="265"/>
    <Point X="532" Y="263"/>
    <Point X="534" Y="259"/>
    <Point X="537" Y="254"/>
    <Point X="541" Y="249"/>
    <Point X="545" Y="243"/>
    <Point X="550" Y="236"/>
    <Point X="555" Y="229"/>
    <Point X="560" Y="222"/>
    <Point X="565" Y="214"/>
    <Point X="570" Y="207"/>
    <Point X="576" Y="199"/>
    <Point X="581" Y="192"/>
    <Point X="585" Y="185"/>
    <Point X="590" Y="178"/>
    <Point X="594" Y="172"/>
    <Point X="599" Y="167"/>
    <Point X="605" Y="161"/>
    <Point X="609" Y="156"/>
    <Point X="613" Y="152"/>
    <Point X="616" Y="148"/>
    <Point X="619" Y="145"/>
    <Point X="621" Y="143"/>
    <Point X="623" Y="141"/>
    <Point X="624" Y="139"/>
    <Point X="624" Y="138"/>
    <Point X="624" Y="137"/>
    <Point X="624" Y="136"/>
    <Point X="623" Y="135"/>
</Gesture>
