<?xml version="1.0" ?>
<Gesture Name="01" Subject="1" Number="1" NumPts="132">
    <Point X="156" Y="251"/>
    <Point X="157" Y="251"/>
    <Point X="159" Y="248"/>
    <Point X="160" Y="246"/>
    <Point X="162" Y="243"/>
    <Point X="166" Y="239"/>
    <Point X="170" Y="235"/>
    <Point X="175" Y="230"/>
    <Point X="180" Y="226"/>
    <Point X="186" Y="222"/>
    <Point X="191" Y="216"/>
    <Point X="199" Y="212"/>
    <Point X="206" Y="207"/>
    <Point X="214" Y="201"/>
    <Point X="222" Y="195"/>
    <Point X="230" Y="189"/>
    <Point X="238" Y="183"/>
    <Point X="245" Y="177"/>
    <Point X="251" Y="172"/>
    <Point X="258" Y="166"/>
    <Point X="263" Y="162"/>
    <Point X="268" Y="158"/>
    <Point X="273" Y="155"/>
    <Point X="276" Y="151"/>
    <Point X="280" Y="148"/>
    <Point X="282" Y="145"/>
    <Point X="284" Y="142"/>
    <Point X="286" Y="140"/>
    <Point X="287" Y="140"/>
    <Point X="288" Y="142"/>
    <Point X="290" Y="145"/>
    <Point X="292" Y="149"/>
    <Point X="296" Y="155"/>
    <Point X="300" Y="161"/>
    <Point X="304" Y="168"/>
    <Point X="308" Y="176"/>
    <Point X="311" Y="183"/>
    <Point X="315" Y="190"/>
    <Point X="317" Y="197"/>
    <Point X="320" Y="204"/>
    <Point X="323" Y="211"/>
    <Point X="325" Y="218"/>
    <Point X="329" Y="224"/>
    <Point X="332" Y="229"/>
    <Point X="334" Y="235"/>
    <Point X="337" Y="240"/>
    <Point X="339" Y="244"/>
    <Point X="342" Y="249"/>
    <Point X="344" Y="253"/>
    <Point X="346" Y="255"/>
    <Point X="347" Y="257"/>
    <Point X="348" Y="259"/>
    <Point X="349" Y="261"/>
    <Point X="350" Y="262"/>
    <Point X="351" Y="263"/>
    <Point X="353" Y="260"/>
    <Point X="354" Y="259"/>
    <Point X="357" Y="256"/>
    <Point X="360" Y="251"/>
    <Point X="364" Y="246"/>
    <Point X="369" Y="241"/>
    <Point X="374" Y="236"/>
    <Point X="380" Y="229"/>
    <Point X="386" Y="222"/>
    <Point X="391" Y="215"/>
    <Point X="397" Y="209"/>
    <Point X="403" Y="203"/>
    <Point X="408" Y="197"/>
    <Point X="413" Y="192"/>
    <Point X="418" Y="186"/>
    <Point X="421" Y="181"/>
    <Point X="425" Y="176"/>
    <Point X="429" Y="171"/>
    <Point X="432" Y="168"/>
    <Point X="434" Y="164"/>
    <Point X="437" Y="162"/>
    <Point X="437" Y="160"/>
    <Point X="439" Y="158"/>
    <Point X="440" Y="157"/>
    <Point X="440" Y="156"/>
    <Point X="441" Y="154"/>
    <Point X="442" Y="154"/>
    <Point X="442" Y="153"/>
    <Point X="443" Y="152"/>
    <Point X="444" Y="150"/>
    <Point X="445" Y="149"/>
    <Point X="445" Y="148"/>
    <Point X="446" Y="147"/>
    <Point X="447" Y="147"/>
    <Point X="448" Y="148"/>
    <Point X="450" Y="151"/>
    <Point X="453" Y="156"/>
    <Point X="457" Y="162"/>
    <Point X="463" Y="170"/>
    <Point X="468" Y="178"/>
    <Point X="473" Y="187"/>
    <Point X="479" Y="195"/>
    <Point X="483" Y="204"/>
    <Point X="488" Y="212"/>
    <Point X="492" Y="220"/>
    <Point X="496" Y="227"/>
    <Point X="500" Y="234"/>
    <Point X="503" Y="240"/>
    <Point X="505" Y="244"/>
    <Point X="506" Y="247"/>
    <Point X="507" Y="249"/>
    <Point X="508" Y="250"/>
    <Point X="508" Y="251"/>
    <Point X="509" Y="251"/>
    <Point X="509" Y="252"/>
    <Point X="510" Y="251"/>
    <Point X="512" Y="248"/>
    <Point X="515" Y="244"/>
    <Point X="518" Y="239"/>
    <Point X="522" Y="234"/>
    <Point X="527" Y="227"/>
    <Point X="533" Y="219"/>
    <Point X="540" Y="211"/>
    <Point X="548" Y="203"/>
    <Point X="556" Y="195"/>
    <Point X="565" Y="187"/>
    <Point X="574" Y="179"/>
    <Point X="581" Y="172"/>
    <Point X="588" Y="166"/>
    <Point X="595" Y="159"/>
    <Point X="602" Y="153"/>
    <Point X="607" Y="147"/>
    <Point X="612" Y="143"/>
    <Point X="614" Y="140"/>
    <Point X="615" Y="139"/>
    <Point X="615" Y="138"/>
    <Point X="614" Y="137"/>
</Gesture>
