<?xml version="1.0" ?>
<Gesture Name="05" Subject="1" Number="5" NumPts="138">
    <Point X="204" Y="292"/>
    <Point X="205" Y="292"/>
    <Point X="206" Y="292"/>
    <Point X="207" Y="292"/>
    <Point X="208" Y="291"/>
    <Point X="210" Y="289"/>
    <Point X="212" Y="288"/>
    <Point X="212" Y="286"/>
    <Point X="214" Y="283"/>
    <Point X="216" Y="279"/>
    <Point X="219" Y="274"/>
    <Point X="222" Y="269"/>
    <Point X="227" Y="263"/>
    <Point X="230" Y="258"/>
    <Point X="235" Y="252"/>
    <Point X="239" Y="246"/>
    <Point X="244" Y="241"/>
    <Point X="249" Y="234"/>
    <Point X="254" Y="228"/>
    <Point X="259" Y="222"/>
    <Point X="264" Y="216"/>
    <Point X="268" Y="209"/>
    <Point X="273" Y="203"/>
    <Point X="276" Y="197"/>
    <Point X="279" Y="192"/>
    <Point X="281" Y="189"/>
    <Point X="282" Y="187"/>
    <Point X="283" Y="185"/>
    <Point X="284" Y="185"/>
    <Point X="285" Y="187"/>
    <Point X="286" Y="188"/>
    <Point X="287" Y="190"/>
    <Point X="290" Y="194"/>
    <Point X="293" Y="200"/>
    <Point X="297" Y="205"/>
    <Point X="301" Y="212"/>
    <Point X="305" Y="219"/>
    <Point X="309" Y="227"/>
    <Point X="313" Y="235"/>
    <Point X="316" Y="242"/>
    <Point X="320" Y="249"/>
    <Point X="323" Y="255"/>
    <Point X="325" Y="260"/>
    <Point X="327" Y="265"/>
    <Point X="329" Y="269"/>
    <Point X="332" Y="274"/>
    <Point X="334" Y="278"/>
    <Point X="335" Y="281"/>
    <Point X="337" Y="283"/>
    <Point X="338" Y="285"/>
    <Point X="338" Y="286"/>
    <Point X="339" Y="287"/>
    <Point X="340" Y="286"/>
    <Point X="342" Y="283"/>
    <Point X="343" Y="281"/>
    <Point X="347" Y="278"/>
    <Point X="351" Y="274"/>
    <Point X="356" Y="269"/>
    <Point X="361" Y="263"/>
    <Point X="367" Y="256"/>
    <Point X="372" Y="250"/>
    <Point X="377" Y="244"/>
    <Point X="382" Y="238"/>
    <Point X="387" Y="232"/>
    <Point X="392" Y="226"/>
    <Point X="395" Y="219"/>
    <Point X="400" Y="213"/>
    <Point X="404" Y="209"/>
    <Point X="407" Y="204"/>
    <Point X="410" Y="200"/>
    <Point X="413" Y="196"/>
    <Point X="415" Y="193"/>
    <Point X="416" Y="191"/>
    <Point X="418" Y="189"/>
    <Point X="419" Y="187"/>
    <Point X="420" Y="187"/>
    <Point X="422" Y="190"/>
    <Point X="423" Y="191"/>
    <Point X="425" Y="195"/>
    <Point X="428" Y="199"/>
    <Point X="431" Y="204"/>
    <Point X="436" Y="211"/>
    <Point X="441" Y="218"/>
    <Point X="445" Y="225"/>
    <Point X="450" Y="233"/>
    <Point X="454" Y="241"/>
    <Point X="457" Y="249"/>
    <Point X="461" Y="256"/>
    <Point X="465" Y="262"/>
    <Point X="468" Y="268"/>
    <Point X="471" Y="274"/>
    <Point X="473" Y="278"/>
    <Point X="475" Y="283"/>
    <Point X="477" Y="286"/>
    <Point X="478" Y="288"/>
    <Point X="479" Y="288"/>
    <Point X="479" Y="289"/>
    <Point X="480" Y="290"/>
    <Point X="481" Y="291"/>
    <Point X="481" Y="292"/>
    <Point X="482" Y="292"/>
    <Point X="482" Y="293"/>
    <Point X="483" Y="294"/>
    <Point X="483" Y="295"/>
    <Point X="484" Y="295"/>
    <Point X="485" Y="294"/>
    <Point X="486" Y="292"/>
    <Point X="487" Y="289"/>
    <Point X="489" Y="285"/>
    <Point X="492" Y="281"/>
    <Point X="497" Y="275"/>
    <Point X="502" Y="269"/>
    <Point X="507" Y="263"/>
    <Point X="513" Y="257"/>
    <Point X="519" Y="250"/>
    <Point X="525" Y="244"/>
    <Point X="531" Y="237"/>
    <Point X="537" Y="230"/>
    <Point X="544" Y="223"/>
    <Point X="550" Y="217"/>
    <Point X="555" Y="211"/>
    <Point X="560" Y="205"/>
    <Point X="565" Y="201"/>
    <Point X="569" Y="197"/>
    <Point X="572" Y="194"/>
    <Point X="574" Y="190"/>
    <Point X="577" Y="188"/>
    <Point X="577" Y="186"/>
    <Point X="578" Y="185"/>
    <Point X="578" Y="184"/>
    <Point X="578" Y="183"/>
    <Point X="579" Y="182"/>
    <Point X="579" Y="181"/>
    <Point X="579" Y="180"/>
    <Point X="580" Y="179"/>
    <Point X="580" Y="178"/>
    <Point X="579" Y="178"/>
    <Point X="579" Y="177"/>
</Gesture>
