<?xml version="1.0" ?>
<Gesture Name="10" Subject="1" Number="10" NumPts="130">
    <Point X="228" Y="256"/>
    <Point X="228" Y="255"/>
    <Point X="229" Y="254"/>
    <Point X="230" Y="252"/>
    <Point X="232" Y="248"/>
    <Point X="236" Y="244"/>
    <Point X="239" Y="239"/>
    <Point X="243" Y="234"/>
    <Point X="248" Y="227"/>
    <Point X="253" Y="220"/>
    <Point X="258" Y="213"/>
    <Point X="264" Y="205"/>
    <Point X="270" Y="197"/>
    <Point X="276" Y="189"/>
    <Point X="281" Y="182"/>
    <Point X="287" Y="175"/>
    <Point X="293" Y="167"/>
    <Point X="298" Y="161"/>
    <Point X="302" Y="155"/>
    <Point X="305" Y="150"/>
    <Point X="307" Y="146"/>
    <Point X="309" Y="144"/>
    <Point X="310" Y="142"/>
    <Point X="312" Y="140"/>
    <Point X="313" Y="139"/>
    <Point X="314" Y="139"/>
    <Point X="315" Y="140"/>
    <Point X="317" Y="143"/>
    <Point X="321" Y="146"/>
    <Point X="325" Y="151"/>
    <Point X="330" Y="157"/>
    <Point X="335" Y="165"/>
    <Point X="340" Y="173"/>
    <Point X="346" Y="181"/>
    <Point X="350" Y="189"/>
    <Point X="355" Y="198"/>
    <Point X="359" Y="206"/>
    <Point X="362" Y="213"/>
    <Point X="364" Y="220"/>
    <Point X="367" Y="227"/>
    <Point X="369" Y="233"/>
    <Point X="371" Y="239"/>
    <Point X="373" Y="243"/>
    <Point X="374" Y="246"/>
    <Point X="375" Y="246"/>
    <Point X="375" Y="247"/>
    <Point X="376" Y="247"/>
    <Point X="378" Y="244"/>
    <Point X="380" Y="243"/>
    <Point X="382" Y="241"/>
    <Point X="385" Y="236"/>
    <Point X="390" Y="231"/>
    <Point X="394" Y="226"/>
    <Point X="398" Y="221"/>
    <Point X="402" Y="215"/>
    <Point X="407" Y="209"/>
    <Point X="411" Y="202"/>
    <Point X="416" Y="195"/>
    <Point X="419" Y="189"/>
    <Point X="423" Y="182"/>
    <Point X="427" Y="176"/>
    <Point X="431" Y="171"/>
    <Point X="434" Y="166"/>
    <Point X="437" Y="161"/>
    <Point X="439" Y="157"/>
    <Point X="441" Y="153"/>
    <Point X="444" Y="149"/>
    <Point X="445" Y="147"/>
    <Point X="446" Y="145"/>
    <Point X="448" Y="143"/>
    <Point X="448" Y="142"/>
    <Point X="449" Y="142"/>
    <Point X="450" Y="145"/>
    <Point X="451" Y="146"/>
    <Point X="453" Y="148"/>
    <Point X="455" Y="152"/>
    <Point X="459" Y="159"/>
    <Point X="463" Y="165"/>
    <Point X="467" Y="173"/>
    <Point X="473" Y="181"/>
    <Point X="478" Y="190"/>
    <Point X="483" Y="199"/>
    <Point X="488" Y="207"/>
    <Point X="492" Y="214"/>
    <Point X="496" Y="221"/>
    <Point X="499" Y="226"/>
    <Point X="501" Y="231"/>
    <Point X="502" Y="233"/>
    <Point X="505" Y="237"/>
    <Point X="506" Y="238"/>
    <Point X="507" Y="239"/>
    <Point X="508" Y="241"/>
    <Point X="510" Y="242"/>
    <Point X="511" Y="243"/>
    <Point X="512" Y="245"/>
    <Point X="513" Y="245"/>
    <Point X="513" Y="246"/>
    <Point X="514" Y="246"/>
    <Point X="515" Y="246"/>
    <Point X="518" Y="244"/>
    <Point X="520" Y="241"/>
    <Point X="520" Y="239"/>
    <Point X="522" Y="237"/>
    <Point X="525" Y="234"/>
    <Point X="526" Y="229"/>
    <Point X="530" Y="223"/>
    <Point X="534" Y="215"/>
    <Point X="538" Y="207"/>
    <Point X="542" Y="198"/>
    <Point X="547" Y="191"/>
    <Point X="551" Y="183"/>
    <Point X="556" Y="175"/>
    <Point X="562" Y="167"/>
    <Point X="566" Y="160"/>
    <Point X="571" Y="153"/>
    <Point X="575" Y="146"/>
    <Point X="580" Y="140"/>
    <Point X="585" Y="134"/>
    <Point X="589" Y="128"/>
    <Point X="594" Y="123"/>
    <Point X="597" Y="119"/>
    <Point X="600" Y="116"/>
    <Point X="602" Y="113"/>
    <Point X="604" Y="111"/>
    <Point X="605" Y="109"/>
    <Point X="606" Y="108"/>
    <Point X="606" Y="107"/>
    <Point X="607" Y="107"/>
    <Point X="607" Y="106"/>
    <Point X="607" Y="105"/>
</Gesture>
