<?xml version="1.0" ?>
<Gesture Name="02" Subject="1" Number="2" NumPts="126">
    <Point X="179" Y="276"/>
    <Point X="180" Y="276"/>
    <Point X="182" Y="275"/>
    <Point X="182" Y="274"/>
    <Point X="185" Y="271"/>
    <Point X="189" Y="267"/>
    <Point X="195" Y="262"/>
    <Point X="200" Y="257"/>
    <Point X="205" Y="251"/>
    <Point X="213" Y="245"/>
    <Point X="220" Y="239"/>
    <Point X="226" Y="233"/>
    <Point X="233" Y="227"/>
    <Point X="239" Y="221"/>
    <Point X="245" Y="216"/>
    <Point X="252" Y="210"/>
    <Point X="257" Y="204"/>
    <Point X="263" Y="198"/>
    <Point X="267" Y="192"/>
    <Point X="271" Y="187"/>
    <Point X="274" Y="182"/>
    <Point X="276" Y="178"/>
    <Point X="278" Y="175"/>
    <Point X="279" Y="174"/>
    <Point X="279" Y="173"/>
    <Point X="281" Y="175"/>
    <Point X="282" Y="177"/>
    <Point X="284" Y="180"/>
    <Point X="287" Y="186"/>
    <Point X="291" Y="194"/>
    <Point X="295" Y="203"/>
    <Point X="301" Y="214"/>
    <Point X="306" Y="226"/>
    <Point X="311" Y="237"/>
    <Point X="316" Y="248"/>
    <Point X="320" Y="258"/>
    <Point X="323" Y="267"/>
    <Point X="326" Y="275"/>
    <Point X="329" Y="281"/>
    <Point X="331" Y="286"/>
    <Point X="332" Y="289"/>
    <Point X="333" Y="292"/>
    <Point X="335" Y="289"/>
    <Point X="336" Y="287"/>
    <Point X="338" Y="284"/>
    <Point X="341" Y="280"/>
    <Point X="344" Y="275"/>
    <Point X="349" Y="269"/>
    <Point X="353" Y="262"/>
    <Point X="359" Y="254"/>
    <Point X="364" Y="247"/>
    <Point X="369" Y="239"/>
    <Point X="373" Y="232"/>
    <Point X="378" Y="225"/>
    <Point X="383" Y="219"/>
    <Point X="387" Y="213"/>
    <Point X="390" Y="207"/>
    <Point X="393" Y="203"/>
    <Point X="396" Y="199"/>
    <Point X="398" Y="195"/>
    <Point X="401" Y="192"/>
    <Point X="403" Y="189"/>
    <Point X="405" Y="186"/>
    <Point X="407" Y="184"/>
    <Point X="408" Y="182"/>
    <Point X="410" Y="180"/>
    <Point X="410" Y="179"/>
    <Point X="411" Y="179"/>
    <Point X="412" Y="180"/>
    <Point X="415" Y="183"/>
    <Point X="416" Y="185"/>
    <Point X="417" Y="187"/>
    <Point X="419" Y="190"/>
    <Point X="423" Y="194"/>
    <Point X="426" Y="200"/>
    <Point X="431" Y="206"/>
    <Point X="436" Y="213"/>
    <Point X="441" Y="221"/>
    <Point X="447" Y="230"/>
    <Point X="451" Y="239"/>
    <Point X="456" Y="247"/>
    <Point X="461" Y="256"/>
    <Point X="464" Y="264"/>
    <Point X="467" Y="271"/>
    <Point X="469" Y="276"/>
    <Point X="471" Y="281"/>
    <Point X="473" Y="284"/>
    <Point X="474" Y="286"/>
    <Point X="475" Y="287"/>
    <Point X="475" Y="288"/>
    <Point X="476" Y="289"/>
    <Point X="477" Y="289"/>
    <Point X="477" Y="290"/>
    <Point X="478" Y="290"/>
    <Point X="478" Y="291"/>
    <Point X="479" Y="291"/>
    <Point X="481" Y="291"/>
    <Point X="481" Y="290"/>
    <Point X="482" Y="287"/>
    <Point X="485" Y="284"/>
    <Point X="487" Y="280"/>
    <Point X="491" Y="275"/>
    <Point X="496" Y="269"/>
    <Point X="501" Y="263"/>
    <Point X="506" Y="256"/>
    <Point X="512" Y="248"/>
    <Point X="518" Y="241"/>
    <Point X="524" Y="234"/>
    <Point X="531" Y="226"/>
    <Point X="538" Y="220"/>
    <Point X="544" Y="213"/>
    <Point X="551" Y="207"/>
    <Point X="557" Y="202"/>
    <Point X="562" Y="196"/>
    <Point X="567" Y="192"/>
    <Point X="571" Y="188"/>
    <Point X="575" Y="184"/>
    <Point X="578" Y="180"/>
    <Point X="580" Y="176"/>
    <Point X="582" Y="174"/>
    <Point X="583" Y="172"/>
    <Point X="584" Y="171"/>
    <Point X="584" Y="170"/>
    <Point X="583" Y="170"/>
    <Point X="583" Y="169"/>
    <Point X="582" Y="168"/>
</Gesture>
