<?xml version="1.0" ?>
<Gesture Name="08" Subject="5" Number="8" NumPts="72">
    <Point X="293" Y="323"/>
    <Point X="294" Y="323"/>
    <Point X="295" Y="323"/>
    <Point X="296" Y="323"/>
    <Point X="298" Y="323"/>
    <Point X="302" Y="323"/>
    <Point X="308" Y="323"/>
    <Point X="315" Y="323"/>
    <Point X="324" Y="323"/>
    <Point X="332" Y="323"/>
    <Point X="342" Y="323"/>
    <Point X="354" Y="323"/>
    <Point X="367" Y="323"/>
    <Point X="380" Y="323"/>
    <Point X="395" Y="323"/>
    <Point X="408" Y="323"/>
    <Point X="423" Y="323"/>
    <Point X="438" Y="323"/>
    <Point X="453" Y="323"/>
    <Point X="466" Y="323"/>
    <Point X="478" Y="323"/>
    <Point X="491" Y="323"/>
    <Point X="502" Y="323"/>
    <Point X="512" Y="323"/>
    <Point X="521" Y="323"/>
    <Point X="529" Y="323"/>
    <Point X="535" Y="323"/>
    <Point X="539" Y="323"/>
    <Point X="538" Y="323"/>
    <Point X="534" Y="321"/>
    <Point X="529" Y="320"/>
    <Point X="524" Y="318"/>
    <Point X="517" Y="317"/>
    <Point X="510" Y="314"/>
    <Point X="503" Y="312"/>
    <Point X="497" Y="310"/>
    <Point X="491" Y="307"/>
    <Point X="486" Y="305"/>
    <Point X="482" Y="304"/>
    <Point X="481" Y="304"/>
    <Point X="482" Y="304"/>
    <Point X="483" Y="305"/>
    <Point X="485" Y="306"/>
    <Point X="488" Y="309"/>
    <Point X="492" Y="311"/>
    <Point X="497" Y="314"/>
    <Point X="503" Y="316"/>
    <Point X="507" Y="319"/>
    <Point X="512" Y="321"/>
    <Point X="516" Y="323"/>
    <Point X="519" Y="324"/>
    <Point X="522" Y="325"/>
    <Point X="526" Y="326"/>
    <Point X="529" Y="327"/>
    <Point X="530" Y="327"/>
    <Point X="531" Y="328"/>
    <Point X="531" Y="329"/>
    <Point X="531" Y="330"/>
    <Point X="530" Y="331"/>
    <Point X="530" Y="334"/>
    <Point X="530" Y="335"/>
    <Point X="529" Y="336"/>
    <Point X="527" Y="339"/>
    <Point X="526" Y="342"/>
    <Point X="524" Y="346"/>
    <Point X="522" Y="349"/>
    <Point X="521" Y="352"/>
    <Point X="520" Y="354"/>
    <Point X="519" Y="354"/>
    <Point X="519" Y="355"/>
    <Point X="518" Y="356"/>
    <Point X="517" Y="356"/>
</Gesture>
