<?xml version="1.0" ?>
<Gesture Name="01" Subject="5" Number="1" NumPts="46">
    <Point X="294" Y="329"/>
    <Point X="296" Y="329"/>
    <Point X="297" Y="326"/>
    <Point X="300" Y="322"/>
    <Point X="304" Y="315"/>
    <Point X="308" Y="306"/>
    <Point X="314" Y="295"/>
    <Point X="319" Y="283"/>
    <Point X="325" Y="270"/>
    <Point X="331" Y="258"/>
    <Point X="337" Y="246"/>
    <Point X="342" Y="235"/>
    <Point X="348" Y="225"/>
    <Point X="352" Y="217"/>
    <Point X="356" Y="210"/>
    <Point X="358" Y="206"/>
    <Point X="361" Y="203"/>
    <Point X="362" Y="201"/>
    <Point X="363" Y="201"/>
    <Point X="363" Y="200"/>
    <Point X="364" Y="200"/>
    <Point X="365" Y="202"/>
    <Point X="366" Y="203"/>
    <Point X="368" Y="208"/>
    <Point X="371" Y="216"/>
    <Point X="375" Y="225"/>
    <Point X="379" Y="236"/>
    <Point X="384" Y="248"/>
    <Point X="389" Y="260"/>
    <Point X="393" Y="273"/>
    <Point X="398" Y="286"/>
    <Point X="402" Y="298"/>
    <Point X="406" Y="309"/>
    <Point X="409" Y="318"/>
    <Point X="412" Y="325"/>
    <Point X="413" Y="331"/>
    <Point X="415" Y="337"/>
    <Point X="417" Y="341"/>
    <Point X="418" Y="344"/>
    <Point X="419" Y="347"/>
    <Point X="419" Y="349"/>
    <Point X="420" Y="351"/>
    <Point X="420" Y="352"/>
    <Point X="421" Y="354"/>
    <Point X="421" Y="355"/>
    <Point X="421" Y="356"/>
</Gesture>
