<?xml version="1.0" ?>
<Gesture Name="02" Subject="5" Number="2" NumPts="42">
    <Point X="286" Y="342"/>
    <Point X="287" Y="342"/>
    <Point X="288" Y="342"/>
    <Point X="290" Y="340"/>
    <Point X="292" Y="337"/>
    <Point X="295" Y="331"/>
    <Point X="299" Y="323"/>
    <Point X="304" Y="312"/>
    <Point X="310" Y="302"/>
    <Point X="315" Y="290"/>
    <Point X="321" Y="278"/>
    <Point X="325" Y="266"/>
    <Point X="329" Y="254"/>
    <Point X="334" Y="244"/>
    <Point X="338" Y="234"/>
    <Point X="341" Y="226"/>
    <Point X="344" Y="219"/>
    <Point X="347" Y="213"/>
    <Point X="348" Y="208"/>
    <Point X="350" Y="205"/>
    <Point X="351" Y="201"/>
    <Point X="352" Y="199"/>
    <Point X="354" Y="200"/>
    <Point X="354" Y="201"/>
    <Point X="354" Y="202"/>
    <Point X="356" Y="206"/>
    <Point X="358" Y="212"/>
    <Point X="362" Y="221"/>
    <Point X="366" Y="231"/>
    <Point X="370" Y="241"/>
    <Point X="374" Y="253"/>
    <Point X="379" Y="265"/>
    <Point X="383" Y="277"/>
    <Point X="387" Y="288"/>
    <Point X="391" Y="299"/>
    <Point X="394" Y="309"/>
    <Point X="397" Y="318"/>
    <Point X="400" Y="325"/>
    <Point X="403" Y="331"/>
    <Point X="405" Y="335"/>
    <Point X="406" Y="337"/>
    <Point X="406" Y="338"/>
</Gesture>
