<?xml version="1.0" ?>
<Gesture Name="10" Subject="5" Number="10" NumPts="61">
    <Point X="384" Y="173"/>
    <Point X="386" Y="174"/>
    <Point X="387" Y="175"/>
    <Point X="389" Y="176"/>
    <Point X="393" Y="180"/>
    <Point X="399" Y="183"/>
    <Point X="406" Y="189"/>
    <Point X="415" Y="197"/>
    <Point X="424" Y="204"/>
    <Point X="435" Y="213"/>
    <Point X="447" Y="223"/>
    <Point X="460" Y="233"/>
    <Point X="470" Y="244"/>
    <Point X="481" Y="254"/>
    <Point X="489" Y="265"/>
    <Point X="496" Y="273"/>
    <Point X="502" Y="281"/>
    <Point X="507" Y="287"/>
    <Point X="510" Y="292"/>
    <Point X="511" Y="295"/>
    <Point X="512" Y="295"/>
    <Point X="512" Y="296"/>
    <Point X="511" Y="296"/>
    <Point X="510" Y="296"/>
    <Point X="507" Y="296"/>
    <Point X="502" Y="296"/>
    <Point X="494" Y="296"/>
    <Point X="485" Y="296"/>
    <Point X="473" Y="295"/>
    <Point X="459" Y="294"/>
    <Point X="445" Y="293"/>
    <Point X="430" Y="292"/>
    <Point X="415" Y="292"/>
    <Point X="403" Y="292"/>
    <Point X="391" Y="292"/>
    <Point X="383" Y="293"/>
    <Point X="377" Y="294"/>
    <Point X="374" Y="294"/>
    <Point X="375" Y="293"/>
    <Point X="375" Y="292"/>
    <Point X="378" Y="288"/>
    <Point X="381" Y="285"/>
    <Point X="385" Y="280"/>
    <Point X="390" Y="275"/>
    <Point X="397" Y="268"/>
    <Point X="404" Y="261"/>
    <Point X="414" Y="253"/>
    <Point X="424" Y="245"/>
    <Point X="433" Y="236"/>
    <Point X="443" Y="227"/>
    <Point X="454" Y="218"/>
    <Point X="463" Y="209"/>
    <Point X="473" Y="201"/>
    <Point X="481" Y="193"/>
    <Point X="488" Y="187"/>
    <Point X="495" Y="181"/>
    <Point X="500" Y="178"/>
    <Point X="504" Y="175"/>
    <Point X="508" Y="173"/>
    <Point X="510" Y="171"/>
    <Point X="510" Y="170"/>
</Gesture>
