<?xml version="1.0" ?>
<Gesture Name="04" Subject="5" Number="4" NumPts="67">
    <Point X="366" Y="207"/>
    <Point X="366" Y="208"/>
    <Point X="367" Y="209"/>
    <Point X="369" Y="213"/>
    <Point X="372" Y="217"/>
    <Point X="377" Y="223"/>
    <Point X="382" Y="230"/>
    <Point X="388" Y="240"/>
    <Point X="395" Y="250"/>
    <Point X="402" Y="261"/>
    <Point X="410" Y="273"/>
    <Point X="418" Y="284"/>
    <Point X="426" Y="296"/>
    <Point X="433" Y="307"/>
    <Point X="440" Y="317"/>
    <Point X="446" Y="327"/>
    <Point X="451" Y="335"/>
    <Point X="455" Y="343"/>
    <Point X="458" Y="349"/>
    <Point X="459" Y="353"/>
    <Point X="460" Y="355"/>
    <Point X="460" Y="356"/>
    <Point X="459" Y="356"/>
    <Point X="457" Y="356"/>
    <Point X="454" Y="356"/>
    <Point X="449" Y="356"/>
    <Point X="441" Y="354"/>
    <Point X="431" Y="352"/>
    <Point X="420" Y="349"/>
    <Point X="409" Y="346"/>
    <Point X="398" Y="343"/>
    <Point X="387" Y="341"/>
    <Point X="378" Y="339"/>
    <Point X="370" Y="337"/>
    <Point X="365" Y="336"/>
    <Point X="360" Y="335"/>
    <Point X="357" Y="334"/>
    <Point X="356" Y="334"/>
    <Point X="356" Y="333"/>
    <Point X="355" Y="333"/>
    <Point X="355" Y="332"/>
    <Point X="355" Y="329"/>
    <Point X="355" Y="326"/>
    <Point X="355" Y="322"/>
    <Point X="355" Y="317"/>
    <Point X="356" Y="310"/>
    <Point X="359" Y="302"/>
    <Point X="363" Y="294"/>
    <Point X="367" Y="285"/>
    <Point X="373" Y="276"/>
    <Point X="380" Y="266"/>
    <Point X="390" Y="256"/>
    <Point X="399" Y="246"/>
    <Point X="411" Y="237"/>
    <Point X="422" Y="228"/>
    <Point X="433" Y="221"/>
    <Point X="444" Y="213"/>
    <Point X="454" Y="206"/>
    <Point X="463" Y="199"/>
    <Point X="470" Y="193"/>
    <Point X="476" Y="187"/>
    <Point X="481" Y="181"/>
    <Point X="483" Y="177"/>
    <Point X="485" Y="173"/>
    <Point X="485" Y="170"/>
    <Point X="486" Y="168"/>
    <Point X="486" Y="166"/>
</Gesture>
