<?xml version="1.0" ?>
<Gesture Name="06" Subject="5" Number="6" NumPts="66">
    <Point X="344" Y="178"/>
    <Point X="346" Y="180"/>
    <Point X="348" Y="184"/>
    <Point X="353" Y="190"/>
    <Point X="358" Y="197"/>
    <Point X="365" Y="206"/>
    <Point X="373" Y="216"/>
    <Point X="381" Y="228"/>
    <Point X="390" Y="240"/>
    <Point X="399" Y="252"/>
    <Point X="410" Y="266"/>
    <Point X="420" Y="279"/>
    <Point X="431" Y="291"/>
    <Point X="441" Y="303"/>
    <Point X="448" Y="313"/>
    <Point X="453" Y="321"/>
    <Point X="457" Y="328"/>
    <Point X="459" Y="331"/>
    <Point X="459" Y="332"/>
    <Point X="459" Y="333"/>
    <Point X="458" Y="333"/>
    <Point X="455" Y="333"/>
    <Point X="450" Y="333"/>
    <Point X="443" Y="333"/>
    <Point X="436" Y="333"/>
    <Point X="428" Y="333"/>
    <Point X="419" Y="333"/>
    <Point X="409" Y="333"/>
    <Point X="400" Y="333"/>
    <Point X="392" Y="333"/>
    <Point X="383" Y="333"/>
    <Point X="375" Y="333"/>
    <Point X="368" Y="333"/>
    <Point X="362" Y="333"/>
    <Point X="357" Y="332"/>
    <Point X="353" Y="331"/>
    <Point X="351" Y="331"/>
    <Point X="349" Y="330"/>
    <Point X="349" Y="329"/>
    <Point X="348" Y="329"/>
    <Point X="348" Y="327"/>
    <Point X="348" Y="325"/>
    <Point X="349" Y="321"/>
    <Point X="349" Y="316"/>
    <Point X="351" Y="309"/>
    <Point X="355" Y="300"/>
    <Point X="359" Y="290"/>
    <Point X="365" Y="279"/>
    <Point X="371" Y="268"/>
    <Point X="379" Y="256"/>
    <Point X="387" Y="244"/>
    <Point X="397" Y="231"/>
    <Point X="409" Y="220"/>
    <Point X="420" Y="209"/>
    <Point X="430" Y="199"/>
    <Point X="441" Y="190"/>
    <Point X="451" Y="182"/>
    <Point X="461" Y="176"/>
    <Point X="468" Y="171"/>
    <Point X="474" Y="167"/>
    <Point X="478" Y="164"/>
    <Point X="480" Y="162"/>
    <Point X="481" Y="160"/>
    <Point X="482" Y="159"/>
    <Point X="482" Y="158"/>
    <Point X="482" Y="157"/>
</Gesture>
