<?xml version="1.0" ?>
<Gesture Name="07" Subject="5" Number="7" NumPts="59">
    <Point X="358" Y="161"/>
    <Point X="359" Y="163"/>
    <Point X="361" Y="166"/>
    <Point X="365" Y="172"/>
    <Point X="369" Y="179"/>
    <Point X="375" Y="188"/>
    <Point X="383" Y="197"/>
    <Point X="392" Y="209"/>
    <Point X="401" Y="221"/>
    <Point X="411" Y="233"/>
    <Point X="421" Y="244"/>
    <Point X="431" Y="255"/>
    <Point X="440" Y="265"/>
    <Point X="448" Y="275"/>
    <Point X="454" Y="283"/>
    <Point X="460" Y="289"/>
    <Point X="465" Y="294"/>
    <Point X="467" Y="298"/>
    <Point X="469" Y="300"/>
    <Point X="469" Y="301"/>
    <Point X="469" Y="302"/>
    <Point X="468" Y="303"/>
    <Point X="465" Y="303"/>
    <Point X="463" Y="303"/>
    <Point X="459" Y="304"/>
    <Point X="453" Y="304"/>
    <Point X="446" Y="304"/>
    <Point X="437" Y="304"/>
    <Point X="427" Y="304"/>
    <Point X="415" Y="304"/>
    <Point X="404" Y="304"/>
    <Point X="393" Y="304"/>
    <Point X="382" Y="304"/>
    <Point X="373" Y="304"/>
    <Point X="367" Y="304"/>
    <Point X="363" Y="304"/>
    <Point X="362" Y="304"/>
    <Point X="362" Y="303"/>
    <Point X="363" Y="301"/>
    <Point X="364" Y="296"/>
    <Point X="367" Y="290"/>
    <Point X="372" Y="282"/>
    <Point X="378" Y="272"/>
    <Point X="386" Y="261"/>
    <Point X="395" Y="249"/>
    <Point X="405" Y="235"/>
    <Point X="417" Y="223"/>
    <Point X="428" Y="211"/>
    <Point X="439" Y="200"/>
    <Point X="448" Y="189"/>
    <Point X="457" Y="180"/>
    <Point X="464" Y="171"/>
    <Point X="469" Y="165"/>
    <Point X="472" Y="160"/>
    <Point X="473" Y="155"/>
    <Point X="474" Y="152"/>
    <Point X="475" Y="150"/>
    <Point X="475" Y="148"/>
    <Point X="476" Y="147"/>
</Gesture>
