<?xml version="1.0" ?>
<Gesture Name="03" Subject="5" Number="3" NumPts="58">
    <Point X="289" Y="102"/>
    <Point X="288" Y="102"/>
    <Point X="288" Y="103"/>
    <Point X="287" Y="104"/>
    <Point X="287" Y="105"/>
    <Point X="286" Y="107"/>
    <Point X="286" Y="109"/>
    <Point X="285" Y="113"/>
    <Point X="283" Y="118"/>
    <Point X="283" Y="123"/>
    <Point X="282" Y="129"/>
    <Point X="282" Y="137"/>
    <Point X="282" Y="145"/>
    <Point X="282" Y="155"/>
    <Point X="282" Y="164"/>
    <Point X="282" Y="172"/>
    <Point X="282" Y="179"/>
    <Point X="280" Y="186"/>
    <Point X="279" Y="192"/>
    <Point X="277" Y="196"/>
    <Point X="276" Y="198"/>
    <Point X="274" Y="200"/>
    <Point X="272" Y="201"/>
    <Point X="270" Y="201"/>
    <Point X="268" Y="202"/>
    <Point X="267" Y="201"/>
    <Point X="265" Y="200"/>
    <Point X="265" Y="199"/>
    <Point X="264" Y="199"/>
    <Point X="264" Y="198"/>
    <Point X="264" Y="197"/>
    <Point X="265" Y="196"/>
    <Point X="266" Y="196"/>
    <Point X="269" Y="196"/>
    <Point X="274" Y="196"/>
    <Point X="279" Y="197"/>
    <Point X="284" Y="199"/>
    <Point X="288" Y="201"/>
    <Point X="290" Y="202"/>
    <Point X="292" Y="206"/>
    <Point X="293" Y="209"/>
    <Point X="294" Y="214"/>
    <Point X="295" Y="219"/>
    <Point X="295" Y="223"/>
    <Point X="295" Y="229"/>
    <Point X="295" Y="234"/>
    <Point X="296" Y="239"/>
    <Point X="297" Y="245"/>
    <Point X="297" Y="251"/>
    <Point X="298" Y="255"/>
    <Point X="299" Y="259"/>
    <Point X="300" Y="262"/>
    <Point X="301" Y="265"/>
    <Point X="302" Y="267"/>
    <Point X="304" Y="269"/>
    <Point X="306" Y="271"/>
    <Point X="308" Y="272"/>
    <Point X="309" Y="272"/>
</Gesture>
