<?xml version="1.0" ?>
<Gesture Name="02" Subject="5" Number="2" NumPts="49">
    <Point X="319" Y="110"/>
    <Point X="317" Y="110"/>
    <Point X="315" Y="110"/>
    <Point X="311" Y="110"/>
    <Point X="306" Y="110"/>
    <Point X="300" Y="110"/>
    <Point X="293" Y="110"/>
    <Point X="286" Y="110"/>
    <Point X="279" Y="110"/>
    <Point X="273" Y="110"/>
    <Point X="266" Y="110"/>
    <Point X="262" Y="110"/>
    <Point X="259" Y="110"/>
    <Point X="257" Y="110"/>
    <Point X="256" Y="111"/>
    <Point X="256" Y="113"/>
    <Point X="256" Y="114"/>
    <Point X="256" Y="117"/>
    <Point X="256" Y="122"/>
    <Point X="256" Y="127"/>
    <Point X="256" Y="134"/>
    <Point X="256" Y="143"/>
    <Point X="255" Y="153"/>
    <Point X="254" Y="164"/>
    <Point X="252" Y="177"/>
    <Point X="251" Y="190"/>
    <Point X="249" Y="203"/>
    <Point X="247" Y="215"/>
    <Point X="245" Y="227"/>
    <Point X="243" Y="238"/>
    <Point X="243" Y="248"/>
    <Point X="242" Y="257"/>
    <Point X="241" Y="264"/>
    <Point X="241" Y="270"/>
    <Point X="241" Y="275"/>
    <Point X="241" Y="278"/>
    <Point X="241" Y="280"/>
    <Point X="241" Y="281"/>
    <Point X="244" Y="282"/>
    <Point X="245" Y="282"/>
    <Point X="246" Y="282"/>
    <Point X="250" Y="283"/>
    <Point X="256" Y="284"/>
    <Point X="262" Y="285"/>
    <Point X="268" Y="285"/>
    <Point X="275" Y="286"/>
    <Point X="282" Y="287"/>
    <Point X="290" Y="288"/>
    <Point X="298" Y="289"/>
</Gesture>
