<?xml version="1.0" ?>
<Gesture Name="01" Subject="5" Number="1" NumPts="66">
    <Point X="316" Y="79"/>
    <Point X="315" Y="79"/>
    <Point X="313" Y="79"/>
    <Point X="311" Y="79"/>
    <Point X="310" Y="79"/>
    <Point X="308" Y="80"/>
    <Point X="307" Y="80"/>
    <Point X="305" Y="80"/>
    <Point X="303" Y="82"/>
    <Point X="300" Y="85"/>
    <Point X="298" Y="87"/>
    <Point X="296" Y="91"/>
    <Point X="294" Y="96"/>
    <Point X="293" Y="102"/>
    <Point X="292" Y="109"/>
    <Point X="291" Y="118"/>
    <Point X="290" Y="128"/>
    <Point X="289" Y="137"/>
    <Point X="289" Y="148"/>
    <Point X="289" Y="158"/>
    <Point X="288" Y="167"/>
    <Point X="286" Y="175"/>
    <Point X="284" Y="183"/>
    <Point X="282" Y="190"/>
    <Point X="280" Y="194"/>
    <Point X="278" Y="196"/>
    <Point X="276" Y="198"/>
    <Point X="273" Y="198"/>
    <Point X="271" Y="198"/>
    <Point X="268" Y="198"/>
    <Point X="265" Y="196"/>
    <Point X="263" Y="195"/>
    <Point X="261" Y="194"/>
    <Point X="261" Y="193"/>
    <Point X="263" Y="192"/>
    <Point X="264" Y="192"/>
    <Point X="268" Y="193"/>
    <Point X="273" Y="195"/>
    <Point X="279" Y="198"/>
    <Point X="284" Y="202"/>
    <Point X="289" Y="206"/>
    <Point X="293" Y="211"/>
    <Point X="295" Y="216"/>
    <Point X="296" Y="221"/>
    <Point X="297" Y="226"/>
    <Point X="298" Y="232"/>
    <Point X="298" Y="238"/>
    <Point X="298" Y="245"/>
    <Point X="298" Y="252"/>
    <Point X="298" Y="259"/>
    <Point X="299" Y="266"/>
    <Point X="300" Y="273"/>
    <Point X="301" Y="279"/>
    <Point X="303" Y="285"/>
    <Point X="306" Y="291"/>
    <Point X="310" Y="297"/>
    <Point X="314" Y="303"/>
    <Point X="317" Y="308"/>
    <Point X="322" Y="313"/>
    <Point X="326" Y="316"/>
    <Point X="329" Y="319"/>
    <Point X="333" Y="322"/>
    <Point X="337" Y="324"/>
    <Point X="340" Y="326"/>
    <Point X="341" Y="327"/>
    <Point X="342" Y="327"/>
</Gesture>
