<?xml version="1.0" ?>
<Gesture Name="01" Subject="5" Number="1" NumPts="54">
    <Point X="332" Y="96"/>
    <Point X="330" Y="96"/>
    <Point X="328" Y="96"/>
    <Point X="325" Y="96"/>
    <Point X="320" Y="96"/>
    <Point X="314" Y="96"/>
    <Point X="306" Y="96"/>
    <Point X="297" Y="96"/>
    <Point X="287" Y="95"/>
    <Point X="279" Y="93"/>
    <Point X="272" Y="93"/>
    <Point X="267" Y="92"/>
    <Point X="265" Y="92"/>
    <Point X="265" Y="94"/>
    <Point X="265" Y="95"/>
    <Point X="265" Y="97"/>
    <Point X="265" Y="100"/>
    <Point X="265" Y="105"/>
    <Point X="265" Y="110"/>
    <Point X="265" Y="117"/>
    <Point X="264" Y="124"/>
    <Point X="263" Y="131"/>
    <Point X="261" Y="140"/>
    <Point X="259" Y="150"/>
    <Point X="258" Y="159"/>
    <Point X="257" Y="168"/>
    <Point X="255" Y="177"/>
    <Point X="254" Y="185"/>
    <Point X="252" Y="192"/>
    <Point X="252" Y="198"/>
    <Point X="251" Y="202"/>
    <Point X="250" Y="206"/>
    <Point X="250" Y="209"/>
    <Point X="249" Y="212"/>
    <Point X="249" Y="213"/>
    <Point X="249" Y="214"/>
    <Point X="249" Y="215"/>
    <Point X="250" Y="216"/>
    <Point X="252" Y="217"/>
    <Point X="253" Y="217"/>
    <Point X="255" Y="218"/>
    <Point X="259" Y="219"/>
    <Point X="264" Y="220"/>
    <Point X="271" Y="222"/>
    <Point X="279" Y="223"/>
    <Point X="288" Y="224"/>
    <Point X="297" Y="226"/>
    <Point X="307" Y="228"/>
    <Point X="317" Y="229"/>
    <Point X="324" Y="231"/>
    <Point X="330" Y="232"/>
    <Point X="333" Y="233"/>
    <Point X="335" Y="234"/>
    <Point X="336" Y="234"/>
</Gesture>
