<?xml version="1.0" ?>
<Gesture Name="03" Subject="5" Number="3" NumPts="56">
    <Point X="305" Y="97"/>
    <Point X="304" Y="97"/>
    <Point X="303" Y="97"/>
    <Point X="302" Y="97"/>
    <Point X="300" Y="97"/>
    <Point X="299" Y="97"/>
    <Point X="295" Y="97"/>
    <Point X="292" Y="97"/>
    <Point X="289" Y="97"/>
    <Point X="286" Y="97"/>
    <Point X="284" Y="97"/>
    <Point X="281" Y="97"/>
    <Point X="280" Y="97"/>
    <Point X="279" Y="97"/>
    <Point X="278" Y="97"/>
    <Point X="277" Y="98"/>
    <Point X="276" Y="98"/>
    <Point X="275" Y="98"/>
    <Point X="275" Y="99"/>
    <Point X="275" Y="100"/>
    <Point X="275" Y="101"/>
    <Point X="275" Y="102"/>
    <Point X="275" Y="104"/>
    <Point X="275" Y="105"/>
    <Point X="275" Y="107"/>
    <Point X="275" Y="111"/>
    <Point X="275" Y="117"/>
    <Point X="275" Y="124"/>
    <Point X="275" Y="132"/>
    <Point X="275" Y="141"/>
    <Point X="275" Y="151"/>
    <Point X="275" Y="161"/>
    <Point X="275" Y="171"/>
    <Point X="275" Y="181"/>
    <Point X="275" Y="191"/>
    <Point X="275" Y="199"/>
    <Point X="275" Y="206"/>
    <Point X="275" Y="212"/>
    <Point X="275" Y="216"/>
    <Point X="275" Y="218"/>
    <Point X="275" Y="219"/>
    <Point X="276" Y="219"/>
    <Point X="276" Y="220"/>
    <Point X="278" Y="220"/>
    <Point X="280" Y="221"/>
    <Point X="282" Y="221"/>
    <Point X="286" Y="222"/>
    <Point X="291" Y="223"/>
    <Point X="298" Y="224"/>
    <Point X="306" Y="226"/>
    <Point X="314" Y="228"/>
    <Point X="323" Y="229"/>
    <Point X="331" Y="230"/>
    <Point X="339" Y="232"/>
    <Point X="346" Y="232"/>
    <Point X="350" Y="233"/>
</Gesture>
