<?xml version="1.0" ?>
<Gesture Name="02" Subject="5" Number="2" NumPts="64">
    <Point X="286" Y="90"/>
    <Point X="285" Y="91"/>
    <Point X="282" Y="92"/>
    <Point X="280" Y="93"/>
    <Point X="279" Y="95"/>
    <Point X="277" Y="97"/>
    <Point X="276" Y="99"/>
    <Point X="275" Y="102"/>
    <Point X="274" Y="106"/>
    <Point X="274" Y="111"/>
    <Point X="274" Y="116"/>
    <Point X="274" Y="122"/>
    <Point X="275" Y="129"/>
    <Point X="277" Y="136"/>
    <Point X="279" Y="143"/>
    <Point X="282" Y="150"/>
    <Point X="284" Y="156"/>
    <Point X="285" Y="162"/>
    <Point X="287" Y="167"/>
    <Point X="287" Y="172"/>
    <Point X="288" Y="175"/>
    <Point X="288" Y="177"/>
    <Point X="287" Y="180"/>
    <Point X="286" Y="182"/>
    <Point X="285" Y="183"/>
    <Point X="283" Y="185"/>
    <Point X="280" Y="185"/>
    <Point X="276" Y="186"/>
    <Point X="273" Y="186"/>
    <Point X="271" Y="186"/>
    <Point X="269" Y="185"/>
    <Point X="268" Y="185"/>
    <Point X="268" Y="184"/>
    <Point X="268" Y="183"/>
    <Point X="268" Y="182"/>
    <Point X="270" Y="182"/>
    <Point X="271" Y="182"/>
    <Point X="273" Y="182"/>
    <Point X="277" Y="182"/>
    <Point X="280" Y="183"/>
    <Point X="284" Y="184"/>
    <Point X="286" Y="186"/>
    <Point X="287" Y="188"/>
    <Point X="288" Y="190"/>
    <Point X="289" Y="194"/>
    <Point X="291" Y="199"/>
    <Point X="292" Y="204"/>
    <Point X="292" Y="210"/>
    <Point X="293" Y="217"/>
    <Point X="294" Y="224"/>
    <Point X="294" Y="231"/>
    <Point X="295" Y="239"/>
    <Point X="296" Y="246"/>
    <Point X="298" Y="253"/>
    <Point X="299" Y="260"/>
    <Point X="301" Y="265"/>
    <Point X="304" Y="270"/>
    <Point X="306" Y="274"/>
    <Point X="308" Y="277"/>
    <Point X="311" Y="280"/>
    <Point X="313" Y="282"/>
    <Point X="314" Y="283"/>
    <Point X="316" Y="283"/>
    <Point X="318" Y="283"/>
</Gesture>
