<?xml version="1.0" ?>
<Gesture Name="09" Subject="5" Number="9" NumPts="74">
    <Point X="329" Y="184"/>
    <Point X="328" Y="187"/>
    <Point X="328" Y="188"/>
    <Point X="328" Y="192"/>
    <Point X="328" Y="198"/>
    <Point X="328" Y="205"/>
    <Point X="328" Y="213"/>
    <Point X="328" Y="222"/>
    <Point X="328" Y="232"/>
    <Point X="328" Y="242"/>
    <Point X="328" Y="252"/>
    <Point X="328" Y="262"/>
    <Point X="328" Y="269"/>
    <Point X="328" Y="274"/>
    <Point X="328" Y="277"/>
    <Point X="328" Y="278"/>
    <Point X="329" Y="278"/>
    <Point X="330" Y="278"/>
    <Point X="333" Y="277"/>
    <Point X="337" Y="276"/>
    <Point X="342" Y="274"/>
    <Point X="349" Y="272"/>
    <Point X="357" Y="270"/>
    <Point X="365" Y="268"/>
    <Point X="374" Y="266"/>
    <Point X="383" Y="263"/>
    <Point X="391" Y="261"/>
    <Point X="397" Y="259"/>
    <Point X="402" Y="256"/>
    <Point X="407" Y="254"/>
    <Point X="410" Y="253"/>
    <Point X="412" Y="252"/>
    <Point X="414" Y="250"/>
    <Point X="414" Y="249"/>
    <Point X="415" Y="246"/>
    <Point X="416" Y="243"/>
    <Point X="416" Y="239"/>
    <Point X="417" Y="235"/>
    <Point X="417" Y="231"/>
    <Point X="417" Y="225"/>
    <Point X="417" Y="220"/>
    <Point X="417" Y="214"/>
    <Point X="417" Y="209"/>
    <Point X="416" Y="204"/>
    <Point X="416" Y="198"/>
    <Point X="414" Y="193"/>
    <Point X="413" Y="188"/>
    <Point X="412" Y="184"/>
    <Point X="411" Y="181"/>
    <Point X="411" Y="179"/>
    <Point X="410" Y="178"/>
    <Point X="410" Y="177"/>
    <Point X="409" Y="178"/>
    <Point X="407" Y="179"/>
    <Point X="406" Y="179"/>
    <Point X="403" Y="180"/>
    <Point X="399" Y="182"/>
    <Point X="395" Y="184"/>
    <Point X="390" Y="185"/>
    <Point X="385" Y="185"/>
    <Point X="381" Y="186"/>
    <Point X="376" Y="186"/>
    <Point X="371" Y="186"/>
    <Point X="365" Y="186"/>
    <Point X="360" Y="186"/>
    <Point X="355" Y="185"/>
    <Point X="350" Y="184"/>
    <Point X="344" Y="183"/>
    <Point X="340" Y="183"/>
    <Point X="337" Y="182"/>
    <Point X="333" Y="182"/>
    <Point X="331" Y="181"/>
    <Point X="330" Y="181"/>
    <Point X="329" Y="181"/>
</Gesture>
