<?xml version="1.0" ?>
<Gesture Name="08" Subject="5" Number="8" NumPts="93">
    <Point X="334" Y="190"/>
    <Point X="334" Y="192"/>
    <Point X="334" Y="193"/>
    <Point X="334" Y="197"/>
    <Point X="334" Y="203"/>
    <Point X="334" Y="210"/>
    <Point X="334" Y="217"/>
    <Point X="334" Y="226"/>
    <Point X="334" Y="234"/>
    <Point X="334" Y="243"/>
    <Point X="334" Y="253"/>
    <Point X="334" Y="262"/>
    <Point X="334" Y="270"/>
    <Point X="334" Y="277"/>
    <Point X="334" Y="282"/>
    <Point X="334" Y="288"/>
    <Point X="334" Y="291"/>
    <Point X="334" Y="294"/>
    <Point X="335" Y="295"/>
    <Point X="336" Y="295"/>
    <Point X="337" Y="295"/>
    <Point X="339" Y="295"/>
    <Point X="343" Y="295"/>
    <Point X="349" Y="295"/>
    <Point X="356" Y="295"/>
    <Point X="364" Y="296"/>
    <Point X="372" Y="297"/>
    <Point X="380" Y="298"/>
    <Point X="387" Y="298"/>
    <Point X="394" Y="299"/>
    <Point X="400" Y="300"/>
    <Point X="406" Y="300"/>
    <Point X="412" Y="300"/>
    <Point X="416" Y="300"/>
    <Point X="418" Y="300"/>
    <Point X="420" Y="300"/>
    <Point X="421" Y="300"/>
    <Point X="422" Y="299"/>
    <Point X="422" Y="298"/>
    <Point X="423" Y="297"/>
    <Point X="424" Y="295"/>
    <Point X="425" Y="291"/>
    <Point X="426" Y="286"/>
    <Point X="427" Y="281"/>
    <Point X="428" Y="274"/>
    <Point X="429" Y="267"/>
    <Point X="430" Y="259"/>
    <Point X="430" Y="251"/>
    <Point X="430" Y="244"/>
    <Point X="430" Y="237"/>
    <Point X="430" Y="230"/>
    <Point X="429" Y="223"/>
    <Point X="428" Y="216"/>
    <Point X="427" Y="210"/>
    <Point X="426" Y="205"/>
    <Point X="426" Y="200"/>
    <Point X="425" Y="196"/>
    <Point X="425" Y="192"/>
    <Point X="424" Y="189"/>
    <Point X="424" Y="185"/>
    <Point X="423" Y="182"/>
    <Point X="422" Y="180"/>
    <Point X="421" Y="178"/>
    <Point X="420" Y="176"/>
    <Point X="419" Y="175"/>
    <Point X="418" Y="174"/>
    <Point X="417" Y="174"/>
    <Point X="415" Y="173"/>
    <Point X="414" Y="173"/>
    <Point X="411" Y="172"/>
    <Point X="408" Y="172"/>
    <Point X="405" Y="172"/>
    <Point X="401" Y="172"/>
    <Point X="396" Y="172"/>
    <Point X="391" Y="172"/>
    <Point X="386" Y="172"/>
    <Point X="381" Y="172"/>
    <Point X="376" Y="172"/>
    <Point X="369" Y="172"/>
    <Point X="365" Y="172"/>
    <Point X="360" Y="171"/>
    <Point X="356" Y="171"/>
    <Point X="352" Y="170"/>
    <Point X="349" Y="169"/>
    <Point X="347" Y="169"/>
    <Point X="346" Y="169"/>
    <Point X="345" Y="169"/>
    <Point X="344" Y="169"/>
    <Point X="343" Y="169"/>
    <Point X="342" Y="169"/>
    <Point X="341" Y="169"/>
    <Point X="341" Y="170"/>
    <Point X="341" Y="171"/>
</Gesture>
