<?xml version="1.0" ?>
<Gesture Name="08" Subject="5" Number="8" NumPts="72">
    <Point X="473" Y="51"/>
    <Point X="472" Y="51"/>
    <Point X="473" Y="51"/>
    <Point X="474" Y="51"/>
    <Point X="475" Y="51"/>
    <Point X="477" Y="51"/>
    <Point X="479" Y="53"/>
    <Point X="480" Y="54"/>
    <Point X="481" Y="56"/>
    <Point X="482" Y="60"/>
    <Point X="484" Y="63"/>
    <Point X="486" Y="69"/>
    <Point X="487" Y="75"/>
    <Point X="488" Y="81"/>
    <Point X="488" Y="88"/>
    <Point X="489" Y="95"/>
    <Point X="489" Y="102"/>
    <Point X="489" Y="108"/>
    <Point X="489" Y="114"/>
    <Point X="489" Y="118"/>
    <Point X="489" Y="123"/>
    <Point X="489" Y="127"/>
    <Point X="489" Y="131"/>
    <Point X="489" Y="135"/>
    <Point X="490" Y="138"/>
    <Point X="491" Y="141"/>
    <Point X="491" Y="143"/>
    <Point X="492" Y="145"/>
    <Point X="493" Y="147"/>
    <Point X="494" Y="148"/>
    <Point X="495" Y="149"/>
    <Point X="496" Y="150"/>
    <Point X="498" Y="151"/>
    <Point X="499" Y="151"/>
    <Point X="501" Y="152"/>
    <Point X="502" Y="152"/>
    <Point X="503" Y="151"/>
    <Point X="503" Y="150"/>
    <Point X="504" Y="149"/>
    <Point X="504" Y="148"/>
    <Point X="504" Y="147"/>
    <Point X="504" Y="146"/>
    <Point X="503" Y="145"/>
    <Point X="503" Y="146"/>
    <Point X="502" Y="147"/>
    <Point X="501" Y="149"/>
    <Point X="501" Y="150"/>
    <Point X="500" Y="152"/>
    <Point X="499" Y="156"/>
    <Point X="499" Y="161"/>
    <Point X="498" Y="166"/>
    <Point X="497" Y="172"/>
    <Point X="497" Y="178"/>
    <Point X="497" Y="185"/>
    <Point X="496" Y="192"/>
    <Point X="495" Y="198"/>
    <Point X="495" Y="205"/>
    <Point X="494" Y="211"/>
    <Point X="494" Y="217"/>
    <Point X="492" Y="221"/>
    <Point X="492" Y="224"/>
    <Point X="491" Y="227"/>
    <Point X="490" Y="228"/>
    <Point X="489" Y="228"/>
    <Point X="488" Y="228"/>
    <Point X="487" Y="226"/>
    <Point X="486" Y="225"/>
    <Point X="486" Y="224"/>
    <Point X="485" Y="223"/>
    <Point X="485" Y="222"/>
    <Point X="485" Y="221"/>
    <Point X="484" Y="221"/>
</Gesture>
