<?xml version="1.0" ?>
<Gesture Name="09" Subject="5" Number="9" NumPts="91">
    <Point X="388" Y="370"/>
    <Point X="390" Y="368"/>
    <Point X="390" Y="366"/>
    <Point X="391" Y="361"/>
    <Point X="393" Y="354"/>
    <Point X="396" Y="346"/>
    <Point X="399" Y="336"/>
    <Point X="403" Y="325"/>
    <Point X="406" Y="313"/>
    <Point X="410" Y="302"/>
    <Point X="412" Y="290"/>
    <Point X="415" Y="280"/>
    <Point X="417" Y="270"/>
    <Point X="419" Y="262"/>
    <Point X="421" Y="255"/>
    <Point X="423" Y="249"/>
    <Point X="424" Y="246"/>
    <Point X="425" Y="246"/>
    <Point X="426" Y="246"/>
    <Point X="427" Y="247"/>
    <Point X="429" Y="249"/>
    <Point X="432" Y="254"/>
    <Point X="436" Y="261"/>
    <Point X="440" Y="271"/>
    <Point X="446" Y="280"/>
    <Point X="451" Y="291"/>
    <Point X="457" Y="303"/>
    <Point X="461" Y="314"/>
    <Point X="466" Y="326"/>
    <Point X="469" Y="337"/>
    <Point X="471" Y="345"/>
    <Point X="473" Y="352"/>
    <Point X="475" Y="357"/>
    <Point X="475" Y="358"/>
    <Point X="475" Y="357"/>
    <Point X="473" Y="355"/>
    <Point X="471" Y="352"/>
    <Point X="468" Y="349"/>
    <Point X="464" Y="345"/>
    <Point X="457" Y="341"/>
    <Point X="449" Y="335"/>
    <Point X="439" Y="331"/>
    <Point X="429" Y="326"/>
    <Point X="418" Y="321"/>
    <Point X="407" Y="318"/>
    <Point X="397" Y="315"/>
    <Point X="387" Y="313"/>
    <Point X="378" Y="312"/>
    <Point X="371" Y="311"/>
    <Point X="365" Y="311"/>
    <Point X="361" Y="311"/>
    <Point X="358" Y="311"/>
    <Point X="356" Y="311"/>
    <Point X="356" Y="308"/>
    <Point X="357" Y="307"/>
    <Point X="360" Y="303"/>
    <Point X="364" Y="299"/>
    <Point X="371" Y="295"/>
    <Point X="380" Y="290"/>
    <Point X="393" Y="285"/>
    <Point X="406" Y="281"/>
    <Point X="419" Y="278"/>
    <Point X="433" Y="275"/>
    <Point X="446" Y="273"/>
    <Point X="459" Y="271"/>
    <Point X="469" Y="269"/>
    <Point X="478" Y="267"/>
    <Point X="485" Y="267"/>
    <Point X="490" Y="267"/>
    <Point X="494" Y="267"/>
    <Point X="497" Y="267"/>
    <Point X="497" Y="268"/>
    <Point X="497" Y="270"/>
    <Point X="496" Y="273"/>
    <Point X="493" Y="276"/>
    <Point X="490" Y="281"/>
    <Point X="487" Y="286"/>
    <Point X="482" Y="293"/>
    <Point X="477" Y="300"/>
    <Point X="470" Y="308"/>
    <Point X="462" Y="317"/>
    <Point X="453" Y="325"/>
    <Point X="443" Y="333"/>
    <Point X="434" Y="340"/>
    <Point X="427" Y="347"/>
    <Point X="421" Y="352"/>
    <Point X="415" Y="356"/>
    <Point X="412" Y="358"/>
    <Point X="409" Y="360"/>
    <Point X="409" Y="361"/>
    <Point X="408" Y="361"/>
</Gesture>
