<?xml version="1.0" ?>
<Gesture Name="08" Subject="5" Number="8" NumPts="61">
    <Point X="384" Y="159"/>
    <Point X="382" Y="160"/>
    <Point X="382" Y="161"/>
    <Point X="380" Y="162"/>
    <Point X="377" Y="165"/>
    <Point X="374" Y="168"/>
    <Point X="370" Y="172"/>
    <Point X="365" Y="178"/>
    <Point X="359" Y="185"/>
    <Point X="353" Y="191"/>
    <Point X="347" Y="199"/>
    <Point X="340" Y="206"/>
    <Point X="334" Y="214"/>
    <Point X="327" Y="221"/>
    <Point X="320" Y="228"/>
    <Point X="315" Y="235"/>
    <Point X="310" Y="240"/>
    <Point X="307" Y="244"/>
    <Point X="304" Y="247"/>
    <Point X="303" Y="248"/>
    <Point X="306" Y="247"/>
    <Point X="307" Y="246"/>
    <Point X="311" Y="246"/>
    <Point X="319" Y="244"/>
    <Point X="329" Y="244"/>
    <Point X="354" Y="244"/>
    <Point X="369" Y="244"/>
    <Point X="383" Y="244"/>
    <Point X="398" Y="244"/>
    <Point X="411" Y="244"/>
    <Point X="422" Y="243"/>
    <Point X="432" Y="242"/>
    <Point X="440" Y="242"/>
    <Point X="446" Y="242"/>
    <Point X="449" Y="241"/>
    <Point X="450" Y="241"/>
    <Point X="450" Y="240"/>
    <Point X="450" Y="238"/>
    <Point X="450" Y="236"/>
    <Point X="449" Y="234"/>
    <Point X="448" Y="232"/>
    <Point X="446" Y="229"/>
    <Point X="443" Y="224"/>
    <Point X="439" Y="219"/>
    <Point X="434" Y="213"/>
    <Point X="429" Y="207"/>
    <Point X="423" Y="201"/>
    <Point X="417" Y="196"/>
    <Point X="412" Y="190"/>
    <Point X="407" Y="183"/>
    <Point X="402" Y="178"/>
    <Point X="398" Y="172"/>
    <Point X="394" Y="168"/>
    <Point X="390" Y="164"/>
    <Point X="387" Y="159"/>
    <Point X="384" Y="156"/>
    <Point X="381" Y="153"/>
    <Point X="379" Y="151"/>
    <Point X="378" Y="150"/>
    <Point X="378" Y="149"/>
    <Point X="377" Y="149"/>
</Gesture>
