<?xml version="1.0" ?>
<Gesture Name="01" Subject="5" Number="1" NumPts="37">
    <Point X="286" Y="137"/>
    <Point X="286" Y="138"/>
    <Point X="286" Y="139"/>
    <Point X="287" Y="142"/>
    <Point X="289" Y="146"/>
    <Point X="292" Y="153"/>
    <Point X="297" Y="160"/>
    <Point X="301" Y="168"/>
    <Point X="307" Y="178"/>
    <Point X="312" Y="189"/>
    <Point X="318" Y="198"/>
    <Point X="324" Y="207"/>
    <Point X="330" Y="216"/>
    <Point X="336" Y="223"/>
    <Point X="341" Y="229"/>
    <Point X="343" Y="232"/>
    <Point X="345" Y="234"/>
    <Point X="346" Y="235"/>
    <Point X="346" Y="234"/>
    <Point X="347" Y="232"/>
    <Point X="348" Y="230"/>
    <Point X="349" Y="225"/>
    <Point X="353" Y="218"/>
    <Point X="357" Y="208"/>
    <Point X="361" Y="197"/>
    <Point X="365" Y="186"/>
    <Point X="370" Y="174"/>
    <Point X="374" Y="162"/>
    <Point X="377" Y="150"/>
    <Point X="379" Y="139"/>
    <Point X="381" Y="129"/>
    <Point X="382" Y="120"/>
    <Point X="383" Y="114"/>
    <Point X="384" Y="109"/>
    <Point X="384" Y="105"/>
    <Point X="384" Y="104"/>
    <Point X="384" Y="103"/>
</Gesture>
