<?xml version="1.0" ?>
<Gesture Name="half_note~05" Subject="2" Number="5" NumPts="104" InputType="stylus" Speed="MEDIUM">
    <Stroke index="1">
        <Point X="439" Y="216" T="0" Pressure="0"/>
        <Point X="438" Y="212" T="0" Pressure="0"/>
        <Point X="438" Y="211" T="0" Pressure="0"/>
        <Point X="439" Y="212" T="0" Pressure="0"/>
        <Point X="439" Y="214" T="0" Pressure="0"/>
        <Point X="439" Y="215" T="0" Pressure="0"/>
        <Point X="439" Y="216" T="0" Pressure="0"/>
        <Point X="440" Y="219" T="0" Pressure="0"/>
        <Point X="440" Y="221" T="0" Pressure="0"/>
        <Point X="442" Y="231" T="0" Pressure="0"/>
        <Point X="442" Y="236" T="0" Pressure="0"/>
        <Point X="443" Y="241" T="0" Pressure="0"/>
        <Point X="443" Y="247" T="0" Pressure="0"/>
        <Point X="443" Y="254" T="0" Pressure="0"/>
        <Point X="443" Y="269" T="0" Pressure="0"/>
        <Point X="443" Y="278" T="0" Pressure="0"/>
        <Point X="443" Y="287" T="0" Pressure="0"/>
        <Point X="443" Y="294" T="0" Pressure="0"/>
        <Point X="443" Y="302" T="0" Pressure="0"/>
        <Point X="443" Y="309" T="0" Pressure="0"/>
        <Point X="444" Y="315" T="0" Pressure="0"/>
        <Point X="444" Y="328" T="0" Pressure="0"/>
        <Point X="445" Y="333" T="0" Pressure="0"/>
        <Point X="445" Y="337" T="0" Pressure="0"/>
        <Point X="446" Y="341" T="0" Pressure="0"/>
        <Point X="447" Y="348" T="0" Pressure="0"/>
        <Point X="447" Y="351" T="0" Pressure="0"/>
        <Point X="447" Y="353" T="0" Pressure="0"/>
        <Point X="447" Y="355" T="0" Pressure="0"/>
        <Point X="448" Y="357" T="0" Pressure="0"/>
        <Point X="448" Y="358" T="0" Pressure="0"/>
        <Point X="448" Y="361" T="0" Pressure="0"/>
    </Stroke>
    <Stroke index="2">
        <Point X="435" Y="348" T="0" Pressure="0"/>
        <Point X="431" Y="342" T="0" Pressure="0"/>
        <Point X="430" Y="341" T="0" Pressure="0"/>
        <Point X="429" Y="339" T="0" Pressure="0"/>
        <Point X="428" Y="338" T="0" Pressure="0"/>
        <Point X="427" Y="336" T="0" Pressure="0"/>
        <Point X="425" Y="335" T="0" Pressure="0"/>
        <Point X="423" Y="333" T="0" Pressure="0"/>
        <Point X="421" Y="332" T="0" Pressure="0"/>
        <Point X="417" Y="329" T="0" Pressure="0"/>
        <Point X="416" Y="328" T="0" Pressure="0"/>
        <Point X="413" Y="327" T="0" Pressure="0"/>
        <Point X="410" Y="326" T="0" Pressure="0"/>
        <Point X="409" Y="325" T="0" Pressure="0"/>
        <Point X="406" Y="324" T="0" Pressure="0"/>
        <Point X="403" Y="323" T="0" Pressure="0"/>
        <Point X="401" Y="322" T="0" Pressure="0"/>
        <Point X="398" Y="322" T="0" Pressure="0"/>
        <Point X="394" Y="322" T="0" Pressure="0"/>
        <Point X="391" Y="322" T="0" Pressure="0"/>
        <Point X="389" Y="322" T="0" Pressure="0"/>
        <Point X="386" Y="322" T="0" Pressure="0"/>
        <Point X="383" Y="323" T="0" Pressure="0"/>
        <Point X="380" Y="324" T="0" Pressure="0"/>
        <Point X="377" Y="326" T="0" Pressure="0"/>
        <Point X="375" Y="327" T="0" Pressure="0"/>
        <Point X="372" Y="329" T="0" Pressure="0"/>
        <Point X="370" Y="331" T="0" Pressure="0"/>
        <Point X="366" Y="335" T="0" Pressure="0"/>
        <Point X="364" Y="338" T="0" Pressure="0"/>
        <Point X="363" Y="340" T="0" Pressure="0"/>
        <Point X="361" Y="342" T="0" Pressure="0"/>
        <Point X="360" Y="346" T="0" Pressure="0"/>
        <Point X="359" Y="348" T="0" Pressure="0"/>
        <Point X="359" Y="352" T="0" Pressure="0"/>
        <Point X="359" Y="355" T="0" Pressure="0"/>
        <Point X="359" Y="361" T="0" Pressure="0"/>
        <Point X="359" Y="364" T="0" Pressure="0"/>
        <Point X="359" Y="367" T="0" Pressure="0"/>
        <Point X="360" Y="371" T="0" Pressure="0"/>
        <Point X="362" Y="377" T="0" Pressure="0"/>
        <Point X="363" Y="380" T="0" Pressure="0"/>
        <Point X="364" Y="382" T="0" Pressure="0"/>
        <Point X="367" Y="385" T="0" Pressure="0"/>
        <Point X="368" Y="387" T="0" Pressure="0"/>
        <Point X="371" Y="389" T="0" Pressure="0"/>
        <Point X="374" Y="390" T="0" Pressure="0"/>
        <Point X="376" Y="392" T="0" Pressure="0"/>
        <Point X="379" Y="393" T="0" Pressure="0"/>
        <Point X="382" Y="394" T="0" Pressure="0"/>
        <Point X="384" Y="396" T="0" Pressure="0"/>
        <Point X="388" Y="396" T="0" Pressure="0"/>
        <Point X="391" Y="396" T="0" Pressure="0"/>
        <Point X="394" Y="396" T="0" Pressure="0"/>
        <Point X="398" Y="396" T="0" Pressure="0"/>
        <Point X="401" Y="396" T="0" Pressure="0"/>
        <Point X="405" Y="395" T="0" Pressure="0"/>
        <Point X="409" Y="393" T="0" Pressure="0"/>
        <Point X="413" Y="392" T="0" Pressure="0"/>
        <Point X="416" Y="390" T="0" Pressure="0"/>
        <Point X="420" Y="388" T="0" Pressure="0"/>
        <Point X="424" Y="387" T="0" Pressure="0"/>
        <Point X="431" Y="382" T="0" Pressure="0"/>
        <Point X="434" Y="380" T="0" Pressure="0"/>
        <Point X="437" Y="377" T="0" Pressure="0"/>
        <Point X="442" Y="372" T="0" Pressure="0"/>
        <Point X="444" Y="370" T="0" Pressure="0"/>
        <Point X="447" Y="367" T="0" Pressure="0"/>
        <Point X="448" Y="365" T="0" Pressure="0"/>
        <Point X="450" Y="363" T="0" Pressure="0"/>
        <Point X="451" Y="362" T="0" Pressure="0"/>
        <Point X="451" Y="361" T="0" Pressure="0"/>
    </Stroke>
</Gesture>
