<?xml version="1.0" ?>
<Gesture Name="X~05" Subject="2" Number="5" NumPts="65" InputType="stylus" Speed="MEDIUM">
    <Stroke index="1">
        <Point X="355" Y="284" T="0" Pressure="0"/>
        <Point X="356" Y="286" T="0" Pressure="0"/>
        <Point X="357" Y="287" T="0" Pressure="0"/>
        <Point X="360" Y="289" T="0" Pressure="0"/>
        <Point X="362" Y="290" T="0" Pressure="0"/>
        <Point X="365" Y="293" T="0" Pressure="0"/>
        <Point X="368" Y="296" T="0" Pressure="0"/>
        <Point X="372" Y="299" T="0" Pressure="0"/>
        <Point X="375" Y="303" T="0" Pressure="0"/>
        <Point X="379" Y="306" T="0" Pressure="0"/>
        <Point X="383" Y="310" T="0" Pressure="0"/>
        <Point X="388" Y="313" T="0" Pressure="0"/>
        <Point X="393" Y="316" T="0" Pressure="0"/>
        <Point X="397" Y="319" T="0" Pressure="0"/>
        <Point X="401" Y="322" T="0" Pressure="0"/>
        <Point X="405" Y="326" T="0" Pressure="0"/>
        <Point X="412" Y="332" T="0" Pressure="0"/>
        <Point X="416" Y="335" T="0" Pressure="0"/>
        <Point X="420" Y="338" T="0" Pressure="0"/>
        <Point X="423" Y="340" T="0" Pressure="0"/>
        <Point X="425" Y="343" T="0" Pressure="0"/>
        <Point X="428" Y="346" T="0" Pressure="0"/>
        <Point X="431" Y="348" T="0" Pressure="0"/>
        <Point X="434" Y="351" T="0" Pressure="0"/>
        <Point X="435" Y="353" T="0" Pressure="0"/>
        <Point X="438" Y="356" T="0" Pressure="0"/>
        <Point X="439" Y="358" T="0" Pressure="0"/>
        <Point X="441" Y="360" T="0" Pressure="0"/>
        <Point X="443" Y="361" T="0" Pressure="0"/>
        <Point X="444" Y="363" T="0" Pressure="0"/>
        <Point X="447" Y="367" T="0" Pressure="0"/>
        <Point X="448" Y="368" T="0" Pressure="0"/>
        <Point X="450" Y="369" T="0" Pressure="0"/>
    </Stroke>
    <Stroke index="2">
        <Point X="450" Y="284" T="0" Pressure="0"/>
        <Point X="448" Y="283" T="0" Pressure="0"/>
        <Point X="447" Y="283" T="0" Pressure="0"/>
        <Point X="446" Y="283" T="0" Pressure="0"/>
        <Point X="444" Y="284" T="0" Pressure="0"/>
        <Point X="443" Y="285" T="0" Pressure="0"/>
        <Point X="441" Y="289" T="0" Pressure="0"/>
        <Point X="439" Y="290" T="0" Pressure="0"/>
        <Point X="436" Y="296" T="0" Pressure="0"/>
        <Point X="434" Y="299" T="0" Pressure="0"/>
        <Point X="432" Y="303" T="0" Pressure="0"/>
        <Point X="422" Y="318" T="0" Pressure="0"/>
        <Point X="419" Y="323" T="0" Pressure="0"/>
        <Point X="415" Y="329" T="0" Pressure="0"/>
        <Point X="406" Y="341" T="0" Pressure="0"/>
        <Point X="402" Y="346" T="0" Pressure="0"/>
        <Point X="398" Y="353" T="0" Pressure="0"/>
        <Point X="395" Y="358" T="0" Pressure="0"/>
        <Point X="391" Y="362" T="0" Pressure="0"/>
        <Point X="389" Y="366" T="0" Pressure="0"/>
        <Point X="386" Y="369" T="0" Pressure="0"/>
        <Point X="382" Y="375" T="0" Pressure="0"/>
        <Point X="380" Y="377" T="0" Pressure="0"/>
        <Point X="379" Y="378" T="0" Pressure="0"/>
        <Point X="377" Y="381" T="0" Pressure="0"/>
        <Point X="376" Y="382" T="0" Pressure="0"/>
        <Point X="375" Y="383" T="0" Pressure="0"/>
        <Point X="374" Y="385" T="0" Pressure="0"/>
        <Point X="373" Y="386" T="0" Pressure="0"/>
        <Point X="372" Y="387" T="0" Pressure="0"/>
        <Point X="372" Y="388" T="0" Pressure="0"/>
        <Point X="371" Y="389" T="0" Pressure="0"/>
    </Stroke>
</Gesture>
