<?xml version="1.0" ?>
<Gesture Name="arrowhead~07" Subject="2" Number="7" NumPts="104" InputType="stylus" Speed="MEDIUM">
    <Stroke index="1">
        <Point X="301" Y="339" T="0" Pressure="0"/>
        <Point X="303" Y="339" T="0" Pressure="0"/>
        <Point X="304" Y="339" T="0" Pressure="0"/>
        <Point X="305" Y="338" T="0" Pressure="0"/>
        <Point X="307" Y="338" T="0" Pressure="0"/>
        <Point X="308" Y="338" T="0" Pressure="0"/>
        <Point X="310" Y="337" T="0" Pressure="0"/>
        <Point X="312" Y="337" T="0" Pressure="0"/>
        <Point X="315" Y="336" T="0" Pressure="0"/>
        <Point X="319" Y="336" T="0" Pressure="0"/>
        <Point X="323" Y="336" T="0" Pressure="0"/>
        <Point X="326" Y="335" T="0" Pressure="0"/>
        <Point X="343" Y="334" T="0" Pressure="0"/>
        <Point X="349" Y="334" T="0" Pressure="0"/>
        <Point X="354" Y="333" T="0" Pressure="0"/>
        <Point X="360" Y="333" T="0" Pressure="0"/>
        <Point X="365" Y="333" T="0" Pressure="0"/>
        <Point X="371" Y="333" T="0" Pressure="0"/>
        <Point X="377" Y="333" T="0" Pressure="0"/>
        <Point X="382" Y="333" T="0" Pressure="0"/>
        <Point X="387" Y="333" T="0" Pressure="0"/>
        <Point X="392" Y="332" T="0" Pressure="0"/>
        <Point X="397" Y="332" T="0" Pressure="0"/>
        <Point X="401" Y="332" T="0" Pressure="0"/>
        <Point X="406" Y="332" T="0" Pressure="0"/>
        <Point X="409" Y="332" T="0" Pressure="0"/>
        <Point X="413" Y="331" T="0" Pressure="0"/>
        <Point X="417" Y="331" T="0" Pressure="0"/>
        <Point X="420" Y="331" T="0" Pressure="0"/>
        <Point X="424" Y="331" T="0" Pressure="0"/>
        <Point X="427" Y="331" T="0" Pressure="0"/>
        <Point X="429" Y="331" T="0" Pressure="0"/>
        <Point X="432" Y="331" T="0" Pressure="0"/>
        <Point X="434" Y="331" T="0" Pressure="0"/>
        <Point X="435" Y="331" T="0" Pressure="0"/>
        <Point X="438" Y="331" T="0" Pressure="0"/>
        <Point X="439" Y="331" T="0" Pressure="0"/>
        <Point X="440" Y="331" T="0" Pressure="0"/>
        <Point X="442" Y="331" T="0" Pressure="0"/>
        <Point X="443" Y="331" T="0" Pressure="0"/>
        <Point X="444" Y="331" T="0" Pressure="0"/>
        <Point X="444" Y="330" T="0" Pressure="0"/>
        <Point X="445" Y="330" T="0" Pressure="0"/>
    </Stroke>
    <Stroke index="2">
        <Point X="413" Y="293" T="0" Pressure="0"/>
        <Point X="413" Y="292" T="0" Pressure="0"/>
        <Point X="412" Y="291" T="0" Pressure="0"/>
        <Point X="413" Y="291" T="0" Pressure="0"/>
        <Point X="414" Y="292" T="0" Pressure="0"/>
        <Point X="417" Y="294" T="0" Pressure="0"/>
        <Point X="419" Y="295" T="0" Pressure="0"/>
        <Point X="420" Y="296" T="0" Pressure="0"/>
        <Point X="421" Y="297" T="0" Pressure="0"/>
        <Point X="424" Y="298" T="0" Pressure="0"/>
        <Point X="426" Y="299" T="0" Pressure="0"/>
        <Point X="428" Y="301" T="0" Pressure="0"/>
        <Point X="431" Y="303" T="0" Pressure="0"/>
        <Point X="434" Y="304" T="0" Pressure="0"/>
        <Point X="436" Y="307" T="0" Pressure="0"/>
        <Point X="439" Y="309" T="0" Pressure="0"/>
        <Point X="442" Y="311" T="0" Pressure="0"/>
        <Point X="444" Y="312" T="0" Pressure="0"/>
        <Point X="447" Y="313" T="0" Pressure="0"/>
        <Point X="453" Y="317" T="0" Pressure="0"/>
        <Point X="455" Y="319" T="0" Pressure="0"/>
        <Point X="457" Y="320" T="0" Pressure="0"/>
        <Point X="458" Y="321" T="0" Pressure="0"/>
        <Point X="459" Y="322" T="0" Pressure="0"/>
        <Point X="460" Y="323" T="0" Pressure="0"/>
        <Point X="461" Y="324" T="0" Pressure="0"/>
        <Point X="462" Y="326" T="0" Pressure="0"/>
        <Point X="462" Y="327" T="0" Pressure="0"/>
        <Point X="462" Y="328" T="0" Pressure="0"/>
        <Point X="462" Y="330" T="0" Pressure="0"/>
        <Point X="462" Y="331" T="0" Pressure="0"/>
        <Point X="462" Y="333" T="0" Pressure="0"/>
        <Point X="462" Y="334" T="0" Pressure="0"/>
        <Point X="462" Y="335" T="0" Pressure="0"/>
        <Point X="461" Y="337" T="0" Pressure="0"/>
        <Point X="459" Y="338" T="0" Pressure="0"/>
        <Point X="458" Y="339" T="0" Pressure="0"/>
        <Point X="456" Y="341" T="0" Pressure="0"/>
        <Point X="454" Y="343" T="0" Pressure="0"/>
        <Point X="453" Y="346" T="0" Pressure="0"/>
        <Point X="450" Y="347" T="0" Pressure="0"/>
        <Point X="448" Y="349" T="0" Pressure="0"/>
        <Point X="446" Y="352" T="0" Pressure="0"/>
        <Point X="443" Y="354" T="0" Pressure="0"/>
        <Point X="440" Y="356" T="0" Pressure="0"/>
        <Point X="438" Y="358" T="0" Pressure="0"/>
        <Point X="435" Y="360" T="0" Pressure="0"/>
        <Point X="432" Y="362" T="0" Pressure="0"/>
        <Point X="429" Y="364" T="0" Pressure="0"/>
        <Point X="426" Y="366" T="0" Pressure="0"/>
        <Point X="424" Y="367" T="0" Pressure="0"/>
        <Point X="422" Y="369" T="0" Pressure="0"/>
        <Point X="420" Y="371" T="0" Pressure="0"/>
        <Point X="418" Y="372" T="0" Pressure="0"/>
        <Point X="416" Y="373" T="0" Pressure="0"/>
        <Point X="414" Y="375" T="0" Pressure="0"/>
        <Point X="413" Y="377" T="0" Pressure="0"/>
        <Point X="412" Y="377" T="0" Pressure="0"/>
        <Point X="410" Y="378" T="0" Pressure="0"/>
        <Point X="409" Y="380" T="0" Pressure="0"/>
        <Point X="408" Y="381" T="0" Pressure="0"/>
    </Stroke>
</Gesture>
