<?xml version="1.0" ?>
<Gesture Name="line~09" Subject="2" Number="9" NumPts="41" InputType="stylus" Speed="MEDIUM">
    <Stroke index="1">
        <Point X="296" Y="373" T="0" Pressure="0"/>
        <Point X="296" Y="372" T="0" Pressure="0"/>
        <Point X="296" Y="371" T="0" Pressure="0"/>
        <Point X="297" Y="371" T="0" Pressure="0"/>
        <Point X="299" Y="370" T="0" Pressure="0"/>
        <Point X="300" Y="369" T="0" Pressure="0"/>
        <Point X="302" Y="369" T="0" Pressure="0"/>
        <Point X="304" Y="369" T="0" Pressure="0"/>
        <Point X="308" Y="368" T="0" Pressure="0"/>
        <Point X="312" Y="368" T="0" Pressure="0"/>
        <Point X="317" Y="367" T="0" Pressure="0"/>
        <Point X="323" Y="367" T="0" Pressure="0"/>
        <Point X="330" Y="366" T="0" Pressure="0"/>
        <Point X="337" Y="365" T="0" Pressure="0"/>
        <Point X="344" Y="364" T="0" Pressure="0"/>
        <Point X="351" Y="364" T="0" Pressure="0"/>
        <Point X="359" Y="363" T="0" Pressure="0"/>
        <Point X="367" Y="363" T="0" Pressure="0"/>
        <Point X="374" Y="362" T="0" Pressure="0"/>
        <Point X="382" Y="361" T="0" Pressure="0"/>
        <Point X="390" Y="361" T="0" Pressure="0"/>
        <Point X="398" Y="360" T="0" Pressure="0"/>
        <Point X="406" Y="360" T="0" Pressure="0"/>
        <Point X="415" Y="359" T="0" Pressure="0"/>
        <Point X="423" Y="359" T="0" Pressure="0"/>
        <Point X="430" Y="358" T="0" Pressure="0"/>
        <Point X="438" Y="358" T="0" Pressure="0"/>
        <Point X="444" Y="358" T="0" Pressure="0"/>
        <Point X="451" Y="358" T="0" Pressure="0"/>
        <Point X="459" Y="358" T="0" Pressure="0"/>
        <Point X="465" Y="358" T="0" Pressure="0"/>
        <Point X="470" Y="358" T="0" Pressure="0"/>
        <Point X="476" Y="358" T="0" Pressure="0"/>
        <Point X="481" Y="358" T="0" Pressure="0"/>
        <Point X="486" Y="358" T="0" Pressure="0"/>
        <Point X="491" Y="358" T="0" Pressure="0"/>
        <Point X="495" Y="358" T="0" Pressure="0"/>
        <Point X="499" Y="358" T="0" Pressure="0"/>
        <Point X="504" Y="359" T="0" Pressure="0"/>
        <Point X="507" Y="359" T="0" Pressure="0"/>
        <Point X="509" Y="359" T="0" Pressure="0"/>
    </Stroke>
</Gesture>
