<?xml version="1.0" ?>
<Gesture Name="P~02" Subject="2" Number="2" NumPts="61" InputType="stylus" Speed="MEDIUM">
    <Stroke index="1">
        <Point X="398" Y="271" T="0" Pressure="0"/>
        <Point X="396" Y="268" T="0" Pressure="0"/>
        <Point X="396" Y="270" T="0" Pressure="0"/>
        <Point X="396" Y="271" T="0" Pressure="0"/>
        <Point X="396" Y="274" T="0" Pressure="0"/>
        <Point X="396" Y="277" T="0" Pressure="0"/>
        <Point X="396" Y="281" T="0" Pressure="0"/>
        <Point X="396" Y="286" T="0" Pressure="0"/>
        <Point X="396" Y="291" T="0" Pressure="0"/>
        <Point X="395" Y="296" T="0" Pressure="0"/>
        <Point X="394" Y="303" T="0" Pressure="0"/>
        <Point X="394" Y="310" T="0" Pressure="0"/>
        <Point X="393" Y="317" T="0" Pressure="0"/>
        <Point X="393" Y="324" T="0" Pressure="0"/>
        <Point X="391" Y="332" T="0" Pressure="0"/>
        <Point X="391" Y="338" T="0" Pressure="0"/>
        <Point X="390" Y="344" T="0" Pressure="0"/>
        <Point X="390" Y="355" T="0" Pressure="0"/>
        <Point X="390" Y="360" T="0" Pressure="0"/>
        <Point X="390" Y="364" T="0" Pressure="0"/>
    </Stroke>
    <Stroke index="2">
        <Point X="386" Y="251" T="0" Pressure="0"/>
        <Point X="386" Y="248" T="0" Pressure="0"/>
        <Point X="387" Y="242" T="0" Pressure="0"/>
        <Point X="389" Y="239" T="0" Pressure="0"/>
        <Point X="390" Y="238" T="0" Pressure="0"/>
        <Point X="393" Y="236" T="0" Pressure="0"/>
        <Point X="395" Y="234" T="0" Pressure="0"/>
        <Point X="398" Y="233" T="0" Pressure="0"/>
        <Point X="401" Y="232" T="0" Pressure="0"/>
        <Point X="404" Y="231" T="0" Pressure="0"/>
        <Point X="408" Y="230" T="0" Pressure="0"/>
        <Point X="411" Y="229" T="0" Pressure="0"/>
        <Point X="414" Y="229" T="0" Pressure="0"/>
        <Point X="417" Y="229" T="0" Pressure="0"/>
        <Point X="421" Y="229" T="0" Pressure="0"/>
        <Point X="424" Y="229" T="0" Pressure="0"/>
        <Point X="427" Y="230" T="0" Pressure="0"/>
        <Point X="431" Y="232" T="0" Pressure="0"/>
        <Point X="432" Y="233" T="0" Pressure="0"/>
        <Point X="435" Y="235" T="0" Pressure="0"/>
        <Point X="436" Y="238" T="0" Pressure="0"/>
        <Point X="438" Y="240" T="0" Pressure="0"/>
        <Point X="439" Y="246" T="0" Pressure="0"/>
        <Point X="440" Y="253" T="0" Pressure="0"/>
        <Point X="439" Y="259" T="0" Pressure="0"/>
        <Point X="439" Y="262" T="0" Pressure="0"/>
        <Point X="437" Y="265" T="0" Pressure="0"/>
        <Point X="434" Y="270" T="0" Pressure="0"/>
        <Point X="431" Y="272" T="0" Pressure="0"/>
        <Point X="428" Y="274" T="0" Pressure="0"/>
        <Point X="426" Y="276" T="0" Pressure="0"/>
        <Point X="420" Y="279" T="0" Pressure="0"/>
        <Point X="417" Y="280" T="0" Pressure="0"/>
        <Point X="413" Y="282" T="0" Pressure="0"/>
        <Point X="410" Y="282" T="0" Pressure="0"/>
        <Point X="407" Y="283" T="0" Pressure="0"/>
        <Point X="403" Y="283" T="0" Pressure="0"/>
        <Point X="400" Y="283" T="0" Pressure="0"/>
        <Point X="398" Y="283" T="0" Pressure="0"/>
        <Point X="397" Y="283" T="0" Pressure="0"/>
        <Point X="397" Y="284" T="0" Pressure="0"/>
    </Stroke>
</Gesture>
