<?xml version="1.0" ?>
<Gesture Name="asterisk~04" Subject="2" Number="4" NumPts="131" InputType="stylus" Speed="MEDIUM">
    <Stroke index="1">
        <Point X="401" Y="171" T="0" Pressure="0"/>
        <Point X="399" Y="171" T="0" Pressure="0"/>
        <Point X="398" Y="172" T="0" Pressure="0"/>
        <Point X="398" Y="173" T="0" Pressure="0"/>
        <Point X="398" Y="174" T="0" Pressure="0"/>
        <Point X="398" Y="177" T="0" Pressure="0"/>
        <Point X="398" Y="180" T="0" Pressure="0"/>
        <Point X="398" Y="183" T="0" Pressure="0"/>
        <Point X="398" Y="188" T="0" Pressure="0"/>
        <Point X="398" Y="192" T="0" Pressure="0"/>
        <Point X="398" Y="197" T="0" Pressure="0"/>
        <Point X="398" Y="203" T="0" Pressure="0"/>
        <Point X="398" Y="209" T="0" Pressure="0"/>
        <Point X="398" Y="215" T="0" Pressure="0"/>
        <Point X="399" Y="223" T="0" Pressure="0"/>
        <Point X="399" Y="230" T="0" Pressure="0"/>
        <Point X="400" Y="238" T="0" Pressure="0"/>
        <Point X="400" Y="246" T="0" Pressure="0"/>
        <Point X="401" Y="255" T="0" Pressure="0"/>
        <Point X="401" Y="264" T="0" Pressure="0"/>
        <Point X="402" Y="274" T="0" Pressure="0"/>
        <Point X="402" Y="283" T="0" Pressure="0"/>
        <Point X="402" Y="291" T="0" Pressure="0"/>
        <Point X="402" Y="299" T="0" Pressure="0"/>
        <Point X="402" Y="308" T="0" Pressure="0"/>
        <Point X="402" Y="315" T="0" Pressure="0"/>
        <Point X="403" Y="322" T="0" Pressure="0"/>
        <Point X="403" Y="328" T="0" Pressure="0"/>
        <Point X="403" Y="333" T="0" Pressure="0"/>
        <Point X="404" Y="337" T="0" Pressure="0"/>
        <Point X="404" Y="340" T="0" Pressure="0"/>
        <Point X="405" Y="347" T="0" Pressure="0"/>
        <Point X="405" Y="348" T="0" Pressure="0"/>
        <Point X="405" Y="350" T="0" Pressure="0"/>
        <Point X="405" Y="351" T="0" Pressure="0"/>
        <Point X="405" Y="352" T="0" Pressure="0"/>
        <Point X="404" Y="352" T="0" Pressure="0"/>
        <Point X="402" Y="352" T="0" Pressure="0"/>
    </Stroke>
    <Stroke index="2">
        <Point X="329" Y="206" T="0" Pressure="0"/>
        <Point X="328" Y="206" T="0" Pressure="0"/>
        <Point X="328" Y="205" T="0" Pressure="0"/>
        <Point X="329" Y="204" T="0" Pressure="0"/>
        <Point X="330" Y="204" T="0" Pressure="0"/>
        <Point X="331" Y="204" T="0" Pressure="0"/>
        <Point X="334" Y="203" T="0" Pressure="0"/>
        <Point X="337" Y="203" T="0" Pressure="0"/>
        <Point X="340" Y="204" T="0" Pressure="0"/>
        <Point X="343" Y="205" T="0" Pressure="0"/>
        <Point X="347" Y="206" T="0" Pressure="0"/>
        <Point X="352" Y="208" T="0" Pressure="0"/>
        <Point X="356" Y="210" T="0" Pressure="0"/>
        <Point X="362" Y="213" T="0" Pressure="0"/>
        <Point X="367" Y="216" T="0" Pressure="0"/>
        <Point X="373" Y="220" T="0" Pressure="0"/>
        <Point X="379" Y="224" T="0" Pressure="0"/>
        <Point X="385" Y="228" T="0" Pressure="0"/>
        <Point X="390" Y="233" T="0" Pressure="0"/>
        <Point X="395" Y="238" T="0" Pressure="0"/>
        <Point X="401" Y="243" T="0" Pressure="0"/>
        <Point X="407" Y="249" T="0" Pressure="0"/>
        <Point X="413" Y="254" T="0" Pressure="0"/>
        <Point X="419" Y="261" T="0" Pressure="0"/>
        <Point X="424" Y="265" T="0" Pressure="0"/>
        <Point X="430" Y="269" T="0" Pressure="0"/>
        <Point X="435" Y="273" T="0" Pressure="0"/>
        <Point X="440" Y="278" T="0" Pressure="0"/>
        <Point X="446" Y="282" T="0" Pressure="0"/>
        <Point X="450" Y="286" T="0" Pressure="0"/>
        <Point X="454" Y="289" T="0" Pressure="0"/>
        <Point X="458" Y="291" T="0" Pressure="0"/>
        <Point X="462" Y="293" T="0" Pressure="0"/>
        <Point X="465" Y="296" T="0" Pressure="0"/>
        <Point X="469" Y="297" T="0" Pressure="0"/>
        <Point X="472" Y="299" T="0" Pressure="0"/>
        <Point X="474" Y="301" T="0" Pressure="0"/>
        <Point X="477" Y="302" T="0" Pressure="0"/>
        <Point X="479" Y="303" T="0" Pressure="0"/>
        <Point X="481" Y="304" T="0" Pressure="0"/>
        <Point X="483" Y="305" T="0" Pressure="0"/>
        <Point X="487" Y="306" T="0" Pressure="0"/>
        <Point X="488" Y="306" T="0" Pressure="0"/>
        <Point X="489" Y="306" T="0" Pressure="0"/>
        <Point X="490" Y="306" T="0" Pressure="0"/>
        <Point X="491" Y="306" T="0" Pressure="0"/>
    </Stroke>
    <Stroke index="3">
        <Point X="463" Y="194" T="0" Pressure="0"/>
        <Point X="461" Y="192" T="0" Pressure="0"/>
        <Point X="459" Y="192" T="0" Pressure="0"/>
        <Point X="458" Y="192" T="0" Pressure="0"/>
        <Point X="457" Y="192" T="0" Pressure="0"/>
        <Point X="455" Y="193" T="0" Pressure="0"/>
        <Point X="454" Y="194" T="0" Pressure="0"/>
        <Point X="452" Y="196" T="0" Pressure="0"/>
        <Point X="447" Y="201" T="0" Pressure="0"/>
        <Point X="444" Y="203" T="0" Pressure="0"/>
        <Point X="440" Y="208" T="0" Pressure="0"/>
        <Point X="437" Y="212" T="0" Pressure="0"/>
        <Point X="432" Y="216" T="0" Pressure="0"/>
        <Point X="428" Y="221" T="0" Pressure="0"/>
        <Point X="423" Y="227" T="0" Pressure="0"/>
        <Point X="418" Y="233" T="0" Pressure="0"/>
        <Point X="413" Y="239" T="0" Pressure="0"/>
        <Point X="408" Y="245" T="0" Pressure="0"/>
        <Point X="403" Y="252" T="0" Pressure="0"/>
        <Point X="397" Y="259" T="0" Pressure="0"/>
        <Point X="392" Y="265" T="0" Pressure="0"/>
        <Point X="387" Y="271" T="0" Pressure="0"/>
        <Point X="382" Y="278" T="0" Pressure="0"/>
        <Point X="378" Y="284" T="0" Pressure="0"/>
        <Point X="373" Y="289" T="0" Pressure="0"/>
        <Point X="368" Y="294" T="0" Pressure="0"/>
        <Point X="365" Y="298" T="0" Pressure="0"/>
        <Point X="363" Y="302" T="0" Pressure="0"/>
        <Point X="360" Y="306" T="0" Pressure="0"/>
        <Point X="357" Y="309" T="0" Pressure="0"/>
        <Point X="355" Y="312" T="0" Pressure="0"/>
        <Point X="353" Y="314" T="0" Pressure="0"/>
        <Point X="351" Y="315" T="0" Pressure="0"/>
        <Point X="349" Y="317" T="0" Pressure="0"/>
        <Point X="348" Y="318" T="0" Pressure="0"/>
        <Point X="346" Y="319" T="0" Pressure="0"/>
        <Point X="345" Y="321" T="0" Pressure="0"/>
        <Point X="344" Y="322" T="0" Pressure="0"/>
        <Point X="343" Y="323" T="0" Pressure="0"/>
        <Point X="342" Y="323" T="0" Pressure="0"/>
        <Point X="342" Y="324" T="0" Pressure="0"/>
        <Point X="342" Y="325" T="0" Pressure="0"/>
        <Point X="342" Y="326" T="0" Pressure="0"/>
        <Point X="342" Y="327" T="0" Pressure="0"/>
        <Point X="342" Y="328" T="0" Pressure="0"/>
        <Point X="343" Y="329" T="0" Pressure="0"/>
        <Point X="344" Y="329" T="0" Pressure="0"/>
    </Stroke>
</Gesture>
