<?xml version="1.0" ?>
<Gesture Name="X~10" Subject="2" Number="10" NumPts="70" InputType="stylus" Speed="MEDIUM">
    <Stroke index="1">
        <Point X="353" Y="309" T="0" Pressure="0"/>
        <Point X="352" Y="307" T="0" Pressure="0"/>
        <Point X="352" Y="306" T="0" Pressure="0"/>
        <Point X="353" Y="306" T="0" Pressure="0"/>
        <Point X="355" Y="306" T="0" Pressure="0"/>
        <Point X="356" Y="306" T="0" Pressure="0"/>
        <Point X="357" Y="307" T="0" Pressure="0"/>
        <Point X="361" Y="309" T="0" Pressure="0"/>
        <Point X="364" Y="311" T="0" Pressure="0"/>
        <Point X="367" Y="313" T="0" Pressure="0"/>
        <Point X="373" Y="318" T="0" Pressure="0"/>
        <Point X="376" Y="322" T="0" Pressure="0"/>
        <Point X="380" Y="327" T="0" Pressure="0"/>
        <Point X="389" Y="337" T="0" Pressure="0"/>
        <Point X="397" Y="347" T="0" Pressure="0"/>
        <Point X="402" Y="352" T="0" Pressure="0"/>
        <Point X="406" Y="356" T="0" Pressure="0"/>
        <Point X="411" Y="361" T="0" Pressure="0"/>
        <Point X="423" Y="371" T="0" Pressure="0"/>
        <Point X="426" Y="374" T="0" Pressure="0"/>
        <Point X="429" Y="377" T="0" Pressure="0"/>
        <Point X="432" Y="378" T="0" Pressure="0"/>
        <Point X="437" Y="382" T="0" Pressure="0"/>
        <Point X="439" Y="383" T="0" Pressure="0"/>
        <Point X="442" Y="384" T="0" Pressure="0"/>
        <Point X="443" Y="385" T="0" Pressure="0"/>
        <Point X="445" Y="386" T="0" Pressure="0"/>
        <Point X="446" Y="387" T="0" Pressure="0"/>
        <Point X="447" Y="387" T="0" Pressure="0"/>
    </Stroke>
    <Stroke index="2">
        <Point X="437" Y="299" T="0" Pressure="0"/>
        <Point X="435" Y="299" T="0" Pressure="0"/>
        <Point X="434" Y="299" T="0" Pressure="0"/>
        <Point X="432" Y="299" T="0" Pressure="0"/>
        <Point X="430" Y="299" T="0" Pressure="0"/>
        <Point X="428" Y="300" T="0" Pressure="0"/>
        <Point X="426" Y="301" T="0" Pressure="0"/>
        <Point X="424" Y="303" T="0" Pressure="0"/>
        <Point X="421" Y="304" T="0" Pressure="0"/>
        <Point X="419" Y="307" T="0" Pressure="0"/>
        <Point X="415" Y="310" T="0" Pressure="0"/>
        <Point X="412" Y="313" T="0" Pressure="0"/>
        <Point X="408" Y="317" T="0" Pressure="0"/>
        <Point X="404" Y="321" T="0" Pressure="0"/>
        <Point X="401" Y="325" T="0" Pressure="0"/>
        <Point X="397" Y="329" T="0" Pressure="0"/>
        <Point X="393" Y="334" T="0" Pressure="0"/>
        <Point X="389" Y="338" T="0" Pressure="0"/>
        <Point X="386" Y="342" T="0" Pressure="0"/>
        <Point X="382" Y="346" T="0" Pressure="0"/>
        <Point X="379" Y="351" T="0" Pressure="0"/>
        <Point X="376" Y="355" T="0" Pressure="0"/>
        <Point X="373" Y="359" T="0" Pressure="0"/>
        <Point X="371" Y="363" T="0" Pressure="0"/>
        <Point X="368" Y="366" T="0" Pressure="0"/>
        <Point X="367" Y="370" T="0" Pressure="0"/>
        <Point X="365" Y="372" T="0" Pressure="0"/>
        <Point X="364" Y="375" T="0" Pressure="0"/>
        <Point X="363" Y="377" T="0" Pressure="0"/>
        <Point X="362" Y="379" T="0" Pressure="0"/>
        <Point X="361" Y="381" T="0" Pressure="0"/>
        <Point X="361" Y="382" T="0" Pressure="0"/>
        <Point X="360" Y="383" T="0" Pressure="0"/>
        <Point X="360" Y="384" T="0" Pressure="0"/>
        <Point X="360" Y="385" T="0" Pressure="0"/>
        <Point X="360" Y="386" T="0" Pressure="0"/>
        <Point X="360" Y="387" T="0" Pressure="0"/>
        <Point X="361" Y="388" T="0" Pressure="0"/>
        <Point X="361" Y="389" T="0" Pressure="0"/>
        <Point X="362" Y="390" T="0" Pressure="0"/>
        <Point X="363" Y="390" T="0" Pressure="0"/>
    </Stroke>
</Gesture>
