<?xml version="1.0" ?>
<Gesture Name="arrowhead~10" Subject="2" Number="10" NumPts="115" InputType="stylus" Speed="MEDIUM">
    <Stroke index="1">
        <Point X="318" Y="368" T="0" Pressure="0"/>
        <Point X="318" Y="367" T="0" Pressure="0"/>
        <Point X="319" Y="366" T="0" Pressure="0"/>
        <Point X="319" Y="365" T="0" Pressure="0"/>
        <Point X="320" Y="365" T="0" Pressure="0"/>
        <Point X="322" Y="364" T="0" Pressure="0"/>
        <Point X="323" Y="364" T="0" Pressure="0"/>
        <Point X="326" Y="363" T="0" Pressure="0"/>
        <Point X="328" Y="363" T="0" Pressure="0"/>
        <Point X="331" Y="363" T="0" Pressure="0"/>
        <Point X="334" Y="362" T="0" Pressure="0"/>
        <Point X="338" Y="362" T="0" Pressure="0"/>
        <Point X="342" Y="362" T="0" Pressure="0"/>
        <Point X="346" Y="361" T="0" Pressure="0"/>
        <Point X="350" Y="361" T="0" Pressure="0"/>
        <Point X="356" Y="360" T="0" Pressure="0"/>
        <Point X="361" Y="360" T="0" Pressure="0"/>
        <Point X="366" Y="360" T="0" Pressure="0"/>
        <Point X="371" Y="359" T="0" Pressure="0"/>
        <Point X="376" Y="359" T="0" Pressure="0"/>
        <Point X="382" Y="359" T="0" Pressure="0"/>
        <Point X="387" Y="359" T="0" Pressure="0"/>
        <Point X="394" Y="358" T="0" Pressure="0"/>
        <Point X="399" Y="358" T="0" Pressure="0"/>
        <Point X="416" Y="357" T="0" Pressure="0"/>
        <Point X="421" Y="356" T="0" Pressure="0"/>
        <Point X="428" Y="356" T="0" Pressure="0"/>
        <Point X="432" Y="355" T="0" Pressure="0"/>
        <Point X="437" Y="355" T="0" Pressure="0"/>
        <Point X="442" Y="355" T="0" Pressure="0"/>
        <Point X="447" Y="354" T="0" Pressure="0"/>
        <Point X="451" Y="353" T="0" Pressure="0"/>
        <Point X="455" Y="353" T="0" Pressure="0"/>
        <Point X="462" Y="353" T="0" Pressure="0"/>
        <Point X="466" Y="353" T="0" Pressure="0"/>
        <Point X="469" Y="353" T="0" Pressure="0"/>
        <Point X="474" Y="353" T="0" Pressure="0"/>
        <Point X="477" Y="353" T="0" Pressure="0"/>
        <Point X="478" Y="353" T="0" Pressure="0"/>
        <Point X="480" Y="353" T="0" Pressure="0"/>
        <Point X="481" Y="353" T="0" Pressure="0"/>
        <Point X="483" Y="353" T="0" Pressure="0"/>
        <Point X="484" Y="353" T="0" Pressure="0"/>
        <Point X="485" Y="354" T="0" Pressure="0"/>
        <Point X="486" Y="354" T="0" Pressure="0"/>
    </Stroke>
    <Stroke index="2">
        <Point X="431" Y="298" T="0" Pressure="0"/>
        <Point X="434" Y="298" T="0" Pressure="0"/>
        <Point X="435" Y="299" T="0" Pressure="0"/>
        <Point X="440" Y="303" T="0" Pressure="0"/>
        <Point X="443" Y="304" T="0" Pressure="0"/>
        <Point X="445" Y="306" T="0" Pressure="0"/>
        <Point X="447" Y="308" T="0" Pressure="0"/>
        <Point X="450" Y="310" T="0" Pressure="0"/>
        <Point X="452" Y="311" T="0" Pressure="0"/>
        <Point X="454" Y="313" T="0" Pressure="0"/>
        <Point X="457" Y="315" T="0" Pressure="0"/>
        <Point X="462" Y="319" T="0" Pressure="0"/>
        <Point X="468" Y="322" T="0" Pressure="0"/>
        <Point X="470" Y="324" T="0" Pressure="0"/>
        <Point X="473" Y="326" T="0" Pressure="0"/>
        <Point X="478" Y="330" T="0" Pressure="0"/>
        <Point X="480" Y="332" T="0" Pressure="0"/>
        <Point X="483" Y="334" T="0" Pressure="0"/>
        <Point X="485" Y="335" T="0" Pressure="0"/>
        <Point X="488" Y="337" T="0" Pressure="0"/>
        <Point X="492" Y="340" T="0" Pressure="0"/>
        <Point X="493" Y="342" T="0" Pressure="0"/>
        <Point X="495" Y="343" T="0" Pressure="0"/>
        <Point X="496" Y="345" T="0" Pressure="0"/>
        <Point X="498" Y="346" T="0" Pressure="0"/>
        <Point X="499" Y="348" T="0" Pressure="0"/>
        <Point X="499" Y="349" T="0" Pressure="0"/>
        <Point X="502" Y="352" T="0" Pressure="0"/>
        <Point X="502" Y="353" T="0" Pressure="0"/>
        <Point X="503" Y="355" T="0" Pressure="0"/>
        <Point X="503" Y="356" T="0" Pressure="0"/>
        <Point X="504" Y="357" T="0" Pressure="0"/>
        <Point X="504" Y="358" T="0" Pressure="0"/>
        <Point X="505" Y="359" T="0" Pressure="0"/>
        <Point X="505" Y="360" T="0" Pressure="0"/>
        <Point X="506" Y="361" T="0" Pressure="0"/>
        <Point X="506" Y="362" T="0" Pressure="0"/>
        <Point X="506" Y="363" T="0" Pressure="0"/>
        <Point X="506" Y="364" T="0" Pressure="0"/>
        <Point X="506" Y="365" T="0" Pressure="0"/>
        <Point X="505" Y="366" T="0" Pressure="0"/>
        <Point X="504" Y="367" T="0" Pressure="0"/>
        <Point X="503" Y="368" T="0" Pressure="0"/>
        <Point X="502" Y="369" T="0" Pressure="0"/>
        <Point X="501" Y="371" T="0" Pressure="0"/>
        <Point X="499" Y="372" T="0" Pressure="0"/>
        <Point X="498" Y="373" T="0" Pressure="0"/>
        <Point X="496" Y="374" T="0" Pressure="0"/>
        <Point X="494" Y="376" T="0" Pressure="0"/>
        <Point X="492" Y="377" T="0" Pressure="0"/>
        <Point X="489" Y="377" T="0" Pressure="0"/>
        <Point X="488" Y="379" T="0" Pressure="0"/>
        <Point X="485" Y="381" T="0" Pressure="0"/>
        <Point X="483" Y="382" T="0" Pressure="0"/>
        <Point X="480" Y="383" T="0" Pressure="0"/>
        <Point X="476" Y="385" T="0" Pressure="0"/>
        <Point X="473" Y="387" T="0" Pressure="0"/>
        <Point X="470" Y="388" T="0" Pressure="0"/>
        <Point X="468" Y="389" T="0" Pressure="0"/>
        <Point X="465" Y="391" T="0" Pressure="0"/>
        <Point X="462" Y="393" T="0" Pressure="0"/>
        <Point X="459" Y="396" T="0" Pressure="0"/>
        <Point X="457" Y="398" T="0" Pressure="0"/>
        <Point X="454" Y="400" T="0" Pressure="0"/>
        <Point X="453" Y="402" T="0" Pressure="0"/>
        <Point X="450" Y="405" T="0" Pressure="0"/>
        <Point X="448" Y="408" T="0" Pressure="0"/>
        <Point X="447" Y="410" T="0" Pressure="0"/>
        <Point X="446" Y="412" T="0" Pressure="0"/>
        <Point X="445" Y="414" T="0" Pressure="0"/>
    </Stroke>
</Gesture>
