<?xml version="1.0" ?>
<Gesture Name="P~06" Subject="2" Number="6" NumPts="73" InputType="stylus" Speed="MEDIUM">
    <Stroke index="1">
        <Point X="389" Y="247" T="0" Pressure="0"/>
        <Point X="388" Y="246" T="0" Pressure="0"/>
        <Point X="388" Y="247" T="0" Pressure="0"/>
        <Point X="388" Y="249" T="0" Pressure="0"/>
        <Point X="388" Y="251" T="0" Pressure="0"/>
        <Point X="388" Y="253" T="0" Pressure="0"/>
        <Point X="388" Y="256" T="0" Pressure="0"/>
        <Point X="388" Y="259" T="0" Pressure="0"/>
        <Point X="388" Y="264" T="0" Pressure="0"/>
        <Point X="388" Y="268" T="0" Pressure="0"/>
        <Point X="388" Y="273" T="0" Pressure="0"/>
        <Point X="387" Y="279" T="0" Pressure="0"/>
        <Point X="387" Y="286" T="0" Pressure="0"/>
        <Point X="386" Y="292" T="0" Pressure="0"/>
        <Point X="386" Y="298" T="0" Pressure="0"/>
        <Point X="385" Y="304" T="0" Pressure="0"/>
        <Point X="384" Y="311" T="0" Pressure="0"/>
        <Point X="383" Y="317" T="0" Pressure="0"/>
        <Point X="383" Y="323" T="0" Pressure="0"/>
        <Point X="382" Y="330" T="0" Pressure="0"/>
        <Point X="382" Y="335" T="0" Pressure="0"/>
        <Point X="382" Y="339" T="0" Pressure="0"/>
        <Point X="382" Y="343" T="0" Pressure="0"/>
        <Point X="382" Y="347" T="0" Pressure="0"/>
        <Point X="382" Y="351" T="0" Pressure="0"/>
        <Point X="382" Y="353" T="0" Pressure="0"/>
        <Point X="382" Y="356" T="0" Pressure="0"/>
        <Point X="381" Y="358" T="0" Pressure="0"/>
        <Point X="381" Y="360" T="0" Pressure="0"/>
        <Point X="381" Y="362" T="0" Pressure="0"/>
        <Point X="381" Y="363" T="0" Pressure="0"/>
    </Stroke>
    <Stroke index="2">
        <Point X="380" Y="243" T="0" Pressure="0"/>
        <Point X="380" Y="240" T="0" Pressure="0"/>
        <Point X="382" Y="236" T="0" Pressure="0"/>
        <Point X="391" Y="229" T="0" Pressure="0"/>
        <Point X="394" Y="229" T="0" Pressure="0"/>
        <Point X="399" Y="228" T="0" Pressure="0"/>
        <Point X="403" Y="228" T="0" Pressure="0"/>
        <Point X="406" Y="228" T="0" Pressure="0"/>
        <Point X="410" Y="228" T="0" Pressure="0"/>
        <Point X="413" Y="228" T="0" Pressure="0"/>
        <Point X="416" Y="229" T="0" Pressure="0"/>
        <Point X="420" Y="231" T="0" Pressure="0"/>
        <Point X="423" Y="232" T="0" Pressure="0"/>
        <Point X="426" Y="234" T="0" Pressure="0"/>
        <Point X="429" Y="236" T="0" Pressure="0"/>
        <Point X="432" Y="238" T="0" Pressure="0"/>
        <Point X="434" Y="243" T="0" Pressure="0"/>
        <Point X="435" Y="249" T="0" Pressure="0"/>
        <Point X="436" Y="255" T="0" Pressure="0"/>
        <Point X="435" Y="261" T="0" Pressure="0"/>
        <Point X="434" Y="264" T="0" Pressure="0"/>
        <Point X="432" Y="266" T="0" Pressure="0"/>
        <Point X="431" Y="269" T="0" Pressure="0"/>
        <Point X="428" Y="271" T="0" Pressure="0"/>
        <Point X="426" Y="274" T="0" Pressure="0"/>
        <Point X="424" Y="277" T="0" Pressure="0"/>
        <Point X="420" Y="279" T="0" Pressure="0"/>
        <Point X="417" Y="281" T="0" Pressure="0"/>
        <Point X="414" Y="283" T="0" Pressure="0"/>
        <Point X="411" Y="284" T="0" Pressure="0"/>
        <Point X="408" Y="286" T="0" Pressure="0"/>
        <Point X="405" Y="288" T="0" Pressure="0"/>
        <Point X="402" Y="289" T="0" Pressure="0"/>
        <Point X="398" Y="290" T="0" Pressure="0"/>
        <Point X="395" Y="291" T="0" Pressure="0"/>
        <Point X="393" Y="291" T="0" Pressure="0"/>
        <Point X="391" Y="291" T="0" Pressure="0"/>
        <Point X="390" Y="291" T="0" Pressure="0"/>
        <Point X="389" Y="291" T="0" Pressure="0"/>
        <Point X="387" Y="291" T="0" Pressure="0"/>
        <Point X="386" Y="292" T="0" Pressure="0"/>
        <Point X="385" Y="292" T="0" Pressure="0"/>
    </Stroke>
</Gesture>
