<?xml version="1.0" ?>
<Gesture Name="six_point_star~03" Subject="2" Number="3" NumPts="223" InputType="stylus" Speed="MEDIUM">
    <Stroke index="1">
        <Point X="327" Y="337" T="0" Pressure="0"/>
        <Point X="327" Y="336" T="0" Pressure="0"/>
        <Point X="327" Y="333" T="0" Pressure="0"/>
        <Point X="327" Y="331" T="0" Pressure="0"/>
        <Point X="327" Y="329" T="0" Pressure="0"/>
        <Point X="327" Y="327" T="0" Pressure="0"/>
        <Point X="327" Y="324" T="0" Pressure="0"/>
        <Point X="328" Y="322" T="0" Pressure="0"/>
        <Point X="329" Y="319" T="0" Pressure="0"/>
        <Point X="330" Y="316" T="0" Pressure="0"/>
        <Point X="330" Y="313" T="0" Pressure="0"/>
        <Point X="331" Y="309" T="0" Pressure="0"/>
        <Point X="333" Y="304" T="0" Pressure="0"/>
        <Point X="334" Y="300" T="0" Pressure="0"/>
        <Point X="336" Y="295" T="0" Pressure="0"/>
        <Point X="338" Y="289" T="0" Pressure="0"/>
        <Point X="340" Y="284" T="0" Pressure="0"/>
        <Point X="341" Y="277" T="0" Pressure="0"/>
        <Point X="345" Y="266" T="0" Pressure="0"/>
        <Point X="347" Y="259" T="0" Pressure="0"/>
        <Point X="349" Y="253" T="0" Pressure="0"/>
        <Point X="353" Y="240" T="0" Pressure="0"/>
        <Point X="355" Y="234" T="0" Pressure="0"/>
        <Point X="357" Y="229" T="0" Pressure="0"/>
        <Point X="361" Y="218" T="0" Pressure="0"/>
        <Point X="363" Y="214" T="0" Pressure="0"/>
        <Point X="365" Y="210" T="0" Pressure="0"/>
        <Point X="367" Y="208" T="0" Pressure="0"/>
        <Point X="369" Y="206" T="0" Pressure="0"/>
        <Point X="371" Y="203" T="0" Pressure="0"/>
        <Point X="372" Y="202" T="0" Pressure="0"/>
        <Point X="375" Y="201" T="0" Pressure="0"/>
        <Point X="376" Y="200" T="0" Pressure="0"/>
        <Point X="378" Y="199" T="0" Pressure="0"/>
        <Point X="379" Y="199" T="0" Pressure="0"/>
        <Point X="381" Y="199" T="0" Pressure="0"/>
        <Point X="383" Y="199" T="0" Pressure="0"/>
        <Point X="384" Y="199" T="0" Pressure="0"/>
        <Point X="386" Y="200" T="0" Pressure="0"/>
        <Point X="387" Y="201" T="0" Pressure="0"/>
        <Point X="390" Y="202" T="0" Pressure="0"/>
        <Point X="391" Y="203" T="0" Pressure="0"/>
        <Point X="394" Y="206" T="0" Pressure="0"/>
        <Point X="395" Y="208" T="0" Pressure="0"/>
        <Point X="398" Y="211" T="0" Pressure="0"/>
        <Point X="400" Y="214" T="0" Pressure="0"/>
        <Point X="402" Y="216" T="0" Pressure="0"/>
        <Point X="405" Y="219" T="0" Pressure="0"/>
        <Point X="407" Y="223" T="0" Pressure="0"/>
        <Point X="409" Y="228" T="0" Pressure="0"/>
        <Point X="412" Y="232" T="0" Pressure="0"/>
        <Point X="414" Y="236" T="0" Pressure="0"/>
        <Point X="417" Y="240" T="0" Pressure="0"/>
        <Point X="419" Y="246" T="0" Pressure="0"/>
        <Point X="421" Y="250" T="0" Pressure="0"/>
        <Point X="424" Y="256" T="0" Pressure="0"/>
        <Point X="430" Y="271" T="0" Pressure="0"/>
        <Point X="432" Y="276" T="0" Pressure="0"/>
        <Point X="433" Y="280" T="0" Pressure="0"/>
        <Point X="435" Y="284" T="0" Pressure="0"/>
        <Point X="436" Y="289" T="0" Pressure="0"/>
        <Point X="437" Y="292" T="0" Pressure="0"/>
        <Point X="439" Y="296" T="0" Pressure="0"/>
        <Point X="439" Y="298" T="0" Pressure="0"/>
        <Point X="440" Y="301" T="0" Pressure="0"/>
        <Point X="442" Y="303" T="0" Pressure="0"/>
        <Point X="443" Y="305" T="0" Pressure="0"/>
        <Point X="443" Y="307" T="0" Pressure="0"/>
        <Point X="443" Y="308" T="0" Pressure="0"/>
        <Point X="443" Y="309" T="0" Pressure="0"/>
        <Point X="443" Y="310" T="0" Pressure="0"/>
        <Point X="443" Y="312" T="0" Pressure="0"/>
        <Point X="442" Y="313" T="0" Pressure="0"/>
        <Point X="440" Y="313" T="0" Pressure="0"/>
        <Point X="439" Y="314" T="0" Pressure="0"/>
        <Point X="438" Y="314" T="0" Pressure="0"/>
        <Point X="436" Y="315" T="0" Pressure="0"/>
        <Point X="435" Y="316" T="0" Pressure="0"/>
        <Point X="432" Y="316" T="0" Pressure="0"/>
        <Point X="428" Y="318" T="0" Pressure="0"/>
        <Point X="425" Y="318" T="0" Pressure="0"/>
        <Point X="422" Y="319" T="0" Pressure="0"/>
        <Point X="419" Y="319" T="0" Pressure="0"/>
        <Point X="415" Y="320" T="0" Pressure="0"/>
        <Point X="411" Y="321" T="0" Pressure="0"/>
        <Point X="407" Y="321" T="0" Pressure="0"/>
        <Point X="402" Y="321" T="0" Pressure="0"/>
        <Point X="397" Y="322" T="0" Pressure="0"/>
        <Point X="392" Y="322" T="0" Pressure="0"/>
        <Point X="387" Y="322" T="0" Pressure="0"/>
        <Point X="382" Y="323" T="0" Pressure="0"/>
        <Point X="376" Y="323" T="0" Pressure="0"/>
        <Point X="371" Y="324" T="0" Pressure="0"/>
        <Point X="365" Y="325" T="0" Pressure="0"/>
        <Point X="356" Y="326" T="0" Pressure="0"/>
        <Point X="353" Y="327" T="0" Pressure="0"/>
        <Point X="349" Y="327" T="0" Pressure="0"/>
        <Point X="345" Y="327" T="0" Pressure="0"/>
        <Point X="342" Y="327" T="0" Pressure="0"/>
        <Point X="341" Y="327" T="0" Pressure="0"/>
        <Point X="338" Y="328" T="0" Pressure="0"/>
        <Point X="337" Y="328" T="0" Pressure="0"/>
        <Point X="335" Y="328" T="0" Pressure="0"/>
        <Point X="334" Y="329" T="0" Pressure="0"/>
        <Point X="333" Y="329" T="0" Pressure="0"/>
        <Point X="332" Y="329" T="0" Pressure="0"/>
        <Point X="331" Y="330" T="0" Pressure="0"/>
        <Point X="330" Y="331" T="0" Pressure="0"/>
        <Point X="329" Y="332" T="0" Pressure="0"/>
    </Stroke>
    <Stroke index="2">
        <Point X="316" Y="238" T="0" Pressure="0"/>
        <Point X="316" Y="237" T="0" Pressure="0"/>
        <Point X="315" Y="236" T="0" Pressure="0"/>
        <Point X="315" Y="235" T="0" Pressure="0"/>
        <Point X="315" Y="234" T="0" Pressure="0"/>
        <Point X="316" Y="234" T="0" Pressure="0"/>
        <Point X="317" Y="234" T="0" Pressure="0"/>
        <Point X="319" Y="234" T="0" Pressure="0"/>
        <Point X="320" Y="236" T="0" Pressure="0"/>
        <Point X="322" Y="238" T="0" Pressure="0"/>
        <Point X="324" Y="239" T="0" Pressure="0"/>
        <Point X="328" Y="246" T="0" Pressure="0"/>
        <Point X="331" Y="249" T="0" Pressure="0"/>
        <Point X="334" Y="253" T="0" Pressure="0"/>
        <Point X="336" Y="258" T="0" Pressure="0"/>
        <Point X="339" Y="264" T="0" Pressure="0"/>
        <Point X="342" Y="269" T="0" Pressure="0"/>
        <Point X="345" Y="277" T="0" Pressure="0"/>
        <Point X="349" Y="284" T="0" Pressure="0"/>
        <Point X="352" Y="291" T="0" Pressure="0"/>
        <Point X="354" Y="299" T="0" Pressure="0"/>
        <Point X="363" Y="323" T="0" Pressure="0"/>
        <Point X="367" Y="331" T="0" Pressure="0"/>
        <Point X="369" Y="337" T="0" Pressure="0"/>
        <Point X="375" Y="346" T="0" Pressure="0"/>
        <Point X="378" Y="351" T="0" Pressure="0"/>
        <Point X="380" Y="355" T="0" Pressure="0"/>
        <Point X="383" Y="359" T="0" Pressure="0"/>
        <Point X="385" Y="361" T="0" Pressure="0"/>
        <Point X="387" Y="364" T="0" Pressure="0"/>
        <Point X="389" Y="366" T="0" Pressure="0"/>
        <Point X="390" Y="368" T="0" Pressure="0"/>
        <Point X="391" Y="369" T="0" Pressure="0"/>
        <Point X="393" Y="371" T="0" Pressure="0"/>
        <Point X="394" Y="371" T="0" Pressure="0"/>
        <Point X="397" Y="372" T="0" Pressure="0"/>
        <Point X="398" Y="372" T="0" Pressure="0"/>
        <Point X="399" Y="372" T="0" Pressure="0"/>
        <Point X="400" Y="371" T="0" Pressure="0"/>
        <Point X="401" Y="370" T="0" Pressure="0"/>
        <Point X="402" Y="368" T="0" Pressure="0"/>
        <Point X="402" Y="366" T="0" Pressure="0"/>
        <Point X="404" Y="364" T="0" Pressure="0"/>
        <Point X="405" Y="362" T="0" Pressure="0"/>
        <Point X="406" Y="359" T="0" Pressure="0"/>
        <Point X="408" Y="352" T="0" Pressure="0"/>
        <Point X="409" Y="348" T="0" Pressure="0"/>
        <Point X="410" Y="344" T="0" Pressure="0"/>
        <Point X="412" Y="339" T="0" Pressure="0"/>
        <Point X="413" Y="335" T="0" Pressure="0"/>
        <Point X="413" Y="330" T="0" Pressure="0"/>
        <Point X="414" Y="324" T="0" Pressure="0"/>
        <Point X="416" Y="318" T="0" Pressure="0"/>
        <Point X="417" Y="312" T="0" Pressure="0"/>
        <Point X="419" Y="304" T="0" Pressure="0"/>
        <Point X="420" Y="298" T="0" Pressure="0"/>
        <Point X="423" Y="291" T="0" Pressure="0"/>
        <Point X="424" Y="285" T="0" Pressure="0"/>
        <Point X="426" Y="279" T="0" Pressure="0"/>
        <Point X="428" Y="273" T="0" Pressure="0"/>
        <Point X="431" Y="268" T="0" Pressure="0"/>
        <Point X="432" Y="264" T="0" Pressure="0"/>
        <Point X="434" Y="261" T="0" Pressure="0"/>
        <Point X="435" Y="257" T="0" Pressure="0"/>
        <Point X="437" Y="254" T="0" Pressure="0"/>
        <Point X="439" Y="252" T="0" Pressure="0"/>
        <Point X="440" Y="249" T="0" Pressure="0"/>
        <Point X="441" Y="247" T="0" Pressure="0"/>
        <Point X="443" Y="245" T="0" Pressure="0"/>
        <Point X="444" Y="244" T="0" Pressure="0"/>
        <Point X="446" Y="243" T="0" Pressure="0"/>
        <Point X="447" Y="242" T="0" Pressure="0"/>
        <Point X="448" Y="241" T="0" Pressure="0"/>
        <Point X="448" Y="240" T="0" Pressure="0"/>
        <Point X="450" Y="240" T="0" Pressure="0"/>
        <Point X="450" Y="239" T="0" Pressure="0"/>
        <Point X="449" Y="239" T="0" Pressure="0"/>
        <Point X="448" Y="239" T="0" Pressure="0"/>
        <Point X="447" Y="239" T="0" Pressure="0"/>
        <Point X="445" Y="239" T="0" Pressure="0"/>
        <Point X="443" Y="239" T="0" Pressure="0"/>
        <Point X="442" Y="239" T="0" Pressure="0"/>
        <Point X="440" Y="239" T="0" Pressure="0"/>
        <Point X="439" Y="239" T="0" Pressure="0"/>
        <Point X="436" Y="239" T="0" Pressure="0"/>
        <Point X="434" Y="239" T="0" Pressure="0"/>
        <Point X="431" Y="239" T="0" Pressure="0"/>
        <Point X="428" Y="238" T="0" Pressure="0"/>
        <Point X="424" Y="238" T="0" Pressure="0"/>
        <Point X="420" Y="238" T="0" Pressure="0"/>
        <Point X="416" Y="237" T="0" Pressure="0"/>
        <Point X="411" Y="236" T="0" Pressure="0"/>
        <Point X="406" Y="236" T="0" Pressure="0"/>
        <Point X="395" Y="234" T="0" Pressure="0"/>
        <Point X="390" Y="234" T="0" Pressure="0"/>
        <Point X="384" Y="234" T="0" Pressure="0"/>
        <Point X="377" Y="234" T="0" Pressure="0"/>
        <Point X="371" Y="233" T="0" Pressure="0"/>
        <Point X="365" Y="233" T="0" Pressure="0"/>
        <Point X="359" Y="233" T="0" Pressure="0"/>
        <Point X="346" Y="233" T="0" Pressure="0"/>
        <Point X="340" Y="234" T="0" Pressure="0"/>
        <Point X="335" Y="234" T="0" Pressure="0"/>
        <Point X="331" Y="234" T="0" Pressure="0"/>
        <Point X="326" Y="235" T="0" Pressure="0"/>
        <Point X="323" Y="236" T="0" Pressure="0"/>
        <Point X="320" Y="236" T="0" Pressure="0"/>
        <Point X="318" Y="236" T="0" Pressure="0"/>
        <Point X="316" Y="237" T="0" Pressure="0"/>
        <Point X="315" Y="237" T="0" Pressure="0"/>
        <Point X="314" Y="238" T="0" Pressure="0"/>
        <Point X="314" Y="239" T="0" Pressure="0"/>
        <Point X="314" Y="240" T="0" Pressure="0"/>
        <Point X="315" Y="241" T="0" Pressure="0"/>
    </Stroke>
</Gesture>
