<?xml version="1.0" ?>
<Gesture Name="D~01" Subject="2" Number="1" NumPts="93" InputType="stylus" Speed="MEDIUM">
    <Stroke index="1">
        <Point X="379" Y="278" T="0" Pressure="0"/>
        <Point X="379" Y="274" T="0" Pressure="0"/>
        <Point X="379" Y="273" T="0" Pressure="0"/>
        <Point X="379" Y="274" T="0" Pressure="0"/>
        <Point X="379" Y="275" T="0" Pressure="0"/>
        <Point X="379" Y="277" T="0" Pressure="0"/>
        <Point X="380" Y="278" T="0" Pressure="0"/>
        <Point X="380" Y="281" T="0" Pressure="0"/>
        <Point X="380" Y="283" T="0" Pressure="0"/>
        <Point X="381" Y="286" T="0" Pressure="0"/>
        <Point X="382" Y="289" T="0" Pressure="0"/>
        <Point X="382" Y="291" T="0" Pressure="0"/>
        <Point X="382" Y="294" T="0" Pressure="0"/>
        <Point X="382" Y="298" T="0" Pressure="0"/>
        <Point X="382" Y="303" T="0" Pressure="0"/>
        <Point X="382" Y="308" T="0" Pressure="0"/>
        <Point X="382" Y="313" T="0" Pressure="0"/>
        <Point X="382" Y="318" T="0" Pressure="0"/>
        <Point X="383" Y="323" T="0" Pressure="0"/>
        <Point X="383" Y="328" T="0" Pressure="0"/>
        <Point X="383" Y="333" T="0" Pressure="0"/>
        <Point X="383" Y="338" T="0" Pressure="0"/>
        <Point X="383" Y="340" T="0" Pressure="0"/>
        <Point X="384" Y="346" T="0" Pressure="0"/>
        <Point X="385" Y="349" T="0" Pressure="0"/>
        <Point X="385" Y="352" T="0" Pressure="0"/>
        <Point X="386" Y="354" T="0" Pressure="0"/>
        <Point X="386" Y="356" T="0" Pressure="0"/>
        <Point X="386" Y="357" T="0" Pressure="0"/>
        <Point X="386" Y="359" T="0" Pressure="0"/>
        <Point X="386" Y="360" T="0" Pressure="0"/>
        <Point X="386" Y="361" T="0" Pressure="0"/>
        <Point X="386" Y="362" T="0" Pressure="0"/>
        <Point X="386" Y="363" T="0" Pressure="0"/>
        <Point X="385" Y="363" T="0" Pressure="0"/>
        <Point X="384" Y="363" T="0" Pressure="0"/>
    </Stroke>
    <Stroke index="2">
        <Point X="365" Y="277" T="0" Pressure="0"/>
        <Point X="364" Y="274" T="0" Pressure="0"/>
        <Point X="364" Y="272" T="0" Pressure="0"/>
        <Point X="364" Y="271" T="0" Pressure="0"/>
        <Point X="364" Y="269" T="0" Pressure="0"/>
        <Point X="366" Y="267" T="0" Pressure="0"/>
        <Point X="367" Y="266" T="0" Pressure="0"/>
        <Point X="368" Y="265" T="0" Pressure="0"/>
        <Point X="369" Y="264" T="0" Pressure="0"/>
        <Point X="371" Y="264" T="0" Pressure="0"/>
        <Point X="376" Y="264" T="0" Pressure="0"/>
        <Point X="379" Y="264" T="0" Pressure="0"/>
        <Point X="382" Y="263" T="0" Pressure="0"/>
        <Point X="385" Y="263" T="0" Pressure="0"/>
        <Point X="389" Y="264" T="0" Pressure="0"/>
        <Point X="393" Y="264" T="0" Pressure="0"/>
        <Point X="397" Y="265" T="0" Pressure="0"/>
        <Point X="401" Y="266" T="0" Pressure="0"/>
        <Point X="409" Y="270" T="0" Pressure="0"/>
        <Point X="413" Y="272" T="0" Pressure="0"/>
        <Point X="417" Y="276" T="0" Pressure="0"/>
        <Point X="421" Y="279" T="0" Pressure="0"/>
        <Point X="424" Y="283" T="0" Pressure="0"/>
        <Point X="428" Y="288" T="0" Pressure="0"/>
        <Point X="431" Y="291" T="0" Pressure="0"/>
        <Point X="433" Y="296" T="0" Pressure="0"/>
        <Point X="435" Y="302" T="0" Pressure="0"/>
        <Point X="436" Y="308" T="0" Pressure="0"/>
        <Point X="436" Y="313" T="0" Pressure="0"/>
        <Point X="437" Y="319" T="0" Pressure="0"/>
        <Point X="437" Y="324" T="0" Pressure="0"/>
        <Point X="437" Y="329" T="0" Pressure="0"/>
        <Point X="436" Y="334" T="0" Pressure="0"/>
        <Point X="435" Y="338" T="0" Pressure="0"/>
        <Point X="434" Y="342" T="0" Pressure="0"/>
        <Point X="432" Y="347" T="0" Pressure="0"/>
        <Point X="430" Y="351" T="0" Pressure="0"/>
        <Point X="428" Y="353" T="0" Pressure="0"/>
        <Point X="427" Y="356" T="0" Pressure="0"/>
        <Point X="424" Y="359" T="0" Pressure="0"/>
        <Point X="422" Y="361" T="0" Pressure="0"/>
        <Point X="420" Y="362" T="0" Pressure="0"/>
        <Point X="417" Y="363" T="0" Pressure="0"/>
        <Point X="414" Y="364" T="0" Pressure="0"/>
        <Point X="412" Y="365" T="0" Pressure="0"/>
        <Point X="405" Y="367" T="0" Pressure="0"/>
        <Point X="402" Y="367" T="0" Pressure="0"/>
        <Point X="398" Y="368" T="0" Pressure="0"/>
        <Point X="394" Y="368" T="0" Pressure="0"/>
        <Point X="391" Y="368" T="0" Pressure="0"/>
        <Point X="387" Y="367" T="0" Pressure="0"/>
        <Point X="386" Y="367" T="0" Pressure="0"/>
        <Point X="384" Y="366" T="0" Pressure="0"/>
        <Point X="383" Y="366" T="0" Pressure="0"/>
        <Point X="382" Y="366" T="0" Pressure="0"/>
        <Point X="380" Y="365" T="0" Pressure="0"/>
        <Point X="379" Y="365" T="0" Pressure="0"/>
    </Stroke>
</Gesture>
