<?xml version="1.0" ?>
<Gesture Name="P~04" Subject="2" Number="4" NumPts="70" InputType="stylus" Speed="MEDIUM">
    <Stroke index="1">
        <Point X="387" Y="259" T="0" Pressure="0"/>
        <Point X="393" Y="284" T="0" Pressure="0"/>
        <Point X="394" Y="290" T="0" Pressure="0"/>
        <Point X="394" Y="296" T="0" Pressure="0"/>
        <Point X="394" Y="303" T="0" Pressure="0"/>
        <Point X="394" Y="310" T="0" Pressure="0"/>
        <Point X="393" Y="315" T="0" Pressure="0"/>
        <Point X="393" Y="321" T="0" Pressure="0"/>
        <Point X="392" Y="326" T="0" Pressure="0"/>
        <Point X="391" Y="331" T="0" Pressure="0"/>
        <Point X="390" Y="336" T="0" Pressure="0"/>
        <Point X="389" Y="345" T="0" Pressure="0"/>
        <Point X="389" Y="348" T="0" Pressure="0"/>
        <Point X="388" Y="352" T="0" Pressure="0"/>
        <Point X="387" Y="355" T="0" Pressure="0"/>
        <Point X="387" Y="358" T="0" Pressure="0"/>
        <Point X="387" Y="361" T="0" Pressure="0"/>
        <Point X="386" Y="363" T="0" Pressure="0"/>
        <Point X="386" Y="364" T="0" Pressure="0"/>
        <Point X="386" Y="365" T="0" Pressure="0"/>
        <Point X="386" Y="366" T="0" Pressure="0"/>
        <Point X="386" Y="367" T="0" Pressure="0"/>
        <Point X="386" Y="368" T="0" Pressure="0"/>
        <Point X="387" Y="369" T="0" Pressure="0"/>
    </Stroke>
    <Stroke index="2">
        <Point X="379" Y="258" T="0" Pressure="0"/>
        <Point X="379" Y="254" T="0" Pressure="0"/>
        <Point X="380" Y="253" T="0" Pressure="0"/>
        <Point X="381" Y="251" T="0" Pressure="0"/>
        <Point X="383" Y="250" T="0" Pressure="0"/>
        <Point X="384" Y="249" T="0" Pressure="0"/>
        <Point X="387" Y="248" T="0" Pressure="0"/>
        <Point X="390" Y="247" T="0" Pressure="0"/>
        <Point X="393" Y="246" T="0" Pressure="0"/>
        <Point X="397" Y="245" T="0" Pressure="0"/>
        <Point X="401" Y="244" T="0" Pressure="0"/>
        <Point X="405" Y="244" T="0" Pressure="0"/>
        <Point X="409" Y="243" T="0" Pressure="0"/>
        <Point X="413" Y="243" T="0" Pressure="0"/>
        <Point X="417" Y="243" T="0" Pressure="0"/>
        <Point X="421" Y="243" T="0" Pressure="0"/>
        <Point X="424" Y="243" T="0" Pressure="0"/>
        <Point X="428" Y="244" T="0" Pressure="0"/>
        <Point X="431" Y="246" T="0" Pressure="0"/>
        <Point X="434" Y="247" T="0" Pressure="0"/>
        <Point X="436" Y="249" T="0" Pressure="0"/>
        <Point X="439" Y="254" T="0" Pressure="0"/>
        <Point X="440" Y="257" T="0" Pressure="0"/>
        <Point X="442" Y="263" T="0" Pressure="0"/>
        <Point X="442" Y="265" T="0" Pressure="0"/>
        <Point X="442" Y="268" T="0" Pressure="0"/>
        <Point X="441" Y="271" T="0" Pressure="0"/>
        <Point X="440" Y="273" T="0" Pressure="0"/>
        <Point X="439" Y="276" T="0" Pressure="0"/>
        <Point X="437" Y="278" T="0" Pressure="0"/>
        <Point X="432" Y="284" T="0" Pressure="0"/>
        <Point X="431" Y="286" T="0" Pressure="0"/>
        <Point X="428" Y="288" T="0" Pressure="0"/>
        <Point X="425" Y="289" T="0" Pressure="0"/>
        <Point X="419" Y="293" T="0" Pressure="0"/>
        <Point X="416" Y="294" T="0" Pressure="0"/>
        <Point X="410" Y="297" T="0" Pressure="0"/>
        <Point X="405" Y="298" T="0" Pressure="0"/>
        <Point X="399" Y="300" T="0" Pressure="0"/>
        <Point X="398" Y="301" T="0" Pressure="0"/>
        <Point X="397" Y="301" T="0" Pressure="0"/>
        <Point X="395" Y="302" T="0" Pressure="0"/>
        <Point X="394" Y="303" T="0" Pressure="0"/>
        <Point X="393" Y="303" T="0" Pressure="0"/>
        <Point X="392" Y="303" T="0" Pressure="0"/>
        <Point X="391" Y="304" T="0" Pressure="0"/>
    </Stroke>
</Gesture>
