<?xml version="1.0" ?>
<Gesture Name="H~06" Subject="2" Number="6" NumPts="90" InputType="stylus" Speed="MEDIUM">
    <Stroke index="1">
        <Point X="339" Y="244" T="0" Pressure="0"/>
        <Point X="338" Y="245" T="0" Pressure="0"/>
        <Point X="338" Y="246" T="0" Pressure="0"/>
        <Point X="338" Y="248" T="0" Pressure="0"/>
        <Point X="338" Y="251" T="0" Pressure="0"/>
        <Point X="337" Y="255" T="0" Pressure="0"/>
        <Point X="337" Y="260" T="0" Pressure="0"/>
        <Point X="335" Y="266" T="0" Pressure="0"/>
        <Point X="335" Y="272" T="0" Pressure="0"/>
        <Point X="334" Y="279" T="0" Pressure="0"/>
        <Point X="333" Y="287" T="0" Pressure="0"/>
        <Point X="333" Y="294" T="0" Pressure="0"/>
        <Point X="330" Y="317" T="0" Pressure="0"/>
        <Point X="329" Y="323" T="0" Pressure="0"/>
        <Point X="329" Y="331" T="0" Pressure="0"/>
        <Point X="328" Y="338" T="0" Pressure="0"/>
        <Point X="328" Y="344" T="0" Pressure="0"/>
        <Point X="327" Y="351" T="0" Pressure="0"/>
        <Point X="327" Y="357" T="0" Pressure="0"/>
        <Point X="327" Y="362" T="0" Pressure="0"/>
        <Point X="327" Y="366" T="0" Pressure="0"/>
        <Point X="328" Y="369" T="0" Pressure="0"/>
        <Point X="329" Y="372" T="0" Pressure="0"/>
        <Point X="330" Y="377" T="0" Pressure="0"/>
        <Point X="330" Y="378" T="0" Pressure="0"/>
        <Point X="331" Y="379" T="0" Pressure="0"/>
        <Point X="332" Y="380" T="0" Pressure="0"/>
    </Stroke>
    <Stroke index="2">
        <Point X="330" Y="327" T="0" Pressure="0"/>
        <Point X="330" Y="326" T="0" Pressure="0"/>
        <Point X="330" Y="325" T="0" Pressure="0"/>
        <Point X="330" Y="324" T="0" Pressure="0"/>
        <Point X="331" Y="324" T="0" Pressure="0"/>
        <Point X="332" Y="324" T="0" Pressure="0"/>
        <Point X="334" Y="323" T="0" Pressure="0"/>
        <Point X="335" Y="323" T="0" Pressure="0"/>
        <Point X="337" Y="323" T="0" Pressure="0"/>
        <Point X="340" Y="323" T="0" Pressure="0"/>
        <Point X="342" Y="323" T="0" Pressure="0"/>
        <Point X="346" Y="322" T="0" Pressure="0"/>
        <Point X="350" Y="322" T="0" Pressure="0"/>
        <Point X="355" Y="321" T="0" Pressure="0"/>
        <Point X="359" Y="321" T="0" Pressure="0"/>
        <Point X="364" Y="321" T="0" Pressure="0"/>
        <Point X="368" Y="320" T="0" Pressure="0"/>
        <Point X="372" Y="319" T="0" Pressure="0"/>
        <Point X="378" Y="319" T="0" Pressure="0"/>
        <Point X="382" Y="318" T="0" Pressure="0"/>
        <Point X="386" Y="318" T="0" Pressure="0"/>
        <Point X="390" Y="318" T="0" Pressure="0"/>
        <Point X="394" Y="317" T="0" Pressure="0"/>
        <Point X="398" Y="317" T="0" Pressure="0"/>
        <Point X="402" Y="316" T="0" Pressure="0"/>
        <Point X="405" Y="316" T="0" Pressure="0"/>
        <Point X="407" Y="316" T="0" Pressure="0"/>
        <Point X="409" Y="315" T="0" Pressure="0"/>
    </Stroke>
    <Stroke index="3">
        <Point X="409" Y="248" T="0" Pressure="0"/>
        <Point X="409" Y="246" T="0" Pressure="0"/>
        <Point X="408" Y="245" T="0" Pressure="0"/>
        <Point X="408" Y="244" T="0" Pressure="0"/>
        <Point X="408" Y="246" T="0" Pressure="0"/>
        <Point X="408" Y="247" T="0" Pressure="0"/>
        <Point X="408" Y="249" T="0" Pressure="0"/>
        <Point X="408" Y="252" T="0" Pressure="0"/>
        <Point X="408" Y="254" T="0" Pressure="0"/>
        <Point X="408" Y="262" T="0" Pressure="0"/>
        <Point X="408" Y="266" T="0" Pressure="0"/>
        <Point X="406" Y="271" T="0" Pressure="0"/>
        <Point X="406" Y="278" T="0" Pressure="0"/>
        <Point X="405" Y="284" T="0" Pressure="0"/>
        <Point X="405" Y="291" T="0" Pressure="0"/>
        <Point X="405" Y="298" T="0" Pressure="0"/>
        <Point X="404" Y="305" T="0" Pressure="0"/>
        <Point X="404" Y="312" T="0" Pressure="0"/>
        <Point X="404" Y="318" T="0" Pressure="0"/>
        <Point X="403" Y="324" T="0" Pressure="0"/>
        <Point X="403" Y="331" T="0" Pressure="0"/>
        <Point X="403" Y="335" T="0" Pressure="0"/>
        <Point X="404" Y="339" T="0" Pressure="0"/>
        <Point X="404" Y="343" T="0" Pressure="0"/>
        <Point X="404" Y="346" T="0" Pressure="0"/>
        <Point X="405" Y="349" T="0" Pressure="0"/>
        <Point X="405" Y="352" T="0" Pressure="0"/>
        <Point X="405" Y="355" T="0" Pressure="0"/>
        <Point X="405" Y="357" T="0" Pressure="0"/>
        <Point X="405" Y="359" T="0" Pressure="0"/>
        <Point X="405" Y="360" T="0" Pressure="0"/>
        <Point X="406" Y="361" T="0" Pressure="0"/>
        <Point X="406" Y="362" T="0" Pressure="0"/>
        <Point X="406" Y="363" T="0" Pressure="0"/>
        <Point X="407" Y="363" T="0" Pressure="0"/>
    </Stroke>
</Gesture>
