<?xml version="1.0" ?>
<Gesture Name="exclamation_point~05" Subject="2" Number="5" NumPts="48" InputType="stylus" Speed="MEDIUM">
    <Stroke index="1">
        <Point X="409" Y="247" T="0" Pressure="0"/>
        <Point X="409" Y="246" T="0" Pressure="0"/>
        <Point X="409" Y="244" T="0" Pressure="0"/>
        <Point X="408" Y="241" T="0" Pressure="0"/>
        <Point X="408" Y="240" T="0" Pressure="0"/>
        <Point X="408" Y="239" T="0" Pressure="0"/>
        <Point X="408" Y="240" T="0" Pressure="0"/>
        <Point X="408" Y="241" T="0" Pressure="0"/>
        <Point X="408" Y="242" T="0" Pressure="0"/>
        <Point X="408" Y="244" T="0" Pressure="0"/>
        <Point X="408" Y="251" T="0" Pressure="0"/>
        <Point X="408" Y="253" T="0" Pressure="0"/>
        <Point X="408" Y="257" T="0" Pressure="0"/>
        <Point X="408" Y="260" T="0" Pressure="0"/>
        <Point X="409" Y="264" T="0" Pressure="0"/>
        <Point X="409" Y="267" T="0" Pressure="0"/>
        <Point X="409" Y="272" T="0" Pressure="0"/>
        <Point X="409" Y="278" T="0" Pressure="0"/>
        <Point X="409" Y="283" T="0" Pressure="0"/>
        <Point X="410" Y="288" T="0" Pressure="0"/>
        <Point X="410" Y="299" T="0" Pressure="0"/>
        <Point X="410" Y="304" T="0" Pressure="0"/>
        <Point X="410" Y="310" T="0" Pressure="0"/>
        <Point X="411" Y="313" T="0" Pressure="0"/>
        <Point X="411" Y="322" T="0" Pressure="0"/>
        <Point X="411" Y="326" T="0" Pressure="0"/>
        <Point X="412" Y="334" T="0" Pressure="0"/>
        <Point X="412" Y="337" T="0" Pressure="0"/>
        <Point X="412" Y="339" T="0" Pressure="0"/>
        <Point X="412" Y="344" T="0" Pressure="0"/>
        <Point X="412" Y="347" T="0" Pressure="0"/>
        <Point X="412" Y="349" T="0" Pressure="0"/>
        <Point X="412" Y="351" T="0" Pressure="0"/>
        <Point X="412" Y="352" T="0" Pressure="0"/>
        <Point X="412" Y="353" T="0" Pressure="0"/>
        <Point X="412" Y="355" T="0" Pressure="0"/>
        <Point X="412" Y="356" T="0" Pressure="0"/>
        <Point X="411" Y="358" T="0" Pressure="0"/>
        <Point X="411" Y="359" T="0" Pressure="0"/>
        <Point X="410" Y="360" T="0" Pressure="0"/>
        <Point X="410" Y="361" T="0" Pressure="0"/>
    </Stroke>
    <Stroke index="2">
        <Point X="413" Y="386" T="0" Pressure="0"/>
        <Point X="412" Y="385" T="0" Pressure="0"/>
        <Point X="410" Y="385" T="0" Pressure="0"/>
        <Point X="410" Y="384" T="0" Pressure="0"/>
        <Point X="409" Y="383" T="0" Pressure="0"/>
        <Point X="410" Y="383" T="0" Pressure="0"/>
        <Point X="411" Y="384" T="0" Pressure="0"/>
    </Stroke>
</Gesture>
