<?xml version="1.0" ?>
<Gesture Name="asterisk~08" Subject="2" Number="8" NumPts="133" InputType="stylus" Speed="MEDIUM">
    <Stroke index="1">
        <Point X="413" Y="217" T="0" Pressure="0"/>
        <Point X="412" Y="215" T="0" Pressure="0"/>
        <Point X="412" Y="214" T="0" Pressure="0"/>
        <Point X="412" Y="215" T="0" Pressure="0"/>
        <Point X="413" Y="217" T="0" Pressure="0"/>
        <Point X="413" Y="219" T="0" Pressure="0"/>
        <Point X="413" Y="221" T="0" Pressure="0"/>
        <Point X="414" Y="223" T="0" Pressure="0"/>
        <Point X="414" Y="226" T="0" Pressure="0"/>
        <Point X="414" Y="229" T="0" Pressure="0"/>
        <Point X="415" Y="234" T="0" Pressure="0"/>
        <Point X="415" Y="238" T="0" Pressure="0"/>
        <Point X="415" Y="243" T="0" Pressure="0"/>
        <Point X="415" Y="249" T="0" Pressure="0"/>
        <Point X="415" Y="256" T="0" Pressure="0"/>
        <Point X="414" Y="264" T="0" Pressure="0"/>
        <Point X="414" Y="271" T="0" Pressure="0"/>
        <Point X="413" Y="279" T="0" Pressure="0"/>
        <Point X="413" Y="288" T="0" Pressure="0"/>
        <Point X="412" Y="296" T="0" Pressure="0"/>
        <Point X="412" Y="304" T="0" Pressure="0"/>
        <Point X="410" Y="313" T="0" Pressure="0"/>
        <Point X="410" Y="319" T="0" Pressure="0"/>
        <Point X="409" Y="326" T="0" Pressure="0"/>
        <Point X="409" Y="333" T="0" Pressure="0"/>
        <Point X="409" Y="338" T="0" Pressure="0"/>
        <Point X="408" Y="344" T="0" Pressure="0"/>
        <Point X="408" Y="349" T="0" Pressure="0"/>
        <Point X="408" Y="353" T="0" Pressure="0"/>
        <Point X="408" Y="356" T="0" Pressure="0"/>
        <Point X="408" Y="359" T="0" Pressure="0"/>
        <Point X="408" Y="361" T="0" Pressure="0"/>
        <Point X="408" Y="363" T="0" Pressure="0"/>
        <Point X="408" Y="364" T="0" Pressure="0"/>
        <Point X="408" Y="365" T="0" Pressure="0"/>
        <Point X="409" Y="366" T="0" Pressure="0"/>
        <Point X="409" Y="367" T="0" Pressure="0"/>
        <Point X="409" Y="368" T="0" Pressure="0"/>
        <Point X="409" Y="369" T="0" Pressure="0"/>
        <Point X="409" Y="370" T="0" Pressure="0"/>
    </Stroke>
    <Stroke index="2">
        <Point X="347" Y="247" T="0" Pressure="0"/>
        <Point X="344" Y="244" T="0" Pressure="0"/>
        <Point X="344" Y="243" T="0" Pressure="0"/>
        <Point X="344" Y="242" T="0" Pressure="0"/>
        <Point X="344" Y="241" T="0" Pressure="0"/>
        <Point X="345" Y="241" T="0" Pressure="0"/>
        <Point X="346" Y="241" T="0" Pressure="0"/>
        <Point X="348" Y="242" T="0" Pressure="0"/>
        <Point X="349" Y="243" T="0" Pressure="0"/>
        <Point X="351" Y="244" T="0" Pressure="0"/>
        <Point X="353" Y="245" T="0" Pressure="0"/>
        <Point X="356" Y="246" T="0" Pressure="0"/>
        <Point X="359" Y="247" T="0" Pressure="0"/>
        <Point X="362" Y="249" T="0" Pressure="0"/>
        <Point X="365" Y="251" T="0" Pressure="0"/>
        <Point X="369" Y="253" T="0" Pressure="0"/>
        <Point X="374" Y="255" T="0" Pressure="0"/>
        <Point X="379" Y="258" T="0" Pressure="0"/>
        <Point X="384" Y="260" T="0" Pressure="0"/>
        <Point X="390" Y="263" T="0" Pressure="0"/>
        <Point X="395" Y="266" T="0" Pressure="0"/>
        <Point X="401" Y="269" T="0" Pressure="0"/>
        <Point X="406" Y="272" T="0" Pressure="0"/>
        <Point X="417" Y="280" T="0" Pressure="0"/>
        <Point X="422" Y="284" T="0" Pressure="0"/>
        <Point X="427" Y="287" T="0" Pressure="0"/>
        <Point X="432" Y="291" T="0" Pressure="0"/>
        <Point X="436" Y="294" T="0" Pressure="0"/>
        <Point X="441" Y="299" T="0" Pressure="0"/>
        <Point X="444" Y="303" T="0" Pressure="0"/>
        <Point X="448" Y="306" T="0" Pressure="0"/>
        <Point X="451" Y="309" T="0" Pressure="0"/>
        <Point X="455" Y="313" T="0" Pressure="0"/>
        <Point X="458" Y="315" T="0" Pressure="0"/>
        <Point X="462" Y="318" T="0" Pressure="0"/>
        <Point X="464" Y="321" T="0" Pressure="0"/>
        <Point X="466" Y="322" T="0" Pressure="0"/>
        <Point X="469" Y="325" T="0" Pressure="0"/>
        <Point X="470" Y="327" T="0" Pressure="0"/>
        <Point X="472" Y="328" T="0" Pressure="0"/>
        <Point X="474" Y="331" T="0" Pressure="0"/>
        <Point X="475" Y="332" T="0" Pressure="0"/>
        <Point X="476" Y="333" T="0" Pressure="0"/>
        <Point X="477" Y="335" T="0" Pressure="0"/>
        <Point X="478" Y="335" T="0" Pressure="0"/>
        <Point X="479" Y="336" T="0" Pressure="0"/>
        <Point X="480" Y="337" T="0" Pressure="0"/>
    </Stroke>
    <Stroke index="3">
        <Point X="475" Y="233" T="0" Pressure="0"/>
        <Point X="473" Y="231" T="0" Pressure="0"/>
        <Point X="472" Y="231" T="0" Pressure="0"/>
        <Point X="469" Y="231" T="0" Pressure="0"/>
        <Point X="468" Y="232" T="0" Pressure="0"/>
        <Point X="466" Y="233" T="0" Pressure="0"/>
        <Point X="464" Y="234" T="0" Pressure="0"/>
        <Point X="462" Y="236" T="0" Pressure="0"/>
        <Point X="459" Y="238" T="0" Pressure="0"/>
        <Point X="457" Y="240" T="0" Pressure="0"/>
        <Point X="454" Y="242" T="0" Pressure="0"/>
        <Point X="451" Y="246" T="0" Pressure="0"/>
        <Point X="447" Y="250" T="0" Pressure="0"/>
        <Point X="443" Y="254" T="0" Pressure="0"/>
        <Point X="439" Y="258" T="0" Pressure="0"/>
        <Point X="435" Y="263" T="0" Pressure="0"/>
        <Point X="430" Y="268" T="0" Pressure="0"/>
        <Point X="425" Y="273" T="0" Pressure="0"/>
        <Point X="420" Y="279" T="0" Pressure="0"/>
        <Point X="414" Y="285" T="0" Pressure="0"/>
        <Point X="409" Y="290" T="0" Pressure="0"/>
        <Point X="405" Y="296" T="0" Pressure="0"/>
        <Point X="394" Y="307" T="0" Pressure="0"/>
        <Point X="389" Y="312" T="0" Pressure="0"/>
        <Point X="385" Y="316" T="0" Pressure="0"/>
        <Point X="380" Y="321" T="0" Pressure="0"/>
        <Point X="376" Y="324" T="0" Pressure="0"/>
        <Point X="371" Y="328" T="0" Pressure="0"/>
        <Point X="368" Y="332" T="0" Pressure="0"/>
        <Point X="364" Y="335" T="0" Pressure="0"/>
        <Point X="361" Y="338" T="0" Pressure="0"/>
        <Point X="359" Y="340" T="0" Pressure="0"/>
        <Point X="356" Y="342" T="0" Pressure="0"/>
        <Point X="354" Y="344" T="0" Pressure="0"/>
        <Point X="353" Y="346" T="0" Pressure="0"/>
        <Point X="351" Y="347" T="0" Pressure="0"/>
        <Point X="349" Y="349" T="0" Pressure="0"/>
        <Point X="349" Y="351" T="0" Pressure="0"/>
        <Point X="348" Y="352" T="0" Pressure="0"/>
        <Point X="346" Y="353" T="0" Pressure="0"/>
        <Point X="346" Y="354" T="0" Pressure="0"/>
        <Point X="345" Y="355" T="0" Pressure="0"/>
        <Point X="345" Y="356" T="0" Pressure="0"/>
        <Point X="345" Y="357" T="0" Pressure="0"/>
        <Point X="344" Y="357" T="0" Pressure="0"/>
        <Point X="344" Y="358" T="0" Pressure="0"/>
    </Stroke>
</Gesture>
