<?xml version="1.0" ?>
<Gesture Name="asterisk~03" Subject="2" Number="3" NumPts="133" InputType="stylus" Speed="MEDIUM">
    <Stroke index="1">
        <Point X="396" Y="175" T="0" Pressure="0"/>
        <Point X="395" Y="173" T="0" Pressure="0"/>
        <Point X="395" Y="170" T="0" Pressure="0"/>
        <Point X="395" Y="169" T="0" Pressure="0"/>
        <Point X="395" Y="168" T="0" Pressure="0"/>
        <Point X="395" Y="170" T="0" Pressure="0"/>
        <Point X="395" Y="172" T="0" Pressure="0"/>
        <Point X="395" Y="173" T="0" Pressure="0"/>
        <Point X="395" Y="175" T="0" Pressure="0"/>
        <Point X="395" Y="177" T="0" Pressure="0"/>
        <Point X="395" Y="179" T="0" Pressure="0"/>
        <Point X="395" Y="183" T="0" Pressure="0"/>
        <Point X="395" Y="186" T="0" Pressure="0"/>
        <Point X="395" Y="189" T="0" Pressure="0"/>
        <Point X="395" Y="193" T="0" Pressure="0"/>
        <Point X="395" Y="198" T="0" Pressure="0"/>
        <Point X="394" Y="204" T="0" Pressure="0"/>
        <Point X="394" Y="211" T="0" Pressure="0"/>
        <Point X="394" Y="218" T="0" Pressure="0"/>
        <Point X="394" Y="227" T="0" Pressure="0"/>
        <Point X="394" Y="235" T="0" Pressure="0"/>
        <Point X="394" Y="254" T="0" Pressure="0"/>
        <Point X="393" Y="263" T="0" Pressure="0"/>
        <Point X="393" Y="271" T="0" Pressure="0"/>
        <Point X="393" Y="280" T="0" Pressure="0"/>
        <Point X="393" Y="289" T="0" Pressure="0"/>
        <Point X="393" Y="296" T="0" Pressure="0"/>
        <Point X="393" Y="303" T="0" Pressure="0"/>
        <Point X="394" Y="309" T="0" Pressure="0"/>
        <Point X="394" Y="314" T="0" Pressure="0"/>
        <Point X="395" Y="319" T="0" Pressure="0"/>
        <Point X="395" Y="323" T="0" Pressure="0"/>
        <Point X="396" Y="327" T="0" Pressure="0"/>
        <Point X="397" Y="330" T="0" Pressure="0"/>
        <Point X="397" Y="333" T="0" Pressure="0"/>
        <Point X="397" Y="334" T="0" Pressure="0"/>
        <Point X="397" Y="336" T="0" Pressure="0"/>
        <Point X="397" Y="337" T="0" Pressure="0"/>
        <Point X="397" Y="339" T="0" Pressure="0"/>
        <Point X="397" Y="340" T="0" Pressure="0"/>
        <Point X="396" Y="340" T="0" Pressure="0"/>
        <Point X="395" Y="340" T="0" Pressure="0"/>
        <Point X="395" Y="339" T="0" Pressure="0"/>
        <Point X="394" Y="339" T="0" Pressure="0"/>
        <Point X="394" Y="338" T="0" Pressure="0"/>
    </Stroke>
    <Stroke index="2">
        <Point X="334" Y="199" T="0" Pressure="0"/>
        <Point X="333" Y="198" T="0" Pressure="0"/>
        <Point X="332" Y="198" T="0" Pressure="0"/>
        <Point X="332" Y="197" T="0" Pressure="0"/>
        <Point X="333" Y="197" T="0" Pressure="0"/>
        <Point X="334" Y="197" T="0" Pressure="0"/>
        <Point X="336" Y="198" T="0" Pressure="0"/>
        <Point X="338" Y="199" T="0" Pressure="0"/>
        <Point X="340" Y="200" T="0" Pressure="0"/>
        <Point X="345" Y="203" T="0" Pressure="0"/>
        <Point X="349" Y="204" T="0" Pressure="0"/>
        <Point X="352" Y="207" T="0" Pressure="0"/>
        <Point X="356" Y="209" T="0" Pressure="0"/>
        <Point X="362" Y="212" T="0" Pressure="0"/>
        <Point X="367" Y="215" T="0" Pressure="0"/>
        <Point X="372" Y="219" T="0" Pressure="0"/>
        <Point X="378" Y="223" T="0" Pressure="0"/>
        <Point X="383" Y="227" T="0" Pressure="0"/>
        <Point X="389" Y="232" T="0" Pressure="0"/>
        <Point X="395" Y="238" T="0" Pressure="0"/>
        <Point X="399" Y="242" T="0" Pressure="0"/>
        <Point X="405" Y="247" T="0" Pressure="0"/>
        <Point X="409" Y="252" T="0" Pressure="0"/>
        <Point X="414" Y="258" T="0" Pressure="0"/>
        <Point X="428" Y="271" T="0" Pressure="0"/>
        <Point X="432" Y="275" T="0" Pressure="0"/>
        <Point X="436" Y="278" T="0" Pressure="0"/>
        <Point X="440" Y="282" T="0" Pressure="0"/>
        <Point X="443" Y="284" T="0" Pressure="0"/>
        <Point X="447" Y="287" T="0" Pressure="0"/>
        <Point X="450" Y="289" T="0" Pressure="0"/>
        <Point X="454" Y="290" T="0" Pressure="0"/>
        <Point X="457" Y="291" T="0" Pressure="0"/>
        <Point X="459" Y="292" T="0" Pressure="0"/>
        <Point X="461" Y="293" T="0" Pressure="0"/>
        <Point X="463" Y="294" T="0" Pressure="0"/>
        <Point X="465" Y="294" T="0" Pressure="0"/>
        <Point X="465" Y="295" T="0" Pressure="0"/>
        <Point X="466" Y="296" T="0" Pressure="0"/>
        <Point X="468" Y="296" T="0" Pressure="0"/>
        <Point X="469" Y="296" T="0" Pressure="0"/>
        <Point X="469" Y="295" T="0" Pressure="0"/>
        <Point X="469" Y="294" T="0" Pressure="0"/>
        <Point X="469" Y="293" T="0" Pressure="0"/>
    </Stroke>
    <Stroke index="3">
        <Point X="448" Y="189" T="0" Pressure="0"/>
        <Point X="447" Y="189" T="0" Pressure="0"/>
        <Point X="446" Y="189" T="0" Pressure="0"/>
        <Point X="444" Y="189" T="0" Pressure="0"/>
        <Point X="443" Y="189" T="0" Pressure="0"/>
        <Point X="439" Y="190" T="0" Pressure="0"/>
        <Point X="438" Y="192" T="0" Pressure="0"/>
        <Point X="435" Y="193" T="0" Pressure="0"/>
        <Point X="433" Y="196" T="0" Pressure="0"/>
        <Point X="430" Y="198" T="0" Pressure="0"/>
        <Point X="427" Y="201" T="0" Pressure="0"/>
        <Point X="423" Y="204" T="0" Pressure="0"/>
        <Point X="419" Y="209" T="0" Pressure="0"/>
        <Point X="414" Y="213" T="0" Pressure="0"/>
        <Point X="409" Y="217" T="0" Pressure="0"/>
        <Point X="405" Y="222" T="0" Pressure="0"/>
        <Point X="399" Y="228" T="0" Pressure="0"/>
        <Point X="394" Y="234" T="0" Pressure="0"/>
        <Point X="389" Y="240" T="0" Pressure="0"/>
        <Point X="383" Y="247" T="0" Pressure="0"/>
        <Point X="379" Y="253" T="0" Pressure="0"/>
        <Point X="375" Y="260" T="0" Pressure="0"/>
        <Point X="370" Y="267" T="0" Pressure="0"/>
        <Point X="365" Y="274" T="0" Pressure="0"/>
        <Point X="361" Y="281" T="0" Pressure="0"/>
        <Point X="358" Y="288" T="0" Pressure="0"/>
        <Point X="355" Y="293" T="0" Pressure="0"/>
        <Point X="353" Y="298" T="0" Pressure="0"/>
        <Point X="350" Y="303" T="0" Pressure="0"/>
        <Point X="349" Y="308" T="0" Pressure="0"/>
        <Point X="346" Y="312" T="0" Pressure="0"/>
        <Point X="345" Y="316" T="0" Pressure="0"/>
        <Point X="344" Y="318" T="0" Pressure="0"/>
        <Point X="342" Y="321" T="0" Pressure="0"/>
        <Point X="341" Y="323" T="0" Pressure="0"/>
        <Point X="340" Y="325" T="0" Pressure="0"/>
        <Point X="338" Y="327" T="0" Pressure="0"/>
        <Point X="337" Y="328" T="0" Pressure="0"/>
        <Point X="335" Y="330" T="0" Pressure="0"/>
        <Point X="335" Y="331" T="0" Pressure="0"/>
        <Point X="334" Y="332" T="0" Pressure="0"/>
        <Point X="333" Y="333" T="0" Pressure="0"/>
        <Point X="334" Y="332" T="0" Pressure="0"/>
        <Point X="335" Y="331" T="0" Pressure="0"/>
    </Stroke>
</Gesture>
