<?xml version="1.0" ?>
<Gesture Name="six_point_star~05" Subject="2" Number="5" NumPts="226" InputType="stylus" Speed="MEDIUM">
    <Stroke index="1">
        <Point X="331" Y="334" T="0" Pressure="0"/>
        <Point X="331" Y="333" T="0" Pressure="0"/>
        <Point X="331" Y="332" T="0" Pressure="0"/>
        <Point X="331" Y="331" T="0" Pressure="0"/>
        <Point X="331" Y="329" T="0" Pressure="0"/>
        <Point X="332" Y="326" T="0" Pressure="0"/>
        <Point X="333" Y="324" T="0" Pressure="0"/>
        <Point X="334" Y="321" T="0" Pressure="0"/>
        <Point X="336" Y="315" T="0" Pressure="0"/>
        <Point X="338" Y="312" T="0" Pressure="0"/>
        <Point X="339" Y="308" T="0" Pressure="0"/>
        <Point X="341" Y="303" T="0" Pressure="0"/>
        <Point X="342" Y="298" T="0" Pressure="0"/>
        <Point X="345" Y="293" T="0" Pressure="0"/>
        <Point X="348" Y="287" T="0" Pressure="0"/>
        <Point X="350" Y="281" T="0" Pressure="0"/>
        <Point X="353" Y="274" T="0" Pressure="0"/>
        <Point X="356" Y="268" T="0" Pressure="0"/>
        <Point X="359" Y="262" T="0" Pressure="0"/>
        <Point X="362" Y="254" T="0" Pressure="0"/>
        <Point X="365" Y="246" T="0" Pressure="0"/>
        <Point X="368" Y="240" T="0" Pressure="0"/>
        <Point X="371" Y="233" T="0" Pressure="0"/>
        <Point X="374" Y="227" T="0" Pressure="0"/>
        <Point X="376" Y="221" T="0" Pressure="0"/>
        <Point X="379" Y="215" T="0" Pressure="0"/>
        <Point X="382" Y="210" T="0" Pressure="0"/>
        <Point X="383" Y="207" T="0" Pressure="0"/>
        <Point X="384" Y="204" T="0" Pressure="0"/>
        <Point X="386" Y="202" T="0" Pressure="0"/>
        <Point X="386" Y="201" T="0" Pressure="0"/>
        <Point X="387" Y="199" T="0" Pressure="0"/>
        <Point X="388" Y="199" T="0" Pressure="0"/>
        <Point X="389" Y="199" T="0" Pressure="0"/>
        <Point X="390" Y="199" T="0" Pressure="0"/>
        <Point X="391" Y="200" T="0" Pressure="0"/>
        <Point X="393" Y="201" T="0" Pressure="0"/>
        <Point X="394" Y="202" T="0" Pressure="0"/>
        <Point X="395" Y="203" T="0" Pressure="0"/>
        <Point X="397" Y="205" T="0" Pressure="0"/>
        <Point X="398" Y="208" T="0" Pressure="0"/>
        <Point X="400" Y="210" T="0" Pressure="0"/>
        <Point X="402" Y="213" T="0" Pressure="0"/>
        <Point X="405" Y="216" T="0" Pressure="0"/>
        <Point X="406" Y="219" T="0" Pressure="0"/>
        <Point X="412" Y="227" T="0" Pressure="0"/>
        <Point X="413" Y="231" T="0" Pressure="0"/>
        <Point X="417" Y="236" T="0" Pressure="0"/>
        <Point X="419" Y="239" T="0" Pressure="0"/>
        <Point X="421" Y="243" T="0" Pressure="0"/>
        <Point X="424" Y="247" T="0" Pressure="0"/>
        <Point X="427" Y="251" T="0" Pressure="0"/>
        <Point X="429" Y="256" T="0" Pressure="0"/>
        <Point X="432" Y="260" T="0" Pressure="0"/>
        <Point X="435" Y="264" T="0" Pressure="0"/>
        <Point X="436" Y="268" T="0" Pressure="0"/>
        <Point X="439" Y="273" T="0" Pressure="0"/>
        <Point X="441" Y="278" T="0" Pressure="0"/>
        <Point X="443" Y="282" T="0" Pressure="0"/>
        <Point X="444" Y="287" T="0" Pressure="0"/>
        <Point X="447" Y="294" T="0" Pressure="0"/>
        <Point X="448" Y="297" T="0" Pressure="0"/>
        <Point X="450" Y="301" T="0" Pressure="0"/>
        <Point X="451" Y="303" T="0" Pressure="0"/>
        <Point X="452" Y="307" T="0" Pressure="0"/>
        <Point X="453" Y="309" T="0" Pressure="0"/>
        <Point X="453" Y="310" T="0" Pressure="0"/>
        <Point X="454" Y="312" T="0" Pressure="0"/>
        <Point X="454" Y="313" T="0" Pressure="0"/>
        <Point X="454" Y="314" T="0" Pressure="0"/>
        <Point X="454" Y="316" T="0" Pressure="0"/>
        <Point X="454" Y="317" T="0" Pressure="0"/>
        <Point X="454" Y="318" T="0" Pressure="0"/>
        <Point X="453" Y="318" T="0" Pressure="0"/>
        <Point X="452" Y="319" T="0" Pressure="0"/>
        <Point X="450" Y="320" T="0" Pressure="0"/>
        <Point X="449" Y="321" T="0" Pressure="0"/>
        <Point X="447" Y="321" T="0" Pressure="0"/>
        <Point X="445" Y="321" T="0" Pressure="0"/>
        <Point X="443" Y="321" T="0" Pressure="0"/>
        <Point X="440" Y="322" T="0" Pressure="0"/>
        <Point X="436" Y="322" T="0" Pressure="0"/>
        <Point X="434" Y="323" T="0" Pressure="0"/>
        <Point X="430" Y="323" T="0" Pressure="0"/>
        <Point X="427" Y="323" T="0" Pressure="0"/>
        <Point X="422" Y="324" T="0" Pressure="0"/>
        <Point X="417" Y="324" T="0" Pressure="0"/>
        <Point X="413" Y="325" T="0" Pressure="0"/>
        <Point X="408" Y="326" T="0" Pressure="0"/>
        <Point X="403" Y="327" T="0" Pressure="0"/>
        <Point X="398" Y="327" T="0" Pressure="0"/>
        <Point X="393" Y="328" T="0" Pressure="0"/>
        <Point X="387" Y="329" T="0" Pressure="0"/>
        <Point X="382" Y="330" T="0" Pressure="0"/>
        <Point X="376" Y="331" T="0" Pressure="0"/>
        <Point X="372" Y="332" T="0" Pressure="0"/>
        <Point X="367" Y="333" T="0" Pressure="0"/>
        <Point X="362" Y="333" T="0" Pressure="0"/>
        <Point X="357" Y="334" T="0" Pressure="0"/>
        <Point X="353" Y="335" T="0" Pressure="0"/>
        <Point X="349" Y="335" T="0" Pressure="0"/>
        <Point X="346" Y="335" T="0" Pressure="0"/>
        <Point X="344" Y="335" T="0" Pressure="0"/>
        <Point X="341" Y="336" T="0" Pressure="0"/>
        <Point X="340" Y="336" T="0" Pressure="0"/>
        <Point X="338" Y="336" T="0" Pressure="0"/>
        <Point X="337" Y="336" T="0" Pressure="0"/>
        <Point X="335" Y="336" T="0" Pressure="0"/>
        <Point X="335" Y="337" T="0" Pressure="0"/>
        <Point X="336" Y="337" T="0" Pressure="0"/>
    </Stroke>
    <Stroke index="2">
        <Point X="325" Y="247" T="0" Pressure="0"/>
        <Point X="323" Y="247" T="0" Pressure="0"/>
        <Point X="322" Y="246" T="0" Pressure="0"/>
        <Point X="321" Y="246" T="0" Pressure="0"/>
        <Point X="322" Y="246" T="0" Pressure="0"/>
        <Point X="323" Y="248" T="0" Pressure="0"/>
        <Point X="325" Y="249" T="0" Pressure="0"/>
        <Point X="326" Y="252" T="0" Pressure="0"/>
        <Point X="327" Y="253" T="0" Pressure="0"/>
        <Point X="329" Y="256" T="0" Pressure="0"/>
        <Point X="331" Y="259" T="0" Pressure="0"/>
        <Point X="334" Y="263" T="0" Pressure="0"/>
        <Point X="336" Y="266" T="0" Pressure="0"/>
        <Point X="339" Y="272" T="0" Pressure="0"/>
        <Point X="342" Y="277" T="0" Pressure="0"/>
        <Point X="345" Y="283" T="0" Pressure="0"/>
        <Point X="349" Y="290" T="0" Pressure="0"/>
        <Point X="352" Y="296" T="0" Pressure="0"/>
        <Point X="355" Y="304" T="0" Pressure="0"/>
        <Point X="359" Y="312" T="0" Pressure="0"/>
        <Point X="362" Y="319" T="0" Pressure="0"/>
        <Point X="365" Y="326" T="0" Pressure="0"/>
        <Point X="368" Y="334" T="0" Pressure="0"/>
        <Point X="371" Y="340" T="0" Pressure="0"/>
        <Point X="375" Y="347" T="0" Pressure="0"/>
        <Point X="378" Y="353" T="0" Pressure="0"/>
        <Point X="380" Y="358" T="0" Pressure="0"/>
        <Point X="383" Y="362" T="0" Pressure="0"/>
        <Point X="385" Y="366" T="0" Pressure="0"/>
        <Point X="387" Y="369" T="0" Pressure="0"/>
        <Point X="389" Y="372" T="0" Pressure="0"/>
        <Point X="391" Y="375" T="0" Pressure="0"/>
        <Point X="393" Y="377" T="0" Pressure="0"/>
        <Point X="394" Y="378" T="0" Pressure="0"/>
        <Point X="396" Y="380" T="0" Pressure="0"/>
        <Point X="398" Y="381" T="0" Pressure="0"/>
        <Point X="398" Y="382" T="0" Pressure="0"/>
        <Point X="399" Y="383" T="0" Pressure="0"/>
        <Point X="401" Y="383" T="0" Pressure="0"/>
        <Point X="402" Y="383" T="0" Pressure="0"/>
        <Point X="403" Y="383" T="0" Pressure="0"/>
        <Point X="404" Y="382" T="0" Pressure="0"/>
        <Point X="405" Y="381" T="0" Pressure="0"/>
        <Point X="406" Y="379" T="0" Pressure="0"/>
        <Point X="407" Y="377" T="0" Pressure="0"/>
        <Point X="409" Y="375" T="0" Pressure="0"/>
        <Point X="409" Y="372" T="0" Pressure="0"/>
        <Point X="411" Y="369" T="0" Pressure="0"/>
        <Point X="413" Y="366" T="0" Pressure="0"/>
        <Point X="414" Y="363" T="0" Pressure="0"/>
        <Point X="416" Y="359" T="0" Pressure="0"/>
        <Point X="418" Y="355" T="0" Pressure="0"/>
        <Point X="420" Y="349" T="0" Pressure="0"/>
        <Point X="422" Y="344" T="0" Pressure="0"/>
        <Point X="424" Y="338" T="0" Pressure="0"/>
        <Point X="427" Y="333" T="0" Pressure="0"/>
        <Point X="428" Y="326" T="0" Pressure="0"/>
        <Point X="431" Y="319" T="0" Pressure="0"/>
        <Point X="433" Y="313" T="0" Pressure="0"/>
        <Point X="435" Y="306" T="0" Pressure="0"/>
        <Point X="437" Y="298" T="0" Pressure="0"/>
        <Point X="439" Y="292" T="0" Pressure="0"/>
        <Point X="440" Y="287" T="0" Pressure="0"/>
        <Point X="444" Y="272" T="0" Pressure="0"/>
        <Point X="446" Y="267" T="0" Pressure="0"/>
        <Point X="447" Y="264" T="0" Pressure="0"/>
        <Point X="447" Y="262" T="0" Pressure="0"/>
        <Point X="448" Y="260" T="0" Pressure="0"/>
        <Point X="448" Y="258" T="0" Pressure="0"/>
        <Point X="449" Y="257" T="0" Pressure="0"/>
        <Point X="450" Y="256" T="0" Pressure="0"/>
        <Point X="450" Y="254" T="0" Pressure="0"/>
        <Point X="450" Y="253" T="0" Pressure="0"/>
        <Point X="450" Y="252" T="0" Pressure="0"/>
        <Point X="450" Y="251" T="0" Pressure="0"/>
        <Point X="450" Y="249" T="0" Pressure="0"/>
        <Point X="450" Y="248" T="0" Pressure="0"/>
        <Point X="450" Y="247" T="0" Pressure="0"/>
        <Point X="448" Y="246" T="0" Pressure="0"/>
        <Point X="447" Y="246" T="0" Pressure="0"/>
        <Point X="447" Y="244" T="0" Pressure="0"/>
        <Point X="445" Y="243" T="0" Pressure="0"/>
        <Point X="443" Y="242" T="0" Pressure="0"/>
        <Point X="442" Y="241" T="0" Pressure="0"/>
        <Point X="440" Y="240" T="0" Pressure="0"/>
        <Point X="438" Y="239" T="0" Pressure="0"/>
        <Point X="436" Y="239" T="0" Pressure="0"/>
        <Point X="434" Y="238" T="0" Pressure="0"/>
        <Point X="431" Y="238" T="0" Pressure="0"/>
        <Point X="428" Y="237" T="0" Pressure="0"/>
        <Point X="425" Y="237" T="0" Pressure="0"/>
        <Point X="421" Y="237" T="0" Pressure="0"/>
        <Point X="417" Y="237" T="0" Pressure="0"/>
        <Point X="413" Y="237" T="0" Pressure="0"/>
        <Point X="409" Y="237" T="0" Pressure="0"/>
        <Point X="404" Y="237" T="0" Pressure="0"/>
        <Point X="398" Y="237" T="0" Pressure="0"/>
        <Point X="393" Y="237" T="0" Pressure="0"/>
        <Point X="387" Y="238" T="0" Pressure="0"/>
        <Point X="382" Y="238" T="0" Pressure="0"/>
        <Point X="376" Y="239" T="0" Pressure="0"/>
        <Point X="370" Y="240" T="0" Pressure="0"/>
        <Point X="364" Y="240" T="0" Pressure="0"/>
        <Point X="357" Y="242" T="0" Pressure="0"/>
        <Point X="353" Y="242" T="0" Pressure="0"/>
        <Point X="347" Y="243" T="0" Pressure="0"/>
        <Point X="341" Y="244" T="0" Pressure="0"/>
        <Point X="336" Y="246" T="0" Pressure="0"/>
        <Point X="331" Y="246" T="0" Pressure="0"/>
        <Point X="326" Y="247" T="0" Pressure="0"/>
        <Point X="323" Y="248" T="0" Pressure="0"/>
        <Point X="319" Y="249" T="0" Pressure="0"/>
        <Point X="318" Y="249" T="0" Pressure="0"/>
        <Point X="315" Y="250" T="0" Pressure="0"/>
        <Point X="314" Y="251" T="0" Pressure="0"/>
        <Point X="314" Y="252" T="0" Pressure="0"/>
    </Stroke>
</Gesture>
