<?xml version="1.0" ?>
<Gesture Name="P~07" Subject="2" Number="7" NumPts="75" InputType="stylus" Speed="MEDIUM">
    <Stroke index="1">
        <Point X="388" Y="246" T="0" Pressure="0"/>
        <Point X="388" Y="247" T="0" Pressure="0"/>
        <Point X="388" Y="248" T="0" Pressure="0"/>
        <Point X="390" Y="257" T="0" Pressure="0"/>
        <Point X="390" Y="262" T="0" Pressure="0"/>
        <Point X="390" Y="267" T="0" Pressure="0"/>
        <Point X="391" Y="280" T="0" Pressure="0"/>
        <Point X="391" Y="288" T="0" Pressure="0"/>
        <Point X="390" Y="294" T="0" Pressure="0"/>
        <Point X="390" Y="301" T="0" Pressure="0"/>
        <Point X="389" Y="308" T="0" Pressure="0"/>
        <Point X="388" Y="315" T="0" Pressure="0"/>
        <Point X="387" Y="322" T="0" Pressure="0"/>
        <Point X="385" Y="335" T="0" Pressure="0"/>
        <Point X="384" Y="345" T="0" Pressure="0"/>
        <Point X="384" Y="349" T="0" Pressure="0"/>
        <Point X="384" Y="352" T="0" Pressure="0"/>
        <Point X="383" Y="356" T="0" Pressure="0"/>
        <Point X="383" Y="358" T="0" Pressure="0"/>
        <Point X="383" Y="360" T="0" Pressure="0"/>
        <Point X="383" Y="361" T="0" Pressure="0"/>
        <Point X="383" Y="363" T="0" Pressure="0"/>
        <Point X="383" Y="364" T="0" Pressure="0"/>
        <Point X="383" Y="365" T="0" Pressure="0"/>
        <Point X="382" Y="365" T="0" Pressure="0"/>
    </Stroke>
    <Stroke index="2">
        <Point X="383" Y="245" T="0" Pressure="0"/>
        <Point X="383" Y="242" T="0" Pressure="0"/>
        <Point X="382" Y="240" T="0" Pressure="0"/>
        <Point X="382" Y="238" T="0" Pressure="0"/>
        <Point X="383" Y="236" T="0" Pressure="0"/>
        <Point X="383" Y="234" T="0" Pressure="0"/>
        <Point X="384" Y="233" T="0" Pressure="0"/>
        <Point X="386" Y="231" T="0" Pressure="0"/>
        <Point X="387" Y="230" T="0" Pressure="0"/>
        <Point X="389" Y="228" T="0" Pressure="0"/>
        <Point X="390" Y="228" T="0" Pressure="0"/>
        <Point X="393" Y="227" T="0" Pressure="0"/>
        <Point X="395" Y="227" T="0" Pressure="0"/>
        <Point X="398" Y="226" T="0" Pressure="0"/>
        <Point X="402" Y="226" T="0" Pressure="0"/>
        <Point X="405" Y="226" T="0" Pressure="0"/>
        <Point X="409" Y="226" T="0" Pressure="0"/>
        <Point X="412" Y="226" T="0" Pressure="0"/>
        <Point X="416" Y="226" T="0" Pressure="0"/>
        <Point X="423" Y="228" T="0" Pressure="0"/>
        <Point X="429" Y="232" T="0" Pressure="0"/>
        <Point X="432" Y="234" T="0" Pressure="0"/>
        <Point X="435" Y="237" T="0" Pressure="0"/>
        <Point X="436" Y="239" T="0" Pressure="0"/>
        <Point X="438" Y="242" T="0" Pressure="0"/>
        <Point X="440" Y="246" T="0" Pressure="0"/>
        <Point X="440" Y="249" T="0" Pressure="0"/>
        <Point X="441" Y="256" T="0" Pressure="0"/>
        <Point X="441" Y="259" T="0" Pressure="0"/>
        <Point X="440" Y="263" T="0" Pressure="0"/>
        <Point X="439" Y="267" T="0" Pressure="0"/>
        <Point X="438" Y="269" T="0" Pressure="0"/>
        <Point X="436" Y="272" T="0" Pressure="0"/>
        <Point X="434" Y="274" T="0" Pressure="0"/>
        <Point X="432" Y="277" T="0" Pressure="0"/>
        <Point X="429" Y="279" T="0" Pressure="0"/>
        <Point X="426" Y="281" T="0" Pressure="0"/>
        <Point X="423" Y="283" T="0" Pressure="0"/>
        <Point X="417" Y="285" T="0" Pressure="0"/>
        <Point X="413" Y="287" T="0" Pressure="0"/>
        <Point X="409" Y="288" T="0" Pressure="0"/>
        <Point X="405" Y="289" T="0" Pressure="0"/>
        <Point X="402" Y="289" T="0" Pressure="0"/>
        <Point X="399" Y="289" T="0" Pressure="0"/>
        <Point X="397" Y="289" T="0" Pressure="0"/>
        <Point X="394" Y="289" T="0" Pressure="0"/>
        <Point X="391" Y="289" T="0" Pressure="0"/>
        <Point X="390" Y="289" T="0" Pressure="0"/>
        <Point X="389" Y="289" T="0" Pressure="0"/>
        <Point X="388" Y="289" T="0" Pressure="0"/>
    </Stroke>
</Gesture>
