<?xml version="1.0" ?>
<Gesture Name="null~02" Subject="2" Number="2" NumPts="109" InputType="stylus" Speed="MEDIUM">
    <Stroke index="1">
        <Point X="360" Y="219" T="0" Pressure="0"/>
        <Point X="357" Y="221" T="0" Pressure="0"/>
        <Point X="356" Y="221" T="0" Pressure="0"/>
        <Point X="352" Y="223" T="0" Pressure="0"/>
        <Point X="350" Y="226" T="0" Pressure="0"/>
        <Point X="349" Y="228" T="0" Pressure="0"/>
        <Point X="345" Y="234" T="0" Pressure="0"/>
        <Point X="342" Y="237" T="0" Pressure="0"/>
        <Point X="341" Y="241" T="0" Pressure="0"/>
        <Point X="339" Y="246" T="0" Pressure="0"/>
        <Point X="338" Y="251" T="0" Pressure="0"/>
        <Point X="336" Y="256" T="0" Pressure="0"/>
        <Point X="334" Y="262" T="0" Pressure="0"/>
        <Point X="334" Y="267" T="0" Pressure="0"/>
        <Point X="333" Y="274" T="0" Pressure="0"/>
        <Point X="333" Y="279" T="0" Pressure="0"/>
        <Point X="333" Y="286" T="0" Pressure="0"/>
        <Point X="334" Y="291" T="0" Pressure="0"/>
        <Point X="335" Y="296" T="0" Pressure="0"/>
        <Point X="337" Y="302" T="0" Pressure="0"/>
        <Point X="341" Y="310" T="0" Pressure="0"/>
        <Point X="344" Y="313" T="0" Pressure="0"/>
        <Point X="346" Y="316" T="0" Pressure="0"/>
        <Point X="349" Y="318" T="0" Pressure="0"/>
        <Point X="353" Y="320" T="0" Pressure="0"/>
        <Point X="356" Y="322" T="0" Pressure="0"/>
        <Point X="359" Y="323" T="0" Pressure="0"/>
        <Point X="362" Y="324" T="0" Pressure="0"/>
        <Point X="365" Y="324" T="0" Pressure="0"/>
        <Point X="369" Y="324" T="0" Pressure="0"/>
        <Point X="372" Y="324" T="0" Pressure="0"/>
        <Point X="377" Y="323" T="0" Pressure="0"/>
        <Point X="381" Y="322" T="0" Pressure="0"/>
        <Point X="384" Y="320" T="0" Pressure="0"/>
        <Point X="389" Y="317" T="0" Pressure="0"/>
        <Point X="393" Y="314" T="0" Pressure="0"/>
        <Point X="406" Y="300" T="0" Pressure="0"/>
        <Point X="409" Y="296" T="0" Pressure="0"/>
        <Point X="411" Y="292" T="0" Pressure="0"/>
        <Point X="414" Y="283" T="0" Pressure="0"/>
        <Point X="415" Y="278" T="0" Pressure="0"/>
        <Point X="415" Y="273" T="0" Pressure="0"/>
        <Point X="415" Y="268" T="0" Pressure="0"/>
        <Point X="414" Y="264" T="0" Pressure="0"/>
        <Point X="413" Y="259" T="0" Pressure="0"/>
        <Point X="410" Y="253" T="0" Pressure="0"/>
        <Point X="409" Y="249" T="0" Pressure="0"/>
        <Point X="405" Y="244" T="0" Pressure="0"/>
        <Point X="399" Y="237" T="0" Pressure="0"/>
        <Point X="395" Y="233" T="0" Pressure="0"/>
        <Point X="391" Y="229" T="0" Pressure="0"/>
        <Point X="387" Y="227" T="0" Pressure="0"/>
        <Point X="383" Y="224" T="0" Pressure="0"/>
        <Point X="379" Y="222" T="0" Pressure="0"/>
        <Point X="375" Y="221" T="0" Pressure="0"/>
        <Point X="371" Y="221" T="0" Pressure="0"/>
        <Point X="366" Y="221" T="0" Pressure="0"/>
        <Point X="363" Y="221" T="0" Pressure="0"/>
        <Point X="360" Y="221" T="0" Pressure="0"/>
        <Point X="357" Y="221" T="0" Pressure="0"/>
        <Point X="355" Y="222" T="0" Pressure="0"/>
        <Point X="353" Y="223" T="0" Pressure="0"/>
        <Point X="350" Y="226" T="0" Pressure="0"/>
        <Point X="349" Y="227" T="0" Pressure="0"/>
    </Stroke>
    <Stroke index="2">
        <Point X="444" Y="189" T="0" Pressure="0"/>
        <Point X="441" Y="190" T="0" Pressure="0"/>
        <Point X="439" Y="191" T="0" Pressure="0"/>
        <Point X="438" Y="192" T="0" Pressure="0"/>
        <Point X="436" Y="193" T="0" Pressure="0"/>
        <Point X="434" Y="196" T="0" Pressure="0"/>
        <Point X="431" Y="197" T="0" Pressure="0"/>
        <Point X="428" Y="201" T="0" Pressure="0"/>
        <Point X="424" Y="203" T="0" Pressure="0"/>
        <Point X="421" Y="207" T="0" Pressure="0"/>
        <Point X="417" Y="211" T="0" Pressure="0"/>
        <Point X="413" Y="215" T="0" Pressure="0"/>
        <Point X="408" Y="221" T="0" Pressure="0"/>
        <Point X="402" Y="226" T="0" Pressure="0"/>
        <Point X="396" Y="232" T="0" Pressure="0"/>
        <Point X="390" Y="238" T="0" Pressure="0"/>
        <Point X="384" Y="244" T="0" Pressure="0"/>
        <Point X="379" Y="251" T="0" Pressure="0"/>
        <Point X="372" Y="258" T="0" Pressure="0"/>
        <Point X="367" Y="265" T="0" Pressure="0"/>
        <Point X="361" Y="271" T="0" Pressure="0"/>
        <Point X="356" Y="278" T="0" Pressure="0"/>
        <Point X="352" Y="284" T="0" Pressure="0"/>
        <Point X="347" Y="291" T="0" Pressure="0"/>
        <Point X="342" Y="297" T="0" Pressure="0"/>
        <Point X="338" Y="304" T="0" Pressure="0"/>
        <Point X="335" Y="310" T="0" Pressure="0"/>
        <Point X="333" Y="314" T="0" Pressure="0"/>
        <Point X="330" Y="320" T="0" Pressure="0"/>
        <Point X="327" Y="324" T="0" Pressure="0"/>
        <Point X="325" Y="329" T="0" Pressure="0"/>
        <Point X="322" Y="334" T="0" Pressure="0"/>
        <Point X="319" Y="337" T="0" Pressure="0"/>
        <Point X="318" Y="340" T="0" Pressure="0"/>
        <Point X="316" Y="342" T="0" Pressure="0"/>
        <Point X="314" Y="345" T="0" Pressure="0"/>
        <Point X="312" Y="347" T="0" Pressure="0"/>
        <Point X="311" Y="349" T="0" Pressure="0"/>
        <Point X="310" Y="349" T="0" Pressure="0"/>
        <Point X="309" Y="351" T="0" Pressure="0"/>
        <Point X="308" Y="351" T="0" Pressure="0"/>
        <Point X="307" Y="351" T="0" Pressure="0"/>
        <Point X="307" Y="350" T="0" Pressure="0"/>
        <Point X="307" Y="349" T="0" Pressure="0"/>
        <Point X="308" Y="348" T="0" Pressure="0"/>
    </Stroke>
</Gesture>
