<?xml version="1.0" ?>
<Gesture Name="arrowhead~01" Subject="2" Number="1" NumPts="104" InputType="stylus" Speed="MEDIUM">
    <Stroke index="1">
        <Point X="270" Y="306" T="0" Pressure="0"/>
        <Point X="269" Y="306" T="0" Pressure="0"/>
        <Point X="266" Y="306" T="0" Pressure="0"/>
        <Point X="265" Y="306" T="0" Pressure="0"/>
        <Point X="266" Y="306" T="0" Pressure="0"/>
        <Point X="267" Y="306" T="0" Pressure="0"/>
        <Point X="268" Y="306" T="0" Pressure="0"/>
        <Point X="270" Y="306" T="0" Pressure="0"/>
        <Point X="272" Y="306" T="0" Pressure="0"/>
        <Point X="274" Y="306" T="0" Pressure="0"/>
        <Point X="277" Y="306" T="0" Pressure="0"/>
        <Point X="280" Y="306" T="0" Pressure="0"/>
        <Point X="283" Y="306" T="0" Pressure="0"/>
        <Point X="286" Y="306" T="0" Pressure="0"/>
        <Point X="290" Y="306" T="0" Pressure="0"/>
        <Point X="295" Y="306" T="0" Pressure="0"/>
        <Point X="300" Y="305" T="0" Pressure="0"/>
        <Point X="307" Y="304" T="0" Pressure="0"/>
        <Point X="314" Y="304" T="0" Pressure="0"/>
        <Point X="320" Y="303" T="0" Pressure="0"/>
        <Point X="327" Y="303" T="0" Pressure="0"/>
        <Point X="335" Y="302" T="0" Pressure="0"/>
        <Point X="343" Y="301" T="0" Pressure="0"/>
        <Point X="350" Y="300" T="0" Pressure="0"/>
        <Point X="359" Y="299" T="0" Pressure="0"/>
        <Point X="366" Y="298" T="0" Pressure="0"/>
        <Point X="373" Y="297" T="0" Pressure="0"/>
        <Point X="380" Y="297" T="0" Pressure="0"/>
        <Point X="402" Y="295" T="0" Pressure="0"/>
        <Point X="409" Y="294" T="0" Pressure="0"/>
        <Point X="415" Y="294" T="0" Pressure="0"/>
        <Point X="420" Y="293" T="0" Pressure="0"/>
        <Point X="427" Y="293" T="0" Pressure="0"/>
        <Point X="432" Y="293" T="0" Pressure="0"/>
        <Point X="442" Y="293" T="0" Pressure="0"/>
        <Point X="446" Y="293" T="0" Pressure="0"/>
        <Point X="450" Y="293" T="0" Pressure="0"/>
        <Point X="454" Y="293" T="0" Pressure="0"/>
        <Point X="457" Y="293" T="0" Pressure="0"/>
        <Point X="460" Y="293" T="0" Pressure="0"/>
        <Point X="462" Y="293" T="0" Pressure="0"/>
        <Point X="465" Y="293" T="0" Pressure="0"/>
        <Point X="466" Y="293" T="0" Pressure="0"/>
        <Point X="468" Y="293" T="0" Pressure="0"/>
        <Point X="469" Y="293" T="0" Pressure="0"/>
        <Point X="470" Y="293" T="0" Pressure="0"/>
    </Stroke>
    <Stroke index="2">
        <Point X="432" Y="240" T="0" Pressure="0"/>
        <Point X="431" Y="239" T="0" Pressure="0"/>
        <Point X="429" Y="238" T="0" Pressure="0"/>
        <Point X="428" Y="238" T="0" Pressure="0"/>
        <Point X="428" Y="237" T="0" Pressure="0"/>
        <Point X="428" Y="238" T="0" Pressure="0"/>
        <Point X="429" Y="239" T="0" Pressure="0"/>
        <Point X="431" Y="239" T="0" Pressure="0"/>
        <Point X="432" Y="240" T="0" Pressure="0"/>
        <Point X="433" Y="241" T="0" Pressure="0"/>
        <Point X="435" Y="242" T="0" Pressure="0"/>
        <Point X="436" Y="242" T="0" Pressure="0"/>
        <Point X="439" Y="244" T="0" Pressure="0"/>
        <Point X="440" Y="245" T="0" Pressure="0"/>
        <Point X="442" Y="246" T="0" Pressure="0"/>
        <Point X="444" Y="247" T="0" Pressure="0"/>
        <Point X="447" Y="248" T="0" Pressure="0"/>
        <Point X="450" Y="251" T="0" Pressure="0"/>
        <Point X="457" Y="255" T="0" Pressure="0"/>
        <Point X="460" Y="257" T="0" Pressure="0"/>
        <Point X="463" Y="259" T="0" Pressure="0"/>
        <Point X="467" Y="262" T="0" Pressure="0"/>
        <Point X="470" Y="265" T="0" Pressure="0"/>
        <Point X="473" Y="267" T="0" Pressure="0"/>
        <Point X="476" Y="270" T="0" Pressure="0"/>
        <Point X="478" Y="272" T="0" Pressure="0"/>
        <Point X="480" Y="274" T="0" Pressure="0"/>
        <Point X="483" Y="277" T="0" Pressure="0"/>
        <Point X="484" Y="279" T="0" Pressure="0"/>
        <Point X="486" Y="282" T="0" Pressure="0"/>
        <Point X="488" Y="284" T="0" Pressure="0"/>
        <Point X="488" Y="286" T="0" Pressure="0"/>
        <Point X="490" Y="288" T="0" Pressure="0"/>
        <Point X="491" Y="292" T="0" Pressure="0"/>
        <Point X="492" Y="294" T="0" Pressure="0"/>
        <Point X="492" Y="296" T="0" Pressure="0"/>
        <Point X="492" Y="297" T="0" Pressure="0"/>
        <Point X="492" Y="298" T="0" Pressure="0"/>
        <Point X="491" Y="301" T="0" Pressure="0"/>
        <Point X="490" Y="303" T="0" Pressure="0"/>
        <Point X="488" Y="305" T="0" Pressure="0"/>
        <Point X="486" Y="308" T="0" Pressure="0"/>
        <Point X="484" Y="311" T="0" Pressure="0"/>
        <Point X="481" Y="313" T="0" Pressure="0"/>
        <Point X="478" Y="315" T="0" Pressure="0"/>
        <Point X="474" Y="318" T="0" Pressure="0"/>
        <Point X="470" Y="321" T="0" Pressure="0"/>
        <Point X="467" Y="324" T="0" Pressure="0"/>
        <Point X="463" Y="327" T="0" Pressure="0"/>
        <Point X="460" Y="330" T="0" Pressure="0"/>
        <Point X="457" Y="333" T="0" Pressure="0"/>
        <Point X="454" Y="336" T="0" Pressure="0"/>
        <Point X="450" Y="339" T="0" Pressure="0"/>
        <Point X="447" Y="341" T="0" Pressure="0"/>
        <Point X="445" Y="344" T="0" Pressure="0"/>
        <Point X="443" Y="347" T="0" Pressure="0"/>
        <Point X="440" Y="350" T="0" Pressure="0"/>
        <Point X="439" Y="353" T="0" Pressure="0"/>
    </Stroke>
</Gesture>
