<?xml version="1.0" ?>
<Gesture Name="N~04" Subject="2" Number="4" NumPts="110" InputType="stylus" Speed="MEDIUM">
    <Stroke index="1">
        <Point X="356" Y="265" T="0" Pressure="0"/>
        <Point X="355" Y="268" T="0" Pressure="0"/>
        <Point X="355" Y="269" T="0" Pressure="0"/>
        <Point X="354" Y="272" T="0" Pressure="0"/>
        <Point X="354" Y="274" T="0" Pressure="0"/>
        <Point X="353" Y="278" T="0" Pressure="0"/>
        <Point X="353" Y="286" T="0" Pressure="0"/>
        <Point X="353" Y="290" T="0" Pressure="0"/>
        <Point X="352" Y="295" T="0" Pressure="0"/>
        <Point X="352" Y="300" T="0" Pressure="0"/>
        <Point X="352" Y="305" T="0" Pressure="0"/>
        <Point X="352" Y="311" T="0" Pressure="0"/>
        <Point X="352" Y="316" T="0" Pressure="0"/>
        <Point X="352" Y="321" T="0" Pressure="0"/>
        <Point X="352" Y="325" T="0" Pressure="0"/>
        <Point X="352" Y="329" T="0" Pressure="0"/>
        <Point X="352" Y="334" T="0" Pressure="0"/>
        <Point X="352" Y="338" T="0" Pressure="0"/>
        <Point X="352" Y="342" T="0" Pressure="0"/>
        <Point X="353" Y="346" T="0" Pressure="0"/>
        <Point X="353" Y="349" T="0" Pressure="0"/>
        <Point X="353" Y="352" T="0" Pressure="0"/>
        <Point X="353" Y="356" T="0" Pressure="0"/>
        <Point X="353" Y="358" T="0" Pressure="0"/>
        <Point X="353" Y="361" T="0" Pressure="0"/>
        <Point X="353" Y="363" T="0" Pressure="0"/>
        <Point X="353" Y="365" T="0" Pressure="0"/>
        <Point X="353" Y="366" T="0" Pressure="0"/>
        <Point X="353" Y="368" T="0" Pressure="0"/>
        <Point X="353" Y="369" T="0" Pressure="0"/>
        <Point X="353" Y="371" T="0" Pressure="0"/>
    </Stroke>
    <Stroke index="2">
        <Point X="354" Y="271" T="0" Pressure="0"/>
        <Point X="354" Y="269" T="0" Pressure="0"/>
        <Point X="354" Y="268" T="0" Pressure="0"/>
        <Point X="354" Y="267" T="0" Pressure="0"/>
        <Point X="355" Y="267" T="0" Pressure="0"/>
        <Point X="356" Y="267" T="0" Pressure="0"/>
        <Point X="356" Y="268" T="0" Pressure="0"/>
        <Point X="357" Y="268" T="0" Pressure="0"/>
        <Point X="359" Y="269" T="0" Pressure="0"/>
        <Point X="360" Y="271" T="0" Pressure="0"/>
        <Point X="361" Y="272" T="0" Pressure="0"/>
        <Point X="363" Y="274" T="0" Pressure="0"/>
        <Point X="364" Y="276" T="0" Pressure="0"/>
        <Point X="367" Y="278" T="0" Pressure="0"/>
        <Point X="369" Y="281" T="0" Pressure="0"/>
        <Point X="371" Y="284" T="0" Pressure="0"/>
        <Point X="378" Y="290" T="0" Pressure="0"/>
        <Point X="381" Y="294" T="0" Pressure="0"/>
        <Point X="384" Y="298" T="0" Pressure="0"/>
        <Point X="389" Y="303" T="0" Pressure="0"/>
        <Point X="392" Y="307" T="0" Pressure="0"/>
        <Point X="395" Y="311" T="0" Pressure="0"/>
        <Point X="399" Y="314" T="0" Pressure="0"/>
        <Point X="403" Y="318" T="0" Pressure="0"/>
        <Point X="406" Y="322" T="0" Pressure="0"/>
        <Point X="410" Y="327" T="0" Pressure="0"/>
        <Point X="413" Y="330" T="0" Pressure="0"/>
        <Point X="417" Y="334" T="0" Pressure="0"/>
        <Point X="420" Y="338" T="0" Pressure="0"/>
        <Point X="424" Y="340" T="0" Pressure="0"/>
        <Point X="427" Y="344" T="0" Pressure="0"/>
        <Point X="429" Y="347" T="0" Pressure="0"/>
        <Point X="432" Y="350" T="0" Pressure="0"/>
        <Point X="435" Y="353" T="0" Pressure="0"/>
        <Point X="437" Y="356" T="0" Pressure="0"/>
        <Point X="439" Y="358" T="0" Pressure="0"/>
        <Point X="442" Y="360" T="0" Pressure="0"/>
        <Point X="444" Y="362" T="0" Pressure="0"/>
        <Point X="447" Y="363" T="0" Pressure="0"/>
        <Point X="448" Y="364" T="0" Pressure="0"/>
        <Point X="450" Y="365" T="0" Pressure="0"/>
        <Point X="454" Y="366" T="0" Pressure="0"/>
        <Point X="455" Y="366" T="0" Pressure="0"/>
        <Point X="456" Y="366" T="0" Pressure="0"/>
    </Stroke>
    <Stroke index="3">
        <Point X="447" Y="265" T="0" Pressure="0"/>
        <Point X="447" Y="264" T="0" Pressure="0"/>
        <Point X="446" Y="264" T="0" Pressure="0"/>
        <Point X="446" Y="263" T="0" Pressure="0"/>
        <Point X="446" Y="264" T="0" Pressure="0"/>
        <Point X="446" Y="266" T="0" Pressure="0"/>
        <Point X="446" Y="268" T="0" Pressure="0"/>
        <Point X="446" Y="271" T="0" Pressure="0"/>
        <Point X="446" Y="274" T="0" Pressure="0"/>
        <Point X="445" Y="278" T="0" Pressure="0"/>
        <Point X="445" Y="282" T="0" Pressure="0"/>
        <Point X="444" Y="286" T="0" Pressure="0"/>
        <Point X="444" Y="296" T="0" Pressure="0"/>
        <Point X="443" Y="301" T="0" Pressure="0"/>
        <Point X="443" Y="307" T="0" Pressure="0"/>
        <Point X="443" Y="312" T="0" Pressure="0"/>
        <Point X="443" Y="318" T="0" Pressure="0"/>
        <Point X="443" Y="323" T="0" Pressure="0"/>
        <Point X="443" Y="327" T="0" Pressure="0"/>
        <Point X="443" Y="333" T="0" Pressure="0"/>
        <Point X="443" Y="337" T="0" Pressure="0"/>
        <Point X="443" Y="341" T="0" Pressure="0"/>
        <Point X="443" Y="346" T="0" Pressure="0"/>
        <Point X="443" Y="348" T="0" Pressure="0"/>
        <Point X="443" Y="352" T="0" Pressure="0"/>
        <Point X="443" Y="354" T="0" Pressure="0"/>
        <Point X="444" Y="357" T="0" Pressure="0"/>
        <Point X="444" Y="359" T="0" Pressure="0"/>
        <Point X="445" Y="361" T="0" Pressure="0"/>
        <Point X="446" Y="363" T="0" Pressure="0"/>
        <Point X="446" Y="365" T="0" Pressure="0"/>
        <Point X="446" Y="367" T="0" Pressure="0"/>
        <Point X="445" Y="367" T="0" Pressure="0"/>
        <Point X="444" Y="367" T="0" Pressure="0"/>
        <Point X="444" Y="368" T="0" Pressure="0"/>
    </Stroke>
</Gesture>
