<?xml version="1.0" ?>
<Gesture Name="N~03" Subject="2" Number="3" NumPts="104" InputType="stylus" Speed="MEDIUM">
    <Stroke index="1">
        <Point X="357" Y="277" T="0" Pressure="0"/>
        <Point X="356" Y="281" T="0" Pressure="0"/>
        <Point X="356" Y="284" T="0" Pressure="0"/>
        <Point X="356" Y="287" T="0" Pressure="0"/>
        <Point X="356" Y="290" T="0" Pressure="0"/>
        <Point X="356" Y="294" T="0" Pressure="0"/>
        <Point X="355" Y="304" T="0" Pressure="0"/>
        <Point X="355" Y="309" T="0" Pressure="0"/>
        <Point X="355" Y="314" T="0" Pressure="0"/>
        <Point X="354" Y="319" T="0" Pressure="0"/>
        <Point X="354" Y="324" T="0" Pressure="0"/>
        <Point X="354" Y="330" T="0" Pressure="0"/>
        <Point X="353" Y="335" T="0" Pressure="0"/>
        <Point X="353" Y="338" T="0" Pressure="0"/>
        <Point X="353" Y="342" T="0" Pressure="0"/>
        <Point X="353" Y="346" T="0" Pressure="0"/>
        <Point X="353" Y="349" T="0" Pressure="0"/>
        <Point X="353" Y="353" T="0" Pressure="0"/>
        <Point X="353" Y="356" T="0" Pressure="0"/>
        <Point X="353" Y="358" T="0" Pressure="0"/>
        <Point X="353" Y="360" T="0" Pressure="0"/>
        <Point X="353" Y="362" T="0" Pressure="0"/>
        <Point X="353" Y="363" T="0" Pressure="0"/>
        <Point X="353" Y="364" T="0" Pressure="0"/>
        <Point X="353" Y="365" T="0" Pressure="0"/>
        <Point X="352" Y="365" T="0" Pressure="0"/>
        <Point X="352" Y="364" T="0" Pressure="0"/>
        <Point X="352" Y="363" T="0" Pressure="0"/>
        <Point X="352" Y="362" T="0" Pressure="0"/>
    </Stroke>
    <Stroke index="2">
        <Point X="351" Y="273" T="0" Pressure="0"/>
        <Point X="351" Y="272" T="0" Pressure="0"/>
        <Point X="351" Y="271" T="0" Pressure="0"/>
        <Point X="352" Y="271" T="0" Pressure="0"/>
        <Point X="353" Y="271" T="0" Pressure="0"/>
        <Point X="355" Y="271" T="0" Pressure="0"/>
        <Point X="356" Y="271" T="0" Pressure="0"/>
        <Point X="359" Y="272" T="0" Pressure="0"/>
        <Point X="361" Y="273" T="0" Pressure="0"/>
        <Point X="364" Y="274" T="0" Pressure="0"/>
        <Point X="367" Y="276" T="0" Pressure="0"/>
        <Point X="370" Y="278" T="0" Pressure="0"/>
        <Point X="374" Y="281" T="0" Pressure="0"/>
        <Point X="378" Y="284" T="0" Pressure="0"/>
        <Point X="384" Y="290" T="0" Pressure="0"/>
        <Point X="388" Y="294" T="0" Pressure="0"/>
        <Point X="392" Y="299" T="0" Pressure="0"/>
        <Point X="396" Y="304" T="0" Pressure="0"/>
        <Point X="399" Y="309" T="0" Pressure="0"/>
        <Point X="402" Y="313" T="0" Pressure="0"/>
        <Point X="406" Y="317" T="0" Pressure="0"/>
        <Point X="409" Y="321" T="0" Pressure="0"/>
        <Point X="413" Y="326" T="0" Pressure="0"/>
        <Point X="416" Y="330" T="0" Pressure="0"/>
        <Point X="419" Y="334" T="0" Pressure="0"/>
        <Point X="421" Y="337" T="0" Pressure="0"/>
        <Point X="424" Y="339" T="0" Pressure="0"/>
        <Point X="426" Y="342" T="0" Pressure="0"/>
        <Point X="428" Y="345" T="0" Pressure="0"/>
        <Point X="431" Y="347" T="0" Pressure="0"/>
        <Point X="432" Y="349" T="0" Pressure="0"/>
        <Point X="434" Y="351" T="0" Pressure="0"/>
        <Point X="436" Y="352" T="0" Pressure="0"/>
        <Point X="439" Y="353" T="0" Pressure="0"/>
        <Point X="440" Y="353" T="0" Pressure="0"/>
        <Point X="442" Y="353" T="0" Pressure="0"/>
        <Point X="443" Y="353" T="0" Pressure="0"/>
        <Point X="444" Y="352" T="0" Pressure="0"/>
        <Point X="445" Y="352" T="0" Pressure="0"/>
        <Point X="446" Y="351" T="0" Pressure="0"/>
    </Stroke>
    <Stroke index="3">
        <Point X="437" Y="271" T="0" Pressure="0"/>
        <Point X="436" Y="271" T="0" Pressure="0"/>
        <Point X="435" Y="272" T="0" Pressure="0"/>
        <Point X="435" Y="273" T="0" Pressure="0"/>
        <Point X="435" Y="275" T="0" Pressure="0"/>
        <Point X="435" Y="277" T="0" Pressure="0"/>
        <Point X="435" Y="279" T="0" Pressure="0"/>
        <Point X="435" Y="283" T="0" Pressure="0"/>
        <Point X="435" Y="287" T="0" Pressure="0"/>
        <Point X="435" Y="290" T="0" Pressure="0"/>
        <Point X="435" Y="294" T="0" Pressure="0"/>
        <Point X="435" Y="299" T="0" Pressure="0"/>
        <Point X="435" Y="308" T="0" Pressure="0"/>
        <Point X="435" Y="312" T="0" Pressure="0"/>
        <Point X="435" Y="316" T="0" Pressure="0"/>
        <Point X="435" Y="320" T="0" Pressure="0"/>
        <Point X="435" Y="323" T="0" Pressure="0"/>
        <Point X="435" Y="327" T="0" Pressure="0"/>
        <Point X="435" Y="331" T="0" Pressure="0"/>
        <Point X="435" Y="334" T="0" Pressure="0"/>
        <Point X="435" Y="338" T="0" Pressure="0"/>
        <Point X="435" Y="340" T="0" Pressure="0"/>
        <Point X="435" Y="342" T="0" Pressure="0"/>
        <Point X="436" Y="344" T="0" Pressure="0"/>
        <Point X="436" Y="346" T="0" Pressure="0"/>
        <Point X="436" Y="347" T="0" Pressure="0"/>
        <Point X="436" Y="348" T="0" Pressure="0"/>
        <Point X="436" Y="350" T="0" Pressure="0"/>
        <Point X="436" Y="351" T="0" Pressure="0"/>
        <Point X="436" Y="352" T="0" Pressure="0"/>
        <Point X="436" Y="353" T="0" Pressure="0"/>
        <Point X="436" Y="354" T="0" Pressure="0"/>
        <Point X="436" Y="355" T="0" Pressure="0"/>
        <Point X="436" Y="356" T="0" Pressure="0"/>
        <Point X="436" Y="357" T="0" Pressure="0"/>
    </Stroke>
</Gesture>
