<?xml version="1.0" ?>
<Gesture Name="T~01" Subject="2" Number="1" NumPts="169" InputType="stylus" Speed="MEDIUM">
    <Stroke index="1">
        <Point X="336" Y="264" T="0" Pressure="0"/>
        <Point X="336" Y="262" T="0" Pressure="0"/>
        <Point X="336" Y="261" T="0" Pressure="0"/>
        <Point X="336" Y="259" T="0" Pressure="0"/>
        <Point X="336" Y="258" T="0" Pressure="0"/>
        <Point X="337" Y="258" T="0" Pressure="0"/>
        <Point X="338" Y="258" T="0" Pressure="0"/>
        <Point X="339" Y="258" T="0" Pressure="0"/>
        <Point X="339" Y="259" T="0" Pressure="0"/>
        <Point X="340" Y="260" T="0" Pressure="0"/>
        <Point X="340" Y="262" T="0" Pressure="0"/>
        <Point X="341" Y="263" T="0" Pressure="0"/>
        <Point X="342" Y="266" T="0" Pressure="0"/>
        <Point X="343" Y="268" T="0" Pressure="0"/>
        <Point X="343" Y="270" T="0" Pressure="0"/>
        <Point X="343" Y="274" T="0" Pressure="0"/>
        <Point X="343" Y="277" T="0" Pressure="0"/>
        <Point X="344" Y="281" T="0" Pressure="0"/>
        <Point X="344" Y="290" T="0" Pressure="0"/>
        <Point X="344" Y="295" T="0" Pressure="0"/>
        <Point X="343" Y="302" T="0" Pressure="0"/>
        <Point X="343" Y="308" T="0" Pressure="0"/>
        <Point X="342" Y="316" T="0" Pressure="0"/>
        <Point X="341" Y="322" T="0" Pressure="0"/>
        <Point X="340" Y="328" T="0" Pressure="0"/>
        <Point X="340" Y="335" T="0" Pressure="0"/>
        <Point X="340" Y="342" T="0" Pressure="0"/>
        <Point X="340" Y="346" T="0" Pressure="0"/>
        <Point X="340" Y="351" T="0" Pressure="0"/>
        <Point X="340" Y="359" T="0" Pressure="0"/>
        <Point X="340" Y="362" T="0" Pressure="0"/>
        <Point X="341" Y="366" T="0" Pressure="0"/>
        <Point X="342" Y="368" T="0" Pressure="0"/>
        <Point X="342" Y="370" T="0" Pressure="0"/>
        <Point X="342" Y="372" T="0" Pressure="0"/>
        <Point X="343" Y="373" T="0" Pressure="0"/>
        <Point X="343" Y="374" T="0" Pressure="0"/>
        <Point X="343" Y="376" T="0" Pressure="0"/>
        <Point X="343" Y="375" T="0" Pressure="0"/>
    </Stroke>
    <Stroke index="2">
        <Point X="335" Y="269" T="0" Pressure="0"/>
        <Point X="334" Y="266" T="0" Pressure="0"/>
        <Point X="334" Y="264" T="0" Pressure="0"/>
        <Point X="335" Y="265" T="0" Pressure="0"/>
        <Point X="335" Y="266" T="0" Pressure="0"/>
        <Point X="336" Y="267" T="0" Pressure="0"/>
        <Point X="337" Y="268" T="0" Pressure="0"/>
        <Point X="338" Y="269" T="0" Pressure="0"/>
        <Point X="339" Y="271" T="0" Pressure="0"/>
        <Point X="342" Y="276" T="0" Pressure="0"/>
        <Point X="343" Y="277" T="0" Pressure="0"/>
        <Point X="345" Y="280" T="0" Pressure="0"/>
        <Point X="347" Y="283" T="0" Pressure="0"/>
        <Point X="350" Y="286" T="0" Pressure="0"/>
        <Point X="353" Y="290" T="0" Pressure="0"/>
        <Point X="356" Y="294" T="0" Pressure="0"/>
        <Point X="360" Y="299" T="0" Pressure="0"/>
        <Point X="364" Y="303" T="0" Pressure="0"/>
        <Point X="368" Y="308" T="0" Pressure="0"/>
        <Point X="376" Y="318" T="0" Pressure="0"/>
        <Point X="380" Y="322" T="0" Pressure="0"/>
        <Point X="384" Y="326" T="0" Pressure="0"/>
        <Point X="392" Y="334" T="0" Pressure="0"/>
        <Point X="395" Y="338" T="0" Pressure="0"/>
        <Point X="399" Y="341" T="0" Pressure="0"/>
        <Point X="406" Y="346" T="0" Pressure="0"/>
        <Point X="409" Y="349" T="0" Pressure="0"/>
        <Point X="411" Y="351" T="0" Pressure="0"/>
        <Point X="417" Y="356" T="0" Pressure="0"/>
        <Point X="419" Y="357" T="0" Pressure="0"/>
        <Point X="421" Y="358" T="0" Pressure="0"/>
        <Point X="425" Y="361" T="0" Pressure="0"/>
        <Point X="426" Y="361" T="0" Pressure="0"/>
        <Point X="428" Y="362" T="0" Pressure="0"/>
        <Point X="429" Y="363" T="0" Pressure="0"/>
        <Point X="430" Y="363" T="0" Pressure="0"/>
    </Stroke>
    <Stroke index="3">
        <Point X="421" Y="268" T="0" Pressure="0"/>
        <Point X="419" Y="266" T="0" Pressure="0"/>
        <Point X="418" Y="263" T="0" Pressure="0"/>
        <Point X="418" Y="264" T="0" Pressure="0"/>
        <Point X="418" Y="266" T="0" Pressure="0"/>
        <Point X="418" Y="268" T="0" Pressure="0"/>
        <Point X="419" Y="269" T="0" Pressure="0"/>
        <Point X="420" Y="274" T="0" Pressure="0"/>
        <Point X="421" Y="277" T="0" Pressure="0"/>
        <Point X="421" Y="280" T="0" Pressure="0"/>
        <Point X="422" Y="288" T="0" Pressure="0"/>
        <Point X="422" Y="292" T="0" Pressure="0"/>
        <Point X="423" Y="297" T="0" Pressure="0"/>
        <Point X="424" Y="307" T="0" Pressure="0"/>
        <Point X="424" Y="313" T="0" Pressure="0"/>
        <Point X="424" Y="318" T="0" Pressure="0"/>
        <Point X="424" Y="328" T="0" Pressure="0"/>
        <Point X="424" Y="334" T="0" Pressure="0"/>
        <Point X="424" Y="339" T="0" Pressure="0"/>
        <Point X="424" Y="344" T="0" Pressure="0"/>
        <Point X="425" Y="353" T="0" Pressure="0"/>
        <Point X="425" Y="357" T="0" Pressure="0"/>
        <Point X="425" Y="364" T="0" Pressure="0"/>
        <Point X="425" Y="367" T="0" Pressure="0"/>
        <Point X="426" Y="369" T="0" Pressure="0"/>
        <Point X="427" Y="373" T="0" Pressure="0"/>
        <Point X="427" Y="374" T="0" Pressure="0"/>
        <Point X="428" Y="376" T="0" Pressure="0"/>
        <Point X="428" Y="377" T="0" Pressure="0"/>
        <Point X="428" Y="378" T="0" Pressure="0"/>
    </Stroke>
    <Stroke index="4">
        <Point X="316" Y="272" T="0" Pressure="0"/>
        <Point X="316" Y="271" T="0" Pressure="0"/>
        <Point X="317" Y="271" T="0" Pressure="0"/>
        <Point X="318" Y="271" T="0" Pressure="0"/>
        <Point X="319" Y="271" T="0" Pressure="0"/>
        <Point X="322" Y="270" T="0" Pressure="0"/>
        <Point X="324" Y="270" T="0" Pressure="0"/>
        <Point X="327" Y="269" T="0" Pressure="0"/>
        <Point X="330" Y="269" T="0" Pressure="0"/>
        <Point X="335" Y="268" T="0" Pressure="0"/>
        <Point X="340" Y="267" T="0" Pressure="0"/>
        <Point X="345" Y="266" T="0" Pressure="0"/>
        <Point X="351" Y="265" T="0" Pressure="0"/>
        <Point X="358" Y="264" T="0" Pressure="0"/>
        <Point X="364" Y="264" T="0" Pressure="0"/>
        <Point X="370" Y="263" T="0" Pressure="0"/>
        <Point X="376" Y="262" T="0" Pressure="0"/>
        <Point X="382" Y="261" T="0" Pressure="0"/>
        <Point X="387" Y="259" T="0" Pressure="0"/>
        <Point X="394" Y="259" T="0" Pressure="0"/>
        <Point X="398" Y="258" T="0" Pressure="0"/>
        <Point X="402" Y="258" T="0" Pressure="0"/>
        <Point X="407" Y="257" T="0" Pressure="0"/>
        <Point X="415" Y="256" T="0" Pressure="0"/>
        <Point X="419" Y="256" T="0" Pressure="0"/>
        <Point X="421" Y="255" T="0" Pressure="0"/>
        <Point X="423" Y="255" T="0" Pressure="0"/>
        <Point X="424" Y="255" T="0" Pressure="0"/>
        <Point X="426" Y="255" T="0" Pressure="0"/>
        <Point X="427" Y="255" T="0" Pressure="0"/>
        <Point X="428" Y="255" T="0" Pressure="0"/>
        <Point X="428" Y="256" T="0" Pressure="0"/>
        <Point X="427" Y="257" T="0" Pressure="0"/>
        <Point X="425" Y="257" T="0" Pressure="0"/>
    </Stroke>
    <Stroke index="5">
        <Point X="374" Y="269" T="0" Pressure="0"/>
        <Point X="373" Y="266" T="0" Pressure="0"/>
        <Point X="373" Y="265" T="0" Pressure="0"/>
        <Point X="373" Y="264" T="0" Pressure="0"/>
        <Point X="374" Y="264" T="0" Pressure="0"/>
        <Point X="375" Y="264" T="0" Pressure="0"/>
        <Point X="375" Y="266" T="0" Pressure="0"/>
        <Point X="375" Y="267" T="0" Pressure="0"/>
        <Point X="375" Y="269" T="0" Pressure="0"/>
        <Point X="375" Y="271" T="0" Pressure="0"/>
        <Point X="376" Y="273" T="0" Pressure="0"/>
        <Point X="376" Y="279" T="0" Pressure="0"/>
        <Point X="376" Y="283" T="0" Pressure="0"/>
        <Point X="376" Y="286" T="0" Pressure="0"/>
        <Point X="375" Y="291" T="0" Pressure="0"/>
        <Point X="375" Y="302" T="0" Pressure="0"/>
        <Point X="375" Y="308" T="0" Pressure="0"/>
        <Point X="374" Y="319" T="0" Pressure="0"/>
        <Point X="373" Y="326" T="0" Pressure="0"/>
        <Point X="373" Y="331" T="0" Pressure="0"/>
        <Point X="373" Y="340" T="0" Pressure="0"/>
        <Point X="373" Y="344" T="0" Pressure="0"/>
        <Point X="373" Y="348" T="0" Pressure="0"/>
        <Point X="374" Y="355" T="0" Pressure="0"/>
        <Point X="374" Y="357" T="0" Pressure="0"/>
        <Point X="375" Y="360" T="0" Pressure="0"/>
        <Point X="375" Y="361" T="0" Pressure="0"/>
        <Point X="375" Y="363" T="0" Pressure="0"/>
        <Point X="376" Y="365" T="0" Pressure="0"/>
        <Point X="377" Y="366" T="0" Pressure="0"/>
    </Stroke>
</Gesture>
