<?xml version="1.0" ?>
<Gesture Name="N~09" Subject="2" Number="9" NumPts="111" InputType="stylus" Speed="MEDIUM">
    <Stroke index="1">
        <Point X="356" Y="260" T="0" Pressure="0"/>
        <Point X="355" Y="259" T="0" Pressure="0"/>
        <Point X="354" Y="259" T="0" Pressure="0"/>
        <Point X="354" Y="261" T="0" Pressure="0"/>
        <Point X="354" Y="263" T="0" Pressure="0"/>
        <Point X="354" Y="265" T="0" Pressure="0"/>
        <Point X="354" Y="268" T="0" Pressure="0"/>
        <Point X="354" Y="271" T="0" Pressure="0"/>
        <Point X="354" Y="275" T="0" Pressure="0"/>
        <Point X="353" Y="280" T="0" Pressure="0"/>
        <Point X="353" Y="286" T="0" Pressure="0"/>
        <Point X="353" Y="291" T="0" Pressure="0"/>
        <Point X="353" Y="297" T="0" Pressure="0"/>
        <Point X="353" Y="303" T="0" Pressure="0"/>
        <Point X="353" Y="309" T="0" Pressure="0"/>
        <Point X="353" Y="315" T="0" Pressure="0"/>
        <Point X="352" Y="326" T="0" Pressure="0"/>
        <Point X="352" Y="331" T="0" Pressure="0"/>
        <Point X="352" Y="336" T="0" Pressure="0"/>
        <Point X="352" Y="339" T="0" Pressure="0"/>
        <Point X="352" Y="343" T="0" Pressure="0"/>
        <Point X="352" Y="347" T="0" Pressure="0"/>
        <Point X="352" Y="351" T="0" Pressure="0"/>
        <Point X="352" Y="353" T="0" Pressure="0"/>
        <Point X="352" Y="356" T="0" Pressure="0"/>
        <Point X="352" Y="358" T="0" Pressure="0"/>
        <Point X="352" Y="361" T="0" Pressure="0"/>
        <Point X="352" Y="363" T="0" Pressure="0"/>
        <Point X="352" Y="364" T="0" Pressure="0"/>
        <Point X="353" Y="366" T="0" Pressure="0"/>
        <Point X="353" Y="369" T="0" Pressure="0"/>
        <Point X="353" Y="370" T="0" Pressure="0"/>
        <Point X="353" Y="371" T="0" Pressure="0"/>
        <Point X="354" Y="371" T="0" Pressure="0"/>
        <Point X="355" Y="371" T="0" Pressure="0"/>
    </Stroke>
    <Stroke index="2">
        <Point X="350" Y="262" T="0" Pressure="0"/>
        <Point X="349" Y="259" T="0" Pressure="0"/>
        <Point X="349" Y="258" T="0" Pressure="0"/>
        <Point X="349" Y="257" T="0" Pressure="0"/>
        <Point X="349" Y="256" T="0" Pressure="0"/>
        <Point X="349" Y="254" T="0" Pressure="0"/>
        <Point X="351" Y="253" T="0" Pressure="0"/>
        <Point X="352" Y="253" T="0" Pressure="0"/>
        <Point X="353" Y="253" T="0" Pressure="0"/>
        <Point X="355" Y="254" T="0" Pressure="0"/>
        <Point X="356" Y="254" T="0" Pressure="0"/>
        <Point X="359" Y="256" T="0" Pressure="0"/>
        <Point X="362" Y="258" T="0" Pressure="0"/>
        <Point X="364" Y="260" T="0" Pressure="0"/>
        <Point X="366" Y="262" T="0" Pressure="0"/>
        <Point X="368" Y="265" T="0" Pressure="0"/>
        <Point X="371" Y="267" T="0" Pressure="0"/>
        <Point X="373" Y="271" T="0" Pressure="0"/>
        <Point X="376" Y="274" T="0" Pressure="0"/>
        <Point X="382" Y="284" T="0" Pressure="0"/>
        <Point X="386" Y="289" T="0" Pressure="0"/>
        <Point X="389" Y="295" T="0" Pressure="0"/>
        <Point X="396" Y="307" T="0" Pressure="0"/>
        <Point X="399" Y="313" T="0" Pressure="0"/>
        <Point X="403" Y="319" T="0" Pressure="0"/>
        <Point X="410" Y="331" T="0" Pressure="0"/>
        <Point X="413" Y="335" T="0" Pressure="0"/>
        <Point X="417" Y="339" T="0" Pressure="0"/>
        <Point X="420" Y="343" T="0" Pressure="0"/>
        <Point X="424" Y="347" T="0" Pressure="0"/>
        <Point X="427" Y="351" T="0" Pressure="0"/>
        <Point X="430" Y="353" T="0" Pressure="0"/>
        <Point X="435" Y="359" T="0" Pressure="0"/>
        <Point X="439" Y="361" T="0" Pressure="0"/>
        <Point X="441" Y="363" T="0" Pressure="0"/>
        <Point X="446" Y="367" T="0" Pressure="0"/>
        <Point X="448" Y="369" T="0" Pressure="0"/>
        <Point X="450" Y="371" T="0" Pressure="0"/>
        <Point X="454" Y="372" T="0" Pressure="0"/>
        <Point X="455" Y="373" T="0" Pressure="0"/>
        <Point X="458" Y="373" T="0" Pressure="0"/>
    </Stroke>
    <Stroke index="3">
        <Point X="446" Y="273" T="0" Pressure="0"/>
        <Point X="444" Y="271" T="0" Pressure="0"/>
        <Point X="444" Y="269" T="0" Pressure="0"/>
        <Point X="443" Y="267" T="0" Pressure="0"/>
        <Point X="443" Y="265" T="0" Pressure="0"/>
        <Point X="443" Y="264" T="0" Pressure="0"/>
        <Point X="443" Y="263" T="0" Pressure="0"/>
        <Point X="443" Y="264" T="0" Pressure="0"/>
        <Point X="443" Y="265" T="0" Pressure="0"/>
        <Point X="443" Y="267" T="0" Pressure="0"/>
        <Point X="443" Y="269" T="0" Pressure="0"/>
        <Point X="443" Y="272" T="0" Pressure="0"/>
        <Point X="443" Y="276" T="0" Pressure="0"/>
        <Point X="443" Y="279" T="0" Pressure="0"/>
        <Point X="442" Y="287" T="0" Pressure="0"/>
        <Point X="442" Y="292" T="0" Pressure="0"/>
        <Point X="441" Y="296" T="0" Pressure="0"/>
        <Point X="440" Y="307" T="0" Pressure="0"/>
        <Point X="439" Y="313" T="0" Pressure="0"/>
        <Point X="439" Y="328" T="0" Pressure="0"/>
        <Point X="439" Y="333" T="0" Pressure="0"/>
        <Point X="439" Y="344" T="0" Pressure="0"/>
        <Point X="439" Y="347" T="0" Pressure="0"/>
        <Point X="439" Y="350" T="0" Pressure="0"/>
        <Point X="440" Y="355" T="0" Pressure="0"/>
        <Point X="441" Y="357" T="0" Pressure="0"/>
        <Point X="442" Y="359" T="0" Pressure="0"/>
        <Point X="442" Y="361" T="0" Pressure="0"/>
        <Point X="443" Y="363" T="0" Pressure="0"/>
        <Point X="443" Y="364" T="0" Pressure="0"/>
        <Point X="443" Y="365" T="0" Pressure="0"/>
        <Point X="443" Y="368" T="0" Pressure="0"/>
        <Point X="443" Y="370" T="0" Pressure="0"/>
        <Point X="443" Y="371" T="0" Pressure="0"/>
        <Point X="444" Y="371" T="0" Pressure="0"/>
    </Stroke>
</Gesture>
