<?xml version="1.0" ?>
<Gesture Name="arrowhead~04" Subject="2" Number="4" NumPts="108" InputType="stylus" Speed="MEDIUM">
    <Stroke index="1">
        <Point X="296" Y="341" T="0" Pressure="0"/>
        <Point X="297" Y="341" T="0" Pressure="0"/>
        <Point X="299" Y="341" T="0" Pressure="0"/>
        <Point X="300" Y="341" T="0" Pressure="0"/>
        <Point X="303" Y="340" T="0" Pressure="0"/>
        <Point X="305" Y="340" T="0" Pressure="0"/>
        <Point X="307" Y="339" T="0" Pressure="0"/>
        <Point X="310" Y="339" T="0" Pressure="0"/>
        <Point X="313" Y="339" T="0" Pressure="0"/>
        <Point X="320" Y="338" T="0" Pressure="0"/>
        <Point X="325" Y="338" T="0" Pressure="0"/>
        <Point X="330" Y="338" T="0" Pressure="0"/>
        <Point X="334" Y="337" T="0" Pressure="0"/>
        <Point X="340" Y="337" T="0" Pressure="0"/>
        <Point X="345" Y="336" T="0" Pressure="0"/>
        <Point X="350" Y="336" T="0" Pressure="0"/>
        <Point X="356" Y="335" T="0" Pressure="0"/>
        <Point X="374" Y="334" T="0" Pressure="0"/>
        <Point X="380" Y="333" T="0" Pressure="0"/>
        <Point X="386" Y="333" T="0" Pressure="0"/>
        <Point X="391" Y="333" T="0" Pressure="0"/>
        <Point X="398" Y="333" T="0" Pressure="0"/>
        <Point X="402" Y="333" T="0" Pressure="0"/>
        <Point X="408" Y="332" T="0" Pressure="0"/>
        <Point X="413" Y="332" T="0" Pressure="0"/>
        <Point X="422" Y="332" T="0" Pressure="0"/>
        <Point X="427" Y="332" T="0" Pressure="0"/>
        <Point X="431" Y="332" T="0" Pressure="0"/>
        <Point X="435" Y="331" T="0" Pressure="0"/>
        <Point X="439" Y="331" T="0" Pressure="0"/>
        <Point X="442" Y="331" T="0" Pressure="0"/>
        <Point X="445" Y="331" T="0" Pressure="0"/>
        <Point X="448" Y="331" T="0" Pressure="0"/>
        <Point X="450" Y="331" T="0" Pressure="0"/>
        <Point X="453" Y="331" T="0" Pressure="0"/>
        <Point X="454" Y="331" T="0" Pressure="0"/>
        <Point X="456" Y="331" T="0" Pressure="0"/>
        <Point X="458" Y="331" T="0" Pressure="0"/>
        <Point X="459" Y="331" T="0" Pressure="0"/>
        <Point X="460" Y="331" T="0" Pressure="0"/>
        <Point X="461" Y="331" T="0" Pressure="0"/>
    </Stroke>
    <Stroke index="2">
        <Point X="418" Y="282" T="0" Pressure="0"/>
        <Point X="417" Y="281" T="0" Pressure="0"/>
        <Point X="416" Y="280" T="0" Pressure="0"/>
        <Point X="415" Y="279" T="0" Pressure="0"/>
        <Point X="414" Y="279" T="0" Pressure="0"/>
        <Point X="413" Y="279" T="0" Pressure="0"/>
        <Point X="413" Y="280" T="0" Pressure="0"/>
        <Point X="413" Y="281" T="0" Pressure="0"/>
        <Point X="414" Y="281" T="0" Pressure="0"/>
        <Point X="414" Y="282" T="0" Pressure="0"/>
        <Point X="415" Y="283" T="0" Pressure="0"/>
        <Point X="416" Y="284" T="0" Pressure="0"/>
        <Point X="417" Y="284" T="0" Pressure="0"/>
        <Point X="420" Y="287" T="0" Pressure="0"/>
        <Point X="421" Y="288" T="0" Pressure="0"/>
        <Point X="424" Y="289" T="0" Pressure="0"/>
        <Point X="425" Y="290" T="0" Pressure="0"/>
        <Point X="428" Y="292" T="0" Pressure="0"/>
        <Point X="431" Y="294" T="0" Pressure="0"/>
        <Point X="434" Y="296" T="0" Pressure="0"/>
        <Point X="437" Y="297" T="0" Pressure="0"/>
        <Point X="440" Y="299" T="0" Pressure="0"/>
        <Point X="444" Y="302" T="0" Pressure="0"/>
        <Point X="448" Y="303" T="0" Pressure="0"/>
        <Point X="451" Y="305" T="0" Pressure="0"/>
        <Point X="455" Y="307" T="0" Pressure="0"/>
        <Point X="458" Y="309" T="0" Pressure="0"/>
        <Point X="461" Y="310" T="0" Pressure="0"/>
        <Point X="463" Y="311" T="0" Pressure="0"/>
        <Point X="466" Y="313" T="0" Pressure="0"/>
        <Point X="468" Y="313" T="0" Pressure="0"/>
        <Point X="470" Y="315" T="0" Pressure="0"/>
        <Point X="472" Y="316" T="0" Pressure="0"/>
        <Point X="473" Y="318" T="0" Pressure="0"/>
        <Point X="474" Y="319" T="0" Pressure="0"/>
        <Point X="477" Y="323" T="0" Pressure="0"/>
        <Point X="478" Y="326" T="0" Pressure="0"/>
        <Point X="479" Y="327" T="0" Pressure="0"/>
        <Point X="479" Y="328" T="0" Pressure="0"/>
        <Point X="480" Y="331" T="0" Pressure="0"/>
        <Point X="480" Y="332" T="0" Pressure="0"/>
        <Point X="480" Y="334" T="0" Pressure="0"/>
        <Point X="478" Y="336" T="0" Pressure="0"/>
        <Point X="478" Y="337" T="0" Pressure="0"/>
        <Point X="477" Y="338" T="0" Pressure="0"/>
        <Point X="476" Y="339" T="0" Pressure="0"/>
        <Point X="475" Y="340" T="0" Pressure="0"/>
        <Point X="473" Y="342" T="0" Pressure="0"/>
        <Point X="469" Y="347" T="0" Pressure="0"/>
        <Point X="467" Y="349" T="0" Pressure="0"/>
        <Point X="465" Y="352" T="0" Pressure="0"/>
        <Point X="463" Y="353" T="0" Pressure="0"/>
        <Point X="461" Y="355" T="0" Pressure="0"/>
        <Point X="458" Y="357" T="0" Pressure="0"/>
        <Point X="457" Y="358" T="0" Pressure="0"/>
        <Point X="454" Y="360" T="0" Pressure="0"/>
        <Point X="452" Y="361" T="0" Pressure="0"/>
        <Point X="450" Y="363" T="0" Pressure="0"/>
        <Point X="447" Y="364" T="0" Pressure="0"/>
        <Point X="445" Y="366" T="0" Pressure="0"/>
        <Point X="443" Y="368" T="0" Pressure="0"/>
        <Point X="440" Y="371" T="0" Pressure="0"/>
        <Point X="439" Y="372" T="0" Pressure="0"/>
        <Point X="436" Y="375" T="0" Pressure="0"/>
        <Point X="435" Y="377" T="0" Pressure="0"/>
        <Point X="434" Y="378" T="0" Pressure="0"/>
        <Point X="432" Y="381" T="0" Pressure="0"/>
    </Stroke>
</Gesture>
