<?xml version="1.0" ?>
<Gesture Name="arrowhead~06" Subject="2" Number="6" NumPts="96" InputType="stylus" Speed="MEDIUM">
    <Stroke index="1">
        <Point X="307" Y="351" T="0" Pressure="0"/>
        <Point X="311" Y="348" T="0" Pressure="0"/>
        <Point X="315" Y="348" T="0" Pressure="0"/>
        <Point X="318" Y="347" T="0" Pressure="0"/>
        <Point X="321" Y="346" T="0" Pressure="0"/>
        <Point X="329" Y="346" T="0" Pressure="0"/>
        <Point X="334" Y="346" T="0" Pressure="0"/>
        <Point X="338" Y="346" T="0" Pressure="0"/>
        <Point X="344" Y="346" T="0" Pressure="0"/>
        <Point X="349" Y="345" T="0" Pressure="0"/>
        <Point X="355" Y="344" T="0" Pressure="0"/>
        <Point X="360" Y="344" T="0" Pressure="0"/>
        <Point X="366" Y="344" T="0" Pressure="0"/>
        <Point X="372" Y="344" T="0" Pressure="0"/>
        <Point X="378" Y="343" T="0" Pressure="0"/>
        <Point X="384" Y="343" T="0" Pressure="0"/>
        <Point X="390" Y="343" T="0" Pressure="0"/>
        <Point X="395" Y="343" T="0" Pressure="0"/>
        <Point X="400" Y="343" T="0" Pressure="0"/>
        <Point X="410" Y="343" T="0" Pressure="0"/>
        <Point X="415" Y="343" T="0" Pressure="0"/>
        <Point X="419" Y="343" T="0" Pressure="0"/>
        <Point X="423" Y="343" T="0" Pressure="0"/>
        <Point X="427" Y="342" T="0" Pressure="0"/>
        <Point X="434" Y="342" T="0" Pressure="0"/>
        <Point X="437" Y="342" T="0" Pressure="0"/>
        <Point X="440" Y="342" T="0" Pressure="0"/>
        <Point X="443" Y="342" T="0" Pressure="0"/>
        <Point X="446" Y="341" T="0" Pressure="0"/>
        <Point X="448" Y="341" T="0" Pressure="0"/>
        <Point X="450" Y="341" T="0" Pressure="0"/>
        <Point X="453" Y="341" T="0" Pressure="0"/>
        <Point X="454" Y="341" T="0" Pressure="0"/>
        <Point X="456" Y="341" T="0" Pressure="0"/>
        <Point X="458" Y="341" T="0" Pressure="0"/>
        <Point X="459" Y="341" T="0" Pressure="0"/>
        <Point X="460" Y="341" T="0" Pressure="0"/>
        <Point X="461" Y="341" T="0" Pressure="0"/>
        <Point X="462" Y="340" T="0" Pressure="0"/>
    </Stroke>
    <Stroke index="2">
        <Point X="397" Y="302" T="0" Pressure="0"/>
        <Point X="396" Y="301" T="0" Pressure="0"/>
        <Point X="397" Y="301" T="0" Pressure="0"/>
        <Point X="398" Y="301" T="0" Pressure="0"/>
        <Point X="399" Y="301" T="0" Pressure="0"/>
        <Point X="401" Y="301" T="0" Pressure="0"/>
        <Point X="402" Y="302" T="0" Pressure="0"/>
        <Point X="404" Y="303" T="0" Pressure="0"/>
        <Point X="406" Y="303" T="0" Pressure="0"/>
        <Point X="409" Y="305" T="0" Pressure="0"/>
        <Point X="412" Y="306" T="0" Pressure="0"/>
        <Point X="414" Y="308" T="0" Pressure="0"/>
        <Point X="417" Y="309" T="0" Pressure="0"/>
        <Point X="420" Y="311" T="0" Pressure="0"/>
        <Point X="423" Y="313" T="0" Pressure="0"/>
        <Point X="427" Y="314" T="0" Pressure="0"/>
        <Point X="429" Y="316" T="0" Pressure="0"/>
        <Point X="432" Y="317" T="0" Pressure="0"/>
        <Point X="436" Y="319" T="0" Pressure="0"/>
        <Point X="439" Y="321" T="0" Pressure="0"/>
        <Point X="442" Y="322" T="0" Pressure="0"/>
        <Point X="446" Y="324" T="0" Pressure="0"/>
        <Point X="448" Y="326" T="0" Pressure="0"/>
        <Point X="451" Y="327" T="0" Pressure="0"/>
        <Point X="454" Y="328" T="0" Pressure="0"/>
        <Point X="457" Y="329" T="0" Pressure="0"/>
        <Point X="459" Y="330" T="0" Pressure="0"/>
        <Point X="470" Y="335" T="0" Pressure="0"/>
        <Point X="471" Y="336" T="0" Pressure="0"/>
        <Point X="472" Y="337" T="0" Pressure="0"/>
        <Point X="472" Y="338" T="0" Pressure="0"/>
        <Point X="471" Y="339" T="0" Pressure="0"/>
        <Point X="470" Y="340" T="0" Pressure="0"/>
        <Point X="469" Y="341" T="0" Pressure="0"/>
        <Point X="469" Y="342" T="0" Pressure="0"/>
        <Point X="466" Y="345" T="0" Pressure="0"/>
        <Point X="465" Y="346" T="0" Pressure="0"/>
        <Point X="463" Y="347" T="0" Pressure="0"/>
        <Point X="462" Y="349" T="0" Pressure="0"/>
        <Point X="461" Y="351" T="0" Pressure="0"/>
        <Point X="458" Y="352" T="0" Pressure="0"/>
        <Point X="457" Y="353" T="0" Pressure="0"/>
        <Point X="455" Y="356" T="0" Pressure="0"/>
        <Point X="454" Y="357" T="0" Pressure="0"/>
        <Point X="451" Y="359" T="0" Pressure="0"/>
        <Point X="450" Y="361" T="0" Pressure="0"/>
        <Point X="448" Y="362" T="0" Pressure="0"/>
        <Point X="446" Y="363" T="0" Pressure="0"/>
        <Point X="444" Y="365" T="0" Pressure="0"/>
        <Point X="442" Y="367" T="0" Pressure="0"/>
        <Point X="440" Y="369" T="0" Pressure="0"/>
        <Point X="438" Y="371" T="0" Pressure="0"/>
        <Point X="436" Y="372" T="0" Pressure="0"/>
        <Point X="434" Y="374" T="0" Pressure="0"/>
        <Point X="432" Y="376" T="0" Pressure="0"/>
        <Point X="429" Y="377" T="0" Pressure="0"/>
        <Point X="427" Y="380" T="0" Pressure="0"/>
    </Stroke>
</Gesture>
