<?xml version="1.0" ?>
<Gesture Name="H~05" Subject="2" Number="5" NumPts="99" InputType="stylus" Speed="MEDIUM">
    <Stroke index="1">
        <Point X="362" Y="243" T="0" Pressure="0"/>
        <Point X="361" Y="244" T="0" Pressure="0"/>
        <Point X="360" Y="244" T="0" Pressure="0"/>
        <Point X="360" Y="245" T="0" Pressure="0"/>
        <Point X="359" Y="246" T="0" Pressure="0"/>
        <Point X="359" Y="247" T="0" Pressure="0"/>
        <Point X="359" Y="248" T="0" Pressure="0"/>
        <Point X="359" Y="250" T="0" Pressure="0"/>
        <Point X="359" Y="252" T="0" Pressure="0"/>
        <Point X="359" Y="255" T="0" Pressure="0"/>
        <Point X="359" Y="258" T="0" Pressure="0"/>
        <Point X="359" Y="262" T="0" Pressure="0"/>
        <Point X="359" Y="266" T="0" Pressure="0"/>
        <Point X="359" Y="271" T="0" Pressure="0"/>
        <Point X="359" Y="275" T="0" Pressure="0"/>
        <Point X="359" Y="280" T="0" Pressure="0"/>
        <Point X="359" Y="286" T="0" Pressure="0"/>
        <Point X="360" Y="291" T="0" Pressure="0"/>
        <Point X="360" Y="297" T="0" Pressure="0"/>
        <Point X="360" Y="303" T="0" Pressure="0"/>
        <Point X="360" Y="308" T="0" Pressure="0"/>
        <Point X="360" Y="314" T="0" Pressure="0"/>
        <Point X="360" Y="319" T="0" Pressure="0"/>
        <Point X="360" Y="325" T="0" Pressure="0"/>
        <Point X="360" Y="331" T="0" Pressure="0"/>
        <Point X="360" Y="336" T="0" Pressure="0"/>
        <Point X="360" Y="340" T="0" Pressure="0"/>
        <Point X="360" Y="344" T="0" Pressure="0"/>
        <Point X="360" Y="348" T="0" Pressure="0"/>
        <Point X="360" Y="352" T="0" Pressure="0"/>
        <Point X="360" Y="356" T="0" Pressure="0"/>
        <Point X="360" Y="359" T="0" Pressure="0"/>
        <Point X="360" Y="361" T="0" Pressure="0"/>
        <Point X="360" Y="363" T="0" Pressure="0"/>
        <Point X="360" Y="365" T="0" Pressure="0"/>
        <Point X="360" Y="367" T="0" Pressure="0"/>
        <Point X="360" Y="369" T="0" Pressure="0"/>
        <Point X="360" Y="370" T="0" Pressure="0"/>
    </Stroke>
    <Stroke index="2">
        <Point X="360" Y="323" T="0" Pressure="0"/>
        <Point X="359" Y="321" T="0" Pressure="0"/>
        <Point X="358" Y="321" T="0" Pressure="0"/>
        <Point X="358" Y="320" T="0" Pressure="0"/>
        <Point X="358" Y="319" T="0" Pressure="0"/>
        <Point X="358" Y="318" T="0" Pressure="0"/>
        <Point X="359" Y="317" T="0" Pressure="0"/>
        <Point X="360" Y="317" T="0" Pressure="0"/>
        <Point X="364" Y="316" T="0" Pressure="0"/>
        <Point X="367" Y="316" T="0" Pressure="0"/>
        <Point X="369" Y="316" T="0" Pressure="0"/>
        <Point X="373" Y="315" T="0" Pressure="0"/>
        <Point X="378" Y="315" T="0" Pressure="0"/>
        <Point X="383" Y="314" T="0" Pressure="0"/>
        <Point X="387" Y="314" T="0" Pressure="0"/>
        <Point X="392" Y="313" T="0" Pressure="0"/>
        <Point X="398" Y="313" T="0" Pressure="0"/>
        <Point X="402" Y="312" T="0" Pressure="0"/>
        <Point X="408" Y="311" T="0" Pressure="0"/>
        <Point X="413" Y="310" T="0" Pressure="0"/>
        <Point X="418" Y="309" T="0" Pressure="0"/>
        <Point X="422" Y="308" T="0" Pressure="0"/>
        <Point X="427" Y="308" T="0" Pressure="0"/>
        <Point X="430" Y="307" T="0" Pressure="0"/>
        <Point X="434" Y="306" T="0" Pressure="0"/>
        <Point X="437" Y="306" T="0" Pressure="0"/>
    </Stroke>
    <Stroke index="3">
        <Point X="429" Y="246" T="0" Pressure="0"/>
        <Point X="429" Y="244" T="0" Pressure="0"/>
        <Point X="428" Y="244" T="0" Pressure="0"/>
        <Point X="428" Y="246" T="0" Pressure="0"/>
        <Point X="429" Y="248" T="0" Pressure="0"/>
        <Point X="429" Y="250" T="0" Pressure="0"/>
        <Point X="429" Y="253" T="0" Pressure="0"/>
        <Point X="430" Y="256" T="0" Pressure="0"/>
        <Point X="431" Y="259" T="0" Pressure="0"/>
        <Point X="431" Y="264" T="0" Pressure="0"/>
        <Point X="432" Y="269" T="0" Pressure="0"/>
        <Point X="432" Y="274" T="0" Pressure="0"/>
        <Point X="432" Y="280" T="0" Pressure="0"/>
        <Point X="432" Y="286" T="0" Pressure="0"/>
        <Point X="432" Y="298" T="0" Pressure="0"/>
        <Point X="432" Y="304" T="0" Pressure="0"/>
        <Point X="432" Y="310" T="0" Pressure="0"/>
        <Point X="432" Y="315" T="0" Pressure="0"/>
        <Point X="431" Y="320" T="0" Pressure="0"/>
        <Point X="431" Y="325" T="0" Pressure="0"/>
        <Point X="431" Y="331" T="0" Pressure="0"/>
        <Point X="431" Y="335" T="0" Pressure="0"/>
        <Point X="430" Y="339" T="0" Pressure="0"/>
        <Point X="430" Y="343" T="0" Pressure="0"/>
        <Point X="430" Y="346" T="0" Pressure="0"/>
        <Point X="430" Y="349" T="0" Pressure="0"/>
        <Point X="430" Y="353" T="0" Pressure="0"/>
        <Point X="430" Y="355" T="0" Pressure="0"/>
        <Point X="431" Y="357" T="0" Pressure="0"/>
        <Point X="431" Y="359" T="0" Pressure="0"/>
        <Point X="432" Y="360" T="0" Pressure="0"/>
        <Point X="432" Y="362" T="0" Pressure="0"/>
        <Point X="432" Y="363" T="0" Pressure="0"/>
        <Point X="433" Y="364" T="0" Pressure="0"/>
        <Point X="433" Y="365" T="0" Pressure="0"/>
    </Stroke>
</Gesture>
