<?xml version="1.0" ?>
<Gesture Name="line~03" Subject="2" Number="3" NumPts="39" InputType="stylus" Speed="MEDIUM">
    <Stroke index="1">
        <Point X="304" Y="374" T="0" Pressure="0"/>
        <Point X="304" Y="372" T="0" Pressure="0"/>
        <Point X="304" Y="371" T="0" Pressure="0"/>
        <Point X="305" Y="371" T="0" Pressure="0"/>
        <Point X="307" Y="370" T="0" Pressure="0"/>
        <Point X="308" Y="369" T="0" Pressure="0"/>
        <Point X="311" Y="369" T="0" Pressure="0"/>
        <Point X="314" Y="368" T="0" Pressure="0"/>
        <Point X="317" Y="368" T="0" Pressure="0"/>
        <Point X="321" Y="368" T="0" Pressure="0"/>
        <Point X="331" Y="367" T="0" Pressure="0"/>
        <Point X="338" Y="366" T="0" Pressure="0"/>
        <Point X="345" Y="365" T="0" Pressure="0"/>
        <Point X="352" Y="364" T="0" Pressure="0"/>
        <Point X="360" Y="363" T="0" Pressure="0"/>
        <Point X="368" Y="362" T="0" Pressure="0"/>
        <Point X="376" Y="361" T="0" Pressure="0"/>
        <Point X="386" Y="360" T="0" Pressure="0"/>
        <Point X="394" Y="359" T="0" Pressure="0"/>
        <Point X="402" Y="358" T="0" Pressure="0"/>
        <Point X="412" Y="358" T="0" Pressure="0"/>
        <Point X="420" Y="358" T="0" Pressure="0"/>
        <Point X="429" Y="357" T="0" Pressure="0"/>
        <Point X="438" Y="357" T="0" Pressure="0"/>
        <Point X="453" Y="357" T="0" Pressure="0"/>
        <Point X="461" Y="357" T="0" Pressure="0"/>
        <Point X="468" Y="357" T="0" Pressure="0"/>
        <Point X="474" Y="357" T="0" Pressure="0"/>
        <Point X="481" Y="358" T="0" Pressure="0"/>
        <Point X="487" Y="358" T="0" Pressure="0"/>
        <Point X="492" Y="358" T="0" Pressure="0"/>
        <Point X="496" Y="359" T="0" Pressure="0"/>
        <Point X="502" Y="359" T="0" Pressure="0"/>
        <Point X="506" Y="360" T="0" Pressure="0"/>
        <Point X="510" Y="360" T="0" Pressure="0"/>
        <Point X="513" Y="361" T="0" Pressure="0"/>
        <Point X="515" Y="361" T="0" Pressure="0"/>
        <Point X="518" Y="362" T="0" Pressure="0"/>
        <Point X="521" Y="363" T="0" Pressure="0"/>
    </Stroke>
</Gesture>
