<?xml version="1.0" ?>
<Gesture Name="X~01" Subject="2" Number="1" NumPts="61" InputType="stylus" Speed="MEDIUM">
    <Stroke index="1">
        <Point X="348" Y="273" T="0" Pressure="0"/>
        <Point X="348" Y="272" T="0" Pressure="0"/>
        <Point X="349" Y="272" T="0" Pressure="0"/>
        <Point X="352" Y="272" T="0" Pressure="0"/>
        <Point X="354" Y="273" T="0" Pressure="0"/>
        <Point X="356" Y="274" T="0" Pressure="0"/>
        <Point X="360" Y="276" T="0" Pressure="0"/>
        <Point X="364" Y="278" T="0" Pressure="0"/>
        <Point X="368" Y="280" T="0" Pressure="0"/>
        <Point X="373" Y="283" T="0" Pressure="0"/>
        <Point X="378" Y="287" T="0" Pressure="0"/>
        <Point X="383" Y="290" T="0" Pressure="0"/>
        <Point X="389" Y="294" T="0" Pressure="0"/>
        <Point X="394" Y="298" T="0" Pressure="0"/>
        <Point X="399" Y="303" T="0" Pressure="0"/>
        <Point X="404" Y="308" T="0" Pressure="0"/>
        <Point X="408" Y="313" T="0" Pressure="0"/>
        <Point X="412" Y="317" T="0" Pressure="0"/>
        <Point X="416" Y="322" T="0" Pressure="0"/>
        <Point X="420" Y="327" T="0" Pressure="0"/>
        <Point X="424" Y="333" T="0" Pressure="0"/>
        <Point X="428" Y="337" T="0" Pressure="0"/>
        <Point X="431" Y="341" T="0" Pressure="0"/>
        <Point X="434" Y="346" T="0" Pressure="0"/>
        <Point X="437" Y="349" T="0" Pressure="0"/>
        <Point X="439" Y="353" T="0" Pressure="0"/>
        <Point X="442" Y="358" T="0" Pressure="0"/>
        <Point X="443" Y="361" T="0" Pressure="0"/>
        <Point X="445" Y="363" T="0" Pressure="0"/>
        <Point X="447" Y="366" T="0" Pressure="0"/>
        <Point X="447" Y="369" T="0" Pressure="0"/>
        <Point X="450" Y="373" T="0" Pressure="0"/>
    </Stroke>
    <Stroke index="2">
        <Point X="446" Y="270" T="0" Pressure="0"/>
        <Point X="445" Y="268" T="0" Pressure="0"/>
        <Point X="445" Y="266" T="0" Pressure="0"/>
        <Point X="444" Y="264" T="0" Pressure="0"/>
        <Point X="443" Y="264" T="0" Pressure="0"/>
        <Point X="443" Y="265" T="0" Pressure="0"/>
        <Point X="442" Y="266" T="0" Pressure="0"/>
        <Point X="441" Y="268" T="0" Pressure="0"/>
        <Point X="439" Y="269" T="0" Pressure="0"/>
        <Point X="438" Y="271" T="0" Pressure="0"/>
        <Point X="436" Y="274" T="0" Pressure="0"/>
        <Point X="432" Y="280" T="0" Pressure="0"/>
        <Point X="430" Y="283" T="0" Pressure="0"/>
        <Point X="427" Y="287" T="0" Pressure="0"/>
        <Point X="424" Y="291" T="0" Pressure="0"/>
        <Point X="414" Y="304" T="0" Pressure="0"/>
        <Point X="409" Y="311" T="0" Pressure="0"/>
        <Point X="404" Y="317" T="0" Pressure="0"/>
        <Point X="398" Y="326" T="0" Pressure="0"/>
        <Point X="392" Y="335" T="0" Pressure="0"/>
        <Point X="386" Y="343" T="0" Pressure="0"/>
        <Point X="380" Y="353" T="0" Pressure="0"/>
        <Point X="375" Y="362" T="0" Pressure="0"/>
        <Point X="369" Y="371" T="0" Pressure="0"/>
        <Point X="364" Y="380" T="0" Pressure="0"/>
        <Point X="351" Y="402" T="0" Pressure="0"/>
        <Point X="348" Y="408" T="0" Pressure="0"/>
        <Point X="345" Y="413" T="0" Pressure="0"/>
        <Point X="344" Y="416" T="0" Pressure="0"/>
    </Stroke>
</Gesture>
