<?xml version="1.0" ?>
<Gesture Name="half_note~08" Subject="2" Number="8" NumPts="117" InputType="stylus" Speed="MEDIUM">
    <Stroke index="1">
        <Point X="438" Y="224" T="0" Pressure="0"/>
        <Point X="437" Y="224" T="0" Pressure="0"/>
        <Point X="436" Y="224" T="0" Pressure="0"/>
        <Point X="435" Y="225" T="0" Pressure="0"/>
        <Point X="435" Y="226" T="0" Pressure="0"/>
        <Point X="435" Y="227" T="0" Pressure="0"/>
        <Point X="435" Y="228" T="0" Pressure="0"/>
        <Point X="435" Y="230" T="0" Pressure="0"/>
        <Point X="435" Y="233" T="0" Pressure="0"/>
        <Point X="435" Y="236" T="0" Pressure="0"/>
        <Point X="436" Y="243" T="0" Pressure="0"/>
        <Point X="436" Y="247" T="0" Pressure="0"/>
        <Point X="436" Y="252" T="0" Pressure="0"/>
        <Point X="436" Y="257" T="0" Pressure="0"/>
        <Point X="436" Y="262" T="0" Pressure="0"/>
        <Point X="436" Y="271" T="0" Pressure="0"/>
        <Point X="436" Y="277" T="0" Pressure="0"/>
        <Point X="436" Y="288" T="0" Pressure="0"/>
        <Point X="435" Y="294" T="0" Pressure="0"/>
        <Point X="435" Y="299" T="0" Pressure="0"/>
        <Point X="435" Y="305" T="0" Pressure="0"/>
        <Point X="435" Y="311" T="0" Pressure="0"/>
        <Point X="435" Y="316" T="0" Pressure="0"/>
        <Point X="435" Y="322" T="0" Pressure="0"/>
        <Point X="434" Y="333" T="0" Pressure="0"/>
        <Point X="434" Y="338" T="0" Pressure="0"/>
        <Point X="434" Y="341" T="0" Pressure="0"/>
        <Point X="434" Y="349" T="0" Pressure="0"/>
        <Point X="434" Y="352" T="0" Pressure="0"/>
        <Point X="434" Y="357" T="0" Pressure="0"/>
        <Point X="434" Y="359" T="0" Pressure="0"/>
        <Point X="434" Y="360" T="0" Pressure="0"/>
        <Point X="434" Y="361" T="0" Pressure="0"/>
        <Point X="434" Y="363" T="0" Pressure="0"/>
        <Point X="435" Y="364" T="0" Pressure="0"/>
        <Point X="435" Y="365" T="0" Pressure="0"/>
        <Point X="435" Y="366" T="0" Pressure="0"/>
    </Stroke>
    <Stroke index="2">
        <Point X="430" Y="371" T="0" Pressure="0"/>
        <Point X="429" Y="369" T="0" Pressure="0"/>
        <Point X="428" Y="367" T="0" Pressure="0"/>
        <Point X="428" Y="366" T="0" Pressure="0"/>
        <Point X="428" Y="365" T="0" Pressure="0"/>
        <Point X="428" Y="364" T="0" Pressure="0"/>
        <Point X="428" Y="363" T="0" Pressure="0"/>
        <Point X="427" Y="363" T="0" Pressure="0"/>
        <Point X="427" Y="362" T="0" Pressure="0"/>
        <Point X="426" Y="361" T="0" Pressure="0"/>
        <Point X="425" Y="360" T="0" Pressure="0"/>
        <Point X="425" Y="359" T="0" Pressure="0"/>
        <Point X="424" Y="357" T="0" Pressure="0"/>
        <Point X="424" Y="356" T="0" Pressure="0"/>
        <Point X="423" Y="355" T="0" Pressure="0"/>
        <Point X="420" Y="352" T="0" Pressure="0"/>
        <Point X="420" Y="350" T="0" Pressure="0"/>
        <Point X="419" Y="348" T="0" Pressure="0"/>
        <Point X="417" Y="346" T="0" Pressure="0"/>
        <Point X="416" Y="345" T="0" Pressure="0"/>
        <Point X="413" Y="343" T="0" Pressure="0"/>
        <Point X="412" Y="341" T="0" Pressure="0"/>
        <Point X="410" Y="340" T="0" Pressure="0"/>
        <Point X="409" Y="339" T="0" Pressure="0"/>
        <Point X="407" Y="338" T="0" Pressure="0"/>
        <Point X="405" Y="338" T="0" Pressure="0"/>
        <Point X="400" Y="338" T="0" Pressure="0"/>
        <Point X="398" Y="338" T="0" Pressure="0"/>
        <Point X="395" Y="338" T="0" Pressure="0"/>
        <Point X="393" Y="338" T="0" Pressure="0"/>
        <Point X="390" Y="338" T="0" Pressure="0"/>
        <Point X="387" Y="338" T="0" Pressure="0"/>
        <Point X="381" Y="341" T="0" Pressure="0"/>
        <Point X="379" Y="342" T="0" Pressure="0"/>
        <Point X="376" Y="344" T="0" Pressure="0"/>
        <Point X="375" Y="346" T="0" Pressure="0"/>
        <Point X="373" Y="348" T="0" Pressure="0"/>
        <Point X="371" Y="349" T="0" Pressure="0"/>
        <Point X="369" Y="352" T="0" Pressure="0"/>
        <Point X="368" Y="354" T="0" Pressure="0"/>
        <Point X="367" Y="357" T="0" Pressure="0"/>
        <Point X="365" Y="360" T="0" Pressure="0"/>
        <Point X="364" Y="362" T="0" Pressure="0"/>
        <Point X="364" Y="365" T="0" Pressure="0"/>
        <Point X="363" Y="368" T="0" Pressure="0"/>
        <Point X="363" Y="371" T="0" Pressure="0"/>
        <Point X="362" Y="376" T="0" Pressure="0"/>
        <Point X="362" Y="378" T="0" Pressure="0"/>
        <Point X="362" Y="381" T="0" Pressure="0"/>
        <Point X="363" Y="383" T="0" Pressure="0"/>
        <Point X="363" Y="384" T="0" Pressure="0"/>
        <Point X="364" Y="386" T="0" Pressure="0"/>
        <Point X="365" Y="388" T="0" Pressure="0"/>
        <Point X="366" Y="389" T="0" Pressure="0"/>
        <Point X="368" Y="391" T="0" Pressure="0"/>
        <Point X="369" Y="392" T="0" Pressure="0"/>
        <Point X="371" Y="393" T="0" Pressure="0"/>
        <Point X="372" Y="394" T="0" Pressure="0"/>
        <Point X="375" Y="395" T="0" Pressure="0"/>
        <Point X="377" Y="395" T="0" Pressure="0"/>
        <Point X="379" Y="396" T="0" Pressure="0"/>
        <Point X="382" Y="396" T="0" Pressure="0"/>
        <Point X="384" Y="396" T="0" Pressure="0"/>
        <Point X="387" Y="396" T="0" Pressure="0"/>
        <Point X="391" Y="395" T="0" Pressure="0"/>
        <Point X="398" Y="393" T="0" Pressure="0"/>
        <Point X="401" Y="391" T="0" Pressure="0"/>
        <Point X="404" Y="390" T="0" Pressure="0"/>
        <Point X="408" Y="388" T="0" Pressure="0"/>
        <Point X="412" Y="386" T="0" Pressure="0"/>
        <Point X="415" Y="385" T="0" Pressure="0"/>
        <Point X="419" Y="383" T="0" Pressure="0"/>
        <Point X="421" Y="381" T="0" Pressure="0"/>
        <Point X="424" Y="379" T="0" Pressure="0"/>
        <Point X="428" Y="377" T="0" Pressure="0"/>
        <Point X="431" Y="376" T="0" Pressure="0"/>
        <Point X="434" Y="374" T="0" Pressure="0"/>
        <Point X="435" Y="372" T="0" Pressure="0"/>
        <Point X="438" Y="371" T="0" Pressure="0"/>
        <Point X="440" Y="370" T="0" Pressure="0"/>
    </Stroke>
</Gesture>
