<?xml version="1.0" ?>
<Gesture Name="H~04" Subject="2" Number="4" NumPts="89" InputType="stylus" Speed="MEDIUM">
    <Stroke index="1">
        <Point X="345" Y="228" T="0" Pressure="0"/>
        <Point X="344" Y="227" T="0" Pressure="0"/>
        <Point X="343" Y="227" T="0" Pressure="0"/>
        <Point X="342" Y="227" T="0" Pressure="0"/>
        <Point X="342" Y="228" T="0" Pressure="0"/>
        <Point X="342" Y="230" T="0" Pressure="0"/>
        <Point X="342" Y="232" T="0" Pressure="0"/>
        <Point X="342" Y="234" T="0" Pressure="0"/>
        <Point X="342" Y="238" T="0" Pressure="0"/>
        <Point X="342" Y="241" T="0" Pressure="0"/>
        <Point X="342" Y="246" T="0" Pressure="0"/>
        <Point X="342" Y="251" T="0" Pressure="0"/>
        <Point X="342" Y="256" T="0" Pressure="0"/>
        <Point X="342" Y="262" T="0" Pressure="0"/>
        <Point X="342" Y="269" T="0" Pressure="0"/>
        <Point X="342" Y="277" T="0" Pressure="0"/>
        <Point X="342" Y="283" T="0" Pressure="0"/>
        <Point X="342" Y="290" T="0" Pressure="0"/>
        <Point X="342" Y="297" T="0" Pressure="0"/>
        <Point X="342" Y="305" T="0" Pressure="0"/>
        <Point X="342" Y="321" T="0" Pressure="0"/>
        <Point X="342" Y="327" T="0" Pressure="0"/>
        <Point X="342" Y="334" T="0" Pressure="0"/>
        <Point X="342" Y="340" T="0" Pressure="0"/>
        <Point X="342" Y="347" T="0" Pressure="0"/>
        <Point X="342" Y="352" T="0" Pressure="0"/>
        <Point X="342" Y="359" T="0" Pressure="0"/>
        <Point X="342" Y="366" T="0" Pressure="0"/>
        <Point X="342" Y="369" T="0" Pressure="0"/>
        <Point X="342" Y="372" T="0" Pressure="0"/>
        <Point X="343" Y="376" T="0" Pressure="0"/>
        <Point X="344" Y="377" T="0" Pressure="0"/>
        <Point X="344" Y="378" T="0" Pressure="0"/>
    </Stroke>
    <Stroke index="2">
        <Point X="343" Y="313" T="0" Pressure="0"/>
        <Point X="345" Y="312" T="0" Pressure="0"/>
        <Point X="345" Y="311" T="0" Pressure="0"/>
        <Point X="347" Y="310" T="0" Pressure="0"/>
        <Point X="349" Y="309" T="0" Pressure="0"/>
        <Point X="352" Y="308" T="0" Pressure="0"/>
        <Point X="356" Y="306" T="0" Pressure="0"/>
        <Point X="359" Y="304" T="0" Pressure="0"/>
        <Point X="363" Y="303" T="0" Pressure="0"/>
        <Point X="368" Y="301" T="0" Pressure="0"/>
        <Point X="373" Y="299" T="0" Pressure="0"/>
        <Point X="378" Y="298" T="0" Pressure="0"/>
        <Point X="383" Y="296" T="0" Pressure="0"/>
        <Point X="393" Y="294" T="0" Pressure="0"/>
        <Point X="397" Y="293" T="0" Pressure="0"/>
        <Point X="402" Y="291" T="0" Pressure="0"/>
        <Point X="406" Y="290" T="0" Pressure="0"/>
    </Stroke>
    <Stroke index="3">
        <Point X="429" Y="231" T="0" Pressure="0"/>
        <Point X="428" Y="228" T="0" Pressure="0"/>
        <Point X="428" Y="227" T="0" Pressure="0"/>
        <Point X="427" Y="227" T="0" Pressure="0"/>
        <Point X="427" Y="226" T="0" Pressure="0"/>
        <Point X="427" Y="227" T="0" Pressure="0"/>
        <Point X="427" Y="228" T="0" Pressure="0"/>
        <Point X="427" Y="229" T="0" Pressure="0"/>
        <Point X="427" Y="231" T="0" Pressure="0"/>
        <Point X="428" Y="233" T="0" Pressure="0"/>
        <Point X="428" Y="236" T="0" Pressure="0"/>
        <Point X="428" Y="238" T="0" Pressure="0"/>
        <Point X="428" Y="241" T="0" Pressure="0"/>
        <Point X="428" Y="244" T="0" Pressure="0"/>
        <Point X="428" Y="247" T="0" Pressure="0"/>
        <Point X="428" Y="252" T="0" Pressure="0"/>
        <Point X="428" Y="257" T="0" Pressure="0"/>
        <Point X="428" Y="263" T="0" Pressure="0"/>
        <Point X="428" Y="268" T="0" Pressure="0"/>
        <Point X="428" Y="274" T="0" Pressure="0"/>
        <Point X="427" Y="282" T="0" Pressure="0"/>
        <Point X="426" Y="289" T="0" Pressure="0"/>
        <Point X="425" Y="296" T="0" Pressure="0"/>
        <Point X="424" Y="303" T="0" Pressure="0"/>
        <Point X="424" Y="310" T="0" Pressure="0"/>
        <Point X="423" Y="316" T="0" Pressure="0"/>
        <Point X="423" Y="323" T="0" Pressure="0"/>
        <Point X="421" Y="329" T="0" Pressure="0"/>
        <Point X="421" Y="336" T="0" Pressure="0"/>
        <Point X="420" Y="340" T="0" Pressure="0"/>
        <Point X="420" Y="346" T="0" Pressure="0"/>
        <Point X="420" Y="350" T="0" Pressure="0"/>
        <Point X="420" Y="354" T="0" Pressure="0"/>
        <Point X="420" Y="357" T="0" Pressure="0"/>
        <Point X="420" Y="361" T="0" Pressure="0"/>
        <Point X="420" Y="363" T="0" Pressure="0"/>
        <Point X="420" Y="364" T="0" Pressure="0"/>
        <Point X="420" Y="366" T="0" Pressure="0"/>
        <Point X="420" Y="368" T="0" Pressure="0"/>
    </Stroke>
</Gesture>
