<?xml version="1.0" ?>
<Gesture Name="P~08" Subject="2" Number="8" NumPts="83" InputType="stylus" Speed="MEDIUM">
    <Stroke index="1">
        <Point X="388" Y="238" T="0" Pressure="0"/>
        <Point X="387" Y="238" T="0" Pressure="0"/>
        <Point X="386" Y="239" T="0" Pressure="0"/>
        <Point X="386" Y="240" T="0" Pressure="0"/>
        <Point X="386" Y="242" T="0" Pressure="0"/>
        <Point X="386" Y="246" T="0" Pressure="0"/>
        <Point X="386" Y="249" T="0" Pressure="0"/>
        <Point X="386" Y="253" T="0" Pressure="0"/>
        <Point X="386" Y="259" T="0" Pressure="0"/>
        <Point X="386" Y="264" T="0" Pressure="0"/>
        <Point X="386" Y="276" T="0" Pressure="0"/>
        <Point X="386" Y="282" T="0" Pressure="0"/>
        <Point X="385" Y="289" T="0" Pressure="0"/>
        <Point X="384" Y="303" T="0" Pressure="0"/>
        <Point X="383" Y="309" T="0" Pressure="0"/>
        <Point X="383" Y="315" T="0" Pressure="0"/>
        <Point X="383" Y="321" T="0" Pressure="0"/>
        <Point X="383" Y="327" T="0" Pressure="0"/>
        <Point X="383" Y="332" T="0" Pressure="0"/>
        <Point X="383" Y="337" T="0" Pressure="0"/>
        <Point X="383" Y="340" T="0" Pressure="0"/>
        <Point X="383" Y="343" T="0" Pressure="0"/>
        <Point X="383" Y="346" T="0" Pressure="0"/>
        <Point X="383" Y="348" T="0" Pressure="0"/>
        <Point X="382" Y="353" T="0" Pressure="0"/>
        <Point X="382" Y="355" T="0" Pressure="0"/>
        <Point X="382" Y="356" T="0" Pressure="0"/>
        <Point X="382" Y="357" T="0" Pressure="0"/>
        <Point X="382" Y="358" T="0" Pressure="0"/>
        <Point X="381" Y="359" T="0" Pressure="0"/>
        <Point X="381" Y="360" T="0" Pressure="0"/>
        <Point X="380" Y="361" T="0" Pressure="0"/>
        <Point X="380" Y="362" T="0" Pressure="0"/>
    </Stroke>
    <Stroke index="2">
        <Point X="377" Y="231" T="0" Pressure="0"/>
        <Point X="376" Y="228" T="0" Pressure="0"/>
        <Point X="376" Y="224" T="0" Pressure="0"/>
        <Point X="378" Y="221" T="0" Pressure="0"/>
        <Point X="381" Y="217" T="0" Pressure="0"/>
        <Point X="383" Y="215" T="0" Pressure="0"/>
        <Point X="385" Y="215" T="0" Pressure="0"/>
        <Point X="387" Y="214" T="0" Pressure="0"/>
        <Point X="390" Y="213" T="0" Pressure="0"/>
        <Point X="394" Y="213" T="0" Pressure="0"/>
        <Point X="398" Y="212" T="0" Pressure="0"/>
        <Point X="405" Y="212" T="0" Pressure="0"/>
        <Point X="409" Y="212" T="0" Pressure="0"/>
        <Point X="412" Y="213" T="0" Pressure="0"/>
        <Point X="416" Y="213" T="0" Pressure="0"/>
        <Point X="420" Y="214" T="0" Pressure="0"/>
        <Point X="423" Y="215" T="0" Pressure="0"/>
        <Point X="426" Y="217" T="0" Pressure="0"/>
        <Point X="431" Y="222" T="0" Pressure="0"/>
        <Point X="432" Y="224" T="0" Pressure="0"/>
        <Point X="435" Y="228" T="0" Pressure="0"/>
        <Point X="435" Y="230" T="0" Pressure="0"/>
        <Point X="436" Y="233" T="0" Pressure="0"/>
        <Point X="436" Y="236" T="0" Pressure="0"/>
        <Point X="437" Y="239" T="0" Pressure="0"/>
        <Point X="437" Y="245" T="0" Pressure="0"/>
        <Point X="436" Y="247" T="0" Pressure="0"/>
        <Point X="435" Y="249" T="0" Pressure="0"/>
        <Point X="434" Y="252" T="0" Pressure="0"/>
        <Point X="432" Y="254" T="0" Pressure="0"/>
        <Point X="430" Y="257" T="0" Pressure="0"/>
        <Point X="428" Y="259" T="0" Pressure="0"/>
        <Point X="422" Y="263" T="0" Pressure="0"/>
        <Point X="419" Y="264" T="0" Pressure="0"/>
        <Point X="416" Y="266" T="0" Pressure="0"/>
        <Point X="413" Y="267" T="0" Pressure="0"/>
        <Point X="409" Y="269" T="0" Pressure="0"/>
        <Point X="406" Y="270" T="0" Pressure="0"/>
        <Point X="404" Y="271" T="0" Pressure="0"/>
        <Point X="398" Y="272" T="0" Pressure="0"/>
        <Point X="394" Y="273" T="0" Pressure="0"/>
        <Point X="392" Y="273" T="0" Pressure="0"/>
        <Point X="390" Y="273" T="0" Pressure="0"/>
        <Point X="389" Y="273" T="0" Pressure="0"/>
        <Point X="387" Y="273" T="0" Pressure="0"/>
        <Point X="386" Y="273" T="0" Pressure="0"/>
        <Point X="384" Y="273" T="0" Pressure="0"/>
        <Point X="383" Y="273" T="0" Pressure="0"/>
        <Point X="383" Y="274" T="0" Pressure="0"/>
        <Point X="382" Y="274" T="0" Pressure="0"/>
    </Stroke>
</Gesture>
