<?xml version="1.0" ?>
<Gesture Name="exclamation_point~07" Subject="2" Number="7" NumPts="42" InputType="stylus" Speed="MEDIUM">
    <Stroke index="1">
        <Point X="407" Y="271" T="0" Pressure="0"/>
        <Point X="406" Y="269" T="0" Pressure="0"/>
        <Point X="405" Y="267" T="0" Pressure="0"/>
        <Point X="405" Y="266" T="0" Pressure="0"/>
        <Point X="405" Y="267" T="0" Pressure="0"/>
        <Point X="405" Y="268" T="0" Pressure="0"/>
        <Point X="405" Y="269" T="0" Pressure="0"/>
        <Point X="405" Y="271" T="0" Pressure="0"/>
        <Point X="405" Y="273" T="0" Pressure="0"/>
        <Point X="405" Y="276" T="0" Pressure="0"/>
        <Point X="405" Y="278" T="0" Pressure="0"/>
        <Point X="405" Y="282" T="0" Pressure="0"/>
        <Point X="405" Y="285" T="0" Pressure="0"/>
        <Point X="405" Y="289" T="0" Pressure="0"/>
        <Point X="406" Y="293" T="0" Pressure="0"/>
        <Point X="406" Y="297" T="0" Pressure="0"/>
        <Point X="406" Y="302" T="0" Pressure="0"/>
        <Point X="407" Y="308" T="0" Pressure="0"/>
        <Point X="407" Y="312" T="0" Pressure="0"/>
        <Point X="408" Y="316" T="0" Pressure="0"/>
        <Point X="408" Y="321" T="0" Pressure="0"/>
        <Point X="408" Y="326" T="0" Pressure="0"/>
        <Point X="408" Y="330" T="0" Pressure="0"/>
        <Point X="408" Y="335" T="0" Pressure="0"/>
        <Point X="408" Y="338" T="0" Pressure="0"/>
        <Point X="408" Y="346" T="0" Pressure="0"/>
        <Point X="408" Y="349" T="0" Pressure="0"/>
        <Point X="408" Y="356" T="0" Pressure="0"/>
        <Point X="408" Y="359" T="0" Pressure="0"/>
        <Point X="408" Y="360" T="0" Pressure="0"/>
        <Point X="408" Y="362" T="0" Pressure="0"/>
        <Point X="408" Y="363" T="0" Pressure="0"/>
        <Point X="408" Y="364" T="0" Pressure="0"/>
        <Point X="408" Y="365" T="0" Pressure="0"/>
        <Point X="407" Y="366" T="0" Pressure="0"/>
        <Point X="407" Y="367" T="0" Pressure="0"/>
        <Point X="406" Y="368" T="0" Pressure="0"/>
        <Point X="406" Y="369" T="0" Pressure="0"/>
    </Stroke>
    <Stroke index="2">
        <Point X="408" Y="402" T="0" Pressure="0"/>
        <Point X="407" Y="402" T="0" Pressure="0"/>
        <Point X="406" Y="402" T="0" Pressure="0"/>
        <Point X="405" Y="402" T="0" Pressure="0"/>
    </Stroke>
</Gesture>
