<?xml version="1.0" ?>
<Gesture Name="H~01" Subject="2" Number="1" NumPts="110" InputType="stylus" Speed="MEDIUM">
    <Stroke index="1">
        <Point X="353" Y="219" T="0" Pressure="0"/>
        <Point X="353" Y="216" T="0" Pressure="0"/>
        <Point X="353" Y="213" T="0" Pressure="0"/>
        <Point X="353" Y="212" T="0" Pressure="0"/>
        <Point X="353" Y="211" T="0" Pressure="0"/>
        <Point X="353" Y="209" T="0" Pressure="0"/>
        <Point X="352" Y="209" T="0" Pressure="0"/>
        <Point X="352" Y="211" T="0" Pressure="0"/>
        <Point X="352" Y="212" T="0" Pressure="0"/>
        <Point X="352" Y="213" T="0" Pressure="0"/>
        <Point X="352" Y="214" T="0" Pressure="0"/>
        <Point X="352" Y="217" T="0" Pressure="0"/>
        <Point X="351" Y="222" T="0" Pressure="0"/>
        <Point X="351" Y="225" T="0" Pressure="0"/>
        <Point X="350" Y="228" T="0" Pressure="0"/>
        <Point X="350" Y="233" T="0" Pressure="0"/>
        <Point X="350" Y="237" T="0" Pressure="0"/>
        <Point X="349" Y="241" T="0" Pressure="0"/>
        <Point X="349" Y="246" T="0" Pressure="0"/>
        <Point X="349" Y="253" T="0" Pressure="0"/>
        <Point X="349" Y="259" T="0" Pressure="0"/>
        <Point X="348" Y="267" T="0" Pressure="0"/>
        <Point X="348" Y="275" T="0" Pressure="0"/>
        <Point X="348" Y="289" T="0" Pressure="0"/>
        <Point X="348" Y="297" T="0" Pressure="0"/>
        <Point X="347" Y="304" T="0" Pressure="0"/>
        <Point X="347" Y="312" T="0" Pressure="0"/>
        <Point X="346" Y="317" T="0" Pressure="0"/>
        <Point X="346" Y="323" T="0" Pressure="0"/>
        <Point X="346" Y="329" T="0" Pressure="0"/>
        <Point X="346" Y="335" T="0" Pressure="0"/>
        <Point X="346" Y="339" T="0" Pressure="0"/>
        <Point X="346" Y="344" T="0" Pressure="0"/>
        <Point X="346" Y="347" T="0" Pressure="0"/>
        <Point X="346" Y="350" T="0" Pressure="0"/>
        <Point X="346" Y="352" T="0" Pressure="0"/>
        <Point X="346" Y="354" T="0" Pressure="0"/>
        <Point X="346" Y="356" T="0" Pressure="0"/>
        <Point X="346" Y="357" T="0" Pressure="0"/>
        <Point X="347" Y="357" T="0" Pressure="0"/>
    </Stroke>
    <Stroke index="2">
        <Point X="353" Y="284" T="0" Pressure="0"/>
        <Point X="353" Y="282" T="0" Pressure="0"/>
        <Point X="353" Y="281" T="0" Pressure="0"/>
        <Point X="353" Y="279" T="0" Pressure="0"/>
        <Point X="353" Y="278" T="0" Pressure="0"/>
        <Point X="355" Y="278" T="0" Pressure="0"/>
        <Point X="356" Y="278" T="0" Pressure="0"/>
        <Point X="360" Y="276" T="0" Pressure="0"/>
        <Point X="363" Y="276" T="0" Pressure="0"/>
        <Point X="366" Y="275" T="0" Pressure="0"/>
        <Point X="369" Y="274" T="0" Pressure="0"/>
        <Point X="374" Y="274" T="0" Pressure="0"/>
        <Point X="379" Y="273" T="0" Pressure="0"/>
        <Point X="383" Y="273" T="0" Pressure="0"/>
        <Point X="387" Y="272" T="0" Pressure="0"/>
        <Point X="393" Y="272" T="0" Pressure="0"/>
        <Point X="398" Y="271" T="0" Pressure="0"/>
        <Point X="403" Y="271" T="0" Pressure="0"/>
        <Point X="409" Y="270" T="0" Pressure="0"/>
        <Point X="413" Y="269" T="0" Pressure="0"/>
        <Point X="419" Y="269" T="0" Pressure="0"/>
        <Point X="424" Y="269" T="0" Pressure="0"/>
        <Point X="429" Y="268" T="0" Pressure="0"/>
        <Point X="434" Y="268" T="0" Pressure="0"/>
        <Point X="439" Y="268" T="0" Pressure="0"/>
        <Point X="443" Y="268" T="0" Pressure="0"/>
        <Point X="450" Y="267" T="0" Pressure="0"/>
    </Stroke>
    <Stroke index="3">
        <Point X="463" Y="209" T="0" Pressure="0"/>
        <Point X="462" Y="204" T="0" Pressure="0"/>
        <Point X="462" Y="202" T="0" Pressure="0"/>
        <Point X="461" Y="200" T="0" Pressure="0"/>
        <Point X="461" Y="198" T="0" Pressure="0"/>
        <Point X="461" Y="200" T="0" Pressure="0"/>
        <Point X="461" Y="202" T="0" Pressure="0"/>
        <Point X="461" Y="203" T="0" Pressure="0"/>
        <Point X="461" Y="206" T="0" Pressure="0"/>
        <Point X="461" Y="209" T="0" Pressure="0"/>
        <Point X="461" Y="212" T="0" Pressure="0"/>
        <Point X="461" Y="215" T="0" Pressure="0"/>
        <Point X="460" Y="219" T="0" Pressure="0"/>
        <Point X="459" Y="223" T="0" Pressure="0"/>
        <Point X="458" Y="228" T="0" Pressure="0"/>
        <Point X="458" Y="234" T="0" Pressure="0"/>
        <Point X="457" Y="240" T="0" Pressure="0"/>
        <Point X="456" Y="247" T="0" Pressure="0"/>
        <Point X="455" Y="254" T="0" Pressure="0"/>
        <Point X="454" Y="262" T="0" Pressure="0"/>
        <Point X="453" Y="269" T="0" Pressure="0"/>
        <Point X="452" Y="277" T="0" Pressure="0"/>
        <Point X="451" Y="290" T="0" Pressure="0"/>
        <Point X="450" Y="296" T="0" Pressure="0"/>
        <Point X="450" Y="301" T="0" Pressure="0"/>
        <Point X="450" Y="306" T="0" Pressure="0"/>
        <Point X="449" Y="310" T="0" Pressure="0"/>
        <Point X="449" Y="314" T="0" Pressure="0"/>
        <Point X="449" Y="316" T="0" Pressure="0"/>
        <Point X="448" Y="319" T="0" Pressure="0"/>
        <Point X="448" Y="321" T="0" Pressure="0"/>
        <Point X="448" Y="323" T="0" Pressure="0"/>
        <Point X="448" Y="325" T="0" Pressure="0"/>
        <Point X="448" Y="327" T="0" Pressure="0"/>
        <Point X="448" Y="328" T="0" Pressure="0"/>
        <Point X="448" Y="329" T="0" Pressure="0"/>
        <Point X="448" Y="331" T="0" Pressure="0"/>
        <Point X="448" Y="332" T="0" Pressure="0"/>
        <Point X="447" Y="332" T="0" Pressure="0"/>
        <Point X="447" Y="333" T="0" Pressure="0"/>
        <Point X="447" Y="334" T="0" Pressure="0"/>
        <Point X="447" Y="335" T="0" Pressure="0"/>
        <Point X="447" Y="336" T="0" Pressure="0"/>
    </Stroke>
</Gesture>
