<?xml version="1.0" ?>
<Gesture Name="N~10" Subject="2" Number="10" NumPts="111" InputType="stylus" Speed="MEDIUM">
    <Stroke index="1">
        <Point X="345" Y="252" T="0" Pressure="0"/>
        <Point X="345" Y="250" T="0" Pressure="0"/>
        <Point X="345" Y="248" T="0" Pressure="0"/>
        <Point X="344" Y="247" T="0" Pressure="0"/>
        <Point X="344" Y="246" T="0" Pressure="0"/>
        <Point X="344" Y="247" T="0" Pressure="0"/>
        <Point X="344" Y="249" T="0" Pressure="0"/>
        <Point X="344" Y="251" T="0" Pressure="0"/>
        <Point X="343" Y="253" T="0" Pressure="0"/>
        <Point X="343" Y="256" T="0" Pressure="0"/>
        <Point X="342" Y="258" T="0" Pressure="0"/>
        <Point X="342" Y="261" T="0" Pressure="0"/>
        <Point X="342" Y="264" T="0" Pressure="0"/>
        <Point X="342" Y="268" T="0" Pressure="0"/>
        <Point X="341" Y="279" T="0" Pressure="0"/>
        <Point X="341" Y="285" T="0" Pressure="0"/>
        <Point X="341" Y="291" T="0" Pressure="0"/>
        <Point X="340" Y="298" T="0" Pressure="0"/>
        <Point X="340" Y="305" T="0" Pressure="0"/>
        <Point X="340" Y="312" T="0" Pressure="0"/>
        <Point X="340" Y="318" T="0" Pressure="0"/>
        <Point X="340" Y="323" T="0" Pressure="0"/>
        <Point X="341" Y="329" T="0" Pressure="0"/>
        <Point X="341" Y="334" T="0" Pressure="0"/>
        <Point X="341" Y="343" T="0" Pressure="0"/>
        <Point X="342" Y="347" T="0" Pressure="0"/>
        <Point X="342" Y="351" T="0" Pressure="0"/>
        <Point X="342" Y="355" T="0" Pressure="0"/>
        <Point X="343" Y="358" T="0" Pressure="0"/>
        <Point X="344" Y="360" T="0" Pressure="0"/>
        <Point X="344" Y="363" T="0" Pressure="0"/>
        <Point X="344" Y="364" T="0" Pressure="0"/>
        <Point X="345" Y="365" T="0" Pressure="0"/>
        <Point X="345" Y="366" T="0" Pressure="0"/>
        <Point X="345" Y="367" T="0" Pressure="0"/>
        <Point X="345" Y="366" T="0" Pressure="0"/>
        <Point X="345" Y="365" T="0" Pressure="0"/>
        <Point X="345" Y="364" T="0" Pressure="0"/>
        <Point X="345" Y="363" T="0" Pressure="0"/>
    </Stroke>
    <Stroke index="2">
        <Point X="342" Y="259" T="0" Pressure="0"/>
        <Point X="342" Y="258" T="0" Pressure="0"/>
        <Point X="341" Y="258" T="0" Pressure="0"/>
        <Point X="341" Y="257" T="0" Pressure="0"/>
        <Point X="341" Y="256" T="0" Pressure="0"/>
        <Point X="342" Y="256" T="0" Pressure="0"/>
        <Point X="344" Y="257" T="0" Pressure="0"/>
        <Point X="345" Y="258" T="0" Pressure="0"/>
        <Point X="345" Y="259" T="0" Pressure="0"/>
        <Point X="346" Y="259" T="0" Pressure="0"/>
        <Point X="348" Y="261" T="0" Pressure="0"/>
        <Point X="349" Y="263" T="0" Pressure="0"/>
        <Point X="355" Y="270" T="0" Pressure="0"/>
        <Point X="357" Y="273" T="0" Pressure="0"/>
        <Point X="361" Y="277" T="0" Pressure="0"/>
        <Point X="368" Y="286" T="0" Pressure="0"/>
        <Point X="372" Y="290" T="0" Pressure="0"/>
        <Point X="376" Y="295" T="0" Pressure="0"/>
        <Point X="384" Y="304" T="0" Pressure="0"/>
        <Point X="388" Y="309" T="0" Pressure="0"/>
        <Point X="391" Y="313" T="0" Pressure="0"/>
        <Point X="399" Y="322" T="0" Pressure="0"/>
        <Point X="402" Y="326" T="0" Pressure="0"/>
        <Point X="405" Y="330" T="0" Pressure="0"/>
        <Point X="411" Y="337" T="0" Pressure="0"/>
        <Point X="414" Y="340" T="0" Pressure="0"/>
        <Point X="417" Y="343" T="0" Pressure="0"/>
        <Point X="421" Y="347" T="0" Pressure="0"/>
        <Point X="424" Y="349" T="0" Pressure="0"/>
        <Point X="425" Y="351" T="0" Pressure="0"/>
        <Point X="429" Y="353" T="0" Pressure="0"/>
        <Point X="431" Y="353" T="0" Pressure="0"/>
        <Point X="432" Y="354" T="0" Pressure="0"/>
        <Point X="435" Y="354" T="0" Pressure="0"/>
        <Point X="436" Y="353" T="0" Pressure="0"/>
        <Point X="437" Y="353" T="0" Pressure="0"/>
    </Stroke>
    <Stroke index="3">
        <Point X="428" Y="262" T="0" Pressure="0"/>
        <Point X="427" Y="259" T="0" Pressure="0"/>
        <Point X="426" Y="259" T="0" Pressure="0"/>
        <Point X="426" Y="258" T="0" Pressure="0"/>
        <Point X="427" Y="262" T="0" Pressure="0"/>
        <Point X="427" Y="264" T="0" Pressure="0"/>
        <Point X="427" Y="266" T="0" Pressure="0"/>
        <Point X="427" Y="269" T="0" Pressure="0"/>
        <Point X="427" Y="272" T="0" Pressure="0"/>
        <Point X="427" Y="277" T="0" Pressure="0"/>
        <Point X="427" Y="281" T="0" Pressure="0"/>
        <Point X="427" Y="286" T="0" Pressure="0"/>
        <Point X="427" Y="291" T="0" Pressure="0"/>
        <Point X="427" Y="297" T="0" Pressure="0"/>
        <Point X="427" Y="303" T="0" Pressure="0"/>
        <Point X="427" Y="310" T="0" Pressure="0"/>
        <Point X="427" Y="314" T="0" Pressure="0"/>
        <Point X="427" Y="325" T="0" Pressure="0"/>
        <Point X="427" Y="330" T="0" Pressure="0"/>
        <Point X="427" Y="335" T="0" Pressure="0"/>
        <Point X="426" Y="339" T="0" Pressure="0"/>
        <Point X="426" Y="343" T="0" Pressure="0"/>
        <Point X="426" Y="346" T="0" Pressure="0"/>
        <Point X="426" Y="350" T="0" Pressure="0"/>
        <Point X="426" Y="357" T="0" Pressure="0"/>
        <Point X="426" Y="360" T="0" Pressure="0"/>
        <Point X="427" Y="363" T="0" Pressure="0"/>
        <Point X="427" Y="366" T="0" Pressure="0"/>
        <Point X="427" Y="368" T="0" Pressure="0"/>
        <Point X="428" Y="369" T="0" Pressure="0"/>
        <Point X="428" Y="371" T="0" Pressure="0"/>
        <Point X="428" Y="372" T="0" Pressure="0"/>
        <Point X="429" Y="373" T="0" Pressure="0"/>
        <Point X="430" Y="374" T="0" Pressure="0"/>
        <Point X="431" Y="374" T="0" Pressure="0"/>
        <Point X="431" Y="375" T="0" Pressure="0"/>
    </Stroke>
</Gesture>
