<?xml version="1.0" ?>
<Gesture Name="X~07" Subject="2" Number="7" NumPts="68" InputType="stylus" Speed="MEDIUM">
    <Stroke index="1">
        <Point X="358" Y="294" T="0" Pressure="0"/>
        <Point X="358" Y="296" T="0" Pressure="0"/>
        <Point X="359" Y="297" T="0" Pressure="0"/>
        <Point X="360" Y="298" T="0" Pressure="0"/>
        <Point X="361" Y="300" T="0" Pressure="0"/>
        <Point X="364" Y="303" T="0" Pressure="0"/>
        <Point X="367" Y="305" T="0" Pressure="0"/>
        <Point X="375" Y="312" T="0" Pressure="0"/>
        <Point X="379" Y="316" T="0" Pressure="0"/>
        <Point X="383" Y="321" T="0" Pressure="0"/>
        <Point X="387" Y="324" T="0" Pressure="0"/>
        <Point X="391" Y="329" T="0" Pressure="0"/>
        <Point X="394" Y="333" T="0" Pressure="0"/>
        <Point X="398" Y="338" T="0" Pressure="0"/>
        <Point X="403" Y="341" T="0" Pressure="0"/>
        <Point X="407" Y="345" T="0" Pressure="0"/>
        <Point X="410" Y="349" T="0" Pressure="0"/>
        <Point X="414" Y="352" T="0" Pressure="0"/>
        <Point X="418" Y="356" T="0" Pressure="0"/>
        <Point X="421" Y="360" T="0" Pressure="0"/>
        <Point X="425" Y="363" T="0" Pressure="0"/>
        <Point X="428" Y="365" T="0" Pressure="0"/>
        <Point X="434" Y="371" T="0" Pressure="0"/>
        <Point X="436" Y="373" T="0" Pressure="0"/>
        <Point X="438" Y="376" T="0" Pressure="0"/>
        <Point X="440" Y="378" T="0" Pressure="0"/>
        <Point X="442" Y="380" T="0" Pressure="0"/>
        <Point X="443" Y="381" T="0" Pressure="0"/>
        <Point X="445" Y="383" T="0" Pressure="0"/>
        <Point X="447" Y="384" T="0" Pressure="0"/>
        <Point X="447" Y="385" T="0" Pressure="0"/>
        <Point X="448" Y="387" T="0" Pressure="0"/>
        <Point X="449" Y="387" T="0" Pressure="0"/>
        <Point X="450" Y="388" T="0" Pressure="0"/>
    </Stroke>
    <Stroke index="2">
        <Point X="435" Y="303" T="0" Pressure="0"/>
        <Point X="435" Y="302" T="0" Pressure="0"/>
        <Point X="433" Y="301" T="0" Pressure="0"/>
        <Point X="432" Y="299" T="0" Pressure="0"/>
        <Point X="431" Y="299" T="0" Pressure="0"/>
        <Point X="428" Y="299" T="0" Pressure="0"/>
        <Point X="427" Y="299" T="0" Pressure="0"/>
        <Point X="425" Y="300" T="0" Pressure="0"/>
        <Point X="422" Y="303" T="0" Pressure="0"/>
        <Point X="420" Y="305" T="0" Pressure="0"/>
        <Point X="417" Y="307" T="0" Pressure="0"/>
        <Point X="413" Y="313" T="0" Pressure="0"/>
        <Point X="409" Y="316" T="0" Pressure="0"/>
        <Point X="406" Y="319" T="0" Pressure="0"/>
        <Point X="400" Y="327" T="0" Pressure="0"/>
        <Point X="397" Y="331" T="0" Pressure="0"/>
        <Point X="394" Y="335" T="0" Pressure="0"/>
        <Point X="390" Y="339" T="0" Pressure="0"/>
        <Point X="386" Y="343" T="0" Pressure="0"/>
        <Point X="384" Y="348" T="0" Pressure="0"/>
        <Point X="381" Y="352" T="0" Pressure="0"/>
        <Point X="376" Y="362" T="0" Pressure="0"/>
        <Point X="374" Y="367" T="0" Pressure="0"/>
        <Point X="371" Y="371" T="0" Pressure="0"/>
        <Point X="370" Y="375" T="0" Pressure="0"/>
        <Point X="368" Y="377" T="0" Pressure="0"/>
        <Point X="365" Y="385" T="0" Pressure="0"/>
        <Point X="365" Y="387" T="0" Pressure="0"/>
        <Point X="364" Y="388" T="0" Pressure="0"/>
        <Point X="364" Y="390" T="0" Pressure="0"/>
        <Point X="364" Y="391" T="0" Pressure="0"/>
        <Point X="364" Y="392" T="0" Pressure="0"/>
        <Point X="364" Y="394" T="0" Pressure="0"/>
        <Point X="364" Y="396" T="0" Pressure="0"/>
    </Stroke>
</Gesture>
