<?xml version="1.0" ?>
<Gesture Name="half_note~04" Subject="2" Number="4" NumPts="106" InputType="stylus" Speed="MEDIUM">
    <Stroke index="1">
        <Point X="446" Y="229" T="0" Pressure="0"/>
        <Point X="445" Y="228" T="0" Pressure="0"/>
        <Point X="444" Y="227" T="0" Pressure="0"/>
        <Point X="444" Y="226" T="0" Pressure="0"/>
        <Point X="444" Y="227" T="0" Pressure="0"/>
        <Point X="445" Y="228" T="0" Pressure="0"/>
        <Point X="446" Y="229" T="0" Pressure="0"/>
        <Point X="446" Y="232" T="0" Pressure="0"/>
        <Point X="447" Y="237" T="0" Pressure="0"/>
        <Point X="447" Y="240" T="0" Pressure="0"/>
        <Point X="447" Y="243" T="0" Pressure="0"/>
        <Point X="447" Y="253" T="0" Pressure="0"/>
        <Point X="447" Y="259" T="0" Pressure="0"/>
        <Point X="447" Y="265" T="0" Pressure="0"/>
        <Point X="446" Y="272" T="0" Pressure="0"/>
        <Point X="446" Y="279" T="0" Pressure="0"/>
        <Point X="445" Y="287" T="0" Pressure="0"/>
        <Point X="444" Y="294" T="0" Pressure="0"/>
        <Point X="444" Y="302" T="0" Pressure="0"/>
        <Point X="443" Y="309" T="0" Pressure="0"/>
        <Point X="443" Y="315" T="0" Pressure="0"/>
        <Point X="443" Y="322" T="0" Pressure="0"/>
        <Point X="443" Y="328" T="0" Pressure="0"/>
        <Point X="443" Y="334" T="0" Pressure="0"/>
        <Point X="443" Y="340" T="0" Pressure="0"/>
        <Point X="443" Y="348" T="0" Pressure="0"/>
        <Point X="443" Y="352" T="0" Pressure="0"/>
        <Point X="443" Y="356" T="0" Pressure="0"/>
        <Point X="443" Y="359" T="0" Pressure="0"/>
        <Point X="444" Y="362" T="0" Pressure="0"/>
        <Point X="444" Y="363" T="0" Pressure="0"/>
        <Point X="444" Y="365" T="0" Pressure="0"/>
        <Point X="445" Y="366" T="0" Pressure="0"/>
        <Point X="446" Y="367" T="0" Pressure="0"/>
        <Point X="446" Y="368" T="0" Pressure="0"/>
        <Point X="446" Y="369" T="0" Pressure="0"/>
        <Point X="446" Y="370" T="0" Pressure="0"/>
        <Point X="446" Y="371" T="0" Pressure="0"/>
    </Stroke>
    <Stroke index="2">
        <Point X="436" Y="358" T="0" Pressure="0"/>
        <Point X="435" Y="357" T="0" Pressure="0"/>
        <Point X="435" Y="356" T="0" Pressure="0"/>
        <Point X="435" Y="355" T="0" Pressure="0"/>
        <Point X="434" Y="353" T="0" Pressure="0"/>
        <Point X="434" Y="352" T="0" Pressure="0"/>
        <Point X="434" Y="351" T="0" Pressure="0"/>
        <Point X="433" Y="350" T="0" Pressure="0"/>
        <Point X="432" Y="348" T="0" Pressure="0"/>
        <Point X="432" Y="347" T="0" Pressure="0"/>
        <Point X="431" Y="346" T="0" Pressure="0"/>
        <Point X="428" Y="343" T="0" Pressure="0"/>
        <Point X="428" Y="342" T="0" Pressure="0"/>
        <Point X="426" Y="341" T="0" Pressure="0"/>
        <Point X="424" Y="340" T="0" Pressure="0"/>
        <Point X="423" Y="339" T="0" Pressure="0"/>
        <Point X="421" Y="338" T="0" Pressure="0"/>
        <Point X="419" Y="338" T="0" Pressure="0"/>
        <Point X="417" Y="338" T="0" Pressure="0"/>
        <Point X="414" Y="337" T="0" Pressure="0"/>
        <Point X="413" Y="337" T="0" Pressure="0"/>
        <Point X="410" Y="337" T="0" Pressure="0"/>
        <Point X="408" Y="337" T="0" Pressure="0"/>
        <Point X="406" Y="338" T="0" Pressure="0"/>
        <Point X="404" Y="338" T="0" Pressure="0"/>
        <Point X="401" Y="339" T="0" Pressure="0"/>
        <Point X="399" Y="341" T="0" Pressure="0"/>
        <Point X="397" Y="342" T="0" Pressure="0"/>
        <Point X="393" Y="346" T="0" Pressure="0"/>
        <Point X="391" Y="347" T="0" Pressure="0"/>
        <Point X="389" Y="350" T="0" Pressure="0"/>
        <Point X="387" Y="352" T="0" Pressure="0"/>
        <Point X="385" Y="357" T="0" Pressure="0"/>
        <Point X="384" Y="360" T="0" Pressure="0"/>
        <Point X="383" Y="365" T="0" Pressure="0"/>
        <Point X="382" Y="367" T="0" Pressure="0"/>
        <Point X="382" Y="370" T="0" Pressure="0"/>
        <Point X="382" Y="372" T="0" Pressure="0"/>
        <Point X="382" Y="375" T="0" Pressure="0"/>
        <Point X="383" Y="382" T="0" Pressure="0"/>
        <Point X="383" Y="384" T="0" Pressure="0"/>
        <Point X="384" Y="386" T="0" Pressure="0"/>
        <Point X="386" Y="388" T="0" Pressure="0"/>
        <Point X="389" Y="391" T="0" Pressure="0"/>
        <Point X="390" Y="392" T="0" Pressure="0"/>
        <Point X="392" Y="393" T="0" Pressure="0"/>
        <Point X="397" Y="394" T="0" Pressure="0"/>
        <Point X="398" Y="395" T="0" Pressure="0"/>
        <Point X="402" Y="396" T="0" Pressure="0"/>
        <Point X="404" Y="396" T="0" Pressure="0"/>
        <Point X="407" Y="396" T="0" Pressure="0"/>
        <Point X="413" Y="394" T="0" Pressure="0"/>
        <Point X="417" Y="392" T="0" Pressure="0"/>
        <Point X="420" Y="391" T="0" Pressure="0"/>
        <Point X="424" Y="389" T="0" Pressure="0"/>
        <Point X="427" Y="388" T="0" Pressure="0"/>
        <Point X="431" Y="386" T="0" Pressure="0"/>
        <Point X="434" Y="385" T="0" Pressure="0"/>
        <Point X="438" Y="383" T="0" Pressure="0"/>
        <Point X="441" Y="381" T="0" Pressure="0"/>
        <Point X="443" Y="380" T="0" Pressure="0"/>
        <Point X="449" Y="377" T="0" Pressure="0"/>
        <Point X="451" Y="376" T="0" Pressure="0"/>
        <Point X="453" Y="375" T="0" Pressure="0"/>
        <Point X="455" Y="374" T="0" Pressure="0"/>
        <Point X="456" Y="373" T="0" Pressure="0"/>
        <Point X="457" Y="373" T="0" Pressure="0"/>
        <Point X="458" Y="372" T="0" Pressure="0"/>
    </Stroke>
</Gesture>
