<?xml version="1.0" ?>
<Gesture Name="D~10" Subject="2" Number="10" NumPts="75" InputType="stylus" Speed="MEDIUM">
    <Stroke index="1">
        <Point X="408" Y="283" T="0" Pressure="0"/>
        <Point X="408" Y="281" T="0" Pressure="0"/>
        <Point X="409" Y="281" T="0" Pressure="0"/>
        <Point X="409" Y="283" T="0" Pressure="0"/>
        <Point X="409" Y="284" T="0" Pressure="0"/>
        <Point X="410" Y="287" T="0" Pressure="0"/>
        <Point X="410" Y="289" T="0" Pressure="0"/>
        <Point X="411" Y="292" T="0" Pressure="0"/>
        <Point X="412" Y="297" T="0" Pressure="0"/>
        <Point X="412" Y="302" T="0" Pressure="0"/>
        <Point X="413" Y="308" T="0" Pressure="0"/>
        <Point X="413" Y="319" T="0" Pressure="0"/>
        <Point X="413" Y="326" T="0" Pressure="0"/>
        <Point X="413" Y="332" T="0" Pressure="0"/>
        <Point X="413" Y="342" T="0" Pressure="0"/>
        <Point X="413" Y="346" T="0" Pressure="0"/>
        <Point X="413" Y="351" T="0" Pressure="0"/>
        <Point X="413" Y="358" T="0" Pressure="0"/>
        <Point X="413" Y="361" T="0" Pressure="0"/>
        <Point X="413" Y="363" T="0" Pressure="0"/>
        <Point X="413" Y="368" T="0" Pressure="0"/>
        <Point X="413" Y="370" T="0" Pressure="0"/>
    </Stroke>
    <Stroke index="2">
        <Point X="386" Y="277" T="0" Pressure="0"/>
        <Point X="386" Y="275" T="0" Pressure="0"/>
        <Point X="386" Y="274" T="0" Pressure="0"/>
        <Point X="386" Y="273" T="0" Pressure="0"/>
        <Point X="387" Y="271" T="0" Pressure="0"/>
        <Point X="389" Y="271" T="0" Pressure="0"/>
        <Point X="390" Y="269" T="0" Pressure="0"/>
        <Point X="391" Y="269" T="0" Pressure="0"/>
        <Point X="395" Y="268" T="0" Pressure="0"/>
        <Point X="398" Y="267" T="0" Pressure="0"/>
        <Point X="401" Y="267" T="0" Pressure="0"/>
        <Point X="406" Y="266" T="0" Pressure="0"/>
        <Point X="410" Y="266" T="0" Pressure="0"/>
        <Point X="414" Y="266" T="0" Pressure="0"/>
        <Point X="419" Y="266" T="0" Pressure="0"/>
        <Point X="423" Y="267" T="0" Pressure="0"/>
        <Point X="427" Y="268" T="0" Pressure="0"/>
        <Point X="431" Y="269" T="0" Pressure="0"/>
        <Point X="435" Y="271" T="0" Pressure="0"/>
        <Point X="438" Y="273" T="0" Pressure="0"/>
        <Point X="443" Y="276" T="0" Pressure="0"/>
        <Point X="446" Y="279" T="0" Pressure="0"/>
        <Point X="448" Y="283" T="0" Pressure="0"/>
        <Point X="454" Y="291" T="0" Pressure="0"/>
        <Point X="456" Y="296" T="0" Pressure="0"/>
        <Point X="458" Y="301" T="0" Pressure="0"/>
        <Point X="459" Y="306" T="0" Pressure="0"/>
        <Point X="461" Y="310" T="0" Pressure="0"/>
        <Point X="461" Y="314" T="0" Pressure="0"/>
        <Point X="461" Y="324" T="0" Pressure="0"/>
        <Point X="461" Y="328" T="0" Pressure="0"/>
        <Point X="460" Y="333" T="0" Pressure="0"/>
        <Point X="459" Y="336" T="0" Pressure="0"/>
        <Point X="458" Y="339" T="0" Pressure="0"/>
        <Point X="455" Y="342" T="0" Pressure="0"/>
        <Point X="454" Y="346" T="0" Pressure="0"/>
        <Point X="451" Y="349" T="0" Pressure="0"/>
        <Point X="448" Y="351" T="0" Pressure="0"/>
        <Point X="443" Y="356" T="0" Pressure="0"/>
        <Point X="439" Y="357" T="0" Pressure="0"/>
        <Point X="432" Y="361" T="0" Pressure="0"/>
        <Point X="429" Y="362" T="0" Pressure="0"/>
        <Point X="425" Y="363" T="0" Pressure="0"/>
        <Point X="422" Y="363" T="0" Pressure="0"/>
        <Point X="419" Y="364" T="0" Pressure="0"/>
        <Point X="415" Y="364" T="0" Pressure="0"/>
        <Point X="409" Y="365" T="0" Pressure="0"/>
        <Point X="405" Y="365" T="0" Pressure="0"/>
        <Point X="403" Y="365" T="0" Pressure="0"/>
        <Point X="401" Y="365" T="0" Pressure="0"/>
        <Point X="398" Y="365" T="0" Pressure="0"/>
        <Point X="395" Y="365" T="0" Pressure="0"/>
        <Point X="394" Y="365" T="0" Pressure="0"/>
    </Stroke>
</Gesture>
