<?xml version="1.0" ?>
<Gesture Name="pitchfork~09" Subject="2" Number="9" NumPts="109" InputType="stylus" Speed="MEDIUM">
    <Stroke index="1">
        <Point X="354" Y="214" T="0" Pressure="0"/>
        <Point X="353" Y="213" T="0" Pressure="0"/>
        <Point X="352" Y="211" T="0" Pressure="0"/>
        <Point X="350" Y="209" T="0" Pressure="0"/>
        <Point X="349" Y="209" T="0" Pressure="0"/>
        <Point X="348" Y="209" T="0" Pressure="0"/>
        <Point X="348" Y="211" T="0" Pressure="0"/>
        <Point X="346" Y="212" T="0" Pressure="0"/>
        <Point X="346" Y="214" T="0" Pressure="0"/>
        <Point X="345" Y="215" T="0" Pressure="0"/>
        <Point X="345" Y="217" T="0" Pressure="0"/>
        <Point X="344" Y="219" T="0" Pressure="0"/>
        <Point X="343" Y="222" T="0" Pressure="0"/>
        <Point X="341" Y="229" T="0" Pressure="0"/>
        <Point X="341" Y="233" T="0" Pressure="0"/>
        <Point X="341" Y="237" T="0" Pressure="0"/>
        <Point X="340" Y="242" T="0" Pressure="0"/>
        <Point X="340" Y="248" T="0" Pressure="0"/>
        <Point X="340" Y="255" T="0" Pressure="0"/>
        <Point X="340" Y="261" T="0" Pressure="0"/>
        <Point X="340" Y="267" T="0" Pressure="0"/>
        <Point X="340" Y="274" T="0" Pressure="0"/>
        <Point X="340" Y="281" T="0" Pressure="0"/>
        <Point X="341" Y="288" T="0" Pressure="0"/>
        <Point X="341" Y="296" T="0" Pressure="0"/>
        <Point X="343" Y="301" T="0" Pressure="0"/>
        <Point X="345" Y="307" T="0" Pressure="0"/>
        <Point X="347" Y="312" T="0" Pressure="0"/>
        <Point X="349" Y="316" T="0" Pressure="0"/>
        <Point X="352" Y="321" T="0" Pressure="0"/>
        <Point X="356" Y="325" T="0" Pressure="0"/>
        <Point X="361" Y="331" T="0" Pressure="0"/>
        <Point X="365" Y="334" T="0" Pressure="0"/>
        <Point X="373" Y="338" T="0" Pressure="0"/>
        <Point X="382" Y="339" T="0" Pressure="0"/>
        <Point X="395" Y="339" T="0" Pressure="0"/>
        <Point X="400" Y="338" T="0" Pressure="0"/>
        <Point X="405" Y="337" T="0" Pressure="0"/>
        <Point X="410" Y="335" T="0" Pressure="0"/>
        <Point X="415" Y="332" T="0" Pressure="0"/>
        <Point X="420" Y="329" T="0" Pressure="0"/>
        <Point X="425" Y="327" T="0" Pressure="0"/>
        <Point X="430" Y="323" T="0" Pressure="0"/>
        <Point X="435" Y="319" T="0" Pressure="0"/>
        <Point X="439" Y="316" T="0" Pressure="0"/>
        <Point X="443" Y="312" T="0" Pressure="0"/>
        <Point X="447" Y="308" T="0" Pressure="0"/>
        <Point X="450" Y="303" T="0" Pressure="0"/>
        <Point X="454" Y="297" T="0" Pressure="0"/>
        <Point X="458" Y="291" T="0" Pressure="0"/>
        <Point X="461" Y="285" T="0" Pressure="0"/>
        <Point X="463" Y="279" T="0" Pressure="0"/>
        <Point X="465" Y="272" T="0" Pressure="0"/>
        <Point X="467" Y="265" T="0" Pressure="0"/>
        <Point X="469" Y="259" T="0" Pressure="0"/>
        <Point X="470" Y="253" T="0" Pressure="0"/>
        <Point X="472" Y="242" T="0" Pressure="0"/>
        <Point X="472" Y="238" T="0" Pressure="0"/>
        <Point X="472" Y="234" T="0" Pressure="0"/>
        <Point X="472" Y="231" T="0" Pressure="0"/>
        <Point X="472" Y="228" T="0" Pressure="0"/>
        <Point X="470" Y="226" T="0" Pressure="0"/>
        <Point X="469" Y="223" T="0" Pressure="0"/>
        <Point X="468" Y="222" T="0" Pressure="0"/>
        <Point X="467" Y="221" T="0" Pressure="0"/>
        <Point X="465" Y="220" T="0" Pressure="0"/>
        <Point X="464" Y="219" T="0" Pressure="0"/>
        <Point X="462" Y="219" T="0" Pressure="0"/>
        <Point X="460" Y="219" T="0" Pressure="0"/>
        <Point X="458" Y="220" T="0" Pressure="0"/>
        <Point X="457" Y="221" T="0" Pressure="0"/>
        <Point X="455" Y="222" T="0" Pressure="0"/>
        <Point X="454" Y="223" T="0" Pressure="0"/>
    </Stroke>
    <Stroke index="2">
        <Point X="412" Y="225" T="0" Pressure="0"/>
        <Point X="409" Y="223" T="0" Pressure="0"/>
        <Point X="408" Y="222" T="0" Pressure="0"/>
        <Point X="406" Y="222" T="0" Pressure="0"/>
        <Point X="405" Y="222" T="0" Pressure="0"/>
        <Point X="405" Y="223" T="0" Pressure="0"/>
        <Point X="404" Y="227" T="0" Pressure="0"/>
        <Point X="403" Y="233" T="0" Pressure="0"/>
        <Point X="401" Y="241" T="0" Pressure="0"/>
        <Point X="401" Y="246" T="0" Pressure="0"/>
        <Point X="399" Y="252" T="0" Pressure="0"/>
        <Point X="398" Y="259" T="0" Pressure="0"/>
        <Point X="398" Y="266" T="0" Pressure="0"/>
        <Point X="397" Y="272" T="0" Pressure="0"/>
        <Point X="395" Y="279" T="0" Pressure="0"/>
        <Point X="394" Y="288" T="0" Pressure="0"/>
        <Point X="393" Y="303" T="0" Pressure="0"/>
        <Point X="393" Y="312" T="0" Pressure="0"/>
        <Point X="391" Y="327" T="0" Pressure="0"/>
        <Point X="391" Y="335" T="0" Pressure="0"/>
        <Point X="391" Y="343" T="0" Pressure="0"/>
        <Point X="390" Y="360" T="0" Pressure="0"/>
        <Point X="390" Y="365" T="0" Pressure="0"/>
        <Point X="390" Y="371" T="0" Pressure="0"/>
        <Point X="390" Y="375" T="0" Pressure="0"/>
        <Point X="390" Y="379" T="0" Pressure="0"/>
        <Point X="390" Y="382" T="0" Pressure="0"/>
        <Point X="390" Y="385" T="0" Pressure="0"/>
        <Point X="390" Y="388" T="0" Pressure="0"/>
        <Point X="390" Y="389" T="0" Pressure="0"/>
        <Point X="390" Y="391" T="0" Pressure="0"/>
        <Point X="389" Y="393" T="0" Pressure="0"/>
        <Point X="389" Y="394" T="0" Pressure="0"/>
        <Point X="389" Y="396" T="0" Pressure="0"/>
        <Point X="389" Y="397" T="0" Pressure="0"/>
        <Point X="389" Y="396" T="0" Pressure="0"/>
    </Stroke>
</Gesture>
