<?xml version="1.0" ?>
<Gesture Name="D~05" Subject="2" Number="5" NumPts="82" InputType="stylus" Speed="MEDIUM">
    <Stroke index="1">
        <Point X="413" Y="310" T="0" Pressure="0"/>
        <Point X="413" Y="308" T="0" Pressure="0"/>
        <Point X="413" Y="309" T="0" Pressure="0"/>
        <Point X="414" Y="311" T="0" Pressure="0"/>
        <Point X="414" Y="313" T="0" Pressure="0"/>
        <Point X="415" Y="315" T="0" Pressure="0"/>
        <Point X="415" Y="317" T="0" Pressure="0"/>
        <Point X="416" Y="320" T="0" Pressure="0"/>
        <Point X="416" Y="323" T="0" Pressure="0"/>
        <Point X="416" Y="327" T="0" Pressure="0"/>
        <Point X="416" Y="331" T="0" Pressure="0"/>
        <Point X="416" Y="335" T="0" Pressure="0"/>
        <Point X="416" Y="339" T="0" Pressure="0"/>
        <Point X="416" Y="343" T="0" Pressure="0"/>
        <Point X="416" Y="348" T="0" Pressure="0"/>
        <Point X="416" Y="352" T="0" Pressure="0"/>
        <Point X="416" Y="357" T="0" Pressure="0"/>
        <Point X="415" Y="362" T="0" Pressure="0"/>
        <Point X="415" Y="364" T="0" Pressure="0"/>
        <Point X="415" Y="368" T="0" Pressure="0"/>
        <Point X="414" Y="371" T="0" Pressure="0"/>
        <Point X="414" Y="373" T="0" Pressure="0"/>
        <Point X="414" Y="377" T="0" Pressure="0"/>
        <Point X="414" Y="379" T="0" Pressure="0"/>
        <Point X="414" Y="381" T="0" Pressure="0"/>
        <Point X="413" Y="383" T="0" Pressure="0"/>
        <Point X="413" Y="384" T="0" Pressure="0"/>
        <Point X="413" Y="386" T="0" Pressure="0"/>
        <Point X="413" Y="387" T="0" Pressure="0"/>
        <Point X="412" Y="389" T="0" Pressure="0"/>
        <Point X="412" Y="390" T="0" Pressure="0"/>
    </Stroke>
    <Stroke index="2">
        <Point X="391" Y="289" T="0" Pressure="0"/>
        <Point X="391" Y="287" T="0" Pressure="0"/>
        <Point X="391" Y="284" T="0" Pressure="0"/>
        <Point X="393" Y="283" T="0" Pressure="0"/>
        <Point X="394" Y="281" T="0" Pressure="0"/>
        <Point X="395" Y="280" T="0" Pressure="0"/>
        <Point X="397" Y="279" T="0" Pressure="0"/>
        <Point X="399" Y="278" T="0" Pressure="0"/>
        <Point X="402" Y="278" T="0" Pressure="0"/>
        <Point X="405" Y="277" T="0" Pressure="0"/>
        <Point X="412" Y="277" T="0" Pressure="0"/>
        <Point X="420" Y="277" T="0" Pressure="0"/>
        <Point X="424" Y="277" T="0" Pressure="0"/>
        <Point X="428" Y="278" T="0" Pressure="0"/>
        <Point X="437" Y="279" T="0" Pressure="0"/>
        <Point X="441" Y="281" T="0" Pressure="0"/>
        <Point X="446" Y="284" T="0" Pressure="0"/>
        <Point X="450" Y="286" T="0" Pressure="0"/>
        <Point X="453" Y="289" T="0" Pressure="0"/>
        <Point X="457" Y="292" T="0" Pressure="0"/>
        <Point X="459" Y="296" T="0" Pressure="0"/>
        <Point X="462" Y="300" T="0" Pressure="0"/>
        <Point X="464" Y="304" T="0" Pressure="0"/>
        <Point X="466" Y="310" T="0" Pressure="0"/>
        <Point X="467" Y="314" T="0" Pressure="0"/>
        <Point X="468" Y="324" T="0" Pressure="0"/>
        <Point X="468" Y="330" T="0" Pressure="0"/>
        <Point X="468" Y="335" T="0" Pressure="0"/>
        <Point X="466" Y="340" T="0" Pressure="0"/>
        <Point X="465" Y="345" T="0" Pressure="0"/>
        <Point X="463" Y="349" T="0" Pressure="0"/>
        <Point X="461" Y="353" T="0" Pressure="0"/>
        <Point X="455" Y="361" T="0" Pressure="0"/>
        <Point X="453" Y="364" T="0" Pressure="0"/>
        <Point X="449" Y="368" T="0" Pressure="0"/>
        <Point X="443" Y="375" T="0" Pressure="0"/>
        <Point X="439" Y="377" T="0" Pressure="0"/>
        <Point X="435" Y="380" T="0" Pressure="0"/>
        <Point X="428" Y="384" T="0" Pressure="0"/>
        <Point X="424" Y="386" T="0" Pressure="0"/>
        <Point X="420" Y="387" T="0" Pressure="0"/>
        <Point X="415" Y="389" T="0" Pressure="0"/>
        <Point X="413" Y="389" T="0" Pressure="0"/>
        <Point X="410" Y="390" T="0" Pressure="0"/>
        <Point X="409" Y="390" T="0" Pressure="0"/>
        <Point X="407" Y="390" T="0" Pressure="0"/>
        <Point X="405" Y="390" T="0" Pressure="0"/>
        <Point X="402" Y="389" T="0" Pressure="0"/>
        <Point X="401" Y="389" T="0" Pressure="0"/>
        <Point X="400" Y="388" T="0" Pressure="0"/>
        <Point X="399" Y="387" T="0" Pressure="0"/>
    </Stroke>
</Gesture>
