<?xml version="1.0" ?>
<Gesture Name="null~03" Subject="2" Number="3" NumPts="118" InputType="stylus" Speed="MEDIUM">
    <Stroke index="1">
        <Point X="372" Y="233" T="0" Pressure="0"/>
        <Point X="368" Y="233" T="0" Pressure="0"/>
        <Point X="366" Y="234" T="0" Pressure="0"/>
        <Point X="364" Y="234" T="0" Pressure="0"/>
        <Point X="363" Y="236" T="0" Pressure="0"/>
        <Point X="360" Y="237" T="0" Pressure="0"/>
        <Point X="358" Y="239" T="0" Pressure="0"/>
        <Point X="356" Y="241" T="0" Pressure="0"/>
        <Point X="353" Y="244" T="0" Pressure="0"/>
        <Point X="351" Y="247" T="0" Pressure="0"/>
        <Point X="349" Y="251" T="0" Pressure="0"/>
        <Point X="346" Y="255" T="0" Pressure="0"/>
        <Point X="344" Y="259" T="0" Pressure="0"/>
        <Point X="341" Y="265" T="0" Pressure="0"/>
        <Point X="340" Y="269" T="0" Pressure="0"/>
        <Point X="338" Y="275" T="0" Pressure="0"/>
        <Point X="337" Y="281" T="0" Pressure="0"/>
        <Point X="335" Y="287" T="0" Pressure="0"/>
        <Point X="334" Y="292" T="0" Pressure="0"/>
        <Point X="334" Y="298" T="0" Pressure="0"/>
        <Point X="334" Y="309" T="0" Pressure="0"/>
        <Point X="335" Y="313" T="0" Pressure="0"/>
        <Point X="338" Y="318" T="0" Pressure="0"/>
        <Point X="340" Y="322" T="0" Pressure="0"/>
        <Point X="342" Y="326" T="0" Pressure="0"/>
        <Point X="344" Y="329" T="0" Pressure="0"/>
        <Point X="347" Y="332" T="0" Pressure="0"/>
        <Point X="350" Y="335" T="0" Pressure="0"/>
        <Point X="353" Y="337" T="0" Pressure="0"/>
        <Point X="356" Y="339" T="0" Pressure="0"/>
        <Point X="360" Y="341" T="0" Pressure="0"/>
        <Point X="363" Y="342" T="0" Pressure="0"/>
        <Point X="367" Y="343" T="0" Pressure="0"/>
        <Point X="371" Y="344" T="0" Pressure="0"/>
        <Point X="375" Y="344" T="0" Pressure="0"/>
        <Point X="379" Y="344" T="0" Pressure="0"/>
        <Point X="383" Y="343" T="0" Pressure="0"/>
        <Point X="387" Y="342" T="0" Pressure="0"/>
        <Point X="391" Y="340" T="0" Pressure="0"/>
        <Point X="396" Y="338" T="0" Pressure="0"/>
        <Point X="401" Y="335" T="0" Pressure="0"/>
        <Point X="405" Y="331" T="0" Pressure="0"/>
        <Point X="410" Y="327" T="0" Pressure="0"/>
        <Point X="413" Y="324" T="0" Pressure="0"/>
        <Point X="420" Y="317" T="0" Pressure="0"/>
        <Point X="424" Y="313" T="0" Pressure="0"/>
        <Point X="426" Y="310" T="0" Pressure="0"/>
        <Point X="429" Y="304" T="0" Pressure="0"/>
        <Point X="431" Y="301" T="0" Pressure="0"/>
        <Point X="432" Y="296" T="0" Pressure="0"/>
        <Point X="432" Y="291" T="0" Pressure="0"/>
        <Point X="432" Y="287" T="0" Pressure="0"/>
        <Point X="432" Y="282" T="0" Pressure="0"/>
        <Point X="432" Y="277" T="0" Pressure="0"/>
        <Point X="431" Y="272" T="0" Pressure="0"/>
        <Point X="429" Y="268" T="0" Pressure="0"/>
        <Point X="427" Y="264" T="0" Pressure="0"/>
        <Point X="424" Y="259" T="0" Pressure="0"/>
        <Point X="415" Y="247" T="0" Pressure="0"/>
        <Point X="411" Y="244" T="0" Pressure="0"/>
        <Point X="408" Y="242" T="0" Pressure="0"/>
        <Point X="404" Y="239" T="0" Pressure="0"/>
        <Point X="399" Y="238" T="0" Pressure="0"/>
        <Point X="394" Y="236" T="0" Pressure="0"/>
        <Point X="391" Y="236" T="0" Pressure="0"/>
        <Point X="387" Y="235" T="0" Pressure="0"/>
        <Point X="383" Y="235" T="0" Pressure="0"/>
        <Point X="379" Y="235" T="0" Pressure="0"/>
        <Point X="375" Y="236" T="0" Pressure="0"/>
        <Point X="371" Y="237" T="0" Pressure="0"/>
        <Point X="368" Y="238" T="0" Pressure="0"/>
        <Point X="360" Y="241" T="0" Pressure="0"/>
    </Stroke>
    <Stroke index="2">
        <Point X="454" Y="207" T="0" Pressure="0"/>
        <Point X="453" Y="206" T="0" Pressure="0"/>
        <Point X="453" Y="205" T="0" Pressure="0"/>
        <Point X="452" Y="205" T="0" Pressure="0"/>
        <Point X="451" Y="205" T="0" Pressure="0"/>
        <Point X="450" Y="205" T="0" Pressure="0"/>
        <Point X="449" Y="206" T="0" Pressure="0"/>
        <Point X="447" Y="208" T="0" Pressure="0"/>
        <Point X="445" Y="209" T="0" Pressure="0"/>
        <Point X="443" Y="212" T="0" Pressure="0"/>
        <Point X="439" Y="215" T="0" Pressure="0"/>
        <Point X="436" Y="218" T="0" Pressure="0"/>
        <Point X="432" Y="223" T="0" Pressure="0"/>
        <Point X="427" Y="228" T="0" Pressure="0"/>
        <Point X="421" Y="233" T="0" Pressure="0"/>
        <Point X="416" Y="238" T="0" Pressure="0"/>
        <Point X="409" Y="244" T="0" Pressure="0"/>
        <Point X="404" Y="251" T="0" Pressure="0"/>
        <Point X="397" Y="258" T="0" Pressure="0"/>
        <Point X="390" Y="265" T="0" Pressure="0"/>
        <Point X="383" Y="272" T="0" Pressure="0"/>
        <Point X="377" Y="279" T="0" Pressure="0"/>
        <Point X="370" Y="288" T="0" Pressure="0"/>
        <Point X="364" Y="295" T="0" Pressure="0"/>
        <Point X="357" Y="303" T="0" Pressure="0"/>
        <Point X="350" Y="310" T="0" Pressure="0"/>
        <Point X="345" Y="316" T="0" Pressure="0"/>
        <Point X="340" Y="322" T="0" Pressure="0"/>
        <Point X="335" Y="327" T="0" Pressure="0"/>
        <Point X="330" Y="333" T="0" Pressure="0"/>
        <Point X="325" Y="338" T="0" Pressure="0"/>
        <Point X="320" Y="343" T="0" Pressure="0"/>
        <Point X="317" Y="347" T="0" Pressure="0"/>
        <Point X="314" Y="351" T="0" Pressure="0"/>
        <Point X="310" Y="355" T="0" Pressure="0"/>
        <Point X="307" Y="358" T="0" Pressure="0"/>
        <Point X="305" Y="361" T="0" Pressure="0"/>
        <Point X="303" Y="363" T="0" Pressure="0"/>
        <Point X="301" Y="364" T="0" Pressure="0"/>
        <Point X="300" Y="366" T="0" Pressure="0"/>
        <Point X="299" Y="367" T="0" Pressure="0"/>
        <Point X="299" Y="368" T="0" Pressure="0"/>
        <Point X="299" Y="369" T="0" Pressure="0"/>
        <Point X="299" Y="370" T="0" Pressure="0"/>
        <Point X="299" Y="371" T="0" Pressure="0"/>
        <Point X="300" Y="371" T="0" Pressure="0"/>
    </Stroke>
</Gesture>
