<?xml version="1.0" ?>
<Gesture Name="H~03" Subject="2" Number="3" NumPts="90" InputType="stylus" Speed="MEDIUM">
    <Stroke index="1">
        <Point X="360" Y="228" T="0" Pressure="0"/>
        <Point X="359" Y="228" T="0" Pressure="0"/>
        <Point X="358" Y="228" T="0" Pressure="0"/>
        <Point X="358" Y="229" T="0" Pressure="0"/>
        <Point X="357" Y="231" T="0" Pressure="0"/>
        <Point X="357" Y="233" T="0" Pressure="0"/>
        <Point X="357" Y="239" T="0" Pressure="0"/>
        <Point X="357" Y="243" T="0" Pressure="0"/>
        <Point X="356" Y="248" T="0" Pressure="0"/>
        <Point X="356" Y="254" T="0" Pressure="0"/>
        <Point X="356" Y="262" T="0" Pressure="0"/>
        <Point X="355" Y="268" T="0" Pressure="0"/>
        <Point X="355" Y="277" T="0" Pressure="0"/>
        <Point X="353" Y="284" T="0" Pressure="0"/>
        <Point X="353" Y="293" T="0" Pressure="0"/>
        <Point X="352" Y="301" T="0" Pressure="0"/>
        <Point X="352" Y="309" T="0" Pressure="0"/>
        <Point X="350" Y="317" T="0" Pressure="0"/>
        <Point X="350" Y="326" T="0" Pressure="0"/>
        <Point X="349" Y="333" T="0" Pressure="0"/>
        <Point X="349" Y="341" T="0" Pressure="0"/>
        <Point X="349" Y="352" T="0" Pressure="0"/>
        <Point X="349" Y="358" T="0" Pressure="0"/>
        <Point X="349" Y="362" T="0" Pressure="0"/>
        <Point X="350" Y="365" T="0" Pressure="0"/>
        <Point X="351" Y="368" T="0" Pressure="0"/>
        <Point X="351" Y="370" T="0" Pressure="0"/>
        <Point X="352" Y="371" T="0" Pressure="0"/>
        <Point X="352" Y="373" T="0" Pressure="0"/>
        <Point X="352" Y="374" T="0" Pressure="0"/>
        <Point X="353" Y="375" T="0" Pressure="0"/>
        <Point X="353" Y="376" T="0" Pressure="0"/>
    </Stroke>
    <Stroke index="2">
        <Point X="353" Y="310" T="0" Pressure="0"/>
        <Point X="353" Y="309" T="0" Pressure="0"/>
        <Point X="353" Y="308" T="0" Pressure="0"/>
        <Point X="354" Y="307" T="0" Pressure="0"/>
        <Point X="356" Y="306" T="0" Pressure="0"/>
        <Point X="357" Y="306" T="0" Pressure="0"/>
        <Point X="360" Y="304" T="0" Pressure="0"/>
        <Point X="363" Y="303" T="0" Pressure="0"/>
        <Point X="367" Y="303" T="0" Pressure="0"/>
        <Point X="382" Y="299" T="0" Pressure="0"/>
        <Point X="387" Y="298" T="0" Pressure="0"/>
        <Point X="393" Y="297" T="0" Pressure="0"/>
        <Point X="398" Y="296" T="0" Pressure="0"/>
        <Point X="404" Y="296" T="0" Pressure="0"/>
        <Point X="409" Y="295" T="0" Pressure="0"/>
        <Point X="413" Y="294" T="0" Pressure="0"/>
        <Point X="418" Y="294" T="0" Pressure="0"/>
        <Point X="423" Y="294" T="0" Pressure="0"/>
        <Point X="428" Y="294" T="0" Pressure="0"/>
        <Point X="432" Y="295" T="0" Pressure="0"/>
        <Point X="435" Y="296" T="0" Pressure="0"/>
    </Stroke>
    <Stroke index="3">
        <Point X="440" Y="241" T="0" Pressure="0"/>
        <Point X="439" Y="239" T="0" Pressure="0"/>
        <Point X="439" Y="238" T="0" Pressure="0"/>
        <Point X="440" Y="238" T="0" Pressure="0"/>
        <Point X="441" Y="239" T="0" Pressure="0"/>
        <Point X="442" Y="239" T="0" Pressure="0"/>
        <Point X="442" Y="241" T="0" Pressure="0"/>
        <Point X="443" Y="243" T="0" Pressure="0"/>
        <Point X="443" Y="246" T="0" Pressure="0"/>
        <Point X="443" Y="248" T="0" Pressure="0"/>
        <Point X="443" Y="251" T="0" Pressure="0"/>
        <Point X="443" Y="254" T="0" Pressure="0"/>
        <Point X="443" Y="258" T="0" Pressure="0"/>
        <Point X="443" Y="263" T="0" Pressure="0"/>
        <Point X="443" Y="268" T="0" Pressure="0"/>
        <Point X="443" Y="273" T="0" Pressure="0"/>
        <Point X="442" Y="279" T="0" Pressure="0"/>
        <Point X="439" Y="294" T="0" Pressure="0"/>
        <Point X="439" Y="301" T="0" Pressure="0"/>
        <Point X="438" Y="309" T="0" Pressure="0"/>
        <Point X="437" Y="315" T="0" Pressure="0"/>
        <Point X="436" Y="321" T="0" Pressure="0"/>
        <Point X="436" Y="327" T="0" Pressure="0"/>
        <Point X="436" Y="333" T="0" Pressure="0"/>
        <Point X="436" Y="337" T="0" Pressure="0"/>
        <Point X="436" Y="342" T="0" Pressure="0"/>
        <Point X="436" Y="345" T="0" Pressure="0"/>
        <Point X="436" Y="348" T="0" Pressure="0"/>
        <Point X="436" Y="352" T="0" Pressure="0"/>
        <Point X="436" Y="355" T="0" Pressure="0"/>
        <Point X="436" Y="357" T="0" Pressure="0"/>
        <Point X="436" Y="359" T="0" Pressure="0"/>
        <Point X="436" Y="361" T="0" Pressure="0"/>
        <Point X="436" Y="362" T="0" Pressure="0"/>
        <Point X="437" Y="363" T="0" Pressure="0"/>
        <Point X="437" Y="364" T="0" Pressure="0"/>
        <Point X="438" Y="365" T="0" Pressure="0"/>
    </Stroke>
</Gesture>
