<?xml version="1.0" ?>
<Gesture Name="D~03" Subject="2" Number="3" NumPts="80" InputType="stylus" Speed="MEDIUM">
    <Stroke index="1">
        <Point X="382" Y="302" T="0" Pressure="0"/>
        <Point X="380" Y="299" T="0" Pressure="0"/>
        <Point X="380" Y="298" T="0" Pressure="0"/>
        <Point X="380" Y="297" T="0" Pressure="0"/>
        <Point X="381" Y="297" T="0" Pressure="0"/>
        <Point X="382" Y="297" T="0" Pressure="0"/>
        <Point X="383" Y="300" T="0" Pressure="0"/>
        <Point X="384" Y="302" T="0" Pressure="0"/>
        <Point X="386" Y="304" T="0" Pressure="0"/>
        <Point X="386" Y="307" T="0" Pressure="0"/>
        <Point X="389" Y="314" T="0" Pressure="0"/>
        <Point X="389" Y="317" T="0" Pressure="0"/>
        <Point X="390" Y="321" T="0" Pressure="0"/>
        <Point X="391" Y="331" T="0" Pressure="0"/>
        <Point X="391" Y="336" T="0" Pressure="0"/>
        <Point X="391" Y="340" T="0" Pressure="0"/>
        <Point X="391" Y="348" T="0" Pressure="0"/>
        <Point X="391" Y="352" T="0" Pressure="0"/>
        <Point X="391" Y="356" T="0" Pressure="0"/>
        <Point X="391" Y="361" T="0" Pressure="0"/>
        <Point X="391" Y="363" T="0" Pressure="0"/>
        <Point X="391" Y="364" T="0" Pressure="0"/>
        <Point X="391" Y="367" T="0" Pressure="0"/>
        <Point X="390" Y="369" T="0" Pressure="0"/>
        <Point X="389" Y="373" T="0" Pressure="0"/>
        <Point X="389" Y="375" T="0" Pressure="0"/>
        <Point X="387" Y="376" T="0" Pressure="0"/>
        <Point X="386" Y="376" T="0" Pressure="0"/>
        <Point X="386" Y="377" T="0" Pressure="0"/>
    </Stroke>
    <Stroke index="2">
        <Point X="368" Y="298" T="0" Pressure="0"/>
        <Point X="366" Y="294" T="0" Pressure="0"/>
        <Point X="365" Y="291" T="0" Pressure="0"/>
        <Point X="365" Y="289" T="0" Pressure="0"/>
        <Point X="365" Y="287" T="0" Pressure="0"/>
        <Point X="365" Y="285" T="0" Pressure="0"/>
        <Point X="367" Y="283" T="0" Pressure="0"/>
        <Point X="368" Y="282" T="0" Pressure="0"/>
        <Point X="369" Y="281" T="0" Pressure="0"/>
        <Point X="371" Y="281" T="0" Pressure="0"/>
        <Point X="372" Y="280" T="0" Pressure="0"/>
        <Point X="374" Y="279" T="0" Pressure="0"/>
        <Point X="376" Y="279" T="0" Pressure="0"/>
        <Point X="381" Y="278" T="0" Pressure="0"/>
        <Point X="384" Y="278" T="0" Pressure="0"/>
        <Point X="388" Y="278" T="0" Pressure="0"/>
        <Point X="392" Y="278" T="0" Pressure="0"/>
        <Point X="401" Y="279" T="0" Pressure="0"/>
        <Point X="405" Y="279" T="0" Pressure="0"/>
        <Point X="413" Y="282" T="0" Pressure="0"/>
        <Point X="417" Y="284" T="0" Pressure="0"/>
        <Point X="421" Y="287" T="0" Pressure="0"/>
        <Point X="425" Y="289" T="0" Pressure="0"/>
        <Point X="431" Y="296" T="0" Pressure="0"/>
        <Point X="433" Y="299" T="0" Pressure="0"/>
        <Point X="435" Y="303" T="0" Pressure="0"/>
        <Point X="437" Y="308" T="0" Pressure="0"/>
        <Point X="438" Y="313" T="0" Pressure="0"/>
        <Point X="439" Y="317" T="0" Pressure="0"/>
        <Point X="439" Y="321" T="0" Pressure="0"/>
        <Point X="435" Y="343" T="0" Pressure="0"/>
        <Point X="433" Y="346" T="0" Pressure="0"/>
        <Point X="431" Y="350" T="0" Pressure="0"/>
        <Point X="429" Y="353" T="0" Pressure="0"/>
        <Point X="427" Y="357" T="0" Pressure="0"/>
        <Point X="424" Y="360" T="0" Pressure="0"/>
        <Point X="421" Y="362" T="0" Pressure="0"/>
        <Point X="416" Y="366" T="0" Pressure="0"/>
        <Point X="413" Y="368" T="0" Pressure="0"/>
        <Point X="409" Y="369" T="0" Pressure="0"/>
        <Point X="402" Y="372" T="0" Pressure="0"/>
        <Point X="399" Y="373" T="0" Pressure="0"/>
        <Point X="396" Y="375" T="0" Pressure="0"/>
        <Point X="390" Y="376" T="0" Pressure="0"/>
        <Point X="387" Y="376" T="0" Pressure="0"/>
        <Point X="386" Y="376" T="0" Pressure="0"/>
        <Point X="383" Y="376" T="0" Pressure="0"/>
        <Point X="382" Y="376" T="0" Pressure="0"/>
        <Point X="380" Y="376" T="0" Pressure="0"/>
        <Point X="379" Y="375" T="0" Pressure="0"/>
        <Point X="380" Y="375" T="0" Pressure="0"/>
    </Stroke>
</Gesture>
