<?xml version="1.0" ?>
<Gesture Name="P~01" Subject="2" Number="1" NumPts="74" InputType="stylus" Speed="MEDIUM">
    <Stroke index="1">
        <Point X="383" Y="265" T="0" Pressure="0"/>
        <Point X="382" Y="264" T="0" Pressure="0"/>
        <Point X="382" Y="266" T="0" Pressure="0"/>
        <Point X="382" Y="267" T="0" Pressure="0"/>
        <Point X="382" Y="269" T="0" Pressure="0"/>
        <Point X="382" Y="272" T="0" Pressure="0"/>
        <Point X="382" Y="275" T="0" Pressure="0"/>
        <Point X="382" Y="279" T="0" Pressure="0"/>
        <Point X="381" Y="284" T="0" Pressure="0"/>
        <Point X="381" Y="289" T="0" Pressure="0"/>
        <Point X="381" Y="295" T="0" Pressure="0"/>
        <Point X="380" Y="302" T="0" Pressure="0"/>
        <Point X="380" Y="310" T="0" Pressure="0"/>
        <Point X="379" Y="327" T="0" Pressure="0"/>
        <Point X="379" Y="334" T="0" Pressure="0"/>
        <Point X="379" Y="341" T="0" Pressure="0"/>
        <Point X="379" Y="355" T="0" Pressure="0"/>
        <Point X="379" Y="361" T="0" Pressure="0"/>
        <Point X="379" Y="367" T="0" Pressure="0"/>
        <Point X="379" Y="371" T="0" Pressure="0"/>
        <Point X="380" Y="376" T="0" Pressure="0"/>
        <Point X="380" Y="379" T="0" Pressure="0"/>
        <Point X="381" Y="382" T="0" Pressure="0"/>
        <Point X="382" Y="387" T="0" Pressure="0"/>
    </Stroke>
    <Stroke index="2">
        <Point X="378" Y="253" T="0" Pressure="0"/>
        <Point X="377" Y="252" T="0" Pressure="0"/>
        <Point X="376" Y="251" T="0" Pressure="0"/>
        <Point X="376" Y="249" T="0" Pressure="0"/>
        <Point X="376" Y="248" T="0" Pressure="0"/>
        <Point X="376" Y="246" T="0" Pressure="0"/>
        <Point X="377" Y="245" T="0" Pressure="0"/>
        <Point X="378" Y="243" T="0" Pressure="0"/>
        <Point X="379" Y="241" T="0" Pressure="0"/>
        <Point X="382" Y="240" T="0" Pressure="0"/>
        <Point X="383" Y="239" T="0" Pressure="0"/>
        <Point X="386" Y="238" T="0" Pressure="0"/>
        <Point X="391" Y="236" T="0" Pressure="0"/>
        <Point X="394" Y="235" T="0" Pressure="0"/>
        <Point X="398" Y="234" T="0" Pressure="0"/>
        <Point X="402" Y="234" T="0" Pressure="0"/>
        <Point X="405" Y="234" T="0" Pressure="0"/>
        <Point X="409" Y="234" T="0" Pressure="0"/>
        <Point X="413" Y="234" T="0" Pressure="0"/>
        <Point X="417" Y="235" T="0" Pressure="0"/>
        <Point X="424" Y="238" T="0" Pressure="0"/>
        <Point X="427" Y="240" T="0" Pressure="0"/>
        <Point X="429" Y="243" T="0" Pressure="0"/>
        <Point X="432" Y="246" T="0" Pressure="0"/>
        <Point X="434" Y="250" T="0" Pressure="0"/>
        <Point X="435" Y="254" T="0" Pressure="0"/>
        <Point X="435" Y="259" T="0" Pressure="0"/>
        <Point X="435" Y="263" T="0" Pressure="0"/>
        <Point X="435" Y="267" T="0" Pressure="0"/>
        <Point X="435" Y="271" T="0" Pressure="0"/>
        <Point X="434" Y="275" T="0" Pressure="0"/>
        <Point X="431" Y="284" T="0" Pressure="0"/>
        <Point X="429" Y="287" T="0" Pressure="0"/>
        <Point X="427" Y="290" T="0" Pressure="0"/>
        <Point X="424" Y="293" T="0" Pressure="0"/>
        <Point X="421" Y="296" T="0" Pressure="0"/>
        <Point X="419" Y="298" T="0" Pressure="0"/>
        <Point X="415" Y="301" T="0" Pressure="0"/>
        <Point X="412" Y="303" T="0" Pressure="0"/>
        <Point X="409" Y="304" T="0" Pressure="0"/>
        <Point X="405" Y="305" T="0" Pressure="0"/>
        <Point X="402" Y="306" T="0" Pressure="0"/>
        <Point X="399" Y="307" T="0" Pressure="0"/>
        <Point X="396" Y="307" T="0" Pressure="0"/>
        <Point X="394" Y="307" T="0" Pressure="0"/>
        <Point X="391" Y="307" T="0" Pressure="0"/>
        <Point X="390" Y="307" T="0" Pressure="0"/>
        <Point X="388" Y="307" T="0" Pressure="0"/>
        <Point X="387" Y="307" T="0" Pressure="0"/>
        <Point X="386" Y="307" T="0" Pressure="0"/>
    </Stroke>
</Gesture>
