<?xml version="1.0" ?>
<Gesture Name="five_point_star~06" Subject="2" Number="6" NumPts="155" InputType="stylus" Speed="MEDIUM">
    <Stroke index="1">
        <Point X="357" Y="391" T="0" Pressure="0"/>
        <Point X="356" Y="391" T="0" Pressure="0"/>
        <Point X="356" Y="390" T="0" Pressure="0"/>
        <Point X="356" Y="389" T="0" Pressure="0"/>
        <Point X="356" Y="388" T="0" Pressure="0"/>
        <Point X="356" Y="387" T="0" Pressure="0"/>
        <Point X="356" Y="386" T="0" Pressure="0"/>
        <Point X="356" Y="385" T="0" Pressure="0"/>
        <Point X="356" Y="383" T="0" Pressure="0"/>
        <Point X="356" Y="381" T="0" Pressure="0"/>
        <Point X="356" Y="377" T="0" Pressure="0"/>
        <Point X="357" Y="375" T="0" Pressure="0"/>
        <Point X="359" Y="371" T="0" Pressure="0"/>
        <Point X="360" Y="366" T="0" Pressure="0"/>
        <Point X="361" Y="362" T="0" Pressure="0"/>
        <Point X="365" Y="352" T="0" Pressure="0"/>
        <Point X="367" Y="346" T="0" Pressure="0"/>
        <Point X="369" Y="340" T="0" Pressure="0"/>
        <Point X="372" Y="334" T="0" Pressure="0"/>
        <Point X="375" Y="328" T="0" Pressure="0"/>
        <Point X="378" Y="321" T="0" Pressure="0"/>
        <Point X="381" Y="314" T="0" Pressure="0"/>
        <Point X="383" Y="309" T="0" Pressure="0"/>
        <Point X="386" Y="303" T="0" Pressure="0"/>
        <Point X="388" Y="298" T="0" Pressure="0"/>
        <Point X="390" Y="293" T="0" Pressure="0"/>
        <Point X="394" Y="287" T="0" Pressure="0"/>
        <Point X="395" Y="284" T="0" Pressure="0"/>
        <Point X="396" Y="282" T="0" Pressure="0"/>
        <Point X="397" Y="280" T="0" Pressure="0"/>
        <Point X="398" Y="279" T="0" Pressure="0"/>
        <Point X="398" Y="278" T="0" Pressure="0"/>
        <Point X="399" Y="278" T="0" Pressure="0"/>
        <Point X="400" Y="279" T="0" Pressure="0"/>
        <Point X="401" Y="281" T="0" Pressure="0"/>
        <Point X="402" Y="282" T="0" Pressure="0"/>
        <Point X="403" Y="284" T="0" Pressure="0"/>
        <Point X="404" Y="286" T="0" Pressure="0"/>
        <Point X="406" Y="291" T="0" Pressure="0"/>
        <Point X="408" Y="294" T="0" Pressure="0"/>
        <Point X="410" Y="297" T="0" Pressure="0"/>
        <Point X="414" Y="306" T="0" Pressure="0"/>
        <Point X="417" Y="310" T="0" Pressure="0"/>
        <Point X="419" Y="314" T="0" Pressure="0"/>
        <Point X="424" Y="323" T="0" Pressure="0"/>
        <Point X="427" Y="328" T="0" Pressure="0"/>
        <Point X="428" Y="332" T="0" Pressure="0"/>
        <Point X="432" Y="340" T="0" Pressure="0"/>
        <Point X="435" Y="344" T="0" Pressure="0"/>
        <Point X="436" Y="348" T="0" Pressure="0"/>
        <Point X="439" Y="355" T="0" Pressure="0"/>
        <Point X="440" Y="358" T="0" Pressure="0"/>
        <Point X="442" Y="361" T="0" Pressure="0"/>
        <Point X="443" Y="363" T="0" Pressure="0"/>
        <Point X="443" Y="366" T="0" Pressure="0"/>
        <Point X="444" Y="369" T="0" Pressure="0"/>
        <Point X="444" Y="371" T="0" Pressure="0"/>
        <Point X="446" Y="375" T="0" Pressure="0"/>
        <Point X="446" Y="377" T="0" Pressure="0"/>
        <Point X="446" Y="380" T="0" Pressure="0"/>
        <Point X="445" Y="380" T="0" Pressure="0"/>
        <Point X="444" Y="380" T="0" Pressure="0"/>
        <Point X="443" Y="380" T="0" Pressure="0"/>
        <Point X="442" Y="380" T="0" Pressure="0"/>
        <Point X="440" Y="380" T="0" Pressure="0"/>
        <Point X="439" Y="380" T="0" Pressure="0"/>
        <Point X="437" Y="380" T="0" Pressure="0"/>
        <Point X="432" Y="378" T="0" Pressure="0"/>
        <Point X="430" Y="378" T="0" Pressure="0"/>
        <Point X="428" Y="377" T="0" Pressure="0"/>
        <Point X="422" Y="375" T="0" Pressure="0"/>
        <Point X="419" Y="373" T="0" Pressure="0"/>
        <Point X="415" Y="371" T="0" Pressure="0"/>
        <Point X="407" Y="368" T="0" Pressure="0"/>
        <Point X="402" Y="366" T="0" Pressure="0"/>
        <Point X="398" Y="365" T="0" Pressure="0"/>
        <Point X="388" Y="362" T="0" Pressure="0"/>
        <Point X="383" Y="360" T="0" Pressure="0"/>
        <Point X="379" Y="359" T="0" Pressure="0"/>
        <Point X="368" Y="356" T="0" Pressure="0"/>
        <Point X="364" Y="355" T="0" Pressure="0"/>
        <Point X="359" Y="354" T="0" Pressure="0"/>
        <Point X="352" Y="352" T="0" Pressure="0"/>
        <Point X="348" Y="352" T="0" Pressure="0"/>
        <Point X="344" Y="352" T="0" Pressure="0"/>
        <Point X="338" Y="351" T="0" Pressure="0"/>
        <Point X="335" Y="351" T="0" Pressure="0"/>
        <Point X="333" Y="351" T="0" Pressure="0"/>
        <Point X="330" Y="349" T="0" Pressure="0"/>
        <Point X="329" Y="349" T="0" Pressure="0"/>
        <Point X="327" Y="349" T="0" Pressure="0"/>
        <Point X="327" Y="348" T="0" Pressure="0"/>
        <Point X="327" Y="347" T="0" Pressure="0"/>
        <Point X="327" Y="346" T="0" Pressure="0"/>
        <Point X="329" Y="345" T="0" Pressure="0"/>
        <Point X="330" Y="344" T="0" Pressure="0"/>
        <Point X="331" Y="342" T="0" Pressure="0"/>
        <Point X="337" Y="339" T="0" Pressure="0"/>
        <Point X="340" Y="337" T="0" Pressure="0"/>
        <Point X="343" Y="335" T="0" Pressure="0"/>
        <Point X="351" Y="330" T="0" Pressure="0"/>
        <Point X="356" Y="327" T="0" Pressure="0"/>
        <Point X="361" Y="324" T="0" Pressure="0"/>
        <Point X="372" Y="319" T="0" Pressure="0"/>
        <Point X="379" Y="316" T="0" Pressure="0"/>
        <Point X="384" Y="313" T="0" Pressure="0"/>
        <Point X="397" Y="309" T="0" Pressure="0"/>
        <Point X="404" Y="307" T="0" Pressure="0"/>
        <Point X="409" Y="305" T="0" Pressure="0"/>
        <Point X="419" Y="302" T="0" Pressure="0"/>
        <Point X="424" Y="301" T="0" Pressure="0"/>
        <Point X="428" Y="299" T="0" Pressure="0"/>
        <Point X="436" Y="297" T="0" Pressure="0"/>
        <Point X="440" Y="297" T="0" Pressure="0"/>
        <Point X="443" Y="297" T="0" Pressure="0"/>
        <Point X="449" Y="296" T="0" Pressure="0"/>
        <Point X="451" Y="296" T="0" Pressure="0"/>
        <Point X="453" Y="296" T="0" Pressure="0"/>
        <Point X="455" Y="297" T="0" Pressure="0"/>
        <Point X="456" Y="298" T="0" Pressure="0"/>
        <Point X="457" Y="299" T="0" Pressure="0"/>
        <Point X="457" Y="302" T="0" Pressure="0"/>
        <Point X="457" Y="303" T="0" Pressure="0"/>
        <Point X="456" Y="306" T="0" Pressure="0"/>
        <Point X="454" Y="310" T="0" Pressure="0"/>
        <Point X="453" Y="313" T="0" Pressure="0"/>
        <Point X="450" Y="316" T="0" Pressure="0"/>
        <Point X="447" Y="322" T="0" Pressure="0"/>
        <Point X="443" Y="326" T="0" Pressure="0"/>
        <Point X="440" Y="330" T="0" Pressure="0"/>
        <Point X="433" Y="338" T="0" Pressure="0"/>
        <Point X="429" Y="342" T="0" Pressure="0"/>
        <Point X="425" Y="346" T="0" Pressure="0"/>
        <Point X="420" Y="349" T="0" Pressure="0"/>
        <Point X="416" Y="353" T="0" Pressure="0"/>
        <Point X="406" Y="361" T="0" Pressure="0"/>
        <Point X="397" Y="367" T="0" Pressure="0"/>
        <Point X="392" Y="370" T="0" Pressure="0"/>
        <Point X="387" Y="372" T="0" Pressure="0"/>
        <Point X="378" Y="377" T="0" Pressure="0"/>
        <Point X="375" Y="380" T="0" Pressure="0"/>
        <Point X="371" Y="382" T="0" Pressure="0"/>
        <Point X="368" Y="383" T="0" Pressure="0"/>
        <Point X="365" Y="384" T="0" Pressure="0"/>
        <Point X="362" Y="386" T="0" Pressure="0"/>
        <Point X="360" Y="386" T="0" Pressure="0"/>
        <Point X="359" Y="387" T="0" Pressure="0"/>
        <Point X="357" Y="388" T="0" Pressure="0"/>
        <Point X="358" Y="388" T="0" Pressure="0"/>
        <Point X="359" Y="388" T="0" Pressure="0"/>
        <Point X="360" Y="388" T="0" Pressure="0"/>
        <Point X="362" Y="388" T="0" Pressure="0"/>
        <Point X="364" Y="388" T="0" Pressure="0"/>
        <Point X="365" Y="389" T="0" Pressure="0"/>
        <Point X="367" Y="389" T="0" Pressure="0"/>
    </Stroke>
</Gesture>
