<?xml version="1.0" ?>
<Gesture Name="pitchfork~10" Subject="2" Number="10" NumPts="113" InputType="stylus" Speed="MEDIUM">
    <Stroke index="1">
        <Point X="359" Y="219" T="0" Pressure="0"/>
        <Point X="357" Y="218" T="0" Pressure="0"/>
        <Point X="356" Y="217" T="0" Pressure="0"/>
        <Point X="356" Y="216" T="0" Pressure="0"/>
        <Point X="354" Y="216" T="0" Pressure="0"/>
        <Point X="353" Y="217" T="0" Pressure="0"/>
        <Point X="353" Y="218" T="0" Pressure="0"/>
        <Point X="353" Y="220" T="0" Pressure="0"/>
        <Point X="352" Y="222" T="0" Pressure="0"/>
        <Point X="352" Y="225" T="0" Pressure="0"/>
        <Point X="351" Y="228" T="0" Pressure="0"/>
        <Point X="351" Y="231" T="0" Pressure="0"/>
        <Point X="350" Y="234" T="0" Pressure="0"/>
        <Point X="350" Y="239" T="0" Pressure="0"/>
        <Point X="350" Y="248" T="0" Pressure="0"/>
        <Point X="350" Y="253" T="0" Pressure="0"/>
        <Point X="350" Y="258" T="0" Pressure="0"/>
        <Point X="351" Y="264" T="0" Pressure="0"/>
        <Point X="352" Y="268" T="0" Pressure="0"/>
        <Point X="353" Y="274" T="0" Pressure="0"/>
        <Point X="355" Y="279" T="0" Pressure="0"/>
        <Point X="356" Y="284" T="0" Pressure="0"/>
        <Point X="359" Y="289" T="0" Pressure="0"/>
        <Point X="361" Y="293" T="0" Pressure="0"/>
        <Point X="364" Y="296" T="0" Pressure="0"/>
        <Point X="366" Y="301" T="0" Pressure="0"/>
        <Point X="369" Y="304" T="0" Pressure="0"/>
        <Point X="372" Y="307" T="0" Pressure="0"/>
        <Point X="375" Y="310" T="0" Pressure="0"/>
        <Point X="379" Y="312" T="0" Pressure="0"/>
        <Point X="382" Y="313" T="0" Pressure="0"/>
        <Point X="386" Y="315" T="0" Pressure="0"/>
        <Point X="390" Y="317" T="0" Pressure="0"/>
        <Point X="393" Y="317" T="0" Pressure="0"/>
        <Point X="397" Y="318" T="0" Pressure="0"/>
        <Point X="401" Y="318" T="0" Pressure="0"/>
        <Point X="405" Y="318" T="0" Pressure="0"/>
        <Point X="410" Y="318" T="0" Pressure="0"/>
        <Point X="414" Y="318" T="0" Pressure="0"/>
        <Point X="420" Y="316" T="0" Pressure="0"/>
        <Point X="424" Y="315" T="0" Pressure="0"/>
        <Point X="428" Y="313" T="0" Pressure="0"/>
        <Point X="432" Y="311" T="0" Pressure="0"/>
        <Point X="437" Y="309" T="0" Pressure="0"/>
        <Point X="442" Y="306" T="0" Pressure="0"/>
        <Point X="446" Y="303" T="0" Pressure="0"/>
        <Point X="449" Y="300" T="0" Pressure="0"/>
        <Point X="453" Y="297" T="0" Pressure="0"/>
        <Point X="456" Y="293" T="0" Pressure="0"/>
        <Point X="459" Y="289" T="0" Pressure="0"/>
        <Point X="462" Y="285" T="0" Pressure="0"/>
        <Point X="465" Y="280" T="0" Pressure="0"/>
        <Point X="467" Y="275" T="0" Pressure="0"/>
        <Point X="469" Y="270" T="0" Pressure="0"/>
        <Point X="471" Y="264" T="0" Pressure="0"/>
        <Point X="473" Y="259" T="0" Pressure="0"/>
        <Point X="473" Y="254" T="0" Pressure="0"/>
        <Point X="474" Y="248" T="0" Pressure="0"/>
        <Point X="475" Y="244" T="0" Pressure="0"/>
        <Point X="475" Y="240" T="0" Pressure="0"/>
        <Point X="475" Y="236" T="0" Pressure="0"/>
        <Point X="475" Y="233" T="0" Pressure="0"/>
        <Point X="474" Y="229" T="0" Pressure="0"/>
        <Point X="472" Y="225" T="0" Pressure="0"/>
        <Point X="471" Y="223" T="0" Pressure="0"/>
        <Point X="469" Y="222" T="0" Pressure="0"/>
        <Point X="469" Y="221" T="0" Pressure="0"/>
        <Point X="467" Y="220" T="0" Pressure="0"/>
        <Point X="466" Y="219" T="0" Pressure="0"/>
        <Point X="465" Y="219" T="0" Pressure="0"/>
        <Point X="464" Y="219" T="0" Pressure="0"/>
        <Point X="462" Y="220" T="0" Pressure="0"/>
        <Point X="462" Y="221" T="0" Pressure="0"/>
        <Point X="461" Y="221" T="0" Pressure="0"/>
        <Point X="459" Y="223" T="0" Pressure="0"/>
    </Stroke>
    <Stroke index="2">
        <Point X="419" Y="227" T="0" Pressure="0"/>
        <Point X="417" Y="226" T="0" Pressure="0"/>
        <Point X="416" Y="224" T="0" Pressure="0"/>
        <Point X="416" Y="223" T="0" Pressure="0"/>
        <Point X="415" Y="222" T="0" Pressure="0"/>
        <Point X="414" Y="221" T="0" Pressure="0"/>
        <Point X="414" Y="222" T="0" Pressure="0"/>
        <Point X="414" Y="223" T="0" Pressure="0"/>
        <Point X="413" Y="224" T="0" Pressure="0"/>
        <Point X="413" Y="229" T="0" Pressure="0"/>
        <Point X="412" Y="232" T="0" Pressure="0"/>
        <Point X="412" Y="236" T="0" Pressure="0"/>
        <Point X="410" Y="243" T="0" Pressure="0"/>
        <Point X="409" Y="249" T="0" Pressure="0"/>
        <Point X="409" Y="254" T="0" Pressure="0"/>
        <Point X="408" Y="266" T="0" Pressure="0"/>
        <Point X="406" Y="273" T="0" Pressure="0"/>
        <Point X="406" Y="280" T="0" Pressure="0"/>
        <Point X="404" Y="294" T="0" Pressure="0"/>
        <Point X="404" Y="301" T="0" Pressure="0"/>
        <Point X="403" Y="308" T="0" Pressure="0"/>
        <Point X="402" Y="323" T="0" Pressure="0"/>
        <Point X="402" Y="332" T="0" Pressure="0"/>
        <Point X="401" Y="346" T="0" Pressure="0"/>
        <Point X="400" Y="352" T="0" Pressure="0"/>
        <Point X="399" Y="358" T="0" Pressure="0"/>
        <Point X="399" Y="363" T="0" Pressure="0"/>
        <Point X="399" Y="372" T="0" Pressure="0"/>
        <Point X="399" Y="376" T="0" Pressure="0"/>
        <Point X="399" Y="378" T="0" Pressure="0"/>
        <Point X="399" Y="381" T="0" Pressure="0"/>
        <Point X="398" Y="386" T="0" Pressure="0"/>
        <Point X="398" Y="387" T="0" Pressure="0"/>
        <Point X="398" Y="388" T="0" Pressure="0"/>
        <Point X="398" Y="389" T="0" Pressure="0"/>
        <Point X="398" Y="391" T="0" Pressure="0"/>
        <Point X="398" Y="392" T="0" Pressure="0"/>
        <Point X="399" Y="392" T="0" Pressure="0"/>
    </Stroke>
</Gesture>
