<?xml version="1.0" ?>
<Gesture Name="five_point_star~08" Subject="2" Number="8" NumPts="149" InputType="stylus" Speed="MEDIUM">
    <Stroke index="1">
        <Point X="337" Y="388" T="0" Pressure="0"/>
        <Point X="335" Y="389" T="0" Pressure="0"/>
        <Point X="334" Y="389" T="0" Pressure="0"/>
        <Point X="334" Y="388" T="0" Pressure="0"/>
        <Point X="335" Y="387" T="0" Pressure="0"/>
        <Point X="335" Y="386" T="0" Pressure="0"/>
        <Point X="337" Y="384" T="0" Pressure="0"/>
        <Point X="338" Y="383" T="0" Pressure="0"/>
        <Point X="338" Y="381" T="0" Pressure="0"/>
        <Point X="341" Y="377" T="0" Pressure="0"/>
        <Point X="342" Y="374" T="0" Pressure="0"/>
        <Point X="344" Y="371" T="0" Pressure="0"/>
        <Point X="349" Y="363" T="0" Pressure="0"/>
        <Point X="351" Y="358" T="0" Pressure="0"/>
        <Point X="354" Y="352" T="0" Pressure="0"/>
        <Point X="361" Y="340" T="0" Pressure="0"/>
        <Point X="364" Y="334" T="0" Pressure="0"/>
        <Point X="368" Y="327" T="0" Pressure="0"/>
        <Point X="374" Y="315" T="0" Pressure="0"/>
        <Point X="376" Y="310" T="0" Pressure="0"/>
        <Point X="379" Y="303" T="0" Pressure="0"/>
        <Point X="383" Y="293" T="0" Pressure="0"/>
        <Point X="385" Y="289" T="0" Pressure="0"/>
        <Point X="389" Y="278" T="0" Pressure="0"/>
        <Point X="390" Y="277" T="0" Pressure="0"/>
        <Point X="390" Y="274" T="0" Pressure="0"/>
        <Point X="391" Y="272" T="0" Pressure="0"/>
        <Point X="392" Y="271" T="0" Pressure="0"/>
        <Point X="393" Y="270" T="0" Pressure="0"/>
        <Point X="394" Y="269" T="0" Pressure="0"/>
        <Point X="395" Y="269" T="0" Pressure="0"/>
        <Point X="397" Y="270" T="0" Pressure="0"/>
        <Point X="397" Y="271" T="0" Pressure="0"/>
        <Point X="398" Y="272" T="0" Pressure="0"/>
        <Point X="399" Y="273" T="0" Pressure="0"/>
        <Point X="400" Y="276" T="0" Pressure="0"/>
        <Point X="402" Y="281" T="0" Pressure="0"/>
        <Point X="404" Y="284" T="0" Pressure="0"/>
        <Point X="405" Y="288" T="0" Pressure="0"/>
        <Point X="409" Y="296" T="0" Pressure="0"/>
        <Point X="410" Y="301" T="0" Pressure="0"/>
        <Point X="413" Y="305" T="0" Pressure="0"/>
        <Point X="417" Y="315" T="0" Pressure="0"/>
        <Point X="419" Y="320" T="0" Pressure="0"/>
        <Point X="421" Y="326" T="0" Pressure="0"/>
        <Point X="425" Y="335" T="0" Pressure="0"/>
        <Point X="427" Y="339" T="0" Pressure="0"/>
        <Point X="428" Y="343" T="0" Pressure="0"/>
        <Point X="431" Y="351" T="0" Pressure="0"/>
        <Point X="432" Y="354" T="0" Pressure="0"/>
        <Point X="432" Y="357" T="0" Pressure="0"/>
        <Point X="434" Y="363" T="0" Pressure="0"/>
        <Point X="435" Y="364" T="0" Pressure="0"/>
        <Point X="435" Y="367" T="0" Pressure="0"/>
        <Point X="435" Y="371" T="0" Pressure="0"/>
        <Point X="435" Y="372" T="0" Pressure="0"/>
        <Point X="435" Y="373" T="0" Pressure="0"/>
        <Point X="436" Y="375" T="0" Pressure="0"/>
        <Point X="435" Y="375" T="0" Pressure="0"/>
        <Point X="434" Y="374" T="0" Pressure="0"/>
        <Point X="432" Y="373" T="0" Pressure="0"/>
        <Point X="432" Y="372" T="0" Pressure="0"/>
        <Point X="430" Y="371" T="0" Pressure="0"/>
        <Point X="428" Y="371" T="0" Pressure="0"/>
        <Point X="424" Y="367" T="0" Pressure="0"/>
        <Point X="422" Y="365" T="0" Pressure="0"/>
        <Point X="420" Y="363" T="0" Pressure="0"/>
        <Point X="414" Y="359" T="0" Pressure="0"/>
        <Point X="411" Y="357" T="0" Pressure="0"/>
        <Point X="406" Y="353" T="0" Pressure="0"/>
        <Point X="403" Y="351" T="0" Pressure="0"/>
        <Point X="398" Y="348" T="0" Pressure="0"/>
        <Point X="394" Y="346" T="0" Pressure="0"/>
        <Point X="389" Y="343" T="0" Pressure="0"/>
        <Point X="379" Y="338" T="0" Pressure="0"/>
        <Point X="374" Y="336" T="0" Pressure="0"/>
        <Point X="369" Y="334" T="0" Pressure="0"/>
        <Point X="360" Y="330" T="0" Pressure="0"/>
        <Point X="356" Y="329" T="0" Pressure="0"/>
        <Point X="352" Y="327" T="0" Pressure="0"/>
        <Point X="344" Y="327" T="0" Pressure="0"/>
        <Point X="341" Y="327" T="0" Pressure="0"/>
        <Point X="338" Y="327" T="0" Pressure="0"/>
        <Point X="333" Y="326" T="0" Pressure="0"/>
        <Point X="330" Y="326" T="0" Pressure="0"/>
        <Point X="329" Y="326" T="0" Pressure="0"/>
        <Point X="328" Y="326" T="0" Pressure="0"/>
        <Point X="329" Y="326" T="0" Pressure="0"/>
        <Point X="331" Y="325" T="0" Pressure="0"/>
        <Point X="334" Y="324" T="0" Pressure="0"/>
        <Point X="337" Y="323" T="0" Pressure="0"/>
        <Point X="340" Y="322" T="0" Pressure="0"/>
        <Point X="343" Y="321" T="0" Pressure="0"/>
        <Point X="352" Y="317" T="0" Pressure="0"/>
        <Point X="357" Y="315" T="0" Pressure="0"/>
        <Point X="363" Y="313" T="0" Pressure="0"/>
        <Point X="374" Y="309" T="0" Pressure="0"/>
        <Point X="380" Y="306" T="0" Pressure="0"/>
        <Point X="387" Y="303" T="0" Pressure="0"/>
        <Point X="402" Y="297" T="0" Pressure="0"/>
        <Point X="408" Y="295" T="0" Pressure="0"/>
        <Point X="414" Y="293" T="0" Pressure="0"/>
        <Point X="425" Y="289" T="0" Pressure="0"/>
        <Point X="430" Y="288" T="0" Pressure="0"/>
        <Point X="435" Y="287" T="0" Pressure="0"/>
        <Point X="442" Y="286" T="0" Pressure="0"/>
        <Point X="445" Y="285" T="0" Pressure="0"/>
        <Point X="448" Y="285" T="0" Pressure="0"/>
        <Point X="452" Y="285" T="0" Pressure="0"/>
        <Point X="453" Y="285" T="0" Pressure="0"/>
        <Point X="454" Y="286" T="0" Pressure="0"/>
        <Point X="455" Y="287" T="0" Pressure="0"/>
        <Point X="455" Y="289" T="0" Pressure="0"/>
        <Point X="454" Y="291" T="0" Pressure="0"/>
        <Point X="453" Y="293" T="0" Pressure="0"/>
        <Point X="451" Y="296" T="0" Pressure="0"/>
        <Point X="447" Y="301" T="0" Pressure="0"/>
        <Point X="445" Y="304" T="0" Pressure="0"/>
        <Point X="443" Y="307" T="0" Pressure="0"/>
        <Point X="436" Y="314" T="0" Pressure="0"/>
        <Point X="432" Y="318" T="0" Pressure="0"/>
        <Point X="428" Y="323" T="0" Pressure="0"/>
        <Point X="424" Y="327" T="0" Pressure="0"/>
        <Point X="416" Y="336" T="0" Pressure="0"/>
        <Point X="410" Y="340" T="0" Pressure="0"/>
        <Point X="400" Y="348" T="0" Pressure="0"/>
        <Point X="395" Y="352" T="0" Pressure="0"/>
        <Point X="390" Y="356" T="0" Pressure="0"/>
        <Point X="380" Y="362" T="0" Pressure="0"/>
        <Point X="375" Y="364" T="0" Pressure="0"/>
        <Point X="371" Y="367" T="0" Pressure="0"/>
        <Point X="362" Y="372" T="0" Pressure="0"/>
        <Point X="359" Y="375" T="0" Pressure="0"/>
        <Point X="355" Y="377" T="0" Pressure="0"/>
        <Point X="349" Y="380" T="0" Pressure="0"/>
        <Point X="346" Y="381" T="0" Pressure="0"/>
        <Point X="345" Y="381" T="0" Pressure="0"/>
        <Point X="342" Y="382" T="0" Pressure="0"/>
        <Point X="341" Y="382" T="0" Pressure="0"/>
        <Point X="340" Y="382" T="0" Pressure="0"/>
        <Point X="340" Y="381" T="0" Pressure="0"/>
        <Point X="341" Y="380" T="0" Pressure="0"/>
        <Point X="342" Y="380" T="0" Pressure="0"/>
        <Point X="343" Y="380" T="0" Pressure="0"/>
        <Point X="344" Y="380" T="0" Pressure="0"/>
        <Point X="345" Y="380" T="0" Pressure="0"/>
        <Point X="346" Y="381" T="0" Pressure="0"/>
        <Point X="348" Y="381" T="0" Pressure="0"/>
        <Point X="351" Y="383" T="0" Pressure="0"/>
    </Stroke>
</Gesture>
