<?xml version="1.0" ?>
<Gesture Name="T~09" Subject="2" Number="9" NumPts="79" InputType="stylus" Speed="MEDIUM">
    <Stroke index="1">
        <Point X="311" Y="259" T="0" Pressure="0"/>
        <Point X="309" Y="259" T="0" Pressure="0"/>
        <Point X="308" Y="258" T="0" Pressure="0"/>
        <Point X="310" Y="258" T="0" Pressure="0"/>
        <Point X="311" Y="258" T="0" Pressure="0"/>
        <Point X="312" Y="258" T="0" Pressure="0"/>
        <Point X="314" Y="258" T="0" Pressure="0"/>
        <Point X="316" Y="258" T="0" Pressure="0"/>
        <Point X="319" Y="257" T="0" Pressure="0"/>
        <Point X="322" Y="257" T="0" Pressure="0"/>
        <Point X="326" Y="256" T="0" Pressure="0"/>
        <Point X="329" Y="256" T="0" Pressure="0"/>
        <Point X="334" Y="254" T="0" Pressure="0"/>
        <Point X="339" Y="254" T="0" Pressure="0"/>
        <Point X="360" Y="250" T="0" Pressure="0"/>
        <Point X="368" Y="249" T="0" Pressure="0"/>
        <Point X="376" Y="247" T="0" Pressure="0"/>
        <Point X="384" Y="246" T="0" Pressure="0"/>
        <Point X="393" Y="245" T="0" Pressure="0"/>
        <Point X="401" Y="244" T="0" Pressure="0"/>
        <Point X="409" Y="243" T="0" Pressure="0"/>
        <Point X="416" Y="242" T="0" Pressure="0"/>
        <Point X="423" Y="242" T="0" Pressure="0"/>
        <Point X="429" Y="242" T="0" Pressure="0"/>
        <Point X="435" Y="241" T="0" Pressure="0"/>
        <Point X="440" Y="241" T="0" Pressure="0"/>
        <Point X="446" Y="241" T="0" Pressure="0"/>
        <Point X="450" Y="240" T="0" Pressure="0"/>
        <Point X="454" Y="240" T="0" Pressure="0"/>
        <Point X="457" Y="240" T="0" Pressure="0"/>
        <Point X="461" Y="239" T="0" Pressure="0"/>
        <Point X="463" Y="239" T="0" Pressure="0"/>
        <Point X="466" Y="239" T="0" Pressure="0"/>
        <Point X="468" Y="239" T="0" Pressure="0"/>
        <Point X="469" Y="239" T="0" Pressure="0"/>
    </Stroke>
    <Stroke index="2">
        <Point X="391" Y="253" T="0" Pressure="0"/>
        <Point X="391" Y="252" T="0" Pressure="0"/>
        <Point X="390" Y="251" T="0" Pressure="0"/>
        <Point X="390" Y="249" T="0" Pressure="0"/>
        <Point X="390" Y="247" T="0" Pressure="0"/>
        <Point X="390" Y="246" T="0" Pressure="0"/>
        <Point X="391" Y="245" T="0" Pressure="0"/>
        <Point X="391" Y="244" T="0" Pressure="0"/>
        <Point X="392" Y="244" T="0" Pressure="0"/>
        <Point X="393" Y="244" T="0" Pressure="0"/>
        <Point X="393" Y="245" T="0" Pressure="0"/>
        <Point X="394" Y="246" T="0" Pressure="0"/>
        <Point X="395" Y="248" T="0" Pressure="0"/>
        <Point X="395" Y="249" T="0" Pressure="0"/>
        <Point X="396" Y="251" T="0" Pressure="0"/>
        <Point X="397" Y="253" T="0" Pressure="0"/>
        <Point X="397" Y="256" T="0" Pressure="0"/>
        <Point X="397" Y="259" T="0" Pressure="0"/>
        <Point X="398" Y="263" T="0" Pressure="0"/>
        <Point X="398" Y="266" T="0" Pressure="0"/>
        <Point X="398" Y="270" T="0" Pressure="0"/>
        <Point X="398" Y="275" T="0" Pressure="0"/>
        <Point X="398" Y="281" T="0" Pressure="0"/>
        <Point X="397" Y="288" T="0" Pressure="0"/>
        <Point X="396" Y="294" T="0" Pressure="0"/>
        <Point X="395" Y="301" T="0" Pressure="0"/>
        <Point X="394" Y="309" T="0" Pressure="0"/>
        <Point X="394" Y="315" T="0" Pressure="0"/>
        <Point X="393" Y="322" T="0" Pressure="0"/>
        <Point X="392" Y="329" T="0" Pressure="0"/>
        <Point X="391" Y="335" T="0" Pressure="0"/>
        <Point X="391" Y="340" T="0" Pressure="0"/>
        <Point X="390" Y="346" T="0" Pressure="0"/>
        <Point X="390" Y="350" T="0" Pressure="0"/>
        <Point X="390" Y="355" T="0" Pressure="0"/>
        <Point X="390" Y="359" T="0" Pressure="0"/>
        <Point X="390" Y="361" T="0" Pressure="0"/>
        <Point X="390" Y="363" T="0" Pressure="0"/>
        <Point X="390" Y="365" T="0" Pressure="0"/>
        <Point X="390" Y="366" T="0" Pressure="0"/>
        <Point X="391" Y="368" T="0" Pressure="0"/>
        <Point X="392" Y="369" T="0" Pressure="0"/>
        <Point X="393" Y="370" T="0" Pressure="0"/>
        <Point X="393" Y="371" T="0" Pressure="0"/>
    </Stroke>
</Gesture>
