<?xml version="1.0" ?>
<Gesture Name="line~10" Subject="2" Number="10" NumPts="42" InputType="stylus" Speed="MEDIUM">
    <Stroke index="1">
        <Point X="306" Y="377" T="0" Pressure="0"/>
        <Point X="306" Y="376" T="0" Pressure="0"/>
        <Point X="307" Y="375" T="0" Pressure="0"/>
        <Point X="307" Y="373" T="0" Pressure="0"/>
        <Point X="308" Y="372" T="0" Pressure="0"/>
        <Point X="310" Y="371" T="0" Pressure="0"/>
        <Point X="312" Y="371" T="0" Pressure="0"/>
        <Point X="315" Y="371" T="0" Pressure="0"/>
        <Point X="319" Y="370" T="0" Pressure="0"/>
        <Point X="323" Y="369" T="0" Pressure="0"/>
        <Point X="329" Y="369" T="0" Pressure="0"/>
        <Point X="334" Y="368" T="0" Pressure="0"/>
        <Point X="340" Y="367" T="0" Pressure="0"/>
        <Point X="346" Y="367" T="0" Pressure="0"/>
        <Point X="353" Y="366" T="0" Pressure="0"/>
        <Point X="360" Y="365" T="0" Pressure="0"/>
        <Point X="368" Y="364" T="0" Pressure="0"/>
        <Point X="376" Y="364" T="0" Pressure="0"/>
        <Point X="383" Y="363" T="0" Pressure="0"/>
        <Point X="391" Y="363" T="0" Pressure="0"/>
        <Point X="399" Y="362" T="0" Pressure="0"/>
        <Point X="408" Y="362" T="0" Pressure="0"/>
        <Point X="417" Y="361" T="0" Pressure="0"/>
        <Point X="424" Y="361" T="0" Pressure="0"/>
        <Point X="432" Y="360" T="0" Pressure="0"/>
        <Point X="440" Y="360" T="0" Pressure="0"/>
        <Point X="448" Y="360" T="0" Pressure="0"/>
        <Point X="456" Y="359" T="0" Pressure="0"/>
        <Point X="463" Y="359" T="0" Pressure="0"/>
        <Point X="470" Y="359" T="0" Pressure="0"/>
        <Point X="476" Y="359" T="0" Pressure="0"/>
        <Point X="482" Y="359" T="0" Pressure="0"/>
        <Point X="488" Y="359" T="0" Pressure="0"/>
        <Point X="492" Y="359" T="0" Pressure="0"/>
        <Point X="498" Y="359" T="0" Pressure="0"/>
        <Point X="502" Y="359" T="0" Pressure="0"/>
        <Point X="507" Y="359" T="0" Pressure="0"/>
        <Point X="510" Y="359" T="0" Pressure="0"/>
        <Point X="513" Y="359" T="0" Pressure="0"/>
        <Point X="516" Y="359" T="0" Pressure="0"/>
        <Point X="518" Y="360" T="0" Pressure="0"/>
        <Point X="519" Y="360" T="0" Pressure="0"/>
    </Stroke>
</Gesture>
