<?xml version="1.0" ?>
<Gesture Name="five_point_star~09" Subject="2" Number="9" NumPts="151" InputType="stylus" Speed="MEDIUM">
    <Stroke index="1">
        <Point X="349" Y="382" T="0" Pressure="0"/>
        <Point X="348" Y="381" T="0" Pressure="0"/>
        <Point X="348" Y="380" T="0" Pressure="0"/>
        <Point X="348" Y="379" T="0" Pressure="0"/>
        <Point X="349" Y="376" T="0" Pressure="0"/>
        <Point X="349" Y="374" T="0" Pressure="0"/>
        <Point X="350" Y="371" T="0" Pressure="0"/>
        <Point X="353" Y="365" T="0" Pressure="0"/>
        <Point X="355" Y="362" T="0" Pressure="0"/>
        <Point X="357" Y="357" T="0" Pressure="0"/>
        <Point X="361" Y="346" T="0" Pressure="0"/>
        <Point X="364" Y="341" T="0" Pressure="0"/>
        <Point X="366" Y="335" T="0" Pressure="0"/>
        <Point X="371" Y="321" T="0" Pressure="0"/>
        <Point X="374" Y="315" T="0" Pressure="0"/>
        <Point X="376" Y="310" T="0" Pressure="0"/>
        <Point X="383" Y="292" T="0" Pressure="0"/>
        <Point X="385" Y="288" T="0" Pressure="0"/>
        <Point X="388" Y="280" T="0" Pressure="0"/>
        <Point X="390" Y="277" T="0" Pressure="0"/>
        <Point X="391" Y="274" T="0" Pressure="0"/>
        <Point X="392" Y="272" T="0" Pressure="0"/>
        <Point X="394" Y="270" T="0" Pressure="0"/>
        <Point X="394" Y="268" T="0" Pressure="0"/>
        <Point X="395" Y="267" T="0" Pressure="0"/>
        <Point X="398" Y="266" T="0" Pressure="0"/>
        <Point X="399" Y="266" T="0" Pressure="0"/>
        <Point X="402" Y="267" T="0" Pressure="0"/>
        <Point X="402" Y="268" T="0" Pressure="0"/>
        <Point X="405" Y="271" T="0" Pressure="0"/>
        <Point X="407" Y="273" T="0" Pressure="0"/>
        <Point X="409" Y="276" T="0" Pressure="0"/>
        <Point X="413" Y="282" T="0" Pressure="0"/>
        <Point X="414" Y="285" T="0" Pressure="0"/>
        <Point X="417" Y="289" T="0" Pressure="0"/>
        <Point X="421" Y="296" T="0" Pressure="0"/>
        <Point X="424" Y="300" T="0" Pressure="0"/>
        <Point X="427" Y="304" T="0" Pressure="0"/>
        <Point X="432" Y="313" T="0" Pressure="0"/>
        <Point X="434" Y="317" T="0" Pressure="0"/>
        <Point X="436" Y="321" T="0" Pressure="0"/>
        <Point X="439" Y="326" T="0" Pressure="0"/>
        <Point X="440" Y="329" T="0" Pressure="0"/>
        <Point X="442" Y="334" T="0" Pressure="0"/>
        <Point X="443" Y="338" T="0" Pressure="0"/>
        <Point X="444" Y="341" T="0" Pressure="0"/>
        <Point X="445" Y="344" T="0" Pressure="0"/>
        <Point X="446" Y="348" T="0" Pressure="0"/>
        <Point X="447" Y="352" T="0" Pressure="0"/>
        <Point X="447" Y="358" T="0" Pressure="0"/>
        <Point X="448" Y="361" T="0" Pressure="0"/>
        <Point X="448" Y="363" T="0" Pressure="0"/>
        <Point X="448" Y="366" T="0" Pressure="0"/>
        <Point X="448" Y="367" T="0" Pressure="0"/>
        <Point X="448" Y="368" T="0" Pressure="0"/>
        <Point X="448" Y="369" T="0" Pressure="0"/>
        <Point X="447" Y="369" T="0" Pressure="0"/>
        <Point X="446" Y="369" T="0" Pressure="0"/>
        <Point X="445" Y="368" T="0" Pressure="0"/>
        <Point X="443" Y="367" T="0" Pressure="0"/>
        <Point X="440" Y="366" T="0" Pressure="0"/>
        <Point X="439" Y="365" T="0" Pressure="0"/>
        <Point X="435" Y="363" T="0" Pressure="0"/>
        <Point X="432" Y="362" T="0" Pressure="0"/>
        <Point X="430" Y="361" T="0" Pressure="0"/>
        <Point X="424" Y="357" T="0" Pressure="0"/>
        <Point X="420" Y="355" T="0" Pressure="0"/>
        <Point X="417" Y="353" T="0" Pressure="0"/>
        <Point X="409" Y="349" T="0" Pressure="0"/>
        <Point X="405" Y="347" T="0" Pressure="0"/>
        <Point X="400" Y="345" T="0" Pressure="0"/>
        <Point X="390" Y="341" T="0" Pressure="0"/>
        <Point X="386" Y="339" T="0" Pressure="0"/>
        <Point X="381" Y="338" T="0" Pressure="0"/>
        <Point X="371" Y="335" T="0" Pressure="0"/>
        <Point X="367" Y="334" T="0" Pressure="0"/>
        <Point X="363" Y="333" T="0" Pressure="0"/>
        <Point X="355" Y="332" T="0" Pressure="0"/>
        <Point X="350" Y="332" T="0" Pressure="0"/>
        <Point X="346" Y="332" T="0" Pressure="0"/>
        <Point X="341" Y="331" T="0" Pressure="0"/>
        <Point X="338" Y="331" T="0" Pressure="0"/>
        <Point X="336" Y="331" T="0" Pressure="0"/>
        <Point X="333" Y="331" T="0" Pressure="0"/>
        <Point X="332" Y="331" T="0" Pressure="0"/>
        <Point X="331" Y="331" T="0" Pressure="0"/>
        <Point X="332" Y="331" T="0" Pressure="0"/>
        <Point X="334" Y="330" T="0" Pressure="0"/>
        <Point X="335" Y="329" T="0" Pressure="0"/>
        <Point X="337" Y="328" T="0" Pressure="0"/>
        <Point X="340" Y="327" T="0" Pressure="0"/>
        <Point X="345" Y="324" T="0" Pressure="0"/>
        <Point X="349" Y="322" T="0" Pressure="0"/>
        <Point X="353" Y="320" T="0" Pressure="0"/>
        <Point X="363" Y="316" T="0" Pressure="0"/>
        <Point X="368" Y="314" T="0" Pressure="0"/>
        <Point X="373" Y="312" T="0" Pressure="0"/>
        <Point X="386" Y="307" T="0" Pressure="0"/>
        <Point X="392" Y="304" T="0" Pressure="0"/>
        <Point X="398" Y="301" T="0" Pressure="0"/>
        <Point X="412" Y="296" T="0" Pressure="0"/>
        <Point X="420" Y="293" T="0" Pressure="0"/>
        <Point X="425" Y="291" T="0" Pressure="0"/>
        <Point X="436" Y="288" T="0" Pressure="0"/>
        <Point X="442" Y="286" T="0" Pressure="0"/>
        <Point X="446" Y="284" T="0" Pressure="0"/>
        <Point X="454" Y="283" T="0" Pressure="0"/>
        <Point X="462" Y="281" T="0" Pressure="0"/>
        <Point X="463" Y="281" T="0" Pressure="0"/>
        <Point X="465" Y="281" T="0" Pressure="0"/>
        <Point X="465" Y="282" T="0" Pressure="0"/>
        <Point X="466" Y="283" T="0" Pressure="0"/>
        <Point X="466" Y="284" T="0" Pressure="0"/>
        <Point X="465" Y="287" T="0" Pressure="0"/>
        <Point X="465" Y="288" T="0" Pressure="0"/>
        <Point X="463" Y="290" T="0" Pressure="0"/>
        <Point X="459" Y="294" T="0" Pressure="0"/>
        <Point X="458" Y="296" T="0" Pressure="0"/>
        <Point X="453" Y="302" T="0" Pressure="0"/>
        <Point X="450" Y="304" T="0" Pressure="0"/>
        <Point X="447" Y="307" T="0" Pressure="0"/>
        <Point X="444" Y="311" T="0" Pressure="0"/>
        <Point X="436" Y="318" T="0" Pressure="0"/>
        <Point X="432" Y="322" T="0" Pressure="0"/>
        <Point X="428" Y="326" T="0" Pressure="0"/>
        <Point X="417" Y="336" T="0" Pressure="0"/>
        <Point X="411" Y="341" T="0" Pressure="0"/>
        <Point X="405" Y="346" T="0" Pressure="0"/>
        <Point X="400" Y="351" T="0" Pressure="0"/>
        <Point X="394" Y="356" T="0" Pressure="0"/>
        <Point X="389" Y="361" T="0" Pressure="0"/>
        <Point X="383" Y="364" T="0" Pressure="0"/>
        <Point X="374" Y="372" T="0" Pressure="0"/>
        <Point X="370" Y="375" T="0" Pressure="0"/>
        <Point X="366" Y="377" T="0" Pressure="0"/>
        <Point X="360" Y="381" T="0" Pressure="0"/>
        <Point X="356" Y="382" T="0" Pressure="0"/>
        <Point X="355" Y="383" T="0" Pressure="0"/>
        <Point X="351" Y="385" T="0" Pressure="0"/>
        <Point X="350" Y="385" T="0" Pressure="0"/>
        <Point X="349" Y="385" T="0" Pressure="0"/>
        <Point X="349" Y="386" T="0" Pressure="0"/>
        <Point X="350" Y="385" T="0" Pressure="0"/>
        <Point X="351" Y="385" T="0" Pressure="0"/>
        <Point X="352" Y="385" T="0" Pressure="0"/>
        <Point X="353" Y="385" T="0" Pressure="0"/>
        <Point X="355" Y="384" T="0" Pressure="0"/>
        <Point X="356" Y="384" T="0" Pressure="0"/>
        <Point X="358" Y="384" T="0" Pressure="0"/>
        <Point X="360" Y="384" T="0" Pressure="0"/>
        <Point X="361" Y="384" T="0" Pressure="0"/>
    </Stroke>
</Gesture>
