<?xml version="1.0" ?>
<Gesture Name="T~05" Subject="2" Number="5" NumPts="60" InputType="stylus" Speed="MEDIUM">
    <Stroke index="1">
        <Point X="312" Y="303" T="0" Pressure="0"/>
        <Point X="314" Y="302" T="0" Pressure="0"/>
        <Point X="315" Y="301" T="0" Pressure="0"/>
        <Point X="317" Y="299" T="0" Pressure="0"/>
        <Point X="319" Y="298" T="0" Pressure="0"/>
        <Point X="323" Y="297" T="0" Pressure="0"/>
        <Point X="327" Y="296" T="0" Pressure="0"/>
        <Point X="345" Y="290" T="0" Pressure="0"/>
        <Point X="352" Y="289" T="0" Pressure="0"/>
        <Point X="360" Y="287" T="0" Pressure="0"/>
        <Point X="367" Y="284" T="0" Pressure="0"/>
        <Point X="375" Y="283" T="0" Pressure="0"/>
        <Point X="383" Y="281" T="0" Pressure="0"/>
        <Point X="390" Y="279" T="0" Pressure="0"/>
        <Point X="397" Y="278" T="0" Pressure="0"/>
        <Point X="404" Y="277" T="0" Pressure="0"/>
        <Point X="410" Y="276" T="0" Pressure="0"/>
        <Point X="417" Y="274" T="0" Pressure="0"/>
        <Point X="428" Y="273" T="0" Pressure="0"/>
        <Point X="433" Y="273" T="0" Pressure="0"/>
        <Point X="438" Y="273" T="0" Pressure="0"/>
        <Point X="446" Y="272" T="0" Pressure="0"/>
        <Point X="449" Y="272" T="0" Pressure="0"/>
        <Point X="451" Y="272" T="0" Pressure="0"/>
        <Point X="454" Y="273" T="0" Pressure="0"/>
        <Point X="455" Y="273" T="0" Pressure="0"/>
        <Point X="455" Y="274" T="0" Pressure="0"/>
    </Stroke>
    <Stroke index="2">
        <Point X="402" Y="285" T="0" Pressure="0"/>
        <Point X="402" Y="284" T="0" Pressure="0"/>
        <Point X="402" Y="283" T="0" Pressure="0"/>
        <Point X="402" Y="282" T="0" Pressure="0"/>
        <Point X="402" Y="281" T="0" Pressure="0"/>
        <Point X="402" Y="282" T="0" Pressure="0"/>
        <Point X="403" Y="283" T="0" Pressure="0"/>
        <Point X="404" Y="284" T="0" Pressure="0"/>
        <Point X="404" Y="286" T="0" Pressure="0"/>
        <Point X="405" Y="290" T="0" Pressure="0"/>
        <Point X="405" Y="293" T="0" Pressure="0"/>
        <Point X="405" Y="296" T="0" Pressure="0"/>
        <Point X="405" Y="304" T="0" Pressure="0"/>
        <Point X="405" Y="309" T="0" Pressure="0"/>
        <Point X="404" Y="314" T="0" Pressure="0"/>
        <Point X="402" Y="325" T="0" Pressure="0"/>
        <Point X="401" Y="332" T="0" Pressure="0"/>
        <Point X="400" Y="336" T="0" Pressure="0"/>
        <Point X="399" Y="340" T="0" Pressure="0"/>
        <Point X="399" Y="345" T="0" Pressure="0"/>
        <Point X="398" Y="349" T="0" Pressure="0"/>
        <Point X="398" Y="352" T="0" Pressure="0"/>
        <Point X="398" Y="359" T="0" Pressure="0"/>
        <Point X="398" Y="361" T="0" Pressure="0"/>
        <Point X="398" Y="363" T="0" Pressure="0"/>
        <Point X="399" Y="366" T="0" Pressure="0"/>
        <Point X="400" Y="368" T="0" Pressure="0"/>
        <Point X="401" Y="369" T="0" Pressure="0"/>
        <Point X="402" Y="371" T="0" Pressure="0"/>
        <Point X="402" Y="372" T="0" Pressure="0"/>
        <Point X="402" Y="373" T="0" Pressure="0"/>
        <Point X="402" Y="374" T="0" Pressure="0"/>
        <Point X="402" Y="375" T="0" Pressure="0"/>
    </Stroke>
</Gesture>
