<?xml version="1.0" ?>
<Gesture Name="pitchfork~02" Subject="2" Number="2" NumPts="118" InputType="stylus" Speed="MEDIUM">
    <Stroke index="1">
        <Point X="326" Y="199" T="0" Pressure="0"/>
        <Point X="320" Y="205" T="0" Pressure="0"/>
        <Point X="319" Y="207" T="0" Pressure="0"/>
        <Point X="319" Y="209" T="0" Pressure="0"/>
        <Point X="319" Y="211" T="0" Pressure="0"/>
        <Point X="318" Y="214" T="0" Pressure="0"/>
        <Point X="318" Y="216" T="0" Pressure="0"/>
        <Point X="318" Y="220" T="0" Pressure="0"/>
        <Point X="318" Y="223" T="0" Pressure="0"/>
        <Point X="319" Y="228" T="0" Pressure="0"/>
        <Point X="319" Y="232" T="0" Pressure="0"/>
        <Point X="319" Y="237" T="0" Pressure="0"/>
        <Point X="320" Y="242" T="0" Pressure="0"/>
        <Point X="321" Y="248" T="0" Pressure="0"/>
        <Point X="323" Y="253" T="0" Pressure="0"/>
        <Point X="326" Y="265" T="0" Pressure="0"/>
        <Point X="333" Y="282" T="0" Pressure="0"/>
        <Point X="335" Y="287" T="0" Pressure="0"/>
        <Point X="338" Y="292" T="0" Pressure="0"/>
        <Point X="342" Y="296" T="0" Pressure="0"/>
        <Point X="346" Y="302" T="0" Pressure="0"/>
        <Point X="350" Y="306" T="0" Pressure="0"/>
        <Point X="359" Y="313" T="0" Pressure="0"/>
        <Point X="364" Y="315" T="0" Pressure="0"/>
        <Point X="368" Y="317" T="0" Pressure="0"/>
        <Point X="374" Y="319" T="0" Pressure="0"/>
        <Point X="379" Y="320" T="0" Pressure="0"/>
        <Point X="384" Y="321" T="0" Pressure="0"/>
        <Point X="390" Y="321" T="0" Pressure="0"/>
        <Point X="395" Y="321" T="0" Pressure="0"/>
        <Point X="401" Y="320" T="0" Pressure="0"/>
        <Point X="407" Y="319" T="0" Pressure="0"/>
        <Point X="413" Y="317" T="0" Pressure="0"/>
        <Point X="419" Y="315" T="0" Pressure="0"/>
        <Point X="424" Y="313" T="0" Pressure="0"/>
        <Point X="429" Y="311" T="0" Pressure="0"/>
        <Point X="435" Y="309" T="0" Pressure="0"/>
        <Point X="440" Y="306" T="0" Pressure="0"/>
        <Point X="445" Y="303" T="0" Pressure="0"/>
        <Point X="449" Y="300" T="0" Pressure="0"/>
        <Point X="453" Y="297" T="0" Pressure="0"/>
        <Point X="457" Y="293" T="0" Pressure="0"/>
        <Point X="460" Y="289" T="0" Pressure="0"/>
        <Point X="463" Y="285" T="0" Pressure="0"/>
        <Point X="468" Y="280" T="0" Pressure="0"/>
        <Point X="470" Y="275" T="0" Pressure="0"/>
        <Point X="473" Y="270" T="0" Pressure="0"/>
        <Point X="476" Y="264" T="0" Pressure="0"/>
        <Point X="478" Y="259" T="0" Pressure="0"/>
        <Point X="480" Y="253" T="0" Pressure="0"/>
        <Point X="483" Y="246" T="0" Pressure="0"/>
        <Point X="484" Y="241" T="0" Pressure="0"/>
        <Point X="484" Y="237" T="0" Pressure="0"/>
        <Point X="484" Y="232" T="0" Pressure="0"/>
        <Point X="484" Y="228" T="0" Pressure="0"/>
        <Point X="484" Y="224" T="0" Pressure="0"/>
        <Point X="484" Y="221" T="0" Pressure="0"/>
        <Point X="483" Y="218" T="0" Pressure="0"/>
        <Point X="481" Y="216" T="0" Pressure="0"/>
        <Point X="480" Y="214" T="0" Pressure="0"/>
        <Point X="479" Y="213" T="0" Pressure="0"/>
        <Point X="477" Y="212" T="0" Pressure="0"/>
        <Point X="476" Y="210" T="0" Pressure="0"/>
        <Point X="474" Y="209" T="0" Pressure="0"/>
        <Point X="473" Y="209" T="0" Pressure="0"/>
        <Point X="473" Y="208" T="0" Pressure="0"/>
        <Point X="471" Y="208" T="0" Pressure="0"/>
        <Point X="469" Y="208" T="0" Pressure="0"/>
        <Point X="468" Y="209" T="0" Pressure="0"/>
        <Point X="465" Y="209" T="0" Pressure="0"/>
    </Stroke>
    <Stroke index="2">
        <Point X="418" Y="184" T="0" Pressure="0"/>
        <Point X="416" Y="181" T="0" Pressure="0"/>
        <Point X="415" Y="181" T="0" Pressure="0"/>
        <Point X="414" Y="180" T="0" Pressure="0"/>
        <Point X="413" Y="180" T="0" Pressure="0"/>
        <Point X="413" Y="181" T="0" Pressure="0"/>
        <Point X="413" Y="182" T="0" Pressure="0"/>
        <Point X="412" Y="184" T="0" Pressure="0"/>
        <Point X="412" Y="186" T="0" Pressure="0"/>
        <Point X="412" Y="188" T="0" Pressure="0"/>
        <Point X="411" Y="191" T="0" Pressure="0"/>
        <Point X="410" Y="195" T="0" Pressure="0"/>
        <Point X="409" Y="199" T="0" Pressure="0"/>
        <Point X="409" Y="204" T="0" Pressure="0"/>
        <Point X="408" Y="209" T="0" Pressure="0"/>
        <Point X="407" Y="215" T="0" Pressure="0"/>
        <Point X="405" Y="222" T="0" Pressure="0"/>
        <Point X="405" Y="230" T="0" Pressure="0"/>
        <Point X="404" Y="239" T="0" Pressure="0"/>
        <Point X="402" Y="246" T="0" Pressure="0"/>
        <Point X="402" Y="254" T="0" Pressure="0"/>
        <Point X="402" Y="263" T="0" Pressure="0"/>
        <Point X="401" Y="272" T="0" Pressure="0"/>
        <Point X="401" Y="282" T="0" Pressure="0"/>
        <Point X="400" Y="291" T="0" Pressure="0"/>
        <Point X="400" Y="299" T="0" Pressure="0"/>
        <Point X="399" Y="308" T="0" Pressure="0"/>
        <Point X="399" Y="315" T="0" Pressure="0"/>
        <Point X="399" Y="323" T="0" Pressure="0"/>
        <Point X="399" Y="330" T="0" Pressure="0"/>
        <Point X="399" Y="337" T="0" Pressure="0"/>
        <Point X="399" Y="342" T="0" Pressure="0"/>
        <Point X="399" Y="347" T="0" Pressure="0"/>
        <Point X="399" Y="352" T="0" Pressure="0"/>
        <Point X="399" Y="357" T="0" Pressure="0"/>
        <Point X="399" Y="362" T="0" Pressure="0"/>
        <Point X="398" Y="365" T="0" Pressure="0"/>
        <Point X="398" Y="368" T="0" Pressure="0"/>
        <Point X="398" Y="371" T="0" Pressure="0"/>
        <Point X="398" Y="373" T="0" Pressure="0"/>
        <Point X="398" Y="376" T="0" Pressure="0"/>
        <Point X="398" Y="377" T="0" Pressure="0"/>
        <Point X="398" Y="378" T="0" Pressure="0"/>
        <Point X="398" Y="379" T="0" Pressure="0"/>
        <Point X="398" Y="380" T="0" Pressure="0"/>
        <Point X="398" Y="381" T="0" Pressure="0"/>
        <Point X="397" Y="382" T="0" Pressure="0"/>
        <Point X="397" Y="383" T="0" Pressure="0"/>
    </Stroke>
</Gesture>
