<?xml version="1.0" ?>
<Gesture Name="null~08" Subject="2" Number="8" NumPts="121" InputType="stylus" Speed="MEDIUM">
    <Stroke index="1">
        <Point X="375" Y="256" T="0" Pressure="0"/>
        <Point X="372" Y="257" T="0" Pressure="0"/>
        <Point X="370" Y="259" T="0" Pressure="0"/>
        <Point X="368" Y="261" T="0" Pressure="0"/>
        <Point X="365" Y="263" T="0" Pressure="0"/>
        <Point X="364" Y="265" T="0" Pressure="0"/>
        <Point X="361" Y="268" T="0" Pressure="0"/>
        <Point X="360" Y="271" T="0" Pressure="0"/>
        <Point X="356" Y="278" T="0" Pressure="0"/>
        <Point X="354" Y="282" T="0" Pressure="0"/>
        <Point X="353" Y="286" T="0" Pressure="0"/>
        <Point X="351" Y="290" T="0" Pressure="0"/>
        <Point X="350" Y="294" T="0" Pressure="0"/>
        <Point X="349" Y="298" T="0" Pressure="0"/>
        <Point X="349" Y="302" T="0" Pressure="0"/>
        <Point X="349" Y="307" T="0" Pressure="0"/>
        <Point X="349" Y="311" T="0" Pressure="0"/>
        <Point X="349" Y="314" T="0" Pressure="0"/>
        <Point X="351" Y="317" T="0" Pressure="0"/>
        <Point X="353" Y="320" T="0" Pressure="0"/>
        <Point X="355" Y="323" T="0" Pressure="0"/>
        <Point X="357" Y="326" T="0" Pressure="0"/>
        <Point X="360" Y="328" T="0" Pressure="0"/>
        <Point X="363" Y="331" T="0" Pressure="0"/>
        <Point X="365" Y="333" T="0" Pressure="0"/>
        <Point X="368" Y="335" T="0" Pressure="0"/>
        <Point X="371" Y="336" T="0" Pressure="0"/>
        <Point X="375" Y="338" T="0" Pressure="0"/>
        <Point X="379" Y="338" T="0" Pressure="0"/>
        <Point X="383" Y="339" T="0" Pressure="0"/>
        <Point X="386" Y="340" T="0" Pressure="0"/>
        <Point X="390" Y="340" T="0" Pressure="0"/>
        <Point X="394" Y="340" T="0" Pressure="0"/>
        <Point X="398" Y="339" T="0" Pressure="0"/>
        <Point X="403" Y="338" T="0" Pressure="0"/>
        <Point X="409" Y="338" T="0" Pressure="0"/>
        <Point X="413" Y="336" T="0" Pressure="0"/>
        <Point X="417" Y="334" T="0" Pressure="0"/>
        <Point X="422" Y="332" T="0" Pressure="0"/>
        <Point X="427" Y="329" T="0" Pressure="0"/>
        <Point X="431" Y="327" T="0" Pressure="0"/>
        <Point X="435" Y="324" T="0" Pressure="0"/>
        <Point X="438" Y="322" T="0" Pressure="0"/>
        <Point X="441" Y="320" T="0" Pressure="0"/>
        <Point X="444" Y="317" T="0" Pressure="0"/>
        <Point X="447" Y="314" T="0" Pressure="0"/>
        <Point X="448" Y="312" T="0" Pressure="0"/>
        <Point X="451" Y="308" T="0" Pressure="0"/>
        <Point X="453" Y="304" T="0" Pressure="0"/>
        <Point X="454" Y="300" T="0" Pressure="0"/>
        <Point X="455" Y="296" T="0" Pressure="0"/>
        <Point X="456" Y="291" T="0" Pressure="0"/>
        <Point X="456" Y="287" T="0" Pressure="0"/>
        <Point X="456" Y="282" T="0" Pressure="0"/>
        <Point X="455" Y="277" T="0" Pressure="0"/>
        <Point X="454" Y="273" T="0" Pressure="0"/>
        <Point X="453" Y="269" T="0" Pressure="0"/>
        <Point X="450" Y="265" T="0" Pressure="0"/>
        <Point X="436" Y="251" T="0" Pressure="0"/>
        <Point X="432" Y="248" T="0" Pressure="0"/>
        <Point X="427" Y="246" T="0" Pressure="0"/>
        <Point X="423" Y="244" T="0" Pressure="0"/>
        <Point X="417" Y="242" T="0" Pressure="0"/>
        <Point X="412" Y="241" T="0" Pressure="0"/>
        <Point X="407" Y="241" T="0" Pressure="0"/>
        <Point X="402" Y="241" T="0" Pressure="0"/>
        <Point X="395" Y="241" T="0" Pressure="0"/>
        <Point X="390" Y="242" T="0" Pressure="0"/>
        <Point X="383" Y="244" T="0" Pressure="0"/>
        <Point X="378" Y="246" T="0" Pressure="0"/>
        <Point X="373" Y="248" T="0" Pressure="0"/>
        <Point X="365" Y="253" T="0" Pressure="0"/>
        <Point X="362" Y="254" T="0" Pressure="0"/>
        <Point X="359" Y="257" T="0" Pressure="0"/>
        <Point X="357" Y="259" T="0" Pressure="0"/>
        <Point X="356" Y="261" T="0" Pressure="0"/>
        <Point X="356" Y="264" T="0" Pressure="0"/>
    </Stroke>
    <Stroke index="2">
        <Point X="477" Y="227" T="0" Pressure="0"/>
        <Point X="477" Y="223" T="0" Pressure="0"/>
        <Point X="476" Y="222" T="0" Pressure="0"/>
        <Point X="475" Y="221" T="0" Pressure="0"/>
        <Point X="473" Y="221" T="0" Pressure="0"/>
        <Point X="471" Y="221" T="0" Pressure="0"/>
        <Point X="469" Y="222" T="0" Pressure="0"/>
        <Point X="464" Y="224" T="0" Pressure="0"/>
        <Point X="461" Y="227" T="0" Pressure="0"/>
        <Point X="458" Y="228" T="0" Pressure="0"/>
        <Point X="451" Y="234" T="0" Pressure="0"/>
        <Point X="447" Y="237" T="0" Pressure="0"/>
        <Point X="443" Y="240" T="0" Pressure="0"/>
        <Point X="437" Y="244" T="0" Pressure="0"/>
        <Point X="432" Y="247" T="0" Pressure="0"/>
        <Point X="427" Y="252" T="0" Pressure="0"/>
        <Point X="420" Y="257" T="0" Pressure="0"/>
        <Point X="414" Y="262" T="0" Pressure="0"/>
        <Point X="409" Y="267" T="0" Pressure="0"/>
        <Point X="396" Y="278" T="0" Pressure="0"/>
        <Point X="390" Y="284" T="0" Pressure="0"/>
        <Point X="384" Y="291" T="0" Pressure="0"/>
        <Point X="374" Y="303" T="0" Pressure="0"/>
        <Point X="368" Y="311" T="0" Pressure="0"/>
        <Point X="364" Y="316" T="0" Pressure="0"/>
        <Point X="360" Y="321" T="0" Pressure="0"/>
        <Point X="356" Y="327" T="0" Pressure="0"/>
        <Point X="353" Y="332" T="0" Pressure="0"/>
        <Point X="349" Y="337" T="0" Pressure="0"/>
        <Point X="346" Y="341" T="0" Pressure="0"/>
        <Point X="344" Y="344" T="0" Pressure="0"/>
        <Point X="341" Y="347" T="0" Pressure="0"/>
        <Point X="340" Y="351" T="0" Pressure="0"/>
        <Point X="338" Y="354" T="0" Pressure="0"/>
        <Point X="335" Y="357" T="0" Pressure="0"/>
        <Point X="333" Y="359" T="0" Pressure="0"/>
        <Point X="331" Y="361" T="0" Pressure="0"/>
        <Point X="330" Y="362" T="0" Pressure="0"/>
        <Point X="329" Y="363" T="0" Pressure="0"/>
        <Point X="327" Y="364" T="0" Pressure="0"/>
        <Point X="326" Y="365" T="0" Pressure="0"/>
        <Point X="325" Y="366" T="0" Pressure="0"/>
        <Point X="324" Y="366" T="0" Pressure="0"/>
        <Point X="323" Y="366" T="0" Pressure="0"/>
    </Stroke>
</Gesture>
