<?xml version="1.0" ?>
<Gesture Name="P~10" Subject="2" Number="10" NumPts="78" InputType="stylus" Speed="MEDIUM">
    <Stroke index="1">
        <Point X="382" Y="242" T="0" Pressure="0"/>
        <Point X="380" Y="240" T="0" Pressure="0"/>
        <Point X="380" Y="241" T="0" Pressure="0"/>
        <Point X="380" Y="246" T="0" Pressure="0"/>
        <Point X="381" Y="248" T="0" Pressure="0"/>
        <Point X="381" Y="251" T="0" Pressure="0"/>
        <Point X="381" Y="254" T="0" Pressure="0"/>
        <Point X="382" Y="258" T="0" Pressure="0"/>
        <Point X="382" Y="263" T="0" Pressure="0"/>
        <Point X="382" Y="268" T="0" Pressure="0"/>
        <Point X="382" Y="275" T="0" Pressure="0"/>
        <Point X="382" Y="281" T="0" Pressure="0"/>
        <Point X="382" Y="287" T="0" Pressure="0"/>
        <Point X="382" Y="293" T="0" Pressure="0"/>
        <Point X="381" Y="299" T="0" Pressure="0"/>
        <Point X="381" Y="306" T="0" Pressure="0"/>
        <Point X="380" Y="313" T="0" Pressure="0"/>
        <Point X="380" Y="318" T="0" Pressure="0"/>
        <Point X="379" Y="329" T="0" Pressure="0"/>
        <Point X="379" Y="334" T="0" Pressure="0"/>
        <Point X="379" Y="338" T="0" Pressure="0"/>
        <Point X="379" Y="342" T="0" Pressure="0"/>
        <Point X="379" Y="346" T="0" Pressure="0"/>
        <Point X="379" Y="348" T="0" Pressure="0"/>
        <Point X="379" Y="351" T="0" Pressure="0"/>
        <Point X="378" Y="353" T="0" Pressure="0"/>
        <Point X="378" Y="356" T="0" Pressure="0"/>
        <Point X="378" Y="359" T="0" Pressure="0"/>
        <Point X="377" Y="360" T="0" Pressure="0"/>
        <Point X="376" Y="361" T="0" Pressure="0"/>
    </Stroke>
    <Stroke index="2">
        <Point X="375" Y="234" T="0" Pressure="0"/>
        <Point X="375" Y="231" T="0" Pressure="0"/>
        <Point X="375" Y="228" T="0" Pressure="0"/>
        <Point X="376" Y="227" T="0" Pressure="0"/>
        <Point X="378" Y="226" T="0" Pressure="0"/>
        <Point X="380" Y="224" T="0" Pressure="0"/>
        <Point X="383" Y="223" T="0" Pressure="0"/>
        <Point X="386" Y="222" T="0" Pressure="0"/>
        <Point X="390" Y="221" T="0" Pressure="0"/>
        <Point X="402" Y="220" T="0" Pressure="0"/>
        <Point X="406" Y="220" T="0" Pressure="0"/>
        <Point X="410" Y="220" T="0" Pressure="0"/>
        <Point X="420" Y="221" T="0" Pressure="0"/>
        <Point X="424" Y="222" T="0" Pressure="0"/>
        <Point X="427" Y="223" T="0" Pressure="0"/>
        <Point X="431" Y="226" T="0" Pressure="0"/>
        <Point X="434" Y="228" T="0" Pressure="0"/>
        <Point X="436" Y="230" T="0" Pressure="0"/>
        <Point X="439" Y="233" T="0" Pressure="0"/>
        <Point X="440" Y="236" T="0" Pressure="0"/>
        <Point X="441" Y="239" T="0" Pressure="0"/>
        <Point X="441" Y="242" T="0" Pressure="0"/>
        <Point X="442" Y="249" T="0" Pressure="0"/>
        <Point X="441" Y="252" T="0" Pressure="0"/>
        <Point X="440" Y="255" T="0" Pressure="0"/>
        <Point X="439" Y="258" T="0" Pressure="0"/>
        <Point X="436" Y="261" T="0" Pressure="0"/>
        <Point X="434" Y="263" T="0" Pressure="0"/>
        <Point X="428" Y="268" T="0" Pressure="0"/>
        <Point X="426" Y="270" T="0" Pressure="0"/>
        <Point X="423" Y="272" T="0" Pressure="0"/>
        <Point X="420" Y="273" T="0" Pressure="0"/>
        <Point X="416" Y="274" T="0" Pressure="0"/>
        <Point X="412" Y="276" T="0" Pressure="0"/>
        <Point X="409" Y="277" T="0" Pressure="0"/>
        <Point X="405" Y="278" T="0" Pressure="0"/>
        <Point X="402" Y="278" T="0" Pressure="0"/>
        <Point X="398" Y="279" T="0" Pressure="0"/>
        <Point X="394" Y="279" T="0" Pressure="0"/>
        <Point X="390" Y="279" T="0" Pressure="0"/>
        <Point X="387" Y="279" T="0" Pressure="0"/>
        <Point X="385" Y="279" T="0" Pressure="0"/>
        <Point X="383" Y="278" T="0" Pressure="0"/>
        <Point X="381" Y="278" T="0" Pressure="0"/>
        <Point X="379" Y="278" T="0" Pressure="0"/>
        <Point X="378" Y="278" T="0" Pressure="0"/>
        <Point X="377" Y="277" T="0" Pressure="0"/>
        <Point X="376" Y="277" T="0" Pressure="0"/>
    </Stroke>
</Gesture>
