<?xml version="1.0" ?>
<Gesture Name="six_point_star~08" Subject="2" Number="8" NumPts="218" InputType="stylus" Speed="MEDIUM">
    <Stroke index="1">
        <Point X="338" Y="338" T="0" Pressure="0"/>
        <Point X="337" Y="338" T="0" Pressure="0"/>
        <Point X="337" Y="337" T="0" Pressure="0"/>
        <Point X="337" Y="336" T="0" Pressure="0"/>
        <Point X="337" Y="335" T="0" Pressure="0"/>
        <Point X="337" Y="333" T="0" Pressure="0"/>
        <Point X="337" Y="332" T="0" Pressure="0"/>
        <Point X="338" Y="330" T="0" Pressure="0"/>
        <Point X="338" Y="327" T="0" Pressure="0"/>
        <Point X="339" Y="325" T="0" Pressure="0"/>
        <Point X="340" Y="322" T="0" Pressure="0"/>
        <Point X="341" Y="319" T="0" Pressure="0"/>
        <Point X="342" Y="316" T="0" Pressure="0"/>
        <Point X="345" Y="309" T="0" Pressure="0"/>
        <Point X="346" Y="304" T="0" Pressure="0"/>
        <Point X="347" Y="300" T="0" Pressure="0"/>
        <Point X="349" Y="295" T="0" Pressure="0"/>
        <Point X="350" Y="290" T="0" Pressure="0"/>
        <Point X="352" Y="286" T="0" Pressure="0"/>
        <Point X="354" Y="281" T="0" Pressure="0"/>
        <Point X="356" Y="276" T="0" Pressure="0"/>
        <Point X="357" Y="270" T="0" Pressure="0"/>
        <Point X="360" Y="264" T="0" Pressure="0"/>
        <Point X="361" Y="259" T="0" Pressure="0"/>
        <Point X="365" Y="250" T="0" Pressure="0"/>
        <Point X="368" Y="246" T="0" Pressure="0"/>
        <Point X="369" Y="242" T="0" Pressure="0"/>
        <Point X="371" Y="238" T="0" Pressure="0"/>
        <Point X="372" Y="235" T="0" Pressure="0"/>
        <Point X="374" Y="233" T="0" Pressure="0"/>
        <Point X="375" Y="231" T="0" Pressure="0"/>
        <Point X="376" Y="229" T="0" Pressure="0"/>
        <Point X="378" Y="228" T="0" Pressure="0"/>
        <Point X="379" Y="228" T="0" Pressure="0"/>
        <Point X="379" Y="227" T="0" Pressure="0"/>
        <Point X="380" Y="227" T="0" Pressure="0"/>
        <Point X="381" Y="228" T="0" Pressure="0"/>
        <Point X="382" Y="228" T="0" Pressure="0"/>
        <Point X="383" Y="228" T="0" Pressure="0"/>
        <Point X="383" Y="229" T="0" Pressure="0"/>
        <Point X="384" Y="231" T="0" Pressure="0"/>
        <Point X="386" Y="233" T="0" Pressure="0"/>
        <Point X="387" Y="234" T="0" Pressure="0"/>
        <Point X="389" Y="237" T="0" Pressure="0"/>
        <Point X="393" Y="242" T="0" Pressure="0"/>
        <Point X="395" Y="246" T="0" Pressure="0"/>
        <Point X="398" Y="248" T="0" Pressure="0"/>
        <Point X="400" Y="252" T="0" Pressure="0"/>
        <Point X="404" Y="257" T="0" Pressure="0"/>
        <Point X="406" Y="260" T="0" Pressure="0"/>
        <Point X="409" Y="264" T="0" Pressure="0"/>
        <Point X="412" Y="268" T="0" Pressure="0"/>
        <Point X="415" Y="272" T="0" Pressure="0"/>
        <Point X="419" Y="277" T="0" Pressure="0"/>
        <Point X="421" Y="282" T="0" Pressure="0"/>
        <Point X="424" Y="286" T="0" Pressure="0"/>
        <Point X="427" Y="289" T="0" Pressure="0"/>
        <Point X="429" Y="293" T="0" Pressure="0"/>
        <Point X="433" Y="300" T="0" Pressure="0"/>
        <Point X="435" Y="304" T="0" Pressure="0"/>
        <Point X="436" Y="307" T="0" Pressure="0"/>
        <Point X="438" Y="310" T="0" Pressure="0"/>
        <Point X="439" Y="312" T="0" Pressure="0"/>
        <Point X="439" Y="314" T="0" Pressure="0"/>
        <Point X="440" Y="317" T="0" Pressure="0"/>
        <Point X="441" Y="319" T="0" Pressure="0"/>
        <Point X="442" Y="321" T="0" Pressure="0"/>
        <Point X="442" Y="322" T="0" Pressure="0"/>
        <Point X="442" Y="324" T="0" Pressure="0"/>
        <Point X="442" Y="326" T="0" Pressure="0"/>
        <Point X="442" Y="327" T="0" Pressure="0"/>
        <Point X="441" Y="328" T="0" Pressure="0"/>
        <Point X="440" Y="328" T="0" Pressure="0"/>
        <Point X="438" Y="331" T="0" Pressure="0"/>
        <Point X="435" Y="332" T="0" Pressure="0"/>
        <Point X="434" Y="332" T="0" Pressure="0"/>
        <Point X="432" Y="333" T="0" Pressure="0"/>
        <Point X="429" Y="334" T="0" Pressure="0"/>
        <Point X="427" Y="334" T="0" Pressure="0"/>
        <Point X="424" Y="335" T="0" Pressure="0"/>
        <Point X="420" Y="335" T="0" Pressure="0"/>
        <Point X="416" Y="336" T="0" Pressure="0"/>
        <Point X="412" Y="336" T="0" Pressure="0"/>
        <Point X="408" Y="336" T="0" Pressure="0"/>
        <Point X="402" Y="337" T="0" Pressure="0"/>
        <Point X="397" Y="337" T="0" Pressure="0"/>
        <Point X="392" Y="337" T="0" Pressure="0"/>
        <Point X="386" Y="338" T="0" Pressure="0"/>
        <Point X="381" Y="338" T="0" Pressure="0"/>
        <Point X="376" Y="338" T="0" Pressure="0"/>
        <Point X="371" Y="338" T="0" Pressure="0"/>
        <Point X="367" Y="338" T="0" Pressure="0"/>
        <Point X="363" Y="338" T="0" Pressure="0"/>
        <Point X="359" Y="338" T="0" Pressure="0"/>
        <Point X="356" Y="338" T="0" Pressure="0"/>
        <Point X="353" Y="338" T="0" Pressure="0"/>
        <Point X="350" Y="338" T="0" Pressure="0"/>
        <Point X="348" Y="338" T="0" Pressure="0"/>
        <Point X="346" Y="338" T="0" Pressure="0"/>
        <Point X="345" Y="339" T="0" Pressure="0"/>
        <Point X="344" Y="339" T="0" Pressure="0"/>
        <Point X="342" Y="339" T="0" Pressure="0"/>
        <Point X="341" Y="339" T="0" Pressure="0"/>
        <Point X="341" Y="340" T="0" Pressure="0"/>
        <Point X="341" Y="341" T="0" Pressure="0"/>
    </Stroke>
    <Stroke index="2">
        <Point X="326" Y="271" T="0" Pressure="0"/>
        <Point X="323" Y="268" T="0" Pressure="0"/>
        <Point X="323" Y="266" T="0" Pressure="0"/>
        <Point X="323" Y="265" T="0" Pressure="0"/>
        <Point X="323" Y="264" T="0" Pressure="0"/>
        <Point X="323" Y="263" T="0" Pressure="0"/>
        <Point X="325" Y="263" T="0" Pressure="0"/>
        <Point X="326" Y="264" T="0" Pressure="0"/>
        <Point X="327" Y="264" T="0" Pressure="0"/>
        <Point X="328" Y="265" T="0" Pressure="0"/>
        <Point X="329" Y="266" T="0" Pressure="0"/>
        <Point X="330" Y="268" T="0" Pressure="0"/>
        <Point X="332" Y="269" T="0" Pressure="0"/>
        <Point X="334" Y="271" T="0" Pressure="0"/>
        <Point X="335" Y="274" T="0" Pressure="0"/>
        <Point X="337" Y="277" T="0" Pressure="0"/>
        <Point X="339" Y="281" T="0" Pressure="0"/>
        <Point X="342" Y="284" T="0" Pressure="0"/>
        <Point X="344" Y="289" T="0" Pressure="0"/>
        <Point X="347" Y="293" T="0" Pressure="0"/>
        <Point X="350" Y="298" T="0" Pressure="0"/>
        <Point X="353" Y="304" T="0" Pressure="0"/>
        <Point X="356" Y="310" T="0" Pressure="0"/>
        <Point X="360" Y="316" T="0" Pressure="0"/>
        <Point X="363" Y="321" T="0" Pressure="0"/>
        <Point X="366" Y="327" T="0" Pressure="0"/>
        <Point X="368" Y="332" T="0" Pressure="0"/>
        <Point X="374" Y="340" T="0" Pressure="0"/>
        <Point X="376" Y="344" T="0" Pressure="0"/>
        <Point X="379" Y="348" T="0" Pressure="0"/>
        <Point X="380" Y="351" T="0" Pressure="0"/>
        <Point X="382" Y="354" T="0" Pressure="0"/>
        <Point X="384" Y="357" T="0" Pressure="0"/>
        <Point X="386" Y="360" T="0" Pressure="0"/>
        <Point X="386" Y="362" T="0" Pressure="0"/>
        <Point X="387" Y="364" T="0" Pressure="0"/>
        <Point X="389" Y="366" T="0" Pressure="0"/>
        <Point X="389" Y="367" T="0" Pressure="0"/>
        <Point X="390" Y="368" T="0" Pressure="0"/>
        <Point X="390" Y="369" T="0" Pressure="0"/>
        <Point X="390" Y="370" T="0" Pressure="0"/>
        <Point X="391" Y="370" T="0" Pressure="0"/>
        <Point X="391" Y="369" T="0" Pressure="0"/>
        <Point X="391" Y="368" T="0" Pressure="0"/>
        <Point X="391" Y="366" T="0" Pressure="0"/>
        <Point X="393" Y="363" T="0" Pressure="0"/>
        <Point X="393" Y="361" T="0" Pressure="0"/>
        <Point X="394" Y="358" T="0" Pressure="0"/>
        <Point X="394" Y="355" T="0" Pressure="0"/>
        <Point X="395" Y="352" T="0" Pressure="0"/>
        <Point X="397" Y="348" T="0" Pressure="0"/>
        <Point X="398" Y="345" T="0" Pressure="0"/>
        <Point X="398" Y="341" T="0" Pressure="0"/>
        <Point X="399" Y="337" T="0" Pressure="0"/>
        <Point X="401" Y="332" T="0" Pressure="0"/>
        <Point X="402" Y="327" T="0" Pressure="0"/>
        <Point X="405" Y="321" T="0" Pressure="0"/>
        <Point X="406" Y="316" T="0" Pressure="0"/>
        <Point X="409" Y="310" T="0" Pressure="0"/>
        <Point X="412" Y="303" T="0" Pressure="0"/>
        <Point X="415" Y="297" T="0" Pressure="0"/>
        <Point X="418" Y="292" T="0" Pressure="0"/>
        <Point X="421" Y="287" T="0" Pressure="0"/>
        <Point X="424" Y="282" T="0" Pressure="0"/>
        <Point X="427" Y="277" T="0" Pressure="0"/>
        <Point X="430" Y="272" T="0" Pressure="0"/>
        <Point X="432" Y="269" T="0" Pressure="0"/>
        <Point X="434" Y="267" T="0" Pressure="0"/>
        <Point X="435" Y="264" T="0" Pressure="0"/>
        <Point X="437" Y="263" T="0" Pressure="0"/>
        <Point X="438" Y="261" T="0" Pressure="0"/>
        <Point X="439" Y="260" T="0" Pressure="0"/>
        <Point X="440" Y="259" T="0" Pressure="0"/>
        <Point X="441" Y="259" T="0" Pressure="0"/>
        <Point X="442" Y="258" T="0" Pressure="0"/>
        <Point X="442" Y="257" T="0" Pressure="0"/>
        <Point X="442" Y="256" T="0" Pressure="0"/>
        <Point X="441" Y="256" T="0" Pressure="0"/>
        <Point X="440" Y="256" T="0" Pressure="0"/>
        <Point X="439" Y="255" T="0" Pressure="0"/>
        <Point X="437" Y="254" T="0" Pressure="0"/>
        <Point X="435" Y="254" T="0" Pressure="0"/>
        <Point X="433" Y="254" T="0" Pressure="0"/>
        <Point X="431" Y="253" T="0" Pressure="0"/>
        <Point X="428" Y="253" T="0" Pressure="0"/>
        <Point X="426" Y="253" T="0" Pressure="0"/>
        <Point X="424" Y="253" T="0" Pressure="0"/>
        <Point X="420" Y="253" T="0" Pressure="0"/>
        <Point X="417" Y="252" T="0" Pressure="0"/>
        <Point X="413" Y="252" T="0" Pressure="0"/>
        <Point X="410" Y="252" T="0" Pressure="0"/>
        <Point X="406" Y="252" T="0" Pressure="0"/>
        <Point X="402" Y="252" T="0" Pressure="0"/>
        <Point X="398" Y="252" T="0" Pressure="0"/>
        <Point X="393" Y="252" T="0" Pressure="0"/>
        <Point X="387" Y="253" T="0" Pressure="0"/>
        <Point X="382" Y="253" T="0" Pressure="0"/>
        <Point X="377" Y="254" T="0" Pressure="0"/>
        <Point X="371" Y="255" T="0" Pressure="0"/>
        <Point X="367" Y="256" T="0" Pressure="0"/>
        <Point X="361" Y="257" T="0" Pressure="0"/>
        <Point X="356" Y="259" T="0" Pressure="0"/>
        <Point X="352" Y="259" T="0" Pressure="0"/>
        <Point X="348" Y="261" T="0" Pressure="0"/>
        <Point X="344" Y="261" T="0" Pressure="0"/>
        <Point X="341" Y="262" T="0" Pressure="0"/>
        <Point X="338" Y="263" T="0" Pressure="0"/>
        <Point X="334" Y="264" T="0" Pressure="0"/>
        <Point X="333" Y="264" T="0" Pressure="0"/>
        <Point X="331" Y="265" T="0" Pressure="0"/>
        <Point X="330" Y="265" T="0" Pressure="0"/>
        <Point X="329" Y="266" T="0" Pressure="0"/>
        <Point X="329" Y="267" T="0" Pressure="0"/>
    </Stroke>
</Gesture>
