<?xml version="1.0" ?>
<Gesture Name="N~08" Subject="2" Number="8" NumPts="119" InputType="stylus" Speed="MEDIUM">
    <Stroke index="1">
        <Point X="350" Y="254" T="0" Pressure="0"/>
        <Point X="349" Y="254" T="0" Pressure="0"/>
        <Point X="348" Y="254" T="0" Pressure="0"/>
        <Point X="348" Y="255" T="0" Pressure="0"/>
        <Point X="347" Y="256" T="0" Pressure="0"/>
        <Point X="346" Y="257" T="0" Pressure="0"/>
        <Point X="346" Y="259" T="0" Pressure="0"/>
        <Point X="346" Y="261" T="0" Pressure="0"/>
        <Point X="346" Y="263" T="0" Pressure="0"/>
        <Point X="346" Y="265" T="0" Pressure="0"/>
        <Point X="346" Y="269" T="0" Pressure="0"/>
        <Point X="346" Y="273" T="0" Pressure="0"/>
        <Point X="345" Y="282" T="0" Pressure="0"/>
        <Point X="345" Y="287" T="0" Pressure="0"/>
        <Point X="345" Y="292" T="0" Pressure="0"/>
        <Point X="345" Y="298" T="0" Pressure="0"/>
        <Point X="344" Y="305" T="0" Pressure="0"/>
        <Point X="344" Y="311" T="0" Pressure="0"/>
        <Point X="344" Y="316" T="0" Pressure="0"/>
        <Point X="344" Y="322" T="0" Pressure="0"/>
        <Point X="344" Y="328" T="0" Pressure="0"/>
        <Point X="344" Y="334" T="0" Pressure="0"/>
        <Point X="344" Y="339" T="0" Pressure="0"/>
        <Point X="344" Y="344" T="0" Pressure="0"/>
        <Point X="345" Y="348" T="0" Pressure="0"/>
        <Point X="345" Y="353" T="0" Pressure="0"/>
        <Point X="345" Y="357" T="0" Pressure="0"/>
        <Point X="345" Y="361" T="0" Pressure="0"/>
        <Point X="345" Y="365" T="0" Pressure="0"/>
        <Point X="345" Y="368" T="0" Pressure="0"/>
        <Point X="346" Y="371" T="0" Pressure="0"/>
        <Point X="346" Y="373" T="0" Pressure="0"/>
        <Point X="346" Y="376" T="0" Pressure="0"/>
        <Point X="346" Y="377" T="0" Pressure="0"/>
        <Point X="347" Y="380" T="0" Pressure="0"/>
        <Point X="348" Y="382" T="0" Pressure="0"/>
        <Point X="348" Y="383" T="0" Pressure="0"/>
    </Stroke>
    <Stroke index="2">
        <Point X="350" Y="257" T="0" Pressure="0"/>
        <Point X="350" Y="255" T="0" Pressure="0"/>
        <Point X="350" Y="254" T="0" Pressure="0"/>
        <Point X="350" Y="253" T="0" Pressure="0"/>
        <Point X="350" Y="252" T="0" Pressure="0"/>
        <Point X="351" Y="252" T="0" Pressure="0"/>
        <Point X="352" Y="252" T="0" Pressure="0"/>
        <Point X="352" Y="253" T="0" Pressure="0"/>
        <Point X="353" Y="254" T="0" Pressure="0"/>
        <Point X="354" Y="256" T="0" Pressure="0"/>
        <Point X="355" Y="257" T="0" Pressure="0"/>
        <Point X="356" Y="259" T="0" Pressure="0"/>
        <Point X="357" Y="261" T="0" Pressure="0"/>
        <Point X="359" Y="264" T="0" Pressure="0"/>
        <Point X="361" Y="266" T="0" Pressure="0"/>
        <Point X="364" Y="269" T="0" Pressure="0"/>
        <Point X="366" Y="273" T="0" Pressure="0"/>
        <Point X="369" Y="277" T="0" Pressure="0"/>
        <Point X="376" Y="286" T="0" Pressure="0"/>
        <Point X="380" Y="291" T="0" Pressure="0"/>
        <Point X="384" Y="296" T="0" Pressure="0"/>
        <Point X="389" Y="301" T="0" Pressure="0"/>
        <Point X="393" Y="305" T="0" Pressure="0"/>
        <Point X="397" Y="310" T="0" Pressure="0"/>
        <Point X="401" Y="313" T="0" Pressure="0"/>
        <Point X="405" Y="317" T="0" Pressure="0"/>
        <Point X="409" Y="321" T="0" Pressure="0"/>
        <Point X="413" Y="326" T="0" Pressure="0"/>
        <Point X="416" Y="329" T="0" Pressure="0"/>
        <Point X="419" Y="333" T="0" Pressure="0"/>
        <Point X="422" Y="336" T="0" Pressure="0"/>
        <Point X="425" Y="339" T="0" Pressure="0"/>
        <Point X="428" Y="342" T="0" Pressure="0"/>
        <Point X="431" Y="346" T="0" Pressure="0"/>
        <Point X="433" Y="348" T="0" Pressure="0"/>
        <Point X="435" Y="350" T="0" Pressure="0"/>
        <Point X="438" Y="352" T="0" Pressure="0"/>
        <Point X="440" Y="354" T="0" Pressure="0"/>
        <Point X="443" Y="356" T="0" Pressure="0"/>
        <Point X="444" Y="357" T="0" Pressure="0"/>
        <Point X="447" Y="358" T="0" Pressure="0"/>
        <Point X="450" Y="359" T="0" Pressure="0"/>
    </Stroke>
    <Stroke index="3">
        <Point X="443" Y="249" T="0" Pressure="0"/>
        <Point X="440" Y="249" T="0" Pressure="0"/>
        <Point X="439" Y="249" T="0" Pressure="0"/>
        <Point X="439" Y="250" T="0" Pressure="0"/>
        <Point X="439" Y="251" T="0" Pressure="0"/>
        <Point X="439" Y="252" T="0" Pressure="0"/>
        <Point X="439" Y="253" T="0" Pressure="0"/>
        <Point X="439" Y="256" T="0" Pressure="0"/>
        <Point X="439" Y="262" T="0" Pressure="0"/>
        <Point X="439" Y="265" T="0" Pressure="0"/>
        <Point X="439" Y="269" T="0" Pressure="0"/>
        <Point X="439" Y="273" T="0" Pressure="0"/>
        <Point X="439" Y="278" T="0" Pressure="0"/>
        <Point X="439" Y="282" T="0" Pressure="0"/>
        <Point X="439" Y="287" T="0" Pressure="0"/>
        <Point X="439" Y="291" T="0" Pressure="0"/>
        <Point X="439" Y="296" T="0" Pressure="0"/>
        <Point X="439" Y="301" T="0" Pressure="0"/>
        <Point X="439" Y="306" T="0" Pressure="0"/>
        <Point X="440" Y="311" T="0" Pressure="0"/>
        <Point X="440" Y="315" T="0" Pressure="0"/>
        <Point X="441" Y="320" T="0" Pressure="0"/>
        <Point X="442" Y="324" T="0" Pressure="0"/>
        <Point X="443" Y="328" T="0" Pressure="0"/>
        <Point X="443" Y="332" T="0" Pressure="0"/>
        <Point X="444" Y="335" T="0" Pressure="0"/>
        <Point X="444" Y="338" T="0" Pressure="0"/>
        <Point X="446" Y="340" T="0" Pressure="0"/>
        <Point X="446" Y="343" T="0" Pressure="0"/>
        <Point X="447" Y="346" T="0" Pressure="0"/>
        <Point X="447" Y="347" T="0" Pressure="0"/>
        <Point X="448" Y="349" T="0" Pressure="0"/>
        <Point X="448" Y="351" T="0" Pressure="0"/>
        <Point X="448" Y="352" T="0" Pressure="0"/>
        <Point X="449" Y="355" T="0" Pressure="0"/>
        <Point X="449" Y="356" T="0" Pressure="0"/>
        <Point X="449" Y="357" T="0" Pressure="0"/>
        <Point X="449" Y="358" T="0" Pressure="0"/>
        <Point X="449" Y="359" T="0" Pressure="0"/>
        <Point X="449" Y="360" T="0" Pressure="0"/>
    </Stroke>
</Gesture>
