<?xml version="1.0" ?>
<Gesture Name="null~01" Subject="2" Number="1" NumPts="118" InputType="stylus" Speed="MEDIUM">
    <Stroke index="1">
        <Point X="333" Y="203" T="0" Pressure="0"/>
        <Point X="331" Y="204" T="0" Pressure="0"/>
        <Point X="330" Y="205" T="0" Pressure="0"/>
        <Point X="327" Y="207" T="0" Pressure="0"/>
        <Point X="326" Y="209" T="0" Pressure="0"/>
        <Point X="325" Y="211" T="0" Pressure="0"/>
        <Point X="322" Y="216" T="0" Pressure="0"/>
        <Point X="320" Y="219" T="0" Pressure="0"/>
        <Point X="318" Y="228" T="0" Pressure="0"/>
        <Point X="317" Y="232" T="0" Pressure="0"/>
        <Point X="316" Y="241" T="0" Pressure="0"/>
        <Point X="315" Y="246" T="0" Pressure="0"/>
        <Point X="315" Y="264" T="0" Pressure="0"/>
        <Point X="316" Y="270" T="0" Pressure="0"/>
        <Point X="318" Y="276" T="0" Pressure="0"/>
        <Point X="319" Y="282" T="0" Pressure="0"/>
        <Point X="321" Y="287" T="0" Pressure="0"/>
        <Point X="323" Y="293" T="0" Pressure="0"/>
        <Point X="326" Y="297" T="0" Pressure="0"/>
        <Point X="329" Y="301" T="0" Pressure="0"/>
        <Point X="332" Y="305" T="0" Pressure="0"/>
        <Point X="335" Y="309" T="0" Pressure="0"/>
        <Point X="339" Y="312" T="0" Pressure="0"/>
        <Point X="343" Y="314" T="0" Pressure="0"/>
        <Point X="346" Y="316" T="0" Pressure="0"/>
        <Point X="351" Y="318" T="0" Pressure="0"/>
        <Point X="355" Y="320" T="0" Pressure="0"/>
        <Point X="360" Y="321" T="0" Pressure="0"/>
        <Point X="364" Y="322" T="0" Pressure="0"/>
        <Point X="368" Y="322" T="0" Pressure="0"/>
        <Point X="373" Y="322" T="0" Pressure="0"/>
        <Point X="377" Y="322" T="0" Pressure="0"/>
        <Point X="382" Y="321" T="0" Pressure="0"/>
        <Point X="386" Y="319" T="0" Pressure="0"/>
        <Point X="391" Y="317" T="0" Pressure="0"/>
        <Point X="396" Y="315" T="0" Pressure="0"/>
        <Point X="400" Y="313" T="0" Pressure="0"/>
        <Point X="404" Y="310" T="0" Pressure="0"/>
        <Point X="408" Y="307" T="0" Pressure="0"/>
        <Point X="412" Y="303" T="0" Pressure="0"/>
        <Point X="415" Y="299" T="0" Pressure="0"/>
        <Point X="419" Y="295" T="0" Pressure="0"/>
        <Point X="420" Y="291" T="0" Pressure="0"/>
        <Point X="423" Y="288" T="0" Pressure="0"/>
        <Point X="425" Y="284" T="0" Pressure="0"/>
        <Point X="427" Y="278" T="0" Pressure="0"/>
        <Point X="428" Y="273" T="0" Pressure="0"/>
        <Point X="429" Y="267" T="0" Pressure="0"/>
        <Point X="429" Y="257" T="0" Pressure="0"/>
        <Point X="429" Y="251" T="0" Pressure="0"/>
        <Point X="429" Y="244" T="0" Pressure="0"/>
        <Point X="428" Y="239" T="0" Pressure="0"/>
        <Point X="427" Y="232" T="0" Pressure="0"/>
        <Point X="424" Y="227" T="0" Pressure="0"/>
        <Point X="421" Y="221" T="0" Pressure="0"/>
        <Point X="419" Y="216" T="0" Pressure="0"/>
        <Point X="414" Y="212" T="0" Pressure="0"/>
        <Point X="410" Y="208" T="0" Pressure="0"/>
        <Point X="405" Y="204" T="0" Pressure="0"/>
        <Point X="401" Y="201" T="0" Pressure="0"/>
        <Point X="396" Y="199" T="0" Pressure="0"/>
        <Point X="390" Y="197" T="0" Pressure="0"/>
        <Point X="379" Y="194" T="0" Pressure="0"/>
        <Point X="374" Y="193" T="0" Pressure="0"/>
        <Point X="363" Y="193" T="0" Pressure="0"/>
        <Point X="356" Y="194" T="0" Pressure="0"/>
        <Point X="352" Y="195" T="0" Pressure="0"/>
        <Point X="346" Y="197" T="0" Pressure="0"/>
        <Point X="341" Y="198" T="0" Pressure="0"/>
        <Point X="338" Y="201" T="0" Pressure="0"/>
        <Point X="335" Y="203" T="0" Pressure="0"/>
        <Point X="333" Y="205" T="0" Pressure="0"/>
        <Point X="331" Y="207" T="0" Pressure="0"/>
    </Stroke>
    <Stroke index="2">
        <Point X="440" Y="159" T="0" Pressure="0"/>
        <Point X="439" Y="157" T="0" Pressure="0"/>
        <Point X="438" Y="156" T="0" Pressure="0"/>
        <Point X="437" Y="156" T="0" Pressure="0"/>
        <Point X="435" Y="156" T="0" Pressure="0"/>
        <Point X="434" Y="157" T="0" Pressure="0"/>
        <Point X="432" Y="158" T="0" Pressure="0"/>
        <Point X="430" Y="160" T="0" Pressure="0"/>
        <Point X="428" Y="162" T="0" Pressure="0"/>
        <Point X="424" Y="164" T="0" Pressure="0"/>
        <Point X="421" Y="168" T="0" Pressure="0"/>
        <Point X="417" Y="172" T="0" Pressure="0"/>
        <Point X="413" Y="176" T="0" Pressure="0"/>
        <Point X="409" Y="181" T="0" Pressure="0"/>
        <Point X="404" Y="187" T="0" Pressure="0"/>
        <Point X="398" Y="192" T="0" Pressure="0"/>
        <Point X="391" Y="200" T="0" Pressure="0"/>
        <Point X="384" Y="208" T="0" Pressure="0"/>
        <Point X="378" Y="216" T="0" Pressure="0"/>
        <Point X="371" Y="224" T="0" Pressure="0"/>
        <Point X="364" Y="234" T="0" Pressure="0"/>
        <Point X="356" Y="244" T="0" Pressure="0"/>
        <Point X="349" Y="254" T="0" Pressure="0"/>
        <Point X="341" Y="265" T="0" Pressure="0"/>
        <Point X="334" Y="274" T="0" Pressure="0"/>
        <Point X="328" Y="284" T="0" Pressure="0"/>
        <Point X="322" Y="293" T="0" Pressure="0"/>
        <Point X="316" Y="302" T="0" Pressure="0"/>
        <Point X="311" Y="310" T="0" Pressure="0"/>
        <Point X="305" Y="317" T="0" Pressure="0"/>
        <Point X="301" Y="322" T="0" Pressure="0"/>
        <Point X="298" Y="327" T="0" Pressure="0"/>
        <Point X="296" Y="331" T="0" Pressure="0"/>
        <Point X="293" Y="334" T="0" Pressure="0"/>
        <Point X="291" Y="337" T="0" Pressure="0"/>
        <Point X="289" Y="338" T="0" Pressure="0"/>
        <Point X="288" Y="340" T="0" Pressure="0"/>
        <Point X="287" Y="342" T="0" Pressure="0"/>
        <Point X="286" Y="343" T="0" Pressure="0"/>
        <Point X="285" Y="344" T="0" Pressure="0"/>
        <Point X="285" Y="346" T="0" Pressure="0"/>
        <Point X="285" Y="347" T="0" Pressure="0"/>
        <Point X="285" Y="348" T="0" Pressure="0"/>
        <Point X="286" Y="348" T="0" Pressure="0"/>
        <Point X="289" Y="349" T="0" Pressure="0"/>
    </Stroke>
</Gesture>
