<?xml version="1.0" ?>
<Gesture Name="null~05" Subject="2" Number="5" NumPts="108" InputType="stylus" Speed="MEDIUM">
    <Stroke index="1">
        <Point X="371" Y="258" T="0" Pressure="0"/>
        <Point X="368" Y="260" T="0" Pressure="0"/>
        <Point X="365" Y="262" T="0" Pressure="0"/>
        <Point X="364" Y="263" T="0" Pressure="0"/>
        <Point X="362" Y="265" T="0" Pressure="0"/>
        <Point X="356" Y="273" T="0" Pressure="0"/>
        <Point X="355" Y="277" T="0" Pressure="0"/>
        <Point X="353" Y="281" T="0" Pressure="0"/>
        <Point X="351" Y="284" T="0" Pressure="0"/>
        <Point X="349" Y="289" T="0" Pressure="0"/>
        <Point X="348" Y="293" T="0" Pressure="0"/>
        <Point X="345" Y="297" T="0" Pressure="0"/>
        <Point X="344" Y="303" T="0" Pressure="0"/>
        <Point X="343" Y="307" T="0" Pressure="0"/>
        <Point X="342" Y="312" T="0" Pressure="0"/>
        <Point X="341" Y="316" T="0" Pressure="0"/>
        <Point X="341" Y="320" T="0" Pressure="0"/>
        <Point X="341" Y="324" T="0" Pressure="0"/>
        <Point X="342" Y="328" T="0" Pressure="0"/>
        <Point X="345" Y="334" T="0" Pressure="0"/>
        <Point X="348" Y="337" T="0" Pressure="0"/>
        <Point X="350" Y="339" T="0" Pressure="0"/>
        <Point X="353" Y="341" T="0" Pressure="0"/>
        <Point X="356" Y="343" T="0" Pressure="0"/>
        <Point X="363" Y="347" T="0" Pressure="0"/>
        <Point X="366" Y="348" T="0" Pressure="0"/>
        <Point X="369" Y="349" T="0" Pressure="0"/>
        <Point X="374" Y="350" T="0" Pressure="0"/>
        <Point X="379" Y="351" T="0" Pressure="0"/>
        <Point X="383" Y="351" T="0" Pressure="0"/>
        <Point X="387" Y="350" T="0" Pressure="0"/>
        <Point X="392" Y="348" T="0" Pressure="0"/>
        <Point X="398" Y="346" T="0" Pressure="0"/>
        <Point X="402" Y="344" T="0" Pressure="0"/>
        <Point X="408" Y="342" T="0" Pressure="0"/>
        <Point X="413" Y="339" T="0" Pressure="0"/>
        <Point X="418" Y="337" T="0" Pressure="0"/>
        <Point X="422" Y="335" T="0" Pressure="0"/>
        <Point X="425" Y="332" T="0" Pressure="0"/>
        <Point X="429" Y="329" T="0" Pressure="0"/>
        <Point X="432" Y="326" T="0" Pressure="0"/>
        <Point X="434" Y="322" T="0" Pressure="0"/>
        <Point X="435" Y="319" T="0" Pressure="0"/>
        <Point X="436" Y="316" T="0" Pressure="0"/>
        <Point X="437" Y="313" T="0" Pressure="0"/>
        <Point X="438" Y="309" T="0" Pressure="0"/>
        <Point X="438" Y="305" T="0" Pressure="0"/>
        <Point X="437" Y="300" T="0" Pressure="0"/>
        <Point X="435" Y="296" T="0" Pressure="0"/>
        <Point X="434" Y="291" T="0" Pressure="0"/>
        <Point X="432" Y="288" T="0" Pressure="0"/>
        <Point X="429" Y="284" T="0" Pressure="0"/>
        <Point X="425" Y="279" T="0" Pressure="0"/>
        <Point X="422" Y="275" T="0" Pressure="0"/>
        <Point X="419" Y="272" T="0" Pressure="0"/>
        <Point X="415" Y="269" T="0" Pressure="0"/>
        <Point X="412" Y="267" T="0" Pressure="0"/>
        <Point X="408" Y="265" T="0" Pressure="0"/>
        <Point X="404" Y="263" T="0" Pressure="0"/>
        <Point X="399" Y="262" T="0" Pressure="0"/>
        <Point X="395" Y="261" T="0" Pressure="0"/>
        <Point X="391" Y="261" T="0" Pressure="0"/>
        <Point X="386" Y="261" T="0" Pressure="0"/>
        <Point X="383" Y="261" T="0" Pressure="0"/>
        <Point X="379" Y="262" T="0" Pressure="0"/>
        <Point X="375" Y="263" T="0" Pressure="0"/>
        <Point X="371" Y="264" T="0" Pressure="0"/>
        <Point X="368" Y="266" T="0" Pressure="0"/>
        <Point X="365" Y="267" T="0" Pressure="0"/>
    </Stroke>
    <Stroke index="2">
        <Point X="462" Y="230" T="0" Pressure="0"/>
        <Point X="459" Y="229" T="0" Pressure="0"/>
        <Point X="458" Y="229" T="0" Pressure="0"/>
        <Point X="455" Y="229" T="0" Pressure="0"/>
        <Point X="454" Y="231" T="0" Pressure="0"/>
        <Point X="452" Y="232" T="0" Pressure="0"/>
        <Point X="450" Y="234" T="0" Pressure="0"/>
        <Point X="446" Y="237" T="0" Pressure="0"/>
        <Point X="443" Y="239" T="0" Pressure="0"/>
        <Point X="439" Y="242" T="0" Pressure="0"/>
        <Point X="435" Y="246" T="0" Pressure="0"/>
        <Point X="429" Y="250" T="0" Pressure="0"/>
        <Point X="424" Y="254" T="0" Pressure="0"/>
        <Point X="419" Y="259" T="0" Pressure="0"/>
        <Point X="413" Y="264" T="0" Pressure="0"/>
        <Point X="395" Y="279" T="0" Pressure="0"/>
        <Point X="389" Y="285" T="0" Pressure="0"/>
        <Point X="382" Y="291" T="0" Pressure="0"/>
        <Point X="376" Y="297" T="0" Pressure="0"/>
        <Point X="369" Y="303" T="0" Pressure="0"/>
        <Point X="363" Y="309" T="0" Pressure="0"/>
        <Point X="356" Y="315" T="0" Pressure="0"/>
        <Point X="350" Y="321" T="0" Pressure="0"/>
        <Point X="345" Y="327" T="0" Pressure="0"/>
        <Point X="340" Y="331" T="0" Pressure="0"/>
        <Point X="335" Y="336" T="0" Pressure="0"/>
        <Point X="331" Y="340" T="0" Pressure="0"/>
        <Point X="327" Y="344" T="0" Pressure="0"/>
        <Point X="318" Y="355" T="0" Pressure="0"/>
        <Point X="316" Y="357" T="0" Pressure="0"/>
        <Point X="314" Y="359" T="0" Pressure="0"/>
        <Point X="312" Y="361" T="0" Pressure="0"/>
        <Point X="311" Y="363" T="0" Pressure="0"/>
        <Point X="311" Y="364" T="0" Pressure="0"/>
        <Point X="310" Y="365" T="0" Pressure="0"/>
        <Point X="310" Y="366" T="0" Pressure="0"/>
        <Point X="309" Y="367" T="0" Pressure="0"/>
        <Point X="309" Y="368" T="0" Pressure="0"/>
        <Point X="310" Y="368" T="0" Pressure="0"/>
    </Stroke>
</Gesture>
