<?xml version="1.0" ?>
<Gesture Name="exclamation_point~01" Subject="2" Number="1" NumPts="35" InputType="stylus" Speed="MEDIUM">
    <Stroke index="1">
        <Point X="386" Y="201" T="0" Pressure="0"/>
        <Point X="385" Y="198" T="0" Pressure="0"/>
        <Point X="384" Y="198" T="0" Pressure="0"/>
        <Point X="384" Y="199" T="0" Pressure="0"/>
        <Point X="383" Y="206" T="0" Pressure="0"/>
        <Point X="383" Y="209" T="0" Pressure="0"/>
        <Point X="383" Y="211" T="0" Pressure="0"/>
        <Point X="383" Y="214" T="0" Pressure="0"/>
        <Point X="383" Y="218" T="0" Pressure="0"/>
        <Point X="383" Y="223" T="0" Pressure="0"/>
        <Point X="383" Y="228" T="0" Pressure="0"/>
        <Point X="383" Y="234" T="0" Pressure="0"/>
        <Point X="383" Y="240" T="0" Pressure="0"/>
        <Point X="383" Y="246" T="0" Pressure="0"/>
        <Point X="383" Y="253" T="0" Pressure="0"/>
        <Point X="383" Y="259" T="0" Pressure="0"/>
        <Point X="383" Y="266" T="0" Pressure="0"/>
        <Point X="383" Y="271" T="0" Pressure="0"/>
        <Point X="383" Y="276" T="0" Pressure="0"/>
        <Point X="383" Y="281" T="0" Pressure="0"/>
        <Point X="383" Y="286" T="0" Pressure="0"/>
        <Point X="384" Y="289" T="0" Pressure="0"/>
        <Point X="384" Y="293" T="0" Pressure="0"/>
        <Point X="384" Y="296" T="0" Pressure="0"/>
        <Point X="385" Y="298" T="0" Pressure="0"/>
        <Point X="386" Y="301" T="0" Pressure="0"/>
        <Point X="386" Y="303" T="0" Pressure="0"/>
        <Point X="386" Y="304" T="0" Pressure="0"/>
        <Point X="386" Y="308" T="0" Pressure="0"/>
        <Point X="386" Y="310" T="0" Pressure="0"/>
        <Point X="385" Y="311" T="0" Pressure="0"/>
    </Stroke>
    <Stroke index="2">
        <Point X="386" Y="336" T="0" Pressure="0"/>
        <Point X="384" Y="336" T="0" Pressure="0"/>
        <Point X="383" Y="336" T="0" Pressure="0"/>
        <Point X="382" Y="336" T="0" Pressure="0"/>
    </Stroke>
</Gesture>
