<?xml version="1.0" ?>
<Gesture Name="D~09" Subject="2" Number="9" NumPts="83" InputType="stylus" Speed="MEDIUM">
    <Stroke index="1">
        <Point X="410" Y="289" T="0" Pressure="0"/>
        <Point X="410" Y="284" T="0" Pressure="0"/>
        <Point X="410" Y="283" T="0" Pressure="0"/>
        <Point X="410" Y="282" T="0" Pressure="0"/>
        <Point X="410" Y="280" T="0" Pressure="0"/>
        <Point X="412" Y="279" T="0" Pressure="0"/>
        <Point X="413" Y="281" T="0" Pressure="0"/>
        <Point X="413" Y="285" T="0" Pressure="0"/>
        <Point X="414" Y="288" T="0" Pressure="0"/>
        <Point X="414" Y="292" T="0" Pressure="0"/>
        <Point X="414" Y="299" T="0" Pressure="0"/>
        <Point X="414" Y="304" T="0" Pressure="0"/>
        <Point X="414" Y="309" T="0" Pressure="0"/>
        <Point X="414" Y="321" T="0" Pressure="0"/>
        <Point X="414" Y="327" T="0" Pressure="0"/>
        <Point X="414" Y="333" T="0" Pressure="0"/>
        <Point X="414" Y="344" T="0" Pressure="0"/>
        <Point X="414" Y="349" T="0" Pressure="0"/>
        <Point X="415" Y="354" T="0" Pressure="0"/>
        <Point X="415" Y="361" T="0" Pressure="0"/>
        <Point X="416" Y="363" T="0" Pressure="0"/>
        <Point X="416" Y="366" T="0" Pressure="0"/>
        <Point X="416" Y="371" T="0" Pressure="0"/>
        <Point X="416" Y="372" T="0" Pressure="0"/>
        <Point X="416" Y="373" T="0" Pressure="0"/>
        <Point X="416" Y="377" T="0" Pressure="0"/>
        <Point X="416" Y="378" T="0" Pressure="0"/>
        <Point X="416" Y="379" T="0" Pressure="0"/>
        <Point X="416" Y="380" T="0" Pressure="0"/>
        <Point X="415" Y="380" T="0" Pressure="0"/>
        <Point X="415" Y="379" T="0" Pressure="0"/>
    </Stroke>
    <Stroke index="2">
        <Point X="400" Y="272" T="0" Pressure="0"/>
        <Point X="400" Y="271" T="0" Pressure="0"/>
        <Point X="400" Y="269" T="0" Pressure="0"/>
        <Point X="400" Y="268" T="0" Pressure="0"/>
        <Point X="400" Y="266" T="0" Pressure="0"/>
        <Point X="401" Y="265" T="0" Pressure="0"/>
        <Point X="404" Y="263" T="0" Pressure="0"/>
        <Point X="405" Y="263" T="0" Pressure="0"/>
        <Point X="411" Y="262" T="0" Pressure="0"/>
        <Point X="414" Y="262" T="0" Pressure="0"/>
        <Point X="417" Y="262" T="0" Pressure="0"/>
        <Point X="421" Y="262" T="0" Pressure="0"/>
        <Point X="425" Y="262" T="0" Pressure="0"/>
        <Point X="434" Y="264" T="0" Pressure="0"/>
        <Point X="438" Y="265" T="0" Pressure="0"/>
        <Point X="441" Y="267" T="0" Pressure="0"/>
        <Point X="445" Y="269" T="0" Pressure="0"/>
        <Point X="453" Y="276" T="0" Pressure="0"/>
        <Point X="455" Y="279" T="0" Pressure="0"/>
        <Point X="462" Y="288" T="0" Pressure="0"/>
        <Point X="464" Y="292" T="0" Pressure="0"/>
        <Point X="466" Y="297" T="0" Pressure="0"/>
        <Point X="469" Y="308" T="0" Pressure="0"/>
        <Point X="470" Y="313" T="0" Pressure="0"/>
        <Point X="470" Y="318" T="0" Pressure="0"/>
        <Point X="470" Y="328" T="0" Pressure="0"/>
        <Point X="470" Y="334" T="0" Pressure="0"/>
        <Point X="469" Y="338" T="0" Pressure="0"/>
        <Point X="467" Y="347" T="0" Pressure="0"/>
        <Point X="466" Y="351" T="0" Pressure="0"/>
        <Point X="464" Y="355" T="0" Pressure="0"/>
        <Point X="462" Y="359" T="0" Pressure="0"/>
        <Point X="460" Y="362" T="0" Pressure="0"/>
        <Point X="458" Y="364" T="0" Pressure="0"/>
        <Point X="455" Y="366" T="0" Pressure="0"/>
        <Point X="450" Y="371" T="0" Pressure="0"/>
        <Point X="447" Y="372" T="0" Pressure="0"/>
        <Point X="444" Y="373" T="0" Pressure="0"/>
        <Point X="438" Y="375" T="0" Pressure="0"/>
        <Point X="434" Y="376" T="0" Pressure="0"/>
        <Point X="430" Y="376" T="0" Pressure="0"/>
        <Point X="423" Y="376" T="0" Pressure="0"/>
        <Point X="419" Y="376" T="0" Pressure="0"/>
        <Point X="416" Y="375" T="0" Pressure="0"/>
        <Point X="409" Y="373" T="0" Pressure="0"/>
        <Point X="406" Y="372" T="0" Pressure="0"/>
        <Point X="405" Y="371" T="0" Pressure="0"/>
        <Point X="401" Y="369" T="0" Pressure="0"/>
        <Point X="399" Y="368" T="0" Pressure="0"/>
        <Point X="398" Y="368" T="0" Pressure="0"/>
        <Point X="396" Y="367" T="0" Pressure="0"/>
        <Point X="395" Y="366" T="0" Pressure="0"/>
    </Stroke>
</Gesture>
