<?xml version="1.0" ?>
<Gesture Name="six_point_star~09" Subject="2" Number="9" NumPts="228" InputType="stylus" Speed="MEDIUM">
    <Stroke index="1">
        <Point X="339" Y="334" T="0" Pressure="0"/>
        <Point X="338" Y="334" T="0" Pressure="0"/>
        <Point X="337" Y="334" T="0" Pressure="0"/>
        <Point X="336" Y="333" T="0" Pressure="0"/>
        <Point X="335" Y="333" T="0" Pressure="0"/>
        <Point X="335" Y="332" T="0" Pressure="0"/>
        <Point X="335" Y="331" T="0" Pressure="0"/>
        <Point X="335" Y="329" T="0" Pressure="0"/>
        <Point X="335" Y="327" T="0" Pressure="0"/>
        <Point X="335" Y="325" T="0" Pressure="0"/>
        <Point X="337" Y="321" T="0" Pressure="0"/>
        <Point X="338" Y="319" T="0" Pressure="0"/>
        <Point X="338" Y="316" T="0" Pressure="0"/>
        <Point X="340" Y="313" T="0" Pressure="0"/>
        <Point X="341" Y="311" T="0" Pressure="0"/>
        <Point X="342" Y="307" T="0" Pressure="0"/>
        <Point X="343" Y="303" T="0" Pressure="0"/>
        <Point X="345" Y="299" T="0" Pressure="0"/>
        <Point X="346" Y="294" T="0" Pressure="0"/>
        <Point X="348" Y="290" T="0" Pressure="0"/>
        <Point X="349" Y="285" T="0" Pressure="0"/>
        <Point X="352" Y="280" T="0" Pressure="0"/>
        <Point X="354" Y="274" T="0" Pressure="0"/>
        <Point X="356" Y="268" T="0" Pressure="0"/>
        <Point X="364" Y="252" T="0" Pressure="0"/>
        <Point X="366" Y="246" T="0" Pressure="0"/>
        <Point X="368" Y="241" T="0" Pressure="0"/>
        <Point X="371" Y="236" T="0" Pressure="0"/>
        <Point X="373" Y="231" T="0" Pressure="0"/>
        <Point X="375" Y="228" T="0" Pressure="0"/>
        <Point X="378" Y="224" T="0" Pressure="0"/>
        <Point X="379" Y="221" T="0" Pressure="0"/>
        <Point X="381" Y="219" T="0" Pressure="0"/>
        <Point X="383" Y="217" T="0" Pressure="0"/>
        <Point X="384" Y="215" T="0" Pressure="0"/>
        <Point X="384" Y="214" T="0" Pressure="0"/>
        <Point X="386" Y="214" T="0" Pressure="0"/>
        <Point X="387" Y="214" T="0" Pressure="0"/>
        <Point X="388" Y="215" T="0" Pressure="0"/>
        <Point X="389" Y="216" T="0" Pressure="0"/>
        <Point X="390" Y="217" T="0" Pressure="0"/>
        <Point X="391" Y="218" T="0" Pressure="0"/>
        <Point X="392" Y="220" T="0" Pressure="0"/>
        <Point X="394" Y="222" T="0" Pressure="0"/>
        <Point X="395" Y="224" T="0" Pressure="0"/>
        <Point X="397" Y="227" T="0" Pressure="0"/>
        <Point X="398" Y="229" T="0" Pressure="0"/>
        <Point X="401" Y="233" T="0" Pressure="0"/>
        <Point X="403" Y="236" T="0" Pressure="0"/>
        <Point X="405" Y="240" T="0" Pressure="0"/>
        <Point X="408" Y="243" T="0" Pressure="0"/>
        <Point X="410" Y="248" T="0" Pressure="0"/>
        <Point X="413" Y="253" T="0" Pressure="0"/>
        <Point X="415" Y="257" T="0" Pressure="0"/>
        <Point X="418" Y="263" T="0" Pressure="0"/>
        <Point X="421" Y="267" T="0" Pressure="0"/>
        <Point X="424" Y="271" T="0" Pressure="0"/>
        <Point X="426" Y="277" T="0" Pressure="0"/>
        <Point X="428" Y="282" T="0" Pressure="0"/>
        <Point X="431" Y="287" T="0" Pressure="0"/>
        <Point X="432" Y="291" T="0" Pressure="0"/>
        <Point X="434" Y="296" T="0" Pressure="0"/>
        <Point X="435" Y="299" T="0" Pressure="0"/>
        <Point X="437" Y="303" T="0" Pressure="0"/>
        <Point X="439" Y="307" T="0" Pressure="0"/>
        <Point X="439" Y="311" T="0" Pressure="0"/>
        <Point X="440" Y="314" T="0" Pressure="0"/>
        <Point X="442" Y="317" T="0" Pressure="0"/>
        <Point X="442" Y="320" T="0" Pressure="0"/>
        <Point X="442" Y="323" T="0" Pressure="0"/>
        <Point X="443" Y="326" T="0" Pressure="0"/>
        <Point X="443" Y="329" T="0" Pressure="0"/>
        <Point X="443" Y="332" T="0" Pressure="0"/>
        <Point X="443" Y="334" T="0" Pressure="0"/>
        <Point X="443" Y="336" T="0" Pressure="0"/>
        <Point X="443" Y="337" T="0" Pressure="0"/>
        <Point X="442" Y="338" T="0" Pressure="0"/>
        <Point X="442" Y="339" T="0" Pressure="0"/>
        <Point X="441" Y="340" T="0" Pressure="0"/>
        <Point X="440" Y="341" T="0" Pressure="0"/>
        <Point X="439" Y="342" T="0" Pressure="0"/>
        <Point X="438" Y="342" T="0" Pressure="0"/>
        <Point X="436" Y="343" T="0" Pressure="0"/>
        <Point X="434" Y="343" T="0" Pressure="0"/>
        <Point X="432" Y="344" T="0" Pressure="0"/>
        <Point X="429" Y="344" T="0" Pressure="0"/>
        <Point X="426" Y="344" T="0" Pressure="0"/>
        <Point X="423" Y="344" T="0" Pressure="0"/>
        <Point X="420" Y="344" T="0" Pressure="0"/>
        <Point X="416" Y="344" T="0" Pressure="0"/>
        <Point X="411" Y="343" T="0" Pressure="0"/>
        <Point X="407" Y="342" T="0" Pressure="0"/>
        <Point X="402" Y="341" T="0" Pressure="0"/>
        <Point X="397" Y="340" T="0" Pressure="0"/>
        <Point X="392" Y="340" T="0" Pressure="0"/>
        <Point X="386" Y="339" T="0" Pressure="0"/>
        <Point X="380" Y="338" T="0" Pressure="0"/>
        <Point X="375" Y="338" T="0" Pressure="0"/>
        <Point X="371" Y="337" T="0" Pressure="0"/>
        <Point X="366" Y="336" T="0" Pressure="0"/>
        <Point X="362" Y="336" T="0" Pressure="0"/>
        <Point X="358" Y="335" T="0" Pressure="0"/>
        <Point X="354" Y="335" T="0" Pressure="0"/>
        <Point X="351" Y="334" T="0" Pressure="0"/>
        <Point X="349" Y="334" T="0" Pressure="0"/>
        <Point X="346" Y="334" T="0" Pressure="0"/>
        <Point X="344" Y="334" T="0" Pressure="0"/>
        <Point X="342" Y="334" T="0" Pressure="0"/>
        <Point X="341" Y="334" T="0" Pressure="0"/>
        <Point X="340" Y="334" T="0" Pressure="0"/>
        <Point X="338" Y="334" T="0" Pressure="0"/>
        <Point X="337" Y="335" T="0" Pressure="0"/>
    </Stroke>
    <Stroke index="2">
        <Point X="323" Y="268" T="0" Pressure="0"/>
        <Point X="322" Y="266" T="0" Pressure="0"/>
        <Point X="322" Y="265" T="0" Pressure="0"/>
        <Point X="321" Y="263" T="0" Pressure="0"/>
        <Point X="321" Y="262" T="0" Pressure="0"/>
        <Point X="321" Y="261" T="0" Pressure="0"/>
        <Point X="322" Y="261" T="0" Pressure="0"/>
        <Point X="323" Y="261" T="0" Pressure="0"/>
        <Point X="325" Y="261" T="0" Pressure="0"/>
        <Point X="326" Y="262" T="0" Pressure="0"/>
        <Point X="329" Y="264" T="0" Pressure="0"/>
        <Point X="330" Y="266" T="0" Pressure="0"/>
        <Point X="333" Y="268" T="0" Pressure="0"/>
        <Point X="335" Y="271" T="0" Pressure="0"/>
        <Point X="338" Y="274" T="0" Pressure="0"/>
        <Point X="340" Y="279" T="0" Pressure="0"/>
        <Point X="343" Y="284" T="0" Pressure="0"/>
        <Point X="345" Y="289" T="0" Pressure="0"/>
        <Point X="349" Y="294" T="0" Pressure="0"/>
        <Point X="351" Y="301" T="0" Pressure="0"/>
        <Point X="353" Y="307" T="0" Pressure="0"/>
        <Point X="356" Y="314" T="0" Pressure="0"/>
        <Point X="358" Y="321" T="0" Pressure="0"/>
        <Point X="360" Y="327" T="0" Pressure="0"/>
        <Point X="363" Y="335" T="0" Pressure="0"/>
        <Point X="364" Y="340" T="0" Pressure="0"/>
        <Point X="367" Y="346" T="0" Pressure="0"/>
        <Point X="371" Y="357" T="0" Pressure="0"/>
        <Point X="372" Y="362" T="0" Pressure="0"/>
        <Point X="375" Y="366" T="0" Pressure="0"/>
        <Point X="376" Y="371" T="0" Pressure="0"/>
        <Point X="378" Y="374" T="0" Pressure="0"/>
        <Point X="379" Y="377" T="0" Pressure="0"/>
        <Point X="381" Y="381" T="0" Pressure="0"/>
        <Point X="383" Y="383" T="0" Pressure="0"/>
        <Point X="384" Y="385" T="0" Pressure="0"/>
        <Point X="386" Y="387" T="0" Pressure="0"/>
        <Point X="387" Y="388" T="0" Pressure="0"/>
        <Point X="388" Y="388" T="0" Pressure="0"/>
        <Point X="389" Y="388" T="0" Pressure="0"/>
        <Point X="390" Y="388" T="0" Pressure="0"/>
        <Point X="391" Y="388" T="0" Pressure="0"/>
        <Point X="393" Y="388" T="0" Pressure="0"/>
        <Point X="394" Y="387" T="0" Pressure="0"/>
        <Point X="395" Y="386" T="0" Pressure="0"/>
        <Point X="397" Y="384" T="0" Pressure="0"/>
        <Point X="398" Y="382" T="0" Pressure="0"/>
        <Point X="400" Y="379" T="0" Pressure="0"/>
        <Point X="402" Y="377" T="0" Pressure="0"/>
        <Point X="404" Y="373" T="0" Pressure="0"/>
        <Point X="405" Y="369" T="0" Pressure="0"/>
        <Point X="408" Y="366" T="0" Pressure="0"/>
        <Point X="409" Y="362" T="0" Pressure="0"/>
        <Point X="412" Y="357" T="0" Pressure="0"/>
        <Point X="414" Y="352" T="0" Pressure="0"/>
        <Point X="417" Y="347" T="0" Pressure="0"/>
        <Point X="420" Y="341" T="0" Pressure="0"/>
        <Point X="423" Y="336" T="0" Pressure="0"/>
        <Point X="425" Y="329" T="0" Pressure="0"/>
        <Point X="428" Y="322" T="0" Pressure="0"/>
        <Point X="432" Y="316" T="0" Pressure="0"/>
        <Point X="435" Y="310" T="0" Pressure="0"/>
        <Point X="438" Y="303" T="0" Pressure="0"/>
        <Point X="440" Y="297" T="0" Pressure="0"/>
        <Point X="443" Y="291" T="0" Pressure="0"/>
        <Point X="447" Y="284" T="0" Pressure="0"/>
        <Point X="448" Y="280" T="0" Pressure="0"/>
        <Point X="451" Y="276" T="0" Pressure="0"/>
        <Point X="454" Y="271" T="0" Pressure="0"/>
        <Point X="455" Y="267" T="0" Pressure="0"/>
        <Point X="458" Y="264" T="0" Pressure="0"/>
        <Point X="459" Y="262" T="0" Pressure="0"/>
        <Point X="460" Y="259" T="0" Pressure="0"/>
        <Point X="461" Y="259" T="0" Pressure="0"/>
        <Point X="462" Y="258" T="0" Pressure="0"/>
        <Point X="462" Y="257" T="0" Pressure="0"/>
        <Point X="461" Y="257" T="0" Pressure="0"/>
        <Point X="460" Y="257" T="0" Pressure="0"/>
        <Point X="458" Y="257" T="0" Pressure="0"/>
        <Point X="457" Y="257" T="0" Pressure="0"/>
        <Point X="454" Y="257" T="0" Pressure="0"/>
        <Point X="451" Y="257" T="0" Pressure="0"/>
        <Point X="445" Y="257" T="0" Pressure="0"/>
        <Point X="442" Y="257" T="0" Pressure="0"/>
        <Point X="438" Y="256" T="0" Pressure="0"/>
        <Point X="434" Y="256" T="0" Pressure="0"/>
        <Point X="429" Y="256" T="0" Pressure="0"/>
        <Point X="424" Y="256" T="0" Pressure="0"/>
        <Point X="418" Y="256" T="0" Pressure="0"/>
        <Point X="413" Y="256" T="0" Pressure="0"/>
        <Point X="406" Y="256" T="0" Pressure="0"/>
        <Point X="399" Y="256" T="0" Pressure="0"/>
        <Point X="393" Y="256" T="0" Pressure="0"/>
        <Point X="386" Y="256" T="0" Pressure="0"/>
        <Point X="379" Y="256" T="0" Pressure="0"/>
        <Point X="374" Y="256" T="0" Pressure="0"/>
        <Point X="368" Y="256" T="0" Pressure="0"/>
        <Point X="362" Y="256" T="0" Pressure="0"/>
        <Point X="357" Y="256" T="0" Pressure="0"/>
        <Point X="351" Y="256" T="0" Pressure="0"/>
        <Point X="347" Y="256" T="0" Pressure="0"/>
        <Point X="342" Y="256" T="0" Pressure="0"/>
        <Point X="338" Y="256" T="0" Pressure="0"/>
        <Point X="335" Y="256" T="0" Pressure="0"/>
        <Point X="331" Y="256" T="0" Pressure="0"/>
        <Point X="328" Y="257" T="0" Pressure="0"/>
        <Point X="326" Y="257" T="0" Pressure="0"/>
        <Point X="323" Y="257" T="0" Pressure="0"/>
        <Point X="322" Y="257" T="0" Pressure="0"/>
        <Point X="319" Y="258" T="0" Pressure="0"/>
        <Point X="317" Y="259" T="0" Pressure="0"/>
        <Point X="316" Y="259" T="0" Pressure="0"/>
        <Point X="316" Y="261" T="0" Pressure="0"/>
        <Point X="316" Y="262" T="0" Pressure="0"/>
        <Point X="316" Y="263" T="0" Pressure="0"/>
        <Point X="318" Y="264" T="0" Pressure="0"/>
    </Stroke>
</Gesture>
