<?xml version="1.0" ?>
<Gesture Name="null~04" Subject="2" Number="4" NumPts="115" InputType="stylus" Speed="MEDIUM">
    <Stroke index="1">
        <Point X="384" Y="247" T="0" Pressure="0"/>
        <Point X="382" Y="248" T="0" Pressure="0"/>
        <Point X="379" Y="249" T="0" Pressure="0"/>
        <Point X="377" Y="251" T="0" Pressure="0"/>
        <Point X="375" Y="252" T="0" Pressure="0"/>
        <Point X="372" Y="253" T="0" Pressure="0"/>
        <Point X="370" Y="256" T="0" Pressure="0"/>
        <Point X="368" Y="258" T="0" Pressure="0"/>
        <Point X="363" Y="264" T="0" Pressure="0"/>
        <Point X="360" Y="268" T="0" Pressure="0"/>
        <Point X="358" Y="271" T="0" Pressure="0"/>
        <Point X="355" Y="279" T="0" Pressure="0"/>
        <Point X="353" Y="284" T="0" Pressure="0"/>
        <Point X="352" Y="289" T="0" Pressure="0"/>
        <Point X="350" Y="293" T="0" Pressure="0"/>
        <Point X="350" Y="297" T="0" Pressure="0"/>
        <Point X="350" Y="302" T="0" Pressure="0"/>
        <Point X="350" Y="306" T="0" Pressure="0"/>
        <Point X="350" Y="310" T="0" Pressure="0"/>
        <Point X="352" Y="313" T="0" Pressure="0"/>
        <Point X="353" Y="317" T="0" Pressure="0"/>
        <Point X="356" Y="320" T="0" Pressure="0"/>
        <Point X="358" Y="322" T="0" Pressure="0"/>
        <Point X="360" Y="325" T="0" Pressure="0"/>
        <Point X="363" Y="327" T="0" Pressure="0"/>
        <Point X="366" Y="329" T="0" Pressure="0"/>
        <Point X="369" Y="332" T="0" Pressure="0"/>
        <Point X="372" Y="333" T="0" Pressure="0"/>
        <Point X="375" Y="335" T="0" Pressure="0"/>
        <Point X="378" Y="336" T="0" Pressure="0"/>
        <Point X="382" Y="336" T="0" Pressure="0"/>
        <Point X="385" Y="337" T="0" Pressure="0"/>
        <Point X="389" Y="337" T="0" Pressure="0"/>
        <Point X="392" Y="337" T="0" Pressure="0"/>
        <Point X="395" Y="336" T="0" Pressure="0"/>
        <Point X="399" Y="335" T="0" Pressure="0"/>
        <Point X="404" Y="333" T="0" Pressure="0"/>
        <Point X="407" Y="331" T="0" Pressure="0"/>
        <Point X="412" Y="328" T="0" Pressure="0"/>
        <Point X="415" Y="326" T="0" Pressure="0"/>
        <Point X="418" Y="322" T="0" Pressure="0"/>
        <Point X="421" Y="319" T="0" Pressure="0"/>
        <Point X="424" Y="316" T="0" Pressure="0"/>
        <Point X="427" Y="313" T="0" Pressure="0"/>
        <Point X="429" Y="310" T="0" Pressure="0"/>
        <Point X="431" Y="307" T="0" Pressure="0"/>
        <Point X="432" Y="303" T="0" Pressure="0"/>
        <Point X="433" Y="299" T="0" Pressure="0"/>
        <Point X="434" Y="294" T="0" Pressure="0"/>
        <Point X="434" Y="290" T="0" Pressure="0"/>
        <Point X="433" Y="285" T="0" Pressure="0"/>
        <Point X="432" Y="281" T="0" Pressure="0"/>
        <Point X="430" Y="277" T="0" Pressure="0"/>
        <Point X="428" Y="272" T="0" Pressure="0"/>
        <Point X="425" Y="269" T="0" Pressure="0"/>
        <Point X="421" Y="265" T="0" Pressure="0"/>
        <Point X="418" Y="262" T="0" Pressure="0"/>
        <Point X="415" Y="260" T="0" Pressure="0"/>
        <Point X="412" Y="258" T="0" Pressure="0"/>
        <Point X="408" Y="256" T="0" Pressure="0"/>
        <Point X="404" Y="254" T="0" Pressure="0"/>
        <Point X="400" Y="253" T="0" Pressure="0"/>
        <Point X="396" Y="253" T="0" Pressure="0"/>
        <Point X="392" Y="253" T="0" Pressure="0"/>
        <Point X="389" Y="253" T="0" Pressure="0"/>
        <Point X="384" Y="253" T="0" Pressure="0"/>
        <Point X="381" Y="254" T="0" Pressure="0"/>
        <Point X="378" Y="255" T="0" Pressure="0"/>
        <Point X="375" Y="256" T="0" Pressure="0"/>
        <Point X="372" Y="257" T="0" Pressure="0"/>
        <Point X="370" Y="259" T="0" Pressure="0"/>
        <Point X="368" Y="260" T="0" Pressure="0"/>
        <Point X="367" Y="262" T="0" Pressure="0"/>
    </Stroke>
    <Stroke index="2">
        <Point X="471" Y="214" T="0" Pressure="0"/>
        <Point X="470" Y="213" T="0" Pressure="0"/>
        <Point X="469" Y="212" T="0" Pressure="0"/>
        <Point X="468" Y="212" T="0" Pressure="0"/>
        <Point X="465" Y="212" T="0" Pressure="0"/>
        <Point X="463" Y="213" T="0" Pressure="0"/>
        <Point X="458" Y="216" T="0" Pressure="0"/>
        <Point X="455" Y="219" T="0" Pressure="0"/>
        <Point X="451" Y="221" T="0" Pressure="0"/>
        <Point X="447" Y="225" T="0" Pressure="0"/>
        <Point X="443" Y="228" T="0" Pressure="0"/>
        <Point X="438" Y="232" T="0" Pressure="0"/>
        <Point X="433" Y="237" T="0" Pressure="0"/>
        <Point X="428" Y="241" T="0" Pressure="0"/>
        <Point X="421" Y="247" T="0" Pressure="0"/>
        <Point X="414" Y="253" T="0" Pressure="0"/>
        <Point X="409" Y="259" T="0" Pressure="0"/>
        <Point X="402" Y="265" T="0" Pressure="0"/>
        <Point X="395" Y="272" T="0" Pressure="0"/>
        <Point X="389" Y="278" T="0" Pressure="0"/>
        <Point X="382" Y="286" T="0" Pressure="0"/>
        <Point X="375" Y="292" T="0" Pressure="0"/>
        <Point X="368" Y="298" T="0" Pressure="0"/>
        <Point X="362" Y="304" T="0" Pressure="0"/>
        <Point X="356" Y="311" T="0" Pressure="0"/>
        <Point X="350" Y="316" T="0" Pressure="0"/>
        <Point X="345" Y="321" T="0" Pressure="0"/>
        <Point X="340" Y="327" T="0" Pressure="0"/>
        <Point X="336" Y="331" T="0" Pressure="0"/>
        <Point X="333" Y="335" T="0" Pressure="0"/>
        <Point X="330" Y="338" T="0" Pressure="0"/>
        <Point X="326" Y="341" T="0" Pressure="0"/>
        <Point X="324" Y="344" T="0" Pressure="0"/>
        <Point X="322" Y="347" T="0" Pressure="0"/>
        <Point X="320" Y="349" T="0" Pressure="0"/>
        <Point X="319" Y="351" T="0" Pressure="0"/>
        <Point X="318" Y="352" T="0" Pressure="0"/>
        <Point X="316" Y="354" T="0" Pressure="0"/>
        <Point X="315" Y="355" T="0" Pressure="0"/>
        <Point X="315" Y="356" T="0" Pressure="0"/>
        <Point X="314" Y="356" T="0" Pressure="0"/>
        <Point X="313" Y="356" T="0" Pressure="0"/>
    </Stroke>
</Gesture>
