<?xml version="1.0" ?>
<Gesture Name="arrowhead~02" Subject="2" Number="2" NumPts="123" InputType="stylus" Speed="MEDIUM">
    <Stroke index="1">
        <Point X="280" Y="341" T="0" Pressure="0"/>
        <Point X="282" Y="341" T="0" Pressure="0"/>
        <Point X="285" Y="341" T="0" Pressure="0"/>
        <Point X="288" Y="340" T="0" Pressure="0"/>
        <Point X="291" Y="339" T="0" Pressure="0"/>
        <Point X="295" Y="339" T="0" Pressure="0"/>
        <Point X="299" Y="339" T="0" Pressure="0"/>
        <Point X="304" Y="338" T="0" Pressure="0"/>
        <Point X="310" Y="338" T="0" Pressure="0"/>
        <Point X="315" Y="338" T="0" Pressure="0"/>
        <Point X="322" Y="338" T="0" Pressure="0"/>
        <Point X="327" Y="338" T="0" Pressure="0"/>
        <Point X="334" Y="338" T="0" Pressure="0"/>
        <Point X="341" Y="338" T="0" Pressure="0"/>
        <Point X="349" Y="338" T="0" Pressure="0"/>
        <Point X="356" Y="338" T="0" Pressure="0"/>
        <Point X="364" Y="338" T="0" Pressure="0"/>
        <Point X="371" Y="338" T="0" Pressure="0"/>
        <Point X="379" Y="337" T="0" Pressure="0"/>
        <Point X="386" Y="337" T="0" Pressure="0"/>
        <Point X="394" Y="337" T="0" Pressure="0"/>
        <Point X="402" Y="337" T="0" Pressure="0"/>
        <Point X="409" Y="337" T="0" Pressure="0"/>
        <Point X="417" Y="337" T="0" Pressure="0"/>
        <Point X="424" Y="336" T="0" Pressure="0"/>
        <Point X="430" Y="336" T="0" Pressure="0"/>
        <Point X="436" Y="336" T="0" Pressure="0"/>
        <Point X="443" Y="336" T="0" Pressure="0"/>
        <Point X="448" Y="336" T="0" Pressure="0"/>
        <Point X="454" Y="336" T="0" Pressure="0"/>
        <Point X="459" Y="335" T="0" Pressure="0"/>
        <Point X="463" Y="335" T="0" Pressure="0"/>
        <Point X="468" Y="335" T="0" Pressure="0"/>
        <Point X="473" Y="335" T="0" Pressure="0"/>
        <Point X="476" Y="335" T="0" Pressure="0"/>
        <Point X="479" Y="335" T="0" Pressure="0"/>
        <Point X="482" Y="335" T="0" Pressure="0"/>
        <Point X="484" Y="335" T="0" Pressure="0"/>
        <Point X="487" Y="335" T="0" Pressure="0"/>
        <Point X="489" Y="335" T="0" Pressure="0"/>
        <Point X="490" Y="335" T="0" Pressure="0"/>
    </Stroke>
    <Stroke index="2">
        <Point X="436" Y="264" T="0" Pressure="0"/>
        <Point X="434" Y="263" T="0" Pressure="0"/>
        <Point X="432" Y="263" T="0" Pressure="0"/>
        <Point X="431" Y="262" T="0" Pressure="0"/>
        <Point X="431" Y="263" T="0" Pressure="0"/>
        <Point X="432" Y="263" T="0" Pressure="0"/>
        <Point X="432" Y="264" T="0" Pressure="0"/>
        <Point X="434" Y="266" T="0" Pressure="0"/>
        <Point X="435" Y="267" T="0" Pressure="0"/>
        <Point X="436" Y="268" T="0" Pressure="0"/>
        <Point X="438" Y="269" T="0" Pressure="0"/>
        <Point X="439" Y="271" T="0" Pressure="0"/>
        <Point X="444" Y="275" T="0" Pressure="0"/>
        <Point X="450" Y="279" T="0" Pressure="0"/>
        <Point X="454" Y="283" T="0" Pressure="0"/>
        <Point X="458" Y="285" T="0" Pressure="0"/>
        <Point X="461" Y="289" T="0" Pressure="0"/>
        <Point X="465" Y="291" T="0" Pressure="0"/>
        <Point X="469" Y="295" T="0" Pressure="0"/>
        <Point X="473" Y="298" T="0" Pressure="0"/>
        <Point X="477" Y="303" T="0" Pressure="0"/>
        <Point X="479" Y="306" T="0" Pressure="0"/>
        <Point X="481" Y="309" T="0" Pressure="0"/>
        <Point X="484" Y="312" T="0" Pressure="0"/>
        <Point X="487" Y="314" T="0" Pressure="0"/>
        <Point X="488" Y="317" T="0" Pressure="0"/>
        <Point X="491" Y="320" T="0" Pressure="0"/>
        <Point X="493" Y="322" T="0" Pressure="0"/>
        <Point X="495" Y="324" T="0" Pressure="0"/>
        <Point X="498" Y="326" T="0" Pressure="0"/>
        <Point X="499" Y="327" T="0" Pressure="0"/>
        <Point X="502" Y="329" T="0" Pressure="0"/>
        <Point X="504" Y="331" T="0" Pressure="0"/>
        <Point X="507" Y="332" T="0" Pressure="0"/>
        <Point X="508" Y="333" T="0" Pressure="0"/>
        <Point X="511" Y="334" T="0" Pressure="0"/>
        <Point X="512" Y="335" T="0" Pressure="0"/>
        <Point X="514" Y="336" T="0" Pressure="0"/>
        <Point X="515" Y="337" T="0" Pressure="0"/>
        <Point X="517" Y="338" T="0" Pressure="0"/>
        <Point X="518" Y="338" T="0" Pressure="0"/>
        <Point X="518" Y="339" T="0" Pressure="0"/>
        <Point X="518" Y="340" T="0" Pressure="0"/>
        <Point X="519" Y="341" T="0" Pressure="0"/>
        <Point X="519" Y="342" T="0" Pressure="0"/>
        <Point X="518" Y="342" T="0" Pressure="0"/>
        <Point X="518" Y="343" T="0" Pressure="0"/>
        <Point X="517" Y="343" T="0" Pressure="0"/>
        <Point X="515" Y="344" T="0" Pressure="0"/>
        <Point X="514" Y="345" T="0" Pressure="0"/>
        <Point X="513" Y="346" T="0" Pressure="0"/>
        <Point X="511" Y="346" T="0" Pressure="0"/>
        <Point X="510" Y="347" T="0" Pressure="0"/>
        <Point X="508" Y="348" T="0" Pressure="0"/>
        <Point X="507" Y="349" T="0" Pressure="0"/>
        <Point X="504" Y="351" T="0" Pressure="0"/>
        <Point X="503" Y="352" T="0" Pressure="0"/>
        <Point X="500" Y="355" T="0" Pressure="0"/>
        <Point X="498" Y="357" T="0" Pressure="0"/>
        <Point X="496" Y="359" T="0" Pressure="0"/>
        <Point X="492" Y="360" T="0" Pressure="0"/>
        <Point X="489" Y="363" T="0" Pressure="0"/>
        <Point X="487" Y="364" T="0" Pressure="0"/>
        <Point X="484" Y="366" T="0" Pressure="0"/>
        <Point X="481" Y="367" T="0" Pressure="0"/>
        <Point X="478" Y="369" T="0" Pressure="0"/>
        <Point X="476" Y="371" T="0" Pressure="0"/>
        <Point X="472" Y="374" T="0" Pressure="0"/>
        <Point X="469" Y="376" T="0" Pressure="0"/>
        <Point X="466" Y="378" T="0" Pressure="0"/>
        <Point X="463" Y="380" T="0" Pressure="0"/>
        <Point X="461" Y="383" T="0" Pressure="0"/>
        <Point X="458" Y="385" T="0" Pressure="0"/>
        <Point X="455" Y="387" T="0" Pressure="0"/>
        <Point X="454" Y="389" T="0" Pressure="0"/>
        <Point X="453" Y="392" T="0" Pressure="0"/>
        <Point X="451" Y="394" T="0" Pressure="0"/>
        <Point X="450" Y="397" T="0" Pressure="0"/>
        <Point X="450" Y="399" T="0" Pressure="0"/>
        <Point X="450" Y="402" T="0" Pressure="0"/>
        <Point X="449" Y="403" T="0" Pressure="0"/>
        <Point X="449" Y="405" T="0" Pressure="0"/>
    </Stroke>
</Gesture>
