<?xml version="1.0" ?>
<Gesture Name="I~10" Subject="2" Number="10" NumPts="99" InputType="stylus" Speed="MEDIUM">
    <Stroke index="1">
        <Point X="344" Y="275" T="0" Pressure="0"/>
        <Point X="345" Y="272" T="0" Pressure="0"/>
        <Point X="346" Y="271" T="0" Pressure="0"/>
        <Point X="348" Y="270" T="0" Pressure="0"/>
        <Point X="353" Y="267" T="0" Pressure="0"/>
        <Point X="357" Y="265" T="0" Pressure="0"/>
        <Point X="361" Y="264" T="0" Pressure="0"/>
        <Point X="367" Y="262" T="0" Pressure="0"/>
        <Point X="372" Y="261" T="0" Pressure="0"/>
        <Point X="379" Y="259" T="0" Pressure="0"/>
        <Point X="386" Y="257" T="0" Pressure="0"/>
        <Point X="394" Y="254" T="0" Pressure="0"/>
        <Point X="401" Y="253" T="0" Pressure="0"/>
        <Point X="408" Y="252" T="0" Pressure="0"/>
        <Point X="414" Y="250" T="0" Pressure="0"/>
        <Point X="420" Y="249" T="0" Pressure="0"/>
        <Point X="427" Y="248" T="0" Pressure="0"/>
        <Point X="433" Y="248" T="0" Pressure="0"/>
        <Point X="438" Y="248" T="0" Pressure="0"/>
        <Point X="447" Y="248" T="0" Pressure="0"/>
        <Point X="450" Y="248" T="0" Pressure="0"/>
        <Point X="454" Y="248" T="0" Pressure="0"/>
        <Point X="457" Y="249" T="0" Pressure="0"/>
        <Point X="458" Y="249" T="0" Pressure="0"/>
        <Point X="460" Y="250" T="0" Pressure="0"/>
        <Point X="461" Y="251" T="0" Pressure="0"/>
        <Point X="462" Y="252" T="0" Pressure="0"/>
    </Stroke>
    <Stroke index="2">
        <Point X="417" Y="261" T="0" Pressure="0"/>
        <Point X="416" Y="259" T="0" Pressure="0"/>
        <Point X="416" Y="258" T="0" Pressure="0"/>
        <Point X="416" Y="257" T="0" Pressure="0"/>
        <Point X="416" Y="258" T="0" Pressure="0"/>
        <Point X="417" Y="259" T="0" Pressure="0"/>
        <Point X="417" Y="261" T="0" Pressure="0"/>
        <Point X="417" Y="262" T="0" Pressure="0"/>
        <Point X="417" Y="264" T="0" Pressure="0"/>
        <Point X="418" Y="266" T="0" Pressure="0"/>
        <Point X="418" Y="268" T="0" Pressure="0"/>
        <Point X="418" Y="271" T="0" Pressure="0"/>
        <Point X="419" Y="274" T="0" Pressure="0"/>
        <Point X="419" Y="278" T="0" Pressure="0"/>
        <Point X="418" Y="283" T="0" Pressure="0"/>
        <Point X="417" Y="288" T="0" Pressure="0"/>
        <Point X="416" Y="298" T="0" Pressure="0"/>
        <Point X="414" Y="304" T="0" Pressure="0"/>
        <Point X="413" Y="310" T="0" Pressure="0"/>
        <Point X="413" Y="314" T="0" Pressure="0"/>
        <Point X="412" Y="320" T="0" Pressure="0"/>
        <Point X="411" Y="324" T="0" Pressure="0"/>
        <Point X="410" Y="328" T="0" Pressure="0"/>
        <Point X="410" Y="332" T="0" Pressure="0"/>
        <Point X="410" Y="335" T="0" Pressure="0"/>
        <Point X="410" Y="341" T="0" Pressure="0"/>
        <Point X="410" Y="343" T="0" Pressure="0"/>
        <Point X="410" Y="346" T="0" Pressure="0"/>
        <Point X="410" Y="347" T="0" Pressure="0"/>
        <Point X="410" Y="349" T="0" Pressure="0"/>
        <Point X="410" Y="352" T="0" Pressure="0"/>
        <Point X="410" Y="353" T="0" Pressure="0"/>
        <Point X="410" Y="355" T="0" Pressure="0"/>
        <Point X="410" Y="356" T="0" Pressure="0"/>
        <Point X="409" Y="358" T="0" Pressure="0"/>
    </Stroke>
    <Stroke index="3">
        <Point X="350" Y="384" T="0" Pressure="0"/>
        <Point X="349" Y="383" T="0" Pressure="0"/>
        <Point X="348" Y="382" T="0" Pressure="0"/>
        <Point X="348" Y="381" T="0" Pressure="0"/>
        <Point X="349" Y="380" T="0" Pressure="0"/>
        <Point X="351" Y="380" T="0" Pressure="0"/>
        <Point X="353" Y="379" T="0" Pressure="0"/>
        <Point X="356" Y="378" T="0" Pressure="0"/>
        <Point X="359" Y="378" T="0" Pressure="0"/>
        <Point X="363" Y="377" T="0" Pressure="0"/>
        <Point X="367" Y="377" T="0" Pressure="0"/>
        <Point X="372" Y="376" T="0" Pressure="0"/>
        <Point X="379" Y="376" T="0" Pressure="0"/>
        <Point X="384" Y="375" T="0" Pressure="0"/>
        <Point X="391" Y="375" T="0" Pressure="0"/>
        <Point X="398" Y="374" T="0" Pressure="0"/>
        <Point X="404" Y="373" T="0" Pressure="0"/>
        <Point X="409" Y="373" T="0" Pressure="0"/>
        <Point X="415" Y="373" T="0" Pressure="0"/>
        <Point X="420" Y="374" T="0" Pressure="0"/>
        <Point X="425" Y="374" T="0" Pressure="0"/>
        <Point X="429" Y="374" T="0" Pressure="0"/>
        <Point X="433" Y="374" T="0" Pressure="0"/>
        <Point X="436" Y="374" T="0" Pressure="0"/>
        <Point X="440" Y="374" T="0" Pressure="0"/>
        <Point X="443" Y="373" T="0" Pressure="0"/>
        <Point X="446" Y="373" T="0" Pressure="0"/>
        <Point X="448" Y="373" T="0" Pressure="0"/>
        <Point X="450" Y="372" T="0" Pressure="0"/>
        <Point X="451" Y="372" T="0" Pressure="0"/>
        <Point X="453" Y="372" T="0" Pressure="0"/>
        <Point X="454" Y="372" T="0" Pressure="0"/>
        <Point X="455" Y="372" T="0" Pressure="0"/>
        <Point X="456" Y="372" T="0" Pressure="0"/>
        <Point X="457" Y="372" T="0" Pressure="0"/>
        <Point X="455" Y="372" T="0" Pressure="0"/>
        <Point X="454" Y="372" T="0" Pressure="0"/>
    </Stroke>
</Gesture>
