<?xml version="1.0" ?>
<Gesture Name="line~01" Subject="2" Number="1" NumPts="38" InputType="stylus" Speed="MEDIUM">
    <Stroke index="1">
        <Point X="301" Y="310" T="0" Pressure="0"/>
        <Point X="303" Y="310" T="0" Pressure="0"/>
        <Point X="304" Y="309" T="0" Pressure="0"/>
        <Point X="305" Y="309" T="0" Pressure="0"/>
        <Point X="308" Y="309" T="0" Pressure="0"/>
        <Point X="311" Y="308" T="0" Pressure="0"/>
        <Point X="315" Y="308" T="0" Pressure="0"/>
        <Point X="324" Y="307" T="0" Pressure="0"/>
        <Point X="330" Y="306" T="0" Pressure="0"/>
        <Point X="335" Y="305" T="0" Pressure="0"/>
        <Point X="348" Y="304" T="0" Pressure="0"/>
        <Point X="355" Y="303" T="0" Pressure="0"/>
        <Point X="362" Y="303" T="0" Pressure="0"/>
        <Point X="371" Y="302" T="0" Pressure="0"/>
        <Point X="378" Y="301" T="0" Pressure="0"/>
        <Point X="394" Y="300" T="0" Pressure="0"/>
        <Point X="402" Y="299" T="0" Pressure="0"/>
        <Point X="410" Y="298" T="0" Pressure="0"/>
        <Point X="420" Y="298" T="0" Pressure="0"/>
        <Point X="428" Y="298" T="0" Pressure="0"/>
        <Point X="435" Y="297" T="0" Pressure="0"/>
        <Point X="443" Y="297" T="0" Pressure="0"/>
        <Point X="451" Y="297" T="0" Pressure="0"/>
        <Point X="458" Y="296" T="0" Pressure="0"/>
        <Point X="466" Y="296" T="0" Pressure="0"/>
        <Point X="472" Y="296" T="0" Pressure="0"/>
        <Point X="477" Y="296" T="0" Pressure="0"/>
        <Point X="484" Y="296" T="0" Pressure="0"/>
        <Point X="489" Y="295" T="0" Pressure="0"/>
        <Point X="494" Y="294" T="0" Pressure="0"/>
        <Point X="499" Y="294" T="0" Pressure="0"/>
        <Point X="504" Y="294" T="0" Pressure="0"/>
        <Point X="508" Y="294" T="0" Pressure="0"/>
        <Point X="512" Y="294" T="0" Pressure="0"/>
        <Point X="515" Y="294" T="0" Pressure="0"/>
        <Point X="518" Y="294" T="0" Pressure="0"/>
        <Point X="521" Y="295" T="0" Pressure="0"/>
        <Point X="523" Y="296" T="0" Pressure="0"/>
    </Stroke>
</Gesture>
