<?xml version="1.0" ?>
<Gesture Name="pitchfork~03" Subject="2" Number="3" NumPts="113" InputType="stylus" Speed="MEDIUM">
    <Stroke index="1">
        <Point X="333" Y="188" T="0" Pressure="0"/>
        <Point X="331" Y="189" T="0" Pressure="0"/>
        <Point X="328" Y="190" T="0" Pressure="0"/>
        <Point X="326" Y="192" T="0" Pressure="0"/>
        <Point X="326" Y="193" T="0" Pressure="0"/>
        <Point X="325" Y="196" T="0" Pressure="0"/>
        <Point X="323" Y="198" T="0" Pressure="0"/>
        <Point X="323" Y="201" T="0" Pressure="0"/>
        <Point X="322" Y="204" T="0" Pressure="0"/>
        <Point X="322" Y="208" T="0" Pressure="0"/>
        <Point X="321" Y="212" T="0" Pressure="0"/>
        <Point X="321" Y="216" T="0" Pressure="0"/>
        <Point X="321" Y="221" T="0" Pressure="0"/>
        <Point X="321" Y="226" T="0" Pressure="0"/>
        <Point X="321" Y="231" T="0" Pressure="0"/>
        <Point X="323" Y="241" T="0" Pressure="0"/>
        <Point X="324" Y="247" T="0" Pressure="0"/>
        <Point X="326" Y="253" T="0" Pressure="0"/>
        <Point X="328" Y="258" T="0" Pressure="0"/>
        <Point X="330" Y="263" T="0" Pressure="0"/>
        <Point X="333" Y="267" T="0" Pressure="0"/>
        <Point X="337" Y="271" T="0" Pressure="0"/>
        <Point X="340" Y="275" T="0" Pressure="0"/>
        <Point X="344" Y="279" T="0" Pressure="0"/>
        <Point X="348" Y="282" T="0" Pressure="0"/>
        <Point X="352" Y="285" T="0" Pressure="0"/>
        <Point X="356" Y="288" T="0" Pressure="0"/>
        <Point X="360" Y="290" T="0" Pressure="0"/>
        <Point X="365" Y="291" T="0" Pressure="0"/>
        <Point X="371" Y="293" T="0" Pressure="0"/>
        <Point X="376" Y="294" T="0" Pressure="0"/>
        <Point X="382" Y="294" T="0" Pressure="0"/>
        <Point X="387" Y="294" T="0" Pressure="0"/>
        <Point X="394" Y="294" T="0" Pressure="0"/>
        <Point X="401" Y="292" T="0" Pressure="0"/>
        <Point X="408" Y="291" T="0" Pressure="0"/>
        <Point X="414" Y="289" T="0" Pressure="0"/>
        <Point X="420" Y="286" T="0" Pressure="0"/>
        <Point X="428" Y="284" T="0" Pressure="0"/>
        <Point X="434" Y="281" T="0" Pressure="0"/>
        <Point X="440" Y="278" T="0" Pressure="0"/>
        <Point X="447" Y="274" T="0" Pressure="0"/>
        <Point X="451" Y="271" T="0" Pressure="0"/>
        <Point X="455" Y="268" T="0" Pressure="0"/>
        <Point X="459" Y="264" T="0" Pressure="0"/>
        <Point X="463" Y="261" T="0" Pressure="0"/>
        <Point X="467" Y="257" T="0" Pressure="0"/>
        <Point X="470" Y="252" T="0" Pressure="0"/>
        <Point X="473" Y="248" T="0" Pressure="0"/>
        <Point X="475" Y="243" T="0" Pressure="0"/>
        <Point X="477" Y="239" T="0" Pressure="0"/>
        <Point X="478" Y="234" T="0" Pressure="0"/>
        <Point X="479" Y="229" T="0" Pressure="0"/>
        <Point X="480" Y="225" T="0" Pressure="0"/>
        <Point X="480" Y="221" T="0" Pressure="0"/>
        <Point X="480" Y="217" T="0" Pressure="0"/>
        <Point X="480" Y="214" T="0" Pressure="0"/>
        <Point X="478" Y="210" T="0" Pressure="0"/>
        <Point X="477" Y="208" T="0" Pressure="0"/>
        <Point X="475" Y="204" T="0" Pressure="0"/>
        <Point X="474" Y="203" T="0" Pressure="0"/>
        <Point X="473" Y="202" T="0" Pressure="0"/>
        <Point X="470" Y="200" T="0" Pressure="0"/>
        <Point X="469" Y="199" T="0" Pressure="0"/>
        <Point X="468" Y="198" T="0" Pressure="0"/>
        <Point X="466" Y="197" T="0" Pressure="0"/>
        <Point X="465" Y="197" T="0" Pressure="0"/>
        <Point X="462" Y="197" T="0" Pressure="0"/>
        <Point X="461" Y="197" T="0" Pressure="0"/>
    </Stroke>
    <Stroke index="2">
        <Point X="416" Y="189" T="0" Pressure="0"/>
        <Point X="413" Y="188" T="0" Pressure="0"/>
        <Point X="412" Y="187" T="0" Pressure="0"/>
        <Point X="412" Y="186" T="0" Pressure="0"/>
        <Point X="411" Y="186" T="0" Pressure="0"/>
        <Point X="410" Y="187" T="0" Pressure="0"/>
        <Point X="410" Y="188" T="0" Pressure="0"/>
        <Point X="409" Y="189" T="0" Pressure="0"/>
        <Point X="409" Y="191" T="0" Pressure="0"/>
        <Point X="409" Y="193" T="0" Pressure="0"/>
        <Point X="409" Y="197" T="0" Pressure="0"/>
        <Point X="408" Y="200" T="0" Pressure="0"/>
        <Point X="408" Y="204" T="0" Pressure="0"/>
        <Point X="406" Y="209" T="0" Pressure="0"/>
        <Point X="406" Y="214" T="0" Pressure="0"/>
        <Point X="405" Y="221" T="0" Pressure="0"/>
        <Point X="402" Y="241" T="0" Pressure="0"/>
        <Point X="400" Y="249" T="0" Pressure="0"/>
        <Point X="399" Y="257" T="0" Pressure="0"/>
        <Point X="398" Y="265" T="0" Pressure="0"/>
        <Point X="397" Y="273" T="0" Pressure="0"/>
        <Point X="396" Y="283" T="0" Pressure="0"/>
        <Point X="395" Y="291" T="0" Pressure="0"/>
        <Point X="394" Y="301" T="0" Pressure="0"/>
        <Point X="394" Y="309" T="0" Pressure="0"/>
        <Point X="393" Y="317" T="0" Pressure="0"/>
        <Point X="392" Y="324" T="0" Pressure="0"/>
        <Point X="391" Y="332" T="0" Pressure="0"/>
        <Point X="391" Y="339" T="0" Pressure="0"/>
        <Point X="390" Y="356" T="0" Pressure="0"/>
        <Point X="390" Y="360" T="0" Pressure="0"/>
        <Point X="390" Y="364" T="0" Pressure="0"/>
        <Point X="390" Y="368" T="0" Pressure="0"/>
        <Point X="390" Y="371" T="0" Pressure="0"/>
        <Point X="390" Y="374" T="0" Pressure="0"/>
        <Point X="390" Y="377" T="0" Pressure="0"/>
        <Point X="390" Y="378" T="0" Pressure="0"/>
        <Point X="390" Y="380" T="0" Pressure="0"/>
        <Point X="390" Y="382" T="0" Pressure="0"/>
        <Point X="390" Y="383" T="0" Pressure="0"/>
        <Point X="390" Y="384" T="0" Pressure="0"/>
        <Point X="390" Y="385" T="0" Pressure="0"/>
        <Point X="390" Y="386" T="0" Pressure="0"/>
        <Point X="390" Y="387" T="0" Pressure="0"/>
    </Stroke>
</Gesture>
