<?xml version="1.0" ?>
<Gesture Name="five_point_star~03" Subject="2" Number="3" NumPts="169" InputType="stylus" Speed="MEDIUM">
    <Stroke index="1">
        <Point X="344" Y="371" T="0" Pressure="0"/>
        <Point X="344" Y="366" T="0" Pressure="0"/>
        <Point X="344" Y="363" T="0" Pressure="0"/>
        <Point X="344" Y="361" T="0" Pressure="0"/>
        <Point X="344" Y="357" T="0" Pressure="0"/>
        <Point X="345" Y="353" T="0" Pressure="0"/>
        <Point X="346" Y="348" T="0" Pressure="0"/>
        <Point X="348" Y="343" T="0" Pressure="0"/>
        <Point X="349" Y="338" T="0" Pressure="0"/>
        <Point X="351" Y="333" T="0" Pressure="0"/>
        <Point X="353" Y="326" T="0" Pressure="0"/>
        <Point X="355" Y="319" T="0" Pressure="0"/>
        <Point X="357" Y="312" T="0" Pressure="0"/>
        <Point X="360" Y="306" T="0" Pressure="0"/>
        <Point X="362" Y="298" T="0" Pressure="0"/>
        <Point X="364" Y="292" T="0" Pressure="0"/>
        <Point X="365" Y="286" T="0" Pressure="0"/>
        <Point X="367" Y="278" T="0" Pressure="0"/>
        <Point X="369" Y="271" T="0" Pressure="0"/>
        <Point X="370" Y="265" T="0" Pressure="0"/>
        <Point X="371" Y="259" T="0" Pressure="0"/>
        <Point X="373" Y="253" T="0" Pressure="0"/>
        <Point X="375" Y="247" T="0" Pressure="0"/>
        <Point X="375" Y="243" T="0" Pressure="0"/>
        <Point X="377" Y="239" T="0" Pressure="0"/>
        <Point X="378" Y="236" T="0" Pressure="0"/>
        <Point X="379" Y="234" T="0" Pressure="0"/>
        <Point X="379" Y="232" T="0" Pressure="0"/>
        <Point X="380" Y="231" T="0" Pressure="0"/>
        <Point X="381" Y="229" T="0" Pressure="0"/>
        <Point X="382" Y="229" T="0" Pressure="0"/>
        <Point X="383" Y="229" T="0" Pressure="0"/>
        <Point X="384" Y="230" T="0" Pressure="0"/>
        <Point X="386" Y="231" T="0" Pressure="0"/>
        <Point X="387" Y="232" T="0" Pressure="0"/>
        <Point X="388" Y="234" T="0" Pressure="0"/>
        <Point X="390" Y="236" T="0" Pressure="0"/>
        <Point X="391" Y="238" T="0" Pressure="0"/>
        <Point X="394" Y="241" T="0" Pressure="0"/>
        <Point X="395" Y="245" T="0" Pressure="0"/>
        <Point X="398" Y="249" T="0" Pressure="0"/>
        <Point X="400" Y="253" T="0" Pressure="0"/>
        <Point X="402" Y="259" T="0" Pressure="0"/>
        <Point X="405" Y="264" T="0" Pressure="0"/>
        <Point X="409" Y="274" T="0" Pressure="0"/>
        <Point X="413" Y="281" T="0" Pressure="0"/>
        <Point X="415" Y="287" T="0" Pressure="0"/>
        <Point X="417" Y="292" T="0" Pressure="0"/>
        <Point X="420" Y="297" T="0" Pressure="0"/>
        <Point X="422" Y="303" T="0" Pressure="0"/>
        <Point X="424" Y="309" T="0" Pressure="0"/>
        <Point X="426" Y="314" T="0" Pressure="0"/>
        <Point X="427" Y="319" T="0" Pressure="0"/>
        <Point X="428" Y="323" T="0" Pressure="0"/>
        <Point X="429" Y="328" T="0" Pressure="0"/>
        <Point X="431" Y="337" T="0" Pressure="0"/>
        <Point X="432" Y="341" T="0" Pressure="0"/>
        <Point X="433" Y="348" T="0" Pressure="0"/>
        <Point X="434" Y="351" T="0" Pressure="0"/>
        <Point X="434" Y="352" T="0" Pressure="0"/>
        <Point X="435" Y="355" T="0" Pressure="0"/>
        <Point X="435" Y="356" T="0" Pressure="0"/>
        <Point X="435" Y="357" T="0" Pressure="0"/>
        <Point X="435" Y="358" T="0" Pressure="0"/>
        <Point X="434" Y="358" T="0" Pressure="0"/>
        <Point X="433" Y="358" T="0" Pressure="0"/>
        <Point X="432" Y="358" T="0" Pressure="0"/>
        <Point X="431" Y="357" T="0" Pressure="0"/>
        <Point X="429" Y="357" T="0" Pressure="0"/>
        <Point X="428" Y="355" T="0" Pressure="0"/>
        <Point X="426" Y="354" T="0" Pressure="0"/>
        <Point X="424" Y="352" T="0" Pressure="0"/>
        <Point X="422" Y="351" T="0" Pressure="0"/>
        <Point X="420" Y="349" T="0" Pressure="0"/>
        <Point X="417" Y="347" T="0" Pressure="0"/>
        <Point X="414" Y="345" T="0" Pressure="0"/>
        <Point X="409" Y="341" T="0" Pressure="0"/>
        <Point X="405" Y="339" T="0" Pressure="0"/>
        <Point X="401" Y="337" T="0" Pressure="0"/>
        <Point X="397" Y="335" T="0" Pressure="0"/>
        <Point X="391" Y="334" T="0" Pressure="0"/>
        <Point X="386" Y="332" T="0" Pressure="0"/>
        <Point X="382" Y="332" T="0" Pressure="0"/>
        <Point X="376" Y="331" T="0" Pressure="0"/>
        <Point X="364" Y="331" T="0" Pressure="0"/>
        <Point X="357" Y="331" T="0" Pressure="0"/>
        <Point X="352" Y="331" T="0" Pressure="0"/>
        <Point X="341" Y="332" T="0" Pressure="0"/>
        <Point X="336" Y="332" T="0" Pressure="0"/>
        <Point X="330" Y="333" T="0" Pressure="0"/>
        <Point X="325" Y="333" T="0" Pressure="0"/>
        <Point X="320" Y="334" T="0" Pressure="0"/>
        <Point X="316" Y="335" T="0" Pressure="0"/>
        <Point X="312" Y="335" T="0" Pressure="0"/>
        <Point X="309" Y="336" T="0" Pressure="0"/>
        <Point X="306" Y="336" T="0" Pressure="0"/>
        <Point X="304" Y="337" T="0" Pressure="0"/>
        <Point X="302" Y="337" T="0" Pressure="0"/>
        <Point X="300" Y="337" T="0" Pressure="0"/>
        <Point X="300" Y="336" T="0" Pressure="0"/>
        <Point X="301" Y="335" T="0" Pressure="0"/>
        <Point X="302" Y="335" T="0" Pressure="0"/>
        <Point X="304" Y="333" T="0" Pressure="0"/>
        <Point X="309" Y="328" T="0" Pressure="0"/>
        <Point X="313" Y="326" T="0" Pressure="0"/>
        <Point X="316" Y="322" T="0" Pressure="0"/>
        <Point X="326" Y="316" T="0" Pressure="0"/>
        <Point X="331" Y="312" T="0" Pressure="0"/>
        <Point X="338" Y="308" T="0" Pressure="0"/>
        <Point X="352" Y="299" T="0" Pressure="0"/>
        <Point X="360" Y="294" T="0" Pressure="0"/>
        <Point X="368" Y="289" T="0" Pressure="0"/>
        <Point X="385" Y="278" T="0" Pressure="0"/>
        <Point X="394" Y="273" T="0" Pressure="0"/>
        <Point X="402" Y="269" T="0" Pressure="0"/>
        <Point X="415" Y="262" T="0" Pressure="0"/>
        <Point X="421" Y="259" T="0" Pressure="0"/>
        <Point X="427" Y="256" T="0" Pressure="0"/>
        <Point X="433" Y="253" T="0" Pressure="0"/>
        <Point X="437" Y="252" T="0" Pressure="0"/>
        <Point X="444" Y="251" T="0" Pressure="0"/>
        <Point X="447" Y="250" T="0" Pressure="0"/>
        <Point X="450" Y="250" T="0" Pressure="0"/>
        <Point X="453" Y="250" T="0" Pressure="0"/>
        <Point X="454" Y="251" T="0" Pressure="0"/>
        <Point X="455" Y="251" T="0" Pressure="0"/>
        <Point X="455" Y="252" T="0" Pressure="0"/>
        <Point X="456" Y="253" T="0" Pressure="0"/>
        <Point X="456" Y="254" T="0" Pressure="0"/>
        <Point X="455" Y="258" T="0" Pressure="0"/>
        <Point X="455" Y="261" T="0" Pressure="0"/>
        <Point X="454" Y="263" T="0" Pressure="0"/>
        <Point X="450" Y="268" T="0" Pressure="0"/>
        <Point X="448" Y="272" T="0" Pressure="0"/>
        <Point X="447" Y="275" T="0" Pressure="0"/>
        <Point X="444" Y="278" T="0" Pressure="0"/>
        <Point X="442" Y="282" T="0" Pressure="0"/>
        <Point X="439" Y="286" T="0" Pressure="0"/>
        <Point X="436" Y="290" T="0" Pressure="0"/>
        <Point X="432" Y="296" T="0" Pressure="0"/>
        <Point X="429" Y="299" T="0" Pressure="0"/>
        <Point X="426" Y="304" T="0" Pressure="0"/>
        <Point X="422" Y="309" T="0" Pressure="0"/>
        <Point X="418" Y="314" T="0" Pressure="0"/>
        <Point X="414" Y="319" T="0" Pressure="0"/>
        <Point X="409" Y="324" T="0" Pressure="0"/>
        <Point X="405" Y="328" T="0" Pressure="0"/>
        <Point X="402" Y="333" T="0" Pressure="0"/>
        <Point X="398" Y="338" T="0" Pressure="0"/>
        <Point X="394" Y="341" T="0" Pressure="0"/>
        <Point X="390" Y="346" T="0" Pressure="0"/>
        <Point X="386" Y="349" T="0" Pressure="0"/>
        <Point X="382" Y="352" T="0" Pressure="0"/>
        <Point X="379" Y="356" T="0" Pressure="0"/>
        <Point X="375" Y="358" T="0" Pressure="0"/>
        <Point X="368" Y="363" T="0" Pressure="0"/>
        <Point X="365" Y="364" T="0" Pressure="0"/>
        <Point X="363" Y="366" T="0" Pressure="0"/>
        <Point X="361" Y="367" T="0" Pressure="0"/>
        <Point X="359" Y="368" T="0" Pressure="0"/>
        <Point X="357" Y="369" T="0" Pressure="0"/>
        <Point X="356" Y="369" T="0" Pressure="0"/>
        <Point X="355" Y="370" T="0" Pressure="0"/>
        <Point X="356" Y="371" T="0" Pressure="0"/>
        <Point X="357" Y="371" T="0" Pressure="0"/>
        <Point X="358" Y="371" T="0" Pressure="0"/>
        <Point X="360" Y="371" T="0" Pressure="0"/>
        <Point X="361" Y="372" T="0" Pressure="0"/>
        <Point X="363" Y="372" T="0" Pressure="0"/>
    </Stroke>
</Gesture>
