<?xml version="1.0" ?>
<Gesture Name="pitchfork~05" Subject="2" Number="5" NumPts="126" InputType="stylus" Speed="MEDIUM">
    <Stroke index="1">
        <Point X="325" Y="185" T="0" Pressure="0"/>
        <Point X="323" Y="185" T="0" Pressure="0"/>
        <Point X="322" Y="184" T="0" Pressure="0"/>
        <Point X="321" Y="184" T="0" Pressure="0"/>
        <Point X="320" Y="184" T="0" Pressure="0"/>
        <Point X="319" Y="185" T="0" Pressure="0"/>
        <Point X="319" Y="186" T="0" Pressure="0"/>
        <Point X="318" Y="188" T="0" Pressure="0"/>
        <Point X="318" Y="189" T="0" Pressure="0"/>
        <Point X="318" Y="191" T="0" Pressure="0"/>
        <Point X="318" Y="193" T="0" Pressure="0"/>
        <Point X="317" Y="196" T="0" Pressure="0"/>
        <Point X="317" Y="199" T="0" Pressure="0"/>
        <Point X="317" Y="206" T="0" Pressure="0"/>
        <Point X="318" Y="210" T="0" Pressure="0"/>
        <Point X="318" Y="214" T="0" Pressure="0"/>
        <Point X="319" Y="218" T="0" Pressure="0"/>
        <Point X="319" Y="223" T="0" Pressure="0"/>
        <Point X="320" Y="228" T="0" Pressure="0"/>
        <Point X="322" Y="233" T="0" Pressure="0"/>
        <Point X="323" Y="238" T="0" Pressure="0"/>
        <Point X="324" Y="243" T="0" Pressure="0"/>
        <Point X="326" Y="248" T="0" Pressure="0"/>
        <Point X="328" Y="254" T="0" Pressure="0"/>
        <Point X="335" Y="268" T="0" Pressure="0"/>
        <Point X="338" Y="272" T="0" Pressure="0"/>
        <Point X="341" Y="276" T="0" Pressure="0"/>
        <Point X="345" Y="280" T="0" Pressure="0"/>
        <Point X="348" Y="283" T="0" Pressure="0"/>
        <Point X="352" Y="286" T="0" Pressure="0"/>
        <Point X="355" Y="289" T="0" Pressure="0"/>
        <Point X="359" Y="290" T="0" Pressure="0"/>
        <Point X="363" Y="292" T="0" Pressure="0"/>
        <Point X="367" Y="294" T="0" Pressure="0"/>
        <Point X="371" Y="295" T="0" Pressure="0"/>
        <Point X="375" Y="296" T="0" Pressure="0"/>
        <Point X="379" Y="296" T="0" Pressure="0"/>
        <Point X="383" Y="296" T="0" Pressure="0"/>
        <Point X="387" Y="296" T="0" Pressure="0"/>
        <Point X="397" Y="294" T="0" Pressure="0"/>
        <Point X="401" Y="293" T="0" Pressure="0"/>
        <Point X="405" Y="292" T="0" Pressure="0"/>
        <Point X="410" Y="290" T="0" Pressure="0"/>
        <Point X="415" Y="289" T="0" Pressure="0"/>
        <Point X="420" Y="286" T="0" Pressure="0"/>
        <Point X="424" Y="284" T="0" Pressure="0"/>
        <Point X="429" Y="282" T="0" Pressure="0"/>
        <Point X="434" Y="279" T="0" Pressure="0"/>
        <Point X="438" Y="276" T="0" Pressure="0"/>
        <Point X="443" Y="272" T="0" Pressure="0"/>
        <Point X="447" Y="269" T="0" Pressure="0"/>
        <Point X="451" Y="265" T="0" Pressure="0"/>
        <Point X="455" Y="262" T="0" Pressure="0"/>
        <Point X="459" Y="258" T="0" Pressure="0"/>
        <Point X="463" Y="253" T="0" Pressure="0"/>
        <Point X="468" Y="248" T="0" Pressure="0"/>
        <Point X="472" Y="242" T="0" Pressure="0"/>
        <Point X="474" Y="238" T="0" Pressure="0"/>
        <Point X="477" Y="232" T="0" Pressure="0"/>
        <Point X="480" Y="227" T="0" Pressure="0"/>
        <Point X="483" Y="222" T="0" Pressure="0"/>
        <Point X="484" Y="217" T="0" Pressure="0"/>
        <Point X="487" Y="212" T="0" Pressure="0"/>
        <Point X="488" Y="207" T="0" Pressure="0"/>
        <Point X="489" Y="203" T="0" Pressure="0"/>
        <Point X="489" Y="200" T="0" Pressure="0"/>
        <Point X="489" Y="197" T="0" Pressure="0"/>
        <Point X="489" Y="194" T="0" Pressure="0"/>
        <Point X="488" Y="191" T="0" Pressure="0"/>
        <Point X="487" Y="190" T="0" Pressure="0"/>
        <Point X="485" Y="189" T="0" Pressure="0"/>
        <Point X="484" Y="188" T="0" Pressure="0"/>
        <Point X="481" Y="187" T="0" Pressure="0"/>
        <Point X="480" Y="187" T="0" Pressure="0"/>
        <Point X="477" Y="187" T="0" Pressure="0"/>
        <Point X="476" Y="187" T="0" Pressure="0"/>
        <Point X="473" Y="187" T="0" Pressure="0"/>
        <Point X="472" Y="187" T="0" Pressure="0"/>
        <Point X="469" Y="188" T="0" Pressure="0"/>
        <Point X="467" Y="189" T="0" Pressure="0"/>
    </Stroke>
    <Stroke index="2">
        <Point X="403" Y="186" T="0" Pressure="0"/>
        <Point X="401" Y="187" T="0" Pressure="0"/>
        <Point X="400" Y="187" T="0" Pressure="0"/>
        <Point X="399" Y="188" T="0" Pressure="0"/>
        <Point X="398" Y="191" T="0" Pressure="0"/>
        <Point X="398" Y="194" T="0" Pressure="0"/>
        <Point X="397" Y="197" T="0" Pressure="0"/>
        <Point X="396" Y="201" T="0" Pressure="0"/>
        <Point X="395" Y="206" T="0" Pressure="0"/>
        <Point X="394" Y="211" T="0" Pressure="0"/>
        <Point X="393" Y="216" T="0" Pressure="0"/>
        <Point X="391" Y="222" T="0" Pressure="0"/>
        <Point X="390" Y="228" T="0" Pressure="0"/>
        <Point X="389" Y="234" T="0" Pressure="0"/>
        <Point X="387" Y="242" T="0" Pressure="0"/>
        <Point X="386" Y="249" T="0" Pressure="0"/>
        <Point X="385" Y="257" T="0" Pressure="0"/>
        <Point X="383" Y="265" T="0" Pressure="0"/>
        <Point X="382" Y="289" T="0" Pressure="0"/>
        <Point X="381" Y="297" T="0" Pressure="0"/>
        <Point X="380" Y="306" T="0" Pressure="0"/>
        <Point X="379" Y="314" T="0" Pressure="0"/>
        <Point X="379" Y="321" T="0" Pressure="0"/>
        <Point X="378" Y="327" T="0" Pressure="0"/>
        <Point X="378" Y="333" T="0" Pressure="0"/>
        <Point X="377" Y="338" T="0" Pressure="0"/>
        <Point X="377" Y="343" T="0" Pressure="0"/>
        <Point X="376" Y="348" T="0" Pressure="0"/>
        <Point X="376" Y="352" T="0" Pressure="0"/>
        <Point X="375" Y="357" T="0" Pressure="0"/>
        <Point X="375" Y="361" T="0" Pressure="0"/>
        <Point X="374" Y="364" T="0" Pressure="0"/>
        <Point X="372" Y="375" T="0" Pressure="0"/>
        <Point X="371" Y="377" T="0" Pressure="0"/>
        <Point X="370" Y="381" T="0" Pressure="0"/>
        <Point X="368" Y="386" T="0" Pressure="0"/>
        <Point X="368" Y="388" T="0" Pressure="0"/>
        <Point X="367" Y="389" T="0" Pressure="0"/>
        <Point X="367" Y="391" T="0" Pressure="0"/>
        <Point X="366" Y="393" T="0" Pressure="0"/>
        <Point X="365" Y="394" T="0" Pressure="0"/>
        <Point X="365" Y="396" T="0" Pressure="0"/>
        <Point X="365" Y="397" T="0" Pressure="0"/>
        <Point X="365" Y="398" T="0" Pressure="0"/>
        <Point X="365" Y="399" T="0" Pressure="0"/>
        <Point X="366" Y="400" T="0" Pressure="0"/>
    </Stroke>
</Gesture>
