<?xml version="1.0" ?>
<Gesture Name="null~09" Subject="2" Number="9" NumPts="113" InputType="stylus" Speed="MEDIUM">
    <Stroke index="1">
        <Point X="381" Y="250" T="0" Pressure="0"/>
        <Point X="379" Y="251" T="0" Pressure="0"/>
        <Point X="376" Y="252" T="0" Pressure="0"/>
        <Point X="374" Y="253" T="0" Pressure="0"/>
        <Point X="371" Y="255" T="0" Pressure="0"/>
        <Point X="368" Y="258" T="0" Pressure="0"/>
        <Point X="365" Y="261" T="0" Pressure="0"/>
        <Point X="363" Y="264" T="0" Pressure="0"/>
        <Point X="360" Y="267" T="0" Pressure="0"/>
        <Point X="356" Y="272" T="0" Pressure="0"/>
        <Point X="353" Y="276" T="0" Pressure="0"/>
        <Point X="350" Y="281" T="0" Pressure="0"/>
        <Point X="348" Y="286" T="0" Pressure="0"/>
        <Point X="345" Y="290" T="0" Pressure="0"/>
        <Point X="344" Y="296" T="0" Pressure="0"/>
        <Point X="341" Y="302" T="0" Pressure="0"/>
        <Point X="340" Y="306" T="0" Pressure="0"/>
        <Point X="340" Y="311" T="0" Pressure="0"/>
        <Point X="339" Y="315" T="0" Pressure="0"/>
        <Point X="339" Y="319" T="0" Pressure="0"/>
        <Point X="340" Y="322" T="0" Pressure="0"/>
        <Point X="341" Y="326" T="0" Pressure="0"/>
        <Point X="344" Y="328" T="0" Pressure="0"/>
        <Point X="345" Y="331" T="0" Pressure="0"/>
        <Point X="348" Y="334" T="0" Pressure="0"/>
        <Point X="351" Y="336" T="0" Pressure="0"/>
        <Point X="354" Y="338" T="0" Pressure="0"/>
        <Point X="357" Y="340" T="0" Pressure="0"/>
        <Point X="360" Y="341" T="0" Pressure="0"/>
        <Point X="364" Y="343" T="0" Pressure="0"/>
        <Point X="371" Y="345" T="0" Pressure="0"/>
        <Point X="375" Y="346" T="0" Pressure="0"/>
        <Point X="379" Y="346" T="0" Pressure="0"/>
        <Point X="383" Y="346" T="0" Pressure="0"/>
        <Point X="388" Y="346" T="0" Pressure="0"/>
        <Point X="393" Y="344" T="0" Pressure="0"/>
        <Point X="398" Y="343" T="0" Pressure="0"/>
        <Point X="402" Y="341" T="0" Pressure="0"/>
        <Point X="408" Y="338" T="0" Pressure="0"/>
        <Point X="412" Y="337" T="0" Pressure="0"/>
        <Point X="417" Y="334" T="0" Pressure="0"/>
        <Point X="420" Y="331" T="0" Pressure="0"/>
        <Point X="424" Y="328" T="0" Pressure="0"/>
        <Point X="432" Y="322" T="0" Pressure="0"/>
        <Point X="434" Y="319" T="0" Pressure="0"/>
        <Point X="435" Y="316" T="0" Pressure="0"/>
        <Point X="438" Y="313" T="0" Pressure="0"/>
        <Point X="439" Y="308" T="0" Pressure="0"/>
        <Point X="440" Y="303" T="0" Pressure="0"/>
        <Point X="441" Y="298" T="0" Pressure="0"/>
        <Point X="442" Y="293" T="0" Pressure="0"/>
        <Point X="442" Y="288" T="0" Pressure="0"/>
        <Point X="442" Y="283" T="0" Pressure="0"/>
        <Point X="441" Y="277" T="0" Pressure="0"/>
        <Point X="439" Y="271" T="0" Pressure="0"/>
        <Point X="438" Y="266" T="0" Pressure="0"/>
        <Point X="435" Y="262" T="0" Pressure="0"/>
        <Point X="432" Y="257" T="0" Pressure="0"/>
        <Point X="429" Y="253" T="0" Pressure="0"/>
        <Point X="426" Y="250" T="0" Pressure="0"/>
        <Point X="421" Y="247" T="0" Pressure="0"/>
        <Point X="417" Y="244" T="0" Pressure="0"/>
        <Point X="413" Y="242" T="0" Pressure="0"/>
        <Point X="408" Y="241" T="0" Pressure="0"/>
        <Point X="403" Y="241" T="0" Pressure="0"/>
        <Point X="398" Y="240" T="0" Pressure="0"/>
        <Point X="393" Y="240" T="0" Pressure="0"/>
        <Point X="387" Y="241" T="0" Pressure="0"/>
        <Point X="383" Y="242" T="0" Pressure="0"/>
        <Point X="379" Y="243" T="0" Pressure="0"/>
        <Point X="375" Y="244" T="0" Pressure="0"/>
        <Point X="372" Y="246" T="0" Pressure="0"/>
        <Point X="369" Y="248" T="0" Pressure="0"/>
        <Point X="366" Y="249" T="0" Pressure="0"/>
        <Point X="364" Y="251" T="0" Pressure="0"/>
        <Point X="364" Y="253" T="0" Pressure="0"/>
    </Stroke>
    <Stroke index="2">
        <Point X="465" Y="214" T="0" Pressure="0"/>
        <Point X="463" Y="213" T="0" Pressure="0"/>
        <Point X="462" Y="212" T="0" Pressure="0"/>
        <Point X="461" Y="212" T="0" Pressure="0"/>
        <Point X="458" Y="213" T="0" Pressure="0"/>
        <Point X="453" Y="216" T="0" Pressure="0"/>
        <Point X="447" Y="221" T="0" Pressure="0"/>
        <Point X="441" Y="226" T="0" Pressure="0"/>
        <Point X="437" Y="229" T="0" Pressure="0"/>
        <Point X="432" Y="233" T="0" Pressure="0"/>
        <Point X="428" Y="238" T="0" Pressure="0"/>
        <Point X="423" Y="242" T="0" Pressure="0"/>
        <Point X="413" Y="253" T="0" Pressure="0"/>
        <Point X="408" Y="259" T="0" Pressure="0"/>
        <Point X="402" Y="266" T="0" Pressure="0"/>
        <Point X="397" Y="272" T="0" Pressure="0"/>
        <Point X="390" Y="281" T="0" Pressure="0"/>
        <Point X="386" Y="287" T="0" Pressure="0"/>
        <Point X="380" Y="294" T="0" Pressure="0"/>
        <Point X="369" Y="309" T="0" Pressure="0"/>
        <Point X="364" Y="315" T="0" Pressure="0"/>
        <Point X="359" Y="323" T="0" Pressure="0"/>
        <Point X="354" Y="329" T="0" Pressure="0"/>
        <Point X="349" Y="336" T="0" Pressure="0"/>
        <Point X="345" Y="341" T="0" Pressure="0"/>
        <Point X="341" Y="347" T="0" Pressure="0"/>
        <Point X="338" Y="352" T="0" Pressure="0"/>
        <Point X="334" Y="357" T="0" Pressure="0"/>
        <Point X="331" Y="361" T="0" Pressure="0"/>
        <Point X="330" Y="363" T="0" Pressure="0"/>
        <Point X="327" Y="366" T="0" Pressure="0"/>
        <Point X="326" Y="368" T="0" Pressure="0"/>
        <Point X="324" Y="371" T="0" Pressure="0"/>
        <Point X="323" Y="372" T="0" Pressure="0"/>
        <Point X="321" Y="375" T="0" Pressure="0"/>
        <Point X="320" Y="376" T="0" Pressure="0"/>
        <Point X="322" Y="376" T="0" Pressure="0"/>
    </Stroke>
</Gesture>
