<?xml version="1.0" ?>
<Gesture Name="asterisk~06" Subject="2" Number="6" NumPts="133" InputType="stylus" Speed="MEDIUM">
    <Stroke index="1">
        <Point X="410" Y="204" T="0" Pressure="0"/>
        <Point X="409" Y="204" T="0" Pressure="0"/>
        <Point X="409" Y="203" T="0" Pressure="0"/>
        <Point X="409" Y="204" T="0" Pressure="0"/>
        <Point X="409" Y="205" T="0" Pressure="0"/>
        <Point X="409" Y="207" T="0" Pressure="0"/>
        <Point X="409" Y="209" T="0" Pressure="0"/>
        <Point X="409" Y="211" T="0" Pressure="0"/>
        <Point X="409" Y="214" T="0" Pressure="0"/>
        <Point X="409" Y="217" T="0" Pressure="0"/>
        <Point X="409" Y="221" T="0" Pressure="0"/>
        <Point X="409" Y="225" T="0" Pressure="0"/>
        <Point X="410" Y="230" T="0" Pressure="0"/>
        <Point X="410" Y="235" T="0" Pressure="0"/>
        <Point X="410" Y="240" T="0" Pressure="0"/>
        <Point X="411" Y="247" T="0" Pressure="0"/>
        <Point X="411" Y="253" T="0" Pressure="0"/>
        <Point X="411" Y="259" T="0" Pressure="0"/>
        <Point X="411" Y="266" T="0" Pressure="0"/>
        <Point X="411" Y="273" T="0" Pressure="0"/>
        <Point X="410" Y="281" T="0" Pressure="0"/>
        <Point X="409" Y="289" T="0" Pressure="0"/>
        <Point X="409" Y="296" T="0" Pressure="0"/>
        <Point X="409" Y="304" T="0" Pressure="0"/>
        <Point X="408" Y="312" T="0" Pressure="0"/>
        <Point X="408" Y="318" T="0" Pressure="0"/>
        <Point X="408" Y="326" T="0" Pressure="0"/>
        <Point X="407" Y="333" T="0" Pressure="0"/>
        <Point X="407" Y="338" T="0" Pressure="0"/>
        <Point X="407" Y="342" T="0" Pressure="0"/>
        <Point X="407" Y="347" T="0" Pressure="0"/>
        <Point X="407" Y="351" T="0" Pressure="0"/>
        <Point X="407" Y="354" T="0" Pressure="0"/>
        <Point X="407" Y="358" T="0" Pressure="0"/>
        <Point X="407" Y="360" T="0" Pressure="0"/>
        <Point X="407" Y="363" T="0" Pressure="0"/>
        <Point X="407" Y="364" T="0" Pressure="0"/>
        <Point X="407" Y="366" T="0" Pressure="0"/>
        <Point X="406" Y="368" T="0" Pressure="0"/>
        <Point X="406" Y="370" T="0" Pressure="0"/>
        <Point X="406" Y="371" T="0" Pressure="0"/>
        <Point X="406" Y="372" T="0" Pressure="0"/>
        <Point X="406" Y="373" T="0" Pressure="0"/>
        <Point X="406" Y="375" T="0" Pressure="0"/>
        <Point X="405" Y="376" T="0" Pressure="0"/>
        <Point X="405" Y="377" T="0" Pressure="0"/>
        <Point X="404" Y="377" T="0" Pressure="0"/>
    </Stroke>
    <Stroke index="2">
        <Point X="342" Y="227" T="0" Pressure="0"/>
        <Point X="341" Y="227" T="0" Pressure="0"/>
        <Point X="341" Y="226" T="0" Pressure="0"/>
        <Point X="340" Y="226" T="0" Pressure="0"/>
        <Point X="338" Y="224" T="0" Pressure="0"/>
        <Point X="339" Y="224" T="0" Pressure="0"/>
        <Point X="340" Y="224" T="0" Pressure="0"/>
        <Point X="341" Y="224" T="0" Pressure="0"/>
        <Point X="342" Y="225" T="0" Pressure="0"/>
        <Point X="345" Y="226" T="0" Pressure="0"/>
        <Point X="346" Y="228" T="0" Pressure="0"/>
        <Point X="349" Y="228" T="0" Pressure="0"/>
        <Point X="352" Y="230" T="0" Pressure="0"/>
        <Point X="355" Y="232" T="0" Pressure="0"/>
        <Point X="359" Y="234" T="0" Pressure="0"/>
        <Point X="363" Y="236" T="0" Pressure="0"/>
        <Point X="368" Y="239" T="0" Pressure="0"/>
        <Point X="374" Y="243" T="0" Pressure="0"/>
        <Point X="380" Y="247" T="0" Pressure="0"/>
        <Point X="386" Y="252" T="0" Pressure="0"/>
        <Point X="393" Y="258" T="0" Pressure="0"/>
        <Point X="399" Y="263" T="0" Pressure="0"/>
        <Point X="405" Y="268" T="0" Pressure="0"/>
        <Point X="410" Y="274" T="0" Pressure="0"/>
        <Point X="416" Y="281" T="0" Pressure="0"/>
        <Point X="421" Y="287" T="0" Pressure="0"/>
        <Point X="427" Y="292" T="0" Pressure="0"/>
        <Point X="432" Y="297" T="0" Pressure="0"/>
        <Point X="436" Y="302" T="0" Pressure="0"/>
        <Point X="441" Y="307" T="0" Pressure="0"/>
        <Point X="446" Y="311" T="0" Pressure="0"/>
        <Point X="450" Y="315" T="0" Pressure="0"/>
        <Point X="454" Y="319" T="0" Pressure="0"/>
        <Point X="458" Y="322" T="0" Pressure="0"/>
        <Point X="462" Y="325" T="0" Pressure="0"/>
        <Point X="465" Y="327" T="0" Pressure="0"/>
        <Point X="468" Y="330" T="0" Pressure="0"/>
        <Point X="471" Y="333" T="0" Pressure="0"/>
        <Point X="474" Y="335" T="0" Pressure="0"/>
        <Point X="476" Y="336" T="0" Pressure="0"/>
        <Point X="478" Y="338" T="0" Pressure="0"/>
        <Point X="480" Y="339" T="0" Pressure="0"/>
        <Point X="483" Y="340" T="0" Pressure="0"/>
        <Point X="484" Y="341" T="0" Pressure="0"/>
        <Point X="485" Y="342" T="0" Pressure="0"/>
        <Point X="487" Y="343" T="0" Pressure="0"/>
        <Point X="488" Y="343" T="0" Pressure="0"/>
    </Stroke>
    <Stroke index="3">
        <Point X="469" Y="206" T="0" Pressure="0"/>
        <Point X="462" Y="209" T="0" Pressure="0"/>
        <Point X="459" Y="209" T="0" Pressure="0"/>
        <Point X="455" Y="213" T="0" Pressure="0"/>
        <Point X="452" Y="216" T="0" Pressure="0"/>
        <Point X="449" Y="219" T="0" Pressure="0"/>
        <Point X="446" Y="224" T="0" Pressure="0"/>
        <Point X="442" Y="228" T="0" Pressure="0"/>
        <Point X="439" Y="233" T="0" Pressure="0"/>
        <Point X="434" Y="239" T="0" Pressure="0"/>
        <Point X="429" Y="245" T="0" Pressure="0"/>
        <Point X="425" Y="252" T="0" Pressure="0"/>
        <Point X="420" Y="259" T="0" Pressure="0"/>
        <Point X="416" Y="266" T="0" Pressure="0"/>
        <Point X="412" Y="273" T="0" Pressure="0"/>
        <Point X="407" Y="281" T="0" Pressure="0"/>
        <Point X="402" Y="289" T="0" Pressure="0"/>
        <Point X="398" Y="297" T="0" Pressure="0"/>
        <Point X="394" Y="305" T="0" Pressure="0"/>
        <Point X="390" Y="312" T="0" Pressure="0"/>
        <Point X="386" Y="318" T="0" Pressure="0"/>
        <Point X="382" Y="324" T="0" Pressure="0"/>
        <Point X="378" Y="330" T="0" Pressure="0"/>
        <Point X="375" Y="335" T="0" Pressure="0"/>
        <Point X="371" Y="338" T="0" Pressure="0"/>
        <Point X="369" Y="341" T="0" Pressure="0"/>
        <Point X="366" Y="344" T="0" Pressure="0"/>
        <Point X="364" Y="346" T="0" Pressure="0"/>
        <Point X="361" Y="348" T="0" Pressure="0"/>
        <Point X="360" Y="351" T="0" Pressure="0"/>
        <Point X="357" Y="352" T="0" Pressure="0"/>
        <Point X="356" Y="353" T="0" Pressure="0"/>
        <Point X="354" Y="355" T="0" Pressure="0"/>
        <Point X="353" Y="356" T="0" Pressure="0"/>
        <Point X="352" Y="357" T="0" Pressure="0"/>
        <Point X="350" Y="357" T="0" Pressure="0"/>
        <Point X="350" Y="358" T="0" Pressure="0"/>
        <Point X="349" Y="358" T="0" Pressure="0"/>
        <Point X="349" Y="359" T="0" Pressure="0"/>
    </Stroke>
</Gesture>
