<?xml version="1.0" ?>
<Gesture Name="line~02" Subject="2" Number="2" NumPts="35" InputType="stylus" Speed="MEDIUM">
    <Stroke index="1">
        <Point X="286" Y="361" T="0" Pressure="0"/>
        <Point X="288" Y="361" T="0" Pressure="0"/>
        <Point X="293" Y="360" T="0" Pressure="0"/>
        <Point X="296" Y="359" T="0" Pressure="0"/>
        <Point X="299" Y="359" T="0" Pressure="0"/>
        <Point X="303" Y="359" T="0" Pressure="0"/>
        <Point X="307" Y="358" T="0" Pressure="0"/>
        <Point X="313" Y="358" T="0" Pressure="0"/>
        <Point X="319" Y="357" T="0" Pressure="0"/>
        <Point X="332" Y="356" T="0" Pressure="0"/>
        <Point X="340" Y="355" T="0" Pressure="0"/>
        <Point X="348" Y="355" T="0" Pressure="0"/>
        <Point X="357" Y="353" T="0" Pressure="0"/>
        <Point X="367" Y="352" T="0" Pressure="0"/>
        <Point X="376" Y="352" T="0" Pressure="0"/>
        <Point X="386" Y="351" T="0" Pressure="0"/>
        <Point X="395" Y="349" T="0" Pressure="0"/>
        <Point X="405" Y="349" T="0" Pressure="0"/>
        <Point X="415" Y="348" T="0" Pressure="0"/>
        <Point X="424" Y="348" T="0" Pressure="0"/>
        <Point X="432" Y="348" T="0" Pressure="0"/>
        <Point X="441" Y="348" T="0" Pressure="0"/>
        <Point X="450" Y="348" T="0" Pressure="0"/>
        <Point X="458" Y="348" T="0" Pressure="0"/>
        <Point X="467" Y="348" T="0" Pressure="0"/>
        <Point X="474" Y="348" T="0" Pressure="0"/>
        <Point X="480" Y="349" T="0" Pressure="0"/>
        <Point X="488" Y="350" T="0" Pressure="0"/>
        <Point X="493" Y="351" T="0" Pressure="0"/>
        <Point X="499" Y="352" T="0" Pressure="0"/>
        <Point X="505" Y="352" T="0" Pressure="0"/>
        <Point X="510" Y="353" T="0" Pressure="0"/>
        <Point X="514" Y="353" T="0" Pressure="0"/>
        <Point X="517" Y="355" T="0" Pressure="0"/>
        <Point X="520" Y="356" T="0" Pressure="0"/>
    </Stroke>
</Gesture>
