<?xml version="1.0" ?>
<Gesture Name="D~07" Subject="2" Number="7" NumPts="80" InputType="stylus" Speed="MEDIUM">
    <Stroke index="1">
        <Point X="396" Y="284" T="0" Pressure="0"/>
        <Point X="395" Y="284" T="0" Pressure="0"/>
        <Point X="394" Y="284" T="0" Pressure="0"/>
        <Point X="393" Y="284" T="0" Pressure="0"/>
        <Point X="392" Y="286" T="0" Pressure="0"/>
        <Point X="392" Y="287" T="0" Pressure="0"/>
        <Point X="392" Y="289" T="0" Pressure="0"/>
        <Point X="392" Y="291" T="0" Pressure="0"/>
        <Point X="392" Y="294" T="0" Pressure="0"/>
        <Point X="392" Y="298" T="0" Pressure="0"/>
        <Point X="392" Y="303" T="0" Pressure="0"/>
        <Point X="392" Y="307" T="0" Pressure="0"/>
        <Point X="392" Y="312" T="0" Pressure="0"/>
        <Point X="392" Y="316" T="0" Pressure="0"/>
        <Point X="392" Y="321" T="0" Pressure="0"/>
        <Point X="392" Y="325" T="0" Pressure="0"/>
        <Point X="392" Y="329" T="0" Pressure="0"/>
        <Point X="392" Y="334" T="0" Pressure="0"/>
        <Point X="392" Y="337" T="0" Pressure="0"/>
        <Point X="392" Y="340" T="0" Pressure="0"/>
        <Point X="393" Y="343" T="0" Pressure="0"/>
        <Point X="393" Y="346" T="0" Pressure="0"/>
        <Point X="393" Y="348" T="0" Pressure="0"/>
        <Point X="393" Y="351" T="0" Pressure="0"/>
        <Point X="393" Y="352" T="0" Pressure="0"/>
        <Point X="393" Y="355" T="0" Pressure="0"/>
        <Point X="394" Y="356" T="0" Pressure="0"/>
        <Point X="394" Y="358" T="0" Pressure="0"/>
        <Point X="394" Y="359" T="0" Pressure="0"/>
        <Point X="394" Y="360" T="0" Pressure="0"/>
        <Point X="394" Y="361" T="0" Pressure="0"/>
        <Point X="394" Y="362" T="0" Pressure="0"/>
    </Stroke>
    <Stroke index="2">
        <Point X="383" Y="272" T="0" Pressure="0"/>
        <Point X="383" Y="269" T="0" Pressure="0"/>
        <Point X="383" Y="268" T="0" Pressure="0"/>
        <Point X="387" Y="267" T="0" Pressure="0"/>
        <Point X="389" Y="267" T="0" Pressure="0"/>
        <Point X="392" Y="267" T="0" Pressure="0"/>
        <Point X="394" Y="267" T="0" Pressure="0"/>
        <Point X="398" Y="268" T="0" Pressure="0"/>
        <Point X="401" Y="269" T="0" Pressure="0"/>
        <Point X="405" Y="270" T="0" Pressure="0"/>
        <Point X="408" Y="271" T="0" Pressure="0"/>
        <Point X="412" Y="273" T="0" Pressure="0"/>
        <Point X="416" Y="276" T="0" Pressure="0"/>
        <Point X="419" Y="278" T="0" Pressure="0"/>
        <Point X="423" Y="281" T="0" Pressure="0"/>
        <Point X="426" Y="284" T="0" Pressure="0"/>
        <Point X="433" Y="292" T="0" Pressure="0"/>
        <Point X="438" Y="301" T="0" Pressure="0"/>
        <Point X="440" Y="306" T="0" Pressure="0"/>
        <Point X="442" Y="310" T="0" Pressure="0"/>
        <Point X="443" Y="314" T="0" Pressure="0"/>
        <Point X="443" Y="320" T="0" Pressure="0"/>
        <Point X="443" Y="324" T="0" Pressure="0"/>
        <Point X="443" Y="333" T="0" Pressure="0"/>
        <Point X="443" Y="337" T="0" Pressure="0"/>
        <Point X="442" Y="340" T="0" Pressure="0"/>
        <Point X="441" Y="344" T="0" Pressure="0"/>
        <Point X="439" Y="346" T="0" Pressure="0"/>
        <Point X="438" Y="349" T="0" Pressure="0"/>
        <Point X="435" Y="352" T="0" Pressure="0"/>
        <Point X="432" Y="355" T="0" Pressure="0"/>
        <Point X="430" Y="356" T="0" Pressure="0"/>
        <Point X="428" Y="358" T="0" Pressure="0"/>
        <Point X="425" Y="360" T="0" Pressure="0"/>
        <Point X="420" Y="361" T="0" Pressure="0"/>
        <Point X="417" Y="362" T="0" Pressure="0"/>
        <Point X="413" Y="362" T="0" Pressure="0"/>
        <Point X="408" Y="362" T="0" Pressure="0"/>
        <Point X="405" Y="362" T="0" Pressure="0"/>
        <Point X="402" Y="362" T="0" Pressure="0"/>
        <Point X="398" Y="362" T="0" Pressure="0"/>
        <Point X="395" Y="361" T="0" Pressure="0"/>
        <Point X="394" Y="361" T="0" Pressure="0"/>
        <Point X="391" Y="361" T="0" Pressure="0"/>
        <Point X="390" Y="360" T="0" Pressure="0"/>
        <Point X="389" Y="360" T="0" Pressure="0"/>
        <Point X="387" Y="360" T="0" Pressure="0"/>
        <Point X="386" Y="360" T="0" Pressure="0"/>
    </Stroke>
</Gesture>
