<?xml version="1.0" ?>
<Gesture Name="asterisk~02" Subject="2" Number="2" NumPts="121" InputType="stylus" Speed="MEDIUM">
    <Stroke index="1">
        <Point X="414" Y="152" T="0" Pressure="0"/>
        <Point X="413" Y="151" T="0" Pressure="0"/>
        <Point X="413" Y="152" T="0" Pressure="0"/>
        <Point X="413" Y="153" T="0" Pressure="0"/>
        <Point X="413" Y="155" T="0" Pressure="0"/>
        <Point X="413" Y="158" T="0" Pressure="0"/>
        <Point X="413" Y="160" T="0" Pressure="0"/>
        <Point X="413" Y="164" T="0" Pressure="0"/>
        <Point X="413" Y="168" T="0" Pressure="0"/>
        <Point X="413" Y="174" T="0" Pressure="0"/>
        <Point X="413" Y="180" T="0" Pressure="0"/>
        <Point X="413" Y="187" T="0" Pressure="0"/>
        <Point X="413" Y="193" T="0" Pressure="0"/>
        <Point X="413" Y="201" T="0" Pressure="0"/>
        <Point X="413" Y="209" T="0" Pressure="0"/>
        <Point X="413" Y="218" T="0" Pressure="0"/>
        <Point X="413" Y="226" T="0" Pressure="0"/>
        <Point X="413" Y="234" T="0" Pressure="0"/>
        <Point X="413" Y="242" T="0" Pressure="0"/>
        <Point X="413" Y="250" T="0" Pressure="0"/>
        <Point X="414" Y="258" T="0" Pressure="0"/>
        <Point X="415" Y="266" T="0" Pressure="0"/>
        <Point X="416" Y="272" T="0" Pressure="0"/>
        <Point X="416" Y="278" T="0" Pressure="0"/>
        <Point X="417" Y="284" T="0" Pressure="0"/>
        <Point X="417" Y="290" T="0" Pressure="0"/>
        <Point X="418" Y="294" T="0" Pressure="0"/>
        <Point X="419" Y="299" T="0" Pressure="0"/>
        <Point X="419" Y="303" T="0" Pressure="0"/>
        <Point X="419" Y="307" T="0" Pressure="0"/>
        <Point X="419" Y="310" T="0" Pressure="0"/>
        <Point X="419" Y="312" T="0" Pressure="0"/>
        <Point X="418" Y="314" T="0" Pressure="0"/>
        <Point X="417" Y="316" T="0" Pressure="0"/>
        <Point X="417" Y="318" T="0" Pressure="0"/>
        <Point X="416" Y="319" T="0" Pressure="0"/>
        <Point X="414" Y="320" T="0" Pressure="0"/>
        <Point X="414" Y="321" T="0" Pressure="0"/>
        <Point X="413" Y="321" T="0" Pressure="0"/>
        <Point X="412" Y="322" T="0" Pressure="0"/>
        <Point X="410" Y="322" T="0" Pressure="0"/>
    </Stroke>
    <Stroke index="2">
        <Point X="357" Y="192" T="0" Pressure="0"/>
        <Point X="357" Y="191" T="0" Pressure="0"/>
        <Point X="356" Y="191" T="0" Pressure="0"/>
        <Point X="356" Y="190" T="0" Pressure="0"/>
        <Point X="357" Y="190" T="0" Pressure="0"/>
        <Point X="359" Y="191" T="0" Pressure="0"/>
        <Point X="360" Y="192" T="0" Pressure="0"/>
        <Point X="361" Y="194" T="0" Pressure="0"/>
        <Point X="363" Y="196" T="0" Pressure="0"/>
        <Point X="364" Y="197" T="0" Pressure="0"/>
        <Point X="367" Y="199" T="0" Pressure="0"/>
        <Point X="373" Y="204" T="0" Pressure="0"/>
        <Point X="377" Y="208" T="0" Pressure="0"/>
        <Point X="387" Y="214" T="0" Pressure="0"/>
        <Point X="393" Y="219" T="0" Pressure="0"/>
        <Point X="398" Y="223" T="0" Pressure="0"/>
        <Point X="404" Y="228" T="0" Pressure="0"/>
        <Point X="409" Y="232" T="0" Pressure="0"/>
        <Point X="415" Y="237" T="0" Pressure="0"/>
        <Point X="421" Y="241" T="0" Pressure="0"/>
        <Point X="427" Y="246" T="0" Pressure="0"/>
        <Point X="432" Y="252" T="0" Pressure="0"/>
        <Point X="437" Y="257" T="0" Pressure="0"/>
        <Point X="442" Y="261" T="0" Pressure="0"/>
        <Point X="447" Y="265" T="0" Pressure="0"/>
        <Point X="451" Y="270" T="0" Pressure="0"/>
        <Point X="456" Y="274" T="0" Pressure="0"/>
        <Point X="461" Y="278" T="0" Pressure="0"/>
        <Point X="472" Y="286" T="0" Pressure="0"/>
        <Point X="474" Y="288" T="0" Pressure="0"/>
        <Point X="477" Y="289" T="0" Pressure="0"/>
        <Point X="480" Y="291" T="0" Pressure="0"/>
        <Point X="483" Y="291" T="0" Pressure="0"/>
        <Point X="484" Y="292" T="0" Pressure="0"/>
        <Point X="485" Y="293" T="0" Pressure="0"/>
        <Point X="487" Y="294" T="0" Pressure="0"/>
        <Point X="488" Y="294" T="0" Pressure="0"/>
        <Point X="488" Y="295" T="0" Pressure="0"/>
        <Point X="487" Y="295" T="0" Pressure="0"/>
    </Stroke>
    <Stroke index="3">
        <Point X="469" Y="181" T="0" Pressure="0"/>
        <Point X="467" Y="179" T="0" Pressure="0"/>
        <Point X="466" Y="178" T="0" Pressure="0"/>
        <Point X="465" Y="178" T="0" Pressure="0"/>
        <Point X="464" Y="178" T="0" Pressure="0"/>
        <Point X="462" Y="178" T="0" Pressure="0"/>
        <Point X="461" Y="178" T="0" Pressure="0"/>
        <Point X="459" Y="179" T="0" Pressure="0"/>
        <Point X="458" Y="181" T="0" Pressure="0"/>
        <Point X="455" Y="183" T="0" Pressure="0"/>
        <Point X="449" Y="189" T="0" Pressure="0"/>
        <Point X="445" Y="193" T="0" Pressure="0"/>
        <Point X="441" Y="197" T="0" Pressure="0"/>
        <Point X="436" Y="202" T="0" Pressure="0"/>
        <Point X="432" Y="208" T="0" Pressure="0"/>
        <Point X="427" Y="213" T="0" Pressure="0"/>
        <Point X="421" Y="219" T="0" Pressure="0"/>
        <Point X="415" Y="227" T="0" Pressure="0"/>
        <Point X="410" Y="233" T="0" Pressure="0"/>
        <Point X="405" Y="240" T="0" Pressure="0"/>
        <Point X="399" Y="247" T="0" Pressure="0"/>
        <Point X="394" Y="254" T="0" Pressure="0"/>
        <Point X="390" Y="261" T="0" Pressure="0"/>
        <Point X="384" Y="268" T="0" Pressure="0"/>
        <Point X="380" Y="273" T="0" Pressure="0"/>
        <Point X="377" Y="279" T="0" Pressure="0"/>
        <Point X="374" Y="284" T="0" Pressure="0"/>
        <Point X="371" Y="288" T="0" Pressure="0"/>
        <Point X="368" Y="291" T="0" Pressure="0"/>
        <Point X="366" Y="294" T="0" Pressure="0"/>
        <Point X="364" Y="296" T="0" Pressure="0"/>
        <Point X="363" Y="298" T="0" Pressure="0"/>
        <Point X="361" Y="299" T="0" Pressure="0"/>
        <Point X="360" Y="301" T="0" Pressure="0"/>
        <Point X="359" Y="303" T="0" Pressure="0"/>
        <Point X="357" Y="303" T="0" Pressure="0"/>
        <Point X="356" Y="304" T="0" Pressure="0"/>
        <Point X="356" Y="305" T="0" Pressure="0"/>
        <Point X="355" Y="306" T="0" Pressure="0"/>
        <Point X="354" Y="306" T="0" Pressure="0"/>
        <Point X="353" Y="306" T="0" Pressure="0"/>
    </Stroke>
</Gesture>
