<?xml version="1.0" ?>
<Gesture Name="asterisk~09" Subject="2" Number="9" NumPts="129" InputType="stylus" Speed="MEDIUM">
    <Stroke index="1">
        <Point X="404" Y="211" T="0" Pressure="0"/>
        <Point X="403" Y="211" T="0" Pressure="0"/>
        <Point X="403" Y="212" T="0" Pressure="0"/>
        <Point X="404" Y="213" T="0" Pressure="0"/>
        <Point X="404" Y="214" T="0" Pressure="0"/>
        <Point X="405" Y="216" T="0" Pressure="0"/>
        <Point X="405" Y="219" T="0" Pressure="0"/>
        <Point X="405" Y="222" T="0" Pressure="0"/>
        <Point X="406" Y="227" T="0" Pressure="0"/>
        <Point X="406" Y="232" T="0" Pressure="0"/>
        <Point X="406" Y="237" T="0" Pressure="0"/>
        <Point X="407" Y="242" T="0" Pressure="0"/>
        <Point X="407" Y="249" T="0" Pressure="0"/>
        <Point X="407" Y="256" T="0" Pressure="0"/>
        <Point X="406" Y="264" T="0" Pressure="0"/>
        <Point X="406" Y="272" T="0" Pressure="0"/>
        <Point X="405" Y="281" T="0" Pressure="0"/>
        <Point X="405" Y="289" T="0" Pressure="0"/>
        <Point X="404" Y="297" T="0" Pressure="0"/>
        <Point X="404" Y="306" T="0" Pressure="0"/>
        <Point X="403" Y="314" T="0" Pressure="0"/>
        <Point X="402" Y="322" T="0" Pressure="0"/>
        <Point X="402" Y="328" T="0" Pressure="0"/>
        <Point X="402" Y="335" T="0" Pressure="0"/>
        <Point X="402" Y="341" T="0" Pressure="0"/>
        <Point X="402" Y="346" T="0" Pressure="0"/>
        <Point X="401" Y="352" T="0" Pressure="0"/>
        <Point X="401" Y="357" T="0" Pressure="0"/>
        <Point X="401" Y="360" T="0" Pressure="0"/>
        <Point X="400" Y="363" T="0" Pressure="0"/>
        <Point X="400" Y="365" T="0" Pressure="0"/>
        <Point X="399" Y="368" T="0" Pressure="0"/>
        <Point X="399" Y="370" T="0" Pressure="0"/>
        <Point X="399" Y="371" T="0" Pressure="0"/>
        <Point X="399" Y="372" T="0" Pressure="0"/>
        <Point X="399" Y="373" T="0" Pressure="0"/>
        <Point X="399" Y="375" T="0" Pressure="0"/>
        <Point X="399" Y="376" T="0" Pressure="0"/>
        <Point X="398" Y="376" T="0" Pressure="0"/>
    </Stroke>
    <Stroke index="2">
        <Point X="324" Y="247" T="0" Pressure="0"/>
        <Point X="322" Y="246" T="0" Pressure="0"/>
        <Point X="320" Y="246" T="0" Pressure="0"/>
        <Point X="320" Y="245" T="0" Pressure="0"/>
        <Point X="321" Y="246" T="0" Pressure="0"/>
        <Point X="322" Y="246" T="0" Pressure="0"/>
        <Point X="323" Y="248" T="0" Pressure="0"/>
        <Point X="325" Y="249" T="0" Pressure="0"/>
        <Point X="327" Y="251" T="0" Pressure="0"/>
        <Point X="329" Y="253" T="0" Pressure="0"/>
        <Point X="331" Y="256" T="0" Pressure="0"/>
        <Point X="334" Y="259" T="0" Pressure="0"/>
        <Point X="338" Y="262" T="0" Pressure="0"/>
        <Point X="359" Y="280" T="0" Pressure="0"/>
        <Point X="365" Y="284" T="0" Pressure="0"/>
        <Point X="371" Y="289" T="0" Pressure="0"/>
        <Point X="378" Y="294" T="0" Pressure="0"/>
        <Point X="383" Y="297" T="0" Pressure="0"/>
        <Point X="388" Y="302" T="0" Pressure="0"/>
        <Point X="394" Y="305" T="0" Pressure="0"/>
        <Point X="399" Y="309" T="0" Pressure="0"/>
        <Point X="405" Y="313" T="0" Pressure="0"/>
        <Point X="410" Y="317" T="0" Pressure="0"/>
        <Point X="415" Y="320" T="0" Pressure="0"/>
        <Point X="420" Y="323" T="0" Pressure="0"/>
        <Point X="425" Y="326" T="0" Pressure="0"/>
        <Point X="429" Y="329" T="0" Pressure="0"/>
        <Point X="434" Y="332" T="0" Pressure="0"/>
        <Point X="439" Y="335" T="0" Pressure="0"/>
        <Point X="443" Y="337" T="0" Pressure="0"/>
        <Point X="446" Y="339" T="0" Pressure="0"/>
        <Point X="450" Y="341" T="0" Pressure="0"/>
        <Point X="453" Y="343" T="0" Pressure="0"/>
        <Point X="455" Y="346" T="0" Pressure="0"/>
        <Point X="458" Y="347" T="0" Pressure="0"/>
        <Point X="461" Y="349" T="0" Pressure="0"/>
        <Point X="463" Y="351" T="0" Pressure="0"/>
        <Point X="465" Y="352" T="0" Pressure="0"/>
        <Point X="468" Y="353" T="0" Pressure="0"/>
        <Point X="469" Y="355" T="0" Pressure="0"/>
        <Point X="471" Y="356" T="0" Pressure="0"/>
        <Point X="473" Y="357" T="0" Pressure="0"/>
        <Point X="474" Y="357" T="0" Pressure="0"/>
        <Point X="475" Y="357" T="0" Pressure="0"/>
    </Stroke>
    <Stroke index="3">
        <Point X="466" Y="239" T="0" Pressure="0"/>
        <Point X="465" Y="237" T="0" Pressure="0"/>
        <Point X="465" Y="236" T="0" Pressure="0"/>
        <Point X="465" Y="234" T="0" Pressure="0"/>
        <Point X="464" Y="233" T="0" Pressure="0"/>
        <Point X="463" Y="233" T="0" Pressure="0"/>
        <Point X="463" Y="234" T="0" Pressure="0"/>
        <Point X="462" Y="234" T="0" Pressure="0"/>
        <Point X="461" Y="237" T="0" Pressure="0"/>
        <Point X="459" Y="239" T="0" Pressure="0"/>
        <Point X="457" Y="241" T="0" Pressure="0"/>
        <Point X="454" Y="243" T="0" Pressure="0"/>
        <Point X="452" Y="247" T="0" Pressure="0"/>
        <Point X="449" Y="251" T="0" Pressure="0"/>
        <Point X="446" Y="254" T="0" Pressure="0"/>
        <Point X="442" Y="259" T="0" Pressure="0"/>
        <Point X="438" Y="264" T="0" Pressure="0"/>
        <Point X="434" Y="269" T="0" Pressure="0"/>
        <Point X="429" Y="274" T="0" Pressure="0"/>
        <Point X="425" Y="281" T="0" Pressure="0"/>
        <Point X="420" Y="287" T="0" Pressure="0"/>
        <Point X="416" Y="293" T="0" Pressure="0"/>
        <Point X="410" Y="299" T="0" Pressure="0"/>
        <Point X="405" Y="305" T="0" Pressure="0"/>
        <Point X="401" Y="312" T="0" Pressure="0"/>
        <Point X="396" Y="318" T="0" Pressure="0"/>
        <Point X="390" Y="324" T="0" Pressure="0"/>
        <Point X="386" Y="329" T="0" Pressure="0"/>
        <Point X="379" Y="339" T="0" Pressure="0"/>
        <Point X="371" Y="346" T="0" Pressure="0"/>
        <Point X="367" Y="350" T="0" Pressure="0"/>
        <Point X="364" Y="352" T="0" Pressure="0"/>
        <Point X="360" Y="356" T="0" Pressure="0"/>
        <Point X="356" Y="358" T="0" Pressure="0"/>
        <Point X="353" Y="361" T="0" Pressure="0"/>
        <Point X="350" Y="363" T="0" Pressure="0"/>
        <Point X="348" Y="364" T="0" Pressure="0"/>
        <Point X="345" Y="366" T="0" Pressure="0"/>
        <Point X="343" Y="368" T="0" Pressure="0"/>
        <Point X="341" Y="369" T="0" Pressure="0"/>
        <Point X="338" Y="371" T="0" Pressure="0"/>
        <Point X="337" Y="373" T="0" Pressure="0"/>
        <Point X="336" Y="373" T="0" Pressure="0"/>
        <Point X="335" Y="374" T="0" Pressure="0"/>
        <Point X="335" Y="375" T="0" Pressure="0"/>
        <Point X="334" Y="376" T="0" Pressure="0"/>
    </Stroke>
</Gesture>
