<?xml version="1.0" ?>
<Gesture Name="pitchfork~07" Subject="2" Number="7" NumPts="125" InputType="stylus" Speed="MEDIUM">
    <Stroke index="1">
        <Point X="363" Y="196" T="0" Pressure="0"/>
        <Point X="361" Y="195" T="0" Pressure="0"/>
        <Point X="360" Y="193" T="0" Pressure="0"/>
        <Point X="359" Y="193" T="0" Pressure="0"/>
        <Point X="358" Y="193" T="0" Pressure="0"/>
        <Point X="357" Y="193" T="0" Pressure="0"/>
        <Point X="357" Y="194" T="0" Pressure="0"/>
        <Point X="357" Y="196" T="0" Pressure="0"/>
        <Point X="356" Y="197" T="0" Pressure="0"/>
        <Point X="356" Y="199" T="0" Pressure="0"/>
        <Point X="356" Y="202" T="0" Pressure="0"/>
        <Point X="356" Y="204" T="0" Pressure="0"/>
        <Point X="356" Y="208" T="0" Pressure="0"/>
        <Point X="356" Y="212" T="0" Pressure="0"/>
        <Point X="355" Y="217" T="0" Pressure="0"/>
        <Point X="355" Y="222" T="0" Pressure="0"/>
        <Point X="355" Y="228" T="0" Pressure="0"/>
        <Point X="355" Y="234" T="0" Pressure="0"/>
        <Point X="355" Y="240" T="0" Pressure="0"/>
        <Point X="355" Y="246" T="0" Pressure="0"/>
        <Point X="355" Y="254" T="0" Pressure="0"/>
        <Point X="356" Y="261" T="0" Pressure="0"/>
        <Point X="356" Y="268" T="0" Pressure="0"/>
        <Point X="357" Y="275" T="0" Pressure="0"/>
        <Point X="359" Y="283" T="0" Pressure="0"/>
        <Point X="361" Y="289" T="0" Pressure="0"/>
        <Point X="363" Y="297" T="0" Pressure="0"/>
        <Point X="365" Y="303" T="0" Pressure="0"/>
        <Point X="368" Y="308" T="0" Pressure="0"/>
        <Point X="371" Y="313" T="0" Pressure="0"/>
        <Point X="374" Y="316" T="0" Pressure="0"/>
        <Point X="378" Y="320" T="0" Pressure="0"/>
        <Point X="382" Y="322" T="0" Pressure="0"/>
        <Point X="386" Y="324" T="0" Pressure="0"/>
        <Point X="389" Y="326" T="0" Pressure="0"/>
        <Point X="394" Y="326" T="0" Pressure="0"/>
        <Point X="398" Y="327" T="0" Pressure="0"/>
        <Point X="402" Y="327" T="0" Pressure="0"/>
        <Point X="407" Y="326" T="0" Pressure="0"/>
        <Point X="411" Y="324" T="0" Pressure="0"/>
        <Point X="416" Y="323" T="0" Pressure="0"/>
        <Point X="420" Y="321" T="0" Pressure="0"/>
        <Point X="424" Y="318" T="0" Pressure="0"/>
        <Point X="429" Y="315" T="0" Pressure="0"/>
        <Point X="434" Y="312" T="0" Pressure="0"/>
        <Point X="438" Y="308" T="0" Pressure="0"/>
        <Point X="442" Y="304" T="0" Pressure="0"/>
        <Point X="445" Y="301" T="0" Pressure="0"/>
        <Point X="449" Y="296" T="0" Pressure="0"/>
        <Point X="453" Y="291" T="0" Pressure="0"/>
        <Point X="457" Y="286" T="0" Pressure="0"/>
        <Point X="461" Y="280" T="0" Pressure="0"/>
        <Point X="464" Y="274" T="0" Pressure="0"/>
        <Point X="468" Y="268" T="0" Pressure="0"/>
        <Point X="471" Y="261" T="0" Pressure="0"/>
        <Point X="474" Y="254" T="0" Pressure="0"/>
        <Point X="477" Y="246" T="0" Pressure="0"/>
        <Point X="480" Y="240" T="0" Pressure="0"/>
        <Point X="482" Y="234" T="0" Pressure="0"/>
        <Point X="484" Y="228" T="0" Pressure="0"/>
        <Point X="485" Y="223" T="0" Pressure="0"/>
        <Point X="486" Y="218" T="0" Pressure="0"/>
        <Point X="487" Y="214" T="0" Pressure="0"/>
        <Point X="487" Y="211" T="0" Pressure="0"/>
        <Point X="487" Y="208" T="0" Pressure="0"/>
        <Point X="487" Y="205" T="0" Pressure="0"/>
        <Point X="486" Y="203" T="0" Pressure="0"/>
        <Point X="485" Y="201" T="0" Pressure="0"/>
        <Point X="484" Y="199" T="0" Pressure="0"/>
        <Point X="484" Y="198" T="0" Pressure="0"/>
        <Point X="484" Y="197" T="0" Pressure="0"/>
        <Point X="483" Y="197" T="0" Pressure="0"/>
        <Point X="481" Y="197" T="0" Pressure="0"/>
        <Point X="480" Y="197" T="0" Pressure="0"/>
        <Point X="479" Y="197" T="0" Pressure="0"/>
        <Point X="477" Y="197" T="0" Pressure="0"/>
        <Point X="476" Y="199" T="0" Pressure="0"/>
        <Point X="474" Y="201" T="0" Pressure="0"/>
        <Point X="473" Y="202" T="0" Pressure="0"/>
    </Stroke>
    <Stroke index="2">
        <Point X="424" Y="202" T="0" Pressure="0"/>
        <Point X="423" Y="201" T="0" Pressure="0"/>
        <Point X="421" Y="199" T="0" Pressure="0"/>
        <Point X="420" Y="198" T="0" Pressure="0"/>
        <Point X="420" Y="199" T="0" Pressure="0"/>
        <Point X="420" Y="202" T="0" Pressure="0"/>
        <Point X="420" Y="203" T="0" Pressure="0"/>
        <Point X="420" Y="206" T="0" Pressure="0"/>
        <Point X="419" Y="209" T="0" Pressure="0"/>
        <Point X="419" Y="213" T="0" Pressure="0"/>
        <Point X="418" Y="217" T="0" Pressure="0"/>
        <Point X="417" Y="223" T="0" Pressure="0"/>
        <Point X="416" Y="228" T="0" Pressure="0"/>
        <Point X="416" Y="235" T="0" Pressure="0"/>
        <Point X="414" Y="242" T="0" Pressure="0"/>
        <Point X="413" Y="249" T="0" Pressure="0"/>
        <Point X="413" Y="257" T="0" Pressure="0"/>
        <Point X="412" Y="266" T="0" Pressure="0"/>
        <Point X="412" Y="274" T="0" Pressure="0"/>
        <Point X="412" Y="283" T="0" Pressure="0"/>
        <Point X="411" Y="292" T="0" Pressure="0"/>
        <Point X="411" Y="302" T="0" Pressure="0"/>
        <Point X="410" Y="312" T="0" Pressure="0"/>
        <Point X="410" Y="321" T="0" Pressure="0"/>
        <Point X="410" Y="329" T="0" Pressure="0"/>
        <Point X="409" Y="338" T="0" Pressure="0"/>
        <Point X="409" Y="345" T="0" Pressure="0"/>
        <Point X="409" Y="352" T="0" Pressure="0"/>
        <Point X="409" Y="359" T="0" Pressure="0"/>
        <Point X="409" Y="365" T="0" Pressure="0"/>
        <Point X="408" Y="371" T="0" Pressure="0"/>
        <Point X="407" Y="380" T="0" Pressure="0"/>
        <Point X="406" Y="384" T="0" Pressure="0"/>
        <Point X="406" Y="388" T="0" Pressure="0"/>
        <Point X="405" Y="391" T="0" Pressure="0"/>
        <Point X="405" Y="394" T="0" Pressure="0"/>
        <Point X="405" Y="396" T="0" Pressure="0"/>
        <Point X="405" Y="398" T="0" Pressure="0"/>
        <Point X="404" Y="400" T="0" Pressure="0"/>
        <Point X="404" Y="402" T="0" Pressure="0"/>
        <Point X="404" Y="403" T="0" Pressure="0"/>
        <Point X="404" Y="402" T="0" Pressure="0"/>
        <Point X="404" Y="401" T="0" Pressure="0"/>
        <Point X="404" Y="400" T="0" Pressure="0"/>
        <Point X="404" Y="399" T="0" Pressure="0"/>
        <Point X="404" Y="398" T="0" Pressure="0"/>
    </Stroke>
</Gesture>
