<?xml version="1.0" ?>
<Gesture Name="five_point_star~05" Subject="2" Number="5" NumPts="137" InputType="stylus" Speed="MEDIUM">
    <Stroke index="1">
        <Point X="353" Y="377" T="0" Pressure="0"/>
        <Point X="352" Y="377" T="0" Pressure="0"/>
        <Point X="350" Y="375" T="0" Pressure="0"/>
        <Point X="350" Y="373" T="0" Pressure="0"/>
        <Point X="350" Y="372" T="0" Pressure="0"/>
        <Point X="350" Y="370" T="0" Pressure="0"/>
        <Point X="350" Y="367" T="0" Pressure="0"/>
        <Point X="351" Y="364" T="0" Pressure="0"/>
        <Point X="352" Y="362" T="0" Pressure="0"/>
        <Point X="353" Y="360" T="0" Pressure="0"/>
        <Point X="356" Y="356" T="0" Pressure="0"/>
        <Point X="357" Y="352" T="0" Pressure="0"/>
        <Point X="360" Y="349" T="0" Pressure="0"/>
        <Point X="362" Y="344" T="0" Pressure="0"/>
        <Point X="365" Y="340" T="0" Pressure="0"/>
        <Point X="371" Y="329" T="0" Pressure="0"/>
        <Point X="375" Y="323" T="0" Pressure="0"/>
        <Point X="378" Y="318" T="0" Pressure="0"/>
        <Point X="384" Y="307" T="0" Pressure="0"/>
        <Point X="387" Y="302" T="0" Pressure="0"/>
        <Point X="390" Y="296" T="0" Pressure="0"/>
        <Point X="394" Y="289" T="0" Pressure="0"/>
        <Point X="395" Y="285" T="0" Pressure="0"/>
        <Point X="397" Y="282" T="0" Pressure="0"/>
        <Point X="399" Y="277" T="0" Pressure="0"/>
        <Point X="401" Y="276" T="0" Pressure="0"/>
        <Point X="402" Y="274" T="0" Pressure="0"/>
        <Point X="402" Y="273" T="0" Pressure="0"/>
        <Point X="403" Y="273" T="0" Pressure="0"/>
        <Point X="404" Y="273" T="0" Pressure="0"/>
        <Point X="405" Y="273" T="0" Pressure="0"/>
        <Point X="406" Y="274" T="0" Pressure="0"/>
        <Point X="408" Y="276" T="0" Pressure="0"/>
        <Point X="410" Y="281" T="0" Pressure="0"/>
        <Point X="412" Y="283" T="0" Pressure="0"/>
        <Point X="413" Y="287" T="0" Pressure="0"/>
        <Point X="414" Y="290" T="0" Pressure="0"/>
        <Point X="416" Y="294" T="0" Pressure="0"/>
        <Point X="417" Y="299" T="0" Pressure="0"/>
        <Point X="425" Y="324" T="0" Pressure="0"/>
        <Point X="427" Y="328" T="0" Pressure="0"/>
        <Point X="428" Y="333" T="0" Pressure="0"/>
        <Point X="431" Y="340" T="0" Pressure="0"/>
        <Point X="434" Y="348" T="0" Pressure="0"/>
        <Point X="435" Y="351" T="0" Pressure="0"/>
        <Point X="436" Y="354" T="0" Pressure="0"/>
        <Point X="438" Y="357" T="0" Pressure="0"/>
        <Point X="439" Y="360" T="0" Pressure="0"/>
        <Point X="440" Y="363" T="0" Pressure="0"/>
        <Point X="441" Y="365" T="0" Pressure="0"/>
        <Point X="443" Y="371" T="0" Pressure="0"/>
        <Point X="443" Y="373" T="0" Pressure="0"/>
        <Point X="443" Y="375" T="0" Pressure="0"/>
        <Point X="442" Y="375" T="0" Pressure="0"/>
        <Point X="439" Y="375" T="0" Pressure="0"/>
        <Point X="438" Y="375" T="0" Pressure="0"/>
        <Point X="435" Y="375" T="0" Pressure="0"/>
        <Point X="434" Y="374" T="0" Pressure="0"/>
        <Point X="432" Y="373" T="0" Pressure="0"/>
        <Point X="429" Y="372" T="0" Pressure="0"/>
        <Point X="427" Y="371" T="0" Pressure="0"/>
        <Point X="421" Y="368" T="0" Pressure="0"/>
        <Point X="419" Y="367" T="0" Pressure="0"/>
        <Point X="415" Y="365" T="0" Pressure="0"/>
        <Point X="406" Y="362" T="0" Pressure="0"/>
        <Point X="402" Y="360" T="0" Pressure="0"/>
        <Point X="398" Y="358" T="0" Pressure="0"/>
        <Point X="387" Y="352" T="0" Pressure="0"/>
        <Point X="382" Y="350" T="0" Pressure="0"/>
        <Point X="375" Y="347" T="0" Pressure="0"/>
        <Point X="364" Y="343" T="0" Pressure="0"/>
        <Point X="360" Y="341" T="0" Pressure="0"/>
        <Point X="355" Y="339" T="0" Pressure="0"/>
        <Point X="345" Y="337" T="0" Pressure="0"/>
        <Point X="341" Y="336" T="0" Pressure="0"/>
        <Point X="338" Y="335" T="0" Pressure="0"/>
        <Point X="333" Y="333" T="0" Pressure="0"/>
        <Point X="330" Y="333" T="0" Pressure="0"/>
        <Point X="329" Y="332" T="0" Pressure="0"/>
        <Point X="327" Y="331" T="0" Pressure="0"/>
        <Point X="326" Y="331" T="0" Pressure="0"/>
        <Point X="327" Y="330" T="0" Pressure="0"/>
        <Point X="328" Y="329" T="0" Pressure="0"/>
        <Point X="330" Y="329" T="0" Pressure="0"/>
        <Point X="334" Y="327" T="0" Pressure="0"/>
        <Point X="338" Y="326" T="0" Pressure="0"/>
        <Point X="342" Y="324" T="0" Pressure="0"/>
        <Point X="350" Y="321" T="0" Pressure="0"/>
        <Point X="356" Y="320" T="0" Pressure="0"/>
        <Point X="361" Y="318" T="0" Pressure="0"/>
        <Point X="374" Y="313" T="0" Pressure="0"/>
        <Point X="380" Y="312" T="0" Pressure="0"/>
        <Point X="387" Y="310" T="0" Pressure="0"/>
        <Point X="401" Y="305" T="0" Pressure="0"/>
        <Point X="408" Y="303" T="0" Pressure="0"/>
        <Point X="416" Y="300" T="0" Pressure="0"/>
        <Point X="427" Y="296" T="0" Pressure="0"/>
        <Point X="431" Y="295" T="0" Pressure="0"/>
        <Point X="435" Y="293" T="0" Pressure="0"/>
        <Point X="443" Y="292" T="0" Pressure="0"/>
        <Point X="446" Y="292" T="0" Pressure="0"/>
        <Point X="448" Y="292" T="0" Pressure="0"/>
        <Point X="451" Y="292" T="0" Pressure="0"/>
        <Point X="453" Y="293" T="0" Pressure="0"/>
        <Point X="454" Y="294" T="0" Pressure="0"/>
        <Point X="454" Y="295" T="0" Pressure="0"/>
        <Point X="454" Y="296" T="0" Pressure="0"/>
        <Point X="454" Y="297" T="0" Pressure="0"/>
        <Point X="454" Y="299" T="0" Pressure="0"/>
        <Point X="451" Y="303" T="0" Pressure="0"/>
        <Point X="450" Y="306" T="0" Pressure="0"/>
        <Point X="448" Y="309" T="0" Pressure="0"/>
        <Point X="443" Y="315" T="0" Pressure="0"/>
        <Point X="439" Y="318" T="0" Pressure="0"/>
        <Point X="435" Y="322" T="0" Pressure="0"/>
        <Point X="428" Y="331" T="0" Pressure="0"/>
        <Point X="424" Y="335" T="0" Pressure="0"/>
        <Point X="419" Y="338" T="0" Pressure="0"/>
        <Point X="409" Y="347" T="0" Pressure="0"/>
        <Point X="405" Y="351" T="0" Pressure="0"/>
        <Point X="399" Y="355" T="0" Pressure="0"/>
        <Point X="389" Y="362" T="0" Pressure="0"/>
        <Point X="384" Y="364" T="0" Pressure="0"/>
        <Point X="379" Y="368" T="0" Pressure="0"/>
        <Point X="370" Y="373" T="0" Pressure="0"/>
        <Point X="367" Y="376" T="0" Pressure="0"/>
        <Point X="364" Y="377" T="0" Pressure="0"/>
        <Point X="359" Y="381" T="0" Pressure="0"/>
        <Point X="357" Y="381" T="0" Pressure="0"/>
        <Point X="356" Y="382" T="0" Pressure="0"/>
        <Point X="355" Y="382" T="0" Pressure="0"/>
        <Point X="356" Y="382" T="0" Pressure="0"/>
        <Point X="357" Y="382" T="0" Pressure="0"/>
        <Point X="359" Y="381" T="0" Pressure="0"/>
        <Point X="360" Y="381" T="0" Pressure="0"/>
        <Point X="362" Y="381" T="0" Pressure="0"/>
        <Point X="363" Y="381" T="0" Pressure="0"/>
    </Stroke>
</Gesture>
