<?xml version="1.0" ?>
<Gesture Name="null~06" Subject="2" Number="6" NumPts="118" InputType="stylus" Speed="MEDIUM">
    <Stroke index="1">
        <Point X="392" Y="234" T="0" Pressure="0"/>
        <Point X="387" Y="234" T="0" Pressure="0"/>
        <Point X="386" Y="236" T="0" Pressure="0"/>
        <Point X="384" Y="237" T="0" Pressure="0"/>
        <Point X="382" Y="239" T="0" Pressure="0"/>
        <Point X="379" Y="241" T="0" Pressure="0"/>
        <Point X="377" Y="244" T="0" Pressure="0"/>
        <Point X="374" Y="247" T="0" Pressure="0"/>
        <Point X="371" Y="251" T="0" Pressure="0"/>
        <Point X="368" Y="254" T="0" Pressure="0"/>
        <Point X="365" Y="259" T="0" Pressure="0"/>
        <Point X="363" Y="264" T="0" Pressure="0"/>
        <Point X="360" Y="268" T="0" Pressure="0"/>
        <Point X="357" Y="274" T="0" Pressure="0"/>
        <Point X="356" Y="279" T="0" Pressure="0"/>
        <Point X="354" Y="284" T="0" Pressure="0"/>
        <Point X="353" Y="290" T="0" Pressure="0"/>
        <Point X="353" Y="294" T="0" Pressure="0"/>
        <Point X="353" Y="299" T="0" Pressure="0"/>
        <Point X="353" Y="304" T="0" Pressure="0"/>
        <Point X="353" Y="307" T="0" Pressure="0"/>
        <Point X="354" Y="311" T="0" Pressure="0"/>
        <Point X="356" Y="313" T="0" Pressure="0"/>
        <Point X="358" Y="316" T="0" Pressure="0"/>
        <Point X="360" Y="319" T="0" Pressure="0"/>
        <Point X="363" Y="321" T="0" Pressure="0"/>
        <Point X="365" Y="323" T="0" Pressure="0"/>
        <Point X="368" Y="326" T="0" Pressure="0"/>
        <Point X="370" Y="328" T="0" Pressure="0"/>
        <Point X="373" Y="329" T="0" Pressure="0"/>
        <Point X="376" Y="332" T="0" Pressure="0"/>
        <Point X="379" Y="333" T="0" Pressure="0"/>
        <Point X="383" Y="334" T="0" Pressure="0"/>
        <Point X="386" Y="335" T="0" Pressure="0"/>
        <Point X="390" Y="335" T="0" Pressure="0"/>
        <Point X="394" Y="335" T="0" Pressure="0"/>
        <Point X="398" Y="335" T="0" Pressure="0"/>
        <Point X="403" Y="335" T="0" Pressure="0"/>
        <Point X="415" Y="329" T="0" Pressure="0"/>
        <Point X="419" Y="327" T="0" Pressure="0"/>
        <Point X="423" Y="324" T="0" Pressure="0"/>
        <Point X="426" Y="321" T="0" Pressure="0"/>
        <Point X="428" Y="318" T="0" Pressure="0"/>
        <Point X="431" Y="316" T="0" Pressure="0"/>
        <Point X="433" Y="313" T="0" Pressure="0"/>
        <Point X="435" Y="310" T="0" Pressure="0"/>
        <Point X="435" Y="307" T="0" Pressure="0"/>
        <Point X="436" Y="303" T="0" Pressure="0"/>
        <Point X="437" Y="299" T="0" Pressure="0"/>
        <Point X="438" Y="295" T="0" Pressure="0"/>
        <Point X="438" Y="291" T="0" Pressure="0"/>
        <Point X="437" Y="287" T="0" Pressure="0"/>
        <Point X="434" Y="277" T="0" Pressure="0"/>
        <Point X="432" Y="272" T="0" Pressure="0"/>
        <Point X="429" Y="268" T="0" Pressure="0"/>
        <Point X="427" Y="264" T="0" Pressure="0"/>
        <Point X="424" Y="259" T="0" Pressure="0"/>
        <Point X="420" Y="256" T="0" Pressure="0"/>
        <Point X="417" Y="252" T="0" Pressure="0"/>
        <Point X="413" Y="249" T="0" Pressure="0"/>
        <Point X="409" Y="246" T="0" Pressure="0"/>
        <Point X="405" Y="244" T="0" Pressure="0"/>
        <Point X="401" Y="243" T="0" Pressure="0"/>
        <Point X="397" Y="242" T="0" Pressure="0"/>
        <Point X="392" Y="241" T="0" Pressure="0"/>
        <Point X="388" Y="241" T="0" Pressure="0"/>
        <Point X="384" Y="241" T="0" Pressure="0"/>
        <Point X="382" Y="241" T="0" Pressure="0"/>
        <Point X="379" Y="241" T="0" Pressure="0"/>
        <Point X="376" Y="241" T="0" Pressure="0"/>
    </Stroke>
    <Stroke index="2">
        <Point X="463" Y="216" T="0" Pressure="0"/>
        <Point X="463" Y="215" T="0" Pressure="0"/>
        <Point X="463" Y="214" T="0" Pressure="0"/>
        <Point X="463" Y="213" T="0" Pressure="0"/>
        <Point X="463" Y="212" T="0" Pressure="0"/>
        <Point X="463" Y="211" T="0" Pressure="0"/>
        <Point X="462" Y="211" T="0" Pressure="0"/>
        <Point X="461" Y="212" T="0" Pressure="0"/>
        <Point X="459" Y="213" T="0" Pressure="0"/>
        <Point X="458" Y="214" T="0" Pressure="0"/>
        <Point X="455" Y="216" T="0" Pressure="0"/>
        <Point X="453" Y="218" T="0" Pressure="0"/>
        <Point X="450" Y="221" T="0" Pressure="0"/>
        <Point X="446" Y="224" T="0" Pressure="0"/>
        <Point X="443" Y="227" T="0" Pressure="0"/>
        <Point X="438" Y="231" T="0" Pressure="0"/>
        <Point X="433" Y="234" T="0" Pressure="0"/>
        <Point X="428" Y="239" T="0" Pressure="0"/>
        <Point X="422" Y="243" T="0" Pressure="0"/>
        <Point X="416" Y="249" T="0" Pressure="0"/>
        <Point X="409" Y="254" T="0" Pressure="0"/>
        <Point X="401" Y="262" T="0" Pressure="0"/>
        <Point X="394" Y="267" T="0" Pressure="0"/>
        <Point X="387" Y="273" T="0" Pressure="0"/>
        <Point X="374" Y="287" T="0" Pressure="0"/>
        <Point X="361" Y="300" T="0" Pressure="0"/>
        <Point X="356" Y="306" T="0" Pressure="0"/>
        <Point X="352" Y="311" T="0" Pressure="0"/>
        <Point X="344" Y="321" T="0" Pressure="0"/>
        <Point X="341" Y="325" T="0" Pressure="0"/>
        <Point X="338" Y="329" T="0" Pressure="0"/>
        <Point X="335" Y="333" T="0" Pressure="0"/>
        <Point X="333" Y="337" T="0" Pressure="0"/>
        <Point X="331" Y="340" T="0" Pressure="0"/>
        <Point X="329" Y="343" T="0" Pressure="0"/>
        <Point X="327" Y="347" T="0" Pressure="0"/>
        <Point X="325" Y="350" T="0" Pressure="0"/>
        <Point X="324" Y="352" T="0" Pressure="0"/>
        <Point X="323" Y="355" T="0" Pressure="0"/>
        <Point X="322" Y="357" T="0" Pressure="0"/>
        <Point X="320" Y="359" T="0" Pressure="0"/>
        <Point X="319" Y="360" T="0" Pressure="0"/>
        <Point X="319" Y="362" T="0" Pressure="0"/>
        <Point X="319" Y="363" T="0" Pressure="0"/>
        <Point X="318" Y="363" T="0" Pressure="0"/>
        <Point X="318" Y="364" T="0" Pressure="0"/>
        <Point X="319" Y="364" T="0" Pressure="0"/>
        <Point X="320" Y="364" T="0" Pressure="0"/>
    </Stroke>
</Gesture>
