<?xml version="1.0" ?>
<Gesture Name="D~04" Subject="2" Number="4" NumPts="77" InputType="stylus" Speed="MEDIUM">
    <Stroke index="1">
        <Point X="404" Y="302" T="0" Pressure="0"/>
        <Point X="403" Y="303" T="0" Pressure="0"/>
        <Point X="404" Y="304" T="0" Pressure="0"/>
        <Point X="404" Y="306" T="0" Pressure="0"/>
        <Point X="405" Y="309" T="0" Pressure="0"/>
        <Point X="405" Y="312" T="0" Pressure="0"/>
        <Point X="405" Y="315" T="0" Pressure="0"/>
        <Point X="406" Y="320" T="0" Pressure="0"/>
        <Point X="406" Y="324" T="0" Pressure="0"/>
        <Point X="406" Y="329" T="0" Pressure="0"/>
        <Point X="406" Y="333" T="0" Pressure="0"/>
        <Point X="406" Y="337" T="0" Pressure="0"/>
        <Point X="405" Y="341" T="0" Pressure="0"/>
        <Point X="405" Y="345" T="0" Pressure="0"/>
        <Point X="405" Y="348" T="0" Pressure="0"/>
        <Point X="404" Y="352" T="0" Pressure="0"/>
        <Point X="404" Y="355" T="0" Pressure="0"/>
        <Point X="404" Y="357" T="0" Pressure="0"/>
        <Point X="403" Y="361" T="0" Pressure="0"/>
        <Point X="403" Y="363" T="0" Pressure="0"/>
        <Point X="403" Y="364" T="0" Pressure="0"/>
        <Point X="403" Y="366" T="0" Pressure="0"/>
        <Point X="403" Y="367" T="0" Pressure="0"/>
        <Point X="403" Y="368" T="0" Pressure="0"/>
    </Stroke>
    <Stroke index="2">
        <Point X="390" Y="298" T="0" Pressure="0"/>
        <Point X="390" Y="296" T="0" Pressure="0"/>
        <Point X="389" Y="293" T="0" Pressure="0"/>
        <Point X="389" Y="290" T="0" Pressure="0"/>
        <Point X="389" Y="289" T="0" Pressure="0"/>
        <Point X="389" Y="287" T="0" Pressure="0"/>
        <Point X="390" Y="287" T="0" Pressure="0"/>
        <Point X="391" Y="284" T="0" Pressure="0"/>
        <Point X="393" Y="284" T="0" Pressure="0"/>
        <Point X="394" Y="284" T="0" Pressure="0"/>
        <Point X="397" Y="283" T="0" Pressure="0"/>
        <Point X="399" Y="283" T="0" Pressure="0"/>
        <Point X="408" Y="282" T="0" Pressure="0"/>
        <Point X="411" Y="282" T="0" Pressure="0"/>
        <Point X="415" Y="282" T="0" Pressure="0"/>
        <Point X="424" Y="283" T="0" Pressure="0"/>
        <Point X="428" Y="284" T="0" Pressure="0"/>
        <Point X="432" Y="286" T="0" Pressure="0"/>
        <Point X="439" Y="289" T="0" Pressure="0"/>
        <Point X="443" Y="291" T="0" Pressure="0"/>
        <Point X="446" Y="294" T="0" Pressure="0"/>
        <Point X="451" Y="301" T="0" Pressure="0"/>
        <Point X="453" Y="305" T="0" Pressure="0"/>
        <Point X="455" Y="309" T="0" Pressure="0"/>
        <Point X="457" Y="318" T="0" Pressure="0"/>
        <Point X="457" Y="322" T="0" Pressure="0"/>
        <Point X="457" Y="327" T="0" Pressure="0"/>
        <Point X="457" Y="336" T="0" Pressure="0"/>
        <Point X="455" Y="340" T="0" Pressure="0"/>
        <Point X="454" Y="344" T="0" Pressure="0"/>
        <Point X="450" Y="351" T="0" Pressure="0"/>
        <Point X="448" Y="354" T="0" Pressure="0"/>
        <Point X="446" Y="358" T="0" Pressure="0"/>
        <Point X="443" Y="361" T="0" Pressure="0"/>
        <Point X="439" Y="363" T="0" Pressure="0"/>
        <Point X="436" Y="365" T="0" Pressure="0"/>
        <Point X="433" Y="367" T="0" Pressure="0"/>
        <Point X="425" Y="371" T="0" Pressure="0"/>
        <Point X="420" Y="373" T="0" Pressure="0"/>
        <Point X="417" Y="375" T="0" Pressure="0"/>
        <Point X="409" Y="377" T="0" Pressure="0"/>
        <Point X="405" Y="377" T="0" Pressure="0"/>
        <Point X="402" Y="377" T="0" Pressure="0"/>
        <Point X="397" Y="378" T="0" Pressure="0"/>
        <Point X="394" Y="378" T="0" Pressure="0"/>
        <Point X="393" Y="378" T="0" Pressure="0"/>
        <Point X="389" Y="378" T="0" Pressure="0"/>
        <Point X="387" Y="378" T="0" Pressure="0"/>
        <Point X="386" Y="377" T="0" Pressure="0"/>
        <Point X="385" Y="377" T="0" Pressure="0"/>
        <Point X="384" Y="377" T="0" Pressure="0"/>
        <Point X="384" Y="376" T="0" Pressure="0"/>
        <Point X="385" Y="374" T="0" Pressure="0"/>
    </Stroke>
</Gesture>
