<?xml version="1.0" ?>
<Gesture Name="half_note~03" Subject="2" Number="3" NumPts="110" InputType="stylus" Speed="MEDIUM">
    <Stroke index="1">
        <Point X="450" Y="212" T="0" Pressure="0"/>
        <Point X="450" Y="213" T="0" Pressure="0"/>
        <Point X="450" Y="214" T="0" Pressure="0"/>
        <Point X="450" Y="215" T="0" Pressure="0"/>
        <Point X="450" Y="218" T="0" Pressure="0"/>
        <Point X="450" Y="221" T="0" Pressure="0"/>
        <Point X="450" Y="224" T="0" Pressure="0"/>
        <Point X="450" Y="228" T="0" Pressure="0"/>
        <Point X="450" Y="233" T="0" Pressure="0"/>
        <Point X="450" Y="238" T="0" Pressure="0"/>
        <Point X="450" Y="244" T="0" Pressure="0"/>
        <Point X="450" Y="249" T="0" Pressure="0"/>
        <Point X="449" Y="255" T="0" Pressure="0"/>
        <Point X="448" Y="261" T="0" Pressure="0"/>
        <Point X="447" Y="282" T="0" Pressure="0"/>
        <Point X="447" Y="289" T="0" Pressure="0"/>
        <Point X="447" Y="296" T="0" Pressure="0"/>
        <Point X="447" Y="303" T="0" Pressure="0"/>
        <Point X="447" Y="310" T="0" Pressure="0"/>
        <Point X="447" Y="317" T="0" Pressure="0"/>
        <Point X="447" Y="323" T="0" Pressure="0"/>
        <Point X="447" Y="329" T="0" Pressure="0"/>
        <Point X="447" Y="334" T="0" Pressure="0"/>
        <Point X="447" Y="338" T="0" Pressure="0"/>
        <Point X="449" Y="346" T="0" Pressure="0"/>
        <Point X="450" Y="349" T="0" Pressure="0"/>
        <Point X="451" Y="356" T="0" Pressure="0"/>
        <Point X="451" Y="358" T="0" Pressure="0"/>
        <Point X="452" Y="359" T="0" Pressure="0"/>
        <Point X="452" Y="361" T="0" Pressure="0"/>
        <Point X="452" Y="362" T="0" Pressure="0"/>
        <Point X="452" Y="363" T="0" Pressure="0"/>
        <Point X="451" Y="363" T="0" Pressure="0"/>
        <Point X="450" Y="363" T="0" Pressure="0"/>
        <Point X="450" Y="364" T="0" Pressure="0"/>
        <Point X="449" Y="364" T="0" Pressure="0"/>
        <Point X="448" Y="364" T="0" Pressure="0"/>
        <Point X="447" Y="365" T="0" Pressure="0"/>
    </Stroke>
    <Stroke index="2">
        <Point X="447" Y="363" T="0" Pressure="0"/>
        <Point X="445" Y="362" T="0" Pressure="0"/>
        <Point X="443" Y="361" T="0" Pressure="0"/>
        <Point X="443" Y="360" T="0" Pressure="0"/>
        <Point X="442" Y="359" T="0" Pressure="0"/>
        <Point X="442" Y="358" T="0" Pressure="0"/>
        <Point X="441" Y="357" T="0" Pressure="0"/>
        <Point X="440" Y="356" T="0" Pressure="0"/>
        <Point X="436" Y="351" T="0" Pressure="0"/>
        <Point X="435" Y="349" T="0" Pressure="0"/>
        <Point X="434" Y="347" T="0" Pressure="0"/>
        <Point X="432" Y="346" T="0" Pressure="0"/>
        <Point X="431" Y="344" T="0" Pressure="0"/>
        <Point X="429" Y="342" T="0" Pressure="0"/>
        <Point X="428" Y="340" T="0" Pressure="0"/>
        <Point X="424" Y="338" T="0" Pressure="0"/>
        <Point X="422" Y="337" T="0" Pressure="0"/>
        <Point X="420" Y="336" T="0" Pressure="0"/>
        <Point X="417" Y="335" T="0" Pressure="0"/>
        <Point X="415" Y="334" T="0" Pressure="0"/>
        <Point X="413" Y="334" T="0" Pressure="0"/>
        <Point X="410" Y="334" T="0" Pressure="0"/>
        <Point X="409" Y="334" T="0" Pressure="0"/>
        <Point X="406" Y="334" T="0" Pressure="0"/>
        <Point X="404" Y="334" T="0" Pressure="0"/>
        <Point X="402" Y="335" T="0" Pressure="0"/>
        <Point X="400" Y="336" T="0" Pressure="0"/>
        <Point X="398" Y="337" T="0" Pressure="0"/>
        <Point X="396" Y="338" T="0" Pressure="0"/>
        <Point X="394" Y="339" T="0" Pressure="0"/>
        <Point X="392" Y="341" T="0" Pressure="0"/>
        <Point X="389" Y="345" T="0" Pressure="0"/>
        <Point X="387" Y="347" T="0" Pressure="0"/>
        <Point X="386" Y="349" T="0" Pressure="0"/>
        <Point X="383" Y="355" T="0" Pressure="0"/>
        <Point X="382" Y="358" T="0" Pressure="0"/>
        <Point X="380" Y="363" T="0" Pressure="0"/>
        <Point X="379" Y="365" T="0" Pressure="0"/>
        <Point X="379" Y="368" T="0" Pressure="0"/>
        <Point X="379" Y="371" T="0" Pressure="0"/>
        <Point X="379" Y="376" T="0" Pressure="0"/>
        <Point X="380" Y="378" T="0" Pressure="0"/>
        <Point X="380" Y="381" T="0" Pressure="0"/>
        <Point X="383" Y="385" T="0" Pressure="0"/>
        <Point X="384" Y="386" T="0" Pressure="0"/>
        <Point X="386" Y="388" T="0" Pressure="0"/>
        <Point X="387" Y="389" T="0" Pressure="0"/>
        <Point X="389" Y="390" T="0" Pressure="0"/>
        <Point X="391" Y="391" T="0" Pressure="0"/>
        <Point X="394" Y="393" T="0" Pressure="0"/>
        <Point X="395" Y="393" T="0" Pressure="0"/>
        <Point X="398" Y="394" T="0" Pressure="0"/>
        <Point X="401" Y="394" T="0" Pressure="0"/>
        <Point X="404" Y="394" T="0" Pressure="0"/>
        <Point X="406" Y="394" T="0" Pressure="0"/>
        <Point X="410" Y="394" T="0" Pressure="0"/>
        <Point X="413" Y="393" T="0" Pressure="0"/>
        <Point X="417" Y="392" T="0" Pressure="0"/>
        <Point X="424" Y="389" T="0" Pressure="0"/>
        <Point X="428" Y="388" T="0" Pressure="0"/>
        <Point X="432" Y="386" T="0" Pressure="0"/>
        <Point X="435" Y="385" T="0" Pressure="0"/>
        <Point X="439" Y="383" T="0" Pressure="0"/>
        <Point X="442" Y="382" T="0" Pressure="0"/>
        <Point X="448" Y="378" T="0" Pressure="0"/>
        <Point X="451" Y="377" T="0" Pressure="0"/>
        <Point X="454" Y="376" T="0" Pressure="0"/>
        <Point X="456" Y="373" T="0" Pressure="0"/>
        <Point X="459" Y="371" T="0" Pressure="0"/>
        <Point X="461" Y="369" T="0" Pressure="0"/>
        <Point X="462" Y="367" T="0" Pressure="0"/>
        <Point X="464" Y="364" T="0" Pressure="0"/>
    </Stroke>
</Gesture>
