<?xml version="1.0" ?>
<Gesture Name="N~05" Subject="2" Number="5" NumPts="118" InputType="stylus" Speed="MEDIUM">
    <Stroke index="1">
        <Point X="361" Y="265" T="0" Pressure="0"/>
        <Point X="360" Y="265" T="0" Pressure="0"/>
        <Point X="359" Y="266" T="0" Pressure="0"/>
        <Point X="359" Y="267" T="0" Pressure="0"/>
        <Point X="357" Y="272" T="0" Pressure="0"/>
        <Point X="357" Y="276" T="0" Pressure="0"/>
        <Point X="357" Y="284" T="0" Pressure="0"/>
        <Point X="356" Y="288" T="0" Pressure="0"/>
        <Point X="356" Y="293" T="0" Pressure="0"/>
        <Point X="356" Y="298" T="0" Pressure="0"/>
        <Point X="356" Y="304" T="0" Pressure="0"/>
        <Point X="356" Y="311" T="0" Pressure="0"/>
        <Point X="356" Y="316" T="0" Pressure="0"/>
        <Point X="356" Y="321" T="0" Pressure="0"/>
        <Point X="356" Y="327" T="0" Pressure="0"/>
        <Point X="356" Y="333" T="0" Pressure="0"/>
        <Point X="356" Y="338" T="0" Pressure="0"/>
        <Point X="356" Y="343" T="0" Pressure="0"/>
        <Point X="356" Y="347" T="0" Pressure="0"/>
        <Point X="356" Y="352" T="0" Pressure="0"/>
        <Point X="357" Y="356" T="0" Pressure="0"/>
        <Point X="357" Y="360" T="0" Pressure="0"/>
        <Point X="357" Y="363" T="0" Pressure="0"/>
        <Point X="357" Y="366" T="0" Pressure="0"/>
        <Point X="358" Y="369" T="0" Pressure="0"/>
        <Point X="359" Y="376" T="0" Pressure="0"/>
        <Point X="359" Y="377" T="0" Pressure="0"/>
        <Point X="359" Y="380" T="0" Pressure="0"/>
        <Point X="359" Y="381" T="0" Pressure="0"/>
        <Point X="359" Y="382" T="0" Pressure="0"/>
        <Point X="359" Y="383" T="0" Pressure="0"/>
        <Point X="360" Y="383" T="0" Pressure="0"/>
    </Stroke>
    <Stroke index="2">
        <Point X="364" Y="272" T="0" Pressure="0"/>
        <Point X="365" Y="272" T="0" Pressure="0"/>
        <Point X="367" Y="273" T="0" Pressure="0"/>
        <Point X="368" Y="274" T="0" Pressure="0"/>
        <Point X="371" Y="276" T="0" Pressure="0"/>
        <Point X="372" Y="278" T="0" Pressure="0"/>
        <Point X="375" Y="279" T="0" Pressure="0"/>
        <Point X="377" Y="282" T="0" Pressure="0"/>
        <Point X="380" Y="286" T="0" Pressure="0"/>
        <Point X="384" Y="289" T="0" Pressure="0"/>
        <Point X="387" Y="293" T="0" Pressure="0"/>
        <Point X="390" Y="297" T="0" Pressure="0"/>
        <Point X="394" Y="302" T="0" Pressure="0"/>
        <Point X="398" Y="306" T="0" Pressure="0"/>
        <Point X="402" Y="311" T="0" Pressure="0"/>
        <Point X="405" Y="315" T="0" Pressure="0"/>
        <Point X="409" Y="319" T="0" Pressure="0"/>
        <Point X="413" Y="323" T="0" Pressure="0"/>
        <Point X="420" Y="332" T="0" Pressure="0"/>
        <Point X="423" Y="336" T="0" Pressure="0"/>
        <Point X="427" Y="340" T="0" Pressure="0"/>
        <Point X="429" Y="343" T="0" Pressure="0"/>
        <Point X="432" Y="347" T="0" Pressure="0"/>
        <Point X="435" Y="351" T="0" Pressure="0"/>
        <Point X="439" Y="354" T="0" Pressure="0"/>
        <Point X="442" Y="357" T="0" Pressure="0"/>
        <Point X="444" Y="360" T="0" Pressure="0"/>
        <Point X="447" Y="362" T="0" Pressure="0"/>
        <Point X="450" Y="364" T="0" Pressure="0"/>
        <Point X="451" Y="366" T="0" Pressure="0"/>
        <Point X="454" Y="368" T="0" Pressure="0"/>
        <Point X="456" Y="369" T="0" Pressure="0"/>
        <Point X="458" Y="371" T="0" Pressure="0"/>
        <Point X="460" Y="371" T="0" Pressure="0"/>
        <Point X="462" Y="371" T="0" Pressure="0"/>
        <Point X="463" Y="371" T="0" Pressure="0"/>
        <Point X="465" Y="371" T="0" Pressure="0"/>
        <Point X="466" Y="371" T="0" Pressure="0"/>
        <Point X="468" Y="371" T="0" Pressure="0"/>
        <Point X="469" Y="371" T="0" Pressure="0"/>
        <Point X="471" Y="369" T="0" Pressure="0"/>
    </Stroke>
    <Stroke index="3">
        <Point X="462" Y="277" T="0" Pressure="0"/>
        <Point X="461" Y="276" T="0" Pressure="0"/>
        <Point X="459" Y="275" T="0" Pressure="0"/>
        <Point X="459" Y="274" T="0" Pressure="0"/>
        <Point X="458" Y="273" T="0" Pressure="0"/>
        <Point X="458" Y="272" T="0" Pressure="0"/>
        <Point X="458" Y="273" T="0" Pressure="0"/>
        <Point X="457" Y="278" T="0" Pressure="0"/>
        <Point X="457" Y="281" T="0" Pressure="0"/>
        <Point X="457" Y="284" T="0" Pressure="0"/>
        <Point X="457" Y="286" T="0" Pressure="0"/>
        <Point X="456" Y="289" T="0" Pressure="0"/>
        <Point X="456" Y="293" T="0" Pressure="0"/>
        <Point X="455" Y="297" T="0" Pressure="0"/>
        <Point X="455" Y="301" T="0" Pressure="0"/>
        <Point X="455" Y="306" T="0" Pressure="0"/>
        <Point X="454" Y="310" T="0" Pressure="0"/>
        <Point X="454" Y="315" T="0" Pressure="0"/>
        <Point X="454" Y="319" T="0" Pressure="0"/>
        <Point X="454" Y="324" T="0" Pressure="0"/>
        <Point X="454" Y="328" T="0" Pressure="0"/>
        <Point X="454" Y="333" T="0" Pressure="0"/>
        <Point X="455" Y="337" T="0" Pressure="0"/>
        <Point X="455" Y="340" T="0" Pressure="0"/>
        <Point X="455" Y="344" T="0" Pressure="0"/>
        <Point X="455" Y="347" T="0" Pressure="0"/>
        <Point X="456" Y="350" T="0" Pressure="0"/>
        <Point X="456" Y="352" T="0" Pressure="0"/>
        <Point X="457" Y="355" T="0" Pressure="0"/>
        <Point X="457" Y="358" T="0" Pressure="0"/>
        <Point X="458" Y="360" T="0" Pressure="0"/>
        <Point X="458" Y="361" T="0" Pressure="0"/>
        <Point X="458" Y="363" T="0" Pressure="0"/>
        <Point X="458" Y="364" T="0" Pressure="0"/>
        <Point X="458" Y="365" T="0" Pressure="0"/>
        <Point X="458" Y="366" T="0" Pressure="0"/>
        <Point X="458" Y="367" T="0" Pressure="0"/>
        <Point X="458" Y="368" T="0" Pressure="0"/>
        <Point X="458" Y="369" T="0" Pressure="0"/>
        <Point X="458" Y="370" T="0" Pressure="0"/>
        <Point X="458" Y="371" T="0" Pressure="0"/>
        <Point X="458" Y="372" T="0" Pressure="0"/>
        <Point X="458" Y="373" T="0" Pressure="0"/>
        <Point X="458" Y="374" T="0" Pressure="0"/>
        <Point X="458" Y="375" T="0" Pressure="0"/>
    </Stroke>
</Gesture>
