<?xml version="1.0" ?>
<Gesture Name="asterisk~01" Subject="2" Number="1" NumPts="114" InputType="stylus" Speed="MEDIUM">
    <Stroke index="1">
        <Point X="392" Y="153" T="0" Pressure="0"/>
        <Point X="391" Y="153" T="0" Pressure="0"/>
        <Point X="391" Y="154" T="0" Pressure="0"/>
        <Point X="391" Y="155" T="0" Pressure="0"/>
        <Point X="391" Y="157" T="0" Pressure="0"/>
        <Point X="391" Y="159" T="0" Pressure="0"/>
        <Point X="391" Y="164" T="0" Pressure="0"/>
        <Point X="391" Y="168" T="0" Pressure="0"/>
        <Point X="390" Y="173" T="0" Pressure="0"/>
        <Point X="390" Y="185" T="0" Pressure="0"/>
        <Point X="390" Y="192" T="0" Pressure="0"/>
        <Point X="389" Y="201" T="0" Pressure="0"/>
        <Point X="388" Y="209" T="0" Pressure="0"/>
        <Point X="387" Y="218" T="0" Pressure="0"/>
        <Point X="386" Y="228" T="0" Pressure="0"/>
        <Point X="384" Y="239" T="0" Pressure="0"/>
        <Point X="383" Y="249" T="0" Pressure="0"/>
        <Point X="382" Y="261" T="0" Pressure="0"/>
        <Point X="381" Y="271" T="0" Pressure="0"/>
        <Point X="380" Y="280" T="0" Pressure="0"/>
        <Point X="380" Y="289" T="0" Pressure="0"/>
        <Point X="380" Y="297" T="0" Pressure="0"/>
        <Point X="380" Y="305" T="0" Pressure="0"/>
        <Point X="380" Y="312" T="0" Pressure="0"/>
        <Point X="380" Y="317" T="0" Pressure="0"/>
        <Point X="380" Y="321" T="0" Pressure="0"/>
        <Point X="382" Y="325" T="0" Pressure="0"/>
        <Point X="382" Y="328" T="0" Pressure="0"/>
        <Point X="383" Y="333" T="0" Pressure="0"/>
        <Point X="383" Y="334" T="0" Pressure="0"/>
        <Point X="383" Y="335" T="0" Pressure="0"/>
        <Point X="383" Y="337" T="0" Pressure="0"/>
        <Point X="383" Y="338" T="0" Pressure="0"/>
        <Point X="382" Y="338" T="0" Pressure="0"/>
        <Point X="382" Y="337" T="0" Pressure="0"/>
        <Point X="381" Y="336" T="0" Pressure="0"/>
        <Point X="380" Y="335" T="0" Pressure="0"/>
    </Stroke>
    <Stroke index="2">
        <Point X="307" Y="178" T="0" Pressure="0"/>
        <Point X="307" Y="177" T="0" Pressure="0"/>
        <Point X="307" Y="176" T="0" Pressure="0"/>
        <Point X="306" Y="175" T="0" Pressure="0"/>
        <Point X="306" Y="174" T="0" Pressure="0"/>
        <Point X="307" Y="174" T="0" Pressure="0"/>
        <Point X="308" Y="175" T="0" Pressure="0"/>
        <Point X="310" Y="176" T="0" Pressure="0"/>
        <Point X="311" Y="177" T="0" Pressure="0"/>
        <Point X="314" Y="178" T="0" Pressure="0"/>
        <Point X="319" Y="181" T="0" Pressure="0"/>
        <Point X="322" Y="183" T="0" Pressure="0"/>
        <Point X="325" Y="185" T="0" Pressure="0"/>
        <Point X="329" Y="188" T="0" Pressure="0"/>
        <Point X="333" Y="191" T="0" Pressure="0"/>
        <Point X="338" Y="194" T="0" Pressure="0"/>
        <Point X="343" Y="199" T="0" Pressure="0"/>
        <Point X="348" Y="204" T="0" Pressure="0"/>
        <Point X="353" Y="209" T="0" Pressure="0"/>
        <Point X="364" Y="221" T="0" Pressure="0"/>
        <Point X="368" Y="228" T="0" Pressure="0"/>
        <Point X="375" Y="235" T="0" Pressure="0"/>
        <Point X="379" Y="241" T="0" Pressure="0"/>
        <Point X="383" Y="247" T="0" Pressure="0"/>
        <Point X="389" Y="253" T="0" Pressure="0"/>
        <Point X="393" Y="259" T="0" Pressure="0"/>
        <Point X="398" Y="265" T="0" Pressure="0"/>
        <Point X="403" Y="271" T="0" Pressure="0"/>
        <Point X="408" Y="274" T="0" Pressure="0"/>
        <Point X="412" Y="278" T="0" Pressure="0"/>
        <Point X="419" Y="284" T="0" Pressure="0"/>
        <Point X="423" Y="288" T="0" Pressure="0"/>
        <Point X="426" Y="290" T="0" Pressure="0"/>
        <Point X="431" Y="293" T="0" Pressure="0"/>
        <Point X="433" Y="294" T="0" Pressure="0"/>
        <Point X="435" Y="295" T="0" Pressure="0"/>
        <Point X="436" Y="296" T="0" Pressure="0"/>
        <Point X="438" Y="296" T="0" Pressure="0"/>
        <Point X="439" Y="297" T="0" Pressure="0"/>
        <Point X="440" Y="297" T="0" Pressure="0"/>
        <Point X="440" Y="296" T="0" Pressure="0"/>
    </Stroke>
    <Stroke index="3">
        <Point X="443" Y="166" T="0" Pressure="0"/>
        <Point X="440" Y="165" T="0" Pressure="0"/>
        <Point X="439" Y="165" T="0" Pressure="0"/>
        <Point X="436" Y="166" T="0" Pressure="0"/>
        <Point X="435" Y="167" T="0" Pressure="0"/>
        <Point X="432" Y="169" T="0" Pressure="0"/>
        <Point X="431" Y="172" T="0" Pressure="0"/>
        <Point X="428" Y="175" T="0" Pressure="0"/>
        <Point X="422" Y="183" T="0" Pressure="0"/>
        <Point X="418" Y="188" T="0" Pressure="0"/>
        <Point X="413" Y="193" T="0" Pressure="0"/>
        <Point X="409" Y="199" T="0" Pressure="0"/>
        <Point X="405" Y="205" T="0" Pressure="0"/>
        <Point X="396" Y="218" T="0" Pressure="0"/>
        <Point X="391" Y="226" T="0" Pressure="0"/>
        <Point X="386" Y="234" T="0" Pressure="0"/>
        <Point X="381" Y="241" T="0" Pressure="0"/>
        <Point X="376" Y="249" T="0" Pressure="0"/>
        <Point X="371" Y="257" T="0" Pressure="0"/>
        <Point X="366" Y="264" T="0" Pressure="0"/>
        <Point X="357" Y="278" T="0" Pressure="0"/>
        <Point X="353" Y="283" T="0" Pressure="0"/>
        <Point X="349" Y="289" T="0" Pressure="0"/>
        <Point X="346" Y="293" T="0" Pressure="0"/>
        <Point X="342" Y="298" T="0" Pressure="0"/>
        <Point X="340" Y="302" T="0" Pressure="0"/>
        <Point X="336" Y="305" T="0" Pressure="0"/>
        <Point X="334" Y="308" T="0" Pressure="0"/>
        <Point X="331" Y="310" T="0" Pressure="0"/>
        <Point X="329" Y="311" T="0" Pressure="0"/>
        <Point X="327" Y="313" T="0" Pressure="0"/>
        <Point X="326" Y="313" T="0" Pressure="0"/>
        <Point X="325" Y="314" T="0" Pressure="0"/>
        <Point X="324" Y="315" T="0" Pressure="0"/>
        <Point X="323" Y="315" T="0" Pressure="0"/>
        <Point X="324" Y="315" T="0" Pressure="0"/>
    </Stroke>
</Gesture>
