<?xml version="1.0" ?>
<Gesture Name="arrowhead~09" Subject="2" Number="9" NumPts="94" InputType="stylus" Speed="MEDIUM">
    <Stroke index="1">
        <Point X="307" Y="363" T="0" Pressure="0"/>
        <Point X="308" Y="363" T="0" Pressure="0"/>
        <Point X="310" Y="363" T="0" Pressure="0"/>
        <Point X="311" Y="363" T="0" Pressure="0"/>
        <Point X="313" Y="362" T="0" Pressure="0"/>
        <Point X="315" Y="362" T="0" Pressure="0"/>
        <Point X="318" Y="361" T="0" Pressure="0"/>
        <Point X="321" Y="361" T="0" Pressure="0"/>
        <Point X="324" Y="361" T="0" Pressure="0"/>
        <Point X="328" Y="360" T="0" Pressure="0"/>
        <Point X="332" Y="360" T="0" Pressure="0"/>
        <Point X="337" Y="360" T="0" Pressure="0"/>
        <Point X="341" Y="360" T="0" Pressure="0"/>
        <Point X="348" Y="359" T="0" Pressure="0"/>
        <Point X="364" Y="358" T="0" Pressure="0"/>
        <Point X="371" Y="358" T="0" Pressure="0"/>
        <Point X="377" Y="357" T="0" Pressure="0"/>
        <Point X="383" Y="356" T="0" Pressure="0"/>
        <Point X="390" Y="356" T="0" Pressure="0"/>
        <Point X="395" Y="355" T="0" Pressure="0"/>
        <Point X="401" Y="355" T="0" Pressure="0"/>
        <Point X="407" Y="354" T="0" Pressure="0"/>
        <Point X="413" Y="353" T="0" Pressure="0"/>
        <Point X="419" Y="353" T="0" Pressure="0"/>
        <Point X="424" Y="352" T="0" Pressure="0"/>
        <Point X="428" Y="352" T="0" Pressure="0"/>
        <Point X="432" Y="352" T="0" Pressure="0"/>
        <Point X="436" Y="352" T="0" Pressure="0"/>
        <Point X="440" Y="352" T="0" Pressure="0"/>
        <Point X="444" Y="351" T="0" Pressure="0"/>
        <Point X="447" Y="351" T="0" Pressure="0"/>
        <Point X="450" Y="351" T="0" Pressure="0"/>
        <Point X="453" Y="351" T="0" Pressure="0"/>
        <Point X="455" Y="351" T="0" Pressure="0"/>
        <Point X="458" Y="351" T="0" Pressure="0"/>
        <Point X="460" Y="351" T="0" Pressure="0"/>
        <Point X="462" Y="351" T="0" Pressure="0"/>
        <Point X="463" Y="351" T="0" Pressure="0"/>
        <Point X="465" Y="351" T="0" Pressure="0"/>
        <Point X="466" Y="351" T="0" Pressure="0"/>
        <Point X="468" Y="351" T="0" Pressure="0"/>
        <Point X="469" Y="351" T="0" Pressure="0"/>
        <Point X="470" Y="351" T="0" Pressure="0"/>
    </Stroke>
    <Stroke index="2">
        <Point X="434" Y="324" T="0" Pressure="0"/>
        <Point X="432" Y="324" T="0" Pressure="0"/>
        <Point X="432" Y="323" T="0" Pressure="0"/>
        <Point X="433" Y="323" T="0" Pressure="0"/>
        <Point X="434" Y="324" T="0" Pressure="0"/>
        <Point X="435" Y="324" T="0" Pressure="0"/>
        <Point X="439" Y="326" T="0" Pressure="0"/>
        <Point X="440" Y="326" T="0" Pressure="0"/>
        <Point X="442" Y="327" T="0" Pressure="0"/>
        <Point X="443" Y="327" T="0" Pressure="0"/>
        <Point X="446" Y="328" T="0" Pressure="0"/>
        <Point X="447" Y="328" T="0" Pressure="0"/>
        <Point X="450" Y="329" T="0" Pressure="0"/>
        <Point X="452" Y="331" T="0" Pressure="0"/>
        <Point X="454" Y="331" T="0" Pressure="0"/>
        <Point X="457" Y="332" T="0" Pressure="0"/>
        <Point X="459" Y="333" T="0" Pressure="0"/>
        <Point X="462" Y="333" T="0" Pressure="0"/>
        <Point X="465" Y="334" T="0" Pressure="0"/>
        <Point X="470" Y="336" T="0" Pressure="0"/>
        <Point X="473" Y="337" T="0" Pressure="0"/>
        <Point X="475" Y="337" T="0" Pressure="0"/>
        <Point X="478" Y="338" T="0" Pressure="0"/>
        <Point X="480" Y="339" T="0" Pressure="0"/>
        <Point X="483" Y="340" T="0" Pressure="0"/>
        <Point X="485" Y="341" T="0" Pressure="0"/>
        <Point X="487" Y="342" T="0" Pressure="0"/>
        <Point X="489" Y="345" T="0" Pressure="0"/>
        <Point X="491" Y="346" T="0" Pressure="0"/>
        <Point X="492" Y="348" T="0" Pressure="0"/>
        <Point X="492" Y="349" T="0" Pressure="0"/>
        <Point X="492" Y="351" T="0" Pressure="0"/>
        <Point X="492" Y="352" T="0" Pressure="0"/>
        <Point X="492" Y="353" T="0" Pressure="0"/>
        <Point X="492" Y="355" T="0" Pressure="0"/>
        <Point X="491" Y="356" T="0" Pressure="0"/>
        <Point X="489" Y="357" T="0" Pressure="0"/>
        <Point X="485" Y="360" T="0" Pressure="0"/>
        <Point X="484" Y="361" T="0" Pressure="0"/>
        <Point X="481" Y="362" T="0" Pressure="0"/>
        <Point X="479" Y="363" T="0" Pressure="0"/>
        <Point X="474" Y="366" T="0" Pressure="0"/>
        <Point X="472" Y="368" T="0" Pressure="0"/>
        <Point X="469" Y="369" T="0" Pressure="0"/>
        <Point X="466" Y="371" T="0" Pressure="0"/>
        <Point X="463" Y="373" T="0" Pressure="0"/>
        <Point X="461" Y="375" T="0" Pressure="0"/>
        <Point X="459" Y="376" T="0" Pressure="0"/>
        <Point X="457" Y="377" T="0" Pressure="0"/>
        <Point X="455" Y="380" T="0" Pressure="0"/>
        <Point X="453" Y="381" T="0" Pressure="0"/>
    </Stroke>
</Gesture>
