<?xml version="1.0" ?>
<Gesture Name="T~07" Subject="2" Number="7" NumPts="65" InputType="stylus" Speed="MEDIUM">
    <Stroke index="1">
        <Point X="343" Y="293" T="0" Pressure="0"/>
        <Point X="345" Y="293" T="0" Pressure="0"/>
        <Point X="350" Y="290" T="0" Pressure="0"/>
        <Point X="353" Y="289" T="0" Pressure="0"/>
        <Point X="357" Y="288" T="0" Pressure="0"/>
        <Point X="362" Y="287" T="0" Pressure="0"/>
        <Point X="368" Y="286" T="0" Pressure="0"/>
        <Point X="372" Y="284" T="0" Pressure="0"/>
        <Point X="379" Y="284" T="0" Pressure="0"/>
        <Point X="383" Y="283" T="0" Pressure="0"/>
        <Point X="388" Y="283" T="0" Pressure="0"/>
        <Point X="394" Y="282" T="0" Pressure="0"/>
        <Point X="398" Y="282" T="0" Pressure="0"/>
        <Point X="404" Y="281" T="0" Pressure="0"/>
        <Point X="409" Y="281" T="0" Pressure="0"/>
        <Point X="413" Y="281" T="0" Pressure="0"/>
        <Point X="419" Y="280" T="0" Pressure="0"/>
        <Point X="423" Y="279" T="0" Pressure="0"/>
        <Point X="427" Y="279" T="0" Pressure="0"/>
        <Point X="431" Y="279" T="0" Pressure="0"/>
        <Point X="435" Y="279" T="0" Pressure="0"/>
        <Point X="442" Y="278" T="0" Pressure="0"/>
        <Point X="444" Y="278" T="0" Pressure="0"/>
        <Point X="447" Y="278" T="0" Pressure="0"/>
        <Point X="450" Y="278" T="0" Pressure="0"/>
        <Point X="452" Y="278" T="0" Pressure="0"/>
        <Point X="453" Y="278" T="0" Pressure="0"/>
        <Point X="454" Y="278" T="0" Pressure="0"/>
        <Point X="455" Y="278" T="0" Pressure="0"/>
        <Point X="455" Y="279" T="0" Pressure="0"/>
        <Point X="454" Y="280" T="0" Pressure="0"/>
        <Point X="453" Y="281" T="0" Pressure="0"/>
    </Stroke>
    <Stroke index="2">
        <Point X="406" Y="290" T="0" Pressure="0"/>
        <Point X="405" Y="289" T="0" Pressure="0"/>
        <Point X="405" Y="288" T="0" Pressure="0"/>
        <Point X="405" Y="287" T="0" Pressure="0"/>
        <Point X="405" Y="286" T="0" Pressure="0"/>
        <Point X="404" Y="286" T="0" Pressure="0"/>
        <Point X="404" Y="285" T="0" Pressure="0"/>
        <Point X="404" Y="286" T="0" Pressure="0"/>
        <Point X="404" Y="287" T="0" Pressure="0"/>
        <Point X="404" Y="289" T="0" Pressure="0"/>
        <Point X="404" Y="291" T="0" Pressure="0"/>
        <Point X="404" Y="298" T="0" Pressure="0"/>
        <Point X="404" Y="301" T="0" Pressure="0"/>
        <Point X="404" Y="303" T="0" Pressure="0"/>
        <Point X="403" Y="311" T="0" Pressure="0"/>
        <Point X="403" Y="314" T="0" Pressure="0"/>
        <Point X="403" Y="318" T="0" Pressure="0"/>
        <Point X="403" Y="326" T="0" Pressure="0"/>
        <Point X="403" Y="329" T="0" Pressure="0"/>
        <Point X="403" Y="333" T="0" Pressure="0"/>
        <Point X="404" Y="339" T="0" Pressure="0"/>
        <Point X="405" Y="349" T="0" Pressure="0"/>
        <Point X="405" Y="351" T="0" Pressure="0"/>
        <Point X="405" Y="352" T="0" Pressure="0"/>
        <Point X="405" Y="353" T="0" Pressure="0"/>
        <Point X="405" Y="355" T="0" Pressure="0"/>
        <Point X="405" Y="356" T="0" Pressure="0"/>
        <Point X="405" Y="357" T="0" Pressure="0"/>
        <Point X="405" Y="358" T="0" Pressure="0"/>
        <Point X="405" Y="359" T="0" Pressure="0"/>
        <Point X="405" Y="360" T="0" Pressure="0"/>
        <Point X="404" Y="361" T="0" Pressure="0"/>
        <Point X="404" Y="362" T="0" Pressure="0"/>
    </Stroke>
</Gesture>
