<?xml version="1.0" ?>
<Gesture Name="I~02" Subject="2" Number="2" NumPts="79" InputType="stylus" Speed="MEDIUM">
    <Stroke index="1">
        <Point X="319" Y="239" T="0" Pressure="0"/>
        <Point X="318" Y="238" T="0" Pressure="0"/>
        <Point X="318" Y="237" T="0" Pressure="0"/>
        <Point X="319" Y="236" T="0" Pressure="0"/>
        <Point X="321" Y="234" T="0" Pressure="0"/>
        <Point X="323" Y="234" T="0" Pressure="0"/>
        <Point X="327" Y="232" T="0" Pressure="0"/>
        <Point X="330" Y="231" T="0" Pressure="0"/>
        <Point X="335" Y="229" T="0" Pressure="0"/>
        <Point X="341" Y="228" T="0" Pressure="0"/>
        <Point X="364" Y="223" T="0" Pressure="0"/>
        <Point X="371" Y="221" T="0" Pressure="0"/>
        <Point X="379" Y="219" T="0" Pressure="0"/>
        <Point X="388" Y="218" T="0" Pressure="0"/>
        <Point X="397" Y="216" T="0" Pressure="0"/>
        <Point X="405" Y="214" T="0" Pressure="0"/>
        <Point X="414" Y="213" T="0" Pressure="0"/>
        <Point X="421" Y="212" T="0" Pressure="0"/>
        <Point X="428" Y="211" T="0" Pressure="0"/>
        <Point X="435" Y="211" T="0" Pressure="0"/>
        <Point X="440" Y="210" T="0" Pressure="0"/>
        <Point X="446" Y="210" T="0" Pressure="0"/>
        <Point X="451" Y="210" T="0" Pressure="0"/>
        <Point X="455" Y="210" T="0" Pressure="0"/>
        <Point X="459" Y="210" T="0" Pressure="0"/>
        <Point X="465" Y="211" T="0" Pressure="0"/>
        <Point X="469" Y="213" T="0" Pressure="0"/>
        <Point X="469" Y="214" T="0" Pressure="0"/>
    </Stroke>
    <Stroke index="2">
        <Point X="399" Y="227" T="0" Pressure="0"/>
        <Point X="397" Y="227" T="0" Pressure="0"/>
        <Point X="396" Y="226" T="0" Pressure="0"/>
        <Point X="395" Y="226" T="0" Pressure="0"/>
        <Point X="395" Y="228" T="0" Pressure="0"/>
        <Point X="395" Y="229" T="0" Pressure="0"/>
        <Point X="396" Y="231" T="0" Pressure="0"/>
        <Point X="396" Y="234" T="0" Pressure="0"/>
        <Point X="396" Y="237" T="0" Pressure="0"/>
        <Point X="396" Y="245" T="0" Pressure="0"/>
        <Point X="395" Y="249" T="0" Pressure="0"/>
        <Point X="395" Y="254" T="0" Pressure="0"/>
        <Point X="394" Y="261" T="0" Pressure="0"/>
        <Point X="393" Y="267" T="0" Pressure="0"/>
        <Point X="390" Y="281" T="0" Pressure="0"/>
        <Point X="389" Y="293" T="0" Pressure="0"/>
        <Point X="387" Y="299" T="0" Pressure="0"/>
        <Point X="386" Y="305" T="0" Pressure="0"/>
        <Point X="385" Y="316" T="0" Pressure="0"/>
        <Point X="384" Y="321" T="0" Pressure="0"/>
        <Point X="384" Y="324" T="0" Pressure="0"/>
        <Point X="383" Y="329" T="0" Pressure="0"/>
        <Point X="383" Y="333" T="0" Pressure="0"/>
        <Point X="382" Y="336" T="0" Pressure="0"/>
        <Point X="382" Y="339" T="0" Pressure="0"/>
    </Stroke>
    <Stroke index="3">
        <Point X="323" Y="369" T="0" Pressure="0"/>
        <Point X="319" Y="369" T="0" Pressure="0"/>
        <Point X="319" Y="368" T="0" Pressure="0"/>
        <Point X="319" Y="367" T="0" Pressure="0"/>
        <Point X="321" Y="367" T="0" Pressure="0"/>
        <Point X="323" Y="367" T="0" Pressure="0"/>
        <Point X="326" Y="367" T="0" Pressure="0"/>
        <Point X="329" Y="366" T="0" Pressure="0"/>
        <Point X="338" Y="366" T="0" Pressure="0"/>
        <Point X="342" Y="366" T="0" Pressure="0"/>
        <Point X="349" Y="365" T="0" Pressure="0"/>
        <Point X="361" Y="364" T="0" Pressure="0"/>
        <Point X="368" Y="364" T="0" Pressure="0"/>
        <Point X="375" Y="363" T="0" Pressure="0"/>
        <Point X="382" Y="363" T="0" Pressure="0"/>
        <Point X="389" Y="362" T="0" Pressure="0"/>
        <Point X="394" Y="362" T="0" Pressure="0"/>
        <Point X="400" Y="361" T="0" Pressure="0"/>
        <Point X="409" Y="360" T="0" Pressure="0"/>
        <Point X="413" Y="360" T="0" Pressure="0"/>
        <Point X="418" Y="359" T="0" Pressure="0"/>
        <Point X="424" Y="358" T="0" Pressure="0"/>
        <Point X="426" Y="358" T="0" Pressure="0"/>
        <Point X="428" Y="358" T="0" Pressure="0"/>
        <Point X="432" Y="358" T="0" Pressure="0"/>
        <Point X="433" Y="358" T="0" Pressure="0"/>
    </Stroke>
</Gesture>
