<?xml version="1.0" ?>
<Gesture Name="five_point_star~10" Subject="2" Number="10" NumPts="151" InputType="stylus" Speed="MEDIUM">
    <Stroke index="1">
        <Point X="357" Y="386" T="0" Pressure="0"/>
        <Point X="356" Y="386" T="0" Pressure="0"/>
        <Point X="356" Y="385" T="0" Pressure="0"/>
        <Point X="355" Y="385" T="0" Pressure="0"/>
        <Point X="354" Y="383" T="0" Pressure="0"/>
        <Point X="354" Y="382" T="0" Pressure="0"/>
        <Point X="354" Y="381" T="0" Pressure="0"/>
        <Point X="354" Y="378" T="0" Pressure="0"/>
        <Point X="355" Y="377" T="0" Pressure="0"/>
        <Point X="355" Y="375" T="0" Pressure="0"/>
        <Point X="359" Y="366" T="0" Pressure="0"/>
        <Point X="360" Y="363" T="0" Pressure="0"/>
        <Point X="363" Y="359" T="0" Pressure="0"/>
        <Point X="365" Y="355" T="0" Pressure="0"/>
        <Point X="367" Y="351" T="0" Pressure="0"/>
        <Point X="369" Y="346" T="0" Pressure="0"/>
        <Point X="372" Y="340" T="0" Pressure="0"/>
        <Point X="375" Y="335" T="0" Pressure="0"/>
        <Point X="378" Y="328" T="0" Pressure="0"/>
        <Point X="380" Y="322" T="0" Pressure="0"/>
        <Point X="383" Y="316" T="0" Pressure="0"/>
        <Point X="385" Y="310" T="0" Pressure="0"/>
        <Point X="387" Y="304" T="0" Pressure="0"/>
        <Point X="390" Y="298" T="0" Pressure="0"/>
        <Point X="391" Y="292" T="0" Pressure="0"/>
        <Point X="393" Y="288" T="0" Pressure="0"/>
        <Point X="394" Y="283" T="0" Pressure="0"/>
        <Point X="395" Y="279" T="0" Pressure="0"/>
        <Point X="397" Y="272" T="0" Pressure="0"/>
        <Point X="398" Y="269" T="0" Pressure="0"/>
        <Point X="398" Y="268" T="0" Pressure="0"/>
        <Point X="399" Y="267" T="0" Pressure="0"/>
        <Point X="399" Y="266" T="0" Pressure="0"/>
        <Point X="400" Y="265" T="0" Pressure="0"/>
        <Point X="401" Y="265" T="0" Pressure="0"/>
        <Point X="402" Y="266" T="0" Pressure="0"/>
        <Point X="404" Y="268" T="0" Pressure="0"/>
        <Point X="405" Y="270" T="0" Pressure="0"/>
        <Point X="406" Y="272" T="0" Pressure="0"/>
        <Point X="408" Y="275" T="0" Pressure="0"/>
        <Point X="409" Y="278" T="0" Pressure="0"/>
        <Point X="412" Y="287" T="0" Pressure="0"/>
        <Point X="414" Y="292" T="0" Pressure="0"/>
        <Point X="417" Y="296" T="0" Pressure="0"/>
        <Point X="419" Y="302" T="0" Pressure="0"/>
        <Point X="421" Y="307" T="0" Pressure="0"/>
        <Point X="426" Y="316" T="0" Pressure="0"/>
        <Point X="429" Y="322" T="0" Pressure="0"/>
        <Point X="432" Y="327" T="0" Pressure="0"/>
        <Point X="434" Y="331" T="0" Pressure="0"/>
        <Point X="436" Y="336" T="0" Pressure="0"/>
        <Point X="438" Y="339" T="0" Pressure="0"/>
        <Point X="440" Y="343" T="0" Pressure="0"/>
        <Point X="442" Y="347" T="0" Pressure="0"/>
        <Point X="443" Y="351" T="0" Pressure="0"/>
        <Point X="445" Y="354" T="0" Pressure="0"/>
        <Point X="447" Y="357" T="0" Pressure="0"/>
        <Point X="448" Y="363" T="0" Pressure="0"/>
        <Point X="450" Y="365" T="0" Pressure="0"/>
        <Point X="450" Y="367" T="0" Pressure="0"/>
        <Point X="451" Y="371" T="0" Pressure="0"/>
        <Point X="451" Y="372" T="0" Pressure="0"/>
        <Point X="451" Y="373" T="0" Pressure="0"/>
        <Point X="451" Y="375" T="0" Pressure="0"/>
        <Point X="450" Y="375" T="0" Pressure="0"/>
        <Point X="448" Y="375" T="0" Pressure="0"/>
        <Point X="447" Y="375" T="0" Pressure="0"/>
        <Point X="446" Y="375" T="0" Pressure="0"/>
        <Point X="443" Y="374" T="0" Pressure="0"/>
        <Point X="441" Y="373" T="0" Pressure="0"/>
        <Point X="438" Y="372" T="0" Pressure="0"/>
        <Point X="432" Y="371" T="0" Pressure="0"/>
        <Point X="429" Y="369" T="0" Pressure="0"/>
        <Point X="425" Y="368" T="0" Pressure="0"/>
        <Point X="417" Y="364" T="0" Pressure="0"/>
        <Point X="413" Y="363" T="0" Pressure="0"/>
        <Point X="398" Y="358" T="0" Pressure="0"/>
        <Point X="393" Y="356" T="0" Pressure="0"/>
        <Point X="388" Y="355" T="0" Pressure="0"/>
        <Point X="378" Y="352" T="0" Pressure="0"/>
        <Point X="374" Y="350" T="0" Pressure="0"/>
        <Point X="369" Y="348" T="0" Pressure="0"/>
        <Point X="362" Y="346" T="0" Pressure="0"/>
        <Point X="358" Y="345" T="0" Pressure="0"/>
        <Point X="355" Y="344" T="0" Pressure="0"/>
        <Point X="349" Y="342" T="0" Pressure="0"/>
        <Point X="348" Y="342" T="0" Pressure="0"/>
        <Point X="345" Y="341" T="0" Pressure="0"/>
        <Point X="342" Y="340" T="0" Pressure="0"/>
        <Point X="341" Y="340" T="0" Pressure="0"/>
        <Point X="341" Y="339" T="0" Pressure="0"/>
        <Point X="341" Y="338" T="0" Pressure="0"/>
        <Point X="342" Y="338" T="0" Pressure="0"/>
        <Point X="344" Y="337" T="0" Pressure="0"/>
        <Point X="346" Y="336" T="0" Pressure="0"/>
        <Point X="349" Y="335" T="0" Pressure="0"/>
        <Point X="356" Y="332" T="0" Pressure="0"/>
        <Point X="360" Y="331" T="0" Pressure="0"/>
        <Point X="364" Y="328" T="0" Pressure="0"/>
        <Point X="375" Y="324" T="0" Pressure="0"/>
        <Point X="381" Y="321" T="0" Pressure="0"/>
        <Point X="387" Y="319" T="0" Pressure="0"/>
        <Point X="401" Y="313" T="0" Pressure="0"/>
        <Point X="409" Y="310" T="0" Pressure="0"/>
        <Point X="416" Y="307" T="0" Pressure="0"/>
        <Point X="431" Y="300" T="0" Pressure="0"/>
        <Point X="436" Y="296" T="0" Pressure="0"/>
        <Point X="442" Y="294" T="0" Pressure="0"/>
        <Point X="451" Y="289" T="0" Pressure="0"/>
        <Point X="454" Y="288" T="0" Pressure="0"/>
        <Point X="457" Y="288" T="0" Pressure="0"/>
        <Point X="461" Y="287" T="0" Pressure="0"/>
        <Point X="462" Y="287" T="0" Pressure="0"/>
        <Point X="463" Y="287" T="0" Pressure="0"/>
        <Point X="464" Y="288" T="0" Pressure="0"/>
        <Point X="464" Y="290" T="0" Pressure="0"/>
        <Point X="463" Y="291" T="0" Pressure="0"/>
        <Point X="462" Y="293" T="0" Pressure="0"/>
        <Point X="460" Y="298" T="0" Pressure="0"/>
        <Point X="458" Y="301" T="0" Pressure="0"/>
        <Point X="455" Y="304" T="0" Pressure="0"/>
        <Point X="450" Y="312" T="0" Pressure="0"/>
        <Point X="448" Y="316" T="0" Pressure="0"/>
        <Point X="445" Y="320" T="0" Pressure="0"/>
        <Point X="439" Y="328" T="0" Pressure="0"/>
        <Point X="435" Y="334" T="0" Pressure="0"/>
        <Point X="432" Y="338" T="0" Pressure="0"/>
        <Point X="420" Y="349" T="0" Pressure="0"/>
        <Point X="416" Y="353" T="0" Pressure="0"/>
        <Point X="406" Y="361" T="0" Pressure="0"/>
        <Point X="402" Y="364" T="0" Pressure="0"/>
        <Point X="398" Y="367" T="0" Pressure="0"/>
        <Point X="391" Y="372" T="0" Pressure="0"/>
        <Point X="387" Y="374" T="0" Pressure="0"/>
        <Point X="385" Y="376" T="0" Pressure="0"/>
        <Point X="379" Y="379" T="0" Pressure="0"/>
        <Point X="377" Y="381" T="0" Pressure="0"/>
        <Point X="375" Y="382" T="0" Pressure="0"/>
        <Point X="371" Y="384" T="0" Pressure="0"/>
        <Point X="369" Y="385" T="0" Pressure="0"/>
        <Point X="368" Y="386" T="0" Pressure="0"/>
        <Point X="367" Y="386" T="0" Pressure="0"/>
        <Point X="368" Y="386" T="0" Pressure="0"/>
        <Point X="368" Y="387" T="0" Pressure="0"/>
        <Point X="369" Y="387" T="0" Pressure="0"/>
        <Point X="371" Y="387" T="0" Pressure="0"/>
        <Point X="372" Y="387" T="0" Pressure="0"/>
        <Point X="374" Y="388" T="0" Pressure="0"/>
        <Point X="375" Y="388" T="0" Pressure="0"/>
        <Point X="377" Y="388" T="0" Pressure="0"/>
        <Point X="379" Y="389" T="0" Pressure="0"/>
    </Stroke>
</Gesture>
