<?xml version="1.0" ?>
<Gesture Name="asterisk~10" Subject="2" Number="10" NumPts="130" InputType="stylus" Speed="MEDIUM">
    <Stroke index="1">
        <Point X="421" Y="202" T="0" Pressure="0"/>
        <Point X="421" Y="201" T="0" Pressure="0"/>
        <Point X="421" Y="200" T="0" Pressure="0"/>
        <Point X="421" Y="199" T="0" Pressure="0"/>
        <Point X="422" Y="200" T="0" Pressure="0"/>
        <Point X="423" Y="201" T="0" Pressure="0"/>
        <Point X="423" Y="203" T="0" Pressure="0"/>
        <Point X="424" Y="204" T="0" Pressure="0"/>
        <Point X="424" Y="207" T="0" Pressure="0"/>
        <Point X="424" Y="209" T="0" Pressure="0"/>
        <Point X="425" Y="212" T="0" Pressure="0"/>
        <Point X="425" Y="215" T="0" Pressure="0"/>
        <Point X="426" Y="219" T="0" Pressure="0"/>
        <Point X="426" Y="224" T="0" Pressure="0"/>
        <Point X="427" Y="231" T="0" Pressure="0"/>
        <Point X="427" Y="237" T="0" Pressure="0"/>
        <Point X="427" Y="243" T="0" Pressure="0"/>
        <Point X="426" Y="250" T="0" Pressure="0"/>
        <Point X="425" Y="258" T="0" Pressure="0"/>
        <Point X="425" Y="265" T="0" Pressure="0"/>
        <Point X="424" Y="273" T="0" Pressure="0"/>
        <Point X="424" Y="281" T="0" Pressure="0"/>
        <Point X="424" Y="289" T="0" Pressure="0"/>
        <Point X="424" Y="296" T="0" Pressure="0"/>
        <Point X="423" Y="304" T="0" Pressure="0"/>
        <Point X="423" Y="312" T="0" Pressure="0"/>
        <Point X="421" Y="319" T="0" Pressure="0"/>
        <Point X="420" Y="336" T="0" Pressure="0"/>
        <Point X="420" Y="340" T="0" Pressure="0"/>
        <Point X="420" Y="343" T="0" Pressure="0"/>
        <Point X="420" Y="346" T="0" Pressure="0"/>
        <Point X="420" Y="348" T="0" Pressure="0"/>
        <Point X="420" Y="350" T="0" Pressure="0"/>
        <Point X="420" Y="352" T="0" Pressure="0"/>
        <Point X="420" Y="353" T="0" Pressure="0"/>
        <Point X="420" Y="354" T="0" Pressure="0"/>
        <Point X="420" Y="355" T="0" Pressure="0"/>
        <Point X="419" Y="355" T="0" Pressure="0"/>
        <Point X="419" Y="356" T="0" Pressure="0"/>
    </Stroke>
    <Stroke index="2">
        <Point X="342" Y="233" T="0" Pressure="0"/>
        <Point X="342" Y="232" T="0" Pressure="0"/>
        <Point X="342" Y="231" T="0" Pressure="0"/>
        <Point X="344" Y="231" T="0" Pressure="0"/>
        <Point X="345" Y="231" T="0" Pressure="0"/>
        <Point X="346" Y="232" T="0" Pressure="0"/>
        <Point X="349" Y="233" T="0" Pressure="0"/>
        <Point X="351" Y="234" T="0" Pressure="0"/>
        <Point X="354" Y="235" T="0" Pressure="0"/>
        <Point X="357" Y="237" T="0" Pressure="0"/>
        <Point X="361" Y="239" T="0" Pressure="0"/>
        <Point X="365" Y="241" T="0" Pressure="0"/>
        <Point X="370" Y="244" T="0" Pressure="0"/>
        <Point X="375" Y="247" T="0" Pressure="0"/>
        <Point X="380" Y="249" T="0" Pressure="0"/>
        <Point X="385" Y="253" T="0" Pressure="0"/>
        <Point X="390" Y="256" T="0" Pressure="0"/>
        <Point X="396" Y="259" T="0" Pressure="0"/>
        <Point X="402" Y="263" T="0" Pressure="0"/>
        <Point X="408" Y="266" T="0" Pressure="0"/>
        <Point X="413" Y="269" T="0" Pressure="0"/>
        <Point X="418" Y="272" T="0" Pressure="0"/>
        <Point X="423" Y="276" T="0" Pressure="0"/>
        <Point X="428" Y="279" T="0" Pressure="0"/>
        <Point X="434" Y="284" T="0" Pressure="0"/>
        <Point X="439" Y="287" T="0" Pressure="0"/>
        <Point X="443" Y="290" T="0" Pressure="0"/>
        <Point X="448" Y="294" T="0" Pressure="0"/>
        <Point X="453" Y="298" T="0" Pressure="0"/>
        <Point X="457" Y="302" T="0" Pressure="0"/>
        <Point X="462" Y="305" T="0" Pressure="0"/>
        <Point X="466" Y="309" T="0" Pressure="0"/>
        <Point X="470" Y="311" T="0" Pressure="0"/>
        <Point X="473" Y="314" T="0" Pressure="0"/>
        <Point X="477" Y="316" T="0" Pressure="0"/>
        <Point X="484" Y="321" T="0" Pressure="0"/>
        <Point X="487" Y="323" T="0" Pressure="0"/>
        <Point X="488" Y="324" T="0" Pressure="0"/>
        <Point X="491" Y="326" T="0" Pressure="0"/>
        <Point X="492" Y="327" T="0" Pressure="0"/>
        <Point X="494" Y="329" T="0" Pressure="0"/>
        <Point X="496" Y="330" T="0" Pressure="0"/>
        <Point X="497" Y="331" T="0" Pressure="0"/>
        <Point X="499" Y="332" T="0" Pressure="0"/>
        <Point X="500" Y="332" T="0" Pressure="0"/>
        <Point X="501" Y="332" T="0" Pressure="0"/>
        <Point X="502" Y="332" T="0" Pressure="0"/>
    </Stroke>
    <Stroke index="3">
        <Point X="487" Y="223" T="0" Pressure="0"/>
        <Point X="484" Y="222" T="0" Pressure="0"/>
        <Point X="482" Y="222" T="0" Pressure="0"/>
        <Point X="481" Y="222" T="0" Pressure="0"/>
        <Point X="480" Y="222" T="0" Pressure="0"/>
        <Point X="479" Y="223" T="0" Pressure="0"/>
        <Point X="477" Y="225" T="0" Pressure="0"/>
        <Point X="476" Y="227" T="0" Pressure="0"/>
        <Point X="473" Y="229" T="0" Pressure="0"/>
        <Point X="471" Y="232" T="0" Pressure="0"/>
        <Point X="469" Y="234" T="0" Pressure="0"/>
        <Point X="465" Y="238" T="0" Pressure="0"/>
        <Point X="462" Y="242" T="0" Pressure="0"/>
        <Point X="458" Y="246" T="0" Pressure="0"/>
        <Point X="454" Y="252" T="0" Pressure="0"/>
        <Point X="450" Y="256" T="0" Pressure="0"/>
        <Point X="447" Y="261" T="0" Pressure="0"/>
        <Point X="443" Y="266" T="0" Pressure="0"/>
        <Point X="439" Y="271" T="0" Pressure="0"/>
        <Point X="435" Y="277" T="0" Pressure="0"/>
        <Point X="430" Y="284" T="0" Pressure="0"/>
        <Point X="426" Y="289" T="0" Pressure="0"/>
        <Point X="421" Y="294" T="0" Pressure="0"/>
        <Point X="417" Y="299" T="0" Pressure="0"/>
        <Point X="413" Y="305" T="0" Pressure="0"/>
        <Point X="409" Y="310" T="0" Pressure="0"/>
        <Point X="405" Y="314" T="0" Pressure="0"/>
        <Point X="401" Y="318" T="0" Pressure="0"/>
        <Point X="397" Y="322" T="0" Pressure="0"/>
        <Point X="394" Y="325" T="0" Pressure="0"/>
        <Point X="390" Y="328" T="0" Pressure="0"/>
        <Point X="386" Y="331" T="0" Pressure="0"/>
        <Point X="383" Y="333" T="0" Pressure="0"/>
        <Point X="380" Y="335" T="0" Pressure="0"/>
        <Point X="378" Y="336" T="0" Pressure="0"/>
        <Point X="375" Y="338" T="0" Pressure="0"/>
        <Point X="372" Y="339" T="0" Pressure="0"/>
        <Point X="370" Y="340" T="0" Pressure="0"/>
        <Point X="368" Y="341" T="0" Pressure="0"/>
        <Point X="366" Y="342" T="0" Pressure="0"/>
        <Point X="365" Y="342" T="0" Pressure="0"/>
        <Point X="364" Y="343" T="0" Pressure="0"/>
        <Point X="363" Y="343" T="0" Pressure="0"/>
        <Point X="362" Y="343" T="0" Pressure="0"/>
    </Stroke>
</Gesture>
