<?xml version="1.0" ?>
<Gesture Name="N~06" Subject="2" Number="6" NumPts="107" InputType="stylus" Speed="MEDIUM">
    <Stroke index="1">
        <Point X="354" Y="266" T="0" Pressure="0"/>
        <Point X="352" Y="266" T="0" Pressure="0"/>
        <Point X="351" Y="267" T="0" Pressure="0"/>
        <Point X="350" Y="267" T="0" Pressure="0"/>
        <Point X="349" Y="271" T="0" Pressure="0"/>
        <Point X="349" Y="272" T="0" Pressure="0"/>
        <Point X="349" Y="276" T="0" Pressure="0"/>
        <Point X="348" Y="279" T="0" Pressure="0"/>
        <Point X="348" Y="284" T="0" Pressure="0"/>
        <Point X="346" Y="300" T="0" Pressure="0"/>
        <Point X="345" Y="307" T="0" Pressure="0"/>
        <Point X="345" Y="313" T="0" Pressure="0"/>
        <Point X="345" Y="319" T="0" Pressure="0"/>
        <Point X="345" Y="326" T="0" Pressure="0"/>
        <Point X="345" Y="332" T="0" Pressure="0"/>
        <Point X="345" Y="338" T="0" Pressure="0"/>
        <Point X="345" Y="344" T="0" Pressure="0"/>
        <Point X="345" Y="351" T="0" Pressure="0"/>
        <Point X="345" Y="357" T="0" Pressure="0"/>
        <Point X="345" Y="362" T="0" Pressure="0"/>
        <Point X="345" Y="366" T="0" Pressure="0"/>
        <Point X="345" Y="371" T="0" Pressure="0"/>
        <Point X="345" Y="375" T="0" Pressure="0"/>
        <Point X="345" Y="383" T="0" Pressure="0"/>
        <Point X="345" Y="386" T="0" Pressure="0"/>
        <Point X="345" Y="387" T="0" Pressure="0"/>
        <Point X="345" Y="388" T="0" Pressure="0"/>
        <Point X="345" Y="391" T="0" Pressure="0"/>
        <Point X="345" Y="392" T="0" Pressure="0"/>
        <Point X="346" Y="392" T="0" Pressure="0"/>
    </Stroke>
    <Stroke index="2">
        <Point X="348" Y="286" T="0" Pressure="0"/>
        <Point X="348" Y="284" T="0" Pressure="0"/>
        <Point X="347" Y="284" T="0" Pressure="0"/>
        <Point X="347" Y="283" T="0" Pressure="0"/>
        <Point X="348" Y="283" T="0" Pressure="0"/>
        <Point X="349" Y="283" T="0" Pressure="0"/>
        <Point X="350" Y="283" T="0" Pressure="0"/>
        <Point X="351" Y="284" T="0" Pressure="0"/>
        <Point X="353" Y="284" T="0" Pressure="0"/>
        <Point X="356" Y="287" T="0" Pressure="0"/>
        <Point X="357" Y="289" T="0" Pressure="0"/>
        <Point X="360" Y="291" T="0" Pressure="0"/>
        <Point X="364" Y="296" T="0" Pressure="0"/>
        <Point X="367" Y="298" T="0" Pressure="0"/>
        <Point X="369" Y="302" T="0" Pressure="0"/>
        <Point X="375" Y="309" T="0" Pressure="0"/>
        <Point X="379" Y="313" T="0" Pressure="0"/>
        <Point X="383" Y="316" T="0" Pressure="0"/>
        <Point X="390" Y="325" T="0" Pressure="0"/>
        <Point X="393" Y="329" T="0" Pressure="0"/>
        <Point X="396" Y="334" T="0" Pressure="0"/>
        <Point X="399" Y="338" T="0" Pressure="0"/>
        <Point X="402" Y="341" T="0" Pressure="0"/>
        <Point X="405" Y="346" T="0" Pressure="0"/>
        <Point X="408" Y="350" T="0" Pressure="0"/>
        <Point X="411" Y="353" T="0" Pressure="0"/>
        <Point X="413" Y="357" T="0" Pressure="0"/>
        <Point X="416" Y="360" T="0" Pressure="0"/>
        <Point X="421" Y="365" T="0" Pressure="0"/>
        <Point X="424" Y="367" T="0" Pressure="0"/>
        <Point X="425" Y="369" T="0" Pressure="0"/>
        <Point X="428" Y="371" T="0" Pressure="0"/>
        <Point X="430" Y="372" T="0" Pressure="0"/>
        <Point X="432" Y="373" T="0" Pressure="0"/>
        <Point X="434" Y="375" T="0" Pressure="0"/>
        <Point X="435" Y="376" T="0" Pressure="0"/>
        <Point X="436" Y="376" T="0" Pressure="0"/>
        <Point X="438" Y="376" T="0" Pressure="0"/>
        <Point X="439" Y="377" T="0" Pressure="0"/>
        <Point X="440" Y="377" T="0" Pressure="0"/>
    </Stroke>
    <Stroke index="3">
        <Point X="438" Y="272" T="0" Pressure="0"/>
        <Point X="437" Y="271" T="0" Pressure="0"/>
        <Point X="436" Y="271" T="0" Pressure="0"/>
        <Point X="435" Y="271" T="0" Pressure="0"/>
        <Point X="435" Y="272" T="0" Pressure="0"/>
        <Point X="435" Y="273" T="0" Pressure="0"/>
        <Point X="435" Y="275" T="0" Pressure="0"/>
        <Point X="435" Y="277" T="0" Pressure="0"/>
        <Point X="435" Y="280" T="0" Pressure="0"/>
        <Point X="434" Y="284" T="0" Pressure="0"/>
        <Point X="434" Y="287" T="0" Pressure="0"/>
        <Point X="434" Y="291" T="0" Pressure="0"/>
        <Point X="433" Y="296" T="0" Pressure="0"/>
        <Point X="432" Y="301" T="0" Pressure="0"/>
        <Point X="432" Y="306" T="0" Pressure="0"/>
        <Point X="432" Y="311" T="0" Pressure="0"/>
        <Point X="432" Y="315" T="0" Pressure="0"/>
        <Point X="432" Y="321" T="0" Pressure="0"/>
        <Point X="432" Y="325" T="0" Pressure="0"/>
        <Point X="432" Y="330" T="0" Pressure="0"/>
        <Point X="432" Y="335" T="0" Pressure="0"/>
        <Point X="432" Y="340" T="0" Pressure="0"/>
        <Point X="432" Y="344" T="0" Pressure="0"/>
        <Point X="432" Y="352" T="0" Pressure="0"/>
        <Point X="432" Y="356" T="0" Pressure="0"/>
        <Point X="433" Y="359" T="0" Pressure="0"/>
        <Point X="434" Y="362" T="0" Pressure="0"/>
        <Point X="434" Y="364" T="0" Pressure="0"/>
        <Point X="435" Y="366" T="0" Pressure="0"/>
        <Point X="435" Y="368" T="0" Pressure="0"/>
        <Point X="436" Y="370" T="0" Pressure="0"/>
        <Point X="436" Y="371" T="0" Pressure="0"/>
        <Point X="436" Y="373" T="0" Pressure="0"/>
        <Point X="436" Y="374" T="0" Pressure="0"/>
        <Point X="436" Y="375" T="0" Pressure="0"/>
        <Point X="437" Y="376" T="0" Pressure="0"/>
        <Point X="437" Y="377" T="0" Pressure="0"/>
    </Stroke>
</Gesture>
