<?xml version="1.0" ?>
<Gesture Name="P~09" Subject="2" Number="9" NumPts="71" InputType="stylus" Speed="MEDIUM">
    <Stroke index="1">
        <Point X="384" Y="240" T="0" Pressure="0"/>
        <Point X="384" Y="242" T="0" Pressure="0"/>
        <Point X="384" Y="243" T="0" Pressure="0"/>
        <Point X="384" Y="246" T="0" Pressure="0"/>
        <Point X="384" Y="249" T="0" Pressure="0"/>
        <Point X="384" Y="253" T="0" Pressure="0"/>
        <Point X="383" Y="258" T="0" Pressure="0"/>
        <Point X="383" Y="264" T="0" Pressure="0"/>
        <Point X="383" Y="270" T="0" Pressure="0"/>
        <Point X="382" Y="278" T="0" Pressure="0"/>
        <Point X="380" Y="291" T="0" Pressure="0"/>
        <Point X="380" Y="298" T="0" Pressure="0"/>
        <Point X="379" Y="306" T="0" Pressure="0"/>
        <Point X="379" Y="313" T="0" Pressure="0"/>
        <Point X="379" Y="319" T="0" Pressure="0"/>
        <Point X="379" Y="324" T="0" Pressure="0"/>
        <Point X="379" Y="328" T="0" Pressure="0"/>
        <Point X="380" Y="333" T="0" Pressure="0"/>
        <Point X="380" Y="337" T="0" Pressure="0"/>
        <Point X="381" Y="340" T="0" Pressure="0"/>
        <Point X="382" Y="344" T="0" Pressure="0"/>
        <Point X="382" Y="347" T="0" Pressure="0"/>
        <Point X="382" Y="349" T="0" Pressure="0"/>
        <Point X="382" Y="352" T="0" Pressure="0"/>
        <Point X="382" Y="353" T="0" Pressure="0"/>
        <Point X="382" Y="355" T="0" Pressure="0"/>
        <Point X="382" Y="356" T="0" Pressure="0"/>
        <Point X="382" Y="357" T="0" Pressure="0"/>
        <Point X="382" Y="358" T="0" Pressure="0"/>
    </Stroke>
    <Stroke index="2">
        <Point X="380" Y="242" T="0" Pressure="0"/>
        <Point X="379" Y="238" T="0" Pressure="0"/>
        <Point X="379" Y="235" T="0" Pressure="0"/>
        <Point X="379" Y="233" T="0" Pressure="0"/>
        <Point X="380" Y="230" T="0" Pressure="0"/>
        <Point X="383" Y="225" T="0" Pressure="0"/>
        <Point X="384" Y="223" T="0" Pressure="0"/>
        <Point X="387" Y="219" T="0" Pressure="0"/>
        <Point X="389" Y="218" T="0" Pressure="0"/>
        <Point X="391" Y="217" T="0" Pressure="0"/>
        <Point X="395" Y="215" T="0" Pressure="0"/>
        <Point X="398" Y="214" T="0" Pressure="0"/>
        <Point X="401" Y="214" T="0" Pressure="0"/>
        <Point X="408" Y="214" T="0" Pressure="0"/>
        <Point X="410" Y="214" T="0" Pressure="0"/>
        <Point X="413" Y="214" T="0" Pressure="0"/>
        <Point X="419" Y="216" T="0" Pressure="0"/>
        <Point X="421" Y="218" T="0" Pressure="0"/>
        <Point X="424" Y="220" T="0" Pressure="0"/>
        <Point X="425" Y="222" T="0" Pressure="0"/>
        <Point X="427" Y="225" T="0" Pressure="0"/>
        <Point X="428" Y="228" T="0" Pressure="0"/>
        <Point X="429" Y="240" T="0" Pressure="0"/>
        <Point X="429" Y="242" T="0" Pressure="0"/>
        <Point X="427" Y="251" T="0" Pressure="0"/>
        <Point X="425" Y="254" T="0" Pressure="0"/>
        <Point X="418" Y="261" T="0" Pressure="0"/>
        <Point X="408" Y="266" T="0" Pressure="0"/>
        <Point X="405" Y="268" T="0" Pressure="0"/>
        <Point X="402" Y="269" T="0" Pressure="0"/>
        <Point X="398" Y="271" T="0" Pressure="0"/>
        <Point X="394" Y="272" T="0" Pressure="0"/>
        <Point X="391" Y="273" T="0" Pressure="0"/>
        <Point X="388" Y="275" T="0" Pressure="0"/>
        <Point X="386" Y="276" T="0" Pressure="0"/>
        <Point X="384" Y="276" T="0" Pressure="0"/>
        <Point X="383" Y="277" T="0" Pressure="0"/>
        <Point X="382" Y="277" T="0" Pressure="0"/>
        <Point X="380" Y="278" T="0" Pressure="0"/>
        <Point X="379" Y="278" T="0" Pressure="0"/>
        <Point X="379" Y="279" T="0" Pressure="0"/>
        <Point X="379" Y="280" T="0" Pressure="0"/>
    </Stroke>
</Gesture>
