<?xml version="1.0" ?>
<Gesture Name="D~02" Subject="2" Number="2" NumPts="96" InputType="stylus" Speed="MEDIUM">
    <Stroke index="1">
        <Point X="383" Y="289" T="0" Pressure="0"/>
        <Point X="383" Y="288" T="0" Pressure="0"/>
        <Point X="382" Y="288" T="0" Pressure="0"/>
        <Point X="382" Y="289" T="0" Pressure="0"/>
        <Point X="383" Y="290" T="0" Pressure="0"/>
        <Point X="383" Y="292" T="0" Pressure="0"/>
        <Point X="383" Y="294" T="0" Pressure="0"/>
        <Point X="383" Y="297" T="0" Pressure="0"/>
        <Point X="384" Y="301" T="0" Pressure="0"/>
        <Point X="384" Y="305" T="0" Pressure="0"/>
        <Point X="384" Y="310" T="0" Pressure="0"/>
        <Point X="385" Y="314" T="0" Pressure="0"/>
        <Point X="385" Y="319" T="0" Pressure="0"/>
        <Point X="385" Y="324" T="0" Pressure="0"/>
        <Point X="385" Y="334" T="0" Pressure="0"/>
        <Point X="385" Y="338" T="0" Pressure="0"/>
        <Point X="384" Y="341" T="0" Pressure="0"/>
        <Point X="384" Y="344" T="0" Pressure="0"/>
        <Point X="384" Y="348" T="0" Pressure="0"/>
        <Point X="384" Y="351" T="0" Pressure="0"/>
        <Point X="384" Y="354" T="0" Pressure="0"/>
        <Point X="384" Y="357" T="0" Pressure="0"/>
        <Point X="384" Y="359" T="0" Pressure="0"/>
        <Point X="383" Y="361" T="0" Pressure="0"/>
        <Point X="383" Y="363" T="0" Pressure="0"/>
        <Point X="383" Y="365" T="0" Pressure="0"/>
        <Point X="383" Y="366" T="0" Pressure="0"/>
        <Point X="382" Y="368" T="0" Pressure="0"/>
        <Point X="382" Y="369" T="0" Pressure="0"/>
        <Point X="381" Y="371" T="0" Pressure="0"/>
        <Point X="380" Y="371" T="0" Pressure="0"/>
        <Point X="380" Y="372" T="0" Pressure="0"/>
        <Point X="380" Y="371" T="0" Pressure="0"/>
    </Stroke>
    <Stroke index="2">
        <Point X="367" Y="290" T="0" Pressure="0"/>
        <Point X="367" Y="289" T="0" Pressure="0"/>
        <Point X="365" Y="287" T="0" Pressure="0"/>
        <Point X="365" Y="284" T="0" Pressure="0"/>
        <Point X="365" Y="283" T="0" Pressure="0"/>
        <Point X="366" Y="281" T="0" Pressure="0"/>
        <Point X="368" Y="279" T="0" Pressure="0"/>
        <Point X="369" Y="278" T="0" Pressure="0"/>
        <Point X="371" Y="277" T="0" Pressure="0"/>
        <Point X="373" Y="276" T="0" Pressure="0"/>
        <Point X="375" Y="275" T="0" Pressure="0"/>
        <Point X="378" Y="275" T="0" Pressure="0"/>
        <Point X="380" Y="274" T="0" Pressure="0"/>
        <Point X="383" Y="274" T="0" Pressure="0"/>
        <Point X="387" Y="274" T="0" Pressure="0"/>
        <Point X="391" Y="274" T="0" Pressure="0"/>
        <Point X="395" Y="275" T="0" Pressure="0"/>
        <Point X="399" Y="276" T="0" Pressure="0"/>
        <Point X="403" Y="276" T="0" Pressure="0"/>
        <Point X="407" Y="278" T="0" Pressure="0"/>
        <Point X="412" Y="279" T="0" Pressure="0"/>
        <Point X="415" Y="281" T="0" Pressure="0"/>
        <Point X="419" Y="283" T="0" Pressure="0"/>
        <Point X="421" Y="284" T="0" Pressure="0"/>
        <Point X="425" Y="287" T="0" Pressure="0"/>
        <Point X="428" Y="290" T="0" Pressure="0"/>
        <Point X="431" Y="293" T="0" Pressure="0"/>
        <Point X="432" Y="297" T="0" Pressure="0"/>
        <Point X="434" Y="301" T="0" Pressure="0"/>
        <Point X="435" Y="305" T="0" Pressure="0"/>
        <Point X="436" Y="309" T="0" Pressure="0"/>
        <Point X="436" Y="313" T="0" Pressure="0"/>
        <Point X="436" Y="318" T="0" Pressure="0"/>
        <Point X="436" Y="322" T="0" Pressure="0"/>
        <Point X="436" Y="327" T="0" Pressure="0"/>
        <Point X="435" Y="331" T="0" Pressure="0"/>
        <Point X="434" Y="335" T="0" Pressure="0"/>
        <Point X="431" Y="343" T="0" Pressure="0"/>
        <Point X="429" Y="346" T="0" Pressure="0"/>
        <Point X="427" Y="349" T="0" Pressure="0"/>
        <Point X="425" Y="352" T="0" Pressure="0"/>
        <Point X="423" Y="355" T="0" Pressure="0"/>
        <Point X="420" Y="357" T="0" Pressure="0"/>
        <Point X="417" Y="359" T="0" Pressure="0"/>
        <Point X="413" Y="361" T="0" Pressure="0"/>
        <Point X="410" Y="363" T="0" Pressure="0"/>
        <Point X="406" Y="363" T="0" Pressure="0"/>
        <Point X="403" Y="365" T="0" Pressure="0"/>
        <Point X="394" Y="367" T="0" Pressure="0"/>
        <Point X="390" Y="367" T="0" Pressure="0"/>
        <Point X="386" Y="368" T="0" Pressure="0"/>
        <Point X="383" Y="368" T="0" Pressure="0"/>
        <Point X="379" Y="368" T="0" Pressure="0"/>
        <Point X="376" Y="368" T="0" Pressure="0"/>
        <Point X="373" Y="367" T="0" Pressure="0"/>
        <Point X="371" Y="366" T="0" Pressure="0"/>
        <Point X="368" Y="365" T="0" Pressure="0"/>
        <Point X="367" Y="364" T="0" Pressure="0"/>
        <Point X="365" Y="364" T="0" Pressure="0"/>
        <Point X="364" Y="363" T="0" Pressure="0"/>
        <Point X="361" Y="363" T="0" Pressure="0"/>
        <Point X="360" Y="363" T="0" Pressure="0"/>
        <Point X="360" Y="364" T="0" Pressure="0"/>
    </Stroke>
</Gesture>
