<?xml version="1.0" ?>
<Gesture Name="pitchfork~08" Subject="2" Number="8" NumPts="109" InputType="stylus" Speed="MEDIUM">
    <Stroke index="1">
        <Point X="353" Y="210" T="0" Pressure="0"/>
        <Point X="352" Y="211" T="0" Pressure="0"/>
        <Point X="349" Y="212" T="0" Pressure="0"/>
        <Point X="348" Y="212" T="0" Pressure="0"/>
        <Point X="348" Y="213" T="0" Pressure="0"/>
        <Point X="346" Y="214" T="0" Pressure="0"/>
        <Point X="345" Y="216" T="0" Pressure="0"/>
        <Point X="345" Y="218" T="0" Pressure="0"/>
        <Point X="344" Y="221" T="0" Pressure="0"/>
        <Point X="343" Y="223" T="0" Pressure="0"/>
        <Point X="342" Y="226" T="0" Pressure="0"/>
        <Point X="342" Y="229" T="0" Pressure="0"/>
        <Point X="341" Y="234" T="0" Pressure="0"/>
        <Point X="341" Y="238" T="0" Pressure="0"/>
        <Point X="341" Y="242" T="0" Pressure="0"/>
        <Point X="340" Y="247" T="0" Pressure="0"/>
        <Point X="340" Y="252" T="0" Pressure="0"/>
        <Point X="340" Y="257" T="0" Pressure="0"/>
        <Point X="341" Y="263" T="0" Pressure="0"/>
        <Point X="341" Y="268" T="0" Pressure="0"/>
        <Point X="342" Y="273" T="0" Pressure="0"/>
        <Point X="344" Y="279" T="0" Pressure="0"/>
        <Point X="345" Y="284" T="0" Pressure="0"/>
        <Point X="348" Y="289" T="0" Pressure="0"/>
        <Point X="350" Y="294" T="0" Pressure="0"/>
        <Point X="354" Y="298" T="0" Pressure="0"/>
        <Point X="357" Y="302" T="0" Pressure="0"/>
        <Point X="360" Y="306" T="0" Pressure="0"/>
        <Point X="364" Y="309" T="0" Pressure="0"/>
        <Point X="368" Y="311" T="0" Pressure="0"/>
        <Point X="371" Y="313" T="0" Pressure="0"/>
        <Point X="379" Y="315" T="0" Pressure="0"/>
        <Point X="383" Y="316" T="0" Pressure="0"/>
        <Point X="387" Y="316" T="0" Pressure="0"/>
        <Point X="391" Y="316" T="0" Pressure="0"/>
        <Point X="395" Y="316" T="0" Pressure="0"/>
        <Point X="399" Y="315" T="0" Pressure="0"/>
        <Point X="405" Y="314" T="0" Pressure="0"/>
        <Point X="409" Y="312" T="0" Pressure="0"/>
        <Point X="413" Y="310" T="0" Pressure="0"/>
        <Point X="418" Y="308" T="0" Pressure="0"/>
        <Point X="423" Y="305" T="0" Pressure="0"/>
        <Point X="427" Y="302" T="0" Pressure="0"/>
        <Point X="431" Y="299" T="0" Pressure="0"/>
        <Point X="435" Y="295" T="0" Pressure="0"/>
        <Point X="438" Y="292" T="0" Pressure="0"/>
        <Point X="442" Y="289" T="0" Pressure="0"/>
        <Point X="445" Y="284" T="0" Pressure="0"/>
        <Point X="448" Y="279" T="0" Pressure="0"/>
        <Point X="451" Y="275" T="0" Pressure="0"/>
        <Point X="454" Y="269" T="0" Pressure="0"/>
        <Point X="457" Y="264" T="0" Pressure="0"/>
        <Point X="459" Y="259" T="0" Pressure="0"/>
        <Point X="462" Y="253" T="0" Pressure="0"/>
        <Point X="464" Y="247" T="0" Pressure="0"/>
        <Point X="465" Y="241" T="0" Pressure="0"/>
        <Point X="468" Y="231" T="0" Pressure="0"/>
        <Point X="468" Y="227" T="0" Pressure="0"/>
        <Point X="469" Y="223" T="0" Pressure="0"/>
        <Point X="469" Y="219" T="0" Pressure="0"/>
        <Point X="468" Y="214" T="0" Pressure="0"/>
        <Point X="466" Y="212" T="0" Pressure="0"/>
        <Point X="464" Y="210" T="0" Pressure="0"/>
        <Point X="462" Y="209" T="0" Pressure="0"/>
        <Point X="461" Y="209" T="0" Pressure="0"/>
        <Point X="459" Y="209" T="0" Pressure="0"/>
        <Point X="458" Y="209" T="0" Pressure="0"/>
        <Point X="457" Y="209" T="0" Pressure="0"/>
        <Point X="455" Y="209" T="0" Pressure="0"/>
        <Point X="454" Y="211" T="0" Pressure="0"/>
        <Point X="452" Y="212" T="0" Pressure="0"/>
    </Stroke>
    <Stroke index="2">
        <Point X="412" Y="221" T="0" Pressure="0"/>
        <Point X="410" Y="221" T="0" Pressure="0"/>
        <Point X="409" Y="221" T="0" Pressure="0"/>
        <Point X="407" Y="221" T="0" Pressure="0"/>
        <Point X="406" Y="223" T="0" Pressure="0"/>
        <Point X="405" Y="225" T="0" Pressure="0"/>
        <Point X="405" Y="228" T="0" Pressure="0"/>
        <Point X="405" Y="234" T="0" Pressure="0"/>
        <Point X="405" Y="239" T="0" Pressure="0"/>
        <Point X="405" Y="244" T="0" Pressure="0"/>
        <Point X="404" Y="251" T="0" Pressure="0"/>
        <Point X="404" Y="256" T="0" Pressure="0"/>
        <Point X="403" Y="262" T="0" Pressure="0"/>
        <Point X="402" Y="269" T="0" Pressure="0"/>
        <Point X="402" Y="276" T="0" Pressure="0"/>
        <Point X="402" Y="283" T="0" Pressure="0"/>
        <Point X="401" Y="297" T="0" Pressure="0"/>
        <Point X="401" Y="305" T="0" Pressure="0"/>
        <Point X="401" Y="313" T="0" Pressure="0"/>
        <Point X="401" Y="321" T="0" Pressure="0"/>
        <Point X="401" Y="328" T="0" Pressure="0"/>
        <Point X="401" Y="337" T="0" Pressure="0"/>
        <Point X="400" Y="343" T="0" Pressure="0"/>
        <Point X="399" Y="350" T="0" Pressure="0"/>
        <Point X="399" Y="356" T="0" Pressure="0"/>
        <Point X="399" Y="362" T="0" Pressure="0"/>
        <Point X="398" Y="367" T="0" Pressure="0"/>
        <Point X="398" Y="376" T="0" Pressure="0"/>
        <Point X="398" Y="378" T="0" Pressure="0"/>
        <Point X="397" Y="381" T="0" Pressure="0"/>
        <Point X="397" Y="383" T="0" Pressure="0"/>
        <Point X="397" Y="385" T="0" Pressure="0"/>
        <Point X="397" Y="386" T="0" Pressure="0"/>
        <Point X="397" Y="387" T="0" Pressure="0"/>
        <Point X="396" Y="387" T="0" Pressure="0"/>
        <Point X="396" Y="388" T="0" Pressure="0"/>
        <Point X="396" Y="387" T="0" Pressure="0"/>
        <Point X="397" Y="386" T="0" Pressure="0"/>
    </Stroke>
</Gesture>
