<?xml version="1.0" ?>
<Gesture Name="half_note~10" Subject="2" Number="10" NumPts="104" InputType="stylus" Speed="MEDIUM">
    <Stroke index="1">
        <Point X="431" Y="244" T="0" Pressure="0"/>
        <Point X="430" Y="243" T="0" Pressure="0"/>
        <Point X="429" Y="243" T="0" Pressure="0"/>
        <Point X="429" Y="244" T="0" Pressure="0"/>
        <Point X="429" Y="245" T="0" Pressure="0"/>
        <Point X="429" Y="246" T="0" Pressure="0"/>
        <Point X="429" Y="248" T="0" Pressure="0"/>
        <Point X="429" Y="251" T="0" Pressure="0"/>
        <Point X="429" Y="253" T="0" Pressure="0"/>
        <Point X="429" Y="256" T="0" Pressure="0"/>
        <Point X="429" Y="259" T="0" Pressure="0"/>
        <Point X="429" Y="263" T="0" Pressure="0"/>
        <Point X="429" Y="267" T="0" Pressure="0"/>
        <Point X="429" Y="272" T="0" Pressure="0"/>
        <Point X="430" Y="298" T="0" Pressure="0"/>
        <Point X="430" Y="303" T="0" Pressure="0"/>
        <Point X="430" Y="307" T="0" Pressure="0"/>
        <Point X="430" Y="312" T="0" Pressure="0"/>
        <Point X="431" Y="316" T="0" Pressure="0"/>
        <Point X="431" Y="321" T="0" Pressure="0"/>
        <Point X="431" Y="325" T="0" Pressure="0"/>
        <Point X="431" Y="328" T="0" Pressure="0"/>
        <Point X="431" Y="333" T="0" Pressure="0"/>
        <Point X="431" Y="336" T="0" Pressure="0"/>
        <Point X="431" Y="339" T="0" Pressure="0"/>
        <Point X="432" Y="342" T="0" Pressure="0"/>
        <Point X="432" Y="346" T="0" Pressure="0"/>
        <Point X="432" Y="348" T="0" Pressure="0"/>
        <Point X="432" Y="352" T="0" Pressure="0"/>
        <Point X="432" Y="354" T="0" Pressure="0"/>
        <Point X="433" Y="356" T="0" Pressure="0"/>
        <Point X="434" Y="357" T="0" Pressure="0"/>
        <Point X="434" Y="358" T="0" Pressure="0"/>
        <Point X="434" Y="359" T="0" Pressure="0"/>
        <Point X="434" Y="360" T="0" Pressure="0"/>
    </Stroke>
    <Stroke index="2">
        <Point X="427" Y="359" T="0" Pressure="0"/>
        <Point X="425" Y="356" T="0" Pressure="0"/>
        <Point X="425" Y="355" T="0" Pressure="0"/>
        <Point X="425" Y="353" T="0" Pressure="0"/>
        <Point X="424" Y="353" T="0" Pressure="0"/>
        <Point X="424" Y="352" T="0" Pressure="0"/>
        <Point X="424" Y="351" T="0" Pressure="0"/>
        <Point X="423" Y="350" T="0" Pressure="0"/>
        <Point X="422" Y="349" T="0" Pressure="0"/>
        <Point X="421" Y="348" T="0" Pressure="0"/>
        <Point X="420" Y="347" T="0" Pressure="0"/>
        <Point X="420" Y="346" T="0" Pressure="0"/>
        <Point X="419" Y="346" T="0" Pressure="0"/>
        <Point X="415" Y="344" T="0" Pressure="0"/>
        <Point X="413" Y="343" T="0" Pressure="0"/>
        <Point X="412" Y="343" T="0" Pressure="0"/>
        <Point X="410" Y="343" T="0" Pressure="0"/>
        <Point X="409" Y="342" T="0" Pressure="0"/>
        <Point X="408" Y="342" T="0" Pressure="0"/>
        <Point X="406" Y="342" T="0" Pressure="0"/>
        <Point X="405" Y="342" T="0" Pressure="0"/>
        <Point X="403" Y="342" T="0" Pressure="0"/>
        <Point X="402" Y="343" T="0" Pressure="0"/>
        <Point X="399" Y="344" T="0" Pressure="0"/>
        <Point X="398" Y="344" T="0" Pressure="0"/>
        <Point X="397" Y="346" T="0" Pressure="0"/>
        <Point X="394" Y="346" T="0" Pressure="0"/>
        <Point X="393" Y="348" T="0" Pressure="0"/>
        <Point X="391" Y="349" T="0" Pressure="0"/>
        <Point X="390" Y="351" T="0" Pressure="0"/>
        <Point X="386" Y="354" T="0" Pressure="0"/>
        <Point X="386" Y="356" T="0" Pressure="0"/>
        <Point X="383" Y="360" T="0" Pressure="0"/>
        <Point X="382" Y="362" T="0" Pressure="0"/>
        <Point X="382" Y="363" T="0" Pressure="0"/>
        <Point X="381" Y="365" T="0" Pressure="0"/>
        <Point X="380" Y="367" T="0" Pressure="0"/>
        <Point X="380" Y="370" T="0" Pressure="0"/>
        <Point X="380" Y="372" T="0" Pressure="0"/>
        <Point X="380" Y="374" T="0" Pressure="0"/>
        <Point X="380" Y="376" T="0" Pressure="0"/>
        <Point X="380" Y="377" T="0" Pressure="0"/>
        <Point X="381" Y="380" T="0" Pressure="0"/>
        <Point X="382" Y="381" T="0" Pressure="0"/>
        <Point X="382" Y="383" T="0" Pressure="0"/>
        <Point X="383" Y="384" T="0" Pressure="0"/>
        <Point X="384" Y="385" T="0" Pressure="0"/>
        <Point X="385" Y="386" T="0" Pressure="0"/>
        <Point X="386" Y="387" T="0" Pressure="0"/>
        <Point X="388" Y="388" T="0" Pressure="0"/>
        <Point X="390" Y="388" T="0" Pressure="0"/>
        <Point X="393" Y="389" T="0" Pressure="0"/>
        <Point X="396" Y="389" T="0" Pressure="0"/>
        <Point X="398" Y="389" T="0" Pressure="0"/>
        <Point X="401" Y="389" T="0" Pressure="0"/>
        <Point X="402" Y="388" T="0" Pressure="0"/>
        <Point X="405" Y="387" T="0" Pressure="0"/>
        <Point X="408" Y="386" T="0" Pressure="0"/>
        <Point X="410" Y="384" T="0" Pressure="0"/>
        <Point X="413" Y="382" T="0" Pressure="0"/>
        <Point X="419" Y="378" T="0" Pressure="0"/>
        <Point X="424" Y="375" T="0" Pressure="0"/>
        <Point X="427" Y="373" T="0" Pressure="0"/>
        <Point X="429" Y="371" T="0" Pressure="0"/>
        <Point X="432" Y="368" T="0" Pressure="0"/>
        <Point X="438" Y="364" T="0" Pressure="0"/>
        <Point X="440" Y="363" T="0" Pressure="0"/>
        <Point X="442" Y="362" T="0" Pressure="0"/>
        <Point X="442" Y="361" T="0" Pressure="0"/>
    </Stroke>
</Gesture>
