<?xml version="1.0" ?>
<Gesture Name="five_point_star~07" Subject="2" Number="7" NumPts="149" InputType="stylus" Speed="MEDIUM">
    <Stroke index="1">
        <Point X="362" Y="398" T="0" Pressure="0"/>
        <Point X="361" Y="398" T="0" Pressure="0"/>
        <Point X="360" Y="398" T="0" Pressure="0"/>
        <Point X="360" Y="397" T="0" Pressure="0"/>
        <Point X="360" Y="396" T="0" Pressure="0"/>
        <Point X="360" Y="393" T="0" Pressure="0"/>
        <Point X="360" Y="392" T="0" Pressure="0"/>
        <Point X="361" Y="390" T="0" Pressure="0"/>
        <Point X="363" Y="385" T="0" Pressure="0"/>
        <Point X="364" Y="382" T="0" Pressure="0"/>
        <Point X="365" Y="379" T="0" Pressure="0"/>
        <Point X="369" Y="371" T="0" Pressure="0"/>
        <Point X="371" Y="366" T="0" Pressure="0"/>
        <Point X="374" Y="362" T="0" Pressure="0"/>
        <Point X="379" Y="350" T="0" Pressure="0"/>
        <Point X="382" Y="343" T="0" Pressure="0"/>
        <Point X="385" Y="337" T="0" Pressure="0"/>
        <Point X="391" Y="323" T="0" Pressure="0"/>
        <Point X="394" Y="315" T="0" Pressure="0"/>
        <Point X="398" Y="309" T="0" Pressure="0"/>
        <Point X="404" Y="296" T="0" Pressure="0"/>
        <Point X="406" Y="291" T="0" Pressure="0"/>
        <Point X="409" Y="286" T="0" Pressure="0"/>
        <Point X="413" Y="278" T="0" Pressure="0"/>
        <Point X="414" Y="275" T="0" Pressure="0"/>
        <Point X="415" Y="273" T="0" Pressure="0"/>
        <Point X="416" Y="271" T="0" Pressure="0"/>
        <Point X="417" Y="270" T="0" Pressure="0"/>
        <Point X="417" Y="269" T="0" Pressure="0"/>
        <Point X="417" Y="268" T="0" Pressure="0"/>
        <Point X="417" Y="269" T="0" Pressure="0"/>
        <Point X="418" Y="269" T="0" Pressure="0"/>
        <Point X="419" Y="271" T="0" Pressure="0"/>
        <Point X="419" Y="272" T="0" Pressure="0"/>
        <Point X="419" Y="274" T="0" Pressure="0"/>
        <Point X="420" Y="280" T="0" Pressure="0"/>
        <Point X="420" Y="284" T="0" Pressure="0"/>
        <Point X="421" Y="288" T="0" Pressure="0"/>
        <Point X="422" Y="292" T="0" Pressure="0"/>
        <Point X="423" Y="302" T="0" Pressure="0"/>
        <Point X="424" Y="306" T="0" Pressure="0"/>
        <Point X="426" Y="317" T="0" Pressure="0"/>
        <Point X="427" Y="322" T="0" Pressure="0"/>
        <Point X="428" Y="327" T="0" Pressure="0"/>
        <Point X="429" Y="332" T="0" Pressure="0"/>
        <Point X="433" Y="347" T="0" Pressure="0"/>
        <Point X="435" Y="357" T="0" Pressure="0"/>
        <Point X="436" Y="361" T="0" Pressure="0"/>
        <Point X="438" Y="364" T="0" Pressure="0"/>
        <Point X="439" Y="372" T="0" Pressure="0"/>
        <Point X="440" Y="375" T="0" Pressure="0"/>
        <Point X="440" Y="378" T="0" Pressure="0"/>
        <Point X="441" Y="383" T="0" Pressure="0"/>
        <Point X="441" Y="385" T="0" Pressure="0"/>
        <Point X="441" Y="386" T="0" Pressure="0"/>
        <Point X="441" Y="388" T="0" Pressure="0"/>
        <Point X="441" Y="389" T="0" Pressure="0"/>
        <Point X="440" Y="390" T="0" Pressure="0"/>
        <Point X="439" Y="390" T="0" Pressure="0"/>
        <Point X="436" Y="390" T="0" Pressure="0"/>
        <Point X="435" Y="390" T="0" Pressure="0"/>
        <Point X="434" Y="389" T="0" Pressure="0"/>
        <Point X="430" Y="388" T="0" Pressure="0"/>
        <Point X="428" Y="388" T="0" Pressure="0"/>
        <Point X="426" Y="387" T="0" Pressure="0"/>
        <Point X="421" Y="384" T="0" Pressure="0"/>
        <Point X="419" Y="383" T="0" Pressure="0"/>
        <Point X="416" Y="381" T="0" Pressure="0"/>
        <Point X="409" Y="378" T="0" Pressure="0"/>
        <Point X="405" Y="377" T="0" Pressure="0"/>
        <Point X="402" Y="375" T="0" Pressure="0"/>
        <Point X="394" Y="371" T="0" Pressure="0"/>
        <Point X="390" Y="369" T="0" Pressure="0"/>
        <Point X="385" Y="367" T="0" Pressure="0"/>
        <Point X="376" Y="363" T="0" Pressure="0"/>
        <Point X="372" Y="362" T="0" Pressure="0"/>
        <Point X="368" Y="360" T="0" Pressure="0"/>
        <Point X="360" Y="356" T="0" Pressure="0"/>
        <Point X="356" Y="354" T="0" Pressure="0"/>
        <Point X="353" Y="352" T="0" Pressure="0"/>
        <Point X="348" Y="349" T="0" Pressure="0"/>
        <Point X="345" Y="348" T="0" Pressure="0"/>
        <Point X="342" Y="347" T="0" Pressure="0"/>
        <Point X="340" Y="346" T="0" Pressure="0"/>
        <Point X="339" Y="346" T="0" Pressure="0"/>
        <Point X="338" Y="345" T="0" Pressure="0"/>
        <Point X="337" Y="344" T="0" Pressure="0"/>
        <Point X="337" Y="343" T="0" Pressure="0"/>
        <Point X="337" Y="342" T="0" Pressure="0"/>
        <Point X="337" Y="341" T="0" Pressure="0"/>
        <Point X="338" Y="340" T="0" Pressure="0"/>
        <Point X="340" Y="339" T="0" Pressure="0"/>
        <Point X="342" Y="338" T="0" Pressure="0"/>
        <Point X="347" Y="335" T="0" Pressure="0"/>
        <Point X="350" Y="333" T="0" Pressure="0"/>
        <Point X="355" Y="331" T="0" Pressure="0"/>
        <Point X="364" Y="327" T="0" Pressure="0"/>
        <Point X="369" Y="323" T="0" Pressure="0"/>
        <Point X="374" Y="321" T="0" Pressure="0"/>
        <Point X="379" Y="318" T="0" Pressure="0"/>
        <Point X="392" Y="313" T="0" Pressure="0"/>
        <Point X="399" Y="310" T="0" Pressure="0"/>
        <Point X="413" Y="304" T="0" Pressure="0"/>
        <Point X="420" Y="302" T="0" Pressure="0"/>
        <Point X="425" Y="300" T="0" Pressure="0"/>
        <Point X="435" Y="297" T="0" Pressure="0"/>
        <Point X="440" Y="297" T="0" Pressure="0"/>
        <Point X="443" Y="297" T="0" Pressure="0"/>
        <Point X="449" Y="297" T="0" Pressure="0"/>
        <Point X="451" Y="297" T="0" Pressure="0"/>
        <Point X="454" Y="297" T="0" Pressure="0"/>
        <Point X="457" Y="298" T="0" Pressure="0"/>
        <Point X="458" Y="299" T="0" Pressure="0"/>
        <Point X="458" Y="300" T="0" Pressure="0"/>
        <Point X="458" Y="302" T="0" Pressure="0"/>
        <Point X="459" Y="303" T="0" Pressure="0"/>
        <Point X="459" Y="304" T="0" Pressure="0"/>
        <Point X="458" Y="308" T="0" Pressure="0"/>
        <Point X="457" Y="310" T="0" Pressure="0"/>
        <Point X="455" Y="312" T="0" Pressure="0"/>
        <Point X="451" Y="318" T="0" Pressure="0"/>
        <Point X="448" Y="321" T="0" Pressure="0"/>
        <Point X="446" Y="325" T="0" Pressure="0"/>
        <Point X="440" Y="334" T="0" Pressure="0"/>
        <Point X="436" Y="338" T="0" Pressure="0"/>
        <Point X="434" Y="342" T="0" Pressure="0"/>
        <Point X="427" Y="352" T="0" Pressure="0"/>
        <Point X="424" Y="356" T="0" Pressure="0"/>
        <Point X="420" Y="361" T="0" Pressure="0"/>
        <Point X="413" Y="369" T="0" Pressure="0"/>
        <Point X="409" Y="373" T="0" Pressure="0"/>
        <Point X="405" Y="377" T="0" Pressure="0"/>
        <Point X="398" Y="384" T="0" Pressure="0"/>
        <Point X="394" Y="388" T="0" Pressure="0"/>
        <Point X="391" Y="390" T="0" Pressure="0"/>
        <Point X="384" Y="395" T="0" Pressure="0"/>
        <Point X="382" Y="397" T="0" Pressure="0"/>
        <Point X="372" Y="403" T="0" Pressure="0"/>
        <Point X="369" Y="404" T="0" Pressure="0"/>
        <Point X="367" Y="405" T="0" Pressure="0"/>
        <Point X="363" Y="407" T="0" Pressure="0"/>
        <Point X="360" Y="407" T="0" Pressure="0"/>
        <Point X="358" Y="407" T="0" Pressure="0"/>
        <Point X="360" Y="406" T="0" Pressure="0"/>
        <Point X="361" Y="406" T="0" Pressure="0"/>
        <Point X="363" Y="406" T="0" Pressure="0"/>
        <Point X="364" Y="406" T="0" Pressure="0"/>
        <Point X="366" Y="406" T="0" Pressure="0"/>
        <Point X="368" Y="406" T="0" Pressure="0"/>
    </Stroke>
</Gesture>
