<?xml version="1.0" ?>
<Gesture Name="asterisk~07" Subject="2" Number="7" NumPts="131" InputType="stylus" Speed="MEDIUM">
    <Stroke index="1">
        <Point X="415" Y="194" T="0" Pressure="0"/>
        <Point X="414" Y="192" T="0" Pressure="0"/>
        <Point X="414" Y="190" T="0" Pressure="0"/>
        <Point X="414" Y="189" T="0" Pressure="0"/>
        <Point X="414" Y="188" T="0" Pressure="0"/>
        <Point X="415" Y="188" T="0" Pressure="0"/>
        <Point X="415" Y="189" T="0" Pressure="0"/>
        <Point X="416" Y="190" T="0" Pressure="0"/>
        <Point X="417" Y="194" T="0" Pressure="0"/>
        <Point X="417" Y="197" T="0" Pressure="0"/>
        <Point X="417" Y="200" T="0" Pressure="0"/>
        <Point X="417" Y="203" T="0" Pressure="0"/>
        <Point X="418" Y="207" T="0" Pressure="0"/>
        <Point X="418" Y="211" T="0" Pressure="0"/>
        <Point X="418" Y="215" T="0" Pressure="0"/>
        <Point X="419" Y="221" T="0" Pressure="0"/>
        <Point X="419" Y="227" T="0" Pressure="0"/>
        <Point X="418" Y="234" T="0" Pressure="0"/>
        <Point X="418" Y="241" T="0" Pressure="0"/>
        <Point X="417" Y="250" T="0" Pressure="0"/>
        <Point X="417" Y="258" T="0" Pressure="0"/>
        <Point X="416" Y="266" T="0" Pressure="0"/>
        <Point X="414" Y="291" T="0" Pressure="0"/>
        <Point X="413" Y="300" T="0" Pressure="0"/>
        <Point X="413" Y="307" T="0" Pressure="0"/>
        <Point X="413" Y="313" T="0" Pressure="0"/>
        <Point X="412" Y="319" T="0" Pressure="0"/>
        <Point X="412" Y="326" T="0" Pressure="0"/>
        <Point X="410" Y="331" T="0" Pressure="0"/>
        <Point X="410" Y="337" T="0" Pressure="0"/>
        <Point X="409" Y="340" T="0" Pressure="0"/>
        <Point X="409" Y="344" T="0" Pressure="0"/>
        <Point X="409" Y="347" T="0" Pressure="0"/>
        <Point X="409" Y="350" T="0" Pressure="0"/>
        <Point X="409" Y="353" T="0" Pressure="0"/>
        <Point X="409" Y="356" T="0" Pressure="0"/>
        <Point X="409" Y="357" T="0" Pressure="0"/>
        <Point X="409" Y="359" T="0" Pressure="0"/>
        <Point X="409" Y="361" T="0" Pressure="0"/>
        <Point X="409" Y="363" T="0" Pressure="0"/>
        <Point X="409" Y="365" T="0" Pressure="0"/>
        <Point X="409" Y="366" T="0" Pressure="0"/>
    </Stroke>
    <Stroke index="2">
        <Point X="353" Y="232" T="0" Pressure="0"/>
        <Point X="351" Y="232" T="0" Pressure="0"/>
        <Point X="350" Y="231" T="0" Pressure="0"/>
        <Point X="352" Y="231" T="0" Pressure="0"/>
        <Point X="353" Y="232" T="0" Pressure="0"/>
        <Point X="354" Y="232" T="0" Pressure="0"/>
        <Point X="356" Y="233" T="0" Pressure="0"/>
        <Point X="357" Y="234" T="0" Pressure="0"/>
        <Point X="360" Y="236" T="0" Pressure="0"/>
        <Point X="362" Y="238" T="0" Pressure="0"/>
        <Point X="364" Y="239" T="0" Pressure="0"/>
        <Point X="368" Y="242" T="0" Pressure="0"/>
        <Point X="371" Y="245" T="0" Pressure="0"/>
        <Point X="376" Y="248" T="0" Pressure="0"/>
        <Point X="382" Y="253" T="0" Pressure="0"/>
        <Point X="387" Y="258" T="0" Pressure="0"/>
        <Point X="393" Y="262" T="0" Pressure="0"/>
        <Point X="398" Y="266" T="0" Pressure="0"/>
        <Point X="404" Y="271" T="0" Pressure="0"/>
        <Point X="409" Y="275" T="0" Pressure="0"/>
        <Point X="414" Y="279" T="0" Pressure="0"/>
        <Point X="420" Y="284" T="0" Pressure="0"/>
        <Point X="425" Y="289" T="0" Pressure="0"/>
        <Point X="431" Y="293" T="0" Pressure="0"/>
        <Point X="435" Y="297" T="0" Pressure="0"/>
        <Point X="440" Y="302" T="0" Pressure="0"/>
        <Point X="444" Y="306" T="0" Pressure="0"/>
        <Point X="449" Y="310" T="0" Pressure="0"/>
        <Point X="453" Y="313" T="0" Pressure="0"/>
        <Point X="456" Y="316" T="0" Pressure="0"/>
        <Point X="459" Y="319" T="0" Pressure="0"/>
        <Point X="462" Y="321" T="0" Pressure="0"/>
        <Point X="465" Y="323" T="0" Pressure="0"/>
        <Point X="469" Y="326" T="0" Pressure="0"/>
        <Point X="470" Y="328" T="0" Pressure="0"/>
        <Point X="473" Y="329" T="0" Pressure="0"/>
        <Point X="477" Y="333" T="0" Pressure="0"/>
        <Point X="478" Y="335" T="0" Pressure="0"/>
        <Point X="480" Y="336" T="0" Pressure="0"/>
        <Point X="481" Y="337" T="0" Pressure="0"/>
        <Point X="483" Y="338" T="0" Pressure="0"/>
        <Point X="484" Y="338" T="0" Pressure="0"/>
        <Point X="484" Y="339" T="0" Pressure="0"/>
        <Point X="485" Y="340" T="0" Pressure="0"/>
    </Stroke>
    <Stroke index="3">
        <Point X="465" Y="229" T="0" Pressure="0"/>
        <Point X="464" Y="228" T="0" Pressure="0"/>
        <Point X="463" Y="228" T="0" Pressure="0"/>
        <Point X="462" Y="228" T="0" Pressure="0"/>
        <Point X="461" Y="228" T="0" Pressure="0"/>
        <Point X="459" Y="228" T="0" Pressure="0"/>
        <Point X="458" Y="228" T="0" Pressure="0"/>
        <Point X="456" Y="229" T="0" Pressure="0"/>
        <Point X="454" Y="231" T="0" Pressure="0"/>
        <Point X="453" Y="232" T="0" Pressure="0"/>
        <Point X="450" Y="234" T="0" Pressure="0"/>
        <Point X="448" Y="237" T="0" Pressure="0"/>
        <Point X="445" Y="240" T="0" Pressure="0"/>
        <Point X="443" Y="244" T="0" Pressure="0"/>
        <Point X="439" Y="248" T="0" Pressure="0"/>
        <Point X="436" Y="253" T="0" Pressure="0"/>
        <Point X="432" Y="257" T="0" Pressure="0"/>
        <Point X="428" Y="262" T="0" Pressure="0"/>
        <Point X="424" Y="267" T="0" Pressure="0"/>
        <Point X="420" Y="272" T="0" Pressure="0"/>
        <Point X="417" Y="278" T="0" Pressure="0"/>
        <Point X="412" Y="284" T="0" Pressure="0"/>
        <Point X="408" Y="289" T="0" Pressure="0"/>
        <Point X="404" Y="295" T="0" Pressure="0"/>
        <Point X="398" Y="301" T="0" Pressure="0"/>
        <Point X="395" Y="306" T="0" Pressure="0"/>
        <Point X="391" Y="311" T="0" Pressure="0"/>
        <Point X="388" Y="315" T="0" Pressure="0"/>
        <Point X="384" Y="319" T="0" Pressure="0"/>
        <Point X="382" Y="322" T="0" Pressure="0"/>
        <Point X="379" Y="325" T="0" Pressure="0"/>
        <Point X="377" Y="327" T="0" Pressure="0"/>
        <Point X="375" Y="328" T="0" Pressure="0"/>
        <Point X="373" Y="329" T="0" Pressure="0"/>
        <Point X="371" Y="331" T="0" Pressure="0"/>
        <Point X="369" Y="332" T="0" Pressure="0"/>
        <Point X="368" Y="332" T="0" Pressure="0"/>
        <Point X="367" Y="333" T="0" Pressure="0"/>
        <Point X="365" Y="333" T="0" Pressure="0"/>
        <Point X="364" Y="333" T="0" Pressure="0"/>
        <Point X="364" Y="334" T="0" Pressure="0"/>
        <Point X="363" Y="334" T="0" Pressure="0"/>
        <Point X="362" Y="334" T="0" Pressure="0"/>
        <Point X="362" Y="335" T="0" Pressure="0"/>
        <Point X="362" Y="336" T="0" Pressure="0"/>
    </Stroke>
</Gesture>
