<?xml version="1.0" ?>
<Gesture Name="arrowhead~03" Subject="2" Number="3" NumPts="120" InputType="stylus" Speed="MEDIUM">
    <Stroke index="1">
        <Point X="296" Y="355" T="0" Pressure="0"/>
        <Point X="298" Y="355" T="0" Pressure="0"/>
        <Point X="300" Y="354" T="0" Pressure="0"/>
        <Point X="303" Y="353" T="0" Pressure="0"/>
        <Point X="305" Y="352" T="0" Pressure="0"/>
        <Point X="309" Y="352" T="0" Pressure="0"/>
        <Point X="313" Y="352" T="0" Pressure="0"/>
        <Point X="318" Y="352" T="0" Pressure="0"/>
        <Point X="323" Y="351" T="0" Pressure="0"/>
        <Point X="327" Y="351" T="0" Pressure="0"/>
        <Point X="334" Y="351" T="0" Pressure="0"/>
        <Point X="340" Y="351" T="0" Pressure="0"/>
        <Point X="345" Y="351" T="0" Pressure="0"/>
        <Point X="351" Y="351" T="0" Pressure="0"/>
        <Point X="357" Y="351" T="0" Pressure="0"/>
        <Point X="364" Y="351" T="0" Pressure="0"/>
        <Point X="371" Y="350" T="0" Pressure="0"/>
        <Point X="378" Y="349" T="0" Pressure="0"/>
        <Point X="384" Y="349" T="0" Pressure="0"/>
        <Point X="390" Y="348" T="0" Pressure="0"/>
        <Point X="398" Y="347" T="0" Pressure="0"/>
        <Point X="405" Y="347" T="0" Pressure="0"/>
        <Point X="411" Y="346" T="0" Pressure="0"/>
        <Point X="419" Y="346" T="0" Pressure="0"/>
        <Point X="424" Y="345" T="0" Pressure="0"/>
        <Point X="430" Y="344" T="0" Pressure="0"/>
        <Point X="435" Y="344" T="0" Pressure="0"/>
        <Point X="441" Y="343" T="0" Pressure="0"/>
        <Point X="446" Y="343" T="0" Pressure="0"/>
        <Point X="451" Y="343" T="0" Pressure="0"/>
        <Point X="455" Y="342" T="0" Pressure="0"/>
        <Point X="458" Y="342" T="0" Pressure="0"/>
        <Point X="462" Y="342" T="0" Pressure="0"/>
        <Point X="466" Y="342" T="0" Pressure="0"/>
        <Point X="469" Y="342" T="0" Pressure="0"/>
        <Point X="472" Y="341" T="0" Pressure="0"/>
        <Point X="474" Y="341" T="0" Pressure="0"/>
        <Point X="476" Y="341" T="0" Pressure="0"/>
        <Point X="477" Y="341" T="0" Pressure="0"/>
        <Point X="478" Y="341" T="0" Pressure="0"/>
        <Point X="479" Y="341" T="0" Pressure="0"/>
        <Point X="480" Y="341" T="0" Pressure="0"/>
    </Stroke>
    <Stroke index="2">
        <Point X="409" Y="277" T="0" Pressure="0"/>
        <Point X="408" Y="276" T="0" Pressure="0"/>
        <Point X="406" Y="274" T="0" Pressure="0"/>
        <Point X="405" Y="273" T="0" Pressure="0"/>
        <Point X="405" Y="272" T="0" Pressure="0"/>
        <Point X="405" Y="273" T="0" Pressure="0"/>
        <Point X="406" Y="274" T="0" Pressure="0"/>
        <Point X="407" Y="274" T="0" Pressure="0"/>
        <Point X="408" Y="276" T="0" Pressure="0"/>
        <Point X="409" Y="277" T="0" Pressure="0"/>
        <Point X="410" Y="278" T="0" Pressure="0"/>
        <Point X="412" Y="279" T="0" Pressure="0"/>
        <Point X="413" Y="281" T="0" Pressure="0"/>
        <Point X="416" Y="283" T="0" Pressure="0"/>
        <Point X="417" Y="284" T="0" Pressure="0"/>
        <Point X="420" Y="287" T="0" Pressure="0"/>
        <Point X="421" Y="289" T="0" Pressure="0"/>
        <Point X="424" Y="291" T="0" Pressure="0"/>
        <Point X="427" Y="294" T="0" Pressure="0"/>
        <Point X="431" Y="297" T="0" Pressure="0"/>
        <Point X="435" Y="301" T="0" Pressure="0"/>
        <Point X="439" Y="304" T="0" Pressure="0"/>
        <Point X="442" Y="308" T="0" Pressure="0"/>
        <Point X="447" Y="311" T="0" Pressure="0"/>
        <Point X="450" Y="313" T="0" Pressure="0"/>
        <Point X="454" Y="316" T="0" Pressure="0"/>
        <Point X="458" Y="319" T="0" Pressure="0"/>
        <Point X="462" Y="321" T="0" Pressure="0"/>
        <Point X="465" Y="324" T="0" Pressure="0"/>
        <Point X="468" Y="327" T="0" Pressure="0"/>
        <Point X="471" Y="329" T="0" Pressure="0"/>
        <Point X="474" Y="331" T="0" Pressure="0"/>
        <Point X="477" Y="333" T="0" Pressure="0"/>
        <Point X="479" Y="335" T="0" Pressure="0"/>
        <Point X="482" Y="336" T="0" Pressure="0"/>
        <Point X="484" Y="338" T="0" Pressure="0"/>
        <Point X="487" Y="338" T="0" Pressure="0"/>
        <Point X="489" Y="340" T="0" Pressure="0"/>
        <Point X="491" Y="340" T="0" Pressure="0"/>
        <Point X="492" Y="341" T="0" Pressure="0"/>
        <Point X="493" Y="342" T="0" Pressure="0"/>
        <Point X="495" Y="343" T="0" Pressure="0"/>
        <Point X="496" Y="343" T="0" Pressure="0"/>
        <Point X="497" Y="344" T="0" Pressure="0"/>
        <Point X="498" Y="345" T="0" Pressure="0"/>
        <Point X="498" Y="346" T="0" Pressure="0"/>
        <Point X="498" Y="347" T="0" Pressure="0"/>
        <Point X="498" Y="348" T="0" Pressure="0"/>
        <Point X="496" Y="349" T="0" Pressure="0"/>
        <Point X="495" Y="351" T="0" Pressure="0"/>
        <Point X="494" Y="352" T="0" Pressure="0"/>
        <Point X="493" Y="352" T="0" Pressure="0"/>
        <Point X="492" Y="353" T="0" Pressure="0"/>
        <Point X="491" Y="355" T="0" Pressure="0"/>
        <Point X="489" Y="356" T="0" Pressure="0"/>
        <Point X="487" Y="357" T="0" Pressure="0"/>
        <Point X="485" Y="359" T="0" Pressure="0"/>
        <Point X="484" Y="361" T="0" Pressure="0"/>
        <Point X="481" Y="362" T="0" Pressure="0"/>
        <Point X="479" Y="363" T="0" Pressure="0"/>
        <Point X="477" Y="365" T="0" Pressure="0"/>
        <Point X="474" Y="367" T="0" Pressure="0"/>
        <Point X="470" Y="369" T="0" Pressure="0"/>
        <Point X="468" Y="371" T="0" Pressure="0"/>
        <Point X="465" Y="373" T="0" Pressure="0"/>
        <Point X="461" Y="376" T="0" Pressure="0"/>
        <Point X="458" Y="377" T="0" Pressure="0"/>
        <Point X="454" Y="380" T="0" Pressure="0"/>
        <Point X="450" Y="383" T="0" Pressure="0"/>
        <Point X="447" Y="385" T="0" Pressure="0"/>
        <Point X="444" Y="388" T="0" Pressure="0"/>
        <Point X="440" Y="390" T="0" Pressure="0"/>
        <Point X="438" Y="392" T="0" Pressure="0"/>
        <Point X="435" Y="394" T="0" Pressure="0"/>
        <Point X="432" Y="397" T="0" Pressure="0"/>
        <Point X="430" Y="399" T="0" Pressure="0"/>
        <Point X="428" Y="401" T="0" Pressure="0"/>
        <Point X="427" Y="403" T="0" Pressure="0"/>
    </Stroke>
</Gesture>
