<?xml version="1.0" ?>
<Gesture Name="X~09" Subject="2" Number="9" NumPts="68" InputType="stylus" Speed="MEDIUM">
    <Stroke index="1">
        <Point X="349" Y="304" T="0" Pressure="0"/>
        <Point X="350" Y="304" T="0" Pressure="0"/>
        <Point X="352" Y="304" T="0" Pressure="0"/>
        <Point X="353" Y="306" T="0" Pressure="0"/>
        <Point X="356" Y="307" T="0" Pressure="0"/>
        <Point X="358" Y="309" T="0" Pressure="0"/>
        <Point X="361" Y="311" T="0" Pressure="0"/>
        <Point X="364" Y="313" T="0" Pressure="0"/>
        <Point X="373" Y="320" T="0" Pressure="0"/>
        <Point X="378" Y="323" T="0" Pressure="0"/>
        <Point X="382" Y="327" T="0" Pressure="0"/>
        <Point X="386" Y="331" T="0" Pressure="0"/>
        <Point X="391" Y="335" T="0" Pressure="0"/>
        <Point X="395" Y="339" T="0" Pressure="0"/>
        <Point X="400" Y="343" T="0" Pressure="0"/>
        <Point X="404" Y="347" T="0" Pressure="0"/>
        <Point X="408" Y="351" T="0" Pressure="0"/>
        <Point X="412" Y="354" T="0" Pressure="0"/>
        <Point X="419" Y="360" T="0" Pressure="0"/>
        <Point X="423" Y="363" T="0" Pressure="0"/>
        <Point X="426" Y="365" T="0" Pressure="0"/>
        <Point X="428" Y="368" T="0" Pressure="0"/>
        <Point X="431" Y="371" T="0" Pressure="0"/>
        <Point X="438" Y="377" T="0" Pressure="0"/>
        <Point X="439" Y="378" T="0" Pressure="0"/>
        <Point X="440" Y="380" T="0" Pressure="0"/>
        <Point X="442" Y="381" T="0" Pressure="0"/>
        <Point X="443" Y="382" T="0" Pressure="0"/>
        <Point X="444" Y="384" T="0" Pressure="0"/>
        <Point X="445" Y="385" T="0" Pressure="0"/>
        <Point X="446" Y="385" T="0" Pressure="0"/>
    </Stroke>
    <Stroke index="2">
        <Point X="440" Y="295" T="0" Pressure="0"/>
        <Point X="438" Y="292" T="0" Pressure="0"/>
        <Point X="436" Y="290" T="0" Pressure="0"/>
        <Point X="435" Y="289" T="0" Pressure="0"/>
        <Point X="434" Y="288" T="0" Pressure="0"/>
        <Point X="433" Y="288" T="0" Pressure="0"/>
        <Point X="432" Y="289" T="0" Pressure="0"/>
        <Point X="429" Y="290" T="0" Pressure="0"/>
        <Point X="428" Y="292" T="0" Pressure="0"/>
        <Point X="425" Y="294" T="0" Pressure="0"/>
        <Point X="423" Y="297" T="0" Pressure="0"/>
        <Point X="420" Y="299" T="0" Pressure="0"/>
        <Point X="418" Y="303" T="0" Pressure="0"/>
        <Point X="415" Y="306" T="0" Pressure="0"/>
        <Point X="409" Y="314" T="0" Pressure="0"/>
        <Point X="405" Y="318" T="0" Pressure="0"/>
        <Point X="402" Y="322" T="0" Pressure="0"/>
        <Point X="395" Y="332" T="0" Pressure="0"/>
        <Point X="392" Y="337" T="0" Pressure="0"/>
        <Point X="389" Y="342" T="0" Pressure="0"/>
        <Point X="383" Y="353" T="0" Pressure="0"/>
        <Point X="380" Y="359" T="0" Pressure="0"/>
        <Point X="378" Y="363" T="0" Pressure="0"/>
        <Point X="375" Y="368" T="0" Pressure="0"/>
        <Point X="372" Y="373" T="0" Pressure="0"/>
        <Point X="371" Y="377" T="0" Pressure="0"/>
        <Point X="369" Y="381" T="0" Pressure="0"/>
        <Point X="367" Y="387" T="0" Pressure="0"/>
        <Point X="366" Y="388" T="0" Pressure="0"/>
        <Point X="365" Y="390" T="0" Pressure="0"/>
        <Point X="364" Y="392" T="0" Pressure="0"/>
        <Point X="364" Y="393" T="0" Pressure="0"/>
        <Point X="364" Y="394" T="0" Pressure="0"/>
        <Point X="362" Y="397" T="0" Pressure="0"/>
        <Point X="361" Y="398" T="0" Pressure="0"/>
        <Point X="361" Y="399" T="0" Pressure="0"/>
        <Point X="361" Y="400" T="0" Pressure="0"/>
    </Stroke>
</Gesture>
