<?xml version="1.0" ?>
<Gesture Name="P~05" Subject="2" Number="5" NumPts="76" InputType="stylus" Speed="MEDIUM">
    <Stroke index="1">
        <Point X="386" Y="255" T="0" Pressure="0"/>
        <Point X="385" Y="256" T="0" Pressure="0"/>
        <Point X="384" Y="257" T="0" Pressure="0"/>
        <Point X="384" Y="259" T="0" Pressure="0"/>
        <Point X="384" Y="261" T="0" Pressure="0"/>
        <Point X="384" Y="263" T="0" Pressure="0"/>
        <Point X="386" Y="268" T="0" Pressure="0"/>
        <Point X="386" Y="272" T="0" Pressure="0"/>
        <Point X="386" Y="277" T="0" Pressure="0"/>
        <Point X="386" Y="281" T="0" Pressure="0"/>
        <Point X="386" Y="287" T="0" Pressure="0"/>
        <Point X="386" Y="292" T="0" Pressure="0"/>
        <Point X="386" Y="298" T="0" Pressure="0"/>
        <Point X="386" Y="303" T="0" Pressure="0"/>
        <Point X="385" Y="310" T="0" Pressure="0"/>
        <Point X="384" Y="315" T="0" Pressure="0"/>
        <Point X="383" Y="321" T="0" Pressure="0"/>
        <Point X="383" Y="327" T="0" Pressure="0"/>
        <Point X="382" Y="334" T="0" Pressure="0"/>
        <Point X="382" Y="338" T="0" Pressure="0"/>
        <Point X="381" Y="342" T="0" Pressure="0"/>
        <Point X="381" Y="346" T="0" Pressure="0"/>
        <Point X="381" Y="350" T="0" Pressure="0"/>
        <Point X="381" Y="353" T="0" Pressure="0"/>
        <Point X="381" Y="357" T="0" Pressure="0"/>
        <Point X="381" Y="359" T="0" Pressure="0"/>
        <Point X="381" Y="361" T="0" Pressure="0"/>
        <Point X="381" Y="362" T="0" Pressure="0"/>
        <Point X="381" Y="363" T="0" Pressure="0"/>
        <Point X="381" Y="365" T="0" Pressure="0"/>
        <Point X="380" Y="368" T="0" Pressure="0"/>
        <Point X="380" Y="369" T="0" Pressure="0"/>
        <Point X="379" Y="369" T="0" Pressure="0"/>
    </Stroke>
    <Stroke index="2">
        <Point X="378" Y="253" T="0" Pressure="0"/>
        <Point X="378" Y="251" T="0" Pressure="0"/>
        <Point X="378" Y="248" T="0" Pressure="0"/>
        <Point X="379" Y="246" T="0" Pressure="0"/>
        <Point X="380" Y="245" T="0" Pressure="0"/>
        <Point X="382" Y="243" T="0" Pressure="0"/>
        <Point X="383" Y="242" T="0" Pressure="0"/>
        <Point X="387" Y="240" T="0" Pressure="0"/>
        <Point X="390" Y="239" T="0" Pressure="0"/>
        <Point X="394" Y="239" T="0" Pressure="0"/>
        <Point X="401" Y="238" T="0" Pressure="0"/>
        <Point X="409" Y="238" T="0" Pressure="0"/>
        <Point X="412" Y="239" T="0" Pressure="0"/>
        <Point X="424" Y="241" T="0" Pressure="0"/>
        <Point X="427" Y="243" T="0" Pressure="0"/>
        <Point X="430" Y="244" T="0" Pressure="0"/>
        <Point X="432" Y="246" T="0" Pressure="0"/>
        <Point X="435" Y="249" T="0" Pressure="0"/>
        <Point X="438" Y="254" T="0" Pressure="0"/>
        <Point X="439" Y="258" T="0" Pressure="0"/>
        <Point X="440" Y="260" T="0" Pressure="0"/>
        <Point X="440" Y="263" T="0" Pressure="0"/>
        <Point X="440" Y="266" T="0" Pressure="0"/>
        <Point X="440" Y="268" T="0" Pressure="0"/>
        <Point X="440" Y="271" T="0" Pressure="0"/>
        <Point X="439" Y="276" T="0" Pressure="0"/>
        <Point X="435" Y="281" T="0" Pressure="0"/>
        <Point X="430" Y="285" T="0" Pressure="0"/>
        <Point X="428" Y="287" T="0" Pressure="0"/>
        <Point X="425" Y="289" T="0" Pressure="0"/>
        <Point X="423" Y="290" T="0" Pressure="0"/>
        <Point X="420" Y="291" T="0" Pressure="0"/>
        <Point X="417" Y="293" T="0" Pressure="0"/>
        <Point X="413" Y="295" T="0" Pressure="0"/>
        <Point X="406" Y="297" T="0" Pressure="0"/>
        <Point X="403" Y="298" T="0" Pressure="0"/>
        <Point X="400" Y="300" T="0" Pressure="0"/>
        <Point X="394" Y="302" T="0" Pressure="0"/>
        <Point X="390" Y="303" T="0" Pressure="0"/>
        <Point X="386" Y="303" T="0" Pressure="0"/>
        <Point X="384" Y="303" T="0" Pressure="0"/>
        <Point X="382" Y="303" T="0" Pressure="0"/>
        <Point X="379" Y="304" T="0" Pressure="0"/>
    </Stroke>
</Gesture>
