<?xml version="1.0" ?>
<Gesture Name="five_point_star~02" Subject="2" Number="2" NumPts="156" InputType="stylus" Speed="MEDIUM">
    <Stroke index="1">
        <Point X="331" Y="353" T="0" Pressure="0"/>
        <Point X="330" Y="353" T="0" Pressure="0"/>
        <Point X="330" Y="352" T="0" Pressure="0"/>
        <Point X="330" Y="351" T="0" Pressure="0"/>
        <Point X="330" Y="349" T="0" Pressure="0"/>
        <Point X="330" Y="348" T="0" Pressure="0"/>
        <Point X="330" Y="347" T="0" Pressure="0"/>
        <Point X="331" Y="346" T="0" Pressure="0"/>
        <Point X="332" Y="343" T="0" Pressure="0"/>
        <Point X="334" Y="341" T="0" Pressure="0"/>
        <Point X="334" Y="338" T="0" Pressure="0"/>
        <Point X="338" Y="331" T="0" Pressure="0"/>
        <Point X="341" Y="327" T="0" Pressure="0"/>
        <Point X="342" Y="321" T="0" Pressure="0"/>
        <Point X="345" Y="316" T="0" Pressure="0"/>
        <Point X="348" Y="310" T="0" Pressure="0"/>
        <Point X="351" Y="303" T="0" Pressure="0"/>
        <Point X="364" Y="273" T="0" Pressure="0"/>
        <Point X="368" Y="266" T="0" Pressure="0"/>
        <Point X="371" Y="259" T="0" Pressure="0"/>
        <Point X="374" Y="250" T="0" Pressure="0"/>
        <Point X="376" Y="243" T="0" Pressure="0"/>
        <Point X="379" Y="238" T="0" Pressure="0"/>
        <Point X="382" Y="233" T="0" Pressure="0"/>
        <Point X="383" Y="228" T="0" Pressure="0"/>
        <Point X="385" Y="225" T="0" Pressure="0"/>
        <Point X="386" Y="222" T="0" Pressure="0"/>
        <Point X="387" Y="221" T="0" Pressure="0"/>
        <Point X="387" Y="220" T="0" Pressure="0"/>
        <Point X="389" Y="219" T="0" Pressure="0"/>
        <Point X="390" Y="219" T="0" Pressure="0"/>
        <Point X="391" Y="221" T="0" Pressure="0"/>
        <Point X="393" Y="223" T="0" Pressure="0"/>
        <Point X="394" Y="224" T="0" Pressure="0"/>
        <Point X="394" Y="227" T="0" Pressure="0"/>
        <Point X="396" Y="229" T="0" Pressure="0"/>
        <Point X="397" Y="233" T="0" Pressure="0"/>
        <Point X="398" Y="237" T="0" Pressure="0"/>
        <Point X="399" Y="240" T="0" Pressure="0"/>
        <Point X="401" Y="246" T="0" Pressure="0"/>
        <Point X="402" Y="251" T="0" Pressure="0"/>
        <Point X="404" Y="256" T="0" Pressure="0"/>
        <Point X="405" Y="262" T="0" Pressure="0"/>
        <Point X="406" Y="267" T="0" Pressure="0"/>
        <Point X="408" Y="273" T="0" Pressure="0"/>
        <Point X="409" Y="279" T="0" Pressure="0"/>
        <Point X="411" Y="287" T="0" Pressure="0"/>
        <Point X="413" Y="292" T="0" Pressure="0"/>
        <Point X="414" Y="298" T="0" Pressure="0"/>
        <Point X="417" Y="303" T="0" Pressure="0"/>
        <Point X="420" Y="313" T="0" Pressure="0"/>
        <Point X="422" Y="318" T="0" Pressure="0"/>
        <Point X="423" Y="321" T="0" Pressure="0"/>
        <Point X="424" Y="324" T="0" Pressure="0"/>
        <Point X="426" Y="330" T="0" Pressure="0"/>
        <Point X="427" Y="334" T="0" Pressure="0"/>
        <Point X="428" Y="336" T="0" Pressure="0"/>
        <Point X="428" Y="337" T="0" Pressure="0"/>
        <Point X="427" Y="337" T="0" Pressure="0"/>
        <Point X="426" Y="337" T="0" Pressure="0"/>
        <Point X="425" Y="337" T="0" Pressure="0"/>
        <Point X="423" Y="335" T="0" Pressure="0"/>
        <Point X="421" Y="333" T="0" Pressure="0"/>
        <Point X="419" Y="332" T="0" Pressure="0"/>
        <Point X="417" Y="330" T="0" Pressure="0"/>
        <Point X="415" Y="328" T="0" Pressure="0"/>
        <Point X="409" Y="324" T="0" Pressure="0"/>
        <Point X="403" Y="319" T="0" Pressure="0"/>
        <Point X="399" Y="317" T="0" Pressure="0"/>
        <Point X="395" Y="315" T="0" Pressure="0"/>
        <Point X="386" Y="310" T="0" Pressure="0"/>
        <Point X="382" Y="308" T="0" Pressure="0"/>
        <Point X="375" Y="306" T="0" Pressure="0"/>
        <Point X="364" Y="303" T="0" Pressure="0"/>
        <Point X="357" Y="303" T="0" Pressure="0"/>
        <Point X="351" Y="302" T="0" Pressure="0"/>
        <Point X="338" Y="302" T="0" Pressure="0"/>
        <Point X="333" Y="302" T="0" Pressure="0"/>
        <Point X="328" Y="303" T="0" Pressure="0"/>
        <Point X="318" Y="304" T="0" Pressure="0"/>
        <Point X="314" Y="304" T="0" Pressure="0"/>
        <Point X="309" Y="305" T="0" Pressure="0"/>
        <Point X="305" Y="306" T="0" Pressure="0"/>
        <Point X="303" Y="306" T="0" Pressure="0"/>
        <Point X="300" Y="306" T="0" Pressure="0"/>
        <Point X="299" Y="306" T="0" Pressure="0"/>
        <Point X="296" Y="306" T="0" Pressure="0"/>
        <Point X="296" Y="305" T="0" Pressure="0"/>
        <Point X="299" Y="304" T="0" Pressure="0"/>
        <Point X="300" Y="303" T="0" Pressure="0"/>
        <Point X="304" Y="302" T="0" Pressure="0"/>
        <Point X="307" Y="300" T="0" Pressure="0"/>
        <Point X="311" Y="298" T="0" Pressure="0"/>
        <Point X="321" Y="293" T="0" Pressure="0"/>
        <Point X="326" Y="291" T="0" Pressure="0"/>
        <Point X="345" Y="283" T="0" Pressure="0"/>
        <Point X="353" Y="279" T="0" Pressure="0"/>
        <Point X="361" Y="275" T="0" Pressure="0"/>
        <Point X="378" Y="268" T="0" Pressure="0"/>
        <Point X="386" Y="264" T="0" Pressure="0"/>
        <Point X="394" Y="261" T="0" Pressure="0"/>
        <Point X="409" Y="254" T="0" Pressure="0"/>
        <Point X="415" Y="252" T="0" Pressure="0"/>
        <Point X="420" Y="250" T="0" Pressure="0"/>
        <Point X="425" Y="249" T="0" Pressure="0"/>
        <Point X="429" Y="248" T="0" Pressure="0"/>
        <Point X="432" Y="247" T="0" Pressure="0"/>
        <Point X="436" Y="247" T="0" Pressure="0"/>
        <Point X="438" Y="247" T="0" Pressure="0"/>
        <Point X="440" Y="247" T="0" Pressure="0"/>
        <Point X="442" Y="247" T="0" Pressure="0"/>
        <Point X="443" Y="248" T="0" Pressure="0"/>
        <Point X="445" Y="248" T="0" Pressure="0"/>
        <Point X="446" Y="249" T="0" Pressure="0"/>
        <Point X="447" Y="250" T="0" Pressure="0"/>
        <Point X="447" Y="252" T="0" Pressure="0"/>
        <Point X="447" Y="254" T="0" Pressure="0"/>
        <Point X="446" Y="256" T="0" Pressure="0"/>
        <Point X="445" Y="258" T="0" Pressure="0"/>
        <Point X="443" Y="261" T="0" Pressure="0"/>
        <Point X="442" Y="263" T="0" Pressure="0"/>
        <Point X="440" Y="266" T="0" Pressure="0"/>
        <Point X="438" Y="269" T="0" Pressure="0"/>
        <Point X="435" Y="273" T="0" Pressure="0"/>
        <Point X="432" Y="278" T="0" Pressure="0"/>
        <Point X="429" Y="282" T="0" Pressure="0"/>
        <Point X="425" Y="286" T="0" Pressure="0"/>
        <Point X="423" Y="290" T="0" Pressure="0"/>
        <Point X="419" Y="295" T="0" Pressure="0"/>
        <Point X="415" Y="300" T="0" Pressure="0"/>
        <Point X="411" Y="305" T="0" Pressure="0"/>
        <Point X="407" Y="310" T="0" Pressure="0"/>
        <Point X="403" Y="313" T="0" Pressure="0"/>
        <Point X="399" Y="317" T="0" Pressure="0"/>
        <Point X="394" Y="321" T="0" Pressure="0"/>
        <Point X="390" Y="326" T="0" Pressure="0"/>
        <Point X="384" Y="329" T="0" Pressure="0"/>
        <Point X="379" Y="333" T="0" Pressure="0"/>
        <Point X="375" Y="336" T="0" Pressure="0"/>
        <Point X="369" Y="338" T="0" Pressure="0"/>
        <Point X="364" Y="340" T="0" Pressure="0"/>
        <Point X="360" Y="342" T="0" Pressure="0"/>
        <Point X="354" Y="345" T="0" Pressure="0"/>
        <Point X="350" Y="346" T="0" Pressure="0"/>
        <Point X="346" Y="348" T="0" Pressure="0"/>
        <Point X="342" Y="349" T="0" Pressure="0"/>
        <Point X="339" Y="351" T="0" Pressure="0"/>
        <Point X="334" Y="352" T="0" Pressure="0"/>
        <Point X="333" Y="352" T="0" Pressure="0"/>
        <Point X="332" Y="352" T="0" Pressure="0"/>
        <Point X="333" Y="352" T="0" Pressure="0"/>
        <Point X="334" Y="352" T="0" Pressure="0"/>
        <Point X="338" Y="352" T="0" Pressure="0"/>
        <Point X="339" Y="352" T="0" Pressure="0"/>
        <Point X="342" Y="353" T="0" Pressure="0"/>
        <Point X="344" Y="354" T="0" Pressure="0"/>
    </Stroke>
</Gesture>
