<?xml version="1.0" ?>
<Gesture Name="arrowhead~05" Subject="2" Number="5" NumPts="107" InputType="stylus" Speed="MEDIUM">
    <Stroke index="1">
        <Point X="304" Y="356" T="0" Pressure="0"/>
        <Point X="305" Y="356" T="0" Pressure="0"/>
        <Point X="311" Y="354" T="0" Pressure="0"/>
        <Point X="314" Y="353" T="0" Pressure="0"/>
        <Point X="318" Y="352" T="0" Pressure="0"/>
        <Point X="322" Y="352" T="0" Pressure="0"/>
        <Point X="326" Y="351" T="0" Pressure="0"/>
        <Point X="331" Y="351" T="0" Pressure="0"/>
        <Point X="337" Y="350" T="0" Pressure="0"/>
        <Point X="342" Y="350" T="0" Pressure="0"/>
        <Point X="348" Y="350" T="0" Pressure="0"/>
        <Point X="353" Y="350" T="0" Pressure="0"/>
        <Point X="359" Y="350" T="0" Pressure="0"/>
        <Point X="365" Y="350" T="0" Pressure="0"/>
        <Point X="371" Y="350" T="0" Pressure="0"/>
        <Point X="377" Y="350" T="0" Pressure="0"/>
        <Point X="384" Y="349" T="0" Pressure="0"/>
        <Point X="390" Y="349" T="0" Pressure="0"/>
        <Point X="395" Y="349" T="0" Pressure="0"/>
        <Point X="401" Y="349" T="0" Pressure="0"/>
        <Point X="406" Y="349" T="0" Pressure="0"/>
        <Point X="412" Y="349" T="0" Pressure="0"/>
        <Point X="417" Y="349" T="0" Pressure="0"/>
        <Point X="422" Y="349" T="0" Pressure="0"/>
        <Point X="431" Y="349" T="0" Pressure="0"/>
        <Point X="435" Y="349" T="0" Pressure="0"/>
        <Point X="439" Y="349" T="0" Pressure="0"/>
        <Point X="443" Y="349" T="0" Pressure="0"/>
        <Point X="446" Y="348" T="0" Pressure="0"/>
        <Point X="448" Y="348" T="0" Pressure="0"/>
        <Point X="451" Y="348" T="0" Pressure="0"/>
        <Point X="454" Y="348" T="0" Pressure="0"/>
        <Point X="456" Y="348" T="0" Pressure="0"/>
        <Point X="458" Y="347" T="0" Pressure="0"/>
        <Point X="461" Y="347" T="0" Pressure="0"/>
        <Point X="462" Y="347" T="0" Pressure="0"/>
        <Point X="463" Y="347" T="0" Pressure="0"/>
        <Point X="465" Y="347" T="0" Pressure="0"/>
        <Point X="466" Y="347" T="0" Pressure="0"/>
        <Point X="467" Y="346" T="0" Pressure="0"/>
    </Stroke>
    <Stroke index="2">
        <Point X="412" Y="293" T="0" Pressure="0"/>
        <Point X="409" Y="292" T="0" Pressure="0"/>
        <Point X="408" Y="291" T="0" Pressure="0"/>
        <Point X="409" Y="292" T="0" Pressure="0"/>
        <Point X="409" Y="293" T="0" Pressure="0"/>
        <Point X="410" Y="294" T="0" Pressure="0"/>
        <Point X="412" Y="295" T="0" Pressure="0"/>
        <Point X="413" Y="296" T="0" Pressure="0"/>
        <Point X="416" Y="298" T="0" Pressure="0"/>
        <Point X="417" Y="299" T="0" Pressure="0"/>
        <Point X="420" Y="302" T="0" Pressure="0"/>
        <Point X="422" Y="303" T="0" Pressure="0"/>
        <Point X="424" Y="306" T="0" Pressure="0"/>
        <Point X="428" Y="308" T="0" Pressure="0"/>
        <Point X="431" Y="311" T="0" Pressure="0"/>
        <Point X="435" Y="314" T="0" Pressure="0"/>
        <Point X="438" Y="317" T="0" Pressure="0"/>
        <Point X="442" Y="319" T="0" Pressure="0"/>
        <Point X="445" Y="322" T="0" Pressure="0"/>
        <Point X="448" Y="325" T="0" Pressure="0"/>
        <Point X="452" Y="327" T="0" Pressure="0"/>
        <Point X="456" Y="330" T="0" Pressure="0"/>
        <Point X="458" Y="332" T="0" Pressure="0"/>
        <Point X="462" Y="334" T="0" Pressure="0"/>
        <Point X="464" Y="335" T="0" Pressure="0"/>
        <Point X="466" Y="336" T="0" Pressure="0"/>
        <Point X="469" Y="338" T="0" Pressure="0"/>
        <Point X="471" Y="339" T="0" Pressure="0"/>
        <Point X="473" Y="340" T="0" Pressure="0"/>
        <Point X="474" Y="341" T="0" Pressure="0"/>
        <Point X="476" Y="342" T="0" Pressure="0"/>
        <Point X="477" Y="343" T="0" Pressure="0"/>
        <Point X="478" Y="344" T="0" Pressure="0"/>
        <Point X="480" Y="346" T="0" Pressure="0"/>
        <Point X="480" Y="347" T="0" Pressure="0"/>
        <Point X="481" Y="348" T="0" Pressure="0"/>
        <Point X="481" Y="349" T="0" Pressure="0"/>
        <Point X="482" Y="351" T="0" Pressure="0"/>
        <Point X="482" Y="352" T="0" Pressure="0"/>
        <Point X="482" Y="353" T="0" Pressure="0"/>
        <Point X="482" Y="354" T="0" Pressure="0"/>
        <Point X="482" Y="355" T="0" Pressure="0"/>
        <Point X="481" Y="356" T="0" Pressure="0"/>
        <Point X="481" Y="357" T="0" Pressure="0"/>
        <Point X="480" Y="359" T="0" Pressure="0"/>
        <Point X="480" Y="360" T="0" Pressure="0"/>
        <Point X="478" Y="363" T="0" Pressure="0"/>
        <Point X="477" Y="365" T="0" Pressure="0"/>
        <Point X="476" Y="367" T="0" Pressure="0"/>
        <Point X="474" Y="368" T="0" Pressure="0"/>
        <Point X="473" Y="371" T="0" Pressure="0"/>
        <Point X="471" Y="372" T="0" Pressure="0"/>
        <Point X="469" Y="373" T="0" Pressure="0"/>
        <Point X="468" Y="376" T="0" Pressure="0"/>
        <Point X="465" Y="377" T="0" Pressure="0"/>
        <Point X="462" Y="379" T="0" Pressure="0"/>
        <Point X="460" Y="381" T="0" Pressure="0"/>
        <Point X="458" Y="384" T="0" Pressure="0"/>
        <Point X="455" Y="386" T="0" Pressure="0"/>
        <Point X="452" Y="388" T="0" Pressure="0"/>
        <Point X="449" Y="391" T="0" Pressure="0"/>
        <Point X="443" Y="397" T="0" Pressure="0"/>
        <Point X="441" Y="400" T="0" Pressure="0"/>
        <Point X="439" Y="402" T="0" Pressure="0"/>
        <Point X="436" Y="406" T="0" Pressure="0"/>
        <Point X="435" Y="409" T="0" Pressure="0"/>
        <Point X="432" Y="413" T="0" Pressure="0"/>
    </Stroke>
</Gesture>
