<?xml version="1.0" ?>
<Gesture Name="I~09" Subject="2" Number="9" NumPts="101" InputType="stylus" Speed="MEDIUM">
    <Stroke index="1">
        <Point X="331" Y="271" T="0" Pressure="0"/>
        <Point X="331" Y="269" T="0" Pressure="0"/>
        <Point X="331" Y="268" T="0" Pressure="0"/>
        <Point X="340" Y="264" T="0" Pressure="0"/>
        <Point X="344" Y="262" T="0" Pressure="0"/>
        <Point X="353" Y="259" T="0" Pressure="0"/>
        <Point X="360" Y="258" T="0" Pressure="0"/>
        <Point X="366" Y="256" T="0" Pressure="0"/>
        <Point X="374" Y="254" T="0" Pressure="0"/>
        <Point X="382" Y="253" T="0" Pressure="0"/>
        <Point X="390" Y="251" T="0" Pressure="0"/>
        <Point X="397" Y="249" T="0" Pressure="0"/>
        <Point X="405" Y="248" T="0" Pressure="0"/>
        <Point X="413" Y="247" T="0" Pressure="0"/>
        <Point X="420" Y="246" T="0" Pressure="0"/>
        <Point X="428" Y="244" T="0" Pressure="0"/>
        <Point X="435" Y="242" T="0" Pressure="0"/>
        <Point X="440" Y="242" T="0" Pressure="0"/>
        <Point X="447" Y="241" T="0" Pressure="0"/>
        <Point X="451" Y="240" T="0" Pressure="0"/>
        <Point X="457" Y="239" T="0" Pressure="0"/>
        <Point X="461" Y="239" T="0" Pressure="0"/>
        <Point X="464" Y="239" T="0" Pressure="0"/>
        <Point X="466" Y="239" T="0" Pressure="0"/>
        <Point X="468" Y="239" T="0" Pressure="0"/>
        <Point X="469" Y="239" T="0" Pressure="0"/>
        <Point X="470" Y="240" T="0" Pressure="0"/>
        <Point X="470" Y="241" T="0" Pressure="0"/>
        <Point X="470" Y="242" T="0" Pressure="0"/>
        <Point X="469" Y="243" T="0" Pressure="0"/>
    </Stroke>
    <Stroke index="2">
        <Point X="409" Y="252" T="0" Pressure="0"/>
        <Point X="409" Y="253" T="0" Pressure="0"/>
        <Point X="409" Y="254" T="0" Pressure="0"/>
        <Point X="408" Y="255" T="0" Pressure="0"/>
        <Point X="408" Y="257" T="0" Pressure="0"/>
        <Point X="406" Y="259" T="0" Pressure="0"/>
        <Point X="405" Y="261" T="0" Pressure="0"/>
        <Point X="405" Y="264" T="0" Pressure="0"/>
        <Point X="404" Y="267" T="0" Pressure="0"/>
        <Point X="402" Y="271" T="0" Pressure="0"/>
        <Point X="401" Y="274" T="0" Pressure="0"/>
        <Point X="400" Y="279" T="0" Pressure="0"/>
        <Point X="399" Y="284" T="0" Pressure="0"/>
        <Point X="398" Y="289" T="0" Pressure="0"/>
        <Point X="397" Y="293" T="0" Pressure="0"/>
        <Point X="396" Y="298" T="0" Pressure="0"/>
        <Point X="395" Y="303" T="0" Pressure="0"/>
        <Point X="394" Y="310" T="0" Pressure="0"/>
        <Point X="394" Y="314" T="0" Pressure="0"/>
        <Point X="394" Y="319" T="0" Pressure="0"/>
        <Point X="393" Y="325" T="0" Pressure="0"/>
        <Point X="393" Y="330" T="0" Pressure="0"/>
        <Point X="393" Y="335" T="0" Pressure="0"/>
        <Point X="393" Y="340" T="0" Pressure="0"/>
        <Point X="394" Y="344" T="0" Pressure="0"/>
        <Point X="394" Y="347" T="0" Pressure="0"/>
        <Point X="394" Y="351" T="0" Pressure="0"/>
        <Point X="395" Y="354" T="0" Pressure="0"/>
        <Point X="396" Y="357" T="0" Pressure="0"/>
        <Point X="397" Y="360" T="0" Pressure="0"/>
        <Point X="398" Y="361" T="0" Pressure="0"/>
        <Point X="398" Y="364" T="0" Pressure="0"/>
        <Point X="399" Y="365" T="0" Pressure="0"/>
        <Point X="399" Y="366" T="0" Pressure="0"/>
        <Point X="400" Y="366" T="0" Pressure="0"/>
        <Point X="400" Y="367" T="0" Pressure="0"/>
        <Point X="401" Y="367" T="0" Pressure="0"/>
    </Stroke>
    <Stroke index="3">
        <Point X="340" Y="378" T="0" Pressure="0"/>
        <Point X="339" Y="377" T="0" Pressure="0"/>
        <Point X="338" Y="377" T="0" Pressure="0"/>
        <Point X="339" Y="376" T="0" Pressure="0"/>
        <Point X="341" Y="375" T="0" Pressure="0"/>
        <Point X="342" Y="375" T="0" Pressure="0"/>
        <Point X="345" Y="375" T="0" Pressure="0"/>
        <Point X="348" Y="375" T="0" Pressure="0"/>
        <Point X="352" Y="375" T="0" Pressure="0"/>
        <Point X="356" Y="374" T="0" Pressure="0"/>
        <Point X="360" Y="374" T="0" Pressure="0"/>
        <Point X="365" Y="373" T="0" Pressure="0"/>
        <Point X="371" Y="373" T="0" Pressure="0"/>
        <Point X="376" Y="373" T="0" Pressure="0"/>
        <Point X="382" Y="373" T="0" Pressure="0"/>
        <Point X="388" Y="372" T="0" Pressure="0"/>
        <Point X="393" Y="372" T="0" Pressure="0"/>
        <Point X="398" Y="371" T="0" Pressure="0"/>
        <Point X="402" Y="371" T="0" Pressure="0"/>
        <Point X="407" Y="371" T="0" Pressure="0"/>
        <Point X="411" Y="371" T="0" Pressure="0"/>
        <Point X="416" Y="371" T="0" Pressure="0"/>
        <Point X="419" Y="371" T="0" Pressure="0"/>
        <Point X="424" Y="371" T="0" Pressure="0"/>
        <Point X="427" Y="370" T="0" Pressure="0"/>
        <Point X="429" Y="370" T="0" Pressure="0"/>
        <Point X="432" Y="369" T="0" Pressure="0"/>
        <Point X="433" Y="369" T="0" Pressure="0"/>
        <Point X="435" Y="369" T="0" Pressure="0"/>
        <Point X="437" Y="369" T="0" Pressure="0"/>
        <Point X="438" Y="369" T="0" Pressure="0"/>
        <Point X="439" Y="369" T="0" Pressure="0"/>
        <Point X="439" Y="370" T="0" Pressure="0"/>
        <Point X="438" Y="370" T="0" Pressure="0"/>
    </Stroke>
</Gesture>
