<?xml version="1.0" ?>
<Gesture Name="six_point_star~06" Subject="2" Number="6" NumPts="219" InputType="stylus" Speed="MEDIUM">
    <Stroke index="1">
        <Point X="327" Y="338" T="0" Pressure="0"/>
        <Point X="327" Y="336" T="0" Pressure="0"/>
        <Point X="327" Y="331" T="0" Pressure="0"/>
        <Point X="329" Y="326" T="0" Pressure="0"/>
        <Point X="330" Y="322" T="0" Pressure="0"/>
        <Point X="330" Y="319" T="0" Pressure="0"/>
        <Point X="332" Y="314" T="0" Pressure="0"/>
        <Point X="334" Y="311" T="0" Pressure="0"/>
        <Point X="335" Y="306" T="0" Pressure="0"/>
        <Point X="338" Y="300" T="0" Pressure="0"/>
        <Point X="342" Y="288" T="0" Pressure="0"/>
        <Point X="345" Y="281" T="0" Pressure="0"/>
        <Point X="349" Y="275" T="0" Pressure="0"/>
        <Point X="352" Y="268" T="0" Pressure="0"/>
        <Point X="359" Y="254" T="0" Pressure="0"/>
        <Point X="362" Y="248" T="0" Pressure="0"/>
        <Point X="369" Y="235" T="0" Pressure="0"/>
        <Point X="372" Y="230" T="0" Pressure="0"/>
        <Point X="375" Y="225" T="0" Pressure="0"/>
        <Point X="379" Y="221" T="0" Pressure="0"/>
        <Point X="381" Y="217" T="0" Pressure="0"/>
        <Point X="383" Y="214" T="0" Pressure="0"/>
        <Point X="386" Y="213" T="0" Pressure="0"/>
        <Point X="388" Y="210" T="0" Pressure="0"/>
        <Point X="389" Y="210" T="0" Pressure="0"/>
        <Point X="390" Y="209" T="0" Pressure="0"/>
        <Point X="391" Y="209" T="0" Pressure="0"/>
        <Point X="394" Y="210" T="0" Pressure="0"/>
        <Point X="394" Y="211" T="0" Pressure="0"/>
        <Point X="396" Y="212" T="0" Pressure="0"/>
        <Point X="398" Y="214" T="0" Pressure="0"/>
        <Point X="399" Y="215" T="0" Pressure="0"/>
        <Point X="401" Y="216" T="0" Pressure="0"/>
        <Point X="402" Y="218" T="0" Pressure="0"/>
        <Point X="404" Y="221" T="0" Pressure="0"/>
        <Point X="406" Y="223" T="0" Pressure="0"/>
        <Point X="409" Y="226" T="0" Pressure="0"/>
        <Point X="410" Y="229" T="0" Pressure="0"/>
        <Point X="413" Y="232" T="0" Pressure="0"/>
        <Point X="415" Y="234" T="0" Pressure="0"/>
        <Point X="418" Y="238" T="0" Pressure="0"/>
        <Point X="420" Y="241" T="0" Pressure="0"/>
        <Point X="425" Y="248" T="0" Pressure="0"/>
        <Point X="428" Y="252" T="0" Pressure="0"/>
        <Point X="431" Y="255" T="0" Pressure="0"/>
        <Point X="433" Y="259" T="0" Pressure="0"/>
        <Point X="435" Y="263" T="0" Pressure="0"/>
        <Point X="438" Y="267" T="0" Pressure="0"/>
        <Point X="440" Y="271" T="0" Pressure="0"/>
        <Point X="443" Y="274" T="0" Pressure="0"/>
        <Point X="444" Y="278" T="0" Pressure="0"/>
        <Point X="447" Y="283" T="0" Pressure="0"/>
        <Point X="448" Y="287" T="0" Pressure="0"/>
        <Point X="450" Y="290" T="0" Pressure="0"/>
        <Point X="452" Y="293" T="0" Pressure="0"/>
        <Point X="453" Y="296" T="0" Pressure="0"/>
        <Point X="454" Y="299" T="0" Pressure="0"/>
        <Point X="456" Y="301" T="0" Pressure="0"/>
        <Point X="458" Y="303" T="0" Pressure="0"/>
        <Point X="458" Y="306" T="0" Pressure="0"/>
        <Point X="459" Y="307" T="0" Pressure="0"/>
        <Point X="460" Y="309" T="0" Pressure="0"/>
        <Point X="461" Y="310" T="0" Pressure="0"/>
        <Point X="461" Y="311" T="0" Pressure="0"/>
        <Point X="461" Y="312" T="0" Pressure="0"/>
        <Point X="461" Y="313" T="0" Pressure="0"/>
        <Point X="460" Y="314" T="0" Pressure="0"/>
        <Point X="458" Y="315" T="0" Pressure="0"/>
        <Point X="455" Y="316" T="0" Pressure="0"/>
        <Point X="454" Y="316" T="0" Pressure="0"/>
        <Point X="451" Y="317" T="0" Pressure="0"/>
        <Point X="449" Y="317" T="0" Pressure="0"/>
        <Point X="446" Y="318" T="0" Pressure="0"/>
        <Point X="443" Y="318" T="0" Pressure="0"/>
        <Point X="439" Y="319" T="0" Pressure="0"/>
        <Point X="435" Y="319" T="0" Pressure="0"/>
        <Point X="432" Y="319" T="0" Pressure="0"/>
        <Point X="428" Y="320" T="0" Pressure="0"/>
        <Point X="423" Y="321" T="0" Pressure="0"/>
        <Point X="418" Y="321" T="0" Pressure="0"/>
        <Point X="412" Y="321" T="0" Pressure="0"/>
        <Point X="406" Y="322" T="0" Pressure="0"/>
        <Point X="401" Y="322" T="0" Pressure="0"/>
        <Point X="394" Y="323" T="0" Pressure="0"/>
        <Point X="389" Y="324" T="0" Pressure="0"/>
        <Point X="383" Y="325" T="0" Pressure="0"/>
        <Point X="376" Y="326" T="0" Pressure="0"/>
        <Point X="370" Y="327" T="0" Pressure="0"/>
        <Point X="365" Y="328" T="0" Pressure="0"/>
        <Point X="360" Y="328" T="0" Pressure="0"/>
        <Point X="356" Y="329" T="0" Pressure="0"/>
        <Point X="348" Y="331" T="0" Pressure="0"/>
        <Point X="344" Y="332" T="0" Pressure="0"/>
        <Point X="334" Y="334" T="0" Pressure="0"/>
        <Point X="333" Y="334" T="0" Pressure="0"/>
        <Point X="333" Y="335" T="0" Pressure="0"/>
        <Point X="334" Y="335" T="0" Pressure="0"/>
    </Stroke>
    <Stroke index="2">
        <Point X="323" Y="253" T="0" Pressure="0"/>
        <Point X="320" Y="251" T="0" Pressure="0"/>
        <Point X="319" Y="250" T="0" Pressure="0"/>
        <Point X="319" Y="249" T="0" Pressure="0"/>
        <Point X="319" Y="248" T="0" Pressure="0"/>
        <Point X="320" Y="248" T="0" Pressure="0"/>
        <Point X="321" Y="248" T="0" Pressure="0"/>
        <Point X="322" Y="249" T="0" Pressure="0"/>
        <Point X="323" Y="251" T="0" Pressure="0"/>
        <Point X="325" Y="252" T="0" Pressure="0"/>
        <Point X="329" Y="257" T="0" Pressure="0"/>
        <Point X="330" Y="259" T="0" Pressure="0"/>
        <Point X="333" Y="263" T="0" Pressure="0"/>
        <Point X="335" Y="266" T="0" Pressure="0"/>
        <Point X="338" Y="271" T="0" Pressure="0"/>
        <Point X="341" Y="276" T="0" Pressure="0"/>
        <Point X="344" Y="282" T="0" Pressure="0"/>
        <Point X="348" Y="289" T="0" Pressure="0"/>
        <Point X="352" Y="296" T="0" Pressure="0"/>
        <Point X="355" Y="303" T="0" Pressure="0"/>
        <Point X="358" Y="311" T="0" Pressure="0"/>
        <Point X="361" Y="318" T="0" Pressure="0"/>
        <Point X="365" Y="326" T="0" Pressure="0"/>
        <Point X="368" Y="333" T="0" Pressure="0"/>
        <Point X="371" Y="339" T="0" Pressure="0"/>
        <Point X="378" Y="351" T="0" Pressure="0"/>
        <Point X="380" Y="356" T="0" Pressure="0"/>
        <Point X="383" Y="360" T="0" Pressure="0"/>
        <Point X="386" Y="364" T="0" Pressure="0"/>
        <Point X="387" Y="368" T="0" Pressure="0"/>
        <Point X="389" Y="371" T="0" Pressure="0"/>
        <Point X="391" Y="373" T="0" Pressure="0"/>
        <Point X="393" Y="376" T="0" Pressure="0"/>
        <Point X="394" Y="378" T="0" Pressure="0"/>
        <Point X="395" Y="380" T="0" Pressure="0"/>
        <Point X="397" Y="381" T="0" Pressure="0"/>
        <Point X="398" Y="382" T="0" Pressure="0"/>
        <Point X="399" Y="382" T="0" Pressure="0"/>
        <Point X="401" Y="382" T="0" Pressure="0"/>
        <Point X="402" Y="382" T="0" Pressure="0"/>
        <Point X="403" Y="381" T="0" Pressure="0"/>
        <Point X="404" Y="380" T="0" Pressure="0"/>
        <Point X="405" Y="378" T="0" Pressure="0"/>
        <Point X="406" Y="376" T="0" Pressure="0"/>
        <Point X="408" Y="373" T="0" Pressure="0"/>
        <Point X="409" Y="371" T="0" Pressure="0"/>
        <Point X="410" Y="367" T="0" Pressure="0"/>
        <Point X="412" Y="363" T="0" Pressure="0"/>
        <Point X="413" Y="360" T="0" Pressure="0"/>
        <Point X="415" Y="356" T="0" Pressure="0"/>
        <Point X="417" Y="351" T="0" Pressure="0"/>
        <Point X="419" Y="346" T="0" Pressure="0"/>
        <Point X="420" Y="340" T="0" Pressure="0"/>
        <Point X="423" Y="335" T="0" Pressure="0"/>
        <Point X="425" Y="328" T="0" Pressure="0"/>
        <Point X="428" Y="321" T="0" Pressure="0"/>
        <Point X="431" Y="314" T="0" Pressure="0"/>
        <Point X="433" Y="308" T="0" Pressure="0"/>
        <Point X="435" Y="302" T="0" Pressure="0"/>
        <Point X="438" Y="296" T="0" Pressure="0"/>
        <Point X="440" Y="291" T="0" Pressure="0"/>
        <Point X="443" Y="286" T="0" Pressure="0"/>
        <Point X="445" Y="281" T="0" Pressure="0"/>
        <Point X="447" Y="278" T="0" Pressure="0"/>
        <Point X="448" Y="274" T="0" Pressure="0"/>
        <Point X="450" Y="271" T="0" Pressure="0"/>
        <Point X="452" Y="268" T="0" Pressure="0"/>
        <Point X="453" Y="266" T="0" Pressure="0"/>
        <Point X="454" Y="264" T="0" Pressure="0"/>
        <Point X="455" Y="262" T="0" Pressure="0"/>
        <Point X="456" Y="260" T="0" Pressure="0"/>
        <Point X="457" Y="258" T="0" Pressure="0"/>
        <Point X="458" Y="257" T="0" Pressure="0"/>
        <Point X="458" Y="255" T="0" Pressure="0"/>
        <Point X="458" Y="253" T="0" Pressure="0"/>
        <Point X="459" Y="252" T="0" Pressure="0"/>
        <Point X="459" Y="251" T="0" Pressure="0"/>
        <Point X="459" Y="249" T="0" Pressure="0"/>
        <Point X="459" Y="247" T="0" Pressure="0"/>
        <Point X="458" Y="246" T="0" Pressure="0"/>
        <Point X="458" Y="244" T="0" Pressure="0"/>
        <Point X="458" Y="243" T="0" Pressure="0"/>
        <Point X="457" Y="242" T="0" Pressure="0"/>
        <Point X="455" Y="241" T="0" Pressure="0"/>
        <Point X="454" Y="240" T="0" Pressure="0"/>
        <Point X="452" Y="239" T="0" Pressure="0"/>
        <Point X="450" Y="239" T="0" Pressure="0"/>
        <Point X="448" Y="239" T="0" Pressure="0"/>
        <Point X="446" Y="239" T="0" Pressure="0"/>
        <Point X="443" Y="239" T="0" Pressure="0"/>
        <Point X="439" Y="239" T="0" Pressure="0"/>
        <Point X="436" Y="239" T="0" Pressure="0"/>
        <Point X="432" Y="239" T="0" Pressure="0"/>
        <Point X="428" Y="239" T="0" Pressure="0"/>
        <Point X="424" Y="240" T="0" Pressure="0"/>
        <Point X="419" Y="241" T="0" Pressure="0"/>
        <Point X="414" Y="241" T="0" Pressure="0"/>
        <Point X="408" Y="242" T="0" Pressure="0"/>
        <Point X="402" Y="243" T="0" Pressure="0"/>
        <Point X="397" Y="244" T="0" Pressure="0"/>
        <Point X="390" Y="246" T="0" Pressure="0"/>
        <Point X="384" Y="246" T="0" Pressure="0"/>
        <Point X="378" Y="247" T="0" Pressure="0"/>
        <Point X="371" Y="248" T="0" Pressure="0"/>
        <Point X="366" Y="248" T="0" Pressure="0"/>
        <Point X="360" Y="249" T="0" Pressure="0"/>
        <Point X="356" Y="250" T="0" Pressure="0"/>
        <Point X="350" Y="251" T="0" Pressure="0"/>
        <Point X="345" Y="251" T="0" Pressure="0"/>
        <Point X="341" Y="251" T="0" Pressure="0"/>
        <Point X="337" Y="252" T="0" Pressure="0"/>
        <Point X="334" Y="252" T="0" Pressure="0"/>
        <Point X="330" Y="252" T="0" Pressure="0"/>
        <Point X="327" Y="252" T="0" Pressure="0"/>
        <Point X="325" Y="252" T="0" Pressure="0"/>
        <Point X="322" Y="252" T="0" Pressure="0"/>
        <Point X="320" Y="252" T="0" Pressure="0"/>
        <Point X="319" Y="252" T="0" Pressure="0"/>
        <Point X="319" Y="253" T="0" Pressure="0"/>
        <Point X="318" Y="253" T="0" Pressure="0"/>
        <Point X="318" Y="254" T="0" Pressure="0"/>
        <Point X="318" Y="256" T="0" Pressure="0"/>
    </Stroke>
</Gesture>
