<?xml version="1.0" ?>
<Gesture Name="T~02" Subject="2" Number="2" NumPts="56" InputType="stylus" Speed="MEDIUM">
    <Stroke index="1">
        <Point X="301" Y="281" T="0" Pressure="0"/>
        <Point X="300" Y="281" T="0" Pressure="0"/>
        <Point X="299" Y="281" T="0" Pressure="0"/>
        <Point X="299" Y="280" T="0" Pressure="0"/>
        <Point X="300" Y="279" T="0" Pressure="0"/>
        <Point X="301" Y="279" T="0" Pressure="0"/>
        <Point X="303" Y="278" T="0" Pressure="0"/>
        <Point X="308" Y="277" T="0" Pressure="0"/>
        <Point X="312" Y="276" T="0" Pressure="0"/>
        <Point X="316" Y="275" T="0" Pressure="0"/>
        <Point X="327" Y="272" T="0" Pressure="0"/>
        <Point X="334" Y="271" T="0" Pressure="0"/>
        <Point X="341" Y="270" T="0" Pressure="0"/>
        <Point X="357" Y="266" T="0" Pressure="0"/>
        <Point X="365" Y="265" T="0" Pressure="0"/>
        <Point X="374" Y="264" T="0" Pressure="0"/>
        <Point X="381" Y="262" T="0" Pressure="0"/>
        <Point X="388" Y="261" T="0" Pressure="0"/>
        <Point X="394" Y="261" T="0" Pressure="0"/>
        <Point X="401" Y="259" T="0" Pressure="0"/>
        <Point X="406" Y="259" T="0" Pressure="0"/>
        <Point X="413" Y="258" T="0" Pressure="0"/>
        <Point X="417" Y="258" T="0" Pressure="0"/>
        <Point X="421" Y="257" T="0" Pressure="0"/>
        <Point X="429" Y="256" T="0" Pressure="0"/>
        <Point X="432" Y="256" T="0" Pressure="0"/>
        <Point X="435" Y="256" T="0" Pressure="0"/>
        <Point X="436" Y="256" T="0" Pressure="0"/>
        <Point X="437" Y="255" T="0" Pressure="0"/>
        <Point X="438" Y="255" T="0" Pressure="0"/>
        <Point X="438" Y="256" T="0" Pressure="0"/>
    </Stroke>
    <Stroke index="2">
        <Point X="382" Y="265" T="0" Pressure="0"/>
        <Point X="382" Y="264" T="0" Pressure="0"/>
        <Point X="383" Y="265" T="0" Pressure="0"/>
        <Point X="383" Y="266" T="0" Pressure="0"/>
        <Point X="383" Y="267" T="0" Pressure="0"/>
        <Point X="384" Y="269" T="0" Pressure="0"/>
        <Point X="384" Y="274" T="0" Pressure="0"/>
        <Point X="385" Y="277" T="0" Pressure="0"/>
        <Point X="385" Y="281" T="0" Pressure="0"/>
        <Point X="384" Y="290" T="0" Pressure="0"/>
        <Point X="383" Y="296" T="0" Pressure="0"/>
        <Point X="383" Y="303" T="0" Pressure="0"/>
        <Point X="380" Y="316" T="0" Pressure="0"/>
        <Point X="379" Y="322" T="0" Pressure="0"/>
        <Point X="379" Y="327" T="0" Pressure="0"/>
        <Point X="378" Y="338" T="0" Pressure="0"/>
        <Point X="378" Y="343" T="0" Pressure="0"/>
        <Point X="377" Y="348" T="0" Pressure="0"/>
        <Point X="377" Y="355" T="0" Pressure="0"/>
        <Point X="377" Y="358" T="0" Pressure="0"/>
        <Point X="378" Y="360" T="0" Pressure="0"/>
        <Point X="378" Y="365" T="0" Pressure="0"/>
        <Point X="378" Y="367" T="0" Pressure="0"/>
        <Point X="379" Y="368" T="0" Pressure="0"/>
        <Point X="379" Y="373" T="0" Pressure="0"/>
    </Stroke>
</Gesture>
