<?xml version="1.0" ?>
<Gesture Name="I~04" Subject="2" Number="4" NumPts="84" InputType="stylus" Speed="MEDIUM">
    <Stroke index="1">
        <Point X="339" Y="268" T="0" Pressure="0"/>
        <Point X="339" Y="264" T="0" Pressure="0"/>
        <Point X="340" Y="263" T="0" Pressure="0"/>
        <Point X="342" Y="260" T="0" Pressure="0"/>
        <Point X="348" Y="256" T="0" Pressure="0"/>
        <Point X="358" Y="251" T="0" Pressure="0"/>
        <Point X="364" Y="248" T="0" Pressure="0"/>
        <Point X="371" Y="246" T="0" Pressure="0"/>
        <Point X="379" Y="243" T="0" Pressure="0"/>
        <Point X="386" Y="241" T="0" Pressure="0"/>
        <Point X="403" Y="237" T="0" Pressure="0"/>
        <Point X="410" Y="235" T="0" Pressure="0"/>
        <Point X="419" Y="234" T="0" Pressure="0"/>
        <Point X="433" Y="232" T="0" Pressure="0"/>
        <Point X="440" Y="231" T="0" Pressure="0"/>
        <Point X="445" Y="230" T="0" Pressure="0"/>
        <Point X="455" Y="229" T="0" Pressure="0"/>
        <Point X="459" Y="229" T="0" Pressure="0"/>
        <Point X="462" Y="229" T="0" Pressure="0"/>
        <Point X="465" Y="229" T="0" Pressure="0"/>
        <Point X="468" Y="230" T="0" Pressure="0"/>
        <Point X="469" Y="231" T="0" Pressure="0"/>
        <Point X="471" Y="231" T="0" Pressure="0"/>
        <Point X="472" Y="232" T="0" Pressure="0"/>
        <Point X="472" Y="233" T="0" Pressure="0"/>
        <Point X="473" Y="234" T="0" Pressure="0"/>
        <Point X="472" Y="235" T="0" Pressure="0"/>
        <Point X="471" Y="236" T="0" Pressure="0"/>
    </Stroke>
    <Stroke index="2">
        <Point X="418" Y="253" T="0" Pressure="0"/>
        <Point X="417" Y="251" T="0" Pressure="0"/>
        <Point X="417" Y="252" T="0" Pressure="0"/>
        <Point X="417" Y="253" T="0" Pressure="0"/>
        <Point X="417" Y="254" T="0" Pressure="0"/>
        <Point X="418" Y="257" T="0" Pressure="0"/>
        <Point X="418" Y="259" T="0" Pressure="0"/>
        <Point X="418" Y="262" T="0" Pressure="0"/>
        <Point X="418" Y="265" T="0" Pressure="0"/>
        <Point X="418" Y="269" T="0" Pressure="0"/>
        <Point X="418" Y="275" T="0" Pressure="0"/>
        <Point X="417" Y="281" T="0" Pressure="0"/>
        <Point X="416" Y="287" T="0" Pressure="0"/>
        <Point X="415" Y="292" T="0" Pressure="0"/>
        <Point X="414" Y="299" T="0" Pressure="0"/>
        <Point X="413" Y="306" T="0" Pressure="0"/>
        <Point X="411" Y="317" T="0" Pressure="0"/>
        <Point X="410" Y="321" T="0" Pressure="0"/>
        <Point X="409" Y="326" T="0" Pressure="0"/>
        <Point X="409" Y="330" T="0" Pressure="0"/>
        <Point X="408" Y="334" T="0" Pressure="0"/>
        <Point X="408" Y="337" T="0" Pressure="0"/>
        <Point X="406" Y="339" T="0" Pressure="0"/>
        <Point X="406" Y="342" T="0" Pressure="0"/>
        <Point X="405" Y="345" T="0" Pressure="0"/>
        <Point X="404" Y="352" T="0" Pressure="0"/>
        <Point X="404" Y="353" T="0" Pressure="0"/>
    </Stroke>
    <Stroke index="3">
        <Point X="355" Y="378" T="0" Pressure="0"/>
        <Point X="353" Y="377" T="0" Pressure="0"/>
        <Point X="353" Y="376" T="0" Pressure="0"/>
        <Point X="353" Y="375" T="0" Pressure="0"/>
        <Point X="353" Y="373" T="0" Pressure="0"/>
        <Point X="356" Y="372" T="0" Pressure="0"/>
        <Point X="359" Y="371" T="0" Pressure="0"/>
        <Point X="361" Y="371" T="0" Pressure="0"/>
        <Point X="368" Y="369" T="0" Pressure="0"/>
        <Point X="372" Y="369" T="0" Pressure="0"/>
        <Point X="378" Y="368" T="0" Pressure="0"/>
        <Point X="383" Y="367" T="0" Pressure="0"/>
        <Point X="389" Y="367" T="0" Pressure="0"/>
        <Point X="394" Y="366" T="0" Pressure="0"/>
        <Point X="401" Y="365" T="0" Pressure="0"/>
        <Point X="411" Y="364" T="0" Pressure="0"/>
        <Point X="417" Y="363" T="0" Pressure="0"/>
        <Point X="422" Y="363" T="0" Pressure="0"/>
        <Point X="432" Y="361" T="0" Pressure="0"/>
        <Point X="437" Y="361" T="0" Pressure="0"/>
        <Point X="441" Y="361" T="0" Pressure="0"/>
        <Point X="448" Y="360" T="0" Pressure="0"/>
        <Point X="451" Y="360" T="0" Pressure="0"/>
        <Point X="454" Y="360" T="0" Pressure="0"/>
        <Point X="458" Y="360" T="0" Pressure="0"/>
        <Point X="461" Y="360" T="0" Pressure="0"/>
        <Point X="462" Y="360" T="0" Pressure="0"/>
        <Point X="463" Y="360" T="0" Pressure="0"/>
        <Point X="462" Y="361" T="0" Pressure="0"/>
    </Stroke>
</Gesture>
