<?xml version="1.0" ?>
<Gesture Name="null~10" Subject="2" Number="10" NumPts="110" InputType="stylus" Speed="MEDIUM">
    <Stroke index="1">
        <Point X="393" Y="256" T="0" Pressure="0"/>
        <Point X="391" Y="254" T="0" Pressure="0"/>
        <Point X="390" Y="251" T="0" Pressure="0"/>
        <Point X="389" Y="250" T="0" Pressure="0"/>
        <Point X="387" Y="249" T="0" Pressure="0"/>
        <Point X="386" Y="248" T="0" Pressure="0"/>
        <Point X="384" Y="249" T="0" Pressure="0"/>
        <Point X="383" Y="249" T="0" Pressure="0"/>
        <Point X="382" Y="251" T="0" Pressure="0"/>
        <Point X="379" Y="252" T="0" Pressure="0"/>
        <Point X="378" Y="253" T="0" Pressure="0"/>
        <Point X="375" Y="255" T="0" Pressure="0"/>
        <Point X="372" Y="258" T="0" Pressure="0"/>
        <Point X="368" Y="262" T="0" Pressure="0"/>
        <Point X="365" Y="265" T="0" Pressure="0"/>
        <Point X="363" Y="268" T="0" Pressure="0"/>
        <Point X="360" Y="271" T="0" Pressure="0"/>
        <Point X="357" Y="276" T="0" Pressure="0"/>
        <Point X="353" Y="284" T="0" Pressure="0"/>
        <Point X="348" Y="299" T="0" Pressure="0"/>
        <Point X="346" Y="304" T="0" Pressure="0"/>
        <Point X="345" Y="310" T="0" Pressure="0"/>
        <Point X="345" Y="314" T="0" Pressure="0"/>
        <Point X="345" Y="319" T="0" Pressure="0"/>
        <Point X="346" Y="324" T="0" Pressure="0"/>
        <Point X="348" Y="328" T="0" Pressure="0"/>
        <Point X="349" Y="333" T="0" Pressure="0"/>
        <Point X="352" Y="336" T="0" Pressure="0"/>
        <Point X="353" Y="338" T="0" Pressure="0"/>
        <Point X="356" Y="340" T="0" Pressure="0"/>
        <Point X="359" Y="343" T="0" Pressure="0"/>
        <Point X="362" Y="345" T="0" Pressure="0"/>
        <Point X="365" Y="347" T="0" Pressure="0"/>
        <Point X="371" Y="349" T="0" Pressure="0"/>
        <Point X="374" Y="351" T="0" Pressure="0"/>
        <Point X="378" Y="351" T="0" Pressure="0"/>
        <Point X="381" Y="351" T="0" Pressure="0"/>
        <Point X="384" Y="351" T="0" Pressure="0"/>
        <Point X="388" Y="351" T="0" Pressure="0"/>
        <Point X="392" Y="350" T="0" Pressure="0"/>
        <Point X="396" Y="348" T="0" Pressure="0"/>
        <Point X="401" Y="346" T="0" Pressure="0"/>
        <Point X="405" Y="344" T="0" Pressure="0"/>
        <Point X="409" Y="341" T="0" Pressure="0"/>
        <Point X="413" Y="338" T="0" Pressure="0"/>
        <Point X="417" Y="335" T="0" Pressure="0"/>
        <Point X="421" Y="332" T="0" Pressure="0"/>
        <Point X="424" Y="328" T="0" Pressure="0"/>
        <Point X="428" Y="324" T="0" Pressure="0"/>
        <Point X="431" Y="321" T="0" Pressure="0"/>
        <Point X="432" Y="317" T="0" Pressure="0"/>
        <Point X="435" Y="313" T="0" Pressure="0"/>
        <Point X="436" Y="310" T="0" Pressure="0"/>
        <Point X="437" Y="306" T="0" Pressure="0"/>
        <Point X="438" Y="301" T="0" Pressure="0"/>
        <Point X="439" Y="295" T="0" Pressure="0"/>
        <Point X="439" Y="290" T="0" Pressure="0"/>
        <Point X="439" Y="286" T="0" Pressure="0"/>
        <Point X="438" Y="281" T="0" Pressure="0"/>
        <Point X="436" Y="276" T="0" Pressure="0"/>
        <Point X="435" Y="271" T="0" Pressure="0"/>
        <Point X="432" Y="265" T="0" Pressure="0"/>
        <Point X="429" Y="262" T="0" Pressure="0"/>
        <Point X="426" Y="259" T="0" Pressure="0"/>
        <Point X="422" Y="255" T="0" Pressure="0"/>
        <Point X="418" Y="253" T="0" Pressure="0"/>
        <Point X="409" Y="248" T="0" Pressure="0"/>
        <Point X="405" Y="247" T="0" Pressure="0"/>
        <Point X="401" Y="247" T="0" Pressure="0"/>
        <Point X="397" Y="247" T="0" Pressure="0"/>
        <Point X="392" Y="247" T="0" Pressure="0"/>
        <Point X="387" Y="248" T="0" Pressure="0"/>
        <Point X="383" Y="250" T="0" Pressure="0"/>
        <Point X="379" Y="252" T="0" Pressure="0"/>
        <Point X="376" Y="253" T="0" Pressure="0"/>
        <Point X="374" Y="255" T="0" Pressure="0"/>
        <Point X="371" Y="257" T="0" Pressure="0"/>
        <Point X="369" Y="259" T="0" Pressure="0"/>
    </Stroke>
    <Stroke index="2">
        <Point X="463" Y="217" T="0" Pressure="0"/>
        <Point X="461" Y="217" T="0" Pressure="0"/>
        <Point X="458" Y="218" T="0" Pressure="0"/>
        <Point X="457" Y="218" T="0" Pressure="0"/>
        <Point X="455" Y="219" T="0" Pressure="0"/>
        <Point X="453" Y="221" T="0" Pressure="0"/>
        <Point X="443" Y="228" T="0" Pressure="0"/>
        <Point X="440" Y="232" T="0" Pressure="0"/>
        <Point X="436" Y="235" T="0" Pressure="0"/>
        <Point X="432" Y="240" T="0" Pressure="0"/>
        <Point X="427" Y="244" T="0" Pressure="0"/>
        <Point X="417" Y="254" T="0" Pressure="0"/>
        <Point X="406" Y="266" T="0" Pressure="0"/>
        <Point X="394" Y="279" T="0" Pressure="0"/>
        <Point X="375" Y="301" T="0" Pressure="0"/>
        <Point X="368" Y="308" T="0" Pressure="0"/>
        <Point X="363" Y="314" T="0" Pressure="0"/>
        <Point X="358" Y="320" T="0" Pressure="0"/>
        <Point X="353" Y="326" T="0" Pressure="0"/>
        <Point X="349" Y="332" T="0" Pressure="0"/>
        <Point X="340" Y="341" T="0" Pressure="0"/>
        <Point X="336" Y="346" T="0" Pressure="0"/>
        <Point X="333" Y="350" T="0" Pressure="0"/>
        <Point X="330" Y="353" T="0" Pressure="0"/>
        <Point X="327" Y="357" T="0" Pressure="0"/>
        <Point X="325" Y="360" T="0" Pressure="0"/>
        <Point X="323" Y="363" T="0" Pressure="0"/>
        <Point X="320" Y="368" T="0" Pressure="0"/>
        <Point X="319" Y="369" T="0" Pressure="0"/>
        <Point X="319" Y="370" T="0" Pressure="0"/>
        <Point X="319" Y="371" T="0" Pressure="0"/>
        <Point X="318" Y="371" T="0" Pressure="0"/>
    </Stroke>
</Gesture>
