<?xml version="1.0" ?>
<Gesture Name="line~06" Subject="2" Number="6" NumPts="45" InputType="stylus" Speed="MEDIUM">
    <Stroke index="1">
        <Point X="303" Y="353" T="0" Pressure="0"/>
        <Point X="303" Y="352" T="0" Pressure="0"/>
        <Point X="301" Y="350" T="0" Pressure="0"/>
        <Point X="301" Y="349" T="0" Pressure="0"/>
        <Point X="302" Y="348" T="0" Pressure="0"/>
        <Point X="303" Y="347" T="0" Pressure="0"/>
        <Point X="304" Y="347" T="0" Pressure="0"/>
        <Point X="306" Y="347" T="0" Pressure="0"/>
        <Point X="308" Y="347" T="0" Pressure="0"/>
        <Point X="310" Y="347" T="0" Pressure="0"/>
        <Point X="313" Y="347" T="0" Pressure="0"/>
        <Point X="316" Y="347" T="0" Pressure="0"/>
        <Point X="320" Y="347" T="0" Pressure="0"/>
        <Point X="325" Y="347" T="0" Pressure="0"/>
        <Point X="330" Y="347" T="0" Pressure="0"/>
        <Point X="335" Y="347" T="0" Pressure="0"/>
        <Point X="341" Y="347" T="0" Pressure="0"/>
        <Point X="349" Y="347" T="0" Pressure="0"/>
        <Point X="355" Y="347" T="0" Pressure="0"/>
        <Point X="362" Y="347" T="0" Pressure="0"/>
        <Point X="370" Y="346" T="0" Pressure="0"/>
        <Point X="378" Y="346" T="0" Pressure="0"/>
        <Point X="386" Y="346" T="0" Pressure="0"/>
        <Point X="395" Y="346" T="0" Pressure="0"/>
        <Point X="404" Y="345" T="0" Pressure="0"/>
        <Point X="412" Y="344" T="0" Pressure="0"/>
        <Point X="421" Y="344" T="0" Pressure="0"/>
        <Point X="430" Y="344" T="0" Pressure="0"/>
        <Point X="439" Y="344" T="0" Pressure="0"/>
        <Point X="448" Y="343" T="0" Pressure="0"/>
        <Point X="456" Y="343" T="0" Pressure="0"/>
        <Point X="463" Y="343" T="0" Pressure="0"/>
        <Point X="471" Y="343" T="0" Pressure="0"/>
        <Point X="478" Y="343" T="0" Pressure="0"/>
        <Point X="485" Y="343" T="0" Pressure="0"/>
        <Point X="492" Y="343" T="0" Pressure="0"/>
        <Point X="498" Y="343" T="0" Pressure="0"/>
        <Point X="503" Y="343" T="0" Pressure="0"/>
        <Point X="514" Y="343" T="0" Pressure="0"/>
        <Point X="519" Y="344" T="0" Pressure="0"/>
        <Point X="524" Y="344" T="0" Pressure="0"/>
        <Point X="528" Y="344" T="0" Pressure="0"/>
        <Point X="530" Y="345" T="0" Pressure="0"/>
        <Point X="533" Y="346" T="0" Pressure="0"/>
        <Point X="536" Y="346" T="0" Pressure="0"/>
    </Stroke>
</Gesture>
