<?xml version="1.0" ?>
<Gesture Name="half_note~06" Subject="2" Number="6" NumPts="108" InputType="stylus" Speed="MEDIUM">
    <Stroke index="1">
        <Point X="441" Y="208" T="0" Pressure="0"/>
        <Point X="440" Y="209" T="0" Pressure="0"/>
        <Point X="440" Y="211" T="0" Pressure="0"/>
        <Point X="440" Y="212" T="0" Pressure="0"/>
        <Point X="440" Y="214" T="0" Pressure="0"/>
        <Point X="440" Y="217" T="0" Pressure="0"/>
        <Point X="440" Y="221" T="0" Pressure="0"/>
        <Point X="440" Y="225" T="0" Pressure="0"/>
        <Point X="439" Y="230" T="0" Pressure="0"/>
        <Point X="439" Y="236" T="0" Pressure="0"/>
        <Point X="439" Y="247" T="0" Pressure="0"/>
        <Point X="439" Y="254" T="0" Pressure="0"/>
        <Point X="439" Y="261" T="0" Pressure="0"/>
        <Point X="439" Y="267" T="0" Pressure="0"/>
        <Point X="440" Y="274" T="0" Pressure="0"/>
        <Point X="441" Y="282" T="0" Pressure="0"/>
        <Point X="442" Y="289" T="0" Pressure="0"/>
        <Point X="443" Y="296" T="0" Pressure="0"/>
        <Point X="443" Y="303" T="0" Pressure="0"/>
        <Point X="444" Y="309" T="0" Pressure="0"/>
        <Point X="446" Y="315" T="0" Pressure="0"/>
        <Point X="446" Y="321" T="0" Pressure="0"/>
        <Point X="447" Y="326" T="0" Pressure="0"/>
        <Point X="447" Y="331" T="0" Pressure="0"/>
        <Point X="448" Y="334" T="0" Pressure="0"/>
        <Point X="448" Y="337" T="0" Pressure="0"/>
        <Point X="449" Y="339" T="0" Pressure="0"/>
        <Point X="449" Y="341" T="0" Pressure="0"/>
        <Point X="449" Y="344" T="0" Pressure="0"/>
        <Point X="449" Y="346" T="0" Pressure="0"/>
        <Point X="449" Y="347" T="0" Pressure="0"/>
        <Point X="449" Y="349" T="0" Pressure="0"/>
        <Point X="448" Y="351" T="0" Pressure="0"/>
    </Stroke>
    <Stroke index="2">
        <Point X="441" Y="348" T="0" Pressure="0"/>
        <Point X="440" Y="346" T="0" Pressure="0"/>
        <Point X="439" Y="344" T="0" Pressure="0"/>
        <Point X="439" Y="343" T="0" Pressure="0"/>
        <Point X="439" Y="342" T="0" Pressure="0"/>
        <Point X="438" Y="341" T="0" Pressure="0"/>
        <Point X="438" Y="340" T="0" Pressure="0"/>
        <Point X="437" Y="339" T="0" Pressure="0"/>
        <Point X="435" Y="337" T="0" Pressure="0"/>
        <Point X="435" Y="335" T="0" Pressure="0"/>
        <Point X="432" Y="333" T="0" Pressure="0"/>
        <Point X="431" Y="331" T="0" Pressure="0"/>
        <Point X="429" Y="329" T="0" Pressure="0"/>
        <Point X="428" Y="328" T="0" Pressure="0"/>
        <Point X="426" Y="327" T="0" Pressure="0"/>
        <Point X="424" Y="326" T="0" Pressure="0"/>
        <Point X="421" Y="325" T="0" Pressure="0"/>
        <Point X="417" Y="323" T="0" Pressure="0"/>
        <Point X="413" Y="323" T="0" Pressure="0"/>
        <Point X="410" Y="323" T="0" Pressure="0"/>
        <Point X="406" Y="323" T="0" Pressure="0"/>
        <Point X="404" Y="323" T="0" Pressure="0"/>
        <Point X="399" Y="323" T="0" Pressure="0"/>
        <Point X="396" Y="324" T="0" Pressure="0"/>
        <Point X="391" Y="325" T="0" Pressure="0"/>
        <Point X="388" Y="326" T="0" Pressure="0"/>
        <Point X="384" Y="327" T="0" Pressure="0"/>
        <Point X="381" Y="329" T="0" Pressure="0"/>
        <Point X="377" Y="331" T="0" Pressure="0"/>
        <Point X="374" Y="333" T="0" Pressure="0"/>
        <Point X="370" Y="336" T="0" Pressure="0"/>
        <Point X="368" Y="338" T="0" Pressure="0"/>
        <Point X="363" Y="342" T="0" Pressure="0"/>
        <Point X="360" Y="345" T="0" Pressure="0"/>
        <Point X="359" Y="348" T="0" Pressure="0"/>
        <Point X="356" Y="354" T="0" Pressure="0"/>
        <Point X="356" Y="357" T="0" Pressure="0"/>
        <Point X="355" Y="359" T="0" Pressure="0"/>
        <Point X="355" Y="362" T="0" Pressure="0"/>
        <Point X="355" Y="364" T="0" Pressure="0"/>
        <Point X="355" Y="366" T="0" Pressure="0"/>
        <Point X="355" Y="368" T="0" Pressure="0"/>
        <Point X="356" Y="371" T="0" Pressure="0"/>
        <Point X="356" Y="372" T="0" Pressure="0"/>
        <Point X="358" Y="375" T="0" Pressure="0"/>
        <Point X="359" Y="377" T="0" Pressure="0"/>
        <Point X="361" Y="379" T="0" Pressure="0"/>
        <Point X="363" Y="381" T="0" Pressure="0"/>
        <Point X="364" Y="383" T="0" Pressure="0"/>
        <Point X="371" Y="388" T="0" Pressure="0"/>
        <Point X="375" Y="389" T="0" Pressure="0"/>
        <Point X="378" Y="391" T="0" Pressure="0"/>
        <Point X="381" Y="392" T="0" Pressure="0"/>
        <Point X="387" Y="393" T="0" Pressure="0"/>
        <Point X="390" Y="394" T="0" Pressure="0"/>
        <Point X="394" Y="394" T="0" Pressure="0"/>
        <Point X="398" Y="394" T="0" Pressure="0"/>
        <Point X="402" Y="393" T="0" Pressure="0"/>
        <Point X="405" Y="391" T="0" Pressure="0"/>
        <Point X="409" Y="390" T="0" Pressure="0"/>
        <Point X="413" Y="388" T="0" Pressure="0"/>
        <Point X="417" Y="386" T="0" Pressure="0"/>
        <Point X="427" Y="380" T="0" Pressure="0"/>
        <Point X="430" Y="377" T="0" Pressure="0"/>
        <Point X="432" Y="375" T="0" Pressure="0"/>
        <Point X="436" Y="372" T="0" Pressure="0"/>
        <Point X="439" Y="369" T="0" Pressure="0"/>
        <Point X="441" Y="367" T="0" Pressure="0"/>
        <Point X="443" Y="364" T="0" Pressure="0"/>
        <Point X="446" Y="362" T="0" Pressure="0"/>
        <Point X="447" Y="359" T="0" Pressure="0"/>
        <Point X="450" Y="357" T="0" Pressure="0"/>
        <Point X="451" Y="355" T="0" Pressure="0"/>
        <Point X="453" Y="354" T="0" Pressure="0"/>
        <Point X="454" Y="352" T="0" Pressure="0"/>
    </Stroke>
</Gesture>
