<?xml version="1.0" ?>
<Gesture Name="line~04" Subject="2" Number="4" NumPts="44" InputType="stylus" Speed="MEDIUM">
    <Stroke index="1">
        <Point X="296" Y="375" T="0" Pressure="0"/>
        <Point X="294" Y="372" T="0" Pressure="0"/>
        <Point X="294" Y="371" T="0" Pressure="0"/>
        <Point X="295" Y="371" T="0" Pressure="0"/>
        <Point X="296" Y="370" T="0" Pressure="0"/>
        <Point X="297" Y="370" T="0" Pressure="0"/>
        <Point X="299" Y="369" T="0" Pressure="0"/>
        <Point X="301" Y="369" T="0" Pressure="0"/>
        <Point X="304" Y="369" T="0" Pressure="0"/>
        <Point X="307" Y="369" T="0" Pressure="0"/>
        <Point X="310" Y="368" T="0" Pressure="0"/>
        <Point X="315" Y="368" T="0" Pressure="0"/>
        <Point X="319" Y="367" T="0" Pressure="0"/>
        <Point X="325" Y="367" T="0" Pressure="0"/>
        <Point X="330" Y="366" T="0" Pressure="0"/>
        <Point X="338" Y="365" T="0" Pressure="0"/>
        <Point X="345" Y="364" T="0" Pressure="0"/>
        <Point X="354" Y="363" T="0" Pressure="0"/>
        <Point X="361" Y="363" T="0" Pressure="0"/>
        <Point X="370" Y="362" T="0" Pressure="0"/>
        <Point X="379" Y="361" T="0" Pressure="0"/>
        <Point X="387" Y="360" T="0" Pressure="0"/>
        <Point X="396" Y="360" T="0" Pressure="0"/>
        <Point X="406" Y="359" T="0" Pressure="0"/>
        <Point X="414" Y="359" T="0" Pressure="0"/>
        <Point X="423" Y="359" T="0" Pressure="0"/>
        <Point X="432" Y="358" T="0" Pressure="0"/>
        <Point X="441" Y="358" T="0" Pressure="0"/>
        <Point X="450" Y="357" T="0" Pressure="0"/>
        <Point X="459" Y="357" T="0" Pressure="0"/>
        <Point X="466" Y="357" T="0" Pressure="0"/>
        <Point X="473" Y="356" T="0" Pressure="0"/>
        <Point X="480" Y="356" T="0" Pressure="0"/>
        <Point X="487" Y="356" T="0" Pressure="0"/>
        <Point X="493" Y="356" T="0" Pressure="0"/>
        <Point X="499" Y="356" T="0" Pressure="0"/>
        <Point X="504" Y="356" T="0" Pressure="0"/>
        <Point X="510" Y="356" T="0" Pressure="0"/>
        <Point X="514" Y="356" T="0" Pressure="0"/>
        <Point X="518" Y="356" T="0" Pressure="0"/>
        <Point X="522" Y="356" T="0" Pressure="0"/>
        <Point X="526" Y="356" T="0" Pressure="0"/>
        <Point X="529" Y="356" T="0" Pressure="0"/>
        <Point X="531" Y="357" T="0" Pressure="0"/>
    </Stroke>
</Gesture>
