<?xml version="1.0" ?>
<Gesture Name="exclamation_point~09" Subject="2" Number="9" NumPts="48" InputType="stylus" Speed="MEDIUM">
    <Stroke index="1">
        <Point X="407" Y="258" T="0" Pressure="0"/>
        <Point X="406" Y="258" T="0" Pressure="0"/>
        <Point X="405" Y="257" T="0" Pressure="0"/>
        <Point X="405" Y="258" T="0" Pressure="0"/>
        <Point X="406" Y="259" T="0" Pressure="0"/>
        <Point X="407" Y="261" T="0" Pressure="0"/>
        <Point X="408" Y="263" T="0" Pressure="0"/>
        <Point X="409" Y="265" T="0" Pressure="0"/>
        <Point X="409" Y="267" T="0" Pressure="0"/>
        <Point X="410" Y="271" T="0" Pressure="0"/>
        <Point X="411" Y="274" T="0" Pressure="0"/>
        <Point X="412" Y="278" T="0" Pressure="0"/>
        <Point X="413" Y="283" T="0" Pressure="0"/>
        <Point X="414" Y="287" T="0" Pressure="0"/>
        <Point X="415" Y="291" T="0" Pressure="0"/>
        <Point X="416" Y="296" T="0" Pressure="0"/>
        <Point X="417" Y="301" T="0" Pressure="0"/>
        <Point X="417" Y="306" T="0" Pressure="0"/>
        <Point X="417" Y="311" T="0" Pressure="0"/>
        <Point X="417" Y="315" T="0" Pressure="0"/>
        <Point X="417" Y="320" T="0" Pressure="0"/>
        <Point X="417" Y="324" T="0" Pressure="0"/>
        <Point X="417" Y="332" T="0" Pressure="0"/>
        <Point X="417" Y="337" T="0" Pressure="0"/>
        <Point X="417" Y="339" T="0" Pressure="0"/>
        <Point X="416" Y="346" T="0" Pressure="0"/>
        <Point X="416" Y="348" T="0" Pressure="0"/>
        <Point X="416" Y="351" T="0" Pressure="0"/>
        <Point X="415" Y="354" T="0" Pressure="0"/>
        <Point X="414" Y="356" T="0" Pressure="0"/>
        <Point X="414" Y="358" T="0" Pressure="0"/>
        <Point X="414" Y="360" T="0" Pressure="0"/>
        <Point X="414" Y="361" T="0" Pressure="0"/>
        <Point X="414" Y="363" T="0" Pressure="0"/>
        <Point X="414" Y="364" T="0" Pressure="0"/>
        <Point X="414" Y="365" T="0" Pressure="0"/>
        <Point X="414" Y="366" T="0" Pressure="0"/>
        <Point X="414" Y="367" T="0" Pressure="0"/>
        <Point X="415" Y="368" T="0" Pressure="0"/>
        <Point X="415" Y="369" T="0" Pressure="0"/>
        <Point X="416" Y="371" T="0" Pressure="0"/>
    </Stroke>
    <Stroke index="2">
        <Point X="419" Y="398" T="0" Pressure="0"/>
        <Point X="416" Y="397" T="0" Pressure="0"/>
        <Point X="414" Y="396" T="0" Pressure="0"/>
        <Point X="415" Y="396" T="0" Pressure="0"/>
        <Point X="416" Y="396" T="0" Pressure="0"/>
        <Point X="416" Y="397" T="0" Pressure="0"/>
        <Point X="416" Y="398" T="0" Pressure="0"/>
    </Stroke>
</Gesture>
