<?xml version="1.0" ?>
<Gesture Name="D~08" Subject="2" Number="8" NumPts="91" InputType="stylus" Speed="MEDIUM">
    <Stroke index="1">
        <Point X="413" Y="303" T="0" Pressure="0"/>
        <Point X="412" Y="298" T="0" Pressure="0"/>
        <Point X="412" Y="296" T="0" Pressure="0"/>
        <Point X="412" Y="293" T="0" Pressure="0"/>
        <Point X="412" Y="292" T="0" Pressure="0"/>
        <Point X="413" Y="290" T="0" Pressure="0"/>
        <Point X="414" Y="290" T="0" Pressure="0"/>
        <Point X="414" Y="291" T="0" Pressure="0"/>
        <Point X="414" Y="292" T="0" Pressure="0"/>
        <Point X="415" Y="294" T="0" Pressure="0"/>
        <Point X="415" Y="296" T="0" Pressure="0"/>
        <Point X="416" Y="298" T="0" Pressure="0"/>
        <Point X="416" Y="301" T="0" Pressure="0"/>
        <Point X="416" Y="303" T="0" Pressure="0"/>
        <Point X="416" Y="306" T="0" Pressure="0"/>
        <Point X="416" Y="309" T="0" Pressure="0"/>
        <Point X="416" Y="315" T="0" Pressure="0"/>
        <Point X="416" Y="318" T="0" Pressure="0"/>
        <Point X="416" Y="321" T="0" Pressure="0"/>
        <Point X="416" Y="324" T="0" Pressure="0"/>
        <Point X="416" Y="328" T="0" Pressure="0"/>
        <Point X="417" Y="332" T="0" Pressure="0"/>
        <Point X="417" Y="336" T="0" Pressure="0"/>
        <Point X="417" Y="341" T="0" Pressure="0"/>
        <Point X="417" Y="344" T="0" Pressure="0"/>
        <Point X="417" Y="347" T="0" Pressure="0"/>
        <Point X="417" Y="352" T="0" Pressure="0"/>
        <Point X="417" Y="355" T="0" Pressure="0"/>
        <Point X="417" Y="356" T="0" Pressure="0"/>
        <Point X="417" Y="359" T="0" Pressure="0"/>
        <Point X="417" Y="361" T="0" Pressure="0"/>
        <Point X="417" Y="363" T="0" Pressure="0"/>
        <Point X="417" Y="364" T="0" Pressure="0"/>
        <Point X="417" Y="365" T="0" Pressure="0"/>
        <Point X="416" Y="366" T="0" Pressure="0"/>
        <Point X="415" Y="367" T="0" Pressure="0"/>
        <Point X="415" Y="368" T="0" Pressure="0"/>
        <Point X="414" Y="368" T="0" Pressure="0"/>
        <Point X="413" Y="368" T="0" Pressure="0"/>
    </Stroke>
    <Stroke index="2">
        <Point X="395" Y="281" T="0" Pressure="0"/>
        <Point X="394" Y="279" T="0" Pressure="0"/>
        <Point X="394" Y="278" T="0" Pressure="0"/>
        <Point X="394" Y="277" T="0" Pressure="0"/>
        <Point X="394" Y="275" T="0" Pressure="0"/>
        <Point X="394" Y="273" T="0" Pressure="0"/>
        <Point X="394" Y="272" T="0" Pressure="0"/>
        <Point X="395" Y="271" T="0" Pressure="0"/>
        <Point X="396" Y="270" T="0" Pressure="0"/>
        <Point X="397" Y="269" T="0" Pressure="0"/>
        <Point X="400" Y="268" T="0" Pressure="0"/>
        <Point X="402" Y="268" T="0" Pressure="0"/>
        <Point X="405" Y="267" T="0" Pressure="0"/>
        <Point X="410" Y="267" T="0" Pressure="0"/>
        <Point X="413" Y="267" T="0" Pressure="0"/>
        <Point X="417" Y="267" T="0" Pressure="0"/>
        <Point X="421" Y="267" T="0" Pressure="0"/>
        <Point X="429" Y="268" T="0" Pressure="0"/>
        <Point X="434" Y="269" T="0" Pressure="0"/>
        <Point X="442" Y="272" T="0" Pressure="0"/>
        <Point X="446" Y="275" T="0" Pressure="0"/>
        <Point X="450" Y="278" T="0" Pressure="0"/>
        <Point X="455" Y="284" T="0" Pressure="0"/>
        <Point X="458" Y="288" T="0" Pressure="0"/>
        <Point X="461" Y="292" T="0" Pressure="0"/>
        <Point X="465" Y="302" T="0" Pressure="0"/>
        <Point X="466" Y="306" T="0" Pressure="0"/>
        <Point X="467" Y="311" T="0" Pressure="0"/>
        <Point X="468" Y="315" T="0" Pressure="0"/>
        <Point X="468" Y="330" T="0" Pressure="0"/>
        <Point X="465" Y="338" T="0" Pressure="0"/>
        <Point X="464" Y="342" T="0" Pressure="0"/>
        <Point X="462" Y="346" T="0" Pressure="0"/>
        <Point X="458" Y="352" T="0" Pressure="0"/>
        <Point X="455" Y="355" T="0" Pressure="0"/>
        <Point X="453" Y="358" T="0" Pressure="0"/>
        <Point X="447" Y="362" T="0" Pressure="0"/>
        <Point X="443" Y="363" T="0" Pressure="0"/>
        <Point X="439" Y="365" T="0" Pressure="0"/>
        <Point X="432" Y="366" T="0" Pressure="0"/>
        <Point X="428" Y="367" T="0" Pressure="0"/>
        <Point X="425" Y="367" T="0" Pressure="0"/>
        <Point X="418" Y="368" T="0" Pressure="0"/>
        <Point X="416" Y="368" T="0" Pressure="0"/>
        <Point X="413" Y="368" T="0" Pressure="0"/>
        <Point X="409" Y="367" T="0" Pressure="0"/>
        <Point X="407" Y="367" T="0" Pressure="0"/>
        <Point X="405" Y="367" T="0" Pressure="0"/>
        <Point X="403" Y="366" T="0" Pressure="0"/>
        <Point X="402" Y="366" T="0" Pressure="0"/>
        <Point X="402" Y="365" T="0" Pressure="0"/>
        <Point X="401" Y="365" T="0" Pressure="0"/>
    </Stroke>
</Gesture>
