<?xml version="1.0" ?>
<Gesture Name="T~03" Subject="2" Number="3" NumPts="57" InputType="stylus" Speed="MEDIUM">
    <Stroke index="1">
        <Point X="303" Y="289" T="0" Pressure="0"/>
        <Point X="304" Y="287" T="0" Pressure="0"/>
        <Point X="305" Y="285" T="0" Pressure="0"/>
        <Point X="307" Y="284" T="0" Pressure="0"/>
        <Point X="311" Y="283" T="0" Pressure="0"/>
        <Point X="314" Y="283" T="0" Pressure="0"/>
        <Point X="319" Y="281" T="0" Pressure="0"/>
        <Point X="323" Y="280" T="0" Pressure="0"/>
        <Point X="329" Y="279" T="0" Pressure="0"/>
        <Point X="343" Y="276" T="0" Pressure="0"/>
        <Point X="350" Y="274" T="0" Pressure="0"/>
        <Point X="359" Y="272" T="0" Pressure="0"/>
        <Point X="374" Y="270" T="0" Pressure="0"/>
        <Point X="382" Y="268" T="0" Pressure="0"/>
        <Point X="390" Y="267" T="0" Pressure="0"/>
        <Point X="404" Y="265" T="0" Pressure="0"/>
        <Point X="409" Y="265" T="0" Pressure="0"/>
        <Point X="416" Y="264" T="0" Pressure="0"/>
        <Point X="425" Y="264" T="0" Pressure="0"/>
        <Point X="430" Y="264" T="0" Pressure="0"/>
        <Point X="434" Y="264" T="0" Pressure="0"/>
        <Point X="439" Y="263" T="0" Pressure="0"/>
        <Point X="442" Y="263" T="0" Pressure="0"/>
        <Point X="443" Y="263" T="0" Pressure="0"/>
        <Point X="444" Y="264" T="0" Pressure="0"/>
        <Point X="443" Y="264" T="0" Pressure="0"/>
        <Point X="442" Y="264" T="0" Pressure="0"/>
    </Stroke>
    <Stroke index="2">
        <Point X="396" Y="267" T="0" Pressure="0"/>
        <Point X="394" Y="267" T="0" Pressure="0"/>
        <Point X="392" Y="267" T="0" Pressure="0"/>
        <Point X="391" Y="267" T="0" Pressure="0"/>
        <Point X="390" Y="267" T="0" Pressure="0"/>
        <Point X="390" Y="268" T="0" Pressure="0"/>
        <Point X="390" Y="269" T="0" Pressure="0"/>
        <Point X="391" Y="271" T="0" Pressure="0"/>
        <Point X="391" Y="272" T="0" Pressure="0"/>
        <Point X="391" Y="274" T="0" Pressure="0"/>
        <Point X="392" Y="279" T="0" Pressure="0"/>
        <Point X="393" Y="283" T="0" Pressure="0"/>
        <Point X="393" Y="287" T="0" Pressure="0"/>
        <Point X="393" Y="295" T="0" Pressure="0"/>
        <Point X="393" Y="301" T="0" Pressure="0"/>
        <Point X="393" Y="307" T="0" Pressure="0"/>
        <Point X="393" Y="318" T="0" Pressure="0"/>
        <Point X="391" Y="331" T="0" Pressure="0"/>
        <Point X="391" Y="343" T="0" Pressure="0"/>
        <Point X="390" Y="347" T="0" Pressure="0"/>
        <Point X="390" Y="352" T="0" Pressure="0"/>
        <Point X="390" Y="361" T="0" Pressure="0"/>
        <Point X="390" Y="364" T="0" Pressure="0"/>
        <Point X="390" Y="368" T="0" Pressure="0"/>
        <Point X="390" Y="373" T="0" Pressure="0"/>
        <Point X="390" Y="375" T="0" Pressure="0"/>
        <Point X="390" Y="377" T="0" Pressure="0"/>
        <Point X="391" Y="381" T="0" Pressure="0"/>
        <Point X="391" Y="382" T="0" Pressure="0"/>
        <Point X="391" Y="383" T="0" Pressure="0"/>
    </Stroke>
</Gesture>
