<?xml version="1.0" ?>
<Gesture Name="H~08" Subject="2" Number="8" NumPts="97" InputType="stylus" Speed="MEDIUM">
    <Stroke index="1">
        <Point X="340" Y="236" T="0" Pressure="0"/>
        <Point X="338" Y="233" T="0" Pressure="0"/>
        <Point X="338" Y="232" T="0" Pressure="0"/>
        <Point X="338" Y="233" T="0" Pressure="0"/>
        <Point X="337" Y="234" T="0" Pressure="0"/>
        <Point X="337" Y="237" T="0" Pressure="0"/>
        <Point X="336" Y="239" T="0" Pressure="0"/>
        <Point X="335" Y="243" T="0" Pressure="0"/>
        <Point X="334" Y="246" T="0" Pressure="0"/>
        <Point X="334" Y="250" T="0" Pressure="0"/>
        <Point X="334" Y="254" T="0" Pressure="0"/>
        <Point X="333" Y="259" T="0" Pressure="0"/>
        <Point X="333" Y="265" T="0" Pressure="0"/>
        <Point X="331" Y="272" T="0" Pressure="0"/>
        <Point X="331" Y="278" T="0" Pressure="0"/>
        <Point X="330" Y="285" T="0" Pressure="0"/>
        <Point X="330" Y="292" T="0" Pressure="0"/>
        <Point X="330" Y="300" T="0" Pressure="0"/>
        <Point X="330" Y="307" T="0" Pressure="0"/>
        <Point X="330" Y="315" T="0" Pressure="0"/>
        <Point X="330" Y="321" T="0" Pressure="0"/>
        <Point X="330" Y="327" T="0" Pressure="0"/>
        <Point X="330" Y="333" T="0" Pressure="0"/>
        <Point X="330" Y="338" T="0" Pressure="0"/>
        <Point X="330" Y="342" T="0" Pressure="0"/>
        <Point X="330" Y="346" T="0" Pressure="0"/>
        <Point X="331" Y="349" T="0" Pressure="0"/>
        <Point X="331" Y="352" T="0" Pressure="0"/>
        <Point X="331" Y="355" T="0" Pressure="0"/>
        <Point X="332" Y="357" T="0" Pressure="0"/>
        <Point X="333" Y="358" T="0" Pressure="0"/>
        <Point X="333" Y="360" T="0" Pressure="0"/>
        <Point X="333" Y="361" T="0" Pressure="0"/>
        <Point X="334" Y="362" T="0" Pressure="0"/>
        <Point X="334" Y="363" T="0" Pressure="0"/>
    </Stroke>
    <Stroke index="2">
        <Point X="334" Y="315" T="0" Pressure="0"/>
        <Point X="334" Y="314" T="0" Pressure="0"/>
        <Point X="334" Y="313" T="0" Pressure="0"/>
        <Point X="334" Y="312" T="0" Pressure="0"/>
        <Point X="334" Y="311" T="0" Pressure="0"/>
        <Point X="335" Y="310" T="0" Pressure="0"/>
        <Point X="336" Y="309" T="0" Pressure="0"/>
        <Point X="338" Y="308" T="0" Pressure="0"/>
        <Point X="340" Y="308" T="0" Pressure="0"/>
        <Point X="342" Y="307" T="0" Pressure="0"/>
        <Point X="345" Y="307" T="0" Pressure="0"/>
        <Point X="349" Y="306" T="0" Pressure="0"/>
        <Point X="353" Y="305" T="0" Pressure="0"/>
        <Point X="356" Y="304" T="0" Pressure="0"/>
        <Point X="361" Y="303" T="0" Pressure="0"/>
        <Point X="370" Y="302" T="0" Pressure="0"/>
        <Point X="375" Y="301" T="0" Pressure="0"/>
        <Point X="379" Y="301" T="0" Pressure="0"/>
        <Point X="384" Y="300" T="0" Pressure="0"/>
        <Point X="389" Y="299" T="0" Pressure="0"/>
        <Point X="394" Y="298" T="0" Pressure="0"/>
        <Point X="398" Y="297" T="0" Pressure="0"/>
        <Point X="403" Y="297" T="0" Pressure="0"/>
    </Stroke>
    <Stroke index="3">
        <Point X="424" Y="242" T="0" Pressure="0"/>
        <Point X="423" Y="240" T="0" Pressure="0"/>
        <Point X="422" Y="239" T="0" Pressure="0"/>
        <Point X="420" Y="237" T="0" Pressure="0"/>
        <Point X="420" Y="236" T="0" Pressure="0"/>
        <Point X="419" Y="237" T="0" Pressure="0"/>
        <Point X="419" Y="239" T="0" Pressure="0"/>
        <Point X="418" Y="240" T="0" Pressure="0"/>
        <Point X="418" Y="242" T="0" Pressure="0"/>
        <Point X="417" Y="244" T="0" Pressure="0"/>
        <Point X="417" Y="247" T="0" Pressure="0"/>
        <Point X="417" Y="251" T="0" Pressure="0"/>
        <Point X="417" Y="253" T="0" Pressure="0"/>
        <Point X="416" Y="258" T="0" Pressure="0"/>
        <Point X="416" Y="262" T="0" Pressure="0"/>
        <Point X="414" Y="267" T="0" Pressure="0"/>
        <Point X="414" Y="272" T="0" Pressure="0"/>
        <Point X="413" Y="279" T="0" Pressure="0"/>
        <Point X="413" Y="285" T="0" Pressure="0"/>
        <Point X="412" Y="296" T="0" Pressure="0"/>
        <Point X="411" Y="302" T="0" Pressure="0"/>
        <Point X="410" Y="308" T="0" Pressure="0"/>
        <Point X="410" Y="313" T="0" Pressure="0"/>
        <Point X="410" Y="317" T="0" Pressure="0"/>
        <Point X="410" Y="321" T="0" Pressure="0"/>
        <Point X="409" Y="326" T="0" Pressure="0"/>
        <Point X="409" Y="329" T="0" Pressure="0"/>
        <Point X="409" Y="333" T="0" Pressure="0"/>
        <Point X="409" Y="337" T="0" Pressure="0"/>
        <Point X="409" Y="339" T="0" Pressure="0"/>
        <Point X="410" Y="341" T="0" Pressure="0"/>
        <Point X="410" Y="343" T="0" Pressure="0"/>
        <Point X="411" Y="346" T="0" Pressure="0"/>
        <Point X="411" Y="347" T="0" Pressure="0"/>
        <Point X="412" Y="349" T="0" Pressure="0"/>
        <Point X="412" Y="351" T="0" Pressure="0"/>
        <Point X="412" Y="352" T="0" Pressure="0"/>
        <Point X="412" Y="354" T="0" Pressure="0"/>
        <Point X="410" Y="359" T="0" Pressure="0"/>
    </Stroke>
</Gesture>
