<?xml version="1.0" ?>
<Gesture Name="five_point_star~04" Subject="2" Number="4" NumPts="160" InputType="stylus" Speed="MEDIUM">
    <Stroke index="1">
        <Point X="360" Y="379" T="0" Pressure="0"/>
        <Point X="359" Y="377" T="0" Pressure="0"/>
        <Point X="358" Y="377" T="0" Pressure="0"/>
        <Point X="357" Y="376" T="0" Pressure="0"/>
        <Point X="357" Y="375" T="0" Pressure="0"/>
        <Point X="357" Y="374" T="0" Pressure="0"/>
        <Point X="358" Y="373" T="0" Pressure="0"/>
        <Point X="360" Y="370" T="0" Pressure="0"/>
        <Point X="360" Y="368" T="0" Pressure="0"/>
        <Point X="362" Y="366" T="0" Pressure="0"/>
        <Point X="364" Y="361" T="0" Pressure="0"/>
        <Point X="367" Y="357" T="0" Pressure="0"/>
        <Point X="368" Y="353" T="0" Pressure="0"/>
        <Point X="371" Y="344" T="0" Pressure="0"/>
        <Point X="374" Y="338" T="0" Pressure="0"/>
        <Point X="376" Y="334" T="0" Pressure="0"/>
        <Point X="380" Y="321" T="0" Pressure="0"/>
        <Point X="383" Y="315" T="0" Pressure="0"/>
        <Point X="384" Y="309" T="0" Pressure="0"/>
        <Point X="387" Y="302" T="0" Pressure="0"/>
        <Point X="389" Y="296" T="0" Pressure="0"/>
        <Point X="390" Y="290" T="0" Pressure="0"/>
        <Point X="392" Y="285" T="0" Pressure="0"/>
        <Point X="395" Y="276" T="0" Pressure="0"/>
        <Point X="397" Y="272" T="0" Pressure="0"/>
        <Point X="398" Y="270" T="0" Pressure="0"/>
        <Point X="400" Y="266" T="0" Pressure="0"/>
        <Point X="401" Y="265" T="0" Pressure="0"/>
        <Point X="402" Y="265" T="0" Pressure="0"/>
        <Point X="402" Y="264" T="0" Pressure="0"/>
        <Point X="403" Y="264" T="0" Pressure="0"/>
        <Point X="404" Y="264" T="0" Pressure="0"/>
        <Point X="405" Y="264" T="0" Pressure="0"/>
        <Point X="406" Y="265" T="0" Pressure="0"/>
        <Point X="407" Y="266" T="0" Pressure="0"/>
        <Point X="408" Y="267" T="0" Pressure="0"/>
        <Point X="410" Y="271" T="0" Pressure="0"/>
        <Point X="412" Y="274" T="0" Pressure="0"/>
        <Point X="413" Y="277" T="0" Pressure="0"/>
        <Point X="416" Y="284" T="0" Pressure="0"/>
        <Point X="417" Y="289" T="0" Pressure="0"/>
        <Point X="419" Y="293" T="0" Pressure="0"/>
        <Point X="422" Y="303" T="0" Pressure="0"/>
        <Point X="424" Y="309" T="0" Pressure="0"/>
        <Point X="426" Y="314" T="0" Pressure="0"/>
        <Point X="428" Y="319" T="0" Pressure="0"/>
        <Point X="432" Y="329" T="0" Pressure="0"/>
        <Point X="433" Y="334" T="0" Pressure="0"/>
        <Point X="436" Y="342" T="0" Pressure="0"/>
        <Point X="438" Y="346" T="0" Pressure="0"/>
        <Point X="439" Y="349" T="0" Pressure="0"/>
        <Point X="442" Y="355" T="0" Pressure="0"/>
        <Point X="443" Y="358" T="0" Pressure="0"/>
        <Point X="444" Y="360" T="0" Pressure="0"/>
        <Point X="446" Y="363" T="0" Pressure="0"/>
        <Point X="446" Y="364" T="0" Pressure="0"/>
        <Point X="446" Y="365" T="0" Pressure="0"/>
        <Point X="447" Y="366" T="0" Pressure="0"/>
        <Point X="446" Y="366" T="0" Pressure="0"/>
        <Point X="444" Y="365" T="0" Pressure="0"/>
        <Point X="443" Y="364" T="0" Pressure="0"/>
        <Point X="442" Y="363" T="0" Pressure="0"/>
        <Point X="440" Y="362" T="0" Pressure="0"/>
        <Point X="437" Y="359" T="0" Pressure="0"/>
        <Point X="435" Y="358" T="0" Pressure="0"/>
        <Point X="434" Y="356" T="0" Pressure="0"/>
        <Point X="432" Y="355" T="0" Pressure="0"/>
        <Point X="429" Y="352" T="0" Pressure="0"/>
        <Point X="427" Y="351" T="0" Pressure="0"/>
        <Point X="424" Y="348" T="0" Pressure="0"/>
        <Point X="421" Y="346" T="0" Pressure="0"/>
        <Point X="417" Y="344" T="0" Pressure="0"/>
        <Point X="413" Y="342" T="0" Pressure="0"/>
        <Point X="409" Y="340" T="0" Pressure="0"/>
        <Point X="399" Y="336" T="0" Pressure="0"/>
        <Point X="394" Y="335" T="0" Pressure="0"/>
        <Point X="389" Y="334" T="0" Pressure="0"/>
        <Point X="378" Y="331" T="0" Pressure="0"/>
        <Point X="372" Y="330" T="0" Pressure="0"/>
        <Point X="359" Y="328" T="0" Pressure="0"/>
        <Point X="355" Y="328" T="0" Pressure="0"/>
        <Point X="350" Y="328" T="0" Pressure="0"/>
        <Point X="344" Y="327" T="0" Pressure="0"/>
        <Point X="341" Y="327" T="0" Pressure="0"/>
        <Point X="339" Y="326" T="0" Pressure="0"/>
        <Point X="337" Y="326" T="0" Pressure="0"/>
        <Point X="335" Y="325" T="0" Pressure="0"/>
        <Point X="334" Y="324" T="0" Pressure="0"/>
        <Point X="333" Y="324" T="0" Pressure="0"/>
        <Point X="333" Y="323" T="0" Pressure="0"/>
        <Point X="334" Y="322" T="0" Pressure="0"/>
        <Point X="337" Y="321" T="0" Pressure="0"/>
        <Point X="338" Y="320" T="0" Pressure="0"/>
        <Point X="345" Y="317" T="0" Pressure="0"/>
        <Point X="349" Y="315" T="0" Pressure="0"/>
        <Point X="353" Y="314" T="0" Pressure="0"/>
        <Point X="357" Y="312" T="0" Pressure="0"/>
        <Point X="363" Y="310" T="0" Pressure="0"/>
        <Point X="368" Y="308" T="0" Pressure="0"/>
        <Point X="375" Y="306" T="0" Pressure="0"/>
        <Point X="381" Y="303" T="0" Pressure="0"/>
        <Point X="389" Y="300" T="0" Pressure="0"/>
        <Point X="395" Y="297" T="0" Pressure="0"/>
        <Point X="402" Y="294" T="0" Pressure="0"/>
        <Point X="409" Y="292" T="0" Pressure="0"/>
        <Point X="417" Y="289" T="0" Pressure="0"/>
        <Point X="424" Y="287" T="0" Pressure="0"/>
        <Point X="431" Y="284" T="0" Pressure="0"/>
        <Point X="442" Y="279" T="0" Pressure="0"/>
        <Point X="446" Y="278" T="0" Pressure="0"/>
        <Point X="450" Y="276" T="0" Pressure="0"/>
        <Point X="458" Y="274" T="0" Pressure="0"/>
        <Point X="459" Y="274" T="0" Pressure="0"/>
        <Point X="462" Y="274" T="0" Pressure="0"/>
        <Point X="463" Y="274" T="0" Pressure="0"/>
        <Point X="464" Y="274" T="0" Pressure="0"/>
        <Point X="465" Y="275" T="0" Pressure="0"/>
        <Point X="466" Y="276" T="0" Pressure="0"/>
        <Point X="466" Y="277" T="0" Pressure="0"/>
        <Point X="466" Y="278" T="0" Pressure="0"/>
        <Point X="466" Y="279" T="0" Pressure="0"/>
        <Point X="466" Y="281" T="0" Pressure="0"/>
        <Point X="465" Y="284" T="0" Pressure="0"/>
        <Point X="464" Y="286" T="0" Pressure="0"/>
        <Point X="462" Y="288" T="0" Pressure="0"/>
        <Point X="458" Y="294" T="0" Pressure="0"/>
        <Point X="455" Y="297" T="0" Pressure="0"/>
        <Point X="453" Y="302" T="0" Pressure="0"/>
        <Point X="447" Y="309" T="0" Pressure="0"/>
        <Point X="444" Y="313" T="0" Pressure="0"/>
        <Point X="440" Y="317" T="0" Pressure="0"/>
        <Point X="437" Y="321" T="0" Pressure="0"/>
        <Point X="433" Y="326" T="0" Pressure="0"/>
        <Point X="429" Y="331" T="0" Pressure="0"/>
        <Point X="425" Y="335" T="0" Pressure="0"/>
        <Point X="420" Y="339" T="0" Pressure="0"/>
        <Point X="416" Y="344" T="0" Pressure="0"/>
        <Point X="410" Y="348" T="0" Pressure="0"/>
        <Point X="405" Y="354" T="0" Pressure="0"/>
        <Point X="401" Y="358" T="0" Pressure="0"/>
        <Point X="396" Y="362" T="0" Pressure="0"/>
        <Point X="391" Y="365" T="0" Pressure="0"/>
        <Point X="386" Y="368" T="0" Pressure="0"/>
        <Point X="383" Y="371" T="0" Pressure="0"/>
        <Point X="378" Y="374" T="0" Pressure="0"/>
        <Point X="375" Y="376" T="0" Pressure="0"/>
        <Point X="372" Y="377" T="0" Pressure="0"/>
        <Point X="369" Y="378" T="0" Pressure="0"/>
        <Point X="367" Y="378" T="0" Pressure="0"/>
        <Point X="364" Y="379" T="0" Pressure="0"/>
        <Point X="362" Y="380" T="0" Pressure="0"/>
        <Point X="360" Y="380" T="0" Pressure="0"/>
        <Point X="359" Y="380" T="0" Pressure="0"/>
        <Point X="359" Y="379" T="0" Pressure="0"/>
        <Point X="359" Y="378" T="0" Pressure="0"/>
        <Point X="359" Y="377" T="0" Pressure="0"/>
        <Point X="360" Y="377" T="0" Pressure="0"/>
        <Point X="364" Y="376" T="0" Pressure="0"/>
        <Point X="366" Y="376" T="0" Pressure="0"/>
        <Point X="367" Y="376" T="0" Pressure="0"/>
    </Stroke>
</Gesture>
