<?xml version="1.0" ?>
<Gesture Name="I~07" Subject="2" Number="7" NumPts="82" InputType="stylus" Speed="MEDIUM">
    <Stroke index="1">
        <Point X="323" Y="268" T="0" Pressure="0"/>
        <Point X="325" Y="265" T="0" Pressure="0"/>
        <Point X="326" Y="263" T="0" Pressure="0"/>
        <Point X="329" Y="262" T="0" Pressure="0"/>
        <Point X="333" Y="260" T="0" Pressure="0"/>
        <Point X="337" Y="258" T="0" Pressure="0"/>
        <Point X="341" Y="257" T="0" Pressure="0"/>
        <Point X="346" Y="254" T="0" Pressure="0"/>
        <Point X="353" Y="253" T="0" Pressure="0"/>
        <Point X="367" Y="248" T="0" Pressure="0"/>
        <Point X="374" Y="246" T="0" Pressure="0"/>
        <Point X="382" Y="244" T="0" Pressure="0"/>
        <Point X="397" Y="240" T="0" Pressure="0"/>
        <Point X="405" Y="239" T="0" Pressure="0"/>
        <Point X="413" Y="238" T="0" Pressure="0"/>
        <Point X="419" Y="237" T="0" Pressure="0"/>
        <Point X="426" Y="236" T="0" Pressure="0"/>
        <Point X="432" Y="234" T="0" Pressure="0"/>
        <Point X="438" Y="234" T="0" Pressure="0"/>
        <Point X="443" Y="234" T="0" Pressure="0"/>
        <Point X="447" Y="234" T="0" Pressure="0"/>
        <Point X="451" Y="234" T="0" Pressure="0"/>
        <Point X="454" Y="234" T="0" Pressure="0"/>
        <Point X="457" Y="234" T="0" Pressure="0"/>
        <Point X="458" Y="234" T="0" Pressure="0"/>
        <Point X="461" Y="234" T="0" Pressure="0"/>
        <Point X="461" Y="235" T="0" Pressure="0"/>
        <Point X="461" Y="236" T="0" Pressure="0"/>
    </Stroke>
    <Stroke index="2">
        <Point X="393" Y="249" T="0" Pressure="0"/>
        <Point X="391" Y="249" T="0" Pressure="0"/>
        <Point X="391" Y="248" T="0" Pressure="0"/>
        <Point X="390" Y="247" T="0" Pressure="0"/>
        <Point X="391" Y="248" T="0" Pressure="0"/>
        <Point X="391" Y="249" T="0" Pressure="0"/>
        <Point X="393" Y="251" T="0" Pressure="0"/>
        <Point X="393" Y="253" T="0" Pressure="0"/>
        <Point X="394" Y="254" T="0" Pressure="0"/>
        <Point X="394" Y="257" T="0" Pressure="0"/>
        <Point X="394" Y="260" T="0" Pressure="0"/>
        <Point X="394" Y="263" T="0" Pressure="0"/>
        <Point X="395" Y="267" T="0" Pressure="0"/>
        <Point X="395" Y="276" T="0" Pressure="0"/>
        <Point X="395" Y="281" T="0" Pressure="0"/>
        <Point X="395" Y="285" T="0" Pressure="0"/>
        <Point X="394" Y="290" T="0" Pressure="0"/>
        <Point X="394" Y="295" T="0" Pressure="0"/>
        <Point X="394" Y="301" T="0" Pressure="0"/>
        <Point X="393" Y="306" T="0" Pressure="0"/>
        <Point X="393" Y="311" T="0" Pressure="0"/>
        <Point X="392" Y="315" T="0" Pressure="0"/>
        <Point X="391" Y="320" T="0" Pressure="0"/>
        <Point X="390" Y="324" T="0" Pressure="0"/>
        <Point X="390" Y="329" T="0" Pressure="0"/>
        <Point X="390" Y="334" T="0" Pressure="0"/>
        <Point X="389" Y="338" T="0" Pressure="0"/>
        <Point X="389" Y="341" T="0" Pressure="0"/>
    </Stroke>
    <Stroke index="3">
        <Point X="314" Y="359" T="0" Pressure="0"/>
        <Point X="315" Y="358" T="0" Pressure="0"/>
        <Point X="317" Y="357" T="0" Pressure="0"/>
        <Point X="319" Y="356" T="0" Pressure="0"/>
        <Point X="323" Y="355" T="0" Pressure="0"/>
        <Point X="329" Y="354" T="0" Pressure="0"/>
        <Point X="335" Y="352" T="0" Pressure="0"/>
        <Point X="342" Y="351" T="0" Pressure="0"/>
        <Point X="349" Y="349" T="0" Pressure="0"/>
        <Point X="356" Y="348" T="0" Pressure="0"/>
        <Point X="363" Y="347" T="0" Pressure="0"/>
        <Point X="378" Y="346" T="0" Pressure="0"/>
        <Point X="383" Y="345" T="0" Pressure="0"/>
        <Point X="389" Y="344" T="0" Pressure="0"/>
        <Point X="395" Y="344" T="0" Pressure="0"/>
        <Point X="401" Y="344" T="0" Pressure="0"/>
        <Point X="406" Y="344" T="0" Pressure="0"/>
        <Point X="412" Y="343" T="0" Pressure="0"/>
        <Point X="417" Y="343" T="0" Pressure="0"/>
        <Point X="420" Y="343" T="0" Pressure="0"/>
        <Point X="424" Y="343" T="0" Pressure="0"/>
        <Point X="428" Y="343" T="0" Pressure="0"/>
        <Point X="435" Y="343" T="0" Pressure="0"/>
        <Point X="437" Y="343" T="0" Pressure="0"/>
        <Point X="439" Y="344" T="0" Pressure="0"/>
        <Point X="443" Y="345" T="0" Pressure="0"/>
    </Stroke>
</Gesture>
