<?xml version="1.0" ?>
<Gesture Name="arrowhead~08" Subject="2" Number="8" NumPts="96" InputType="stylus" Speed="MEDIUM">
    <Stroke index="1">
        <Point X="307" Y="355" T="0" Pressure="0"/>
        <Point X="309" Y="355" T="0" Pressure="0"/>
        <Point X="310" Y="355" T="0" Pressure="0"/>
        <Point X="311" Y="354" T="0" Pressure="0"/>
        <Point X="314" Y="353" T="0" Pressure="0"/>
        <Point X="315" Y="353" T="0" Pressure="0"/>
        <Point X="319" Y="352" T="0" Pressure="0"/>
        <Point X="322" Y="352" T="0" Pressure="0"/>
        <Point X="326" Y="352" T="0" Pressure="0"/>
        <Point X="330" Y="351" T="0" Pressure="0"/>
        <Point X="335" Y="351" T="0" Pressure="0"/>
        <Point X="340" Y="350" T="0" Pressure="0"/>
        <Point X="345" Y="349" T="0" Pressure="0"/>
        <Point X="352" Y="349" T="0" Pressure="0"/>
        <Point X="357" Y="349" T="0" Pressure="0"/>
        <Point X="363" Y="349" T="0" Pressure="0"/>
        <Point X="368" Y="348" T="0" Pressure="0"/>
        <Point X="375" Y="348" T="0" Pressure="0"/>
        <Point X="380" Y="347" T="0" Pressure="0"/>
        <Point X="387" Y="347" T="0" Pressure="0"/>
        <Point X="393" Y="346" T="0" Pressure="0"/>
        <Point X="398" Y="346" T="0" Pressure="0"/>
        <Point X="404" Y="346" T="0" Pressure="0"/>
        <Point X="409" Y="345" T="0" Pressure="0"/>
        <Point X="414" Y="344" T="0" Pressure="0"/>
        <Point X="424" Y="344" T="0" Pressure="0"/>
        <Point X="428" Y="344" T="0" Pressure="0"/>
        <Point X="432" Y="343" T="0" Pressure="0"/>
        <Point X="435" Y="343" T="0" Pressure="0"/>
        <Point X="438" Y="343" T="0" Pressure="0"/>
        <Point X="442" Y="343" T="0" Pressure="0"/>
        <Point X="444" Y="342" T="0" Pressure="0"/>
        <Point X="446" Y="342" T="0" Pressure="0"/>
        <Point X="448" Y="342" T="0" Pressure="0"/>
        <Point X="450" Y="342" T="0" Pressure="0"/>
        <Point X="453" Y="342" T="0" Pressure="0"/>
        <Point X="454" Y="342" T="0" Pressure="0"/>
        <Point X="455" Y="342" T="0" Pressure="0"/>
        <Point X="457" Y="342" T="0" Pressure="0"/>
        <Point X="458" Y="342" T="0" Pressure="0"/>
        <Point X="459" Y="342" T="0" Pressure="0"/>
        <Point X="461" Y="342" T="0" Pressure="0"/>
        <Point X="462" Y="342" T="0" Pressure="0"/>
    </Stroke>
    <Stroke index="2">
        <Point X="438" Y="313" T="0" Pressure="0"/>
        <Point X="436" Y="312" T="0" Pressure="0"/>
        <Point X="436" Y="311" T="0" Pressure="0"/>
        <Point X="435" Y="310" T="0" Pressure="0"/>
        <Point X="436" Y="310" T="0" Pressure="0"/>
        <Point X="437" Y="310" T="0" Pressure="0"/>
        <Point X="438" Y="310" T="0" Pressure="0"/>
        <Point X="439" Y="311" T="0" Pressure="0"/>
        <Point X="440" Y="312" T="0" Pressure="0"/>
        <Point X="442" Y="312" T="0" Pressure="0"/>
        <Point X="443" Y="313" T="0" Pressure="0"/>
        <Point X="444" Y="313" T="0" Pressure="0"/>
        <Point X="447" Y="314" T="0" Pressure="0"/>
        <Point X="450" Y="316" T="0" Pressure="0"/>
        <Point X="453" Y="317" T="0" Pressure="0"/>
        <Point X="455" Y="319" T="0" Pressure="0"/>
        <Point X="458" Y="321" T="0" Pressure="0"/>
        <Point X="460" Y="322" T="0" Pressure="0"/>
        <Point X="462" Y="323" T="0" Pressure="0"/>
        <Point X="465" Y="326" T="0" Pressure="0"/>
        <Point X="467" Y="327" T="0" Pressure="0"/>
        <Point X="469" Y="328" T="0" Pressure="0"/>
        <Point X="472" Y="330" T="0" Pressure="0"/>
        <Point X="473" Y="332" T="0" Pressure="0"/>
        <Point X="477" Y="335" T="0" Pressure="0"/>
        <Point X="477" Y="336" T="0" Pressure="0"/>
        <Point X="478" Y="338" T="0" Pressure="0"/>
        <Point X="479" Y="338" T="0" Pressure="0"/>
        <Point X="479" Y="340" T="0" Pressure="0"/>
        <Point X="479" Y="341" T="0" Pressure="0"/>
        <Point X="479" Y="342" T="0" Pressure="0"/>
        <Point X="479" Y="343" T="0" Pressure="0"/>
        <Point X="478" Y="345" T="0" Pressure="0"/>
        <Point X="477" Y="346" T="0" Pressure="0"/>
        <Point X="476" Y="348" T="0" Pressure="0"/>
        <Point X="473" Y="349" T="0" Pressure="0"/>
        <Point X="472" Y="351" T="0" Pressure="0"/>
        <Point X="470" Y="352" T="0" Pressure="0"/>
        <Point X="468" Y="354" T="0" Pressure="0"/>
        <Point X="465" Y="356" T="0" Pressure="0"/>
        <Point X="463" Y="358" T="0" Pressure="0"/>
        <Point X="461" Y="359" T="0" Pressure="0"/>
        <Point X="459" Y="361" T="0" Pressure="0"/>
        <Point X="457" Y="362" T="0" Pressure="0"/>
        <Point X="455" Y="363" T="0" Pressure="0"/>
        <Point X="453" Y="365" T="0" Pressure="0"/>
        <Point X="451" Y="367" T="0" Pressure="0"/>
        <Point X="449" Y="368" T="0" Pressure="0"/>
        <Point X="447" Y="370" T="0" Pressure="0"/>
        <Point X="446" Y="371" T="0" Pressure="0"/>
        <Point X="444" Y="373" T="0" Pressure="0"/>
        <Point X="443" Y="375" T="0" Pressure="0"/>
        <Point X="441" Y="377" T="0" Pressure="0"/>
    </Stroke>
</Gesture>
