<?xml version="1.0" ?>
<Gesture Name="N~02" Subject="2" Number="2" NumPts="109" InputType="stylus" Speed="MEDIUM">
    <Stroke index="1">
        <Point X="355" Y="260" T="0" Pressure="0"/>
        <Point X="353" Y="260" T="0" Pressure="0"/>
        <Point X="353" Y="261" T="0" Pressure="0"/>
        <Point X="352" Y="262" T="0" Pressure="0"/>
        <Point X="352" Y="263" T="0" Pressure="0"/>
        <Point X="352" Y="265" T="0" Pressure="0"/>
        <Point X="352" Y="268" T="0" Pressure="0"/>
        <Point X="352" Y="271" T="0" Pressure="0"/>
        <Point X="351" Y="276" T="0" Pressure="0"/>
        <Point X="350" Y="281" T="0" Pressure="0"/>
        <Point X="350" Y="286" T="0" Pressure="0"/>
        <Point X="349" Y="291" T="0" Pressure="0"/>
        <Point X="349" Y="297" T="0" Pressure="0"/>
        <Point X="349" Y="303" T="0" Pressure="0"/>
        <Point X="348" Y="311" T="0" Pressure="0"/>
        <Point X="347" Y="316" T="0" Pressure="0"/>
        <Point X="346" Y="322" T="0" Pressure="0"/>
        <Point X="346" Y="329" T="0" Pressure="0"/>
        <Point X="345" Y="336" T="0" Pressure="0"/>
        <Point X="345" Y="341" T="0" Pressure="0"/>
        <Point X="345" Y="352" T="0" Pressure="0"/>
        <Point X="345" Y="357" T="0" Pressure="0"/>
        <Point X="345" Y="368" T="0" Pressure="0"/>
        <Point X="345" Y="371" T="0" Pressure="0"/>
        <Point X="345" Y="374" T="0" Pressure="0"/>
        <Point X="346" Y="376" T="0" Pressure="0"/>
        <Point X="346" Y="377" T="0" Pressure="0"/>
        <Point X="346" Y="379" T="0" Pressure="0"/>
        <Point X="346" Y="381" T="0" Pressure="0"/>
        <Point X="346" Y="382" T="0" Pressure="0"/>
        <Point X="346" Y="381" T="0" Pressure="0"/>
        <Point X="346" Y="380" T="0" Pressure="0"/>
        <Point X="347" Y="379" T="0" Pressure="0"/>
        <Point X="347" Y="377" T="0" Pressure="0"/>
    </Stroke>
    <Stroke index="2">
        <Point X="348" Y="269" T="0" Pressure="0"/>
        <Point X="348" Y="268" T="0" Pressure="0"/>
        <Point X="348" Y="267" T="0" Pressure="0"/>
        <Point X="349" Y="267" T="0" Pressure="0"/>
        <Point X="349" Y="266" T="0" Pressure="0"/>
        <Point X="350" Y="266" T="0" Pressure="0"/>
        <Point X="352" Y="266" T="0" Pressure="0"/>
        <Point X="355" Y="267" T="0" Pressure="0"/>
        <Point X="356" Y="269" T="0" Pressure="0"/>
        <Point X="359" Y="271" T="0" Pressure="0"/>
        <Point X="360" Y="272" T="0" Pressure="0"/>
        <Point X="363" Y="275" T="0" Pressure="0"/>
        <Point X="365" Y="278" T="0" Pressure="0"/>
        <Point X="368" Y="281" T="0" Pressure="0"/>
        <Point X="371" Y="284" T="0" Pressure="0"/>
        <Point X="375" Y="288" T="0" Pressure="0"/>
        <Point X="378" Y="292" T="0" Pressure="0"/>
        <Point X="384" Y="302" T="0" Pressure="0"/>
        <Point X="388" Y="307" T="0" Pressure="0"/>
        <Point X="391" Y="312" T="0" Pressure="0"/>
        <Point X="398" Y="321" T="0" Pressure="0"/>
        <Point X="401" Y="327" T="0" Pressure="0"/>
        <Point X="404" Y="332" T="0" Pressure="0"/>
        <Point X="407" Y="337" T="0" Pressure="0"/>
        <Point X="410" Y="340" T="0" Pressure="0"/>
        <Point X="413" Y="344" T="0" Pressure="0"/>
        <Point X="416" Y="347" T="0" Pressure="0"/>
        <Point X="418" Y="351" T="0" Pressure="0"/>
        <Point X="420" Y="353" T="0" Pressure="0"/>
        <Point X="423" Y="357" T="0" Pressure="0"/>
        <Point X="425" Y="359" T="0" Pressure="0"/>
        <Point X="427" Y="361" T="0" Pressure="0"/>
        <Point X="429" Y="363" T="0" Pressure="0"/>
        <Point X="431" Y="364" T="0" Pressure="0"/>
        <Point X="434" Y="367" T="0" Pressure="0"/>
        <Point X="436" Y="367" T="0" Pressure="0"/>
        <Point X="437" Y="367" T="0" Pressure="0"/>
        <Point X="438" Y="367" T="0" Pressure="0"/>
        <Point X="438" Y="366" T="0" Pressure="0"/>
        <Point X="439" Y="366" T="0" Pressure="0"/>
    </Stroke>
    <Stroke index="3">
        <Point X="450" Y="252" T="0" Pressure="0"/>
        <Point X="448" Y="251" T="0" Pressure="0"/>
        <Point X="447" Y="251" T="0" Pressure="0"/>
        <Point X="446" Y="252" T="0" Pressure="0"/>
        <Point X="446" Y="253" T="0" Pressure="0"/>
        <Point X="446" Y="256" T="0" Pressure="0"/>
        <Point X="446" Y="258" T="0" Pressure="0"/>
        <Point X="445" Y="261" T="0" Pressure="0"/>
        <Point X="445" Y="264" T="0" Pressure="0"/>
        <Point X="444" Y="269" T="0" Pressure="0"/>
        <Point X="444" Y="274" T="0" Pressure="0"/>
        <Point X="443" Y="279" T="0" Pressure="0"/>
        <Point X="443" Y="284" T="0" Pressure="0"/>
        <Point X="442" Y="296" T="0" Pressure="0"/>
        <Point X="442" Y="302" T="0" Pressure="0"/>
        <Point X="441" Y="309" T="0" Pressure="0"/>
        <Point X="441" Y="314" T="0" Pressure="0"/>
        <Point X="440" Y="319" T="0" Pressure="0"/>
        <Point X="440" Y="324" T="0" Pressure="0"/>
        <Point X="439" Y="329" T="0" Pressure="0"/>
        <Point X="439" Y="334" T="0" Pressure="0"/>
        <Point X="439" Y="338" T="0" Pressure="0"/>
        <Point X="439" Y="342" T="0" Pressure="0"/>
        <Point X="439" Y="345" T="0" Pressure="0"/>
        <Point X="439" Y="348" T="0" Pressure="0"/>
        <Point X="439" Y="351" T="0" Pressure="0"/>
        <Point X="439" Y="352" T="0" Pressure="0"/>
        <Point X="439" Y="355" T="0" Pressure="0"/>
        <Point X="439" Y="356" T="0" Pressure="0"/>
        <Point X="439" Y="358" T="0" Pressure="0"/>
        <Point X="439" Y="359" T="0" Pressure="0"/>
        <Point X="439" Y="360" T="0" Pressure="0"/>
        <Point X="439" Y="361" T="0" Pressure="0"/>
        <Point X="439" Y="362" T="0" Pressure="0"/>
        <Point X="439" Y="363" T="0" Pressure="0"/>
    </Stroke>
</Gesture>
