<?xml version="1.0" ?>
<Gesture Name="pitchfork~04" Subject="2" Number="4" NumPts="124" InputType="stylus" Speed="MEDIUM">
    <Stroke index="1">
        <Point X="330" Y="192" T="0" Pressure="0"/>
        <Point X="326" Y="194" T="0" Pressure="0"/>
        <Point X="326" Y="196" T="0" Pressure="0"/>
        <Point X="325" Y="197" T="0" Pressure="0"/>
        <Point X="323" Y="199" T="0" Pressure="0"/>
        <Point X="323" Y="201" T="0" Pressure="0"/>
        <Point X="322" Y="204" T="0" Pressure="0"/>
        <Point X="322" Y="207" T="0" Pressure="0"/>
        <Point X="322" Y="210" T="0" Pressure="0"/>
        <Point X="322" Y="214" T="0" Pressure="0"/>
        <Point X="322" Y="217" T="0" Pressure="0"/>
        <Point X="322" Y="222" T="0" Pressure="0"/>
        <Point X="322" Y="228" T="0" Pressure="0"/>
        <Point X="322" Y="232" T="0" Pressure="0"/>
        <Point X="322" Y="237" T="0" Pressure="0"/>
        <Point X="323" Y="242" T="0" Pressure="0"/>
        <Point X="325" Y="247" T="0" Pressure="0"/>
        <Point X="326" Y="253" T="0" Pressure="0"/>
        <Point X="328" Y="258" T="0" Pressure="0"/>
        <Point X="330" Y="264" T="0" Pressure="0"/>
        <Point X="333" Y="269" T="0" Pressure="0"/>
        <Point X="336" Y="273" T="0" Pressure="0"/>
        <Point X="340" Y="278" T="0" Pressure="0"/>
        <Point X="343" Y="283" T="0" Pressure="0"/>
        <Point X="346" Y="287" T="0" Pressure="0"/>
        <Point X="351" Y="292" T="0" Pressure="0"/>
        <Point X="355" Y="295" T="0" Pressure="0"/>
        <Point X="367" Y="304" T="0" Pressure="0"/>
        <Point X="372" Y="307" T="0" Pressure="0"/>
        <Point X="377" Y="310" T="0" Pressure="0"/>
        <Point X="382" Y="311" T="0" Pressure="0"/>
        <Point X="386" Y="313" T="0" Pressure="0"/>
        <Point X="392" Y="313" T="0" Pressure="0"/>
        <Point X="397" Y="314" T="0" Pressure="0"/>
        <Point X="402" Y="314" T="0" Pressure="0"/>
        <Point X="408" Y="314" T="0" Pressure="0"/>
        <Point X="413" Y="313" T="0" Pressure="0"/>
        <Point X="418" Y="313" T="0" Pressure="0"/>
        <Point X="423" Y="311" T="0" Pressure="0"/>
        <Point X="428" Y="310" T="0" Pressure="0"/>
        <Point X="446" Y="300" T="0" Pressure="0"/>
        <Point X="450" Y="297" T="0" Pressure="0"/>
        <Point X="454" Y="294" T="0" Pressure="0"/>
        <Point X="458" Y="291" T="0" Pressure="0"/>
        <Point X="461" Y="287" T="0" Pressure="0"/>
        <Point X="464" Y="284" T="0" Pressure="0"/>
        <Point X="467" Y="279" T="0" Pressure="0"/>
        <Point X="470" Y="275" T="0" Pressure="0"/>
        <Point X="473" Y="270" T="0" Pressure="0"/>
        <Point X="476" Y="265" T="0" Pressure="0"/>
        <Point X="478" Y="259" T="0" Pressure="0"/>
        <Point X="480" Y="254" T="0" Pressure="0"/>
        <Point X="483" Y="249" T="0" Pressure="0"/>
        <Point X="485" Y="244" T="0" Pressure="0"/>
        <Point X="487" Y="239" T="0" Pressure="0"/>
        <Point X="488" Y="235" T="0" Pressure="0"/>
        <Point X="488" Y="230" T="0" Pressure="0"/>
        <Point X="488" Y="227" T="0" Pressure="0"/>
        <Point X="488" Y="224" T="0" Pressure="0"/>
        <Point X="488" Y="221" T="0" Pressure="0"/>
        <Point X="488" Y="219" T="0" Pressure="0"/>
        <Point X="487" Y="217" T="0" Pressure="0"/>
        <Point X="485" Y="215" T="0" Pressure="0"/>
        <Point X="484" Y="214" T="0" Pressure="0"/>
        <Point X="483" Y="213" T="0" Pressure="0"/>
        <Point X="481" Y="212" T="0" Pressure="0"/>
        <Point X="480" Y="211" T="0" Pressure="0"/>
        <Point X="479" Y="210" T="0" Pressure="0"/>
        <Point X="477" Y="209" T="0" Pressure="0"/>
        <Point X="476" Y="209" T="0" Pressure="0"/>
        <Point X="474" Y="209" T="0" Pressure="0"/>
        <Point X="472" Y="210" T="0" Pressure="0"/>
        <Point X="470" Y="211" T="0" Pressure="0"/>
        <Point X="468" Y="212" T="0" Pressure="0"/>
        <Point X="465" Y="213" T="0" Pressure="0"/>
        <Point X="463" Y="214" T="0" Pressure="0"/>
    </Stroke>
    <Stroke index="2">
        <Point X="411" Y="203" T="0" Pressure="0"/>
        <Point X="410" Y="200" T="0" Pressure="0"/>
        <Point X="409" Y="197" T="0" Pressure="0"/>
        <Point X="409" Y="196" T="0" Pressure="0"/>
        <Point X="409" Y="195" T="0" Pressure="0"/>
        <Point X="408" Y="195" T="0" Pressure="0"/>
        <Point X="408" Y="196" T="0" Pressure="0"/>
        <Point X="408" Y="197" T="0" Pressure="0"/>
        <Point X="408" Y="199" T="0" Pressure="0"/>
        <Point X="407" Y="204" T="0" Pressure="0"/>
        <Point X="406" Y="208" T="0" Pressure="0"/>
        <Point X="406" Y="211" T="0" Pressure="0"/>
        <Point X="406" Y="214" T="0" Pressure="0"/>
        <Point X="406" Y="218" T="0" Pressure="0"/>
        <Point X="406" Y="223" T="0" Pressure="0"/>
        <Point X="405" Y="229" T="0" Pressure="0"/>
        <Point X="405" Y="235" T="0" Pressure="0"/>
        <Point X="405" Y="242" T="0" Pressure="0"/>
        <Point X="404" Y="249" T="0" Pressure="0"/>
        <Point X="402" Y="265" T="0" Pressure="0"/>
        <Point X="401" Y="274" T="0" Pressure="0"/>
        <Point X="400" Y="283" T="0" Pressure="0"/>
        <Point X="399" Y="291" T="0" Pressure="0"/>
        <Point X="398" Y="299" T="0" Pressure="0"/>
        <Point X="398" Y="309" T="0" Pressure="0"/>
        <Point X="397" Y="317" T="0" Pressure="0"/>
        <Point X="396" Y="326" T="0" Pressure="0"/>
        <Point X="395" Y="333" T="0" Pressure="0"/>
        <Point X="395" Y="339" T="0" Pressure="0"/>
        <Point X="394" Y="346" T="0" Pressure="0"/>
        <Point X="394" Y="352" T="0" Pressure="0"/>
        <Point X="394" Y="358" T="0" Pressure="0"/>
        <Point X="394" Y="363" T="0" Pressure="0"/>
        <Point X="393" Y="367" T="0" Pressure="0"/>
        <Point X="393" Y="374" T="0" Pressure="0"/>
        <Point X="393" Y="377" T="0" Pressure="0"/>
        <Point X="393" Y="380" T="0" Pressure="0"/>
        <Point X="393" Y="383" T="0" Pressure="0"/>
        <Point X="393" Y="384" T="0" Pressure="0"/>
        <Point X="393" Y="386" T="0" Pressure="0"/>
        <Point X="393" Y="388" T="0" Pressure="0"/>
        <Point X="393" Y="389" T="0" Pressure="0"/>
        <Point X="393" Y="390" T="0" Pressure="0"/>
        <Point X="392" Y="393" T="0" Pressure="0"/>
        <Point X="392" Y="395" T="0" Pressure="0"/>
        <Point X="392" Y="396" T="0" Pressure="0"/>
        <Point X="392" Y="397" T="0" Pressure="0"/>
        <Point X="392" Y="398" T="0" Pressure="0"/>
    </Stroke>
</Gesture>
