<?xml version="1.0" ?>
<Gesture Name="half_note~02" Subject="2" Number="2" NumPts="94" InputType="stylus" Speed="MEDIUM">
    <Stroke index="1">
        <Point X="447" Y="199" T="0" Pressure="0"/>
        <Point X="446" Y="199" T="0" Pressure="0"/>
        <Point X="445" Y="199" T="0" Pressure="0"/>
        <Point X="444" Y="199" T="0" Pressure="0"/>
        <Point X="444" Y="200" T="0" Pressure="0"/>
        <Point X="444" Y="201" T="0" Pressure="0"/>
        <Point X="445" Y="203" T="0" Pressure="0"/>
        <Point X="446" Y="204" T="0" Pressure="0"/>
        <Point X="446" Y="207" T="0" Pressure="0"/>
        <Point X="446" Y="209" T="0" Pressure="0"/>
        <Point X="447" Y="213" T="0" Pressure="0"/>
        <Point X="447" Y="217" T="0" Pressure="0"/>
        <Point X="448" Y="221" T="0" Pressure="0"/>
        <Point X="448" Y="227" T="0" Pressure="0"/>
        <Point X="449" Y="233" T="0" Pressure="0"/>
        <Point X="450" Y="239" T="0" Pressure="0"/>
        <Point X="450" Y="244" T="0" Pressure="0"/>
        <Point X="450" Y="251" T="0" Pressure="0"/>
        <Point X="450" Y="257" T="0" Pressure="0"/>
        <Point X="450" Y="264" T="0" Pressure="0"/>
        <Point X="451" Y="271" T="0" Pressure="0"/>
        <Point X="451" Y="277" T="0" Pressure="0"/>
        <Point X="451" Y="283" T="0" Pressure="0"/>
        <Point X="452" Y="289" T="0" Pressure="0"/>
        <Point X="453" Y="294" T="0" Pressure="0"/>
        <Point X="453" Y="309" T="0" Pressure="0"/>
        <Point X="454" Y="312" T="0" Pressure="0"/>
        <Point X="454" Y="315" T="0" Pressure="0"/>
        <Point X="454" Y="321" T="0" Pressure="0"/>
        <Point X="454" Y="323" T="0" Pressure="0"/>
        <Point X="454" Y="324" T="0" Pressure="0"/>
        <Point X="454" Y="326" T="0" Pressure="0"/>
        <Point X="454" Y="327" T="0" Pressure="0"/>
        <Point X="454" Y="328" T="0" Pressure="0"/>
        <Point X="454" Y="329" T="0" Pressure="0"/>
        <Point X="454" Y="330" T="0" Pressure="0"/>
        <Point X="454" Y="331" T="0" Pressure="0"/>
        <Point X="454" Y="332" T="0" Pressure="0"/>
    </Stroke>
    <Stroke index="2">
        <Point X="447" Y="329" T="0" Pressure="0"/>
        <Point X="446" Y="328" T="0" Pressure="0"/>
        <Point X="446" Y="327" T="0" Pressure="0"/>
        <Point X="445" Y="326" T="0" Pressure="0"/>
        <Point X="444" Y="324" T="0" Pressure="0"/>
        <Point X="444" Y="322" T="0" Pressure="0"/>
        <Point X="443" Y="321" T="0" Pressure="0"/>
        <Point X="443" Y="319" T="0" Pressure="0"/>
        <Point X="442" Y="318" T="0" Pressure="0"/>
        <Point X="441" Y="317" T="0" Pressure="0"/>
        <Point X="440" Y="316" T="0" Pressure="0"/>
        <Point X="439" Y="315" T="0" Pressure="0"/>
        <Point X="437" Y="313" T="0" Pressure="0"/>
        <Point X="435" Y="313" T="0" Pressure="0"/>
        <Point X="434" Y="312" T="0" Pressure="0"/>
        <Point X="432" Y="312" T="0" Pressure="0"/>
        <Point X="430" Y="311" T="0" Pressure="0"/>
        <Point X="428" Y="311" T="0" Pressure="0"/>
        <Point X="425" Y="311" T="0" Pressure="0"/>
        <Point X="423" Y="311" T="0" Pressure="0"/>
        <Point X="420" Y="312" T="0" Pressure="0"/>
        <Point X="413" Y="314" T="0" Pressure="0"/>
        <Point X="410" Y="315" T="0" Pressure="0"/>
        <Point X="408" Y="316" T="0" Pressure="0"/>
        <Point X="405" Y="318" T="0" Pressure="0"/>
        <Point X="403" Y="320" T="0" Pressure="0"/>
        <Point X="401" Y="322" T="0" Pressure="0"/>
        <Point X="398" Y="324" T="0" Pressure="0"/>
        <Point X="397" Y="326" T="0" Pressure="0"/>
        <Point X="394" Y="331" T="0" Pressure="0"/>
        <Point X="393" Y="333" T="0" Pressure="0"/>
        <Point X="391" Y="338" T="0" Pressure="0"/>
        <Point X="391" Y="341" T="0" Pressure="0"/>
        <Point X="391" Y="343" T="0" Pressure="0"/>
        <Point X="391" Y="346" T="0" Pressure="0"/>
        <Point X="392" Y="347" T="0" Pressure="0"/>
        <Point X="394" Y="352" T="0" Pressure="0"/>
        <Point X="395" Y="353" T="0" Pressure="0"/>
        <Point X="397" Y="355" T="0" Pressure="0"/>
        <Point X="399" Y="356" T="0" Pressure="0"/>
        <Point X="401" Y="357" T="0" Pressure="0"/>
        <Point X="406" Y="360" T="0" Pressure="0"/>
        <Point X="409" Y="361" T="0" Pressure="0"/>
        <Point X="411" Y="361" T="0" Pressure="0"/>
        <Point X="417" Y="363" T="0" Pressure="0"/>
        <Point X="420" Y="363" T="0" Pressure="0"/>
        <Point X="424" Y="363" T="0" Pressure="0"/>
        <Point X="434" Y="362" T="0" Pressure="0"/>
        <Point X="437" Y="361" T="0" Pressure="0"/>
        <Point X="440" Y="359" T="0" Pressure="0"/>
        <Point X="445" Y="357" T="0" Pressure="0"/>
        <Point X="448" Y="356" T="0" Pressure="0"/>
        <Point X="451" Y="353" T="0" Pressure="0"/>
        <Point X="458" Y="349" T="0" Pressure="0"/>
        <Point X="461" Y="347" T="0" Pressure="0"/>
        <Point X="464" Y="346" T="0" Pressure="0"/>
    </Stroke>
</Gesture>
