<?xml version="1.0" ?>
<Gesture Name="six_point_star~02" Subject="2" Number="2" NumPts="216" InputType="stylus" Speed="MEDIUM">
    <Stroke index="1">
        <Point X="331" Y="318" T="0" Pressure="0"/>
        <Point X="331" Y="317" T="0" Pressure="0"/>
        <Point X="331" Y="316" T="0" Pressure="0"/>
        <Point X="331" Y="315" T="0" Pressure="0"/>
        <Point X="331" Y="313" T="0" Pressure="0"/>
        <Point X="332" Y="312" T="0" Pressure="0"/>
        <Point X="333" Y="310" T="0" Pressure="0"/>
        <Point X="334" Y="308" T="0" Pressure="0"/>
        <Point X="334" Y="305" T="0" Pressure="0"/>
        <Point X="336" Y="302" T="0" Pressure="0"/>
        <Point X="337" Y="298" T="0" Pressure="0"/>
        <Point X="341" Y="287" T="0" Pressure="0"/>
        <Point X="342" Y="282" T="0" Pressure="0"/>
        <Point X="343" Y="277" T="0" Pressure="0"/>
        <Point X="345" Y="271" T="0" Pressure="0"/>
        <Point X="345" Y="264" T="0" Pressure="0"/>
        <Point X="347" Y="259" T="0" Pressure="0"/>
        <Point X="349" Y="246" T="0" Pressure="0"/>
        <Point X="350" Y="239" T="0" Pressure="0"/>
        <Point X="352" Y="232" T="0" Pressure="0"/>
        <Point X="355" Y="218" T="0" Pressure="0"/>
        <Point X="356" Y="213" T="0" Pressure="0"/>
        <Point X="357" Y="207" T="0" Pressure="0"/>
        <Point X="359" Y="203" T="0" Pressure="0"/>
        <Point X="360" Y="198" T="0" Pressure="0"/>
        <Point X="362" Y="194" T="0" Pressure="0"/>
        <Point X="363" Y="192" T="0" Pressure="0"/>
        <Point X="364" Y="190" T="0" Pressure="0"/>
        <Point X="365" Y="189" T="0" Pressure="0"/>
        <Point X="366" Y="188" T="0" Pressure="0"/>
        <Point X="367" Y="187" T="0" Pressure="0"/>
        <Point X="368" Y="187" T="0" Pressure="0"/>
        <Point X="368" Y="186" T="0" Pressure="0"/>
        <Point X="369" Y="186" T="0" Pressure="0"/>
        <Point X="371" Y="186" T="0" Pressure="0"/>
        <Point X="372" Y="186" T="0" Pressure="0"/>
        <Point X="374" Y="187" T="0" Pressure="0"/>
        <Point X="376" Y="188" T="0" Pressure="0"/>
        <Point X="378" Y="189" T="0" Pressure="0"/>
        <Point X="380" Y="190" T="0" Pressure="0"/>
        <Point X="382" Y="192" T="0" Pressure="0"/>
        <Point X="384" Y="195" T="0" Pressure="0"/>
        <Point X="386" Y="198" T="0" Pressure="0"/>
        <Point X="391" Y="206" T="0" Pressure="0"/>
        <Point X="394" Y="210" T="0" Pressure="0"/>
        <Point X="396" Y="215" T="0" Pressure="0"/>
        <Point X="399" Y="221" T="0" Pressure="0"/>
        <Point X="402" Y="226" T="0" Pressure="0"/>
        <Point X="405" Y="233" T="0" Pressure="0"/>
        <Point X="407" Y="239" T="0" Pressure="0"/>
        <Point X="412" Y="252" T="0" Pressure="0"/>
        <Point X="414" Y="259" T="0" Pressure="0"/>
        <Point X="417" Y="265" T="0" Pressure="0"/>
        <Point X="420" Y="273" T="0" Pressure="0"/>
        <Point X="421" Y="278" T="0" Pressure="0"/>
        <Point X="423" Y="284" T="0" Pressure="0"/>
        <Point X="425" Y="289" T="0" Pressure="0"/>
        <Point X="428" Y="297" T="0" Pressure="0"/>
        <Point X="429" Y="302" T="0" Pressure="0"/>
        <Point X="431" Y="305" T="0" Pressure="0"/>
        <Point X="431" Y="309" T="0" Pressure="0"/>
        <Point X="432" Y="311" T="0" Pressure="0"/>
        <Point X="432" Y="313" T="0" Pressure="0"/>
        <Point X="433" Y="316" T="0" Pressure="0"/>
        <Point X="434" Y="318" T="0" Pressure="0"/>
        <Point X="434" Y="319" T="0" Pressure="0"/>
        <Point X="434" Y="321" T="0" Pressure="0"/>
        <Point X="434" Y="322" T="0" Pressure="0"/>
        <Point X="434" Y="323" T="0" Pressure="0"/>
        <Point X="433" Y="324" T="0" Pressure="0"/>
        <Point X="432" Y="324" T="0" Pressure="0"/>
        <Point X="430" Y="326" T="0" Pressure="0"/>
        <Point X="428" Y="327" T="0" Pressure="0"/>
        <Point X="427" Y="327" T="0" Pressure="0"/>
        <Point X="424" Y="327" T="0" Pressure="0"/>
        <Point X="423" Y="328" T="0" Pressure="0"/>
        <Point X="420" Y="328" T="0" Pressure="0"/>
        <Point X="417" Y="328" T="0" Pressure="0"/>
        <Point X="415" Y="328" T="0" Pressure="0"/>
        <Point X="412" Y="329" T="0" Pressure="0"/>
        <Point X="408" Y="329" T="0" Pressure="0"/>
        <Point X="405" Y="329" T="0" Pressure="0"/>
        <Point X="397" Y="329" T="0" Pressure="0"/>
        <Point X="393" Y="329" T="0" Pressure="0"/>
        <Point X="387" Y="329" T="0" Pressure="0"/>
        <Point X="383" Y="330" T="0" Pressure="0"/>
        <Point X="378" Y="331" T="0" Pressure="0"/>
        <Point X="374" Y="331" T="0" Pressure="0"/>
        <Point X="369" Y="331" T="0" Pressure="0"/>
        <Point X="364" Y="332" T="0" Pressure="0"/>
        <Point X="360" Y="332" T="0" Pressure="0"/>
        <Point X="355" Y="333" T="0" Pressure="0"/>
        <Point X="350" Y="334" T="0" Pressure="0"/>
        <Point X="342" Y="335" T="0" Pressure="0"/>
        <Point X="338" Y="335" T="0" Pressure="0"/>
        <Point X="335" Y="336" T="0" Pressure="0"/>
        <Point X="331" Y="337" T="0" Pressure="0"/>
        <Point X="329" Y="337" T="0" Pressure="0"/>
        <Point X="327" Y="337" T="0" Pressure="0"/>
        <Point X="325" Y="337" T="0" Pressure="0"/>
        <Point X="323" Y="338" T="0" Pressure="0"/>
        <Point X="322" Y="338" T="0" Pressure="0"/>
        <Point X="321" Y="338" T="0" Pressure="0"/>
    </Stroke>
    <Stroke index="2">
        <Point X="317" Y="231" T="0" Pressure="0"/>
        <Point X="316" Y="229" T="0" Pressure="0"/>
        <Point X="316" Y="228" T="0" Pressure="0"/>
        <Point X="316" Y="229" T="0" Pressure="0"/>
        <Point X="317" Y="231" T="0" Pressure="0"/>
        <Point X="318" Y="232" T="0" Pressure="0"/>
        <Point X="319" Y="234" T="0" Pressure="0"/>
        <Point X="320" Y="237" T="0" Pressure="0"/>
        <Point X="322" Y="239" T="0" Pressure="0"/>
        <Point X="325" Y="247" T="0" Pressure="0"/>
        <Point X="327" Y="253" T="0" Pressure="0"/>
        <Point X="330" Y="259" T="0" Pressure="0"/>
        <Point X="335" Y="273" T="0" Pressure="0"/>
        <Point X="338" Y="281" T="0" Pressure="0"/>
        <Point X="341" Y="289" T="0" Pressure="0"/>
        <Point X="344" Y="296" T="0" Pressure="0"/>
        <Point X="346" Y="305" T="0" Pressure="0"/>
        <Point X="353" Y="318" T="0" Pressure="0"/>
        <Point X="356" Y="324" T="0" Pressure="0"/>
        <Point X="359" Y="331" T="0" Pressure="0"/>
        <Point X="361" Y="336" T="0" Pressure="0"/>
        <Point X="364" Y="341" T="0" Pressure="0"/>
        <Point X="368" Y="344" T="0" Pressure="0"/>
        <Point X="370" Y="348" T="0" Pressure="0"/>
        <Point X="372" Y="352" T="0" Pressure="0"/>
        <Point X="375" Y="355" T="0" Pressure="0"/>
        <Point X="377" Y="358" T="0" Pressure="0"/>
        <Point X="379" Y="360" T="0" Pressure="0"/>
        <Point X="380" Y="362" T="0" Pressure="0"/>
        <Point X="382" Y="363" T="0" Pressure="0"/>
        <Point X="383" Y="364" T="0" Pressure="0"/>
        <Point X="385" Y="365" T="0" Pressure="0"/>
        <Point X="387" Y="367" T="0" Pressure="0"/>
        <Point X="388" Y="367" T="0" Pressure="0"/>
        <Point X="389" Y="367" T="0" Pressure="0"/>
        <Point X="390" Y="367" T="0" Pressure="0"/>
        <Point X="391" Y="366" T="0" Pressure="0"/>
        <Point X="392" Y="364" T="0" Pressure="0"/>
        <Point X="393" Y="363" T="0" Pressure="0"/>
        <Point X="394" Y="362" T="0" Pressure="0"/>
        <Point X="395" Y="359" T="0" Pressure="0"/>
        <Point X="396" Y="357" T="0" Pressure="0"/>
        <Point X="397" Y="354" T="0" Pressure="0"/>
        <Point X="398" Y="351" T="0" Pressure="0"/>
        <Point X="399" Y="348" T="0" Pressure="0"/>
        <Point X="400" Y="344" T="0" Pressure="0"/>
        <Point X="401" Y="340" T="0" Pressure="0"/>
        <Point X="402" Y="336" T="0" Pressure="0"/>
        <Point X="404" Y="326" T="0" Pressure="0"/>
        <Point X="406" Y="315" T="0" Pressure="0"/>
        <Point X="408" Y="309" T="0" Pressure="0"/>
        <Point X="409" Y="303" T="0" Pressure="0"/>
        <Point X="409" Y="296" T="0" Pressure="0"/>
        <Point X="411" Y="289" T="0" Pressure="0"/>
        <Point X="413" Y="284" T="0" Pressure="0"/>
        <Point X="414" Y="278" T="0" Pressure="0"/>
        <Point X="416" Y="273" T="0" Pressure="0"/>
        <Point X="418" Y="268" T="0" Pressure="0"/>
        <Point X="420" Y="264" T="0" Pressure="0"/>
        <Point X="423" Y="259" T="0" Pressure="0"/>
        <Point X="424" Y="255" T="0" Pressure="0"/>
        <Point X="426" Y="252" T="0" Pressure="0"/>
        <Point X="428" Y="248" T="0" Pressure="0"/>
        <Point X="432" Y="242" T="0" Pressure="0"/>
        <Point X="434" Y="240" T="0" Pressure="0"/>
        <Point X="435" Y="238" T="0" Pressure="0"/>
        <Point X="438" Y="236" T="0" Pressure="0"/>
        <Point X="441" Y="232" T="0" Pressure="0"/>
        <Point X="443" Y="231" T="0" Pressure="0"/>
        <Point X="445" Y="229" T="0" Pressure="0"/>
        <Point X="447" Y="228" T="0" Pressure="0"/>
        <Point X="448" Y="228" T="0" Pressure="0"/>
        <Point X="449" Y="227" T="0" Pressure="0"/>
        <Point X="450" Y="227" T="0" Pressure="0"/>
        <Point X="449" Y="227" T="0" Pressure="0"/>
        <Point X="448" Y="227" T="0" Pressure="0"/>
        <Point X="447" Y="227" T="0" Pressure="0"/>
        <Point X="446" Y="227" T="0" Pressure="0"/>
        <Point X="444" Y="227" T="0" Pressure="0"/>
        <Point X="442" Y="227" T="0" Pressure="0"/>
        <Point X="440" Y="227" T="0" Pressure="0"/>
        <Point X="439" Y="227" T="0" Pressure="0"/>
        <Point X="436" Y="227" T="0" Pressure="0"/>
        <Point X="434" Y="226" T="0" Pressure="0"/>
        <Point X="431" Y="225" T="0" Pressure="0"/>
        <Point X="427" Y="224" T="0" Pressure="0"/>
        <Point X="419" Y="223" T="0" Pressure="0"/>
        <Point X="413" Y="222" T="0" Pressure="0"/>
        <Point X="408" Y="221" T="0" Pressure="0"/>
        <Point X="395" Y="219" T="0" Pressure="0"/>
        <Point X="390" Y="218" T="0" Pressure="0"/>
        <Point X="383" Y="218" T="0" Pressure="0"/>
        <Point X="376" Y="218" T="0" Pressure="0"/>
        <Point X="370" Y="218" T="0" Pressure="0"/>
        <Point X="363" Y="218" T="0" Pressure="0"/>
        <Point X="356" Y="218" T="0" Pressure="0"/>
        <Point X="349" Y="218" T="0" Pressure="0"/>
        <Point X="343" Y="219" T="0" Pressure="0"/>
        <Point X="338" Y="220" T="0" Pressure="0"/>
        <Point X="332" Y="221" T="0" Pressure="0"/>
        <Point X="327" Y="221" T="0" Pressure="0"/>
        <Point X="322" Y="221" T="0" Pressure="0"/>
        <Point X="319" Y="222" T="0" Pressure="0"/>
        <Point X="315" Y="222" T="0" Pressure="0"/>
        <Point X="311" Y="223" T="0" Pressure="0"/>
        <Point X="309" Y="224" T="0" Pressure="0"/>
        <Point X="307" Y="224" T="0" Pressure="0"/>
        <Point X="307" Y="226" T="0" Pressure="0"/>
        <Point X="307" Y="227" T="0" Pressure="0"/>
        <Point X="307" Y="228" T="0" Pressure="0"/>
        <Point X="307" Y="229" T="0" Pressure="0"/>
        <Point X="308" Y="230" T="0" Pressure="0"/>
        <Point X="310" Y="232" T="0" Pressure="0"/>
    </Stroke>
</Gesture>
