<?xml version="1.0" ?>
<Gesture Name="null~07" Subject="2" Number="7" NumPts="113" InputType="stylus" Speed="MEDIUM">
    <Stroke index="1">
        <Point X="386" Y="246" T="0" Pressure="0"/>
        <Point X="383" Y="246" T="0" Pressure="0"/>
        <Point X="381" Y="247" T="0" Pressure="0"/>
        <Point X="379" Y="248" T="0" Pressure="0"/>
        <Point X="378" Y="249" T="0" Pressure="0"/>
        <Point X="375" Y="252" T="0" Pressure="0"/>
        <Point X="374" Y="254" T="0" Pressure="0"/>
        <Point X="369" Y="261" T="0" Pressure="0"/>
        <Point X="368" Y="264" T="0" Pressure="0"/>
        <Point X="365" Y="268" T="0" Pressure="0"/>
        <Point X="364" Y="272" T="0" Pressure="0"/>
        <Point X="362" Y="277" T="0" Pressure="0"/>
        <Point X="360" Y="283" T="0" Pressure="0"/>
        <Point X="359" Y="287" T="0" Pressure="0"/>
        <Point X="358" Y="291" T="0" Pressure="0"/>
        <Point X="357" Y="296" T="0" Pressure="0"/>
        <Point X="357" Y="301" T="0" Pressure="0"/>
        <Point X="357" Y="304" T="0" Pressure="0"/>
        <Point X="359" Y="309" T="0" Pressure="0"/>
        <Point X="360" Y="312" T="0" Pressure="0"/>
        <Point X="361" Y="314" T="0" Pressure="0"/>
        <Point X="364" Y="316" T="0" Pressure="0"/>
        <Point X="366" Y="319" T="0" Pressure="0"/>
        <Point X="368" Y="321" T="0" Pressure="0"/>
        <Point X="371" Y="323" T="0" Pressure="0"/>
        <Point X="374" Y="325" T="0" Pressure="0"/>
        <Point X="377" Y="327" T="0" Pressure="0"/>
        <Point X="380" Y="328" T="0" Pressure="0"/>
        <Point X="383" Y="329" T="0" Pressure="0"/>
        <Point X="386" Y="330" T="0" Pressure="0"/>
        <Point X="391" Y="331" T="0" Pressure="0"/>
        <Point X="394" Y="331" T="0" Pressure="0"/>
        <Point X="398" Y="331" T="0" Pressure="0"/>
        <Point X="402" Y="331" T="0" Pressure="0"/>
        <Point X="407" Y="330" T="0" Pressure="0"/>
        <Point X="411" Y="329" T="0" Pressure="0"/>
        <Point X="416" Y="327" T="0" Pressure="0"/>
        <Point X="420" Y="326" T="0" Pressure="0"/>
        <Point X="424" Y="324" T="0" Pressure="0"/>
        <Point X="428" Y="322" T="0" Pressure="0"/>
        <Point X="432" Y="320" T="0" Pressure="0"/>
        <Point X="435" Y="317" T="0" Pressure="0"/>
        <Point X="439" Y="315" T="0" Pressure="0"/>
        <Point X="440" Y="313" T="0" Pressure="0"/>
        <Point X="443" Y="310" T="0" Pressure="0"/>
        <Point X="444" Y="307" T="0" Pressure="0"/>
        <Point X="446" Y="304" T="0" Pressure="0"/>
        <Point X="447" Y="301" T="0" Pressure="0"/>
        <Point X="447" Y="293" T="0" Pressure="0"/>
        <Point X="447" Y="289" T="0" Pressure="0"/>
        <Point X="447" Y="285" T="0" Pressure="0"/>
        <Point X="446" Y="281" T="0" Pressure="0"/>
        <Point X="444" Y="276" T="0" Pressure="0"/>
        <Point X="442" Y="270" T="0" Pressure="0"/>
        <Point X="439" Y="266" T="0" Pressure="0"/>
        <Point X="437" Y="262" T="0" Pressure="0"/>
        <Point X="434" Y="258" T="0" Pressure="0"/>
        <Point X="431" Y="254" T="0" Pressure="0"/>
        <Point X="427" Y="251" T="0" Pressure="0"/>
        <Point X="423" Y="248" T="0" Pressure="0"/>
        <Point X="420" Y="246" T="0" Pressure="0"/>
        <Point X="416" Y="245" T="0" Pressure="0"/>
        <Point X="412" Y="244" T="0" Pressure="0"/>
        <Point X="399" Y="244" T="0" Pressure="0"/>
        <Point X="395" Y="245" T="0" Pressure="0"/>
        <Point X="392" Y="246" T="0" Pressure="0"/>
        <Point X="389" Y="247" T="0" Pressure="0"/>
        <Point X="386" Y="248" T="0" Pressure="0"/>
        <Point X="383" Y="249" T="0" Pressure="0"/>
    </Stroke>
    <Stroke index="2">
        <Point X="471" Y="214" T="0" Pressure="0"/>
        <Point X="471" Y="213" T="0" Pressure="0"/>
        <Point X="470" Y="212" T="0" Pressure="0"/>
        <Point X="469" Y="212" T="0" Pressure="0"/>
        <Point X="468" Y="213" T="0" Pressure="0"/>
        <Point X="466" Y="214" T="0" Pressure="0"/>
        <Point X="465" Y="215" T="0" Pressure="0"/>
        <Point X="462" Y="217" T="0" Pressure="0"/>
        <Point X="459" Y="220" T="0" Pressure="0"/>
        <Point X="457" Y="222" T="0" Pressure="0"/>
        <Point X="453" Y="226" T="0" Pressure="0"/>
        <Point X="448" Y="229" T="0" Pressure="0"/>
        <Point X="443" Y="234" T="0" Pressure="0"/>
        <Point X="439" Y="238" T="0" Pressure="0"/>
        <Point X="432" Y="242" T="0" Pressure="0"/>
        <Point X="427" Y="247" T="0" Pressure="0"/>
        <Point X="420" Y="253" T="0" Pressure="0"/>
        <Point X="409" Y="264" T="0" Pressure="0"/>
        <Point X="402" Y="269" T="0" Pressure="0"/>
        <Point X="397" Y="274" T="0" Pressure="0"/>
        <Point X="390" Y="280" T="0" Pressure="0"/>
        <Point X="384" Y="286" T="0" Pressure="0"/>
        <Point X="372" Y="297" T="0" Pressure="0"/>
        <Point X="367" Y="303" T="0" Pressure="0"/>
        <Point X="361" Y="309" T="0" Pressure="0"/>
        <Point X="356" Y="313" T="0" Pressure="0"/>
        <Point X="352" Y="318" T="0" Pressure="0"/>
        <Point X="348" Y="323" T="0" Pressure="0"/>
        <Point X="344" Y="327" T="0" Pressure="0"/>
        <Point X="341" Y="332" T="0" Pressure="0"/>
        <Point X="338" Y="335" T="0" Pressure="0"/>
        <Point X="336" Y="338" T="0" Pressure="0"/>
        <Point X="334" Y="341" T="0" Pressure="0"/>
        <Point X="332" Y="344" T="0" Pressure="0"/>
        <Point X="331" Y="346" T="0" Pressure="0"/>
        <Point X="330" Y="348" T="0" Pressure="0"/>
        <Point X="329" Y="350" T="0" Pressure="0"/>
        <Point X="328" Y="352" T="0" Pressure="0"/>
        <Point X="327" Y="353" T="0" Pressure="0"/>
        <Point X="327" Y="354" T="0" Pressure="0"/>
        <Point X="326" Y="355" T="0" Pressure="0"/>
        <Point X="326" Y="356" T="0" Pressure="0"/>
        <Point X="327" Y="356" T="0" Pressure="0"/>
        <Point X="327" Y="357" T="0" Pressure="0"/>
    </Stroke>
</Gesture>
