<?xml version="1.0" ?>
<Gesture Name="pitchfork~06" Subject="2" Number="6" NumPts="115" InputType="stylus" Speed="MEDIUM">
    <Stroke index="1">
        <Point X="373" Y="214" T="0" Pressure="0"/>
        <Point X="371" Y="214" T="0" Pressure="0"/>
        <Point X="368" Y="215" T="0" Pressure="0"/>
        <Point X="368" Y="216" T="0" Pressure="0"/>
        <Point X="368" Y="218" T="0" Pressure="0"/>
        <Point X="367" Y="220" T="0" Pressure="0"/>
        <Point X="367" Y="222" T="0" Pressure="0"/>
        <Point X="367" Y="224" T="0" Pressure="0"/>
        <Point X="367" Y="228" T="0" Pressure="0"/>
        <Point X="367" Y="231" T="0" Pressure="0"/>
        <Point X="367" Y="234" T="0" Pressure="0"/>
        <Point X="367" Y="238" T="0" Pressure="0"/>
        <Point X="367" Y="241" T="0" Pressure="0"/>
        <Point X="367" Y="246" T="0" Pressure="0"/>
        <Point X="367" Y="252" T="0" Pressure="0"/>
        <Point X="368" Y="256" T="0" Pressure="0"/>
        <Point X="368" Y="262" T="0" Pressure="0"/>
        <Point X="370" Y="267" T="0" Pressure="0"/>
        <Point X="371" Y="273" T="0" Pressure="0"/>
        <Point X="373" Y="279" T="0" Pressure="0"/>
        <Point X="375" Y="286" T="0" Pressure="0"/>
        <Point X="377" Y="290" T="0" Pressure="0"/>
        <Point X="380" Y="295" T="0" Pressure="0"/>
        <Point X="386" Y="303" T="0" Pressure="0"/>
        <Point X="390" Y="307" T="0" Pressure="0"/>
        <Point X="393" Y="310" T="0" Pressure="0"/>
        <Point X="397" Y="313" T="0" Pressure="0"/>
        <Point X="399" Y="314" T="0" Pressure="0"/>
        <Point X="403" Y="315" T="0" Pressure="0"/>
        <Point X="406" Y="316" T="0" Pressure="0"/>
        <Point X="410" Y="317" T="0" Pressure="0"/>
        <Point X="414" Y="317" T="0" Pressure="0"/>
        <Point X="417" Y="317" T="0" Pressure="0"/>
        <Point X="421" Y="316" T="0" Pressure="0"/>
        <Point X="429" Y="313" T="0" Pressure="0"/>
        <Point X="434" Y="311" T="0" Pressure="0"/>
        <Point X="438" Y="308" T="0" Pressure="0"/>
        <Point X="442" Y="304" T="0" Pressure="0"/>
        <Point X="446" Y="301" T="0" Pressure="0"/>
        <Point X="450" Y="297" T="0" Pressure="0"/>
        <Point X="454" Y="293" T="0" Pressure="0"/>
        <Point X="458" Y="289" T="0" Pressure="0"/>
        <Point X="462" Y="284" T="0" Pressure="0"/>
        <Point X="465" Y="279" T="0" Pressure="0"/>
        <Point X="468" Y="273" T="0" Pressure="0"/>
        <Point X="472" Y="268" T="0" Pressure="0"/>
        <Point X="474" Y="262" T="0" Pressure="0"/>
        <Point X="477" Y="256" T="0" Pressure="0"/>
        <Point X="480" Y="249" T="0" Pressure="0"/>
        <Point X="483" Y="243" T="0" Pressure="0"/>
        <Point X="484" Y="238" T="0" Pressure="0"/>
        <Point X="485" Y="233" T="0" Pressure="0"/>
        <Point X="487" Y="227" T="0" Pressure="0"/>
        <Point X="487" Y="222" T="0" Pressure="0"/>
        <Point X="487" Y="217" T="0" Pressure="0"/>
        <Point X="487" Y="214" T="0" Pressure="0"/>
        <Point X="487" Y="211" T="0" Pressure="0"/>
        <Point X="485" Y="208" T="0" Pressure="0"/>
        <Point X="484" Y="205" T="0" Pressure="0"/>
        <Point X="483" Y="203" T="0" Pressure="0"/>
        <Point X="480" Y="201" T="0" Pressure="0"/>
        <Point X="480" Y="199" T="0" Pressure="0"/>
        <Point X="478" Y="198" T="0" Pressure="0"/>
        <Point X="477" Y="197" T="0" Pressure="0"/>
        <Point X="476" Y="197" T="0" Pressure="0"/>
        <Point X="474" Y="197" T="0" Pressure="0"/>
        <Point X="473" Y="197" T="0" Pressure="0"/>
        <Point X="472" Y="197" T="0" Pressure="0"/>
        <Point X="470" Y="197" T="0" Pressure="0"/>
        <Point X="469" Y="199" T="0" Pressure="0"/>
        <Point X="468" Y="201" T="0" Pressure="0"/>
        <Point X="465" Y="202" T="0" Pressure="0"/>
    </Stroke>
    <Stroke index="2">
        <Point X="428" Y="203" T="0" Pressure="0"/>
        <Point X="425" Y="203" T="0" Pressure="0"/>
        <Point X="424" Y="203" T="0" Pressure="0"/>
        <Point X="423" Y="203" T="0" Pressure="0"/>
        <Point X="422" Y="207" T="0" Pressure="0"/>
        <Point X="421" Y="210" T="0" Pressure="0"/>
        <Point X="420" Y="214" T="0" Pressure="0"/>
        <Point X="420" Y="217" T="0" Pressure="0"/>
        <Point X="420" Y="222" T="0" Pressure="0"/>
        <Point X="419" Y="228" T="0" Pressure="0"/>
        <Point X="419" Y="234" T="0" Pressure="0"/>
        <Point X="418" Y="241" T="0" Pressure="0"/>
        <Point X="417" Y="249" T="0" Pressure="0"/>
        <Point X="417" Y="256" T="0" Pressure="0"/>
        <Point X="416" Y="263" T="0" Pressure="0"/>
        <Point X="416" Y="271" T="0" Pressure="0"/>
        <Point X="416" Y="279" T="0" Pressure="0"/>
        <Point X="416" Y="289" T="0" Pressure="0"/>
        <Point X="415" Y="298" T="0" Pressure="0"/>
        <Point X="415" Y="308" T="0" Pressure="0"/>
        <Point X="415" Y="316" T="0" Pressure="0"/>
        <Point X="415" Y="326" T="0" Pressure="0"/>
        <Point X="415" Y="335" T="0" Pressure="0"/>
        <Point X="415" Y="343" T="0" Pressure="0"/>
        <Point X="415" Y="352" T="0" Pressure="0"/>
        <Point X="415" Y="358" T="0" Pressure="0"/>
        <Point X="415" Y="364" T="0" Pressure="0"/>
        <Point X="416" Y="370" T="0" Pressure="0"/>
        <Point X="416" Y="375" T="0" Pressure="0"/>
        <Point X="416" Y="380" T="0" Pressure="0"/>
        <Point X="417" Y="385" T="0" Pressure="0"/>
        <Point X="417" Y="388" T="0" Pressure="0"/>
        <Point X="417" Y="390" T="0" Pressure="0"/>
        <Point X="417" Y="393" T="0" Pressure="0"/>
        <Point X="417" Y="396" T="0" Pressure="0"/>
        <Point X="417" Y="397" T="0" Pressure="0"/>
        <Point X="417" Y="399" T="0" Pressure="0"/>
        <Point X="417" Y="401" T="0" Pressure="0"/>
        <Point X="417" Y="402" T="0" Pressure="0"/>
        <Point X="416" Y="402" T="0" Pressure="0"/>
        <Point X="415" Y="402" T="0" Pressure="0"/>
        <Point X="415" Y="401" T="0" Pressure="0"/>
        <Point X="415" Y="400" T="0" Pressure="0"/>
    </Stroke>
</Gesture>
