<?xml version="1.0" ?>
<Gesture Name="H~07" Subject="2" Number="7" NumPts="95" InputType="stylus" Speed="MEDIUM">
    <Stroke index="1">
        <Point X="338" Y="229" T="0" Pressure="0"/>
        <Point X="335" Y="228" T="0" Pressure="0"/>
        <Point X="334" Y="228" T="0" Pressure="0"/>
        <Point X="334" Y="229" T="0" Pressure="0"/>
        <Point X="334" Y="231" T="0" Pressure="0"/>
        <Point X="334" Y="234" T="0" Pressure="0"/>
        <Point X="334" Y="236" T="0" Pressure="0"/>
        <Point X="334" Y="239" T="0" Pressure="0"/>
        <Point X="334" Y="244" T="0" Pressure="0"/>
        <Point X="334" Y="249" T="0" Pressure="0"/>
        <Point X="334" Y="255" T="0" Pressure="0"/>
        <Point X="333" Y="262" T="0" Pressure="0"/>
        <Point X="333" Y="269" T="0" Pressure="0"/>
        <Point X="332" Y="277" T="0" Pressure="0"/>
        <Point X="331" Y="284" T="0" Pressure="0"/>
        <Point X="331" Y="292" T="0" Pressure="0"/>
        <Point X="330" Y="301" T="0" Pressure="0"/>
        <Point X="330" Y="316" T="0" Pressure="0"/>
        <Point X="330" Y="324" T="0" Pressure="0"/>
        <Point X="330" Y="331" T="0" Pressure="0"/>
        <Point X="330" Y="338" T="0" Pressure="0"/>
        <Point X="330" Y="343" T="0" Pressure="0"/>
        <Point X="330" Y="348" T="0" Pressure="0"/>
        <Point X="331" Y="353" T="0" Pressure="0"/>
        <Point X="331" Y="357" T="0" Pressure="0"/>
        <Point X="333" Y="360" T="0" Pressure="0"/>
        <Point X="334" Y="362" T="0" Pressure="0"/>
        <Point X="334" Y="364" T="0" Pressure="0"/>
        <Point X="335" Y="366" T="0" Pressure="0"/>
        <Point X="336" Y="368" T="0" Pressure="0"/>
        <Point X="337" Y="369" T="0" Pressure="0"/>
        <Point X="338" Y="371" T="0" Pressure="0"/>
    </Stroke>
    <Stroke index="2">
        <Point X="331" Y="324" T="0" Pressure="0"/>
        <Point X="330" Y="323" T="0" Pressure="0"/>
        <Point X="330" Y="321" T="0" Pressure="0"/>
        <Point X="330" Y="320" T="0" Pressure="0"/>
        <Point X="330" Y="318" T="0" Pressure="0"/>
        <Point X="331" Y="317" T="0" Pressure="0"/>
        <Point X="333" Y="316" T="0" Pressure="0"/>
        <Point X="335" Y="315" T="0" Pressure="0"/>
        <Point X="338" Y="314" T="0" Pressure="0"/>
        <Point X="341" Y="314" T="0" Pressure="0"/>
        <Point X="344" Y="313" T="0" Pressure="0"/>
        <Point X="348" Y="312" T="0" Pressure="0"/>
        <Point X="353" Y="311" T="0" Pressure="0"/>
        <Point X="358" Y="310" T="0" Pressure="0"/>
        <Point X="363" Y="309" T="0" Pressure="0"/>
        <Point X="367" Y="309" T="0" Pressure="0"/>
        <Point X="371" Y="308" T="0" Pressure="0"/>
        <Point X="376" Y="307" T="0" Pressure="0"/>
        <Point X="381" Y="306" T="0" Pressure="0"/>
        <Point X="386" Y="305" T="0" Pressure="0"/>
        <Point X="390" Y="304" T="0" Pressure="0"/>
        <Point X="395" Y="303" T="0" Pressure="0"/>
        <Point X="399" Y="303" T="0" Pressure="0"/>
        <Point X="403" Y="302" T="0" Pressure="0"/>
        <Point X="407" Y="302" T="0" Pressure="0"/>
        <Point X="411" Y="301" T="0" Pressure="0"/>
        <Point X="414" Y="300" T="0" Pressure="0"/>
        <Point X="417" Y="299" T="0" Pressure="0"/>
        <Point X="420" Y="299" T="0" Pressure="0"/>
    </Stroke>
    <Stroke index="3">
        <Point X="417" Y="239" T="0" Pressure="0"/>
        <Point X="416" Y="235" T="0" Pressure="0"/>
        <Point X="415" Y="234" T="0" Pressure="0"/>
        <Point X="415" Y="233" T="0" Pressure="0"/>
        <Point X="415" Y="232" T="0" Pressure="0"/>
        <Point X="416" Y="234" T="0" Pressure="0"/>
        <Point X="416" Y="235" T="0" Pressure="0"/>
        <Point X="416" Y="237" T="0" Pressure="0"/>
        <Point X="416" Y="239" T="0" Pressure="0"/>
        <Point X="417" Y="241" T="0" Pressure="0"/>
        <Point X="417" Y="245" T="0" Pressure="0"/>
        <Point X="417" Y="248" T="0" Pressure="0"/>
        <Point X="417" Y="256" T="0" Pressure="0"/>
        <Point X="417" Y="261" T="0" Pressure="0"/>
        <Point X="417" Y="272" T="0" Pressure="0"/>
        <Point X="416" Y="279" T="0" Pressure="0"/>
        <Point X="416" Y="287" T="0" Pressure="0"/>
        <Point X="416" Y="294" T="0" Pressure="0"/>
        <Point X="415" Y="301" T="0" Pressure="0"/>
        <Point X="415" Y="308" T="0" Pressure="0"/>
        <Point X="415" Y="315" T="0" Pressure="0"/>
        <Point X="415" Y="321" T="0" Pressure="0"/>
        <Point X="416" Y="326" T="0" Pressure="0"/>
        <Point X="416" Y="330" T="0" Pressure="0"/>
        <Point X="416" Y="334" T="0" Pressure="0"/>
        <Point X="417" Y="338" T="0" Pressure="0"/>
        <Point X="417" Y="340" T="0" Pressure="0"/>
        <Point X="418" Y="343" T="0" Pressure="0"/>
        <Point X="420" Y="347" T="0" Pressure="0"/>
        <Point X="420" Y="348" T="0" Pressure="0"/>
        <Point X="420" Y="350" T="0" Pressure="0"/>
        <Point X="420" Y="351" T="0" Pressure="0"/>
        <Point X="420" Y="352" T="0" Pressure="0"/>
        <Point X="420" Y="353" T="0" Pressure="0"/>
    </Stroke>
</Gesture>
