<?xml version="1.0" ?>
<Gesture Name="N~07" Subject="2" Number="7" NumPts="111" InputType="stylus" Speed="MEDIUM">
    <Stroke index="1">
        <Point X="358" Y="261" T="0" Pressure="0"/>
        <Point X="356" Y="259" T="0" Pressure="0"/>
        <Point X="356" Y="258" T="0" Pressure="0"/>
        <Point X="355" Y="258" T="0" Pressure="0"/>
        <Point X="355" Y="257" T="0" Pressure="0"/>
        <Point X="354" Y="258" T="0" Pressure="0"/>
        <Point X="354" Y="259" T="0" Pressure="0"/>
        <Point X="353" Y="261" T="0" Pressure="0"/>
        <Point X="353" Y="263" T="0" Pressure="0"/>
        <Point X="353" Y="265" T="0" Pressure="0"/>
        <Point X="353" Y="268" T="0" Pressure="0"/>
        <Point X="353" Y="272" T="0" Pressure="0"/>
        <Point X="353" Y="276" T="0" Pressure="0"/>
        <Point X="352" Y="280" T="0" Pressure="0"/>
        <Point X="352" Y="291" T="0" Pressure="0"/>
        <Point X="352" Y="297" T="0" Pressure="0"/>
        <Point X="352" Y="303" T="0" Pressure="0"/>
        <Point X="352" Y="309" T="0" Pressure="0"/>
        <Point X="352" Y="315" T="0" Pressure="0"/>
        <Point X="352" Y="320" T="0" Pressure="0"/>
        <Point X="352" Y="326" T="0" Pressure="0"/>
        <Point X="352" Y="330" T="0" Pressure="0"/>
        <Point X="352" Y="336" T="0" Pressure="0"/>
        <Point X="352" Y="339" T="0" Pressure="0"/>
        <Point X="352" Y="342" T="0" Pressure="0"/>
        <Point X="352" Y="346" T="0" Pressure="0"/>
        <Point X="352" Y="349" T="0" Pressure="0"/>
        <Point X="352" Y="352" T="0" Pressure="0"/>
        <Point X="352" Y="355" T="0" Pressure="0"/>
        <Point X="351" Y="359" T="0" Pressure="0"/>
        <Point X="350" Y="361" T="0" Pressure="0"/>
        <Point X="350" Y="363" T="0" Pressure="0"/>
        <Point X="349" Y="365" T="0" Pressure="0"/>
        <Point X="349" Y="366" T="0" Pressure="0"/>
        <Point X="349" Y="367" T="0" Pressure="0"/>
        <Point X="348" Y="366" T="0" Pressure="0"/>
        <Point X="348" Y="365" T="0" Pressure="0"/>
        <Point X="348" Y="364" T="0" Pressure="0"/>
    </Stroke>
    <Stroke index="2">
        <Point X="353" Y="272" T="0" Pressure="0"/>
        <Point X="352" Y="269" T="0" Pressure="0"/>
        <Point X="351" Y="268" T="0" Pressure="0"/>
        <Point X="351" Y="267" T="0" Pressure="0"/>
        <Point X="352" Y="266" T="0" Pressure="0"/>
        <Point X="353" Y="266" T="0" Pressure="0"/>
        <Point X="355" Y="266" T="0" Pressure="0"/>
        <Point X="356" Y="267" T="0" Pressure="0"/>
        <Point X="357" Y="268" T="0" Pressure="0"/>
        <Point X="359" Y="268" T="0" Pressure="0"/>
        <Point X="362" Y="271" T="0" Pressure="0"/>
        <Point X="366" Y="273" T="0" Pressure="0"/>
        <Point X="369" Y="275" T="0" Pressure="0"/>
        <Point X="375" Y="280" T="0" Pressure="0"/>
        <Point X="378" Y="283" T="0" Pressure="0"/>
        <Point X="382" Y="286" T="0" Pressure="0"/>
        <Point X="385" Y="289" T="0" Pressure="0"/>
        <Point X="393" Y="298" T="0" Pressure="0"/>
        <Point X="397" Y="302" T="0" Pressure="0"/>
        <Point X="400" Y="306" T="0" Pressure="0"/>
        <Point X="404" Y="311" T="0" Pressure="0"/>
        <Point X="407" Y="314" T="0" Pressure="0"/>
        <Point X="413" Y="322" T="0" Pressure="0"/>
        <Point X="417" Y="326" T="0" Pressure="0"/>
        <Point X="420" Y="330" T="0" Pressure="0"/>
        <Point X="422" Y="334" T="0" Pressure="0"/>
        <Point X="425" Y="337" T="0" Pressure="0"/>
        <Point X="431" Y="343" T="0" Pressure="0"/>
        <Point X="433" Y="346" T="0" Pressure="0"/>
        <Point X="435" Y="348" T="0" Pressure="0"/>
        <Point X="438" Y="351" T="0" Pressure="0"/>
        <Point X="440" Y="352" T="0" Pressure="0"/>
        <Point X="443" Y="355" T="0" Pressure="0"/>
        <Point X="445" Y="357" T="0" Pressure="0"/>
        <Point X="448" Y="359" T="0" Pressure="0"/>
        <Point X="450" Y="360" T="0" Pressure="0"/>
    </Stroke>
    <Stroke index="3">
        <Point X="444" Y="271" T="0" Pressure="0"/>
        <Point X="443" Y="268" T="0" Pressure="0"/>
        <Point X="442" Y="266" T="0" Pressure="0"/>
        <Point X="442" Y="265" T="0" Pressure="0"/>
        <Point X="442" Y="264" T="0" Pressure="0"/>
        <Point X="443" Y="264" T="0" Pressure="0"/>
        <Point X="443" Y="265" T="0" Pressure="0"/>
        <Point X="444" Y="266" T="0" Pressure="0"/>
        <Point X="444" Y="268" T="0" Pressure="0"/>
        <Point X="444" Y="270" T="0" Pressure="0"/>
        <Point X="445" Y="274" T="0" Pressure="0"/>
        <Point X="445" Y="278" T="0" Pressure="0"/>
        <Point X="446" Y="281" T="0" Pressure="0"/>
        <Point X="446" Y="287" T="0" Pressure="0"/>
        <Point X="446" Y="290" T="0" Pressure="0"/>
        <Point X="446" Y="294" T="0" Pressure="0"/>
        <Point X="445" Y="304" T="0" Pressure="0"/>
        <Point X="444" Y="309" T="0" Pressure="0"/>
        <Point X="444" Y="313" T="0" Pressure="0"/>
        <Point X="444" Y="318" T="0" Pressure="0"/>
        <Point X="443" Y="323" T="0" Pressure="0"/>
        <Point X="443" Y="328" T="0" Pressure="0"/>
        <Point X="443" Y="333" T="0" Pressure="0"/>
        <Point X="443" Y="340" T="0" Pressure="0"/>
        <Point X="443" Y="344" T="0" Pressure="0"/>
        <Point X="443" Y="347" T="0" Pressure="0"/>
        <Point X="443" Y="351" T="0" Pressure="0"/>
        <Point X="443" Y="354" T="0" Pressure="0"/>
        <Point X="443" Y="356" T="0" Pressure="0"/>
        <Point X="443" Y="359" T="0" Pressure="0"/>
        <Point X="443" Y="362" T="0" Pressure="0"/>
        <Point X="444" Y="363" T="0" Pressure="0"/>
        <Point X="444" Y="365" T="0" Pressure="0"/>
        <Point X="444" Y="366" T="0" Pressure="0"/>
        <Point X="445" Y="367" T="0" Pressure="0"/>
        <Point X="445" Y="368" T="0" Pressure="0"/>
        <Point X="446" Y="368" T="0" Pressure="0"/>
    </Stroke>
</Gesture>
