<?xml version="1.0" ?>
<Gesture Name="six_point_star~10" Subject="2" Number="10" NumPts="209" InputType="stylus" Speed="MEDIUM">
    <Stroke index="1">
        <Point X="344" Y="338" T="0" Pressure="0"/>
        <Point X="344" Y="337" T="0" Pressure="0"/>
        <Point X="343" Y="336" T="0" Pressure="0"/>
        <Point X="343" Y="335" T="0" Pressure="0"/>
        <Point X="343" Y="334" T="0" Pressure="0"/>
        <Point X="343" Y="332" T="0" Pressure="0"/>
        <Point X="343" Y="331" T="0" Pressure="0"/>
        <Point X="344" Y="328" T="0" Pressure="0"/>
        <Point X="344" Y="326" T="0" Pressure="0"/>
        <Point X="345" Y="323" T="0" Pressure="0"/>
        <Point X="345" Y="321" T="0" Pressure="0"/>
        <Point X="345" Y="317" T="0" Pressure="0"/>
        <Point X="346" Y="314" T="0" Pressure="0"/>
        <Point X="347" Y="311" T="0" Pressure="0"/>
        <Point X="348" Y="307" T="0" Pressure="0"/>
        <Point X="349" Y="303" T="0" Pressure="0"/>
        <Point X="350" Y="297" T="0" Pressure="0"/>
        <Point X="352" Y="292" T="0" Pressure="0"/>
        <Point X="353" Y="288" T="0" Pressure="0"/>
        <Point X="354" Y="283" T="0" Pressure="0"/>
        <Point X="356" Y="277" T="0" Pressure="0"/>
        <Point X="357" Y="271" T="0" Pressure="0"/>
        <Point X="363" Y="253" T="0" Pressure="0"/>
        <Point X="364" Y="247" T="0" Pressure="0"/>
        <Point X="367" Y="241" T="0" Pressure="0"/>
        <Point X="369" Y="236" T="0" Pressure="0"/>
        <Point X="372" Y="230" T="0" Pressure="0"/>
        <Point X="374" Y="226" T="0" Pressure="0"/>
        <Point X="376" Y="222" T="0" Pressure="0"/>
        <Point X="379" Y="219" T="0" Pressure="0"/>
        <Point X="380" Y="217" T="0" Pressure="0"/>
        <Point X="383" Y="215" T="0" Pressure="0"/>
        <Point X="384" Y="214" T="0" Pressure="0"/>
        <Point X="386" Y="213" T="0" Pressure="0"/>
        <Point X="388" Y="213" T="0" Pressure="0"/>
        <Point X="391" Y="213" T="0" Pressure="0"/>
        <Point X="393" Y="214" T="0" Pressure="0"/>
        <Point X="394" Y="215" T="0" Pressure="0"/>
        <Point X="395" Y="217" T="0" Pressure="0"/>
        <Point X="398" Y="219" T="0" Pressure="0"/>
        <Point X="399" Y="221" T="0" Pressure="0"/>
        <Point X="402" Y="224" T="0" Pressure="0"/>
        <Point X="404" Y="227" T="0" Pressure="0"/>
        <Point X="405" Y="229" T="0" Pressure="0"/>
        <Point X="408" Y="233" T="0" Pressure="0"/>
        <Point X="410" Y="237" T="0" Pressure="0"/>
        <Point X="413" Y="241" T="0" Pressure="0"/>
        <Point X="416" Y="246" T="0" Pressure="0"/>
        <Point X="418" Y="249" T="0" Pressure="0"/>
        <Point X="420" Y="253" T="0" Pressure="0"/>
        <Point X="424" Y="258" T="0" Pressure="0"/>
        <Point X="426" Y="262" T="0" Pressure="0"/>
        <Point X="429" Y="266" T="0" Pressure="0"/>
        <Point X="432" Y="271" T="0" Pressure="0"/>
        <Point X="435" Y="276" T="0" Pressure="0"/>
        <Point X="437" Y="280" T="0" Pressure="0"/>
        <Point X="439" Y="284" T="0" Pressure="0"/>
        <Point X="442" Y="289" T="0" Pressure="0"/>
        <Point X="443" Y="292" T="0" Pressure="0"/>
        <Point X="446" Y="296" T="0" Pressure="0"/>
        <Point X="447" Y="299" T="0" Pressure="0"/>
        <Point X="448" Y="303" T="0" Pressure="0"/>
        <Point X="450" Y="306" T="0" Pressure="0"/>
        <Point X="450" Y="308" T="0" Pressure="0"/>
        <Point X="451" Y="310" T="0" Pressure="0"/>
        <Point X="452" Y="313" T="0" Pressure="0"/>
        <Point X="453" Y="314" T="0" Pressure="0"/>
        <Point X="453" Y="315" T="0" Pressure="0"/>
        <Point X="453" Y="316" T="0" Pressure="0"/>
        <Point X="453" Y="317" T="0" Pressure="0"/>
        <Point X="453" Y="318" T="0" Pressure="0"/>
        <Point X="452" Y="319" T="0" Pressure="0"/>
        <Point X="451" Y="320" T="0" Pressure="0"/>
        <Point X="450" Y="321" T="0" Pressure="0"/>
        <Point X="447" Y="321" T="0" Pressure="0"/>
        <Point X="446" Y="322" T="0" Pressure="0"/>
        <Point X="443" Y="322" T="0" Pressure="0"/>
        <Point X="440" Y="323" T="0" Pressure="0"/>
        <Point X="438" Y="323" T="0" Pressure="0"/>
        <Point X="435" Y="323" T="0" Pressure="0"/>
        <Point X="431" Y="323" T="0" Pressure="0"/>
        <Point X="428" Y="323" T="0" Pressure="0"/>
        <Point X="424" Y="324" T="0" Pressure="0"/>
        <Point X="419" Y="324" T="0" Pressure="0"/>
        <Point X="414" Y="324" T="0" Pressure="0"/>
        <Point X="409" Y="325" T="0" Pressure="0"/>
        <Point X="404" Y="325" T="0" Pressure="0"/>
        <Point X="398" Y="326" T="0" Pressure="0"/>
        <Point X="393" Y="326" T="0" Pressure="0"/>
        <Point X="387" Y="327" T="0" Pressure="0"/>
        <Point X="382" Y="327" T="0" Pressure="0"/>
        <Point X="377" Y="327" T="0" Pressure="0"/>
        <Point X="372" Y="327" T="0" Pressure="0"/>
        <Point X="368" Y="328" T="0" Pressure="0"/>
        <Point X="363" Y="328" T="0" Pressure="0"/>
        <Point X="359" Y="328" T="0" Pressure="0"/>
        <Point X="356" Y="328" T="0" Pressure="0"/>
        <Point X="353" Y="328" T="0" Pressure="0"/>
        <Point X="352" Y="328" T="0" Pressure="0"/>
        <Point X="349" Y="328" T="0" Pressure="0"/>
        <Point X="348" Y="329" T="0" Pressure="0"/>
        <Point X="347" Y="329" T="0" Pressure="0"/>
        <Point X="346" Y="329" T="0" Pressure="0"/>
        <Point X="345" Y="329" T="0" Pressure="0"/>
    </Stroke>
    <Stroke index="2">
        <Point X="331" Y="264" T="0" Pressure="0"/>
        <Point X="330" Y="263" T="0" Pressure="0"/>
        <Point X="329" Y="258" T="0" Pressure="0"/>
        <Point X="329" Y="257" T="0" Pressure="0"/>
        <Point X="330" Y="257" T="0" Pressure="0"/>
        <Point X="331" Y="257" T="0" Pressure="0"/>
        <Point X="334" Y="258" T="0" Pressure="0"/>
        <Point X="335" Y="259" T="0" Pressure="0"/>
        <Point X="337" Y="261" T="0" Pressure="0"/>
        <Point X="338" Y="262" T="0" Pressure="0"/>
        <Point X="341" Y="264" T="0" Pressure="0"/>
        <Point X="343" Y="267" T="0" Pressure="0"/>
        <Point X="345" Y="271" T="0" Pressure="0"/>
        <Point X="348" Y="274" T="0" Pressure="0"/>
        <Point X="351" Y="278" T="0" Pressure="0"/>
        <Point X="353" Y="284" T="0" Pressure="0"/>
        <Point X="356" Y="289" T="0" Pressure="0"/>
        <Point X="360" Y="295" T="0" Pressure="0"/>
        <Point X="364" Y="302" T="0" Pressure="0"/>
        <Point X="366" Y="308" T="0" Pressure="0"/>
        <Point X="369" Y="314" T="0" Pressure="0"/>
        <Point X="372" Y="320" T="0" Pressure="0"/>
        <Point X="375" Y="326" T="0" Pressure="0"/>
        <Point X="378" Y="332" T="0" Pressure="0"/>
        <Point X="382" Y="338" T="0" Pressure="0"/>
        <Point X="384" Y="342" T="0" Pressure="0"/>
        <Point X="386" Y="346" T="0" Pressure="0"/>
        <Point X="389" Y="350" T="0" Pressure="0"/>
        <Point X="391" Y="354" T="0" Pressure="0"/>
        <Point X="393" Y="358" T="0" Pressure="0"/>
        <Point X="395" Y="361" T="0" Pressure="0"/>
        <Point X="398" Y="363" T="0" Pressure="0"/>
        <Point X="399" Y="365" T="0" Pressure="0"/>
        <Point X="401" Y="367" T="0" Pressure="0"/>
        <Point X="402" Y="368" T="0" Pressure="0"/>
        <Point X="404" Y="369" T="0" Pressure="0"/>
        <Point X="405" Y="371" T="0" Pressure="0"/>
        <Point X="406" Y="371" T="0" Pressure="0"/>
        <Point X="408" Y="371" T="0" Pressure="0"/>
        <Point X="409" Y="370" T="0" Pressure="0"/>
        <Point X="409" Y="369" T="0" Pressure="0"/>
        <Point X="410" Y="367" T="0" Pressure="0"/>
        <Point X="412" Y="365" T="0" Pressure="0"/>
        <Point X="413" Y="363" T="0" Pressure="0"/>
        <Point X="414" Y="360" T="0" Pressure="0"/>
        <Point X="416" Y="357" T="0" Pressure="0"/>
        <Point X="417" Y="352" T="0" Pressure="0"/>
        <Point X="419" Y="348" T="0" Pressure="0"/>
        <Point X="421" Y="344" T="0" Pressure="0"/>
        <Point X="423" Y="340" T="0" Pressure="0"/>
        <Point X="424" Y="336" T="0" Pressure="0"/>
        <Point X="427" Y="331" T="0" Pressure="0"/>
        <Point X="429" Y="324" T="0" Pressure="0"/>
        <Point X="431" Y="319" T="0" Pressure="0"/>
        <Point X="432" Y="313" T="0" Pressure="0"/>
        <Point X="435" Y="308" T="0" Pressure="0"/>
        <Point X="436" Y="302" T="0" Pressure="0"/>
        <Point X="438" Y="296" T="0" Pressure="0"/>
        <Point X="440" Y="289" T="0" Pressure="0"/>
        <Point X="442" Y="284" T="0" Pressure="0"/>
        <Point X="443" Y="279" T="0" Pressure="0"/>
        <Point X="446" Y="274" T="0" Pressure="0"/>
        <Point X="447" Y="269" T="0" Pressure="0"/>
        <Point X="450" Y="265" T="0" Pressure="0"/>
        <Point X="451" Y="261" T="0" Pressure="0"/>
        <Point X="453" Y="258" T="0" Pressure="0"/>
        <Point X="454" Y="255" T="0" Pressure="0"/>
        <Point X="454" Y="253" T="0" Pressure="0"/>
        <Point X="455" Y="251" T="0" Pressure="0"/>
        <Point X="456" Y="250" T="0" Pressure="0"/>
        <Point X="457" Y="249" T="0" Pressure="0"/>
        <Point X="457" Y="248" T="0" Pressure="0"/>
        <Point X="456" Y="248" T="0" Pressure="0"/>
        <Point X="455" Y="248" T="0" Pressure="0"/>
        <Point X="454" Y="248" T="0" Pressure="0"/>
        <Point X="452" Y="248" T="0" Pressure="0"/>
        <Point X="450" Y="248" T="0" Pressure="0"/>
        <Point X="447" Y="248" T="0" Pressure="0"/>
        <Point X="444" Y="248" T="0" Pressure="0"/>
        <Point X="442" Y="249" T="0" Pressure="0"/>
        <Point X="438" Y="249" T="0" Pressure="0"/>
        <Point X="434" Y="249" T="0" Pressure="0"/>
        <Point X="430" Y="249" T="0" Pressure="0"/>
        <Point X="425" Y="250" T="0" Pressure="0"/>
        <Point X="420" Y="251" T="0" Pressure="0"/>
        <Point X="415" Y="251" T="0" Pressure="0"/>
        <Point X="409" Y="252" T="0" Pressure="0"/>
        <Point X="403" Y="252" T="0" Pressure="0"/>
        <Point X="397" Y="253" T="0" Pressure="0"/>
        <Point X="390" Y="254" T="0" Pressure="0"/>
        <Point X="384" Y="254" T="0" Pressure="0"/>
        <Point X="378" Y="256" T="0" Pressure="0"/>
        <Point X="371" Y="257" T="0" Pressure="0"/>
        <Point X="365" Y="258" T="0" Pressure="0"/>
        <Point X="360" Y="259" T="0" Pressure="0"/>
        <Point X="355" Y="259" T="0" Pressure="0"/>
        <Point X="350" Y="261" T="0" Pressure="0"/>
        <Point X="346" Y="261" T="0" Pressure="0"/>
        <Point X="338" Y="262" T="0" Pressure="0"/>
        <Point X="336" Y="263" T="0" Pressure="0"/>
        <Point X="334" Y="263" T="0" Pressure="0"/>
        <Point X="331" Y="263" T="0" Pressure="0"/>
        <Point X="330" Y="263" T="0" Pressure="0"/>
        <Point X="329" Y="264" T="0" Pressure="0"/>
        <Point X="327" Y="264" T="0" Pressure="0"/>
    </Stroke>
</Gesture>
