<?xml version="1.0" ?>
<Gesture Name="asterisk~05" Subject="2" Number="5" NumPts="127" InputType="stylus" Speed="MEDIUM">
    <Stroke index="1">
        <Point X="404" Y="174" T="0" Pressure="0"/>
        <Point X="402" Y="175" T="0" Pressure="0"/>
        <Point X="402" Y="176" T="0" Pressure="0"/>
        <Point X="402" Y="177" T="0" Pressure="0"/>
        <Point X="402" Y="178" T="0" Pressure="0"/>
        <Point X="402" Y="179" T="0" Pressure="0"/>
        <Point X="402" Y="182" T="0" Pressure="0"/>
        <Point X="402" Y="185" T="0" Pressure="0"/>
        <Point X="402" Y="189" T="0" Pressure="0"/>
        <Point X="402" Y="192" T="0" Pressure="0"/>
        <Point X="402" Y="197" T="0" Pressure="0"/>
        <Point X="402" Y="203" T="0" Pressure="0"/>
        <Point X="402" Y="209" T="0" Pressure="0"/>
        <Point X="402" Y="216" T="0" Pressure="0"/>
        <Point X="402" Y="222" T="0" Pressure="0"/>
        <Point X="401" Y="229" T="0" Pressure="0"/>
        <Point X="401" Y="238" T="0" Pressure="0"/>
        <Point X="401" Y="246" T="0" Pressure="0"/>
        <Point X="400" Y="255" T="0" Pressure="0"/>
        <Point X="399" Y="265" T="0" Pressure="0"/>
        <Point X="399" Y="273" T="0" Pressure="0"/>
        <Point X="399" Y="283" T="0" Pressure="0"/>
        <Point X="398" Y="291" T="0" Pressure="0"/>
        <Point X="398" Y="300" T="0" Pressure="0"/>
        <Point X="398" Y="309" T="0" Pressure="0"/>
        <Point X="398" Y="316" T="0" Pressure="0"/>
        <Point X="398" Y="323" T="0" Pressure="0"/>
        <Point X="398" Y="329" T="0" Pressure="0"/>
        <Point X="398" Y="335" T="0" Pressure="0"/>
        <Point X="398" Y="339" T="0" Pressure="0"/>
        <Point X="398" Y="344" T="0" Pressure="0"/>
        <Point X="398" Y="347" T="0" Pressure="0"/>
        <Point X="398" Y="350" T="0" Pressure="0"/>
        <Point X="398" Y="352" T="0" Pressure="0"/>
        <Point X="398" Y="355" T="0" Pressure="0"/>
        <Point X="398" Y="357" T="0" Pressure="0"/>
        <Point X="398" Y="358" T="0" Pressure="0"/>
        <Point X="398" Y="360" T="0" Pressure="0"/>
        <Point X="398" Y="361" T="0" Pressure="0"/>
        <Point X="398" Y="362" T="0" Pressure="0"/>
        <Point X="397" Y="362" T="0" Pressure="0"/>
    </Stroke>
    <Stroke index="2">
        <Point X="331" Y="213" T="0" Pressure="0"/>
        <Point X="329" Y="212" T="0" Pressure="0"/>
        <Point X="328" Y="212" T="0" Pressure="0"/>
        <Point X="328" Y="211" T="0" Pressure="0"/>
        <Point X="329" Y="211" T="0" Pressure="0"/>
        <Point X="330" Y="211" T="0" Pressure="0"/>
        <Point X="331" Y="212" T="0" Pressure="0"/>
        <Point X="334" Y="213" T="0" Pressure="0"/>
        <Point X="335" Y="214" T="0" Pressure="0"/>
        <Point X="338" Y="215" T="0" Pressure="0"/>
        <Point X="340" Y="216" T="0" Pressure="0"/>
        <Point X="343" Y="218" T="0" Pressure="0"/>
        <Point X="346" Y="221" T="0" Pressure="0"/>
        <Point X="351" Y="224" T="0" Pressure="0"/>
        <Point X="356" Y="227" T="0" Pressure="0"/>
        <Point X="361" Y="231" T="0" Pressure="0"/>
        <Point X="367" Y="234" T="0" Pressure="0"/>
        <Point X="374" Y="238" T="0" Pressure="0"/>
        <Point X="380" Y="242" T="0" Pressure="0"/>
        <Point X="387" Y="247" T="0" Pressure="0"/>
        <Point X="393" Y="251" T="0" Pressure="0"/>
        <Point X="398" Y="256" T="0" Pressure="0"/>
        <Point X="404" Y="260" T="0" Pressure="0"/>
        <Point X="409" Y="264" T="0" Pressure="0"/>
        <Point X="414" Y="269" T="0" Pressure="0"/>
        <Point X="420" Y="274" T="0" Pressure="0"/>
        <Point X="424" Y="278" T="0" Pressure="0"/>
        <Point X="428" Y="281" T="0" Pressure="0"/>
        <Point X="432" Y="284" T="0" Pressure="0"/>
        <Point X="436" Y="288" T="0" Pressure="0"/>
        <Point X="440" Y="290" T="0" Pressure="0"/>
        <Point X="444" Y="293" T="0" Pressure="0"/>
        <Point X="447" Y="295" T="0" Pressure="0"/>
        <Point X="450" Y="297" T="0" Pressure="0"/>
        <Point X="454" Y="299" T="0" Pressure="0"/>
        <Point X="456" Y="301" T="0" Pressure="0"/>
        <Point X="458" Y="302" T="0" Pressure="0"/>
        <Point X="461" Y="303" T="0" Pressure="0"/>
        <Point X="462" Y="304" T="0" Pressure="0"/>
        <Point X="464" Y="305" T="0" Pressure="0"/>
        <Point X="465" Y="306" T="0" Pressure="0"/>
        <Point X="467" Y="307" T="0" Pressure="0"/>
        <Point X="468" Y="307" T="0" Pressure="0"/>
        <Point X="469" Y="308" T="0" Pressure="0"/>
        <Point X="468" Y="308" T="0" Pressure="0"/>
        <Point X="466" Y="307" T="0" Pressure="0"/>
    </Stroke>
    <Stroke index="3">
        <Point X="454" Y="216" T="0" Pressure="0"/>
        <Point X="453" Y="214" T="0" Pressure="0"/>
        <Point X="452" Y="213" T="0" Pressure="0"/>
        <Point X="451" Y="212" T="0" Pressure="0"/>
        <Point X="448" Y="212" T="0" Pressure="0"/>
        <Point X="447" Y="212" T="0" Pressure="0"/>
        <Point X="446" Y="213" T="0" Pressure="0"/>
        <Point X="444" Y="214" T="0" Pressure="0"/>
        <Point X="443" Y="216" T="0" Pressure="0"/>
        <Point X="440" Y="218" T="0" Pressure="0"/>
        <Point X="437" Y="221" T="0" Pressure="0"/>
        <Point X="434" Y="224" T="0" Pressure="0"/>
        <Point X="431" Y="227" T="0" Pressure="0"/>
        <Point X="427" Y="231" T="0" Pressure="0"/>
        <Point X="423" Y="235" T="0" Pressure="0"/>
        <Point X="418" Y="240" T="0" Pressure="0"/>
        <Point X="413" Y="246" T="0" Pressure="0"/>
        <Point X="390" Y="269" T="0" Pressure="0"/>
        <Point X="385" Y="276" T="0" Pressure="0"/>
        <Point X="379" Y="282" T="0" Pressure="0"/>
        <Point X="375" Y="287" T="0" Pressure="0"/>
        <Point X="371" Y="291" T="0" Pressure="0"/>
        <Point X="368" Y="295" T="0" Pressure="0"/>
        <Point X="364" Y="298" T="0" Pressure="0"/>
        <Point X="361" Y="302" T="0" Pressure="0"/>
        <Point X="357" Y="305" T="0" Pressure="0"/>
        <Point X="352" Y="310" T="0" Pressure="0"/>
        <Point X="349" Y="313" T="0" Pressure="0"/>
        <Point X="347" Y="314" T="0" Pressure="0"/>
        <Point X="345" Y="315" T="0" Pressure="0"/>
        <Point X="344" Y="317" T="0" Pressure="0"/>
        <Point X="342" Y="318" T="0" Pressure="0"/>
        <Point X="341" Y="319" T="0" Pressure="0"/>
        <Point X="341" Y="320" T="0" Pressure="0"/>
        <Point X="340" Y="321" T="0" Pressure="0"/>
        <Point X="339" Y="321" T="0" Pressure="0"/>
        <Point X="338" Y="321" T="0" Pressure="0"/>
        <Point X="338" Y="322" T="0" Pressure="0"/>
        <Point X="338" Y="323" T="0" Pressure="0"/>
        <Point X="338" Y="324" T="0" Pressure="0"/>
    </Stroke>
</Gesture>
