<?xml version="1.0" ?>
<Gesture Name="pitchfork~01" Subject="2" Number="1" NumPts="137" InputType="stylus" Speed="MEDIUM">
    <Stroke index="1">
        <Point X="334" Y="174" T="0" Pressure="0"/>
        <Point X="332" Y="174" T="0" Pressure="0"/>
        <Point X="331" Y="173" T="0" Pressure="0"/>
        <Point X="330" Y="173" T="0" Pressure="0"/>
        <Point X="329" Y="173" T="0" Pressure="0"/>
        <Point X="327" Y="173" T="0" Pressure="0"/>
        <Point X="326" Y="174" T="0" Pressure="0"/>
        <Point X="326" Y="176" T="0" Pressure="0"/>
        <Point X="325" Y="177" T="0" Pressure="0"/>
        <Point X="323" Y="178" T="0" Pressure="0"/>
        <Point X="323" Y="179" T="0" Pressure="0"/>
        <Point X="322" Y="182" T="0" Pressure="0"/>
        <Point X="322" Y="184" T="0" Pressure="0"/>
        <Point X="320" Y="186" T="0" Pressure="0"/>
        <Point X="320" Y="189" T="0" Pressure="0"/>
        <Point X="320" Y="192" T="0" Pressure="0"/>
        <Point X="319" Y="195" T="0" Pressure="0"/>
        <Point X="319" Y="199" T="0" Pressure="0"/>
        <Point X="319" Y="203" T="0" Pressure="0"/>
        <Point X="320" Y="207" T="0" Pressure="0"/>
        <Point X="320" Y="211" T="0" Pressure="0"/>
        <Point X="322" Y="216" T="0" Pressure="0"/>
        <Point X="323" Y="221" T="0" Pressure="0"/>
        <Point X="323" Y="227" T="0" Pressure="0"/>
        <Point X="325" Y="233" T="0" Pressure="0"/>
        <Point X="326" Y="239" T="0" Pressure="0"/>
        <Point X="329" Y="245" T="0" Pressure="0"/>
        <Point X="331" Y="251" T="0" Pressure="0"/>
        <Point X="333" Y="256" T="0" Pressure="0"/>
        <Point X="335" Y="261" T="0" Pressure="0"/>
        <Point X="338" Y="265" T="0" Pressure="0"/>
        <Point X="342" Y="269" T="0" Pressure="0"/>
        <Point X="345" Y="273" T="0" Pressure="0"/>
        <Point X="350" Y="276" T="0" Pressure="0"/>
        <Point X="354" Y="278" T="0" Pressure="0"/>
        <Point X="358" Y="280" T="0" Pressure="0"/>
        <Point X="363" Y="281" T="0" Pressure="0"/>
        <Point X="367" Y="283" T="0" Pressure="0"/>
        <Point X="371" Y="283" T="0" Pressure="0"/>
        <Point X="376" Y="283" T="0" Pressure="0"/>
        <Point X="381" Y="283" T="0" Pressure="0"/>
        <Point X="386" Y="282" T="0" Pressure="0"/>
        <Point X="391" Y="281" T="0" Pressure="0"/>
        <Point X="396" Y="279" T="0" Pressure="0"/>
        <Point X="402" Y="277" T="0" Pressure="0"/>
        <Point X="407" Y="274" T="0" Pressure="0"/>
        <Point X="412" Y="272" T="0" Pressure="0"/>
        <Point X="416" Y="269" T="0" Pressure="0"/>
        <Point X="421" Y="266" T="0" Pressure="0"/>
        <Point X="425" Y="264" T="0" Pressure="0"/>
        <Point X="430" Y="260" T="0" Pressure="0"/>
        <Point X="435" Y="256" T="0" Pressure="0"/>
        <Point X="439" Y="253" T="0" Pressure="0"/>
        <Point X="443" Y="248" T="0" Pressure="0"/>
        <Point X="447" Y="244" T="0" Pressure="0"/>
        <Point X="451" Y="240" T="0" Pressure="0"/>
        <Point X="455" Y="235" T="0" Pressure="0"/>
        <Point X="459" Y="229" T="0" Pressure="0"/>
        <Point X="462" Y="224" T="0" Pressure="0"/>
        <Point X="465" Y="219" T="0" Pressure="0"/>
        <Point X="469" Y="214" T="0" Pressure="0"/>
        <Point X="470" Y="209" T="0" Pressure="0"/>
        <Point X="473" Y="203" T="0" Pressure="0"/>
        <Point X="474" Y="197" T="0" Pressure="0"/>
        <Point X="474" Y="193" T="0" Pressure="0"/>
        <Point X="475" Y="188" T="0" Pressure="0"/>
        <Point X="475" Y="184" T="0" Pressure="0"/>
        <Point X="475" Y="179" T="0" Pressure="0"/>
        <Point X="474" Y="176" T="0" Pressure="0"/>
        <Point X="473" Y="172" T="0" Pressure="0"/>
        <Point X="472" Y="168" T="0" Pressure="0"/>
        <Point X="470" Y="165" T="0" Pressure="0"/>
        <Point X="468" Y="163" T="0" Pressure="0"/>
        <Point X="466" Y="161" T="0" Pressure="0"/>
        <Point X="465" Y="158" T="0" Pressure="0"/>
        <Point X="463" Y="156" T="0" Pressure="0"/>
        <Point X="462" Y="155" T="0" Pressure="0"/>
        <Point X="462" Y="153" T="0" Pressure="0"/>
        <Point X="461" Y="153" T="0" Pressure="0"/>
        <Point X="460" Y="153" T="0" Pressure="0"/>
        <Point X="459" Y="153" T="0" Pressure="0"/>
        <Point X="458" Y="153" T="0" Pressure="0"/>
        <Point X="457" Y="153" T="0" Pressure="0"/>
        <Point X="455" Y="154" T="0" Pressure="0"/>
        <Point X="454" Y="156" T="0" Pressure="0"/>
        <Point X="451" Y="158" T="0" Pressure="0"/>
        <Point X="450" Y="159" T="0" Pressure="0"/>
    </Stroke>
    <Stroke index="2">
        <Point X="403" Y="175" T="0" Pressure="0"/>
        <Point X="402" Y="175" T="0" Pressure="0"/>
        <Point X="400" Y="174" T="0" Pressure="0"/>
        <Point X="399" Y="176" T="0" Pressure="0"/>
        <Point X="399" Y="177" T="0" Pressure="0"/>
        <Point X="398" Y="178" T="0" Pressure="0"/>
        <Point X="398" Y="181" T="0" Pressure="0"/>
        <Point X="398" Y="183" T="0" Pressure="0"/>
        <Point X="397" Y="186" T="0" Pressure="0"/>
        <Point X="397" Y="190" T="0" Pressure="0"/>
        <Point X="396" Y="194" T="0" Pressure="0"/>
        <Point X="395" Y="199" T="0" Pressure="0"/>
        <Point X="394" Y="205" T="0" Pressure="0"/>
        <Point X="394" Y="212" T="0" Pressure="0"/>
        <Point X="393" Y="217" T="0" Pressure="0"/>
        <Point X="391" Y="224" T="0" Pressure="0"/>
        <Point X="390" Y="231" T="0" Pressure="0"/>
        <Point X="389" Y="239" T="0" Pressure="0"/>
        <Point X="388" Y="247" T="0" Pressure="0"/>
        <Point X="387" Y="257" T="0" Pressure="0"/>
        <Point X="386" Y="265" T="0" Pressure="0"/>
        <Point X="385" Y="273" T="0" Pressure="0"/>
        <Point X="384" Y="282" T="0" Pressure="0"/>
        <Point X="383" Y="290" T="0" Pressure="0"/>
        <Point X="383" Y="298" T="0" Pressure="0"/>
        <Point X="382" Y="307" T="0" Pressure="0"/>
        <Point X="382" Y="313" T="0" Pressure="0"/>
        <Point X="382" Y="319" T="0" Pressure="0"/>
        <Point X="381" Y="326" T="0" Pressure="0"/>
        <Point X="381" Y="331" T="0" Pressure="0"/>
        <Point X="381" Y="336" T="0" Pressure="0"/>
        <Point X="381" Y="341" T="0" Pressure="0"/>
        <Point X="381" Y="344" T="0" Pressure="0"/>
        <Point X="381" Y="347" T="0" Pressure="0"/>
        <Point X="381" Y="351" T="0" Pressure="0"/>
        <Point X="381" Y="353" T="0" Pressure="0"/>
        <Point X="381" Y="356" T="0" Pressure="0"/>
        <Point X="381" Y="358" T="0" Pressure="0"/>
        <Point X="381" Y="359" T="0" Pressure="0"/>
        <Point X="381" Y="360" T="0" Pressure="0"/>
        <Point X="380" Y="361" T="0" Pressure="0"/>
        <Point X="380" Y="362" T="0" Pressure="0"/>
        <Point X="380" Y="363" T="0" Pressure="0"/>
        <Point X="379" Y="364" T="0" Pressure="0"/>
        <Point X="379" Y="365" T="0" Pressure="0"/>
        <Point X="379" Y="366" T="0" Pressure="0"/>
        <Point X="379" Y="367" T="0" Pressure="0"/>
        <Point X="379" Y="368" T="0" Pressure="0"/>
        <Point X="379" Y="369" T="0" Pressure="0"/>
        <Point X="379" Y="371" T="0" Pressure="0"/>
    </Stroke>
</Gesture>
