<?xml version="1.0" ?>
<Gesture Name="N~01" Subject="2" Number="1" NumPts="114" InputType="stylus" Speed="MEDIUM">
    <Stroke index="1">
        <Point X="333" Y="243" T="0" Pressure="0"/>
        <Point X="331" Y="242" T="0" Pressure="0"/>
        <Point X="331" Y="241" T="0" Pressure="0"/>
        <Point X="330" Y="241" T="0" Pressure="0"/>
        <Point X="330" Y="240" T="0" Pressure="0"/>
        <Point X="330" Y="241" T="0" Pressure="0"/>
        <Point X="330" Y="242" T="0" Pressure="0"/>
        <Point X="330" Y="243" T="0" Pressure="0"/>
        <Point X="330" Y="247" T="0" Pressure="0"/>
        <Point X="330" Y="251" T="0" Pressure="0"/>
        <Point X="330" Y="253" T="0" Pressure="0"/>
        <Point X="330" Y="256" T="0" Pressure="0"/>
        <Point X="330" Y="260" T="0" Pressure="0"/>
        <Point X="330" Y="264" T="0" Pressure="0"/>
        <Point X="329" Y="269" T="0" Pressure="0"/>
        <Point X="329" Y="274" T="0" Pressure="0"/>
        <Point X="328" Y="279" T="0" Pressure="0"/>
        <Point X="327" Y="285" T="0" Pressure="0"/>
        <Point X="327" Y="290" T="0" Pressure="0"/>
        <Point X="327" Y="296" T="0" Pressure="0"/>
        <Point X="326" Y="302" T="0" Pressure="0"/>
        <Point X="326" Y="307" T="0" Pressure="0"/>
        <Point X="326" Y="312" T="0" Pressure="0"/>
        <Point X="326" Y="315" T="0" Pressure="0"/>
        <Point X="326" Y="319" T="0" Pressure="0"/>
        <Point X="325" Y="323" T="0" Pressure="0"/>
        <Point X="325" Y="327" T="0" Pressure="0"/>
        <Point X="325" Y="330" T="0" Pressure="0"/>
        <Point X="325" Y="332" T="0" Pressure="0"/>
        <Point X="325" Y="335" T="0" Pressure="0"/>
        <Point X="325" Y="337" T="0" Pressure="0"/>
        <Point X="326" Y="338" T="0" Pressure="0"/>
        <Point X="326" Y="339" T="0" Pressure="0"/>
        <Point X="326" Y="340" T="0" Pressure="0"/>
        <Point X="326" Y="341" T="0" Pressure="0"/>
        <Point X="326" Y="340" T="0" Pressure="0"/>
        <Point X="326" Y="339" T="0" Pressure="0"/>
        <Point X="326" Y="338" T="0" Pressure="0"/>
    </Stroke>
    <Stroke index="2">
        <Point X="333" Y="246" T="0" Pressure="0"/>
        <Point X="331" Y="244" T="0" Pressure="0"/>
        <Point X="331" Y="243" T="0" Pressure="0"/>
        <Point X="332" Y="244" T="0" Pressure="0"/>
        <Point X="333" Y="245" T="0" Pressure="0"/>
        <Point X="334" Y="246" T="0" Pressure="0"/>
        <Point X="335" Y="247" T="0" Pressure="0"/>
        <Point X="336" Y="248" T="0" Pressure="0"/>
        <Point X="338" Y="249" T="0" Pressure="0"/>
        <Point X="340" Y="251" T="0" Pressure="0"/>
        <Point X="341" Y="253" T="0" Pressure="0"/>
        <Point X="344" Y="255" T="0" Pressure="0"/>
        <Point X="346" Y="257" T="0" Pressure="0"/>
        <Point X="349" Y="259" T="0" Pressure="0"/>
        <Point X="353" Y="263" T="0" Pressure="0"/>
        <Point X="358" Y="266" T="0" Pressure="0"/>
        <Point X="363" Y="270" T="0" Pressure="0"/>
        <Point X="368" Y="273" T="0" Pressure="0"/>
        <Point X="372" Y="277" T="0" Pressure="0"/>
        <Point X="376" Y="281" T="0" Pressure="0"/>
        <Point X="381" Y="284" T="0" Pressure="0"/>
        <Point X="386" Y="288" T="0" Pressure="0"/>
        <Point X="390" Y="292" T="0" Pressure="0"/>
        <Point X="394" Y="295" T="0" Pressure="0"/>
        <Point X="397" Y="298" T="0" Pressure="0"/>
        <Point X="401" Y="301" T="0" Pressure="0"/>
        <Point X="404" Y="304" T="0" Pressure="0"/>
        <Point X="406" Y="308" T="0" Pressure="0"/>
        <Point X="409" Y="311" T="0" Pressure="0"/>
        <Point X="412" Y="313" T="0" Pressure="0"/>
        <Point X="414" Y="316" T="0" Pressure="0"/>
        <Point X="417" Y="321" T="0" Pressure="0"/>
        <Point X="420" Y="323" T="0" Pressure="0"/>
        <Point X="421" Y="326" T="0" Pressure="0"/>
        <Point X="422" Y="327" T="0" Pressure="0"/>
        <Point X="424" Y="328" T="0" Pressure="0"/>
        <Point X="424" Y="329" T="0" Pressure="0"/>
        <Point X="425" Y="330" T="0" Pressure="0"/>
        <Point X="427" Y="331" T="0" Pressure="0"/>
        <Point X="428" Y="331" T="0" Pressure="0"/>
        <Point X="428" Y="330" T="0" Pressure="0"/>
        <Point X="428" Y="329" T="0" Pressure="0"/>
    </Stroke>
    <Stroke index="3">
        <Point X="412" Y="240" T="0" Pressure="0"/>
        <Point X="411" Y="239" T="0" Pressure="0"/>
        <Point X="410" Y="238" T="0" Pressure="0"/>
        <Point X="410" Y="236" T="0" Pressure="0"/>
        <Point X="410" Y="237" T="0" Pressure="0"/>
        <Point X="410" Y="239" T="0" Pressure="0"/>
        <Point X="410" Y="240" T="0" Pressure="0"/>
        <Point X="410" Y="242" T="0" Pressure="0"/>
        <Point X="410" Y="249" T="0" Pressure="0"/>
        <Point X="410" Y="253" T="0" Pressure="0"/>
        <Point X="411" Y="256" T="0" Pressure="0"/>
        <Point X="411" Y="259" T="0" Pressure="0"/>
        <Point X="412" Y="271" T="0" Pressure="0"/>
        <Point X="413" Y="279" T="0" Pressure="0"/>
        <Point X="413" Y="284" T="0" Pressure="0"/>
        <Point X="414" Y="289" T="0" Pressure="0"/>
        <Point X="414" Y="292" T="0" Pressure="0"/>
        <Point X="414" Y="296" T="0" Pressure="0"/>
        <Point X="415" Y="300" T="0" Pressure="0"/>
        <Point X="416" Y="307" T="0" Pressure="0"/>
        <Point X="416" Y="311" T="0" Pressure="0"/>
        <Point X="417" Y="313" T="0" Pressure="0"/>
        <Point X="417" Y="319" T="0" Pressure="0"/>
        <Point X="417" Y="321" T="0" Pressure="0"/>
        <Point X="417" Y="324" T="0" Pressure="0"/>
        <Point X="417" Y="327" T="0" Pressure="0"/>
        <Point X="417" Y="328" T="0" Pressure="0"/>
        <Point X="417" Y="330" T="0" Pressure="0"/>
        <Point X="417" Y="332" T="0" Pressure="0"/>
        <Point X="417" Y="333" T="0" Pressure="0"/>
        <Point X="418" Y="335" T="0" Pressure="0"/>
        <Point X="418" Y="336" T="0" Pressure="0"/>
        <Point X="419" Y="337" T="0" Pressure="0"/>
        <Point X="419" Y="338" T="0" Pressure="0"/>
    </Stroke>
</Gesture>
