<?xml version="1.0" ?>
<Gesture Name="half_note~09" Subject="2" Number="9" NumPts="119" InputType="stylus" Speed="MEDIUM">
    <Stroke index="1">
        <Point X="439" Y="239" T="0" Pressure="0"/>
        <Point X="436" Y="234" T="0" Pressure="0"/>
        <Point X="436" Y="233" T="0" Pressure="0"/>
        <Point X="436" Y="234" T="0" Pressure="0"/>
        <Point X="438" Y="238" T="0" Pressure="0"/>
        <Point X="438" Y="239" T="0" Pressure="0"/>
        <Point X="439" Y="243" T="0" Pressure="0"/>
        <Point X="439" Y="246" T="0" Pressure="0"/>
        <Point X="439" Y="248" T="0" Pressure="0"/>
        <Point X="440" Y="250" T="0" Pressure="0"/>
        <Point X="440" Y="253" T="0" Pressure="0"/>
        <Point X="441" Y="256" T="0" Pressure="0"/>
        <Point X="442" Y="259" T="0" Pressure="0"/>
        <Point X="443" Y="268" T="0" Pressure="0"/>
        <Point X="443" Y="272" T="0" Pressure="0"/>
        <Point X="444" Y="277" T="0" Pressure="0"/>
        <Point X="445" Y="281" T="0" Pressure="0"/>
        <Point X="446" Y="286" T="0" Pressure="0"/>
        <Point X="446" Y="290" T="0" Pressure="0"/>
        <Point X="447" Y="300" T="0" Pressure="0"/>
        <Point X="447" Y="305" T="0" Pressure="0"/>
        <Point X="447" Y="310" T="0" Pressure="0"/>
        <Point X="447" Y="320" T="0" Pressure="0"/>
        <Point X="446" Y="326" T="0" Pressure="0"/>
        <Point X="446" Y="331" T="0" Pressure="0"/>
        <Point X="446" Y="339" T="0" Pressure="0"/>
        <Point X="446" Y="343" T="0" Pressure="0"/>
        <Point X="447" Y="347" T="0" Pressure="0"/>
        <Point X="447" Y="351" T="0" Pressure="0"/>
        <Point X="447" Y="352" T="0" Pressure="0"/>
        <Point X="447" Y="355" T="0" Pressure="0"/>
        <Point X="448" Y="357" T="0" Pressure="0"/>
        <Point X="448" Y="358" T="0" Pressure="0"/>
        <Point X="449" Y="360" T="0" Pressure="0"/>
        <Point X="449" Y="361" T="0" Pressure="0"/>
        <Point X="450" Y="362" T="0" Pressure="0"/>
        <Point X="450" Y="363" T="0" Pressure="0"/>
        <Point X="450" Y="364" T="0" Pressure="0"/>
        <Point X="450" Y="365" T="0" Pressure="0"/>
        <Point X="450" Y="366" T="0" Pressure="0"/>
    </Stroke>
    <Stroke index="2">
        <Point X="440" Y="368" T="0" Pressure="0"/>
        <Point X="438" Y="365" T="0" Pressure="0"/>
        <Point X="438" Y="364" T="0" Pressure="0"/>
        <Point X="437" Y="363" T="0" Pressure="0"/>
        <Point X="436" Y="363" T="0" Pressure="0"/>
        <Point X="436" Y="362" T="0" Pressure="0"/>
        <Point X="435" Y="362" T="0" Pressure="0"/>
        <Point X="435" Y="361" T="0" Pressure="0"/>
        <Point X="435" Y="360" T="0" Pressure="0"/>
        <Point X="434" Y="359" T="0" Pressure="0"/>
        <Point X="433" Y="358" T="0" Pressure="0"/>
        <Point X="431" Y="356" T="0" Pressure="0"/>
        <Point X="430" Y="355" T="0" Pressure="0"/>
        <Point X="428" Y="353" T="0" Pressure="0"/>
        <Point X="428" Y="352" T="0" Pressure="0"/>
        <Point X="426" Y="351" T="0" Pressure="0"/>
        <Point X="424" Y="349" T="0" Pressure="0"/>
        <Point X="423" Y="348" T="0" Pressure="0"/>
        <Point X="421" Y="347" T="0" Pressure="0"/>
        <Point X="419" Y="346" T="0" Pressure="0"/>
        <Point X="417" Y="345" T="0" Pressure="0"/>
        <Point X="414" Y="344" T="0" Pressure="0"/>
        <Point X="409" Y="343" T="0" Pressure="0"/>
        <Point X="406" Y="343" T="0" Pressure="0"/>
        <Point X="403" Y="343" T="0" Pressure="0"/>
        <Point X="397" Y="344" T="0" Pressure="0"/>
        <Point X="394" Y="344" T="0" Pressure="0"/>
        <Point X="391" Y="346" T="0" Pressure="0"/>
        <Point X="389" Y="346" T="0" Pressure="0"/>
        <Point X="385" Y="347" T="0" Pressure="0"/>
        <Point X="383" Y="349" T="0" Pressure="0"/>
        <Point X="378" Y="352" T="0" Pressure="0"/>
        <Point X="375" Y="354" T="0" Pressure="0"/>
        <Point X="374" Y="356" T="0" Pressure="0"/>
        <Point X="371" Y="358" T="0" Pressure="0"/>
        <Point X="370" Y="360" T="0" Pressure="0"/>
        <Point X="368" Y="362" T="0" Pressure="0"/>
        <Point X="368" Y="364" T="0" Pressure="0"/>
        <Point X="367" Y="367" T="0" Pressure="0"/>
        <Point X="366" Y="369" T="0" Pressure="0"/>
        <Point X="365" Y="372" T="0" Pressure="0"/>
        <Point X="365" Y="375" T="0" Pressure="0"/>
        <Point X="365" Y="377" T="0" Pressure="0"/>
        <Point X="365" Y="380" T="0" Pressure="0"/>
        <Point X="366" Y="382" T="0" Pressure="0"/>
        <Point X="367" Y="384" T="0" Pressure="0"/>
        <Point X="368" Y="387" T="0" Pressure="0"/>
        <Point X="371" Y="390" T="0" Pressure="0"/>
        <Point X="372" Y="392" T="0" Pressure="0"/>
        <Point X="375" Y="394" T="0" Pressure="0"/>
        <Point X="376" Y="396" T="0" Pressure="0"/>
        <Point X="379" Y="398" T="0" Pressure="0"/>
        <Point X="380" Y="401" T="0" Pressure="0"/>
        <Point X="383" Y="402" T="0" Pressure="0"/>
        <Point X="384" Y="403" T="0" Pressure="0"/>
        <Point X="387" Y="405" T="0" Pressure="0"/>
        <Point X="389" Y="406" T="0" Pressure="0"/>
        <Point X="392" Y="407" T="0" Pressure="0"/>
        <Point X="394" Y="407" T="0" Pressure="0"/>
        <Point X="397" Y="407" T="0" Pressure="0"/>
        <Point X="402" Y="407" T="0" Pressure="0"/>
        <Point X="405" Y="407" T="0" Pressure="0"/>
        <Point X="409" Y="406" T="0" Pressure="0"/>
        <Point X="412" Y="404" T="0" Pressure="0"/>
        <Point X="414" Y="402" T="0" Pressure="0"/>
        <Point X="421" Y="398" T="0" Pressure="0"/>
        <Point X="424" Y="396" T="0" Pressure="0"/>
        <Point X="428" Y="394" T="0" Pressure="0"/>
        <Point X="431" Y="392" T="0" Pressure="0"/>
        <Point X="433" Y="390" T="0" Pressure="0"/>
        <Point X="436" Y="388" T="0" Pressure="0"/>
        <Point X="439" Y="386" T="0" Pressure="0"/>
        <Point X="441" Y="383" T="0" Pressure="0"/>
        <Point X="443" Y="381" T="0" Pressure="0"/>
        <Point X="446" Y="378" T="0" Pressure="0"/>
        <Point X="447" Y="377" T="0" Pressure="0"/>
        <Point X="450" Y="373" T="0" Pressure="0"/>
        <Point X="451" Y="372" T="0" Pressure="0"/>
        <Point X="451" Y="371" T="0" Pressure="0"/>
    </Stroke>
</Gesture>
