<?xml version="1.0" ?>
<Gesture Name="D~06" Subject="2" Number="6" NumPts="80" InputType="stylus" Speed="MEDIUM">
    <Stroke index="1">
        <Point X="394" Y="299" T="0" Pressure="0"/>
        <Point X="394" Y="296" T="0" Pressure="0"/>
        <Point X="394" Y="295" T="0" Pressure="0"/>
        <Point X="394" Y="296" T="0" Pressure="0"/>
        <Point X="394" Y="297" T="0" Pressure="0"/>
        <Point X="394" Y="299" T="0" Pressure="0"/>
        <Point X="394" Y="301" T="0" Pressure="0"/>
        <Point X="395" Y="303" T="0" Pressure="0"/>
        <Point X="395" Y="305" T="0" Pressure="0"/>
        <Point X="395" Y="308" T="0" Pressure="0"/>
        <Point X="395" Y="311" T="0" Pressure="0"/>
        <Point X="396" Y="314" T="0" Pressure="0"/>
        <Point X="396" Y="317" T="0" Pressure="0"/>
        <Point X="396" Y="321" T="0" Pressure="0"/>
        <Point X="396" Y="331" T="0" Pressure="0"/>
        <Point X="396" Y="344" T="0" Pressure="0"/>
        <Point X="396" Y="349" T="0" Pressure="0"/>
        <Point X="396" Y="353" T="0" Pressure="0"/>
        <Point X="396" Y="361" T="0" Pressure="0"/>
        <Point X="396" Y="363" T="0" Pressure="0"/>
        <Point X="396" Y="365" T="0" Pressure="0"/>
        <Point X="396" Y="370" T="0" Pressure="0"/>
        <Point X="396" Y="372" T="0" Pressure="0"/>
        <Point X="396" Y="373" T="0" Pressure="0"/>
        <Point X="396" Y="375" T="0" Pressure="0"/>
        <Point X="397" Y="377" T="0" Pressure="0"/>
        <Point X="397" Y="378" T="0" Pressure="0"/>
        <Point X="397" Y="379" T="0" Pressure="0"/>
        <Point X="397" Y="380" T="0" Pressure="0"/>
    </Stroke>
    <Stroke index="2">
        <Point X="383" Y="294" T="0" Pressure="0"/>
        <Point X="382" Y="292" T="0" Pressure="0"/>
        <Point X="382" Y="291" T="0" Pressure="0"/>
        <Point X="382" Y="290" T="0" Pressure="0"/>
        <Point X="383" Y="289" T="0" Pressure="0"/>
        <Point X="386" Y="288" T="0" Pressure="0"/>
        <Point X="387" Y="288" T="0" Pressure="0"/>
        <Point X="390" Y="288" T="0" Pressure="0"/>
        <Point X="392" Y="287" T="0" Pressure="0"/>
        <Point X="394" Y="287" T="0" Pressure="0"/>
        <Point X="398" Y="287" T="0" Pressure="0"/>
        <Point X="401" Y="288" T="0" Pressure="0"/>
        <Point X="409" Y="289" T="0" Pressure="0"/>
        <Point X="413" Y="289" T="0" Pressure="0"/>
        <Point X="416" Y="290" T="0" Pressure="0"/>
        <Point X="420" Y="291" T="0" Pressure="0"/>
        <Point X="423" Y="293" T="0" Pressure="0"/>
        <Point X="427" Y="295" T="0" Pressure="0"/>
        <Point X="436" Y="306" T="0" Pressure="0"/>
        <Point X="438" Y="310" T="0" Pressure="0"/>
        <Point X="439" Y="313" T="0" Pressure="0"/>
        <Point X="440" Y="317" T="0" Pressure="0"/>
        <Point X="442" Y="321" T="0" Pressure="0"/>
        <Point X="442" Y="328" T="0" Pressure="0"/>
        <Point X="442" Y="332" T="0" Pressure="0"/>
        <Point X="442" Y="337" T="0" Pressure="0"/>
        <Point X="440" Y="339" T="0" Pressure="0"/>
        <Point X="439" Y="343" T="0" Pressure="0"/>
        <Point X="438" Y="346" T="0" Pressure="0"/>
        <Point X="435" Y="349" T="0" Pressure="0"/>
        <Point X="434" Y="353" T="0" Pressure="0"/>
        <Point X="431" Y="357" T="0" Pressure="0"/>
        <Point X="428" Y="360" T="0" Pressure="0"/>
        <Point X="426" Y="362" T="0" Pressure="0"/>
        <Point X="424" Y="364" T="0" Pressure="0"/>
        <Point X="420" Y="366" T="0" Pressure="0"/>
        <Point X="417" Y="367" T="0" Pressure="0"/>
        <Point X="414" Y="369" T="0" Pressure="0"/>
        <Point X="408" Y="371" T="0" Pressure="0"/>
        <Point X="405" Y="372" T="0" Pressure="0"/>
        <Point X="402" Y="372" T="0" Pressure="0"/>
        <Point X="395" Y="372" T="0" Pressure="0"/>
        <Point X="393" Y="372" T="0" Pressure="0"/>
        <Point X="390" Y="372" T="0" Pressure="0"/>
        <Point X="388" Y="372" T="0" Pressure="0"/>
        <Point X="386" Y="372" T="0" Pressure="0"/>
        <Point X="384" Y="372" T="0" Pressure="0"/>
        <Point X="382" Y="371" T="0" Pressure="0"/>
        <Point X="381" Y="371" T="0" Pressure="0"/>
        <Point X="380" Y="371" T="0" Pressure="0"/>
        <Point X="381" Y="371" T="0" Pressure="0"/>
    </Stroke>
</Gesture>
