<?xml version="1.0" ?>
<Gesture Name="six_point_star~04" Subject="2" Number="4" NumPts="217" InputType="stylus" Speed="MEDIUM">
    <Stroke index="1">
        <Point X="334" Y="321" T="0" Pressure="0"/>
        <Point X="334" Y="319" T="0" Pressure="0"/>
        <Point X="334" Y="315" T="0" Pressure="0"/>
        <Point X="334" Y="313" T="0" Pressure="0"/>
        <Point X="334" Y="310" T="0" Pressure="0"/>
        <Point X="335" Y="307" T="0" Pressure="0"/>
        <Point X="338" Y="298" T="0" Pressure="0"/>
        <Point X="340" Y="294" T="0" Pressure="0"/>
        <Point X="342" Y="290" T="0" Pressure="0"/>
        <Point X="344" Y="286" T="0" Pressure="0"/>
        <Point X="346" Y="281" T="0" Pressure="0"/>
        <Point X="352" Y="270" T="0" Pressure="0"/>
        <Point X="355" Y="265" T="0" Pressure="0"/>
        <Point X="357" Y="259" T="0" Pressure="0"/>
        <Point X="360" Y="254" T="0" Pressure="0"/>
        <Point X="361" Y="248" T="0" Pressure="0"/>
        <Point X="364" Y="242" T="0" Pressure="0"/>
        <Point X="366" Y="237" T="0" Pressure="0"/>
        <Point X="368" Y="232" T="0" Pressure="0"/>
        <Point X="369" Y="227" T="0" Pressure="0"/>
        <Point X="371" Y="222" T="0" Pressure="0"/>
        <Point X="373" Y="218" T="0" Pressure="0"/>
        <Point X="375" Y="214" T="0" Pressure="0"/>
        <Point X="375" Y="212" T="0" Pressure="0"/>
        <Point X="376" Y="209" T="0" Pressure="0"/>
        <Point X="379" Y="206" T="0" Pressure="0"/>
        <Point X="379" Y="205" T="0" Pressure="0"/>
        <Point X="380" Y="204" T="0" Pressure="0"/>
        <Point X="382" Y="203" T="0" Pressure="0"/>
        <Point X="383" Y="203" T="0" Pressure="0"/>
        <Point X="383" Y="202" T="0" Pressure="0"/>
        <Point X="384" Y="202" T="0" Pressure="0"/>
        <Point X="386" Y="202" T="0" Pressure="0"/>
        <Point X="388" Y="202" T="0" Pressure="0"/>
        <Point X="390" Y="202" T="0" Pressure="0"/>
        <Point X="391" Y="203" T="0" Pressure="0"/>
        <Point X="393" Y="203" T="0" Pressure="0"/>
        <Point X="395" Y="205" T="0" Pressure="0"/>
        <Point X="398" Y="207" T="0" Pressure="0"/>
        <Point X="399" Y="208" T="0" Pressure="0"/>
        <Point X="402" Y="209" T="0" Pressure="0"/>
        <Point X="404" Y="212" T="0" Pressure="0"/>
        <Point X="406" Y="214" T="0" Pressure="0"/>
        <Point X="409" Y="216" T="0" Pressure="0"/>
        <Point X="412" Y="219" T="0" Pressure="0"/>
        <Point X="414" Y="221" T="0" Pressure="0"/>
        <Point X="417" Y="224" T="0" Pressure="0"/>
        <Point X="420" Y="228" T="0" Pressure="0"/>
        <Point X="422" Y="231" T="0" Pressure="0"/>
        <Point X="424" Y="234" T="0" Pressure="0"/>
        <Point X="427" Y="238" T="0" Pressure="0"/>
        <Point X="429" Y="241" T="0" Pressure="0"/>
        <Point X="433" Y="249" T="0" Pressure="0"/>
        <Point X="435" Y="253" T="0" Pressure="0"/>
        <Point X="436" Y="258" T="0" Pressure="0"/>
        <Point X="438" Y="263" T="0" Pressure="0"/>
        <Point X="439" Y="267" T="0" Pressure="0"/>
        <Point X="440" Y="271" T="0" Pressure="0"/>
        <Point X="442" Y="275" T="0" Pressure="0"/>
        <Point X="443" Y="278" T="0" Pressure="0"/>
        <Point X="444" Y="282" T="0" Pressure="0"/>
        <Point X="445" Y="286" T="0" Pressure="0"/>
        <Point X="446" Y="288" T="0" Pressure="0"/>
        <Point X="447" Y="290" T="0" Pressure="0"/>
        <Point X="447" Y="292" T="0" Pressure="0"/>
        <Point X="447" Y="294" T="0" Pressure="0"/>
        <Point X="447" Y="296" T="0" Pressure="0"/>
        <Point X="447" Y="298" T="0" Pressure="0"/>
        <Point X="447" Y="299" T="0" Pressure="0"/>
        <Point X="447" Y="301" T="0" Pressure="0"/>
        <Point X="446" Y="302" T="0" Pressure="0"/>
        <Point X="443" Y="302" T="0" Pressure="0"/>
        <Point X="442" Y="302" T="0" Pressure="0"/>
        <Point X="440" Y="303" T="0" Pressure="0"/>
        <Point X="438" Y="303" T="0" Pressure="0"/>
        <Point X="435" Y="303" T="0" Pressure="0"/>
        <Point X="433" Y="303" T="0" Pressure="0"/>
        <Point X="431" Y="303" T="0" Pressure="0"/>
        <Point X="428" Y="303" T="0" Pressure="0"/>
        <Point X="424" Y="302" T="0" Pressure="0"/>
        <Point X="421" Y="302" T="0" Pressure="0"/>
        <Point X="417" Y="302" T="0" Pressure="0"/>
        <Point X="413" Y="302" T="0" Pressure="0"/>
        <Point X="409" Y="302" T="0" Pressure="0"/>
        <Point X="399" Y="303" T="0" Pressure="0"/>
        <Point X="394" Y="303" T="0" Pressure="0"/>
        <Point X="390" Y="304" T="0" Pressure="0"/>
        <Point X="383" Y="305" T="0" Pressure="0"/>
        <Point X="379" Y="306" T="0" Pressure="0"/>
        <Point X="374" Y="307" T="0" Pressure="0"/>
        <Point X="369" Y="307" T="0" Pressure="0"/>
        <Point X="364" Y="308" T="0" Pressure="0"/>
        <Point X="360" Y="309" T="0" Pressure="0"/>
        <Point X="356" Y="309" T="0" Pressure="0"/>
        <Point X="353" Y="310" T="0" Pressure="0"/>
        <Point X="350" Y="310" T="0" Pressure="0"/>
        <Point X="348" Y="310" T="0" Pressure="0"/>
        <Point X="344" Y="310" T="0" Pressure="0"/>
        <Point X="342" Y="310" T="0" Pressure="0"/>
        <Point X="341" Y="310" T="0" Pressure="0"/>
        <Point X="340" Y="310" T="0" Pressure="0"/>
        <Point X="340" Y="311" T="0" Pressure="0"/>
    </Stroke>
    <Stroke index="2">
        <Point X="337" Y="230" T="0" Pressure="0"/>
        <Point X="334" Y="228" T="0" Pressure="0"/>
        <Point X="333" Y="227" T="0" Pressure="0"/>
        <Point X="333" Y="226" T="0" Pressure="0"/>
        <Point X="334" Y="226" T="0" Pressure="0"/>
        <Point X="335" Y="228" T="0" Pressure="0"/>
        <Point X="336" Y="229" T="0" Pressure="0"/>
        <Point X="337" Y="231" T="0" Pressure="0"/>
        <Point X="338" Y="233" T="0" Pressure="0"/>
        <Point X="340" Y="235" T="0" Pressure="0"/>
        <Point X="341" Y="238" T="0" Pressure="0"/>
        <Point X="342" Y="240" T="0" Pressure="0"/>
        <Point X="344" Y="244" T="0" Pressure="0"/>
        <Point X="345" Y="248" T="0" Pressure="0"/>
        <Point X="348" Y="253" T="0" Pressure="0"/>
        <Point X="349" Y="259" T="0" Pressure="0"/>
        <Point X="352" Y="266" T="0" Pressure="0"/>
        <Point X="354" Y="273" T="0" Pressure="0"/>
        <Point X="356" Y="280" T="0" Pressure="0"/>
        <Point X="359" Y="288" T="0" Pressure="0"/>
        <Point X="361" Y="294" T="0" Pressure="0"/>
        <Point X="367" Y="308" T="0" Pressure="0"/>
        <Point X="370" Y="314" T="0" Pressure="0"/>
        <Point X="372" Y="319" T="0" Pressure="0"/>
        <Point X="376" Y="326" T="0" Pressure="0"/>
        <Point X="378" Y="329" T="0" Pressure="0"/>
        <Point X="380" Y="334" T="0" Pressure="0"/>
        <Point X="383" Y="338" T="0" Pressure="0"/>
        <Point X="384" Y="340" T="0" Pressure="0"/>
        <Point X="386" Y="343" T="0" Pressure="0"/>
        <Point X="389" Y="346" T="0" Pressure="0"/>
        <Point X="390" Y="348" T="0" Pressure="0"/>
        <Point X="391" Y="350" T="0" Pressure="0"/>
        <Point X="393" Y="352" T="0" Pressure="0"/>
        <Point X="394" Y="352" T="0" Pressure="0"/>
        <Point X="395" Y="353" T="0" Pressure="0"/>
        <Point X="396" Y="353" T="0" Pressure="0"/>
        <Point X="397" Y="353" T="0" Pressure="0"/>
        <Point X="398" Y="353" T="0" Pressure="0"/>
        <Point X="398" Y="352" T="0" Pressure="0"/>
        <Point X="399" Y="352" T="0" Pressure="0"/>
        <Point X="401" Y="350" T="0" Pressure="0"/>
        <Point X="402" Y="348" T="0" Pressure="0"/>
        <Point X="404" Y="346" T="0" Pressure="0"/>
        <Point X="405" Y="343" T="0" Pressure="0"/>
        <Point X="406" Y="341" T="0" Pressure="0"/>
        <Point X="408" Y="338" T="0" Pressure="0"/>
        <Point X="409" Y="335" T="0" Pressure="0"/>
        <Point X="411" Y="332" T="0" Pressure="0"/>
        <Point X="413" Y="328" T="0" Pressure="0"/>
        <Point X="415" Y="324" T="0" Pressure="0"/>
        <Point X="417" Y="320" T="0" Pressure="0"/>
        <Point X="419" Y="315" T="0" Pressure="0"/>
        <Point X="421" Y="310" T="0" Pressure="0"/>
        <Point X="424" Y="306" T="0" Pressure="0"/>
        <Point X="426" Y="300" T="0" Pressure="0"/>
        <Point X="428" Y="295" T="0" Pressure="0"/>
        <Point X="431" Y="289" T="0" Pressure="0"/>
        <Point X="432" Y="284" T="0" Pressure="0"/>
        <Point X="435" Y="277" T="0" Pressure="0"/>
        <Point X="438" Y="272" T="0" Pressure="0"/>
        <Point X="439" Y="267" T="0" Pressure="0"/>
        <Point X="442" Y="262" T="0" Pressure="0"/>
        <Point X="444" Y="257" T="0" Pressure="0"/>
        <Point X="447" Y="253" T="0" Pressure="0"/>
        <Point X="448" Y="248" T="0" Pressure="0"/>
        <Point X="450" Y="245" T="0" Pressure="0"/>
        <Point X="452" Y="242" T="0" Pressure="0"/>
        <Point X="454" Y="240" T="0" Pressure="0"/>
        <Point X="454" Y="238" T="0" Pressure="0"/>
        <Point X="455" Y="236" T="0" Pressure="0"/>
        <Point X="457" Y="234" T="0" Pressure="0"/>
        <Point X="458" Y="233" T="0" Pressure="0"/>
        <Point X="458" Y="232" T="0" Pressure="0"/>
        <Point X="458" Y="231" T="0" Pressure="0"/>
        <Point X="458" Y="230" T="0" Pressure="0"/>
        <Point X="458" Y="229" T="0" Pressure="0"/>
        <Point X="457" Y="228" T="0" Pressure="0"/>
        <Point X="455" Y="228" T="0" Pressure="0"/>
        <Point X="454" Y="228" T="0" Pressure="0"/>
        <Point X="451" Y="228" T="0" Pressure="0"/>
        <Point X="449" Y="228" T="0" Pressure="0"/>
        <Point X="447" Y="227" T="0" Pressure="0"/>
        <Point X="445" Y="227" T="0" Pressure="0"/>
        <Point X="443" Y="227" T="0" Pressure="0"/>
        <Point X="440" Y="227" T="0" Pressure="0"/>
        <Point X="437" Y="226" T="0" Pressure="0"/>
        <Point X="434" Y="226" T="0" Pressure="0"/>
        <Point X="431" Y="225" T="0" Pressure="0"/>
        <Point X="428" Y="225" T="0" Pressure="0"/>
        <Point X="424" Y="224" T="0" Pressure="0"/>
        <Point X="420" Y="224" T="0" Pressure="0"/>
        <Point X="416" Y="223" T="0" Pressure="0"/>
        <Point X="410" Y="223" T="0" Pressure="0"/>
        <Point X="401" Y="223" T="0" Pressure="0"/>
        <Point X="391" Y="223" T="0" Pressure="0"/>
        <Point X="386" Y="223" T="0" Pressure="0"/>
        <Point X="379" Y="223" T="0" Pressure="0"/>
        <Point X="375" Y="223" T="0" Pressure="0"/>
        <Point X="369" Y="224" T="0" Pressure="0"/>
        <Point X="364" Y="225" T="0" Pressure="0"/>
        <Point X="360" Y="226" T="0" Pressure="0"/>
        <Point X="356" Y="227" T="0" Pressure="0"/>
        <Point X="351" Y="227" T="0" Pressure="0"/>
        <Point X="348" Y="228" T="0" Pressure="0"/>
        <Point X="344" Y="228" T="0" Pressure="0"/>
        <Point X="341" Y="229" T="0" Pressure="0"/>
        <Point X="339" Y="231" T="0" Pressure="0"/>
        <Point X="337" Y="231" T="0" Pressure="0"/>
        <Point X="334" Y="232" T="0" Pressure="0"/>
        <Point X="334" Y="233" T="0" Pressure="0"/>
        <Point X="333" Y="233" T="0" Pressure="0"/>
        <Point X="332" Y="234" T="0" Pressure="0"/>
        <Point X="331" Y="234" T="0" Pressure="0"/>
        <Point X="331" Y="236" T="0" Pressure="0"/>
    </Stroke>
</Gesture>
