<?xml version="1.0" ?>
<Gesture Name="five_point_star~01" Subject="2" Number="1" NumPts="157" InputType="stylus" Speed="MEDIUM">
    <Stroke index="1">
        <Point X="308" Y="333" T="0" Pressure="0"/>
        <Point X="305" Y="332" T="0" Pressure="0"/>
        <Point X="305" Y="331" T="0" Pressure="0"/>
        <Point X="305" Y="329" T="0" Pressure="0"/>
        <Point X="305" Y="327" T="0" Pressure="0"/>
        <Point X="305" Y="326" T="0" Pressure="0"/>
        <Point X="305" Y="323" T="0" Pressure="0"/>
        <Point X="307" Y="321" T="0" Pressure="0"/>
        <Point X="307" Y="318" T="0" Pressure="0"/>
        <Point X="308" Y="315" T="0" Pressure="0"/>
        <Point X="310" Y="312" T="0" Pressure="0"/>
        <Point X="311" Y="308" T="0" Pressure="0"/>
        <Point X="313" Y="303" T="0" Pressure="0"/>
        <Point X="315" Y="298" T="0" Pressure="0"/>
        <Point X="316" Y="293" T="0" Pressure="0"/>
        <Point X="318" Y="288" T="0" Pressure="0"/>
        <Point X="320" Y="282" T="0" Pressure="0"/>
        <Point X="323" Y="276" T="0" Pressure="0"/>
        <Point X="326" Y="268" T="0" Pressure="0"/>
        <Point X="328" Y="262" T="0" Pressure="0"/>
        <Point X="331" Y="255" T="0" Pressure="0"/>
        <Point X="334" Y="247" T="0" Pressure="0"/>
        <Point X="337" Y="240" T="0" Pressure="0"/>
        <Point X="340" Y="233" T="0" Pressure="0"/>
        <Point X="343" Y="226" T="0" Pressure="0"/>
        <Point X="345" Y="219" T="0" Pressure="0"/>
        <Point X="348" Y="214" T="0" Pressure="0"/>
        <Point X="350" Y="209" T="0" Pressure="0"/>
        <Point X="353" Y="203" T="0" Pressure="0"/>
        <Point X="356" Y="199" T="0" Pressure="0"/>
        <Point X="357" Y="196" T="0" Pressure="0"/>
        <Point X="362" Y="191" T="0" Pressure="0"/>
        <Point X="363" Y="190" T="0" Pressure="0"/>
        <Point X="364" Y="189" T="0" Pressure="0"/>
        <Point X="365" Y="189" T="0" Pressure="0"/>
        <Point X="367" Y="190" T="0" Pressure="0"/>
        <Point X="367" Y="191" T="0" Pressure="0"/>
        <Point X="368" Y="193" T="0" Pressure="0"/>
        <Point X="368" Y="194" T="0" Pressure="0"/>
        <Point X="371" Y="199" T="0" Pressure="0"/>
        <Point X="372" Y="202" T="0" Pressure="0"/>
        <Point X="374" Y="205" T="0" Pressure="0"/>
        <Point X="376" Y="213" T="0" Pressure="0"/>
        <Point X="378" Y="217" T="0" Pressure="0"/>
        <Point X="379" Y="222" T="0" Pressure="0"/>
        <Point X="383" Y="233" T="0" Pressure="0"/>
        <Point X="384" Y="240" T="0" Pressure="0"/>
        <Point X="386" Y="246" T="0" Pressure="0"/>
        <Point X="388" Y="259" T="0" Pressure="0"/>
        <Point X="390" Y="264" T="0" Pressure="0"/>
        <Point X="391" Y="270" T="0" Pressure="0"/>
        <Point X="394" Y="281" T="0" Pressure="0"/>
        <Point X="396" Y="284" T="0" Pressure="0"/>
        <Point X="397" Y="289" T="0" Pressure="0"/>
        <Point X="399" Y="295" T="0" Pressure="0"/>
        <Point X="400" Y="298" T="0" Pressure="0"/>
        <Point X="401" Y="301" T="0" Pressure="0"/>
        <Point X="402" Y="304" T="0" Pressure="0"/>
        <Point X="402" Y="305" T="0" Pressure="0"/>
        <Point X="402" Y="306" T="0" Pressure="0"/>
        <Point X="402" Y="307" T="0" Pressure="0"/>
        <Point X="401" Y="306" T="0" Pressure="0"/>
        <Point X="399" Y="306" T="0" Pressure="0"/>
        <Point X="398" Y="305" T="0" Pressure="0"/>
        <Point X="397" Y="304" T="0" Pressure="0"/>
        <Point X="393" Y="302" T="0" Pressure="0"/>
        <Point X="391" Y="300" T="0" Pressure="0"/>
        <Point X="389" Y="298" T="0" Pressure="0"/>
        <Point X="386" Y="297" T="0" Pressure="0"/>
        <Point X="383" Y="296" T="0" Pressure="0"/>
        <Point X="381" Y="294" T="0" Pressure="0"/>
        <Point X="378" Y="292" T="0" Pressure="0"/>
        <Point X="369" Y="289" T="0" Pressure="0"/>
        <Point X="365" Y="288" T="0" Pressure="0"/>
        <Point X="360" Y="286" T="0" Pressure="0"/>
        <Point X="349" Y="283" T="0" Pressure="0"/>
        <Point X="343" Y="281" T="0" Pressure="0"/>
        <Point X="338" Y="279" T="0" Pressure="0"/>
        <Point X="325" Y="277" T="0" Pressure="0"/>
        <Point X="319" Y="275" T="0" Pressure="0"/>
        <Point X="313" Y="274" T="0" Pressure="0"/>
        <Point X="302" Y="273" T="0" Pressure="0"/>
        <Point X="296" Y="272" T="0" Pressure="0"/>
        <Point X="291" Y="272" T="0" Pressure="0"/>
        <Point X="283" Y="271" T="0" Pressure="0"/>
        <Point X="280" Y="271" T="0" Pressure="0"/>
        <Point X="276" Y="271" T="0" Pressure="0"/>
        <Point X="270" Y="271" T="0" Pressure="0"/>
        <Point X="266" Y="271" T="0" Pressure="0"/>
        <Point X="265" Y="271" T="0" Pressure="0"/>
        <Point X="265" Y="270" T="0" Pressure="0"/>
        <Point X="266" Y="269" T="0" Pressure="0"/>
        <Point X="268" Y="268" T="0" Pressure="0"/>
        <Point X="270" Y="267" T="0" Pressure="0"/>
        <Point X="277" Y="264" T="0" Pressure="0"/>
        <Point X="281" Y="262" T="0" Pressure="0"/>
        <Point X="285" Y="259" T="0" Pressure="0"/>
        <Point X="295" Y="255" T="0" Pressure="0"/>
        <Point X="300" Y="253" T="0" Pressure="0"/>
        <Point X="307" Y="250" T="0" Pressure="0"/>
        <Point X="313" Y="247" T="0" Pressure="0"/>
        <Point X="326" Y="242" T="0" Pressure="0"/>
        <Point X="334" Y="239" T="0" Pressure="0"/>
        <Point X="349" Y="232" T="0" Pressure="0"/>
        <Point X="356" Y="229" T="0" Pressure="0"/>
        <Point X="364" Y="227" T="0" Pressure="0"/>
        <Point X="376" Y="222" T="0" Pressure="0"/>
        <Point X="383" Y="221" T="0" Pressure="0"/>
        <Point X="389" Y="219" T="0" Pressure="0"/>
        <Point X="397" Y="217" T="0" Pressure="0"/>
        <Point X="401" Y="217" T="0" Pressure="0"/>
        <Point X="405" Y="216" T="0" Pressure="0"/>
        <Point X="412" Y="216" T="0" Pressure="0"/>
        <Point X="413" Y="216" T="0" Pressure="0"/>
        <Point X="416" Y="216" T="0" Pressure="0"/>
        <Point X="418" Y="217" T="0" Pressure="0"/>
        <Point X="419" Y="217" T="0" Pressure="0"/>
        <Point X="420" Y="218" T="0" Pressure="0"/>
        <Point X="420" Y="221" T="0" Pressure="0"/>
        <Point X="419" Y="222" T="0" Pressure="0"/>
        <Point X="418" Y="224" T="0" Pressure="0"/>
        <Point X="415" Y="228" T="0" Pressure="0"/>
        <Point X="413" Y="231" T="0" Pressure="0"/>
        <Point X="410" Y="234" T="0" Pressure="0"/>
        <Point X="405" Y="240" T="0" Pressure="0"/>
        <Point X="402" Y="244" T="0" Pressure="0"/>
        <Point X="399" Y="249" T="0" Pressure="0"/>
        <Point X="391" Y="259" T="0" Pressure="0"/>
        <Point X="387" Y="264" T="0" Pressure="0"/>
        <Point X="383" Y="269" T="0" Pressure="0"/>
        <Point X="374" Y="281" T="0" Pressure="0"/>
        <Point X="369" Y="285" T="0" Pressure="0"/>
        <Point X="365" Y="290" T="0" Pressure="0"/>
        <Point X="356" Y="299" T="0" Pressure="0"/>
        <Point X="352" Y="303" T="0" Pressure="0"/>
        <Point X="347" Y="308" T="0" Pressure="0"/>
        <Point X="338" Y="315" T="0" Pressure="0"/>
        <Point X="333" Y="318" T="0" Pressure="0"/>
        <Point X="327" Y="321" T="0" Pressure="0"/>
        <Point X="318" Y="327" T="0" Pressure="0"/>
        <Point X="315" Y="328" T="0" Pressure="0"/>
        <Point X="312" Y="330" T="0" Pressure="0"/>
        <Point X="309" Y="331" T="0" Pressure="0"/>
        <Point X="307" Y="332" T="0" Pressure="0"/>
        <Point X="304" Y="333" T="0" Pressure="0"/>
        <Point X="303" Y="334" T="0" Pressure="0"/>
        <Point X="302" Y="334" T="0" Pressure="0"/>
        <Point X="301" Y="334" T="0" Pressure="0"/>
        <Point X="302" Y="334" T="0" Pressure="0"/>
        <Point X="303" Y="334" T="0" Pressure="0"/>
        <Point X="304" Y="334" T="0" Pressure="0"/>
        <Point X="305" Y="334" T="0" Pressure="0"/>
        <Point X="306" Y="334" T="0" Pressure="0"/>
        <Point X="307" Y="334" T="0" Pressure="0"/>
        <Point X="308" Y="334" T="0" Pressure="0"/>
        <Point X="310" Y="334" T="0" Pressure="0"/>
        <Point X="311" Y="335" T="0" Pressure="0"/>
    </Stroke>
</Gesture>
