<?xml version="1.0" ?>
<Gesture Name="six_point_star~01" Subject="2" Number="1" NumPts="224" InputType="stylus" Speed="MEDIUM">
    <Stroke index="1">
        <Point X="335" Y="276" T="0" Pressure="0"/>
        <Point X="335" Y="274" T="0" Pressure="0"/>
        <Point X="336" Y="273" T="0" Pressure="0"/>
        <Point X="336" Y="272" T="0" Pressure="0"/>
        <Point X="337" Y="271" T="0" Pressure="0"/>
        <Point X="338" Y="269" T="0" Pressure="0"/>
        <Point X="338" Y="267" T="0" Pressure="0"/>
        <Point X="338" Y="265" T="0" Pressure="0"/>
        <Point X="338" Y="264" T="0" Pressure="0"/>
        <Point X="339" Y="261" T="0" Pressure="0"/>
        <Point X="340" Y="258" T="0" Pressure="0"/>
        <Point X="340" Y="255" T="0" Pressure="0"/>
        <Point X="341" Y="252" T="0" Pressure="0"/>
        <Point X="341" Y="248" T="0" Pressure="0"/>
        <Point X="341" Y="244" T="0" Pressure="0"/>
        <Point X="342" Y="240" T="0" Pressure="0"/>
        <Point X="343" Y="237" T="0" Pressure="0"/>
        <Point X="344" Y="232" T="0" Pressure="0"/>
        <Point X="345" Y="228" T="0" Pressure="0"/>
        <Point X="346" Y="223" T="0" Pressure="0"/>
        <Point X="348" Y="217" T="0" Pressure="0"/>
        <Point X="349" Y="213" T="0" Pressure="0"/>
        <Point X="351" Y="207" T="0" Pressure="0"/>
        <Point X="353" Y="201" T="0" Pressure="0"/>
        <Point X="355" Y="197" T="0" Pressure="0"/>
        <Point X="356" Y="191" T="0" Pressure="0"/>
        <Point X="359" Y="188" T="0" Pressure="0"/>
        <Point X="360" Y="184" T="0" Pressure="0"/>
        <Point X="363" Y="180" T="0" Pressure="0"/>
        <Point X="364" Y="177" T="0" Pressure="0"/>
        <Point X="367" Y="174" T="0" Pressure="0"/>
        <Point X="368" Y="172" T="0" Pressure="0"/>
        <Point X="369" Y="169" T="0" Pressure="0"/>
        <Point X="371" Y="167" T="0" Pressure="0"/>
        <Point X="373" Y="165" T="0" Pressure="0"/>
        <Point X="375" Y="164" T="0" Pressure="0"/>
        <Point X="375" Y="163" T="0" Pressure="0"/>
        <Point X="376" Y="162" T="0" Pressure="0"/>
        <Point X="378" Y="162" T="0" Pressure="0"/>
        <Point X="379" Y="162" T="0" Pressure="0"/>
        <Point X="380" Y="162" T="0" Pressure="0"/>
        <Point X="381" Y="162" T="0" Pressure="0"/>
        <Point X="382" Y="162" T="0" Pressure="0"/>
        <Point X="383" Y="163" T="0" Pressure="0"/>
        <Point X="384" Y="164" T="0" Pressure="0"/>
        <Point X="385" Y="164" T="0" Pressure="0"/>
        <Point X="386" Y="166" T="0" Pressure="0"/>
        <Point X="387" Y="167" T="0" Pressure="0"/>
        <Point X="389" Y="169" T="0" Pressure="0"/>
        <Point X="390" Y="171" T="0" Pressure="0"/>
        <Point X="391" Y="173" T="0" Pressure="0"/>
        <Point X="395" Y="178" T="0" Pressure="0"/>
        <Point X="398" Y="181" T="0" Pressure="0"/>
        <Point X="399" Y="184" T="0" Pressure="0"/>
        <Point X="402" Y="186" T="0" Pressure="0"/>
        <Point X="405" Y="189" T="0" Pressure="0"/>
        <Point X="408" Y="193" T="0" Pressure="0"/>
        <Point X="410" Y="197" T="0" Pressure="0"/>
        <Point X="413" Y="201" T="0" Pressure="0"/>
        <Point X="415" Y="204" T="0" Pressure="0"/>
        <Point X="417" Y="209" T="0" Pressure="0"/>
        <Point X="420" Y="213" T="0" Pressure="0"/>
        <Point X="423" Y="216" T="0" Pressure="0"/>
        <Point X="425" Y="221" T="0" Pressure="0"/>
        <Point X="428" Y="225" T="0" Pressure="0"/>
        <Point X="429" Y="228" T="0" Pressure="0"/>
        <Point X="434" Y="236" T="0" Pressure="0"/>
        <Point X="435" Y="239" T="0" Pressure="0"/>
        <Point X="438" Y="243" T="0" Pressure="0"/>
        <Point X="439" Y="246" T="0" Pressure="0"/>
        <Point X="441" Y="248" T="0" Pressure="0"/>
        <Point X="443" Y="251" T="0" Pressure="0"/>
        <Point X="444" Y="253" T="0" Pressure="0"/>
        <Point X="447" Y="258" T="0" Pressure="0"/>
        <Point X="450" Y="261" T="0" Pressure="0"/>
        <Point X="451" Y="263" T="0" Pressure="0"/>
        <Point X="452" Y="265" T="0" Pressure="0"/>
        <Point X="453" Y="268" T="0" Pressure="0"/>
        <Point X="453" Y="269" T="0" Pressure="0"/>
        <Point X="453" Y="271" T="0" Pressure="0"/>
        <Point X="451" Y="272" T="0" Pressure="0"/>
        <Point X="451" Y="273" T="0" Pressure="0"/>
        <Point X="448" Y="275" T="0" Pressure="0"/>
        <Point X="447" Y="276" T="0" Pressure="0"/>
        <Point X="445" Y="277" T="0" Pressure="0"/>
        <Point X="441" Y="279" T="0" Pressure="0"/>
        <Point X="439" Y="280" T="0" Pressure="0"/>
        <Point X="434" Y="282" T="0" Pressure="0"/>
        <Point X="430" Y="283" T="0" Pressure="0"/>
        <Point X="427" Y="284" T="0" Pressure="0"/>
        <Point X="424" Y="284" T="0" Pressure="0"/>
        <Point X="420" Y="285" T="0" Pressure="0"/>
        <Point X="415" Y="286" T="0" Pressure="0"/>
        <Point X="410" Y="287" T="0" Pressure="0"/>
        <Point X="405" Y="287" T="0" Pressure="0"/>
        <Point X="394" Y="288" T="0" Pressure="0"/>
        <Point X="389" Y="288" T="0" Pressure="0"/>
        <Point X="384" Y="288" T="0" Pressure="0"/>
        <Point X="373" Y="288" T="0" Pressure="0"/>
        <Point X="369" Y="288" T="0" Pressure="0"/>
        <Point X="361" Y="288" T="0" Pressure="0"/>
        <Point X="358" Y="288" T="0" Pressure="0"/>
        <Point X="355" Y="287" T="0" Pressure="0"/>
        <Point X="352" Y="287" T="0" Pressure="0"/>
        <Point X="348" Y="287" T="0" Pressure="0"/>
        <Point X="346" Y="286" T="0" Pressure="0"/>
        <Point X="345" Y="286" T="0" Pressure="0"/>
        <Point X="342" Y="286" T="0" Pressure="0"/>
        <Point X="341" Y="287" T="0" Pressure="0"/>
    </Stroke>
    <Stroke index="2">
        <Point X="307" Y="194" T="0" Pressure="0"/>
        <Point X="307" Y="193" T="0" Pressure="0"/>
        <Point X="307" Y="192" T="0" Pressure="0"/>
        <Point X="307" Y="191" T="0" Pressure="0"/>
        <Point X="308" Y="192" T="0" Pressure="0"/>
        <Point X="310" Y="194" T="0" Pressure="0"/>
        <Point X="311" Y="196" T="0" Pressure="0"/>
        <Point X="312" Y="197" T="0" Pressure="0"/>
        <Point X="314" Y="199" T="0" Pressure="0"/>
        <Point X="315" Y="202" T="0" Pressure="0"/>
        <Point X="316" Y="205" T="0" Pressure="0"/>
        <Point X="319" Y="209" T="0" Pressure="0"/>
        <Point X="320" Y="214" T="0" Pressure="0"/>
        <Point X="325" Y="224" T="0" Pressure="0"/>
        <Point X="328" Y="231" T="0" Pressure="0"/>
        <Point X="331" Y="237" T="0" Pressure="0"/>
        <Point X="334" Y="244" T="0" Pressure="0"/>
        <Point X="339" Y="256" T="0" Pressure="0"/>
        <Point X="342" Y="261" T="0" Pressure="0"/>
        <Point X="345" Y="265" T="0" Pressure="0"/>
        <Point X="348" Y="270" T="0" Pressure="0"/>
        <Point X="351" Y="275" T="0" Pressure="0"/>
        <Point X="353" Y="278" T="0" Pressure="0"/>
        <Point X="356" Y="282" T="0" Pressure="0"/>
        <Point X="359" Y="284" T="0" Pressure="0"/>
        <Point X="361" Y="288" T="0" Pressure="0"/>
        <Point X="364" Y="290" T="0" Pressure="0"/>
        <Point X="366" Y="293" T="0" Pressure="0"/>
        <Point X="368" Y="296" T="0" Pressure="0"/>
        <Point X="369" Y="297" T="0" Pressure="0"/>
        <Point X="371" Y="299" T="0" Pressure="0"/>
        <Point X="375" Y="302" T="0" Pressure="0"/>
        <Point X="376" Y="303" T="0" Pressure="0"/>
        <Point X="378" Y="304" T="0" Pressure="0"/>
        <Point X="379" Y="306" T="0" Pressure="0"/>
        <Point X="380" Y="306" T="0" Pressure="0"/>
        <Point X="382" Y="307" T="0" Pressure="0"/>
        <Point X="383" Y="307" T="0" Pressure="0"/>
        <Point X="384" Y="308" T="0" Pressure="0"/>
        <Point X="385" Y="308" T="0" Pressure="0"/>
        <Point X="386" Y="308" T="0" Pressure="0"/>
        <Point X="387" Y="307" T="0" Pressure="0"/>
        <Point X="389" Y="306" T="0" Pressure="0"/>
        <Point X="389" Y="304" T="0" Pressure="0"/>
        <Point X="390" Y="303" T="0" Pressure="0"/>
        <Point X="391" Y="302" T="0" Pressure="0"/>
        <Point X="391" Y="300" T="0" Pressure="0"/>
        <Point X="393" Y="298" T="0" Pressure="0"/>
        <Point X="394" Y="296" T="0" Pressure="0"/>
        <Point X="394" Y="294" T="0" Pressure="0"/>
        <Point X="395" Y="292" T="0" Pressure="0"/>
        <Point X="397" Y="289" T="0" Pressure="0"/>
        <Point X="398" Y="287" T="0" Pressure="0"/>
        <Point X="400" Y="281" T="0" Pressure="0"/>
        <Point X="402" Y="277" T="0" Pressure="0"/>
        <Point X="403" Y="272" T="0" Pressure="0"/>
        <Point X="406" Y="264" T="0" Pressure="0"/>
        <Point X="408" Y="259" T="0" Pressure="0"/>
        <Point X="410" Y="253" T="0" Pressure="0"/>
        <Point X="415" Y="243" T="0" Pressure="0"/>
        <Point X="417" Y="238" T="0" Pressure="0"/>
        <Point X="420" Y="233" T="0" Pressure="0"/>
        <Point X="424" Y="224" T="0" Pressure="0"/>
        <Point X="428" Y="221" T="0" Pressure="0"/>
        <Point X="429" Y="217" T="0" Pressure="0"/>
        <Point X="434" Y="212" T="0" Pressure="0"/>
        <Point X="435" Y="209" T="0" Pressure="0"/>
        <Point X="438" Y="207" T="0" Pressure="0"/>
        <Point X="440" Y="204" T="0" Pressure="0"/>
        <Point X="442" Y="203" T="0" Pressure="0"/>
        <Point X="443" Y="201" T="0" Pressure="0"/>
        <Point X="446" Y="199" T="0" Pressure="0"/>
        <Point X="447" Y="197" T="0" Pressure="0"/>
        <Point X="448" Y="197" T="0" Pressure="0"/>
        <Point X="449" Y="196" T="0" Pressure="0"/>
        <Point X="450" Y="195" T="0" Pressure="0"/>
        <Point X="450" Y="194" T="0" Pressure="0"/>
        <Point X="450" Y="193" T="0" Pressure="0"/>
        <Point X="449" Y="192" T="0" Pressure="0"/>
        <Point X="448" Y="192" T="0" Pressure="0"/>
        <Point X="447" Y="192" T="0" Pressure="0"/>
        <Point X="446" Y="192" T="0" Pressure="0"/>
        <Point X="444" Y="192" T="0" Pressure="0"/>
        <Point X="443" Y="192" T="0" Pressure="0"/>
        <Point X="442" Y="192" T="0" Pressure="0"/>
        <Point X="440" Y="192" T="0" Pressure="0"/>
        <Point X="439" Y="192" T="0" Pressure="0"/>
        <Point X="437" Y="192" T="0" Pressure="0"/>
        <Point X="435" Y="192" T="0" Pressure="0"/>
        <Point X="430" Y="192" T="0" Pressure="0"/>
        <Point X="427" Y="192" T="0" Pressure="0"/>
        <Point X="424" Y="192" T="0" Pressure="0"/>
        <Point X="421" Y="192" T="0" Pressure="0"/>
        <Point X="417" Y="192" T="0" Pressure="0"/>
        <Point X="413" Y="192" T="0" Pressure="0"/>
        <Point X="409" Y="193" T="0" Pressure="0"/>
        <Point X="398" Y="193" T="0" Pressure="0"/>
        <Point X="393" Y="193" T="0" Pressure="0"/>
        <Point X="387" Y="193" T="0" Pressure="0"/>
        <Point X="376" Y="193" T="0" Pressure="0"/>
        <Point X="364" Y="193" T="0" Pressure="0"/>
        <Point X="353" Y="194" T="0" Pressure="0"/>
        <Point X="348" Y="194" T="0" Pressure="0"/>
        <Point X="342" Y="195" T="0" Pressure="0"/>
        <Point X="337" Y="196" T="0" Pressure="0"/>
        <Point X="334" Y="196" T="0" Pressure="0"/>
        <Point X="330" Y="196" T="0" Pressure="0"/>
        <Point X="322" Y="197" T="0" Pressure="0"/>
        <Point X="319" Y="197" T="0" Pressure="0"/>
        <Point X="317" Y="197" T="0" Pressure="0"/>
        <Point X="316" Y="198" T="0" Pressure="0"/>
        <Point X="315" Y="198" T="0" Pressure="0"/>
        <Point X="315" Y="199" T="0" Pressure="0"/>
        <Point X="314" Y="199" T="0" Pressure="0"/>
        <Point X="314" Y="200" T="0" Pressure="0"/>
    </Stroke>
</Gesture>
