<?xml version="1.0" ?>
<Gesture Name="line~07" Subject="2" Number="7" NumPts="41" InputType="stylus" Speed="MEDIUM">
    <Stroke index="1">
        <Point X="303" Y="366" T="0" Pressure="0"/>
        <Point X="304" Y="365" T="0" Pressure="0"/>
        <Point X="304" Y="364" T="0" Pressure="0"/>
        <Point X="305" Y="363" T="0" Pressure="0"/>
        <Point X="307" Y="363" T="0" Pressure="0"/>
        <Point X="310" Y="362" T="0" Pressure="0"/>
        <Point X="313" Y="361" T="0" Pressure="0"/>
        <Point X="316" Y="360" T="0" Pressure="0"/>
        <Point X="320" Y="360" T="0" Pressure="0"/>
        <Point X="326" Y="359" T="0" Pressure="0"/>
        <Point X="331" Y="359" T="0" Pressure="0"/>
        <Point X="338" Y="358" T="0" Pressure="0"/>
        <Point X="344" Y="357" T="0" Pressure="0"/>
        <Point X="350" Y="357" T="0" Pressure="0"/>
        <Point X="357" Y="356" T="0" Pressure="0"/>
        <Point X="365" Y="356" T="0" Pressure="0"/>
        <Point X="373" Y="355" T="0" Pressure="0"/>
        <Point X="382" Y="355" T="0" Pressure="0"/>
        <Point X="389" Y="355" T="0" Pressure="0"/>
        <Point X="397" Y="355" T="0" Pressure="0"/>
        <Point X="404" Y="355" T="0" Pressure="0"/>
        <Point X="412" Y="355" T="0" Pressure="0"/>
        <Point X="420" Y="355" T="0" Pressure="0"/>
        <Point X="428" Y="354" T="0" Pressure="0"/>
        <Point X="435" Y="354" T="0" Pressure="0"/>
        <Point X="442" Y="354" T="0" Pressure="0"/>
        <Point X="448" Y="353" T="0" Pressure="0"/>
        <Point X="455" Y="353" T="0" Pressure="0"/>
        <Point X="462" Y="353" T="0" Pressure="0"/>
        <Point X="469" Y="353" T="0" Pressure="0"/>
        <Point X="474" Y="353" T="0" Pressure="0"/>
        <Point X="480" Y="353" T="0" Pressure="0"/>
        <Point X="485" Y="353" T="0" Pressure="0"/>
        <Point X="491" Y="353" T="0" Pressure="0"/>
        <Point X="495" Y="353" T="0" Pressure="0"/>
        <Point X="499" Y="353" T="0" Pressure="0"/>
        <Point X="503" Y="353" T="0" Pressure="0"/>
        <Point X="507" Y="353" T="0" Pressure="0"/>
        <Point X="510" Y="354" T="0" Pressure="0"/>
        <Point X="513" Y="355" T="0" Pressure="0"/>
        <Point X="514" Y="355" T="0" Pressure="0"/>
    </Stroke>
</Gesture>
