<?xml version="1.0" ?>
<Gesture Name="H~10" Subject="2" Number="10" NumPts="96" InputType="stylus" Speed="MEDIUM">
    <Stroke index="1">
        <Point X="338" Y="232" T="0" Pressure="0"/>
        <Point X="338" Y="230" T="0" Pressure="0"/>
        <Point X="339" Y="230" T="0" Pressure="0"/>
        <Point X="339" Y="231" T="0" Pressure="0"/>
        <Point X="340" Y="233" T="0" Pressure="0"/>
        <Point X="340" Y="234" T="0" Pressure="0"/>
        <Point X="340" Y="237" T="0" Pressure="0"/>
        <Point X="340" Y="239" T="0" Pressure="0"/>
        <Point X="339" Y="243" T="0" Pressure="0"/>
        <Point X="338" Y="247" T="0" Pressure="0"/>
        <Point X="338" Y="252" T="0" Pressure="0"/>
        <Point X="338" Y="258" T="0" Pressure="0"/>
        <Point X="337" Y="264" T="0" Pressure="0"/>
        <Point X="336" Y="271" T="0" Pressure="0"/>
        <Point X="335" Y="278" T="0" Pressure="0"/>
        <Point X="334" Y="284" T="0" Pressure="0"/>
        <Point X="334" Y="292" T="0" Pressure="0"/>
        <Point X="334" Y="299" T="0" Pressure="0"/>
        <Point X="334" Y="305" T="0" Pressure="0"/>
        <Point X="334" Y="311" T="0" Pressure="0"/>
        <Point X="334" Y="316" T="0" Pressure="0"/>
        <Point X="335" Y="321" T="0" Pressure="0"/>
        <Point X="336" Y="326" T="0" Pressure="0"/>
        <Point X="337" Y="330" T="0" Pressure="0"/>
        <Point X="337" Y="334" T="0" Pressure="0"/>
        <Point X="338" Y="337" T="0" Pressure="0"/>
        <Point X="338" Y="340" T="0" Pressure="0"/>
        <Point X="338" Y="343" T="0" Pressure="0"/>
        <Point X="338" Y="346" T="0" Pressure="0"/>
        <Point X="338" Y="348" T="0" Pressure="0"/>
        <Point X="339" Y="350" T="0" Pressure="0"/>
        <Point X="339" Y="352" T="0" Pressure="0"/>
        <Point X="340" Y="352" T="0" Pressure="0"/>
        <Point X="340" Y="353" T="0" Pressure="0"/>
    </Stroke>
    <Stroke index="2">
        <Point X="331" Y="301" T="0" Pressure="0"/>
        <Point X="330" Y="298" T="0" Pressure="0"/>
        <Point X="330" Y="297" T="0" Pressure="0"/>
        <Point X="331" Y="296" T="0" Pressure="0"/>
        <Point X="333" Y="296" T="0" Pressure="0"/>
        <Point X="335" Y="294" T="0" Pressure="0"/>
        <Point X="338" Y="294" T="0" Pressure="0"/>
        <Point X="340" Y="294" T="0" Pressure="0"/>
        <Point X="342" Y="294" T="0" Pressure="0"/>
        <Point X="345" Y="294" T="0" Pressure="0"/>
        <Point X="349" Y="294" T="0" Pressure="0"/>
        <Point X="353" Y="294" T="0" Pressure="0"/>
        <Point X="356" Y="294" T="0" Pressure="0"/>
        <Point X="360" Y="293" T="0" Pressure="0"/>
        <Point X="363" Y="293" T="0" Pressure="0"/>
        <Point X="367" Y="292" T="0" Pressure="0"/>
        <Point X="375" Y="291" T="0" Pressure="0"/>
        <Point X="379" Y="291" T="0" Pressure="0"/>
        <Point X="383" Y="290" T="0" Pressure="0"/>
        <Point X="387" Y="290" T="0" Pressure="0"/>
        <Point X="394" Y="289" T="0" Pressure="0"/>
        <Point X="398" Y="288" T="0" Pressure="0"/>
        <Point X="401" Y="287" T="0" Pressure="0"/>
    </Stroke>
    <Stroke index="3">
        <Point X="402" Y="239" T="0" Pressure="0"/>
        <Point X="400" Y="236" T="0" Pressure="0"/>
        <Point X="399" Y="234" T="0" Pressure="0"/>
        <Point X="399" Y="233" T="0" Pressure="0"/>
        <Point X="398" Y="233" T="0" Pressure="0"/>
        <Point X="398" Y="234" T="0" Pressure="0"/>
        <Point X="398" Y="236" T="0" Pressure="0"/>
        <Point X="398" Y="240" T="0" Pressure="0"/>
        <Point X="398" Y="242" T="0" Pressure="0"/>
        <Point X="398" Y="246" T="0" Pressure="0"/>
        <Point X="398" Y="248" T="0" Pressure="0"/>
        <Point X="398" Y="252" T="0" Pressure="0"/>
        <Point X="398" Y="256" T="0" Pressure="0"/>
        <Point X="398" Y="261" T="0" Pressure="0"/>
        <Point X="398" Y="265" T="0" Pressure="0"/>
        <Point X="397" Y="271" T="0" Pressure="0"/>
        <Point X="397" Y="277" T="0" Pressure="0"/>
        <Point X="396" Y="284" T="0" Pressure="0"/>
        <Point X="395" Y="290" T="0" Pressure="0"/>
        <Point X="395" Y="303" T="0" Pressure="0"/>
        <Point X="395" Y="309" T="0" Pressure="0"/>
        <Point X="395" Y="314" T="0" Pressure="0"/>
        <Point X="395" Y="318" T="0" Pressure="0"/>
        <Point X="397" Y="322" T="0" Pressure="0"/>
        <Point X="397" Y="326" T="0" Pressure="0"/>
        <Point X="398" Y="329" T="0" Pressure="0"/>
        <Point X="398" Y="332" T="0" Pressure="0"/>
        <Point X="399" Y="334" T="0" Pressure="0"/>
        <Point X="399" Y="336" T="0" Pressure="0"/>
        <Point X="399" Y="338" T="0" Pressure="0"/>
        <Point X="400" Y="339" T="0" Pressure="0"/>
        <Point X="400" Y="340" T="0" Pressure="0"/>
        <Point X="400" Y="341" T="0" Pressure="0"/>
        <Point X="400" Y="342" T="0" Pressure="0"/>
        <Point X="400" Y="343" T="0" Pressure="0"/>
        <Point X="399" Y="343" T="0" Pressure="0"/>
        <Point X="399" Y="344" T="0" Pressure="0"/>
        <Point X="398" Y="344" T="0" Pressure="0"/>
        <Point X="397" Y="344" T="0" Pressure="0"/>
    </Stroke>
</Gesture>
