<?xml version="1.0" ?>
<Gesture Name="six_point_star~07" Subject="2" Number="7" NumPts="221" InputType="stylus" Speed="MEDIUM">
    <Stroke index="1">
        <Point X="329" Y="355" T="0" Pressure="0"/>
        <Point X="330" Y="353" T="0" Pressure="0"/>
        <Point X="330" Y="352" T="0" Pressure="0"/>
        <Point X="331" Y="351" T="0" Pressure="0"/>
        <Point X="331" Y="349" T="0" Pressure="0"/>
        <Point X="333" Y="346" T="0" Pressure="0"/>
        <Point X="334" Y="344" T="0" Pressure="0"/>
        <Point X="335" Y="340" T="0" Pressure="0"/>
        <Point X="340" Y="327" T="0" Pressure="0"/>
        <Point X="341" Y="322" T="0" Pressure="0"/>
        <Point X="343" Y="317" T="0" Pressure="0"/>
        <Point X="345" Y="312" T="0" Pressure="0"/>
        <Point X="346" Y="306" T="0" Pressure="0"/>
        <Point X="349" Y="300" T="0" Pressure="0"/>
        <Point X="351" Y="293" T="0" Pressure="0"/>
        <Point X="353" Y="288" T="0" Pressure="0"/>
        <Point X="355" Y="282" T="0" Pressure="0"/>
        <Point X="357" Y="275" T="0" Pressure="0"/>
        <Point X="359" Y="268" T="0" Pressure="0"/>
        <Point X="361" Y="262" T="0" Pressure="0"/>
        <Point X="363" Y="254" T="0" Pressure="0"/>
        <Point X="365" Y="249" T="0" Pressure="0"/>
        <Point X="367" Y="243" T="0" Pressure="0"/>
        <Point X="368" Y="239" T="0" Pressure="0"/>
        <Point X="369" Y="234" T="0" Pressure="0"/>
        <Point X="371" Y="231" T="0" Pressure="0"/>
        <Point X="372" Y="227" T="0" Pressure="0"/>
        <Point X="374" Y="225" T="0" Pressure="0"/>
        <Point X="375" Y="224" T="0" Pressure="0"/>
        <Point X="375" Y="223" T="0" Pressure="0"/>
        <Point X="376" Y="222" T="0" Pressure="0"/>
        <Point X="377" Y="221" T="0" Pressure="0"/>
        <Point X="378" Y="221" T="0" Pressure="0"/>
        <Point X="379" Y="221" T="0" Pressure="0"/>
        <Point X="379" Y="222" T="0" Pressure="0"/>
        <Point X="381" Y="222" T="0" Pressure="0"/>
        <Point X="382" Y="223" T="0" Pressure="0"/>
        <Point X="384" Y="225" T="0" Pressure="0"/>
        <Point X="386" Y="227" T="0" Pressure="0"/>
        <Point X="387" Y="228" T="0" Pressure="0"/>
        <Point X="389" Y="231" T="0" Pressure="0"/>
        <Point X="391" Y="233" T="0" Pressure="0"/>
        <Point X="394" Y="236" T="0" Pressure="0"/>
        <Point X="396" Y="239" T="0" Pressure="0"/>
        <Point X="398" Y="242" T="0" Pressure="0"/>
        <Point X="401" Y="246" T="0" Pressure="0"/>
        <Point X="407" Y="253" T="0" Pressure="0"/>
        <Point X="409" Y="258" T="0" Pressure="0"/>
        <Point X="413" Y="263" T="0" Pressure="0"/>
        <Point X="416" Y="267" T="0" Pressure="0"/>
        <Point X="418" Y="271" T="0" Pressure="0"/>
        <Point X="420" Y="276" T="0" Pressure="0"/>
        <Point X="423" Y="280" T="0" Pressure="0"/>
        <Point X="425" Y="284" T="0" Pressure="0"/>
        <Point X="428" Y="289" T="0" Pressure="0"/>
        <Point X="429" Y="293" T="0" Pressure="0"/>
        <Point X="432" Y="296" T="0" Pressure="0"/>
        <Point X="434" Y="299" T="0" Pressure="0"/>
        <Point X="435" Y="303" T="0" Pressure="0"/>
        <Point X="438" Y="306" T="0" Pressure="0"/>
        <Point X="439" Y="310" T="0" Pressure="0"/>
        <Point X="440" Y="312" T="0" Pressure="0"/>
        <Point X="442" Y="314" T="0" Pressure="0"/>
        <Point X="443" Y="317" T="0" Pressure="0"/>
        <Point X="443" Y="320" T="0" Pressure="0"/>
        <Point X="444" Y="322" T="0" Pressure="0"/>
        <Point X="445" Y="325" T="0" Pressure="0"/>
        <Point X="446" Y="327" T="0" Pressure="0"/>
        <Point X="446" Y="328" T="0" Pressure="0"/>
        <Point X="446" Y="331" T="0" Pressure="0"/>
        <Point X="446" Y="332" T="0" Pressure="0"/>
        <Point X="446" Y="333" T="0" Pressure="0"/>
        <Point X="446" Y="334" T="0" Pressure="0"/>
        <Point X="444" Y="336" T="0" Pressure="0"/>
        <Point X="443" Y="336" T="0" Pressure="0"/>
        <Point X="442" Y="337" T="0" Pressure="0"/>
        <Point X="439" Y="337" T="0" Pressure="0"/>
        <Point X="438" Y="338" T="0" Pressure="0"/>
        <Point X="435" Y="338" T="0" Pressure="0"/>
        <Point X="432" Y="338" T="0" Pressure="0"/>
        <Point X="430" Y="338" T="0" Pressure="0"/>
        <Point X="427" Y="339" T="0" Pressure="0"/>
        <Point X="424" Y="339" T="0" Pressure="0"/>
        <Point X="419" Y="339" T="0" Pressure="0"/>
        <Point X="416" Y="340" T="0" Pressure="0"/>
        <Point X="412" Y="340" T="0" Pressure="0"/>
        <Point X="407" Y="341" T="0" Pressure="0"/>
        <Point X="402" Y="342" T="0" Pressure="0"/>
        <Point X="397" Y="343" T="0" Pressure="0"/>
        <Point X="391" Y="344" T="0" Pressure="0"/>
        <Point X="386" Y="345" T="0" Pressure="0"/>
        <Point X="370" Y="348" T="0" Pressure="0"/>
        <Point X="365" Y="349" T="0" Pressure="0"/>
        <Point X="360" Y="350" T="0" Pressure="0"/>
        <Point X="356" Y="351" T="0" Pressure="0"/>
        <Point X="352" Y="352" T="0" Pressure="0"/>
        <Point X="348" Y="352" T="0" Pressure="0"/>
        <Point X="345" Y="352" T="0" Pressure="0"/>
        <Point X="342" Y="353" T="0" Pressure="0"/>
        <Point X="340" Y="353" T="0" Pressure="0"/>
        <Point X="338" Y="353" T="0" Pressure="0"/>
        <Point X="337" Y="353" T="0" Pressure="0"/>
        <Point X="335" Y="353" T="0" Pressure="0"/>
        <Point X="334" Y="353" T="0" Pressure="0"/>
        <Point X="333" Y="353" T="0" Pressure="0"/>
        <Point X="332" Y="353" T="0" Pressure="0"/>
        <Point X="333" Y="354" T="0" Pressure="0"/>
    </Stroke>
    <Stroke index="2">
        <Point X="319" Y="270" T="0" Pressure="0"/>
        <Point X="315" Y="268" T="0" Pressure="0"/>
        <Point X="315" Y="267" T="0" Pressure="0"/>
        <Point X="314" Y="265" T="0" Pressure="0"/>
        <Point X="314" Y="264" T="0" Pressure="0"/>
        <Point X="315" Y="264" T="0" Pressure="0"/>
        <Point X="316" Y="265" T="0" Pressure="0"/>
        <Point X="318" Y="266" T="0" Pressure="0"/>
        <Point X="319" Y="268" T="0" Pressure="0"/>
        <Point X="321" Y="269" T="0" Pressure="0"/>
        <Point X="323" Y="272" T="0" Pressure="0"/>
        <Point X="326" Y="274" T="0" Pressure="0"/>
        <Point X="328" Y="277" T="0" Pressure="0"/>
        <Point X="330" Y="281" T="0" Pressure="0"/>
        <Point X="334" Y="285" T="0" Pressure="0"/>
        <Point X="337" Y="290" T="0" Pressure="0"/>
        <Point X="341" Y="296" T="0" Pressure="0"/>
        <Point X="345" Y="303" T="0" Pressure="0"/>
        <Point X="349" Y="310" T="0" Pressure="0"/>
        <Point X="353" Y="316" T="0" Pressure="0"/>
        <Point X="357" Y="324" T="0" Pressure="0"/>
        <Point X="360" Y="330" T="0" Pressure="0"/>
        <Point X="364" Y="337" T="0" Pressure="0"/>
        <Point X="368" Y="342" T="0" Pressure="0"/>
        <Point X="371" Y="349" T="0" Pressure="0"/>
        <Point X="374" Y="356" T="0" Pressure="0"/>
        <Point X="377" Y="362" T="0" Pressure="0"/>
        <Point X="379" Y="366" T="0" Pressure="0"/>
        <Point X="382" Y="371" T="0" Pressure="0"/>
        <Point X="384" Y="375" T="0" Pressure="0"/>
        <Point X="387" Y="378" T="0" Pressure="0"/>
        <Point X="389" Y="381" T="0" Pressure="0"/>
        <Point X="391" Y="384" T="0" Pressure="0"/>
        <Point X="393" Y="386" T="0" Pressure="0"/>
        <Point X="395" Y="388" T="0" Pressure="0"/>
        <Point X="396" Y="389" T="0" Pressure="0"/>
        <Point X="398" Y="390" T="0" Pressure="0"/>
        <Point X="398" Y="391" T="0" Pressure="0"/>
        <Point X="399" Y="392" T="0" Pressure="0"/>
        <Point X="400" Y="392" T="0" Pressure="0"/>
        <Point X="401" Y="392" T="0" Pressure="0"/>
        <Point X="402" Y="391" T="0" Pressure="0"/>
        <Point X="402" Y="389" T="0" Pressure="0"/>
        <Point X="404" Y="388" T="0" Pressure="0"/>
        <Point X="405" Y="386" T="0" Pressure="0"/>
        <Point X="405" Y="384" T="0" Pressure="0"/>
        <Point X="406" Y="381" T="0" Pressure="0"/>
        <Point X="408" Y="377" T="0" Pressure="0"/>
        <Point X="409" Y="373" T="0" Pressure="0"/>
        <Point X="411" Y="370" T="0" Pressure="0"/>
        <Point X="412" Y="365" T="0" Pressure="0"/>
        <Point X="416" Y="356" T="0" Pressure="0"/>
        <Point X="417" Y="351" T="0" Pressure="0"/>
        <Point X="420" Y="344" T="0" Pressure="0"/>
        <Point X="422" Y="338" T="0" Pressure="0"/>
        <Point X="424" Y="332" T="0" Pressure="0"/>
        <Point X="427" Y="324" T="0" Pressure="0"/>
        <Point X="428" Y="317" T="0" Pressure="0"/>
        <Point X="431" Y="311" T="0" Pressure="0"/>
        <Point X="434" Y="303" T="0" Pressure="0"/>
        <Point X="435" Y="297" T="0" Pressure="0"/>
        <Point X="438" Y="292" T="0" Pressure="0"/>
        <Point X="439" Y="287" T="0" Pressure="0"/>
        <Point X="442" Y="282" T="0" Pressure="0"/>
        <Point X="446" Y="269" T="0" Pressure="0"/>
        <Point X="447" Y="266" T="0" Pressure="0"/>
        <Point X="448" Y="264" T="0" Pressure="0"/>
        <Point X="448" Y="262" T="0" Pressure="0"/>
        <Point X="448" Y="260" T="0" Pressure="0"/>
        <Point X="449" Y="258" T="0" Pressure="0"/>
        <Point X="449" Y="257" T="0" Pressure="0"/>
        <Point X="449" Y="256" T="0" Pressure="0"/>
        <Point X="449" Y="255" T="0" Pressure="0"/>
        <Point X="448" Y="254" T="0" Pressure="0"/>
        <Point X="448" Y="253" T="0" Pressure="0"/>
        <Point X="448" Y="252" T="0" Pressure="0"/>
        <Point X="447" Y="252" T="0" Pressure="0"/>
        <Point X="445" Y="250" T="0" Pressure="0"/>
        <Point X="444" Y="249" T="0" Pressure="0"/>
        <Point X="443" Y="248" T="0" Pressure="0"/>
        <Point X="441" Y="248" T="0" Pressure="0"/>
        <Point X="439" Y="247" T="0" Pressure="0"/>
        <Point X="436" Y="247" T="0" Pressure="0"/>
        <Point X="434" Y="247" T="0" Pressure="0"/>
        <Point X="431" Y="246" T="0" Pressure="0"/>
        <Point X="428" Y="246" T="0" Pressure="0"/>
        <Point X="425" Y="246" T="0" Pressure="0"/>
        <Point X="421" Y="246" T="0" Pressure="0"/>
        <Point X="417" Y="246" T="0" Pressure="0"/>
        <Point X="413" Y="246" T="0" Pressure="0"/>
        <Point X="408" Y="247" T="0" Pressure="0"/>
        <Point X="402" Y="248" T="0" Pressure="0"/>
        <Point X="398" Y="248" T="0" Pressure="0"/>
        <Point X="391" Y="249" T="0" Pressure="0"/>
        <Point X="386" Y="251" T="0" Pressure="0"/>
        <Point X="380" Y="252" T="0" Pressure="0"/>
        <Point X="374" Y="253" T="0" Pressure="0"/>
        <Point X="368" Y="254" T="0" Pressure="0"/>
        <Point X="362" Y="256" T="0" Pressure="0"/>
        <Point X="356" Y="257" T="0" Pressure="0"/>
        <Point X="351" Y="258" T="0" Pressure="0"/>
        <Point X="345" Y="259" T="0" Pressure="0"/>
        <Point X="341" Y="261" T="0" Pressure="0"/>
        <Point X="337" Y="261" T="0" Pressure="0"/>
        <Point X="333" Y="262" T="0" Pressure="0"/>
        <Point X="330" Y="263" T="0" Pressure="0"/>
        <Point X="326" Y="263" T="0" Pressure="0"/>
        <Point X="324" Y="264" T="0" Pressure="0"/>
        <Point X="322" Y="264" T="0" Pressure="0"/>
        <Point X="320" Y="264" T="0" Pressure="0"/>
        <Point X="319" Y="265" T="0" Pressure="0"/>
        <Point X="318" Y="265" T="0" Pressure="0"/>
        <Point X="316" Y="266" T="0" Pressure="0"/>
        <Point X="316" Y="267" T="0" Pressure="0"/>
    </Stroke>
</Gesture>
