<?xml version="1.0" ?>
<Gesture Name="H~09" Subject="2" Number="9" NumPts="107" InputType="stylus" Speed="MEDIUM">
    <Stroke index="1">
        <Point X="332" Y="231" T="0" Pressure="0"/>
        <Point X="333" Y="227" T="0" Pressure="0"/>
        <Point X="333" Y="226" T="0" Pressure="0"/>
        <Point X="334" Y="224" T="0" Pressure="0"/>
        <Point X="334" Y="223" T="0" Pressure="0"/>
        <Point X="335" Y="223" T="0" Pressure="0"/>
        <Point X="336" Y="225" T="0" Pressure="0"/>
        <Point X="337" Y="227" T="0" Pressure="0"/>
        <Point X="337" Y="229" T="0" Pressure="0"/>
        <Point X="338" Y="232" T="0" Pressure="0"/>
        <Point X="338" Y="234" T="0" Pressure="0"/>
        <Point X="338" Y="238" T="0" Pressure="0"/>
        <Point X="338" Y="241" T="0" Pressure="0"/>
        <Point X="338" Y="246" T="0" Pressure="0"/>
        <Point X="338" Y="249" T="0" Pressure="0"/>
        <Point X="338" Y="255" T="0" Pressure="0"/>
        <Point X="338" Y="261" T="0" Pressure="0"/>
        <Point X="337" Y="266" T="0" Pressure="0"/>
        <Point X="336" Y="273" T="0" Pressure="0"/>
        <Point X="335" Y="280" T="0" Pressure="0"/>
        <Point X="334" Y="287" T="0" Pressure="0"/>
        <Point X="334" Y="294" T="0" Pressure="0"/>
        <Point X="334" Y="301" T="0" Pressure="0"/>
        <Point X="333" Y="307" T="0" Pressure="0"/>
        <Point X="333" Y="312" T="0" Pressure="0"/>
        <Point X="333" Y="317" T="0" Pressure="0"/>
        <Point X="332" Y="321" T="0" Pressure="0"/>
        <Point X="332" Y="326" T="0" Pressure="0"/>
        <Point X="332" Y="329" T="0" Pressure="0"/>
        <Point X="332" Y="333" T="0" Pressure="0"/>
        <Point X="332" Y="336" T="0" Pressure="0"/>
        <Point X="332" Y="338" T="0" Pressure="0"/>
        <Point X="332" Y="340" T="0" Pressure="0"/>
        <Point X="332" Y="342" T="0" Pressure="0"/>
        <Point X="332" Y="343" T="0" Pressure="0"/>
        <Point X="333" Y="344" T="0" Pressure="0"/>
        <Point X="333" Y="345" T="0" Pressure="0"/>
        <Point X="333" Y="346" T="0" Pressure="0"/>
    </Stroke>
    <Stroke index="2">
        <Point X="337" Y="305" T="0" Pressure="0"/>
        <Point X="337" Y="304" T="0" Pressure="0"/>
        <Point X="337" Y="303" T="0" Pressure="0"/>
        <Point X="337" Y="302" T="0" Pressure="0"/>
        <Point X="337" Y="300" T="0" Pressure="0"/>
        <Point X="338" Y="299" T="0" Pressure="0"/>
        <Point X="338" Y="298" T="0" Pressure="0"/>
        <Point X="340" Y="297" T="0" Pressure="0"/>
        <Point X="342" Y="297" T="0" Pressure="0"/>
        <Point X="345" Y="296" T="0" Pressure="0"/>
        <Point X="348" Y="296" T="0" Pressure="0"/>
        <Point X="351" Y="295" T="0" Pressure="0"/>
        <Point X="355" Y="294" T="0" Pressure="0"/>
        <Point X="359" Y="293" T="0" Pressure="0"/>
        <Point X="364" Y="293" T="0" Pressure="0"/>
        <Point X="368" Y="292" T="0" Pressure="0"/>
        <Point X="372" Y="291" T="0" Pressure="0"/>
        <Point X="378" Y="290" T="0" Pressure="0"/>
        <Point X="382" Y="289" T="0" Pressure="0"/>
        <Point X="386" Y="288" T="0" Pressure="0"/>
        <Point X="390" Y="287" T="0" Pressure="0"/>
        <Point X="394" Y="286" T="0" Pressure="0"/>
        <Point X="398" Y="284" T="0" Pressure="0"/>
        <Point X="402" Y="283" T="0" Pressure="0"/>
        <Point X="405" Y="281" T="0" Pressure="0"/>
        <Point X="408" Y="280" T="0" Pressure="0"/>
    </Stroke>
    <Stroke index="3">
        <Point X="410" Y="235" T="0" Pressure="0"/>
        <Point X="408" Y="233" T="0" Pressure="0"/>
        <Point X="406" Y="231" T="0" Pressure="0"/>
        <Point X="406" Y="230" T="0" Pressure="0"/>
        <Point X="405" Y="229" T="0" Pressure="0"/>
        <Point X="404" Y="229" T="0" Pressure="0"/>
        <Point X="403" Y="229" T="0" Pressure="0"/>
        <Point X="403" Y="230" T="0" Pressure="0"/>
        <Point X="402" Y="233" T="0" Pressure="0"/>
        <Point X="402" Y="235" T="0" Pressure="0"/>
        <Point X="402" Y="238" T="0" Pressure="0"/>
        <Point X="402" Y="240" T="0" Pressure="0"/>
        <Point X="402" Y="243" T="0" Pressure="0"/>
        <Point X="402" Y="246" T="0" Pressure="0"/>
        <Point X="402" Y="249" T="0" Pressure="0"/>
        <Point X="401" Y="253" T="0" Pressure="0"/>
        <Point X="401" Y="257" T="0" Pressure="0"/>
        <Point X="401" Y="261" T="0" Pressure="0"/>
        <Point X="400" Y="265" T="0" Pressure="0"/>
        <Point X="400" Y="270" T="0" Pressure="0"/>
        <Point X="399" Y="274" T="0" Pressure="0"/>
        <Point X="399" Y="279" T="0" Pressure="0"/>
        <Point X="399" Y="284" T="0" Pressure="0"/>
        <Point X="399" Y="293" T="0" Pressure="0"/>
        <Point X="399" Y="297" T="0" Pressure="0"/>
        <Point X="399" Y="302" T="0" Pressure="0"/>
        <Point X="399" Y="306" T="0" Pressure="0"/>
        <Point X="399" Y="309" T="0" Pressure="0"/>
        <Point X="400" Y="313" T="0" Pressure="0"/>
        <Point X="401" Y="315" T="0" Pressure="0"/>
        <Point X="401" Y="318" T="0" Pressure="0"/>
        <Point X="401" Y="320" T="0" Pressure="0"/>
        <Point X="402" Y="322" T="0" Pressure="0"/>
        <Point X="402" Y="323" T="0" Pressure="0"/>
        <Point X="402" Y="325" T="0" Pressure="0"/>
        <Point X="402" Y="327" T="0" Pressure="0"/>
        <Point X="402" Y="328" T="0" Pressure="0"/>
        <Point X="402" Y="329" T="0" Pressure="0"/>
        <Point X="402" Y="331" T="0" Pressure="0"/>
        <Point X="401" Y="332" T="0" Pressure="0"/>
        <Point X="401" Y="333" T="0" Pressure="0"/>
        <Point X="400" Y="334" T="0" Pressure="0"/>
        <Point X="399" Y="335" T="0" Pressure="0"/>
    </Stroke>
</Gesture>
