<?xml version="1.0" ?>
<Gesture Name="I~05" Subject="2" Number="5" NumPts="80" InputType="stylus" Speed="MEDIUM">
    <Stroke index="1">
        <Point X="333" Y="259" T="0" Pressure="0"/>
        <Point X="335" Y="256" T="0" Pressure="0"/>
        <Point X="340" Y="253" T="0" Pressure="0"/>
        <Point X="343" Y="252" T="0" Pressure="0"/>
        <Point X="348" Y="249" T="0" Pressure="0"/>
        <Point X="359" Y="246" T="0" Pressure="0"/>
        <Point X="365" Y="243" T="0" Pressure="0"/>
        <Point X="372" Y="241" T="0" Pressure="0"/>
        <Point X="388" Y="237" T="0" Pressure="0"/>
        <Point X="394" Y="235" T="0" Pressure="0"/>
        <Point X="402" Y="233" T="0" Pressure="0"/>
        <Point X="416" Y="230" T="0" Pressure="0"/>
        <Point X="422" Y="229" T="0" Pressure="0"/>
        <Point X="429" Y="228" T="0" Pressure="0"/>
        <Point X="439" Y="227" T="0" Pressure="0"/>
        <Point X="443" Y="227" T="0" Pressure="0"/>
        <Point X="447" Y="227" T="0" Pressure="0"/>
        <Point X="454" Y="227" T="0" Pressure="0"/>
        <Point X="455" Y="227" T="0" Pressure="0"/>
        <Point X="458" Y="228" T="0" Pressure="0"/>
        <Point X="459" Y="229" T="0" Pressure="0"/>
        <Point X="459" Y="231" T="0" Pressure="0"/>
        <Point X="459" Y="232" T="0" Pressure="0"/>
    </Stroke>
    <Stroke index="2">
        <Point X="398" Y="242" T="0" Pressure="0"/>
        <Point X="397" Y="240" T="0" Pressure="0"/>
        <Point X="397" Y="239" T="0" Pressure="0"/>
        <Point X="397" Y="240" T="0" Pressure="0"/>
        <Point X="397" Y="241" T="0" Pressure="0"/>
        <Point X="397" Y="243" T="0" Pressure="0"/>
        <Point X="397" Y="245" T="0" Pressure="0"/>
        <Point X="397" Y="249" T="0" Pressure="0"/>
        <Point X="397" Y="253" T="0" Pressure="0"/>
        <Point X="397" Y="255" T="0" Pressure="0"/>
        <Point X="397" Y="263" T="0" Pressure="0"/>
        <Point X="396" Y="267" T="0" Pressure="0"/>
        <Point X="395" Y="271" T="0" Pressure="0"/>
        <Point X="394" Y="283" T="0" Pressure="0"/>
        <Point X="393" Y="288" T="0" Pressure="0"/>
        <Point X="392" Y="295" T="0" Pressure="0"/>
        <Point X="390" Y="307" T="0" Pressure="0"/>
        <Point X="389" Y="312" T="0" Pressure="0"/>
        <Point X="388" Y="317" T="0" Pressure="0"/>
        <Point X="387" Y="322" T="0" Pressure="0"/>
        <Point X="387" Y="328" T="0" Pressure="0"/>
        <Point X="386" Y="332" T="0" Pressure="0"/>
        <Point X="386" Y="336" T="0" Pressure="0"/>
        <Point X="386" Y="342" T="0" Pressure="0"/>
        <Point X="386" Y="346" T="0" Pressure="0"/>
        <Point X="386" Y="351" T="0" Pressure="0"/>
        <Point X="387" Y="356" T="0" Pressure="0"/>
        <Point X="387" Y="357" T="0" Pressure="0"/>
        <Point X="389" Y="360" T="0" Pressure="0"/>
        <Point X="390" Y="361" T="0" Pressure="0"/>
    </Stroke>
    <Stroke index="3">
        <Point X="338" Y="373" T="0" Pressure="0"/>
        <Point X="336" Y="373" T="0" Pressure="0"/>
        <Point X="336" Y="372" T="0" Pressure="0"/>
        <Point X="336" Y="371" T="0" Pressure="0"/>
        <Point X="338" Y="371" T="0" Pressure="0"/>
        <Point X="339" Y="370" T="0" Pressure="0"/>
        <Point X="341" Y="370" T="0" Pressure="0"/>
        <Point X="344" Y="369" T="0" Pressure="0"/>
        <Point X="350" Y="368" T="0" Pressure="0"/>
        <Point X="355" Y="367" T="0" Pressure="0"/>
        <Point X="360" Y="366" T="0" Pressure="0"/>
        <Point X="371" Y="365" T="0" Pressure="0"/>
        <Point X="376" Y="364" T="0" Pressure="0"/>
        <Point X="383" Y="363" T="0" Pressure="0"/>
        <Point X="389" Y="363" T="0" Pressure="0"/>
        <Point X="394" Y="362" T="0" Pressure="0"/>
        <Point X="398" Y="362" T="0" Pressure="0"/>
        <Point X="404" Y="361" T="0" Pressure="0"/>
        <Point X="413" Y="361" T="0" Pressure="0"/>
        <Point X="416" Y="360" T="0" Pressure="0"/>
        <Point X="420" Y="360" T="0" Pressure="0"/>
        <Point X="423" Y="360" T="0" Pressure="0"/>
        <Point X="425" Y="360" T="0" Pressure="0"/>
        <Point X="428" Y="360" T="0" Pressure="0"/>
        <Point X="431" Y="360" T="0" Pressure="0"/>
        <Point X="432" Y="360" T="0" Pressure="0"/>
        <Point X="435" Y="360" T="0" Pressure="0"/>
    </Stroke>
</Gesture>
