<?xml version="1.0" ?>
<Gesture Name="null~09" Subject="1" Number="9" NumPts="96" InputType="stylus" Speed="MEDIUM">
    <Stroke index="1">
        <Point X="380" Y="274" T="0" Pressure="0"/>
        <Point X="378" Y="274" T="0" Pressure="0"/>
        <Point X="376" Y="274" T="0" Pressure="0"/>
        <Point X="374" Y="274" T="0" Pressure="0"/>
        <Point X="373" Y="274" T="0" Pressure="0"/>
        <Point X="372" Y="275" T="0" Pressure="0"/>
        <Point X="370" Y="276" T="0" Pressure="0"/>
        <Point X="369" Y="278" T="0" Pressure="0"/>
        <Point X="366" Y="280" T="0" Pressure="0"/>
        <Point X="365" Y="282" T="0" Pressure="0"/>
        <Point X="363" Y="285" T="0" Pressure="0"/>
        <Point X="361" Y="288" T="0" Pressure="0"/>
        <Point X="358" Y="295" T="0" Pressure="0"/>
        <Point X="355" Y="299" T="0" Pressure="0"/>
        <Point X="354" Y="303" T="0" Pressure="0"/>
        <Point X="353" Y="307" T="0" Pressure="0"/>
        <Point X="351" Y="315" T="0" Pressure="0"/>
        <Point X="351" Y="319" T="0" Pressure="0"/>
        <Point X="351" Y="323" T="0" Pressure="0"/>
        <Point X="351" Y="327" T="0" Pressure="0"/>
        <Point X="351" Y="331" T="0" Pressure="0"/>
        <Point X="353" Y="334" T="0" Pressure="0"/>
        <Point X="354" Y="337" T="0" Pressure="0"/>
        <Point X="356" Y="340" T="0" Pressure="0"/>
        <Point X="358" Y="343" T="0" Pressure="0"/>
        <Point X="360" Y="344" T="0" Pressure="0"/>
        <Point X="362" Y="346" T="0" Pressure="0"/>
        <Point X="365" Y="347" T="0" Pressure="0"/>
        <Point X="368" Y="349" T="0" Pressure="0"/>
        <Point X="370" Y="350" T="0" Pressure="0"/>
        <Point X="374" Y="351" T="0" Pressure="0"/>
        <Point X="377" Y="352" T="0" Pressure="0"/>
        <Point X="380" Y="352" T="0" Pressure="0"/>
        <Point X="384" Y="352" T="0" Pressure="0"/>
        <Point X="388" Y="352" T="0" Pressure="0"/>
        <Point X="400" Y="348" T="0" Pressure="0"/>
        <Point X="404" Y="346" T="0" Pressure="0"/>
        <Point X="408" Y="344" T="0" Pressure="0"/>
        <Point X="412" Y="343" T="0" Pressure="0"/>
        <Point X="415" Y="340" T="0" Pressure="0"/>
        <Point X="422" Y="335" T="0" Pressure="0"/>
        <Point X="425" Y="332" T="0" Pressure="0"/>
        <Point X="426" Y="329" T="0" Pressure="0"/>
        <Point X="429" Y="326" T="0" Pressure="0"/>
        <Point X="430" Y="322" T="0" Pressure="0"/>
        <Point X="432" Y="318" T="0" Pressure="0"/>
        <Point X="433" Y="314" T="0" Pressure="0"/>
        <Point X="432" Y="295" T="0" Pressure="0"/>
        <Point X="429" Y="291" T="0" Pressure="0"/>
        <Point X="428" Y="287" T="0" Pressure="0"/>
        <Point X="425" Y="283" T="0" Pressure="0"/>
        <Point X="422" Y="280" T="0" Pressure="0"/>
        <Point X="414" Y="275" T="0" Pressure="0"/>
        <Point X="410" Y="273" T="0" Pressure="0"/>
        <Point X="406" Y="272" T="0" Pressure="0"/>
        <Point X="403" Y="272" T="0" Pressure="0"/>
        <Point X="398" Y="272" T="0" Pressure="0"/>
        <Point X="394" Y="272" T="0" Pressure="0"/>
        <Point X="389" Y="272" T="0" Pressure="0"/>
        <Point X="381" Y="275" T="0" Pressure="0"/>
        <Point X="379" Y="276" T="0" Pressure="0"/>
        <Point X="376" Y="277" T="0" Pressure="0"/>
        <Point X="369" Y="281" T="0" Pressure="0"/>
    </Stroke>
    <Stroke index="2">
        <Point X="453" Y="246" T="0" Pressure="0"/>
        <Point X="452" Y="247" T="0" Pressure="0"/>
        <Point X="451" Y="247" T="0" Pressure="0"/>
        <Point X="449" Y="248" T="0" Pressure="0"/>
        <Point X="448" Y="249" T="0" Pressure="0"/>
        <Point X="447" Y="251" T="0" Pressure="0"/>
        <Point X="445" Y="252" T="0" Pressure="0"/>
        <Point X="443" Y="254" T="0" Pressure="0"/>
        <Point X="440" Y="257" T="0" Pressure="0"/>
        <Point X="433" Y="264" T="0" Pressure="0"/>
        <Point X="429" Y="269" T="0" Pressure="0"/>
        <Point X="425" Y="274" T="0" Pressure="0"/>
        <Point X="421" Y="279" T="0" Pressure="0"/>
        <Point X="416" Y="284" T="0" Pressure="0"/>
        <Point X="410" Y="291" T="0" Pressure="0"/>
        <Point X="406" Y="296" T="0" Pressure="0"/>
        <Point X="394" Y="309" T="0" Pressure="0"/>
        <Point X="388" Y="316" T="0" Pressure="0"/>
        <Point X="383" Y="322" T="0" Pressure="0"/>
        <Point X="376" Y="328" T="0" Pressure="0"/>
        <Point X="364" Y="341" T="0" Pressure="0"/>
        <Point X="358" Y="346" T="0" Pressure="0"/>
        <Point X="353" Y="351" T="0" Pressure="0"/>
        <Point X="342" Y="360" T="0" Pressure="0"/>
        <Point X="338" Y="364" T="0" Pressure="0"/>
        <Point X="333" Y="367" T="0" Pressure="0"/>
        <Point X="330" Y="368" T="0" Pressure="0"/>
        <Point X="327" Y="370" T="0" Pressure="0"/>
        <Point X="324" Y="372" T="0" Pressure="0"/>
        <Point X="321" Y="373" T="0" Pressure="0"/>
        <Point X="320" Y="374" T="0" Pressure="0"/>
        <Point X="317" Y="376" T="0" Pressure="0"/>
        <Point X="316" Y="376" T="0" Pressure="0"/>
    </Stroke>
</Gesture>
