<?xml version="1.0" ?>
<Gesture Name="N~06" Subject="1" Number="6" NumPts="101" InputType="stylus" Speed="MEDIUM">
    <Stroke index="1">
        <Point X="343" Y="264" T="0" Pressure="0"/>
        <Point X="342" Y="264" T="0" Pressure="0"/>
        <Point X="341" Y="264" T="0" Pressure="0"/>
        <Point X="340" Y="264" T="0" Pressure="0"/>
        <Point X="340" Y="265" T="0" Pressure="0"/>
        <Point X="339" Y="266" T="0" Pressure="0"/>
        <Point X="339" Y="267" T="0" Pressure="0"/>
        <Point X="339" Y="275" T="0" Pressure="0"/>
        <Point X="339" Y="279" T="0" Pressure="0"/>
        <Point X="339" Y="284" T="0" Pressure="0"/>
        <Point X="339" Y="289" T="0" Pressure="0"/>
        <Point X="339" Y="294" T="0" Pressure="0"/>
        <Point X="339" Y="300" T="0" Pressure="0"/>
        <Point X="339" Y="313" T="0" Pressure="0"/>
        <Point X="339" Y="320" T="0" Pressure="0"/>
        <Point X="339" Y="326" T="0" Pressure="0"/>
        <Point X="339" Y="339" T="0" Pressure="0"/>
        <Point X="339" Y="344" T="0" Pressure="0"/>
        <Point X="340" Y="351" T="0" Pressure="0"/>
        <Point X="340" Y="356" T="0" Pressure="0"/>
        <Point X="340" Y="361" T="0" Pressure="0"/>
        <Point X="341" Y="364" T="0" Pressure="0"/>
        <Point X="342" Y="368" T="0" Pressure="0"/>
        <Point X="342" Y="370" T="0" Pressure="0"/>
        <Point X="342" Y="373" T="0" Pressure="0"/>
        <Point X="343" Y="376" T="0" Pressure="0"/>
        <Point X="343" Y="377" T="0" Pressure="0"/>
        <Point X="343" Y="379" T="0" Pressure="0"/>
        <Point X="343" Y="380" T="0" Pressure="0"/>
        <Point X="343" Y="378" T="0" Pressure="0"/>
        <Point X="343" Y="377" T="0" Pressure="0"/>
    </Stroke>
    <Stroke index="2">
        <Point X="339" Y="271" T="0" Pressure="0"/>
        <Point X="339" Y="270" T="0" Pressure="0"/>
        <Point X="338" Y="269" T="0" Pressure="0"/>
        <Point X="338" Y="267" T="0" Pressure="0"/>
        <Point X="338" Y="266" T="0" Pressure="0"/>
        <Point X="338" Y="265" T="0" Pressure="0"/>
        <Point X="338" Y="264" T="0" Pressure="0"/>
        <Point X="339" Y="264" T="0" Pressure="0"/>
        <Point X="340" Y="264" T="0" Pressure="0"/>
        <Point X="342" Y="264" T="0" Pressure="0"/>
        <Point X="343" Y="266" T="0" Pressure="0"/>
        <Point X="346" Y="269" T="0" Pressure="0"/>
        <Point X="348" Y="271" T="0" Pressure="0"/>
        <Point X="350" Y="273" T="0" Pressure="0"/>
        <Point X="352" Y="276" T="0" Pressure="0"/>
        <Point X="354" Y="279" T="0" Pressure="0"/>
        <Point X="357" Y="283" T="0" Pressure="0"/>
        <Point X="360" Y="287" T="0" Pressure="0"/>
        <Point X="364" Y="292" T="0" Pressure="0"/>
        <Point X="366" Y="296" T="0" Pressure="0"/>
        <Point X="370" Y="301" T="0" Pressure="0"/>
        <Point X="373" Y="306" T="0" Pressure="0"/>
        <Point X="377" Y="312" T="0" Pressure="0"/>
        <Point X="381" Y="317" T="0" Pressure="0"/>
        <Point X="386" Y="323" T="0" Pressure="0"/>
        <Point X="391" Y="327" T="0" Pressure="0"/>
        <Point X="399" Y="337" T="0" Pressure="0"/>
        <Point X="404" Y="341" T="0" Pressure="0"/>
        <Point X="409" Y="345" T="0" Pressure="0"/>
        <Point X="418" Y="351" T="0" Pressure="0"/>
        <Point X="422" Y="355" T="0" Pressure="0"/>
        <Point X="426" Y="357" T="0" Pressure="0"/>
        <Point X="434" Y="361" T="0" Pressure="0"/>
        <Point X="437" Y="363" T="0" Pressure="0"/>
        <Point X="440" Y="364" T="0" Pressure="0"/>
        <Point X="445" Y="365" T="0" Pressure="0"/>
        <Point X="448" Y="365" T="0" Pressure="0"/>
        <Point X="449" Y="365" T="0" Pressure="0"/>
        <Point X="452" Y="365" T="0" Pressure="0"/>
    </Stroke>
    <Stroke index="3">
        <Point X="437" Y="259" T="0" Pressure="0"/>
        <Point X="436" Y="257" T="0" Pressure="0"/>
        <Point X="434" Y="256" T="0" Pressure="0"/>
        <Point X="434" Y="254" T="0" Pressure="0"/>
        <Point X="434" Y="253" T="0" Pressure="0"/>
        <Point X="434" Y="252" T="0" Pressure="0"/>
        <Point X="434" Y="253" T="0" Pressure="0"/>
        <Point X="434" Y="254" T="0" Pressure="0"/>
        <Point X="434" Y="257" T="0" Pressure="0"/>
        <Point X="434" Y="259" T="0" Pressure="0"/>
        <Point X="434" Y="262" T="0" Pressure="0"/>
        <Point X="434" Y="264" T="0" Pressure="0"/>
        <Point X="436" Y="273" T="0" Pressure="0"/>
        <Point X="436" Y="277" T="0" Pressure="0"/>
        <Point X="436" Y="282" T="0" Pressure="0"/>
        <Point X="437" Y="287" T="0" Pressure="0"/>
        <Point X="437" Y="292" T="0" Pressure="0"/>
        <Point X="437" Y="303" T="0" Pressure="0"/>
        <Point X="438" Y="310" T="0" Pressure="0"/>
        <Point X="440" Y="326" T="0" Pressure="0"/>
        <Point X="441" Y="332" T="0" Pressure="0"/>
        <Point X="441" Y="337" T="0" Pressure="0"/>
        <Point X="443" Y="344" T="0" Pressure="0"/>
        <Point X="444" Y="347" T="0" Pressure="0"/>
        <Point X="444" Y="351" T="0" Pressure="0"/>
        <Point X="446" Y="355" T="0" Pressure="0"/>
        <Point X="446" Y="357" T="0" Pressure="0"/>
        <Point X="447" Y="358" T="0" Pressure="0"/>
        <Point X="447" Y="360" T="0" Pressure="0"/>
        <Point X="447" Y="361" T="0" Pressure="0"/>
        <Point X="447" Y="362" T="0" Pressure="0"/>
    </Stroke>
</Gesture>
