<?xml version="1.0" ?>
<Gesture Name="X~06" Subject="1" Number="6" NumPts="50" InputType="stylus" Speed="MEDIUM">
    <Stroke index="1">
        <Point X="335" Y="279" T="0" Pressure="0"/>
        <Point X="335" Y="277" T="0" Pressure="0"/>
        <Point X="338" Y="277" T="0" Pressure="0"/>
        <Point X="341" Y="280" T="0" Pressure="0"/>
        <Point X="343" Y="282" T="0" Pressure="0"/>
        <Point X="346" Y="284" T="0" Pressure="0"/>
        <Point X="349" Y="287" T="0" Pressure="0"/>
        <Point X="353" Y="291" T="0" Pressure="0"/>
        <Point X="356" Y="295" T="0" Pressure="0"/>
        <Point X="361" Y="300" T="0" Pressure="0"/>
        <Point X="365" Y="306" T="0" Pressure="0"/>
        <Point X="369" Y="311" T="0" Pressure="0"/>
        <Point X="379" Y="322" T="0" Pressure="0"/>
        <Point X="384" Y="327" T="0" Pressure="0"/>
        <Point X="388" Y="333" T="0" Pressure="0"/>
        <Point X="399" Y="344" T="0" Pressure="0"/>
        <Point X="403" Y="349" T="0" Pressure="0"/>
        <Point X="408" Y="353" T="0" Pressure="0"/>
        <Point X="417" Y="362" T="0" Pressure="0"/>
        <Point X="422" Y="366" T="0" Pressure="0"/>
        <Point X="425" Y="368" T="0" Pressure="0"/>
        <Point X="430" Y="374" T="0" Pressure="0"/>
    </Stroke>
    <Stroke index="2">
        <Point X="429" Y="268" T="0" Pressure="0"/>
        <Point X="428" Y="268" T="0" Pressure="0"/>
        <Point X="426" Y="268" T="0" Pressure="0"/>
        <Point X="425" Y="268" T="0" Pressure="0"/>
        <Point X="424" Y="268" T="0" Pressure="0"/>
        <Point X="422" Y="269" T="0" Pressure="0"/>
        <Point X="419" Y="270" T="0" Pressure="0"/>
        <Point X="418" Y="272" T="0" Pressure="0"/>
        <Point X="415" Y="275" T="0" Pressure="0"/>
        <Point X="412" Y="278" T="0" Pressure="0"/>
        <Point X="409" Y="283" T="0" Pressure="0"/>
        <Point X="404" Y="289" T="0" Pressure="0"/>
        <Point X="400" Y="293" T="0" Pressure="0"/>
        <Point X="395" Y="300" T="0" Pressure="0"/>
        <Point X="391" Y="307" T="0" Pressure="0"/>
        <Point X="385" Y="314" T="0" Pressure="0"/>
        <Point X="380" Y="321" T="0" Pressure="0"/>
        <Point X="375" Y="331" T="0" Pressure="0"/>
        <Point X="370" Y="338" T="0" Pressure="0"/>
        <Point X="365" Y="346" T="0" Pressure="0"/>
        <Point X="361" Y="354" T="0" Pressure="0"/>
        <Point X="357" Y="362" T="0" Pressure="0"/>
        <Point X="353" Y="369" T="0" Pressure="0"/>
        <Point X="349" Y="376" T="0" Pressure="0"/>
        <Point X="346" Y="382" T="0" Pressure="0"/>
        <Point X="343" Y="387" T="0" Pressure="0"/>
        <Point X="339" Y="396" T="0" Pressure="0"/>
        <Point X="336" Y="400" T="0" Pressure="0"/>
    </Stroke>
</Gesture>
