<?xml version="1.0" ?>
<Gesture Name="T~09" Subject="1" Number="9" NumPts="40" InputType="stylus" Speed="MEDIUM">
    <Stroke index="1">
        <Point X="330" Y="333" T="0" Pressure="0"/>
        <Point X="334" Y="331" T="0" Pressure="0"/>
        <Point X="336" Y="329" T="0" Pressure="0"/>
        <Point X="351" Y="326" T="0" Pressure="0"/>
        <Point X="357" Y="325" T="0" Pressure="0"/>
        <Point X="363" Y="324" T="0" Pressure="0"/>
        <Point X="376" Y="322" T="0" Pressure="0"/>
        <Point X="382" Y="321" T="0" Pressure="0"/>
        <Point X="388" Y="320" T="0" Pressure="0"/>
        <Point X="400" Y="319" T="0" Pressure="0"/>
        <Point X="406" Y="319" T="0" Pressure="0"/>
        <Point X="411" Y="318" T="0" Pressure="0"/>
        <Point X="420" Y="318" T="0" Pressure="0"/>
        <Point X="424" Y="318" T="0" Pressure="0"/>
        <Point X="426" Y="318" T="0" Pressure="0"/>
        <Point X="430" Y="318" T="0" Pressure="0"/>
        <Point X="432" Y="318" T="0" Pressure="0"/>
        <Point X="433" Y="318" T="0" Pressure="0"/>
        <Point X="432" Y="318" T="0" Pressure="0"/>
    </Stroke>
    <Stroke index="2">
        <Point X="391" Y="325" T="0" Pressure="0"/>
        <Point X="391" Y="327" T="0" Pressure="0"/>
        <Point X="391" Y="329" T="0" Pressure="0"/>
        <Point X="392" Y="331" T="0" Pressure="0"/>
        <Point X="392" Y="333" T="0" Pressure="0"/>
        <Point X="392" Y="337" T="0" Pressure="0"/>
        <Point X="392" Y="341" T="0" Pressure="0"/>
        <Point X="392" Y="345" T="0" Pressure="0"/>
        <Point X="392" Y="349" T="0" Pressure="0"/>
        <Point X="392" Y="354" T="0" Pressure="0"/>
        <Point X="391" Y="358" T="0" Pressure="0"/>
        <Point X="391" Y="364" T="0" Pressure="0"/>
        <Point X="390" Y="368" T="0" Pressure="0"/>
        <Point X="389" Y="372" T="0" Pressure="0"/>
        <Point X="388" Y="376" T="0" Pressure="0"/>
        <Point X="388" Y="381" T="0" Pressure="0"/>
        <Point X="388" Y="385" T="0" Pressure="0"/>
        <Point X="387" Y="390" T="0" Pressure="0"/>
        <Point X="387" Y="393" T="0" Pressure="0"/>
        <Point X="386" Y="396" T="0" Pressure="0"/>
        <Point X="386" Y="400" T="0" Pressure="0"/>
    </Stroke>
</Gesture>
