<?xml version="1.0" ?>
<Gesture Name="I~01" Subject="1" Number="1" NumPts="108" InputType="stylus" Speed="MEDIUM">
    <Stroke index="1">
        <Point X="323" Y="233" T="0" Pressure="0"/>
        <Point X="323" Y="232" T="0" Pressure="0"/>
        <Point X="325" Y="229" T="0" Pressure="0"/>
        <Point X="328" Y="228" T="0" Pressure="0"/>
        <Point X="330" Y="227" T="0" Pressure="0"/>
        <Point X="334" Y="226" T="0" Pressure="0"/>
        <Point X="339" Y="224" T="0" Pressure="0"/>
        <Point X="344" Y="222" T="0" Pressure="0"/>
        <Point X="363" Y="218" T="0" Pressure="0"/>
        <Point X="369" Y="217" T="0" Pressure="0"/>
        <Point X="376" Y="216" T="0" Pressure="0"/>
        <Point X="384" Y="214" T="0" Pressure="0"/>
        <Point X="390" Y="213" T="0" Pressure="0"/>
        <Point X="397" Y="212" T="0" Pressure="0"/>
        <Point X="403" Y="212" T="0" Pressure="0"/>
        <Point X="409" Y="211" T="0" Pressure="0"/>
        <Point X="414" Y="211" T="0" Pressure="0"/>
        <Point X="419" Y="210" T="0" Pressure="0"/>
        <Point X="424" Y="210" T="0" Pressure="0"/>
        <Point X="429" Y="209" T="0" Pressure="0"/>
        <Point X="433" Y="209" T="0" Pressure="0"/>
        <Point X="436" Y="209" T="0" Pressure="0"/>
        <Point X="444" Y="209" T="0" Pressure="0"/>
        <Point X="445" Y="210" T="0" Pressure="0"/>
        <Point X="447" Y="210" T="0" Pressure="0"/>
        <Point X="447" Y="211" T="0" Pressure="0"/>
        <Point X="447" Y="212" T="0" Pressure="0"/>
        <Point X="445" Y="213" T="0" Pressure="0"/>
        <Point X="444" Y="213" T="0" Pressure="0"/>
    </Stroke>
    <Stroke index="2">
        <Point X="392" Y="222" T="0" Pressure="0"/>
        <Point X="391" Y="222" T="0" Pressure="0"/>
        <Point X="391" Y="221" T="0" Pressure="0"/>
        <Point X="390" Y="221" T="0" Pressure="0"/>
        <Point X="390" Y="222" T="0" Pressure="0"/>
        <Point X="390" Y="223" T="0" Pressure="0"/>
        <Point X="390" Y="224" T="0" Pressure="0"/>
        <Point X="390" Y="226" T="0" Pressure="0"/>
        <Point X="390" Y="229" T="0" Pressure="0"/>
        <Point X="390" Y="232" T="0" Pressure="0"/>
        <Point X="389" Y="235" T="0" Pressure="0"/>
        <Point X="389" Y="239" T="0" Pressure="0"/>
        <Point X="388" Y="243" T="0" Pressure="0"/>
        <Point X="388" Y="247" T="0" Pressure="0"/>
        <Point X="387" Y="252" T="0" Pressure="0"/>
        <Point X="385" Y="258" T="0" Pressure="0"/>
        <Point X="384" Y="264" T="0" Pressure="0"/>
        <Point X="383" Y="269" T="0" Pressure="0"/>
        <Point X="382" Y="274" T="0" Pressure="0"/>
        <Point X="380" Y="285" T="0" Pressure="0"/>
        <Point X="380" Y="290" T="0" Pressure="0"/>
        <Point X="380" Y="294" T="0" Pressure="0"/>
        <Point X="379" Y="298" T="0" Pressure="0"/>
        <Point X="379" Y="302" T="0" Pressure="0"/>
        <Point X="379" Y="305" T="0" Pressure="0"/>
        <Point X="379" Y="308" T="0" Pressure="0"/>
        <Point X="379" Y="314" T="0" Pressure="0"/>
        <Point X="380" Y="315" T="0" Pressure="0"/>
        <Point X="380" Y="317" T="0" Pressure="0"/>
        <Point X="380" Y="318" T="0" Pressure="0"/>
        <Point X="380" Y="319" T="0" Pressure="0"/>
        <Point X="380" Y="320" T="0" Pressure="0"/>
        <Point X="380" Y="321" T="0" Pressure="0"/>
        <Point X="380" Y="322" T="0" Pressure="0"/>
        <Point X="377" Y="324" T="0" Pressure="0"/>
        <Point X="376" Y="325" T="0" Pressure="0"/>
        <Point X="376" Y="326" T="0" Pressure="0"/>
        <Point X="374" Y="327" T="0" Pressure="0"/>
        <Point X="373" Y="329" T="0" Pressure="0"/>
    </Stroke>
    <Stroke index="3">
        <Point X="312" Y="368" T="0" Pressure="0"/>
        <Point X="308" Y="367" T="0" Pressure="0"/>
        <Point X="306" Y="366" T="0" Pressure="0"/>
        <Point X="306" Y="365" T="0" Pressure="0"/>
        <Point X="306" Y="364" T="0" Pressure="0"/>
        <Point X="307" Y="364" T="0" Pressure="0"/>
        <Point X="309" Y="363" T="0" Pressure="0"/>
        <Point X="310" Y="363" T="0" Pressure="0"/>
        <Point X="313" Y="363" T="0" Pressure="0"/>
        <Point X="316" Y="362" T="0" Pressure="0"/>
        <Point X="320" Y="361" T="0" Pressure="0"/>
        <Point X="323" Y="361" T="0" Pressure="0"/>
        <Point X="327" Y="360" T="0" Pressure="0"/>
        <Point X="332" Y="359" T="0" Pressure="0"/>
        <Point X="339" Y="357" T="0" Pressure="0"/>
        <Point X="346" Y="356" T="0" Pressure="0"/>
        <Point X="354" Y="355" T="0" Pressure="0"/>
        <Point X="361" Y="353" T="0" Pressure="0"/>
        <Point X="369" Y="351" T="0" Pressure="0"/>
        <Point X="376" Y="349" T="0" Pressure="0"/>
        <Point X="384" Y="348" T="0" Pressure="0"/>
        <Point X="391" Y="347" T="0" Pressure="0"/>
        <Point X="398" Y="345" T="0" Pressure="0"/>
        <Point X="404" Y="345" T="0" Pressure="0"/>
        <Point X="410" Y="344" T="0" Pressure="0"/>
        <Point X="415" Y="343" T="0" Pressure="0"/>
        <Point X="420" Y="343" T="0" Pressure="0"/>
        <Point X="425" Y="342" T="0" Pressure="0"/>
        <Point X="429" Y="342" T="0" Pressure="0"/>
        <Point X="433" Y="341" T="0" Pressure="0"/>
        <Point X="436" Y="341" T="0" Pressure="0"/>
        <Point X="441" Y="340" T="0" Pressure="0"/>
        <Point X="443" Y="340" T="0" Pressure="0"/>
        <Point X="444" Y="340" T="0" Pressure="0"/>
        <Point X="445" Y="340" T="0" Pressure="0"/>
        <Point X="445" Y="341" T="0" Pressure="0"/>
        <Point X="445" Y="342" T="0" Pressure="0"/>
        <Point X="444" Y="342" T="0" Pressure="0"/>
        <Point X="443" Y="343" T="0" Pressure="0"/>
        <Point X="441" Y="344" T="0" Pressure="0"/>
    </Stroke>
</Gesture>
