<?xml version="1.0" ?>
<Gesture Name="asterisk~08" Subject="1" Number="8" NumPts="105" InputType="stylus" Speed="MEDIUM">
    <Stroke index="1">
        <Point X="406" Y="243" T="0" Pressure="0"/>
        <Point X="405" Y="243" T="0" Pressure="0"/>
        <Point X="404" Y="243" T="0" Pressure="0"/>
        <Point X="404" Y="244" T="0" Pressure="0"/>
        <Point X="404" Y="245" T="0" Pressure="0"/>
        <Point X="403" Y="246" T="0" Pressure="0"/>
        <Point X="403" Y="247" T="0" Pressure="0"/>
        <Point X="403" Y="249" T="0" Pressure="0"/>
        <Point X="403" Y="251" T="0" Pressure="0"/>
        <Point X="403" Y="254" T="0" Pressure="0"/>
        <Point X="402" Y="258" T="0" Pressure="0"/>
        <Point X="402" Y="262" T="0" Pressure="0"/>
        <Point X="400" Y="271" T="0" Pressure="0"/>
        <Point X="399" Y="282" T="0" Pressure="0"/>
        <Point X="398" Y="287" T="0" Pressure="0"/>
        <Point X="398" Y="293" T="0" Pressure="0"/>
        <Point X="395" Y="306" T="0" Pressure="0"/>
        <Point X="395" Y="314" T="0" Pressure="0"/>
        <Point X="394" Y="319" T="0" Pressure="0"/>
        <Point X="393" Y="331" T="0" Pressure="0"/>
        <Point X="393" Y="336" T="0" Pressure="0"/>
        <Point X="393" Y="341" T="0" Pressure="0"/>
        <Point X="393" Y="346" T="0" Pressure="0"/>
        <Point X="393" Y="353" T="0" Pressure="0"/>
        <Point X="393" Y="357" T="0" Pressure="0"/>
        <Point X="393" Y="360" T="0" Pressure="0"/>
        <Point X="394" Y="363" T="0" Pressure="0"/>
        <Point X="394" Y="365" T="0" Pressure="0"/>
        <Point X="394" Y="366" T="0" Pressure="0"/>
        <Point X="395" Y="368" T="0" Pressure="0"/>
        <Point X="395" Y="369" T="0" Pressure="0"/>
        <Point X="395" Y="370" T="0" Pressure="0"/>
        <Point X="394" Y="370" T="0" Pressure="0"/>
    </Stroke>
    <Stroke index="2">
        <Point X="345" Y="272" T="0" Pressure="0"/>
        <Point X="343" Y="272" T="0" Pressure="0"/>
        <Point X="342" Y="272" T="0" Pressure="0"/>
        <Point X="342" Y="271" T="0" Pressure="0"/>
        <Point X="343" Y="271" T="0" Pressure="0"/>
        <Point X="344" Y="272" T="0" Pressure="0"/>
        <Point X="346" Y="273" T="0" Pressure="0"/>
        <Point X="347" Y="274" T="0" Pressure="0"/>
        <Point X="349" Y="275" T="0" Pressure="0"/>
        <Point X="351" Y="276" T="0" Pressure="0"/>
        <Point X="354" Y="278" T="0" Pressure="0"/>
        <Point X="356" Y="279" T="0" Pressure="0"/>
        <Point X="359" Y="282" T="0" Pressure="0"/>
        <Point X="362" Y="284" T="0" Pressure="0"/>
        <Point X="367" Y="287" T="0" Pressure="0"/>
        <Point X="372" Y="290" T="0" Pressure="0"/>
        <Point X="376" Y="293" T="0" Pressure="0"/>
        <Point X="388" Y="299" T="0" Pressure="0"/>
        <Point X="392" Y="302" T="0" Pressure="0"/>
        <Point X="397" Y="306" T="0" Pressure="0"/>
        <Point X="406" Y="313" T="0" Pressure="0"/>
        <Point X="410" Y="316" T="0" Pressure="0"/>
        <Point X="414" Y="319" T="0" Pressure="0"/>
        <Point X="418" Y="322" T="0" Pressure="0"/>
        <Point X="421" Y="325" T="0" Pressure="0"/>
        <Point X="424" Y="328" T="0" Pressure="0"/>
        <Point X="430" Y="333" T="0" Pressure="0"/>
        <Point X="433" Y="336" T="0" Pressure="0"/>
        <Point X="434" Y="338" T="0" Pressure="0"/>
        <Point X="436" Y="339" T="0" Pressure="0"/>
        <Point X="437" Y="341" T="0" Pressure="0"/>
        <Point X="439" Y="342" T="0" Pressure="0"/>
        <Point X="440" Y="343" T="0" Pressure="0"/>
        <Point X="442" Y="345" T="0" Pressure="0"/>
        <Point X="443" Y="346" T="0" Pressure="0"/>
    </Stroke>
    <Stroke index="3">
        <Point X="434" Y="271" T="0" Pressure="0"/>
        <Point X="434" Y="269" T="0" Pressure="0"/>
        <Point X="434" Y="268" T="0" Pressure="0"/>
        <Point X="434" Y="267" T="0" Pressure="0"/>
        <Point X="434" Y="266" T="0" Pressure="0"/>
        <Point X="433" Y="264" T="0" Pressure="0"/>
        <Point X="432" Y="264" T="0" Pressure="0"/>
        <Point X="431" Y="264" T="0" Pressure="0"/>
        <Point X="430" Y="264" T="0" Pressure="0"/>
        <Point X="429" Y="266" T="0" Pressure="0"/>
        <Point X="428" Y="267" T="0" Pressure="0"/>
        <Point X="425" Y="269" T="0" Pressure="0"/>
        <Point X="419" Y="276" T="0" Pressure="0"/>
        <Point X="417" Y="278" T="0" Pressure="0"/>
        <Point X="410" Y="285" T="0" Pressure="0"/>
        <Point X="402" Y="294" T="0" Pressure="0"/>
        <Point X="398" Y="298" T="0" Pressure="0"/>
        <Point X="393" Y="303" T="0" Pressure="0"/>
        <Point X="388" Y="308" T="0" Pressure="0"/>
        <Point X="384" Y="313" T="0" Pressure="0"/>
        <Point X="374" Y="323" T="0" Pressure="0"/>
        <Point X="370" Y="327" T="0" Pressure="0"/>
        <Point X="367" Y="332" T="0" Pressure="0"/>
        <Point X="361" Y="339" T="0" Pressure="0"/>
        <Point X="358" Y="342" T="0" Pressure="0"/>
        <Point X="355" Y="344" T="0" Pressure="0"/>
        <Point X="353" Y="347" T="0" Pressure="0"/>
        <Point X="351" Y="349" T="0" Pressure="0"/>
        <Point X="350" Y="351" T="0" Pressure="0"/>
        <Point X="348" Y="353" T="0" Pressure="0"/>
        <Point X="346" Y="355" T="0" Pressure="0"/>
        <Point X="346" Y="357" T="0" Pressure="0"/>
        <Point X="345" Y="357" T="0" Pressure="0"/>
        <Point X="344" Y="357" T="0" Pressure="0"/>
        <Point X="343" Y="357" T="0" Pressure="0"/>
        <Point X="343" Y="358" T="0" Pressure="0"/>
        <Point X="342" Y="358" T="0" Pressure="0"/>
    </Stroke>
</Gesture>
