<?xml version="1.0" ?>
<Gesture Name="pitchfork~03" Subject="1" Number="3" NumPts="105" InputType="stylus" Speed="MEDIUM">
    <Stroke index="1">
        <Point X="320" Y="236" T="0" Pressure="0"/>
        <Point X="319" Y="236" T="0" Pressure="0"/>
        <Point X="318" Y="236" T="0" Pressure="0"/>
        <Point X="317" Y="236" T="0" Pressure="0"/>
        <Point X="317" Y="237" T="0" Pressure="0"/>
        <Point X="317" Y="239" T="0" Pressure="0"/>
        <Point X="317" Y="241" T="0" Pressure="0"/>
        <Point X="317" Y="246" T="0" Pressure="0"/>
        <Point X="316" Y="250" T="0" Pressure="0"/>
        <Point X="316" Y="260" T="0" Pressure="0"/>
        <Point X="316" Y="266" T="0" Pressure="0"/>
        <Point X="316" Y="272" T="0" Pressure="0"/>
        <Point X="316" Y="285" T="0" Pressure="0"/>
        <Point X="316" Y="293" T="0" Pressure="0"/>
        <Point X="316" Y="299" T="0" Pressure="0"/>
        <Point X="316" Y="312" T="0" Pressure="0"/>
        <Point X="317" Y="318" T="0" Pressure="0"/>
        <Point X="319" Y="325" T="0" Pressure="0"/>
        <Point X="321" Y="337" T="0" Pressure="0"/>
        <Point X="323" Y="341" T="0" Pressure="0"/>
        <Point X="325" Y="345" T="0" Pressure="0"/>
        <Point X="327" Y="349" T="0" Pressure="0"/>
        <Point X="330" Y="353" T="0" Pressure="0"/>
        <Point X="335" Y="359" T="0" Pressure="0"/>
        <Point X="337" Y="361" T="0" Pressure="0"/>
        <Point X="343" Y="363" T="0" Pressure="0"/>
        <Point X="345" Y="364" T="0" Pressure="0"/>
        <Point X="349" Y="364" T="0" Pressure="0"/>
        <Point X="351" Y="364" T="0" Pressure="0"/>
        <Point X="354" Y="363" T="0" Pressure="0"/>
        <Point X="358" Y="361" T="0" Pressure="0"/>
        <Point X="365" Y="357" T="0" Pressure="0"/>
        <Point X="369" Y="353" T="0" Pressure="0"/>
        <Point X="373" Y="351" T="0" Pressure="0"/>
        <Point X="377" Y="347" T="0" Pressure="0"/>
        <Point X="381" Y="343" T="0" Pressure="0"/>
        <Point X="385" Y="340" T="0" Pressure="0"/>
        <Point X="389" Y="335" T="0" Pressure="0"/>
        <Point X="395" Y="330" T="0" Pressure="0"/>
        <Point X="398" Y="325" T="0" Pressure="0"/>
        <Point X="406" Y="314" T="0" Pressure="0"/>
        <Point X="409" Y="307" T="0" Pressure="0"/>
        <Point X="413" Y="300" T="0" Pressure="0"/>
        <Point X="416" Y="293" T="0" Pressure="0"/>
        <Point X="418" Y="287" T="0" Pressure="0"/>
        <Point X="421" Y="280" T="0" Pressure="0"/>
        <Point X="422" Y="274" T="0" Pressure="0"/>
        <Point X="423" Y="269" T="0" Pressure="0"/>
        <Point X="424" Y="265" T="0" Pressure="0"/>
        <Point X="425" Y="261" T="0" Pressure="0"/>
        <Point X="425" Y="258" T="0" Pressure="0"/>
        <Point X="425" Y="257" T="0" Pressure="0"/>
        <Point X="424" Y="255" T="0" Pressure="0"/>
        <Point X="423" Y="253" T="0" Pressure="0"/>
        <Point X="422" Y="252" T="0" Pressure="0"/>
        <Point X="422" Y="251" T="0" Pressure="0"/>
        <Point X="421" Y="250" T="0" Pressure="0"/>
        <Point X="421" Y="249" T="0" Pressure="0"/>
        <Point X="419" Y="249" T="0" Pressure="0"/>
        <Point X="419" Y="248" T="0" Pressure="0"/>
        <Point X="418" Y="248" T="0" Pressure="0"/>
        <Point X="417" Y="248" T="0" Pressure="0"/>
        <Point X="416" Y="248" T="0" Pressure="0"/>
        <Point X="415" Y="248" T="0" Pressure="0"/>
        <Point X="414" Y="248" T="0" Pressure="0"/>
        <Point X="413" Y="248" T="0" Pressure="0"/>
    </Stroke>
    <Stroke index="2">
        <Point X="369" Y="254" T="0" Pressure="0"/>
        <Point X="369" Y="252" T="0" Pressure="0"/>
        <Point X="369" Y="251" T="0" Pressure="0"/>
        <Point X="369" Y="248" T="0" Pressure="0"/>
        <Point X="368" Y="247" T="0" Pressure="0"/>
        <Point X="368" Y="246" T="0" Pressure="0"/>
        <Point X="368" Y="245" T="0" Pressure="0"/>
        <Point X="368" Y="246" T="0" Pressure="0"/>
        <Point X="368" Y="247" T="0" Pressure="0"/>
        <Point X="368" Y="248" T="0" Pressure="0"/>
        <Point X="368" Y="250" T="0" Pressure="0"/>
        <Point X="367" Y="252" T="0" Pressure="0"/>
        <Point X="366" Y="254" T="0" Pressure="0"/>
        <Point X="365" Y="262" T="0" Pressure="0"/>
        <Point X="365" Y="266" T="0" Pressure="0"/>
        <Point X="364" Y="270" T="0" Pressure="0"/>
        <Point X="361" Y="282" T="0" Pressure="0"/>
        <Point X="360" Y="289" T="0" Pressure="0"/>
        <Point X="358" Y="298" T="0" Pressure="0"/>
        <Point X="355" Y="316" T="0" Pressure="0"/>
        <Point X="354" Y="326" T="0" Pressure="0"/>
        <Point X="353" Y="335" T="0" Pressure="0"/>
        <Point X="351" Y="353" T="0" Pressure="0"/>
        <Point X="351" Y="361" T="0" Pressure="0"/>
        <Point X="352" Y="367" T="0" Pressure="0"/>
        <Point X="354" Y="382" T="0" Pressure="0"/>
        <Point X="354" Y="388" T="0" Pressure="0"/>
        <Point X="355" Y="394" T="0" Pressure="0"/>
        <Point X="355" Y="398" T="0" Pressure="0"/>
        <Point X="355" Y="401" T="0" Pressure="0"/>
        <Point X="355" Y="407" T="0" Pressure="0"/>
        <Point X="355" Y="408" T="0" Pressure="0"/>
        <Point X="355" Y="410" T="0" Pressure="0"/>
        <Point X="355" Y="412" T="0" Pressure="0"/>
        <Point X="355" Y="415" T="0" Pressure="0"/>
        <Point X="355" Y="416" T="0" Pressure="0"/>
        <Point X="355" Y="418" T="0" Pressure="0"/>
        <Point X="354" Y="418" T="0" Pressure="0"/>
        <Point X="354" Y="417" T="0" Pressure="0"/>
    </Stroke>
</Gesture>
