<?xml version="1.0" ?>
<Gesture Name="arrowhead~08" Subject="1" Number="8" NumPts="77" InputType="stylus" Speed="MEDIUM">
    <Stroke index="1">
        <Point X="321" Y="387" T="0" Pressure="0"/>
        <Point X="323" Y="387" T="0" Pressure="0"/>
        <Point X="324" Y="387" T="0" Pressure="0"/>
        <Point X="324" Y="386" T="0" Pressure="0"/>
        <Point X="326" Y="386" T="0" Pressure="0"/>
        <Point X="328" Y="385" T="0" Pressure="0"/>
        <Point X="330" Y="385" T="0" Pressure="0"/>
        <Point X="332" Y="384" T="0" Pressure="0"/>
        <Point X="336" Y="383" T="0" Pressure="0"/>
        <Point X="339" Y="383" T="0" Pressure="0"/>
        <Point X="347" Y="382" T="0" Pressure="0"/>
        <Point X="352" Y="382" T="0" Pressure="0"/>
        <Point X="364" Y="380" T="0" Pressure="0"/>
        <Point X="369" Y="380" T="0" Pressure="0"/>
        <Point X="375" Y="379" T="0" Pressure="0"/>
        <Point X="388" Y="377" T="0" Pressure="0"/>
        <Point X="394" Y="377" T="0" Pressure="0"/>
        <Point X="401" Y="376" T="0" Pressure="0"/>
        <Point X="407" Y="376" T="0" Pressure="0"/>
        <Point X="413" Y="375" T="0" Pressure="0"/>
        <Point X="418" Y="374" T="0" Pressure="0"/>
        <Point X="424" Y="374" T="0" Pressure="0"/>
        <Point X="429" Y="374" T="0" Pressure="0"/>
        <Point X="433" Y="374" T="0" Pressure="0"/>
        <Point X="437" Y="374" T="0" Pressure="0"/>
        <Point X="441" Y="374" T="0" Pressure="0"/>
        <Point X="444" Y="374" T="0" Pressure="0"/>
        <Point X="447" Y="374" T="0" Pressure="0"/>
        <Point X="449" Y="375" T="0" Pressure="0"/>
        <Point X="453" Y="376" T="0" Pressure="0"/>
        <Point X="454" Y="376" T="0" Pressure="0"/>
        <Point X="455" Y="376" T="0" Pressure="0"/>
        <Point X="455" Y="377" T="0" Pressure="0"/>
    </Stroke>
    <Stroke index="2">
        <Point X="443" Y="357" T="0" Pressure="0"/>
        <Point X="442" Y="356" T="0" Pressure="0"/>
        <Point X="441" Y="355" T="0" Pressure="0"/>
        <Point X="440" Y="354" T="0" Pressure="0"/>
        <Point X="440" Y="353" T="0" Pressure="0"/>
        <Point X="439" Y="353" T="0" Pressure="0"/>
        <Point X="439" Y="354" T="0" Pressure="0"/>
        <Point X="440" Y="355" T="0" Pressure="0"/>
        <Point X="441" Y="356" T="0" Pressure="0"/>
        <Point X="443" Y="357" T="0" Pressure="0"/>
        <Point X="444" Y="357" T="0" Pressure="0"/>
        <Point X="445" Y="358" T="0" Pressure="0"/>
        <Point X="447" Y="359" T="0" Pressure="0"/>
        <Point X="448" Y="360" T="0" Pressure="0"/>
        <Point X="450" Y="361" T="0" Pressure="0"/>
        <Point X="453" Y="363" T="0" Pressure="0"/>
        <Point X="455" Y="364" T="0" Pressure="0"/>
        <Point X="456" Y="366" T="0" Pressure="0"/>
        <Point X="459" Y="367" T="0" Pressure="0"/>
        <Point X="460" Y="368" T="0" Pressure="0"/>
        <Point X="462" Y="370" T="0" Pressure="0"/>
        <Point X="463" Y="372" T="0" Pressure="0"/>
        <Point X="465" Y="373" T="0" Pressure="0"/>
        <Point X="467" Y="376" T="0" Pressure="0"/>
        <Point X="467" Y="377" T="0" Pressure="0"/>
        <Point X="468" Y="380" T="0" Pressure="0"/>
        <Point X="468" Y="381" T="0" Pressure="0"/>
        <Point X="468" Y="383" T="0" Pressure="0"/>
        <Point X="468" Y="385" T="0" Pressure="0"/>
        <Point X="468" Y="387" T="0" Pressure="0"/>
        <Point X="468" Y="388" T="0" Pressure="0"/>
        <Point X="467" Y="389" T="0" Pressure="0"/>
        <Point X="466" Y="390" T="0" Pressure="0"/>
        <Point X="464" Y="391" T="0" Pressure="0"/>
        <Point X="463" Y="392" T="0" Pressure="0"/>
        <Point X="460" Y="393" T="0" Pressure="0"/>
        <Point X="459" Y="394" T="0" Pressure="0"/>
        <Point X="456" Y="395" T="0" Pressure="0"/>
        <Point X="454" Y="396" T="0" Pressure="0"/>
        <Point X="452" Y="397" T="0" Pressure="0"/>
        <Point X="449" Y="398" T="0" Pressure="0"/>
        <Point X="447" Y="399" T="0" Pressure="0"/>
        <Point X="444" Y="400" T="0" Pressure="0"/>
        <Point X="442" Y="401" T="0" Pressure="0"/>
    </Stroke>
</Gesture>
