<?xml version="1.0" ?>
<Gesture Name="arrowhead~05" Subject="1" Number="5" NumPts="96" InputType="stylus" Speed="MEDIUM">
    <Stroke index="1">
        <Point X="317" Y="367" T="0" Pressure="0"/>
        <Point X="316" Y="367" T="0" Pressure="0"/>
        <Point X="316" Y="366" T="0" Pressure="0"/>
        <Point X="317" Y="366" T="0" Pressure="0"/>
        <Point X="319" Y="366" T="0" Pressure="0"/>
        <Point X="323" Y="366" T="0" Pressure="0"/>
        <Point X="328" Y="367" T="0" Pressure="0"/>
        <Point X="332" Y="367" T="0" Pressure="0"/>
        <Point X="336" Y="367" T="0" Pressure="0"/>
        <Point X="340" Y="368" T="0" Pressure="0"/>
        <Point X="346" Y="368" T="0" Pressure="0"/>
        <Point X="351" Y="368" T="0" Pressure="0"/>
        <Point X="357" Y="368" T="0" Pressure="0"/>
        <Point X="364" Y="368" T="0" Pressure="0"/>
        <Point X="370" Y="368" T="0" Pressure="0"/>
        <Point X="376" Y="367" T="0" Pressure="0"/>
        <Point X="383" Y="367" T="0" Pressure="0"/>
        <Point X="389" Y="366" T="0" Pressure="0"/>
        <Point X="396" Y="366" T="0" Pressure="0"/>
        <Point X="403" Y="366" T="0" Pressure="0"/>
        <Point X="410" Y="365" T="0" Pressure="0"/>
        <Point X="415" Y="365" T="0" Pressure="0"/>
        <Point X="422" Y="364" T="0" Pressure="0"/>
        <Point X="428" Y="364" T="0" Pressure="0"/>
        <Point X="433" Y="364" T="0" Pressure="0"/>
        <Point X="440" Y="363" T="0" Pressure="0"/>
        <Point X="444" Y="363" T="0" Pressure="0"/>
        <Point X="448" Y="363" T="0" Pressure="0"/>
        <Point X="453" Y="363" T="0" Pressure="0"/>
        <Point X="457" Y="363" T="0" Pressure="0"/>
        <Point X="460" Y="363" T="0" Pressure="0"/>
        <Point X="464" Y="364" T="0" Pressure="0"/>
        <Point X="467" Y="364" T="0" Pressure="0"/>
        <Point X="469" Y="365" T="0" Pressure="0"/>
        <Point X="471" Y="365" T="0" Pressure="0"/>
        <Point X="473" Y="366" T="0" Pressure="0"/>
        <Point X="474" Y="366" T="0" Pressure="0"/>
        <Point X="473" Y="366" T="0" Pressure="0"/>
        <Point X="472" Y="366" T="0" Pressure="0"/>
        <Point X="470" Y="366" T="0" Pressure="0"/>
    </Stroke>
    <Stroke index="2">
        <Point X="456" Y="339" T="0" Pressure="0"/>
        <Point X="455" Y="338" T="0" Pressure="0"/>
        <Point X="455" Y="337" T="0" Pressure="0"/>
        <Point X="453" Y="336" T="0" Pressure="0"/>
        <Point X="453" Y="335" T="0" Pressure="0"/>
        <Point X="452" Y="335" T="0" Pressure="0"/>
        <Point X="452" Y="334" T="0" Pressure="0"/>
        <Point X="452" Y="333" T="0" Pressure="0"/>
        <Point X="452" Y="335" T="0" Pressure="0"/>
        <Point X="453" Y="336" T="0" Pressure="0"/>
        <Point X="454" Y="337" T="0" Pressure="0"/>
        <Point X="455" Y="337" T="0" Pressure="0"/>
        <Point X="456" Y="338" T="0" Pressure="0"/>
        <Point X="458" Y="339" T="0" Pressure="0"/>
        <Point X="459" Y="340" T="0" Pressure="0"/>
        <Point X="460" Y="342" T="0" Pressure="0"/>
        <Point X="463" Y="343" T="0" Pressure="0"/>
        <Point X="464" Y="344" T="0" Pressure="0"/>
        <Point X="466" Y="345" T="0" Pressure="0"/>
        <Point X="468" Y="347" T="0" Pressure="0"/>
        <Point X="471" Y="349" T="0" Pressure="0"/>
        <Point X="474" Y="352" T="0" Pressure="0"/>
        <Point X="478" Y="355" T="0" Pressure="0"/>
        <Point X="481" Y="358" T="0" Pressure="0"/>
        <Point X="483" Y="361" T="0" Pressure="0"/>
        <Point X="487" Y="364" T="0" Pressure="0"/>
        <Point X="490" Y="367" T="0" Pressure="0"/>
        <Point X="493" Y="369" T="0" Pressure="0"/>
        <Point X="495" Y="372" T="0" Pressure="0"/>
        <Point X="497" Y="375" T="0" Pressure="0"/>
        <Point X="498" Y="377" T="0" Pressure="0"/>
        <Point X="498" Y="379" T="0" Pressure="0"/>
        <Point X="499" Y="381" T="0" Pressure="0"/>
        <Point X="499" Y="382" T="0" Pressure="0"/>
        <Point X="499" Y="383" T="0" Pressure="0"/>
        <Point X="499" Y="385" T="0" Pressure="0"/>
        <Point X="498" Y="386" T="0" Pressure="0"/>
        <Point X="497" Y="386" T="0" Pressure="0"/>
        <Point X="496" Y="387" T="0" Pressure="0"/>
        <Point X="494" Y="388" T="0" Pressure="0"/>
        <Point X="493" Y="388" T="0" Pressure="0"/>
        <Point X="489" Y="389" T="0" Pressure="0"/>
        <Point X="486" Y="389" T="0" Pressure="0"/>
        <Point X="483" Y="390" T="0" Pressure="0"/>
        <Point X="480" Y="391" T="0" Pressure="0"/>
        <Point X="477" Y="391" T="0" Pressure="0"/>
        <Point X="474" Y="392" T="0" Pressure="0"/>
        <Point X="470" Y="393" T="0" Pressure="0"/>
        <Point X="467" Y="393" T="0" Pressure="0"/>
        <Point X="463" Y="393" T="0" Pressure="0"/>
        <Point X="461" Y="394" T="0" Pressure="0"/>
        <Point X="459" Y="395" T="0" Pressure="0"/>
        <Point X="456" Y="396" T="0" Pressure="0"/>
        <Point X="454" Y="396" T="0" Pressure="0"/>
        <Point X="452" Y="397" T="0" Pressure="0"/>
        <Point X="451" Y="398" T="0" Pressure="0"/>
    </Stroke>
</Gesture>
