<?xml version="1.0" ?>
<Gesture Name="five_point_star~03" Subject="1" Number="3" NumPts="168" InputType="stylus" Speed="MEDIUM">
    <Stroke index="1">
        <Point X="327" Y="354" T="0" Pressure="0"/>
        <Point X="327" Y="352" T="0" Pressure="0"/>
        <Point X="327" Y="351" T="0" Pressure="0"/>
        <Point X="328" Y="349" T="0" Pressure="0"/>
        <Point X="328" Y="347" T="0" Pressure="0"/>
        <Point X="328" Y="345" T="0" Pressure="0"/>
        <Point X="330" Y="340" T="0" Pressure="0"/>
        <Point X="331" Y="337" T="0" Pressure="0"/>
        <Point X="333" Y="333" T="0" Pressure="0"/>
        <Point X="335" Y="329" T="0" Pressure="0"/>
        <Point X="339" Y="319" T="0" Pressure="0"/>
        <Point X="340" Y="314" T="0" Pressure="0"/>
        <Point X="343" Y="307" T="0" Pressure="0"/>
        <Point X="345" Y="302" T="0" Pressure="0"/>
        <Point X="346" Y="295" T="0" Pressure="0"/>
        <Point X="348" Y="289" T="0" Pressure="0"/>
        <Point X="350" Y="283" T="0" Pressure="0"/>
        <Point X="351" Y="276" T="0" Pressure="0"/>
        <Point X="354" Y="269" T="0" Pressure="0"/>
        <Point X="357" Y="256" T="0" Pressure="0"/>
        <Point X="359" Y="249" T="0" Pressure="0"/>
        <Point X="361" Y="244" T="0" Pressure="0"/>
        <Point X="363" Y="239" T="0" Pressure="0"/>
        <Point X="365" Y="233" T="0" Pressure="0"/>
        <Point X="366" Y="230" T="0" Pressure="0"/>
        <Point X="367" Y="227" T="0" Pressure="0"/>
        <Point X="369" Y="223" T="0" Pressure="0"/>
        <Point X="369" Y="222" T="0" Pressure="0"/>
        <Point X="370" Y="220" T="0" Pressure="0"/>
        <Point X="371" Y="220" T="0" Pressure="0"/>
        <Point X="372" Y="219" T="0" Pressure="0"/>
        <Point X="373" Y="219" T="0" Pressure="0"/>
        <Point X="374" Y="219" T="0" Pressure="0"/>
        <Point X="375" Y="219" T="0" Pressure="0"/>
        <Point X="376" Y="219" T="0" Pressure="0"/>
        <Point X="377" Y="220" T="0" Pressure="0"/>
        <Point X="378" Y="222" T="0" Pressure="0"/>
        <Point X="380" Y="224" T="0" Pressure="0"/>
        <Point X="380" Y="226" T="0" Pressure="0"/>
        <Point X="382" Y="229" T="0" Pressure="0"/>
        <Point X="383" Y="233" T="0" Pressure="0"/>
        <Point X="387" Y="241" T="0" Pressure="0"/>
        <Point X="388" Y="246" T="0" Pressure="0"/>
        <Point X="392" Y="257" T="0" Pressure="0"/>
        <Point X="394" Y="263" T="0" Pressure="0"/>
        <Point X="395" Y="269" T="0" Pressure="0"/>
        <Point X="398" Y="274" T="0" Pressure="0"/>
        <Point X="400" Y="281" T="0" Pressure="0"/>
        <Point X="402" Y="287" T="0" Pressure="0"/>
        <Point X="404" Y="293" T="0" Pressure="0"/>
        <Point X="406" Y="298" T="0" Pressure="0"/>
        <Point X="410" Y="308" T="0" Pressure="0"/>
        <Point X="411" Y="313" T="0" Pressure="0"/>
        <Point X="412" Y="318" T="0" Pressure="0"/>
        <Point X="414" Y="321" T="0" Pressure="0"/>
        <Point X="414" Y="324" T="0" Pressure="0"/>
        <Point X="415" Y="327" T="0" Pressure="0"/>
        <Point X="415" Y="329" T="0" Pressure="0"/>
        <Point X="417" Y="332" T="0" Pressure="0"/>
        <Point X="417" Y="333" T="0" Pressure="0"/>
        <Point X="417" Y="335" T="0" Pressure="0"/>
        <Point X="418" Y="335" T="0" Pressure="0"/>
        <Point X="418" Y="336" T="0" Pressure="0"/>
        <Point X="417" Y="336" T="0" Pressure="0"/>
        <Point X="416" Y="335" T="0" Pressure="0"/>
        <Point X="415" Y="335" T="0" Pressure="0"/>
        <Point X="414" Y="333" T="0" Pressure="0"/>
        <Point X="413" Y="332" T="0" Pressure="0"/>
        <Point X="411" Y="331" T="0" Pressure="0"/>
        <Point X="410" Y="329" T="0" Pressure="0"/>
        <Point X="408" Y="327" T="0" Pressure="0"/>
        <Point X="407" Y="325" T="0" Pressure="0"/>
        <Point X="404" Y="323" T="0" Pressure="0"/>
        <Point X="403" Y="320" T="0" Pressure="0"/>
        <Point X="400" Y="318" T="0" Pressure="0"/>
        <Point X="398" Y="315" T="0" Pressure="0"/>
        <Point X="395" Y="313" T="0" Pressure="0"/>
        <Point X="392" Y="309" T="0" Pressure="0"/>
        <Point X="389" Y="307" T="0" Pressure="0"/>
        <Point X="387" Y="304" T="0" Pressure="0"/>
        <Point X="383" Y="301" T="0" Pressure="0"/>
        <Point X="379" Y="297" T="0" Pressure="0"/>
        <Point X="370" Y="292" T="0" Pressure="0"/>
        <Point X="365" Y="289" T="0" Pressure="0"/>
        <Point X="361" Y="286" T="0" Pressure="0"/>
        <Point X="356" Y="284" T="0" Pressure="0"/>
        <Point X="351" Y="282" T="0" Pressure="0"/>
        <Point X="347" Y="280" T="0" Pressure="0"/>
        <Point X="343" Y="278" T="0" Pressure="0"/>
        <Point X="335" Y="276" T="0" Pressure="0"/>
        <Point X="331" Y="276" T="0" Pressure="0"/>
        <Point X="328" Y="274" T="0" Pressure="0"/>
        <Point X="325" Y="274" T="0" Pressure="0"/>
        <Point X="323" Y="274" T="0" Pressure="0"/>
        <Point X="320" Y="273" T="0" Pressure="0"/>
        <Point X="317" Y="273" T="0" Pressure="0"/>
        <Point X="313" Y="273" T="0" Pressure="0"/>
        <Point X="312" Y="273" T="0" Pressure="0"/>
        <Point X="310" Y="273" T="0" Pressure="0"/>
        <Point X="309" Y="273" T="0" Pressure="0"/>
        <Point X="310" Y="273" T="0" Pressure="0"/>
        <Point X="316" Y="271" T="0" Pressure="0"/>
        <Point X="318" Y="270" T="0" Pressure="0"/>
        <Point X="321" Y="270" T="0" Pressure="0"/>
        <Point X="325" Y="269" T="0" Pressure="0"/>
        <Point X="334" Y="267" T="0" Pressure="0"/>
        <Point X="339" Y="265" T="0" Pressure="0"/>
        <Point X="349" Y="263" T="0" Pressure="0"/>
        <Point X="361" Y="259" T="0" Pressure="0"/>
        <Point X="368" Y="257" T="0" Pressure="0"/>
        <Point X="375" Y="254" T="0" Pressure="0"/>
        <Point X="381" Y="253" T="0" Pressure="0"/>
        <Point X="399" Y="247" T="0" Pressure="0"/>
        <Point X="403" Y="245" T="0" Pressure="0"/>
        <Point X="409" Y="243" T="0" Pressure="0"/>
        <Point X="413" Y="242" T="0" Pressure="0"/>
        <Point X="417" Y="241" T="0" Pressure="0"/>
        <Point X="420" Y="239" T="0" Pressure="0"/>
        <Point X="423" Y="239" T="0" Pressure="0"/>
        <Point X="428" Y="238" T="0" Pressure="0"/>
        <Point X="429" Y="238" T="0" Pressure="0"/>
        <Point X="431" Y="237" T="0" Pressure="0"/>
        <Point X="433" Y="237" T="0" Pressure="0"/>
        <Point X="433" Y="238" T="0" Pressure="0"/>
        <Point X="433" Y="239" T="0" Pressure="0"/>
        <Point X="433" Y="240" T="0" Pressure="0"/>
        <Point X="433" Y="241" T="0" Pressure="0"/>
        <Point X="430" Y="244" T="0" Pressure="0"/>
        <Point X="429" Y="246" T="0" Pressure="0"/>
        <Point X="426" Y="248" T="0" Pressure="0"/>
        <Point X="425" Y="251" T="0" Pressure="0"/>
        <Point X="422" Y="254" T="0" Pressure="0"/>
        <Point X="420" Y="257" T="0" Pressure="0"/>
        <Point X="417" Y="261" T="0" Pressure="0"/>
        <Point X="414" Y="264" T="0" Pressure="0"/>
        <Point X="412" Y="269" T="0" Pressure="0"/>
        <Point X="410" Y="273" T="0" Pressure="0"/>
        <Point X="407" Y="277" T="0" Pressure="0"/>
        <Point X="400" Y="289" T="0" Pressure="0"/>
        <Point X="397" Y="293" T="0" Pressure="0"/>
        <Point X="394" Y="299" T="0" Pressure="0"/>
        <Point X="389" Y="304" T="0" Pressure="0"/>
        <Point X="382" Y="315" T="0" Pressure="0"/>
        <Point X="377" Y="320" T="0" Pressure="0"/>
        <Point X="373" Y="325" T="0" Pressure="0"/>
        <Point X="369" Y="329" T="0" Pressure="0"/>
        <Point X="365" Y="333" T="0" Pressure="0"/>
        <Point X="361" Y="338" T="0" Pressure="0"/>
        <Point X="357" Y="342" T="0" Pressure="0"/>
        <Point X="351" Y="345" T="0" Pressure="0"/>
        <Point X="348" Y="348" T="0" Pressure="0"/>
        <Point X="345" Y="351" T="0" Pressure="0"/>
        <Point X="339" Y="355" T="0" Pressure="0"/>
        <Point X="336" Y="357" T="0" Pressure="0"/>
        <Point X="334" Y="358" T="0" Pressure="0"/>
        <Point X="332" Y="360" T="0" Pressure="0"/>
        <Point X="331" Y="361" T="0" Pressure="0"/>
        <Point X="330" Y="361" T="0" Pressure="0"/>
        <Point X="330" Y="360" T="0" Pressure="0"/>
        <Point X="330" Y="358" T="0" Pressure="0"/>
        <Point X="331" Y="358" T="0" Pressure="0"/>
        <Point X="331" Y="357" T="0" Pressure="0"/>
        <Point X="332" Y="356" T="0" Pressure="0"/>
        <Point X="332" Y="355" T="0" Pressure="0"/>
        <Point X="334" Y="355" T="0" Pressure="0"/>
        <Point X="335" Y="353" T="0" Pressure="0"/>
        <Point X="336" Y="352" T="0" Pressure="0"/>
        <Point X="339" Y="352" T="0" Pressure="0"/>
    </Stroke>
</Gesture>
