<?xml version="1.0" ?>
<Gesture Name="X~08" Subject="1" Number="8" NumPts="46" InputType="stylus" Speed="MEDIUM">
    <Stroke index="1">
        <Point X="317" Y="283" T="0" Pressure="0"/>
        <Point X="317" Y="282" T="0" Pressure="0"/>
        <Point X="318" Y="282" T="0" Pressure="0"/>
        <Point X="320" Y="282" T="0" Pressure="0"/>
        <Point X="321" Y="283" T="0" Pressure="0"/>
        <Point X="327" Y="286" T="0" Pressure="0"/>
        <Point X="330" Y="288" T="0" Pressure="0"/>
        <Point X="338" Y="293" T="0" Pressure="0"/>
        <Point X="343" Y="296" T="0" Pressure="0"/>
        <Point X="349" Y="300" T="0" Pressure="0"/>
        <Point X="360" Y="308" T="0" Pressure="0"/>
        <Point X="365" Y="312" T="0" Pressure="0"/>
        <Point X="370" Y="316" T="0" Pressure="0"/>
        <Point X="381" Y="323" T="0" Pressure="0"/>
        <Point X="388" Y="327" T="0" Pressure="0"/>
        <Point X="393" Y="331" T="0" Pressure="0"/>
        <Point X="403" Y="338" T="0" Pressure="0"/>
        <Point X="408" Y="341" T="0" Pressure="0"/>
        <Point X="413" Y="344" T="0" Pressure="0"/>
        <Point X="422" Y="350" T="0" Pressure="0"/>
        <Point X="425" Y="353" T="0" Pressure="0"/>
        <Point X="428" Y="356" T="0" Pressure="0"/>
        <Point X="433" Y="361" T="0" Pressure="0"/>
    </Stroke>
    <Stroke index="2">
        <Point X="421" Y="276" T="0" Pressure="0"/>
        <Point X="419" Y="275" T="0" Pressure="0"/>
        <Point X="418" Y="274" T="0" Pressure="0"/>
        <Point X="417" Y="273" T="0" Pressure="0"/>
        <Point X="416" Y="273" T="0" Pressure="0"/>
        <Point X="415" Y="273" T="0" Pressure="0"/>
        <Point X="414" Y="273" T="0" Pressure="0"/>
        <Point X="413" Y="273" T="0" Pressure="0"/>
        <Point X="412" Y="274" T="0" Pressure="0"/>
        <Point X="409" Y="278" T="0" Pressure="0"/>
        <Point X="407" Y="281" T="0" Pressure="0"/>
        <Point X="405" Y="284" T="0" Pressure="0"/>
        <Point X="403" Y="288" T="0" Pressure="0"/>
        <Point X="400" Y="293" T="0" Pressure="0"/>
        <Point X="394" Y="302" T="0" Pressure="0"/>
        <Point X="391" Y="308" T="0" Pressure="0"/>
        <Point X="387" Y="315" T="0" Pressure="0"/>
        <Point X="379" Y="328" T="0" Pressure="0"/>
        <Point X="375" Y="335" T="0" Pressure="0"/>
        <Point X="370" Y="343" T="0" Pressure="0"/>
        <Point X="366" Y="351" T="0" Pressure="0"/>
        <Point X="362" Y="358" T="0" Pressure="0"/>
        <Point X="349" Y="388" T="0" Pressure="0"/>
    </Stroke>
</Gesture>
