<?xml version="1.0" ?>
<Gesture Name="T~06" Subject="1" Number="6" NumPts="43" InputType="stylus" Speed="MEDIUM">
    <Stroke index="1">
        <Point X="324" Y="330" T="0" Pressure="0"/>
        <Point X="324" Y="328" T="0" Pressure="0"/>
        <Point X="324" Y="326" T="0" Pressure="0"/>
        <Point X="328" Y="324" T="0" Pressure="0"/>
        <Point X="331" Y="323" T="0" Pressure="0"/>
        <Point X="334" Y="322" T="0" Pressure="0"/>
        <Point X="338" Y="321" T="0" Pressure="0"/>
        <Point X="343" Y="320" T="0" Pressure="0"/>
        <Point X="347" Y="319" T="0" Pressure="0"/>
        <Point X="353" Y="318" T="0" Pressure="0"/>
        <Point X="365" Y="317" T="0" Pressure="0"/>
        <Point X="370" Y="316" T="0" Pressure="0"/>
        <Point X="376" Y="315" T="0" Pressure="0"/>
        <Point X="389" Y="314" T="0" Pressure="0"/>
        <Point X="396" Y="314" T="0" Pressure="0"/>
        <Point X="402" Y="313" T="0" Pressure="0"/>
        <Point X="411" Y="313" T="0" Pressure="0"/>
        <Point X="415" Y="313" T="0" Pressure="0"/>
        <Point X="422" Y="315" T="0" Pressure="0"/>
        <Point X="423" Y="316" T="0" Pressure="0"/>
        <Point X="424" Y="316" T="0" Pressure="0"/>
        <Point X="424" Y="317" T="0" Pressure="0"/>
    </Stroke>
    <Stroke index="2">
        <Point X="382" Y="322" T="0" Pressure="0"/>
        <Point X="381" Y="322" T="0" Pressure="0"/>
        <Point X="380" Y="322" T="0" Pressure="0"/>
        <Point X="380" Y="323" T="0" Pressure="0"/>
        <Point X="380" Y="324" T="0" Pressure="0"/>
        <Point X="380" Y="326" T="0" Pressure="0"/>
        <Point X="381" Y="327" T="0" Pressure="0"/>
        <Point X="382" Y="330" T="0" Pressure="0"/>
        <Point X="383" Y="332" T="0" Pressure="0"/>
        <Point X="383" Y="336" T="0" Pressure="0"/>
        <Point X="383" Y="340" T="0" Pressure="0"/>
        <Point X="383" Y="343" T="0" Pressure="0"/>
        <Point X="383" Y="347" T="0" Pressure="0"/>
        <Point X="383" Y="352" T="0" Pressure="0"/>
        <Point X="382" Y="357" T="0" Pressure="0"/>
        <Point X="381" Y="362" T="0" Pressure="0"/>
        <Point X="380" Y="368" T="0" Pressure="0"/>
        <Point X="378" Y="373" T="0" Pressure="0"/>
        <Point X="376" Y="378" T="0" Pressure="0"/>
        <Point X="375" Y="385" T="0" Pressure="0"/>
        <Point X="373" Y="391" T="0" Pressure="0"/>
    </Stroke>
</Gesture>
