<?xml version="1.0" ?>
<Gesture Name="P~04" Subject="1" Number="4" NumPts="74" InputType="stylus" Speed="MEDIUM">
    <Stroke index="1">
        <Point X="369" Y="276" T="0" Pressure="0"/>
        <Point X="369" Y="275" T="0" Pressure="0"/>
        <Point X="369" Y="276" T="0" Pressure="0"/>
        <Point X="370" Y="277" T="0" Pressure="0"/>
        <Point X="370" Y="278" T="0" Pressure="0"/>
        <Point X="370" Y="281" T="0" Pressure="0"/>
        <Point X="371" Y="283" T="0" Pressure="0"/>
        <Point X="371" Y="286" T="0" Pressure="0"/>
        <Point X="371" Y="292" T="0" Pressure="0"/>
        <Point X="371" Y="296" T="0" Pressure="0"/>
        <Point X="371" Y="301" T="0" Pressure="0"/>
        <Point X="370" Y="312" T="0" Pressure="0"/>
        <Point X="370" Y="318" T="0" Pressure="0"/>
        <Point X="369" Y="323" T="0" Pressure="0"/>
        <Point X="368" Y="336" T="0" Pressure="0"/>
        <Point X="368" Y="341" T="0" Pressure="0"/>
        <Point X="366" Y="346" T="0" Pressure="0"/>
        <Point X="365" Y="355" T="0" Pressure="0"/>
        <Point X="365" Y="358" T="0" Pressure="0"/>
        <Point X="365" Y="362" T="0" Pressure="0"/>
        <Point X="365" Y="366" T="0" Pressure="0"/>
        <Point X="365" Y="368" T="0" Pressure="0"/>
        <Point X="365" Y="369" T="0" Pressure="0"/>
        <Point X="365" Y="370" T="0" Pressure="0"/>
        <Point X="365" Y="371" T="0" Pressure="0"/>
        <Point X="365" Y="372" T="0" Pressure="0"/>
        <Point X="364" Y="372" T="0" Pressure="0"/>
    </Stroke>
    <Stroke index="2">
        <Point X="360" Y="274" T="0" Pressure="0"/>
        <Point X="358" Y="274" T="0" Pressure="0"/>
        <Point X="358" Y="273" T="0" Pressure="0"/>
        <Point X="358" Y="272" T="0" Pressure="0"/>
        <Point X="358" Y="271" T="0" Pressure="0"/>
        <Point X="358" Y="270" T="0" Pressure="0"/>
        <Point X="359" Y="269" T="0" Pressure="0"/>
        <Point X="360" Y="269" T="0" Pressure="0"/>
        <Point X="361" Y="268" T="0" Pressure="0"/>
        <Point X="365" Y="268" T="0" Pressure="0"/>
        <Point X="366" Y="268" T="0" Pressure="0"/>
        <Point X="369" Y="267" T="0" Pressure="0"/>
        <Point X="374" Y="267" T="0" Pressure="0"/>
        <Point X="377" Y="267" T="0" Pressure="0"/>
        <Point X="380" Y="267" T="0" Pressure="0"/>
        <Point X="388" Y="267" T="0" Pressure="0"/>
        <Point X="391" Y="267" T="0" Pressure="0"/>
        <Point X="395" Y="267" T="0" Pressure="0"/>
        <Point X="402" Y="269" T="0" Pressure="0"/>
        <Point X="404" Y="271" T="0" Pressure="0"/>
        <Point X="407" Y="273" T="0" Pressure="0"/>
        <Point X="410" Y="278" T="0" Pressure="0"/>
        <Point X="410" Y="281" T="0" Pressure="0"/>
        <Point X="410" Y="284" T="0" Pressure="0"/>
        <Point X="410" Y="288" T="0" Pressure="0"/>
        <Point X="410" Y="291" T="0" Pressure="0"/>
        <Point X="410" Y="293" T="0" Pressure="0"/>
        <Point X="409" Y="296" T="0" Pressure="0"/>
        <Point X="407" Y="299" T="0" Pressure="0"/>
        <Point X="406" Y="302" T="0" Pressure="0"/>
        <Point X="403" Y="304" T="0" Pressure="0"/>
        <Point X="402" Y="307" T="0" Pressure="0"/>
        <Point X="399" Y="309" T="0" Pressure="0"/>
        <Point X="397" Y="311" T="0" Pressure="0"/>
        <Point X="394" Y="312" T="0" Pressure="0"/>
        <Point X="391" Y="314" T="0" Pressure="0"/>
        <Point X="386" Y="316" T="0" Pressure="0"/>
        <Point X="384" Y="316" T="0" Pressure="0"/>
        <Point X="381" Y="316" T="0" Pressure="0"/>
        <Point X="379" Y="317" T="0" Pressure="0"/>
        <Point X="376" Y="317" T="0" Pressure="0"/>
        <Point X="373" Y="317" T="0" Pressure="0"/>
        <Point X="371" Y="317" T="0" Pressure="0"/>
        <Point X="369" Y="317" T="0" Pressure="0"/>
        <Point X="368" Y="317" T="0" Pressure="0"/>
        <Point X="366" Y="317" T="0" Pressure="0"/>
        <Point X="365" Y="317" T="0" Pressure="0"/>
    </Stroke>
</Gesture>
