<?xml version="1.0" ?>
<Gesture Name="P~10" Subject="1" Number="10" NumPts="77" InputType="stylus" Speed="MEDIUM">
    <Stroke index="1">
        <Point X="362" Y="261" T="0" Pressure="0"/>
        <Point X="362" Y="259" T="0" Pressure="0"/>
        <Point X="362" Y="258" T="0" Pressure="0"/>
        <Point X="362" Y="257" T="0" Pressure="0"/>
        <Point X="363" Y="257" T="0" Pressure="0"/>
        <Point X="364" Y="258" T="0" Pressure="0"/>
        <Point X="364" Y="261" T="0" Pressure="0"/>
        <Point X="365" Y="263" T="0" Pressure="0"/>
        <Point X="365" Y="265" T="0" Pressure="0"/>
        <Point X="365" Y="270" T="0" Pressure="0"/>
        <Point X="365" Y="274" T="0" Pressure="0"/>
        <Point X="365" Y="278" T="0" Pressure="0"/>
        <Point X="365" Y="287" T="0" Pressure="0"/>
        <Point X="364" Y="292" T="0" Pressure="0"/>
        <Point X="363" Y="296" T="0" Pressure="0"/>
        <Point X="361" Y="308" T="0" Pressure="0"/>
        <Point X="360" Y="314" T="0" Pressure="0"/>
        <Point X="359" Y="319" T="0" Pressure="0"/>
        <Point X="358" Y="328" T="0" Pressure="0"/>
        <Point X="357" Y="333" T="0" Pressure="0"/>
        <Point X="356" Y="337" T="0" Pressure="0"/>
        <Point X="355" Y="342" T="0" Pressure="0"/>
        <Point X="355" Y="344" T="0" Pressure="0"/>
        <Point X="355" Y="345" T="0" Pressure="0"/>
        <Point X="355" Y="347" T="0" Pressure="0"/>
        <Point X="356" Y="348" T="0" Pressure="0"/>
        <Point X="356" Y="349" T="0" Pressure="0"/>
        <Point X="357" Y="349" T="0" Pressure="0"/>
    </Stroke>
    <Stroke index="2">
        <Point X="350" Y="256" T="0" Pressure="0"/>
        <Point X="350" Y="254" T="0" Pressure="0"/>
        <Point X="351" Y="253" T="0" Pressure="0"/>
        <Point X="351" Y="252" T="0" Pressure="0"/>
        <Point X="353" Y="251" T="0" Pressure="0"/>
        <Point X="354" Y="250" T="0" Pressure="0"/>
        <Point X="355" Y="249" T="0" Pressure="0"/>
        <Point X="357" Y="248" T="0" Pressure="0"/>
        <Point X="364" Y="246" T="0" Pressure="0"/>
        <Point X="366" Y="246" T="0" Pressure="0"/>
        <Point X="369" Y="245" T="0" Pressure="0"/>
        <Point X="376" Y="245" T="0" Pressure="0"/>
        <Point X="379" Y="245" T="0" Pressure="0"/>
        <Point X="381" Y="245" T="0" Pressure="0"/>
        <Point X="388" Y="246" T="0" Pressure="0"/>
        <Point X="391" Y="247" T="0" Pressure="0"/>
        <Point X="395" Y="248" T="0" Pressure="0"/>
        <Point X="400" Y="251" T="0" Pressure="0"/>
        <Point X="403" Y="252" T="0" Pressure="0"/>
        <Point X="406" Y="254" T="0" Pressure="0"/>
        <Point X="409" Y="259" T="0" Pressure="0"/>
        <Point X="410" Y="262" T="0" Pressure="0"/>
        <Point X="411" Y="264" T="0" Pressure="0"/>
        <Point X="411" Y="270" T="0" Pressure="0"/>
        <Point X="411" Y="272" T="0" Pressure="0"/>
        <Point X="411" Y="275" T="0" Pressure="0"/>
        <Point X="411" Y="277" T="0" Pressure="0"/>
        <Point X="410" Y="279" T="0" Pressure="0"/>
        <Point X="409" Y="281" T="0" Pressure="0"/>
        <Point X="407" Y="283" T="0" Pressure="0"/>
        <Point X="406" Y="284" T="0" Pressure="0"/>
        <Point X="404" Y="286" T="0" Pressure="0"/>
        <Point X="402" Y="287" T="0" Pressure="0"/>
        <Point X="399" Y="287" T="0" Pressure="0"/>
        <Point X="397" Y="288" T="0" Pressure="0"/>
        <Point X="394" Y="289" T="0" Pressure="0"/>
        <Point X="391" Y="289" T="0" Pressure="0"/>
        <Point X="388" Y="289" T="0" Pressure="0"/>
        <Point X="386" Y="290" T="0" Pressure="0"/>
        <Point X="384" Y="290" T="0" Pressure="0"/>
        <Point X="380" Y="290" T="0" Pressure="0"/>
        <Point X="378" Y="290" T="0" Pressure="0"/>
        <Point X="374" Y="290" T="0" Pressure="0"/>
        <Point X="372" Y="290" T="0" Pressure="0"/>
        <Point X="369" Y="290" T="0" Pressure="0"/>
        <Point X="368" Y="291" T="0" Pressure="0"/>
        <Point X="365" Y="291" T="0" Pressure="0"/>
        <Point X="364" Y="291" T="0" Pressure="0"/>
        <Point X="361" Y="291" T="0" Pressure="0"/>
    </Stroke>
</Gesture>
