<?xml version="1.0" ?>
<Gesture Name="pitchfork~08" Subject="1" Number="8" NumPts="101" InputType="stylus" Speed="MEDIUM">
    <Stroke index="1">
        <Point X="316" Y="212" T="0" Pressure="0"/>
        <Point X="315" Y="211" T="0" Pressure="0"/>
        <Point X="312" Y="209" T="0" Pressure="0"/>
        <Point X="310" Y="209" T="0" Pressure="0"/>
        <Point X="309" Y="210" T="0" Pressure="0"/>
        <Point X="309" Y="212" T="0" Pressure="0"/>
        <Point X="308" Y="214" T="0" Pressure="0"/>
        <Point X="307" Y="216" T="0" Pressure="0"/>
        <Point X="306" Y="218" T="0" Pressure="0"/>
        <Point X="305" Y="221" T="0" Pressure="0"/>
        <Point X="305" Y="224" T="0" Pressure="0"/>
        <Point X="304" Y="232" T="0" Pressure="0"/>
        <Point X="303" Y="237" T="0" Pressure="0"/>
        <Point X="302" Y="243" T="0" Pressure="0"/>
        <Point X="302" Y="248" T="0" Pressure="0"/>
        <Point X="302" Y="253" T="0" Pressure="0"/>
        <Point X="303" Y="259" T="0" Pressure="0"/>
        <Point X="304" Y="266" T="0" Pressure="0"/>
        <Point X="306" Y="277" T="0" Pressure="0"/>
        <Point X="309" Y="283" T="0" Pressure="0"/>
        <Point X="310" Y="288" T="0" Pressure="0"/>
        <Point X="313" Y="293" T="0" Pressure="0"/>
        <Point X="316" Y="296" T="0" Pressure="0"/>
        <Point X="321" Y="305" T="0" Pressure="0"/>
        <Point X="324" Y="308" T="0" Pressure="0"/>
        <Point X="327" Y="311" T="0" Pressure="0"/>
        <Point X="330" Y="313" T="0" Pressure="0"/>
        <Point X="333" Y="315" T="0" Pressure="0"/>
        <Point X="336" Y="316" T="0" Pressure="0"/>
        <Point X="340" Y="318" T="0" Pressure="0"/>
        <Point X="343" Y="318" T="0" Pressure="0"/>
        <Point X="346" Y="318" T="0" Pressure="0"/>
        <Point X="350" Y="318" T="0" Pressure="0"/>
        <Point X="358" Y="314" T="0" Pressure="0"/>
        <Point X="362" Y="312" T="0" Pressure="0"/>
        <Point X="366" Y="308" T="0" Pressure="0"/>
        <Point X="376" Y="301" T="0" Pressure="0"/>
        <Point X="380" Y="297" T="0" Pressure="0"/>
        <Point X="384" Y="293" T="0" Pressure="0"/>
        <Point X="389" Y="289" T="0" Pressure="0"/>
        <Point X="393" Y="284" T="0" Pressure="0"/>
        <Point X="397" Y="279" T="0" Pressure="0"/>
        <Point X="400" Y="274" T="0" Pressure="0"/>
        <Point X="404" Y="268" T="0" Pressure="0"/>
        <Point X="408" Y="262" T="0" Pressure="0"/>
        <Point X="411" Y="254" T="0" Pressure="0"/>
        <Point X="414" Y="248" T="0" Pressure="0"/>
        <Point X="417" Y="242" T="0" Pressure="0"/>
        <Point X="419" Y="235" T="0" Pressure="0"/>
        <Point X="421" Y="229" T="0" Pressure="0"/>
        <Point X="422" Y="223" T="0" Pressure="0"/>
        <Point X="424" Y="219" T="0" Pressure="0"/>
        <Point X="424" Y="216" T="0" Pressure="0"/>
        <Point X="424" Y="213" T="0" Pressure="0"/>
        <Point X="422" Y="209" T="0" Pressure="0"/>
        <Point X="422" Y="208" T="0" Pressure="0"/>
        <Point X="421" Y="207" T="0" Pressure="0"/>
        <Point X="419" Y="207" T="0" Pressure="0"/>
        <Point X="417" Y="207" T="0" Pressure="0"/>
        <Point X="415" Y="207" T="0" Pressure="0"/>
        <Point X="414" Y="207" T="0" Pressure="0"/>
        <Point X="411" Y="208" T="0" Pressure="0"/>
        <Point X="410" Y="209" T="0" Pressure="0"/>
        <Point X="409" Y="211" T="0" Pressure="0"/>
        <Point X="405" Y="214" T="0" Pressure="0"/>
    </Stroke>
    <Stroke index="2">
        <Point X="361" Y="260" T="0" Pressure="0"/>
        <Point X="360" Y="257" T="0" Pressure="0"/>
        <Point X="359" Y="256" T="0" Pressure="0"/>
        <Point X="358" Y="255" T="0" Pressure="0"/>
        <Point X="358" Y="256" T="0" Pressure="0"/>
        <Point X="357" Y="256" T="0" Pressure="0"/>
        <Point X="357" Y="258" T="0" Pressure="0"/>
        <Point X="357" Y="259" T="0" Pressure="0"/>
        <Point X="356" Y="261" T="0" Pressure="0"/>
        <Point X="355" Y="263" T="0" Pressure="0"/>
        <Point X="355" Y="265" T="0" Pressure="0"/>
        <Point X="354" Y="268" T="0" Pressure="0"/>
        <Point X="354" Y="274" T="0" Pressure="0"/>
        <Point X="353" Y="277" T="0" Pressure="0"/>
        <Point X="351" Y="288" T="0" Pressure="0"/>
        <Point X="350" Y="293" T="0" Pressure="0"/>
        <Point X="349" Y="299" T="0" Pressure="0"/>
        <Point X="349" Y="304" T="0" Pressure="0"/>
        <Point X="348" Y="311" T="0" Pressure="0"/>
        <Point X="347" Y="317" T="0" Pressure="0"/>
        <Point X="347" Y="322" T="0" Pressure="0"/>
        <Point X="347" Y="328" T="0" Pressure="0"/>
        <Point X="347" Y="335" T="0" Pressure="0"/>
        <Point X="347" Y="340" T="0" Pressure="0"/>
        <Point X="348" Y="355" T="0" Pressure="0"/>
        <Point X="349" Y="360" T="0" Pressure="0"/>
        <Point X="349" Y="363" T="0" Pressure="0"/>
        <Point X="349" Y="366" T="0" Pressure="0"/>
        <Point X="350" Y="368" T="0" Pressure="0"/>
        <Point X="350" Y="371" T="0" Pressure="0"/>
        <Point X="350" Y="373" T="0" Pressure="0"/>
        <Point X="351" Y="378" T="0" Pressure="0"/>
        <Point X="351" Y="380" T="0" Pressure="0"/>
        <Point X="351" Y="381" T="0" Pressure="0"/>
        <Point X="351" Y="382" T="0" Pressure="0"/>
        <Point X="350" Y="382" T="0" Pressure="0"/>
    </Stroke>
</Gesture>
