<?xml version="1.0" ?>
<Gesture Name="arrowhead~09" Subject="1" Number="9" NumPts="73" InputType="stylus" Speed="MEDIUM">
    <Stroke index="1">
        <Point X="324" Y="394" T="0" Pressure="0"/>
        <Point X="328" Y="392" T="0" Pressure="0"/>
        <Point X="329" Y="392" T="0" Pressure="0"/>
        <Point X="331" Y="391" T="0" Pressure="0"/>
        <Point X="334" Y="391" T="0" Pressure="0"/>
        <Point X="336" Y="391" T="0" Pressure="0"/>
        <Point X="340" Y="390" T="0" Pressure="0"/>
        <Point X="345" Y="390" T="0" Pressure="0"/>
        <Point X="350" Y="390" T="0" Pressure="0"/>
        <Point X="354" Y="389" T="0" Pressure="0"/>
        <Point X="360" Y="389" T="0" Pressure="0"/>
        <Point X="366" Y="388" T="0" Pressure="0"/>
        <Point X="372" Y="387" T="0" Pressure="0"/>
        <Point X="379" Y="387" T="0" Pressure="0"/>
        <Point X="384" Y="387" T="0" Pressure="0"/>
        <Point X="397" Y="386" T="0" Pressure="0"/>
        <Point X="403" Y="386" T="0" Pressure="0"/>
        <Point X="410" Y="385" T="0" Pressure="0"/>
        <Point X="415" Y="385" T="0" Pressure="0"/>
        <Point X="421" Y="385" T="0" Pressure="0"/>
        <Point X="425" Y="385" T="0" Pressure="0"/>
        <Point X="430" Y="385" T="0" Pressure="0"/>
        <Point X="434" Y="385" T="0" Pressure="0"/>
        <Point X="438" Y="385" T="0" Pressure="0"/>
        <Point X="442" Y="385" T="0" Pressure="0"/>
        <Point X="444" Y="385" T="0" Pressure="0"/>
        <Point X="448" Y="385" T="0" Pressure="0"/>
        <Point X="449" Y="386" T="0" Pressure="0"/>
        <Point X="452" Y="386" T="0" Pressure="0"/>
        <Point X="453" Y="386" T="0" Pressure="0"/>
        <Point X="455" Y="386" T="0" Pressure="0"/>
        <Point X="456" Y="387" T="0" Pressure="0"/>
        <Point X="457" Y="387" T="0" Pressure="0"/>
    </Stroke>
    <Stroke index="2">
        <Point X="451" Y="371" T="0" Pressure="0"/>
        <Point X="450" Y="370" T="0" Pressure="0"/>
        <Point X="449" Y="369" T="0" Pressure="0"/>
        <Point X="448" Y="369" T="0" Pressure="0"/>
        <Point X="448" Y="368" T="0" Pressure="0"/>
        <Point X="447" Y="367" T="0" Pressure="0"/>
        <Point X="447" Y="366" T="0" Pressure="0"/>
        <Point X="446" Y="366" T="0" Pressure="0"/>
        <Point X="447" Y="366" T="0" Pressure="0"/>
        <Point X="447" Y="367" T="0" Pressure="0"/>
        <Point X="448" Y="367" T="0" Pressure="0"/>
        <Point X="448" Y="368" T="0" Pressure="0"/>
        <Point X="449" Y="368" T="0" Pressure="0"/>
        <Point X="451" Y="369" T="0" Pressure="0"/>
        <Point X="454" Y="372" T="0" Pressure="0"/>
        <Point X="455" Y="373" T="0" Pressure="0"/>
        <Point X="456" Y="374" T="0" Pressure="0"/>
        <Point X="458" Y="375" T="0" Pressure="0"/>
        <Point X="459" Y="376" T="0" Pressure="0"/>
        <Point X="461" Y="377" T="0" Pressure="0"/>
        <Point X="463" Y="378" T="0" Pressure="0"/>
        <Point X="463" Y="380" T="0" Pressure="0"/>
        <Point X="465" Y="381" T="0" Pressure="0"/>
        <Point X="467" Y="383" T="0" Pressure="0"/>
        <Point X="468" Y="386" T="0" Pressure="0"/>
        <Point X="469" Y="387" T="0" Pressure="0"/>
        <Point X="470" Y="392" T="0" Pressure="0"/>
        <Point X="469" Y="393" T="0" Pressure="0"/>
        <Point X="468" Y="394" T="0" Pressure="0"/>
        <Point X="467" Y="395" T="0" Pressure="0"/>
        <Point X="465" Y="396" T="0" Pressure="0"/>
        <Point X="463" Y="397" T="0" Pressure="0"/>
        <Point X="461" Y="398" T="0" Pressure="0"/>
        <Point X="459" Y="400" T="0" Pressure="0"/>
        <Point X="457" Y="400" T="0" Pressure="0"/>
        <Point X="455" Y="401" T="0" Pressure="0"/>
        <Point X="452" Y="402" T="0" Pressure="0"/>
        <Point X="449" Y="403" T="0" Pressure="0"/>
        <Point X="447" Y="404" T="0" Pressure="0"/>
        <Point X="444" Y="405" T="0" Pressure="0"/>
    </Stroke>
</Gesture>
