<?xml version="1.0" ?>
<Gesture Name="pitchfork~04" Subject="1" Number="4" NumPts="99" InputType="stylus" Speed="MEDIUM">
    <Stroke index="1">
        <Point X="329" Y="226" T="0" Pressure="0"/>
        <Point X="328" Y="226" T="0" Pressure="0"/>
        <Point X="327" Y="224" T="0" Pressure="0"/>
        <Point X="325" Y="224" T="0" Pressure="0"/>
        <Point X="324" Y="225" T="0" Pressure="0"/>
        <Point X="324" Y="226" T="0" Pressure="0"/>
        <Point X="323" Y="226" T="0" Pressure="0"/>
        <Point X="323" Y="228" T="0" Pressure="0"/>
        <Point X="323" Y="232" T="0" Pressure="0"/>
        <Point X="323" Y="233" T="0" Pressure="0"/>
        <Point X="323" Y="239" T="0" Pressure="0"/>
        <Point X="323" Y="242" T="0" Pressure="0"/>
        <Point X="323" Y="245" T="0" Pressure="0"/>
        <Point X="324" Y="248" T="0" Pressure="0"/>
        <Point X="325" Y="255" T="0" Pressure="0"/>
        <Point X="326" Y="258" T="0" Pressure="0"/>
        <Point X="328" Y="266" T="0" Pressure="0"/>
        <Point X="330" Y="269" T="0" Pressure="0"/>
        <Point X="331" Y="273" T="0" Pressure="0"/>
        <Point X="333" Y="276" T="0" Pressure="0"/>
        <Point X="335" Y="279" T="0" Pressure="0"/>
        <Point X="338" Y="283" T="0" Pressure="0"/>
        <Point X="339" Y="285" T="0" Pressure="0"/>
        <Point X="342" Y="287" T="0" Pressure="0"/>
        <Point X="345" Y="289" T="0" Pressure="0"/>
        <Point X="347" Y="291" T="0" Pressure="0"/>
        <Point X="353" Y="293" T="0" Pressure="0"/>
        <Point X="355" Y="293" T="0" Pressure="0"/>
        <Point X="358" Y="293" T="0" Pressure="0"/>
        <Point X="361" Y="293" T="0" Pressure="0"/>
        <Point X="369" Y="292" T="0" Pressure="0"/>
        <Point X="373" Y="290" T="0" Pressure="0"/>
        <Point X="380" Y="285" T="0" Pressure="0"/>
        <Point X="383" Y="282" T="0" Pressure="0"/>
        <Point X="387" Y="279" T="0" Pressure="0"/>
        <Point X="390" Y="276" T="0" Pressure="0"/>
        <Point X="396" Y="269" T="0" Pressure="0"/>
        <Point X="402" Y="261" T="0" Pressure="0"/>
        <Point X="404" Y="256" T="0" Pressure="0"/>
        <Point X="407" Y="251" T="0" Pressure="0"/>
        <Point X="410" Y="246" T="0" Pressure="0"/>
        <Point X="413" Y="237" T="0" Pressure="0"/>
        <Point X="414" Y="233" T="0" Pressure="0"/>
        <Point X="414" Y="229" T="0" Pressure="0"/>
        <Point X="415" Y="226" T="0" Pressure="0"/>
        <Point X="415" Y="223" T="0" Pressure="0"/>
        <Point X="415" Y="221" T="0" Pressure="0"/>
        <Point X="415" Y="220" T="0" Pressure="0"/>
        <Point X="415" Y="219" T="0" Pressure="0"/>
        <Point X="414" Y="217" T="0" Pressure="0"/>
        <Point X="412" Y="216" T="0" Pressure="0"/>
        <Point X="411" Y="216" T="0" Pressure="0"/>
        <Point X="410" Y="216" T="0" Pressure="0"/>
        <Point X="409" Y="217" T="0" Pressure="0"/>
        <Point X="407" Y="218" T="0" Pressure="0"/>
        <Point X="407" Y="219" T="0" Pressure="0"/>
    </Stroke>
    <Stroke index="2">
        <Point X="365" Y="237" T="0" Pressure="0"/>
        <Point X="365" Y="235" T="0" Pressure="0"/>
        <Point X="364" Y="233" T="0" Pressure="0"/>
        <Point X="364" Y="232" T="0" Pressure="0"/>
        <Point X="364" Y="231" T="0" Pressure="0"/>
        <Point X="364" Y="230" T="0" Pressure="0"/>
        <Point X="364" Y="229" T="0" Pressure="0"/>
        <Point X="365" Y="229" T="0" Pressure="0"/>
        <Point X="366" Y="230" T="0" Pressure="0"/>
        <Point X="366" Y="231" T="0" Pressure="0"/>
        <Point X="367" Y="232" T="0" Pressure="0"/>
        <Point X="367" Y="233" T="0" Pressure="0"/>
        <Point X="368" Y="236" T="0" Pressure="0"/>
        <Point X="368" Y="238" T="0" Pressure="0"/>
        <Point X="368" Y="240" T="0" Pressure="0"/>
        <Point X="368" Y="243" T="0" Pressure="0"/>
        <Point X="368" Y="245" T="0" Pressure="0"/>
        <Point X="368" Y="249" T="0" Pressure="0"/>
        <Point X="368" Y="263" T="0" Pressure="0"/>
        <Point X="367" Y="269" T="0" Pressure="0"/>
        <Point X="365" Y="281" T="0" Pressure="0"/>
        <Point X="365" Y="288" T="0" Pressure="0"/>
        <Point X="364" Y="296" T="0" Pressure="0"/>
        <Point X="363" Y="302" T="0" Pressure="0"/>
        <Point X="361" Y="317" T="0" Pressure="0"/>
        <Point X="361" Y="323" T="0" Pressure="0"/>
        <Point X="360" Y="337" T="0" Pressure="0"/>
        <Point X="360" Y="341" T="0" Pressure="0"/>
        <Point X="360" Y="345" T="0" Pressure="0"/>
        <Point X="360" Y="349" T="0" Pressure="0"/>
        <Point X="360" Y="357" T="0" Pressure="0"/>
        <Point X="360" Y="361" T="0" Pressure="0"/>
        <Point X="360" Y="364" T="0" Pressure="0"/>
        <Point X="360" Y="368" T="0" Pressure="0"/>
        <Point X="360" Y="370" T="0" Pressure="0"/>
        <Point X="360" Y="372" T="0" Pressure="0"/>
        <Point X="361" Y="374" T="0" Pressure="0"/>
        <Point X="361" Y="375" T="0" Pressure="0"/>
        <Point X="361" Y="376" T="0" Pressure="0"/>
        <Point X="361" Y="377" T="0" Pressure="0"/>
        <Point X="362" Y="377" T="0" Pressure="0"/>
        <Point X="363" Y="376" T="0" Pressure="0"/>
        <Point X="364" Y="375" T="0" Pressure="0"/>
    </Stroke>
</Gesture>
