<?xml version="1.0" ?>
<Gesture Name="six_point_star~05" Subject="1" Number="5" NumPts="213" InputType="stylus" Speed="MEDIUM">
    <Stroke index="1">
        <Point X="325" Y="336" T="0" Pressure="0"/>
        <Point X="323" Y="337" T="0" Pressure="0"/>
        <Point X="324" Y="337" T="0" Pressure="0"/>
        <Point X="324" Y="336" T="0" Pressure="0"/>
        <Point X="325" Y="336" T="0" Pressure="0"/>
        <Point X="326" Y="335" T="0" Pressure="0"/>
        <Point X="327" Y="333" T="0" Pressure="0"/>
        <Point X="329" Y="331" T="0" Pressure="0"/>
        <Point X="331" Y="329" T="0" Pressure="0"/>
        <Point X="331" Y="327" T="0" Pressure="0"/>
        <Point X="334" Y="322" T="0" Pressure="0"/>
        <Point X="336" Y="319" T="0" Pressure="0"/>
        <Point X="338" Y="316" T="0" Pressure="0"/>
        <Point X="342" Y="307" T="0" Pressure="0"/>
        <Point X="344" Y="301" T="0" Pressure="0"/>
        <Point X="346" Y="296" T="0" Pressure="0"/>
        <Point X="349" Y="290" T="0" Pressure="0"/>
        <Point X="351" Y="284" T="0" Pressure="0"/>
        <Point X="354" Y="277" T="0" Pressure="0"/>
        <Point X="357" Y="271" T="0" Pressure="0"/>
        <Point X="359" Y="265" T="0" Pressure="0"/>
        <Point X="364" Y="252" T="0" Pressure="0"/>
        <Point X="366" Y="246" T="0" Pressure="0"/>
        <Point X="376" Y="227" T="0" Pressure="0"/>
        <Point X="379" Y="223" T="0" Pressure="0"/>
        <Point X="384" Y="218" T="0" Pressure="0"/>
        <Point X="385" Y="216" T="0" Pressure="0"/>
        <Point X="387" Y="215" T="0" Pressure="0"/>
        <Point X="388" Y="214" T="0" Pressure="0"/>
        <Point X="391" Y="213" T="0" Pressure="0"/>
        <Point X="392" Y="212" T="0" Pressure="0"/>
        <Point X="394" Y="212" T="0" Pressure="0"/>
        <Point X="395" Y="213" T="0" Pressure="0"/>
        <Point X="396" Y="214" T="0" Pressure="0"/>
        <Point X="398" Y="215" T="0" Pressure="0"/>
        <Point X="399" Y="216" T="0" Pressure="0"/>
        <Point X="400" Y="218" T="0" Pressure="0"/>
        <Point X="402" Y="220" T="0" Pressure="0"/>
        <Point X="403" Y="222" T="0" Pressure="0"/>
        <Point X="406" Y="224" T="0" Pressure="0"/>
        <Point X="411" Y="234" T="0" Pressure="0"/>
        <Point X="414" Y="238" T="0" Pressure="0"/>
        <Point X="415" Y="241" T="0" Pressure="0"/>
        <Point X="418" Y="245" T="0" Pressure="0"/>
        <Point X="421" Y="250" T="0" Pressure="0"/>
        <Point X="424" Y="254" T="0" Pressure="0"/>
        <Point X="429" Y="263" T="0" Pressure="0"/>
        <Point X="431" Y="268" T="0" Pressure="0"/>
        <Point X="433" Y="272" T="0" Pressure="0"/>
        <Point X="439" Y="282" T="0" Pressure="0"/>
        <Point X="440" Y="286" T="0" Pressure="0"/>
        <Point X="443" Y="290" T="0" Pressure="0"/>
        <Point X="448" Y="301" T="0" Pressure="0"/>
        <Point X="450" Y="304" T="0" Pressure="0"/>
        <Point X="452" Y="307" T="0" Pressure="0"/>
        <Point X="453" Y="311" T="0" Pressure="0"/>
        <Point X="455" Y="314" T="0" Pressure="0"/>
        <Point X="455" Y="316" T="0" Pressure="0"/>
        <Point X="458" Y="321" T="0" Pressure="0"/>
        <Point X="459" Y="323" T="0" Pressure="0"/>
        <Point X="459" Y="326" T="0" Pressure="0"/>
        <Point X="460" Y="327" T="0" Pressure="0"/>
        <Point X="460" Y="329" T="0" Pressure="0"/>
        <Point X="461" Y="331" T="0" Pressure="0"/>
        <Point X="461" Y="332" T="0" Pressure="0"/>
        <Point X="462" Y="332" T="0" Pressure="0"/>
        <Point X="462" Y="333" T="0" Pressure="0"/>
        <Point X="462" Y="334" T="0" Pressure="0"/>
        <Point X="462" Y="335" T="0" Pressure="0"/>
        <Point X="460" Y="335" T="0" Pressure="0"/>
        <Point X="459" Y="336" T="0" Pressure="0"/>
        <Point X="458" Y="336" T="0" Pressure="0"/>
        <Point X="455" Y="337" T="0" Pressure="0"/>
        <Point X="454" Y="337" T="0" Pressure="0"/>
        <Point X="452" Y="338" T="0" Pressure="0"/>
        <Point X="449" Y="338" T="0" Pressure="0"/>
        <Point X="447" Y="338" T="0" Pressure="0"/>
        <Point X="444" Y="339" T="0" Pressure="0"/>
        <Point X="441" Y="339" T="0" Pressure="0"/>
        <Point X="439" Y="339" T="0" Pressure="0"/>
        <Point X="433" Y="339" T="0" Pressure="0"/>
        <Point X="429" Y="340" T="0" Pressure="0"/>
        <Point X="425" Y="340" T="0" Pressure="0"/>
        <Point X="421" Y="340" T="0" Pressure="0"/>
        <Point X="415" Y="340" T="0" Pressure="0"/>
        <Point X="410" Y="340" T="0" Pressure="0"/>
        <Point X="406" Y="340" T="0" Pressure="0"/>
        <Point X="400" Y="341" T="0" Pressure="0"/>
        <Point X="395" Y="341" T="0" Pressure="0"/>
        <Point X="390" Y="341" T="0" Pressure="0"/>
        <Point X="384" Y="341" T="0" Pressure="0"/>
        <Point X="379" Y="342" T="0" Pressure="0"/>
        <Point X="373" Y="342" T="0" Pressure="0"/>
        <Point X="369" Y="343" T="0" Pressure="0"/>
        <Point X="364" Y="343" T="0" Pressure="0"/>
        <Point X="360" Y="343" T="0" Pressure="0"/>
        <Point X="355" Y="343" T="0" Pressure="0"/>
        <Point X="350" Y="343" T="0" Pressure="0"/>
        <Point X="347" Y="343" T="0" Pressure="0"/>
        <Point X="343" Y="344" T="0" Pressure="0"/>
        <Point X="340" Y="344" T="0" Pressure="0"/>
        <Point X="338" Y="344" T="0" Pressure="0"/>
        <Point X="335" Y="344" T="0" Pressure="0"/>
        <Point X="333" Y="344" T="0" Pressure="0"/>
        <Point X="332" Y="344" T="0" Pressure="0"/>
        <Point X="331" Y="344" T="0" Pressure="0"/>
        <Point X="330" Y="344" T="0" Pressure="0"/>
        <Point X="329" Y="344" T="0" Pressure="0"/>
        <Point X="328" Y="343" T="0" Pressure="0"/>
        <Point X="329" Y="343" T="0" Pressure="0"/>
    </Stroke>
    <Stroke index="2">
        <Point X="324" Y="257" T="0" Pressure="0"/>
        <Point X="324" Y="255" T="0" Pressure="0"/>
        <Point X="324" Y="253" T="0" Pressure="0"/>
        <Point X="325" Y="254" T="0" Pressure="0"/>
        <Point X="327" Y="255" T="0" Pressure="0"/>
        <Point X="329" Y="258" T="0" Pressure="0"/>
        <Point X="331" Y="259" T="0" Pressure="0"/>
        <Point X="332" Y="261" T="0" Pressure="0"/>
        <Point X="334" Y="263" T="0" Pressure="0"/>
        <Point X="338" Y="269" T="0" Pressure="0"/>
        <Point X="340" Y="273" T="0" Pressure="0"/>
        <Point X="343" Y="278" T="0" Pressure="0"/>
        <Point X="348" Y="290" T="0" Pressure="0"/>
        <Point X="350" Y="296" T="0" Pressure="0"/>
        <Point X="357" Y="309" T="0" Pressure="0"/>
        <Point X="359" Y="316" T="0" Pressure="0"/>
        <Point X="361" Y="321" T="0" Pressure="0"/>
        <Point X="365" Y="327" T="0" Pressure="0"/>
        <Point X="370" Y="338" T="0" Pressure="0"/>
        <Point X="372" Y="343" T="0" Pressure="0"/>
        <Point X="374" Y="347" T="0" Pressure="0"/>
        <Point X="379" Y="356" T="0" Pressure="0"/>
        <Point X="381" Y="361" T="0" Pressure="0"/>
        <Point X="383" Y="365" T="0" Pressure="0"/>
        <Point X="385" Y="369" T="0" Pressure="0"/>
        <Point X="387" Y="373" T="0" Pressure="0"/>
        <Point X="388" Y="376" T="0" Pressure="0"/>
        <Point X="389" Y="380" T="0" Pressure="0"/>
        <Point X="391" Y="383" T="0" Pressure="0"/>
        <Point X="392" Y="386" T="0" Pressure="0"/>
        <Point X="394" Y="388" T="0" Pressure="0"/>
        <Point X="395" Y="390" T="0" Pressure="0"/>
        <Point X="395" Y="392" T="0" Pressure="0"/>
        <Point X="396" Y="393" T="0" Pressure="0"/>
        <Point X="398" Y="394" T="0" Pressure="0"/>
        <Point X="399" Y="395" T="0" Pressure="0"/>
        <Point X="399" Y="396" T="0" Pressure="0"/>
        <Point X="400" Y="396" T="0" Pressure="0"/>
        <Point X="401" Y="395" T="0" Pressure="0"/>
        <Point X="403" Y="393" T="0" Pressure="0"/>
        <Point X="403" Y="392" T="0" Pressure="0"/>
        <Point X="404" Y="391" T="0" Pressure="0"/>
        <Point X="406" Y="388" T="0" Pressure="0"/>
        <Point X="407" Y="385" T="0" Pressure="0"/>
        <Point X="409" Y="382" T="0" Pressure="0"/>
        <Point X="410" Y="378" T="0" Pressure="0"/>
        <Point X="411" Y="374" T="0" Pressure="0"/>
        <Point X="414" Y="370" T="0" Pressure="0"/>
        <Point X="415" Y="366" T="0" Pressure="0"/>
        <Point X="417" Y="361" T="0" Pressure="0"/>
        <Point X="419" Y="356" T="0" Pressure="0"/>
        <Point X="424" Y="345" T="0" Pressure="0"/>
        <Point X="431" Y="327" T="0" Pressure="0"/>
        <Point X="433" Y="321" T="0" Pressure="0"/>
        <Point X="436" Y="315" T="0" Pressure="0"/>
        <Point X="439" Y="309" T="0" Pressure="0"/>
        <Point X="443" Y="297" T="0" Pressure="0"/>
        <Point X="445" Y="292" T="0" Pressure="0"/>
        <Point X="452" Y="280" T="0" Pressure="0"/>
        <Point X="453" Y="276" T="0" Pressure="0"/>
        <Point X="455" Y="271" T="0" Pressure="0"/>
        <Point X="458" Y="268" T="0" Pressure="0"/>
        <Point X="459" Y="264" T="0" Pressure="0"/>
        <Point X="462" Y="258" T="0" Pressure="0"/>
        <Point X="463" Y="253" T="0" Pressure="0"/>
        <Point X="464" Y="252" T="0" Pressure="0"/>
        <Point X="466" Y="251" T="0" Pressure="0"/>
        <Point X="467" Y="248" T="0" Pressure="0"/>
        <Point X="467" Y="247" T="0" Pressure="0"/>
        <Point X="467" Y="246" T="0" Pressure="0"/>
        <Point X="467" Y="245" T="0" Pressure="0"/>
        <Point X="465" Y="245" T="0" Pressure="0"/>
        <Point X="463" Y="245" T="0" Pressure="0"/>
        <Point X="461" Y="245" T="0" Pressure="0"/>
        <Point X="458" Y="245" T="0" Pressure="0"/>
        <Point X="455" Y="246" T="0" Pressure="0"/>
        <Point X="453" Y="246" T="0" Pressure="0"/>
        <Point X="447" Y="246" T="0" Pressure="0"/>
        <Point X="445" Y="246" T="0" Pressure="0"/>
        <Point X="442" Y="246" T="0" Pressure="0"/>
        <Point X="439" Y="246" T="0" Pressure="0"/>
        <Point X="436" Y="246" T="0" Pressure="0"/>
        <Point X="432" Y="246" T="0" Pressure="0"/>
        <Point X="428" Y="246" T="0" Pressure="0"/>
        <Point X="423" Y="246" T="0" Pressure="0"/>
        <Point X="406" Y="247" T="0" Pressure="0"/>
        <Point X="400" Y="247" T="0" Pressure="0"/>
        <Point X="395" Y="247" T="0" Pressure="0"/>
        <Point X="377" Y="247" T="0" Pressure="0"/>
        <Point X="371" Y="248" T="0" Pressure="0"/>
        <Point X="364" Y="248" T="0" Pressure="0"/>
        <Point X="358" Y="249" T="0" Pressure="0"/>
        <Point X="353" Y="249" T="0" Pressure="0"/>
        <Point X="347" Y="251" T="0" Pressure="0"/>
        <Point X="333" Y="251" T="0" Pressure="0"/>
        <Point X="327" Y="252" T="0" Pressure="0"/>
        <Point X="324" Y="252" T="0" Pressure="0"/>
        <Point X="322" Y="253" T="0" Pressure="0"/>
        <Point X="320" Y="253" T="0" Pressure="0"/>
        <Point X="319" Y="254" T="0" Pressure="0"/>
        <Point X="318" Y="254" T="0" Pressure="0"/>
        <Point X="317" Y="256" T="0" Pressure="0"/>
        <Point X="317" Y="258" T="0" Pressure="0"/>
    </Stroke>
</Gesture>
