<?xml version="1.0" ?>
<Gesture Name="P~08" Subject="1" Number="8" NumPts="66" InputType="stylus" Speed="MEDIUM">
    <Stroke index="1">
        <Point X="370" Y="263" T="0" Pressure="0"/>
        <Point X="370" Y="262" T="0" Pressure="0"/>
        <Point X="371" Y="262" T="0" Pressure="0"/>
        <Point X="371" Y="263" T="0" Pressure="0"/>
        <Point X="372" Y="264" T="0" Pressure="0"/>
        <Point X="372" Y="266" T="0" Pressure="0"/>
        <Point X="372" Y="268" T="0" Pressure="0"/>
        <Point X="372" Y="274" T="0" Pressure="0"/>
        <Point X="372" Y="278" T="0" Pressure="0"/>
        <Point X="372" Y="282" T="0" Pressure="0"/>
        <Point X="372" Y="293" T="0" Pressure="0"/>
        <Point X="372" Y="298" T="0" Pressure="0"/>
        <Point X="371" Y="304" T="0" Pressure="0"/>
        <Point X="370" Y="317" T="0" Pressure="0"/>
        <Point X="370" Y="322" T="0" Pressure="0"/>
        <Point X="369" Y="327" T="0" Pressure="0"/>
        <Point X="369" Y="337" T="0" Pressure="0"/>
        <Point X="369" Y="348" T="0" Pressure="0"/>
        <Point X="370" Y="350" T="0" Pressure="0"/>
        <Point X="370" Y="351" T="0" Pressure="0"/>
        <Point X="370" Y="353" T="0" Pressure="0"/>
        <Point X="370" Y="354" T="0" Pressure="0"/>
        <Point X="370" Y="355" T="0" Pressure="0"/>
    </Stroke>
    <Stroke index="2">
        <Point X="358" Y="251" T="0" Pressure="0"/>
        <Point X="358" Y="249" T="0" Pressure="0"/>
        <Point X="358" Y="248" T="0" Pressure="0"/>
        <Point X="359" Y="247" T="0" Pressure="0"/>
        <Point X="360" Y="246" T="0" Pressure="0"/>
        <Point X="361" Y="245" T="0" Pressure="0"/>
        <Point X="362" Y="244" T="0" Pressure="0"/>
        <Point X="364" Y="244" T="0" Pressure="0"/>
        <Point X="365" Y="244" T="0" Pressure="0"/>
        <Point X="369" Y="243" T="0" Pressure="0"/>
        <Point X="372" Y="243" T="0" Pressure="0"/>
        <Point X="377" Y="243" T="0" Pressure="0"/>
        <Point X="380" Y="243" T="0" Pressure="0"/>
        <Point X="384" Y="243" T="0" Pressure="0"/>
        <Point X="391" Y="244" T="0" Pressure="0"/>
        <Point X="394" Y="244" T="0" Pressure="0"/>
        <Point X="397" Y="245" T="0" Pressure="0"/>
        <Point X="403" Y="247" T="0" Pressure="0"/>
        <Point X="406" Y="249" T="0" Pressure="0"/>
        <Point X="407" Y="251" T="0" Pressure="0"/>
        <Point X="410" Y="254" T="0" Pressure="0"/>
        <Point X="410" Y="257" T="0" Pressure="0"/>
        <Point X="411" Y="259" T="0" Pressure="0"/>
        <Point X="411" Y="264" T="0" Pressure="0"/>
        <Point X="411" Y="267" T="0" Pressure="0"/>
        <Point X="410" Y="269" T="0" Pressure="0"/>
        <Point X="407" Y="272" T="0" Pressure="0"/>
        <Point X="406" Y="274" T="0" Pressure="0"/>
        <Point X="404" Y="276" T="0" Pressure="0"/>
        <Point X="399" Y="278" T="0" Pressure="0"/>
        <Point X="397" Y="279" T="0" Pressure="0"/>
        <Point X="394" Y="279" T="0" Pressure="0"/>
        <Point X="388" Y="281" T="0" Pressure="0"/>
        <Point X="385" Y="282" T="0" Pressure="0"/>
        <Point X="383" Y="282" T="0" Pressure="0"/>
        <Point X="378" Y="283" T="0" Pressure="0"/>
        <Point X="376" Y="284" T="0" Pressure="0"/>
        <Point X="373" Y="284" T="0" Pressure="0"/>
        <Point X="372" Y="284" T="0" Pressure="0"/>
        <Point X="371" Y="285" T="0" Pressure="0"/>
        <Point X="370" Y="285" T="0" Pressure="0"/>
        <Point X="369" Y="286" T="0" Pressure="0"/>
        <Point X="369" Y="287" T="0" Pressure="0"/>
    </Stroke>
</Gesture>
