<?xml version="1.0" ?>
<Gesture Name="P~02" Subject="1" Number="2" NumPts="68" InputType="stylus" Speed="MEDIUM">
    <Stroke index="1">
        <Point X="374" Y="274" T="0" Pressure="0"/>
        <Point X="374" Y="276" T="0" Pressure="0"/>
        <Point X="375" Y="278" T="0" Pressure="0"/>
        <Point X="376" Y="279" T="0" Pressure="0"/>
        <Point X="376" Y="282" T="0" Pressure="0"/>
        <Point X="376" Y="284" T="0" Pressure="0"/>
        <Point X="376" Y="288" T="0" Pressure="0"/>
        <Point X="376" Y="291" T="0" Pressure="0"/>
        <Point X="377" Y="295" T="0" Pressure="0"/>
        <Point X="377" Y="304" T="0" Pressure="0"/>
        <Point X="377" Y="310" T="0" Pressure="0"/>
        <Point X="376" Y="321" T="0" Pressure="0"/>
        <Point X="376" Y="326" T="0" Pressure="0"/>
        <Point X="375" Y="332" T="0" Pressure="0"/>
        <Point X="374" Y="342" T="0" Pressure="0"/>
        <Point X="373" Y="347" T="0" Pressure="0"/>
        <Point X="373" Y="351" T="0" Pressure="0"/>
        <Point X="373" Y="357" T="0" Pressure="0"/>
        <Point X="372" Y="360" T="0" Pressure="0"/>
        <Point X="372" Y="362" T="0" Pressure="0"/>
        <Point X="372" Y="364" T="0" Pressure="0"/>
        <Point X="372" Y="366" T="0" Pressure="0"/>
        <Point X="372" Y="367" T="0" Pressure="0"/>
        <Point X="372" Y="368" T="0" Pressure="0"/>
        <Point X="372" Y="369" T="0" Pressure="0"/>
        <Point X="372" Y="370" T="0" Pressure="0"/>
    </Stroke>
    <Stroke index="2">
        <Point X="370" Y="274" T="0" Pressure="0"/>
        <Point X="370" Y="273" T="0" Pressure="0"/>
        <Point X="371" Y="272" T="0" Pressure="0"/>
        <Point X="372" Y="271" T="0" Pressure="0"/>
        <Point X="374" Y="271" T="0" Pressure="0"/>
        <Point X="376" Y="271" T="0" Pressure="0"/>
        <Point X="377" Y="271" T="0" Pressure="0"/>
        <Point X="379" Y="271" T="0" Pressure="0"/>
        <Point X="380" Y="271" T="0" Pressure="0"/>
        <Point X="383" Y="271" T="0" Pressure="0"/>
        <Point X="386" Y="272" T="0" Pressure="0"/>
        <Point X="389" Y="272" T="0" Pressure="0"/>
        <Point X="392" Y="273" T="0" Pressure="0"/>
        <Point X="395" Y="274" T="0" Pressure="0"/>
        <Point X="399" Y="274" T="0" Pressure="0"/>
        <Point X="402" Y="276" T="0" Pressure="0"/>
        <Point X="405" Y="277" T="0" Pressure="0"/>
        <Point X="408" Y="278" T="0" Pressure="0"/>
        <Point X="410" Y="280" T="0" Pressure="0"/>
        <Point X="412" Y="282" T="0" Pressure="0"/>
        <Point X="414" Y="284" T="0" Pressure="0"/>
        <Point X="414" Y="287" T="0" Pressure="0"/>
        <Point X="415" Y="289" T="0" Pressure="0"/>
        <Point X="415" Y="292" T="0" Pressure="0"/>
        <Point X="416" Y="294" T="0" Pressure="0"/>
        <Point X="416" Y="296" T="0" Pressure="0"/>
        <Point X="416" Y="298" T="0" Pressure="0"/>
        <Point X="415" Y="301" T="0" Pressure="0"/>
        <Point X="414" Y="303" T="0" Pressure="0"/>
        <Point X="413" Y="306" T="0" Pressure="0"/>
        <Point X="411" Y="308" T="0" Pressure="0"/>
        <Point X="407" Y="312" T="0" Pressure="0"/>
        <Point X="404" Y="314" T="0" Pressure="0"/>
        <Point X="402" Y="316" T="0" Pressure="0"/>
        <Point X="397" Y="318" T="0" Pressure="0"/>
        <Point X="394" Y="319" T="0" Pressure="0"/>
        <Point X="391" Y="320" T="0" Pressure="0"/>
        <Point X="386" Y="321" T="0" Pressure="0"/>
        <Point X="383" Y="322" T="0" Pressure="0"/>
        <Point X="380" Y="322" T="0" Pressure="0"/>
        <Point X="376" Y="322" T="0" Pressure="0"/>
        <Point X="374" Y="322" T="0" Pressure="0"/>
    </Stroke>
</Gesture>
