<?xml version="1.0" ?>
<Gesture Name="I~07" Subject="1" Number="7" NumPts="97" InputType="stylus" Speed="MEDIUM">
    <Stroke index="1">
        <Point X="335" Y="233" T="0" Pressure="0"/>
        <Point X="335" Y="231" T="0" Pressure="0"/>
        <Point X="335" Y="230" T="0" Pressure="0"/>
        <Point X="335" Y="229" T="0" Pressure="0"/>
        <Point X="339" Y="227" T="0" Pressure="0"/>
        <Point X="340" Y="227" T="0" Pressure="0"/>
        <Point X="343" Y="226" T="0" Pressure="0"/>
        <Point X="346" Y="226" T="0" Pressure="0"/>
        <Point X="349" Y="225" T="0" Pressure="0"/>
        <Point X="354" Y="224" T="0" Pressure="0"/>
        <Point X="358" Y="223" T="0" Pressure="0"/>
        <Point X="365" Y="221" T="0" Pressure="0"/>
        <Point X="370" Y="220" T="0" Pressure="0"/>
        <Point X="376" Y="218" T="0" Pressure="0"/>
        <Point X="383" Y="217" T="0" Pressure="0"/>
        <Point X="389" Y="215" T="0" Pressure="0"/>
        <Point X="396" Y="213" T="0" Pressure="0"/>
        <Point X="403" Y="212" T="0" Pressure="0"/>
        <Point X="409" Y="211" T="0" Pressure="0"/>
        <Point X="414" Y="209" T="0" Pressure="0"/>
        <Point X="418" Y="209" T="0" Pressure="0"/>
        <Point X="424" Y="208" T="0" Pressure="0"/>
        <Point X="428" Y="208" T="0" Pressure="0"/>
        <Point X="436" Y="207" T="0" Pressure="0"/>
        <Point X="439" Y="207" T="0" Pressure="0"/>
        <Point X="442" Y="206" T="0" Pressure="0"/>
        <Point X="445" Y="206" T="0" Pressure="0"/>
        <Point X="447" Y="207" T="0" Pressure="0"/>
        <Point X="447" Y="208" T="0" Pressure="0"/>
        <Point X="446" Y="209" T="0" Pressure="0"/>
        <Point X="444" Y="209" T="0" Pressure="0"/>
    </Stroke>
    <Stroke index="2">
        <Point X="398" Y="223" T="0" Pressure="0"/>
        <Point X="398" Y="224" T="0" Pressure="0"/>
        <Point X="398" Y="226" T="0" Pressure="0"/>
        <Point X="398" Y="227" T="0" Pressure="0"/>
        <Point X="398" Y="230" T="0" Pressure="0"/>
        <Point X="398" Y="233" T="0" Pressure="0"/>
        <Point X="398" Y="237" T="0" Pressure="0"/>
        <Point X="397" Y="245" T="0" Pressure="0"/>
        <Point X="396" Y="251" T="0" Pressure="0"/>
        <Point X="395" Y="257" T="0" Pressure="0"/>
        <Point X="394" Y="263" T="0" Pressure="0"/>
        <Point X="392" Y="273" T="0" Pressure="0"/>
        <Point X="391" Y="278" T="0" Pressure="0"/>
        <Point X="391" Y="283" T="0" Pressure="0"/>
        <Point X="389" Y="293" T="0" Pressure="0"/>
        <Point X="389" Y="296" T="0" Pressure="0"/>
        <Point X="389" Y="299" T="0" Pressure="0"/>
        <Point X="388" Y="303" T="0" Pressure="0"/>
        <Point X="388" Y="306" T="0" Pressure="0"/>
        <Point X="388" Y="309" T="0" Pressure="0"/>
        <Point X="387" Y="312" T="0" Pressure="0"/>
        <Point X="387" Y="314" T="0" Pressure="0"/>
        <Point X="386" Y="316" T="0" Pressure="0"/>
        <Point X="385" Y="318" T="0" Pressure="0"/>
        <Point X="385" Y="320" T="0" Pressure="0"/>
        <Point X="384" Y="321" T="0" Pressure="0"/>
    </Stroke>
    <Stroke index="3">
        <Point X="328" Y="335" T="0" Pressure="0"/>
        <Point X="328" Y="334" T="0" Pressure="0"/>
        <Point X="328" Y="333" T="0" Pressure="0"/>
        <Point X="328" Y="332" T="0" Pressure="0"/>
        <Point X="330" Y="332" T="0" Pressure="0"/>
        <Point X="331" Y="332" T="0" Pressure="0"/>
        <Point X="332" Y="332" T="0" Pressure="0"/>
        <Point X="335" Y="331" T="0" Pressure="0"/>
        <Point X="338" Y="331" T="0" Pressure="0"/>
        <Point X="340" Y="331" T="0" Pressure="0"/>
        <Point X="345" Y="331" T="0" Pressure="0"/>
        <Point X="349" Y="330" T="0" Pressure="0"/>
        <Point X="354" Y="329" T="0" Pressure="0"/>
        <Point X="360" Y="328" T="0" Pressure="0"/>
        <Point X="365" Y="328" T="0" Pressure="0"/>
        <Point X="377" Y="327" T="0" Pressure="0"/>
        <Point X="383" Y="326" T="0" Pressure="0"/>
        <Point X="389" Y="326" T="0" Pressure="0"/>
        <Point X="395" Y="325" T="0" Pressure="0"/>
        <Point X="400" Y="325" T="0" Pressure="0"/>
        <Point X="411" Y="324" T="0" Pressure="0"/>
        <Point X="415" Y="324" T="0" Pressure="0"/>
        <Point X="421" Y="323" T="0" Pressure="0"/>
        <Point X="425" Y="323" T="0" Pressure="0"/>
        <Point X="429" Y="323" T="0" Pressure="0"/>
        <Point X="432" Y="323" T="0" Pressure="0"/>
        <Point X="438" Y="322" T="0" Pressure="0"/>
        <Point X="440" Y="322" T="0" Pressure="0"/>
        <Point X="443" Y="322" T="0" Pressure="0"/>
        <Point X="445" Y="322" T="0" Pressure="0"/>
        <Point X="446" Y="322" T="0" Pressure="0"/>
        <Point X="447" Y="323" T="0" Pressure="0"/>
        <Point X="447" Y="324" T="0" Pressure="0"/>
        <Point X="447" Y="325" T="0" Pressure="0"/>
        <Point X="445" Y="326" T="0" Pressure="0"/>
        <Point X="444" Y="327" T="0" Pressure="0"/>
        <Point X="444" Y="328" T="0" Pressure="0"/>
        <Point X="443" Y="329" T="0" Pressure="0"/>
        <Point X="442" Y="331" T="0" Pressure="0"/>
        <Point X="441" Y="332" T="0" Pressure="0"/>
    </Stroke>
</Gesture>
