<?xml version="1.0" ?>
<Gesture Name="exclamation_point~04" Subject="1" Number="4" NumPts="37" InputType="stylus" Speed="MEDIUM">
    <Stroke index="1">
        <Point X="392" Y="224" T="0" Pressure="0"/>
        <Point X="392" Y="226" T="0" Pressure="0"/>
        <Point X="392" Y="227" T="0" Pressure="0"/>
        <Point X="392" Y="228" T="0" Pressure="0"/>
        <Point X="392" Y="229" T="0" Pressure="0"/>
        <Point X="393" Y="232" T="0" Pressure="0"/>
        <Point X="394" Y="234" T="0" Pressure="0"/>
        <Point X="394" Y="238" T="0" Pressure="0"/>
        <Point X="394" Y="242" T="0" Pressure="0"/>
        <Point X="395" Y="247" T="0" Pressure="0"/>
        <Point X="395" Y="252" T="0" Pressure="0"/>
        <Point X="395" Y="258" T="0" Pressure="0"/>
        <Point X="395" Y="264" T="0" Pressure="0"/>
        <Point X="395" Y="271" T="0" Pressure="0"/>
        <Point X="395" Y="276" T="0" Pressure="0"/>
        <Point X="395" Y="282" T="0" Pressure="0"/>
        <Point X="395" Y="287" T="0" Pressure="0"/>
        <Point X="395" Y="296" T="0" Pressure="0"/>
        <Point X="395" Y="301" T="0" Pressure="0"/>
        <Point X="396" Y="305" T="0" Pressure="0"/>
        <Point X="396" Y="309" T="0" Pressure="0"/>
        <Point X="396" Y="313" T="0" Pressure="0"/>
        <Point X="396" Y="317" T="0" Pressure="0"/>
        <Point X="396" Y="320" T="0" Pressure="0"/>
        <Point X="396" Y="323" T="0" Pressure="0"/>
        <Point X="396" Y="327" T="0" Pressure="0"/>
        <Point X="396" Y="330" T="0" Pressure="0"/>
        <Point X="396" Y="337" T="0" Pressure="0"/>
        <Point X="395" Y="340" T="0" Pressure="0"/>
    </Stroke>
    <Stroke index="2">
        <Point X="400" Y="386" T="0" Pressure="0"/>
        <Point X="399" Y="384" T="0" Pressure="0"/>
        <Point X="398" Y="383" T="0" Pressure="0"/>
        <Point X="397" Y="382" T="0" Pressure="0"/>
        <Point X="398" Y="382" T="0" Pressure="0"/>
        <Point X="399" Y="382" T="0" Pressure="0"/>
        <Point X="399" Y="383" T="0" Pressure="0"/>
        <Point X="399" Y="384" T="0" Pressure="0"/>
    </Stroke>
</Gesture>
