<?xml version="1.0" ?>
<Gesture Name="five_point_star~04" Subject="1" Number="4" NumPts="187" InputType="stylus" Speed="MEDIUM">
    <Stroke index="1">
        <Point X="336" Y="357" T="0" Pressure="0"/>
        <Point X="335" Y="356" T="0" Pressure="0"/>
        <Point X="335" Y="355" T="0" Pressure="0"/>
        <Point X="335" Y="354" T="0" Pressure="0"/>
        <Point X="335" Y="353" T="0" Pressure="0"/>
        <Point X="335" Y="352" T="0" Pressure="0"/>
        <Point X="335" Y="351" T="0" Pressure="0"/>
        <Point X="335" Y="350" T="0" Pressure="0"/>
        <Point X="336" Y="348" T="0" Pressure="0"/>
        <Point X="337" Y="346" T="0" Pressure="0"/>
        <Point X="338" Y="344" T="0" Pressure="0"/>
        <Point X="339" Y="341" T="0" Pressure="0"/>
        <Point X="339" Y="338" T="0" Pressure="0"/>
        <Point X="341" Y="335" T="0" Pressure="0"/>
        <Point X="342" Y="331" T="0" Pressure="0"/>
        <Point X="345" Y="320" T="0" Pressure="0"/>
        <Point X="346" Y="316" T="0" Pressure="0"/>
        <Point X="348" Y="310" T="0" Pressure="0"/>
        <Point X="351" Y="298" T="0" Pressure="0"/>
        <Point X="354" Y="292" T="0" Pressure="0"/>
        <Point X="355" Y="285" T="0" Pressure="0"/>
        <Point X="358" Y="279" T="0" Pressure="0"/>
        <Point X="359" Y="274" T="0" Pressure="0"/>
        <Point X="361" Y="269" T="0" Pressure="0"/>
        <Point X="362" Y="263" T="0" Pressure="0"/>
        <Point X="365" Y="258" T="0" Pressure="0"/>
        <Point X="366" Y="251" T="0" Pressure="0"/>
        <Point X="369" Y="247" T="0" Pressure="0"/>
        <Point X="373" Y="239" T="0" Pressure="0"/>
        <Point X="374" Y="237" T="0" Pressure="0"/>
        <Point X="376" Y="234" T="0" Pressure="0"/>
        <Point X="378" Y="232" T="0" Pressure="0"/>
        <Point X="380" Y="229" T="0" Pressure="0"/>
        <Point X="381" Y="228" T="0" Pressure="0"/>
        <Point X="383" Y="228" T="0" Pressure="0"/>
        <Point X="384" Y="227" T="0" Pressure="0"/>
        <Point X="385" Y="227" T="0" Pressure="0"/>
        <Point X="386" Y="227" T="0" Pressure="0"/>
        <Point X="387" Y="227" T="0" Pressure="0"/>
        <Point X="388" Y="228" T="0" Pressure="0"/>
        <Point X="388" Y="229" T="0" Pressure="0"/>
        <Point X="390" Y="230" T="0" Pressure="0"/>
        <Point X="391" Y="232" T="0" Pressure="0"/>
        <Point X="392" Y="234" T="0" Pressure="0"/>
        <Point X="394" Y="236" T="0" Pressure="0"/>
        <Point X="395" Y="239" T="0" Pressure="0"/>
        <Point X="396" Y="243" T="0" Pressure="0"/>
        <Point X="398" Y="246" T="0" Pressure="0"/>
        <Point X="399" Y="251" T="0" Pressure="0"/>
        <Point X="402" Y="256" T="0" Pressure="0"/>
        <Point X="403" Y="261" T="0" Pressure="0"/>
        <Point X="405" Y="266" T="0" Pressure="0"/>
        <Point X="407" Y="271" T="0" Pressure="0"/>
        <Point X="409" Y="277" T="0" Pressure="0"/>
        <Point X="413" Y="290" T="0" Pressure="0"/>
        <Point X="414" Y="296" T="0" Pressure="0"/>
        <Point X="415" Y="302" T="0" Pressure="0"/>
        <Point X="417" Y="308" T="0" Pressure="0"/>
        <Point X="418" Y="314" T="0" Pressure="0"/>
        <Point X="420" Y="320" T="0" Pressure="0"/>
        <Point X="421" Y="324" T="0" Pressure="0"/>
        <Point X="422" Y="329" T="0" Pressure="0"/>
        <Point X="423" Y="333" T="0" Pressure="0"/>
        <Point X="424" Y="337" T="0" Pressure="0"/>
        <Point X="425" Y="341" T="0" Pressure="0"/>
        <Point X="425" Y="344" T="0" Pressure="0"/>
        <Point X="426" Y="346" T="0" Pressure="0"/>
        <Point X="426" Y="348" T="0" Pressure="0"/>
        <Point X="427" Y="350" T="0" Pressure="0"/>
        <Point X="428" Y="351" T="0" Pressure="0"/>
        <Point X="428" Y="352" T="0" Pressure="0"/>
        <Point X="427" Y="352" T="0" Pressure="0"/>
        <Point X="426" Y="352" T="0" Pressure="0"/>
        <Point X="425" Y="351" T="0" Pressure="0"/>
        <Point X="424" Y="349" T="0" Pressure="0"/>
        <Point X="423" Y="347" T="0" Pressure="0"/>
        <Point X="422" Y="346" T="0" Pressure="0"/>
        <Point X="420" Y="344" T="0" Pressure="0"/>
        <Point X="418" Y="342" T="0" Pressure="0"/>
        <Point X="417" Y="340" T="0" Pressure="0"/>
        <Point X="415" Y="338" T="0" Pressure="0"/>
        <Point X="413" Y="335" T="0" Pressure="0"/>
        <Point X="411" Y="332" T="0" Pressure="0"/>
        <Point X="409" Y="329" T="0" Pressure="0"/>
        <Point X="406" Y="326" T="0" Pressure="0"/>
        <Point X="403" Y="323" T="0" Pressure="0"/>
        <Point X="393" Y="315" T="0" Pressure="0"/>
        <Point X="388" Y="311" T="0" Pressure="0"/>
        <Point X="383" Y="307" T="0" Pressure="0"/>
        <Point X="379" Y="305" T="0" Pressure="0"/>
        <Point X="373" Y="302" T="0" Pressure="0"/>
        <Point X="369" Y="299" T="0" Pressure="0"/>
        <Point X="364" Y="297" T="0" Pressure="0"/>
        <Point X="358" Y="295" T="0" Pressure="0"/>
        <Point X="353" Y="293" T="0" Pressure="0"/>
        <Point X="349" Y="292" T="0" Pressure="0"/>
        <Point X="344" Y="291" T="0" Pressure="0"/>
        <Point X="339" Y="290" T="0" Pressure="0"/>
        <Point X="335" Y="289" T="0" Pressure="0"/>
        <Point X="331" Y="289" T="0" Pressure="0"/>
        <Point X="324" Y="288" T="0" Pressure="0"/>
        <Point X="322" Y="287" T="0" Pressure="0"/>
        <Point X="320" Y="287" T="0" Pressure="0"/>
        <Point X="317" Y="287" T="0" Pressure="0"/>
        <Point X="316" Y="287" T="0" Pressure="0"/>
        <Point X="313" Y="287" T="0" Pressure="0"/>
        <Point X="312" Y="287" T="0" Pressure="0"/>
        <Point X="313" Y="287" T="0" Pressure="0"/>
        <Point X="316" Y="287" T="0" Pressure="0"/>
        <Point X="318" Y="286" T="0" Pressure="0"/>
        <Point X="321" Y="284" T="0" Pressure="0"/>
        <Point X="324" Y="283" T="0" Pressure="0"/>
        <Point X="328" Y="282" T="0" Pressure="0"/>
        <Point X="332" Y="281" T="0" Pressure="0"/>
        <Point X="336" Y="279" T="0" Pressure="0"/>
        <Point X="341" Y="277" T="0" Pressure="0"/>
        <Point X="346" Y="276" T="0" Pressure="0"/>
        <Point X="353" Y="274" T="0" Pressure="0"/>
        <Point X="358" Y="272" T="0" Pressure="0"/>
        <Point X="365" Y="269" T="0" Pressure="0"/>
        <Point X="373" Y="268" T="0" Pressure="0"/>
        <Point X="380" Y="265" T="0" Pressure="0"/>
        <Point X="387" Y="263" T="0" Pressure="0"/>
        <Point X="395" Y="260" T="0" Pressure="0"/>
        <Point X="402" Y="258" T="0" Pressure="0"/>
        <Point X="407" Y="257" T="0" Pressure="0"/>
        <Point X="413" Y="256" T="0" Pressure="0"/>
        <Point X="418" Y="254" T="0" Pressure="0"/>
        <Point X="424" Y="253" T="0" Pressure="0"/>
        <Point X="429" Y="252" T="0" Pressure="0"/>
        <Point X="433" Y="252" T="0" Pressure="0"/>
        <Point X="440" Y="252" T="0" Pressure="0"/>
        <Point X="443" Y="252" T="0" Pressure="0"/>
        <Point X="445" Y="252" T="0" Pressure="0"/>
        <Point X="448" Y="252" T="0" Pressure="0"/>
        <Point X="449" Y="252" T="0" Pressure="0"/>
        <Point X="451" Y="253" T="0" Pressure="0"/>
        <Point X="452" Y="254" T="0" Pressure="0"/>
        <Point X="453" Y="256" T="0" Pressure="0"/>
        <Point X="454" Y="257" T="0" Pressure="0"/>
        <Point X="454" Y="258" T="0" Pressure="0"/>
        <Point X="454" Y="261" T="0" Pressure="0"/>
        <Point X="453" Y="263" T="0" Pressure="0"/>
        <Point X="452" Y="264" T="0" Pressure="0"/>
        <Point X="451" Y="267" T="0" Pressure="0"/>
        <Point X="448" Y="269" T="0" Pressure="0"/>
        <Point X="447" Y="272" T="0" Pressure="0"/>
        <Point X="444" Y="276" T="0" Pressure="0"/>
        <Point X="441" Y="278" T="0" Pressure="0"/>
        <Point X="437" Y="282" T="0" Pressure="0"/>
        <Point X="434" Y="286" T="0" Pressure="0"/>
        <Point X="430" Y="290" T="0" Pressure="0"/>
        <Point X="426" Y="293" T="0" Pressure="0"/>
        <Point X="422" Y="297" T="0" Pressure="0"/>
        <Point X="418" Y="301" T="0" Pressure="0"/>
        <Point X="413" Y="304" T="0" Pressure="0"/>
        <Point X="408" Y="309" T="0" Pressure="0"/>
        <Point X="403" Y="314" T="0" Pressure="0"/>
        <Point X="398" Y="317" T="0" Pressure="0"/>
        <Point X="392" Y="320" T="0" Pressure="0"/>
        <Point X="388" Y="324" T="0" Pressure="0"/>
        <Point X="383" Y="327" T="0" Pressure="0"/>
        <Point X="378" Y="331" T="0" Pressure="0"/>
        <Point X="373" Y="334" T="0" Pressure="0"/>
        <Point X="369" Y="337" T="0" Pressure="0"/>
        <Point X="365" Y="340" T="0" Pressure="0"/>
        <Point X="361" Y="342" T="0" Pressure="0"/>
        <Point X="357" Y="344" T="0" Pressure="0"/>
        <Point X="354" Y="347" T="0" Pressure="0"/>
        <Point X="351" Y="349" T="0" Pressure="0"/>
        <Point X="349" Y="351" T="0" Pressure="0"/>
        <Point X="347" Y="352" T="0" Pressure="0"/>
        <Point X="346" Y="353" T="0" Pressure="0"/>
        <Point X="345" Y="355" T="0" Pressure="0"/>
        <Point X="343" Y="356" T="0" Pressure="0"/>
        <Point X="342" Y="357" T="0" Pressure="0"/>
        <Point X="341" Y="357" T="0" Pressure="0"/>
        <Point X="340" Y="357" T="0" Pressure="0"/>
        <Point X="340" Y="358" T="0" Pressure="0"/>
        <Point X="339" Y="358" T="0" Pressure="0"/>
        <Point X="339" Y="357" T="0" Pressure="0"/>
        <Point X="340" Y="357" T="0" Pressure="0"/>
        <Point X="341" Y="356" T="0" Pressure="0"/>
        <Point X="342" Y="356" T="0" Pressure="0"/>
        <Point X="343" Y="356" T="0" Pressure="0"/>
        <Point X="343" Y="355" T="0" Pressure="0"/>
        <Point X="345" Y="355" T="0" Pressure="0"/>
    </Stroke>
</Gesture>
