<?xml version="1.0" ?>
<Gesture Name="T~03" Subject="1" Number="3" NumPts="58" InputType="stylus" Speed="MEDIUM">
    <Stroke index="1">
        <Point X="332" Y="291" T="0" Pressure="0"/>
        <Point X="333" Y="289" T="0" Pressure="0"/>
        <Point X="335" Y="287" T="0" Pressure="0"/>
        <Point X="336" Y="286" T="0" Pressure="0"/>
        <Point X="339" Y="285" T="0" Pressure="0"/>
        <Point X="342" Y="284" T="0" Pressure="0"/>
        <Point X="345" Y="283" T="0" Pressure="0"/>
        <Point X="349" Y="283" T="0" Pressure="0"/>
        <Point X="354" Y="282" T="0" Pressure="0"/>
        <Point X="359" Y="281" T="0" Pressure="0"/>
        <Point X="365" Y="279" T="0" Pressure="0"/>
        <Point X="370" Y="279" T="0" Pressure="0"/>
        <Point X="376" Y="278" T="0" Pressure="0"/>
        <Point X="381" Y="277" T="0" Pressure="0"/>
        <Point X="387" Y="276" T="0" Pressure="0"/>
        <Point X="393" Y="276" T="0" Pressure="0"/>
        <Point X="399" Y="275" T="0" Pressure="0"/>
        <Point X="410" Y="274" T="0" Pressure="0"/>
        <Point X="416" Y="273" T="0" Pressure="0"/>
        <Point X="421" Y="273" T="0" Pressure="0"/>
        <Point X="431" Y="272" T="0" Pressure="0"/>
        <Point X="434" Y="272" T="0" Pressure="0"/>
        <Point X="437" Y="272" T="0" Pressure="0"/>
        <Point X="442" Y="272" T="0" Pressure="0"/>
        <Point X="444" Y="272" T="0" Pressure="0"/>
        <Point X="445" Y="272" T="0" Pressure="0"/>
        <Point X="444" Y="272" T="0" Pressure="0"/>
        <Point X="443" Y="272" T="0" Pressure="0"/>
        <Point X="441" Y="273" T="0" Pressure="0"/>
        <Point X="440" Y="273" T="0" Pressure="0"/>
        <Point X="438" Y="273" T="0" Pressure="0"/>
        <Point X="436" Y="274" T="0" Pressure="0"/>
    </Stroke>
    <Stroke index="2">
        <Point X="394" Y="280" T="0" Pressure="0"/>
        <Point X="394" Y="279" T="0" Pressure="0"/>
        <Point X="394" Y="278" T="0" Pressure="0"/>
        <Point X="395" Y="278" T="0" Pressure="0"/>
        <Point X="396" Y="278" T="0" Pressure="0"/>
        <Point X="396" Y="279" T="0" Pressure="0"/>
        <Point X="398" Y="280" T="0" Pressure="0"/>
        <Point X="399" Y="282" T="0" Pressure="0"/>
        <Point X="399" Y="286" T="0" Pressure="0"/>
        <Point X="400" Y="290" T="0" Pressure="0"/>
        <Point X="400" Y="293" T="0" Pressure="0"/>
        <Point X="400" Y="296" T="0" Pressure="0"/>
        <Point X="399" Y="300" T="0" Pressure="0"/>
        <Point X="399" Y="304" T="0" Pressure="0"/>
        <Point X="397" Y="308" T="0" Pressure="0"/>
        <Point X="396" Y="313" T="0" Pressure="0"/>
        <Point X="395" Y="318" T="0" Pressure="0"/>
        <Point X="393" Y="323" T="0" Pressure="0"/>
        <Point X="391" Y="333" T="0" Pressure="0"/>
        <Point X="390" Y="341" T="0" Pressure="0"/>
        <Point X="390" Y="344" T="0" Pressure="0"/>
        <Point X="390" Y="348" T="0" Pressure="0"/>
        <Point X="390" Y="351" T="0" Pressure="0"/>
        <Point X="390" Y="353" T="0" Pressure="0"/>
        <Point X="390" Y="356" T="0" Pressure="0"/>
        <Point X="390" Y="358" T="0" Pressure="0"/>
    </Stroke>
</Gesture>
