<?xml version="1.0" ?>
<Gesture Name="null~01" Subject="1" Number="1" NumPts="104" InputType="stylus" Speed="MEDIUM">
    <Stroke index="1">
        <Point X="362" Y="219" T="0" Pressure="0"/>
        <Point X="360" Y="219" T="0" Pressure="0"/>
        <Point X="359" Y="219" T="0" Pressure="0"/>
        <Point X="358" Y="219" T="0" Pressure="0"/>
        <Point X="357" Y="220" T="0" Pressure="0"/>
        <Point X="355" Y="221" T="0" Pressure="0"/>
        <Point X="354" Y="222" T="0" Pressure="0"/>
        <Point X="354" Y="224" T="0" Pressure="0"/>
        <Point X="353" Y="226" T="0" Pressure="0"/>
        <Point X="351" Y="227" T="0" Pressure="0"/>
        <Point X="349" Y="233" T="0" Pressure="0"/>
        <Point X="347" Y="236" T="0" Pressure="0"/>
        <Point X="346" Y="239" T="0" Pressure="0"/>
        <Point X="345" Y="247" T="0" Pressure="0"/>
        <Point X="344" Y="251" T="0" Pressure="0"/>
        <Point X="343" Y="256" T="0" Pressure="0"/>
        <Point X="343" Y="264" T="0" Pressure="0"/>
        <Point X="343" Y="268" T="0" Pressure="0"/>
        <Point X="344" Y="272" T="0" Pressure="0"/>
        <Point X="347" Y="280" T="0" Pressure="0"/>
        <Point X="349" Y="283" T="0" Pressure="0"/>
        <Point X="351" Y="287" T="0" Pressure="0"/>
        <Point X="356" Y="292" T="0" Pressure="0"/>
        <Point X="359" Y="294" T="0" Pressure="0"/>
        <Point X="362" Y="297" T="0" Pressure="0"/>
        <Point X="365" Y="298" T="0" Pressure="0"/>
        <Point X="368" Y="300" T="0" Pressure="0"/>
        <Point X="370" Y="301" T="0" Pressure="0"/>
        <Point X="373" Y="302" T="0" Pressure="0"/>
        <Point X="376" Y="302" T="0" Pressure="0"/>
        <Point X="380" Y="302" T="0" Pressure="0"/>
        <Point X="382" Y="302" T="0" Pressure="0"/>
        <Point X="385" Y="302" T="0" Pressure="0"/>
        <Point X="391" Y="300" T="0" Pressure="0"/>
        <Point X="394" Y="298" T="0" Pressure="0"/>
        <Point X="398" Y="295" T="0" Pressure="0"/>
        <Point X="400" Y="293" T="0" Pressure="0"/>
        <Point X="403" Y="290" T="0" Pressure="0"/>
        <Point X="406" Y="287" T="0" Pressure="0"/>
        <Point X="409" Y="284" T="0" Pressure="0"/>
        <Point X="411" Y="281" T="0" Pressure="0"/>
        <Point X="414" Y="276" T="0" Pressure="0"/>
        <Point X="417" Y="273" T="0" Pressure="0"/>
        <Point X="418" Y="270" T="0" Pressure="0"/>
        <Point X="420" Y="266" T="0" Pressure="0"/>
        <Point X="422" Y="262" T="0" Pressure="0"/>
        <Point X="422" Y="257" T="0" Pressure="0"/>
        <Point X="424" Y="252" T="0" Pressure="0"/>
        <Point X="424" Y="242" T="0" Pressure="0"/>
        <Point X="423" Y="238" T="0" Pressure="0"/>
        <Point X="422" Y="233" T="0" Pressure="0"/>
        <Point X="417" Y="224" T="0" Pressure="0"/>
        <Point X="410" Y="217" T="0" Pressure="0"/>
        <Point X="407" Y="214" T="0" Pressure="0"/>
        <Point X="403" Y="213" T="0" Pressure="0"/>
        <Point X="399" Y="211" T="0" Pressure="0"/>
        <Point X="395" Y="210" T="0" Pressure="0"/>
        <Point X="386" Y="209" T="0" Pressure="0"/>
        <Point X="381" Y="209" T="0" Pressure="0"/>
        <Point X="377" Y="210" T="0" Pressure="0"/>
        <Point X="369" Y="213" T="0" Pressure="0"/>
        <Point X="365" Y="214" T="0" Pressure="0"/>
        <Point X="363" Y="216" T="0" Pressure="0"/>
        <Point X="360" Y="219" T="0" Pressure="0"/>
        <Point X="358" Y="224" T="0" Pressure="0"/>
        <Point X="357" Y="228" T="0" Pressure="0"/>
        <Point X="357" Y="229" T="0" Pressure="0"/>
        <Point X="358" Y="231" T="0" Pressure="0"/>
    </Stroke>
    <Stroke index="2">
        <Point X="437" Y="193" T="0" Pressure="0"/>
        <Point X="437" Y="191" T="0" Pressure="0"/>
        <Point X="437" Y="190" T="0" Pressure="0"/>
        <Point X="436" Y="189" T="0" Pressure="0"/>
        <Point X="434" Y="189" T="0" Pressure="0"/>
        <Point X="433" Y="189" T="0" Pressure="0"/>
        <Point X="433" Y="190" T="0" Pressure="0"/>
        <Point X="431" Y="192" T="0" Pressure="0"/>
        <Point X="429" Y="193" T="0" Pressure="0"/>
        <Point X="428" Y="195" T="0" Pressure="0"/>
        <Point X="425" Y="197" T="0" Pressure="0"/>
        <Point X="423" Y="199" T="0" Pressure="0"/>
        <Point X="420" Y="202" T="0" Pressure="0"/>
        <Point X="418" Y="205" T="0" Pressure="0"/>
        <Point X="414" Y="208" T="0" Pressure="0"/>
        <Point X="407" Y="216" T="0" Pressure="0"/>
        <Point X="402" Y="220" T="0" Pressure="0"/>
        <Point X="398" Y="225" T="0" Pressure="0"/>
        <Point X="388" Y="236" T="0" Pressure="0"/>
        <Point X="384" Y="241" T="0" Pressure="0"/>
        <Point X="379" Y="247" T="0" Pressure="0"/>
        <Point X="369" Y="259" T="0" Pressure="0"/>
        <Point X="365" Y="264" T="0" Pressure="0"/>
        <Point X="361" Y="270" T="0" Pressure="0"/>
        <Point X="354" Y="280" T="0" Pressure="0"/>
        <Point X="350" Y="285" T="0" Pressure="0"/>
        <Point X="347" Y="289" T="0" Pressure="0"/>
        <Point X="343" Y="296" T="0" Pressure="0"/>
        <Point X="341" Y="299" T="0" Pressure="0"/>
        <Point X="339" Y="301" T="0" Pressure="0"/>
        <Point X="336" Y="306" T="0" Pressure="0"/>
        <Point X="335" Y="308" T="0" Pressure="0"/>
        <Point X="335" Y="309" T="0" Pressure="0"/>
        <Point X="334" Y="312" T="0" Pressure="0"/>
        <Point X="333" Y="314" T="0" Pressure="0"/>
        <Point X="333" Y="315" T="0" Pressure="0"/>
    </Stroke>
</Gesture>
