<?xml version="1.0" ?>
<Gesture Name="D~07" Subject="1" Number="7" NumPts="97" InputType="stylus" Speed="MEDIUM">
    <Stroke index="1">
        <Point X="391" Y="287" T="0" Pressure="0"/>
        <Point X="391" Y="283" T="0" Pressure="0"/>
        <Point X="391" Y="282" T="0" Pressure="0"/>
        <Point X="391" Y="281" T="0" Pressure="0"/>
        <Point X="392" Y="281" T="0" Pressure="0"/>
        <Point X="392" Y="282" T="0" Pressure="0"/>
        <Point X="394" Y="283" T="0" Pressure="0"/>
        <Point X="394" Y="285" T="0" Pressure="0"/>
        <Point X="395" Y="287" T="0" Pressure="0"/>
        <Point X="395" Y="290" T="0" Pressure="0"/>
        <Point X="395" Y="293" T="0" Pressure="0"/>
        <Point X="396" Y="296" T="0" Pressure="0"/>
        <Point X="396" Y="300" T="0" Pressure="0"/>
        <Point X="396" Y="303" T="0" Pressure="0"/>
        <Point X="396" Y="308" T="0" Pressure="0"/>
        <Point X="397" Y="318" T="0" Pressure="0"/>
        <Point X="397" Y="323" T="0" Pressure="0"/>
        <Point X="397" Y="329" T="0" Pressure="0"/>
        <Point X="397" Y="333" T="0" Pressure="0"/>
        <Point X="397" Y="338" T="0" Pressure="0"/>
        <Point X="397" Y="343" T="0" Pressure="0"/>
        <Point X="396" Y="346" T="0" Pressure="0"/>
        <Point X="396" Y="350" T="0" Pressure="0"/>
        <Point X="396" Y="353" T="0" Pressure="0"/>
        <Point X="396" Y="357" T="0" Pressure="0"/>
        <Point X="396" Y="358" T="0" Pressure="0"/>
        <Point X="396" Y="361" T="0" Pressure="0"/>
        <Point X="396" Y="363" T="0" Pressure="0"/>
        <Point X="396" Y="364" T="0" Pressure="0"/>
        <Point X="395" Y="366" T="0" Pressure="0"/>
        <Point X="395" Y="367" T="0" Pressure="0"/>
        <Point X="395" Y="368" T="0" Pressure="0"/>
        <Point X="395" Y="369" T="0" Pressure="0"/>
        <Point X="395" Y="370" T="0" Pressure="0"/>
    </Stroke>
    <Stroke index="2">
        <Point X="382" Y="297" T="0" Pressure="0"/>
        <Point X="381" Y="295" T="0" Pressure="0"/>
        <Point X="380" Y="293" T="0" Pressure="0"/>
        <Point X="379" Y="288" T="0" Pressure="0"/>
        <Point X="379" Y="286" T="0" Pressure="0"/>
        <Point X="379" Y="284" T="0" Pressure="0"/>
        <Point X="380" Y="283" T="0" Pressure="0"/>
        <Point X="380" Y="282" T="0" Pressure="0"/>
        <Point X="381" Y="282" T="0" Pressure="0"/>
        <Point X="383" Y="280" T="0" Pressure="0"/>
        <Point X="384" Y="279" T="0" Pressure="0"/>
        <Point X="386" Y="279" T="0" Pressure="0"/>
        <Point X="388" Y="278" T="0" Pressure="0"/>
        <Point X="392" Y="278" T="0" Pressure="0"/>
        <Point X="395" Y="277" T="0" Pressure="0"/>
        <Point X="402" Y="277" T="0" Pressure="0"/>
        <Point X="405" Y="277" T="0" Pressure="0"/>
        <Point X="409" Y="277" T="0" Pressure="0"/>
        <Point X="413" Y="278" T="0" Pressure="0"/>
        <Point X="417" Y="279" T="0" Pressure="0"/>
        <Point X="422" Y="280" T="0" Pressure="0"/>
        <Point X="425" Y="281" T="0" Pressure="0"/>
        <Point X="429" Y="283" T="0" Pressure="0"/>
        <Point X="433" Y="284" T="0" Pressure="0"/>
        <Point X="437" Y="287" T="0" Pressure="0"/>
        <Point X="440" Y="289" T="0" Pressure="0"/>
        <Point X="444" Y="292" T="0" Pressure="0"/>
        <Point X="446" Y="295" T="0" Pressure="0"/>
        <Point X="448" Y="298" T="0" Pressure="0"/>
        <Point X="451" Y="302" T="0" Pressure="0"/>
        <Point X="455" Y="311" T="0" Pressure="0"/>
        <Point X="455" Y="316" T="0" Pressure="0"/>
        <Point X="456" Y="320" T="0" Pressure="0"/>
        <Point X="456" Y="328" T="0" Pressure="0"/>
        <Point X="456" Y="332" T="0" Pressure="0"/>
        <Point X="456" Y="336" T="0" Pressure="0"/>
        <Point X="455" Y="340" T="0" Pressure="0"/>
        <Point X="454" Y="343" T="0" Pressure="0"/>
        <Point X="452" Y="345" T="0" Pressure="0"/>
        <Point X="445" Y="355" T="0" Pressure="0"/>
        <Point X="442" Y="357" T="0" Pressure="0"/>
        <Point X="440" Y="360" T="0" Pressure="0"/>
        <Point X="437" Y="362" T="0" Pressure="0"/>
        <Point X="433" Y="364" T="0" Pressure="0"/>
        <Point X="430" Y="366" T="0" Pressure="0"/>
        <Point X="428" Y="367" T="0" Pressure="0"/>
        <Point X="424" Y="368" T="0" Pressure="0"/>
        <Point X="421" Y="369" T="0" Pressure="0"/>
        <Point X="418" Y="369" T="0" Pressure="0"/>
        <Point X="415" Y="370" T="0" Pressure="0"/>
        <Point X="412" Y="370" T="0" Pressure="0"/>
        <Point X="409" Y="370" T="0" Pressure="0"/>
        <Point X="406" Y="371" T="0" Pressure="0"/>
        <Point X="403" Y="371" T="0" Pressure="0"/>
        <Point X="401" Y="371" T="0" Pressure="0"/>
        <Point X="399" Y="371" T="0" Pressure="0"/>
        <Point X="396" Y="371" T="0" Pressure="0"/>
        <Point X="395" Y="371" T="0" Pressure="0"/>
        <Point X="391" Y="371" T="0" Pressure="0"/>
        <Point X="390" Y="371" T="0" Pressure="0"/>
        <Point X="389" Y="371" T="0" Pressure="0"/>
        <Point X="388" Y="371" T="0" Pressure="0"/>
        <Point X="388" Y="372" T="0" Pressure="0"/>
    </Stroke>
</Gesture>
