<?xml version="1.0" ?>
<Gesture Name="I~08" Subject="1" Number="8" NumPts="106" InputType="stylus" Speed="MEDIUM">
    <Stroke index="1">
        <Point X="351" Y="268" T="0" Pressure="0"/>
        <Point X="354" Y="266" T="0" Pressure="0"/>
        <Point X="356" Y="264" T="0" Pressure="0"/>
        <Point X="358" Y="264" T="0" Pressure="0"/>
        <Point X="365" Y="261" T="0" Pressure="0"/>
        <Point X="369" Y="260" T="0" Pressure="0"/>
        <Point X="374" Y="258" T="0" Pressure="0"/>
        <Point X="380" Y="257" T="0" Pressure="0"/>
        <Point X="386" Y="256" T="0" Pressure="0"/>
        <Point X="392" Y="254" T="0" Pressure="0"/>
        <Point X="399" Y="252" T="0" Pressure="0"/>
        <Point X="405" Y="251" T="0" Pressure="0"/>
        <Point X="412" Y="249" T="0" Pressure="0"/>
        <Point X="419" Y="248" T="0" Pressure="0"/>
        <Point X="425" Y="247" T="0" Pressure="0"/>
        <Point X="431" Y="246" T="0" Pressure="0"/>
        <Point X="437" Y="245" T="0" Pressure="0"/>
        <Point X="443" Y="244" T="0" Pressure="0"/>
        <Point X="448" Y="243" T="0" Pressure="0"/>
        <Point X="453" Y="243" T="0" Pressure="0"/>
        <Point X="457" Y="242" T="0" Pressure="0"/>
        <Point X="460" Y="242" T="0" Pressure="0"/>
        <Point X="464" Y="242" T="0" Pressure="0"/>
        <Point X="467" Y="242" T="0" Pressure="0"/>
        <Point X="469" Y="242" T="0" Pressure="0"/>
        <Point X="471" Y="242" T="0" Pressure="0"/>
        <Point X="472" Y="243" T="0" Pressure="0"/>
        <Point X="473" Y="243" T="0" Pressure="0"/>
        <Point X="473" Y="244" T="0" Pressure="0"/>
        <Point X="472" Y="245" T="0" Pressure="0"/>
        <Point X="470" Y="246" T="0" Pressure="0"/>
        <Point X="466" Y="248" T="0" Pressure="0"/>
    </Stroke>
    <Stroke index="2">
        <Point X="418" Y="262" T="0" Pressure="0"/>
        <Point X="419" Y="263" T="0" Pressure="0"/>
        <Point X="419" Y="264" T="0" Pressure="0"/>
        <Point X="419" Y="267" T="0" Pressure="0"/>
        <Point X="419" Y="269" T="0" Pressure="0"/>
        <Point X="419" Y="272" T="0" Pressure="0"/>
        <Point X="420" Y="276" T="0" Pressure="0"/>
        <Point X="420" Y="281" T="0" Pressure="0"/>
        <Point X="419" Y="285" T="0" Pressure="0"/>
        <Point X="419" Y="291" T="0" Pressure="0"/>
        <Point X="418" Y="296" T="0" Pressure="0"/>
        <Point X="418" Y="302" T="0" Pressure="0"/>
        <Point X="416" Y="314" T="0" Pressure="0"/>
        <Point X="415" Y="319" T="0" Pressure="0"/>
        <Point X="415" Y="323" T="0" Pressure="0"/>
        <Point X="415" Y="328" T="0" Pressure="0"/>
        <Point X="415" Y="332" T="0" Pressure="0"/>
        <Point X="414" Y="338" T="0" Pressure="0"/>
        <Point X="414" Y="341" T="0" Pressure="0"/>
        <Point X="414" Y="344" T="0" Pressure="0"/>
        <Point X="414" Y="347" T="0" Pressure="0"/>
        <Point X="414" Y="350" T="0" Pressure="0"/>
        <Point X="414" Y="352" T="0" Pressure="0"/>
        <Point X="414" Y="356" T="0" Pressure="0"/>
        <Point X="414" Y="357" T="0" Pressure="0"/>
        <Point X="414" Y="358" T="0" Pressure="0"/>
        <Point X="414" Y="360" T="0" Pressure="0"/>
        <Point X="415" Y="362" T="0" Pressure="0"/>
        <Point X="415" Y="363" T="0" Pressure="0"/>
        <Point X="414" Y="363" T="0" Pressure="0"/>
        <Point X="414" Y="364" T="0" Pressure="0"/>
    </Stroke>
    <Stroke index="3">
        <Point X="345" Y="391" T="0" Pressure="0"/>
        <Point X="343" Y="391" T="0" Pressure="0"/>
        <Point X="343" Y="390" T="0" Pressure="0"/>
        <Point X="343" Y="389" T="0" Pressure="0"/>
        <Point X="345" Y="387" T="0" Pressure="0"/>
        <Point X="346" Y="386" T="0" Pressure="0"/>
        <Point X="349" Y="386" T="0" Pressure="0"/>
        <Point X="354" Y="385" T="0" Pressure="0"/>
        <Point X="358" Y="384" T="0" Pressure="0"/>
        <Point X="364" Y="383" T="0" Pressure="0"/>
        <Point X="376" Y="382" T="0" Pressure="0"/>
        <Point X="383" Y="381" T="0" Pressure="0"/>
        <Point X="389" Y="381" T="0" Pressure="0"/>
        <Point X="396" Y="380" T="0" Pressure="0"/>
        <Point X="411" Y="378" T="0" Pressure="0"/>
        <Point X="418" Y="378" T="0" Pressure="0"/>
        <Point X="425" Y="377" T="0" Pressure="0"/>
        <Point X="430" Y="377" T="0" Pressure="0"/>
        <Point X="437" Y="377" T="0" Pressure="0"/>
        <Point X="442" Y="376" T="0" Pressure="0"/>
        <Point X="452" Y="376" T="0" Pressure="0"/>
        <Point X="457" Y="376" T="0" Pressure="0"/>
        <Point X="461" Y="376" T="0" Pressure="0"/>
        <Point X="465" Y="375" T="0" Pressure="0"/>
        <Point X="468" Y="375" T="0" Pressure="0"/>
        <Point X="472" Y="374" T="0" Pressure="0"/>
        <Point X="477" Y="374" T="0" Pressure="0"/>
        <Point X="479" Y="374" T="0" Pressure="0"/>
        <Point X="481" Y="374" T="0" Pressure="0"/>
        <Point X="482" Y="374" T="0" Pressure="0"/>
        <Point X="483" Y="374" T="0" Pressure="0"/>
        <Point X="483" Y="375" T="0" Pressure="0"/>
        <Point X="482" Y="375" T="0" Pressure="0"/>
        <Point X="482" Y="376" T="0" Pressure="0"/>
        <Point X="481" Y="376" T="0" Pressure="0"/>
        <Point X="479" Y="376" T="0" Pressure="0"/>
        <Point X="478" Y="377" T="0" Pressure="0"/>
        <Point X="477" Y="378" T="0" Pressure="0"/>
        <Point X="475" Y="379" T="0" Pressure="0"/>
        <Point X="474" Y="380" T="0" Pressure="0"/>
        <Point X="472" Y="381" T="0" Pressure="0"/>
        <Point X="470" Y="382" T="0" Pressure="0"/>
        <Point X="468" Y="383" T="0" Pressure="0"/>
    </Stroke>
</Gesture>
