<?xml version="1.0" ?>
<Gesture Name="null~10" Subject="1" Number="10" NumPts="108" InputType="stylus" Speed="MEDIUM">
    <Stroke index="1">
        <Point X="400" Y="262" T="0" Pressure="0"/>
        <Point X="399" Y="261" T="0" Pressure="0"/>
        <Point X="395" Y="261" T="0" Pressure="0"/>
        <Point X="394" Y="261" T="0" Pressure="0"/>
        <Point X="392" Y="261" T="0" Pressure="0"/>
        <Point X="389" Y="263" T="0" Pressure="0"/>
        <Point X="388" Y="264" T="0" Pressure="0"/>
        <Point X="385" Y="266" T="0" Pressure="0"/>
        <Point X="381" Y="269" T="0" Pressure="0"/>
        <Point X="380" Y="272" T="0" Pressure="0"/>
        <Point X="377" Y="274" T="0" Pressure="0"/>
        <Point X="373" Y="281" T="0" Pressure="0"/>
        <Point X="372" Y="285" T="0" Pressure="0"/>
        <Point X="370" Y="289" T="0" Pressure="0"/>
        <Point X="369" Y="293" T="0" Pressure="0"/>
        <Point X="367" Y="297" T="0" Pressure="0"/>
        <Point X="366" Y="301" T="0" Pressure="0"/>
        <Point X="365" Y="306" T="0" Pressure="0"/>
        <Point X="365" Y="312" T="0" Pressure="0"/>
        <Point X="365" Y="316" T="0" Pressure="0"/>
        <Point X="365" Y="320" T="0" Pressure="0"/>
        <Point X="365" Y="328" T="0" Pressure="0"/>
        <Point X="366" Y="332" T="0" Pressure="0"/>
        <Point X="368" Y="337" T="0" Pressure="0"/>
        <Point X="371" Y="342" T="0" Pressure="0"/>
        <Point X="373" Y="344" T="0" Pressure="0"/>
        <Point X="376" Y="347" T="0" Pressure="0"/>
        <Point X="379" Y="349" T="0" Pressure="0"/>
        <Point X="381" Y="351" T="0" Pressure="0"/>
        <Point X="384" Y="352" T="0" Pressure="0"/>
        <Point X="387" Y="353" T="0" Pressure="0"/>
        <Point X="390" Y="354" T="0" Pressure="0"/>
        <Point X="396" Y="355" T="0" Pressure="0"/>
        <Point X="400" Y="354" T="0" Pressure="0"/>
        <Point X="404" Y="353" T="0" Pressure="0"/>
        <Point X="407" Y="351" T="0" Pressure="0"/>
        <Point X="415" Y="347" T="0" Pressure="0"/>
        <Point X="422" Y="343" T="0" Pressure="0"/>
        <Point X="425" Y="340" T="0" Pressure="0"/>
        <Point X="427" Y="338" T="0" Pressure="0"/>
        <Point X="429" Y="335" T="0" Pressure="0"/>
        <Point X="432" Y="332" T="0" Pressure="0"/>
        <Point X="436" Y="324" T="0" Pressure="0"/>
        <Point X="437" Y="321" T="0" Pressure="0"/>
        <Point X="437" Y="317" T="0" Pressure="0"/>
        <Point X="438" Y="303" T="0" Pressure="0"/>
        <Point X="437" Y="298" T="0" Pressure="0"/>
        <Point X="436" Y="294" T="0" Pressure="0"/>
        <Point X="434" Y="290" T="0" Pressure="0"/>
        <Point X="432" Y="286" T="0" Pressure="0"/>
        <Point X="429" Y="282" T="0" Pressure="0"/>
        <Point X="425" Y="278" T="0" Pressure="0"/>
        <Point X="422" Y="276" T="0" Pressure="0"/>
        <Point X="418" Y="273" T="0" Pressure="0"/>
        <Point X="414" Y="272" T="0" Pressure="0"/>
        <Point X="410" Y="270" T="0" Pressure="0"/>
        <Point X="406" Y="270" T="0" Pressure="0"/>
        <Point X="401" Y="269" T="0" Pressure="0"/>
        <Point X="396" Y="269" T="0" Pressure="0"/>
        <Point X="383" Y="272" T="0" Pressure="0"/>
        <Point X="379" Y="273" T="0" Pressure="0"/>
        <Point X="376" Y="275" T="0" Pressure="0"/>
        <Point X="373" Y="276" T="0" Pressure="0"/>
        <Point X="370" Y="278" T="0" Pressure="0"/>
        <Point X="369" Y="279" T="0" Pressure="0"/>
    </Stroke>
    <Stroke index="2">
        <Point X="470" Y="232" T="0" Pressure="0"/>
        <Point X="470" Y="229" T="0" Pressure="0"/>
        <Point X="470" Y="226" T="0" Pressure="0"/>
        <Point X="470" Y="225" T="0" Pressure="0"/>
        <Point X="471" Y="225" T="0" Pressure="0"/>
        <Point X="471" Y="226" T="0" Pressure="0"/>
        <Point X="471" Y="227" T="0" Pressure="0"/>
        <Point X="471" Y="228" T="0" Pressure="0"/>
        <Point X="470" Y="229" T="0" Pressure="0"/>
        <Point X="470" Y="232" T="0" Pressure="0"/>
        <Point X="466" Y="236" T="0" Pressure="0"/>
        <Point X="463" Y="239" T="0" Pressure="0"/>
        <Point X="460" Y="243" T="0" Pressure="0"/>
        <Point X="458" Y="246" T="0" Pressure="0"/>
        <Point X="453" Y="251" T="0" Pressure="0"/>
        <Point X="449" Y="256" T="0" Pressure="0"/>
        <Point X="444" Y="261" T="0" Pressure="0"/>
        <Point X="438" Y="268" T="0" Pressure="0"/>
        <Point X="433" Y="274" T="0" Pressure="0"/>
        <Point X="428" Y="281" T="0" Pressure="0"/>
        <Point X="422" Y="287" T="0" Pressure="0"/>
        <Point X="415" Y="294" T="0" Pressure="0"/>
        <Point X="410" Y="301" T="0" Pressure="0"/>
        <Point X="403" Y="307" T="0" Pressure="0"/>
        <Point X="392" Y="318" T="0" Pressure="0"/>
        <Point X="387" Y="324" T="0" Pressure="0"/>
        <Point X="381" Y="329" T="0" Pressure="0"/>
        <Point X="370" Y="340" T="0" Pressure="0"/>
        <Point X="366" Y="344" T="0" Pressure="0"/>
        <Point X="361" Y="348" T="0" Pressure="0"/>
        <Point X="357" Y="353" T="0" Pressure="0"/>
        <Point X="352" Y="357" T="0" Pressure="0"/>
        <Point X="348" Y="361" T="0" Pressure="0"/>
        <Point X="345" Y="365" T="0" Pressure="0"/>
        <Point X="342" Y="368" T="0" Pressure="0"/>
        <Point X="339" Y="370" T="0" Pressure="0"/>
        <Point X="336" Y="372" T="0" Pressure="0"/>
        <Point X="335" Y="374" T="0" Pressure="0"/>
        <Point X="331" Y="378" T="0" Pressure="0"/>
        <Point X="330" Y="380" T="0" Pressure="0"/>
        <Point X="329" Y="381" T="0" Pressure="0"/>
        <Point X="328" Y="382" T="0" Pressure="0"/>
        <Point X="327" Y="382" T="0" Pressure="0"/>
    </Stroke>
</Gesture>
