<?xml version="1.0" ?>
<Gesture Name="I~04" Subject="1" Number="4" NumPts="109" InputType="stylus" Speed="MEDIUM">
    <Stroke index="1">
        <Point X="323" Y="263" T="0" Pressure="0"/>
        <Point X="324" Y="262" T="0" Pressure="0"/>
        <Point X="326" Y="260" T="0" Pressure="0"/>
        <Point X="328" Y="259" T="0" Pressure="0"/>
        <Point X="331" Y="258" T="0" Pressure="0"/>
        <Point X="335" Y="256" T="0" Pressure="0"/>
        <Point X="339" Y="254" T="0" Pressure="0"/>
        <Point X="345" Y="253" T="0" Pressure="0"/>
        <Point X="350" Y="251" T="0" Pressure="0"/>
        <Point X="365" Y="248" T="0" Pressure="0"/>
        <Point X="373" Y="246" T="0" Pressure="0"/>
        <Point X="380" Y="244" T="0" Pressure="0"/>
        <Point X="388" Y="243" T="0" Pressure="0"/>
        <Point X="395" Y="241" T="0" Pressure="0"/>
        <Point X="402" Y="239" T="0" Pressure="0"/>
        <Point X="409" Y="238" T="0" Pressure="0"/>
        <Point X="415" Y="237" T="0" Pressure="0"/>
        <Point X="421" Y="236" T="0" Pressure="0"/>
        <Point X="431" Y="235" T="0" Pressure="0"/>
        <Point X="439" Y="234" T="0" Pressure="0"/>
        <Point X="442" Y="234" T="0" Pressure="0"/>
        <Point X="446" Y="234" T="0" Pressure="0"/>
        <Point X="447" Y="234" T="0" Pressure="0"/>
        <Point X="447" Y="235" T="0" Pressure="0"/>
        <Point X="447" Y="236" T="0" Pressure="0"/>
        <Point X="446" Y="237" T="0" Pressure="0"/>
        <Point X="444" Y="238" T="0" Pressure="0"/>
        <Point X="442" Y="239" T="0" Pressure="0"/>
    </Stroke>
    <Stroke index="2">
        <Point X="398" Y="248" T="0" Pressure="0"/>
        <Point X="398" Y="249" T="0" Pressure="0"/>
        <Point X="399" Y="251" T="0" Pressure="0"/>
        <Point X="399" Y="253" T="0" Pressure="0"/>
        <Point X="399" Y="255" T="0" Pressure="0"/>
        <Point X="399" Y="258" T="0" Pressure="0"/>
        <Point X="400" Y="262" T="0" Pressure="0"/>
        <Point X="400" Y="266" T="0" Pressure="0"/>
        <Point X="400" Y="269" T="0" Pressure="0"/>
        <Point X="400" Y="274" T="0" Pressure="0"/>
        <Point X="400" Y="279" T="0" Pressure="0"/>
        <Point X="399" Y="284" T="0" Pressure="0"/>
        <Point X="399" Y="290" T="0" Pressure="0"/>
        <Point X="399" Y="295" T="0" Pressure="0"/>
        <Point X="398" Y="300" T="0" Pressure="0"/>
        <Point X="398" Y="306" T="0" Pressure="0"/>
        <Point X="397" Y="311" T="0" Pressure="0"/>
        <Point X="396" Y="315" T="0" Pressure="0"/>
        <Point X="396" Y="319" T="0" Pressure="0"/>
        <Point X="396" Y="322" T="0" Pressure="0"/>
        <Point X="396" Y="326" T="0" Pressure="0"/>
        <Point X="396" Y="329" T="0" Pressure="0"/>
        <Point X="396" Y="332" T="0" Pressure="0"/>
        <Point X="396" Y="335" T="0" Pressure="0"/>
        <Point X="395" Y="336" T="0" Pressure="0"/>
        <Point X="395" Y="338" T="0" Pressure="0"/>
        <Point X="395" Y="339" T="0" Pressure="0"/>
        <Point X="395" Y="340" T="0" Pressure="0"/>
        <Point X="395" Y="341" T="0" Pressure="0"/>
        <Point X="395" Y="342" T="0" Pressure="0"/>
        <Point X="394" Y="343" T="0" Pressure="0"/>
        <Point X="393" Y="343" T="0" Pressure="0"/>
        <Point X="392" Y="344" T="0" Pressure="0"/>
        <Point X="392" Y="345" T="0" Pressure="0"/>
        <Point X="391" Y="345" T="0" Pressure="0"/>
        <Point X="391" Y="346" T="0" Pressure="0"/>
        <Point X="391" Y="347" T="0" Pressure="0"/>
    </Stroke>
    <Stroke index="3">
        <Point X="331" Y="377" T="0" Pressure="0"/>
        <Point X="330" Y="376" T="0" Pressure="0"/>
        <Point X="329" Y="375" T="0" Pressure="0"/>
        <Point X="329" Y="374" T="0" Pressure="0"/>
        <Point X="329" Y="373" T="0" Pressure="0"/>
        <Point X="329" Y="372" T="0" Pressure="0"/>
        <Point X="330" Y="372" T="0" Pressure="0"/>
        <Point X="331" Y="371" T="0" Pressure="0"/>
        <Point X="332" Y="371" T="0" Pressure="0"/>
        <Point X="334" Y="370" T="0" Pressure="0"/>
        <Point X="336" Y="370" T="0" Pressure="0"/>
        <Point X="339" Y="369" T="0" Pressure="0"/>
        <Point X="343" Y="369" T="0" Pressure="0"/>
        <Point X="351" Y="367" T="0" Pressure="0"/>
        <Point X="357" Y="366" T="0" Pressure="0"/>
        <Point X="362" Y="365" T="0" Pressure="0"/>
        <Point X="369" Y="364" T="0" Pressure="0"/>
        <Point X="375" Y="362" T="0" Pressure="0"/>
        <Point X="381" Y="361" T="0" Pressure="0"/>
        <Point X="388" Y="360" T="0" Pressure="0"/>
        <Point X="395" Y="359" T="0" Pressure="0"/>
        <Point X="400" Y="358" T="0" Pressure="0"/>
        <Point X="406" Y="358" T="0" Pressure="0"/>
        <Point X="411" Y="357" T="0" Pressure="0"/>
        <Point X="417" Y="357" T="0" Pressure="0"/>
        <Point X="423" Y="357" T="0" Pressure="0"/>
        <Point X="428" Y="356" T="0" Pressure="0"/>
        <Point X="433" Y="355" T="0" Pressure="0"/>
        <Point X="437" Y="355" T="0" Pressure="0"/>
        <Point X="441" Y="353" T="0" Pressure="0"/>
        <Point X="445" Y="353" T="0" Pressure="0"/>
        <Point X="448" Y="352" T="0" Pressure="0"/>
        <Point X="451" Y="352" T="0" Pressure="0"/>
        <Point X="453" Y="352" T="0" Pressure="0"/>
        <Point X="455" Y="352" T="0" Pressure="0"/>
        <Point X="456" Y="352" T="0" Pressure="0"/>
        <Point X="457" Y="352" T="0" Pressure="0"/>
        <Point X="458" Y="352" T="0" Pressure="0"/>
        <Point X="459" Y="352" T="0" Pressure="0"/>
        <Point X="459" Y="353" T="0" Pressure="0"/>
        <Point X="458" Y="354" T="0" Pressure="0"/>
        <Point X="458" Y="355" T="0" Pressure="0"/>
        <Point X="456" Y="356" T="0" Pressure="0"/>
        <Point X="455" Y="357" T="0" Pressure="0"/>
    </Stroke>
</Gesture>
