<?xml version="1.0" ?>
<Gesture Name="half_note~01" Subject="1" Number="1" NumPts="112" InputType="stylus" Speed="MEDIUM">
    <Stroke index="1">
        <Point X="410" Y="177" T="0" Pressure="0"/>
        <Point X="410" Y="176" T="0" Pressure="0"/>
        <Point X="410" Y="175" T="0" Pressure="0"/>
        <Point X="410" Y="176" T="0" Pressure="0"/>
        <Point X="410" Y="177" T="0" Pressure="0"/>
        <Point X="410" Y="178" T="0" Pressure="0"/>
        <Point X="410" Y="180" T="0" Pressure="0"/>
        <Point X="411" Y="181" T="0" Pressure="0"/>
        <Point X="411" Y="183" T="0" Pressure="0"/>
        <Point X="412" Y="185" T="0" Pressure="0"/>
        <Point X="413" Y="187" T="0" Pressure="0"/>
        <Point X="414" Y="193" T="0" Pressure="0"/>
        <Point X="414" Y="197" T="0" Pressure="0"/>
        <Point X="415" Y="201" T="0" Pressure="0"/>
        <Point X="416" Y="207" T="0" Pressure="0"/>
        <Point X="417" Y="212" T="0" Pressure="0"/>
        <Point X="418" Y="219" T="0" Pressure="0"/>
        <Point X="418" Y="225" T="0" Pressure="0"/>
        <Point X="419" Y="232" T="0" Pressure="0"/>
        <Point X="419" Y="238" T="0" Pressure="0"/>
        <Point X="420" Y="245" T="0" Pressure="0"/>
        <Point X="420" Y="251" T="0" Pressure="0"/>
        <Point X="421" Y="258" T="0" Pressure="0"/>
        <Point X="421" Y="264" T="0" Pressure="0"/>
        <Point X="421" Y="271" T="0" Pressure="0"/>
        <Point X="421" Y="276" T="0" Pressure="0"/>
        <Point X="421" Y="283" T="0" Pressure="0"/>
        <Point X="421" Y="289" T="0" Pressure="0"/>
        <Point X="420" Y="294" T="0" Pressure="0"/>
        <Point X="420" Y="302" T="0" Pressure="0"/>
        <Point X="420" Y="306" T="0" Pressure="0"/>
        <Point X="420" Y="309" T="0" Pressure="0"/>
        <Point X="420" Y="316" T="0" Pressure="0"/>
        <Point X="420" Y="317" T="0" Pressure="0"/>
        <Point X="420" Y="320" T="0" Pressure="0"/>
        <Point X="421" Y="322" T="0" Pressure="0"/>
        <Point X="421" Y="323" T="0" Pressure="0"/>
        <Point X="421" Y="324" T="0" Pressure="0"/>
        <Point X="421" Y="325" T="0" Pressure="0"/>
        <Point X="420" Y="326" T="0" Pressure="0"/>
        <Point X="419" Y="326" T="0" Pressure="0"/>
    </Stroke>
    <Stroke index="2">
        <Point X="412" Y="330" T="0" Pressure="0"/>
        <Point X="412" Y="329" T="0" Pressure="0"/>
        <Point X="412" Y="328" T="0" Pressure="0"/>
        <Point X="412" Y="327" T="0" Pressure="0"/>
        <Point X="411" Y="326" T="0" Pressure="0"/>
        <Point X="411" Y="324" T="0" Pressure="0"/>
        <Point X="411" Y="323" T="0" Pressure="0"/>
        <Point X="411" Y="321" T="0" Pressure="0"/>
        <Point X="410" Y="320" T="0" Pressure="0"/>
        <Point X="410" Y="318" T="0" Pressure="0"/>
        <Point X="410" Y="316" T="0" Pressure="0"/>
        <Point X="409" Y="315" T="0" Pressure="0"/>
        <Point X="408" Y="313" T="0" Pressure="0"/>
        <Point X="407" Y="312" T="0" Pressure="0"/>
        <Point X="406" Y="309" T="0" Pressure="0"/>
        <Point X="404" Y="308" T="0" Pressure="0"/>
        <Point X="403" Y="307" T="0" Pressure="0"/>
        <Point X="402" Y="305" T="0" Pressure="0"/>
        <Point X="399" Y="303" T="0" Pressure="0"/>
        <Point X="398" Y="302" T="0" Pressure="0"/>
        <Point X="395" Y="301" T="0" Pressure="0"/>
        <Point X="394" Y="299" T="0" Pressure="0"/>
        <Point X="391" Y="298" T="0" Pressure="0"/>
        <Point X="389" Y="297" T="0" Pressure="0"/>
        <Point X="387" Y="296" T="0" Pressure="0"/>
        <Point X="381" Y="295" T="0" Pressure="0"/>
        <Point X="379" Y="295" T="0" Pressure="0"/>
        <Point X="376" Y="295" T="0" Pressure="0"/>
        <Point X="374" Y="295" T="0" Pressure="0"/>
        <Point X="372" Y="295" T="0" Pressure="0"/>
        <Point X="369" Y="296" T="0" Pressure="0"/>
        <Point X="366" Y="297" T="0" Pressure="0"/>
        <Point X="364" Y="298" T="0" Pressure="0"/>
        <Point X="361" Y="299" T="0" Pressure="0"/>
        <Point X="356" Y="302" T="0" Pressure="0"/>
        <Point X="354" Y="304" T="0" Pressure="0"/>
        <Point X="349" Y="308" T="0" Pressure="0"/>
        <Point X="347" Y="311" T="0" Pressure="0"/>
        <Point X="343" Y="316" T="0" Pressure="0"/>
        <Point X="342" Y="318" T="0" Pressure="0"/>
        <Point X="340" Y="322" T="0" Pressure="0"/>
        <Point X="339" Y="328" T="0" Pressure="0"/>
        <Point X="339" Y="331" T="0" Pressure="0"/>
        <Point X="339" Y="334" T="0" Pressure="0"/>
        <Point X="339" Y="337" T="0" Pressure="0"/>
        <Point X="343" Y="345" T="0" Pressure="0"/>
        <Point X="345" Y="347" T="0" Pressure="0"/>
        <Point X="347" Y="349" T="0" Pressure="0"/>
        <Point X="352" Y="353" T="0" Pressure="0"/>
        <Point X="354" Y="354" T="0" Pressure="0"/>
        <Point X="358" Y="356" T="0" Pressure="0"/>
        <Point X="361" Y="356" T="0" Pressure="0"/>
        <Point X="364" Y="357" T="0" Pressure="0"/>
        <Point X="371" Y="358" T="0" Pressure="0"/>
        <Point X="374" Y="358" T="0" Pressure="0"/>
        <Point X="377" Y="358" T="0" Pressure="0"/>
        <Point X="381" Y="358" T="0" Pressure="0"/>
        <Point X="385" Y="357" T="0" Pressure="0"/>
        <Point X="389" Y="357" T="0" Pressure="0"/>
        <Point X="394" Y="356" T="0" Pressure="0"/>
        <Point X="402" Y="353" T="0" Pressure="0"/>
        <Point X="406" Y="352" T="0" Pressure="0"/>
        <Point X="410" Y="351" T="0" Pressure="0"/>
        <Point X="414" Y="349" T="0" Pressure="0"/>
        <Point X="421" Y="346" T="0" Pressure="0"/>
        <Point X="424" Y="345" T="0" Pressure="0"/>
        <Point X="426" Y="344" T="0" Pressure="0"/>
        <Point X="429" Y="343" T="0" Pressure="0"/>
        <Point X="431" Y="342" T="0" Pressure="0"/>
        <Point X="433" Y="341" T="0" Pressure="0"/>
        <Point X="433" Y="340" T="0" Pressure="0"/>
    </Stroke>
</Gesture>
