<?xml version="1.0" ?>
<Gesture Name="five_point_star~10" Subject="1" Number="10" NumPts="117" InputType="stylus" Speed="MEDIUM">
    <Stroke index="1">
        <Point X="353" Y="353" T="0" Pressure="0"/>
        <Point X="352" Y="353" T="0" Pressure="0"/>
        <Point X="351" Y="353" T="0" Pressure="0"/>
        <Point X="350" Y="353" T="0" Pressure="0"/>
        <Point X="350" Y="352" T="0" Pressure="0"/>
        <Point X="350" Y="351" T="0" Pressure="0"/>
        <Point X="351" Y="349" T="0" Pressure="0"/>
        <Point X="352" Y="344" T="0" Pressure="0"/>
        <Point X="353" Y="342" T="0" Pressure="0"/>
        <Point X="353" Y="339" T="0" Pressure="0"/>
        <Point X="354" Y="331" T="0" Pressure="0"/>
        <Point X="359" Y="311" T="0" Pressure="0"/>
        <Point X="361" Y="304" T="0" Pressure="0"/>
        <Point X="362" Y="297" T="0" Pressure="0"/>
        <Point X="364" Y="292" T="0" Pressure="0"/>
        <Point X="366" Y="280" T="0" Pressure="0"/>
        <Point X="368" Y="274" T="0" Pressure="0"/>
        <Point X="372" Y="263" T="0" Pressure="0"/>
        <Point X="373" Y="258" T="0" Pressure="0"/>
        <Point X="375" Y="253" T="0" Pressure="0"/>
        <Point X="379" Y="244" T="0" Pressure="0"/>
        <Point X="380" Y="241" T="0" Pressure="0"/>
        <Point X="384" Y="235" T="0" Pressure="0"/>
        <Point X="387" Y="232" T="0" Pressure="0"/>
        <Point X="388" Y="230" T="0" Pressure="0"/>
        <Point X="389" Y="229" T="0" Pressure="0"/>
        <Point X="391" Y="228" T="0" Pressure="0"/>
        <Point X="395" Y="228" T="0" Pressure="0"/>
        <Point X="396" Y="228" T="0" Pressure="0"/>
        <Point X="399" Y="230" T="0" Pressure="0"/>
        <Point X="403" Y="233" T="0" Pressure="0"/>
        <Point X="404" Y="235" T="0" Pressure="0"/>
        <Point X="414" Y="257" T="0" Pressure="0"/>
        <Point X="415" Y="262" T="0" Pressure="0"/>
        <Point X="417" Y="267" T="0" Pressure="0"/>
        <Point X="419" Y="272" T="0" Pressure="0"/>
        <Point X="421" Y="277" T="0" Pressure="0"/>
        <Point X="423" Y="283" T="0" Pressure="0"/>
        <Point X="425" Y="288" T="0" Pressure="0"/>
        <Point X="426" Y="293" T="0" Pressure="0"/>
        <Point X="428" Y="298" T="0" Pressure="0"/>
        <Point X="431" Y="308" T="0" Pressure="0"/>
        <Point X="433" Y="320" T="0" Pressure="0"/>
        <Point X="434" Y="323" T="0" Pressure="0"/>
        <Point X="434" Y="327" T="0" Pressure="0"/>
        <Point X="435" Y="329" T="0" Pressure="0"/>
        <Point X="435" Y="332" T="0" Pressure="0"/>
        <Point X="435" Y="336" T="0" Pressure="0"/>
        <Point X="435" Y="337" T="0" Pressure="0"/>
        <Point X="433" Y="337" T="0" Pressure="0"/>
        <Point X="432" Y="336" T="0" Pressure="0"/>
        <Point X="430" Y="336" T="0" Pressure="0"/>
        <Point X="429" Y="335" T="0" Pressure="0"/>
        <Point X="421" Y="329" T="0" Pressure="0"/>
        <Point X="418" Y="327" T="0" Pressure="0"/>
        <Point X="413" Y="323" T="0" Pressure="0"/>
        <Point X="410" Y="321" T="0" Pressure="0"/>
        <Point X="394" Y="313" T="0" Pressure="0"/>
        <Point X="385" Y="309" T="0" Pressure="0"/>
        <Point X="380" Y="307" T="0" Pressure="0"/>
        <Point X="370" Y="304" T="0" Pressure="0"/>
        <Point X="366" Y="303" T="0" Pressure="0"/>
        <Point X="357" Y="301" T="0" Pressure="0"/>
        <Point X="353" Y="301" T="0" Pressure="0"/>
        <Point X="347" Y="301" T="0" Pressure="0"/>
        <Point X="340" Y="301" T="0" Pressure="0"/>
        <Point X="331" Y="301" T="0" Pressure="0"/>
        <Point X="328" Y="301" T="0" Pressure="0"/>
        <Point X="327" Y="301" T="0" Pressure="0"/>
        <Point X="325" Y="301" T="0" Pressure="0"/>
        <Point X="324" Y="301" T="0" Pressure="0"/>
        <Point X="323" Y="301" T="0" Pressure="0"/>
        <Point X="323" Y="300" T="0" Pressure="0"/>
        <Point X="324" Y="299" T="0" Pressure="0"/>
        <Point X="327" Y="297" T="0" Pressure="0"/>
        <Point X="329" Y="296" T="0" Pressure="0"/>
        <Point X="331" Y="294" T="0" Pressure="0"/>
        <Point X="335" Y="293" T="0" Pressure="0"/>
        <Point X="347" Y="287" T="0" Pressure="0"/>
        <Point X="419" Y="256" T="0" Pressure="0"/>
        <Point X="444" Y="247" T="0" Pressure="0"/>
        <Point X="456" Y="243" T="0" Pressure="0"/>
        <Point X="462" Y="241" T="0" Pressure="0"/>
        <Point X="467" Y="240" T="0" Pressure="0"/>
        <Point X="468" Y="240" T="0" Pressure="0"/>
        <Point X="469" Y="240" T="0" Pressure="0"/>
        <Point X="469" Y="241" T="0" Pressure="0"/>
        <Point X="468" Y="242" T="0" Pressure="0"/>
        <Point X="463" Y="247" T="0" Pressure="0"/>
        <Point X="458" Y="252" T="0" Pressure="0"/>
        <Point X="455" Y="255" T="0" Pressure="0"/>
        <Point X="452" Y="258" T="0" Pressure="0"/>
        <Point X="448" Y="262" T="0" Pressure="0"/>
        <Point X="432" Y="279" T="0" Pressure="0"/>
        <Point X="423" Y="289" T="0" Pressure="0"/>
        <Point X="419" Y="293" T="0" Pressure="0"/>
        <Point X="414" Y="298" T="0" Pressure="0"/>
        <Point X="403" Y="310" T="0" Pressure="0"/>
        <Point X="394" Y="321" T="0" Pressure="0"/>
        <Point X="389" Y="326" T="0" Pressure="0"/>
        <Point X="384" Y="332" T="0" Pressure="0"/>
        <Point X="380" Y="336" T="0" Pressure="0"/>
        <Point X="376" Y="341" T="0" Pressure="0"/>
        <Point X="373" Y="345" T="0" Pressure="0"/>
        <Point X="369" Y="348" T="0" Pressure="0"/>
        <Point X="367" Y="351" T="0" Pressure="0"/>
        <Point X="365" Y="354" T="0" Pressure="0"/>
        <Point X="362" Y="356" T="0" Pressure="0"/>
        <Point X="360" Y="358" T="0" Pressure="0"/>
        <Point X="355" Y="361" T="0" Pressure="0"/>
        <Point X="354" Y="361" T="0" Pressure="0"/>
        <Point X="353" Y="361" T="0" Pressure="0"/>
        <Point X="351" Y="361" T="0" Pressure="0"/>
        <Point X="351" Y="360" T="0" Pressure="0"/>
        <Point X="353" Y="358" T="0" Pressure="0"/>
        <Point X="354" Y="358" T="0" Pressure="0"/>
        <Point X="358" Y="356" T="0" Pressure="0"/>
    </Stroke>
</Gesture>
