<?xml version="1.0" ?>
<Gesture Name="H~02" Subject="1" Number="2" NumPts="86" InputType="stylus" Speed="MEDIUM">
    <Stroke index="1">
        <Point X="319" Y="181" T="0" Pressure="0"/>
        <Point X="318" Y="182" T="0" Pressure="0"/>
        <Point X="317" Y="183" T="0" Pressure="0"/>
        <Point X="317" Y="184" T="0" Pressure="0"/>
        <Point X="316" Y="187" T="0" Pressure="0"/>
        <Point X="316" Y="189" T="0" Pressure="0"/>
        <Point X="316" Y="192" T="0" Pressure="0"/>
        <Point X="316" Y="196" T="0" Pressure="0"/>
        <Point X="315" Y="201" T="0" Pressure="0"/>
        <Point X="314" Y="207" T="0" Pressure="0"/>
        <Point X="313" Y="213" T="0" Pressure="0"/>
        <Point X="312" Y="219" T="0" Pressure="0"/>
        <Point X="312" Y="226" T="0" Pressure="0"/>
        <Point X="310" Y="233" T="0" Pressure="0"/>
        <Point X="310" Y="241" T="0" Pressure="0"/>
        <Point X="309" Y="248" T="0" Pressure="0"/>
        <Point X="309" Y="254" T="0" Pressure="0"/>
        <Point X="309" Y="266" T="0" Pressure="0"/>
        <Point X="309" Y="271" T="0" Pressure="0"/>
        <Point X="309" Y="276" T="0" Pressure="0"/>
        <Point X="310" Y="279" T="0" Pressure="0"/>
        <Point X="310" Y="286" T="0" Pressure="0"/>
        <Point X="310" Y="289" T="0" Pressure="0"/>
        <Point X="311" Y="294" T="0" Pressure="0"/>
        <Point X="311" Y="295" T="0" Pressure="0"/>
        <Point X="312" Y="296" T="0" Pressure="0"/>
    </Stroke>
    <Stroke index="2">
        <Point X="315" Y="243" T="0" Pressure="0"/>
        <Point X="315" Y="240" T="0" Pressure="0"/>
        <Point X="315" Y="239" T="0" Pressure="0"/>
        <Point X="315" Y="238" T="0" Pressure="0"/>
        <Point X="316" Y="236" T="0" Pressure="0"/>
        <Point X="318" Y="235" T="0" Pressure="0"/>
        <Point X="320" Y="234" T="0" Pressure="0"/>
        <Point X="323" Y="234" T="0" Pressure="0"/>
        <Point X="336" Y="234" T="0" Pressure="0"/>
        <Point X="342" Y="234" T="0" Pressure="0"/>
        <Point X="347" Y="233" T="0" Pressure="0"/>
        <Point X="367" Y="233" T="0" Pressure="0"/>
        <Point X="373" Y="233" T="0" Pressure="0"/>
        <Point X="380" Y="233" T="0" Pressure="0"/>
        <Point X="393" Y="233" T="0" Pressure="0"/>
        <Point X="398" Y="233" T="0" Pressure="0"/>
        <Point X="414" Y="233" T="0" Pressure="0"/>
        <Point X="418" Y="233" T="0" Pressure="0"/>
        <Point X="422" Y="233" T="0" Pressure="0"/>
        <Point X="426" Y="233" T="0" Pressure="0"/>
        <Point X="429" Y="232" T="0" Pressure="0"/>
        <Point X="432" Y="232" T="0" Pressure="0"/>
        <Point X="437" Y="229" T="0" Pressure="0"/>
    </Stroke>
    <Stroke index="3">
        <Point X="433" Y="168" T="0" Pressure="0"/>
        <Point X="433" Y="165" T="0" Pressure="0"/>
        <Point X="433" Y="164" T="0" Pressure="0"/>
        <Point X="433" Y="162" T="0" Pressure="0"/>
        <Point X="434" Y="161" T="0" Pressure="0"/>
        <Point X="435" Y="162" T="0" Pressure="0"/>
        <Point X="436" Y="163" T="0" Pressure="0"/>
        <Point X="437" Y="164" T="0" Pressure="0"/>
        <Point X="437" Y="169" T="0" Pressure="0"/>
        <Point X="438" Y="171" T="0" Pressure="0"/>
        <Point X="439" Y="175" T="0" Pressure="0"/>
        <Point X="439" Y="179" T="0" Pressure="0"/>
        <Point X="439" Y="183" T="0" Pressure="0"/>
        <Point X="439" Y="188" T="0" Pressure="0"/>
        <Point X="438" Y="193" T="0" Pressure="0"/>
        <Point X="437" Y="198" T="0" Pressure="0"/>
        <Point X="437" Y="204" T="0" Pressure="0"/>
        <Point X="436" Y="213" T="0" Pressure="0"/>
        <Point X="435" Y="219" T="0" Pressure="0"/>
        <Point X="434" Y="227" T="0" Pressure="0"/>
        <Point X="433" Y="242" T="0" Pressure="0"/>
        <Point X="433" Y="248" T="0" Pressure="0"/>
        <Point X="433" Y="266" T="0" Pressure="0"/>
        <Point X="433" Y="270" T="0" Pressure="0"/>
        <Point X="433" Y="274" T="0" Pressure="0"/>
        <Point X="433" Y="278" T="0" Pressure="0"/>
        <Point X="434" Y="282" T="0" Pressure="0"/>
        <Point X="434" Y="286" T="0" Pressure="0"/>
        <Point X="434" Y="288" T="0" Pressure="0"/>
        <Point X="435" Y="292" T="0" Pressure="0"/>
        <Point X="435" Y="293" T="0" Pressure="0"/>
        <Point X="434" Y="293" T="0" Pressure="0"/>
        <Point X="433" Y="293" T="0" Pressure="0"/>
        <Point X="433" Y="292" T="0" Pressure="0"/>
        <Point X="432" Y="292" T="0" Pressure="0"/>
        <Point X="431" Y="292" T="0" Pressure="0"/>
        <Point X="430" Y="292" T="0" Pressure="0"/>
    </Stroke>
</Gesture>
