<?xml version="1.0" ?>
<Gesture Name="P~07" Subject="1" Number="7" NumPts="69" InputType="stylus" Speed="MEDIUM">
    <Stroke index="1">
        <Point X="368" Y="266" T="0" Pressure="0"/>
        <Point X="368" Y="264" T="0" Pressure="0"/>
        <Point X="368" Y="263" T="0" Pressure="0"/>
        <Point X="368" Y="262" T="0" Pressure="0"/>
        <Point X="368" Y="260" T="0" Pressure="0"/>
        <Point X="369" Y="260" T="0" Pressure="0"/>
        <Point X="369" Y="261" T="0" Pressure="0"/>
        <Point X="369" Y="262" T="0" Pressure="0"/>
        <Point X="369" Y="264" T="0" Pressure="0"/>
        <Point X="370" Y="267" T="0" Pressure="0"/>
        <Point X="370" Y="269" T="0" Pressure="0"/>
        <Point X="370" Y="271" T="0" Pressure="0"/>
        <Point X="370" Y="274" T="0" Pressure="0"/>
        <Point X="370" Y="277" T="0" Pressure="0"/>
        <Point X="370" Y="281" T="0" Pressure="0"/>
        <Point X="370" Y="284" T="0" Pressure="0"/>
        <Point X="370" Y="290" T="0" Pressure="0"/>
        <Point X="369" Y="294" T="0" Pressure="0"/>
        <Point X="369" Y="299" T="0" Pressure="0"/>
        <Point X="367" Y="311" T="0" Pressure="0"/>
        <Point X="366" Y="317" T="0" Pressure="0"/>
        <Point X="365" Y="323" T="0" Pressure="0"/>
        <Point X="365" Y="327" T="0" Pressure="0"/>
        <Point X="364" Y="332" T="0" Pressure="0"/>
        <Point X="364" Y="335" T="0" Pressure="0"/>
        <Point X="364" Y="338" T="0" Pressure="0"/>
        <Point X="364" Y="341" T="0" Pressure="0"/>
        <Point X="364" Y="345" T="0" Pressure="0"/>
        <Point X="364" Y="346" T="0" Pressure="0"/>
        <Point X="364" Y="348" T="0" Pressure="0"/>
        <Point X="364" Y="349" T="0" Pressure="0"/>
        <Point X="364" Y="350" T="0" Pressure="0"/>
    </Stroke>
    <Stroke index="2">
        <Point X="355" Y="254" T="0" Pressure="0"/>
        <Point X="355" Y="252" T="0" Pressure="0"/>
        <Point X="355" Y="251" T="0" Pressure="0"/>
        <Point X="356" Y="250" T="0" Pressure="0"/>
        <Point X="358" Y="248" T="0" Pressure="0"/>
        <Point X="362" Y="248" T="0" Pressure="0"/>
        <Point X="364" Y="247" T="0" Pressure="0"/>
        <Point X="365" Y="247" T="0" Pressure="0"/>
        <Point X="370" Y="247" T="0" Pressure="0"/>
        <Point X="373" Y="247" T="0" Pressure="0"/>
        <Point X="376" Y="247" T="0" Pressure="0"/>
        <Point X="383" Y="247" T="0" Pressure="0"/>
        <Point X="385" Y="247" T="0" Pressure="0"/>
        <Point X="389" Y="248" T="0" Pressure="0"/>
        <Point X="403" Y="253" T="0" Pressure="0"/>
        <Point X="406" Y="256" T="0" Pressure="0"/>
        <Point X="407" Y="258" T="0" Pressure="0"/>
        <Point X="409" Y="259" T="0" Pressure="0"/>
        <Point X="410" Y="264" T="0" Pressure="0"/>
        <Point X="410" Y="267" T="0" Pressure="0"/>
        <Point X="410" Y="269" T="0" Pressure="0"/>
        <Point X="407" Y="272" T="0" Pressure="0"/>
        <Point X="407" Y="273" T="0" Pressure="0"/>
        <Point X="404" Y="275" T="0" Pressure="0"/>
        <Point X="401" Y="277" T="0" Pressure="0"/>
        <Point X="399" Y="278" T="0" Pressure="0"/>
        <Point X="396" Y="279" T="0" Pressure="0"/>
        <Point X="391" Y="280" T="0" Pressure="0"/>
        <Point X="389" Y="281" T="0" Pressure="0"/>
        <Point X="387" Y="281" T="0" Pressure="0"/>
        <Point X="381" Y="282" T="0" Pressure="0"/>
        <Point X="380" Y="283" T="0" Pressure="0"/>
        <Point X="377" Y="283" T="0" Pressure="0"/>
        <Point X="374" Y="283" T="0" Pressure="0"/>
        <Point X="373" Y="284" T="0" Pressure="0"/>
        <Point X="372" Y="284" T="0" Pressure="0"/>
        <Point X="370" Y="285" T="0" Pressure="0"/>
    </Stroke>
</Gesture>
