<?xml version="1.0" ?>
<Gesture Name="N~05" Subject="1" Number="5" NumPts="96" InputType="stylus" Speed="MEDIUM">
    <Stroke index="1">
        <Point X="347" Y="262" T="0" Pressure="0"/>
        <Point X="347" Y="260" T="0" Pressure="0"/>
        <Point X="347" Y="261" T="0" Pressure="0"/>
        <Point X="347" Y="262" T="0" Pressure="0"/>
        <Point X="347" Y="264" T="0" Pressure="0"/>
        <Point X="347" Y="267" T="0" Pressure="0"/>
        <Point X="347" Y="273" T="0" Pressure="0"/>
        <Point X="347" Y="277" T="0" Pressure="0"/>
        <Point X="347" Y="282" T="0" Pressure="0"/>
        <Point X="347" Y="293" T="0" Pressure="0"/>
        <Point X="347" Y="300" T="0" Pressure="0"/>
        <Point X="347" Y="307" T="0" Pressure="0"/>
        <Point X="347" Y="319" T="0" Pressure="0"/>
        <Point X="346" Y="326" T="0" Pressure="0"/>
        <Point X="346" Y="332" T="0" Pressure="0"/>
        <Point X="346" Y="343" T="0" Pressure="0"/>
        <Point X="346" Y="346" T="0" Pressure="0"/>
        <Point X="346" Y="351" T="0" Pressure="0"/>
        <Point X="346" Y="357" T="0" Pressure="0"/>
        <Point X="346" Y="360" T="0" Pressure="0"/>
        <Point X="346" Y="363" T="0" Pressure="0"/>
        <Point X="346" Y="364" T="0" Pressure="0"/>
        <Point X="346" Y="366" T="0" Pressure="0"/>
        <Point X="346" Y="367" T="0" Pressure="0"/>
        <Point X="346" Y="368" T="0" Pressure="0"/>
    </Stroke>
    <Stroke index="2">
        <Point X="349" Y="268" T="0" Pressure="0"/>
        <Point X="347" Y="265" T="0" Pressure="0"/>
        <Point X="347" Y="264" T="0" Pressure="0"/>
        <Point X="347" Y="262" T="0" Pressure="0"/>
        <Point X="346" Y="261" T="0" Pressure="0"/>
        <Point X="346" Y="259" T="0" Pressure="0"/>
        <Point X="346" Y="260" T="0" Pressure="0"/>
        <Point X="347" Y="261" T="0" Pressure="0"/>
        <Point X="347" Y="262" T="0" Pressure="0"/>
        <Point X="348" Y="263" T="0" Pressure="0"/>
        <Point X="350" Y="265" T="0" Pressure="0"/>
        <Point X="350" Y="267" T="0" Pressure="0"/>
        <Point X="354" Y="272" T="0" Pressure="0"/>
        <Point X="360" Y="281" T="0" Pressure="0"/>
        <Point X="362" Y="284" T="0" Pressure="0"/>
        <Point X="365" Y="289" T="0" Pressure="0"/>
        <Point X="369" Y="293" T="0" Pressure="0"/>
        <Point X="379" Y="304" T="0" Pressure="0"/>
        <Point X="384" Y="311" T="0" Pressure="0"/>
        <Point X="388" Y="317" T="0" Pressure="0"/>
        <Point X="398" Y="328" T="0" Pressure="0"/>
        <Point X="403" Y="333" T="0" Pressure="0"/>
        <Point X="408" Y="339" T="0" Pressure="0"/>
        <Point X="416" Y="347" T="0" Pressure="0"/>
        <Point X="419" Y="352" T="0" Pressure="0"/>
        <Point X="424" Y="356" T="0" Pressure="0"/>
        <Point X="430" Y="362" T="0" Pressure="0"/>
        <Point X="433" Y="365" T="0" Pressure="0"/>
        <Point X="436" Y="367" T="0" Pressure="0"/>
        <Point X="440" Y="369" T="0" Pressure="0"/>
        <Point X="443" Y="370" T="0" Pressure="0"/>
        <Point X="448" Y="372" T="0" Pressure="0"/>
        <Point X="449" Y="372" T="0" Pressure="0"/>
        <Point X="451" Y="372" T="0" Pressure="0"/>
    </Stroke>
    <Stroke index="3">
        <Point X="428" Y="261" T="0" Pressure="0"/>
        <Point X="426" Y="258" T="0" Pressure="0"/>
        <Point X="425" Y="258" T="0" Pressure="0"/>
        <Point X="425" Y="257" T="0" Pressure="0"/>
        <Point X="425" Y="258" T="0" Pressure="0"/>
        <Point X="425" Y="259" T="0" Pressure="0"/>
        <Point X="425" Y="260" T="0" Pressure="0"/>
        <Point X="425" Y="262" T="0" Pressure="0"/>
        <Point X="426" Y="264" T="0" Pressure="0"/>
        <Point X="426" Y="266" T="0" Pressure="0"/>
        <Point X="427" Y="269" T="0" Pressure="0"/>
        <Point X="428" Y="271" T="0" Pressure="0"/>
        <Point X="428" Y="274" T="0" Pressure="0"/>
        <Point X="429" Y="278" T="0" Pressure="0"/>
        <Point X="430" Y="287" T="0" Pressure="0"/>
        <Point X="432" Y="292" T="0" Pressure="0"/>
        <Point X="433" Y="297" T="0" Pressure="0"/>
        <Point X="433" Y="302" T="0" Pressure="0"/>
        <Point X="434" Y="308" T="0" Pressure="0"/>
        <Point X="434" Y="314" T="0" Pressure="0"/>
        <Point X="435" Y="319" T="0" Pressure="0"/>
        <Point X="436" Y="326" T="0" Pressure="0"/>
        <Point X="437" Y="332" T="0" Pressure="0"/>
        <Point X="437" Y="338" T="0" Pressure="0"/>
        <Point X="437" Y="343" T="0" Pressure="0"/>
        <Point X="438" Y="352" T="0" Pressure="0"/>
        <Point X="438" Y="357" T="0" Pressure="0"/>
        <Point X="439" Y="362" T="0" Pressure="0"/>
        <Point X="439" Y="371" T="0" Pressure="0"/>
        <Point X="440" Y="374" T="0" Pressure="0"/>
        <Point X="440" Y="380" T="0" Pressure="0"/>
        <Point X="440" Y="382" T="0" Pressure="0"/>
        <Point X="440" Y="383" T="0" Pressure="0"/>
        <Point X="440" Y="387" T="0" Pressure="0"/>
        <Point X="441" Y="388" T="0" Pressure="0"/>
        <Point X="441" Y="389" T="0" Pressure="0"/>
        <Point X="442" Y="391" T="0" Pressure="0"/>
    </Stroke>
</Gesture>
