<?xml version="1.0" ?>
<Gesture Name="line~03" Subject="1" Number="3" NumPts="33" InputType="stylus" Speed="MEDIUM">
    <Stroke index="1">
        <Point X="294" Y="370" T="0" Pressure="0"/>
        <Point X="294" Y="368" T="0" Pressure="0"/>
        <Point X="295" Y="367" T="0" Pressure="0"/>
        <Point X="297" Y="366" T="0" Pressure="0"/>
        <Point X="301" Y="365" T="0" Pressure="0"/>
        <Point X="304" Y="365" T="0" Pressure="0"/>
        <Point X="313" Y="363" T="0" Pressure="0"/>
        <Point X="319" Y="362" T="0" Pressure="0"/>
        <Point X="324" Y="362" T="0" Pressure="0"/>
        <Point X="331" Y="361" T="0" Pressure="0"/>
        <Point X="338" Y="360" T="0" Pressure="0"/>
        <Point X="345" Y="359" T="0" Pressure="0"/>
        <Point X="352" Y="358" T="0" Pressure="0"/>
        <Point X="368" Y="357" T="0" Pressure="0"/>
        <Point X="376" Y="356" T="0" Pressure="0"/>
        <Point X="384" Y="355" T="0" Pressure="0"/>
        <Point X="392" Y="355" T="0" Pressure="0"/>
        <Point X="401" Y="353" T="0" Pressure="0"/>
        <Point X="411" Y="352" T="0" Pressure="0"/>
        <Point X="419" Y="351" T="0" Pressure="0"/>
        <Point X="436" Y="350" T="0" Pressure="0"/>
        <Point X="444" Y="350" T="0" Pressure="0"/>
        <Point X="451" Y="349" T="0" Pressure="0"/>
        <Point X="463" Y="349" T="0" Pressure="0"/>
        <Point X="469" Y="349" T="0" Pressure="0"/>
        <Point X="474" Y="350" T="0" Pressure="0"/>
        <Point X="482" Y="351" T="0" Pressure="0"/>
        <Point X="486" Y="351" T="0" Pressure="0"/>
        <Point X="489" Y="351" T="0" Pressure="0"/>
        <Point X="490" Y="352" T="0" Pressure="0"/>
        <Point X="492" Y="353" T="0" Pressure="0"/>
        <Point X="493" Y="354" T="0" Pressure="0"/>
        <Point X="493" Y="355" T="0" Pressure="0"/>
    </Stroke>
</Gesture>
