<?xml version="1.0" ?>
<Gesture Name="T~02" Subject="1" Number="2" NumPts="62" InputType="stylus" Speed="MEDIUM">
    <Stroke index="1">
        <Point X="324" Y="284" T="0" Pressure="0"/>
        <Point X="322" Y="284" T="0" Pressure="0"/>
        <Point X="320" Y="284" T="0" Pressure="0"/>
        <Point X="320" Y="283" T="0" Pressure="0"/>
        <Point X="321" Y="283" T="0" Pressure="0"/>
        <Point X="323" Y="283" T="0" Pressure="0"/>
        <Point X="324" Y="282" T="0" Pressure="0"/>
        <Point X="326" Y="282" T="0" Pressure="0"/>
        <Point X="328" Y="281" T="0" Pressure="0"/>
        <Point X="331" Y="281" T="0" Pressure="0"/>
        <Point X="334" Y="280" T="0" Pressure="0"/>
        <Point X="336" Y="279" T="0" Pressure="0"/>
        <Point X="340" Y="278" T="0" Pressure="0"/>
        <Point X="345" Y="277" T="0" Pressure="0"/>
        <Point X="349" Y="276" T="0" Pressure="0"/>
        <Point X="359" Y="274" T="0" Pressure="0"/>
        <Point X="365" Y="273" T="0" Pressure="0"/>
        <Point X="370" Y="272" T="0" Pressure="0"/>
        <Point X="383" Y="270" T="0" Pressure="0"/>
        <Point X="388" Y="270" T="0" Pressure="0"/>
        <Point X="393" Y="269" T="0" Pressure="0"/>
        <Point X="399" Y="269" T="0" Pressure="0"/>
        <Point X="403" Y="268" T="0" Pressure="0"/>
        <Point X="409" Y="267" T="0" Pressure="0"/>
        <Point X="413" Y="267" T="0" Pressure="0"/>
        <Point X="417" Y="267" T="0" Pressure="0"/>
        <Point X="420" Y="266" T="0" Pressure="0"/>
        <Point X="423" Y="266" T="0" Pressure="0"/>
        <Point X="425" Y="266" T="0" Pressure="0"/>
        <Point X="428" Y="266" T="0" Pressure="0"/>
        <Point X="429" Y="266" T="0" Pressure="0"/>
        <Point X="428" Y="267" T="0" Pressure="0"/>
        <Point X="426" Y="267" T="0" Pressure="0"/>
        <Point X="425" Y="267" T="0" Pressure="0"/>
        <Point X="423" Y="268" T="0" Pressure="0"/>
        <Point X="422" Y="268" T="0" Pressure="0"/>
        <Point X="419" Y="268" T="0" Pressure="0"/>
        <Point X="418" Y="269" T="0" Pressure="0"/>
    </Stroke>
    <Stroke index="2">
        <Point X="380" Y="273" T="0" Pressure="0"/>
        <Point X="380" Y="272" T="0" Pressure="0"/>
        <Point X="380" Y="271" T="0" Pressure="0"/>
        <Point X="380" Y="270" T="0" Pressure="0"/>
        <Point X="380" Y="271" T="0" Pressure="0"/>
        <Point X="379" Y="272" T="0" Pressure="0"/>
        <Point X="379" Y="273" T="0" Pressure="0"/>
        <Point X="379" Y="276" T="0" Pressure="0"/>
        <Point X="379" Y="277" T="0" Pressure="0"/>
        <Point X="379" Y="279" T="0" Pressure="0"/>
        <Point X="378" Y="281" T="0" Pressure="0"/>
        <Point X="378" Y="283" T="0" Pressure="0"/>
        <Point X="377" Y="286" T="0" Pressure="0"/>
        <Point X="377" Y="289" T="0" Pressure="0"/>
        <Point X="376" Y="296" T="0" Pressure="0"/>
        <Point X="375" Y="300" T="0" Pressure="0"/>
        <Point X="374" Y="304" T="0" Pressure="0"/>
        <Point X="373" Y="313" T="0" Pressure="0"/>
        <Point X="372" Y="317" T="0" Pressure="0"/>
        <Point X="372" Y="320" T="0" Pressure="0"/>
        <Point X="371" Y="325" T="0" Pressure="0"/>
        <Point X="370" Y="327" T="0" Pressure="0"/>
        <Point X="370" Y="329" T="0" Pressure="0"/>
        <Point X="370" Y="331" T="0" Pressure="0"/>
    </Stroke>
</Gesture>
