<?xml version="1.0" ?>
<Gesture Name="five_point_star~08" Subject="1" Number="8" NumPts="179" InputType="stylus" Speed="MEDIUM">
    <Stroke index="1">
        <Point X="343" Y="374" T="0" Pressure="0"/>
        <Point X="342" Y="373" T="0" Pressure="0"/>
        <Point X="341" Y="368" T="0" Pressure="0"/>
        <Point X="341" Y="367" T="0" Pressure="0"/>
        <Point X="341" Y="364" T="0" Pressure="0"/>
        <Point X="342" Y="361" T="0" Pressure="0"/>
        <Point X="342" Y="358" T="0" Pressure="0"/>
        <Point X="343" Y="355" T="0" Pressure="0"/>
        <Point X="345" Y="350" T="0" Pressure="0"/>
        <Point X="346" Y="346" T="0" Pressure="0"/>
        <Point X="347" Y="342" T="0" Pressure="0"/>
        <Point X="349" Y="337" T="0" Pressure="0"/>
        <Point X="351" Y="331" T="0" Pressure="0"/>
        <Point X="353" Y="325" T="0" Pressure="0"/>
        <Point X="355" Y="318" T="0" Pressure="0"/>
        <Point X="358" Y="312" T="0" Pressure="0"/>
        <Point X="361" Y="305" T="0" Pressure="0"/>
        <Point X="363" Y="298" T="0" Pressure="0"/>
        <Point X="366" Y="291" T="0" Pressure="0"/>
        <Point X="369" Y="283" T="0" Pressure="0"/>
        <Point X="372" Y="276" T="0" Pressure="0"/>
        <Point X="375" Y="269" T="0" Pressure="0"/>
        <Point X="377" Y="264" T="0" Pressure="0"/>
        <Point X="380" Y="258" T="0" Pressure="0"/>
        <Point X="383" Y="252" T="0" Pressure="0"/>
        <Point X="386" Y="248" T="0" Pressure="0"/>
        <Point X="388" Y="244" T="0" Pressure="0"/>
        <Point X="390" Y="241" T="0" Pressure="0"/>
        <Point X="391" Y="239" T="0" Pressure="0"/>
        <Point X="392" Y="237" T="0" Pressure="0"/>
        <Point X="394" Y="236" T="0" Pressure="0"/>
        <Point X="395" Y="234" T="0" Pressure="0"/>
        <Point X="395" Y="233" T="0" Pressure="0"/>
        <Point X="396" Y="233" T="0" Pressure="0"/>
        <Point X="397" Y="233" T="0" Pressure="0"/>
        <Point X="398" Y="233" T="0" Pressure="0"/>
        <Point X="399" Y="233" T="0" Pressure="0"/>
        <Point X="399" Y="234" T="0" Pressure="0"/>
        <Point X="400" Y="235" T="0" Pressure="0"/>
        <Point X="402" Y="236" T="0" Pressure="0"/>
        <Point X="404" Y="239" T="0" Pressure="0"/>
        <Point X="407" Y="245" T="0" Pressure="0"/>
        <Point X="409" Y="248" T="0" Pressure="0"/>
        <Point X="410" Y="251" T="0" Pressure="0"/>
        <Point X="412" Y="256" T="0" Pressure="0"/>
        <Point X="414" Y="260" T="0" Pressure="0"/>
        <Point X="415" Y="264" T="0" Pressure="0"/>
        <Point X="417" Y="270" T="0" Pressure="0"/>
        <Point X="419" Y="276" T="0" Pressure="0"/>
        <Point X="421" Y="281" T="0" Pressure="0"/>
        <Point X="422" Y="286" T="0" Pressure="0"/>
        <Point X="424" Y="292" T="0" Pressure="0"/>
        <Point X="425" Y="298" T="0" Pressure="0"/>
        <Point X="432" Y="321" T="0" Pressure="0"/>
        <Point X="433" Y="326" T="0" Pressure="0"/>
        <Point X="433" Y="331" T="0" Pressure="0"/>
        <Point X="434" Y="336" T="0" Pressure="0"/>
        <Point X="435" Y="340" T="0" Pressure="0"/>
        <Point X="436" Y="343" T="0" Pressure="0"/>
        <Point X="436" Y="347" T="0" Pressure="0"/>
        <Point X="437" Y="351" T="0" Pressure="0"/>
        <Point X="437" Y="353" T="0" Pressure="0"/>
        <Point X="438" Y="357" T="0" Pressure="0"/>
        <Point X="439" Y="358" T="0" Pressure="0"/>
        <Point X="439" Y="361" T="0" Pressure="0"/>
        <Point X="440" Y="363" T="0" Pressure="0"/>
        <Point X="440" Y="364" T="0" Pressure="0"/>
        <Point X="440" Y="365" T="0" Pressure="0"/>
        <Point X="440" Y="366" T="0" Pressure="0"/>
        <Point X="439" Y="366" T="0" Pressure="0"/>
        <Point X="437" Y="366" T="0" Pressure="0"/>
        <Point X="436" Y="366" T="0" Pressure="0"/>
        <Point X="435" Y="365" T="0" Pressure="0"/>
        <Point X="429" Y="362" T="0" Pressure="0"/>
        <Point X="426" Y="360" T="0" Pressure="0"/>
        <Point X="425" Y="358" T="0" Pressure="0"/>
        <Point X="422" Y="357" T="0" Pressure="0"/>
        <Point X="419" Y="355" T="0" Pressure="0"/>
        <Point X="417" Y="353" T="0" Pressure="0"/>
        <Point X="414" Y="351" T="0" Pressure="0"/>
        <Point X="410" Y="347" T="0" Pressure="0"/>
        <Point X="407" Y="344" T="0" Pressure="0"/>
        <Point X="403" Y="342" T="0" Pressure="0"/>
        <Point X="399" Y="339" T="0" Pressure="0"/>
        <Point X="395" Y="336" T="0" Pressure="0"/>
        <Point X="391" Y="332" T="0" Pressure="0"/>
        <Point X="386" Y="329" T="0" Pressure="0"/>
        <Point X="381" Y="327" T="0" Pressure="0"/>
        <Point X="377" Y="324" T="0" Pressure="0"/>
        <Point X="372" Y="322" T="0" Pressure="0"/>
        <Point X="367" Y="321" T="0" Pressure="0"/>
        <Point X="362" Y="319" T="0" Pressure="0"/>
        <Point X="357" Y="318" T="0" Pressure="0"/>
        <Point X="353" Y="318" T="0" Pressure="0"/>
        <Point X="348" Y="317" T="0" Pressure="0"/>
        <Point X="344" Y="317" T="0" Pressure="0"/>
        <Point X="340" Y="317" T="0" Pressure="0"/>
        <Point X="336" Y="316" T="0" Pressure="0"/>
        <Point X="333" Y="316" T="0" Pressure="0"/>
        <Point X="330" Y="316" T="0" Pressure="0"/>
        <Point X="328" Y="316" T="0" Pressure="0"/>
        <Point X="325" Y="316" T="0" Pressure="0"/>
        <Point X="324" Y="316" T="0" Pressure="0"/>
        <Point X="322" Y="315" T="0" Pressure="0"/>
        <Point X="320" Y="315" T="0" Pressure="0"/>
        <Point X="320" Y="314" T="0" Pressure="0"/>
        <Point X="320" Y="313" T="0" Pressure="0"/>
        <Point X="321" Y="312" T="0" Pressure="0"/>
        <Point X="323" Y="311" T="0" Pressure="0"/>
        <Point X="325" Y="309" T="0" Pressure="0"/>
        <Point X="328" Y="307" T="0" Pressure="0"/>
        <Point X="331" Y="306" T="0" Pressure="0"/>
        <Point X="335" Y="303" T="0" Pressure="0"/>
        <Point X="339" Y="301" T="0" Pressure="0"/>
        <Point X="344" Y="298" T="0" Pressure="0"/>
        <Point X="349" Y="296" T="0" Pressure="0"/>
        <Point X="354" Y="293" T="0" Pressure="0"/>
        <Point X="360" Y="291" T="0" Pressure="0"/>
        <Point X="366" Y="287" T="0" Pressure="0"/>
        <Point X="373" Y="284" T="0" Pressure="0"/>
        <Point X="380" Y="281" T="0" Pressure="0"/>
        <Point X="387" Y="278" T="0" Pressure="0"/>
        <Point X="395" Y="275" T="0" Pressure="0"/>
        <Point X="402" Y="272" T="0" Pressure="0"/>
        <Point X="409" Y="270" T="0" Pressure="0"/>
        <Point X="414" Y="269" T="0" Pressure="0"/>
        <Point X="419" Y="268" T="0" Pressure="0"/>
        <Point X="425" Y="268" T="0" Pressure="0"/>
        <Point X="429" Y="267" T="0" Pressure="0"/>
        <Point X="434" Y="266" T="0" Pressure="0"/>
        <Point X="438" Y="266" T="0" Pressure="0"/>
        <Point X="441" Y="266" T="0" Pressure="0"/>
        <Point X="444" Y="266" T="0" Pressure="0"/>
        <Point X="447" Y="266" T="0" Pressure="0"/>
        <Point X="449" Y="266" T="0" Pressure="0"/>
        <Point X="452" Y="266" T="0" Pressure="0"/>
        <Point X="455" Y="268" T="0" Pressure="0"/>
        <Point X="456" Y="268" T="0" Pressure="0"/>
        <Point X="457" Y="269" T="0" Pressure="0"/>
        <Point X="457" Y="270" T="0" Pressure="0"/>
        <Point X="458" Y="271" T="0" Pressure="0"/>
        <Point X="458" Y="272" T="0" Pressure="0"/>
        <Point X="458" Y="274" T="0" Pressure="0"/>
        <Point X="456" Y="277" T="0" Pressure="0"/>
        <Point X="455" Y="281" T="0" Pressure="0"/>
        <Point X="452" Y="283" T="0" Pressure="0"/>
        <Point X="451" Y="287" T="0" Pressure="0"/>
        <Point X="448" Y="291" T="0" Pressure="0"/>
        <Point X="445" Y="294" T="0" Pressure="0"/>
        <Point X="436" Y="306" T="0" Pressure="0"/>
        <Point X="432" Y="311" T="0" Pressure="0"/>
        <Point X="428" Y="315" T="0" Pressure="0"/>
        <Point X="425" Y="319" T="0" Pressure="0"/>
        <Point X="421" Y="324" T="0" Pressure="0"/>
        <Point X="417" Y="328" T="0" Pressure="0"/>
        <Point X="412" Y="332" T="0" Pressure="0"/>
        <Point X="407" Y="337" T="0" Pressure="0"/>
        <Point X="403" Y="341" T="0" Pressure="0"/>
        <Point X="398" Y="344" T="0" Pressure="0"/>
        <Point X="393" Y="347" T="0" Pressure="0"/>
        <Point X="388" Y="351" T="0" Pressure="0"/>
        <Point X="383" Y="353" T="0" Pressure="0"/>
        <Point X="365" Y="363" T="0" Pressure="0"/>
        <Point X="361" Y="365" T="0" Pressure="0"/>
        <Point X="357" Y="366" T="0" Pressure="0"/>
        <Point X="354" Y="368" T="0" Pressure="0"/>
        <Point X="351" Y="369" T="0" Pressure="0"/>
        <Point X="349" Y="370" T="0" Pressure="0"/>
        <Point X="347" Y="371" T="0" Pressure="0"/>
        <Point X="346" Y="372" T="0" Pressure="0"/>
        <Point X="345" Y="373" T="0" Pressure="0"/>
        <Point X="343" Y="373" T="0" Pressure="0"/>
        <Point X="345" Y="373" T="0" Pressure="0"/>
        <Point X="346" Y="373" T="0" Pressure="0"/>
        <Point X="347" Y="373" T="0" Pressure="0"/>
        <Point X="348" Y="373" T="0" Pressure="0"/>
        <Point X="350" Y="373" T="0" Pressure="0"/>
        <Point X="351" Y="373" T="0" Pressure="0"/>
        <Point X="353" Y="374" T="0" Pressure="0"/>
    </Stroke>
</Gesture>
