<?xml version="1.0" ?>
<Gesture Name="six_point_star~09" Subject="1" Number="9" NumPts="206" InputType="stylus" Speed="MEDIUM">
    <Stroke index="1">
        <Point X="336" Y="339" T="0" Pressure="0"/>
        <Point X="335" Y="340" T="0" Pressure="0"/>
        <Point X="334" Y="340" T="0" Pressure="0"/>
        <Point X="333" Y="340" T="0" Pressure="0"/>
        <Point X="333" Y="339" T="0" Pressure="0"/>
        <Point X="334" Y="339" T="0" Pressure="0"/>
        <Point X="334" Y="338" T="0" Pressure="0"/>
        <Point X="335" Y="337" T="0" Pressure="0"/>
        <Point X="336" Y="336" T="0" Pressure="0"/>
        <Point X="338" Y="334" T="0" Pressure="0"/>
        <Point X="339" Y="332" T="0" Pressure="0"/>
        <Point X="339" Y="331" T="0" Pressure="0"/>
        <Point X="341" Y="329" T="0" Pressure="0"/>
        <Point X="343" Y="326" T="0" Pressure="0"/>
        <Point X="343" Y="323" T="0" Pressure="0"/>
        <Point X="347" Y="317" T="0" Pressure="0"/>
        <Point X="349" Y="313" T="0" Pressure="0"/>
        <Point X="351" Y="308" T="0" Pressure="0"/>
        <Point X="358" Y="293" T="0" Pressure="0"/>
        <Point X="361" Y="286" T="0" Pressure="0"/>
        <Point X="364" Y="281" T="0" Pressure="0"/>
        <Point X="366" Y="276" T="0" Pressure="0"/>
        <Point X="369" Y="270" T="0" Pressure="0"/>
        <Point X="372" Y="265" T="0" Pressure="0"/>
        <Point X="377" Y="254" T="0" Pressure="0"/>
        <Point X="380" Y="249" T="0" Pressure="0"/>
        <Point X="383" Y="244" T="0" Pressure="0"/>
        <Point X="388" Y="236" T="0" Pressure="0"/>
        <Point X="391" Y="232" T="0" Pressure="0"/>
        <Point X="393" Y="227" T="0" Pressure="0"/>
        <Point X="397" Y="222" T="0" Pressure="0"/>
        <Point X="399" Y="220" T="0" Pressure="0"/>
        <Point X="401" Y="218" T="0" Pressure="0"/>
        <Point X="404" Y="216" T="0" Pressure="0"/>
        <Point X="406" Y="214" T="0" Pressure="0"/>
        <Point X="407" Y="214" T="0" Pressure="0"/>
        <Point X="410" Y="213" T="0" Pressure="0"/>
        <Point X="412" Y="213" T="0" Pressure="0"/>
        <Point X="414" Y="213" T="0" Pressure="0"/>
        <Point X="417" Y="213" T="0" Pressure="0"/>
        <Point X="418" Y="213" T="0" Pressure="0"/>
        <Point X="420" Y="214" T="0" Pressure="0"/>
        <Point X="424" Y="217" T="0" Pressure="0"/>
        <Point X="425" Y="219" T="0" Pressure="0"/>
        <Point X="428" Y="221" T="0" Pressure="0"/>
        <Point X="431" Y="226" T="0" Pressure="0"/>
        <Point X="433" Y="230" T="0" Pressure="0"/>
        <Point X="434" Y="234" T="0" Pressure="0"/>
        <Point X="438" Y="242" T="0" Pressure="0"/>
        <Point X="440" Y="246" T="0" Pressure="0"/>
        <Point X="441" Y="251" T="0" Pressure="0"/>
        <Point X="445" Y="262" T="0" Pressure="0"/>
        <Point X="447" Y="267" T="0" Pressure="0"/>
        <Point X="448" Y="272" T="0" Pressure="0"/>
        <Point X="451" Y="283" T="0" Pressure="0"/>
        <Point X="452" Y="288" T="0" Pressure="0"/>
        <Point X="454" Y="293" T="0" Pressure="0"/>
        <Point X="456" Y="301" T="0" Pressure="0"/>
        <Point X="457" Y="306" T="0" Pressure="0"/>
        <Point X="458" Y="309" T="0" Pressure="0"/>
        <Point X="459" Y="317" T="0" Pressure="0"/>
        <Point X="459" Y="319" T="0" Pressure="0"/>
        <Point X="460" Y="322" T="0" Pressure="0"/>
        <Point X="460" Y="327" T="0" Pressure="0"/>
        <Point X="460" Y="329" T="0" Pressure="0"/>
        <Point X="460" Y="331" T="0" Pressure="0"/>
        <Point X="460" Y="334" T="0" Pressure="0"/>
        <Point X="460" Y="335" T="0" Pressure="0"/>
        <Point X="460" Y="336" T="0" Pressure="0"/>
        <Point X="459" Y="337" T="0" Pressure="0"/>
        <Point X="458" Y="338" T="0" Pressure="0"/>
        <Point X="457" Y="338" T="0" Pressure="0"/>
        <Point X="455" Y="338" T="0" Pressure="0"/>
        <Point X="452" Y="338" T="0" Pressure="0"/>
        <Point X="451" Y="338" T="0" Pressure="0"/>
        <Point X="446" Y="338" T="0" Pressure="0"/>
        <Point X="444" Y="338" T="0" Pressure="0"/>
        <Point X="440" Y="338" T="0" Pressure="0"/>
        <Point X="437" Y="338" T="0" Pressure="0"/>
        <Point X="434" Y="337" T="0" Pressure="0"/>
        <Point X="427" Y="337" T="0" Pressure="0"/>
        <Point X="423" Y="336" T="0" Pressure="0"/>
        <Point X="418" Y="336" T="0" Pressure="0"/>
        <Point X="409" Y="335" T="0" Pressure="0"/>
        <Point X="400" Y="334" T="0" Pressure="0"/>
        <Point X="395" Y="334" T="0" Pressure="0"/>
        <Point X="390" Y="334" T="0" Pressure="0"/>
        <Point X="380" Y="333" T="0" Pressure="0"/>
        <Point X="376" Y="333" T="0" Pressure="0"/>
        <Point X="372" Y="333" T="0" Pressure="0"/>
        <Point X="365" Y="333" T="0" Pressure="0"/>
        <Point X="362" Y="332" T="0" Pressure="0"/>
        <Point X="358" Y="332" T="0" Pressure="0"/>
        <Point X="356" Y="332" T="0" Pressure="0"/>
        <Point X="352" Y="332" T="0" Pressure="0"/>
        <Point X="350" Y="332" T="0" Pressure="0"/>
        <Point X="346" Y="332" T="0" Pressure="0"/>
        <Point X="345" Y="332" T="0" Pressure="0"/>
        <Point X="344" Y="332" T="0" Pressure="0"/>
        <Point X="343" Y="332" T="0" Pressure="0"/>
    </Stroke>
    <Stroke index="2">
        <Point X="339" Y="253" T="0" Pressure="0"/>
        <Point X="338" Y="252" T="0" Pressure="0"/>
        <Point X="337" Y="251" T="0" Pressure="0"/>
        <Point X="336" Y="251" T="0" Pressure="0"/>
        <Point X="336" Y="250" T="0" Pressure="0"/>
        <Point X="338" Y="250" T="0" Pressure="0"/>
        <Point X="339" Y="250" T="0" Pressure="0"/>
        <Point X="339" Y="251" T="0" Pressure="0"/>
        <Point X="341" Y="252" T="0" Pressure="0"/>
        <Point X="343" Y="255" T="0" Pressure="0"/>
        <Point X="347" Y="259" T="0" Pressure="0"/>
        <Point X="349" Y="263" T="0" Pressure="0"/>
        <Point X="354" Y="270" T="0" Pressure="0"/>
        <Point X="356" Y="275" T="0" Pressure="0"/>
        <Point X="362" Y="287" T="0" Pressure="0"/>
        <Point X="365" Y="293" T="0" Pressure="0"/>
        <Point X="368" Y="301" T="0" Pressure="0"/>
        <Point X="370" Y="307" T="0" Pressure="0"/>
        <Point X="373" Y="313" T="0" Pressure="0"/>
        <Point X="375" Y="319" T="0" Pressure="0"/>
        <Point X="377" Y="326" T="0" Pressure="0"/>
        <Point X="380" Y="332" T="0" Pressure="0"/>
        <Point X="382" Y="339" T="0" Pressure="0"/>
        <Point X="384" Y="344" T="0" Pressure="0"/>
        <Point X="385" Y="350" T="0" Pressure="0"/>
        <Point X="388" Y="355" T="0" Pressure="0"/>
        <Point X="389" Y="360" T="0" Pressure="0"/>
        <Point X="391" Y="365" T="0" Pressure="0"/>
        <Point X="392" Y="368" T="0" Pressure="0"/>
        <Point X="394" Y="372" T="0" Pressure="0"/>
        <Point X="395" Y="375" T="0" Pressure="0"/>
        <Point X="398" Y="381" T="0" Pressure="0"/>
        <Point X="399" Y="382" T="0" Pressure="0"/>
        <Point X="400" Y="385" T="0" Pressure="0"/>
        <Point X="402" Y="386" T="0" Pressure="0"/>
        <Point X="403" Y="387" T="0" Pressure="0"/>
        <Point X="404" Y="387" T="0" Pressure="0"/>
        <Point X="405" Y="388" T="0" Pressure="0"/>
        <Point X="410" Y="386" T="0" Pressure="0"/>
        <Point X="411" Y="384" T="0" Pressure="0"/>
        <Point X="413" Y="382" T="0" Pressure="0"/>
        <Point X="414" Y="381" T="0" Pressure="0"/>
        <Point X="415" Y="378" T="0" Pressure="0"/>
        <Point X="417" Y="376" T="0" Pressure="0"/>
        <Point X="419" Y="372" T="0" Pressure="0"/>
        <Point X="423" Y="365" T="0" Pressure="0"/>
        <Point X="425" Y="361" T="0" Pressure="0"/>
        <Point X="428" Y="356" T="0" Pressure="0"/>
        <Point X="432" Y="346" T="0" Pressure="0"/>
        <Point X="434" Y="341" T="0" Pressure="0"/>
        <Point X="436" Y="336" T="0" Pressure="0"/>
        <Point X="444" Y="318" T="0" Pressure="0"/>
        <Point X="447" Y="313" T="0" Pressure="0"/>
        <Point X="453" Y="301" T="0" Pressure="0"/>
        <Point X="456" Y="295" T="0" Pressure="0"/>
        <Point X="460" Y="290" T="0" Pressure="0"/>
        <Point X="467" Y="280" T="0" Pressure="0"/>
        <Point X="470" Y="276" T="0" Pressure="0"/>
        <Point X="474" Y="271" T="0" Pressure="0"/>
        <Point X="479" Y="264" T="0" Pressure="0"/>
        <Point X="482" Y="261" T="0" Pressure="0"/>
        <Point X="487" Y="255" T="0" Pressure="0"/>
        <Point X="489" Y="253" T="0" Pressure="0"/>
        <Point X="490" Y="252" T="0" Pressure="0"/>
        <Point X="492" Y="252" T="0" Pressure="0"/>
        <Point X="492" Y="251" T="0" Pressure="0"/>
        <Point X="491" Y="251" T="0" Pressure="0"/>
        <Point X="490" Y="251" T="0" Pressure="0"/>
        <Point X="489" Y="251" T="0" Pressure="0"/>
        <Point X="487" Y="251" T="0" Pressure="0"/>
        <Point X="485" Y="251" T="0" Pressure="0"/>
        <Point X="482" Y="251" T="0" Pressure="0"/>
        <Point X="480" Y="251" T="0" Pressure="0"/>
        <Point X="475" Y="251" T="0" Pressure="0"/>
        <Point X="472" Y="251" T="0" Pressure="0"/>
        <Point X="463" Y="249" T="0" Pressure="0"/>
        <Point X="459" Y="249" T="0" Pressure="0"/>
        <Point X="456" Y="248" T="0" Pressure="0"/>
        <Point X="452" Y="247" T="0" Pressure="0"/>
        <Point X="448" Y="246" T="0" Pressure="0"/>
        <Point X="443" Y="245" T="0" Pressure="0"/>
        <Point X="438" Y="244" T="0" Pressure="0"/>
        <Point X="433" Y="243" T="0" Pressure="0"/>
        <Point X="427" Y="242" T="0" Pressure="0"/>
        <Point X="421" Y="241" T="0" Pressure="0"/>
        <Point X="415" Y="239" T="0" Pressure="0"/>
        <Point X="403" Y="238" T="0" Pressure="0"/>
        <Point X="398" Y="238" T="0" Pressure="0"/>
        <Point X="391" Y="237" T="0" Pressure="0"/>
        <Point X="384" Y="237" T="0" Pressure="0"/>
        <Point X="379" Y="236" T="0" Pressure="0"/>
        <Point X="373" Y="236" T="0" Pressure="0"/>
        <Point X="367" Y="236" T="0" Pressure="0"/>
        <Point X="358" Y="236" T="0" Pressure="0"/>
        <Point X="353" Y="236" T="0" Pressure="0"/>
        <Point X="349" Y="236" T="0" Pressure="0"/>
        <Point X="346" Y="236" T="0" Pressure="0"/>
        <Point X="343" Y="236" T="0" Pressure="0"/>
        <Point X="340" Y="237" T="0" Pressure="0"/>
        <Point X="338" Y="237" T="0" Pressure="0"/>
        <Point X="335" Y="238" T="0" Pressure="0"/>
        <Point X="334" Y="239" T="0" Pressure="0"/>
        <Point X="332" Y="239" T="0" Pressure="0"/>
        <Point X="332" Y="242" T="0" Pressure="0"/>
        <Point X="332" Y="243" T="0" Pressure="0"/>
        <Point X="332" Y="244" T="0" Pressure="0"/>
    </Stroke>
</Gesture>
