<?xml version="1.0" ?>
<Gesture Name="pitchfork~01" Subject="1" Number="1" NumPts="108" InputType="stylus" Speed="MEDIUM">
    <Stroke index="1">
        <Point X="312" Y="212" T="0" Pressure="0"/>
        <Point X="309" Y="209" T="0" Pressure="0"/>
        <Point X="308" Y="209" T="0" Pressure="0"/>
        <Point X="307" Y="210" T="0" Pressure="0"/>
        <Point X="306" Y="211" T="0" Pressure="0"/>
        <Point X="306" Y="212" T="0" Pressure="0"/>
        <Point X="305" Y="213" T="0" Pressure="0"/>
        <Point X="305" Y="214" T="0" Pressure="0"/>
        <Point X="304" Y="218" T="0" Pressure="0"/>
        <Point X="303" Y="219" T="0" Pressure="0"/>
        <Point X="302" Y="221" T="0" Pressure="0"/>
        <Point X="302" Y="224" T="0" Pressure="0"/>
        <Point X="301" Y="227" T="0" Pressure="0"/>
        <Point X="301" Y="231" T="0" Pressure="0"/>
        <Point X="301" Y="235" T="0" Pressure="0"/>
        <Point X="301" Y="239" T="0" Pressure="0"/>
        <Point X="301" Y="244" T="0" Pressure="0"/>
        <Point X="301" Y="249" T="0" Pressure="0"/>
        <Point X="302" Y="255" T="0" Pressure="0"/>
        <Point X="305" Y="267" T="0" Pressure="0"/>
        <Point X="308" Y="271" T="0" Pressure="0"/>
        <Point X="309" Y="276" T="0" Pressure="0"/>
        <Point X="312" Y="282" T="0" Pressure="0"/>
        <Point X="315" Y="286" T="0" Pressure="0"/>
        <Point X="317" Y="291" T="0" Pressure="0"/>
        <Point X="320" Y="295" T="0" Pressure="0"/>
        <Point X="323" Y="298" T="0" Pressure="0"/>
        <Point X="326" Y="301" T="0" Pressure="0"/>
        <Point X="329" Y="303" T="0" Pressure="0"/>
        <Point X="332" Y="306" T="0" Pressure="0"/>
        <Point X="335" Y="307" T="0" Pressure="0"/>
        <Point X="339" Y="309" T="0" Pressure="0"/>
        <Point X="342" Y="311" T="0" Pressure="0"/>
        <Point X="345" Y="311" T="0" Pressure="0"/>
        <Point X="348" Y="312" T="0" Pressure="0"/>
        <Point X="351" Y="312" T="0" Pressure="0"/>
        <Point X="355" Y="311" T="0" Pressure="0"/>
        <Point X="359" Y="310" T="0" Pressure="0"/>
        <Point X="362" Y="308" T="0" Pressure="0"/>
        <Point X="366" Y="307" T="0" Pressure="0"/>
        <Point X="369" Y="304" T="0" Pressure="0"/>
        <Point X="373" Y="301" T="0" Pressure="0"/>
        <Point X="377" Y="298" T="0" Pressure="0"/>
        <Point X="381" Y="295" T="0" Pressure="0"/>
        <Point X="384" Y="292" T="0" Pressure="0"/>
        <Point X="388" Y="288" T="0" Pressure="0"/>
        <Point X="397" Y="273" T="0" Pressure="0"/>
        <Point X="400" Y="267" T="0" Pressure="0"/>
        <Point X="402" Y="262" T="0" Pressure="0"/>
        <Point X="403" Y="256" T="0" Pressure="0"/>
        <Point X="404" Y="249" T="0" Pressure="0"/>
        <Point X="406" Y="243" T="0" Pressure="0"/>
        <Point X="407" Y="231" T="0" Pressure="0"/>
        <Point X="408" Y="226" T="0" Pressure="0"/>
        <Point X="409" Y="221" T="0" Pressure="0"/>
        <Point X="409" Y="214" T="0" Pressure="0"/>
        <Point X="409" Y="211" T="0" Pressure="0"/>
        <Point X="409" Y="208" T="0" Pressure="0"/>
        <Point X="409" Y="207" T="0" Pressure="0"/>
        <Point X="409" Y="205" T="0" Pressure="0"/>
        <Point X="408" Y="203" T="0" Pressure="0"/>
        <Point X="407" Y="202" T="0" Pressure="0"/>
        <Point X="407" Y="201" T="0" Pressure="0"/>
        <Point X="406" Y="199" T="0" Pressure="0"/>
        <Point X="404" Y="199" T="0" Pressure="0"/>
        <Point X="403" Y="199" T="0" Pressure="0"/>
        <Point X="400" Y="201" T="0" Pressure="0"/>
        <Point X="399" Y="201" T="0" Pressure="0"/>
        <Point X="397" Y="203" T="0" Pressure="0"/>
    </Stroke>
    <Stroke index="2">
        <Point X="352" Y="212" T="0" Pressure="0"/>
        <Point X="350" Y="208" T="0" Pressure="0"/>
        <Point X="350" Y="207" T="0" Pressure="0"/>
        <Point X="349" Y="204" T="0" Pressure="0"/>
        <Point X="348" Y="202" T="0" Pressure="0"/>
        <Point X="347" Y="202" T="0" Pressure="0"/>
        <Point X="347" Y="203" T="0" Pressure="0"/>
        <Point X="347" Y="204" T="0" Pressure="0"/>
        <Point X="347" Y="206" T="0" Pressure="0"/>
        <Point X="347" Y="208" T="0" Pressure="0"/>
        <Point X="347" Y="214" T="0" Pressure="0"/>
        <Point X="346" Y="219" T="0" Pressure="0"/>
        <Point X="346" Y="223" T="0" Pressure="0"/>
        <Point X="346" Y="234" T="0" Pressure="0"/>
        <Point X="345" Y="243" T="0" Pressure="0"/>
        <Point X="343" Y="252" T="0" Pressure="0"/>
        <Point X="341" Y="272" T="0" Pressure="0"/>
        <Point X="339" Y="284" T="0" Pressure="0"/>
        <Point X="339" Y="295" T="0" Pressure="0"/>
        <Point X="336" Y="318" T="0" Pressure="0"/>
        <Point X="335" Y="328" T="0" Pressure="0"/>
        <Point X="335" Y="338" T="0" Pressure="0"/>
        <Point X="335" Y="356" T="0" Pressure="0"/>
        <Point X="335" Y="363" T="0" Pressure="0"/>
        <Point X="335" Y="370" T="0" Pressure="0"/>
        <Point X="336" Y="378" T="0" Pressure="0"/>
        <Point X="336" Y="382" T="0" Pressure="0"/>
        <Point X="336" Y="385" T="0" Pressure="0"/>
        <Point X="337" Y="387" T="0" Pressure="0"/>
        <Point X="337" Y="389" T="0" Pressure="0"/>
        <Point X="337" Y="391" T="0" Pressure="0"/>
        <Point X="337" Y="392" T="0" Pressure="0"/>
        <Point X="337" Y="394" T="0" Pressure="0"/>
        <Point X="336" Y="395" T="0" Pressure="0"/>
        <Point X="336" Y="394" T="0" Pressure="0"/>
        <Point X="336" Y="393" T="0" Pressure="0"/>
        <Point X="336" Y="392" T="0" Pressure="0"/>
        <Point X="336" Y="391" T="0" Pressure="0"/>
        <Point X="337" Y="389" T="0" Pressure="0"/>
    </Stroke>
</Gesture>
