<?xml version="1.0" ?>
<Gesture Name="half_note~08" Subject="1" Number="8" NumPts="125" InputType="stylus" Speed="MEDIUM">
    <Stroke index="1">
        <Point X="432" Y="189" T="0" Pressure="0"/>
        <Point X="430" Y="189" T="0" Pressure="0"/>
        <Point X="430" Y="190" T="0" Pressure="0"/>
        <Point X="430" Y="191" T="0" Pressure="0"/>
        <Point X="430" Y="192" T="0" Pressure="0"/>
        <Point X="430" Y="194" T="0" Pressure="0"/>
        <Point X="430" Y="195" T="0" Pressure="0"/>
        <Point X="430" Y="198" T="0" Pressure="0"/>
        <Point X="431" Y="201" T="0" Pressure="0"/>
        <Point X="432" Y="204" T="0" Pressure="0"/>
        <Point X="433" Y="213" T="0" Pressure="0"/>
        <Point X="433" Y="217" T="0" Pressure="0"/>
        <Point X="434" Y="222" T="0" Pressure="0"/>
        <Point X="435" Y="227" T="0" Pressure="0"/>
        <Point X="436" Y="233" T="0" Pressure="0"/>
        <Point X="437" Y="239" T="0" Pressure="0"/>
        <Point X="437" Y="244" T="0" Pressure="0"/>
        <Point X="439" Y="249" T="0" Pressure="0"/>
        <Point X="440" Y="254" T="0" Pressure="0"/>
        <Point X="440" Y="259" T="0" Pressure="0"/>
        <Point X="441" Y="264" T="0" Pressure="0"/>
        <Point X="443" Y="270" T="0" Pressure="0"/>
        <Point X="444" Y="274" T="0" Pressure="0"/>
        <Point X="445" Y="278" T="0" Pressure="0"/>
        <Point X="445" Y="283" T="0" Pressure="0"/>
        <Point X="447" Y="287" T="0" Pressure="0"/>
        <Point X="447" Y="291" T="0" Pressure="0"/>
        <Point X="448" Y="295" T="0" Pressure="0"/>
        <Point X="448" Y="298" T="0" Pressure="0"/>
        <Point X="448" Y="301" T="0" Pressure="0"/>
        <Point X="449" Y="304" T="0" Pressure="0"/>
        <Point X="449" Y="307" T="0" Pressure="0"/>
        <Point X="449" Y="309" T="0" Pressure="0"/>
        <Point X="450" Y="311" T="0" Pressure="0"/>
        <Point X="451" Y="314" T="0" Pressure="0"/>
        <Point X="451" Y="315" T="0" Pressure="0"/>
        <Point X="452" Y="316" T="0" Pressure="0"/>
        <Point X="452" Y="317" T="0" Pressure="0"/>
        <Point X="451" Y="317" T="0" Pressure="0"/>
        <Point X="451" Y="318" T="0" Pressure="0"/>
        <Point X="450" Y="318" T="0" Pressure="0"/>
        <Point X="449" Y="318" T="0" Pressure="0"/>
    </Stroke>
    <Stroke index="2">
        <Point X="445" Y="322" T="0" Pressure="0"/>
        <Point X="444" Y="321" T="0" Pressure="0"/>
        <Point X="444" Y="320" T="0" Pressure="0"/>
        <Point X="444" Y="319" T="0" Pressure="0"/>
        <Point X="444" Y="318" T="0" Pressure="0"/>
        <Point X="443" Y="318" T="0" Pressure="0"/>
        <Point X="443" Y="317" T="0" Pressure="0"/>
        <Point X="443" Y="315" T="0" Pressure="0"/>
        <Point X="442" Y="314" T="0" Pressure="0"/>
        <Point X="442" Y="313" T="0" Pressure="0"/>
        <Point X="441" Y="312" T="0" Pressure="0"/>
        <Point X="440" Y="311" T="0" Pressure="0"/>
        <Point X="440" Y="308" T="0" Pressure="0"/>
        <Point X="439" Y="307" T="0" Pressure="0"/>
        <Point X="437" Y="306" T="0" Pressure="0"/>
        <Point X="436" Y="304" T="0" Pressure="0"/>
        <Point X="434" Y="302" T="0" Pressure="0"/>
        <Point X="432" Y="301" T="0" Pressure="0"/>
        <Point X="430" Y="300" T="0" Pressure="0"/>
        <Point X="428" Y="298" T="0" Pressure="0"/>
        <Point X="425" Y="298" T="0" Pressure="0"/>
        <Point X="422" Y="298" T="0" Pressure="0"/>
        <Point X="419" Y="297" T="0" Pressure="0"/>
        <Point X="417" Y="297" T="0" Pressure="0"/>
        <Point X="414" Y="297" T="0" Pressure="0"/>
        <Point X="410" Y="298" T="0" Pressure="0"/>
        <Point X="408" Y="299" T="0" Pressure="0"/>
        <Point X="406" Y="300" T="0" Pressure="0"/>
        <Point X="399" Y="302" T="0" Pressure="0"/>
        <Point X="397" Y="304" T="0" Pressure="0"/>
        <Point X="391" Y="308" T="0" Pressure="0"/>
        <Point X="389" Y="311" T="0" Pressure="0"/>
        <Point X="387" Y="313" T="0" Pressure="0"/>
        <Point X="384" Y="315" T="0" Pressure="0"/>
        <Point X="383" Y="318" T="0" Pressure="0"/>
        <Point X="380" Y="321" T="0" Pressure="0"/>
        <Point X="378" Y="324" T="0" Pressure="0"/>
        <Point X="376" Y="327" T="0" Pressure="0"/>
        <Point X="376" Y="330" T="0" Pressure="0"/>
        <Point X="374" Y="333" T="0" Pressure="0"/>
        <Point X="373" Y="336" T="0" Pressure="0"/>
        <Point X="373" Y="340" T="0" Pressure="0"/>
        <Point X="373" Y="342" T="0" Pressure="0"/>
        <Point X="373" Y="344" T="0" Pressure="0"/>
        <Point X="374" Y="347" T="0" Pressure="0"/>
        <Point X="374" Y="349" T="0" Pressure="0"/>
        <Point X="376" Y="352" T="0" Pressure="0"/>
        <Point X="377" Y="355" T="0" Pressure="0"/>
        <Point X="378" Y="357" T="0" Pressure="0"/>
        <Point X="380" Y="359" T="0" Pressure="0"/>
        <Point X="381" Y="361" T="0" Pressure="0"/>
        <Point X="383" Y="363" T="0" Pressure="0"/>
        <Point X="385" Y="365" T="0" Pressure="0"/>
        <Point X="388" Y="367" T="0" Pressure="0"/>
        <Point X="389" Y="368" T="0" Pressure="0"/>
        <Point X="391" Y="369" T="0" Pressure="0"/>
        <Point X="394" Y="369" T="0" Pressure="0"/>
        <Point X="396" Y="370" T="0" Pressure="0"/>
        <Point X="399" Y="371" T="0" Pressure="0"/>
        <Point X="402" Y="371" T="0" Pressure="0"/>
        <Point X="404" Y="371" T="0" Pressure="0"/>
        <Point X="407" Y="371" T="0" Pressure="0"/>
        <Point X="410" Y="370" T="0" Pressure="0"/>
        <Point X="413" Y="369" T="0" Pressure="0"/>
        <Point X="415" Y="368" T="0" Pressure="0"/>
        <Point X="419" Y="367" T="0" Pressure="0"/>
        <Point X="422" Y="365" T="0" Pressure="0"/>
        <Point X="426" Y="363" T="0" Pressure="0"/>
        <Point X="429" Y="361" T="0" Pressure="0"/>
        <Point X="433" Y="359" T="0" Pressure="0"/>
        <Point X="436" Y="357" T="0" Pressure="0"/>
        <Point X="440" Y="355" T="0" Pressure="0"/>
        <Point X="442" Y="352" T="0" Pressure="0"/>
        <Point X="444" Y="351" T="0" Pressure="0"/>
        <Point X="447" Y="348" T="0" Pressure="0"/>
        <Point X="449" Y="346" T="0" Pressure="0"/>
        <Point X="452" Y="344" T="0" Pressure="0"/>
        <Point X="453" Y="342" T="0" Pressure="0"/>
        <Point X="455" Y="340" T="0" Pressure="0"/>
        <Point X="455" Y="339" T="0" Pressure="0"/>
        <Point X="456" Y="338" T="0" Pressure="0"/>
        <Point X="456" Y="336" T="0" Pressure="0"/>
        <Point X="456" Y="334" T="0" Pressure="0"/>
    </Stroke>
</Gesture>
