<?xml version="1.0" ?>
<Gesture Name="H~05" Subject="1" Number="5" NumPts="81" InputType="stylus" Speed="MEDIUM">
    <Stroke index="1">
        <Point X="310" Y="201" T="0" Pressure="0"/>
        <Point X="309" Y="199" T="0" Pressure="0"/>
        <Point X="308" Y="198" T="0" Pressure="0"/>
        <Point X="306" Y="198" T="0" Pressure="0"/>
        <Point X="306" Y="197" T="0" Pressure="0"/>
        <Point X="305" Y="198" T="0" Pressure="0"/>
        <Point X="305" Y="199" T="0" Pressure="0"/>
        <Point X="305" Y="201" T="0" Pressure="0"/>
        <Point X="305" Y="203" T="0" Pressure="0"/>
        <Point X="305" Y="205" T="0" Pressure="0"/>
        <Point X="305" Y="208" T="0" Pressure="0"/>
        <Point X="305" Y="211" T="0" Pressure="0"/>
        <Point X="305" Y="214" T="0" Pressure="0"/>
        <Point X="305" Y="219" T="0" Pressure="0"/>
        <Point X="305" Y="223" T="0" Pressure="0"/>
        <Point X="305" Y="228" T="0" Pressure="0"/>
        <Point X="305" Y="235" T="0" Pressure="0"/>
        <Point X="305" Y="242" T="0" Pressure="0"/>
        <Point X="304" Y="257" T="0" Pressure="0"/>
        <Point X="303" Y="263" T="0" Pressure="0"/>
        <Point X="302" Y="270" T="0" Pressure="0"/>
        <Point X="301" Y="283" T="0" Pressure="0"/>
        <Point X="301" Y="290" T="0" Pressure="0"/>
        <Point X="300" Y="296" T="0" Pressure="0"/>
        <Point X="300" Y="301" T="0" Pressure="0"/>
        <Point X="299" Y="306" T="0" Pressure="0"/>
        <Point X="299" Y="309" T="0" Pressure="0"/>
        <Point X="299" Y="313" T="0" Pressure="0"/>
        <Point X="298" Y="319" T="0" Pressure="0"/>
        <Point X="298" Y="320" T="0" Pressure="0"/>
        <Point X="298" Y="322" T="0" Pressure="0"/>
        <Point X="298" Y="323" T="0" Pressure="0"/>
        <Point X="298" Y="324" T="0" Pressure="0"/>
    </Stroke>
    <Stroke index="2">
        <Point X="304" Y="257" T="0" Pressure="0"/>
        <Point X="305" Y="257" T="0" Pressure="0"/>
        <Point X="306" Y="257" T="0" Pressure="0"/>
        <Point X="307" Y="256" T="0" Pressure="0"/>
        <Point X="309" Y="256" T="0" Pressure="0"/>
        <Point X="310" Y="256" T="0" Pressure="0"/>
        <Point X="313" Y="255" T="0" Pressure="0"/>
        <Point X="317" Y="254" T="0" Pressure="0"/>
        <Point X="322" Y="254" T="0" Pressure="0"/>
        <Point X="328" Y="253" T="0" Pressure="0"/>
        <Point X="332" Y="252" T="0" Pressure="0"/>
        <Point X="344" Y="251" T="0" Pressure="0"/>
        <Point X="350" Y="251" T="0" Pressure="0"/>
        <Point X="355" Y="251" T="0" Pressure="0"/>
        <Point X="373" Y="251" T="0" Pressure="0"/>
        <Point X="384" Y="251" T="0" Pressure="0"/>
        <Point X="388" Y="251" T="0" Pressure="0"/>
        <Point X="394" Y="251" T="0" Pressure="0"/>
    </Stroke>
    <Stroke index="3">
        <Point X="418" Y="193" T="0" Pressure="0"/>
        <Point X="418" Y="191" T="0" Pressure="0"/>
        <Point X="418" Y="193" T="0" Pressure="0"/>
        <Point X="418" Y="194" T="0" Pressure="0"/>
        <Point X="418" Y="196" T="0" Pressure="0"/>
        <Point X="418" Y="198" T="0" Pressure="0"/>
        <Point X="418" Y="201" T="0" Pressure="0"/>
        <Point X="418" Y="204" T="0" Pressure="0"/>
        <Point X="418" Y="208" T="0" Pressure="0"/>
        <Point X="418" Y="218" T="0" Pressure="0"/>
        <Point X="417" Y="224" T="0" Pressure="0"/>
        <Point X="417" Y="230" T="0" Pressure="0"/>
        <Point X="415" Y="244" T="0" Pressure="0"/>
        <Point X="414" Y="251" T="0" Pressure="0"/>
        <Point X="413" Y="259" T="0" Pressure="0"/>
        <Point X="411" Y="268" T="0" Pressure="0"/>
        <Point X="410" Y="274" T="0" Pressure="0"/>
        <Point X="409" Y="288" T="0" Pressure="0"/>
        <Point X="408" Y="294" T="0" Pressure="0"/>
        <Point X="408" Y="300" T="0" Pressure="0"/>
        <Point X="408" Y="306" T="0" Pressure="0"/>
        <Point X="408" Y="310" T="0" Pressure="0"/>
        <Point X="408" Y="318" T="0" Pressure="0"/>
        <Point X="408" Y="320" T="0" Pressure="0"/>
        <Point X="408" Y="322" T="0" Pressure="0"/>
        <Point X="408" Y="326" T="0" Pressure="0"/>
        <Point X="408" Y="327" T="0" Pressure="0"/>
        <Point X="408" Y="328" T="0" Pressure="0"/>
        <Point X="408" Y="329" T="0" Pressure="0"/>
        <Point X="409" Y="329" T="0" Pressure="0"/>
    </Stroke>
</Gesture>
