<?xml version="1.0" ?>
<Gesture Name="N~03" Subject="1" Number="3" NumPts="111" InputType="stylus" Speed="MEDIUM">
    <Stroke index="1">
        <Point X="346" Y="242" T="0" Pressure="0"/>
        <Point X="345" Y="245" T="0" Pressure="0"/>
        <Point X="344" Y="247" T="0" Pressure="0"/>
        <Point X="344" Y="250" T="0" Pressure="0"/>
        <Point X="344" Y="253" T="0" Pressure="0"/>
        <Point X="344" Y="257" T="0" Pressure="0"/>
        <Point X="344" Y="263" T="0" Pressure="0"/>
        <Point X="344" Y="273" T="0" Pressure="0"/>
        <Point X="344" Y="279" T="0" Pressure="0"/>
        <Point X="344" Y="286" T="0" Pressure="0"/>
        <Point X="344" Y="299" T="0" Pressure="0"/>
        <Point X="344" Y="306" T="0" Pressure="0"/>
        <Point X="344" Y="313" T="0" Pressure="0"/>
        <Point X="344" Y="319" T="0" Pressure="0"/>
        <Point X="344" Y="326" T="0" Pressure="0"/>
        <Point X="345" Y="332" T="0" Pressure="0"/>
        <Point X="345" Y="339" T="0" Pressure="0"/>
        <Point X="345" Y="344" T="0" Pressure="0"/>
        <Point X="346" Y="349" T="0" Pressure="0"/>
        <Point X="346" Y="355" T="0" Pressure="0"/>
        <Point X="346" Y="359" T="0" Pressure="0"/>
        <Point X="346" Y="363" T="0" Pressure="0"/>
        <Point X="347" Y="367" T="0" Pressure="0"/>
        <Point X="347" Y="369" T="0" Pressure="0"/>
        <Point X="347" Y="372" T="0" Pressure="0"/>
        <Point X="347" Y="374" T="0" Pressure="0"/>
        <Point X="348" Y="376" T="0" Pressure="0"/>
        <Point X="348" Y="378" T="0" Pressure="0"/>
        <Point X="349" Y="380" T="0" Pressure="0"/>
        <Point X="349" Y="381" T="0" Pressure="0"/>
        <Point X="349" Y="382" T="0" Pressure="0"/>
    </Stroke>
    <Stroke index="2">
        <Point X="345" Y="253" T="0" Pressure="0"/>
        <Point X="345" Y="251" T="0" Pressure="0"/>
        <Point X="343" Y="251" T="0" Pressure="0"/>
        <Point X="343" Y="249" T="0" Pressure="0"/>
        <Point X="343" Y="248" T="0" Pressure="0"/>
        <Point X="343" Y="247" T="0" Pressure="0"/>
        <Point X="344" Y="247" T="0" Pressure="0"/>
        <Point X="345" Y="247" T="0" Pressure="0"/>
        <Point X="346" Y="248" T="0" Pressure="0"/>
        <Point X="347" Y="249" T="0" Pressure="0"/>
        <Point X="349" Y="251" T="0" Pressure="0"/>
        <Point X="350" Y="252" T="0" Pressure="0"/>
        <Point X="353" Y="255" T="0" Pressure="0"/>
        <Point X="355" Y="257" T="0" Pressure="0"/>
        <Point X="358" Y="260" T="0" Pressure="0"/>
        <Point X="360" Y="263" T="0" Pressure="0"/>
        <Point X="363" Y="267" T="0" Pressure="0"/>
        <Point X="366" Y="271" T="0" Pressure="0"/>
        <Point X="370" Y="277" T="0" Pressure="0"/>
        <Point X="373" Y="283" T="0" Pressure="0"/>
        <Point X="377" Y="289" T="0" Pressure="0"/>
        <Point X="380" Y="295" T="0" Pressure="0"/>
        <Point X="384" Y="301" T="0" Pressure="0"/>
        <Point X="387" Y="307" T="0" Pressure="0"/>
        <Point X="391" Y="314" T="0" Pressure="0"/>
        <Point X="394" Y="318" T="0" Pressure="0"/>
        <Point X="396" Y="323" T="0" Pressure="0"/>
        <Point X="399" Y="327" T="0" Pressure="0"/>
        <Point X="403" Y="332" T="0" Pressure="0"/>
        <Point X="406" Y="335" T="0" Pressure="0"/>
        <Point X="410" Y="339" T="0" Pressure="0"/>
        <Point X="413" Y="341" T="0" Pressure="0"/>
        <Point X="415" Y="343" T="0" Pressure="0"/>
        <Point X="418" Y="345" T="0" Pressure="0"/>
        <Point X="421" Y="347" T="0" Pressure="0"/>
        <Point X="423" Y="349" T="0" Pressure="0"/>
        <Point X="425" Y="351" T="0" Pressure="0"/>
        <Point X="427" Y="352" T="0" Pressure="0"/>
        <Point X="430" Y="354" T="0" Pressure="0"/>
        <Point X="432" Y="355" T="0" Pressure="0"/>
        <Point X="433" Y="355" T="0" Pressure="0"/>
        <Point X="434" Y="355" T="0" Pressure="0"/>
    </Stroke>
    <Stroke index="3">
        <Point X="439" Y="243" T="0" Pressure="0"/>
        <Point X="437" Y="241" T="0" Pressure="0"/>
        <Point X="436" Y="239" T="0" Pressure="0"/>
        <Point X="435" Y="238" T="0" Pressure="0"/>
        <Point X="434" Y="238" T="0" Pressure="0"/>
        <Point X="434" Y="239" T="0" Pressure="0"/>
        <Point X="434" Y="240" T="0" Pressure="0"/>
        <Point X="434" Y="242" T="0" Pressure="0"/>
        <Point X="434" Y="243" T="0" Pressure="0"/>
        <Point X="434" Y="245" T="0" Pressure="0"/>
        <Point X="434" Y="248" T="0" Pressure="0"/>
        <Point X="434" Y="251" T="0" Pressure="0"/>
        <Point X="434" Y="254" T="0" Pressure="0"/>
        <Point X="433" Y="258" T="0" Pressure="0"/>
        <Point X="433" Y="262" T="0" Pressure="0"/>
        <Point X="433" Y="267" T="0" Pressure="0"/>
        <Point X="432" Y="277" T="0" Pressure="0"/>
        <Point X="432" Y="284" T="0" Pressure="0"/>
        <Point X="431" Y="291" T="0" Pressure="0"/>
        <Point X="430" Y="303" T="0" Pressure="0"/>
        <Point X="430" Y="309" T="0" Pressure="0"/>
        <Point X="430" Y="316" T="0" Pressure="0"/>
        <Point X="430" Y="326" T="0" Pressure="0"/>
        <Point X="430" Y="329" T="0" Pressure="0"/>
        <Point X="430" Y="333" T="0" Pressure="0"/>
        <Point X="430" Y="340" T="0" Pressure="0"/>
        <Point X="430" Y="343" T="0" Pressure="0"/>
        <Point X="431" Y="345" T="0" Pressure="0"/>
        <Point X="432" Y="348" T="0" Pressure="0"/>
        <Point X="432" Y="350" T="0" Pressure="0"/>
        <Point X="433" Y="351" T="0" Pressure="0"/>
        <Point X="433" Y="352" T="0" Pressure="0"/>
        <Point X="433" Y="353" T="0" Pressure="0"/>
        <Point X="433" Y="354" T="0" Pressure="0"/>
        <Point X="432" Y="354" T="0" Pressure="0"/>
        <Point X="432" Y="355" T="0" Pressure="0"/>
        <Point X="431" Y="356" T="0" Pressure="0"/>
        <Point X="430" Y="356" T="0" Pressure="0"/>
    </Stroke>
</Gesture>
