<?xml version="1.0" ?>
<Gesture Name="null~07" Subject="1" Number="7" NumPts="113" InputType="stylus" Speed="MEDIUM">
    <Stroke index="1">
        <Point X="382" Y="286" T="0" Pressure="0"/>
        <Point X="381" Y="284" T="0" Pressure="0"/>
        <Point X="380" Y="283" T="0" Pressure="0"/>
        <Point X="379" Y="283" T="0" Pressure="0"/>
        <Point X="378" Y="283" T="0" Pressure="0"/>
        <Point X="376" Y="283" T="0" Pressure="0"/>
        <Point X="375" Y="283" T="0" Pressure="0"/>
        <Point X="374" Y="283" T="0" Pressure="0"/>
        <Point X="372" Y="286" T="0" Pressure="0"/>
        <Point X="370" Y="288" T="0" Pressure="0"/>
        <Point X="369" Y="289" T="0" Pressure="0"/>
        <Point X="368" Y="291" T="0" Pressure="0"/>
        <Point X="366" Y="293" T="0" Pressure="0"/>
        <Point X="365" Y="295" T="0" Pressure="0"/>
        <Point X="363" Y="298" T="0" Pressure="0"/>
        <Point X="361" Y="301" T="0" Pressure="0"/>
        <Point X="360" Y="304" T="0" Pressure="0"/>
        <Point X="358" Y="308" T="0" Pressure="0"/>
        <Point X="357" Y="316" T="0" Pressure="0"/>
        <Point X="356" Y="319" T="0" Pressure="0"/>
        <Point X="356" Y="323" T="0" Pressure="0"/>
        <Point X="355" Y="327" T="0" Pressure="0"/>
        <Point X="355" Y="332" T="0" Pressure="0"/>
        <Point X="355" Y="337" T="0" Pressure="0"/>
        <Point X="357" Y="340" T="0" Pressure="0"/>
        <Point X="358" Y="344" T="0" Pressure="0"/>
        <Point X="358" Y="347" T="0" Pressure="0"/>
        <Point X="361" Y="351" T="0" Pressure="0"/>
        <Point X="362" Y="354" T="0" Pressure="0"/>
        <Point X="364" Y="357" T="0" Pressure="0"/>
        <Point X="369" Y="361" T="0" Pressure="0"/>
        <Point X="371" Y="363" T="0" Pressure="0"/>
        <Point X="373" Y="364" T="0" Pressure="0"/>
        <Point X="376" Y="366" T="0" Pressure="0"/>
        <Point X="379" Y="367" T="0" Pressure="0"/>
        <Point X="381" Y="367" T="0" Pressure="0"/>
        <Point X="384" Y="367" T="0" Pressure="0"/>
        <Point X="387" Y="367" T="0" Pressure="0"/>
        <Point X="390" Y="366" T="0" Pressure="0"/>
        <Point X="394" Y="365" T="0" Pressure="0"/>
        <Point X="398" Y="364" T="0" Pressure="0"/>
        <Point X="402" Y="362" T="0" Pressure="0"/>
        <Point X="406" Y="360" T="0" Pressure="0"/>
        <Point X="410" Y="358" T="0" Pressure="0"/>
        <Point X="417" Y="353" T="0" Pressure="0"/>
        <Point X="420" Y="352" T="0" Pressure="0"/>
        <Point X="422" Y="349" T="0" Pressure="0"/>
        <Point X="425" Y="347" T="0" Pressure="0"/>
        <Point X="427" Y="345" T="0" Pressure="0"/>
        <Point X="429" Y="343" T="0" Pressure="0"/>
        <Point X="431" Y="339" T="0" Pressure="0"/>
        <Point X="432" Y="337" T="0" Pressure="0"/>
        <Point X="433" Y="333" T="0" Pressure="0"/>
        <Point X="434" Y="329" T="0" Pressure="0"/>
        <Point X="434" Y="326" T="0" Pressure="0"/>
        <Point X="435" Y="322" T="0" Pressure="0"/>
        <Point X="435" Y="318" T="0" Pressure="0"/>
        <Point X="435" Y="314" T="0" Pressure="0"/>
        <Point X="434" Y="309" T="0" Pressure="0"/>
        <Point X="433" Y="306" T="0" Pressure="0"/>
        <Point X="432" Y="301" T="0" Pressure="0"/>
        <Point X="430" Y="297" T="0" Pressure="0"/>
        <Point X="428" Y="293" T="0" Pressure="0"/>
        <Point X="425" Y="291" T="0" Pressure="0"/>
        <Point X="423" Y="288" T="0" Pressure="0"/>
        <Point X="420" Y="286" T="0" Pressure="0"/>
        <Point X="417" Y="284" T="0" Pressure="0"/>
        <Point X="414" Y="283" T="0" Pressure="0"/>
        <Point X="410" Y="283" T="0" Pressure="0"/>
        <Point X="398" Y="283" T="0" Pressure="0"/>
        <Point X="394" Y="285" T="0" Pressure="0"/>
        <Point X="389" Y="286" T="0" Pressure="0"/>
        <Point X="384" Y="288" T="0" Pressure="0"/>
        <Point X="380" Y="290" T="0" Pressure="0"/>
        <Point X="373" Y="293" T="0" Pressure="0"/>
    </Stroke>
    <Stroke index="2">
        <Point X="444" Y="254" T="0" Pressure="0"/>
        <Point X="444" Y="253" T="0" Pressure="0"/>
        <Point X="444" Y="251" T="0" Pressure="0"/>
        <Point X="444" Y="250" T="0" Pressure="0"/>
        <Point X="444" Y="249" T="0" Pressure="0"/>
        <Point X="444" Y="251" T="0" Pressure="0"/>
        <Point X="443" Y="253" T="0" Pressure="0"/>
        <Point X="441" Y="256" T="0" Pressure="0"/>
        <Point X="437" Y="261" T="0" Pressure="0"/>
        <Point X="435" Y="264" T="0" Pressure="0"/>
        <Point X="433" Y="268" T="0" Pressure="0"/>
        <Point X="425" Y="276" T="0" Pressure="0"/>
        <Point X="422" Y="281" T="0" Pressure="0"/>
        <Point X="418" Y="286" T="0" Pressure="0"/>
        <Point X="413" Y="292" T="0" Pressure="0"/>
        <Point X="407" Y="298" T="0" Pressure="0"/>
        <Point X="402" Y="304" T="0" Pressure="0"/>
        <Point X="396" Y="312" T="0" Pressure="0"/>
        <Point X="387" Y="323" T="0" Pressure="0"/>
        <Point X="382" Y="329" T="0" Pressure="0"/>
        <Point X="377" Y="335" T="0" Pressure="0"/>
        <Point X="373" Y="341" T="0" Pressure="0"/>
        <Point X="368" Y="346" T="0" Pressure="0"/>
        <Point X="361" Y="355" T="0" Pressure="0"/>
        <Point X="357" Y="359" T="0" Pressure="0"/>
        <Point X="350" Y="367" T="0" Pressure="0"/>
        <Point X="347" Y="371" T="0" Pressure="0"/>
        <Point X="345" Y="374" T="0" Pressure="0"/>
        <Point X="343" Y="378" T="0" Pressure="0"/>
        <Point X="340" Y="382" T="0" Pressure="0"/>
        <Point X="339" Y="386" T="0" Pressure="0"/>
        <Point X="335" Y="392" T="0" Pressure="0"/>
        <Point X="335" Y="394" T="0" Pressure="0"/>
        <Point X="334" Y="396" T="0" Pressure="0"/>
        <Point X="333" Y="398" T="0" Pressure="0"/>
        <Point X="331" Y="401" T="0" Pressure="0"/>
        <Point X="331" Y="402" T="0" Pressure="0"/>
        <Point X="330" Y="403" T="0" Pressure="0"/>
    </Stroke>
</Gesture>
