<?xml version="1.0" ?>
<Gesture Name="arrowhead~04" Subject="1" Number="4" NumPts="99" InputType="stylus" Speed="MEDIUM">
    <Stroke index="1">
        <Point X="330" Y="368" T="0" Pressure="0"/>
        <Point X="331" Y="368" T="0" Pressure="0"/>
        <Point X="331" Y="367" T="0" Pressure="0"/>
        <Point X="332" Y="367" T="0" Pressure="0"/>
        <Point X="334" Y="367" T="0" Pressure="0"/>
        <Point X="335" Y="367" T="0" Pressure="0"/>
        <Point X="338" Y="366" T="0" Pressure="0"/>
        <Point X="341" Y="366" T="0" Pressure="0"/>
        <Point X="345" Y="366" T="0" Pressure="0"/>
        <Point X="350" Y="366" T="0" Pressure="0"/>
        <Point X="354" Y="366" T="0" Pressure="0"/>
        <Point X="361" Y="366" T="0" Pressure="0"/>
        <Point X="366" Y="366" T="0" Pressure="0"/>
        <Point X="373" Y="366" T="0" Pressure="0"/>
        <Point X="379" Y="367" T="0" Pressure="0"/>
        <Point X="385" Y="367" T="0" Pressure="0"/>
        <Point X="391" Y="367" T="0" Pressure="0"/>
        <Point X="396" Y="368" T="0" Pressure="0"/>
        <Point X="403" Y="368" T="0" Pressure="0"/>
        <Point X="409" Y="368" T="0" Pressure="0"/>
        <Point X="415" Y="368" T="0" Pressure="0"/>
        <Point X="421" Y="368" T="0" Pressure="0"/>
        <Point X="426" Y="368" T="0" Pressure="0"/>
        <Point X="432" Y="368" T="0" Pressure="0"/>
        <Point X="437" Y="368" T="0" Pressure="0"/>
        <Point X="442" Y="368" T="0" Pressure="0"/>
        <Point X="447" Y="368" T="0" Pressure="0"/>
        <Point X="451" Y="368" T="0" Pressure="0"/>
        <Point X="454" Y="368" T="0" Pressure="0"/>
        <Point X="458" Y="368" T="0" Pressure="0"/>
        <Point X="460" Y="368" T="0" Pressure="0"/>
        <Point X="463" Y="369" T="0" Pressure="0"/>
        <Point X="466" Y="369" T="0" Pressure="0"/>
        <Point X="467" Y="369" T="0" Pressure="0"/>
        <Point X="468" Y="369" T="0" Pressure="0"/>
        <Point X="469" Y="370" T="0" Pressure="0"/>
        <Point X="470" Y="370" T="0" Pressure="0"/>
        <Point X="469" Y="370" T="0" Pressure="0"/>
        <Point X="468" Y="370" T="0" Pressure="0"/>
        <Point X="467" Y="369" T="0" Pressure="0"/>
        <Point X="466" Y="369" T="0" Pressure="0"/>
        <Point X="464" Y="368" T="0" Pressure="0"/>
        <Point X="463" Y="368" T="0" Pressure="0"/>
    </Stroke>
    <Stroke index="2">
        <Point X="463" Y="345" T="0" Pressure="0"/>
        <Point X="462" Y="344" T="0" Pressure="0"/>
        <Point X="461" Y="343" T="0" Pressure="0"/>
        <Point X="460" Y="343" T="0" Pressure="0"/>
        <Point X="460" Y="342" T="0" Pressure="0"/>
        <Point X="459" Y="342" T="0" Pressure="0"/>
        <Point X="459" Y="343" T="0" Pressure="0"/>
        <Point X="460" Y="343" T="0" Pressure="0"/>
        <Point X="460" Y="344" T="0" Pressure="0"/>
        <Point X="462" Y="345" T="0" Pressure="0"/>
        <Point X="463" Y="346" T="0" Pressure="0"/>
        <Point X="463" Y="347" T="0" Pressure="0"/>
        <Point X="464" Y="348" T="0" Pressure="0"/>
        <Point X="466" Y="349" T="0" Pressure="0"/>
        <Point X="468" Y="352" T="0" Pressure="0"/>
        <Point X="470" Y="353" T="0" Pressure="0"/>
        <Point X="471" Y="355" T="0" Pressure="0"/>
        <Point X="473" Y="356" T="0" Pressure="0"/>
        <Point X="475" Y="358" T="0" Pressure="0"/>
        <Point X="477" Y="360" T="0" Pressure="0"/>
        <Point X="480" Y="363" T="0" Pressure="0"/>
        <Point X="482" Y="365" T="0" Pressure="0"/>
        <Point X="485" Y="367" T="0" Pressure="0"/>
        <Point X="487" Y="369" T="0" Pressure="0"/>
        <Point X="489" Y="371" T="0" Pressure="0"/>
        <Point X="490" Y="373" T="0" Pressure="0"/>
        <Point X="493" Y="376" T="0" Pressure="0"/>
        <Point X="493" Y="378" T="0" Pressure="0"/>
        <Point X="494" Y="380" T="0" Pressure="0"/>
        <Point X="494" Y="381" T="0" Pressure="0"/>
        <Point X="494" Y="382" T="0" Pressure="0"/>
        <Point X="494" Y="383" T="0" Pressure="0"/>
        <Point X="494" Y="385" T="0" Pressure="0"/>
        <Point X="494" Y="387" T="0" Pressure="0"/>
        <Point X="493" Y="388" T="0" Pressure="0"/>
        <Point X="492" Y="389" T="0" Pressure="0"/>
        <Point X="491" Y="390" T="0" Pressure="0"/>
        <Point X="488" Y="392" T="0" Pressure="0"/>
        <Point X="486" Y="393" T="0" Pressure="0"/>
        <Point X="485" Y="393" T="0" Pressure="0"/>
        <Point X="482" Y="394" T="0" Pressure="0"/>
        <Point X="480" Y="395" T="0" Pressure="0"/>
        <Point X="478" Y="395" T="0" Pressure="0"/>
        <Point X="474" Y="396" T="0" Pressure="0"/>
        <Point X="472" Y="397" T="0" Pressure="0"/>
        <Point X="470" Y="398" T="0" Pressure="0"/>
        <Point X="467" Y="398" T="0" Pressure="0"/>
        <Point X="465" Y="399" T="0" Pressure="0"/>
        <Point X="463" Y="400" T="0" Pressure="0"/>
        <Point X="461" Y="400" T="0" Pressure="0"/>
        <Point X="459" Y="401" T="0" Pressure="0"/>
        <Point X="457" Y="401" T="0" Pressure="0"/>
        <Point X="456" Y="402" T="0" Pressure="0"/>
        <Point X="455" Y="403" T="0" Pressure="0"/>
        <Point X="455" Y="405" T="0" Pressure="0"/>
        <Point X="454" Y="406" T="0" Pressure="0"/>
    </Stroke>
</Gesture>
