<?xml version="1.0" ?>
<Gesture Name="X~07" Subject="1" Number="7" NumPts="48" InputType="stylus" Speed="MEDIUM">
    <Stroke index="1">
        <Point X="334" Y="276" T="0" Pressure="0"/>
        <Point X="335" Y="277" T="0" Pressure="0"/>
        <Point X="336" Y="278" T="0" Pressure="0"/>
        <Point X="339" Y="279" T="0" Pressure="0"/>
        <Point X="340" Y="281" T="0" Pressure="0"/>
        <Point X="343" Y="283" T="0" Pressure="0"/>
        <Point X="346" Y="286" T="0" Pressure="0"/>
        <Point X="350" Y="289" T="0" Pressure="0"/>
        <Point X="354" Y="293" T="0" Pressure="0"/>
        <Point X="359" Y="296" T="0" Pressure="0"/>
        <Point X="364" Y="301" T="0" Pressure="0"/>
        <Point X="368" Y="306" T="0" Pressure="0"/>
        <Point X="373" Y="311" T="0" Pressure="0"/>
        <Point X="377" Y="316" T="0" Pressure="0"/>
        <Point X="387" Y="327" T="0" Pressure="0"/>
        <Point X="392" Y="333" T="0" Pressure="0"/>
        <Point X="396" Y="339" T="0" Pressure="0"/>
        <Point X="406" Y="351" T="0" Pressure="0"/>
        <Point X="411" Y="356" T="0" Pressure="0"/>
        <Point X="415" Y="361" T="0" Pressure="0"/>
    </Stroke>
    <Stroke index="2">
        <Point X="433" Y="272" T="0" Pressure="0"/>
        <Point X="432" Y="271" T="0" Pressure="0"/>
        <Point X="430" Y="271" T="0" Pressure="0"/>
        <Point X="429" Y="270" T="0" Pressure="0"/>
        <Point X="428" Y="270" T="0" Pressure="0"/>
        <Point X="426" Y="271" T="0" Pressure="0"/>
        <Point X="425" Y="272" T="0" Pressure="0"/>
        <Point X="422" Y="274" T="0" Pressure="0"/>
        <Point X="420" Y="276" T="0" Pressure="0"/>
        <Point X="414" Y="283" T="0" Pressure="0"/>
        <Point X="410" Y="287" T="0" Pressure="0"/>
        <Point X="407" Y="292" T="0" Pressure="0"/>
        <Point X="402" Y="297" T="0" Pressure="0"/>
        <Point X="397" Y="302" T="0" Pressure="0"/>
        <Point X="392" Y="308" T="0" Pressure="0"/>
        <Point X="387" Y="315" T="0" Pressure="0"/>
        <Point X="382" Y="321" T="0" Pressure="0"/>
        <Point X="377" Y="328" T="0" Pressure="0"/>
        <Point X="372" Y="336" T="0" Pressure="0"/>
        <Point X="367" Y="343" T="0" Pressure="0"/>
        <Point X="362" Y="351" T="0" Pressure="0"/>
        <Point X="358" Y="358" T="0" Pressure="0"/>
        <Point X="354" Y="366" T="0" Pressure="0"/>
        <Point X="349" Y="372" T="0" Pressure="0"/>
        <Point X="345" Y="381" T="0" Pressure="0"/>
        <Point X="343" Y="387" T="0" Pressure="0"/>
        <Point X="339" Y="393" T="0" Pressure="0"/>
        <Point X="338" Y="397" T="0" Pressure="0"/>
    </Stroke>
</Gesture>
