<?xml version="1.0" ?>
<Gesture Name="H~07" Subject="1" Number="7" NumPts="83" InputType="stylus" Speed="MEDIUM">
    <Stroke index="1">
        <Point X="311" Y="232" T="0" Pressure="0"/>
        <Point X="309" Y="233" T="0" Pressure="0"/>
        <Point X="309" Y="234" T="0" Pressure="0"/>
        <Point X="308" Y="239" T="0" Pressure="0"/>
        <Point X="308" Y="243" T="0" Pressure="0"/>
        <Point X="307" Y="246" T="0" Pressure="0"/>
        <Point X="307" Y="251" T="0" Pressure="0"/>
        <Point X="306" Y="257" T="0" Pressure="0"/>
        <Point X="305" Y="269" T="0" Pressure="0"/>
        <Point X="305" Y="275" T="0" Pressure="0"/>
        <Point X="305" Y="282" T="0" Pressure="0"/>
        <Point X="304" Y="296" T="0" Pressure="0"/>
        <Point X="304" Y="303" T="0" Pressure="0"/>
        <Point X="303" Y="310" T="0" Pressure="0"/>
        <Point X="302" Y="318" T="0" Pressure="0"/>
        <Point X="302" Y="332" T="0" Pressure="0"/>
        <Point X="302" Y="337" T="0" Pressure="0"/>
        <Point X="304" Y="351" T="0" Pressure="0"/>
        <Point X="304" Y="354" T="0" Pressure="0"/>
        <Point X="305" Y="357" T="0" Pressure="0"/>
        <Point X="305" Y="361" T="0" Pressure="0"/>
        <Point X="306" Y="362" T="0" Pressure="0"/>
        <Point X="306" Y="363" T="0" Pressure="0"/>
        <Point X="307" Y="363" T="0" Pressure="0"/>
    </Stroke>
    <Stroke index="2">
        <Point X="300" Y="318" T="0" Pressure="0"/>
        <Point X="300" Y="317" T="0" Pressure="0"/>
        <Point X="300" Y="316" T="0" Pressure="0"/>
        <Point X="299" Y="314" T="0" Pressure="0"/>
        <Point X="299" Y="313" T="0" Pressure="0"/>
        <Point X="300" Y="312" T="0" Pressure="0"/>
        <Point X="302" Y="311" T="0" Pressure="0"/>
        <Point X="304" Y="311" T="0" Pressure="0"/>
        <Point X="306" Y="310" T="0" Pressure="0"/>
        <Point X="309" Y="309" T="0" Pressure="0"/>
        <Point X="313" Y="309" T="0" Pressure="0"/>
        <Point X="317" Y="308" T="0" Pressure="0"/>
        <Point X="322" Y="308" T="0" Pressure="0"/>
        <Point X="327" Y="308" T="0" Pressure="0"/>
        <Point X="331" Y="307" T="0" Pressure="0"/>
        <Point X="336" Y="307" T="0" Pressure="0"/>
        <Point X="342" Y="307" T="0" Pressure="0"/>
        <Point X="347" Y="307" T="0" Pressure="0"/>
        <Point X="353" Y="307" T="0" Pressure="0"/>
        <Point X="357" Y="307" T="0" Pressure="0"/>
        <Point X="361" Y="306" T="0" Pressure="0"/>
        <Point X="366" Y="306" T="0" Pressure="0"/>
        <Point X="371" Y="306" T="0" Pressure="0"/>
        <Point X="375" Y="306" T="0" Pressure="0"/>
        <Point X="380" Y="305" T="0" Pressure="0"/>
        <Point X="384" Y="304" T="0" Pressure="0"/>
    </Stroke>
    <Stroke index="3">
        <Point X="399" Y="240" T="0" Pressure="0"/>
        <Point X="399" Y="239" T="0" Pressure="0"/>
        <Point X="398" Y="238" T="0" Pressure="0"/>
        <Point X="398" Y="237" T="0" Pressure="0"/>
        <Point X="397" Y="236" T="0" Pressure="0"/>
        <Point X="398" Y="238" T="0" Pressure="0"/>
        <Point X="398" Y="239" T="0" Pressure="0"/>
        <Point X="398" Y="244" T="0" Pressure="0"/>
        <Point X="398" Y="248" T="0" Pressure="0"/>
        <Point X="398" Y="252" T="0" Pressure="0"/>
        <Point X="398" Y="261" T="0" Pressure="0"/>
        <Point X="398" Y="267" T="0" Pressure="0"/>
        <Point X="397" Y="272" T="0" Pressure="0"/>
        <Point X="396" Y="279" T="0" Pressure="0"/>
        <Point X="395" Y="293" T="0" Pressure="0"/>
        <Point X="394" Y="299" T="0" Pressure="0"/>
        <Point X="392" Y="312" T="0" Pressure="0"/>
        <Point X="392" Y="317" T="0" Pressure="0"/>
        <Point X="392" Y="322" T="0" Pressure="0"/>
        <Point X="391" Y="331" T="0" Pressure="0"/>
        <Point X="391" Y="335" T="0" Pressure="0"/>
        <Point X="391" Y="339" T="0" Pressure="0"/>
        <Point X="391" Y="343" T="0" Pressure="0"/>
        <Point X="391" Y="350" T="0" Pressure="0"/>
        <Point X="391" Y="352" T="0" Pressure="0"/>
        <Point X="391" Y="356" T="0" Pressure="0"/>
        <Point X="391" Y="357" T="0" Pressure="0"/>
        <Point X="391" Y="359" T="0" Pressure="0"/>
        <Point X="392" Y="361" T="0" Pressure="0"/>
        <Point X="392" Y="362" T="0" Pressure="0"/>
        <Point X="393" Y="363" T="0" Pressure="0"/>
        <Point X="393" Y="364" T="0" Pressure="0"/>
        <Point X="393" Y="365" T="0" Pressure="0"/>
    </Stroke>
</Gesture>
