<?xml version="1.0" ?>
<Gesture Name="arrowhead~10" Subject="1" Number="10" NumPts="75" InputType="stylus" Speed="MEDIUM">
    <Stroke index="1">
        <Point X="319" Y="394" T="0" Pressure="0"/>
        <Point X="319" Y="393" T="0" Pressure="0"/>
        <Point X="320" Y="393" T="0" Pressure="0"/>
        <Point X="321" Y="392" T="0" Pressure="0"/>
        <Point X="323" Y="392" T="0" Pressure="0"/>
        <Point X="324" Y="391" T="0" Pressure="0"/>
        <Point X="327" Y="391" T="0" Pressure="0"/>
        <Point X="330" Y="391" T="0" Pressure="0"/>
        <Point X="333" Y="390" T="0" Pressure="0"/>
        <Point X="338" Y="390" T="0" Pressure="0"/>
        <Point X="342" Y="390" T="0" Pressure="0"/>
        <Point X="352" Y="389" T="0" Pressure="0"/>
        <Point X="358" Y="389" T="0" Pressure="0"/>
        <Point X="364" Y="388" T="0" Pressure="0"/>
        <Point X="370" Y="388" T="0" Pressure="0"/>
        <Point X="376" Y="387" T="0" Pressure="0"/>
        <Point X="382" Y="387" T="0" Pressure="0"/>
        <Point X="388" Y="386" T="0" Pressure="0"/>
        <Point X="400" Y="386" T="0" Pressure="0"/>
        <Point X="407" Y="386" T="0" Pressure="0"/>
        <Point X="413" Y="385" T="0" Pressure="0"/>
        <Point X="418" Y="385" T="0" Pressure="0"/>
        <Point X="424" Y="385" T="0" Pressure="0"/>
        <Point X="429" Y="385" T="0" Pressure="0"/>
        <Point X="433" Y="385" T="0" Pressure="0"/>
        <Point X="441" Y="385" T="0" Pressure="0"/>
        <Point X="444" Y="385" T="0" Pressure="0"/>
        <Point X="448" Y="385" T="0" Pressure="0"/>
        <Point X="451" Y="385" T="0" Pressure="0"/>
        <Point X="452" Y="385" T="0" Pressure="0"/>
        <Point X="455" Y="385" T="0" Pressure="0"/>
        <Point X="456" Y="386" T="0" Pressure="0"/>
        <Point X="457" Y="386" T="0" Pressure="0"/>
        <Point X="456" Y="386" T="0" Pressure="0"/>
        <Point X="455" Y="386" T="0" Pressure="0"/>
    </Stroke>
    <Stroke index="2">
        <Point X="441" Y="371" T="0" Pressure="0"/>
        <Point X="441" Y="370" T="0" Pressure="0"/>
        <Point X="440" Y="369" T="0" Pressure="0"/>
        <Point X="440" Y="368" T="0" Pressure="0"/>
        <Point X="441" Y="368" T="0" Pressure="0"/>
        <Point X="442" Y="368" T="0" Pressure="0"/>
        <Point X="443" Y="369" T="0" Pressure="0"/>
        <Point X="444" Y="369" T="0" Pressure="0"/>
        <Point X="446" Y="370" T="0" Pressure="0"/>
        <Point X="448" Y="371" T="0" Pressure="0"/>
        <Point X="449" Y="371" T="0" Pressure="0"/>
        <Point X="451" Y="372" T="0" Pressure="0"/>
        <Point X="453" Y="373" T="0" Pressure="0"/>
        <Point X="455" Y="374" T="0" Pressure="0"/>
        <Point X="457" Y="376" T="0" Pressure="0"/>
        <Point X="459" Y="377" T="0" Pressure="0"/>
        <Point X="461" Y="378" T="0" Pressure="0"/>
        <Point X="463" Y="380" T="0" Pressure="0"/>
        <Point X="466" Y="382" T="0" Pressure="0"/>
        <Point X="467" Y="383" T="0" Pressure="0"/>
        <Point X="468" Y="385" T="0" Pressure="0"/>
        <Point X="469" Y="386" T="0" Pressure="0"/>
        <Point X="470" Y="388" T="0" Pressure="0"/>
        <Point X="470" Y="390" T="0" Pressure="0"/>
        <Point X="470" Y="391" T="0" Pressure="0"/>
        <Point X="470" Y="393" T="0" Pressure="0"/>
        <Point X="468" Y="393" T="0" Pressure="0"/>
        <Point X="467" Y="395" T="0" Pressure="0"/>
        <Point X="466" Y="396" T="0" Pressure="0"/>
        <Point X="463" Y="397" T="0" Pressure="0"/>
        <Point X="461" Y="398" T="0" Pressure="0"/>
        <Point X="459" Y="400" T="0" Pressure="0"/>
        <Point X="456" Y="401" T="0" Pressure="0"/>
        <Point X="453" Y="401" T="0" Pressure="0"/>
        <Point X="451" Y="402" T="0" Pressure="0"/>
        <Point X="448" Y="403" T="0" Pressure="0"/>
        <Point X="445" Y="403" T="0" Pressure="0"/>
        <Point X="443" Y="405" T="0" Pressure="0"/>
        <Point X="440" Y="405" T="0" Pressure="0"/>
        <Point X="439" Y="406" T="0" Pressure="0"/>
    </Stroke>
</Gesture>
