<?xml version="1.0" ?>
<Gesture Name="X~01" Subject="1" Number="1" NumPts="60" InputType="stylus" Speed="MEDIUM">
    <Stroke index="1">
        <Point X="335" Y="188" T="0" Pressure="0"/>
        <Point X="334" Y="187" T="0" Pressure="0"/>
        <Point X="333" Y="187" T="0" Pressure="0"/>
        <Point X="334" Y="187" T="0" Pressure="0"/>
        <Point X="335" Y="187" T="0" Pressure="0"/>
        <Point X="336" Y="188" T="0" Pressure="0"/>
        <Point X="338" Y="188" T="0" Pressure="0"/>
        <Point X="339" Y="189" T="0" Pressure="0"/>
        <Point X="342" Y="190" T="0" Pressure="0"/>
        <Point X="343" Y="192" T="0" Pressure="0"/>
        <Point X="346" Y="193" T="0" Pressure="0"/>
        <Point X="354" Y="198" T="0" Pressure="0"/>
        <Point X="358" Y="201" T="0" Pressure="0"/>
        <Point X="363" Y="206" T="0" Pressure="0"/>
        <Point X="369" Y="211" T="0" Pressure="0"/>
        <Point X="375" Y="216" T="0" Pressure="0"/>
        <Point X="382" Y="222" T="0" Pressure="0"/>
        <Point X="388" Y="228" T="0" Pressure="0"/>
        <Point X="393" Y="234" T="0" Pressure="0"/>
        <Point X="399" Y="239" T="0" Pressure="0"/>
        <Point X="404" Y="245" T="0" Pressure="0"/>
        <Point X="410" Y="251" T="0" Pressure="0"/>
        <Point X="416" Y="257" T="0" Pressure="0"/>
        <Point X="421" Y="261" T="0" Pressure="0"/>
        <Point X="426" Y="266" T="0" Pressure="0"/>
        <Point X="430" Y="270" T="0" Pressure="0"/>
        <Point X="435" Y="274" T="0" Pressure="0"/>
        <Point X="439" Y="277" T="0" Pressure="0"/>
        <Point X="442" Y="281" T="0" Pressure="0"/>
        <Point X="444" Y="283" T="0" Pressure="0"/>
        <Point X="447" Y="286" T="0" Pressure="0"/>
        <Point X="448" Y="288" T="0" Pressure="0"/>
        <Point X="449" Y="290" T="0" Pressure="0"/>
    </Stroke>
    <Stroke index="2">
        <Point X="437" Y="178" T="0" Pressure="0"/>
        <Point X="436" Y="178" T="0" Pressure="0"/>
        <Point X="433" Y="178" T="0" Pressure="0"/>
        <Point X="431" Y="178" T="0" Pressure="0"/>
        <Point X="429" Y="179" T="0" Pressure="0"/>
        <Point X="428" Y="181" T="0" Pressure="0"/>
        <Point X="425" Y="183" T="0" Pressure="0"/>
        <Point X="423" Y="186" T="0" Pressure="0"/>
        <Point X="420" Y="189" T="0" Pressure="0"/>
        <Point X="413" Y="197" T="0" Pressure="0"/>
        <Point X="409" Y="202" T="0" Pressure="0"/>
        <Point X="403" Y="208" T="0" Pressure="0"/>
        <Point X="399" Y="215" T="0" Pressure="0"/>
        <Point X="393" Y="222" T="0" Pressure="0"/>
        <Point X="388" Y="231" T="0" Pressure="0"/>
        <Point X="381" Y="241" T="0" Pressure="0"/>
        <Point X="375" Y="250" T="0" Pressure="0"/>
        <Point X="369" Y="261" T="0" Pressure="0"/>
        <Point X="364" Y="271" T="0" Pressure="0"/>
        <Point X="358" Y="283" T="0" Pressure="0"/>
        <Point X="353" Y="294" T="0" Pressure="0"/>
        <Point X="347" Y="306" T="0" Pressure="0"/>
        <Point X="343" Y="316" T="0" Pressure="0"/>
        <Point X="340" Y="325" T="0" Pressure="0"/>
        <Point X="334" Y="343" T="0" Pressure="0"/>
        <Point X="331" Y="350" T="0" Pressure="0"/>
        <Point X="328" Y="356" T="0" Pressure="0"/>
    </Stroke>
</Gesture>
