<?xml version="1.0" ?>
<Gesture Name="D~05" Subject="1" Number="5" NumPts="98" InputType="stylus" Speed="MEDIUM">
    <Stroke index="1">
        <Point X="410" Y="297" T="0" Pressure="0"/>
        <Point X="409" Y="294" T="0" Pressure="0"/>
        <Point X="408" Y="292" T="0" Pressure="0"/>
        <Point X="408" Y="291" T="0" Pressure="0"/>
        <Point X="409" Y="290" T="0" Pressure="0"/>
        <Point X="410" Y="291" T="0" Pressure="0"/>
        <Point X="410" Y="292" T="0" Pressure="0"/>
        <Point X="410" Y="294" T="0" Pressure="0"/>
        <Point X="411" Y="296" T="0" Pressure="0"/>
        <Point X="413" Y="301" T="0" Pressure="0"/>
        <Point X="413" Y="304" T="0" Pressure="0"/>
        <Point X="414" Y="312" T="0" Pressure="0"/>
        <Point X="414" Y="316" T="0" Pressure="0"/>
        <Point X="414" Y="320" T="0" Pressure="0"/>
        <Point X="415" Y="325" T="0" Pressure="0"/>
        <Point X="415" Y="331" T="0" Pressure="0"/>
        <Point X="415" Y="336" T="0" Pressure="0"/>
        <Point X="415" Y="341" T="0" Pressure="0"/>
        <Point X="415" Y="345" T="0" Pressure="0"/>
        <Point X="415" Y="349" T="0" Pressure="0"/>
        <Point X="415" Y="353" T="0" Pressure="0"/>
        <Point X="415" Y="357" T="0" Pressure="0"/>
        <Point X="415" Y="363" T="0" Pressure="0"/>
        <Point X="414" Y="365" T="0" Pressure="0"/>
        <Point X="414" Y="367" T="0" Pressure="0"/>
        <Point X="414" Y="370" T="0" Pressure="0"/>
        <Point X="414" Y="371" T="0" Pressure="0"/>
        <Point X="414" Y="372" T="0" Pressure="0"/>
        <Point X="413" Y="373" T="0" Pressure="0"/>
        <Point X="413" Y="374" T="0" Pressure="0"/>
        <Point X="413" Y="376" T="0" Pressure="0"/>
        <Point X="413" Y="377" T="0" Pressure="0"/>
        <Point X="412" Y="377" T="0" Pressure="0"/>
        <Point X="412" Y="378" T="0" Pressure="0"/>
    </Stroke>
    <Stroke index="2">
        <Point X="403" Y="295" T="0" Pressure="0"/>
        <Point X="402" Y="294" T="0" Pressure="0"/>
        <Point X="402" Y="293" T="0" Pressure="0"/>
        <Point X="402" Y="291" T="0" Pressure="0"/>
        <Point X="402" Y="290" T="0" Pressure="0"/>
        <Point X="402" Y="288" T="0" Pressure="0"/>
        <Point X="403" Y="287" T="0" Pressure="0"/>
        <Point X="404" Y="286" T="0" Pressure="0"/>
        <Point X="406" Y="286" T="0" Pressure="0"/>
        <Point X="407" Y="284" T="0" Pressure="0"/>
        <Point X="410" Y="284" T="0" Pressure="0"/>
        <Point X="412" Y="284" T="0" Pressure="0"/>
        <Point X="414" Y="283" T="0" Pressure="0"/>
        <Point X="417" Y="283" T="0" Pressure="0"/>
        <Point X="420" Y="283" T="0" Pressure="0"/>
        <Point X="424" Y="283" T="0" Pressure="0"/>
        <Point X="428" Y="283" T="0" Pressure="0"/>
        <Point X="432" Y="283" T="0" Pressure="0"/>
        <Point X="436" Y="283" T="0" Pressure="0"/>
        <Point X="440" Y="284" T="0" Pressure="0"/>
        <Point X="444" Y="285" T="0" Pressure="0"/>
        <Point X="448" Y="286" T="0" Pressure="0"/>
        <Point X="452" Y="287" T="0" Pressure="0"/>
        <Point X="456" Y="289" T="0" Pressure="0"/>
        <Point X="459" Y="291" T="0" Pressure="0"/>
        <Point X="463" Y="293" T="0" Pressure="0"/>
        <Point X="466" Y="295" T="0" Pressure="0"/>
        <Point X="471" Y="301" T="0" Pressure="0"/>
        <Point X="474" Y="304" T="0" Pressure="0"/>
        <Point X="477" Y="308" T="0" Pressure="0"/>
        <Point X="478" Y="312" T="0" Pressure="0"/>
        <Point X="479" Y="316" T="0" Pressure="0"/>
        <Point X="480" Y="320" T="0" Pressure="0"/>
        <Point X="481" Y="324" T="0" Pressure="0"/>
        <Point X="481" Y="329" T="0" Pressure="0"/>
        <Point X="479" Y="337" T="0" Pressure="0"/>
        <Point X="478" Y="341" T="0" Pressure="0"/>
        <Point X="477" Y="344" T="0" Pressure="0"/>
        <Point X="475" Y="348" T="0" Pressure="0"/>
        <Point X="473" Y="352" T="0" Pressure="0"/>
        <Point X="470" Y="356" T="0" Pressure="0"/>
        <Point X="461" Y="365" T="0" Pressure="0"/>
        <Point X="458" Y="368" T="0" Pressure="0"/>
        <Point X="455" Y="370" T="0" Pressure="0"/>
        <Point X="452" Y="372" T="0" Pressure="0"/>
        <Point X="449" Y="373" T="0" Pressure="0"/>
        <Point X="447" Y="375" T="0" Pressure="0"/>
        <Point X="444" Y="376" T="0" Pressure="0"/>
        <Point X="440" Y="377" T="0" Pressure="0"/>
        <Point X="437" Y="379" T="0" Pressure="0"/>
        <Point X="434" Y="380" T="0" Pressure="0"/>
        <Point X="431" Y="381" T="0" Pressure="0"/>
        <Point X="428" Y="381" T="0" Pressure="0"/>
        <Point X="425" Y="382" T="0" Pressure="0"/>
        <Point X="422" Y="382" T="0" Pressure="0"/>
        <Point X="418" Y="382" T="0" Pressure="0"/>
        <Point X="416" Y="382" T="0" Pressure="0"/>
        <Point X="414" Y="382" T="0" Pressure="0"/>
        <Point X="411" Y="382" T="0" Pressure="0"/>
        <Point X="410" Y="381" T="0" Pressure="0"/>
        <Point X="407" Y="380" T="0" Pressure="0"/>
        <Point X="406" Y="380" T="0" Pressure="0"/>
        <Point X="406" Y="379" T="0" Pressure="0"/>
        <Point X="406" Y="378" T="0" Pressure="0"/>
    </Stroke>
</Gesture>
