<?xml version="1.0" ?>
<Gesture Name="I~06" Subject="1" Number="6" NumPts="120" InputType="stylus" Speed="MEDIUM">
    <Stroke index="1">
        <Point X="349" Y="249" T="0" Pressure="0"/>
        <Point X="349" Y="246" T="0" Pressure="0"/>
        <Point X="350" Y="245" T="0" Pressure="0"/>
        <Point X="353" Y="244" T="0" Pressure="0"/>
        <Point X="355" Y="243" T="0" Pressure="0"/>
        <Point X="362" Y="242" T="0" Pressure="0"/>
        <Point X="366" Y="241" T="0" Pressure="0"/>
        <Point X="372" Y="239" T="0" Pressure="0"/>
        <Point X="376" Y="238" T="0" Pressure="0"/>
        <Point X="383" Y="237" T="0" Pressure="0"/>
        <Point X="389" Y="235" T="0" Pressure="0"/>
        <Point X="395" Y="233" T="0" Pressure="0"/>
        <Point X="403" Y="232" T="0" Pressure="0"/>
        <Point X="409" Y="231" T="0" Pressure="0"/>
        <Point X="415" Y="229" T="0" Pressure="0"/>
        <Point X="421" Y="228" T="0" Pressure="0"/>
        <Point X="427" Y="227" T="0" Pressure="0"/>
        <Point X="438" Y="226" T="0" Pressure="0"/>
        <Point X="443" Y="225" T="0" Pressure="0"/>
        <Point X="447" Y="224" T="0" Pressure="0"/>
        <Point X="451" Y="224" T="0" Pressure="0"/>
        <Point X="455" Y="223" T="0" Pressure="0"/>
        <Point X="458" Y="223" T="0" Pressure="0"/>
        <Point X="460" Y="222" T="0" Pressure="0"/>
        <Point X="463" Y="222" T="0" Pressure="0"/>
        <Point X="464" Y="222" T="0" Pressure="0"/>
        <Point X="464" Y="223" T="0" Pressure="0"/>
        <Point X="463" Y="224" T="0" Pressure="0"/>
        <Point X="462" Y="225" T="0" Pressure="0"/>
        <Point X="459" Y="226" T="0" Pressure="0"/>
    </Stroke>
    <Stroke index="2">
        <Point X="419" Y="239" T="0" Pressure="0"/>
        <Point X="419" Y="240" T="0" Pressure="0"/>
        <Point X="420" Y="241" T="0" Pressure="0"/>
        <Point X="421" Y="243" T="0" Pressure="0"/>
        <Point X="421" Y="244" T="0" Pressure="0"/>
        <Point X="422" Y="246" T="0" Pressure="0"/>
        <Point X="422" Y="248" T="0" Pressure="0"/>
        <Point X="422" Y="254" T="0" Pressure="0"/>
        <Point X="422" Y="258" T="0" Pressure="0"/>
        <Point X="422" Y="263" T="0" Pressure="0"/>
        <Point X="422" Y="267" T="0" Pressure="0"/>
        <Point X="422" Y="271" T="0" Pressure="0"/>
        <Point X="421" Y="275" T="0" Pressure="0"/>
        <Point X="421" Y="279" T="0" Pressure="0"/>
        <Point X="420" Y="283" T="0" Pressure="0"/>
        <Point X="419" Y="288" T="0" Pressure="0"/>
        <Point X="419" Y="292" T="0" Pressure="0"/>
        <Point X="418" Y="295" T="0" Pressure="0"/>
        <Point X="418" Y="298" T="0" Pressure="0"/>
        <Point X="418" Y="301" T="0" Pressure="0"/>
        <Point X="418" Y="304" T="0" Pressure="0"/>
        <Point X="418" Y="308" T="0" Pressure="0"/>
        <Point X="418" Y="309" T="0" Pressure="0"/>
        <Point X="419" Y="311" T="0" Pressure="0"/>
        <Point X="419" Y="313" T="0" Pressure="0"/>
        <Point X="419" Y="314" T="0" Pressure="0"/>
        <Point X="419" Y="315" T="0" Pressure="0"/>
        <Point X="419" Y="317" T="0" Pressure="0"/>
        <Point X="420" Y="318" T="0" Pressure="0"/>
        <Point X="420" Y="319" T="0" Pressure="0"/>
        <Point X="421" Y="320" T="0" Pressure="0"/>
        <Point X="421" Y="321" T="0" Pressure="0"/>
        <Point X="422" Y="324" T="0" Pressure="0"/>
        <Point X="423" Y="324" T="0" Pressure="0"/>
        <Point X="423" Y="325" T="0" Pressure="0"/>
        <Point X="424" Y="325" T="0" Pressure="0"/>
        <Point X="424" Y="326" T="0" Pressure="0"/>
        <Point X="424" Y="327" T="0" Pressure="0"/>
        <Point X="424" Y="328" T="0" Pressure="0"/>
        <Point X="424" Y="329" T="0" Pressure="0"/>
        <Point X="423" Y="331" T="0" Pressure="0"/>
        <Point X="423" Y="332" T="0" Pressure="0"/>
        <Point X="422" Y="333" T="0" Pressure="0"/>
        <Point X="422" Y="335" T="0" Pressure="0"/>
    </Stroke>
    <Stroke index="3">
        <Point X="354" Y="365" T="0" Pressure="0"/>
        <Point X="353" Y="364" T="0" Pressure="0"/>
        <Point X="352" Y="362" T="0" Pressure="0"/>
        <Point X="352" Y="361" T="0" Pressure="0"/>
        <Point X="352" Y="360" T="0" Pressure="0"/>
        <Point X="353" Y="360" T="0" Pressure="0"/>
        <Point X="354" Y="360" T="0" Pressure="0"/>
        <Point X="356" Y="359" T="0" Pressure="0"/>
        <Point X="358" Y="359" T="0" Pressure="0"/>
        <Point X="361" Y="358" T="0" Pressure="0"/>
        <Point X="364" Y="358" T="0" Pressure="0"/>
        <Point X="366" Y="357" T="0" Pressure="0"/>
        <Point X="370" Y="357" T="0" Pressure="0"/>
        <Point X="375" Y="356" T="0" Pressure="0"/>
        <Point X="380" Y="355" T="0" Pressure="0"/>
        <Point X="386" Y="354" T="0" Pressure="0"/>
        <Point X="392" Y="353" T="0" Pressure="0"/>
        <Point X="398" Y="351" T="0" Pressure="0"/>
        <Point X="404" Y="351" T="0" Pressure="0"/>
        <Point X="410" Y="349" T="0" Pressure="0"/>
        <Point X="416" Y="348" T="0" Pressure="0"/>
        <Point X="422" Y="347" T="0" Pressure="0"/>
        <Point X="429" Y="346" T="0" Pressure="0"/>
        <Point X="434" Y="345" T="0" Pressure="0"/>
        <Point X="440" Y="343" T="0" Pressure="0"/>
        <Point X="444" Y="343" T="0" Pressure="0"/>
        <Point X="449" Y="342" T="0" Pressure="0"/>
        <Point X="455" Y="340" T="0" Pressure="0"/>
        <Point X="459" Y="339" T="0" Pressure="0"/>
        <Point X="463" Y="338" T="0" Pressure="0"/>
        <Point X="467" Y="338" T="0" Pressure="0"/>
        <Point X="470" Y="337" T="0" Pressure="0"/>
        <Point X="473" Y="336" T="0" Pressure="0"/>
        <Point X="474" Y="336" T="0" Pressure="0"/>
        <Point X="477" Y="335" T="0" Pressure="0"/>
        <Point X="478" Y="335" T="0" Pressure="0"/>
        <Point X="479" Y="335" T="0" Pressure="0"/>
        <Point X="480" Y="335" T="0" Pressure="0"/>
        <Point X="479" Y="335" T="0" Pressure="0"/>
        <Point X="478" Y="335" T="0" Pressure="0"/>
        <Point X="477" Y="335" T="0" Pressure="0"/>
        <Point X="475" Y="336" T="0" Pressure="0"/>
        <Point X="474" Y="337" T="0" Pressure="0"/>
        <Point X="473" Y="337" T="0" Pressure="0"/>
        <Point X="470" Y="338" T="0" Pressure="0"/>
        <Point X="469" Y="339" T="0" Pressure="0"/>
    </Stroke>
</Gesture>
