<?xml version="1.0" ?>
<Gesture Name="N~08" Subject="1" Number="8" NumPts="102" InputType="stylus" Speed="MEDIUM">
    <Stroke index="1">
        <Point X="343" Y="269" T="0" Pressure="0"/>
        <Point X="341" Y="268" T="0" Pressure="0"/>
        <Point X="340" Y="268" T="0" Pressure="0"/>
        <Point X="340" Y="269" T="0" Pressure="0"/>
        <Point X="340" Y="271" T="0" Pressure="0"/>
        <Point X="340" Y="273" T="0" Pressure="0"/>
        <Point X="340" Y="276" T="0" Pressure="0"/>
        <Point X="340" Y="279" T="0" Pressure="0"/>
        <Point X="341" Y="283" T="0" Pressure="0"/>
        <Point X="342" Y="298" T="0" Pressure="0"/>
        <Point X="342" Y="309" T="0" Pressure="0"/>
        <Point X="342" Y="316" T="0" Pressure="0"/>
        <Point X="342" Y="321" T="0" Pressure="0"/>
        <Point X="342" Y="334" T="0" Pressure="0"/>
        <Point X="342" Y="339" T="0" Pressure="0"/>
        <Point X="342" Y="343" T="0" Pressure="0"/>
        <Point X="342" Y="352" T="0" Pressure="0"/>
        <Point X="342" Y="356" T="0" Pressure="0"/>
        <Point X="343" Y="360" T="0" Pressure="0"/>
        <Point X="343" Y="362" T="0" Pressure="0"/>
        <Point X="343" Y="366" T="0" Pressure="0"/>
        <Point X="343" Y="367" T="0" Pressure="0"/>
        <Point X="343" Y="369" T="0" Pressure="0"/>
        <Point X="343" Y="370" T="0" Pressure="0"/>
        <Point X="343" Y="371" T="0" Pressure="0"/>
        <Point X="343" Y="370" T="0" Pressure="0"/>
        <Point X="343" Y="369" T="0" Pressure="0"/>
        <Point X="343" Y="368" T="0" Pressure="0"/>
        <Point X="343" Y="366" T="0" Pressure="0"/>
        <Point X="343" Y="364" T="0" Pressure="0"/>
        <Point X="343" Y="362" T="0" Pressure="0"/>
    </Stroke>
    <Stroke index="2">
        <Point X="339" Y="277" T="0" Pressure="0"/>
        <Point X="338" Y="276" T="0" Pressure="0"/>
        <Point X="338" Y="274" T="0" Pressure="0"/>
        <Point X="338" Y="273" T="0" Pressure="0"/>
        <Point X="338" Y="271" T="0" Pressure="0"/>
        <Point X="339" Y="271" T="0" Pressure="0"/>
        <Point X="340" Y="271" T="0" Pressure="0"/>
        <Point X="340" Y="272" T="0" Pressure="0"/>
        <Point X="342" Y="273" T="0" Pressure="0"/>
        <Point X="343" Y="274" T="0" Pressure="0"/>
        <Point X="344" Y="276" T="0" Pressure="0"/>
        <Point X="347" Y="279" T="0" Pressure="0"/>
        <Point X="349" Y="281" T="0" Pressure="0"/>
        <Point X="350" Y="284" T="0" Pressure="0"/>
        <Point X="355" Y="290" T="0" Pressure="0"/>
        <Point X="358" Y="293" T="0" Pressure="0"/>
        <Point X="361" Y="297" T="0" Pressure="0"/>
        <Point X="368" Y="307" T="0" Pressure="0"/>
        <Point X="372" Y="312" T="0" Pressure="0"/>
        <Point X="375" Y="318" T="0" Pressure="0"/>
        <Point X="383" Y="329" T="0" Pressure="0"/>
        <Point X="387" Y="333" T="0" Pressure="0"/>
        <Point X="390" Y="338" T="0" Pressure="0"/>
        <Point X="398" Y="347" T="0" Pressure="0"/>
        <Point X="401" Y="351" T="0" Pressure="0"/>
        <Point X="405" Y="355" T="0" Pressure="0"/>
        <Point X="411" Y="360" T="0" Pressure="0"/>
        <Point X="414" Y="363" T="0" Pressure="0"/>
        <Point X="417" Y="365" T="0" Pressure="0"/>
        <Point X="422" Y="368" T="0" Pressure="0"/>
        <Point X="425" Y="369" T="0" Pressure="0"/>
        <Point X="427" Y="370" T="0" Pressure="0"/>
        <Point X="430" Y="371" T="0" Pressure="0"/>
        <Point X="432" Y="371" T="0" Pressure="0"/>
        <Point X="433" Y="371" T="0" Pressure="0"/>
        <Point X="435" Y="371" T="0" Pressure="0"/>
        <Point X="436" Y="370" T="0" Pressure="0"/>
    </Stroke>
    <Stroke index="3">
        <Point X="422" Y="276" T="0" Pressure="0"/>
        <Point X="421" Y="275" T="0" Pressure="0"/>
        <Point X="420" Y="274" T="0" Pressure="0"/>
        <Point X="419" Y="273" T="0" Pressure="0"/>
        <Point X="419" Y="274" T="0" Pressure="0"/>
        <Point X="419" Y="275" T="0" Pressure="0"/>
        <Point X="419" Y="276" T="0" Pressure="0"/>
        <Point X="419" Y="278" T="0" Pressure="0"/>
        <Point X="419" Y="281" T="0" Pressure="0"/>
        <Point X="419" Y="283" T="0" Pressure="0"/>
        <Point X="419" Y="286" T="0" Pressure="0"/>
        <Point X="420" Y="289" T="0" Pressure="0"/>
        <Point X="421" Y="293" T="0" Pressure="0"/>
        <Point X="422" Y="301" T="0" Pressure="0"/>
        <Point X="423" Y="306" T="0" Pressure="0"/>
        <Point X="424" Y="311" T="0" Pressure="0"/>
        <Point X="425" Y="316" T="0" Pressure="0"/>
        <Point X="425" Y="320" T="0" Pressure="0"/>
        <Point X="426" Y="325" T="0" Pressure="0"/>
        <Point X="428" Y="330" T="0" Pressure="0"/>
        <Point X="429" Y="334" T="0" Pressure="0"/>
        <Point X="429" Y="338" T="0" Pressure="0"/>
        <Point X="432" Y="345" T="0" Pressure="0"/>
        <Point X="432" Y="349" T="0" Pressure="0"/>
        <Point X="433" Y="353" T="0" Pressure="0"/>
        <Point X="433" Y="358" T="0" Pressure="0"/>
        <Point X="434" Y="361" T="0" Pressure="0"/>
        <Point X="434" Y="363" T="0" Pressure="0"/>
        <Point X="435" Y="367" T="0" Pressure="0"/>
        <Point X="436" Y="368" T="0" Pressure="0"/>
        <Point X="436" Y="369" T="0" Pressure="0"/>
        <Point X="436" Y="371" T="0" Pressure="0"/>
        <Point X="436" Y="372" T="0" Pressure="0"/>
        <Point X="436" Y="373" T="0" Pressure="0"/>
    </Stroke>
</Gesture>
