<?xml version="1.0" ?>
<Gesture Name="five_point_star~09" Subject="1" Number="9" NumPts="157" InputType="stylus" Speed="MEDIUM">
    <Stroke index="1">
        <Point X="332" Y="372" T="0" Pressure="0"/>
        <Point X="329" Y="372" T="0" Pressure="0"/>
        <Point X="328" Y="372" T="0" Pressure="0"/>
        <Point X="327" Y="371" T="0" Pressure="0"/>
        <Point X="325" Y="369" T="0" Pressure="0"/>
        <Point X="325" Y="368" T="0" Pressure="0"/>
        <Point X="331" Y="360" T="0" Pressure="0"/>
        <Point X="333" Y="357" T="0" Pressure="0"/>
        <Point X="335" Y="355" T="0" Pressure="0"/>
        <Point X="337" Y="352" T="0" Pressure="0"/>
        <Point X="339" Y="348" T="0" Pressure="0"/>
        <Point X="342" Y="345" T="0" Pressure="0"/>
        <Point X="345" Y="341" T="0" Pressure="0"/>
        <Point X="347" Y="337" T="0" Pressure="0"/>
        <Point X="350" Y="332" T="0" Pressure="0"/>
        <Point X="353" Y="326" T="0" Pressure="0"/>
        <Point X="356" Y="319" T="0" Pressure="0"/>
        <Point X="358" Y="314" T="0" Pressure="0"/>
        <Point X="361" Y="307" T="0" Pressure="0"/>
        <Point X="364" Y="301" T="0" Pressure="0"/>
        <Point X="366" Y="294" T="0" Pressure="0"/>
        <Point X="368" Y="288" T="0" Pressure="0"/>
        <Point X="370" Y="281" T="0" Pressure="0"/>
        <Point X="373" Y="270" T="0" Pressure="0"/>
        <Point X="375" Y="264" T="0" Pressure="0"/>
        <Point X="376" Y="260" T="0" Pressure="0"/>
        <Point X="378" Y="253" T="0" Pressure="0"/>
        <Point X="379" Y="251" T="0" Pressure="0"/>
        <Point X="379" Y="250" T="0" Pressure="0"/>
        <Point X="380" Y="249" T="0" Pressure="0"/>
        <Point X="380" Y="248" T="0" Pressure="0"/>
        <Point X="381" Y="248" T="0" Pressure="0"/>
        <Point X="381" Y="249" T="0" Pressure="0"/>
        <Point X="383" Y="249" T="0" Pressure="0"/>
        <Point X="384" Y="251" T="0" Pressure="0"/>
        <Point X="384" Y="252" T="0" Pressure="0"/>
        <Point X="386" Y="253" T="0" Pressure="0"/>
        <Point X="388" Y="255" T="0" Pressure="0"/>
        <Point X="388" Y="258" T="0" Pressure="0"/>
        <Point X="390" Y="261" T="0" Pressure="0"/>
        <Point X="391" Y="264" T="0" Pressure="0"/>
        <Point X="393" Y="267" T="0" Pressure="0"/>
        <Point X="395" Y="271" T="0" Pressure="0"/>
        <Point X="396" Y="275" T="0" Pressure="0"/>
        <Point X="399" Y="279" T="0" Pressure="0"/>
        <Point X="400" Y="283" T="0" Pressure="0"/>
        <Point X="403" Y="288" T="0" Pressure="0"/>
        <Point X="405" Y="293" T="0" Pressure="0"/>
        <Point X="407" Y="298" T="0" Pressure="0"/>
        <Point X="410" Y="303" T="0" Pressure="0"/>
        <Point X="412" Y="308" T="0" Pressure="0"/>
        <Point X="414" Y="313" T="0" Pressure="0"/>
        <Point X="417" Y="318" T="0" Pressure="0"/>
        <Point X="418" Y="323" T="0" Pressure="0"/>
        <Point X="421" Y="328" T="0" Pressure="0"/>
        <Point X="424" Y="336" T="0" Pressure="0"/>
        <Point X="425" Y="340" T="0" Pressure="0"/>
        <Point X="426" Y="343" T="0" Pressure="0"/>
        <Point X="429" Y="349" T="0" Pressure="0"/>
        <Point X="429" Y="351" T="0" Pressure="0"/>
        <Point X="429" Y="356" T="0" Pressure="0"/>
        <Point X="429" Y="357" T="0" Pressure="0"/>
        <Point X="429" Y="358" T="0" Pressure="0"/>
        <Point X="429" Y="360" T="0" Pressure="0"/>
        <Point X="428" Y="361" T="0" Pressure="0"/>
        <Point X="427" Y="361" T="0" Pressure="0"/>
        <Point X="426" Y="361" T="0" Pressure="0"/>
        <Point X="425" Y="361" T="0" Pressure="0"/>
        <Point X="424" Y="361" T="0" Pressure="0"/>
        <Point X="422" Y="360" T="0" Pressure="0"/>
        <Point X="421" Y="360" T="0" Pressure="0"/>
        <Point X="418" Y="358" T="0" Pressure="0"/>
        <Point X="417" Y="357" T="0" Pressure="0"/>
        <Point X="414" Y="356" T="0" Pressure="0"/>
        <Point X="411" Y="355" T="0" Pressure="0"/>
        <Point X="410" Y="353" T="0" Pressure="0"/>
        <Point X="407" Y="351" T="0" Pressure="0"/>
        <Point X="403" Y="349" T="0" Pressure="0"/>
        <Point X="400" Y="347" T="0" Pressure="0"/>
        <Point X="396" Y="345" T="0" Pressure="0"/>
        <Point X="391" Y="343" T="0" Pressure="0"/>
        <Point X="388" Y="341" T="0" Pressure="0"/>
        <Point X="383" Y="339" T="0" Pressure="0"/>
        <Point X="378" Y="337" T="0" Pressure="0"/>
        <Point X="373" Y="335" T="0" Pressure="0"/>
        <Point X="368" Y="333" T="0" Pressure="0"/>
        <Point X="361" Y="331" T="0" Pressure="0"/>
        <Point X="357" Y="329" T="0" Pressure="0"/>
        <Point X="352" Y="328" T="0" Pressure="0"/>
        <Point X="347" Y="327" T="0" Pressure="0"/>
        <Point X="343" Y="326" T="0" Pressure="0"/>
        <Point X="339" Y="326" T="0" Pressure="0"/>
        <Point X="335" Y="325" T="0" Pressure="0"/>
        <Point X="331" Y="324" T="0" Pressure="0"/>
        <Point X="328" Y="324" T="0" Pressure="0"/>
        <Point X="325" Y="323" T="0" Pressure="0"/>
        <Point X="323" Y="322" T="0" Pressure="0"/>
        <Point X="321" Y="322" T="0" Pressure="0"/>
        <Point X="318" Y="321" T="0" Pressure="0"/>
        <Point X="317" Y="321" T="0" Pressure="0"/>
        <Point X="317" Y="320" T="0" Pressure="0"/>
        <Point X="317" Y="319" T="0" Pressure="0"/>
        <Point X="322" Y="317" T="0" Pressure="0"/>
        <Point X="324" Y="316" T="0" Pressure="0"/>
        <Point X="328" Y="314" T="0" Pressure="0"/>
        <Point X="331" Y="312" T="0" Pressure="0"/>
        <Point X="340" Y="308" T="0" Pressure="0"/>
        <Point X="345" Y="307" T="0" Pressure="0"/>
        <Point X="350" Y="304" T="0" Pressure="0"/>
        <Point X="355" Y="301" T="0" Pressure="0"/>
        <Point X="362" Y="299" T="0" Pressure="0"/>
        <Point X="368" Y="296" T="0" Pressure="0"/>
        <Point X="374" Y="293" T="0" Pressure="0"/>
        <Point X="381" Y="291" T="0" Pressure="0"/>
        <Point X="388" Y="288" T="0" Pressure="0"/>
        <Point X="407" Y="279" T="0" Pressure="0"/>
        <Point X="413" Y="277" T="0" Pressure="0"/>
        <Point X="418" Y="274" T="0" Pressure="0"/>
        <Point X="427" Y="271" T="0" Pressure="0"/>
        <Point X="431" Y="270" T="0" Pressure="0"/>
        <Point X="434" Y="270" T="0" Pressure="0"/>
        <Point X="436" Y="269" T="0" Pressure="0"/>
        <Point X="438" Y="269" T="0" Pressure="0"/>
        <Point X="440" Y="269" T="0" Pressure="0"/>
        <Point X="441" Y="269" T="0" Pressure="0"/>
        <Point X="442" Y="269" T="0" Pressure="0"/>
        <Point X="443" Y="270" T="0" Pressure="0"/>
        <Point X="443" Y="271" T="0" Pressure="0"/>
        <Point X="443" Y="272" T="0" Pressure="0"/>
        <Point X="442" Y="274" T="0" Pressure="0"/>
        <Point X="440" Y="276" T="0" Pressure="0"/>
        <Point X="439" Y="278" T="0" Pressure="0"/>
        <Point X="434" Y="283" T="0" Pressure="0"/>
        <Point X="431" Y="286" T="0" Pressure="0"/>
        <Point X="428" Y="290" T="0" Pressure="0"/>
        <Point X="422" Y="295" T="0" Pressure="0"/>
        <Point X="418" Y="299" T="0" Pressure="0"/>
        <Point X="411" Y="307" T="0" Pressure="0"/>
        <Point X="403" Y="315" T="0" Pressure="0"/>
        <Point X="391" Y="327" T="0" Pressure="0"/>
        <Point X="386" Y="332" T="0" Pressure="0"/>
        <Point X="380" Y="336" T="0" Pressure="0"/>
        <Point X="373" Y="343" T="0" Pressure="0"/>
        <Point X="368" Y="346" T="0" Pressure="0"/>
        <Point X="365" Y="349" T="0" Pressure="0"/>
        <Point X="361" Y="352" T="0" Pressure="0"/>
        <Point X="357" Y="356" T="0" Pressure="0"/>
        <Point X="354" Y="358" T="0" Pressure="0"/>
        <Point X="351" Y="360" T="0" Pressure="0"/>
        <Point X="349" Y="362" T="0" Pressure="0"/>
        <Point X="346" Y="364" T="0" Pressure="0"/>
        <Point X="345" Y="365" T="0" Pressure="0"/>
        <Point X="343" Y="367" T="0" Pressure="0"/>
        <Point X="342" Y="368" T="0" Pressure="0"/>
        <Point X="343" Y="368" T="0" Pressure="0"/>
        <Point X="344" Y="368" T="0" Pressure="0"/>
        <Point X="345" Y="368" T="0" Pressure="0"/>
    </Stroke>
</Gesture>
