<?xml version="1.0" ?>
<Gesture Name="half_note~05" Subject="1" Number="5" NumPts="118" InputType="stylus" Speed="MEDIUM">
    <Stroke index="1">
        <Point X="408" Y="222" T="0" Pressure="0"/>
        <Point X="408" Y="221" T="0" Pressure="0"/>
        <Point X="407" Y="221" T="0" Pressure="0"/>
        <Point X="407" Y="220" T="0" Pressure="0"/>
        <Point X="407" Y="221" T="0" Pressure="0"/>
        <Point X="407" Y="222" T="0" Pressure="0"/>
        <Point X="408" Y="224" T="0" Pressure="0"/>
        <Point X="408" Y="226" T="0" Pressure="0"/>
        <Point X="409" Y="227" T="0" Pressure="0"/>
        <Point X="409" Y="230" T="0" Pressure="0"/>
        <Point X="409" Y="236" T="0" Pressure="0"/>
        <Point X="409" Y="239" T="0" Pressure="0"/>
        <Point X="409" Y="243" T="0" Pressure="0"/>
        <Point X="410" Y="247" T="0" Pressure="0"/>
        <Point X="410" Y="252" T="0" Pressure="0"/>
        <Point X="410" Y="258" T="0" Pressure="0"/>
        <Point X="410" Y="264" T="0" Pressure="0"/>
        <Point X="410" Y="277" T="0" Pressure="0"/>
        <Point X="410" Y="284" T="0" Pressure="0"/>
        <Point X="410" Y="291" T="0" Pressure="0"/>
        <Point X="409" Y="305" T="0" Pressure="0"/>
        <Point X="409" Y="311" T="0" Pressure="0"/>
        <Point X="408" Y="317" T="0" Pressure="0"/>
        <Point X="408" Y="322" T="0" Pressure="0"/>
        <Point X="408" Y="327" T="0" Pressure="0"/>
        <Point X="409" Y="332" T="0" Pressure="0"/>
        <Point X="409" Y="338" T="0" Pressure="0"/>
        <Point X="409" Y="341" T="0" Pressure="0"/>
        <Point X="410" Y="344" T="0" Pressure="0"/>
        <Point X="410" Y="348" T="0" Pressure="0"/>
        <Point X="410" Y="351" T="0" Pressure="0"/>
        <Point X="411" Y="353" T="0" Pressure="0"/>
        <Point X="412" Y="356" T="0" Pressure="0"/>
        <Point X="413" Y="357" T="0" Pressure="0"/>
        <Point X="413" Y="358" T="0" Pressure="0"/>
        <Point X="414" Y="360" T="0" Pressure="0"/>
        <Point X="414" Y="361" T="0" Pressure="0"/>
        <Point X="413" Y="361" T="0" Pressure="0"/>
        <Point X="412" Y="362" T="0" Pressure="0"/>
    </Stroke>
    <Stroke index="2">
        <Point X="404" Y="353" T="0" Pressure="0"/>
        <Point X="403" Y="352" T="0" Pressure="0"/>
        <Point X="403" Y="351" T="0" Pressure="0"/>
        <Point X="402" Y="350" T="0" Pressure="0"/>
        <Point X="401" Y="349" T="0" Pressure="0"/>
        <Point X="400" Y="347" T="0" Pressure="0"/>
        <Point X="399" Y="346" T="0" Pressure="0"/>
        <Point X="399" Y="345" T="0" Pressure="0"/>
        <Point X="398" Y="344" T="0" Pressure="0"/>
        <Point X="396" Y="343" T="0" Pressure="0"/>
        <Point X="395" Y="343" T="0" Pressure="0"/>
        <Point X="394" Y="341" T="0" Pressure="0"/>
        <Point X="393" Y="340" T="0" Pressure="0"/>
        <Point X="391" Y="339" T="0" Pressure="0"/>
        <Point X="390" Y="338" T="0" Pressure="0"/>
        <Point X="388" Y="337" T="0" Pressure="0"/>
        <Point X="388" Y="336" T="0" Pressure="0"/>
        <Point X="385" Y="335" T="0" Pressure="0"/>
        <Point X="384" Y="334" T="0" Pressure="0"/>
        <Point X="382" Y="333" T="0" Pressure="0"/>
        <Point X="380" Y="333" T="0" Pressure="0"/>
        <Point X="378" Y="333" T="0" Pressure="0"/>
        <Point X="376" Y="332" T="0" Pressure="0"/>
        <Point X="374" Y="332" T="0" Pressure="0"/>
        <Point X="372" Y="332" T="0" Pressure="0"/>
        <Point X="369" Y="333" T="0" Pressure="0"/>
        <Point X="368" Y="334" T="0" Pressure="0"/>
        <Point X="365" Y="335" T="0" Pressure="0"/>
        <Point X="363" Y="336" T="0" Pressure="0"/>
        <Point X="361" Y="337" T="0" Pressure="0"/>
        <Point X="358" Y="339" T="0" Pressure="0"/>
        <Point X="355" Y="340" T="0" Pressure="0"/>
        <Point X="353" Y="342" T="0" Pressure="0"/>
        <Point X="350" Y="344" T="0" Pressure="0"/>
        <Point X="347" Y="346" T="0" Pressure="0"/>
        <Point X="346" Y="348" T="0" Pressure="0"/>
        <Point X="343" Y="351" T="0" Pressure="0"/>
        <Point X="341" Y="353" T="0" Pressure="0"/>
        <Point X="339" Y="356" T="0" Pressure="0"/>
        <Point X="338" Y="358" T="0" Pressure="0"/>
        <Point X="338" Y="361" T="0" Pressure="0"/>
        <Point X="337" Y="363" T="0" Pressure="0"/>
        <Point X="336" Y="365" T="0" Pressure="0"/>
        <Point X="336" Y="367" T="0" Pressure="0"/>
        <Point X="336" Y="368" T="0" Pressure="0"/>
        <Point X="337" Y="370" T="0" Pressure="0"/>
        <Point X="338" Y="372" T="0" Pressure="0"/>
        <Point X="339" Y="374" T="0" Pressure="0"/>
        <Point X="339" Y="376" T="0" Pressure="0"/>
        <Point X="341" Y="378" T="0" Pressure="0"/>
        <Point X="343" Y="380" T="0" Pressure="0"/>
        <Point X="345" Y="381" T="0" Pressure="0"/>
        <Point X="346" Y="382" T="0" Pressure="0"/>
        <Point X="349" Y="383" T="0" Pressure="0"/>
        <Point X="351" Y="385" T="0" Pressure="0"/>
        <Point X="354" Y="386" T="0" Pressure="0"/>
        <Point X="357" Y="387" T="0" Pressure="0"/>
        <Point X="360" Y="388" T="0" Pressure="0"/>
        <Point X="362" Y="389" T="0" Pressure="0"/>
        <Point X="369" Y="391" T="0" Pressure="0"/>
        <Point X="373" Y="391" T="0" Pressure="0"/>
        <Point X="376" Y="391" T="0" Pressure="0"/>
        <Point X="379" Y="391" T="0" Pressure="0"/>
        <Point X="382" Y="391" T="0" Pressure="0"/>
        <Point X="385" Y="390" T="0" Pressure="0"/>
        <Point X="389" Y="388" T="0" Pressure="0"/>
        <Point X="393" Y="387" T="0" Pressure="0"/>
        <Point X="396" Y="386" T="0" Pressure="0"/>
        <Point X="400" Y="384" T="0" Pressure="0"/>
        <Point X="403" Y="382" T="0" Pressure="0"/>
        <Point X="407" Y="381" T="0" Pressure="0"/>
        <Point X="410" Y="379" T="0" Pressure="0"/>
        <Point X="414" Y="377" T="0" Pressure="0"/>
        <Point X="422" Y="373" T="0" Pressure="0"/>
        <Point X="424" Y="371" T="0" Pressure="0"/>
        <Point X="426" Y="369" T="0" Pressure="0"/>
        <Point X="427" Y="369" T="0" Pressure="0"/>
        <Point X="427" Y="368" T="0" Pressure="0"/>
        <Point X="428" Y="368" T="0" Pressure="0"/>
    </Stroke>
</Gesture>
