<?xml version="1.0" ?>
<Gesture Name="pitchfork~09" Subject="1" Number="9" NumPts="97" InputType="stylus" Speed="MEDIUM">
    <Stroke index="1">
        <Point X="325" Y="206" T="0" Pressure="0"/>
        <Point X="324" Y="207" T="0" Pressure="0"/>
        <Point X="323" Y="208" T="0" Pressure="0"/>
        <Point X="321" Y="208" T="0" Pressure="0"/>
        <Point X="320" Y="210" T="0" Pressure="0"/>
        <Point X="319" Y="212" T="0" Pressure="0"/>
        <Point X="317" Y="216" T="0" Pressure="0"/>
        <Point X="316" Y="219" T="0" Pressure="0"/>
        <Point X="316" Y="222" T="0" Pressure="0"/>
        <Point X="316" Y="226" T="0" Pressure="0"/>
        <Point X="315" Y="231" T="0" Pressure="0"/>
        <Point X="315" Y="235" T="0" Pressure="0"/>
        <Point X="315" Y="240" T="0" Pressure="0"/>
        <Point X="315" Y="251" T="0" Pressure="0"/>
        <Point X="316" Y="255" T="0" Pressure="0"/>
        <Point X="318" Y="264" T="0" Pressure="0"/>
        <Point X="322" Y="274" T="0" Pressure="0"/>
        <Point X="324" Y="277" T="0" Pressure="0"/>
        <Point X="329" Y="284" T="0" Pressure="0"/>
        <Point X="331" Y="288" T="0" Pressure="0"/>
        <Point X="335" Y="291" T="0" Pressure="0"/>
        <Point X="341" Y="295" T="0" Pressure="0"/>
        <Point X="344" Y="297" T="0" Pressure="0"/>
        <Point X="347" Y="298" T="0" Pressure="0"/>
        <Point X="350" Y="299" T="0" Pressure="0"/>
        <Point X="354" Y="300" T="0" Pressure="0"/>
        <Point X="358" Y="301" T="0" Pressure="0"/>
        <Point X="368" Y="299" T="0" Pressure="0"/>
        <Point X="372" Y="298" T="0" Pressure="0"/>
        <Point X="375" Y="296" T="0" Pressure="0"/>
        <Point X="380" Y="293" T="0" Pressure="0"/>
        <Point X="383" Y="291" T="0" Pressure="0"/>
        <Point X="387" Y="288" T="0" Pressure="0"/>
        <Point X="391" Y="285" T="0" Pressure="0"/>
        <Point X="394" Y="282" T="0" Pressure="0"/>
        <Point X="401" Y="274" T="0" Pressure="0"/>
        <Point X="404" Y="270" T="0" Pressure="0"/>
        <Point X="407" Y="266" T="0" Pressure="0"/>
        <Point X="410" Y="262" T="0" Pressure="0"/>
        <Point X="413" Y="256" T="0" Pressure="0"/>
        <Point X="415" Y="251" T="0" Pressure="0"/>
        <Point X="421" Y="239" T="0" Pressure="0"/>
        <Point X="422" Y="233" T="0" Pressure="0"/>
        <Point X="424" Y="228" T="0" Pressure="0"/>
        <Point X="425" Y="223" T="0" Pressure="0"/>
        <Point X="426" Y="219" T="0" Pressure="0"/>
        <Point X="427" Y="214" T="0" Pressure="0"/>
        <Point X="427" Y="212" T="0" Pressure="0"/>
        <Point X="427" Y="209" T="0" Pressure="0"/>
        <Point X="426" Y="208" T="0" Pressure="0"/>
        <Point X="426" Y="207" T="0" Pressure="0"/>
        <Point X="425" Y="206" T="0" Pressure="0"/>
        <Point X="424" Y="206" T="0" Pressure="0"/>
        <Point X="422" Y="205" T="0" Pressure="0"/>
        <Point X="421" Y="205" T="0" Pressure="0"/>
        <Point X="419" Y="205" T="0" Pressure="0"/>
        <Point X="417" Y="206" T="0" Pressure="0"/>
        <Point X="415" Y="206" T="0" Pressure="0"/>
    </Stroke>
    <Stroke index="2">
        <Point X="376" Y="190" T="0" Pressure="0"/>
        <Point X="374" Y="189" T="0" Pressure="0"/>
        <Point X="373" Y="189" T="0" Pressure="0"/>
        <Point X="373" Y="191" T="0" Pressure="0"/>
        <Point X="373" Y="193" T="0" Pressure="0"/>
        <Point X="373" Y="194" T="0" Pressure="0"/>
        <Point X="373" Y="200" T="0" Pressure="0"/>
        <Point X="373" Y="204" T="0" Pressure="0"/>
        <Point X="373" Y="208" T="0" Pressure="0"/>
        <Point X="373" Y="219" T="0" Pressure="0"/>
        <Point X="372" Y="225" T="0" Pressure="0"/>
        <Point X="372" Y="232" T="0" Pressure="0"/>
        <Point X="371" Y="239" T="0" Pressure="0"/>
        <Point X="370" Y="246" T="0" Pressure="0"/>
        <Point X="369" Y="253" T="0" Pressure="0"/>
        <Point X="369" Y="261" T="0" Pressure="0"/>
        <Point X="369" Y="269" T="0" Pressure="0"/>
        <Point X="368" Y="276" T="0" Pressure="0"/>
        <Point X="367" Y="285" T="0" Pressure="0"/>
        <Point X="366" Y="292" T="0" Pressure="0"/>
        <Point X="364" Y="313" T="0" Pressure="0"/>
        <Point X="364" Y="319" T="0" Pressure="0"/>
        <Point X="362" Y="327" T="0" Pressure="0"/>
        <Point X="361" Y="332" T="0" Pressure="0"/>
        <Point X="361" Y="338" T="0" Pressure="0"/>
        <Point X="360" Y="343" T="0" Pressure="0"/>
        <Point X="358" Y="348" T="0" Pressure="0"/>
        <Point X="358" Y="352" T="0" Pressure="0"/>
        <Point X="357" Y="357" T="0" Pressure="0"/>
        <Point X="355" Y="364" T="0" Pressure="0"/>
        <Point X="354" Y="367" T="0" Pressure="0"/>
        <Point X="354" Y="368" T="0" Pressure="0"/>
        <Point X="353" Y="371" T="0" Pressure="0"/>
        <Point X="352" Y="373" T="0" Pressure="0"/>
        <Point X="351" Y="375" T="0" Pressure="0"/>
        <Point X="351" Y="376" T="0" Pressure="0"/>
        <Point X="352" Y="376" T="0" Pressure="0"/>
        <Point X="353" Y="376" T="0" Pressure="0"/>
        <Point X="354" Y="376" T="0" Pressure="0"/>
    </Stroke>
</Gesture>
