<?xml version="1.0" ?>
<Gesture Name="line~06" Subject="1" Number="6" NumPts="40" InputType="stylus" Speed="MEDIUM">
    <Stroke index="1">
        <Point X="306" Y="372" T="0" Pressure="0"/>
        <Point X="308" Y="371" T="0" Pressure="0"/>
        <Point X="309" Y="370" T="0" Pressure="0"/>
        <Point X="311" Y="370" T="0" Pressure="0"/>
        <Point X="313" Y="370" T="0" Pressure="0"/>
        <Point X="317" Y="369" T="0" Pressure="0"/>
        <Point X="320" Y="369" T="0" Pressure="0"/>
        <Point X="324" Y="369" T="0" Pressure="0"/>
        <Point X="329" Y="369" T="0" Pressure="0"/>
        <Point X="334" Y="368" T="0" Pressure="0"/>
        <Point X="339" Y="368" T="0" Pressure="0"/>
        <Point X="350" Y="368" T="0" Pressure="0"/>
        <Point X="357" Y="367" T="0" Pressure="0"/>
        <Point X="364" Y="366" T="0" Pressure="0"/>
        <Point X="369" Y="366" T="0" Pressure="0"/>
        <Point X="376" Y="365" T="0" Pressure="0"/>
        <Point X="383" Y="364" T="0" Pressure="0"/>
        <Point X="390" Y="364" T="0" Pressure="0"/>
        <Point X="397" Y="363" T="0" Pressure="0"/>
        <Point X="405" Y="363" T="0" Pressure="0"/>
        <Point X="411" Y="362" T="0" Pressure="0"/>
        <Point X="418" Y="362" T="0" Pressure="0"/>
        <Point X="424" Y="361" T="0" Pressure="0"/>
        <Point X="436" Y="361" T="0" Pressure="0"/>
        <Point X="441" Y="360" T="0" Pressure="0"/>
        <Point X="451" Y="360" T="0" Pressure="0"/>
        <Point X="455" Y="360" T="0" Pressure="0"/>
        <Point X="458" Y="360" T="0" Pressure="0"/>
        <Point X="462" Y="360" T="0" Pressure="0"/>
        <Point X="465" Y="360" T="0" Pressure="0"/>
        <Point X="467" Y="360" T="0" Pressure="0"/>
        <Point X="470" Y="360" T="0" Pressure="0"/>
        <Point X="472" Y="360" T="0" Pressure="0"/>
        <Point X="474" Y="360" T="0" Pressure="0"/>
        <Point X="476" Y="360" T="0" Pressure="0"/>
        <Point X="477" Y="360" T="0" Pressure="0"/>
        <Point X="475" Y="360" T="0" Pressure="0"/>
        <Point X="474" Y="360" T="0" Pressure="0"/>
        <Point X="473" Y="360" T="0" Pressure="0"/>
        <Point X="471" Y="360" T="0" Pressure="0"/>
    </Stroke>
</Gesture>
