<?xml version="1.0" ?>
<Gesture Name="half_note~07" Subject="1" Number="7" NumPts="114" InputType="stylus" Speed="MEDIUM">
    <Stroke index="1">
        <Point X="432" Y="194" T="0" Pressure="0"/>
        <Point X="432" Y="193" T="0" Pressure="0"/>
        <Point X="432" Y="192" T="0" Pressure="0"/>
        <Point X="433" Y="192" T="0" Pressure="0"/>
        <Point X="433" Y="193" T="0" Pressure="0"/>
        <Point X="433" Y="194" T="0" Pressure="0"/>
        <Point X="434" Y="194" T="0" Pressure="0"/>
        <Point X="434" Y="196" T="0" Pressure="0"/>
        <Point X="435" Y="198" T="0" Pressure="0"/>
        <Point X="436" Y="201" T="0" Pressure="0"/>
        <Point X="437" Y="204" T="0" Pressure="0"/>
        <Point X="437" Y="207" T="0" Pressure="0"/>
        <Point X="437" Y="211" T="0" Pressure="0"/>
        <Point X="438" Y="216" T="0" Pressure="0"/>
        <Point X="439" Y="221" T="0" Pressure="0"/>
        <Point X="439" Y="227" T="0" Pressure="0"/>
        <Point X="439" Y="233" T="0" Pressure="0"/>
        <Point X="439" Y="241" T="0" Pressure="0"/>
        <Point X="440" Y="248" T="0" Pressure="0"/>
        <Point X="440" Y="263" T="0" Pressure="0"/>
        <Point X="440" Y="270" T="0" Pressure="0"/>
        <Point X="440" Y="277" T="0" Pressure="0"/>
        <Point X="440" Y="284" T="0" Pressure="0"/>
        <Point X="440" Y="293" T="0" Pressure="0"/>
        <Point X="440" Y="298" T="0" Pressure="0"/>
        <Point X="440" Y="304" T="0" Pressure="0"/>
        <Point X="441" Y="309" T="0" Pressure="0"/>
        <Point X="441" Y="315" T="0" Pressure="0"/>
        <Point X="443" Y="318" T="0" Pressure="0"/>
        <Point X="444" Y="322" T="0" Pressure="0"/>
        <Point X="444" Y="326" T="0" Pressure="0"/>
        <Point X="444" Y="328" T="0" Pressure="0"/>
        <Point X="445" Y="331" T="0" Pressure="0"/>
        <Point X="447" Y="336" T="0" Pressure="0"/>
        <Point X="446" Y="336" T="0" Pressure="0"/>
        <Point X="445" Y="336" T="0" Pressure="0"/>
    </Stroke>
    <Stroke index="2">
        <Point X="435" Y="331" T="0" Pressure="0"/>
        <Point X="434" Y="329" T="0" Pressure="0"/>
        <Point X="434" Y="327" T="0" Pressure="0"/>
        <Point X="433" Y="326" T="0" Pressure="0"/>
        <Point X="433" Y="325" T="0" Pressure="0"/>
        <Point X="433" Y="323" T="0" Pressure="0"/>
        <Point X="433" Y="322" T="0" Pressure="0"/>
        <Point X="432" Y="320" T="0" Pressure="0"/>
        <Point X="432" Y="319" T="0" Pressure="0"/>
        <Point X="431" Y="318" T="0" Pressure="0"/>
        <Point X="430" Y="317" T="0" Pressure="0"/>
        <Point X="429" Y="315" T="0" Pressure="0"/>
        <Point X="428" Y="314" T="0" Pressure="0"/>
        <Point X="426" Y="312" T="0" Pressure="0"/>
        <Point X="425" Y="311" T="0" Pressure="0"/>
        <Point X="420" Y="307" T="0" Pressure="0"/>
        <Point X="418" Y="306" T="0" Pressure="0"/>
        <Point X="416" Y="304" T="0" Pressure="0"/>
        <Point X="414" Y="303" T="0" Pressure="0"/>
        <Point X="411" Y="302" T="0" Pressure="0"/>
        <Point X="409" Y="301" T="0" Pressure="0"/>
        <Point X="406" Y="301" T="0" Pressure="0"/>
        <Point X="403" Y="301" T="0" Pressure="0"/>
        <Point X="400" Y="301" T="0" Pressure="0"/>
        <Point X="398" Y="300" T="0" Pressure="0"/>
        <Point X="394" Y="300" T="0" Pressure="0"/>
        <Point X="391" Y="301" T="0" Pressure="0"/>
        <Point X="387" Y="301" T="0" Pressure="0"/>
        <Point X="384" Y="302" T="0" Pressure="0"/>
        <Point X="380" Y="303" T="0" Pressure="0"/>
        <Point X="377" Y="304" T="0" Pressure="0"/>
        <Point X="374" Y="306" T="0" Pressure="0"/>
        <Point X="371" Y="307" T="0" Pressure="0"/>
        <Point X="365" Y="311" T="0" Pressure="0"/>
        <Point X="364" Y="313" T="0" Pressure="0"/>
        <Point X="361" Y="315" T="0" Pressure="0"/>
        <Point X="360" Y="317" T="0" Pressure="0"/>
        <Point X="358" Y="319" T="0" Pressure="0"/>
        <Point X="357" Y="322" T="0" Pressure="0"/>
        <Point X="355" Y="324" T="0" Pressure="0"/>
        <Point X="354" Y="327" T="0" Pressure="0"/>
        <Point X="354" Y="331" T="0" Pressure="0"/>
        <Point X="354" Y="333" T="0" Pressure="0"/>
        <Point X="354" Y="337" T="0" Pressure="0"/>
        <Point X="354" Y="340" T="0" Pressure="0"/>
        <Point X="355" Y="343" T="0" Pressure="0"/>
        <Point X="357" Y="345" T="0" Pressure="0"/>
        <Point X="358" Y="348" T="0" Pressure="0"/>
        <Point X="361" Y="354" T="0" Pressure="0"/>
        <Point X="363" Y="357" T="0" Pressure="0"/>
        <Point X="365" Y="359" T="0" Pressure="0"/>
        <Point X="368" Y="361" T="0" Pressure="0"/>
        <Point X="370" Y="363" T="0" Pressure="0"/>
        <Point X="373" Y="365" T="0" Pressure="0"/>
        <Point X="376" Y="367" T="0" Pressure="0"/>
        <Point X="383" Y="369" T="0" Pressure="0"/>
        <Point X="387" Y="370" T="0" Pressure="0"/>
        <Point X="389" Y="370" T="0" Pressure="0"/>
        <Point X="393" Y="371" T="0" Pressure="0"/>
        <Point X="397" Y="371" T="0" Pressure="0"/>
        <Point X="401" Y="370" T="0" Pressure="0"/>
        <Point X="404" Y="369" T="0" Pressure="0"/>
        <Point X="408" Y="368" T="0" Pressure="0"/>
        <Point X="412" Y="367" T="0" Pressure="0"/>
        <Point X="415" Y="364" T="0" Pressure="0"/>
        <Point X="419" Y="362" T="0" Pressure="0"/>
        <Point X="423" Y="360" T="0" Pressure="0"/>
        <Point X="426" Y="357" T="0" Pressure="0"/>
        <Point X="429" Y="356" T="0" Pressure="0"/>
        <Point X="432" Y="353" T="0" Pressure="0"/>
        <Point X="435" Y="351" T="0" Pressure="0"/>
        <Point X="437" Y="348" T="0" Pressure="0"/>
        <Point X="440" Y="346" T="0" Pressure="0"/>
        <Point X="442" Y="344" T="0" Pressure="0"/>
        <Point X="444" Y="342" T="0" Pressure="0"/>
        <Point X="445" Y="340" T="0" Pressure="0"/>
        <Point X="447" Y="338" T="0" Pressure="0"/>
        <Point X="447" Y="337" T="0" Pressure="0"/>
    </Stroke>
</Gesture>
