<?xml version="1.0" ?>
<Gesture Name="six_point_star~01" Subject="1" Number="1" NumPts="264" InputType="stylus" Speed="MEDIUM">
    <Stroke index="1">
        <Point X="325" Y="283" T="0" Pressure="0"/>
        <Point X="325" Y="285" T="0" Pressure="0"/>
        <Point X="325" Y="287" T="0" Pressure="0"/>
        <Point X="324" Y="288" T="0" Pressure="0"/>
        <Point X="324" Y="289" T="0" Pressure="0"/>
        <Point X="324" Y="290" T="0" Pressure="0"/>
        <Point X="324" Y="291" T="0" Pressure="0"/>
        <Point X="324" Y="292" T="0" Pressure="0"/>
        <Point X="324" Y="293" T="0" Pressure="0"/>
        <Point X="323" Y="293" T="0" Pressure="0"/>
        <Point X="323" Y="294" T="0" Pressure="0"/>
        <Point X="323" Y="295" T="0" Pressure="0"/>
        <Point X="323" Y="296" T="0" Pressure="0"/>
        <Point X="323" Y="297" T="0" Pressure="0"/>
        <Point X="323" Y="298" T="0" Pressure="0"/>
        <Point X="323" Y="297" T="0" Pressure="0"/>
        <Point X="324" Y="297" T="0" Pressure="0"/>
        <Point X="324" Y="296" T="0" Pressure="0"/>
        <Point X="324" Y="295" T="0" Pressure="0"/>
        <Point X="324" Y="294" T="0" Pressure="0"/>
        <Point X="325" Y="293" T="0" Pressure="0"/>
        <Point X="327" Y="290" T="0" Pressure="0"/>
        <Point X="327" Y="288" T="0" Pressure="0"/>
        <Point X="328" Y="286" T="0" Pressure="0"/>
        <Point X="329" Y="283" T="0" Pressure="0"/>
        <Point X="330" Y="281" T="0" Pressure="0"/>
        <Point X="331" Y="277" T="0" Pressure="0"/>
        <Point X="332" Y="273" T="0" Pressure="0"/>
        <Point X="333" Y="269" T="0" Pressure="0"/>
        <Point X="335" Y="265" T="0" Pressure="0"/>
        <Point X="336" Y="260" T="0" Pressure="0"/>
        <Point X="338" Y="255" T="0" Pressure="0"/>
        <Point X="339" Y="249" T="0" Pressure="0"/>
        <Point X="343" Y="238" T="0" Pressure="0"/>
        <Point X="345" Y="233" T="0" Pressure="0"/>
        <Point X="347" Y="228" T="0" Pressure="0"/>
        <Point X="349" Y="224" T="0" Pressure="0"/>
        <Point X="351" Y="219" T="0" Pressure="0"/>
        <Point X="354" Y="214" T="0" Pressure="0"/>
        <Point X="356" Y="210" T="0" Pressure="0"/>
        <Point X="358" Y="206" T="0" Pressure="0"/>
        <Point X="361" Y="202" T="0" Pressure="0"/>
        <Point X="364" Y="199" T="0" Pressure="0"/>
        <Point X="366" Y="196" T="0" Pressure="0"/>
        <Point X="368" Y="193" T="0" Pressure="0"/>
        <Point X="369" Y="191" T="0" Pressure="0"/>
        <Point X="371" Y="189" T="0" Pressure="0"/>
        <Point X="373" Y="188" T="0" Pressure="0"/>
        <Point X="374" Y="187" T="0" Pressure="0"/>
        <Point X="376" Y="186" T="0" Pressure="0"/>
        <Point X="377" Y="184" T="0" Pressure="0"/>
        <Point X="378" Y="184" T="0" Pressure="0"/>
        <Point X="379" Y="184" T="0" Pressure="0"/>
        <Point X="380" Y="183" T="0" Pressure="0"/>
        <Point X="381" Y="183" T="0" Pressure="0"/>
        <Point X="382" Y="183" T="0" Pressure="0"/>
        <Point X="384" Y="183" T="0" Pressure="0"/>
        <Point X="384" Y="184" T="0" Pressure="0"/>
        <Point X="385" Y="185" T="0" Pressure="0"/>
        <Point X="387" Y="186" T="0" Pressure="0"/>
        <Point X="388" Y="187" T="0" Pressure="0"/>
        <Point X="389" Y="189" T="0" Pressure="0"/>
        <Point X="391" Y="190" T="0" Pressure="0"/>
        <Point X="392" Y="192" T="0" Pressure="0"/>
        <Point X="395" Y="194" T="0" Pressure="0"/>
        <Point X="400" Y="203" T="0" Pressure="0"/>
        <Point X="403" Y="207" T="0" Pressure="0"/>
        <Point X="404" Y="210" T="0" Pressure="0"/>
        <Point X="406" Y="214" T="0" Pressure="0"/>
        <Point X="409" Y="217" T="0" Pressure="0"/>
        <Point X="410" Y="221" T="0" Pressure="0"/>
        <Point X="413" Y="226" T="0" Pressure="0"/>
        <Point X="415" Y="230" T="0" Pressure="0"/>
        <Point X="417" Y="233" T="0" Pressure="0"/>
        <Point X="419" Y="238" T="0" Pressure="0"/>
        <Point X="421" Y="242" T="0" Pressure="0"/>
        <Point X="423" Y="246" T="0" Pressure="0"/>
        <Point X="425" Y="250" T="0" Pressure="0"/>
        <Point X="427" Y="254" T="0" Pressure="0"/>
        <Point X="432" Y="264" T="0" Pressure="0"/>
        <Point X="433" Y="268" T="0" Pressure="0"/>
        <Point X="434" Y="270" T="0" Pressure="0"/>
        <Point X="436" Y="274" T="0" Pressure="0"/>
        <Point X="437" Y="278" T="0" Pressure="0"/>
        <Point X="439" Y="281" T="0" Pressure="0"/>
        <Point X="439" Y="283" T="0" Pressure="0"/>
        <Point X="440" Y="284" T="0" Pressure="0"/>
        <Point X="441" Y="286" T="0" Pressure="0"/>
        <Point X="441" Y="287" T="0" Pressure="0"/>
        <Point X="442" Y="288" T="0" Pressure="0"/>
        <Point X="443" Y="289" T="0" Pressure="0"/>
        <Point X="443" Y="290" T="0" Pressure="0"/>
        <Point X="444" Y="291" T="0" Pressure="0"/>
        <Point X="444" Y="292" T="0" Pressure="0"/>
        <Point X="444" Y="293" T="0" Pressure="0"/>
        <Point X="443" Y="293" T="0" Pressure="0"/>
        <Point X="442" Y="293" T="0" Pressure="0"/>
        <Point X="441" Y="293" T="0" Pressure="0"/>
        <Point X="440" Y="294" T="0" Pressure="0"/>
        <Point X="438" Y="294" T="0" Pressure="0"/>
        <Point X="437" Y="294" T="0" Pressure="0"/>
        <Point X="434" Y="295" T="0" Pressure="0"/>
        <Point X="433" Y="295" T="0" Pressure="0"/>
        <Point X="430" Y="296" T="0" Pressure="0"/>
        <Point X="428" Y="296" T="0" Pressure="0"/>
        <Point X="425" Y="296" T="0" Pressure="0"/>
        <Point X="422" Y="296" T="0" Pressure="0"/>
        <Point X="418" Y="297" T="0" Pressure="0"/>
        <Point X="415" Y="297" T="0" Pressure="0"/>
        <Point X="411" Y="297" T="0" Pressure="0"/>
        <Point X="407" Y="297" T="0" Pressure="0"/>
        <Point X="403" Y="297" T="0" Pressure="0"/>
        <Point X="398" Y="297" T="0" Pressure="0"/>
        <Point X="391" Y="297" T="0" Pressure="0"/>
        <Point X="387" Y="298" T="0" Pressure="0"/>
        <Point X="381" Y="298" T="0" Pressure="0"/>
        <Point X="376" Y="298" T="0" Pressure="0"/>
        <Point X="370" Y="299" T="0" Pressure="0"/>
        <Point X="365" Y="299" T="0" Pressure="0"/>
        <Point X="358" Y="300" T="0" Pressure="0"/>
        <Point X="354" Y="301" T="0" Pressure="0"/>
        <Point X="349" Y="301" T="0" Pressure="0"/>
        <Point X="345" Y="301" T="0" Pressure="0"/>
        <Point X="340" Y="301" T="0" Pressure="0"/>
        <Point X="337" Y="301" T="0" Pressure="0"/>
        <Point X="333" Y="302" T="0" Pressure="0"/>
        <Point X="330" Y="302" T="0" Pressure="0"/>
        <Point X="328" Y="302" T="0" Pressure="0"/>
        <Point X="325" Y="302" T="0" Pressure="0"/>
        <Point X="323" Y="302" T="0" Pressure="0"/>
        <Point X="321" Y="302" T="0" Pressure="0"/>
        <Point X="320" Y="303" T="0" Pressure="0"/>
        <Point X="317" Y="303" T="0" Pressure="0"/>
        <Point X="316" Y="303" T="0" Pressure="0"/>
        <Point X="316" Y="304" T="0" Pressure="0"/>
        <Point X="315" Y="304" T="0" Pressure="0"/>
        <Point X="314" Y="306" T="0" Pressure="0"/>
        <Point X="313" Y="306" T="0" Pressure="0"/>
    </Stroke>
    <Stroke index="2">
        <Point X="300" Y="213" T="0" Pressure="0"/>
        <Point X="300" Y="212" T="0" Pressure="0"/>
        <Point X="301" Y="212" T="0" Pressure="0"/>
        <Point X="302" Y="213" T="0" Pressure="0"/>
        <Point X="304" Y="214" T="0" Pressure="0"/>
        <Point X="305" Y="216" T="0" Pressure="0"/>
        <Point X="308" Y="220" T="0" Pressure="0"/>
        <Point X="312" Y="225" T="0" Pressure="0"/>
        <Point X="313" Y="228" T="0" Pressure="0"/>
        <Point X="316" Y="233" T="0" Pressure="0"/>
        <Point X="319" Y="237" T="0" Pressure="0"/>
        <Point X="321" Y="241" T="0" Pressure="0"/>
        <Point X="324" Y="246" T="0" Pressure="0"/>
        <Point X="327" Y="252" T="0" Pressure="0"/>
        <Point X="330" Y="258" T="0" Pressure="0"/>
        <Point X="333" Y="264" T="0" Pressure="0"/>
        <Point X="335" Y="270" T="0" Pressure="0"/>
        <Point X="338" Y="275" T="0" Pressure="0"/>
        <Point X="343" Y="286" T="0" Pressure="0"/>
        <Point X="346" Y="291" T="0" Pressure="0"/>
        <Point X="349" Y="295" T="0" Pressure="0"/>
        <Point X="350" Y="299" T="0" Pressure="0"/>
        <Point X="353" Y="303" T="0" Pressure="0"/>
        <Point X="355" Y="307" T="0" Pressure="0"/>
        <Point X="358" Y="310" T="0" Pressure="0"/>
        <Point X="360" Y="313" T="0" Pressure="0"/>
        <Point X="361" Y="316" T="0" Pressure="0"/>
        <Point X="364" Y="318" T="0" Pressure="0"/>
        <Point X="365" Y="320" T="0" Pressure="0"/>
        <Point X="366" Y="321" T="0" Pressure="0"/>
        <Point X="368" Y="323" T="0" Pressure="0"/>
        <Point X="369" Y="324" T="0" Pressure="0"/>
        <Point X="370" Y="326" T="0" Pressure="0"/>
        <Point X="373" Y="326" T="0" Pressure="0"/>
        <Point X="374" Y="326" T="0" Pressure="0"/>
        <Point X="376" Y="326" T="0" Pressure="0"/>
        <Point X="377" Y="326" T="0" Pressure="0"/>
        <Point X="379" Y="326" T="0" Pressure="0"/>
        <Point X="380" Y="324" T="0" Pressure="0"/>
        <Point X="381" Y="323" T="0" Pressure="0"/>
        <Point X="382" Y="322" T="0" Pressure="0"/>
        <Point X="384" Y="320" T="0" Pressure="0"/>
        <Point X="385" Y="318" T="0" Pressure="0"/>
        <Point X="387" Y="317" T="0" Pressure="0"/>
        <Point X="388" Y="314" T="0" Pressure="0"/>
        <Point X="389" Y="312" T="0" Pressure="0"/>
        <Point X="393" Y="305" T="0" Pressure="0"/>
        <Point X="395" Y="302" T="0" Pressure="0"/>
        <Point X="397" Y="298" T="0" Pressure="0"/>
        <Point X="399" Y="295" T="0" Pressure="0"/>
        <Point X="402" Y="291" T="0" Pressure="0"/>
        <Point X="404" Y="287" T="0" Pressure="0"/>
        <Point X="407" Y="283" T="0" Pressure="0"/>
        <Point X="411" Y="274" T="0" Pressure="0"/>
        <Point X="414" Y="270" T="0" Pressure="0"/>
        <Point X="417" Y="266" T="0" Pressure="0"/>
        <Point X="419" Y="262" T="0" Pressure="0"/>
        <Point X="422" Y="257" T="0" Pressure="0"/>
        <Point X="425" Y="253" T="0" Pressure="0"/>
        <Point X="428" Y="249" T="0" Pressure="0"/>
        <Point X="429" Y="245" T="0" Pressure="0"/>
        <Point X="432" Y="242" T="0" Pressure="0"/>
        <Point X="434" Y="238" T="0" Pressure="0"/>
        <Point X="438" Y="232" T="0" Pressure="0"/>
        <Point X="440" Y="229" T="0" Pressure="0"/>
        <Point X="441" Y="227" T="0" Pressure="0"/>
        <Point X="443" Y="225" T="0" Pressure="0"/>
        <Point X="444" Y="223" T="0" Pressure="0"/>
        <Point X="446" Y="221" T="0" Pressure="0"/>
        <Point X="447" Y="220" T="0" Pressure="0"/>
        <Point X="448" Y="219" T="0" Pressure="0"/>
        <Point X="448" Y="218" T="0" Pressure="0"/>
        <Point X="449" Y="217" T="0" Pressure="0"/>
        <Point X="450" Y="216" T="0" Pressure="0"/>
        <Point X="451" Y="216" T="0" Pressure="0"/>
        <Point X="451" Y="215" T="0" Pressure="0"/>
        <Point X="451" Y="214" T="0" Pressure="0"/>
        <Point X="452" Y="214" T="0" Pressure="0"/>
        <Point X="452" Y="213" T="0" Pressure="0"/>
        <Point X="451" Y="213" T="0" Pressure="0"/>
        <Point X="450" Y="213" T="0" Pressure="0"/>
        <Point X="449" Y="213" T="0" Pressure="0"/>
        <Point X="448" Y="213" T="0" Pressure="0"/>
        <Point X="447" Y="212" T="0" Pressure="0"/>
        <Point X="445" Y="212" T="0" Pressure="0"/>
        <Point X="444" Y="212" T="0" Pressure="0"/>
        <Point X="443" Y="212" T="0" Pressure="0"/>
        <Point X="441" Y="212" T="0" Pressure="0"/>
        <Point X="439" Y="212" T="0" Pressure="0"/>
        <Point X="437" Y="212" T="0" Pressure="0"/>
        <Point X="435" Y="212" T="0" Pressure="0"/>
        <Point X="433" Y="212" T="0" Pressure="0"/>
        <Point X="430" Y="212" T="0" Pressure="0"/>
        <Point X="419" Y="212" T="0" Pressure="0"/>
        <Point X="415" Y="212" T="0" Pressure="0"/>
        <Point X="411" Y="212" T="0" Pressure="0"/>
        <Point X="407" Y="212" T="0" Pressure="0"/>
        <Point X="403" Y="212" T="0" Pressure="0"/>
        <Point X="398" Y="212" T="0" Pressure="0"/>
        <Point X="392" Y="212" T="0" Pressure="0"/>
        <Point X="382" Y="212" T="0" Pressure="0"/>
        <Point X="376" Y="212" T="0" Pressure="0"/>
        <Point X="371" Y="212" T="0" Pressure="0"/>
        <Point X="365" Y="212" T="0" Pressure="0"/>
        <Point X="359" Y="212" T="0" Pressure="0"/>
        <Point X="354" Y="212" T="0" Pressure="0"/>
        <Point X="349" Y="213" T="0" Pressure="0"/>
        <Point X="345" Y="213" T="0" Pressure="0"/>
        <Point X="339" Y="213" T="0" Pressure="0"/>
        <Point X="335" Y="214" T="0" Pressure="0"/>
        <Point X="331" Y="214" T="0" Pressure="0"/>
        <Point X="327" Y="214" T="0" Pressure="0"/>
        <Point X="323" Y="215" T="0" Pressure="0"/>
        <Point X="319" Y="216" T="0" Pressure="0"/>
        <Point X="316" Y="217" T="0" Pressure="0"/>
        <Point X="312" Y="218" T="0" Pressure="0"/>
        <Point X="309" Y="219" T="0" Pressure="0"/>
        <Point X="306" Y="220" T="0" Pressure="0"/>
        <Point X="304" Y="221" T="0" Pressure="0"/>
        <Point X="302" Y="221" T="0" Pressure="0"/>
        <Point X="301" Y="222" T="0" Pressure="0"/>
        <Point X="300" Y="223" T="0" Pressure="0"/>
        <Point X="299" Y="223" T="0" Pressure="0"/>
        <Point X="299" Y="224" T="0" Pressure="0"/>
        <Point X="298" Y="224" T="0" Pressure="0"/>
        <Point X="298" Y="225" T="0" Pressure="0"/>
    </Stroke>
</Gesture>
