<?xml version="1.0" ?>
<Gesture Name="N~04" Subject="1" Number="4" NumPts="95" InputType="stylus" Speed="MEDIUM">
    <Stroke index="1">
        <Point X="337" Y="261" T="0" Pressure="0"/>
        <Point X="335" Y="263" T="0" Pressure="0"/>
        <Point X="335" Y="264" T="0" Pressure="0"/>
        <Point X="334" Y="266" T="0" Pressure="0"/>
        <Point X="333" Y="269" T="0" Pressure="0"/>
        <Point X="332" Y="271" T="0" Pressure="0"/>
        <Point X="331" Y="283" T="0" Pressure="0"/>
        <Point X="331" Y="288" T="0" Pressure="0"/>
        <Point X="331" Y="293" T="0" Pressure="0"/>
        <Point X="331" Y="297" T="0" Pressure="0"/>
        <Point X="332" Y="302" T="0" Pressure="0"/>
        <Point X="332" Y="307" T="0" Pressure="0"/>
        <Point X="333" Y="312" T="0" Pressure="0"/>
        <Point X="334" Y="317" T="0" Pressure="0"/>
        <Point X="335" Y="321" T="0" Pressure="0"/>
        <Point X="335" Y="326" T="0" Pressure="0"/>
        <Point X="335" Y="336" T="0" Pressure="0"/>
        <Point X="335" Y="340" T="0" Pressure="0"/>
        <Point X="335" Y="343" T="0" Pressure="0"/>
        <Point X="335" Y="349" T="0" Pressure="0"/>
        <Point X="336" Y="353" T="0" Pressure="0"/>
        <Point X="336" Y="356" T="0" Pressure="0"/>
        <Point X="336" Y="360" T="0" Pressure="0"/>
        <Point X="336" Y="361" T="0" Pressure="0"/>
        <Point X="336" Y="363" T="0" Pressure="0"/>
        <Point X="337" Y="365" T="0" Pressure="0"/>
    </Stroke>
    <Stroke index="2">
        <Point X="340" Y="268" T="0" Pressure="0"/>
        <Point X="339" Y="267" T="0" Pressure="0"/>
        <Point X="339" Y="266" T="0" Pressure="0"/>
        <Point X="340" Y="266" T="0" Pressure="0"/>
        <Point X="341" Y="267" T="0" Pressure="0"/>
        <Point X="342" Y="268" T="0" Pressure="0"/>
        <Point X="343" Y="269" T="0" Pressure="0"/>
        <Point X="344" Y="270" T="0" Pressure="0"/>
        <Point X="346" Y="271" T="0" Pressure="0"/>
        <Point X="347" Y="273" T="0" Pressure="0"/>
        <Point X="350" Y="277" T="0" Pressure="0"/>
        <Point X="353" Y="279" T="0" Pressure="0"/>
        <Point X="354" Y="282" T="0" Pressure="0"/>
        <Point X="361" Y="289" T="0" Pressure="0"/>
        <Point X="364" Y="292" T="0" Pressure="0"/>
        <Point X="367" Y="294" T="0" Pressure="0"/>
        <Point X="371" Y="298" T="0" Pressure="0"/>
        <Point X="374" Y="301" T="0" Pressure="0"/>
        <Point X="379" Y="303" T="0" Pressure="0"/>
        <Point X="382" Y="306" T="0" Pressure="0"/>
        <Point X="385" Y="308" T="0" Pressure="0"/>
        <Point X="389" Y="311" T="0" Pressure="0"/>
        <Point X="392" Y="314" T="0" Pressure="0"/>
        <Point X="395" Y="316" T="0" Pressure="0"/>
        <Point X="401" Y="320" T="0" Pressure="0"/>
        <Point X="403" Y="322" T="0" Pressure="0"/>
        <Point X="407" Y="324" T="0" Pressure="0"/>
        <Point X="411" Y="328" T="0" Pressure="0"/>
        <Point X="414" Y="330" T="0" Pressure="0"/>
        <Point X="415" Y="332" T="0" Pressure="0"/>
        <Point X="419" Y="334" T="0" Pressure="0"/>
        <Point X="422" Y="335" T="0" Pressure="0"/>
        <Point X="423" Y="336" T="0" Pressure="0"/>
        <Point X="425" Y="336" T="0" Pressure="0"/>
    </Stroke>
    <Stroke index="3">
        <Point X="414" Y="256" T="0" Pressure="0"/>
        <Point X="414" Y="255" T="0" Pressure="0"/>
        <Point X="414" Y="254" T="0" Pressure="0"/>
        <Point X="413" Y="253" T="0" Pressure="0"/>
        <Point X="413" Y="254" T="0" Pressure="0"/>
        <Point X="413" Y="256" T="0" Pressure="0"/>
        <Point X="413" Y="257" T="0" Pressure="0"/>
        <Point X="413" Y="259" T="0" Pressure="0"/>
        <Point X="413" Y="261" T="0" Pressure="0"/>
        <Point X="413" Y="264" T="0" Pressure="0"/>
        <Point X="413" Y="268" T="0" Pressure="0"/>
        <Point X="413" Y="271" T="0" Pressure="0"/>
        <Point X="414" Y="274" T="0" Pressure="0"/>
        <Point X="414" Y="277" T="0" Pressure="0"/>
        <Point X="414" Y="281" T="0" Pressure="0"/>
        <Point X="414" Y="284" T="0" Pressure="0"/>
        <Point X="414" Y="289" T="0" Pressure="0"/>
        <Point X="414" Y="292" T="0" Pressure="0"/>
        <Point X="414" Y="295" T="0" Pressure="0"/>
        <Point X="414" Y="298" T="0" Pressure="0"/>
        <Point X="414" Y="301" T="0" Pressure="0"/>
        <Point X="415" Y="304" T="0" Pressure="0"/>
        <Point X="417" Y="309" T="0" Pressure="0"/>
        <Point X="417" Y="312" T="0" Pressure="0"/>
        <Point X="418" Y="317" T="0" Pressure="0"/>
        <Point X="419" Y="318" T="0" Pressure="0"/>
        <Point X="419" Y="319" T="0" Pressure="0"/>
        <Point X="420" Y="322" T="0" Pressure="0"/>
        <Point X="420" Y="323" T="0" Pressure="0"/>
        <Point X="420" Y="325" T="0" Pressure="0"/>
        <Point X="420" Y="326" T="0" Pressure="0"/>
        <Point X="420" Y="327" T="0" Pressure="0"/>
        <Point X="419" Y="327" T="0" Pressure="0"/>
        <Point X="418" Y="328" T="0" Pressure="0"/>
        <Point X="418" Y="329" T="0" Pressure="0"/>
    </Stroke>
</Gesture>
