<?xml version="1.0" ?>
<Gesture Name="asterisk~04" Subject="1" Number="4" NumPts="95" InputType="stylus" Speed="MEDIUM">
    <Stroke index="1">
        <Point X="413" Y="230" T="0" Pressure="0"/>
        <Point X="413" Y="231" T="0" Pressure="0"/>
        <Point X="413" Y="233" T="0" Pressure="0"/>
        <Point X="413" Y="234" T="0" Pressure="0"/>
        <Point X="413" Y="237" T="0" Pressure="0"/>
        <Point X="413" Y="244" T="0" Pressure="0"/>
        <Point X="412" Y="249" T="0" Pressure="0"/>
        <Point X="412" Y="254" T="0" Pressure="0"/>
        <Point X="412" Y="267" T="0" Pressure="0"/>
        <Point X="411" Y="273" T="0" Pressure="0"/>
        <Point X="411" Y="279" T="0" Pressure="0"/>
        <Point X="411" Y="292" T="0" Pressure="0"/>
        <Point X="411" Y="297" T="0" Pressure="0"/>
        <Point X="411" Y="308" T="0" Pressure="0"/>
        <Point X="411" Y="314" T="0" Pressure="0"/>
        <Point X="411" Y="319" T="0" Pressure="0"/>
        <Point X="411" Y="327" T="0" Pressure="0"/>
        <Point X="411" Y="332" T="0" Pressure="0"/>
        <Point X="411" Y="335" T="0" Pressure="0"/>
        <Point X="411" Y="338" T="0" Pressure="0"/>
        <Point X="411" Y="341" T="0" Pressure="0"/>
        <Point X="411" Y="343" T="0" Pressure="0"/>
        <Point X="412" Y="344" T="0" Pressure="0"/>
        <Point X="412" Y="345" T="0" Pressure="0"/>
        <Point X="412" Y="346" T="0" Pressure="0"/>
        <Point X="411" Y="346" T="0" Pressure="0"/>
        <Point X="410" Y="346" T="0" Pressure="0"/>
    </Stroke>
    <Stroke index="2">
        <Point X="364" Y="252" T="0" Pressure="0"/>
        <Point X="363" Y="252" T="0" Pressure="0"/>
        <Point X="362" Y="252" T="0" Pressure="0"/>
        <Point X="361" Y="251" T="0" Pressure="0"/>
        <Point X="361" Y="250" T="0" Pressure="0"/>
        <Point X="362" Y="250" T="0" Pressure="0"/>
        <Point X="365" Y="251" T="0" Pressure="0"/>
        <Point X="368" Y="251" T="0" Pressure="0"/>
        <Point X="372" Y="253" T="0" Pressure="0"/>
        <Point X="374" Y="255" T="0" Pressure="0"/>
        <Point X="377" Y="257" T="0" Pressure="0"/>
        <Point X="380" Y="258" T="0" Pressure="0"/>
        <Point X="384" Y="262" T="0" Pressure="0"/>
        <Point X="389" Y="264" T="0" Pressure="0"/>
        <Point X="395" Y="269" T="0" Pressure="0"/>
        <Point X="400" Y="272" T="0" Pressure="0"/>
        <Point X="407" Y="276" T="0" Pressure="0"/>
        <Point X="413" Y="281" T="0" Pressure="0"/>
        <Point X="418" Y="285" T="0" Pressure="0"/>
        <Point X="424" Y="290" T="0" Pressure="0"/>
        <Point X="434" Y="297" T="0" Pressure="0"/>
        <Point X="438" Y="301" T="0" Pressure="0"/>
        <Point X="446" Y="308" T="0" Pressure="0"/>
        <Point X="449" Y="312" T="0" Pressure="0"/>
        <Point X="453" Y="316" T="0" Pressure="0"/>
        <Point X="459" Y="320" T="0" Pressure="0"/>
        <Point X="462" Y="323" T="0" Pressure="0"/>
        <Point X="464" Y="326" T="0" Pressure="0"/>
        <Point X="467" Y="331" T="0" Pressure="0"/>
        <Point X="468" Y="332" T="0" Pressure="0"/>
        <Point X="470" Y="334" T="0" Pressure="0"/>
        <Point X="470" Y="336" T="0" Pressure="0"/>
        <Point X="471" Y="337" T="0" Pressure="0"/>
        <Point X="473" Y="338" T="0" Pressure="0"/>
        <Point X="474" Y="339" T="0" Pressure="0"/>
        <Point X="474" Y="341" T="0" Pressure="0"/>
        <Point X="474" Y="342" T="0" Pressure="0"/>
        <Point X="474" Y="343" T="0" Pressure="0"/>
    </Stroke>
    <Stroke index="3">
        <Point X="451" Y="243" T="0" Pressure="0"/>
        <Point X="448" Y="243" T="0" Pressure="0"/>
        <Point X="446" Y="244" T="0" Pressure="0"/>
        <Point X="445" Y="244" T="0" Pressure="0"/>
        <Point X="443" Y="246" T="0" Pressure="0"/>
        <Point X="441" Y="248" T="0" Pressure="0"/>
        <Point X="437" Y="254" T="0" Pressure="0"/>
        <Point X="434" Y="257" T="0" Pressure="0"/>
        <Point X="432" Y="261" T="0" Pressure="0"/>
        <Point X="426" Y="269" T="0" Pressure="0"/>
        <Point X="424" Y="273" T="0" Pressure="0"/>
        <Point X="410" Y="292" T="0" Pressure="0"/>
        <Point X="407" Y="297" T="0" Pressure="0"/>
        <Point X="400" Y="307" T="0" Pressure="0"/>
        <Point X="397" Y="312" T="0" Pressure="0"/>
        <Point X="394" Y="316" T="0" Pressure="0"/>
        <Point X="391" Y="320" T="0" Pressure="0"/>
        <Point X="388" Y="324" T="0" Pressure="0"/>
        <Point X="385" Y="328" T="0" Pressure="0"/>
        <Point X="383" Y="332" T="0" Pressure="0"/>
        <Point X="377" Y="337" T="0" Pressure="0"/>
        <Point X="375" Y="339" T="0" Pressure="0"/>
        <Point X="373" Y="341" T="0" Pressure="0"/>
        <Point X="371" Y="342" T="0" Pressure="0"/>
        <Point X="369" Y="343" T="0" Pressure="0"/>
        <Point X="368" Y="345" T="0" Pressure="0"/>
        <Point X="366" Y="346" T="0" Pressure="0"/>
        <Point X="365" Y="346" T="0" Pressure="0"/>
        <Point X="364" Y="347" T="0" Pressure="0"/>
        <Point X="365" Y="347" T="0" Pressure="0"/>
    </Stroke>
</Gesture>
