<?xml version="1.0" ?>
<Gesture Name="D~04" Subject="1" Number="4" NumPts="94" InputType="stylus" Speed="MEDIUM">
    <Stroke index="1">
        <Point X="389" Y="278" T="0" Pressure="0"/>
        <Point X="388" Y="276" T="0" Pressure="0"/>
        <Point X="389" Y="277" T="0" Pressure="0"/>
        <Point X="389" Y="278" T="0" Pressure="0"/>
        <Point X="389" Y="280" T="0" Pressure="0"/>
        <Point X="390" Y="282" T="0" Pressure="0"/>
        <Point X="391" Y="284" T="0" Pressure="0"/>
        <Point X="391" Y="288" T="0" Pressure="0"/>
        <Point X="391" Y="292" T="0" Pressure="0"/>
        <Point X="392" Y="295" T="0" Pressure="0"/>
        <Point X="392" Y="301" T="0" Pressure="0"/>
        <Point X="392" Y="307" T="0" Pressure="0"/>
        <Point X="393" Y="322" T="0" Pressure="0"/>
        <Point X="393" Y="330" T="0" Pressure="0"/>
        <Point X="393" Y="337" T="0" Pressure="0"/>
        <Point X="394" Y="343" T="0" Pressure="0"/>
        <Point X="394" Y="350" T="0" Pressure="0"/>
        <Point X="394" Y="355" T="0" Pressure="0"/>
        <Point X="395" Y="360" T="0" Pressure="0"/>
        <Point X="395" Y="367" T="0" Pressure="0"/>
        <Point X="395" Y="369" T="0" Pressure="0"/>
        <Point X="395" Y="370" T="0" Pressure="0"/>
        <Point X="395" Y="373" T="0" Pressure="0"/>
        <Point X="395" Y="374" T="0" Pressure="0"/>
        <Point X="395" Y="373" T="0" Pressure="0"/>
        <Point X="394" Y="373" T="0" Pressure="0"/>
        <Point X="393" Y="372" T="0" Pressure="0"/>
        <Point X="392" Y="370" T="0" Pressure="0"/>
        <Point X="392" Y="369" T="0" Pressure="0"/>
        <Point X="391" Y="368" T="0" Pressure="0"/>
        <Point X="391" Y="366" T="0" Pressure="0"/>
        <Point X="390" Y="363" T="0" Pressure="0"/>
    </Stroke>
    <Stroke index="2">
        <Point X="378" Y="279" T="0" Pressure="0"/>
        <Point X="377" Y="276" T="0" Pressure="0"/>
        <Point X="377" Y="274" T="0" Pressure="0"/>
        <Point X="376" Y="272" T="0" Pressure="0"/>
        <Point X="376" Y="270" T="0" Pressure="0"/>
        <Point X="376" Y="269" T="0" Pressure="0"/>
        <Point X="379" Y="266" T="0" Pressure="0"/>
        <Point X="380" Y="264" T="0" Pressure="0"/>
        <Point X="382" Y="264" T="0" Pressure="0"/>
        <Point X="384" Y="264" T="0" Pressure="0"/>
        <Point X="385" Y="264" T="0" Pressure="0"/>
        <Point X="388" Y="264" T="0" Pressure="0"/>
        <Point X="391" Y="264" T="0" Pressure="0"/>
        <Point X="397" Y="264" T="0" Pressure="0"/>
        <Point X="401" Y="264" T="0" Pressure="0"/>
        <Point X="405" Y="264" T="0" Pressure="0"/>
        <Point X="410" Y="265" T="0" Pressure="0"/>
        <Point X="414" Y="266" T="0" Pressure="0"/>
        <Point X="419" Y="267" T="0" Pressure="0"/>
        <Point X="424" Y="268" T="0" Pressure="0"/>
        <Point X="429" Y="269" T="0" Pressure="0"/>
        <Point X="433" Y="271" T="0" Pressure="0"/>
        <Point X="438" Y="273" T="0" Pressure="0"/>
        <Point X="443" Y="276" T="0" Pressure="0"/>
        <Point X="447" Y="278" T="0" Pressure="0"/>
        <Point X="451" Y="281" T="0" Pressure="0"/>
        <Point X="455" Y="284" T="0" Pressure="0"/>
        <Point X="458" Y="288" T="0" Pressure="0"/>
        <Point X="463" Y="296" T="0" Pressure="0"/>
        <Point X="464" Y="301" T="0" Pressure="0"/>
        <Point X="466" Y="306" T="0" Pressure="0"/>
        <Point X="466" Y="310" T="0" Pressure="0"/>
        <Point X="467" Y="315" T="0" Pressure="0"/>
        <Point X="467" Y="319" T="0" Pressure="0"/>
        <Point X="467" Y="323" T="0" Pressure="0"/>
        <Point X="465" Y="331" T="0" Pressure="0"/>
        <Point X="463" Y="335" T="0" Pressure="0"/>
        <Point X="462" Y="338" T="0" Pressure="0"/>
        <Point X="459" Y="341" T="0" Pressure="0"/>
        <Point X="457" Y="344" T="0" Pressure="0"/>
        <Point X="454" Y="347" T="0" Pressure="0"/>
        <Point X="452" Y="349" T="0" Pressure="0"/>
        <Point X="444" Y="353" T="0" Pressure="0"/>
        <Point X="441" Y="355" T="0" Pressure="0"/>
        <Point X="437" Y="357" T="0" Pressure="0"/>
        <Point X="433" Y="358" T="0" Pressure="0"/>
        <Point X="429" Y="359" T="0" Pressure="0"/>
        <Point X="426" Y="360" T="0" Pressure="0"/>
        <Point X="422" Y="361" T="0" Pressure="0"/>
        <Point X="419" Y="362" T="0" Pressure="0"/>
        <Point X="415" Y="363" T="0" Pressure="0"/>
        <Point X="413" Y="363" T="0" Pressure="0"/>
        <Point X="410" Y="364" T="0" Pressure="0"/>
        <Point X="407" Y="364" T="0" Pressure="0"/>
        <Point X="405" Y="365" T="0" Pressure="0"/>
        <Point X="403" Y="365" T="0" Pressure="0"/>
        <Point X="400" Y="366" T="0" Pressure="0"/>
        <Point X="396" Y="367" T="0" Pressure="0"/>
        <Point X="395" Y="367" T="0" Pressure="0"/>
        <Point X="394" Y="367" T="0" Pressure="0"/>
        <Point X="392" Y="368" T="0" Pressure="0"/>
        <Point X="391" Y="368" T="0" Pressure="0"/>
    </Stroke>
</Gesture>
