<?xml version="1.0" ?>
<Gesture Name="null~05" Subject="1" Number="5" NumPts="101" InputType="stylus" Speed="MEDIUM">
    <Stroke index="1">
        <Point X="384" Y="273" T="0" Pressure="0"/>
        <Point X="380" Y="273" T="0" Pressure="0"/>
        <Point X="377" Y="274" T="0" Pressure="0"/>
        <Point X="376" Y="274" T="0" Pressure="0"/>
        <Point X="372" Y="278" T="0" Pressure="0"/>
        <Point X="369" Y="281" T="0" Pressure="0"/>
        <Point X="367" Y="283" T="0" Pressure="0"/>
        <Point X="364" Y="290" T="0" Pressure="0"/>
        <Point X="361" Y="293" T="0" Pressure="0"/>
        <Point X="360" Y="297" T="0" Pressure="0"/>
        <Point X="358" Y="301" T="0" Pressure="0"/>
        <Point X="357" Y="307" T="0" Pressure="0"/>
        <Point X="356" Y="311" T="0" Pressure="0"/>
        <Point X="355" Y="315" T="0" Pressure="0"/>
        <Point X="355" Y="319" T="0" Pressure="0"/>
        <Point X="355" Y="323" T="0" Pressure="0"/>
        <Point X="356" Y="327" T="0" Pressure="0"/>
        <Point X="357" Y="332" T="0" Pressure="0"/>
        <Point X="358" Y="336" T="0" Pressure="0"/>
        <Point X="360" Y="340" T="0" Pressure="0"/>
        <Point X="361" Y="343" T="0" Pressure="0"/>
        <Point X="366" Y="350" T="0" Pressure="0"/>
        <Point X="369" Y="353" T="0" Pressure="0"/>
        <Point X="379" Y="360" T="0" Pressure="0"/>
        <Point X="381" Y="362" T="0" Pressure="0"/>
        <Point X="384" Y="363" T="0" Pressure="0"/>
        <Point X="388" Y="365" T="0" Pressure="0"/>
        <Point X="391" Y="366" T="0" Pressure="0"/>
        <Point X="395" Y="366" T="0" Pressure="0"/>
        <Point X="399" Y="366" T="0" Pressure="0"/>
        <Point X="402" Y="366" T="0" Pressure="0"/>
        <Point X="410" Y="364" T="0" Pressure="0"/>
        <Point X="413" Y="362" T="0" Pressure="0"/>
        <Point X="416" Y="360" T="0" Pressure="0"/>
        <Point X="419" Y="357" T="0" Pressure="0"/>
        <Point X="422" Y="354" T="0" Pressure="0"/>
        <Point X="425" Y="351" T="0" Pressure="0"/>
        <Point X="429" Y="347" T="0" Pressure="0"/>
        <Point X="431" Y="344" T="0" Pressure="0"/>
        <Point X="433" Y="341" T="0" Pressure="0"/>
        <Point X="435" Y="338" T="0" Pressure="0"/>
        <Point X="437" Y="333" T="0" Pressure="0"/>
        <Point X="439" Y="329" T="0" Pressure="0"/>
        <Point X="440" Y="323" T="0" Pressure="0"/>
        <Point X="441" Y="318" T="0" Pressure="0"/>
        <Point X="442" Y="314" T="0" Pressure="0"/>
        <Point X="442" Y="308" T="0" Pressure="0"/>
        <Point X="442" Y="302" T="0" Pressure="0"/>
        <Point X="441" Y="297" T="0" Pressure="0"/>
        <Point X="437" Y="289" T="0" Pressure="0"/>
        <Point X="433" Y="287" T="0" Pressure="0"/>
        <Point X="429" Y="284" T="0" Pressure="0"/>
        <Point X="425" Y="283" T="0" Pressure="0"/>
        <Point X="421" Y="281" T="0" Pressure="0"/>
        <Point X="402" Y="279" T="0" Pressure="0"/>
        <Point X="397" Y="279" T="0" Pressure="0"/>
        <Point X="393" Y="280" T="0" Pressure="0"/>
        <Point X="388" Y="281" T="0" Pressure="0"/>
        <Point X="385" Y="282" T="0" Pressure="0"/>
        <Point X="383" Y="283" T="0" Pressure="0"/>
        <Point X="377" Y="286" T="0" Pressure="0"/>
    </Stroke>
    <Stroke index="2">
        <Point X="455" Y="248" T="0" Pressure="0"/>
        <Point X="455" Y="246" T="0" Pressure="0"/>
        <Point X="455" Y="245" T="0" Pressure="0"/>
        <Point X="454" Y="245" T="0" Pressure="0"/>
        <Point X="453" Y="245" T="0" Pressure="0"/>
        <Point X="453" Y="246" T="0" Pressure="0"/>
        <Point X="451" Y="249" T="0" Pressure="0"/>
        <Point X="448" Y="252" T="0" Pressure="0"/>
        <Point X="447" Y="254" T="0" Pressure="0"/>
        <Point X="444" Y="258" T="0" Pressure="0"/>
        <Point X="441" Y="261" T="0" Pressure="0"/>
        <Point X="437" Y="264" T="0" Pressure="0"/>
        <Point X="433" Y="269" T="0" Pressure="0"/>
        <Point X="424" Y="278" T="0" Pressure="0"/>
        <Point X="418" Y="284" T="0" Pressure="0"/>
        <Point X="413" Y="290" T="0" Pressure="0"/>
        <Point X="400" Y="301" T="0" Pressure="0"/>
        <Point X="394" Y="308" T="0" Pressure="0"/>
        <Point X="388" Y="315" T="0" Pressure="0"/>
        <Point X="376" Y="327" T="0" Pressure="0"/>
        <Point X="371" Y="335" T="0" Pressure="0"/>
        <Point X="366" Y="341" T="0" Pressure="0"/>
        <Point X="357" Y="354" T="0" Pressure="0"/>
        <Point X="353" Y="360" T="0" Pressure="0"/>
        <Point X="349" Y="366" T="0" Pressure="0"/>
        <Point X="345" Y="371" T="0" Pressure="0"/>
        <Point X="342" Y="376" T="0" Pressure="0"/>
        <Point X="338" Y="382" T="0" Pressure="0"/>
        <Point X="335" Y="385" T="0" Pressure="0"/>
        <Point X="331" Y="392" T="0" Pressure="0"/>
        <Point X="328" Y="394" T="0" Pressure="0"/>
        <Point X="326" Y="396" T="0" Pressure="0"/>
        <Point X="324" Y="398" T="0" Pressure="0"/>
        <Point X="321" Y="401" T="0" Pressure="0"/>
        <Point X="320" Y="401" T="0" Pressure="0"/>
        <Point X="319" Y="402" T="0" Pressure="0"/>
        <Point X="317" Y="402" T="0" Pressure="0"/>
        <Point X="316" Y="403" T="0" Pressure="0"/>
        <Point X="315" Y="403" T="0" Pressure="0"/>
        <Point X="314" Y="402" T="0" Pressure="0"/>
    </Stroke>
</Gesture>
