<?xml version="1.0" ?>
<Gesture Name="null~08" Subject="1" Number="8" NumPts="112" InputType="stylus" Speed="MEDIUM">
    <Stroke index="1">
        <Point X="388" Y="276" T="0" Pressure="0"/>
        <Point X="384" Y="276" T="0" Pressure="0"/>
        <Point X="383" Y="276" T="0" Pressure="0"/>
        <Point X="380" Y="276" T="0" Pressure="0"/>
        <Point X="379" Y="277" T="0" Pressure="0"/>
        <Point X="377" Y="278" T="0" Pressure="0"/>
        <Point X="373" Y="282" T="0" Pressure="0"/>
        <Point X="370" Y="284" T="0" Pressure="0"/>
        <Point X="368" Y="287" T="0" Pressure="0"/>
        <Point X="365" Y="289" T="0" Pressure="0"/>
        <Point X="364" Y="292" T="0" Pressure="0"/>
        <Point X="359" Y="298" T="0" Pressure="0"/>
        <Point X="357" Y="302" T="0" Pressure="0"/>
        <Point X="356" Y="306" T="0" Pressure="0"/>
        <Point X="354" Y="310" T="0" Pressure="0"/>
        <Point X="354" Y="314" T="0" Pressure="0"/>
        <Point X="353" Y="322" T="0" Pressure="0"/>
        <Point X="353" Y="326" T="0" Pressure="0"/>
        <Point X="353" Y="330" T="0" Pressure="0"/>
        <Point X="354" Y="334" T="0" Pressure="0"/>
        <Point X="354" Y="338" T="0" Pressure="0"/>
        <Point X="356" Y="342" T="0" Pressure="0"/>
        <Point X="358" Y="345" T="0" Pressure="0"/>
        <Point X="359" Y="349" T="0" Pressure="0"/>
        <Point X="361" Y="352" T="0" Pressure="0"/>
        <Point X="363" Y="355" T="0" Pressure="0"/>
        <Point X="365" Y="358" T="0" Pressure="0"/>
        <Point X="370" Y="363" T="0" Pressure="0"/>
        <Point X="373" Y="366" T="0" Pressure="0"/>
        <Point X="376" Y="368" T="0" Pressure="0"/>
        <Point X="379" Y="369" T="0" Pressure="0"/>
        <Point X="381" Y="370" T="0" Pressure="0"/>
        <Point X="385" Y="371" T="0" Pressure="0"/>
        <Point X="388" Y="372" T="0" Pressure="0"/>
        <Point X="392" Y="372" T="0" Pressure="0"/>
        <Point X="395" Y="372" T="0" Pressure="0"/>
        <Point X="399" Y="372" T="0" Pressure="0"/>
        <Point X="403" Y="371" T="0" Pressure="0"/>
        <Point X="407" Y="370" T="0" Pressure="0"/>
        <Point X="410" Y="368" T="0" Pressure="0"/>
        <Point X="414" Y="367" T="0" Pressure="0"/>
        <Point X="418" Y="364" T="0" Pressure="0"/>
        <Point X="423" Y="360" T="0" Pressure="0"/>
        <Point X="425" Y="357" T="0" Pressure="0"/>
        <Point X="428" Y="353" T="0" Pressure="0"/>
        <Point X="430" Y="349" T="0" Pressure="0"/>
        <Point X="433" Y="346" T="0" Pressure="0"/>
        <Point X="434" Y="342" T="0" Pressure="0"/>
        <Point X="436" Y="338" T="0" Pressure="0"/>
        <Point X="437" Y="332" T="0" Pressure="0"/>
        <Point X="439" Y="327" T="0" Pressure="0"/>
        <Point X="439" Y="322" T="0" Pressure="0"/>
        <Point X="440" Y="316" T="0" Pressure="0"/>
        <Point X="440" Y="311" T="0" Pressure="0"/>
        <Point X="440" Y="306" T="0" Pressure="0"/>
        <Point X="439" Y="301" T="0" Pressure="0"/>
        <Point X="437" Y="297" T="0" Pressure="0"/>
        <Point X="433" Y="290" T="0" Pressure="0"/>
        <Point X="430" Y="287" T="0" Pressure="0"/>
        <Point X="426" Y="285" T="0" Pressure="0"/>
        <Point X="419" Y="281" T="0" Pressure="0"/>
        <Point X="415" Y="279" T="0" Pressure="0"/>
        <Point X="410" Y="278" T="0" Pressure="0"/>
        <Point X="407" Y="277" T="0" Pressure="0"/>
        <Point X="402" Y="277" T="0" Pressure="0"/>
        <Point X="398" Y="277" T="0" Pressure="0"/>
        <Point X="393" Y="277" T="0" Pressure="0"/>
        <Point X="389" Y="278" T="0" Pressure="0"/>
        <Point X="385" Y="278" T="0" Pressure="0"/>
        <Point X="383" Y="279" T="0" Pressure="0"/>
        <Point X="380" Y="281" T="0" Pressure="0"/>
        <Point X="378" Y="282" T="0" Pressure="0"/>
        <Point X="376" Y="283" T="0" Pressure="0"/>
    </Stroke>
    <Stroke index="2">
        <Point X="464" Y="244" T="0" Pressure="0"/>
        <Point X="463" Y="242" T="0" Pressure="0"/>
        <Point X="463" Y="241" T="0" Pressure="0"/>
        <Point X="463" Y="240" T="0" Pressure="0"/>
        <Point X="462" Y="240" T="0" Pressure="0"/>
        <Point X="461" Y="241" T="0" Pressure="0"/>
        <Point X="460" Y="243" T="0" Pressure="0"/>
        <Point X="459" Y="244" T="0" Pressure="0"/>
        <Point X="455" Y="249" T="0" Pressure="0"/>
        <Point X="453" Y="252" T="0" Pressure="0"/>
        <Point X="450" Y="256" T="0" Pressure="0"/>
        <Point X="443" Y="264" T="0" Pressure="0"/>
        <Point X="439" Y="269" T="0" Pressure="0"/>
        <Point X="433" Y="275" T="0" Pressure="0"/>
        <Point X="423" Y="287" T="0" Pressure="0"/>
        <Point X="418" Y="293" T="0" Pressure="0"/>
        <Point X="413" Y="298" T="0" Pressure="0"/>
        <Point X="401" Y="311" T="0" Pressure="0"/>
        <Point X="395" Y="318" T="0" Pressure="0"/>
        <Point X="390" Y="324" T="0" Pressure="0"/>
        <Point X="385" Y="329" T="0" Pressure="0"/>
        <Point X="375" Y="341" T="0" Pressure="0"/>
        <Point X="371" Y="346" T="0" Pressure="0"/>
        <Point X="366" Y="351" T="0" Pressure="0"/>
        <Point X="363" Y="356" T="0" Pressure="0"/>
        <Point X="360" Y="361" T="0" Pressure="0"/>
        <Point X="357" Y="365" T="0" Pressure="0"/>
        <Point X="354" Y="368" T="0" Pressure="0"/>
        <Point X="349" Y="376" T="0" Pressure="0"/>
        <Point X="346" Y="379" T="0" Pressure="0"/>
        <Point X="344" Y="382" T="0" Pressure="0"/>
        <Point X="340" Y="386" T="0" Pressure="0"/>
        <Point X="339" Y="388" T="0" Pressure="0"/>
        <Point X="338" Y="390" T="0" Pressure="0"/>
        <Point X="336" Y="391" T="0" Pressure="0"/>
        <Point X="335" Y="391" T="0" Pressure="0"/>
        <Point X="335" Y="392" T="0" Pressure="0"/>
        <Point X="334" Y="392" T="0" Pressure="0"/>
        <Point X="333" Y="392" T="0" Pressure="0"/>
    </Stroke>
</Gesture>
