<?xml version="1.0" ?>
<Gesture Name="half_note~04" Subject="1" Number="4" NumPts="111" InputType="stylus" Speed="MEDIUM">
    <Stroke index="1">
        <Point X="429" Y="226" T="0" Pressure="0"/>
        <Point X="429" Y="223" T="0" Pressure="0"/>
        <Point X="429" Y="222" T="0" Pressure="0"/>
        <Point X="429" Y="223" T="0" Pressure="0"/>
        <Point X="429" Y="224" T="0" Pressure="0"/>
        <Point X="429" Y="226" T="0" Pressure="0"/>
        <Point X="429" Y="227" T="0" Pressure="0"/>
        <Point X="429" Y="228" T="0" Pressure="0"/>
        <Point X="429" Y="231" T="0" Pressure="0"/>
        <Point X="430" Y="233" T="0" Pressure="0"/>
        <Point X="430" Y="235" T="0" Pressure="0"/>
        <Point X="430" Y="238" T="0" Pressure="0"/>
        <Point X="431" Y="241" T="0" Pressure="0"/>
        <Point X="432" Y="252" T="0" Pressure="0"/>
        <Point X="432" Y="257" T="0" Pressure="0"/>
        <Point X="432" Y="268" T="0" Pressure="0"/>
        <Point X="433" Y="272" T="0" Pressure="0"/>
        <Point X="433" Y="278" T="0" Pressure="0"/>
        <Point X="433" Y="288" T="0" Pressure="0"/>
        <Point X="433" Y="293" T="0" Pressure="0"/>
        <Point X="433" Y="296" T="0" Pressure="0"/>
        <Point X="433" Y="301" T="0" Pressure="0"/>
        <Point X="434" Y="306" T="0" Pressure="0"/>
        <Point X="434" Y="309" T="0" Pressure="0"/>
        <Point X="434" Y="312" T="0" Pressure="0"/>
        <Point X="434" Y="315" T="0" Pressure="0"/>
        <Point X="434" Y="318" T="0" Pressure="0"/>
        <Point X="434" Y="320" T="0" Pressure="0"/>
        <Point X="434" Y="322" T="0" Pressure="0"/>
        <Point X="434" Y="325" T="0" Pressure="0"/>
        <Point X="435" Y="326" T="0" Pressure="0"/>
        <Point X="435" Y="327" T="0" Pressure="0"/>
        <Point X="435" Y="328" T="0" Pressure="0"/>
        <Point X="435" Y="329" T="0" Pressure="0"/>
        <Point X="434" Y="329" T="0" Pressure="0"/>
        <Point X="433" Y="329" T="0" Pressure="0"/>
        <Point X="433" Y="330" T="0" Pressure="0"/>
    </Stroke>
    <Stroke index="2">
        <Point X="430" Y="326" T="0" Pressure="0"/>
        <Point X="430" Y="325" T="0" Pressure="0"/>
        <Point X="429" Y="323" T="0" Pressure="0"/>
        <Point X="429" Y="322" T="0" Pressure="0"/>
        <Point X="428" Y="321" T="0" Pressure="0"/>
        <Point X="428" Y="320" T="0" Pressure="0"/>
        <Point X="428" Y="319" T="0" Pressure="0"/>
        <Point X="427" Y="318" T="0" Pressure="0"/>
        <Point X="426" Y="318" T="0" Pressure="0"/>
        <Point X="426" Y="317" T="0" Pressure="0"/>
        <Point X="425" Y="315" T="0" Pressure="0"/>
        <Point X="424" Y="314" T="0" Pressure="0"/>
        <Point X="423" Y="312" T="0" Pressure="0"/>
        <Point X="422" Y="311" T="0" Pressure="0"/>
        <Point X="421" Y="309" T="0" Pressure="0"/>
        <Point X="419" Y="308" T="0" Pressure="0"/>
        <Point X="418" Y="307" T="0" Pressure="0"/>
        <Point X="417" Y="306" T="0" Pressure="0"/>
        <Point X="415" Y="304" T="0" Pressure="0"/>
        <Point X="414" Y="303" T="0" Pressure="0"/>
        <Point X="412" Y="302" T="0" Pressure="0"/>
        <Point X="410" Y="301" T="0" Pressure="0"/>
        <Point X="409" Y="301" T="0" Pressure="0"/>
        <Point X="407" Y="301" T="0" Pressure="0"/>
        <Point X="404" Y="301" T="0" Pressure="0"/>
        <Point X="403" Y="301" T="0" Pressure="0"/>
        <Point X="400" Y="301" T="0" Pressure="0"/>
        <Point X="398" Y="301" T="0" Pressure="0"/>
        <Point X="396" Y="301" T="0" Pressure="0"/>
        <Point X="394" Y="301" T="0" Pressure="0"/>
        <Point X="391" Y="302" T="0" Pressure="0"/>
        <Point X="388" Y="304" T="0" Pressure="0"/>
        <Point X="383" Y="307" T="0" Pressure="0"/>
        <Point X="381" Y="308" T="0" Pressure="0"/>
        <Point X="379" Y="310" T="0" Pressure="0"/>
        <Point X="377" Y="312" T="0" Pressure="0"/>
        <Point X="375" Y="314" T="0" Pressure="0"/>
        <Point X="373" Y="316" T="0" Pressure="0"/>
        <Point X="372" Y="318" T="0" Pressure="0"/>
        <Point X="370" Y="320" T="0" Pressure="0"/>
        <Point X="369" Y="323" T="0" Pressure="0"/>
        <Point X="366" Y="328" T="0" Pressure="0"/>
        <Point X="366" Y="331" T="0" Pressure="0"/>
        <Point X="365" Y="333" T="0" Pressure="0"/>
        <Point X="365" Y="336" T="0" Pressure="0"/>
        <Point X="365" Y="339" T="0" Pressure="0"/>
        <Point X="366" Y="343" T="0" Pressure="0"/>
        <Point X="368" Y="344" T="0" Pressure="0"/>
        <Point X="369" Y="346" T="0" Pressure="0"/>
        <Point X="370" Y="348" T="0" Pressure="0"/>
        <Point X="371" Y="350" T="0" Pressure="0"/>
        <Point X="373" Y="351" T="0" Pressure="0"/>
        <Point X="374" Y="352" T="0" Pressure="0"/>
        <Point X="376" Y="353" T="0" Pressure="0"/>
        <Point X="378" Y="354" T="0" Pressure="0"/>
        <Point X="380" Y="355" T="0" Pressure="0"/>
        <Point X="383" Y="355" T="0" Pressure="0"/>
        <Point X="384" Y="356" T="0" Pressure="0"/>
        <Point X="387" Y="356" T="0" Pressure="0"/>
        <Point X="389" Y="356" T="0" Pressure="0"/>
        <Point X="392" Y="356" T="0" Pressure="0"/>
        <Point X="395" Y="355" T="0" Pressure="0"/>
        <Point X="398" Y="353" T="0" Pressure="0"/>
        <Point X="401" Y="352" T="0" Pressure="0"/>
        <Point X="404" Y="351" T="0" Pressure="0"/>
        <Point X="411" Y="347" T="0" Pressure="0"/>
        <Point X="415" Y="345" T="0" Pressure="0"/>
        <Point X="419" Y="343" T="0" Pressure="0"/>
        <Point X="422" Y="342" T="0" Pressure="0"/>
        <Point X="425" Y="341" T="0" Pressure="0"/>
        <Point X="429" Y="339" T="0" Pressure="0"/>
        <Point X="432" Y="338" T="0" Pressure="0"/>
        <Point X="435" Y="337" T="0" Pressure="0"/>
        <Point X="440" Y="335" T="0" Pressure="0"/>
    </Stroke>
</Gesture>
