<?xml version="1.0" ?>
<Gesture Name="half_note~06" Subject="1" Number="6" NumPts="115" InputType="stylus" Speed="MEDIUM">
    <Stroke index="1">
        <Point X="428" Y="195" T="0" Pressure="0"/>
        <Point X="428" Y="194" T="0" Pressure="0"/>
        <Point X="428" Y="195" T="0" Pressure="0"/>
        <Point X="429" Y="201" T="0" Pressure="0"/>
        <Point X="429" Y="203" T="0" Pressure="0"/>
        <Point X="429" Y="207" T="0" Pressure="0"/>
        <Point X="430" Y="210" T="0" Pressure="0"/>
        <Point X="430" Y="214" T="0" Pressure="0"/>
        <Point X="431" Y="219" T="0" Pressure="0"/>
        <Point X="432" Y="224" T="0" Pressure="0"/>
        <Point X="432" Y="229" T="0" Pressure="0"/>
        <Point X="433" Y="243" T="0" Pressure="0"/>
        <Point X="433" Y="249" T="0" Pressure="0"/>
        <Point X="434" Y="256" T="0" Pressure="0"/>
        <Point X="434" Y="264" T="0" Pressure="0"/>
        <Point X="434" Y="270" T="0" Pressure="0"/>
        <Point X="436" Y="292" T="0" Pressure="0"/>
        <Point X="436" Y="298" T="0" Pressure="0"/>
        <Point X="436" Y="304" T="0" Pressure="0"/>
        <Point X="436" Y="311" T="0" Pressure="0"/>
        <Point X="436" Y="317" T="0" Pressure="0"/>
        <Point X="436" Y="320" T="0" Pressure="0"/>
        <Point X="436" Y="324" T="0" Pressure="0"/>
        <Point X="436" Y="331" T="0" Pressure="0"/>
        <Point X="436" Y="333" T="0" Pressure="0"/>
        <Point X="436" Y="335" T="0" Pressure="0"/>
        <Point X="437" Y="336" T="0" Pressure="0"/>
        <Point X="437" Y="335" T="0" Pressure="0"/>
        <Point X="436" Y="334" T="0" Pressure="0"/>
        <Point X="435" Y="333" T="0" Pressure="0"/>
    </Stroke>
    <Stroke index="2">
        <Point X="432" Y="335" T="0" Pressure="0"/>
        <Point X="432" Y="333" T="0" Pressure="0"/>
        <Point X="432" Y="332" T="0" Pressure="0"/>
        <Point X="431" Y="332" T="0" Pressure="0"/>
        <Point X="431" Y="331" T="0" Pressure="0"/>
        <Point X="430" Y="330" T="0" Pressure="0"/>
        <Point X="430" Y="329" T="0" Pressure="0"/>
        <Point X="430" Y="328" T="0" Pressure="0"/>
        <Point X="429" Y="327" T="0" Pressure="0"/>
        <Point X="429" Y="326" T="0" Pressure="0"/>
        <Point X="429" Y="325" T="0" Pressure="0"/>
        <Point X="428" Y="324" T="0" Pressure="0"/>
        <Point X="427" Y="323" T="0" Pressure="0"/>
        <Point X="426" Y="321" T="0" Pressure="0"/>
        <Point X="425" Y="320" T="0" Pressure="0"/>
        <Point X="425" Y="319" T="0" Pressure="0"/>
        <Point X="422" Y="317" T="0" Pressure="0"/>
        <Point X="421" Y="316" T="0" Pressure="0"/>
        <Point X="419" Y="314" T="0" Pressure="0"/>
        <Point X="418" Y="313" T="0" Pressure="0"/>
        <Point X="414" Y="311" T="0" Pressure="0"/>
        <Point X="411" Y="309" T="0" Pressure="0"/>
        <Point X="410" Y="308" T="0" Pressure="0"/>
        <Point X="407" Y="307" T="0" Pressure="0"/>
        <Point X="405" Y="307" T="0" Pressure="0"/>
        <Point X="403" Y="307" T="0" Pressure="0"/>
        <Point X="400" Y="307" T="0" Pressure="0"/>
        <Point X="395" Y="307" T="0" Pressure="0"/>
        <Point X="392" Y="307" T="0" Pressure="0"/>
        <Point X="390" Y="307" T="0" Pressure="0"/>
        <Point X="388" Y="308" T="0" Pressure="0"/>
        <Point X="385" Y="309" T="0" Pressure="0"/>
        <Point X="382" Y="311" T="0" Pressure="0"/>
        <Point X="380" Y="313" T="0" Pressure="0"/>
        <Point X="376" Y="315" T="0" Pressure="0"/>
        <Point X="374" Y="317" T="0" Pressure="0"/>
        <Point X="372" Y="318" T="0" Pressure="0"/>
        <Point X="369" Y="320" T="0" Pressure="0"/>
        <Point X="367" Y="322" T="0" Pressure="0"/>
        <Point X="365" Y="325" T="0" Pressure="0"/>
        <Point X="362" Y="328" T="0" Pressure="0"/>
        <Point X="360" Y="331" T="0" Pressure="0"/>
        <Point X="358" Y="333" T="0" Pressure="0"/>
        <Point X="357" Y="337" T="0" Pressure="0"/>
        <Point X="356" Y="340" T="0" Pressure="0"/>
        <Point X="355" Y="343" T="0" Pressure="0"/>
        <Point X="354" Y="345" T="0" Pressure="0"/>
        <Point X="354" Y="348" T="0" Pressure="0"/>
        <Point X="354" Y="351" T="0" Pressure="0"/>
        <Point X="354" Y="354" T="0" Pressure="0"/>
        <Point X="355" Y="357" T="0" Pressure="0"/>
        <Point X="356" Y="360" T="0" Pressure="0"/>
        <Point X="357" Y="364" T="0" Pressure="0"/>
        <Point X="358" Y="366" T="0" Pressure="0"/>
        <Point X="360" Y="368" T="0" Pressure="0"/>
        <Point X="361" Y="371" T="0" Pressure="0"/>
        <Point X="364" Y="374" T="0" Pressure="0"/>
        <Point X="366" Y="376" T="0" Pressure="0"/>
        <Point X="369" Y="379" T="0" Pressure="0"/>
        <Point X="371" Y="381" T="0" Pressure="0"/>
        <Point X="373" Y="382" T="0" Pressure="0"/>
        <Point X="376" Y="383" T="0" Pressure="0"/>
        <Point X="379" Y="385" T="0" Pressure="0"/>
        <Point X="382" Y="386" T="0" Pressure="0"/>
        <Point X="385" Y="387" T="0" Pressure="0"/>
        <Point X="388" Y="387" T="0" Pressure="0"/>
        <Point X="391" Y="387" T="0" Pressure="0"/>
        <Point X="395" Y="386" T="0" Pressure="0"/>
        <Point X="398" Y="385" T="0" Pressure="0"/>
        <Point X="402" Y="384" T="0" Pressure="0"/>
        <Point X="406" Y="382" T="0" Pressure="0"/>
        <Point X="409" Y="381" T="0" Pressure="0"/>
        <Point X="413" Y="379" T="0" Pressure="0"/>
        <Point X="416" Y="377" T="0" Pressure="0"/>
        <Point X="419" Y="374" T="0" Pressure="0"/>
        <Point X="422" Y="372" T="0" Pressure="0"/>
        <Point X="426" Y="370" T="0" Pressure="0"/>
        <Point X="429" Y="368" T="0" Pressure="0"/>
        <Point X="432" Y="366" T="0" Pressure="0"/>
        <Point X="434" Y="363" T="0" Pressure="0"/>
        <Point X="436" Y="361" T="0" Pressure="0"/>
        <Point X="437" Y="358" T="0" Pressure="0"/>
        <Point X="440" Y="356" T="0" Pressure="0"/>
        <Point X="440" Y="354" T="0" Pressure="0"/>
        <Point X="441" Y="352" T="0" Pressure="0"/>
    </Stroke>
</Gesture>
