<?xml version="1.0" ?>
<Gesture Name="five_point_star~05" Subject="1" Number="5" NumPts="173" InputType="stylus" Speed="MEDIUM">
    <Stroke index="1">
        <Point X="334" Y="358" T="0" Pressure="0"/>
        <Point X="332" Y="355" T="0" Pressure="0"/>
        <Point X="332" Y="353" T="0" Pressure="0"/>
        <Point X="332" Y="351" T="0" Pressure="0"/>
        <Point X="332" Y="349" T="0" Pressure="0"/>
        <Point X="333" Y="346" T="0" Pressure="0"/>
        <Point X="334" Y="344" T="0" Pressure="0"/>
        <Point X="335" Y="342" T="0" Pressure="0"/>
        <Point X="335" Y="339" T="0" Pressure="0"/>
        <Point X="336" Y="335" T="0" Pressure="0"/>
        <Point X="339" Y="327" T="0" Pressure="0"/>
        <Point X="341" Y="322" T="0" Pressure="0"/>
        <Point X="343" Y="318" T="0" Pressure="0"/>
        <Point X="345" Y="314" T="0" Pressure="0"/>
        <Point X="346" Y="308" T="0" Pressure="0"/>
        <Point X="348" Y="302" T="0" Pressure="0"/>
        <Point X="350" Y="296" T="0" Pressure="0"/>
        <Point X="353" Y="290" T="0" Pressure="0"/>
        <Point X="354" Y="284" T="0" Pressure="0"/>
        <Point X="357" Y="278" T="0" Pressure="0"/>
        <Point X="359" Y="272" T="0" Pressure="0"/>
        <Point X="361" Y="266" T="0" Pressure="0"/>
        <Point X="364" Y="260" T="0" Pressure="0"/>
        <Point X="366" Y="253" T="0" Pressure="0"/>
        <Point X="368" Y="249" T="0" Pressure="0"/>
        <Point X="370" Y="244" T="0" Pressure="0"/>
        <Point X="372" Y="241" T="0" Pressure="0"/>
        <Point X="373" Y="237" T="0" Pressure="0"/>
        <Point X="376" Y="234" T="0" Pressure="0"/>
        <Point X="377" Y="231" T="0" Pressure="0"/>
        <Point X="379" Y="229" T="0" Pressure="0"/>
        <Point X="380" Y="228" T="0" Pressure="0"/>
        <Point X="382" Y="227" T="0" Pressure="0"/>
        <Point X="384" Y="226" T="0" Pressure="0"/>
        <Point X="386" Y="226" T="0" Pressure="0"/>
        <Point X="388" Y="226" T="0" Pressure="0"/>
        <Point X="389" Y="226" T="0" Pressure="0"/>
        <Point X="391" Y="226" T="0" Pressure="0"/>
        <Point X="392" Y="227" T="0" Pressure="0"/>
        <Point X="394" Y="229" T="0" Pressure="0"/>
        <Point X="395" Y="231" T="0" Pressure="0"/>
        <Point X="396" Y="233" T="0" Pressure="0"/>
        <Point X="398" Y="236" T="0" Pressure="0"/>
        <Point X="400" Y="239" T="0" Pressure="0"/>
        <Point X="402" Y="243" T="0" Pressure="0"/>
        <Point X="404" Y="246" T="0" Pressure="0"/>
        <Point X="406" Y="251" T="0" Pressure="0"/>
        <Point X="408" Y="255" T="0" Pressure="0"/>
        <Point X="410" Y="259" T="0" Pressure="0"/>
        <Point X="419" Y="280" T="0" Pressure="0"/>
        <Point X="421" Y="285" T="0" Pressure="0"/>
        <Point X="425" Y="296" T="0" Pressure="0"/>
        <Point X="427" Y="301" T="0" Pressure="0"/>
        <Point X="429" Y="307" T="0" Pressure="0"/>
        <Point X="430" Y="311" T="0" Pressure="0"/>
        <Point X="432" Y="316" T="0" Pressure="0"/>
        <Point X="433" Y="319" T="0" Pressure="0"/>
        <Point X="434" Y="323" T="0" Pressure="0"/>
        <Point X="436" Y="332" T="0" Pressure="0"/>
        <Point X="437" Y="335" T="0" Pressure="0"/>
        <Point X="437" Y="337" T="0" Pressure="0"/>
        <Point X="437" Y="341" T="0" Pressure="0"/>
        <Point X="437" Y="342" T="0" Pressure="0"/>
        <Point X="437" Y="343" T="0" Pressure="0"/>
        <Point X="436" Y="343" T="0" Pressure="0"/>
        <Point X="434" Y="342" T="0" Pressure="0"/>
        <Point X="433" Y="341" T="0" Pressure="0"/>
        <Point X="432" Y="340" T="0" Pressure="0"/>
        <Point X="430" Y="338" T="0" Pressure="0"/>
        <Point X="428" Y="337" T="0" Pressure="0"/>
        <Point X="426" Y="335" T="0" Pressure="0"/>
        <Point X="424" Y="332" T="0" Pressure="0"/>
        <Point X="421" Y="331" T="0" Pressure="0"/>
        <Point X="418" Y="328" T="0" Pressure="0"/>
        <Point X="416" Y="326" T="0" Pressure="0"/>
        <Point X="413" Y="324" T="0" Pressure="0"/>
        <Point X="410" Y="322" T="0" Pressure="0"/>
        <Point X="402" Y="318" T="0" Pressure="0"/>
        <Point X="398" Y="316" T="0" Pressure="0"/>
        <Point X="393" Y="314" T="0" Pressure="0"/>
        <Point X="388" Y="312" T="0" Pressure="0"/>
        <Point X="383" Y="310" T="0" Pressure="0"/>
        <Point X="377" Y="308" T="0" Pressure="0"/>
        <Point X="372" Y="307" T="0" Pressure="0"/>
        <Point X="366" Y="306" T="0" Pressure="0"/>
        <Point X="361" Y="304" T="0" Pressure="0"/>
        <Point X="355" Y="302" T="0" Pressure="0"/>
        <Point X="350" Y="301" T="0" Pressure="0"/>
        <Point X="346" Y="299" T="0" Pressure="0"/>
        <Point X="342" Y="298" T="0" Pressure="0"/>
        <Point X="338" Y="297" T="0" Pressure="0"/>
        <Point X="331" Y="296" T="0" Pressure="0"/>
        <Point X="328" Y="296" T="0" Pressure="0"/>
        <Point X="324" Y="295" T="0" Pressure="0"/>
        <Point X="323" Y="295" T="0" Pressure="0"/>
        <Point X="320" Y="295" T="0" Pressure="0"/>
        <Point X="319" Y="296" T="0" Pressure="0"/>
        <Point X="316" Y="296" T="0" Pressure="0"/>
        <Point X="315" Y="297" T="0" Pressure="0"/>
        <Point X="313" Y="297" T="0" Pressure="0"/>
        <Point X="312" Y="297" T="0" Pressure="0"/>
        <Point X="313" Y="297" T="0" Pressure="0"/>
        <Point X="314" Y="297" T="0" Pressure="0"/>
        <Point X="316" Y="297" T="0" Pressure="0"/>
        <Point X="318" Y="296" T="0" Pressure="0"/>
        <Point X="320" Y="295" T="0" Pressure="0"/>
        <Point X="324" Y="294" T="0" Pressure="0"/>
        <Point X="330" Y="292" T="0" Pressure="0"/>
        <Point X="334" Y="290" T="0" Pressure="0"/>
        <Point X="339" Y="288" T="0" Pressure="0"/>
        <Point X="343" Y="287" T="0" Pressure="0"/>
        <Point X="348" Y="284" T="0" Pressure="0"/>
        <Point X="354" Y="282" T="0" Pressure="0"/>
        <Point X="360" Y="280" T="0" Pressure="0"/>
        <Point X="365" Y="277" T="0" Pressure="0"/>
        <Point X="373" Y="275" T="0" Pressure="0"/>
        <Point X="380" Y="272" T="0" Pressure="0"/>
        <Point X="387" Y="269" T="0" Pressure="0"/>
        <Point X="395" Y="267" T="0" Pressure="0"/>
        <Point X="401" Y="264" T="0" Pressure="0"/>
        <Point X="407" Y="263" T="0" Pressure="0"/>
        <Point X="414" Y="261" T="0" Pressure="0"/>
        <Point X="418" Y="259" T="0" Pressure="0"/>
        <Point X="424" Y="258" T="0" Pressure="0"/>
        <Point X="429" Y="256" T="0" Pressure="0"/>
        <Point X="436" Y="254" T="0" Pressure="0"/>
        <Point X="439" Y="254" T="0" Pressure="0"/>
        <Point X="442" Y="254" T="0" Pressure="0"/>
        <Point X="445" Y="253" T="0" Pressure="0"/>
        <Point X="448" Y="253" T="0" Pressure="0"/>
        <Point X="449" Y="253" T="0" Pressure="0"/>
        <Point X="451" Y="253" T="0" Pressure="0"/>
        <Point X="453" Y="255" T="0" Pressure="0"/>
        <Point X="453" Y="256" T="0" Pressure="0"/>
        <Point X="455" Y="257" T="0" Pressure="0"/>
        <Point X="455" Y="258" T="0" Pressure="0"/>
        <Point X="455" Y="259" T="0" Pressure="0"/>
        <Point X="455" Y="261" T="0" Pressure="0"/>
        <Point X="455" Y="263" T="0" Pressure="0"/>
        <Point X="451" Y="269" T="0" Pressure="0"/>
        <Point X="449" Y="272" T="0" Pressure="0"/>
        <Point X="447" Y="274" T="0" Pressure="0"/>
        <Point X="445" Y="277" T="0" Pressure="0"/>
        <Point X="442" Y="281" T="0" Pressure="0"/>
        <Point X="436" Y="288" T="0" Pressure="0"/>
        <Point X="433" Y="291" T="0" Pressure="0"/>
        <Point X="429" Y="294" T="0" Pressure="0"/>
        <Point X="422" Y="301" T="0" Pressure="0"/>
        <Point X="418" Y="305" T="0" Pressure="0"/>
        <Point X="414" Y="308" T="0" Pressure="0"/>
        <Point X="410" Y="312" T="0" Pressure="0"/>
        <Point X="395" Y="323" T="0" Pressure="0"/>
        <Point X="385" Y="331" T="0" Pressure="0"/>
        <Point X="380" Y="334" T="0" Pressure="0"/>
        <Point X="375" Y="337" T="0" Pressure="0"/>
        <Point X="370" Y="340" T="0" Pressure="0"/>
        <Point X="365" Y="343" T="0" Pressure="0"/>
        <Point X="361" Y="345" T="0" Pressure="0"/>
        <Point X="357" Y="347" T="0" Pressure="0"/>
        <Point X="353" Y="349" T="0" Pressure="0"/>
        <Point X="350" Y="351" T="0" Pressure="0"/>
        <Point X="347" Y="352" T="0" Pressure="0"/>
        <Point X="345" Y="353" T="0" Pressure="0"/>
        <Point X="343" Y="353" T="0" Pressure="0"/>
        <Point X="342" Y="353" T="0" Pressure="0"/>
        <Point X="340" Y="353" T="0" Pressure="0"/>
        <Point X="339" Y="353" T="0" Pressure="0"/>
        <Point X="340" Y="353" T="0" Pressure="0"/>
        <Point X="341" Y="353" T="0" Pressure="0"/>
        <Point X="342" Y="353" T="0" Pressure="0"/>
        <Point X="343" Y="353" T="0" Pressure="0"/>
        <Point X="344" Y="354" T="0" Pressure="0"/>
        <Point X="347" Y="356" T="0" Pressure="0"/>
    </Stroke>
</Gesture>
