<?xml version="1.0" ?>
<Gesture Name="D~09" Subject="1" Number="9" NumPts="94" InputType="stylus" Speed="MEDIUM">
    <Stroke index="1">
        <Point X="389" Y="298" T="0" Pressure="0"/>
        <Point X="388" Y="298" T="0" Pressure="0"/>
        <Point X="388" Y="297" T="0" Pressure="0"/>
        <Point X="388" Y="298" T="0" Pressure="0"/>
        <Point X="389" Y="298" T="0" Pressure="0"/>
        <Point X="389" Y="300" T="0" Pressure="0"/>
        <Point X="391" Y="301" T="0" Pressure="0"/>
        <Point X="391" Y="303" T="0" Pressure="0"/>
        <Point X="391" Y="306" T="0" Pressure="0"/>
        <Point X="392" Y="308" T="0" Pressure="0"/>
        <Point X="392" Y="312" T="0" Pressure="0"/>
        <Point X="393" Y="316" T="0" Pressure="0"/>
        <Point X="394" Y="320" T="0" Pressure="0"/>
        <Point X="394" Y="325" T="0" Pressure="0"/>
        <Point X="394" Y="330" T="0" Pressure="0"/>
        <Point X="394" Y="336" T="0" Pressure="0"/>
        <Point X="394" Y="341" T="0" Pressure="0"/>
        <Point X="394" Y="355" T="0" Pressure="0"/>
        <Point X="393" Y="363" T="0" Pressure="0"/>
        <Point X="393" Y="366" T="0" Pressure="0"/>
        <Point X="392" Y="369" T="0" Pressure="0"/>
        <Point X="392" Y="371" T="0" Pressure="0"/>
        <Point X="392" Y="376" T="0" Pressure="0"/>
        <Point X="392" Y="378" T="0" Pressure="0"/>
        <Point X="391" Y="380" T="0" Pressure="0"/>
        <Point X="391" Y="381" T="0" Pressure="0"/>
        <Point X="391" Y="382" T="0" Pressure="0"/>
        <Point X="391" Y="383" T="0" Pressure="0"/>
        <Point X="391" Y="384" T="0" Pressure="0"/>
        <Point X="391" Y="386" T="0" Pressure="0"/>
    </Stroke>
    <Stroke index="2">
        <Point X="373" Y="298" T="0" Pressure="0"/>
        <Point X="373" Y="295" T="0" Pressure="0"/>
        <Point X="373" Y="293" T="0" Pressure="0"/>
        <Point X="373" Y="292" T="0" Pressure="0"/>
        <Point X="373" Y="290" T="0" Pressure="0"/>
        <Point X="374" Y="289" T="0" Pressure="0"/>
        <Point X="376" Y="288" T="0" Pressure="0"/>
        <Point X="377" Y="287" T="0" Pressure="0"/>
        <Point X="379" Y="286" T="0" Pressure="0"/>
        <Point X="381" Y="284" T="0" Pressure="0"/>
        <Point X="384" Y="284" T="0" Pressure="0"/>
        <Point X="386" Y="283" T="0" Pressure="0"/>
        <Point X="392" Y="283" T="0" Pressure="0"/>
        <Point X="396" Y="283" T="0" Pressure="0"/>
        <Point X="399" Y="282" T="0" Pressure="0"/>
        <Point X="403" Y="282" T="0" Pressure="0"/>
        <Point X="407" Y="282" T="0" Pressure="0"/>
        <Point X="412" Y="283" T="0" Pressure="0"/>
        <Point X="416" Y="283" T="0" Pressure="0"/>
        <Point X="420" Y="284" T="0" Pressure="0"/>
        <Point X="424" Y="286" T="0" Pressure="0"/>
        <Point X="428" Y="287" T="0" Pressure="0"/>
        <Point X="432" Y="289" T="0" Pressure="0"/>
        <Point X="436" Y="292" T="0" Pressure="0"/>
        <Point X="439" Y="294" T="0" Pressure="0"/>
        <Point X="442" Y="297" T="0" Pressure="0"/>
        <Point X="445" Y="300" T="0" Pressure="0"/>
        <Point X="448" Y="304" T="0" Pressure="0"/>
        <Point X="450" Y="308" T="0" Pressure="0"/>
        <Point X="452" Y="314" T="0" Pressure="0"/>
        <Point X="455" Y="318" T="0" Pressure="0"/>
        <Point X="455" Y="323" T="0" Pressure="0"/>
        <Point X="456" Y="328" T="0" Pressure="0"/>
        <Point X="457" Y="333" T="0" Pressure="0"/>
        <Point X="457" Y="338" T="0" Pressure="0"/>
        <Point X="457" Y="343" T="0" Pressure="0"/>
        <Point X="457" Y="347" T="0" Pressure="0"/>
        <Point X="454" Y="360" T="0" Pressure="0"/>
        <Point X="452" Y="364" T="0" Pressure="0"/>
        <Point X="451" Y="367" T="0" Pressure="0"/>
        <Point X="448" Y="370" T="0" Pressure="0"/>
        <Point X="446" Y="373" T="0" Pressure="0"/>
        <Point X="444" Y="376" T="0" Pressure="0"/>
        <Point X="441" Y="378" T="0" Pressure="0"/>
        <Point X="438" Y="381" T="0" Pressure="0"/>
        <Point X="432" Y="385" T="0" Pressure="0"/>
        <Point X="429" Y="386" T="0" Pressure="0"/>
        <Point X="425" Y="387" T="0" Pressure="0"/>
        <Point X="422" Y="388" T="0" Pressure="0"/>
        <Point X="418" Y="389" T="0" Pressure="0"/>
        <Point X="414" Y="390" T="0" Pressure="0"/>
        <Point X="410" Y="391" T="0" Pressure="0"/>
        <Point X="406" Y="391" T="0" Pressure="0"/>
        <Point X="403" Y="392" T="0" Pressure="0"/>
        <Point X="399" Y="392" T="0" Pressure="0"/>
        <Point X="395" Y="392" T="0" Pressure="0"/>
        <Point X="388" Y="392" T="0" Pressure="0"/>
        <Point X="386" Y="391" T="0" Pressure="0"/>
        <Point X="382" Y="390" T="0" Pressure="0"/>
        <Point X="380" Y="390" T="0" Pressure="0"/>
        <Point X="378" Y="390" T="0" Pressure="0"/>
        <Point X="377" Y="390" T="0" Pressure="0"/>
        <Point X="376" Y="390" T="0" Pressure="0"/>
        <Point X="376" Y="391" T="0" Pressure="0"/>
    </Stroke>
</Gesture>
