<?xml version="1.0" ?>
<Gesture Name="asterisk~05" Subject="1" Number="5" NumPts="100" InputType="stylus" Speed="MEDIUM">
    <Stroke index="1">
        <Point X="404" Y="228" T="0" Pressure="0"/>
        <Point X="404" Y="227" T="0" Pressure="0"/>
        <Point X="403" Y="227" T="0" Pressure="0"/>
        <Point X="404" Y="229" T="0" Pressure="0"/>
        <Point X="404" Y="232" T="0" Pressure="0"/>
        <Point X="404" Y="234" T="0" Pressure="0"/>
        <Point X="404" Y="237" T="0" Pressure="0"/>
        <Point X="405" Y="241" T="0" Pressure="0"/>
        <Point X="405" Y="245" T="0" Pressure="0"/>
        <Point X="405" Y="251" T="0" Pressure="0"/>
        <Point X="405" Y="257" T="0" Pressure="0"/>
        <Point X="404" Y="269" T="0" Pressure="0"/>
        <Point X="404" Y="277" T="0" Pressure="0"/>
        <Point X="403" Y="286" T="0" Pressure="0"/>
        <Point X="402" Y="300" T="0" Pressure="0"/>
        <Point X="401" Y="307" T="0" Pressure="0"/>
        <Point X="400" Y="315" T="0" Pressure="0"/>
        <Point X="400" Y="322" T="0" Pressure="0"/>
        <Point X="400" Y="329" T="0" Pressure="0"/>
        <Point X="400" Y="335" T="0" Pressure="0"/>
        <Point X="400" Y="340" T="0" Pressure="0"/>
        <Point X="400" Y="344" T="0" Pressure="0"/>
        <Point X="400" Y="349" T="0" Pressure="0"/>
        <Point X="400" Y="353" T="0" Pressure="0"/>
        <Point X="400" Y="357" T="0" Pressure="0"/>
        <Point X="400" Y="361" T="0" Pressure="0"/>
        <Point X="400" Y="362" T="0" Pressure="0"/>
        <Point X="400" Y="363" T="0" Pressure="0"/>
        <Point X="401" Y="364" T="0" Pressure="0"/>
        <Point X="400" Y="364" T="0" Pressure="0"/>
        <Point X="399" Y="363" T="0" Pressure="0"/>
    </Stroke>
    <Stroke index="2">
        <Point X="348" Y="248" T="0" Pressure="0"/>
        <Point X="347" Y="246" T="0" Pressure="0"/>
        <Point X="347" Y="245" T="0" Pressure="0"/>
        <Point X="347" Y="244" T="0" Pressure="0"/>
        <Point X="349" Y="244" T="0" Pressure="0"/>
        <Point X="350" Y="244" T="0" Pressure="0"/>
        <Point X="352" Y="245" T="0" Pressure="0"/>
        <Point X="354" Y="246" T="0" Pressure="0"/>
        <Point X="355" Y="248" T="0" Pressure="0"/>
        <Point X="357" Y="249" T="0" Pressure="0"/>
        <Point X="359" Y="252" T="0" Pressure="0"/>
        <Point X="361" Y="254" T="0" Pressure="0"/>
        <Point X="366" Y="262" T="0" Pressure="0"/>
        <Point X="369" Y="266" T="0" Pressure="0"/>
        <Point X="373" Y="270" T="0" Pressure="0"/>
        <Point X="377" Y="275" T="0" Pressure="0"/>
        <Point X="386" Y="287" T="0" Pressure="0"/>
        <Point X="390" Y="293" T="0" Pressure="0"/>
        <Point X="394" Y="299" T="0" Pressure="0"/>
        <Point X="399" Y="305" T="0" Pressure="0"/>
        <Point X="403" Y="311" T="0" Pressure="0"/>
        <Point X="408" Y="317" T="0" Pressure="0"/>
        <Point X="414" Y="322" T="0" Pressure="0"/>
        <Point X="422" Y="330" T="0" Pressure="0"/>
        <Point X="427" Y="334" T="0" Pressure="0"/>
        <Point X="431" Y="338" T="0" Pressure="0"/>
        <Point X="440" Y="343" T="0" Pressure="0"/>
        <Point X="443" Y="345" T="0" Pressure="0"/>
        <Point X="446" Y="347" T="0" Pressure="0"/>
        <Point X="449" Y="349" T="0" Pressure="0"/>
        <Point X="452" Y="351" T="0" Pressure="0"/>
        <Point X="453" Y="352" T="0" Pressure="0"/>
        <Point X="455" Y="354" T="0" Pressure="0"/>
        <Point X="457" Y="356" T="0" Pressure="0"/>
        <Point X="458" Y="356" T="0" Pressure="0"/>
        <Point X="458" Y="357" T="0" Pressure="0"/>
    </Stroke>
    <Stroke index="3">
        <Point X="448" Y="247" T="0" Pressure="0"/>
        <Point X="447" Y="245" T="0" Pressure="0"/>
        <Point X="447" Y="244" T="0" Pressure="0"/>
        <Point X="447" Y="243" T="0" Pressure="0"/>
        <Point X="445" Y="243" T="0" Pressure="0"/>
        <Point X="444" Y="244" T="0" Pressure="0"/>
        <Point X="444" Y="245" T="0" Pressure="0"/>
        <Point X="441" Y="250" T="0" Pressure="0"/>
        <Point X="439" Y="252" T="0" Pressure="0"/>
        <Point X="437" Y="256" T="0" Pressure="0"/>
        <Point X="436" Y="259" T="0" Pressure="0"/>
        <Point X="430" Y="268" T="0" Pressure="0"/>
        <Point X="427" Y="272" T="0" Pressure="0"/>
        <Point X="419" Y="283" T="0" Pressure="0"/>
        <Point X="415" Y="289" T="0" Pressure="0"/>
        <Point X="411" Y="295" T="0" Pressure="0"/>
        <Point X="403" Y="306" T="0" Pressure="0"/>
        <Point X="399" Y="313" T="0" Pressure="0"/>
        <Point X="395" Y="318" T="0" Pressure="0"/>
        <Point X="388" Y="328" T="0" Pressure="0"/>
        <Point X="384" Y="332" T="0" Pressure="0"/>
        <Point X="381" Y="337" T="0" Pressure="0"/>
        <Point X="374" Y="343" T="0" Pressure="0"/>
        <Point X="372" Y="344" T="0" Pressure="0"/>
        <Point X="369" Y="346" T="0" Pressure="0"/>
        <Point X="367" Y="348" T="0" Pressure="0"/>
        <Point X="365" Y="349" T="0" Pressure="0"/>
        <Point X="364" Y="351" T="0" Pressure="0"/>
        <Point X="360" Y="352" T="0" Pressure="0"/>
        <Point X="360" Y="353" T="0" Pressure="0"/>
        <Point X="359" Y="353" T="0" Pressure="0"/>
        <Point X="358" Y="353" T="0" Pressure="0"/>
        <Point X="358" Y="354" T="0" Pressure="0"/>
    </Stroke>
</Gesture>
