<?xml version="1.0" ?>
<Gesture Name="five_point_star~07" Subject="1" Number="7" NumPts="176" InputType="stylus" Speed="MEDIUM">
    <Stroke index="1">
        <Point X="340" Y="372" T="0" Pressure="0"/>
        <Point X="340" Y="370" T="0" Pressure="0"/>
        <Point X="340" Y="368" T="0" Pressure="0"/>
        <Point X="340" Y="367" T="0" Pressure="0"/>
        <Point X="340" Y="365" T="0" Pressure="0"/>
        <Point X="340" Y="363" T="0" Pressure="0"/>
        <Point X="340" Y="360" T="0" Pressure="0"/>
        <Point X="342" Y="357" T="0" Pressure="0"/>
        <Point X="343" Y="355" T="0" Pressure="0"/>
        <Point X="343" Y="351" T="0" Pressure="0"/>
        <Point X="345" Y="348" T="0" Pressure="0"/>
        <Point X="346" Y="344" T="0" Pressure="0"/>
        <Point X="349" Y="339" T="0" Pressure="0"/>
        <Point X="350" Y="335" T="0" Pressure="0"/>
        <Point X="354" Y="324" T="0" Pressure="0"/>
        <Point X="357" Y="318" T="0" Pressure="0"/>
        <Point X="358" Y="313" T="0" Pressure="0"/>
        <Point X="361" Y="306" T="0" Pressure="0"/>
        <Point X="364" Y="299" T="0" Pressure="0"/>
        <Point X="365" Y="293" T="0" Pressure="0"/>
        <Point X="368" Y="287" T="0" Pressure="0"/>
        <Point X="372" Y="274" T="0" Pressure="0"/>
        <Point X="374" Y="268" T="0" Pressure="0"/>
        <Point X="376" Y="263" T="0" Pressure="0"/>
        <Point X="377" Y="258" T="0" Pressure="0"/>
        <Point X="379" Y="253" T="0" Pressure="0"/>
        <Point X="381" Y="250" T="0" Pressure="0"/>
        <Point X="382" Y="246" T="0" Pressure="0"/>
        <Point X="384" Y="244" T="0" Pressure="0"/>
        <Point X="384" Y="242" T="0" Pressure="0"/>
        <Point X="385" Y="241" T="0" Pressure="0"/>
        <Point X="385" Y="240" T="0" Pressure="0"/>
        <Point X="386" Y="239" T="0" Pressure="0"/>
        <Point X="387" Y="239" T="0" Pressure="0"/>
        <Point X="388" Y="239" T="0" Pressure="0"/>
        <Point X="388" Y="241" T="0" Pressure="0"/>
        <Point X="389" Y="243" T="0" Pressure="0"/>
        <Point X="391" Y="246" T="0" Pressure="0"/>
        <Point X="392" Y="248" T="0" Pressure="0"/>
        <Point X="393" Y="251" T="0" Pressure="0"/>
        <Point X="395" Y="254" T="0" Pressure="0"/>
        <Point X="396" Y="258" T="0" Pressure="0"/>
        <Point X="398" Y="262" T="0" Pressure="0"/>
        <Point X="399" Y="266" T="0" Pressure="0"/>
        <Point X="401" Y="270" T="0" Pressure="0"/>
        <Point X="403" Y="274" T="0" Pressure="0"/>
        <Point X="405" Y="279" T="0" Pressure="0"/>
        <Point X="407" Y="284" T="0" Pressure="0"/>
        <Point X="409" Y="290" T="0" Pressure="0"/>
        <Point X="411" Y="295" T="0" Pressure="0"/>
        <Point X="413" Y="301" T="0" Pressure="0"/>
        <Point X="415" Y="306" T="0" Pressure="0"/>
        <Point X="417" Y="312" T="0" Pressure="0"/>
        <Point X="418" Y="318" T="0" Pressure="0"/>
        <Point X="421" Y="323" T="0" Pressure="0"/>
        <Point X="422" Y="327" T="0" Pressure="0"/>
        <Point X="425" Y="337" T="0" Pressure="0"/>
        <Point X="426" Y="341" T="0" Pressure="0"/>
        <Point X="428" Y="347" T="0" Pressure="0"/>
        <Point X="429" Y="350" T="0" Pressure="0"/>
        <Point X="430" Y="352" T="0" Pressure="0"/>
        <Point X="432" Y="357" T="0" Pressure="0"/>
        <Point X="432" Y="358" T="0" Pressure="0"/>
        <Point X="432" Y="360" T="0" Pressure="0"/>
        <Point X="431" Y="360" T="0" Pressure="0"/>
        <Point X="430" Y="360" T="0" Pressure="0"/>
        <Point X="429" Y="360" T="0" Pressure="0"/>
        <Point X="428" Y="360" T="0" Pressure="0"/>
        <Point X="426" Y="359" T="0" Pressure="0"/>
        <Point X="425" Y="358" T="0" Pressure="0"/>
        <Point X="423" Y="357" T="0" Pressure="0"/>
        <Point X="421" Y="357" T="0" Pressure="0"/>
        <Point X="414" Y="352" T="0" Pressure="0"/>
        <Point X="411" Y="351" T="0" Pressure="0"/>
        <Point X="408" Y="349" T="0" Pressure="0"/>
        <Point X="404" Y="347" T="0" Pressure="0"/>
        <Point X="401" Y="345" T="0" Pressure="0"/>
        <Point X="397" Y="343" T="0" Pressure="0"/>
        <Point X="393" Y="342" T="0" Pressure="0"/>
        <Point X="388" Y="340" T="0" Pressure="0"/>
        <Point X="384" Y="338" T="0" Pressure="0"/>
        <Point X="379" Y="336" T="0" Pressure="0"/>
        <Point X="374" Y="335" T="0" Pressure="0"/>
        <Point X="370" Y="333" T="0" Pressure="0"/>
        <Point X="366" Y="332" T="0" Pressure="0"/>
        <Point X="361" Y="331" T="0" Pressure="0"/>
        <Point X="357" Y="329" T="0" Pressure="0"/>
        <Point X="353" Y="328" T="0" Pressure="0"/>
        <Point X="349" Y="327" T="0" Pressure="0"/>
        <Point X="345" Y="326" T="0" Pressure="0"/>
        <Point X="342" Y="326" T="0" Pressure="0"/>
        <Point X="339" Y="324" T="0" Pressure="0"/>
        <Point X="335" Y="323" T="0" Pressure="0"/>
        <Point X="332" Y="321" T="0" Pressure="0"/>
        <Point X="330" Y="320" T="0" Pressure="0"/>
        <Point X="328" Y="319" T="0" Pressure="0"/>
        <Point X="325" Y="318" T="0" Pressure="0"/>
        <Point X="324" Y="317" T="0" Pressure="0"/>
        <Point X="322" Y="315" T="0" Pressure="0"/>
        <Point X="320" Y="314" T="0" Pressure="0"/>
        <Point X="320" Y="313" T="0" Pressure="0"/>
        <Point X="319" Y="312" T="0" Pressure="0"/>
        <Point X="319" Y="311" T="0" Pressure="0"/>
        <Point X="319" Y="310" T="0" Pressure="0"/>
        <Point X="319" Y="309" T="0" Pressure="0"/>
        <Point X="319" Y="308" T="0" Pressure="0"/>
        <Point X="320" Y="307" T="0" Pressure="0"/>
        <Point X="321" Y="306" T="0" Pressure="0"/>
        <Point X="323" Y="304" T="0" Pressure="0"/>
        <Point X="325" Y="302" T="0" Pressure="0"/>
        <Point X="328" Y="301" T="0" Pressure="0"/>
        <Point X="331" Y="299" T="0" Pressure="0"/>
        <Point X="334" Y="297" T="0" Pressure="0"/>
        <Point X="338" Y="296" T="0" Pressure="0"/>
        <Point X="341" Y="294" T="0" Pressure="0"/>
        <Point X="346" Y="293" T="0" Pressure="0"/>
        <Point X="350" Y="292" T="0" Pressure="0"/>
        <Point X="356" Y="290" T="0" Pressure="0"/>
        <Point X="361" Y="288" T="0" Pressure="0"/>
        <Point X="373" Y="283" T="0" Pressure="0"/>
        <Point X="380" Y="281" T="0" Pressure="0"/>
        <Point X="387" Y="279" T="0" Pressure="0"/>
        <Point X="395" Y="276" T="0" Pressure="0"/>
        <Point X="400" Y="275" T="0" Pressure="0"/>
        <Point X="406" Y="274" T="0" Pressure="0"/>
        <Point X="411" Y="272" T="0" Pressure="0"/>
        <Point X="416" Y="271" T="0" Pressure="0"/>
        <Point X="421" Y="271" T="0" Pressure="0"/>
        <Point X="425" Y="270" T="0" Pressure="0"/>
        <Point X="429" Y="269" T="0" Pressure="0"/>
        <Point X="433" Y="269" T="0" Pressure="0"/>
        <Point X="437" Y="269" T="0" Pressure="0"/>
        <Point X="440" Y="269" T="0" Pressure="0"/>
        <Point X="442" Y="269" T="0" Pressure="0"/>
        <Point X="444" Y="270" T="0" Pressure="0"/>
        <Point X="446" Y="270" T="0" Pressure="0"/>
        <Point X="448" Y="271" T="0" Pressure="0"/>
        <Point X="448" Y="272" T="0" Pressure="0"/>
        <Point X="449" Y="273" T="0" Pressure="0"/>
        <Point X="450" Y="274" T="0" Pressure="0"/>
        <Point X="451" Y="275" T="0" Pressure="0"/>
        <Point X="451" Y="276" T="0" Pressure="0"/>
        <Point X="451" Y="279" T="0" Pressure="0"/>
        <Point X="450" Y="281" T="0" Pressure="0"/>
        <Point X="449" Y="282" T="0" Pressure="0"/>
        <Point X="448" Y="284" T="0" Pressure="0"/>
        <Point X="445" Y="287" T="0" Pressure="0"/>
        <Point X="444" Y="290" T="0" Pressure="0"/>
        <Point X="440" Y="292" T="0" Pressure="0"/>
        <Point X="437" Y="295" T="0" Pressure="0"/>
        <Point X="434" Y="299" T="0" Pressure="0"/>
        <Point X="430" Y="302" T="0" Pressure="0"/>
        <Point X="427" Y="306" T="0" Pressure="0"/>
        <Point X="424" Y="310" T="0" Pressure="0"/>
        <Point X="419" Y="314" T="0" Pressure="0"/>
        <Point X="415" Y="318" T="0" Pressure="0"/>
        <Point X="411" Y="321" T="0" Pressure="0"/>
        <Point X="402" Y="329" T="0" Pressure="0"/>
        <Point X="398" Y="333" T="0" Pressure="0"/>
        <Point X="393" Y="337" T="0" Pressure="0"/>
        <Point X="384" Y="343" T="0" Pressure="0"/>
        <Point X="378" Y="346" T="0" Pressure="0"/>
        <Point X="374" Y="348" T="0" Pressure="0"/>
        <Point X="365" Y="354" T="0" Pressure="0"/>
        <Point X="361" Y="357" T="0" Pressure="0"/>
        <Point X="358" Y="359" T="0" Pressure="0"/>
        <Point X="354" Y="362" T="0" Pressure="0"/>
        <Point X="351" Y="363" T="0" Pressure="0"/>
        <Point X="349" Y="365" T="0" Pressure="0"/>
        <Point X="347" Y="366" T="0" Pressure="0"/>
        <Point X="344" Y="368" T="0" Pressure="0"/>
        <Point X="343" Y="368" T="0" Pressure="0"/>
        <Point X="345" Y="368" T="0" Pressure="0"/>
        <Point X="346" Y="368" T="0" Pressure="0"/>
        <Point X="347" Y="368" T="0" Pressure="0"/>
        <Point X="348" Y="368" T="0" Pressure="0"/>
    </Stroke>
</Gesture>
