<?xml version="1.0" ?>
<Gesture Name="arrowhead~06" Subject="1" Number="6" NumPts="86" InputType="stylus" Speed="MEDIUM">
    <Stroke index="1">
        <Point X="330" Y="382" T="0" Pressure="0"/>
        <Point X="332" Y="381" T="0" Pressure="0"/>
        <Point X="334" Y="381" T="0" Pressure="0"/>
        <Point X="335" Y="380" T="0" Pressure="0"/>
        <Point X="337" Y="380" T="0" Pressure="0"/>
        <Point X="340" Y="380" T="0" Pressure="0"/>
        <Point X="343" Y="379" T="0" Pressure="0"/>
        <Point X="347" Y="379" T="0" Pressure="0"/>
        <Point X="351" Y="379" T="0" Pressure="0"/>
        <Point X="361" Y="378" T="0" Pressure="0"/>
        <Point X="366" Y="378" T="0" Pressure="0"/>
        <Point X="373" Y="378" T="0" Pressure="0"/>
        <Point X="379" Y="378" T="0" Pressure="0"/>
        <Point X="384" Y="378" T="0" Pressure="0"/>
        <Point X="390" Y="378" T="0" Pressure="0"/>
        <Point X="396" Y="378" T="0" Pressure="0"/>
        <Point X="402" Y="378" T="0" Pressure="0"/>
        <Point X="409" Y="378" T="0" Pressure="0"/>
        <Point X="414" Y="378" T="0" Pressure="0"/>
        <Point X="419" Y="378" T="0" Pressure="0"/>
        <Point X="424" Y="378" T="0" Pressure="0"/>
        <Point X="429" Y="378" T="0" Pressure="0"/>
        <Point X="434" Y="377" T="0" Pressure="0"/>
        <Point X="442" Y="377" T="0" Pressure="0"/>
        <Point X="445" Y="377" T="0" Pressure="0"/>
        <Point X="449" Y="377" T="0" Pressure="0"/>
        <Point X="452" Y="377" T="0" Pressure="0"/>
        <Point X="454" Y="377" T="0" Pressure="0"/>
        <Point X="456" Y="377" T="0" Pressure="0"/>
        <Point X="457" Y="377" T="0" Pressure="0"/>
        <Point X="458" Y="377" T="0" Pressure="0"/>
        <Point X="459" Y="377" T="0" Pressure="0"/>
        <Point X="460" Y="377" T="0" Pressure="0"/>
        <Point X="461" Y="377" T="0" Pressure="0"/>
        <Point X="462" Y="377" T="0" Pressure="0"/>
    </Stroke>
    <Stroke index="2">
        <Point X="440" Y="352" T="0" Pressure="0"/>
        <Point X="440" Y="351" T="0" Pressure="0"/>
        <Point X="439" Y="351" T="0" Pressure="0"/>
        <Point X="438" Y="349" T="0" Pressure="0"/>
        <Point X="437" Y="349" T="0" Pressure="0"/>
        <Point X="437" Y="348" T="0" Pressure="0"/>
        <Point X="438" Y="349" T="0" Pressure="0"/>
        <Point X="439" Y="349" T="0" Pressure="0"/>
        <Point X="440" Y="350" T="0" Pressure="0"/>
        <Point X="440" Y="351" T="0" Pressure="0"/>
        <Point X="441" Y="351" T="0" Pressure="0"/>
        <Point X="443" Y="352" T="0" Pressure="0"/>
        <Point X="444" Y="353" T="0" Pressure="0"/>
        <Point X="447" Y="354" T="0" Pressure="0"/>
        <Point X="448" Y="355" T="0" Pressure="0"/>
        <Point X="451" Y="356" T="0" Pressure="0"/>
        <Point X="453" Y="357" T="0" Pressure="0"/>
        <Point X="455" Y="358" T="0" Pressure="0"/>
        <Point X="458" Y="360" T="0" Pressure="0"/>
        <Point X="461" Y="361" T="0" Pressure="0"/>
        <Point X="464" Y="363" T="0" Pressure="0"/>
        <Point X="468" Y="364" T="0" Pressure="0"/>
        <Point X="471" Y="366" T="0" Pressure="0"/>
        <Point X="474" Y="368" T="0" Pressure="0"/>
        <Point X="477" Y="369" T="0" Pressure="0"/>
        <Point X="479" Y="371" T="0" Pressure="0"/>
        <Point X="482" Y="373" T="0" Pressure="0"/>
        <Point X="483" Y="375" T="0" Pressure="0"/>
        <Point X="485" Y="377" T="0" Pressure="0"/>
        <Point X="485" Y="378" T="0" Pressure="0"/>
        <Point X="485" Y="380" T="0" Pressure="0"/>
        <Point X="485" Y="383" T="0" Pressure="0"/>
        <Point X="485" Y="385" T="0" Pressure="0"/>
        <Point X="484" Y="386" T="0" Pressure="0"/>
        <Point X="483" Y="387" T="0" Pressure="0"/>
        <Point X="482" Y="389" T="0" Pressure="0"/>
        <Point X="480" Y="390" T="0" Pressure="0"/>
        <Point X="478" Y="391" T="0" Pressure="0"/>
        <Point X="476" Y="392" T="0" Pressure="0"/>
        <Point X="474" Y="393" T="0" Pressure="0"/>
        <Point X="471" Y="394" T="0" Pressure="0"/>
        <Point X="468" Y="395" T="0" Pressure="0"/>
        <Point X="466" Y="395" T="0" Pressure="0"/>
        <Point X="463" Y="396" T="0" Pressure="0"/>
        <Point X="460" Y="397" T="0" Pressure="0"/>
        <Point X="458" Y="398" T="0" Pressure="0"/>
        <Point X="455" Y="398" T="0" Pressure="0"/>
        <Point X="453" Y="399" T="0" Pressure="0"/>
        <Point X="452" Y="400" T="0" Pressure="0"/>
        <Point X="448" Y="401" T="0" Pressure="0"/>
        <Point X="447" Y="401" T="0" Pressure="0"/>
    </Stroke>
</Gesture>
