<?xml version="1.0" ?>
<Gesture Name="line~07" Subject="1" Number="7" NumPts="41" InputType="stylus" Speed="MEDIUM">
    <Stroke index="1">
        <Point X="293" Y="367" T="0" Pressure="0"/>
        <Point X="293" Y="366" T="0" Pressure="0"/>
        <Point X="293" Y="365" T="0" Pressure="0"/>
        <Point X="294" Y="364" T="0" Pressure="0"/>
        <Point X="297" Y="364" T="0" Pressure="0"/>
        <Point X="299" Y="364" T="0" Pressure="0"/>
        <Point X="301" Y="363" T="0" Pressure="0"/>
        <Point X="305" Y="363" T="0" Pressure="0"/>
        <Point X="313" Y="363" T="0" Pressure="0"/>
        <Point X="318" Y="362" T="0" Pressure="0"/>
        <Point X="330" Y="362" T="0" Pressure="0"/>
        <Point X="335" Y="361" T="0" Pressure="0"/>
        <Point X="342" Y="361" T="0" Pressure="0"/>
        <Point X="348" Y="361" T="0" Pressure="0"/>
        <Point X="355" Y="360" T="0" Pressure="0"/>
        <Point X="362" Y="360" T="0" Pressure="0"/>
        <Point X="370" Y="358" T="0" Pressure="0"/>
        <Point X="376" Y="358" T="0" Pressure="0"/>
        <Point X="384" Y="358" T="0" Pressure="0"/>
        <Point X="391" Y="358" T="0" Pressure="0"/>
        <Point X="398" Y="357" T="0" Pressure="0"/>
        <Point X="413" Y="357" T="0" Pressure="0"/>
        <Point X="418" Y="357" T="0" Pressure="0"/>
        <Point X="425" Y="357" T="0" Pressure="0"/>
        <Point X="431" Y="357" T="0" Pressure="0"/>
        <Point X="437" Y="356" T="0" Pressure="0"/>
        <Point X="442" Y="356" T="0" Pressure="0"/>
        <Point X="448" Y="356" T="0" Pressure="0"/>
        <Point X="452" Y="356" T="0" Pressure="0"/>
        <Point X="455" Y="356" T="0" Pressure="0"/>
        <Point X="459" Y="356" T="0" Pressure="0"/>
        <Point X="462" Y="356" T="0" Pressure="0"/>
        <Point X="465" Y="356" T="0" Pressure="0"/>
        <Point X="467" Y="356" T="0" Pressure="0"/>
        <Point X="469" Y="357" T="0" Pressure="0"/>
        <Point X="470" Y="357" T="0" Pressure="0"/>
        <Point X="471" Y="357" T="0" Pressure="0"/>
        <Point X="472" Y="357" T="0" Pressure="0"/>
        <Point X="472" Y="358" T="0" Pressure="0"/>
        <Point X="471" Y="358" T="0" Pressure="0"/>
        <Point X="470" Y="359" T="0" Pressure="0"/>
    </Stroke>
</Gesture>
