<?xml version="1.0" ?>
<Gesture Name="T~05" Subject="1" Number="5" NumPts="40" InputType="stylus" Speed="MEDIUM">
    <Stroke index="1">
        <Point X="306" Y="318" T="0" Pressure="0"/>
        <Point X="308" Y="317" T="0" Pressure="0"/>
        <Point X="309" Y="316" T="0" Pressure="0"/>
        <Point X="310" Y="316" T="0" Pressure="0"/>
        <Point X="313" Y="315" T="0" Pressure="0"/>
        <Point X="321" Y="314" T="0" Pressure="0"/>
        <Point X="327" Y="313" T="0" Pressure="0"/>
        <Point X="332" Y="312" T="0" Pressure="0"/>
        <Point X="346" Y="308" T="0" Pressure="0"/>
        <Point X="359" Y="306" T="0" Pressure="0"/>
        <Point X="372" Y="304" T="0" Pressure="0"/>
        <Point X="377" Y="303" T="0" Pressure="0"/>
        <Point X="383" Y="302" T="0" Pressure="0"/>
        <Point X="394" Y="301" T="0" Pressure="0"/>
        <Point X="398" Y="301" T="0" Pressure="0"/>
        <Point X="401" Y="301" T="0" Pressure="0"/>
        <Point X="404" Y="302" T="0" Pressure="0"/>
        <Point X="406" Y="302" T="0" Pressure="0"/>
        <Point X="406" Y="303" T="0" Pressure="0"/>
    </Stroke>
    <Stroke index="2">
        <Point X="370" Y="309" T="0" Pressure="0"/>
        <Point X="369" Y="309" T="0" Pressure="0"/>
        <Point X="369" Y="308" T="0" Pressure="0"/>
        <Point X="369" Y="309" T="0" Pressure="0"/>
        <Point X="369" Y="310" T="0" Pressure="0"/>
        <Point X="371" Y="313" T="0" Pressure="0"/>
        <Point X="372" Y="315" T="0" Pressure="0"/>
        <Point X="373" Y="317" T="0" Pressure="0"/>
        <Point X="373" Y="320" T="0" Pressure="0"/>
        <Point X="373" Y="324" T="0" Pressure="0"/>
        <Point X="373" Y="328" T="0" Pressure="0"/>
        <Point X="373" Y="333" T="0" Pressure="0"/>
        <Point X="373" Y="338" T="0" Pressure="0"/>
        <Point X="373" Y="343" T="0" Pressure="0"/>
        <Point X="372" Y="350" T="0" Pressure="0"/>
        <Point X="370" Y="355" T="0" Pressure="0"/>
        <Point X="368" Y="366" T="0" Pressure="0"/>
        <Point X="366" Y="371" T="0" Pressure="0"/>
        <Point X="365" Y="377" T="0" Pressure="0"/>
        <Point X="364" Y="383" T="0" Pressure="0"/>
        <Point X="363" Y="388" T="0" Pressure="0"/>
    </Stroke>
</Gesture>
