<?xml version="1.0" ?>
<Gesture Name="six_point_star~10" Subject="1" Number="10" NumPts="206" InputType="stylus" Speed="MEDIUM">
    <Stroke index="1">
        <Point X="339" Y="345" T="0" Pressure="0"/>
        <Point X="338" Y="345" T="0" Pressure="0"/>
        <Point X="337" Y="345" T="0" Pressure="0"/>
        <Point X="336" Y="345" T="0" Pressure="0"/>
        <Point X="336" Y="344" T="0" Pressure="0"/>
        <Point X="337" Y="344" T="0" Pressure="0"/>
        <Point X="338" Y="343" T="0" Pressure="0"/>
        <Point X="338" Y="342" T="0" Pressure="0"/>
        <Point X="339" Y="342" T="0" Pressure="0"/>
        <Point X="339" Y="340" T="0" Pressure="0"/>
        <Point X="340" Y="339" T="0" Pressure="0"/>
        <Point X="341" Y="337" T="0" Pressure="0"/>
        <Point X="342" Y="336" T="0" Pressure="0"/>
        <Point X="343" Y="333" T="0" Pressure="0"/>
        <Point X="344" Y="331" T="0" Pressure="0"/>
        <Point X="345" Y="328" T="0" Pressure="0"/>
        <Point X="346" Y="325" T="0" Pressure="0"/>
        <Point X="347" Y="321" T="0" Pressure="0"/>
        <Point X="349" Y="318" T="0" Pressure="0"/>
        <Point X="350" Y="313" T="0" Pressure="0"/>
        <Point X="354" Y="297" T="0" Pressure="0"/>
        <Point X="355" Y="292" T="0" Pressure="0"/>
        <Point X="358" Y="286" T="0" Pressure="0"/>
        <Point X="359" Y="279" T="0" Pressure="0"/>
        <Point X="361" Y="273" T="0" Pressure="0"/>
        <Point X="362" Y="268" T="0" Pressure="0"/>
        <Point X="365" Y="262" T="0" Pressure="0"/>
        <Point X="366" Y="256" T="0" Pressure="0"/>
        <Point X="369" Y="251" T="0" Pressure="0"/>
        <Point X="371" Y="244" T="0" Pressure="0"/>
        <Point X="373" Y="240" T="0" Pressure="0"/>
        <Point X="376" Y="236" T="0" Pressure="0"/>
        <Point X="378" Y="231" T="0" Pressure="0"/>
        <Point X="380" Y="227" T="0" Pressure="0"/>
        <Point X="383" Y="224" T="0" Pressure="0"/>
        <Point X="384" Y="221" T="0" Pressure="0"/>
        <Point X="385" Y="219" T="0" Pressure="0"/>
        <Point X="387" Y="218" T="0" Pressure="0"/>
        <Point X="388" Y="217" T="0" Pressure="0"/>
        <Point X="389" Y="216" T="0" Pressure="0"/>
        <Point X="390" Y="215" T="0" Pressure="0"/>
        <Point X="392" Y="214" T="0" Pressure="0"/>
        <Point X="394" Y="214" T="0" Pressure="0"/>
        <Point X="396" Y="216" T="0" Pressure="0"/>
        <Point X="397" Y="218" T="0" Pressure="0"/>
        <Point X="399" Y="219" T="0" Pressure="0"/>
        <Point X="400" Y="220" T="0" Pressure="0"/>
        <Point X="402" Y="222" T="0" Pressure="0"/>
        <Point X="403" Y="225" T="0" Pressure="0"/>
        <Point X="406" Y="228" T="0" Pressure="0"/>
        <Point X="410" Y="235" T="0" Pressure="0"/>
        <Point X="412" Y="239" T="0" Pressure="0"/>
        <Point X="414" Y="244" T="0" Pressure="0"/>
        <Point X="419" Y="253" T="0" Pressure="0"/>
        <Point X="422" Y="259" T="0" Pressure="0"/>
        <Point X="424" Y="264" T="0" Pressure="0"/>
        <Point X="426" Y="269" T="0" Pressure="0"/>
        <Point X="429" Y="275" T="0" Pressure="0"/>
        <Point X="430" Y="281" T="0" Pressure="0"/>
        <Point X="433" Y="287" T="0" Pressure="0"/>
        <Point X="435" Y="293" T="0" Pressure="0"/>
        <Point X="437" Y="297" T="0" Pressure="0"/>
        <Point X="438" Y="302" T="0" Pressure="0"/>
        <Point X="440" Y="307" T="0" Pressure="0"/>
        <Point X="442" Y="317" T="0" Pressure="0"/>
        <Point X="443" Y="321" T="0" Pressure="0"/>
        <Point X="444" Y="324" T="0" Pressure="0"/>
        <Point X="444" Y="327" T="0" Pressure="0"/>
        <Point X="444" Y="331" T="0" Pressure="0"/>
        <Point X="445" Y="340" T="0" Pressure="0"/>
        <Point X="445" Y="341" T="0" Pressure="0"/>
        <Point X="445" Y="342" T="0" Pressure="0"/>
        <Point X="444" Y="344" T="0" Pressure="0"/>
        <Point X="444" Y="345" T="0" Pressure="0"/>
        <Point X="443" Y="345" T="0" Pressure="0"/>
        <Point X="441" Y="346" T="0" Pressure="0"/>
        <Point X="440" Y="346" T="0" Pressure="0"/>
        <Point X="439" Y="346" T="0" Pressure="0"/>
        <Point X="437" Y="346" T="0" Pressure="0"/>
        <Point X="434" Y="347" T="0" Pressure="0"/>
        <Point X="432" Y="347" T="0" Pressure="0"/>
        <Point X="429" Y="347" T="0" Pressure="0"/>
        <Point X="426" Y="346" T="0" Pressure="0"/>
        <Point X="424" Y="346" T="0" Pressure="0"/>
        <Point X="420" Y="346" T="0" Pressure="0"/>
        <Point X="416" Y="345" T="0" Pressure="0"/>
        <Point X="413" Y="344" T="0" Pressure="0"/>
        <Point X="409" Y="344" T="0" Pressure="0"/>
        <Point X="404" Y="343" T="0" Pressure="0"/>
        <Point X="400" Y="343" T="0" Pressure="0"/>
        <Point X="396" Y="342" T="0" Pressure="0"/>
        <Point X="391" Y="341" T="0" Pressure="0"/>
        <Point X="387" Y="341" T="0" Pressure="0"/>
        <Point X="382" Y="340" T="0" Pressure="0"/>
        <Point X="378" Y="340" T="0" Pressure="0"/>
        <Point X="373" Y="340" T="0" Pressure="0"/>
        <Point X="369" Y="340" T="0" Pressure="0"/>
        <Point X="365" Y="339" T="0" Pressure="0"/>
        <Point X="362" Y="339" T="0" Pressure="0"/>
        <Point X="360" Y="339" T="0" Pressure="0"/>
        <Point X="358" Y="339" T="0" Pressure="0"/>
        <Point X="355" Y="339" T="0" Pressure="0"/>
        <Point X="354" Y="339" T="0" Pressure="0"/>
        <Point X="352" Y="339" T="0" Pressure="0"/>
        <Point X="350" Y="339" T="0" Pressure="0"/>
        <Point X="349" Y="339" T="0" Pressure="0"/>
        <Point X="349" Y="340" T="0" Pressure="0"/>
        <Point X="349" Y="341" T="0" Pressure="0"/>
    </Stroke>
    <Stroke index="2">
        <Point X="331" Y="264" T="0" Pressure="0"/>
        <Point X="331" Y="263" T="0" Pressure="0"/>
        <Point X="331" Y="262" T="0" Pressure="0"/>
        <Point X="332" Y="263" T="0" Pressure="0"/>
        <Point X="334" Y="264" T="0" Pressure="0"/>
        <Point X="335" Y="266" T="0" Pressure="0"/>
        <Point X="335" Y="267" T="0" Pressure="0"/>
        <Point X="336" Y="269" T="0" Pressure="0"/>
        <Point X="339" Y="274" T="0" Pressure="0"/>
        <Point X="340" Y="278" T="0" Pressure="0"/>
        <Point X="343" Y="283" T="0" Pressure="0"/>
        <Point X="344" Y="288" T="0" Pressure="0"/>
        <Point X="346" Y="293" T="0" Pressure="0"/>
        <Point X="348" Y="298" T="0" Pressure="0"/>
        <Point X="353" Y="312" T="0" Pressure="0"/>
        <Point X="355" Y="318" T="0" Pressure="0"/>
        <Point X="357" Y="324" T="0" Pressure="0"/>
        <Point X="359" Y="330" T="0" Pressure="0"/>
        <Point X="361" Y="336" T="0" Pressure="0"/>
        <Point X="363" Y="342" T="0" Pressure="0"/>
        <Point X="365" Y="347" T="0" Pressure="0"/>
        <Point X="369" Y="357" T="0" Pressure="0"/>
        <Point X="371" Y="363" T="0" Pressure="0"/>
        <Point X="373" Y="367" T="0" Pressure="0"/>
        <Point X="376" Y="374" T="0" Pressure="0"/>
        <Point X="379" Y="378" T="0" Pressure="0"/>
        <Point X="380" Y="381" T="0" Pressure="0"/>
        <Point X="381" Y="383" T="0" Pressure="0"/>
        <Point X="384" Y="387" T="0" Pressure="0"/>
        <Point X="385" Y="388" T="0" Pressure="0"/>
        <Point X="387" Y="389" T="0" Pressure="0"/>
        <Point X="388" Y="389" T="0" Pressure="0"/>
        <Point X="389" Y="389" T="0" Pressure="0"/>
        <Point X="390" Y="389" T="0" Pressure="0"/>
        <Point X="391" Y="388" T="0" Pressure="0"/>
        <Point X="391" Y="387" T="0" Pressure="0"/>
        <Point X="392" Y="385" T="0" Pressure="0"/>
        <Point X="395" Y="381" T="0" Pressure="0"/>
        <Point X="396" Y="379" T="0" Pressure="0"/>
        <Point X="398" Y="376" T="0" Pressure="0"/>
        <Point X="399" Y="373" T="0" Pressure="0"/>
        <Point X="400" Y="370" T="0" Pressure="0"/>
        <Point X="402" Y="367" T="0" Pressure="0"/>
        <Point X="403" Y="363" T="0" Pressure="0"/>
        <Point X="407" Y="354" T="0" Pressure="0"/>
        <Point X="410" Y="348" T="0" Pressure="0"/>
        <Point X="411" Y="343" T="0" Pressure="0"/>
        <Point X="416" Y="332" T="0" Pressure="0"/>
        <Point X="418" Y="326" T="0" Pressure="0"/>
        <Point X="421" Y="320" T="0" Pressure="0"/>
        <Point X="426" Y="308" T="0" Pressure="0"/>
        <Point X="429" Y="303" T="0" Pressure="0"/>
        <Point X="432" Y="298" T="0" Pressure="0"/>
        <Point X="437" Y="289" T="0" Pressure="0"/>
        <Point X="440" Y="284" T="0" Pressure="0"/>
        <Point X="443" Y="281" T="0" Pressure="0"/>
        <Point X="445" Y="277" T="0" Pressure="0"/>
        <Point X="449" Y="272" T="0" Pressure="0"/>
        <Point X="451" Y="270" T="0" Pressure="0"/>
        <Point X="453" Y="268" T="0" Pressure="0"/>
        <Point X="455" Y="267" T="0" Pressure="0"/>
        <Point X="455" Y="266" T="0" Pressure="0"/>
        <Point X="457" Y="264" T="0" Pressure="0"/>
        <Point X="458" Y="264" T="0" Pressure="0"/>
        <Point X="459" Y="264" T="0" Pressure="0"/>
        <Point X="458" Y="264" T="0" Pressure="0"/>
        <Point X="456" Y="264" T="0" Pressure="0"/>
        <Point X="455" Y="264" T="0" Pressure="0"/>
        <Point X="453" Y="264" T="0" Pressure="0"/>
        <Point X="452" Y="264" T="0" Pressure="0"/>
        <Point X="448" Y="264" T="0" Pressure="0"/>
        <Point X="445" Y="264" T="0" Pressure="0"/>
        <Point X="442" Y="263" T="0" Pressure="0"/>
        <Point X="436" Y="262" T="0" Pressure="0"/>
        <Point X="433" Y="261" T="0" Pressure="0"/>
        <Point X="429" Y="261" T="0" Pressure="0"/>
        <Point X="420" Y="259" T="0" Pressure="0"/>
        <Point X="415" Y="258" T="0" Pressure="0"/>
        <Point X="410" Y="257" T="0" Pressure="0"/>
        <Point X="400" Y="255" T="0" Pressure="0"/>
        <Point X="395" Y="254" T="0" Pressure="0"/>
        <Point X="389" Y="254" T="0" Pressure="0"/>
        <Point X="377" Y="253" T="0" Pressure="0"/>
        <Point X="372" Y="252" T="0" Pressure="0"/>
        <Point X="366" Y="252" T="0" Pressure="0"/>
        <Point X="354" Y="252" T="0" Pressure="0"/>
        <Point X="348" Y="252" T="0" Pressure="0"/>
        <Point X="342" Y="253" T="0" Pressure="0"/>
        <Point X="334" Y="253" T="0" Pressure="0"/>
        <Point X="331" Y="253" T="0" Pressure="0"/>
        <Point X="328" Y="254" T="0" Pressure="0"/>
        <Point X="324" Y="254" T="0" Pressure="0"/>
        <Point X="324" Y="255" T="0" Pressure="0"/>
        <Point X="323" Y="256" T="0" Pressure="0"/>
        <Point X="323" Y="257" T="0" Pressure="0"/>
        <Point X="323" Y="258" T="0" Pressure="0"/>
        <Point X="323" Y="259" T="0" Pressure="0"/>
        <Point X="325" Y="262" T="0" Pressure="0"/>
    </Stroke>
</Gesture>
