<?xml version="1.0" ?>
<Gesture Name="N~07" Subject="1" Number="7" NumPts="100" InputType="stylus" Speed="MEDIUM">
    <Stroke index="1">
        <Point X="350" Y="273" T="0" Pressure="0"/>
        <Point X="350" Y="272" T="0" Pressure="0"/>
        <Point X="350" Y="271" T="0" Pressure="0"/>
        <Point X="349" Y="271" T="0" Pressure="0"/>
        <Point X="349" Y="273" T="0" Pressure="0"/>
        <Point X="349" Y="274" T="0" Pressure="0"/>
        <Point X="349" Y="276" T="0" Pressure="0"/>
        <Point X="349" Y="279" T="0" Pressure="0"/>
        <Point X="349" Y="283" T="0" Pressure="0"/>
        <Point X="349" Y="287" T="0" Pressure="0"/>
        <Point X="349" Y="291" T="0" Pressure="0"/>
        <Point X="349" Y="296" T="0" Pressure="0"/>
        <Point X="349" Y="301" T="0" Pressure="0"/>
        <Point X="348" Y="308" T="0" Pressure="0"/>
        <Point X="348" Y="315" T="0" Pressure="0"/>
        <Point X="347" Y="320" T="0" Pressure="0"/>
        <Point X="347" Y="326" T="0" Pressure="0"/>
        <Point X="347" Y="332" T="0" Pressure="0"/>
        <Point X="347" Y="337" T="0" Pressure="0"/>
        <Point X="347" Y="342" T="0" Pressure="0"/>
        <Point X="348" Y="344" T="0" Pressure="0"/>
        <Point X="349" Y="347" T="0" Pressure="0"/>
        <Point X="350" Y="350" T="0" Pressure="0"/>
        <Point X="350" Y="352" T="0" Pressure="0"/>
        <Point X="350" Y="355" T="0" Pressure="0"/>
        <Point X="351" Y="357" T="0" Pressure="0"/>
        <Point X="351" Y="358" T="0" Pressure="0"/>
        <Point X="351" Y="359" T="0" Pressure="0"/>
        <Point X="352" Y="359" T="0" Pressure="0"/>
        <Point X="353" Y="358" T="0" Pressure="0"/>
        <Point X="353" Y="357" T="0" Pressure="0"/>
        <Point X="353" Y="355" T="0" Pressure="0"/>
        <Point X="353" Y="353" T="0" Pressure="0"/>
    </Stroke>
    <Stroke index="2">
        <Point X="347" Y="276" T="0" Pressure="0"/>
        <Point X="347" Y="274" T="0" Pressure="0"/>
        <Point X="346" Y="273" T="0" Pressure="0"/>
        <Point X="346" Y="272" T="0" Pressure="0"/>
        <Point X="346" Y="271" T="0" Pressure="0"/>
        <Point X="346" Y="270" T="0" Pressure="0"/>
        <Point X="346" Y="269" T="0" Pressure="0"/>
        <Point X="347" Y="269" T="0" Pressure="0"/>
        <Point X="348" Y="270" T="0" Pressure="0"/>
        <Point X="350" Y="272" T="0" Pressure="0"/>
        <Point X="352" Y="273" T="0" Pressure="0"/>
        <Point X="354" Y="276" T="0" Pressure="0"/>
        <Point X="355" Y="277" T="0" Pressure="0"/>
        <Point X="358" Y="279" T="0" Pressure="0"/>
        <Point X="360" Y="282" T="0" Pressure="0"/>
        <Point X="362" Y="285" T="0" Pressure="0"/>
        <Point X="365" Y="288" T="0" Pressure="0"/>
        <Point X="369" Y="292" T="0" Pressure="0"/>
        <Point X="372" Y="295" T="0" Pressure="0"/>
        <Point X="375" Y="299" T="0" Pressure="0"/>
        <Point X="379" Y="303" T="0" Pressure="0"/>
        <Point X="383" Y="307" T="0" Pressure="0"/>
        <Point X="388" Y="312" T="0" Pressure="0"/>
        <Point X="395" Y="320" T="0" Pressure="0"/>
        <Point X="399" Y="324" T="0" Pressure="0"/>
        <Point X="403" Y="328" T="0" Pressure="0"/>
        <Point X="411" Y="337" T="0" Pressure="0"/>
        <Point X="415" Y="340" T="0" Pressure="0"/>
        <Point X="418" Y="343" T="0" Pressure="0"/>
        <Point X="424" Y="347" T="0" Pressure="0"/>
        <Point X="427" Y="350" T="0" Pressure="0"/>
        <Point X="429" Y="352" T="0" Pressure="0"/>
        <Point X="432" Y="353" T="0" Pressure="0"/>
        <Point X="434" Y="355" T="0" Pressure="0"/>
        <Point X="436" Y="355" T="0" Pressure="0"/>
        <Point X="437" Y="356" T="0" Pressure="0"/>
        <Point X="440" Y="356" T="0" Pressure="0"/>
        <Point X="441" Y="356" T="0" Pressure="0"/>
    </Stroke>
    <Stroke index="3">
        <Point X="426" Y="268" T="0" Pressure="0"/>
        <Point X="425" Y="264" T="0" Pressure="0"/>
        <Point X="424" Y="263" T="0" Pressure="0"/>
        <Point X="424" Y="262" T="0" Pressure="0"/>
        <Point X="425" Y="263" T="0" Pressure="0"/>
        <Point X="425" Y="264" T="0" Pressure="0"/>
        <Point X="425" Y="267" T="0" Pressure="0"/>
        <Point X="426" Y="271" T="0" Pressure="0"/>
        <Point X="426" Y="274" T="0" Pressure="0"/>
        <Point X="427" Y="279" T="0" Pressure="0"/>
        <Point X="428" Y="283" T="0" Pressure="0"/>
        <Point X="428" Y="287" T="0" Pressure="0"/>
        <Point X="428" Y="297" T="0" Pressure="0"/>
        <Point X="428" Y="302" T="0" Pressure="0"/>
        <Point X="429" Y="307" T="0" Pressure="0"/>
        <Point X="429" Y="318" T="0" Pressure="0"/>
        <Point X="430" Y="322" T="0" Pressure="0"/>
        <Point X="431" Y="328" T="0" Pressure="0"/>
        <Point X="432" Y="333" T="0" Pressure="0"/>
        <Point X="433" Y="341" T="0" Pressure="0"/>
        <Point X="433" Y="344" T="0" Pressure="0"/>
        <Point X="434" Y="351" T="0" Pressure="0"/>
        <Point X="434" Y="353" T="0" Pressure="0"/>
        <Point X="434" Y="356" T="0" Pressure="0"/>
        <Point X="434" Y="360" T="0" Pressure="0"/>
        <Point X="434" Y="361" T="0" Pressure="0"/>
        <Point X="434" Y="363" T="0" Pressure="0"/>
        <Point X="434" Y="364" T="0" Pressure="0"/>
        <Point X="433" Y="364" T="0" Pressure="0"/>
    </Stroke>
</Gesture>
