<?xml version="1.0" ?>
<Gesture Name="exclamation_point~01" Subject="1" Number="1" NumPts="17" InputType="stylus" Speed="MEDIUM">
    <Stroke index="1">
        <Point X="384" Y="207" T="0" Pressure="0"/>
        <Point X="384" Y="205" T="0" Pressure="0"/>
        <Point X="385" Y="208" T="0" Pressure="0"/>
        <Point X="385" Y="210" T="0" Pressure="0"/>
        <Point X="386" Y="214" T="0" Pressure="0"/>
        <Point X="387" Y="219" T="0" Pressure="0"/>
        <Point X="387" Y="222" T="0" Pressure="0"/>
        <Point X="387" Y="226" T="0" Pressure="0"/>
        <Point X="388" Y="231" T="0" Pressure="0"/>
        <Point X="388" Y="236" T="0" Pressure="0"/>
        <Point X="384" Y="298" T="0" Pressure="0"/>
    </Stroke>
    <Stroke index="2">
        <Point X="391" Y="346" T="0" Pressure="0"/>
        <Point X="389" Y="344" T="0" Pressure="0"/>
        <Point X="388" Y="341" T="0" Pressure="0"/>
        <Point X="388" Y="340" T="0" Pressure="0"/>
        <Point X="388" Y="341" T="0" Pressure="0"/>
        <Point X="388" Y="342" T="0" Pressure="0"/>
    </Stroke>
</Gesture>
