<?xml version="1.0" ?>
<Gesture Name="I~10" Subject="1" Number="10" NumPts="100" InputType="stylus" Speed="MEDIUM">
    <Stroke index="1">
        <Point X="357" Y="259" T="0" Pressure="0"/>
        <Point X="357" Y="258" T="0" Pressure="0"/>
        <Point X="358" Y="257" T="0" Pressure="0"/>
        <Point X="362" Y="255" T="0" Pressure="0"/>
        <Point X="365" Y="254" T="0" Pressure="0"/>
        <Point X="368" Y="254" T="0" Pressure="0"/>
        <Point X="370" Y="253" T="0" Pressure="0"/>
        <Point X="374" Y="253" T="0" Pressure="0"/>
        <Point X="388" Y="251" T="0" Pressure="0"/>
        <Point X="393" Y="249" T="0" Pressure="0"/>
        <Point X="399" Y="249" T="0" Pressure="0"/>
        <Point X="404" Y="248" T="0" Pressure="0"/>
        <Point X="409" Y="247" T="0" Pressure="0"/>
        <Point X="415" Y="246" T="0" Pressure="0"/>
        <Point X="419" Y="246" T="0" Pressure="0"/>
        <Point X="424" Y="245" T="0" Pressure="0"/>
        <Point X="429" Y="245" T="0" Pressure="0"/>
        <Point X="433" Y="244" T="0" Pressure="0"/>
        <Point X="437" Y="244" T="0" Pressure="0"/>
        <Point X="441" Y="244" T="0" Pressure="0"/>
        <Point X="447" Y="244" T="0" Pressure="0"/>
        <Point X="455" Y="245" T="0" Pressure="0"/>
        <Point X="455" Y="246" T="0" Pressure="0"/>
        <Point X="455" Y="247" T="0" Pressure="0"/>
        <Point X="455" Y="248" T="0" Pressure="0"/>
        <Point X="453" Y="248" T="0" Pressure="0"/>
    </Stroke>
    <Stroke index="2">
        <Point X="411" Y="257" T="0" Pressure="0"/>
        <Point X="410" Y="257" T="0" Pressure="0"/>
        <Point X="409" Y="257" T="0" Pressure="0"/>
        <Point X="408" Y="257" T="0" Pressure="0"/>
        <Point X="407" Y="257" T="0" Pressure="0"/>
        <Point X="407" Y="258" T="0" Pressure="0"/>
        <Point X="407" Y="259" T="0" Pressure="0"/>
        <Point X="407" Y="261" T="0" Pressure="0"/>
        <Point X="407" Y="263" T="0" Pressure="0"/>
        <Point X="407" Y="264" T="0" Pressure="0"/>
        <Point X="407" Y="267" T="0" Pressure="0"/>
        <Point X="407" Y="269" T="0" Pressure="0"/>
        <Point X="408" Y="273" T="0" Pressure="0"/>
        <Point X="408" Y="276" T="0" Pressure="0"/>
        <Point X="408" Y="280" T="0" Pressure="0"/>
        <Point X="408" Y="283" T="0" Pressure="0"/>
        <Point X="407" Y="293" T="0" Pressure="0"/>
        <Point X="407" Y="297" T="0" Pressure="0"/>
        <Point X="406" Y="301" T="0" Pressure="0"/>
        <Point X="405" Y="306" T="0" Pressure="0"/>
        <Point X="404" Y="309" T="0" Pressure="0"/>
        <Point X="404" Y="314" T="0" Pressure="0"/>
        <Point X="403" Y="317" T="0" Pressure="0"/>
        <Point X="403" Y="320" T="0" Pressure="0"/>
        <Point X="403" Y="323" T="0" Pressure="0"/>
        <Point X="402" Y="326" T="0" Pressure="0"/>
        <Point X="402" Y="328" T="0" Pressure="0"/>
        <Point X="400" Y="332" T="0" Pressure="0"/>
        <Point X="399" Y="334" T="0" Pressure="0"/>
        <Point X="399" Y="337" T="0" Pressure="0"/>
        <Point X="398" Y="339" T="0" Pressure="0"/>
        <Point X="397" Y="341" T="0" Pressure="0"/>
        <Point X="396" Y="343" T="0" Pressure="0"/>
        <Point X="396" Y="344" T="0" Pressure="0"/>
    </Stroke>
    <Stroke index="3">
        <Point X="336" Y="358" T="0" Pressure="0"/>
        <Point X="335" Y="358" T="0" Pressure="0"/>
        <Point X="335" Y="357" T="0" Pressure="0"/>
        <Point X="335" Y="356" T="0" Pressure="0"/>
        <Point X="336" Y="355" T="0" Pressure="0"/>
        <Point X="338" Y="355" T="0" Pressure="0"/>
        <Point X="340" Y="355" T="0" Pressure="0"/>
        <Point X="342" Y="354" T="0" Pressure="0"/>
        <Point X="345" Y="353" T="0" Pressure="0"/>
        <Point X="347" Y="353" T="0" Pressure="0"/>
        <Point X="350" Y="352" T="0" Pressure="0"/>
        <Point X="365" Y="351" T="0" Pressure="0"/>
        <Point X="376" Y="350" T="0" Pressure="0"/>
        <Point X="381" Y="349" T="0" Pressure="0"/>
        <Point X="388" Y="349" T="0" Pressure="0"/>
        <Point X="393" Y="348" T="0" Pressure="0"/>
        <Point X="399" Y="348" T="0" Pressure="0"/>
        <Point X="405" Y="348" T="0" Pressure="0"/>
        <Point X="410" Y="347" T="0" Pressure="0"/>
        <Point X="414" Y="347" T="0" Pressure="0"/>
        <Point X="418" Y="347" T="0" Pressure="0"/>
        <Point X="423" Y="347" T="0" Pressure="0"/>
        <Point X="427" Y="347" T="0" Pressure="0"/>
        <Point X="431" Y="346" T="0" Pressure="0"/>
        <Point X="433" Y="346" T="0" Pressure="0"/>
        <Point X="436" Y="346" T="0" Pressure="0"/>
        <Point X="439" Y="346" T="0" Pressure="0"/>
        <Point X="440" Y="346" T="0" Pressure="0"/>
        <Point X="441" Y="346" T="0" Pressure="0"/>
        <Point X="443" Y="346" T="0" Pressure="0"/>
        <Point X="444" Y="346" T="0" Pressure="0"/>
        <Point X="444" Y="347" T="0" Pressure="0"/>
        <Point X="443" Y="348" T="0" Pressure="0"/>
        <Point X="442" Y="348" T="0" Pressure="0"/>
        <Point X="441" Y="349" T="0" Pressure="0"/>
        <Point X="440" Y="350" T="0" Pressure="0"/>
        <Point X="440" Y="351" T="0" Pressure="0"/>
        <Point X="439" Y="351" T="0" Pressure="0"/>
        <Point X="437" Y="352" T="0" Pressure="0"/>
        <Point X="437" Y="353" T="0" Pressure="0"/>
    </Stroke>
</Gesture>
