<?xml version="1.0" ?>
<Gesture Name="asterisk~10" Subject="1" Number="10" NumPts="112" InputType="stylus" Speed="MEDIUM">
    <Stroke index="1">
        <Point X="404" Y="233" T="0" Pressure="0"/>
        <Point X="404" Y="234" T="0" Pressure="0"/>
        <Point X="403" Y="235" T="0" Pressure="0"/>
        <Point X="403" Y="236" T="0" Pressure="0"/>
        <Point X="403" Y="239" T="0" Pressure="0"/>
        <Point X="403" Y="242" T="0" Pressure="0"/>
        <Point X="403" Y="245" T="0" Pressure="0"/>
        <Point X="403" Y="248" T="0" Pressure="0"/>
        <Point X="403" Y="253" T="0" Pressure="0"/>
        <Point X="403" Y="258" T="0" Pressure="0"/>
        <Point X="403" Y="264" T="0" Pressure="0"/>
        <Point X="402" Y="269" T="0" Pressure="0"/>
        <Point X="402" Y="276" T="0" Pressure="0"/>
        <Point X="401" Y="282" T="0" Pressure="0"/>
        <Point X="400" Y="289" T="0" Pressure="0"/>
        <Point X="399" Y="306" T="0" Pressure="0"/>
        <Point X="398" Y="313" T="0" Pressure="0"/>
        <Point X="397" Y="321" T="0" Pressure="0"/>
        <Point X="395" Y="337" T="0" Pressure="0"/>
        <Point X="395" Y="343" T="0" Pressure="0"/>
        <Point X="394" Y="351" T="0" Pressure="0"/>
        <Point X="394" Y="356" T="0" Pressure="0"/>
        <Point X="393" Y="360" T="0" Pressure="0"/>
        <Point X="393" Y="364" T="0" Pressure="0"/>
        <Point X="393" Y="368" T="0" Pressure="0"/>
        <Point X="392" Y="370" T="0" Pressure="0"/>
        <Point X="392" Y="373" T="0" Pressure="0"/>
        <Point X="392" Y="375" T="0" Pressure="0"/>
        <Point X="392" Y="376" T="0" Pressure="0"/>
        <Point X="392" Y="378" T="0" Pressure="0"/>
        <Point X="391" Y="379" T="0" Pressure="0"/>
        <Point X="391" Y="380" T="0" Pressure="0"/>
        <Point X="391" Y="381" T="0" Pressure="0"/>
        <Point X="389" Y="381" T="0" Pressure="0"/>
    </Stroke>
    <Stroke index="2">
        <Point X="331" Y="257" T="0" Pressure="0"/>
        <Point X="330" Y="257" T="0" Pressure="0"/>
        <Point X="331" Y="257" T="0" Pressure="0"/>
        <Point X="332" Y="258" T="0" Pressure="0"/>
        <Point X="334" Y="258" T="0" Pressure="0"/>
        <Point X="335" Y="259" T="0" Pressure="0"/>
        <Point X="339" Y="263" T="0" Pressure="0"/>
        <Point X="342" Y="265" T="0" Pressure="0"/>
        <Point X="346" Y="268" T="0" Pressure="0"/>
        <Point X="350" Y="270" T="0" Pressure="0"/>
        <Point X="354" Y="274" T="0" Pressure="0"/>
        <Point X="359" Y="277" T="0" Pressure="0"/>
        <Point X="364" Y="281" T="0" Pressure="0"/>
        <Point X="369" Y="284" T="0" Pressure="0"/>
        <Point X="374" Y="289" T="0" Pressure="0"/>
        <Point X="380" Y="293" T="0" Pressure="0"/>
        <Point X="385" Y="296" T="0" Pressure="0"/>
        <Point X="396" Y="304" T="0" Pressure="0"/>
        <Point X="402" Y="309" T="0" Pressure="0"/>
        <Point X="407" Y="314" T="0" Pressure="0"/>
        <Point X="412" Y="319" T="0" Pressure="0"/>
        <Point X="417" Y="323" T="0" Pressure="0"/>
        <Point X="421" Y="327" T="0" Pressure="0"/>
        <Point X="425" Y="332" T="0" Pressure="0"/>
        <Point X="429" Y="336" T="0" Pressure="0"/>
        <Point X="433" Y="339" T="0" Pressure="0"/>
        <Point X="437" Y="343" T="0" Pressure="0"/>
        <Point X="440" Y="345" T="0" Pressure="0"/>
        <Point X="443" Y="347" T="0" Pressure="0"/>
        <Point X="445" Y="349" T="0" Pressure="0"/>
        <Point X="448" Y="351" T="0" Pressure="0"/>
        <Point X="450" Y="353" T="0" Pressure="0"/>
        <Point X="452" Y="355" T="0" Pressure="0"/>
        <Point X="453" Y="356" T="0" Pressure="0"/>
        <Point X="454" Y="357" T="0" Pressure="0"/>
        <Point X="455" Y="357" T="0" Pressure="0"/>
    </Stroke>
    <Stroke index="3">
        <Point X="447" Y="267" T="0" Pressure="0"/>
        <Point X="446" Y="265" T="0" Pressure="0"/>
        <Point X="445" Y="264" T="0" Pressure="0"/>
        <Point X="444" Y="263" T="0" Pressure="0"/>
        <Point X="444" Y="262" T="0" Pressure="0"/>
        <Point X="442" Y="261" T="0" Pressure="0"/>
        <Point X="441" Y="261" T="0" Pressure="0"/>
        <Point X="437" Y="261" T="0" Pressure="0"/>
        <Point X="436" Y="262" T="0" Pressure="0"/>
        <Point X="433" Y="264" T="0" Pressure="0"/>
        <Point X="431" Y="265" T="0" Pressure="0"/>
        <Point X="429" Y="267" T="0" Pressure="0"/>
        <Point X="426" Y="269" T="0" Pressure="0"/>
        <Point X="423" Y="271" T="0" Pressure="0"/>
        <Point X="420" Y="274" T="0" Pressure="0"/>
        <Point X="417" Y="277" T="0" Pressure="0"/>
        <Point X="409" Y="286" T="0" Pressure="0"/>
        <Point X="405" Y="291" T="0" Pressure="0"/>
        <Point X="401" Y="295" T="0" Pressure="0"/>
        <Point X="396" Y="301" T="0" Pressure="0"/>
        <Point X="392" Y="307" T="0" Pressure="0"/>
        <Point X="387" Y="313" T="0" Pressure="0"/>
        <Point X="378" Y="323" T="0" Pressure="0"/>
        <Point X="373" Y="329" T="0" Pressure="0"/>
        <Point X="369" Y="335" T="0" Pressure="0"/>
        <Point X="365" Y="340" T="0" Pressure="0"/>
        <Point X="361" Y="344" T="0" Pressure="0"/>
        <Point X="358" Y="348" T="0" Pressure="0"/>
        <Point X="352" Y="357" T="0" Pressure="0"/>
        <Point X="349" Y="360" T="0" Pressure="0"/>
        <Point X="346" Y="364" T="0" Pressure="0"/>
        <Point X="341" Y="369" T="0" Pressure="0"/>
        <Point X="339" Y="371" T="0" Pressure="0"/>
        <Point X="337" Y="373" T="0" Pressure="0"/>
        <Point X="334" Y="376" T="0" Pressure="0"/>
        <Point X="332" Y="378" T="0" Pressure="0"/>
        <Point X="331" Y="379" T="0" Pressure="0"/>
        <Point X="331" Y="380" T="0" Pressure="0"/>
        <Point X="330" Y="380" T="0" Pressure="0"/>
        <Point X="329" Y="381" T="0" Pressure="0"/>
        <Point X="328" Y="381" T="0" Pressure="0"/>
        <Point X="327" Y="382" T="0" Pressure="0"/>
    </Stroke>
</Gesture>
