<?xml version="1.0" ?>
<Gesture Name="H~03" Subject="1" Number="3" NumPts="88" InputType="stylus" Speed="MEDIUM">
    <Stroke index="1">
        <Point X="304" Y="176" T="0" Pressure="0"/>
        <Point X="302" Y="176" T="0" Pressure="0"/>
        <Point X="301" Y="176" T="0" Pressure="0"/>
        <Point X="301" Y="177" T="0" Pressure="0"/>
        <Point X="301" Y="178" T="0" Pressure="0"/>
        <Point X="301" Y="181" T="0" Pressure="0"/>
        <Point X="300" Y="183" T="0" Pressure="0"/>
        <Point X="300" Y="188" T="0" Pressure="0"/>
        <Point X="298" Y="198" T="0" Pressure="0"/>
        <Point X="298" Y="205" T="0" Pressure="0"/>
        <Point X="297" Y="219" T="0" Pressure="0"/>
        <Point X="296" Y="226" T="0" Pressure="0"/>
        <Point X="295" Y="234" T="0" Pressure="0"/>
        <Point X="294" Y="251" T="0" Pressure="0"/>
        <Point X="293" Y="259" T="0" Pressure="0"/>
        <Point X="293" Y="266" T="0" Pressure="0"/>
        <Point X="291" Y="279" T="0" Pressure="0"/>
        <Point X="291" Y="286" T="0" Pressure="0"/>
        <Point X="291" Y="291" T="0" Pressure="0"/>
        <Point X="291" Y="296" T="0" Pressure="0"/>
        <Point X="292" Y="299" T="0" Pressure="0"/>
        <Point X="293" Y="302" T="0" Pressure="0"/>
        <Point X="294" Y="304" T="0" Pressure="0"/>
        <Point X="295" Y="307" T="0" Pressure="0"/>
        <Point X="296" Y="308" T="0" Pressure="0"/>
        <Point X="297" Y="308" T="0" Pressure="0"/>
    </Stroke>
    <Stroke index="2">
        <Point X="297" Y="251" T="0" Pressure="0"/>
        <Point X="297" Y="250" T="0" Pressure="0"/>
        <Point X="297" Y="249" T="0" Pressure="0"/>
        <Point X="297" Y="248" T="0" Pressure="0"/>
        <Point X="297" Y="247" T="0" Pressure="0"/>
        <Point X="302" Y="245" T="0" Pressure="0"/>
        <Point X="304" Y="245" T="0" Pressure="0"/>
        <Point X="308" Y="244" T="0" Pressure="0"/>
        <Point X="311" Y="244" T="0" Pressure="0"/>
        <Point X="320" Y="243" T="0" Pressure="0"/>
        <Point X="326" Y="243" T="0" Pressure="0"/>
        <Point X="331" Y="242" T="0" Pressure="0"/>
        <Point X="338" Y="241" T="0" Pressure="0"/>
        <Point X="344" Y="241" T="0" Pressure="0"/>
        <Point X="358" Y="239" T="0" Pressure="0"/>
        <Point X="364" Y="239" T="0" Pressure="0"/>
        <Point X="370" Y="239" T="0" Pressure="0"/>
        <Point X="377" Y="238" T="0" Pressure="0"/>
        <Point X="384" Y="238" T="0" Pressure="0"/>
        <Point X="391" Y="238" T="0" Pressure="0"/>
        <Point X="396" Y="238" T="0" Pressure="0"/>
        <Point X="407" Y="237" T="0" Pressure="0"/>
        <Point X="413" Y="237" T="0" Pressure="0"/>
        <Point X="417" Y="237" T="0" Pressure="0"/>
    </Stroke>
    <Stroke index="3">
        <Point X="429" Y="164" T="0" Pressure="0"/>
        <Point X="429" Y="162" T="0" Pressure="0"/>
        <Point X="429" Y="161" T="0" Pressure="0"/>
        <Point X="429" Y="159" T="0" Pressure="0"/>
        <Point X="429" Y="160" T="0" Pressure="0"/>
        <Point X="430" Y="162" T="0" Pressure="0"/>
        <Point X="430" Y="163" T="0" Pressure="0"/>
        <Point X="432" Y="166" T="0" Pressure="0"/>
        <Point X="433" Y="171" T="0" Pressure="0"/>
        <Point X="433" Y="174" T="0" Pressure="0"/>
        <Point X="433" Y="178" T="0" Pressure="0"/>
        <Point X="433" Y="188" T="0" Pressure="0"/>
        <Point X="433" Y="194" T="0" Pressure="0"/>
        <Point X="433" Y="199" T="0" Pressure="0"/>
        <Point X="431" Y="213" T="0" Pressure="0"/>
        <Point X="430" Y="220" T="0" Pressure="0"/>
        <Point X="429" Y="227" T="0" Pressure="0"/>
        <Point X="427" Y="242" T="0" Pressure="0"/>
        <Point X="426" Y="248" T="0" Pressure="0"/>
        <Point X="425" Y="254" T="0" Pressure="0"/>
        <Point X="425" Y="264" T="0" Pressure="0"/>
        <Point X="425" Y="269" T="0" Pressure="0"/>
        <Point X="425" Y="272" T="0" Pressure="0"/>
        <Point X="425" Y="277" T="0" Pressure="0"/>
        <Point X="425" Y="279" T="0" Pressure="0"/>
        <Point X="425" Y="281" T="0" Pressure="0"/>
        <Point X="425" Y="283" T="0" Pressure="0"/>
        <Point X="425" Y="284" T="0" Pressure="0"/>
        <Point X="425" Y="286" T="0" Pressure="0"/>
        <Point X="425" Y="287" T="0" Pressure="0"/>
        <Point X="426" Y="288" T="0" Pressure="0"/>
        <Point X="426" Y="289" T="0" Pressure="0"/>
        <Point X="426" Y="290" T="0" Pressure="0"/>
        <Point X="426" Y="291" T="0" Pressure="0"/>
        <Point X="426" Y="292" T="0" Pressure="0"/>
        <Point X="426" Y="293" T="0" Pressure="0"/>
        <Point X="426" Y="294" T="0" Pressure="0"/>
        <Point X="425" Y="295" T="0" Pressure="0"/>
    </Stroke>
</Gesture>
