<?xml version="1.0" ?>
<Gesture Name="P~03" Subject="1" Number="3" NumPts="66" InputType="stylus" Speed="MEDIUM">
    <Stroke index="1">
        <Point X="381" Y="274" T="0" Pressure="0"/>
        <Point X="381" Y="273" T="0" Pressure="0"/>
        <Point X="381" Y="274" T="0" Pressure="0"/>
        <Point X="381" Y="276" T="0" Pressure="0"/>
        <Point X="381" Y="277" T="0" Pressure="0"/>
        <Point X="381" Y="279" T="0" Pressure="0"/>
        <Point X="381" Y="282" T="0" Pressure="0"/>
        <Point X="381" Y="284" T="0" Pressure="0"/>
        <Point X="382" Y="287" T="0" Pressure="0"/>
        <Point X="382" Y="291" T="0" Pressure="0"/>
        <Point X="382" Y="295" T="0" Pressure="0"/>
        <Point X="381" Y="306" T="0" Pressure="0"/>
        <Point X="380" Y="311" T="0" Pressure="0"/>
        <Point X="380" Y="317" T="0" Pressure="0"/>
        <Point X="378" Y="322" T="0" Pressure="0"/>
        <Point X="377" Y="328" T="0" Pressure="0"/>
        <Point X="376" Y="334" T="0" Pressure="0"/>
        <Point X="375" Y="340" T="0" Pressure="0"/>
        <Point X="374" Y="348" T="0" Pressure="0"/>
        <Point X="373" Y="352" T="0" Pressure="0"/>
        <Point X="373" Y="356" T="0" Pressure="0"/>
        <Point X="373" Y="361" T="0" Pressure="0"/>
        <Point X="374" Y="363" T="0" Pressure="0"/>
        <Point X="374" Y="365" T="0" Pressure="0"/>
        <Point X="374" Y="368" T="0" Pressure="0"/>
        <Point X="375" Y="369" T="0" Pressure="0"/>
        <Point X="375" Y="370" T="0" Pressure="0"/>
    </Stroke>
    <Stroke index="2">
        <Point X="373" Y="272" T="0" Pressure="0"/>
        <Point X="373" Y="270" T="0" Pressure="0"/>
        <Point X="373" Y="269" T="0" Pressure="0"/>
        <Point X="374" Y="268" T="0" Pressure="0"/>
        <Point X="376" Y="268" T="0" Pressure="0"/>
        <Point X="376" Y="267" T="0" Pressure="0"/>
        <Point X="379" Y="267" T="0" Pressure="0"/>
        <Point X="380" Y="266" T="0" Pressure="0"/>
        <Point X="385" Y="266" T="0" Pressure="0"/>
        <Point X="388" Y="265" T="0" Pressure="0"/>
        <Point X="391" Y="265" T="0" Pressure="0"/>
        <Point X="398" Y="265" T="0" Pressure="0"/>
        <Point X="402" Y="265" T="0" Pressure="0"/>
        <Point X="406" Y="265" T="0" Pressure="0"/>
        <Point X="411" Y="266" T="0" Pressure="0"/>
        <Point X="414" Y="267" T="0" Pressure="0"/>
        <Point X="416" Y="268" T="0" Pressure="0"/>
        <Point X="419" Y="271" T="0" Pressure="0"/>
        <Point X="419" Y="273" T="0" Pressure="0"/>
        <Point X="420" Y="274" T="0" Pressure="0"/>
        <Point X="420" Y="278" T="0" Pressure="0"/>
        <Point X="419" Y="281" T="0" Pressure="0"/>
        <Point X="419" Y="283" T="0" Pressure="0"/>
        <Point X="417" Y="287" T="0" Pressure="0"/>
        <Point X="415" Y="288" T="0" Pressure="0"/>
        <Point X="413" Y="290" T="0" Pressure="0"/>
        <Point X="409" Y="293" T="0" Pressure="0"/>
        <Point X="407" Y="294" T="0" Pressure="0"/>
        <Point X="404" Y="296" T="0" Pressure="0"/>
        <Point X="399" Y="298" T="0" Pressure="0"/>
        <Point X="395" Y="299" T="0" Pressure="0"/>
        <Point X="392" Y="300" T="0" Pressure="0"/>
        <Point X="388" Y="301" T="0" Pressure="0"/>
        <Point X="385" Y="301" T="0" Pressure="0"/>
        <Point X="384" Y="301" T="0" Pressure="0"/>
        <Point X="383" Y="301" T="0" Pressure="0"/>
        <Point X="381" Y="301" T="0" Pressure="0"/>
        <Point X="380" Y="301" T="0" Pressure="0"/>
        <Point X="379" Y="301" T="0" Pressure="0"/>
    </Stroke>
</Gesture>
