<?xml version="1.0" ?>
<Gesture Name="five_point_star~06" Subject="1" Number="6" NumPts="180" InputType="stylus" Speed="MEDIUM">
    <Stroke index="1">
        <Point X="336" Y="362" T="0" Pressure="0"/>
        <Point X="335" Y="361" T="0" Pressure="0"/>
        <Point X="335" Y="360" T="0" Pressure="0"/>
        <Point X="335" Y="359" T="0" Pressure="0"/>
        <Point X="335" Y="358" T="0" Pressure="0"/>
        <Point X="336" Y="357" T="0" Pressure="0"/>
        <Point X="336" Y="356" T="0" Pressure="0"/>
        <Point X="337" Y="355" T="0" Pressure="0"/>
        <Point X="340" Y="349" T="0" Pressure="0"/>
        <Point X="341" Y="347" T="0" Pressure="0"/>
        <Point X="343" Y="344" T="0" Pressure="0"/>
        <Point X="344" Y="342" T="0" Pressure="0"/>
        <Point X="346" Y="338" T="0" Pressure="0"/>
        <Point X="347" Y="333" T="0" Pressure="0"/>
        <Point X="349" Y="328" T="0" Pressure="0"/>
        <Point X="351" Y="322" T="0" Pressure="0"/>
        <Point X="354" Y="317" T="0" Pressure="0"/>
        <Point X="356" Y="310" T="0" Pressure="0"/>
        <Point X="361" Y="295" T="0" Pressure="0"/>
        <Point X="364" Y="289" T="0" Pressure="0"/>
        <Point X="370" Y="269" T="0" Pressure="0"/>
        <Point X="372" Y="263" T="0" Pressure="0"/>
        <Point X="373" Y="256" T="0" Pressure="0"/>
        <Point X="375" Y="251" T="0" Pressure="0"/>
        <Point X="377" Y="245" T="0" Pressure="0"/>
        <Point X="379" Y="240" T="0" Pressure="0"/>
        <Point X="380" Y="236" T="0" Pressure="0"/>
        <Point X="382" Y="231" T="0" Pressure="0"/>
        <Point X="384" Y="227" T="0" Pressure="0"/>
        <Point X="385" Y="226" T="0" Pressure="0"/>
        <Point X="386" Y="223" T="0" Pressure="0"/>
        <Point X="387" Y="222" T="0" Pressure="0"/>
        <Point X="388" Y="221" T="0" Pressure="0"/>
        <Point X="388" Y="220" T="0" Pressure="0"/>
        <Point X="389" Y="220" T="0" Pressure="0"/>
        <Point X="390" Y="220" T="0" Pressure="0"/>
        <Point X="391" Y="220" T="0" Pressure="0"/>
        <Point X="392" Y="220" T="0" Pressure="0"/>
        <Point X="393" Y="221" T="0" Pressure="0"/>
        <Point X="395" Y="222" T="0" Pressure="0"/>
        <Point X="395" Y="224" T="0" Pressure="0"/>
        <Point X="397" Y="226" T="0" Pressure="0"/>
        <Point X="398" Y="228" T="0" Pressure="0"/>
        <Point X="399" Y="231" T="0" Pressure="0"/>
        <Point X="401" Y="234" T="0" Pressure="0"/>
        <Point X="403" Y="238" T="0" Pressure="0"/>
        <Point X="404" Y="242" T="0" Pressure="0"/>
        <Point X="406" Y="246" T="0" Pressure="0"/>
        <Point X="408" Y="251" T="0" Pressure="0"/>
        <Point X="410" Y="257" T="0" Pressure="0"/>
        <Point X="414" Y="269" T="0" Pressure="0"/>
        <Point X="415" Y="275" T="0" Pressure="0"/>
        <Point X="417" Y="281" T="0" Pressure="0"/>
        <Point X="418" Y="288" T="0" Pressure="0"/>
        <Point X="420" Y="294" T="0" Pressure="0"/>
        <Point X="422" Y="300" T="0" Pressure="0"/>
        <Point X="423" Y="307" T="0" Pressure="0"/>
        <Point X="424" Y="312" T="0" Pressure="0"/>
        <Point X="425" Y="317" T="0" Pressure="0"/>
        <Point X="426" Y="322" T="0" Pressure="0"/>
        <Point X="428" Y="326" T="0" Pressure="0"/>
        <Point X="429" Y="331" T="0" Pressure="0"/>
        <Point X="429" Y="335" T="0" Pressure="0"/>
        <Point X="430" Y="338" T="0" Pressure="0"/>
        <Point X="430" Y="341" T="0" Pressure="0"/>
        <Point X="431" Y="343" T="0" Pressure="0"/>
        <Point X="431" Y="345" T="0" Pressure="0"/>
        <Point X="432" Y="347" T="0" Pressure="0"/>
        <Point X="432" Y="349" T="0" Pressure="0"/>
        <Point X="432" Y="350" T="0" Pressure="0"/>
        <Point X="432" Y="351" T="0" Pressure="0"/>
        <Point X="430" Y="351" T="0" Pressure="0"/>
        <Point X="430" Y="350" T="0" Pressure="0"/>
        <Point X="429" Y="349" T="0" Pressure="0"/>
        <Point X="428" Y="349" T="0" Pressure="0"/>
        <Point X="426" Y="347" T="0" Pressure="0"/>
        <Point X="425" Y="346" T="0" Pressure="0"/>
        <Point X="424" Y="344" T="0" Pressure="0"/>
        <Point X="422" Y="343" T="0" Pressure="0"/>
        <Point X="421" Y="341" T="0" Pressure="0"/>
        <Point X="419" Y="339" T="0" Pressure="0"/>
        <Point X="417" Y="337" T="0" Pressure="0"/>
        <Point X="415" Y="334" T="0" Pressure="0"/>
        <Point X="413" Y="331" T="0" Pressure="0"/>
        <Point X="410" Y="328" T="0" Pressure="0"/>
        <Point X="407" Y="326" T="0" Pressure="0"/>
        <Point X="404" Y="323" T="0" Pressure="0"/>
        <Point X="402" Y="320" T="0" Pressure="0"/>
        <Point X="398" Y="318" T="0" Pressure="0"/>
        <Point X="394" Y="315" T="0" Pressure="0"/>
        <Point X="385" Y="309" T="0" Pressure="0"/>
        <Point X="381" Y="307" T="0" Pressure="0"/>
        <Point X="377" Y="304" T="0" Pressure="0"/>
        <Point X="373" Y="302" T="0" Pressure="0"/>
        <Point X="368" Y="300" T="0" Pressure="0"/>
        <Point X="363" Y="298" T="0" Pressure="0"/>
        <Point X="359" Y="296" T="0" Pressure="0"/>
        <Point X="354" Y="295" T="0" Pressure="0"/>
        <Point X="350" Y="293" T="0" Pressure="0"/>
        <Point X="346" Y="292" T="0" Pressure="0"/>
        <Point X="341" Y="290" T="0" Pressure="0"/>
        <Point X="334" Y="288" T="0" Pressure="0"/>
        <Point X="331" Y="287" T="0" Pressure="0"/>
        <Point X="328" Y="286" T="0" Pressure="0"/>
        <Point X="325" Y="284" T="0" Pressure="0"/>
        <Point X="323" Y="283" T="0" Pressure="0"/>
        <Point X="320" Y="283" T="0" Pressure="0"/>
        <Point X="317" Y="282" T="0" Pressure="0"/>
        <Point X="316" Y="282" T="0" Pressure="0"/>
        <Point X="316" Y="281" T="0" Pressure="0"/>
        <Point X="317" Y="280" T="0" Pressure="0"/>
        <Point X="320" Y="279" T="0" Pressure="0"/>
        <Point X="321" Y="278" T="0" Pressure="0"/>
        <Point X="324" Y="277" T="0" Pressure="0"/>
        <Point X="327" Y="276" T="0" Pressure="0"/>
        <Point X="330" Y="276" T="0" Pressure="0"/>
        <Point X="342" Y="271" T="0" Pressure="0"/>
        <Point X="347" Y="270" T="0" Pressure="0"/>
        <Point X="352" Y="269" T="0" Pressure="0"/>
        <Point X="358" Y="267" T="0" Pressure="0"/>
        <Point X="364" Y="264" T="0" Pressure="0"/>
        <Point X="371" Y="262" T="0" Pressure="0"/>
        <Point X="378" Y="260" T="0" Pressure="0"/>
        <Point X="385" Y="258" T="0" Pressure="0"/>
        <Point X="392" Y="256" T="0" Pressure="0"/>
        <Point X="399" Y="253" T="0" Pressure="0"/>
        <Point X="407" Y="251" T="0" Pressure="0"/>
        <Point X="414" Y="250" T="0" Pressure="0"/>
        <Point X="419" Y="249" T="0" Pressure="0"/>
        <Point X="429" Y="247" T="0" Pressure="0"/>
        <Point X="433" Y="247" T="0" Pressure="0"/>
        <Point X="441" Y="246" T="0" Pressure="0"/>
        <Point X="444" Y="246" T="0" Pressure="0"/>
        <Point X="447" Y="246" T="0" Pressure="0"/>
        <Point X="449" Y="246" T="0" Pressure="0"/>
        <Point X="451" Y="246" T="0" Pressure="0"/>
        <Point X="453" Y="246" T="0" Pressure="0"/>
        <Point X="456" Y="247" T="0" Pressure="0"/>
        <Point X="456" Y="248" T="0" Pressure="0"/>
        <Point X="457" Y="248" T="0" Pressure="0"/>
        <Point X="458" Y="250" T="0" Pressure="0"/>
        <Point X="458" Y="251" T="0" Pressure="0"/>
        <Point X="457" Y="252" T="0" Pressure="0"/>
        <Point X="456" Y="253" T="0" Pressure="0"/>
        <Point X="455" Y="256" T="0" Pressure="0"/>
        <Point X="453" Y="258" T="0" Pressure="0"/>
        <Point X="451" Y="260" T="0" Pressure="0"/>
        <Point X="448" Y="263" T="0" Pressure="0"/>
        <Point X="445" Y="266" T="0" Pressure="0"/>
        <Point X="443" Y="269" T="0" Pressure="0"/>
        <Point X="440" Y="271" T="0" Pressure="0"/>
        <Point X="437" Y="275" T="0" Pressure="0"/>
        <Point X="425" Y="286" T="0" Pressure="0"/>
        <Point X="421" Y="290" T="0" Pressure="0"/>
        <Point X="417" Y="293" T="0" Pressure="0"/>
        <Point X="411" Y="297" T="0" Pressure="0"/>
        <Point X="406" Y="302" T="0" Pressure="0"/>
        <Point X="400" Y="307" T="0" Pressure="0"/>
        <Point X="395" Y="312" T="0" Pressure="0"/>
        <Point X="389" Y="316" T="0" Pressure="0"/>
        <Point X="383" Y="319" T="0" Pressure="0"/>
        <Point X="377" Y="323" T="0" Pressure="0"/>
        <Point X="372" Y="327" T="0" Pressure="0"/>
        <Point X="365" Y="332" T="0" Pressure="0"/>
        <Point X="360" Y="336" T="0" Pressure="0"/>
        <Point X="355" Y="339" T="0" Pressure="0"/>
        <Point X="350" Y="343" T="0" Pressure="0"/>
        <Point X="346" Y="346" T="0" Pressure="0"/>
        <Point X="343" Y="349" T="0" Pressure="0"/>
        <Point X="336" Y="355" T="0" Pressure="0"/>
        <Point X="335" Y="357" T="0" Pressure="0"/>
        <Point X="333" Y="358" T="0" Pressure="0"/>
        <Point X="332" Y="360" T="0" Pressure="0"/>
        <Point X="331" Y="361" T="0" Pressure="0"/>
        <Point X="331" Y="362" T="0" Pressure="0"/>
        <Point X="332" Y="361" T="0" Pressure="0"/>
        <Point X="333" Y="361" T="0" Pressure="0"/>
        <Point X="334" Y="361" T="0" Pressure="0"/>
        <Point X="335" Y="360" T="0" Pressure="0"/>
        <Point X="336" Y="360" T="0" Pressure="0"/>
    </Stroke>
</Gesture>
