<?xml version="1.0" ?>
<Gesture Name="I~05" Subject="1" Number="5" NumPts="105" InputType="stylus" Speed="MEDIUM">
    <Stroke index="1">
        <Point X="328" Y="268" T="0" Pressure="0"/>
        <Point X="328" Y="266" T="0" Pressure="0"/>
        <Point X="329" Y="265" T="0" Pressure="0"/>
        <Point X="331" Y="264" T="0" Pressure="0"/>
        <Point X="336" Y="262" T="0" Pressure="0"/>
        <Point X="339" Y="260" T="0" Pressure="0"/>
        <Point X="344" Y="259" T="0" Pressure="0"/>
        <Point X="355" Y="257" T="0" Pressure="0"/>
        <Point X="362" Y="254" T="0" Pressure="0"/>
        <Point X="384" Y="249" T="0" Pressure="0"/>
        <Point X="391" Y="247" T="0" Pressure="0"/>
        <Point X="398" Y="246" T="0" Pressure="0"/>
        <Point X="405" Y="244" T="0" Pressure="0"/>
        <Point X="413" Y="243" T="0" Pressure="0"/>
        <Point X="418" Y="242" T="0" Pressure="0"/>
        <Point X="424" Y="241" T="0" Pressure="0"/>
        <Point X="429" Y="240" T="0" Pressure="0"/>
        <Point X="434" Y="239" T="0" Pressure="0"/>
        <Point X="439" Y="239" T="0" Pressure="0"/>
        <Point X="444" Y="239" T="0" Pressure="0"/>
        <Point X="447" Y="239" T="0" Pressure="0"/>
        <Point X="448" Y="239" T="0" Pressure="0"/>
        <Point X="451" Y="239" T="0" Pressure="0"/>
        <Point X="452" Y="241" T="0" Pressure="0"/>
    </Stroke>
    <Stroke index="2">
        <Point X="409" Y="255" T="0" Pressure="0"/>
        <Point X="408" Y="254" T="0" Pressure="0"/>
        <Point X="408" Y="256" T="0" Pressure="0"/>
        <Point X="409" Y="258" T="0" Pressure="0"/>
        <Point X="409" Y="259" T="0" Pressure="0"/>
        <Point X="409" Y="262" T="0" Pressure="0"/>
        <Point X="409" Y="264" T="0" Pressure="0"/>
        <Point X="409" Y="267" T="0" Pressure="0"/>
        <Point X="409" Y="270" T="0" Pressure="0"/>
        <Point X="409" Y="274" T="0" Pressure="0"/>
        <Point X="409" Y="278" T="0" Pressure="0"/>
        <Point X="408" Y="283" T="0" Pressure="0"/>
        <Point X="407" Y="287" T="0" Pressure="0"/>
        <Point X="406" Y="301" T="0" Pressure="0"/>
        <Point X="406" Y="306" T="0" Pressure="0"/>
        <Point X="405" Y="309" T="0" Pressure="0"/>
        <Point X="404" Y="314" T="0" Pressure="0"/>
        <Point X="404" Y="318" T="0" Pressure="0"/>
        <Point X="404" Y="321" T="0" Pressure="0"/>
        <Point X="403" Y="329" T="0" Pressure="0"/>
        <Point X="403" Y="333" T="0" Pressure="0"/>
        <Point X="403" Y="337" T="0" Pressure="0"/>
        <Point X="403" Y="341" T="0" Pressure="0"/>
        <Point X="403" Y="343" T="0" Pressure="0"/>
        <Point X="403" Y="346" T="0" Pressure="0"/>
        <Point X="403" Y="349" T="0" Pressure="0"/>
        <Point X="403" Y="351" T="0" Pressure="0"/>
        <Point X="403" Y="352" T="0" Pressure="0"/>
        <Point X="403" Y="354" T="0" Pressure="0"/>
        <Point X="403" Y="356" T="0" Pressure="0"/>
        <Point X="403" Y="357" T="0" Pressure="0"/>
        <Point X="403" Y="358" T="0" Pressure="0"/>
        <Point X="404" Y="358" T="0" Pressure="0"/>
        <Point X="404" Y="359" T="0" Pressure="0"/>
        <Point X="404" Y="360" T="0" Pressure="0"/>
        <Point X="403" Y="361" T="0" Pressure="0"/>
        <Point X="403" Y="362" T="0" Pressure="0"/>
        <Point X="402" Y="363" T="0" Pressure="0"/>
        <Point X="400" Y="364" T="0" Pressure="0"/>
        <Point X="400" Y="365" T="0" Pressure="0"/>
    </Stroke>
    <Stroke index="3">
        <Point X="331" Y="388" T="0" Pressure="0"/>
        <Point X="330" Y="388" T="0" Pressure="0"/>
        <Point X="328" Y="385" T="0" Pressure="0"/>
        <Point X="328" Y="384" T="0" Pressure="0"/>
        <Point X="328" Y="382" T="0" Pressure="0"/>
        <Point X="330" Y="382" T="0" Pressure="0"/>
        <Point X="334" Y="381" T="0" Pressure="0"/>
        <Point X="337" Y="380" T="0" Pressure="0"/>
        <Point X="340" Y="380" T="0" Pressure="0"/>
        <Point X="343" Y="379" T="0" Pressure="0"/>
        <Point X="353" Y="377" T="0" Pressure="0"/>
        <Point X="359" Y="376" T="0" Pressure="0"/>
        <Point X="365" Y="374" T="0" Pressure="0"/>
        <Point X="378" Y="372" T="0" Pressure="0"/>
        <Point X="385" Y="371" T="0" Pressure="0"/>
        <Point X="398" Y="369" T="0" Pressure="0"/>
        <Point X="410" Y="368" T="0" Pressure="0"/>
        <Point X="417" Y="367" T="0" Pressure="0"/>
        <Point X="422" Y="367" T="0" Pressure="0"/>
        <Point X="429" Y="366" T="0" Pressure="0"/>
        <Point X="434" Y="365" T="0" Pressure="0"/>
        <Point X="440" Y="364" T="0" Pressure="0"/>
        <Point X="445" Y="364" T="0" Pressure="0"/>
        <Point X="449" Y="363" T="0" Pressure="0"/>
        <Point X="454" Y="363" T="0" Pressure="0"/>
        <Point X="458" Y="363" T="0" Pressure="0"/>
        <Point X="461" Y="363" T="0" Pressure="0"/>
        <Point X="464" Y="362" T="0" Pressure="0"/>
        <Point X="467" Y="362" T="0" Pressure="0"/>
        <Point X="468" Y="362" T="0" Pressure="0"/>
        <Point X="470" Y="362" T="0" Pressure="0"/>
        <Point X="471" Y="363" T="0" Pressure="0"/>
        <Point X="472" Y="363" T="0" Pressure="0"/>
        <Point X="473" Y="363" T="0" Pressure="0"/>
        <Point X="473" Y="364" T="0" Pressure="0"/>
        <Point X="472" Y="364" T="0" Pressure="0"/>
        <Point X="471" Y="364" T="0" Pressure="0"/>
        <Point X="470" Y="365" T="0" Pressure="0"/>
        <Point X="470" Y="366" T="0" Pressure="0"/>
        <Point X="468" Y="367" T="0" Pressure="0"/>
        <Point X="467" Y="368" T="0" Pressure="0"/>
    </Stroke>
</Gesture>
