<?xml version="1.0" ?>
<Gesture Name="asterisk~06" Subject="1" Number="6" NumPts="111" InputType="stylus" Speed="MEDIUM">
    <Stroke index="1">
        <Point X="406" Y="241" T="0" Pressure="0"/>
        <Point X="406" Y="239" T="0" Pressure="0"/>
        <Point X="406" Y="238" T="0" Pressure="0"/>
        <Point X="407" Y="238" T="0" Pressure="0"/>
        <Point X="407" Y="239" T="0" Pressure="0"/>
        <Point X="408" Y="241" T="0" Pressure="0"/>
        <Point X="408" Y="242" T="0" Pressure="0"/>
        <Point X="409" Y="244" T="0" Pressure="0"/>
        <Point X="409" Y="246" T="0" Pressure="0"/>
        <Point X="409" Y="249" T="0" Pressure="0"/>
        <Point X="409" Y="252" T="0" Pressure="0"/>
        <Point X="409" Y="256" T="0" Pressure="0"/>
        <Point X="409" Y="260" T="0" Pressure="0"/>
        <Point X="407" Y="270" T="0" Pressure="0"/>
        <Point X="407" Y="276" T="0" Pressure="0"/>
        <Point X="406" Y="282" T="0" Pressure="0"/>
        <Point X="404" Y="296" T="0" Pressure="0"/>
        <Point X="403" Y="302" T="0" Pressure="0"/>
        <Point X="403" Y="309" T="0" Pressure="0"/>
        <Point X="402" Y="322" T="0" Pressure="0"/>
        <Point X="402" Y="329" T="0" Pressure="0"/>
        <Point X="402" Y="339" T="0" Pressure="0"/>
        <Point X="402" Y="343" T="0" Pressure="0"/>
        <Point X="403" Y="347" T="0" Pressure="0"/>
        <Point X="403" Y="357" T="0" Pressure="0"/>
        <Point X="403" Y="359" T="0" Pressure="0"/>
        <Point X="403" Y="361" T="0" Pressure="0"/>
        <Point X="403" Y="362" T="0" Pressure="0"/>
        <Point X="404" Y="363" T="0" Pressure="0"/>
        <Point X="404" Y="365" T="0" Pressure="0"/>
        <Point X="404" Y="366" T="0" Pressure="0"/>
        <Point X="403" Y="366" T="0" Pressure="0"/>
    </Stroke>
    <Stroke index="2">
        <Point X="352" Y="264" T="0" Pressure="0"/>
        <Point X="352" Y="263" T="0" Pressure="0"/>
        <Point X="353" Y="262" T="0" Pressure="0"/>
        <Point X="354" Y="262" T="0" Pressure="0"/>
        <Point X="356" Y="262" T="0" Pressure="0"/>
        <Point X="358" Y="262" T="0" Pressure="0"/>
        <Point X="361" Y="263" T="0" Pressure="0"/>
        <Point X="363" Y="264" T="0" Pressure="0"/>
        <Point X="366" Y="266" T="0" Pressure="0"/>
        <Point X="370" Y="268" T="0" Pressure="0"/>
        <Point X="373" Y="269" T="0" Pressure="0"/>
        <Point X="377" Y="272" T="0" Pressure="0"/>
        <Point X="386" Y="277" T="0" Pressure="0"/>
        <Point X="391" Y="281" T="0" Pressure="0"/>
        <Point X="395" Y="284" T="0" Pressure="0"/>
        <Point X="404" Y="292" T="0" Pressure="0"/>
        <Point X="409" Y="295" T="0" Pressure="0"/>
        <Point X="414" Y="299" T="0" Pressure="0"/>
        <Point X="418" Y="304" T="0" Pressure="0"/>
        <Point X="422" Y="308" T="0" Pressure="0"/>
        <Point X="425" Y="313" T="0" Pressure="0"/>
        <Point X="432" Y="320" T="0" Pressure="0"/>
        <Point X="434" Y="324" T="0" Pressure="0"/>
        <Point X="437" Y="328" T="0" Pressure="0"/>
        <Point X="440" Y="331" T="0" Pressure="0"/>
        <Point X="441" Y="333" T="0" Pressure="0"/>
        <Point X="444" Y="336" T="0" Pressure="0"/>
        <Point X="445" Y="338" T="0" Pressure="0"/>
        <Point X="447" Y="340" T="0" Pressure="0"/>
        <Point X="449" Y="341" T="0" Pressure="0"/>
        <Point X="451" Y="342" T="0" Pressure="0"/>
        <Point X="452" Y="343" T="0" Pressure="0"/>
        <Point X="453" Y="343" T="0" Pressure="0"/>
        <Point X="455" Y="344" T="0" Pressure="0"/>
        <Point X="456" Y="345" T="0" Pressure="0"/>
        <Point X="457" Y="345" T="0" Pressure="0"/>
        <Point X="458" Y="345" T="0" Pressure="0"/>
    </Stroke>
    <Stroke index="3">
        <Point X="455" Y="263" T="0" Pressure="0"/>
        <Point X="455" Y="262" T="0" Pressure="0"/>
        <Point X="455" Y="261" T="0" Pressure="0"/>
        <Point X="454" Y="258" T="0" Pressure="0"/>
        <Point X="453" Y="257" T="0" Pressure="0"/>
        <Point X="453" Y="256" T="0" Pressure="0"/>
        <Point X="452" Y="256" T="0" Pressure="0"/>
        <Point X="451" Y="256" T="0" Pressure="0"/>
        <Point X="450" Y="256" T="0" Pressure="0"/>
        <Point X="448" Y="257" T="0" Pressure="0"/>
        <Point X="448" Y="258" T="0" Pressure="0"/>
        <Point X="446" Y="258" T="0" Pressure="0"/>
        <Point X="444" Y="259" T="0" Pressure="0"/>
        <Point X="440" Y="263" T="0" Pressure="0"/>
        <Point X="437" Y="264" T="0" Pressure="0"/>
        <Point X="435" Y="267" T="0" Pressure="0"/>
        <Point X="429" Y="271" T="0" Pressure="0"/>
        <Point X="426" Y="274" T="0" Pressure="0"/>
        <Point X="423" Y="277" T="0" Pressure="0"/>
        <Point X="414" Y="286" T="0" Pressure="0"/>
        <Point X="411" Y="290" T="0" Pressure="0"/>
        <Point X="407" Y="294" T="0" Pressure="0"/>
        <Point X="399" Y="304" T="0" Pressure="0"/>
        <Point X="395" Y="309" T="0" Pressure="0"/>
        <Point X="391" Y="314" T="0" Pressure="0"/>
        <Point X="384" Y="321" T="0" Pressure="0"/>
        <Point X="381" Y="325" T="0" Pressure="0"/>
        <Point X="378" Y="328" T="0" Pressure="0"/>
        <Point X="375" Y="332" T="0" Pressure="0"/>
        <Point X="372" Y="336" T="0" Pressure="0"/>
        <Point X="370" Y="338" T="0" Pressure="0"/>
        <Point X="369" Y="340" T="0" Pressure="0"/>
        <Point X="366" Y="342" T="0" Pressure="0"/>
        <Point X="365" Y="343" T="0" Pressure="0"/>
        <Point X="364" Y="345" T="0" Pressure="0"/>
        <Point X="362" Y="346" T="0" Pressure="0"/>
        <Point X="361" Y="348" T="0" Pressure="0"/>
        <Point X="360" Y="348" T="0" Pressure="0"/>
        <Point X="358" Y="349" T="0" Pressure="0"/>
        <Point X="356" Y="350" T="0" Pressure="0"/>
        <Point X="355" Y="350" T="0" Pressure="0"/>
        <Point X="354" Y="351" T="0" Pressure="0"/>
    </Stroke>
</Gesture>
