<?xml version="1.0" ?>
<Gesture Name="N~02" Subject="1" Number="2" NumPts="113" InputType="stylus" Speed="MEDIUM">
    <Stroke index="1">
        <Point X="336" Y="223" T="0" Pressure="0"/>
        <Point X="334" Y="223" T="0" Pressure="0"/>
        <Point X="333" Y="223" T="0" Pressure="0"/>
        <Point X="333" Y="224" T="0" Pressure="0"/>
        <Point X="332" Y="225" T="0" Pressure="0"/>
        <Point X="332" Y="226" T="0" Pressure="0"/>
        <Point X="332" Y="228" T="0" Pressure="0"/>
        <Point X="332" Y="231" T="0" Pressure="0"/>
        <Point X="332" Y="234" T="0" Pressure="0"/>
        <Point X="332" Y="238" T="0" Pressure="0"/>
        <Point X="332" Y="247" T="0" Pressure="0"/>
        <Point X="332" Y="252" T="0" Pressure="0"/>
        <Point X="332" Y="258" T="0" Pressure="0"/>
        <Point X="332" Y="270" T="0" Pressure="0"/>
        <Point X="331" Y="276" T="0" Pressure="0"/>
        <Point X="330" Y="297" T="0" Pressure="0"/>
        <Point X="330" Y="302" T="0" Pressure="0"/>
        <Point X="329" Y="307" T="0" Pressure="0"/>
        <Point X="329" Y="312" T="0" Pressure="0"/>
        <Point X="329" Y="317" T="0" Pressure="0"/>
        <Point X="329" Y="320" T="0" Pressure="0"/>
        <Point X="329" Y="324" T="0" Pressure="0"/>
        <Point X="330" Y="328" T="0" Pressure="0"/>
        <Point X="330" Y="330" T="0" Pressure="0"/>
        <Point X="330" Y="332" T="0" Pressure="0"/>
        <Point X="330" Y="335" T="0" Pressure="0"/>
        <Point X="330" Y="336" T="0" Pressure="0"/>
        <Point X="330" Y="335" T="0" Pressure="0"/>
        <Point X="329" Y="335" T="0" Pressure="0"/>
        <Point X="329" Y="333" T="0" Pressure="0"/>
        <Point X="328" Y="332" T="0" Pressure="0"/>
    </Stroke>
    <Stroke index="2">
        <Point X="333" Y="233" T="0" Pressure="0"/>
        <Point X="333" Y="232" T="0" Pressure="0"/>
        <Point X="332" Y="230" T="0" Pressure="0"/>
        <Point X="332" Y="229" T="0" Pressure="0"/>
        <Point X="332" Y="228" T="0" Pressure="0"/>
        <Point X="332" Y="227" T="0" Pressure="0"/>
        <Point X="333" Y="227" T="0" Pressure="0"/>
        <Point X="334" Y="228" T="0" Pressure="0"/>
        <Point X="335" Y="228" T="0" Pressure="0"/>
        <Point X="336" Y="229" T="0" Pressure="0"/>
        <Point X="338" Y="231" T="0" Pressure="0"/>
        <Point X="339" Y="233" T="0" Pressure="0"/>
        <Point X="340" Y="234" T="0" Pressure="0"/>
        <Point X="343" Y="237" T="0" Pressure="0"/>
        <Point X="344" Y="239" T="0" Pressure="0"/>
        <Point X="346" Y="242" T="0" Pressure="0"/>
        <Point X="349" Y="244" T="0" Pressure="0"/>
        <Point X="351" Y="247" T="0" Pressure="0"/>
        <Point X="354" Y="251" T="0" Pressure="0"/>
        <Point X="357" Y="254" T="0" Pressure="0"/>
        <Point X="361" Y="258" T="0" Pressure="0"/>
        <Point X="365" Y="262" T="0" Pressure="0"/>
        <Point X="369" Y="267" T="0" Pressure="0"/>
        <Point X="372" Y="271" T="0" Pressure="0"/>
        <Point X="376" Y="275" T="0" Pressure="0"/>
        <Point X="379" Y="279" T="0" Pressure="0"/>
        <Point X="383" Y="284" T="0" Pressure="0"/>
        <Point X="386" Y="289" T="0" Pressure="0"/>
        <Point X="389" Y="293" T="0" Pressure="0"/>
        <Point X="392" Y="297" T="0" Pressure="0"/>
        <Point X="395" Y="301" T="0" Pressure="0"/>
        <Point X="398" Y="304" T="0" Pressure="0"/>
        <Point X="400" Y="308" T="0" Pressure="0"/>
        <Point X="403" Y="312" T="0" Pressure="0"/>
        <Point X="405" Y="316" T="0" Pressure="0"/>
        <Point X="407" Y="318" T="0" Pressure="0"/>
        <Point X="409" Y="320" T="0" Pressure="0"/>
        <Point X="410" Y="322" T="0" Pressure="0"/>
        <Point X="413" Y="323" T="0" Pressure="0"/>
        <Point X="414" Y="325" T="0" Pressure="0"/>
        <Point X="415" Y="326" T="0" Pressure="0"/>
        <Point X="417" Y="326" T="0" Pressure="0"/>
        <Point X="418" Y="327" T="0" Pressure="0"/>
        <Point X="420" Y="327" T="0" Pressure="0"/>
        <Point X="421" Y="327" T="0" Pressure="0"/>
        <Point X="422" Y="328" T="0" Pressure="0"/>
    </Stroke>
    <Stroke index="3">
        <Point X="423" Y="228" T="0" Pressure="0"/>
        <Point X="422" Y="227" T="0" Pressure="0"/>
        <Point X="422" Y="226" T="0" Pressure="0"/>
        <Point X="422" Y="225" T="0" Pressure="0"/>
        <Point X="422" Y="224" T="0" Pressure="0"/>
        <Point X="422" Y="225" T="0" Pressure="0"/>
        <Point X="422" Y="226" T="0" Pressure="0"/>
        <Point X="422" Y="229" T="0" Pressure="0"/>
        <Point X="422" Y="231" T="0" Pressure="0"/>
        <Point X="423" Y="233" T="0" Pressure="0"/>
        <Point X="423" Y="236" T="0" Pressure="0"/>
        <Point X="423" Y="238" T="0" Pressure="0"/>
        <Point X="423" Y="241" T="0" Pressure="0"/>
        <Point X="424" Y="247" T="0" Pressure="0"/>
        <Point X="424" Y="251" T="0" Pressure="0"/>
        <Point X="423" Y="255" T="0" Pressure="0"/>
        <Point X="422" Y="265" T="0" Pressure="0"/>
        <Point X="422" Y="269" T="0" Pressure="0"/>
        <Point X="422" Y="274" T="0" Pressure="0"/>
        <Point X="421" Y="284" T="0" Pressure="0"/>
        <Point X="421" Y="289" T="0" Pressure="0"/>
        <Point X="421" Y="294" T="0" Pressure="0"/>
        <Point X="421" Y="298" T="0" Pressure="0"/>
        <Point X="421" Y="301" T="0" Pressure="0"/>
        <Point X="421" Y="304" T="0" Pressure="0"/>
        <Point X="421" Y="307" T="0" Pressure="0"/>
        <Point X="422" Y="313" T="0" Pressure="0"/>
        <Point X="422" Y="314" T="0" Pressure="0"/>
        <Point X="422" Y="316" T="0" Pressure="0"/>
        <Point X="423" Y="318" T="0" Pressure="0"/>
        <Point X="423" Y="320" T="0" Pressure="0"/>
        <Point X="423" Y="321" T="0" Pressure="0"/>
        <Point X="423" Y="323" T="0" Pressure="0"/>
        <Point X="423" Y="324" T="0" Pressure="0"/>
        <Point X="423" Y="325" T="0" Pressure="0"/>
        <Point X="422" Y="327" T="0" Pressure="0"/>
    </Stroke>
</Gesture>
