<?xml version="1.0" ?>
<Gesture Name="arrowhead~07" Subject="1" Number="7" NumPts="83" InputType="stylus" Speed="MEDIUM">
    <Stroke index="1">
        <Point X="346" Y="381" T="0" Pressure="0"/>
        <Point X="347" Y="381" T="0" Pressure="0"/>
        <Point X="349" Y="380" T="0" Pressure="0"/>
        <Point X="350" Y="380" T="0" Pressure="0"/>
        <Point X="353" Y="380" T="0" Pressure="0"/>
        <Point X="356" Y="380" T="0" Pressure="0"/>
        <Point X="359" Y="379" T="0" Pressure="0"/>
        <Point X="363" Y="379" T="0" Pressure="0"/>
        <Point X="373" Y="378" T="0" Pressure="0"/>
        <Point X="379" Y="377" T="0" Pressure="0"/>
        <Point X="384" Y="377" T="0" Pressure="0"/>
        <Point X="390" Y="376" T="0" Pressure="0"/>
        <Point X="396" Y="376" T="0" Pressure="0"/>
        <Point X="402" Y="376" T="0" Pressure="0"/>
        <Point X="408" Y="375" T="0" Pressure="0"/>
        <Point X="414" Y="374" T="0" Pressure="0"/>
        <Point X="420" Y="374" T="0" Pressure="0"/>
        <Point X="425" Y="374" T="0" Pressure="0"/>
        <Point X="436" Y="373" T="0" Pressure="0"/>
        <Point X="440" Y="373" T="0" Pressure="0"/>
        <Point X="445" Y="373" T="0" Pressure="0"/>
        <Point X="449" Y="373" T="0" Pressure="0"/>
        <Point X="453" Y="373" T="0" Pressure="0"/>
        <Point X="457" Y="373" T="0" Pressure="0"/>
        <Point X="460" Y="373" T="0" Pressure="0"/>
        <Point X="467" Y="373" T="0" Pressure="0"/>
        <Point X="468" Y="374" T="0" Pressure="0"/>
        <Point X="470" Y="374" T="0" Pressure="0"/>
        <Point X="472" Y="374" T="0" Pressure="0"/>
        <Point X="473" Y="374" T="0" Pressure="0"/>
        <Point X="474" Y="374" T="0" Pressure="0"/>
        <Point X="474" Y="375" T="0" Pressure="0"/>
        <Point X="473" Y="375" T="0" Pressure="0"/>
        <Point X="471" Y="375" T="0" Pressure="0"/>
        <Point X="470" Y="375" T="0" Pressure="0"/>
        <Point X="469" Y="374" T="0" Pressure="0"/>
        <Point X="468" Y="374" T="0" Pressure="0"/>
    </Stroke>
    <Stroke index="2">
        <Point X="455" Y="357" T="0" Pressure="0"/>
        <Point X="455" Y="356" T="0" Pressure="0"/>
        <Point X="453" Y="356" T="0" Pressure="0"/>
        <Point X="453" Y="355" T="0" Pressure="0"/>
        <Point X="452" Y="354" T="0" Pressure="0"/>
        <Point X="451" Y="353" T="0" Pressure="0"/>
        <Point X="451" Y="354" T="0" Pressure="0"/>
        <Point X="452" Y="354" T="0" Pressure="0"/>
        <Point X="452" Y="355" T="0" Pressure="0"/>
        <Point X="453" Y="355" T="0" Pressure="0"/>
        <Point X="455" Y="355" T="0" Pressure="0"/>
        <Point X="456" Y="355" T="0" Pressure="0"/>
        <Point X="459" Y="356" T="0" Pressure="0"/>
        <Point X="462" Y="357" T="0" Pressure="0"/>
        <Point X="464" Y="357" T="0" Pressure="0"/>
        <Point X="467" Y="357" T="0" Pressure="0"/>
        <Point X="470" Y="358" T="0" Pressure="0"/>
        <Point X="473" Y="359" T="0" Pressure="0"/>
        <Point X="475" Y="360" T="0" Pressure="0"/>
        <Point X="479" Y="361" T="0" Pressure="0"/>
        <Point X="482" Y="362" T="0" Pressure="0"/>
        <Point X="485" Y="363" T="0" Pressure="0"/>
        <Point X="489" Y="365" T="0" Pressure="0"/>
        <Point X="496" Y="368" T="0" Pressure="0"/>
        <Point X="497" Y="369" T="0" Pressure="0"/>
        <Point X="498" Y="372" T="0" Pressure="0"/>
        <Point X="498" Y="373" T="0" Pressure="0"/>
        <Point X="498" Y="374" T="0" Pressure="0"/>
        <Point X="498" Y="375" T="0" Pressure="0"/>
        <Point X="497" Y="376" T="0" Pressure="0"/>
        <Point X="497" Y="377" T="0" Pressure="0"/>
        <Point X="496" Y="378" T="0" Pressure="0"/>
        <Point X="494" Y="379" T="0" Pressure="0"/>
        <Point X="493" Y="380" T="0" Pressure="0"/>
        <Point X="492" Y="381" T="0" Pressure="0"/>
        <Point X="490" Y="382" T="0" Pressure="0"/>
        <Point X="484" Y="384" T="0" Pressure="0"/>
        <Point X="482" Y="385" T="0" Pressure="0"/>
        <Point X="480" Y="386" T="0" Pressure="0"/>
        <Point X="478" Y="386" T="0" Pressure="0"/>
        <Point X="477" Y="387" T="0" Pressure="0"/>
        <Point X="475" Y="388" T="0" Pressure="0"/>
        <Point X="471" Y="390" T="0" Pressure="0"/>
        <Point X="470" Y="392" T="0" Pressure="0"/>
        <Point X="469" Y="393" T="0" Pressure="0"/>
        <Point X="468" Y="394" T="0" Pressure="0"/>
    </Stroke>
</Gesture>
