<?xml version="1.0" ?>
<Gesture Name="asterisk~03" Subject="1" Number="3" NumPts="114" InputType="stylus" Speed="MEDIUM">
    <Stroke index="1">
        <Point X="397" Y="242" T="0" Pressure="0"/>
        <Point X="396" Y="241" T="0" Pressure="0"/>
        <Point X="395" Y="240" T="0" Pressure="0"/>
        <Point X="395" Y="239" T="0" Pressure="0"/>
        <Point X="395" Y="240" T="0" Pressure="0"/>
        <Point X="395" Y="241" T="0" Pressure="0"/>
        <Point X="395" Y="242" T="0" Pressure="0"/>
        <Point X="396" Y="245" T="0" Pressure="0"/>
        <Point X="396" Y="247" T="0" Pressure="0"/>
        <Point X="396" Y="251" T="0" Pressure="0"/>
        <Point X="397" Y="253" T="0" Pressure="0"/>
        <Point X="397" Y="257" T="0" Pressure="0"/>
        <Point X="398" Y="261" T="0" Pressure="0"/>
        <Point X="398" Y="266" T="0" Pressure="0"/>
        <Point X="398" Y="271" T="0" Pressure="0"/>
        <Point X="398" Y="277" T="0" Pressure="0"/>
        <Point X="399" Y="283" T="0" Pressure="0"/>
        <Point X="399" Y="290" T="0" Pressure="0"/>
        <Point X="398" Y="302" T="0" Pressure="0"/>
        <Point X="398" Y="308" T="0" Pressure="0"/>
        <Point X="398" Y="315" T="0" Pressure="0"/>
        <Point X="397" Y="319" T="0" Pressure="0"/>
        <Point X="396" Y="324" T="0" Pressure="0"/>
        <Point X="396" Y="329" T="0" Pressure="0"/>
        <Point X="396" Y="333" T="0" Pressure="0"/>
        <Point X="396" Y="338" T="0" Pressure="0"/>
        <Point X="396" Y="342" T="0" Pressure="0"/>
        <Point X="396" Y="344" T="0" Pressure="0"/>
        <Point X="396" Y="347" T="0" Pressure="0"/>
        <Point X="397" Y="351" T="0" Pressure="0"/>
        <Point X="397" Y="353" T="0" Pressure="0"/>
        <Point X="398" Y="355" T="0" Pressure="0"/>
        <Point X="398" Y="357" T="0" Pressure="0"/>
        <Point X="399" Y="358" T="0" Pressure="0"/>
        <Point X="399" Y="360" T="0" Pressure="0"/>
        <Point X="399" Y="361" T="0" Pressure="0"/>
        <Point X="398" Y="361" T="0" Pressure="0"/>
        <Point X="397" Y="361" T="0" Pressure="0"/>
        <Point X="396" Y="360" T="0" Pressure="0"/>
    </Stroke>
    <Stroke index="2">
        <Point X="355" Y="269" T="0" Pressure="0"/>
        <Point X="354" Y="269" T="0" Pressure="0"/>
        <Point X="353" Y="268" T="0" Pressure="0"/>
        <Point X="354" Y="269" T="0" Pressure="0"/>
        <Point X="356" Y="270" T="0" Pressure="0"/>
        <Point X="357" Y="271" T="0" Pressure="0"/>
        <Point X="358" Y="273" T="0" Pressure="0"/>
        <Point X="360" Y="274" T="0" Pressure="0"/>
        <Point X="362" Y="276" T="0" Pressure="0"/>
        <Point X="364" Y="278" T="0" Pressure="0"/>
        <Point X="366" Y="280" T="0" Pressure="0"/>
        <Point X="369" Y="282" T="0" Pressure="0"/>
        <Point X="373" Y="284" T="0" Pressure="0"/>
        <Point X="376" Y="287" T="0" Pressure="0"/>
        <Point X="384" Y="293" T="0" Pressure="0"/>
        <Point X="389" Y="295" T="0" Pressure="0"/>
        <Point X="394" Y="297" T="0" Pressure="0"/>
        <Point X="403" Y="304" T="0" Pressure="0"/>
        <Point X="407" Y="307" T="0" Pressure="0"/>
        <Point X="411" Y="311" T="0" Pressure="0"/>
        <Point X="419" Y="317" T="0" Pressure="0"/>
        <Point X="423" Y="319" T="0" Pressure="0"/>
        <Point X="426" Y="321" T="0" Pressure="0"/>
        <Point X="430" Y="324" T="0" Pressure="0"/>
        <Point X="433" Y="326" T="0" Pressure="0"/>
        <Point X="436" Y="329" T="0" Pressure="0"/>
        <Point X="439" Y="331" T="0" Pressure="0"/>
        <Point X="441" Y="332" T="0" Pressure="0"/>
        <Point X="444" Y="335" T="0" Pressure="0"/>
        <Point X="445" Y="336" T="0" Pressure="0"/>
        <Point X="447" Y="337" T="0" Pressure="0"/>
        <Point X="450" Y="339" T="0" Pressure="0"/>
        <Point X="451" Y="340" T="0" Pressure="0"/>
        <Point X="452" Y="341" T="0" Pressure="0"/>
        <Point X="453" Y="342" T="0" Pressure="0"/>
        <Point X="454" Y="342" T="0" Pressure="0"/>
        <Point X="454" Y="343" T="0" Pressure="0"/>
    </Stroke>
    <Stroke index="3">
        <Point X="436" Y="268" T="0" Pressure="0"/>
        <Point X="436" Y="267" T="0" Pressure="0"/>
        <Point X="433" Y="262" T="0" Pressure="0"/>
        <Point X="432" Y="261" T="0" Pressure="0"/>
        <Point X="432" Y="260" T="0" Pressure="0"/>
        <Point X="431" Y="260" T="0" Pressure="0"/>
        <Point X="430" Y="260" T="0" Pressure="0"/>
        <Point X="429" Y="261" T="0" Pressure="0"/>
        <Point X="426" Y="264" T="0" Pressure="0"/>
        <Point X="425" Y="265" T="0" Pressure="0"/>
        <Point X="424" Y="267" T="0" Pressure="0"/>
        <Point X="421" Y="271" T="0" Pressure="0"/>
        <Point X="419" Y="273" T="0" Pressure="0"/>
        <Point X="418" Y="276" T="0" Pressure="0"/>
        <Point X="413" Y="283" T="0" Pressure="0"/>
        <Point X="410" Y="288" T="0" Pressure="0"/>
        <Point X="407" Y="292" T="0" Pressure="0"/>
        <Point X="401" Y="301" T="0" Pressure="0"/>
        <Point X="398" Y="306" T="0" Pressure="0"/>
        <Point X="395" Y="311" T="0" Pressure="0"/>
        <Point X="391" Y="316" T="0" Pressure="0"/>
        <Point X="385" Y="326" T="0" Pressure="0"/>
        <Point X="383" Y="330" T="0" Pressure="0"/>
        <Point X="380" Y="335" T="0" Pressure="0"/>
        <Point X="377" Y="338" T="0" Pressure="0"/>
        <Point X="376" Y="342" T="0" Pressure="0"/>
        <Point X="373" Y="344" T="0" Pressure="0"/>
        <Point X="372" Y="347" T="0" Pressure="0"/>
        <Point X="369" Y="351" T="0" Pressure="0"/>
        <Point X="368" Y="352" T="0" Pressure="0"/>
        <Point X="367" Y="353" T="0" Pressure="0"/>
        <Point X="366" Y="355" T="0" Pressure="0"/>
        <Point X="365" Y="356" T="0" Pressure="0"/>
        <Point X="364" Y="357" T="0" Pressure="0"/>
        <Point X="362" Y="357" T="0" Pressure="0"/>
        <Point X="361" Y="358" T="0" Pressure="0"/>
        <Point X="360" Y="358" T="0" Pressure="0"/>
        <Point X="360" Y="359" T="0" Pressure="0"/>
    </Stroke>
</Gesture>
