<?xml version="1.0" ?>
<Gesture Name="null~02" Subject="1" Number="2" NumPts="93" InputType="stylus" Speed="MEDIUM">
    <Stroke index="1">
        <Point X="388" Y="274" T="0" Pressure="0"/>
        <Point X="386" Y="272" T="0" Pressure="0"/>
        <Point X="385" Y="271" T="0" Pressure="0"/>
        <Point X="384" Y="271" T="0" Pressure="0"/>
        <Point X="383" Y="271" T="0" Pressure="0"/>
        <Point X="382" Y="272" T="0" Pressure="0"/>
        <Point X="381" Y="273" T="0" Pressure="0"/>
        <Point X="380" Y="275" T="0" Pressure="0"/>
        <Point X="378" Y="278" T="0" Pressure="0"/>
        <Point X="377" Y="280" T="0" Pressure="0"/>
        <Point X="376" Y="283" T="0" Pressure="0"/>
        <Point X="373" Y="288" T="0" Pressure="0"/>
        <Point X="371" Y="291" T="0" Pressure="0"/>
        <Point X="369" Y="294" T="0" Pressure="0"/>
        <Point X="367" Y="302" T="0" Pressure="0"/>
        <Point X="366" Y="307" T="0" Pressure="0"/>
        <Point X="365" Y="311" T="0" Pressure="0"/>
        <Point X="365" Y="318" T="0" Pressure="0"/>
        <Point X="365" Y="321" T="0" Pressure="0"/>
        <Point X="366" Y="324" T="0" Pressure="0"/>
        <Point X="369" Y="329" T="0" Pressure="0"/>
        <Point X="371" Y="331" T="0" Pressure="0"/>
        <Point X="373" Y="333" T="0" Pressure="0"/>
        <Point X="377" Y="336" T="0" Pressure="0"/>
        <Point X="380" Y="338" T="0" Pressure="0"/>
        <Point X="383" Y="338" T="0" Pressure="0"/>
        <Point X="388" Y="339" T="0" Pressure="0"/>
        <Point X="391" Y="339" T="0" Pressure="0"/>
        <Point X="394" Y="339" T="0" Pressure="0"/>
        <Point X="401" Y="336" T="0" Pressure="0"/>
        <Point X="404" Y="334" T="0" Pressure="0"/>
        <Point X="408" Y="332" T="0" Pressure="0"/>
        <Point X="414" Y="326" T="0" Pressure="0"/>
        <Point X="418" Y="322" T="0" Pressure="0"/>
        <Point X="421" Y="319" T="0" Pressure="0"/>
        <Point X="424" Y="316" T="0" Pressure="0"/>
        <Point X="425" Y="313" T="0" Pressure="0"/>
        <Point X="428" Y="309" T="0" Pressure="0"/>
        <Point X="429" Y="305" T="0" Pressure="0"/>
        <Point X="430" Y="301" T="0" Pressure="0"/>
        <Point X="430" Y="296" T="0" Pressure="0"/>
        <Point X="430" Y="292" T="0" Pressure="0"/>
        <Point X="429" Y="288" T="0" Pressure="0"/>
        <Point X="425" Y="279" T="0" Pressure="0"/>
        <Point X="422" Y="276" T="0" Pressure="0"/>
        <Point X="419" Y="273" T="0" Pressure="0"/>
        <Point X="413" Y="270" T="0" Pressure="0"/>
        <Point X="409" Y="269" T="0" Pressure="0"/>
        <Point X="405" Y="269" T="0" Pressure="0"/>
        <Point X="397" Y="268" T="0" Pressure="0"/>
        <Point X="393" Y="269" T="0" Pressure="0"/>
        <Point X="389" Y="270" T="0" Pressure="0"/>
        <Point X="381" Y="272" T="0" Pressure="0"/>
        <Point X="378" Y="274" T="0" Pressure="0"/>
        <Point X="376" Y="276" T="0" Pressure="0"/>
        <Point X="373" Y="279" T="0" Pressure="0"/>
        <Point X="371" Y="281" T="0" Pressure="0"/>
    </Stroke>
    <Stroke index="2">
        <Point X="471" Y="236" T="0" Pressure="0"/>
        <Point X="471" Y="234" T="0" Pressure="0"/>
        <Point X="471" Y="233" T="0" Pressure="0"/>
        <Point X="470" Y="234" T="0" Pressure="0"/>
        <Point X="470" Y="235" T="0" Pressure="0"/>
        <Point X="468" Y="236" T="0" Pressure="0"/>
        <Point X="467" Y="238" T="0" Pressure="0"/>
        <Point X="465" Y="239" T="0" Pressure="0"/>
        <Point X="463" Y="242" T="0" Pressure="0"/>
        <Point X="460" Y="244" T="0" Pressure="0"/>
        <Point X="453" Y="249" T="0" Pressure="0"/>
        <Point X="449" Y="252" T="0" Pressure="0"/>
        <Point X="445" Y="256" T="0" Pressure="0"/>
        <Point X="435" Y="266" T="0" Pressure="0"/>
        <Point X="429" Y="270" T="0" Pressure="0"/>
        <Point X="424" Y="276" T="0" Pressure="0"/>
        <Point X="411" Y="288" T="0" Pressure="0"/>
        <Point X="404" Y="294" T="0" Pressure="0"/>
        <Point X="399" Y="299" T="0" Pressure="0"/>
        <Point X="387" Y="311" T="0" Pressure="0"/>
        <Point X="381" Y="317" T="0" Pressure="0"/>
        <Point X="376" Y="322" T="0" Pressure="0"/>
        <Point X="368" Y="332" T="0" Pressure="0"/>
        <Point X="365" Y="337" T="0" Pressure="0"/>
        <Point X="361" Y="341" T="0" Pressure="0"/>
        <Point X="359" Y="344" T="0" Pressure="0"/>
        <Point X="357" Y="347" T="0" Pressure="0"/>
        <Point X="354" Y="351" T="0" Pressure="0"/>
        <Point X="353" Y="353" T="0" Pressure="0"/>
        <Point X="351" Y="357" T="0" Pressure="0"/>
        <Point X="350" Y="359" T="0" Pressure="0"/>
        <Point X="350" Y="361" T="0" Pressure="0"/>
        <Point X="349" Y="363" T="0" Pressure="0"/>
        <Point X="348" Y="363" T="0" Pressure="0"/>
        <Point X="347" Y="364" T="0" Pressure="0"/>
        <Point X="346" Y="364" T="0" Pressure="0"/>
    </Stroke>
</Gesture>
