<?xml version="1.0" ?>
<Gesture Name="null~03" Subject="1" Number="3" NumPts="93" InputType="stylus" Speed="MEDIUM">
    <Stroke index="1">
        <Point X="402" Y="280" T="0" Pressure="0"/>
        <Point X="399" Y="280" T="0" Pressure="0"/>
        <Point X="398" Y="280" T="0" Pressure="0"/>
        <Point X="397" Y="280" T="0" Pressure="0"/>
        <Point X="394" Y="281" T="0" Pressure="0"/>
        <Point X="393" Y="282" T="0" Pressure="0"/>
        <Point X="390" Y="284" T="0" Pressure="0"/>
        <Point X="388" Y="287" T="0" Pressure="0"/>
        <Point X="387" Y="289" T="0" Pressure="0"/>
        <Point X="382" Y="298" T="0" Pressure="0"/>
        <Point X="380" Y="301" T="0" Pressure="0"/>
        <Point X="379" Y="308" T="0" Pressure="0"/>
        <Point X="377" Y="313" T="0" Pressure="0"/>
        <Point X="377" Y="316" T="0" Pressure="0"/>
        <Point X="377" Y="319" T="0" Pressure="0"/>
        <Point X="377" Y="322" T="0" Pressure="0"/>
        <Point X="377" Y="326" T="0" Pressure="0"/>
        <Point X="377" Y="328" T="0" Pressure="0"/>
        <Point X="380" Y="334" T="0" Pressure="0"/>
        <Point X="381" Y="336" T="0" Pressure="0"/>
        <Point X="384" Y="338" T="0" Pressure="0"/>
        <Point X="389" Y="342" T="0" Pressure="0"/>
        <Point X="391" Y="343" T="0" Pressure="0"/>
        <Point X="394" Y="343" T="0" Pressure="0"/>
        <Point X="396" Y="343" T="0" Pressure="0"/>
        <Point X="399" Y="343" T="0" Pressure="0"/>
        <Point X="401" Y="343" T="0" Pressure="0"/>
        <Point X="407" Y="340" T="0" Pressure="0"/>
        <Point X="409" Y="338" T="0" Pressure="0"/>
        <Point X="411" Y="335" T="0" Pressure="0"/>
        <Point X="414" Y="332" T="0" Pressure="0"/>
        <Point X="417" Y="329" T="0" Pressure="0"/>
        <Point X="419" Y="326" T="0" Pressure="0"/>
        <Point X="421" Y="322" T="0" Pressure="0"/>
        <Point X="423" Y="319" T="0" Pressure="0"/>
        <Point X="425" Y="316" T="0" Pressure="0"/>
        <Point X="425" Y="312" T="0" Pressure="0"/>
        <Point X="426" Y="308" T="0" Pressure="0"/>
        <Point X="426" Y="304" T="0" Pressure="0"/>
        <Point X="426" Y="299" T="0" Pressure="0"/>
        <Point X="426" Y="295" T="0" Pressure="0"/>
        <Point X="425" Y="292" T="0" Pressure="0"/>
        <Point X="424" Y="289" T="0" Pressure="0"/>
        <Point X="419" Y="283" T="0" Pressure="0"/>
        <Point X="416" Y="281" T="0" Pressure="0"/>
        <Point X="414" Y="280" T="0" Pressure="0"/>
        <Point X="410" Y="279" T="0" Pressure="0"/>
        <Point X="407" Y="279" T="0" Pressure="0"/>
        <Point X="404" Y="279" T="0" Pressure="0"/>
        <Point X="397" Y="280" T="0" Pressure="0"/>
        <Point X="395" Y="281" T="0" Pressure="0"/>
        <Point X="391" Y="283" T="0" Pressure="0"/>
        <Point X="389" Y="284" T="0" Pressure="0"/>
        <Point X="388" Y="286" T="0" Pressure="0"/>
    </Stroke>
    <Stroke index="2">
        <Point X="463" Y="248" T="0" Pressure="0"/>
        <Point X="463" Y="247" T="0" Pressure="0"/>
        <Point X="463" Y="245" T="0" Pressure="0"/>
        <Point X="463" Y="244" T="0" Pressure="0"/>
        <Point X="463" Y="243" T="0" Pressure="0"/>
        <Point X="463" Y="242" T="0" Pressure="0"/>
        <Point X="462" Y="242" T="0" Pressure="0"/>
        <Point X="460" Y="243" T="0" Pressure="0"/>
        <Point X="459" Y="244" T="0" Pressure="0"/>
        <Point X="458" Y="245" T="0" Pressure="0"/>
        <Point X="456" Y="247" T="0" Pressure="0"/>
        <Point X="453" Y="250" T="0" Pressure="0"/>
        <Point X="451" Y="252" T="0" Pressure="0"/>
        <Point X="445" Y="258" T="0" Pressure="0"/>
        <Point X="441" Y="262" T="0" Pressure="0"/>
        <Point X="437" Y="266" T="0" Pressure="0"/>
        <Point X="433" Y="270" T="0" Pressure="0"/>
        <Point X="429" Y="276" T="0" Pressure="0"/>
        <Point X="424" Y="281" T="0" Pressure="0"/>
        <Point X="419" Y="287" T="0" Pressure="0"/>
        <Point X="414" Y="293" T="0" Pressure="0"/>
        <Point X="409" Y="299" T="0" Pressure="0"/>
        <Point X="404" Y="307" T="0" Pressure="0"/>
        <Point X="395" Y="318" T="0" Pressure="0"/>
        <Point X="391" Y="324" T="0" Pressure="0"/>
        <Point X="388" Y="331" T="0" Pressure="0"/>
        <Point X="384" Y="336" T="0" Pressure="0"/>
        <Point X="380" Y="341" T="0" Pressure="0"/>
        <Point X="378" Y="344" T="0" Pressure="0"/>
        <Point X="375" Y="348" T="0" Pressure="0"/>
        <Point X="373" Y="351" T="0" Pressure="0"/>
        <Point X="369" Y="355" T="0" Pressure="0"/>
        <Point X="368" Y="357" T="0" Pressure="0"/>
        <Point X="364" Y="362" T="0" Pressure="0"/>
        <Point X="361" Y="364" T="0" Pressure="0"/>
        <Point X="361" Y="365" T="0" Pressure="0"/>
        <Point X="359" Y="366" T="0" Pressure="0"/>
        <Point X="358" Y="368" T="0" Pressure="0"/>
        <Point X="357" Y="368" T="0" Pressure="0"/>
    </Stroke>
</Gesture>
