<?xml version="1.0" ?>
<Gesture Name="six_point_star~03" Subject="1" Number="3" NumPts="248" InputType="stylus" Speed="MEDIUM">
    <Stroke index="1">
        <Point X="327" Y="343" T="0" Pressure="0"/>
        <Point X="327" Y="342" T="0" Pressure="0"/>
        <Point X="328" Y="341" T="0" Pressure="0"/>
        <Point X="328" Y="339" T="0" Pressure="0"/>
        <Point X="328" Y="338" T="0" Pressure="0"/>
        <Point X="328" Y="336" T="0" Pressure="0"/>
        <Point X="328" Y="333" T="0" Pressure="0"/>
        <Point X="330" Y="331" T="0" Pressure="0"/>
        <Point X="330" Y="328" T="0" Pressure="0"/>
        <Point X="331" Y="325" T="0" Pressure="0"/>
        <Point X="333" Y="318" T="0" Pressure="0"/>
        <Point X="335" Y="314" T="0" Pressure="0"/>
        <Point X="335" Y="308" T="0" Pressure="0"/>
        <Point X="337" Y="304" T="0" Pressure="0"/>
        <Point X="339" Y="298" T="0" Pressure="0"/>
        <Point X="340" Y="293" T="0" Pressure="0"/>
        <Point X="342" Y="287" T="0" Pressure="0"/>
        <Point X="345" Y="281" T="0" Pressure="0"/>
        <Point X="346" Y="273" T="0" Pressure="0"/>
        <Point X="349" Y="268" T="0" Pressure="0"/>
        <Point X="351" Y="262" T="0" Pressure="0"/>
        <Point X="354" Y="256" T="0" Pressure="0"/>
        <Point X="356" Y="249" T="0" Pressure="0"/>
        <Point X="359" Y="244" T="0" Pressure="0"/>
        <Point X="361" Y="238" T="0" Pressure="0"/>
        <Point X="364" Y="233" T="0" Pressure="0"/>
        <Point X="366" Y="228" T="0" Pressure="0"/>
        <Point X="369" Y="223" T="0" Pressure="0"/>
        <Point X="371" Y="219" T="0" Pressure="0"/>
        <Point X="373" Y="216" T="0" Pressure="0"/>
        <Point X="375" Y="212" T="0" Pressure="0"/>
        <Point X="376" Y="209" T="0" Pressure="0"/>
        <Point X="379" Y="207" T="0" Pressure="0"/>
        <Point X="380" Y="204" T="0" Pressure="0"/>
        <Point X="381" Y="202" T="0" Pressure="0"/>
        <Point X="383" Y="201" T="0" Pressure="0"/>
        <Point X="385" Y="200" T="0" Pressure="0"/>
        <Point X="387" Y="199" T="0" Pressure="0"/>
        <Point X="388" Y="199" T="0" Pressure="0"/>
        <Point X="389" Y="199" T="0" Pressure="0"/>
        <Point X="391" Y="200" T="0" Pressure="0"/>
        <Point X="391" Y="201" T="0" Pressure="0"/>
        <Point X="392" Y="201" T="0" Pressure="0"/>
        <Point X="394" Y="202" T="0" Pressure="0"/>
        <Point X="395" Y="203" T="0" Pressure="0"/>
        <Point X="397" Y="204" T="0" Pressure="0"/>
        <Point X="399" Y="207" T="0" Pressure="0"/>
        <Point X="404" Y="213" T="0" Pressure="0"/>
        <Point X="409" Y="219" T="0" Pressure="0"/>
        <Point X="411" Y="223" T="0" Pressure="0"/>
        <Point X="413" Y="226" T="0" Pressure="0"/>
        <Point X="415" Y="231" T="0" Pressure="0"/>
        <Point X="417" Y="235" T="0" Pressure="0"/>
        <Point X="419" Y="239" T="0" Pressure="0"/>
        <Point X="421" Y="245" T="0" Pressure="0"/>
        <Point X="423" Y="251" T="0" Pressure="0"/>
        <Point X="426" Y="262" T="0" Pressure="0"/>
        <Point X="429" Y="268" T="0" Pressure="0"/>
        <Point X="430" Y="273" T="0" Pressure="0"/>
        <Point X="433" Y="279" T="0" Pressure="0"/>
        <Point X="434" Y="286" T="0" Pressure="0"/>
        <Point X="436" Y="291" T="0" Pressure="0"/>
        <Point X="438" Y="295" T="0" Pressure="0"/>
        <Point X="440" Y="299" T="0" Pressure="0"/>
        <Point X="441" Y="303" T="0" Pressure="0"/>
        <Point X="443" Y="307" T="0" Pressure="0"/>
        <Point X="444" Y="310" T="0" Pressure="0"/>
        <Point X="445" Y="313" T="0" Pressure="0"/>
        <Point X="447" Y="315" T="0" Pressure="0"/>
        <Point X="448" Y="317" T="0" Pressure="0"/>
        <Point X="448" Y="319" T="0" Pressure="0"/>
        <Point X="449" Y="321" T="0" Pressure="0"/>
        <Point X="450" Y="323" T="0" Pressure="0"/>
        <Point X="450" Y="324" T="0" Pressure="0"/>
        <Point X="451" Y="326" T="0" Pressure="0"/>
        <Point X="451" Y="327" T="0" Pressure="0"/>
        <Point X="451" Y="328" T="0" Pressure="0"/>
        <Point X="451" Y="329" T="0" Pressure="0"/>
        <Point X="451" Y="331" T="0" Pressure="0"/>
        <Point X="451" Y="332" T="0" Pressure="0"/>
        <Point X="451" Y="333" T="0" Pressure="0"/>
        <Point X="449" Y="333" T="0" Pressure="0"/>
        <Point X="448" Y="334" T="0" Pressure="0"/>
        <Point X="448" Y="335" T="0" Pressure="0"/>
        <Point X="446" Y="335" T="0" Pressure="0"/>
        <Point X="445" Y="335" T="0" Pressure="0"/>
        <Point X="443" Y="335" T="0" Pressure="0"/>
        <Point X="441" Y="335" T="0" Pressure="0"/>
        <Point X="439" Y="335" T="0" Pressure="0"/>
        <Point X="437" Y="335" T="0" Pressure="0"/>
        <Point X="435" Y="335" T="0" Pressure="0"/>
        <Point X="433" Y="335" T="0" Pressure="0"/>
        <Point X="429" Y="335" T="0" Pressure="0"/>
        <Point X="426" Y="335" T="0" Pressure="0"/>
        <Point X="423" Y="335" T="0" Pressure="0"/>
        <Point X="419" Y="335" T="0" Pressure="0"/>
        <Point X="416" Y="335" T="0" Pressure="0"/>
        <Point X="411" Y="335" T="0" Pressure="0"/>
        <Point X="407" Y="335" T="0" Pressure="0"/>
        <Point X="403" Y="335" T="0" Pressure="0"/>
        <Point X="398" Y="335" T="0" Pressure="0"/>
        <Point X="394" Y="335" T="0" Pressure="0"/>
        <Point X="388" Y="335" T="0" Pressure="0"/>
        <Point X="384" Y="335" T="0" Pressure="0"/>
        <Point X="379" Y="336" T="0" Pressure="0"/>
        <Point X="373" Y="336" T="0" Pressure="0"/>
        <Point X="369" Y="337" T="0" Pressure="0"/>
        <Point X="365" Y="338" T="0" Pressure="0"/>
        <Point X="360" Y="339" T="0" Pressure="0"/>
        <Point X="355" Y="340" T="0" Pressure="0"/>
        <Point X="351" Y="341" T="0" Pressure="0"/>
        <Point X="347" Y="342" T="0" Pressure="0"/>
        <Point X="343" Y="343" T="0" Pressure="0"/>
        <Point X="340" Y="344" T="0" Pressure="0"/>
        <Point X="337" Y="345" T="0" Pressure="0"/>
        <Point X="331" Y="346" T="0" Pressure="0"/>
        <Point X="329" Y="347" T="0" Pressure="0"/>
        <Point X="328" Y="347" T="0" Pressure="0"/>
        <Point X="326" Y="348" T="0" Pressure="0"/>
        <Point X="325" Y="348" T="0" Pressure="0"/>
        <Point X="324" Y="348" T="0" Pressure="0"/>
        <Point X="325" Y="348" T="0" Pressure="0"/>
        <Point X="326" Y="347" T="0" Pressure="0"/>
    </Stroke>
    <Stroke index="2">
        <Point X="321" Y="250" T="0" Pressure="0"/>
        <Point X="320" Y="248" T="0" Pressure="0"/>
        <Point X="320" Y="247" T="0" Pressure="0"/>
        <Point X="320" Y="246" T="0" Pressure="0"/>
        <Point X="321" Y="247" T="0" Pressure="0"/>
        <Point X="322" Y="248" T="0" Pressure="0"/>
        <Point X="323" Y="249" T="0" Pressure="0"/>
        <Point X="324" Y="251" T="0" Pressure="0"/>
        <Point X="324" Y="252" T="0" Pressure="0"/>
        <Point X="325" Y="254" T="0" Pressure="0"/>
        <Point X="327" Y="257" T="0" Pressure="0"/>
        <Point X="328" Y="259" T="0" Pressure="0"/>
        <Point X="328" Y="262" T="0" Pressure="0"/>
        <Point X="331" Y="265" T="0" Pressure="0"/>
        <Point X="332" Y="269" T="0" Pressure="0"/>
        <Point X="337" Y="279" T="0" Pressure="0"/>
        <Point X="339" Y="284" T="0" Pressure="0"/>
        <Point X="343" Y="290" T="0" Pressure="0"/>
        <Point X="346" Y="296" T="0" Pressure="0"/>
        <Point X="349" Y="301" T="0" Pressure="0"/>
        <Point X="351" Y="307" T="0" Pressure="0"/>
        <Point X="355" Y="314" T="0" Pressure="0"/>
        <Point X="358" Y="318" T="0" Pressure="0"/>
        <Point X="361" Y="324" T="0" Pressure="0"/>
        <Point X="364" Y="329" T="0" Pressure="0"/>
        <Point X="367" Y="335" T="0" Pressure="0"/>
        <Point X="370" Y="340" T="0" Pressure="0"/>
        <Point X="373" Y="345" T="0" Pressure="0"/>
        <Point X="376" Y="349" T="0" Pressure="0"/>
        <Point X="379" Y="353" T="0" Pressure="0"/>
        <Point X="383" Y="362" T="0" Pressure="0"/>
        <Point X="384" Y="365" T="0" Pressure="0"/>
        <Point X="387" Y="368" T="0" Pressure="0"/>
        <Point X="389" Y="373" T="0" Pressure="0"/>
        <Point X="391" Y="376" T="0" Pressure="0"/>
        <Point X="391" Y="377" T="0" Pressure="0"/>
        <Point X="392" Y="379" T="0" Pressure="0"/>
        <Point X="394" Y="381" T="0" Pressure="0"/>
        <Point X="394" Y="382" T="0" Pressure="0"/>
        <Point X="395" Y="382" T="0" Pressure="0"/>
        <Point X="395" Y="383" T="0" Pressure="0"/>
        <Point X="396" Y="383" T="0" Pressure="0"/>
        <Point X="397" Y="383" T="0" Pressure="0"/>
        <Point X="398" Y="383" T="0" Pressure="0"/>
        <Point X="399" Y="382" T="0" Pressure="0"/>
        <Point X="400" Y="381" T="0" Pressure="0"/>
        <Point X="401" Y="380" T="0" Pressure="0"/>
        <Point X="402" Y="378" T="0" Pressure="0"/>
        <Point X="403" Y="376" T="0" Pressure="0"/>
        <Point X="403" Y="374" T="0" Pressure="0"/>
        <Point X="404" Y="371" T="0" Pressure="0"/>
        <Point X="406" Y="369" T="0" Pressure="0"/>
        <Point X="407" Y="366" T="0" Pressure="0"/>
        <Point X="409" Y="363" T="0" Pressure="0"/>
        <Point X="410" Y="359" T="0" Pressure="0"/>
        <Point X="411" Y="356" T="0" Pressure="0"/>
        <Point X="413" Y="351" T="0" Pressure="0"/>
        <Point X="414" Y="347" T="0" Pressure="0"/>
        <Point X="417" Y="343" T="0" Pressure="0"/>
        <Point X="418" Y="339" T="0" Pressure="0"/>
        <Point X="419" Y="334" T="0" Pressure="0"/>
        <Point X="422" Y="324" T="0" Pressure="0"/>
        <Point X="425" Y="318" T="0" Pressure="0"/>
        <Point X="426" Y="313" T="0" Pressure="0"/>
        <Point X="429" Y="307" T="0" Pressure="0"/>
        <Point X="430" Y="301" T="0" Pressure="0"/>
        <Point X="432" Y="296" T="0" Pressure="0"/>
        <Point X="434" Y="291" T="0" Pressure="0"/>
        <Point X="436" Y="285" T="0" Pressure="0"/>
        <Point X="439" Y="279" T="0" Pressure="0"/>
        <Point X="440" Y="276" T="0" Pressure="0"/>
        <Point X="442" Y="271" T="0" Pressure="0"/>
        <Point X="444" Y="268" T="0" Pressure="0"/>
        <Point X="445" Y="264" T="0" Pressure="0"/>
        <Point X="447" Y="262" T="0" Pressure="0"/>
        <Point X="449" Y="259" T="0" Pressure="0"/>
        <Point X="453" Y="254" T="0" Pressure="0"/>
        <Point X="454" Y="253" T="0" Pressure="0"/>
        <Point X="455" Y="252" T="0" Pressure="0"/>
        <Point X="455" Y="251" T="0" Pressure="0"/>
        <Point X="456" Y="251" T="0" Pressure="0"/>
        <Point X="456" Y="250" T="0" Pressure="0"/>
        <Point X="456" Y="249" T="0" Pressure="0"/>
        <Point X="456" Y="248" T="0" Pressure="0"/>
        <Point X="455" Y="248" T="0" Pressure="0"/>
        <Point X="455" Y="247" T="0" Pressure="0"/>
        <Point X="455" Y="246" T="0" Pressure="0"/>
        <Point X="455" Y="245" T="0" Pressure="0"/>
        <Point X="454" Y="245" T="0" Pressure="0"/>
        <Point X="453" Y="244" T="0" Pressure="0"/>
        <Point X="452" Y="244" T="0" Pressure="0"/>
        <Point X="451" Y="244" T="0" Pressure="0"/>
        <Point X="449" Y="244" T="0" Pressure="0"/>
        <Point X="448" Y="243" T="0" Pressure="0"/>
        <Point X="445" Y="243" T="0" Pressure="0"/>
        <Point X="443" Y="243" T="0" Pressure="0"/>
        <Point X="441" Y="243" T="0" Pressure="0"/>
        <Point X="438" Y="242" T="0" Pressure="0"/>
        <Point X="435" Y="242" T="0" Pressure="0"/>
        <Point X="428" Y="242" T="0" Pressure="0"/>
        <Point X="424" Y="242" T="0" Pressure="0"/>
        <Point X="419" Y="242" T="0" Pressure="0"/>
        <Point X="414" Y="242" T="0" Pressure="0"/>
        <Point X="410" Y="242" T="0" Pressure="0"/>
        <Point X="405" Y="242" T="0" Pressure="0"/>
        <Point X="399" Y="242" T="0" Pressure="0"/>
        <Point X="389" Y="243" T="0" Pressure="0"/>
        <Point X="384" Y="243" T="0" Pressure="0"/>
        <Point X="379" Y="243" T="0" Pressure="0"/>
        <Point X="373" Y="244" T="0" Pressure="0"/>
        <Point X="367" Y="244" T="0" Pressure="0"/>
        <Point X="361" Y="245" T="0" Pressure="0"/>
        <Point X="355" Y="246" T="0" Pressure="0"/>
        <Point X="345" Y="249" T="0" Pressure="0"/>
        <Point X="340" Y="250" T="0" Pressure="0"/>
        <Point X="335" Y="251" T="0" Pressure="0"/>
        <Point X="328" Y="252" T="0" Pressure="0"/>
        <Point X="325" Y="253" T="0" Pressure="0"/>
        <Point X="324" Y="253" T="0" Pressure="0"/>
        <Point X="320" Y="254" T="0" Pressure="0"/>
        <Point X="320" Y="255" T="0" Pressure="0"/>
        <Point X="319" Y="256" T="0" Pressure="0"/>
        <Point X="319" Y="257" T="0" Pressure="0"/>
        <Point X="320" Y="258" T="0" Pressure="0"/>
        <Point X="321" Y="258" T="0" Pressure="0"/>
    </Stroke>
</Gesture>
