<?xml version="1.0" ?>
<Gesture Name="X~10" Subject="1" Number="10" NumPts="74" InputType="stylus" Speed="MEDIUM">
    <Stroke index="1">
        <Point X="321" Y="272" T="0" Pressure="0"/>
        <Point X="322" Y="272" T="0" Pressure="0"/>
        <Point X="323" Y="272" T="0" Pressure="0"/>
        <Point X="324" Y="272" T="0" Pressure="0"/>
        <Point X="325" Y="273" T="0" Pressure="0"/>
        <Point X="328" Y="274" T="0" Pressure="0"/>
        <Point X="330" Y="276" T="0" Pressure="0"/>
        <Point X="333" Y="278" T="0" Pressure="0"/>
        <Point X="336" Y="281" T="0" Pressure="0"/>
        <Point X="345" Y="288" T="0" Pressure="0"/>
        <Point X="350" Y="293" T="0" Pressure="0"/>
        <Point X="354" Y="296" T="0" Pressure="0"/>
        <Point X="358" Y="301" T="0" Pressure="0"/>
        <Point X="363" Y="304" T="0" Pressure="0"/>
        <Point X="368" Y="309" T="0" Pressure="0"/>
        <Point X="372" Y="313" T="0" Pressure="0"/>
        <Point X="377" Y="317" T="0" Pressure="0"/>
        <Point X="382" Y="320" T="0" Pressure="0"/>
        <Point X="387" Y="324" T="0" Pressure="0"/>
        <Point X="391" Y="328" T="0" Pressure="0"/>
        <Point X="395" Y="332" T="0" Pressure="0"/>
        <Point X="400" Y="336" T="0" Pressure="0"/>
        <Point X="409" Y="343" T="0" Pressure="0"/>
        <Point X="413" Y="346" T="0" Pressure="0"/>
        <Point X="416" Y="349" T="0" Pressure="0"/>
        <Point X="419" Y="353" T="0" Pressure="0"/>
        <Point X="422" Y="356" T="0" Pressure="0"/>
        <Point X="426" Y="358" T="0" Pressure="0"/>
        <Point X="429" Y="361" T="0" Pressure="0"/>
        <Point X="430" Y="363" T="0" Pressure="0"/>
        <Point X="433" Y="365" T="0" Pressure="0"/>
        <Point X="434" Y="367" T="0" Pressure="0"/>
        <Point X="436" Y="368" T="0" Pressure="0"/>
        <Point X="439" Y="371" T="0" Pressure="0"/>
        <Point X="440" Y="372" T="0" Pressure="0"/>
        <Point X="440" Y="374" T="0" Pressure="0"/>
        <Point X="439" Y="374" T="0" Pressure="0"/>
    </Stroke>
    <Stroke index="2">
        <Point X="444" Y="268" T="0" Pressure="0"/>
        <Point X="444" Y="266" T="0" Pressure="0"/>
        <Point X="444" Y="264" T="0" Pressure="0"/>
        <Point X="443" Y="264" T="0" Pressure="0"/>
        <Point X="442" Y="264" T="0" Pressure="0"/>
        <Point X="441" Y="264" T="0" Pressure="0"/>
        <Point X="439" Y="264" T="0" Pressure="0"/>
        <Point X="437" Y="266" T="0" Pressure="0"/>
        <Point X="436" Y="268" T="0" Pressure="0"/>
        <Point X="431" Y="273" T="0" Pressure="0"/>
        <Point X="428" Y="276" T="0" Pressure="0"/>
        <Point X="425" Y="279" T="0" Pressure="0"/>
        <Point X="418" Y="287" T="0" Pressure="0"/>
        <Point X="414" Y="292" T="0" Pressure="0"/>
        <Point X="409" Y="297" T="0" Pressure="0"/>
        <Point X="399" Y="309" T="0" Pressure="0"/>
        <Point X="394" Y="316" T="0" Pressure="0"/>
        <Point X="389" Y="321" T="0" Pressure="0"/>
        <Point X="385" Y="328" T="0" Pressure="0"/>
        <Point X="380" Y="335" T="0" Pressure="0"/>
        <Point X="376" Y="342" T="0" Pressure="0"/>
        <Point X="372" Y="347" T="0" Pressure="0"/>
        <Point X="369" Y="353" T="0" Pressure="0"/>
        <Point X="365" Y="358" T="0" Pressure="0"/>
        <Point X="362" Y="364" T="0" Pressure="0"/>
        <Point X="359" Y="368" T="0" Pressure="0"/>
        <Point X="356" Y="373" T="0" Pressure="0"/>
        <Point X="354" Y="377" T="0" Pressure="0"/>
        <Point X="351" Y="381" T="0" Pressure="0"/>
        <Point X="349" Y="383" T="0" Pressure="0"/>
        <Point X="346" Y="388" T="0" Pressure="0"/>
        <Point X="345" Y="390" T="0" Pressure="0"/>
        <Point X="345" Y="391" T="0" Pressure="0"/>
        <Point X="343" Y="392" T="0" Pressure="0"/>
        <Point X="343" Y="393" T="0" Pressure="0"/>
        <Point X="342" Y="393" T="0" Pressure="0"/>
        <Point X="342" Y="394" T="0" Pressure="0"/>
    </Stroke>
</Gesture>
