<?xml version="1.0" ?>
<Gesture Name="pitchfork~06" Subject="1" Number="6" NumPts="99" InputType="stylus" Speed="MEDIUM">
    <Stroke index="1">
        <Point X="328" Y="221" T="0" Pressure="0"/>
        <Point X="326" Y="222" T="0" Pressure="0"/>
        <Point X="324" Y="223" T="0" Pressure="0"/>
        <Point X="324" Y="225" T="0" Pressure="0"/>
        <Point X="323" Y="226" T="0" Pressure="0"/>
        <Point X="321" Y="234" T="0" Pressure="0"/>
        <Point X="321" Y="238" T="0" Pressure="0"/>
        <Point X="321" Y="242" T="0" Pressure="0"/>
        <Point X="321" Y="249" T="0" Pressure="0"/>
        <Point X="321" Y="254" T="0" Pressure="0"/>
        <Point X="321" Y="258" T="0" Pressure="0"/>
        <Point X="321" Y="263" T="0" Pressure="0"/>
        <Point X="322" Y="269" T="0" Pressure="0"/>
        <Point X="323" Y="273" T="0" Pressure="0"/>
        <Point X="324" Y="277" T="0" Pressure="0"/>
        <Point X="327" Y="286" T="0" Pressure="0"/>
        <Point X="329" Y="290" T="0" Pressure="0"/>
        <Point X="331" Y="294" T="0" Pressure="0"/>
        <Point X="336" Y="301" T="0" Pressure="0"/>
        <Point X="339" Y="304" T="0" Pressure="0"/>
        <Point X="345" Y="309" T="0" Pressure="0"/>
        <Point X="347" Y="311" T="0" Pressure="0"/>
        <Point X="350" Y="312" T="0" Pressure="0"/>
        <Point X="357" Y="314" T="0" Pressure="0"/>
        <Point X="361" Y="314" T="0" Pressure="0"/>
        <Point X="364" Y="314" T="0" Pressure="0"/>
        <Point X="368" Y="313" T="0" Pressure="0"/>
        <Point X="372" Y="312" T="0" Pressure="0"/>
        <Point X="376" Y="309" T="0" Pressure="0"/>
        <Point X="380" Y="307" T="0" Pressure="0"/>
        <Point X="392" Y="298" T="0" Pressure="0"/>
        <Point X="395" Y="296" T="0" Pressure="0"/>
        <Point X="402" Y="289" T="0" Pressure="0"/>
        <Point X="405" Y="285" T="0" Pressure="0"/>
        <Point X="408" Y="281" T="0" Pressure="0"/>
        <Point X="411" Y="276" T="0" Pressure="0"/>
        <Point X="414" Y="271" T="0" Pressure="0"/>
        <Point X="417" Y="266" T="0" Pressure="0"/>
        <Point X="419" Y="260" T="0" Pressure="0"/>
        <Point X="422" Y="254" T="0" Pressure="0"/>
        <Point X="424" Y="249" T="0" Pressure="0"/>
        <Point X="429" Y="233" T="0" Pressure="0"/>
        <Point X="429" Y="229" T="0" Pressure="0"/>
        <Point X="429" Y="227" T="0" Pressure="0"/>
        <Point X="429" Y="225" T="0" Pressure="0"/>
        <Point X="429" Y="224" T="0" Pressure="0"/>
        <Point X="429" Y="223" T="0" Pressure="0"/>
        <Point X="428" Y="223" T="0" Pressure="0"/>
        <Point X="426" Y="222" T="0" Pressure="0"/>
        <Point X="425" Y="222" T="0" Pressure="0"/>
        <Point X="424" Y="222" T="0" Pressure="0"/>
        <Point X="423" Y="223" T="0" Pressure="0"/>
        <Point X="422" Y="224" T="0" Pressure="0"/>
        <Point X="421" Y="225" T="0" Pressure="0"/>
        <Point X="418" Y="227" T="0" Pressure="0"/>
        <Point X="418" Y="228" T="0" Pressure="0"/>
        <Point X="417" Y="229" T="0" Pressure="0"/>
    </Stroke>
    <Stroke index="2">
        <Point X="376" Y="239" T="0" Pressure="0"/>
        <Point X="375" Y="237" T="0" Pressure="0"/>
        <Point X="374" Y="235" T="0" Pressure="0"/>
        <Point X="374" Y="233" T="0" Pressure="0"/>
        <Point X="373" Y="233" T="0" Pressure="0"/>
        <Point X="373" Y="232" T="0" Pressure="0"/>
        <Point X="373" Y="233" T="0" Pressure="0"/>
        <Point X="373" Y="234" T="0" Pressure="0"/>
        <Point X="373" Y="236" T="0" Pressure="0"/>
        <Point X="373" Y="238" T="0" Pressure="0"/>
        <Point X="373" Y="239" T="0" Pressure="0"/>
        <Point X="373" Y="242" T="0" Pressure="0"/>
        <Point X="373" Y="244" T="0" Pressure="0"/>
        <Point X="373" Y="248" T="0" Pressure="0"/>
        <Point X="372" Y="256" T="0" Pressure="0"/>
        <Point X="370" Y="261" T="0" Pressure="0"/>
        <Point X="370" Y="267" T="0" Pressure="0"/>
        <Point X="369" Y="273" T="0" Pressure="0"/>
        <Point X="368" Y="280" T="0" Pressure="0"/>
        <Point X="366" Y="288" T="0" Pressure="0"/>
        <Point X="365" Y="296" T="0" Pressure="0"/>
        <Point X="365" Y="304" T="0" Pressure="0"/>
        <Point X="364" Y="312" T="0" Pressure="0"/>
        <Point X="364" Y="320" T="0" Pressure="0"/>
        <Point X="364" Y="328" T="0" Pressure="0"/>
        <Point X="363" Y="336" T="0" Pressure="0"/>
        <Point X="363" Y="343" T="0" Pressure="0"/>
        <Point X="363" Y="349" T="0" Pressure="0"/>
        <Point X="362" Y="355" T="0" Pressure="0"/>
        <Point X="362" Y="367" T="0" Pressure="0"/>
        <Point X="362" Y="371" T="0" Pressure="0"/>
        <Point X="362" Y="377" T="0" Pressure="0"/>
        <Point X="361" Y="380" T="0" Pressure="0"/>
        <Point X="361" Y="382" T="0" Pressure="0"/>
        <Point X="361" Y="387" T="0" Pressure="0"/>
        <Point X="360" Y="388" T="0" Pressure="0"/>
        <Point X="360" Y="389" T="0" Pressure="0"/>
        <Point X="360" Y="390" T="0" Pressure="0"/>
        <Point X="360" Y="389" T="0" Pressure="0"/>
        <Point X="360" Y="388" T="0" Pressure="0"/>
        <Point X="361" Y="387" T="0" Pressure="0"/>
        <Point X="361" Y="386" T="0" Pressure="0"/>
    </Stroke>
</Gesture>
