<?xml version="1.0" ?>
<Gesture Name="six_point_star~02" Subject="1" Number="2" NumPts="238" InputType="stylus" Speed="MEDIUM">
    <Stroke index="1">
        <Point X="328" Y="307" T="0" Pressure="0"/>
        <Point X="328" Y="309" T="0" Pressure="0"/>
        <Point X="327" Y="309" T="0" Pressure="0"/>
        <Point X="327" Y="310" T="0" Pressure="0"/>
        <Point X="327" Y="311" T="0" Pressure="0"/>
        <Point X="327" Y="310" T="0" Pressure="0"/>
        <Point X="327" Y="309" T="0" Pressure="0"/>
        <Point X="328" Y="308" T="0" Pressure="0"/>
        <Point X="328" Y="307" T="0" Pressure="0"/>
        <Point X="328" Y="306" T="0" Pressure="0"/>
        <Point X="328" Y="305" T="0" Pressure="0"/>
        <Point X="328" Y="303" T="0" Pressure="0"/>
        <Point X="329" Y="302" T="0" Pressure="0"/>
        <Point X="330" Y="300" T="0" Pressure="0"/>
        <Point X="330" Y="298" T="0" Pressure="0"/>
        <Point X="331" Y="296" T="0" Pressure="0"/>
        <Point X="331" Y="293" T="0" Pressure="0"/>
        <Point X="332" Y="291" T="0" Pressure="0"/>
        <Point X="333" Y="287" T="0" Pressure="0"/>
        <Point X="334" Y="283" T="0" Pressure="0"/>
        <Point X="335" Y="277" T="0" Pressure="0"/>
        <Point X="336" Y="272" T="0" Pressure="0"/>
        <Point X="338" Y="267" T="0" Pressure="0"/>
        <Point X="339" Y="261" T="0" Pressure="0"/>
        <Point X="340" Y="255" T="0" Pressure="0"/>
        <Point X="341" Y="249" T="0" Pressure="0"/>
        <Point X="343" Y="244" T="0" Pressure="0"/>
        <Point X="343" Y="239" T="0" Pressure="0"/>
        <Point X="344" Y="235" T="0" Pressure="0"/>
        <Point X="346" Y="231" T="0" Pressure="0"/>
        <Point X="346" Y="227" T="0" Pressure="0"/>
        <Point X="348" Y="223" T="0" Pressure="0"/>
        <Point X="350" Y="220" T="0" Pressure="0"/>
        <Point X="350" Y="218" T="0" Pressure="0"/>
        <Point X="351" Y="216" T="0" Pressure="0"/>
        <Point X="353" Y="214" T="0" Pressure="0"/>
        <Point X="353" Y="213" T="0" Pressure="0"/>
        <Point X="354" Y="212" T="0" Pressure="0"/>
        <Point X="354" Y="211" T="0" Pressure="0"/>
        <Point X="355" Y="211" T="0" Pressure="0"/>
        <Point X="356" Y="211" T="0" Pressure="0"/>
        <Point X="357" Y="211" T="0" Pressure="0"/>
        <Point X="357" Y="210" T="0" Pressure="0"/>
        <Point X="358" Y="210" T="0" Pressure="0"/>
        <Point X="359" Y="210" T="0" Pressure="0"/>
        <Point X="360" Y="211" T="0" Pressure="0"/>
        <Point X="361" Y="211" T="0" Pressure="0"/>
        <Point X="361" Y="212" T="0" Pressure="0"/>
        <Point X="363" Y="213" T="0" Pressure="0"/>
        <Point X="364" Y="214" T="0" Pressure="0"/>
        <Point X="365" Y="216" T="0" Pressure="0"/>
        <Point X="367" Y="218" T="0" Pressure="0"/>
        <Point X="369" Y="219" T="0" Pressure="0"/>
        <Point X="370" Y="222" T="0" Pressure="0"/>
        <Point X="372" Y="225" T="0" Pressure="0"/>
        <Point X="373" Y="228" T="0" Pressure="0"/>
        <Point X="375" Y="232" T="0" Pressure="0"/>
        <Point X="378" Y="239" T="0" Pressure="0"/>
        <Point X="380" Y="243" T="0" Pressure="0"/>
        <Point X="382" Y="247" T="0" Pressure="0"/>
        <Point X="384" Y="252" T="0" Pressure="0"/>
        <Point X="386" Y="257" T="0" Pressure="0"/>
        <Point X="388" Y="262" T="0" Pressure="0"/>
        <Point X="389" Y="266" T="0" Pressure="0"/>
        <Point X="391" Y="270" T="0" Pressure="0"/>
        <Point X="393" Y="274" T="0" Pressure="0"/>
        <Point X="395" Y="279" T="0" Pressure="0"/>
        <Point X="397" Y="283" T="0" Pressure="0"/>
        <Point X="399" Y="287" T="0" Pressure="0"/>
        <Point X="400" Y="291" T="0" Pressure="0"/>
        <Point X="402" Y="294" T="0" Pressure="0"/>
        <Point X="403" Y="297" T="0" Pressure="0"/>
        <Point X="406" Y="303" T="0" Pressure="0"/>
        <Point X="407" Y="306" T="0" Pressure="0"/>
        <Point X="407" Y="308" T="0" Pressure="0"/>
        <Point X="409" Y="310" T="0" Pressure="0"/>
        <Point X="409" Y="312" T="0" Pressure="0"/>
        <Point X="410" Y="314" T="0" Pressure="0"/>
        <Point X="410" Y="316" T="0" Pressure="0"/>
        <Point X="411" Y="317" T="0" Pressure="0"/>
        <Point X="411" Y="318" T="0" Pressure="0"/>
        <Point X="412" Y="319" T="0" Pressure="0"/>
        <Point X="412" Y="320" T="0" Pressure="0"/>
        <Point X="413" Y="320" T="0" Pressure="0"/>
        <Point X="412" Y="320" T="0" Pressure="0"/>
        <Point X="411" Y="320" T="0" Pressure="0"/>
        <Point X="410" Y="320" T="0" Pressure="0"/>
        <Point X="409" Y="320" T="0" Pressure="0"/>
        <Point X="408" Y="319" T="0" Pressure="0"/>
        <Point X="407" Y="319" T="0" Pressure="0"/>
        <Point X="406" Y="318" T="0" Pressure="0"/>
        <Point X="404" Y="318" T="0" Pressure="0"/>
        <Point X="403" Y="318" T="0" Pressure="0"/>
        <Point X="401" Y="317" T="0" Pressure="0"/>
        <Point X="399" Y="317" T="0" Pressure="0"/>
        <Point X="398" Y="316" T="0" Pressure="0"/>
        <Point X="395" Y="316" T="0" Pressure="0"/>
        <Point X="392" Y="315" T="0" Pressure="0"/>
        <Point X="390" Y="315" T="0" Pressure="0"/>
        <Point X="387" Y="314" T="0" Pressure="0"/>
        <Point X="384" Y="314" T="0" Pressure="0"/>
        <Point X="380" Y="314" T="0" Pressure="0"/>
        <Point X="376" Y="313" T="0" Pressure="0"/>
        <Point X="372" Y="313" T="0" Pressure="0"/>
        <Point X="363" Y="313" T="0" Pressure="0"/>
        <Point X="359" Y="313" T="0" Pressure="0"/>
        <Point X="354" Y="313" T="0" Pressure="0"/>
        <Point X="350" Y="313" T="0" Pressure="0"/>
        <Point X="346" Y="314" T="0" Pressure="0"/>
        <Point X="343" Y="314" T="0" Pressure="0"/>
        <Point X="339" Y="315" T="0" Pressure="0"/>
        <Point X="336" Y="315" T="0" Pressure="0"/>
        <Point X="334" Y="316" T="0" Pressure="0"/>
        <Point X="331" Y="316" T="0" Pressure="0"/>
        <Point X="329" Y="316" T="0" Pressure="0"/>
        <Point X="325" Y="316" T="0" Pressure="0"/>
        <Point X="324" Y="317" T="0" Pressure="0"/>
        <Point X="323" Y="317" T="0" Pressure="0"/>
        <Point X="322" Y="317" T="0" Pressure="0"/>
        <Point X="321" Y="318" T="0" Pressure="0"/>
        <Point X="320" Y="318" T="0" Pressure="0"/>
        <Point X="320" Y="319" T="0" Pressure="0"/>
    </Stroke>
    <Stroke index="2">
        <Point X="309" Y="231" T="0" Pressure="0"/>
        <Point X="309" Y="229" T="0" Pressure="0"/>
        <Point X="309" Y="228" T="0" Pressure="0"/>
        <Point X="309" Y="227" T="0" Pressure="0"/>
        <Point X="309" Y="228" T="0" Pressure="0"/>
        <Point X="310" Y="229" T="0" Pressure="0"/>
        <Point X="312" Y="232" T="0" Pressure="0"/>
        <Point X="312" Y="234" T="0" Pressure="0"/>
        <Point X="313" Y="236" T="0" Pressure="0"/>
        <Point X="315" Y="239" T="0" Pressure="0"/>
        <Point X="316" Y="242" T="0" Pressure="0"/>
        <Point X="317" Y="245" T="0" Pressure="0"/>
        <Point X="319" Y="249" T="0" Pressure="0"/>
        <Point X="320" Y="254" T="0" Pressure="0"/>
        <Point X="322" Y="259" T="0" Pressure="0"/>
        <Point X="324" Y="266" T="0" Pressure="0"/>
        <Point X="325" Y="271" T="0" Pressure="0"/>
        <Point X="327" Y="277" T="0" Pressure="0"/>
        <Point X="329" Y="283" T="0" Pressure="0"/>
        <Point X="331" Y="290" T="0" Pressure="0"/>
        <Point X="335" Y="302" T="0" Pressure="0"/>
        <Point X="337" Y="308" T="0" Pressure="0"/>
        <Point X="339" Y="313" T="0" Pressure="0"/>
        <Point X="341" Y="318" T="0" Pressure="0"/>
        <Point X="343" Y="322" T="0" Pressure="0"/>
        <Point X="345" Y="327" T="0" Pressure="0"/>
        <Point X="346" Y="332" T="0" Pressure="0"/>
        <Point X="348" Y="335" T="0" Pressure="0"/>
        <Point X="350" Y="339" T="0" Pressure="0"/>
        <Point X="351" Y="342" T="0" Pressure="0"/>
        <Point X="353" Y="344" T="0" Pressure="0"/>
        <Point X="354" Y="347" T="0" Pressure="0"/>
        <Point X="355" Y="349" T="0" Pressure="0"/>
        <Point X="357" Y="351" T="0" Pressure="0"/>
        <Point X="358" Y="352" T="0" Pressure="0"/>
        <Point X="359" Y="353" T="0" Pressure="0"/>
        <Point X="360" Y="355" T="0" Pressure="0"/>
        <Point X="361" Y="356" T="0" Pressure="0"/>
        <Point X="362" Y="356" T="0" Pressure="0"/>
        <Point X="362" Y="357" T="0" Pressure="0"/>
        <Point X="364" Y="357" T="0" Pressure="0"/>
        <Point X="365" Y="356" T="0" Pressure="0"/>
        <Point X="366" Y="355" T="0" Pressure="0"/>
        <Point X="367" Y="353" T="0" Pressure="0"/>
        <Point X="368" Y="352" T="0" Pressure="0"/>
        <Point X="369" Y="348" T="0" Pressure="0"/>
        <Point X="370" Y="346" T="0" Pressure="0"/>
        <Point X="372" Y="343" T="0" Pressure="0"/>
        <Point X="373" Y="341" T="0" Pressure="0"/>
        <Point X="373" Y="338" T="0" Pressure="0"/>
        <Point X="374" Y="335" T="0" Pressure="0"/>
        <Point X="375" Y="331" T="0" Pressure="0"/>
        <Point X="376" Y="327" T="0" Pressure="0"/>
        <Point X="377" Y="323" T="0" Pressure="0"/>
        <Point X="379" Y="318" T="0" Pressure="0"/>
        <Point X="380" Y="314" T="0" Pressure="0"/>
        <Point X="381" Y="309" T="0" Pressure="0"/>
        <Point X="384" Y="298" T="0" Pressure="0"/>
        <Point X="387" Y="293" T="0" Pressure="0"/>
        <Point X="388" Y="288" T="0" Pressure="0"/>
        <Point X="391" Y="283" T="0" Pressure="0"/>
        <Point X="392" Y="278" T="0" Pressure="0"/>
        <Point X="394" Y="274" T="0" Pressure="0"/>
        <Point X="396" Y="270" T="0" Pressure="0"/>
        <Point X="398" Y="267" T="0" Pressure="0"/>
        <Point X="399" Y="264" T="0" Pressure="0"/>
        <Point X="399" Y="263" T="0" Pressure="0"/>
        <Point X="399" Y="262" T="0" Pressure="0"/>
        <Point X="400" Y="260" T="0" Pressure="0"/>
        <Point X="400" Y="259" T="0" Pressure="0"/>
        <Point X="400" Y="258" T="0" Pressure="0"/>
        <Point X="401" Y="257" T="0" Pressure="0"/>
        <Point X="402" Y="256" T="0" Pressure="0"/>
        <Point X="402" Y="255" T="0" Pressure="0"/>
        <Point X="402" Y="254" T="0" Pressure="0"/>
        <Point X="402" Y="253" T="0" Pressure="0"/>
        <Point X="403" Y="253" T="0" Pressure="0"/>
        <Point X="403" Y="252" T="0" Pressure="0"/>
        <Point X="403" Y="251" T="0" Pressure="0"/>
        <Point X="402" Y="251" T="0" Pressure="0"/>
        <Point X="401" Y="251" T="0" Pressure="0"/>
        <Point X="400" Y="251" T="0" Pressure="0"/>
        <Point X="399" Y="251" T="0" Pressure="0"/>
        <Point X="399" Y="250" T="0" Pressure="0"/>
        <Point X="398" Y="250" T="0" Pressure="0"/>
        <Point X="397" Y="250" T="0" Pressure="0"/>
        <Point X="396" Y="249" T="0" Pressure="0"/>
        <Point X="395" Y="249" T="0" Pressure="0"/>
        <Point X="393" Y="249" T="0" Pressure="0"/>
        <Point X="391" Y="248" T="0" Pressure="0"/>
        <Point X="389" Y="248" T="0" Pressure="0"/>
        <Point X="385" Y="247" T="0" Pressure="0"/>
        <Point X="376" Y="244" T="0" Pressure="0"/>
        <Point X="372" Y="244" T="0" Pressure="0"/>
        <Point X="367" Y="243" T="0" Pressure="0"/>
        <Point X="362" Y="242" T="0" Pressure="0"/>
        <Point X="358" Y="241" T="0" Pressure="0"/>
        <Point X="352" Y="239" T="0" Pressure="0"/>
        <Point X="347" Y="239" T="0" Pressure="0"/>
        <Point X="343" Y="238" T="0" Pressure="0"/>
        <Point X="338" Y="237" T="0" Pressure="0"/>
        <Point X="330" Y="236" T="0" Pressure="0"/>
        <Point X="325" Y="236" T="0" Pressure="0"/>
        <Point X="321" Y="236" T="0" Pressure="0"/>
        <Point X="318" Y="236" T="0" Pressure="0"/>
        <Point X="315" Y="236" T="0" Pressure="0"/>
        <Point X="312" Y="237" T="0" Pressure="0"/>
        <Point X="308" Y="237" T="0" Pressure="0"/>
        <Point X="305" Y="239" T="0" Pressure="0"/>
        <Point X="302" Y="239" T="0" Pressure="0"/>
        <Point X="300" Y="240" T="0" Pressure="0"/>
        <Point X="298" Y="241" T="0" Pressure="0"/>
        <Point X="295" Y="243" T="0" Pressure="0"/>
        <Point X="294" Y="243" T="0" Pressure="0"/>
        <Point X="294" Y="244" T="0" Pressure="0"/>
        <Point X="295" Y="244" T="0" Pressure="0"/>
    </Stroke>
</Gesture>
