<?xml version="1.0" ?>
<Gesture Name="exclamation_point~05" Subject="1" Number="5" NumPts="42" InputType="stylus" Speed="MEDIUM">
    <Stroke index="1">
        <Point X="402" Y="230" T="0" Pressure="0"/>
        <Point X="403" Y="228" T="0" Pressure="0"/>
        <Point X="403" Y="227" T="0" Pressure="0"/>
        <Point X="404" Y="227" T="0" Pressure="0"/>
        <Point X="405" Y="228" T="0" Pressure="0"/>
        <Point X="406" Y="229" T="0" Pressure="0"/>
        <Point X="407" Y="231" T="0" Pressure="0"/>
        <Point X="408" Y="233" T="0" Pressure="0"/>
        <Point X="409" Y="238" T="0" Pressure="0"/>
        <Point X="410" Y="241" T="0" Pressure="0"/>
        <Point X="410" Y="244" T="0" Pressure="0"/>
        <Point X="410" Y="252" T="0" Pressure="0"/>
        <Point X="410" Y="257" T="0" Pressure="0"/>
        <Point X="410" Y="262" T="0" Pressure="0"/>
        <Point X="410" Y="272" T="0" Pressure="0"/>
        <Point X="410" Y="277" T="0" Pressure="0"/>
        <Point X="410" Y="284" T="0" Pressure="0"/>
        <Point X="410" Y="294" T="0" Pressure="0"/>
        <Point X="410" Y="299" T="0" Pressure="0"/>
        <Point X="410" Y="304" T="0" Pressure="0"/>
        <Point X="410" Y="315" T="0" Pressure="0"/>
        <Point X="410" Y="318" T="0" Pressure="0"/>
        <Point X="410" Y="322" T="0" Pressure="0"/>
        <Point X="411" Y="327" T="0" Pressure="0"/>
        <Point X="411" Y="331" T="0" Pressure="0"/>
        <Point X="411" Y="335" T="0" Pressure="0"/>
        <Point X="411" Y="339" T="0" Pressure="0"/>
        <Point X="411" Y="346" T="0" Pressure="0"/>
        <Point X="410" Y="351" T="0" Pressure="0"/>
        <Point X="410" Y="355" T="0" Pressure="0"/>
        <Point X="409" Y="359" T="0" Pressure="0"/>
    </Stroke>
    <Stroke index="2">
        <Point X="413" Y="395" T="0" Pressure="0"/>
        <Point X="411" Y="394" T="0" Pressure="0"/>
        <Point X="410" Y="392" T="0" Pressure="0"/>
        <Point X="408" Y="390" T="0" Pressure="0"/>
        <Point X="407" Y="388" T="0" Pressure="0"/>
        <Point X="407" Y="387" T="0" Pressure="0"/>
        <Point X="407" Y="386" T="0" Pressure="0"/>
        <Point X="407" Y="387" T="0" Pressure="0"/>
        <Point X="409" Y="387" T="0" Pressure="0"/>
        <Point X="410" Y="388" T="0" Pressure="0"/>
        <Point X="410" Y="389" T="0" Pressure="0"/>
    </Stroke>
</Gesture>
