<?xml version="1.0" ?>
<Gesture Name="line~08" Subject="1" Number="8" NumPts="41" InputType="stylus" Speed="MEDIUM">
    <Stroke index="1">
        <Point X="313" Y="374" T="0" Pressure="0"/>
        <Point X="311" Y="372" T="0" Pressure="0"/>
        <Point X="312" Y="371" T="0" Pressure="0"/>
        <Point X="314" Y="371" T="0" Pressure="0"/>
        <Point X="316" Y="370" T="0" Pressure="0"/>
        <Point X="319" Y="370" T="0" Pressure="0"/>
        <Point X="321" Y="370" T="0" Pressure="0"/>
        <Point X="328" Y="369" T="0" Pressure="0"/>
        <Point X="332" Y="369" T="0" Pressure="0"/>
        <Point X="337" Y="368" T="0" Pressure="0"/>
        <Point X="343" Y="368" T="0" Pressure="0"/>
        <Point X="348" Y="368" T="0" Pressure="0"/>
        <Point X="354" Y="367" T="0" Pressure="0"/>
        <Point X="360" Y="367" T="0" Pressure="0"/>
        <Point X="373" Y="366" T="0" Pressure="0"/>
        <Point X="380" Y="365" T="0" Pressure="0"/>
        <Point X="386" Y="364" T="0" Pressure="0"/>
        <Point X="392" Y="364" T="0" Pressure="0"/>
        <Point X="405" Y="363" T="0" Pressure="0"/>
        <Point X="411" Y="362" T="0" Pressure="0"/>
        <Point X="418" Y="362" T="0" Pressure="0"/>
        <Point X="424" Y="361" T="0" Pressure="0"/>
        <Point X="429" Y="361" T="0" Pressure="0"/>
        <Point X="434" Y="361" T="0" Pressure="0"/>
        <Point X="439" Y="361" T="0" Pressure="0"/>
        <Point X="443" Y="361" T="0" Pressure="0"/>
        <Point X="448" Y="361" T="0" Pressure="0"/>
        <Point X="452" Y="361" T="0" Pressure="0"/>
        <Point X="455" Y="360" T="0" Pressure="0"/>
        <Point X="458" Y="360" T="0" Pressure="0"/>
        <Point X="460" Y="360" T="0" Pressure="0"/>
        <Point X="463" Y="360" T="0" Pressure="0"/>
        <Point X="465" Y="360" T="0" Pressure="0"/>
        <Point X="466" Y="360" T="0" Pressure="0"/>
        <Point X="467" Y="360" T="0" Pressure="0"/>
        <Point X="468" Y="360" T="0" Pressure="0"/>
        <Point X="469" Y="360" T="0" Pressure="0"/>
        <Point X="468" Y="360" T="0" Pressure="0"/>
        <Point X="468" Y="361" T="0" Pressure="0"/>
        <Point X="467" Y="361" T="0" Pressure="0"/>
        <Point X="466" Y="362" T="0" Pressure="0"/>
    </Stroke>
</Gesture>
