<?xml version="1.0" ?>
<Gesture Name="null~04" Subject="1" Number="4" NumPts="90" InputType="stylus" Speed="MEDIUM">
    <Stroke index="1">
        <Point X="388" Y="288" T="0" Pressure="0"/>
        <Point X="384" Y="289" T="0" Pressure="0"/>
        <Point X="381" Y="289" T="0" Pressure="0"/>
        <Point X="380" Y="290" T="0" Pressure="0"/>
        <Point X="376" Y="293" T="0" Pressure="0"/>
        <Point X="374" Y="296" T="0" Pressure="0"/>
        <Point X="372" Y="298" T="0" Pressure="0"/>
        <Point X="370" Y="301" T="0" Pressure="0"/>
        <Point X="369" Y="304" T="0" Pressure="0"/>
        <Point X="368" Y="308" T="0" Pressure="0"/>
        <Point X="366" Y="312" T="0" Pressure="0"/>
        <Point X="365" Y="315" T="0" Pressure="0"/>
        <Point X="365" Y="319" T="0" Pressure="0"/>
        <Point X="364" Y="323" T="0" Pressure="0"/>
        <Point X="363" Y="331" T="0" Pressure="0"/>
        <Point X="363" Y="335" T="0" Pressure="0"/>
        <Point X="363" Y="339" T="0" Pressure="0"/>
        <Point X="365" Y="345" T="0" Pressure="0"/>
        <Point X="366" Y="348" T="0" Pressure="0"/>
        <Point X="368" Y="351" T="0" Pressure="0"/>
        <Point X="371" Y="355" T="0" Pressure="0"/>
        <Point X="373" Y="357" T="0" Pressure="0"/>
        <Point X="376" Y="358" T="0" Pressure="0"/>
        <Point X="380" Y="360" T="0" Pressure="0"/>
        <Point X="383" Y="361" T="0" Pressure="0"/>
        <Point X="384" Y="361" T="0" Pressure="0"/>
        <Point X="387" Y="361" T="0" Pressure="0"/>
        <Point X="392" Y="360" T="0" Pressure="0"/>
        <Point X="395" Y="358" T="0" Pressure="0"/>
        <Point X="398" Y="357" T="0" Pressure="0"/>
        <Point X="407" Y="348" T="0" Pressure="0"/>
        <Point X="410" Y="345" T="0" Pressure="0"/>
        <Point X="412" Y="343" T="0" Pressure="0"/>
        <Point X="414" Y="340" T="0" Pressure="0"/>
        <Point X="416" Y="336" T="0" Pressure="0"/>
        <Point X="418" Y="332" T="0" Pressure="0"/>
        <Point X="421" Y="325" T="0" Pressure="0"/>
        <Point X="422" Y="321" T="0" Pressure="0"/>
        <Point X="422" Y="317" T="0" Pressure="0"/>
        <Point X="422" Y="314" T="0" Pressure="0"/>
        <Point X="421" Y="310" T="0" Pressure="0"/>
        <Point X="419" Y="307" T="0" Pressure="0"/>
        <Point X="418" Y="304" T="0" Pressure="0"/>
        <Point X="413" Y="301" T="0" Pressure="0"/>
        <Point X="410" Y="300" T="0" Pressure="0"/>
        <Point X="407" Y="299" T="0" Pressure="0"/>
        <Point X="403" Y="299" T="0" Pressure="0"/>
        <Point X="400" Y="299" T="0" Pressure="0"/>
        <Point X="396" Y="299" T="0" Pressure="0"/>
        <Point X="392" Y="299" T="0" Pressure="0"/>
        <Point X="389" Y="301" T="0" Pressure="0"/>
        <Point X="385" Y="301" T="0" Pressure="0"/>
        <Point X="382" Y="303" T="0" Pressure="0"/>
        <Point X="380" Y="304" T="0" Pressure="0"/>
    </Stroke>
    <Stroke index="2">
        <Point X="455" Y="264" T="0" Pressure="0"/>
        <Point X="455" Y="262" T="0" Pressure="0"/>
        <Point X="455" Y="260" T="0" Pressure="0"/>
        <Point X="455" Y="259" T="0" Pressure="0"/>
        <Point X="455" Y="258" T="0" Pressure="0"/>
        <Point X="453" Y="259" T="0" Pressure="0"/>
        <Point X="452" Y="260" T="0" Pressure="0"/>
        <Point X="451" Y="262" T="0" Pressure="0"/>
        <Point X="444" Y="268" T="0" Pressure="0"/>
        <Point X="441" Y="270" T="0" Pressure="0"/>
        <Point X="437" Y="273" T="0" Pressure="0"/>
        <Point X="430" Y="279" T="0" Pressure="0"/>
        <Point X="425" Y="284" T="0" Pressure="0"/>
        <Point X="421" Y="289" T="0" Pressure="0"/>
        <Point X="415" Y="294" T="0" Pressure="0"/>
        <Point X="410" Y="299" T="0" Pressure="0"/>
        <Point X="404" Y="306" T="0" Pressure="0"/>
        <Point X="392" Y="318" T="0" Pressure="0"/>
        <Point X="388" Y="323" T="0" Pressure="0"/>
        <Point X="384" Y="329" T="0" Pressure="0"/>
        <Point X="374" Y="342" T="0" Pressure="0"/>
        <Point X="369" Y="347" T="0" Pressure="0"/>
        <Point X="365" Y="353" T="0" Pressure="0"/>
        <Point X="358" Y="363" T="0" Pressure="0"/>
        <Point X="354" Y="368" T="0" Pressure="0"/>
        <Point X="351" Y="371" T="0" Pressure="0"/>
        <Point X="349" Y="376" T="0" Pressure="0"/>
        <Point X="346" Y="379" T="0" Pressure="0"/>
        <Point X="345" Y="381" T="0" Pressure="0"/>
        <Point X="343" Y="383" T="0" Pressure="0"/>
        <Point X="342" Y="385" T="0" Pressure="0"/>
        <Point X="340" Y="387" T="0" Pressure="0"/>
        <Point X="339" Y="388" T="0" Pressure="0"/>
        <Point X="339" Y="389" T="0" Pressure="0"/>
        <Point X="339" Y="390" T="0" Pressure="0"/>
        <Point X="338" Y="390" T="0" Pressure="0"/>
    </Stroke>
</Gesture>
