<?xml version="1.0" ?>
<Gesture Name="D~08" Subject="1" Number="8" NumPts="94" InputType="stylus" Speed="MEDIUM">
    <Stroke index="1">
        <Point X="376" Y="285" T="0" Pressure="0"/>
        <Point X="376" Y="283" T="0" Pressure="0"/>
        <Point X="376" Y="282" T="0" Pressure="0"/>
        <Point X="376" Y="281" T="0" Pressure="0"/>
        <Point X="376" Y="280" T="0" Pressure="0"/>
        <Point X="377" Y="280" T="0" Pressure="0"/>
        <Point X="379" Y="283" T="0" Pressure="0"/>
        <Point X="380" Y="284" T="0" Pressure="0"/>
        <Point X="381" Y="287" T="0" Pressure="0"/>
        <Point X="383" Y="289" T="0" Pressure="0"/>
        <Point X="384" Y="292" T="0" Pressure="0"/>
        <Point X="384" Y="295" T="0" Pressure="0"/>
        <Point X="387" Y="304" T="0" Pressure="0"/>
        <Point X="388" Y="315" T="0" Pressure="0"/>
        <Point X="388" Y="321" T="0" Pressure="0"/>
        <Point X="388" Y="327" T="0" Pressure="0"/>
        <Point X="388" Y="334" T="0" Pressure="0"/>
        <Point X="389" Y="341" T="0" Pressure="0"/>
        <Point X="389" Y="346" T="0" Pressure="0"/>
        <Point X="389" Y="360" T="0" Pressure="0"/>
        <Point X="389" Y="363" T="0" Pressure="0"/>
        <Point X="390" Y="366" T="0" Pressure="0"/>
        <Point X="390" Y="368" T="0" Pressure="0"/>
        <Point X="391" Y="369" T="0" Pressure="0"/>
        <Point X="391" Y="371" T="0" Pressure="0"/>
        <Point X="391" Y="372" T="0" Pressure="0"/>
        <Point X="391" Y="373" T="0" Pressure="0"/>
        <Point X="391" Y="374" T="0" Pressure="0"/>
        <Point X="391" Y="375" T="0" Pressure="0"/>
        <Point X="390" Y="375" T="0" Pressure="0"/>
        <Point X="389" Y="376" T="0" Pressure="0"/>
        <Point X="388" Y="376" T="0" Pressure="0"/>
        <Point X="388" Y="375" T="0" Pressure="0"/>
    </Stroke>
    <Stroke index="2">
        <Point X="372" Y="280" T="0" Pressure="0"/>
        <Point X="372" Y="278" T="0" Pressure="0"/>
        <Point X="370" Y="277" T="0" Pressure="0"/>
        <Point X="370" Y="276" T="0" Pressure="0"/>
        <Point X="370" Y="274" T="0" Pressure="0"/>
        <Point X="370" Y="273" T="0" Pressure="0"/>
        <Point X="370" Y="272" T="0" Pressure="0"/>
        <Point X="372" Y="271" T="0" Pressure="0"/>
        <Point X="373" Y="270" T="0" Pressure="0"/>
        <Point X="374" Y="270" T="0" Pressure="0"/>
        <Point X="376" Y="269" T="0" Pressure="0"/>
        <Point X="378" Y="269" T="0" Pressure="0"/>
        <Point X="382" Y="269" T="0" Pressure="0"/>
        <Point X="385" Y="269" T="0" Pressure="0"/>
        <Point X="388" Y="269" T="0" Pressure="0"/>
        <Point X="395" Y="269" T="0" Pressure="0"/>
        <Point X="399" Y="269" T="0" Pressure="0"/>
        <Point X="403" Y="269" T="0" Pressure="0"/>
        <Point X="407" Y="269" T="0" Pressure="0"/>
        <Point X="411" Y="270" T="0" Pressure="0"/>
        <Point X="415" Y="271" T="0" Pressure="0"/>
        <Point X="423" Y="274" T="0" Pressure="0"/>
        <Point X="430" Y="279" T="0" Pressure="0"/>
        <Point X="433" Y="282" T="0" Pressure="0"/>
        <Point X="437" Y="286" T="0" Pressure="0"/>
        <Point X="440" Y="290" T="0" Pressure="0"/>
        <Point X="443" Y="293" T="0" Pressure="0"/>
        <Point X="444" Y="297" T="0" Pressure="0"/>
        <Point X="447" Y="301" T="0" Pressure="0"/>
        <Point X="448" Y="306" T="0" Pressure="0"/>
        <Point X="448" Y="310" T="0" Pressure="0"/>
        <Point X="449" Y="315" T="0" Pressure="0"/>
        <Point X="449" Y="319" T="0" Pressure="0"/>
        <Point X="449" Y="323" T="0" Pressure="0"/>
        <Point X="449" Y="327" T="0" Pressure="0"/>
        <Point X="449" Y="331" T="0" Pressure="0"/>
        <Point X="449" Y="335" T="0" Pressure="0"/>
        <Point X="448" Y="338" T="0" Pressure="0"/>
        <Point X="447" Y="342" T="0" Pressure="0"/>
        <Point X="446" Y="344" T="0" Pressure="0"/>
        <Point X="444" Y="348" T="0" Pressure="0"/>
        <Point X="443" Y="351" T="0" Pressure="0"/>
        <Point X="437" Y="358" T="0" Pressure="0"/>
        <Point X="436" Y="361" T="0" Pressure="0"/>
        <Point X="430" Y="366" T="0" Pressure="0"/>
        <Point X="428" Y="368" T="0" Pressure="0"/>
        <Point X="418" Y="374" T="0" Pressure="0"/>
        <Point X="415" Y="375" T="0" Pressure="0"/>
        <Point X="413" Y="376" T="0" Pressure="0"/>
        <Point X="409" Y="377" T="0" Pressure="0"/>
        <Point X="402" Y="379" T="0" Pressure="0"/>
        <Point X="399" Y="380" T="0" Pressure="0"/>
        <Point X="397" Y="380" T="0" Pressure="0"/>
        <Point X="394" Y="380" T="0" Pressure="0"/>
        <Point X="391" Y="380" T="0" Pressure="0"/>
        <Point X="389" Y="380" T="0" Pressure="0"/>
        <Point X="387" Y="380" T="0" Pressure="0"/>
        <Point X="385" Y="379" T="0" Pressure="0"/>
        <Point X="384" Y="379" T="0" Pressure="0"/>
        <Point X="382" Y="379" T="0" Pressure="0"/>
        <Point X="381" Y="379" T="0" Pressure="0"/>
    </Stroke>
</Gesture>
