<?xml version="1.0" ?>
<Gesture Name="asterisk~09" Subject="1" Number="9" NumPts="99" InputType="stylus" Speed="MEDIUM">
    <Stroke index="1">
        <Point X="391" Y="239" T="0" Pressure="0"/>
        <Point X="391" Y="241" T="0" Pressure="0"/>
        <Point X="391" Y="242" T="0" Pressure="0"/>
        <Point X="391" Y="247" T="0" Pressure="0"/>
        <Point X="391" Y="251" T="0" Pressure="0"/>
        <Point X="390" Y="256" T="0" Pressure="0"/>
        <Point X="390" Y="261" T="0" Pressure="0"/>
        <Point X="389" Y="267" T="0" Pressure="0"/>
        <Point X="389" Y="273" T="0" Pressure="0"/>
        <Point X="388" Y="279" T="0" Pressure="0"/>
        <Point X="387" Y="294" T="0" Pressure="0"/>
        <Point X="386" Y="301" T="0" Pressure="0"/>
        <Point X="384" Y="317" T="0" Pressure="0"/>
        <Point X="384" Y="325" T="0" Pressure="0"/>
        <Point X="383" Y="333" T="0" Pressure="0"/>
        <Point X="382" Y="339" T="0" Pressure="0"/>
        <Point X="382" Y="345" T="0" Pressure="0"/>
        <Point X="382" Y="351" T="0" Pressure="0"/>
        <Point X="382" Y="356" T="0" Pressure="0"/>
        <Point X="382" Y="360" T="0" Pressure="0"/>
        <Point X="382" Y="364" T="0" Pressure="0"/>
        <Point X="382" Y="367" T="0" Pressure="0"/>
        <Point X="382" Y="369" T="0" Pressure="0"/>
        <Point X="382" Y="371" T="0" Pressure="0"/>
        <Point X="382" Y="373" T="0" Pressure="0"/>
        <Point X="382" Y="375" T="0" Pressure="0"/>
        <Point X="382" Y="376" T="0" Pressure="0"/>
        <Point X="382" Y="377" T="0" Pressure="0"/>
        <Point X="382" Y="378" T="0" Pressure="0"/>
        <Point X="382" Y="379" T="0" Pressure="0"/>
        <Point X="381" Y="380" T="0" Pressure="0"/>
    </Stroke>
    <Stroke index="2">
        <Point X="334" Y="266" T="0" Pressure="0"/>
        <Point X="334" Y="267" T="0" Pressure="0"/>
        <Point X="334" Y="268" T="0" Pressure="0"/>
        <Point X="335" Y="269" T="0" Pressure="0"/>
        <Point X="336" Y="270" T="0" Pressure="0"/>
        <Point X="339" Y="272" T="0" Pressure="0"/>
        <Point X="340" Y="273" T="0" Pressure="0"/>
        <Point X="343" Y="276" T="0" Pressure="0"/>
        <Point X="346" Y="278" T="0" Pressure="0"/>
        <Point X="350" Y="281" T="0" Pressure="0"/>
        <Point X="358" Y="288" T="0" Pressure="0"/>
        <Point X="362" Y="292" T="0" Pressure="0"/>
        <Point X="371" Y="299" T="0" Pressure="0"/>
        <Point X="376" Y="303" T="0" Pressure="0"/>
        <Point X="381" Y="308" T="0" Pressure="0"/>
        <Point X="386" Y="312" T="0" Pressure="0"/>
        <Point X="391" Y="317" T="0" Pressure="0"/>
        <Point X="396" Y="321" T="0" Pressure="0"/>
        <Point X="402" Y="326" T="0" Pressure="0"/>
        <Point X="407" Y="331" T="0" Pressure="0"/>
        <Point X="417" Y="340" T="0" Pressure="0"/>
        <Point X="421" Y="343" T="0" Pressure="0"/>
        <Point X="425" Y="347" T="0" Pressure="0"/>
        <Point X="430" Y="351" T="0" Pressure="0"/>
        <Point X="434" Y="355" T="0" Pressure="0"/>
        <Point X="439" Y="358" T="0" Pressure="0"/>
        <Point X="442" Y="361" T="0" Pressure="0"/>
        <Point X="445" Y="362" T="0" Pressure="0"/>
        <Point X="448" Y="364" T="0" Pressure="0"/>
        <Point X="451" Y="366" T="0" Pressure="0"/>
        <Point X="455" Y="368" T="0" Pressure="0"/>
        <Point X="456" Y="368" T="0" Pressure="0"/>
        <Point X="457" Y="368" T="0" Pressure="0"/>
    </Stroke>
    <Stroke index="3">
        <Point X="440" Y="264" T="0" Pressure="0"/>
        <Point X="438" Y="264" T="0" Pressure="0"/>
        <Point X="437" Y="263" T="0" Pressure="0"/>
        <Point X="435" Y="263" T="0" Pressure="0"/>
        <Point X="430" Y="264" T="0" Pressure="0"/>
        <Point X="428" Y="265" T="0" Pressure="0"/>
        <Point X="425" Y="267" T="0" Pressure="0"/>
        <Point X="422" Y="269" T="0" Pressure="0"/>
        <Point X="419" Y="271" T="0" Pressure="0"/>
        <Point X="411" Y="278" T="0" Pressure="0"/>
        <Point X="407" Y="283" T="0" Pressure="0"/>
        <Point X="403" Y="288" T="0" Pressure="0"/>
        <Point X="397" Y="293" T="0" Pressure="0"/>
        <Point X="392" Y="298" T="0" Pressure="0"/>
        <Point X="387" Y="303" T="0" Pressure="0"/>
        <Point X="381" Y="309" T="0" Pressure="0"/>
        <Point X="376" Y="315" T="0" Pressure="0"/>
        <Point X="360" Y="332" T="0" Pressure="0"/>
        <Point X="355" Y="338" T="0" Pressure="0"/>
        <Point X="350" Y="343" T="0" Pressure="0"/>
        <Point X="346" Y="347" T="0" Pressure="0"/>
        <Point X="342" Y="352" T="0" Pressure="0"/>
        <Point X="337" Y="356" T="0" Pressure="0"/>
        <Point X="334" Y="359" T="0" Pressure="0"/>
        <Point X="330" Y="362" T="0" Pressure="0"/>
        <Point X="327" Y="364" T="0" Pressure="0"/>
        <Point X="324" Y="366" T="0" Pressure="0"/>
        <Point X="322" Y="368" T="0" Pressure="0"/>
        <Point X="320" Y="369" T="0" Pressure="0"/>
        <Point X="318" Y="369" T="0" Pressure="0"/>
        <Point X="316" Y="370" T="0" Pressure="0"/>
        <Point X="316" Y="371" T="0" Pressure="0"/>
        <Point X="315" Y="371" T="0" Pressure="0"/>
        <Point X="314" Y="372" T="0" Pressure="0"/>
        <Point X="315" Y="372" T="0" Pressure="0"/>
    </Stroke>
</Gesture>
