<?xml version="1.0" ?>
<Gesture Name="five_point_star~01" Subject="1" Number="1" NumPts="190" InputType="stylus" Speed="MEDIUM">
    <Stroke index="1">
        <Point X="302" Y="308" T="0" Pressure="0"/>
        <Point X="301" Y="309" T="0" Pressure="0"/>
        <Point X="301" Y="310" T="0" Pressure="0"/>
        <Point X="301" Y="311" T="0" Pressure="0"/>
        <Point X="301" Y="310" T="0" Pressure="0"/>
        <Point X="301" Y="309" T="0" Pressure="0"/>
        <Point X="301" Y="308" T="0" Pressure="0"/>
        <Point X="301" Y="307" T="0" Pressure="0"/>
        <Point X="302" Y="305" T="0" Pressure="0"/>
        <Point X="302" Y="303" T="0" Pressure="0"/>
        <Point X="302" Y="302" T="0" Pressure="0"/>
        <Point X="302" Y="300" T="0" Pressure="0"/>
        <Point X="303" Y="298" T="0" Pressure="0"/>
        <Point X="304" Y="295" T="0" Pressure="0"/>
        <Point X="304" Y="292" T="0" Pressure="0"/>
        <Point X="305" Y="289" T="0" Pressure="0"/>
        <Point X="305" Y="284" T="0" Pressure="0"/>
        <Point X="305" Y="279" T="0" Pressure="0"/>
        <Point X="306" Y="274" T="0" Pressure="0"/>
        <Point X="306" Y="269" T="0" Pressure="0"/>
        <Point X="307" Y="264" T="0" Pressure="0"/>
        <Point X="308" Y="257" T="0" Pressure="0"/>
        <Point X="309" Y="251" T="0" Pressure="0"/>
        <Point X="309" Y="246" T="0" Pressure="0"/>
        <Point X="310" Y="241" T="0" Pressure="0"/>
        <Point X="311" Y="235" T="0" Pressure="0"/>
        <Point X="312" Y="229" T="0" Pressure="0"/>
        <Point X="312" Y="224" T="0" Pressure="0"/>
        <Point X="312" Y="219" T="0" Pressure="0"/>
        <Point X="312" Y="215" T="0" Pressure="0"/>
        <Point X="313" Y="207" T="0" Pressure="0"/>
        <Point X="314" Y="203" T="0" Pressure="0"/>
        <Point X="315" Y="200" T="0" Pressure="0"/>
        <Point X="316" Y="198" T="0" Pressure="0"/>
        <Point X="317" Y="194" T="0" Pressure="0"/>
        <Point X="319" Y="193" T="0" Pressure="0"/>
        <Point X="320" Y="191" T="0" Pressure="0"/>
        <Point X="321" Y="189" T="0" Pressure="0"/>
        <Point X="323" Y="188" T="0" Pressure="0"/>
        <Point X="324" Y="188" T="0" Pressure="0"/>
        <Point X="326" Y="186" T="0" Pressure="0"/>
        <Point X="328" Y="186" T="0" Pressure="0"/>
        <Point X="329" Y="186" T="0" Pressure="0"/>
        <Point X="332" Y="186" T="0" Pressure="0"/>
        <Point X="334" Y="186" T="0" Pressure="0"/>
        <Point X="336" Y="187" T="0" Pressure="0"/>
        <Point X="338" Y="187" T="0" Pressure="0"/>
        <Point X="339" Y="189" T="0" Pressure="0"/>
        <Point X="341" Y="190" T="0" Pressure="0"/>
        <Point X="343" Y="192" T="0" Pressure="0"/>
        <Point X="344" Y="194" T="0" Pressure="0"/>
        <Point X="346" Y="197" T="0" Pressure="0"/>
        <Point X="347" Y="201" T="0" Pressure="0"/>
        <Point X="349" Y="204" T="0" Pressure="0"/>
        <Point X="350" Y="208" T="0" Pressure="0"/>
        <Point X="353" Y="213" T="0" Pressure="0"/>
        <Point X="354" Y="218" T="0" Pressure="0"/>
        <Point X="358" Y="229" T="0" Pressure="0"/>
        <Point X="361" Y="236" T="0" Pressure="0"/>
        <Point X="363" Y="243" T="0" Pressure="0"/>
        <Point X="365" Y="250" T="0" Pressure="0"/>
        <Point X="368" Y="257" T="0" Pressure="0"/>
        <Point X="370" Y="265" T="0" Pressure="0"/>
        <Point X="373" Y="271" T="0" Pressure="0"/>
        <Point X="375" Y="277" T="0" Pressure="0"/>
        <Point X="377" Y="283" T="0" Pressure="0"/>
        <Point X="380" Y="288" T="0" Pressure="0"/>
        <Point X="382" Y="293" T="0" Pressure="0"/>
        <Point X="384" Y="297" T="0" Pressure="0"/>
        <Point X="386" Y="300" T="0" Pressure="0"/>
        <Point X="388" Y="303" T="0" Pressure="0"/>
        <Point X="390" Y="309" T="0" Pressure="0"/>
        <Point X="391" Y="312" T="0" Pressure="0"/>
        <Point X="391" Y="314" T="0" Pressure="0"/>
        <Point X="392" Y="317" T="0" Pressure="0"/>
        <Point X="392" Y="318" T="0" Pressure="0"/>
        <Point X="392" Y="319" T="0" Pressure="0"/>
        <Point X="392" Y="320" T="0" Pressure="0"/>
        <Point X="391" Y="320" T="0" Pressure="0"/>
        <Point X="391" Y="319" T="0" Pressure="0"/>
        <Point X="389" Y="318" T="0" Pressure="0"/>
        <Point X="388" Y="318" T="0" Pressure="0"/>
        <Point X="388" Y="317" T="0" Pressure="0"/>
        <Point X="387" Y="316" T="0" Pressure="0"/>
        <Point X="384" Y="313" T="0" Pressure="0"/>
        <Point X="382" Y="312" T="0" Pressure="0"/>
        <Point X="380" Y="309" T="0" Pressure="0"/>
        <Point X="378" Y="308" T="0" Pressure="0"/>
        <Point X="373" Y="303" T="0" Pressure="0"/>
        <Point X="370" Y="301" T="0" Pressure="0"/>
        <Point X="368" Y="298" T="0" Pressure="0"/>
        <Point X="361" Y="293" T="0" Pressure="0"/>
        <Point X="358" Y="291" T="0" Pressure="0"/>
        <Point X="354" Y="288" T="0" Pressure="0"/>
        <Point X="349" Y="284" T="0" Pressure="0"/>
        <Point X="345" Y="282" T="0" Pressure="0"/>
        <Point X="331" Y="276" T="0" Pressure="0"/>
        <Point X="326" Y="274" T="0" Pressure="0"/>
        <Point X="321" Y="272" T="0" Pressure="0"/>
        <Point X="313" Y="270" T="0" Pressure="0"/>
        <Point X="309" Y="269" T="0" Pressure="0"/>
        <Point X="305" Y="268" T="0" Pressure="0"/>
        <Point X="296" Y="267" T="0" Pressure="0"/>
        <Point X="293" Y="266" T="0" Pressure="0"/>
        <Point X="289" Y="266" T="0" Pressure="0"/>
        <Point X="285" Y="265" T="0" Pressure="0"/>
        <Point X="280" Y="264" T="0" Pressure="0"/>
        <Point X="277" Y="264" T="0" Pressure="0"/>
        <Point X="267" Y="264" T="0" Pressure="0"/>
        <Point X="264" Y="264" T="0" Pressure="0"/>
        <Point X="261" Y="263" T="0" Pressure="0"/>
        <Point X="259" Y="263" T="0" Pressure="0"/>
        <Point X="257" Y="263" T="0" Pressure="0"/>
        <Point X="256" Y="262" T="0" Pressure="0"/>
        <Point X="255" Y="262" T="0" Pressure="0"/>
        <Point X="255" Y="261" T="0" Pressure="0"/>
        <Point X="255" Y="260" T="0" Pressure="0"/>
        <Point X="255" Y="259" T="0" Pressure="0"/>
        <Point X="256" Y="258" T="0" Pressure="0"/>
        <Point X="259" Y="257" T="0" Pressure="0"/>
        <Point X="264" Y="254" T="0" Pressure="0"/>
        <Point X="267" Y="253" T="0" Pressure="0"/>
        <Point X="271" Y="251" T="0" Pressure="0"/>
        <Point X="279" Y="248" T="0" Pressure="0"/>
        <Point X="284" Y="246" T="0" Pressure="0"/>
        <Point X="290" Y="244" T="0" Pressure="0"/>
        <Point X="294" Y="243" T="0" Pressure="0"/>
        <Point X="300" Y="241" T="0" Pressure="0"/>
        <Point X="306" Y="239" T="0" Pressure="0"/>
        <Point X="312" Y="237" T="0" Pressure="0"/>
        <Point X="320" Y="234" T="0" Pressure="0"/>
        <Point X="334" Y="231" T="0" Pressure="0"/>
        <Point X="340" Y="228" T="0" Pressure="0"/>
        <Point X="346" Y="227" T="0" Pressure="0"/>
        <Point X="352" Y="226" T="0" Pressure="0"/>
        <Point X="358" Y="224" T="0" Pressure="0"/>
        <Point X="364" Y="222" T="0" Pressure="0"/>
        <Point X="372" Y="221" T="0" Pressure="0"/>
        <Point X="376" Y="220" T="0" Pressure="0"/>
        <Point X="380" Y="219" T="0" Pressure="0"/>
        <Point X="383" Y="219" T="0" Pressure="0"/>
        <Point X="386" Y="219" T="0" Pressure="0"/>
        <Point X="388" Y="219" T="0" Pressure="0"/>
        <Point X="390" Y="218" T="0" Pressure="0"/>
        <Point X="391" Y="218" T="0" Pressure="0"/>
        <Point X="393" Y="219" T="0" Pressure="0"/>
        <Point X="395" Y="219" T="0" Pressure="0"/>
        <Point X="396" Y="220" T="0" Pressure="0"/>
        <Point X="396" Y="221" T="0" Pressure="0"/>
        <Point X="397" Y="223" T="0" Pressure="0"/>
        <Point X="397" Y="224" T="0" Pressure="0"/>
        <Point X="397" Y="228" T="0" Pressure="0"/>
        <Point X="396" Y="230" T="0" Pressure="0"/>
        <Point X="395" Y="232" T="0" Pressure="0"/>
        <Point X="395" Y="234" T="0" Pressure="0"/>
        <Point X="394" Y="237" T="0" Pressure="0"/>
        <Point X="392" Y="239" T="0" Pressure="0"/>
        <Point X="390" Y="243" T="0" Pressure="0"/>
        <Point X="388" Y="245" T="0" Pressure="0"/>
        <Point X="386" Y="248" T="0" Pressure="0"/>
        <Point X="384" Y="252" T="0" Pressure="0"/>
        <Point X="381" Y="255" T="0" Pressure="0"/>
        <Point X="378" Y="258" T="0" Pressure="0"/>
        <Point X="375" Y="263" T="0" Pressure="0"/>
        <Point X="373" Y="266" T="0" Pressure="0"/>
        <Point X="370" Y="269" T="0" Pressure="0"/>
        <Point X="367" Y="271" T="0" Pressure="0"/>
        <Point X="364" Y="274" T="0" Pressure="0"/>
        <Point X="361" Y="277" T="0" Pressure="0"/>
        <Point X="357" Y="281" T="0" Pressure="0"/>
        <Point X="354" Y="284" T="0" Pressure="0"/>
        <Point X="346" Y="290" T="0" Pressure="0"/>
        <Point X="341" Y="293" T="0" Pressure="0"/>
        <Point X="336" Y="296" T="0" Pressure="0"/>
        <Point X="331" Y="299" T="0" Pressure="0"/>
        <Point X="328" Y="301" T="0" Pressure="0"/>
        <Point X="324" Y="303" T="0" Pressure="0"/>
        <Point X="320" Y="306" T="0" Pressure="0"/>
        <Point X="317" Y="307" T="0" Pressure="0"/>
        <Point X="315" Y="308" T="0" Pressure="0"/>
        <Point X="312" Y="310" T="0" Pressure="0"/>
        <Point X="310" Y="311" T="0" Pressure="0"/>
        <Point X="309" Y="312" T="0" Pressure="0"/>
        <Point X="308" Y="313" T="0" Pressure="0"/>
        <Point X="306" Y="313" T="0" Pressure="0"/>
        <Point X="305" Y="314" T="0" Pressure="0"/>
        <Point X="304" Y="315" T="0" Pressure="0"/>
        <Point X="305" Y="315" T="0" Pressure="0"/>
        <Point X="306" Y="315" T="0" Pressure="0"/>
        <Point X="308" Y="315" T="0" Pressure="0"/>
    </Stroke>
</Gesture>
