<?xml version="1.0" ?>
<Gesture Name="N~01" Subject="1" Number="1" NumPts="119" InputType="stylus" Speed="MEDIUM">
    <Stroke index="1">
        <Point X="274" Y="203" T="0" Pressure="0"/>
        <Point X="272" Y="199" T="0" Pressure="0"/>
        <Point X="271" Y="198" T="0" Pressure="0"/>
        <Point X="270" Y="200" T="0" Pressure="0"/>
        <Point X="270" Y="201" T="0" Pressure="0"/>
        <Point X="270" Y="202" T="0" Pressure="0"/>
        <Point X="270" Y="204" T="0" Pressure="0"/>
        <Point X="270" Y="206" T="0" Pressure="0"/>
        <Point X="270" Y="208" T="0" Pressure="0"/>
        <Point X="270" Y="211" T="0" Pressure="0"/>
        <Point X="270" Y="214" T="0" Pressure="0"/>
        <Point X="269" Y="217" T="0" Pressure="0"/>
        <Point X="269" Y="226" T="0" Pressure="0"/>
        <Point X="268" Y="231" T="0" Pressure="0"/>
        <Point X="268" Y="237" T="0" Pressure="0"/>
        <Point X="268" Y="243" T="0" Pressure="0"/>
        <Point X="267" Y="249" T="0" Pressure="0"/>
        <Point X="267" Y="256" T="0" Pressure="0"/>
        <Point X="267" Y="263" T="0" Pressure="0"/>
        <Point X="267" Y="269" T="0" Pressure="0"/>
        <Point X="267" Y="275" T="0" Pressure="0"/>
        <Point X="266" Y="280" T="0" Pressure="0"/>
        <Point X="266" Y="284" T="0" Pressure="0"/>
        <Point X="266" Y="293" T="0" Pressure="0"/>
        <Point X="266" Y="297" T="0" Pressure="0"/>
        <Point X="266" Y="300" T="0" Pressure="0"/>
        <Point X="266" Y="306" T="0" Pressure="0"/>
        <Point X="266" Y="308" T="0" Pressure="0"/>
        <Point X="266" Y="310" T="0" Pressure="0"/>
        <Point X="266" Y="314" T="0" Pressure="0"/>
        <Point X="266" Y="315" T="0" Pressure="0"/>
        <Point X="265" Y="316" T="0" Pressure="0"/>
        <Point X="265" Y="317" T="0" Pressure="0"/>
        <Point X="265" Y="318" T="0" Pressure="0"/>
    </Stroke>
    <Stroke index="2">
        <Point X="274" Y="211" T="0" Pressure="0"/>
        <Point X="274" Y="209" T="0" Pressure="0"/>
        <Point X="274" Y="208" T="0" Pressure="0"/>
        <Point X="274" Y="207" T="0" Pressure="0"/>
        <Point X="275" Y="207" T="0" Pressure="0"/>
        <Point X="276" Y="207" T="0" Pressure="0"/>
        <Point X="278" Y="208" T="0" Pressure="0"/>
        <Point X="279" Y="208" T="0" Pressure="0"/>
        <Point X="280" Y="209" T="0" Pressure="0"/>
        <Point X="282" Y="211" T="0" Pressure="0"/>
        <Point X="283" Y="212" T="0" Pressure="0"/>
        <Point X="285" Y="214" T="0" Pressure="0"/>
        <Point X="286" Y="216" T="0" Pressure="0"/>
        <Point X="291" Y="220" T="0" Pressure="0"/>
        <Point X="294" Y="223" T="0" Pressure="0"/>
        <Point X="297" Y="226" T="0" Pressure="0"/>
        <Point X="304" Y="234" T="0" Pressure="0"/>
        <Point X="308" Y="239" T="0" Pressure="0"/>
        <Point X="321" Y="254" T="0" Pressure="0"/>
        <Point X="326" Y="259" T="0" Pressure="0"/>
        <Point X="331" Y="264" T="0" Pressure="0"/>
        <Point X="339" Y="274" T="0" Pressure="0"/>
        <Point X="343" Y="278" T="0" Pressure="0"/>
        <Point X="347" Y="283" T="0" Pressure="0"/>
        <Point X="354" Y="291" T="0" Pressure="0"/>
        <Point X="357" Y="294" T="0" Pressure="0"/>
        <Point X="359" Y="297" T="0" Pressure="0"/>
        <Point X="361" Y="301" T="0" Pressure="0"/>
        <Point X="364" Y="303" T="0" Pressure="0"/>
        <Point X="365" Y="306" T="0" Pressure="0"/>
        <Point X="369" Y="310" T="0" Pressure="0"/>
        <Point X="371" Y="312" T="0" Pressure="0"/>
        <Point X="373" Y="313" T="0" Pressure="0"/>
        <Point X="374" Y="314" T="0" Pressure="0"/>
        <Point X="376" Y="315" T="0" Pressure="0"/>
        <Point X="377" Y="315" T="0" Pressure="0"/>
        <Point X="378" Y="315" T="0" Pressure="0"/>
        <Point X="379" Y="315" T="0" Pressure="0"/>
        <Point X="380" Y="315" T="0" Pressure="0"/>
    </Stroke>
    <Stroke index="3">
        <Point X="370" Y="200" T="0" Pressure="0"/>
        <Point X="369" Y="198" T="0" Pressure="0"/>
        <Point X="368" Y="196" T="0" Pressure="0"/>
        <Point X="367" Y="195" T="0" Pressure="0"/>
        <Point X="366" Y="195" T="0" Pressure="0"/>
        <Point X="366" Y="196" T="0" Pressure="0"/>
        <Point X="366" Y="197" T="0" Pressure="0"/>
        <Point X="366" Y="198" T="0" Pressure="0"/>
        <Point X="366" Y="200" T="0" Pressure="0"/>
        <Point X="366" Y="201" T="0" Pressure="0"/>
        <Point X="366" Y="203" T="0" Pressure="0"/>
        <Point X="366" Y="206" T="0" Pressure="0"/>
        <Point X="366" Y="208" T="0" Pressure="0"/>
        <Point X="366" Y="211" T="0" Pressure="0"/>
        <Point X="366" Y="214" T="0" Pressure="0"/>
        <Point X="366" Y="218" T="0" Pressure="0"/>
        <Point X="366" Y="221" T="0" Pressure="0"/>
        <Point X="366" Y="226" T="0" Pressure="0"/>
        <Point X="366" Y="231" T="0" Pressure="0"/>
        <Point X="366" Y="236" T="0" Pressure="0"/>
        <Point X="366" Y="243" T="0" Pressure="0"/>
        <Point X="366" Y="248" T="0" Pressure="0"/>
        <Point X="366" Y="254" T="0" Pressure="0"/>
        <Point X="366" Y="261" T="0" Pressure="0"/>
        <Point X="366" Y="267" T="0" Pressure="0"/>
        <Point X="366" Y="272" T="0" Pressure="0"/>
        <Point X="366" Y="278" T="0" Pressure="0"/>
        <Point X="367" Y="283" T="0" Pressure="0"/>
        <Point X="367" Y="288" T="0" Pressure="0"/>
        <Point X="368" Y="292" T="0" Pressure="0"/>
        <Point X="368" Y="296" T="0" Pressure="0"/>
        <Point X="369" Y="299" T="0" Pressure="0"/>
        <Point X="369" Y="302" T="0" Pressure="0"/>
        <Point X="370" Y="303" T="0" Pressure="0"/>
        <Point X="370" Y="305" T="0" Pressure="0"/>
        <Point X="370" Y="307" T="0" Pressure="0"/>
        <Point X="371" Y="307" T="0" Pressure="0"/>
        <Point X="371" Y="308" T="0" Pressure="0"/>
        <Point X="372" Y="309" T="0" Pressure="0"/>
        <Point X="372" Y="310" T="0" Pressure="0"/>
        <Point X="372" Y="311" T="0" Pressure="0"/>
        <Point X="371" Y="311" T="0" Pressure="0"/>
        <Point X="370" Y="311" T="0" Pressure="0"/>
        <Point X="370" Y="312" T="0" Pressure="0"/>
        <Point X="369" Y="312" T="0" Pressure="0"/>
        <Point X="369" Y="313" T="0" Pressure="0"/>
    </Stroke>
</Gesture>
