<?xml version="1.0" ?>
<Gesture Name="exclamation_point~08" Subject="1" Number="8" NumPts="27" InputType="stylus" Speed="MEDIUM">
    <Stroke index="1">
        <Point X="413" Y="217" T="0" Pressure="0"/>
        <Point X="413" Y="218" T="0" Pressure="0"/>
        <Point X="413" Y="219" T="0" Pressure="0"/>
        <Point X="413" Y="220" T="0" Pressure="0"/>
        <Point X="413" Y="226" T="0" Pressure="0"/>
        <Point X="414" Y="228" T="0" Pressure="0"/>
        <Point X="414" Y="232" T="0" Pressure="0"/>
        <Point X="414" Y="236" T="0" Pressure="0"/>
        <Point X="415" Y="241" T="0" Pressure="0"/>
        <Point X="415" Y="246" T="0" Pressure="0"/>
        <Point X="417" Y="257" T="0" Pressure="0"/>
        <Point X="418" Y="263" T="0" Pressure="0"/>
        <Point X="418" Y="269" T="0" Pressure="0"/>
        <Point X="419" Y="283" T="0" Pressure="0"/>
        <Point X="419" Y="289" T="0" Pressure="0"/>
        <Point X="419" Y="295" T="0" Pressure="0"/>
        <Point X="420" Y="307" T="0" Pressure="0"/>
        <Point X="421" Y="313" T="0" Pressure="0"/>
        <Point X="421" Y="318" T="0" Pressure="0"/>
        <Point X="422" Y="327" T="0" Pressure="0"/>
        <Point X="422" Y="331" T="0" Pressure="0"/>
        <Point X="422" Y="335" T="0" Pressure="0"/>
    </Stroke>
    <Stroke index="2">
        <Point X="423" Y="393" T="0" Pressure="0"/>
        <Point X="422" Y="392" T="0" Pressure="0"/>
        <Point X="422" Y="391" T="0" Pressure="0"/>
        <Point X="421" Y="390" T="0" Pressure="0"/>
        <Point X="421" Y="389" T="0" Pressure="0"/>
    </Stroke>
</Gesture>
