<?xml version="1.0" ?>
<Gesture Name="I~09" Subject="1" Number="9" NumPts="109" InputType="stylus" Speed="MEDIUM">
    <Stroke index="1">
        <Point X="355" Y="276" T="0" Pressure="0"/>
        <Point X="355" Y="274" T="0" Pressure="0"/>
        <Point X="355" Y="273" T="0" Pressure="0"/>
        <Point X="357" Y="273" T="0" Pressure="0"/>
        <Point X="358" Y="272" T="0" Pressure="0"/>
        <Point X="360" Y="271" T="0" Pressure="0"/>
        <Point X="362" Y="270" T="0" Pressure="0"/>
        <Point X="369" Y="268" T="0" Pressure="0"/>
        <Point X="380" Y="266" T="0" Pressure="0"/>
        <Point X="386" Y="264" T="0" Pressure="0"/>
        <Point X="391" Y="263" T="0" Pressure="0"/>
        <Point X="398" Y="261" T="0" Pressure="0"/>
        <Point X="404" Y="259" T="0" Pressure="0"/>
        <Point X="411" Y="257" T="0" Pressure="0"/>
        <Point X="418" Y="256" T="0" Pressure="0"/>
        <Point X="425" Y="254" T="0" Pressure="0"/>
        <Point X="430" Y="253" T="0" Pressure="0"/>
        <Point X="436" Y="252" T="0" Pressure="0"/>
        <Point X="440" Y="251" T="0" Pressure="0"/>
        <Point X="445" Y="251" T="0" Pressure="0"/>
        <Point X="449" Y="251" T="0" Pressure="0"/>
        <Point X="454" Y="251" T="0" Pressure="0"/>
        <Point X="457" Y="251" T="0" Pressure="0"/>
        <Point X="462" Y="251" T="0" Pressure="0"/>
        <Point X="464" Y="251" T="0" Pressure="0"/>
        <Point X="466" Y="251" T="0" Pressure="0"/>
        <Point X="467" Y="252" T="0" Pressure="0"/>
        <Point X="467" Y="253" T="0" Pressure="0"/>
        <Point X="467" Y="254" T="0" Pressure="0"/>
        <Point X="466" Y="255" T="0" Pressure="0"/>
    </Stroke>
    <Stroke index="2">
        <Point X="416" Y="267" T="0" Pressure="0"/>
        <Point X="415" Y="266" T="0" Pressure="0"/>
        <Point X="416" Y="266" T="0" Pressure="0"/>
        <Point X="417" Y="266" T="0" Pressure="0"/>
        <Point X="417" Y="267" T="0" Pressure="0"/>
        <Point X="418" Y="268" T="0" Pressure="0"/>
        <Point X="418" Y="269" T="0" Pressure="0"/>
        <Point X="419" Y="271" T="0" Pressure="0"/>
        <Point X="420" Y="273" T="0" Pressure="0"/>
        <Point X="421" Y="276" T="0" Pressure="0"/>
        <Point X="422" Y="279" T="0" Pressure="0"/>
        <Point X="422" Y="283" T="0" Pressure="0"/>
        <Point X="422" Y="288" T="0" Pressure="0"/>
        <Point X="422" Y="293" T="0" Pressure="0"/>
        <Point X="422" Y="297" T="0" Pressure="0"/>
        <Point X="422" Y="303" T="0" Pressure="0"/>
        <Point X="421" Y="308" T="0" Pressure="0"/>
        <Point X="420" Y="314" T="0" Pressure="0"/>
        <Point X="419" Y="319" T="0" Pressure="0"/>
        <Point X="418" Y="324" T="0" Pressure="0"/>
        <Point X="418" Y="328" T="0" Pressure="0"/>
        <Point X="418" Y="333" T="0" Pressure="0"/>
        <Point X="417" Y="337" T="0" Pressure="0"/>
        <Point X="417" Y="341" T="0" Pressure="0"/>
        <Point X="417" Y="344" T="0" Pressure="0"/>
        <Point X="416" Y="346" T="0" Pressure="0"/>
        <Point X="416" Y="349" T="0" Pressure="0"/>
        <Point X="415" Y="351" T="0" Pressure="0"/>
        <Point X="415" Y="353" T="0" Pressure="0"/>
        <Point X="414" Y="357" T="0" Pressure="0"/>
        <Point X="414" Y="358" T="0" Pressure="0"/>
        <Point X="414" Y="359" T="0" Pressure="0"/>
        <Point X="413" Y="360" T="0" Pressure="0"/>
        <Point X="412" Y="361" T="0" Pressure="0"/>
        <Point X="411" Y="362" T="0" Pressure="0"/>
        <Point X="410" Y="363" T="0" Pressure="0"/>
    </Stroke>
    <Stroke index="3">
        <Point X="355" Y="389" T="0" Pressure="0"/>
        <Point X="354" Y="388" T="0" Pressure="0"/>
        <Point X="354" Y="387" T="0" Pressure="0"/>
        <Point X="354" Y="386" T="0" Pressure="0"/>
        <Point X="354" Y="385" T="0" Pressure="0"/>
        <Point X="354" Y="384" T="0" Pressure="0"/>
        <Point X="355" Y="383" T="0" Pressure="0"/>
        <Point X="358" Y="383" T="0" Pressure="0"/>
        <Point X="360" Y="382" T="0" Pressure="0"/>
        <Point X="362" Y="382" T="0" Pressure="0"/>
        <Point X="365" Y="382" T="0" Pressure="0"/>
        <Point X="369" Y="381" T="0" Pressure="0"/>
        <Point X="374" Y="381" T="0" Pressure="0"/>
        <Point X="380" Y="380" T="0" Pressure="0"/>
        <Point X="388" Y="378" T="0" Pressure="0"/>
        <Point X="394" Y="377" T="0" Pressure="0"/>
        <Point X="400" Y="376" T="0" Pressure="0"/>
        <Point X="407" Y="376" T="0" Pressure="0"/>
        <Point X="414" Y="374" T="0" Pressure="0"/>
        <Point X="421" Y="373" T="0" Pressure="0"/>
        <Point X="429" Y="372" T="0" Pressure="0"/>
        <Point X="434" Y="371" T="0" Pressure="0"/>
        <Point X="440" Y="371" T="0" Pressure="0"/>
        <Point X="445" Y="370" T="0" Pressure="0"/>
        <Point X="451" Y="369" T="0" Pressure="0"/>
        <Point X="456" Y="369" T="0" Pressure="0"/>
        <Point X="462" Y="368" T="0" Pressure="0"/>
        <Point X="466" Y="368" T="0" Pressure="0"/>
        <Point X="469" Y="367" T="0" Pressure="0"/>
        <Point X="473" Y="367" T="0" Pressure="0"/>
        <Point X="476" Y="366" T="0" Pressure="0"/>
        <Point X="479" Y="366" T="0" Pressure="0"/>
        <Point X="482" Y="366" T="0" Pressure="0"/>
        <Point X="483" Y="366" T="0" Pressure="0"/>
        <Point X="485" Y="366" T="0" Pressure="0"/>
        <Point X="485" Y="367" T="0" Pressure="0"/>
        <Point X="485" Y="368" T="0" Pressure="0"/>
        <Point X="484" Y="368" T="0" Pressure="0"/>
        <Point X="483" Y="369" T="0" Pressure="0"/>
        <Point X="479" Y="371" T="0" Pressure="0"/>
        <Point X="478" Y="372" T="0" Pressure="0"/>
        <Point X="476" Y="372" T="0" Pressure="0"/>
        <Point X="474" Y="373" T="0" Pressure="0"/>
    </Stroke>
</Gesture>
