<?xml version="1.0" ?>
<Gesture Name="half_note~02" Subject="1" Number="2" NumPts="95" InputType="stylus" Speed="MEDIUM">
    <Stroke index="1">
        <Point X="418" Y="214" T="0" Pressure="0"/>
        <Point X="418" Y="213" T="0" Pressure="0"/>
        <Point X="418" Y="212" T="0" Pressure="0"/>
        <Point X="418" Y="213" T="0" Pressure="0"/>
        <Point X="418" Y="214" T="0" Pressure="0"/>
        <Point X="419" Y="219" T="0" Pressure="0"/>
        <Point X="419" Y="221" T="0" Pressure="0"/>
        <Point X="420" Y="223" T="0" Pressure="0"/>
        <Point X="421" Y="226" T="0" Pressure="0"/>
        <Point X="421" Y="229" T="0" Pressure="0"/>
        <Point X="422" Y="233" T="0" Pressure="0"/>
        <Point X="422" Y="239" T="0" Pressure="0"/>
        <Point X="424" Y="250" T="0" Pressure="0"/>
        <Point X="425" Y="264" T="0" Pressure="0"/>
        <Point X="425" Y="277" T="0" Pressure="0"/>
        <Point X="425" Y="284" T="0" Pressure="0"/>
        <Point X="426" Y="301" T="0" Pressure="0"/>
        <Point X="426" Y="313" T="0" Pressure="0"/>
        <Point X="426" Y="321" T="0" Pressure="0"/>
        <Point X="426" Y="329" T="0" Pressure="0"/>
        <Point X="426" Y="335" T="0" Pressure="0"/>
        <Point X="427" Y="339" T="0" Pressure="0"/>
        <Point X="427" Y="341" T="0" Pressure="0"/>
        <Point X="427" Y="342" T="0" Pressure="0"/>
        <Point X="426" Y="343" T="0" Pressure="0"/>
        <Point X="426" Y="344" T="0" Pressure="0"/>
        <Point X="425" Y="344" T="0" Pressure="0"/>
    </Stroke>
    <Stroke index="2">
        <Point X="424" Y="341" T="0" Pressure="0"/>
        <Point X="423" Y="340" T="0" Pressure="0"/>
        <Point X="422" Y="339" T="0" Pressure="0"/>
        <Point X="421" Y="337" T="0" Pressure="0"/>
        <Point X="421" Y="336" T="0" Pressure="0"/>
        <Point X="420" Y="333" T="0" Pressure="0"/>
        <Point X="419" Y="332" T="0" Pressure="0"/>
        <Point X="418" Y="331" T="0" Pressure="0"/>
        <Point X="418" Y="328" T="0" Pressure="0"/>
        <Point X="415" Y="325" T="0" Pressure="0"/>
        <Point X="414" Y="321" T="0" Pressure="0"/>
        <Point X="413" Y="320" T="0" Pressure="0"/>
        <Point X="411" Y="318" T="0" Pressure="0"/>
        <Point X="410" Y="317" T="0" Pressure="0"/>
        <Point X="408" Y="315" T="0" Pressure="0"/>
        <Point X="406" Y="314" T="0" Pressure="0"/>
        <Point X="404" Y="313" T="0" Pressure="0"/>
        <Point X="402" Y="312" T="0" Pressure="0"/>
        <Point X="398" Y="310" T="0" Pressure="0"/>
        <Point X="395" Y="310" T="0" Pressure="0"/>
        <Point X="392" Y="309" T="0" Pressure="0"/>
        <Point X="389" Y="309" T="0" Pressure="0"/>
        <Point X="387" Y="309" T="0" Pressure="0"/>
        <Point X="384" Y="310" T="0" Pressure="0"/>
        <Point X="379" Y="312" T="0" Pressure="0"/>
        <Point X="376" Y="312" T="0" Pressure="0"/>
        <Point X="373" Y="314" T="0" Pressure="0"/>
        <Point X="369" Y="316" T="0" Pressure="0"/>
        <Point X="366" Y="318" T="0" Pressure="0"/>
        <Point X="364" Y="319" T="0" Pressure="0"/>
        <Point X="361" Y="321" T="0" Pressure="0"/>
        <Point X="359" Y="323" T="0" Pressure="0"/>
        <Point X="357" Y="326" T="0" Pressure="0"/>
        <Point X="355" Y="328" T="0" Pressure="0"/>
        <Point X="353" Y="334" T="0" Pressure="0"/>
        <Point X="351" Y="337" T="0" Pressure="0"/>
        <Point X="350" Y="340" T="0" Pressure="0"/>
        <Point X="350" Y="343" T="0" Pressure="0"/>
        <Point X="350" Y="345" T="0" Pressure="0"/>
        <Point X="351" Y="348" T="0" Pressure="0"/>
        <Point X="352" Y="351" T="0" Pressure="0"/>
        <Point X="354" Y="353" T="0" Pressure="0"/>
        <Point X="355" Y="356" T="0" Pressure="0"/>
        <Point X="357" Y="357" T="0" Pressure="0"/>
        <Point X="359" Y="360" T="0" Pressure="0"/>
        <Point X="361" Y="362" T="0" Pressure="0"/>
        <Point X="367" Y="365" T="0" Pressure="0"/>
        <Point X="369" Y="366" T="0" Pressure="0"/>
        <Point X="375" Y="368" T="0" Pressure="0"/>
        <Point X="379" Y="369" T="0" Pressure="0"/>
        <Point X="381" Y="370" T="0" Pressure="0"/>
        <Point X="385" Y="370" T="0" Pressure="0"/>
        <Point X="388" Y="370" T="0" Pressure="0"/>
        <Point X="391" Y="370" T="0" Pressure="0"/>
        <Point X="395" Y="370" T="0" Pressure="0"/>
        <Point X="402" Y="368" T="0" Pressure="0"/>
        <Point X="405" Y="367" T="0" Pressure="0"/>
        <Point X="409" Y="366" T="0" Pressure="0"/>
        <Point X="411" Y="364" T="0" Pressure="0"/>
        <Point X="418" Y="361" T="0" Pressure="0"/>
        <Point X="421" Y="360" T="0" Pressure="0"/>
        <Point X="428" Y="357" T="0" Pressure="0"/>
        <Point X="430" Y="356" T="0" Pressure="0"/>
        <Point X="433" Y="355" T="0" Pressure="0"/>
        <Point X="434" Y="355" T="0" Pressure="0"/>
        <Point X="436" Y="353" T="0" Pressure="0"/>
        <Point X="437" Y="353" T="0" Pressure="0"/>
        <Point X="439" Y="353" T="0" Pressure="0"/>
    </Stroke>
</Gesture>
