<?xml version="1.0" ?>
<Gesture Name="five_point_star~02" Subject="1" Number="2" NumPts="166" InputType="stylus" Speed="MEDIUM">
    <Stroke index="1">
        <Point X="329" Y="343" T="0" Pressure="0"/>
        <Point X="328" Y="343" T="0" Pressure="0"/>
        <Point X="328" Y="342" T="0" Pressure="0"/>
        <Point X="328" Y="341" T="0" Pressure="0"/>
        <Point X="328" Y="340" T="0" Pressure="0"/>
        <Point X="328" Y="339" T="0" Pressure="0"/>
        <Point X="328" Y="337" T="0" Pressure="0"/>
        <Point X="328" Y="335" T="0" Pressure="0"/>
        <Point X="328" Y="333" T="0" Pressure="0"/>
        <Point X="328" Y="331" T="0" Pressure="0"/>
        <Point X="328" Y="328" T="0" Pressure="0"/>
        <Point X="328" Y="325" T="0" Pressure="0"/>
        <Point X="328" Y="322" T="0" Pressure="0"/>
        <Point X="329" Y="319" T="0" Pressure="0"/>
        <Point X="330" Y="316" T="0" Pressure="0"/>
        <Point X="330" Y="312" T="0" Pressure="0"/>
        <Point X="331" Y="307" T="0" Pressure="0"/>
        <Point X="331" Y="303" T="0" Pressure="0"/>
        <Point X="333" Y="294" T="0" Pressure="0"/>
        <Point X="334" Y="289" T="0" Pressure="0"/>
        <Point X="335" Y="283" T="0" Pressure="0"/>
        <Point X="335" Y="276" T="0" Pressure="0"/>
        <Point X="336" Y="270" T="0" Pressure="0"/>
        <Point X="337" Y="264" T="0" Pressure="0"/>
        <Point X="338" Y="258" T="0" Pressure="0"/>
        <Point X="339" Y="252" T="0" Pressure="0"/>
        <Point X="339" Y="245" T="0" Pressure="0"/>
        <Point X="341" Y="239" T="0" Pressure="0"/>
        <Point X="342" Y="234" T="0" Pressure="0"/>
        <Point X="343" Y="229" T="0" Pressure="0"/>
        <Point X="344" Y="224" T="0" Pressure="0"/>
        <Point X="345" Y="220" T="0" Pressure="0"/>
        <Point X="346" Y="217" T="0" Pressure="0"/>
        <Point X="347" Y="213" T="0" Pressure="0"/>
        <Point X="347" Y="211" T="0" Pressure="0"/>
        <Point X="349" Y="209" T="0" Pressure="0"/>
        <Point X="349" Y="208" T="0" Pressure="0"/>
        <Point X="350" Y="207" T="0" Pressure="0"/>
        <Point X="351" Y="206" T="0" Pressure="0"/>
        <Point X="352" Y="206" T="0" Pressure="0"/>
        <Point X="353" Y="205" T="0" Pressure="0"/>
        <Point X="354" Y="205" T="0" Pressure="0"/>
        <Point X="355" Y="205" T="0" Pressure="0"/>
        <Point X="357" Y="205" T="0" Pressure="0"/>
        <Point X="358" Y="206" T="0" Pressure="0"/>
        <Point X="360" Y="206" T="0" Pressure="0"/>
        <Point X="361" Y="207" T="0" Pressure="0"/>
        <Point X="362" Y="208" T="0" Pressure="0"/>
        <Point X="365" Y="211" T="0" Pressure="0"/>
        <Point X="369" Y="216" T="0" Pressure="0"/>
        <Point X="371" Y="219" T="0" Pressure="0"/>
        <Point X="373" Y="223" T="0" Pressure="0"/>
        <Point X="376" Y="228" T="0" Pressure="0"/>
        <Point X="379" Y="233" T="0" Pressure="0"/>
        <Point X="381" Y="239" T="0" Pressure="0"/>
        <Point X="384" Y="245" T="0" Pressure="0"/>
        <Point X="388" Y="251" T="0" Pressure="0"/>
        <Point X="390" Y="258" T="0" Pressure="0"/>
        <Point X="392" Y="266" T="0" Pressure="0"/>
        <Point X="395" Y="273" T="0" Pressure="0"/>
        <Point X="397" Y="281" T="0" Pressure="0"/>
        <Point X="399" Y="290" T="0" Pressure="0"/>
        <Point X="401" Y="296" T="0" Pressure="0"/>
        <Point X="403" Y="302" T="0" Pressure="0"/>
        <Point X="404" Y="308" T="0" Pressure="0"/>
        <Point X="407" Y="318" T="0" Pressure="0"/>
        <Point X="411" Y="333" T="0" Pressure="0"/>
        <Point X="413" Y="336" T="0" Pressure="0"/>
        <Point X="413" Y="338" T="0" Pressure="0"/>
        <Point X="414" Y="342" T="0" Pressure="0"/>
        <Point X="414" Y="343" T="0" Pressure="0"/>
        <Point X="413" Y="343" T="0" Pressure="0"/>
        <Point X="412" Y="343" T="0" Pressure="0"/>
        <Point X="407" Y="340" T="0" Pressure="0"/>
        <Point X="404" Y="337" T="0" Pressure="0"/>
        <Point X="403" Y="335" T="0" Pressure="0"/>
        <Point X="400" Y="332" T="0" Pressure="0"/>
        <Point X="399" Y="331" T="0" Pressure="0"/>
        <Point X="394" Y="326" T="0" Pressure="0"/>
        <Point X="388" Y="320" T="0" Pressure="0"/>
        <Point X="383" Y="314" T="0" Pressure="0"/>
        <Point X="379" Y="310" T="0" Pressure="0"/>
        <Point X="374" Y="307" T="0" Pressure="0"/>
        <Point X="366" Y="301" T="0" Pressure="0"/>
        <Point X="361" Y="297" T="0" Pressure="0"/>
        <Point X="357" Y="294" T="0" Pressure="0"/>
        <Point X="346" Y="291" T="0" Pressure="0"/>
        <Point X="342" Y="289" T="0" Pressure="0"/>
        <Point X="336" Y="288" T="0" Pressure="0"/>
        <Point X="327" Y="287" T="0" Pressure="0"/>
        <Point X="322" Y="286" T="0" Pressure="0"/>
        <Point X="317" Y="286" T="0" Pressure="0"/>
        <Point X="313" Y="286" T="0" Pressure="0"/>
        <Point X="309" Y="286" T="0" Pressure="0"/>
        <Point X="306" Y="286" T="0" Pressure="0"/>
        <Point X="302" Y="286" T="0" Pressure="0"/>
        <Point X="297" Y="286" T="0" Pressure="0"/>
        <Point X="295" Y="287" T="0" Pressure="0"/>
        <Point X="294" Y="287" T="0" Pressure="0"/>
        <Point X="291" Y="288" T="0" Pressure="0"/>
        <Point X="290" Y="288" T="0" Pressure="0"/>
        <Point X="291" Y="288" T="0" Pressure="0"/>
        <Point X="293" Y="287" T="0" Pressure="0"/>
        <Point X="294" Y="286" T="0" Pressure="0"/>
        <Point X="297" Y="284" T="0" Pressure="0"/>
        <Point X="304" Y="281" T="0" Pressure="0"/>
        <Point X="309" Y="278" T="0" Pressure="0"/>
        <Point X="313" Y="276" T="0" Pressure="0"/>
        <Point X="318" Y="273" T="0" Pressure="0"/>
        <Point X="331" Y="268" T="0" Pressure="0"/>
        <Point X="362" Y="254" T="0" Pressure="0"/>
        <Point X="370" Y="251" T="0" Pressure="0"/>
        <Point X="386" Y="246" T="0" Pressure="0"/>
        <Point X="399" Y="241" T="0" Pressure="0"/>
        <Point X="410" Y="238" T="0" Pressure="0"/>
        <Point X="415" Y="237" T="0" Pressure="0"/>
        <Point X="419" Y="236" T="0" Pressure="0"/>
        <Point X="427" Y="233" T="0" Pressure="0"/>
        <Point X="430" Y="233" T="0" Pressure="0"/>
        <Point X="435" Y="233" T="0" Pressure="0"/>
        <Point X="437" Y="233" T="0" Pressure="0"/>
        <Point X="439" Y="233" T="0" Pressure="0"/>
        <Point X="440" Y="233" T="0" Pressure="0"/>
        <Point X="441" Y="233" T="0" Pressure="0"/>
        <Point X="441" Y="234" T="0" Pressure="0"/>
        <Point X="441" Y="236" T="0" Pressure="0"/>
        <Point X="440" Y="237" T="0" Pressure="0"/>
        <Point X="439" Y="239" T="0" Pressure="0"/>
        <Point X="437" Y="241" T="0" Pressure="0"/>
        <Point X="435" Y="243" T="0" Pressure="0"/>
        <Point X="433" Y="245" T="0" Pressure="0"/>
        <Point X="430" Y="248" T="0" Pressure="0"/>
        <Point X="427" Y="251" T="0" Pressure="0"/>
        <Point X="424" Y="255" T="0" Pressure="0"/>
        <Point X="421" Y="258" T="0" Pressure="0"/>
        <Point X="417" Y="263" T="0" Pressure="0"/>
        <Point X="413" Y="267" T="0" Pressure="0"/>
        <Point X="408" Y="272" T="0" Pressure="0"/>
        <Point X="403" Y="277" T="0" Pressure="0"/>
        <Point X="399" Y="282" T="0" Pressure="0"/>
        <Point X="395" Y="288" T="0" Pressure="0"/>
        <Point X="390" Y="293" T="0" Pressure="0"/>
        <Point X="385" Y="298" T="0" Pressure="0"/>
        <Point X="376" Y="309" T="0" Pressure="0"/>
        <Point X="367" Y="318" T="0" Pressure="0"/>
        <Point X="362" Y="322" T="0" Pressure="0"/>
        <Point X="358" Y="326" T="0" Pressure="0"/>
        <Point X="354" Y="331" T="0" Pressure="0"/>
        <Point X="350" Y="333" T="0" Pressure="0"/>
        <Point X="347" Y="337" T="0" Pressure="0"/>
        <Point X="344" Y="340" T="0" Pressure="0"/>
        <Point X="342" Y="342" T="0" Pressure="0"/>
        <Point X="339" Y="344" T="0" Pressure="0"/>
        <Point X="335" Y="348" T="0" Pressure="0"/>
        <Point X="334" Y="350" T="0" Pressure="0"/>
        <Point X="334" Y="351" T="0" Pressure="0"/>
        <Point X="332" Y="353" T="0" Pressure="0"/>
        <Point X="332" Y="354" T="0" Pressure="0"/>
        <Point X="331" Y="355" T="0" Pressure="0"/>
        <Point X="331" Y="356" T="0" Pressure="0"/>
        <Point X="332" Y="356" T="0" Pressure="0"/>
        <Point X="333" Y="356" T="0" Pressure="0"/>
        <Point X="334" Y="355" T="0" Pressure="0"/>
        <Point X="335" Y="355" T="0" Pressure="0"/>
        <Point X="335" Y="354" T="0" Pressure="0"/>
        <Point X="336" Y="353" T="0" Pressure="0"/>
    </Stroke>
</Gesture>
