<?xml version="1.0" ?>
<Gesture Name="D~03" Subject="1" Number="3" NumPts="86" InputType="stylus" Speed="MEDIUM">
    <Stroke index="1">
        <Point X="377" Y="296" T="0" Pressure="0"/>
        <Point X="378" Y="297" T="0" Pressure="0"/>
        <Point X="379" Y="298" T="0" Pressure="0"/>
        <Point X="379" Y="300" T="0" Pressure="0"/>
        <Point X="379" Y="302" T="0" Pressure="0"/>
        <Point X="379" Y="306" T="0" Pressure="0"/>
        <Point X="380" Y="309" T="0" Pressure="0"/>
        <Point X="380" Y="313" T="0" Pressure="0"/>
        <Point X="380" Y="317" T="0" Pressure="0"/>
        <Point X="380" Y="321" T="0" Pressure="0"/>
        <Point X="380" Y="326" T="0" Pressure="0"/>
        <Point X="380" Y="332" T="0" Pressure="0"/>
        <Point X="380" Y="341" T="0" Pressure="0"/>
        <Point X="380" Y="345" T="0" Pressure="0"/>
        <Point X="380" Y="349" T="0" Pressure="0"/>
        <Point X="379" Y="357" T="0" Pressure="0"/>
        <Point X="379" Y="360" T="0" Pressure="0"/>
        <Point X="379" Y="363" T="0" Pressure="0"/>
        <Point X="379" Y="367" T="0" Pressure="0"/>
        <Point X="379" Y="368" T="0" Pressure="0"/>
        <Point X="379" Y="370" T="0" Pressure="0"/>
        <Point X="379" Y="373" T="0" Pressure="0"/>
        <Point X="379" Y="374" T="0" Pressure="0"/>
        <Point X="379" Y="375" T="0" Pressure="0"/>
        <Point X="379" Y="376" T="0" Pressure="0"/>
        <Point X="379" Y="377" T="0" Pressure="0"/>
        <Point X="378" Y="377" T="0" Pressure="0"/>
    </Stroke>
    <Stroke index="2">
        <Point X="367" Y="297" T="0" Pressure="0"/>
        <Point X="367" Y="296" T="0" Pressure="0"/>
        <Point X="366" Y="295" T="0" Pressure="0"/>
        <Point X="366" Y="293" T="0" Pressure="0"/>
        <Point X="367" Y="293" T="0" Pressure="0"/>
        <Point X="368" Y="292" T="0" Pressure="0"/>
        <Point X="369" Y="291" T="0" Pressure="0"/>
        <Point X="370" Y="291" T="0" Pressure="0"/>
        <Point X="371" Y="290" T="0" Pressure="0"/>
        <Point X="373" Y="290" T="0" Pressure="0"/>
        <Point X="376" Y="290" T="0" Pressure="0"/>
        <Point X="378" Y="290" T="0" Pressure="0"/>
        <Point X="380" Y="290" T="0" Pressure="0"/>
        <Point X="387" Y="290" T="0" Pressure="0"/>
        <Point X="390" Y="290" T="0" Pressure="0"/>
        <Point X="394" Y="290" T="0" Pressure="0"/>
        <Point X="398" Y="290" T="0" Pressure="0"/>
        <Point X="401" Y="291" T="0" Pressure="0"/>
        <Point X="409" Y="292" T="0" Pressure="0"/>
        <Point X="412" Y="293" T="0" Pressure="0"/>
        <Point X="420" Y="295" T="0" Pressure="0"/>
        <Point X="423" Y="296" T="0" Pressure="0"/>
        <Point X="429" Y="301" T="0" Pressure="0"/>
        <Point X="430" Y="303" T="0" Pressure="0"/>
        <Point X="432" Y="307" T="0" Pressure="0"/>
        <Point X="433" Y="311" T="0" Pressure="0"/>
        <Point X="433" Y="314" T="0" Pressure="0"/>
        <Point X="433" Y="318" T="0" Pressure="0"/>
        <Point X="433" Y="321" T="0" Pressure="0"/>
        <Point X="432" Y="328" T="0" Pressure="0"/>
        <Point X="431" Y="332" T="0" Pressure="0"/>
        <Point X="430" Y="335" T="0" Pressure="0"/>
        <Point X="429" Y="338" T="0" Pressure="0"/>
        <Point X="427" Y="341" T="0" Pressure="0"/>
        <Point X="425" Y="343" T="0" Pressure="0"/>
        <Point X="423" Y="346" T="0" Pressure="0"/>
        <Point X="421" Y="349" T="0" Pressure="0"/>
        <Point X="419" Y="351" T="0" Pressure="0"/>
        <Point X="414" Y="355" T="0" Pressure="0"/>
        <Point X="412" Y="357" T="0" Pressure="0"/>
        <Point X="410" Y="358" T="0" Pressure="0"/>
        <Point X="406" Y="360" T="0" Pressure="0"/>
        <Point X="403" Y="362" T="0" Pressure="0"/>
        <Point X="400" Y="363" T="0" Pressure="0"/>
        <Point X="398" Y="364" T="0" Pressure="0"/>
        <Point X="395" Y="364" T="0" Pressure="0"/>
        <Point X="391" Y="365" T="0" Pressure="0"/>
        <Point X="388" Y="366" T="0" Pressure="0"/>
        <Point X="385" Y="366" T="0" Pressure="0"/>
        <Point X="383" Y="366" T="0" Pressure="0"/>
        <Point X="380" Y="366" T="0" Pressure="0"/>
        <Point X="375" Y="366" T="0" Pressure="0"/>
        <Point X="373" Y="366" T="0" Pressure="0"/>
        <Point X="371" Y="366" T="0" Pressure="0"/>
        <Point X="369" Y="366" T="0" Pressure="0"/>
        <Point X="368" Y="366" T="0" Pressure="0"/>
        <Point X="367" Y="366" T="0" Pressure="0"/>
        <Point X="366" Y="366" T="0" Pressure="0"/>
        <Point X="365" Y="366" T="0" Pressure="0"/>
    </Stroke>
</Gesture>
