<?xml version="1.0" ?>
<Gesture Name="pitchfork~05" Subject="1" Number="5" NumPts="100" InputType="stylus" Speed="MEDIUM">
    <Stroke index="1">
        <Point X="325" Y="218" T="0" Pressure="0"/>
        <Point X="324" Y="218" T="0" Pressure="0"/>
        <Point X="324" Y="217" T="0" Pressure="0"/>
        <Point X="322" Y="217" T="0" Pressure="0"/>
        <Point X="321" Y="217" T="0" Pressure="0"/>
        <Point X="320" Y="220" T="0" Pressure="0"/>
        <Point X="319" Y="222" T="0" Pressure="0"/>
        <Point X="318" Y="224" T="0" Pressure="0"/>
        <Point X="317" Y="230" T="0" Pressure="0"/>
        <Point X="316" Y="233" T="0" Pressure="0"/>
        <Point X="316" Y="243" T="0" Pressure="0"/>
        <Point X="316" Y="247" T="0" Pressure="0"/>
        <Point X="316" Y="252" T="0" Pressure="0"/>
        <Point X="316" Y="263" T="0" Pressure="0"/>
        <Point X="316" Y="269" T="0" Pressure="0"/>
        <Point X="317" Y="274" T="0" Pressure="0"/>
        <Point X="321" Y="288" T="0" Pressure="0"/>
        <Point X="324" Y="293" T="0" Pressure="0"/>
        <Point X="325" Y="296" T="0" Pressure="0"/>
        <Point X="328" Y="300" T="0" Pressure="0"/>
        <Point X="331" Y="303" T="0" Pressure="0"/>
        <Point X="334" Y="306" T="0" Pressure="0"/>
        <Point X="336" Y="308" T="0" Pressure="0"/>
        <Point X="339" Y="311" T="0" Pressure="0"/>
        <Point X="343" Y="313" T="0" Pressure="0"/>
        <Point X="346" Y="314" T="0" Pressure="0"/>
        <Point X="352" Y="316" T="0" Pressure="0"/>
        <Point X="355" Y="316" T="0" Pressure="0"/>
        <Point X="360" Y="315" T="0" Pressure="0"/>
        <Point X="364" Y="314" T="0" Pressure="0"/>
        <Point X="373" Y="309" T="0" Pressure="0"/>
        <Point X="377" Y="307" T="0" Pressure="0"/>
        <Point X="381" Y="303" T="0" Pressure="0"/>
        <Point X="387" Y="301" T="0" Pressure="0"/>
        <Point X="391" Y="297" T="0" Pressure="0"/>
        <Point X="395" Y="293" T="0" Pressure="0"/>
        <Point X="399" Y="290" T="0" Pressure="0"/>
        <Point X="410" Y="278" T="0" Pressure="0"/>
        <Point X="414" Y="274" T="0" Pressure="0"/>
        <Point X="420" Y="264" T="0" Pressure="0"/>
        <Point X="422" Y="259" T="0" Pressure="0"/>
        <Point X="425" Y="254" T="0" Pressure="0"/>
        <Point X="428" Y="249" T="0" Pressure="0"/>
        <Point X="429" Y="245" T="0" Pressure="0"/>
        <Point X="430" Y="242" T="0" Pressure="0"/>
        <Point X="432" Y="236" T="0" Pressure="0"/>
        <Point X="432" Y="234" T="0" Pressure="0"/>
        <Point X="432" Y="232" T="0" Pressure="0"/>
        <Point X="430" Y="228" T="0" Pressure="0"/>
        <Point X="429" Y="228" T="0" Pressure="0"/>
        <Point X="427" Y="227" T="0" Pressure="0"/>
        <Point X="425" Y="226" T="0" Pressure="0"/>
        <Point X="423" Y="226" T="0" Pressure="0"/>
        <Point X="422" Y="226" T="0" Pressure="0"/>
        <Point X="421" Y="226" T="0" Pressure="0"/>
    </Stroke>
    <Stroke index="2">
        <Point X="373" Y="238" T="0" Pressure="0"/>
        <Point X="373" Y="237" T="0" Pressure="0"/>
        <Point X="373" Y="234" T="0" Pressure="0"/>
        <Point X="373" Y="231" T="0" Pressure="0"/>
        <Point X="373" Y="230" T="0" Pressure="0"/>
        <Point X="373" Y="229" T="0" Pressure="0"/>
        <Point X="373" Y="228" T="0" Pressure="0"/>
        <Point X="373" Y="229" T="0" Pressure="0"/>
        <Point X="373" Y="230" T="0" Pressure="0"/>
        <Point X="373" Y="231" T="0" Pressure="0"/>
        <Point X="373" Y="234" T="0" Pressure="0"/>
        <Point X="373" Y="236" T="0" Pressure="0"/>
        <Point X="373" Y="239" T="0" Pressure="0"/>
        <Point X="372" Y="242" T="0" Pressure="0"/>
        <Point X="372" Y="244" T="0" Pressure="0"/>
        <Point X="371" Y="248" T="0" Pressure="0"/>
        <Point X="370" Y="252" T="0" Pressure="0"/>
        <Point X="369" Y="258" T="0" Pressure="0"/>
        <Point X="368" Y="263" T="0" Pressure="0"/>
        <Point X="367" Y="269" T="0" Pressure="0"/>
        <Point X="365" Y="276" T="0" Pressure="0"/>
        <Point X="365" Y="284" T="0" Pressure="0"/>
        <Point X="364" Y="293" T="0" Pressure="0"/>
        <Point X="362" Y="301" T="0" Pressure="0"/>
        <Point X="361" Y="308" T="0" Pressure="0"/>
        <Point X="361" Y="316" T="0" Pressure="0"/>
        <Point X="361" Y="322" T="0" Pressure="0"/>
        <Point X="361" Y="329" T="0" Pressure="0"/>
        <Point X="361" Y="336" T="0" Pressure="0"/>
        <Point X="362" Y="345" T="0" Pressure="0"/>
        <Point X="363" Y="349" T="0" Pressure="0"/>
        <Point X="364" Y="352" T="0" Pressure="0"/>
        <Point X="364" Y="356" T="0" Pressure="0"/>
        <Point X="364" Y="359" T="0" Pressure="0"/>
        <Point X="364" Y="362" T="0" Pressure="0"/>
        <Point X="364" Y="365" T="0" Pressure="0"/>
        <Point X="364" Y="368" T="0" Pressure="0"/>
        <Point X="364" Y="370" T="0" Pressure="0"/>
        <Point X="364" Y="371" T="0" Pressure="0"/>
        <Point X="364" Y="374" T="0" Pressure="0"/>
        <Point X="364" Y="376" T="0" Pressure="0"/>
        <Point X="364" Y="377" T="0" Pressure="0"/>
        <Point X="364" Y="378" T="0" Pressure="0"/>
        <Point X="364" Y="379" T="0" Pressure="0"/>
        <Point X="364" Y="380" T="0" Pressure="0"/>
    </Stroke>
</Gesture>
