<?xml version="1.0" ?>
<Gesture Name="arrowhead~01" Subject="1" Number="1" NumPts="88" InputType="stylus" Speed="MEDIUM">
    <Stroke index="1">
        <Point X="323" Y="325" T="0" Pressure="0"/>
        <Point X="322" Y="325" T="0" Pressure="0"/>
        <Point X="321" Y="324" T="0" Pressure="0"/>
        <Point X="322" Y="324" T="0" Pressure="0"/>
        <Point X="323" Y="323" T="0" Pressure="0"/>
        <Point X="324" Y="323" T="0" Pressure="0"/>
        <Point X="325" Y="323" T="0" Pressure="0"/>
        <Point X="327" Y="323" T="0" Pressure="0"/>
        <Point X="331" Y="323" T="0" Pressure="0"/>
        <Point X="334" Y="323" T="0" Pressure="0"/>
        <Point X="336" Y="323" T="0" Pressure="0"/>
        <Point X="343" Y="323" T="0" Pressure="0"/>
        <Point X="347" Y="323" T="0" Pressure="0"/>
        <Point X="356" Y="323" T="0" Pressure="0"/>
        <Point X="361" Y="323" T="0" Pressure="0"/>
        <Point X="366" Y="323" T="0" Pressure="0"/>
        <Point X="372" Y="324" T="0" Pressure="0"/>
        <Point X="377" Y="324" T="0" Pressure="0"/>
        <Point X="390" Y="324" T="0" Pressure="0"/>
        <Point X="397" Y="324" T="0" Pressure="0"/>
        <Point X="420" Y="324" T="0" Pressure="0"/>
        <Point X="425" Y="324" T="0" Pressure="0"/>
        <Point X="432" Y="324" T="0" Pressure="0"/>
        <Point X="436" Y="324" T="0" Pressure="0"/>
        <Point X="440" Y="324" T="0" Pressure="0"/>
        <Point X="447" Y="324" T="0" Pressure="0"/>
        <Point X="451" Y="324" T="0" Pressure="0"/>
        <Point X="454" Y="324" T="0" Pressure="0"/>
        <Point X="456" Y="324" T="0" Pressure="0"/>
        <Point X="458" Y="324" T="0" Pressure="0"/>
        <Point X="460" Y="324" T="0" Pressure="0"/>
        <Point X="462" Y="324" T="0" Pressure="0"/>
        <Point X="464" Y="324" T="0" Pressure="0"/>
        <Point X="463" Y="325" T="0" Pressure="0"/>
        <Point X="462" Y="325" T="0" Pressure="0"/>
    </Stroke>
    <Stroke index="2">
        <Point X="432" Y="301" T="0" Pressure="0"/>
        <Point X="430" Y="299" T="0" Pressure="0"/>
        <Point X="430" Y="298" T="0" Pressure="0"/>
        <Point X="430" Y="297" T="0" Pressure="0"/>
        <Point X="430" Y="296" T="0" Pressure="0"/>
        <Point X="430" Y="295" T="0" Pressure="0"/>
        <Point X="431" Y="295" T="0" Pressure="0"/>
        <Point X="431" Y="296" T="0" Pressure="0"/>
        <Point X="432" Y="296" T="0" Pressure="0"/>
        <Point X="433" Y="297" T="0" Pressure="0"/>
        <Point X="434" Y="298" T="0" Pressure="0"/>
        <Point X="436" Y="298" T="0" Pressure="0"/>
        <Point X="437" Y="299" T="0" Pressure="0"/>
        <Point X="439" Y="300" T="0" Pressure="0"/>
        <Point X="440" Y="301" T="0" Pressure="0"/>
        <Point X="442" Y="302" T="0" Pressure="0"/>
        <Point X="444" Y="303" T="0" Pressure="0"/>
        <Point X="447" Y="304" T="0" Pressure="0"/>
        <Point X="449" Y="306" T="0" Pressure="0"/>
        <Point X="452" Y="308" T="0" Pressure="0"/>
        <Point X="455" Y="310" T="0" Pressure="0"/>
        <Point X="458" Y="312" T="0" Pressure="0"/>
        <Point X="462" Y="314" T="0" Pressure="0"/>
        <Point X="465" Y="317" T="0" Pressure="0"/>
        <Point X="469" Y="319" T="0" Pressure="0"/>
        <Point X="473" Y="321" T="0" Pressure="0"/>
        <Point X="475" Y="323" T="0" Pressure="0"/>
        <Point X="478" Y="326" T="0" Pressure="0"/>
        <Point X="481" Y="327" T="0" Pressure="0"/>
        <Point X="483" Y="329" T="0" Pressure="0"/>
        <Point X="485" Y="332" T="0" Pressure="0"/>
        <Point X="487" Y="333" T="0" Pressure="0"/>
        <Point X="488" Y="335" T="0" Pressure="0"/>
        <Point X="489" Y="336" T="0" Pressure="0"/>
        <Point X="489" Y="338" T="0" Pressure="0"/>
        <Point X="489" Y="339" T="0" Pressure="0"/>
        <Point X="489" Y="340" T="0" Pressure="0"/>
        <Point X="488" Y="342" T="0" Pressure="0"/>
        <Point X="487" Y="343" T="0" Pressure="0"/>
        <Point X="486" Y="343" T="0" Pressure="0"/>
        <Point X="484" Y="345" T="0" Pressure="0"/>
        <Point X="480" Y="347" T="0" Pressure="0"/>
        <Point X="478" Y="349" T="0" Pressure="0"/>
        <Point X="474" Y="350" T="0" Pressure="0"/>
        <Point X="471" Y="352" T="0" Pressure="0"/>
        <Point X="468" Y="353" T="0" Pressure="0"/>
        <Point X="464" Y="355" T="0" Pressure="0"/>
        <Point X="462" Y="357" T="0" Pressure="0"/>
        <Point X="459" Y="358" T="0" Pressure="0"/>
        <Point X="455" Y="360" T="0" Pressure="0"/>
        <Point X="453" Y="362" T="0" Pressure="0"/>
        <Point X="448" Y="369" T="0" Pressure="0"/>
        <Point X="447" Y="371" T="0" Pressure="0"/>
    </Stroke>
</Gesture>
