<?xml version="1.0" ?>
<Gesture Name="X~09" Subject="1" Number="9" NumPts="74" InputType="stylus" Speed="MEDIUM">
    <Stroke index="1">
        <Point X="331" Y="281" T="0" Pressure="0"/>
        <Point X="330" Y="281" T="0" Pressure="0"/>
        <Point X="330" Y="280" T="0" Pressure="0"/>
        <Point X="330" Y="279" T="0" Pressure="0"/>
        <Point X="331" Y="279" T="0" Pressure="0"/>
        <Point X="332" Y="280" T="0" Pressure="0"/>
        <Point X="334" Y="281" T="0" Pressure="0"/>
        <Point X="337" Y="283" T="0" Pressure="0"/>
        <Point X="339" Y="284" T="0" Pressure="0"/>
        <Point X="342" Y="287" T="0" Pressure="0"/>
        <Point X="349" Y="292" T="0" Pressure="0"/>
        <Point X="352" Y="295" T="0" Pressure="0"/>
        <Point X="357" Y="299" T="0" Pressure="0"/>
        <Point X="370" Y="313" T="0" Pressure="0"/>
        <Point X="375" Y="317" T="0" Pressure="0"/>
        <Point X="385" Y="325" T="0" Pressure="0"/>
        <Point X="390" Y="328" T="0" Pressure="0"/>
        <Point X="395" Y="332" T="0" Pressure="0"/>
        <Point X="403" Y="339" T="0" Pressure="0"/>
        <Point X="407" Y="342" T="0" Pressure="0"/>
        <Point X="411" Y="344" T="0" Pressure="0"/>
        <Point X="415" Y="348" T="0" Pressure="0"/>
        <Point X="419" Y="351" T="0" Pressure="0"/>
        <Point X="422" Y="353" T="0" Pressure="0"/>
        <Point X="425" Y="356" T="0" Pressure="0"/>
        <Point X="428" Y="358" T="0" Pressure="0"/>
        <Point X="430" Y="361" T="0" Pressure="0"/>
        <Point X="433" Y="363" T="0" Pressure="0"/>
        <Point X="436" Y="365" T="0" Pressure="0"/>
        <Point X="439" Y="368" T="0" Pressure="0"/>
        <Point X="440" Y="369" T="0" Pressure="0"/>
        <Point X="440" Y="370" T="0" Pressure="0"/>
        <Point X="442" Y="372" T="0" Pressure="0"/>
        <Point X="443" Y="372" T="0" Pressure="0"/>
        <Point X="443" Y="373" T="0" Pressure="0"/>
        <Point X="443" Y="372" T="0" Pressure="0"/>
    </Stroke>
    <Stroke index="2">
        <Point X="440" Y="273" T="0" Pressure="0"/>
        <Point X="440" Y="272" T="0" Pressure="0"/>
        <Point X="440" Y="271" T="0" Pressure="0"/>
        <Point X="439" Y="270" T="0" Pressure="0"/>
        <Point X="438" Y="270" T="0" Pressure="0"/>
        <Point X="437" Y="270" T="0" Pressure="0"/>
        <Point X="436" Y="270" T="0" Pressure="0"/>
        <Point X="434" Y="271" T="0" Pressure="0"/>
        <Point X="433" Y="272" T="0" Pressure="0"/>
        <Point X="431" Y="274" T="0" Pressure="0"/>
        <Point X="426" Y="277" T="0" Pressure="0"/>
        <Point X="424" Y="280" T="0" Pressure="0"/>
        <Point X="421" Y="283" T="0" Pressure="0"/>
        <Point X="414" Y="289" T="0" Pressure="0"/>
        <Point X="410" Y="293" T="0" Pressure="0"/>
        <Point X="405" Y="298" T="0" Pressure="0"/>
        <Point X="395" Y="307" T="0" Pressure="0"/>
        <Point X="391" Y="313" T="0" Pressure="0"/>
        <Point X="385" Y="318" T="0" Pressure="0"/>
        <Point X="380" Y="323" T="0" Pressure="0"/>
        <Point X="375" Y="329" T="0" Pressure="0"/>
        <Point X="370" Y="334" T="0" Pressure="0"/>
        <Point X="365" Y="340" T="0" Pressure="0"/>
        <Point X="357" Y="349" T="0" Pressure="0"/>
        <Point X="352" Y="354" T="0" Pressure="0"/>
        <Point X="347" Y="358" T="0" Pressure="0"/>
        <Point X="342" Y="365" T="0" Pressure="0"/>
        <Point X="339" Y="368" T="0" Pressure="0"/>
        <Point X="336" Y="371" T="0" Pressure="0"/>
        <Point X="332" Y="376" T="0" Pressure="0"/>
        <Point X="331" Y="377" T="0" Pressure="0"/>
        <Point X="330" Y="378" T="0" Pressure="0"/>
        <Point X="328" Y="381" T="0" Pressure="0"/>
        <Point X="328" Y="382" T="0" Pressure="0"/>
        <Point X="327" Y="382" T="0" Pressure="0"/>
        <Point X="327" Y="383" T="0" Pressure="0"/>
        <Point X="327" Y="384" T="0" Pressure="0"/>
        <Point X="328" Y="385" T="0" Pressure="0"/>
    </Stroke>
</Gesture>
