<?xml version="1.0" ?>
<Gesture Name="N~09" Subject="1" Number="9" NumPts="100" InputType="stylus" Speed="MEDIUM">
    <Stroke index="1">
        <Point X="338" Y="257" T="0" Pressure="0"/>
        <Point X="336" Y="256" T="0" Pressure="0"/>
        <Point X="335" Y="254" T="0" Pressure="0"/>
        <Point X="335" Y="253" T="0" Pressure="0"/>
        <Point X="335" Y="254" T="0" Pressure="0"/>
        <Point X="335" Y="255" T="0" Pressure="0"/>
        <Point X="335" Y="257" T="0" Pressure="0"/>
        <Point X="335" Y="258" T="0" Pressure="0"/>
        <Point X="335" Y="263" T="0" Pressure="0"/>
        <Point X="335" Y="266" T="0" Pressure="0"/>
        <Point X="335" Y="269" T="0" Pressure="0"/>
        <Point X="336" Y="272" T="0" Pressure="0"/>
        <Point X="336" Y="276" T="0" Pressure="0"/>
        <Point X="336" Y="287" T="0" Pressure="0"/>
        <Point X="336" Y="292" T="0" Pressure="0"/>
        <Point X="336" Y="298" T="0" Pressure="0"/>
        <Point X="336" Y="305" T="0" Pressure="0"/>
        <Point X="336" Y="311" T="0" Pressure="0"/>
        <Point X="335" Y="317" T="0" Pressure="0"/>
        <Point X="335" Y="322" T="0" Pressure="0"/>
        <Point X="335" Y="327" T="0" Pressure="0"/>
        <Point X="335" Y="332" T="0" Pressure="0"/>
        <Point X="334" Y="337" T="0" Pressure="0"/>
        <Point X="334" Y="341" T="0" Pressure="0"/>
        <Point X="334" Y="344" T="0" Pressure="0"/>
        <Point X="334" Y="347" T="0" Pressure="0"/>
        <Point X="333" Y="350" T="0" Pressure="0"/>
        <Point X="333" Y="352" T="0" Pressure="0"/>
        <Point X="333" Y="355" T="0" Pressure="0"/>
        <Point X="333" Y="357" T="0" Pressure="0"/>
        <Point X="333" Y="358" T="0" Pressure="0"/>
        <Point X="333" Y="360" T="0" Pressure="0"/>
        <Point X="333" Y="361" T="0" Pressure="0"/>
        <Point X="333" Y="362" T="0" Pressure="0"/>
        <Point X="334" Y="363" T="0" Pressure="0"/>
        <Point X="334" Y="362" T="0" Pressure="0"/>
    </Stroke>
    <Stroke index="2">
        <Point X="329" Y="270" T="0" Pressure="0"/>
        <Point X="328" Y="269" T="0" Pressure="0"/>
        <Point X="328" Y="267" T="0" Pressure="0"/>
        <Point X="327" Y="266" T="0" Pressure="0"/>
        <Point X="327" Y="264" T="0" Pressure="0"/>
        <Point X="327" Y="262" T="0" Pressure="0"/>
        <Point X="328" Y="262" T="0" Pressure="0"/>
        <Point X="329" Y="263" T="0" Pressure="0"/>
        <Point X="330" Y="264" T="0" Pressure="0"/>
        <Point X="332" Y="266" T="0" Pressure="0"/>
        <Point X="333" Y="268" T="0" Pressure="0"/>
        <Point X="335" Y="269" T="0" Pressure="0"/>
        <Point X="339" Y="273" T="0" Pressure="0"/>
        <Point X="341" Y="276" T="0" Pressure="0"/>
        <Point X="343" Y="278" T="0" Pressure="0"/>
        <Point X="349" Y="286" T="0" Pressure="0"/>
        <Point X="353" Y="290" T="0" Pressure="0"/>
        <Point X="356" Y="294" T="0" Pressure="0"/>
        <Point X="364" Y="304" T="0" Pressure="0"/>
        <Point X="367" Y="309" T="0" Pressure="0"/>
        <Point X="371" Y="315" T="0" Pressure="0"/>
        <Point X="380" Y="323" T="0" Pressure="0"/>
        <Point X="384" Y="327" T="0" Pressure="0"/>
        <Point X="388" Y="331" T="0" Pressure="0"/>
        <Point X="395" Y="337" T="0" Pressure="0"/>
        <Point X="399" Y="340" T="0" Pressure="0"/>
        <Point X="402" Y="343" T="0" Pressure="0"/>
        <Point X="408" Y="347" T="0" Pressure="0"/>
        <Point X="410" Y="349" T="0" Pressure="0"/>
        <Point X="413" Y="351" T="0" Pressure="0"/>
        <Point X="417" Y="354" T="0" Pressure="0"/>
        <Point X="419" Y="355" T="0" Pressure="0"/>
        <Point X="421" Y="356" T="0" Pressure="0"/>
        <Point X="424" Y="356" T="0" Pressure="0"/>
        <Point X="425" Y="356" T="0" Pressure="0"/>
    </Stroke>
    <Stroke index="3">
        <Point X="415" Y="264" T="0" Pressure="0"/>
        <Point X="413" Y="260" T="0" Pressure="0"/>
        <Point X="413" Y="258" T="0" Pressure="0"/>
        <Point X="413" Y="259" T="0" Pressure="0"/>
        <Point X="413" Y="261" T="0" Pressure="0"/>
        <Point X="413" Y="266" T="0" Pressure="0"/>
        <Point X="413" Y="269" T="0" Pressure="0"/>
        <Point X="413" Y="271" T="0" Pressure="0"/>
        <Point X="413" Y="274" T="0" Pressure="0"/>
        <Point X="413" Y="291" T="0" Pressure="0"/>
        <Point X="412" Y="296" T="0" Pressure="0"/>
        <Point X="412" Y="301" T="0" Pressure="0"/>
        <Point X="412" Y="311" T="0" Pressure="0"/>
        <Point X="412" Y="316" T="0" Pressure="0"/>
        <Point X="413" Y="320" T="0" Pressure="0"/>
        <Point X="414" Y="329" T="0" Pressure="0"/>
        <Point X="414" Y="332" T="0" Pressure="0"/>
        <Point X="415" Y="337" T="0" Pressure="0"/>
        <Point X="418" Y="343" T="0" Pressure="0"/>
        <Point X="419" Y="351" T="0" Pressure="0"/>
        <Point X="420" Y="353" T="0" Pressure="0"/>
        <Point X="420" Y="355" T="0" Pressure="0"/>
        <Point X="421" Y="357" T="0" Pressure="0"/>
        <Point X="421" Y="360" T="0" Pressure="0"/>
        <Point X="421" Y="361" T="0" Pressure="0"/>
        <Point X="421" Y="362" T="0" Pressure="0"/>
        <Point X="421" Y="363" T="0" Pressure="0"/>
        <Point X="420" Y="363" T="0" Pressure="0"/>
        <Point X="419" Y="363" T="0" Pressure="0"/>
    </Stroke>
</Gesture>
