<?xml version="1.0" ?>
<Gesture Name="pitchfork~07" Subject="1" Number="7" NumPts="103" InputType="stylus" Speed="MEDIUM">
    <Stroke index="1">
        <Point X="329" Y="218" T="0" Pressure="0"/>
        <Point X="328" Y="217" T="0" Pressure="0"/>
        <Point X="325" Y="217" T="0" Pressure="0"/>
        <Point X="324" Y="218" T="0" Pressure="0"/>
        <Point X="324" Y="219" T="0" Pressure="0"/>
        <Point X="323" Y="221" T="0" Pressure="0"/>
        <Point X="322" Y="223" T="0" Pressure="0"/>
        <Point X="321" Y="226" T="0" Pressure="0"/>
        <Point X="320" Y="229" T="0" Pressure="0"/>
        <Point X="320" Y="233" T="0" Pressure="0"/>
        <Point X="320" Y="237" T="0" Pressure="0"/>
        <Point X="320" Y="242" T="0" Pressure="0"/>
        <Point X="319" Y="246" T="0" Pressure="0"/>
        <Point X="319" Y="251" T="0" Pressure="0"/>
        <Point X="319" Y="256" T="0" Pressure="0"/>
        <Point X="320" Y="261" T="0" Pressure="0"/>
        <Point X="320" Y="266" T="0" Pressure="0"/>
        <Point X="321" Y="271" T="0" Pressure="0"/>
        <Point X="323" Y="276" T="0" Pressure="0"/>
        <Point X="324" Y="279" T="0" Pressure="0"/>
        <Point X="326" Y="283" T="0" Pressure="0"/>
        <Point X="328" Y="287" T="0" Pressure="0"/>
        <Point X="330" Y="290" T="0" Pressure="0"/>
        <Point X="332" Y="293" T="0" Pressure="0"/>
        <Point X="335" Y="296" T="0" Pressure="0"/>
        <Point X="338" Y="298" T="0" Pressure="0"/>
        <Point X="341" Y="300" T="0" Pressure="0"/>
        <Point X="344" Y="301" T="0" Pressure="0"/>
        <Point X="347" Y="302" T="0" Pressure="0"/>
        <Point X="350" Y="303" T="0" Pressure="0"/>
        <Point X="354" Y="304" T="0" Pressure="0"/>
        <Point X="358" Y="304" T="0" Pressure="0"/>
        <Point X="362" Y="304" T="0" Pressure="0"/>
        <Point X="366" Y="303" T="0" Pressure="0"/>
        <Point X="371" Y="302" T="0" Pressure="0"/>
        <Point X="385" Y="295" T="0" Pressure="0"/>
        <Point X="391" Y="292" T="0" Pressure="0"/>
        <Point X="400" Y="285" T="0" Pressure="0"/>
        <Point X="405" Y="281" T="0" Pressure="0"/>
        <Point X="410" Y="276" T="0" Pressure="0"/>
        <Point X="414" Y="272" T="0" Pressure="0"/>
        <Point X="419" Y="267" T="0" Pressure="0"/>
        <Point X="423" Y="262" T="0" Pressure="0"/>
        <Point X="427" Y="256" T="0" Pressure="0"/>
        <Point X="431" Y="249" T="0" Pressure="0"/>
        <Point X="438" Y="237" T="0" Pressure="0"/>
        <Point X="443" Y="226" T="0" Pressure="0"/>
        <Point X="445" Y="219" T="0" Pressure="0"/>
        <Point X="446" Y="217" T="0" Pressure="0"/>
        <Point X="447" Y="215" T="0" Pressure="0"/>
        <Point X="447" Y="214" T="0" Pressure="0"/>
        <Point X="447" Y="213" T="0" Pressure="0"/>
        <Point X="446" Y="213" T="0" Pressure="0"/>
        <Point X="445" Y="212" T="0" Pressure="0"/>
        <Point X="444" Y="212" T="0" Pressure="0"/>
        <Point X="443" Y="212" T="0" Pressure="0"/>
        <Point X="441" Y="212" T="0" Pressure="0"/>
        <Point X="440" Y="213" T="0" Pressure="0"/>
        <Point X="438" Y="214" T="0" Pressure="0"/>
        <Point X="437" Y="214" T="0" Pressure="0"/>
        <Point X="435" Y="216" T="0" Pressure="0"/>
        <Point X="433" Y="217" T="0" Pressure="0"/>
    </Stroke>
    <Stroke index="2">
        <Point X="380" Y="236" T="0" Pressure="0"/>
        <Point X="379" Y="236" T="0" Pressure="0"/>
        <Point X="377" Y="234" T="0" Pressure="0"/>
        <Point X="377" Y="233" T="0" Pressure="0"/>
        <Point X="376" Y="233" T="0" Pressure="0"/>
        <Point X="376" Y="234" T="0" Pressure="0"/>
        <Point X="376" Y="235" T="0" Pressure="0"/>
        <Point X="376" Y="237" T="0" Pressure="0"/>
        <Point X="376" Y="238" T="0" Pressure="0"/>
        <Point X="376" Y="241" T="0" Pressure="0"/>
        <Point X="376" Y="243" T="0" Pressure="0"/>
        <Point X="376" Y="246" T="0" Pressure="0"/>
        <Point X="374" Y="254" T="0" Pressure="0"/>
        <Point X="372" Y="264" T="0" Pressure="0"/>
        <Point X="370" Y="271" T="0" Pressure="0"/>
        <Point X="369" Y="278" T="0" Pressure="0"/>
        <Point X="367" Y="291" T="0" Pressure="0"/>
        <Point X="366" Y="298" T="0" Pressure="0"/>
        <Point X="365" Y="304" T="0" Pressure="0"/>
        <Point X="364" Y="319" T="0" Pressure="0"/>
        <Point X="364" Y="325" T="0" Pressure="0"/>
        <Point X="364" Y="331" T="0" Pressure="0"/>
        <Point X="364" Y="336" T="0" Pressure="0"/>
        <Point X="364" Y="341" T="0" Pressure="0"/>
        <Point X="364" Y="345" T="0" Pressure="0"/>
        <Point X="364" Y="349" T="0" Pressure="0"/>
        <Point X="364" Y="353" T="0" Pressure="0"/>
        <Point X="364" Y="357" T="0" Pressure="0"/>
        <Point X="364" Y="360" T="0" Pressure="0"/>
        <Point X="364" Y="363" T="0" Pressure="0"/>
        <Point X="364" Y="365" T="0" Pressure="0"/>
        <Point X="365" Y="368" T="0" Pressure="0"/>
        <Point X="365" Y="369" T="0" Pressure="0"/>
        <Point X="365" Y="371" T="0" Pressure="0"/>
        <Point X="365" Y="373" T="0" Pressure="0"/>
        <Point X="365" Y="374" T="0" Pressure="0"/>
        <Point X="365" Y="375" T="0" Pressure="0"/>
        <Point X="364" Y="375" T="0" Pressure="0"/>
        <Point X="364" Y="376" T="0" Pressure="0"/>
        <Point X="363" Y="376" T="0" Pressure="0"/>
        <Point X="362" Y="376" T="0" Pressure="0"/>
    </Stroke>
</Gesture>
