<?xml version="1.0" ?>
<Gesture Name="H~09" Subject="1" Number="9" NumPts="96" InputType="stylus" Speed="MEDIUM">
    <Stroke index="1">
        <Point X="301" Y="213" T="0" Pressure="0"/>
        <Point X="300" Y="213" T="0" Pressure="0"/>
        <Point X="298" Y="212" T="0" Pressure="0"/>
        <Point X="297" Y="212" T="0" Pressure="0"/>
        <Point X="297" Y="211" T="0" Pressure="0"/>
        <Point X="297" Y="212" T="0" Pressure="0"/>
        <Point X="297" Y="213" T="0" Pressure="0"/>
        <Point X="297" Y="214" T="0" Pressure="0"/>
        <Point X="297" Y="217" T="0" Pressure="0"/>
        <Point X="297" Y="219" T="0" Pressure="0"/>
        <Point X="297" Y="222" T="0" Pressure="0"/>
        <Point X="297" Y="226" T="0" Pressure="0"/>
        <Point X="297" Y="230" T="0" Pressure="0"/>
        <Point X="297" Y="236" T="0" Pressure="0"/>
        <Point X="297" Y="241" T="0" Pressure="0"/>
        <Point X="297" Y="246" T="0" Pressure="0"/>
        <Point X="297" Y="252" T="0" Pressure="0"/>
        <Point X="296" Y="258" T="0" Pressure="0"/>
        <Point X="295" Y="265" T="0" Pressure="0"/>
        <Point X="294" Y="278" T="0" Pressure="0"/>
        <Point X="294" Y="284" T="0" Pressure="0"/>
        <Point X="293" Y="291" T="0" Pressure="0"/>
        <Point X="293" Y="302" T="0" Pressure="0"/>
        <Point X="293" Y="308" T="0" Pressure="0"/>
        <Point X="293" Y="314" T="0" Pressure="0"/>
        <Point X="293" Y="322" T="0" Pressure="0"/>
        <Point X="293" Y="326" T="0" Pressure="0"/>
        <Point X="293" Y="335" T="0" Pressure="0"/>
        <Point X="294" Y="337" T="0" Pressure="0"/>
        <Point X="294" Y="338" T="0" Pressure="0"/>
        <Point X="294" Y="339" T="0" Pressure="0"/>
    </Stroke>
    <Stroke index="2">
        <Point X="291" Y="291" T="0" Pressure="0"/>
        <Point X="291" Y="289" T="0" Pressure="0"/>
        <Point X="290" Y="287" T="0" Pressure="0"/>
        <Point X="290" Y="286" T="0" Pressure="0"/>
        <Point X="290" Y="284" T="0" Pressure="0"/>
        <Point X="291" Y="283" T="0" Pressure="0"/>
        <Point X="294" Y="283" T="0" Pressure="0"/>
        <Point X="295" Y="282" T="0" Pressure="0"/>
        <Point X="297" Y="281" T="0" Pressure="0"/>
        <Point X="304" Y="281" T="0" Pressure="0"/>
        <Point X="308" Y="280" T="0" Pressure="0"/>
        <Point X="312" Y="279" T="0" Pressure="0"/>
        <Point X="316" Y="278" T="0" Pressure="0"/>
        <Point X="321" Y="278" T="0" Pressure="0"/>
        <Point X="326" Y="277" T="0" Pressure="0"/>
        <Point X="331" Y="276" T="0" Pressure="0"/>
        <Point X="343" Y="276" T="0" Pressure="0"/>
        <Point X="349" Y="276" T="0" Pressure="0"/>
        <Point X="354" Y="276" T="0" Pressure="0"/>
        <Point X="358" Y="276" T="0" Pressure="0"/>
        <Point X="364" Y="276" T="0" Pressure="0"/>
        <Point X="368" Y="276" T="0" Pressure="0"/>
        <Point X="373" Y="276" T="0" Pressure="0"/>
        <Point X="381" Y="276" T="0" Pressure="0"/>
        <Point X="385" Y="276" T="0" Pressure="0"/>
        <Point X="388" Y="276" T="0" Pressure="0"/>
        <Point X="391" Y="276" T="0" Pressure="0"/>
        <Point X="394" Y="276" T="0" Pressure="0"/>
    </Stroke>
    <Stroke index="3">
        <Point X="383" Y="214" T="0" Pressure="0"/>
        <Point X="382" Y="214" T="0" Pressure="0"/>
        <Point X="382" Y="213" T="0" Pressure="0"/>
        <Point X="381" Y="211" T="0" Pressure="0"/>
        <Point X="381" Y="212" T="0" Pressure="0"/>
        <Point X="381" Y="214" T="0" Pressure="0"/>
        <Point X="382" Y="215" T="0" Pressure="0"/>
        <Point X="383" Y="218" T="0" Pressure="0"/>
        <Point X="383" Y="220" T="0" Pressure="0"/>
        <Point X="383" Y="223" T="0" Pressure="0"/>
        <Point X="383" Y="227" T="0" Pressure="0"/>
        <Point X="383" Y="232" T="0" Pressure="0"/>
        <Point X="383" Y="237" T="0" Pressure="0"/>
        <Point X="383" Y="242" T="0" Pressure="0"/>
        <Point X="383" Y="248" T="0" Pressure="0"/>
        <Point X="382" Y="254" T="0" Pressure="0"/>
        <Point X="381" Y="262" T="0" Pressure="0"/>
        <Point X="381" Y="269" T="0" Pressure="0"/>
        <Point X="380" Y="274" T="0" Pressure="0"/>
        <Point X="380" Y="281" T="0" Pressure="0"/>
        <Point X="379" Y="293" T="0" Pressure="0"/>
        <Point X="379" Y="300" T="0" Pressure="0"/>
        <Point X="379" Y="305" T="0" Pressure="0"/>
        <Point X="377" Y="316" T="0" Pressure="0"/>
        <Point X="377" Y="320" T="0" Pressure="0"/>
        <Point X="377" Y="324" T="0" Pressure="0"/>
        <Point X="376" Y="328" T="0" Pressure="0"/>
        <Point X="376" Y="331" T="0" Pressure="0"/>
        <Point X="376" Y="333" T="0" Pressure="0"/>
        <Point X="376" Y="335" T="0" Pressure="0"/>
        <Point X="376" Y="337" T="0" Pressure="0"/>
        <Point X="376" Y="338" T="0" Pressure="0"/>
        <Point X="376" Y="340" T="0" Pressure="0"/>
        <Point X="376" Y="341" T="0" Pressure="0"/>
        <Point X="376" Y="342" T="0" Pressure="0"/>
        <Point X="376" Y="343" T="0" Pressure="0"/>
        <Point X="376" Y="344" T="0" Pressure="0"/>
    </Stroke>
</Gesture>
