<?xml version="1.0" ?>
<Gesture Name="arrowhead~03" Subject="1" Number="3" NumPts="89" InputType="stylus" Speed="MEDIUM">
    <Stroke index="1">
        <Point X="319" Y="365" T="0" Pressure="0"/>
        <Point X="317" Y="365" T="0" Pressure="0"/>
        <Point X="317" Y="364" T="0" Pressure="0"/>
        <Point X="318" Y="363" T="0" Pressure="0"/>
        <Point X="319" Y="363" T="0" Pressure="0"/>
        <Point X="323" Y="362" T="0" Pressure="0"/>
        <Point X="325" Y="362" T="0" Pressure="0"/>
        <Point X="328" Y="362" T="0" Pressure="0"/>
        <Point X="331" Y="361" T="0" Pressure="0"/>
        <Point X="336" Y="361" T="0" Pressure="0"/>
        <Point X="341" Y="361" T="0" Pressure="0"/>
        <Point X="347" Y="360" T="0" Pressure="0"/>
        <Point X="353" Y="360" T="0" Pressure="0"/>
        <Point X="359" Y="359" T="0" Pressure="0"/>
        <Point X="365" Y="358" T="0" Pressure="0"/>
        <Point X="373" Y="358" T="0" Pressure="0"/>
        <Point X="388" Y="358" T="0" Pressure="0"/>
        <Point X="394" Y="358" T="0" Pressure="0"/>
        <Point X="402" Y="358" T="0" Pressure="0"/>
        <Point X="422" Y="359" T="0" Pressure="0"/>
        <Point X="430" Y="360" T="0" Pressure="0"/>
        <Point X="436" Y="360" T="0" Pressure="0"/>
        <Point X="441" Y="360" T="0" Pressure="0"/>
        <Point X="446" Y="361" T="0" Pressure="0"/>
        <Point X="451" Y="361" T="0" Pressure="0"/>
        <Point X="455" Y="361" T="0" Pressure="0"/>
        <Point X="459" Y="362" T="0" Pressure="0"/>
        <Point X="463" Y="362" T="0" Pressure="0"/>
        <Point X="466" Y="362" T="0" Pressure="0"/>
        <Point X="468" Y="362" T="0" Pressure="0"/>
        <Point X="470" Y="362" T="0" Pressure="0"/>
        <Point X="471" Y="362" T="0" Pressure="0"/>
        <Point X="472" Y="363" T="0" Pressure="0"/>
        <Point X="473" Y="363" T="0" Pressure="0"/>
        <Point X="471" Y="363" T="0" Pressure="0"/>
        <Point X="471" Y="362" T="0" Pressure="0"/>
    </Stroke>
    <Stroke index="2">
        <Point X="464" Y="335" T="0" Pressure="0"/>
        <Point X="463" Y="333" T="0" Pressure="0"/>
        <Point X="462" Y="332" T="0" Pressure="0"/>
        <Point X="461" Y="332" T="0" Pressure="0"/>
        <Point X="460" Y="332" T="0" Pressure="0"/>
        <Point X="459" Y="331" T="0" Pressure="0"/>
        <Point X="458" Y="331" T="0" Pressure="0"/>
        <Point X="456" Y="331" T="0" Pressure="0"/>
        <Point X="456" Y="332" T="0" Pressure="0"/>
        <Point X="455" Y="332" T="0" Pressure="0"/>
        <Point X="454" Y="333" T="0" Pressure="0"/>
        <Point X="454" Y="335" T="0" Pressure="0"/>
        <Point X="454" Y="336" T="0" Pressure="0"/>
        <Point X="455" Y="337" T="0" Pressure="0"/>
        <Point X="455" Y="338" T="0" Pressure="0"/>
        <Point X="456" Y="339" T="0" Pressure="0"/>
        <Point X="457" Y="340" T="0" Pressure="0"/>
        <Point X="459" Y="342" T="0" Pressure="0"/>
        <Point X="460" Y="343" T="0" Pressure="0"/>
        <Point X="463" Y="344" T="0" Pressure="0"/>
        <Point X="464" Y="345" T="0" Pressure="0"/>
        <Point X="470" Y="349" T="0" Pressure="0"/>
        <Point X="472" Y="351" T="0" Pressure="0"/>
        <Point X="475" Y="352" T="0" Pressure="0"/>
        <Point X="478" Y="354" T="0" Pressure="0"/>
        <Point X="481" Y="356" T="0" Pressure="0"/>
        <Point X="483" Y="357" T="0" Pressure="0"/>
        <Point X="486" Y="360" T="0" Pressure="0"/>
        <Point X="489" Y="361" T="0" Pressure="0"/>
        <Point X="491" Y="363" T="0" Pressure="0"/>
        <Point X="493" Y="365" T="0" Pressure="0"/>
        <Point X="493" Y="366" T="0" Pressure="0"/>
        <Point X="494" Y="367" T="0" Pressure="0"/>
        <Point X="494" Y="368" T="0" Pressure="0"/>
        <Point X="494" Y="371" T="0" Pressure="0"/>
        <Point X="494" Y="372" T="0" Pressure="0"/>
        <Point X="493" Y="372" T="0" Pressure="0"/>
        <Point X="491" Y="373" T="0" Pressure="0"/>
        <Point X="486" Y="375" T="0" Pressure="0"/>
        <Point X="483" Y="376" T="0" Pressure="0"/>
        <Point X="481" Y="377" T="0" Pressure="0"/>
        <Point X="478" Y="377" T="0" Pressure="0"/>
        <Point X="475" Y="378" T="0" Pressure="0"/>
        <Point X="473" Y="379" T="0" Pressure="0"/>
        <Point X="469" Y="380" T="0" Pressure="0"/>
        <Point X="467" Y="381" T="0" Pressure="0"/>
        <Point X="464" Y="382" T="0" Pressure="0"/>
        <Point X="459" Y="384" T="0" Pressure="0"/>
        <Point X="458" Y="385" T="0" Pressure="0"/>
        <Point X="456" Y="387" T="0" Pressure="0"/>
        <Point X="456" Y="388" T="0" Pressure="0"/>
        <Point X="456" Y="389" T="0" Pressure="0"/>
        <Point X="456" Y="391" T="0" Pressure="0"/>
    </Stroke>
</Gesture>
