<?xml version="1.0" ?>
<Gesture Name="D~02" Subject="1" Number="2" NumPts="79" InputType="stylus" Speed="MEDIUM">
    <Stroke index="1">
        <Point X="384" Y="288" T="0" Pressure="0"/>
        <Point X="383" Y="288" T="0" Pressure="0"/>
        <Point X="383" Y="289" T="0" Pressure="0"/>
        <Point X="383" Y="290" T="0" Pressure="0"/>
        <Point X="383" Y="291" T="0" Pressure="0"/>
        <Point X="383" Y="296" T="0" Pressure="0"/>
        <Point X="383" Y="299" T="0" Pressure="0"/>
        <Point X="384" Y="308" T="0" Pressure="0"/>
        <Point X="384" Y="313" T="0" Pressure="0"/>
        <Point X="384" Y="318" T="0" Pressure="0"/>
        <Point X="384" Y="328" T="0" Pressure="0"/>
        <Point X="384" Y="335" T="0" Pressure="0"/>
        <Point X="384" Y="341" T="0" Pressure="0"/>
        <Point X="384" Y="346" T="0" Pressure="0"/>
        <Point X="384" Y="351" T="0" Pressure="0"/>
        <Point X="384" Y="356" T="0" Pressure="0"/>
        <Point X="383" Y="360" T="0" Pressure="0"/>
        <Point X="383" Y="364" T="0" Pressure="0"/>
        <Point X="383" Y="368" T="0" Pressure="0"/>
        <Point X="383" Y="370" T="0" Pressure="0"/>
        <Point X="383" Y="372" T="0" Pressure="0"/>
        <Point X="384" Y="374" T="0" Pressure="0"/>
        <Point X="384" Y="376" T="0" Pressure="0"/>
        <Point X="384" Y="377" T="0" Pressure="0"/>
        <Point X="384" Y="378" T="0" Pressure="0"/>
        <Point X="385" Y="378" T="0" Pressure="0"/>
        <Point X="385" Y="377" T="0" Pressure="0"/>
    </Stroke>
    <Stroke index="2">
        <Point X="375" Y="289" T="0" Pressure="0"/>
        <Point X="376" Y="288" T="0" Pressure="0"/>
        <Point X="376" Y="287" T="0" Pressure="0"/>
        <Point X="377" Y="286" T="0" Pressure="0"/>
        <Point X="379" Y="284" T="0" Pressure="0"/>
        <Point X="380" Y="284" T="0" Pressure="0"/>
        <Point X="382" Y="283" T="0" Pressure="0"/>
        <Point X="384" Y="283" T="0" Pressure="0"/>
        <Point X="388" Y="283" T="0" Pressure="0"/>
        <Point X="391" Y="283" T="0" Pressure="0"/>
        <Point X="394" Y="283" T="0" Pressure="0"/>
        <Point X="398" Y="283" T="0" Pressure="0"/>
        <Point X="401" Y="283" T="0" Pressure="0"/>
        <Point X="406" Y="283" T="0" Pressure="0"/>
        <Point X="413" Y="283" T="0" Pressure="0"/>
        <Point X="416" Y="284" T="0" Pressure="0"/>
        <Point X="420" Y="285" T="0" Pressure="0"/>
        <Point X="427" Y="288" T="0" Pressure="0"/>
        <Point X="429" Y="290" T="0" Pressure="0"/>
        <Point X="432" Y="293" T="0" Pressure="0"/>
        <Point X="436" Y="299" T="0" Pressure="0"/>
        <Point X="437" Y="303" T="0" Pressure="0"/>
        <Point X="437" Y="308" T="0" Pressure="0"/>
        <Point X="437" Y="318" T="0" Pressure="0"/>
        <Point X="437" Y="322" T="0" Pressure="0"/>
        <Point X="437" Y="327" T="0" Pressure="0"/>
        <Point X="436" Y="338" T="0" Pressure="0"/>
        <Point X="435" Y="342" T="0" Pressure="0"/>
        <Point X="434" Y="345" T="0" Pressure="0"/>
        <Point X="432" Y="353" T="0" Pressure="0"/>
        <Point X="430" Y="357" T="0" Pressure="0"/>
        <Point X="429" Y="360" T="0" Pressure="0"/>
        <Point X="425" Y="364" T="0" Pressure="0"/>
        <Point X="422" Y="367" T="0" Pressure="0"/>
        <Point X="421" Y="368" T="0" Pressure="0"/>
        <Point X="414" Y="371" T="0" Pressure="0"/>
        <Point X="412" Y="372" T="0" Pressure="0"/>
        <Point X="409" Y="373" T="0" Pressure="0"/>
        <Point X="403" Y="373" T="0" Pressure="0"/>
        <Point X="399" Y="373" T="0" Pressure="0"/>
        <Point X="395" Y="373" T="0" Pressure="0"/>
        <Point X="389" Y="373" T="0" Pressure="0"/>
        <Point X="387" Y="373" T="0" Pressure="0"/>
        <Point X="384" Y="372" T="0" Pressure="0"/>
        <Point X="382" Y="372" T="0" Pressure="0"/>
        <Point X="380" Y="371" T="0" Pressure="0"/>
        <Point X="377" Y="370" T="0" Pressure="0"/>
        <Point X="376" Y="370" T="0" Pressure="0"/>
        <Point X="375" Y="370" T="0" Pressure="0"/>
        <Point X="373" Y="370" T="0" Pressure="0"/>
        <Point X="373" Y="369" T="0" Pressure="0"/>
        <Point X="372" Y="369" T="0" Pressure="0"/>
    </Stroke>
</Gesture>
