<?xml version="1.0" ?>
<Gesture Name="six_point_star~04" Subject="1" Number="4" NumPts="250" InputType="stylus" Speed="MEDIUM">
    <Stroke index="1">
        <Point X="323" Y="340" T="0" Pressure="0"/>
        <Point X="323" Y="339" T="0" Pressure="0"/>
        <Point X="324" Y="338" T="0" Pressure="0"/>
        <Point X="324" Y="337" T="0" Pressure="0"/>
        <Point X="325" Y="336" T="0" Pressure="0"/>
        <Point X="326" Y="334" T="0" Pressure="0"/>
        <Point X="327" Y="332" T="0" Pressure="0"/>
        <Point X="328" Y="330" T="0" Pressure="0"/>
        <Point X="330" Y="327" T="0" Pressure="0"/>
        <Point X="331" Y="325" T="0" Pressure="0"/>
        <Point X="332" Y="322" T="0" Pressure="0"/>
        <Point X="334" Y="318" T="0" Pressure="0"/>
        <Point X="336" Y="315" T="0" Pressure="0"/>
        <Point X="339" Y="311" T="0" Pressure="0"/>
        <Point X="341" Y="306" T="0" Pressure="0"/>
        <Point X="343" Y="301" T="0" Pressure="0"/>
        <Point X="346" Y="296" T="0" Pressure="0"/>
        <Point X="348" Y="292" T="0" Pressure="0"/>
        <Point X="353" Y="281" T="0" Pressure="0"/>
        <Point X="355" Y="274" T="0" Pressure="0"/>
        <Point X="358" Y="269" T="0" Pressure="0"/>
        <Point X="360" Y="262" T="0" Pressure="0"/>
        <Point X="362" Y="256" T="0" Pressure="0"/>
        <Point X="365" Y="249" T="0" Pressure="0"/>
        <Point X="371" Y="236" T="0" Pressure="0"/>
        <Point X="373" Y="231" T="0" Pressure="0"/>
        <Point X="376" Y="226" T="0" Pressure="0"/>
        <Point X="381" Y="214" T="0" Pressure="0"/>
        <Point X="383" Y="211" T="0" Pressure="0"/>
        <Point X="384" Y="209" T="0" Pressure="0"/>
        <Point X="385" Y="208" T="0" Pressure="0"/>
        <Point X="386" Y="207" T="0" Pressure="0"/>
        <Point X="387" Y="207" T="0" Pressure="0"/>
        <Point X="388" Y="207" T="0" Pressure="0"/>
        <Point X="389" Y="207" T="0" Pressure="0"/>
        <Point X="390" Y="207" T="0" Pressure="0"/>
        <Point X="391" Y="207" T="0" Pressure="0"/>
        <Point X="392" Y="208" T="0" Pressure="0"/>
        <Point X="395" Y="209" T="0" Pressure="0"/>
        <Point X="396" Y="211" T="0" Pressure="0"/>
        <Point X="398" Y="212" T="0" Pressure="0"/>
        <Point X="399" Y="214" T="0" Pressure="0"/>
        <Point X="401" Y="217" T="0" Pressure="0"/>
        <Point X="405" Y="222" T="0" Pressure="0"/>
        <Point X="407" Y="226" T="0" Pressure="0"/>
        <Point X="409" Y="229" T="0" Pressure="0"/>
        <Point X="411" Y="233" T="0" Pressure="0"/>
        <Point X="413" Y="237" T="0" Pressure="0"/>
        <Point X="415" Y="242" T="0" Pressure="0"/>
        <Point X="418" Y="246" T="0" Pressure="0"/>
        <Point X="419" Y="251" T="0" Pressure="0"/>
        <Point X="421" Y="256" T="0" Pressure="0"/>
        <Point X="423" Y="261" T="0" Pressure="0"/>
        <Point X="425" Y="266" T="0" Pressure="0"/>
        <Point X="426" Y="271" T="0" Pressure="0"/>
        <Point X="428" Y="276" T="0" Pressure="0"/>
        <Point X="429" Y="280" T="0" Pressure="0"/>
        <Point X="431" Y="284" T="0" Pressure="0"/>
        <Point X="432" Y="289" T="0" Pressure="0"/>
        <Point X="433" Y="293" T="0" Pressure="0"/>
        <Point X="436" Y="298" T="0" Pressure="0"/>
        <Point X="437" Y="301" T="0" Pressure="0"/>
        <Point X="437" Y="305" T="0" Pressure="0"/>
        <Point X="439" Y="308" T="0" Pressure="0"/>
        <Point X="440" Y="311" T="0" Pressure="0"/>
        <Point X="441" Y="314" T="0" Pressure="0"/>
        <Point X="442" Y="316" T="0" Pressure="0"/>
        <Point X="443" Y="318" T="0" Pressure="0"/>
        <Point X="444" Y="320" T="0" Pressure="0"/>
        <Point X="445" Y="324" T="0" Pressure="0"/>
        <Point X="446" Y="326" T="0" Pressure="0"/>
        <Point X="447" Y="329" T="0" Pressure="0"/>
        <Point X="447" Y="331" T="0" Pressure="0"/>
        <Point X="448" Y="332" T="0" Pressure="0"/>
        <Point X="448" Y="334" T="0" Pressure="0"/>
        <Point X="448" Y="335" T="0" Pressure="0"/>
        <Point X="448" Y="336" T="0" Pressure="0"/>
        <Point X="448" Y="337" T="0" Pressure="0"/>
        <Point X="448" Y="338" T="0" Pressure="0"/>
        <Point X="448" Y="339" T="0" Pressure="0"/>
        <Point X="447" Y="339" T="0" Pressure="0"/>
        <Point X="446" Y="339" T="0" Pressure="0"/>
        <Point X="445" Y="339" T="0" Pressure="0"/>
        <Point X="444" Y="340" T="0" Pressure="0"/>
        <Point X="442" Y="340" T="0" Pressure="0"/>
        <Point X="439" Y="341" T="0" Pressure="0"/>
        <Point X="437" Y="341" T="0" Pressure="0"/>
        <Point X="435" Y="341" T="0" Pressure="0"/>
        <Point X="433" Y="341" T="0" Pressure="0"/>
        <Point X="430" Y="341" T="0" Pressure="0"/>
        <Point X="428" Y="341" T="0" Pressure="0"/>
        <Point X="425" Y="341" T="0" Pressure="0"/>
        <Point X="422" Y="341" T="0" Pressure="0"/>
        <Point X="418" Y="341" T="0" Pressure="0"/>
        <Point X="414" Y="341" T="0" Pressure="0"/>
        <Point X="410" Y="341" T="0" Pressure="0"/>
        <Point X="401" Y="341" T="0" Pressure="0"/>
        <Point X="396" Y="341" T="0" Pressure="0"/>
        <Point X="391" Y="341" T="0" Pressure="0"/>
        <Point X="387" Y="341" T="0" Pressure="0"/>
        <Point X="381" Y="341" T="0" Pressure="0"/>
        <Point X="376" Y="341" T="0" Pressure="0"/>
        <Point X="372" Y="341" T="0" Pressure="0"/>
        <Point X="368" Y="341" T="0" Pressure="0"/>
        <Point X="364" Y="341" T="0" Pressure="0"/>
        <Point X="360" Y="341" T="0" Pressure="0"/>
        <Point X="355" Y="341" T="0" Pressure="0"/>
        <Point X="352" Y="341" T="0" Pressure="0"/>
        <Point X="349" Y="342" T="0" Pressure="0"/>
        <Point X="346" Y="342" T="0" Pressure="0"/>
        <Point X="344" Y="343" T="0" Pressure="0"/>
        <Point X="342" Y="343" T="0" Pressure="0"/>
        <Point X="339" Y="343" T="0" Pressure="0"/>
        <Point X="338" Y="344" T="0" Pressure="0"/>
        <Point X="336" Y="345" T="0" Pressure="0"/>
        <Point X="334" Y="346" T="0" Pressure="0"/>
        <Point X="333" Y="347" T="0" Pressure="0"/>
        <Point X="331" Y="348" T="0" Pressure="0"/>
        <Point X="330" Y="349" T="0" Pressure="0"/>
        <Point X="330" Y="350" T="0" Pressure="0"/>
        <Point X="330" Y="351" T="0" Pressure="0"/>
        <Point X="330" Y="352" T="0" Pressure="0"/>
    </Stroke>
    <Stroke index="2">
        <Point X="319" Y="255" T="0" Pressure="0"/>
        <Point X="317" Y="253" T="0" Pressure="0"/>
        <Point X="316" Y="253" T="0" Pressure="0"/>
        <Point X="316" Y="252" T="0" Pressure="0"/>
        <Point X="316" Y="253" T="0" Pressure="0"/>
        <Point X="317" Y="254" T="0" Pressure="0"/>
        <Point X="318" Y="255" T="0" Pressure="0"/>
        <Point X="319" Y="257" T="0" Pressure="0"/>
        <Point X="320" Y="258" T="0" Pressure="0"/>
        <Point X="320" Y="260" T="0" Pressure="0"/>
        <Point X="321" Y="262" T="0" Pressure="0"/>
        <Point X="324" Y="267" T="0" Pressure="0"/>
        <Point X="325" Y="270" T="0" Pressure="0"/>
        <Point X="327" Y="274" T="0" Pressure="0"/>
        <Point X="331" Y="284" T="0" Pressure="0"/>
        <Point X="334" Y="290" T="0" Pressure="0"/>
        <Point X="337" Y="295" T="0" Pressure="0"/>
        <Point X="342" Y="307" T="0" Pressure="0"/>
        <Point X="345" Y="314" T="0" Pressure="0"/>
        <Point X="347" Y="319" T="0" Pressure="0"/>
        <Point X="350" Y="324" T="0" Pressure="0"/>
        <Point X="352" Y="331" T="0" Pressure="0"/>
        <Point X="354" Y="337" T="0" Pressure="0"/>
        <Point X="357" Y="343" T="0" Pressure="0"/>
        <Point X="359" Y="348" T="0" Pressure="0"/>
        <Point X="361" Y="353" T="0" Pressure="0"/>
        <Point X="363" Y="358" T="0" Pressure="0"/>
        <Point X="365" Y="364" T="0" Pressure="0"/>
        <Point X="368" Y="368" T="0" Pressure="0"/>
        <Point X="369" Y="371" T="0" Pressure="0"/>
        <Point X="372" Y="376" T="0" Pressure="0"/>
        <Point X="373" Y="379" T="0" Pressure="0"/>
        <Point X="375" Y="382" T="0" Pressure="0"/>
        <Point X="376" Y="385" T="0" Pressure="0"/>
        <Point X="379" Y="388" T="0" Pressure="0"/>
        <Point X="380" Y="390" T="0" Pressure="0"/>
        <Point X="381" Y="392" T="0" Pressure="0"/>
        <Point X="383" Y="393" T="0" Pressure="0"/>
        <Point X="384" Y="393" T="0" Pressure="0"/>
        <Point X="384" Y="394" T="0" Pressure="0"/>
        <Point X="385" Y="394" T="0" Pressure="0"/>
        <Point X="386" Y="394" T="0" Pressure="0"/>
        <Point X="387" Y="394" T="0" Pressure="0"/>
        <Point X="388" Y="394" T="0" Pressure="0"/>
        <Point X="388" Y="393" T="0" Pressure="0"/>
        <Point X="388" Y="392" T="0" Pressure="0"/>
        <Point X="389" Y="391" T="0" Pressure="0"/>
        <Point X="391" Y="389" T="0" Pressure="0"/>
        <Point X="391" Y="387" T="0" Pressure="0"/>
        <Point X="392" Y="385" T="0" Pressure="0"/>
        <Point X="393" Y="382" T="0" Pressure="0"/>
        <Point X="394" Y="378" T="0" Pressure="0"/>
        <Point X="395" Y="376" T="0" Pressure="0"/>
        <Point X="397" Y="371" T="0" Pressure="0"/>
        <Point X="399" Y="367" T="0" Pressure="0"/>
        <Point X="400" Y="363" T="0" Pressure="0"/>
        <Point X="402" Y="358" T="0" Pressure="0"/>
        <Point X="404" Y="353" T="0" Pressure="0"/>
        <Point X="406" Y="348" T="0" Pressure="0"/>
        <Point X="409" Y="342" T="0" Pressure="0"/>
        <Point X="411" Y="336" T="0" Pressure="0"/>
        <Point X="421" Y="317" T="0" Pressure="0"/>
        <Point X="424" Y="311" T="0" Pressure="0"/>
        <Point X="427" Y="304" T="0" Pressure="0"/>
        <Point X="429" Y="299" T="0" Pressure="0"/>
        <Point X="433" Y="294" T="0" Pressure="0"/>
        <Point X="435" Y="290" T="0" Pressure="0"/>
        <Point X="437" Y="286" T="0" Pressure="0"/>
        <Point X="440" Y="283" T="0" Pressure="0"/>
        <Point X="441" Y="279" T="0" Pressure="0"/>
        <Point X="443" Y="277" T="0" Pressure="0"/>
        <Point X="444" Y="275" T="0" Pressure="0"/>
        <Point X="447" Y="273" T="0" Pressure="0"/>
        <Point X="448" Y="271" T="0" Pressure="0"/>
        <Point X="453" Y="267" T="0" Pressure="0"/>
        <Point X="455" Y="266" T="0" Pressure="0"/>
        <Point X="458" Y="263" T="0" Pressure="0"/>
        <Point X="459" Y="262" T="0" Pressure="0"/>
        <Point X="460" Y="261" T="0" Pressure="0"/>
        <Point X="461" Y="259" T="0" Pressure="0"/>
        <Point X="462" Y="259" T="0" Pressure="0"/>
        <Point X="462" Y="258" T="0" Pressure="0"/>
        <Point X="463" Y="258" T="0" Pressure="0"/>
        <Point X="462" Y="258" T="0" Pressure="0"/>
        <Point X="462" Y="257" T="0" Pressure="0"/>
        <Point X="461" Y="257" T="0" Pressure="0"/>
        <Point X="460" Y="256" T="0" Pressure="0"/>
        <Point X="459" Y="256" T="0" Pressure="0"/>
        <Point X="458" Y="255" T="0" Pressure="0"/>
        <Point X="456" Y="254" T="0" Pressure="0"/>
        <Point X="455" Y="254" T="0" Pressure="0"/>
        <Point X="453" Y="253" T="0" Pressure="0"/>
        <Point X="452" Y="253" T="0" Pressure="0"/>
        <Point X="451" Y="252" T="0" Pressure="0"/>
        <Point X="448" Y="252" T="0" Pressure="0"/>
        <Point X="446" Y="251" T="0" Pressure="0"/>
        <Point X="444" Y="251" T="0" Pressure="0"/>
        <Point X="441" Y="251" T="0" Pressure="0"/>
        <Point X="431" Y="249" T="0" Pressure="0"/>
        <Point X="426" Y="248" T="0" Pressure="0"/>
        <Point X="417" Y="247" T="0" Pressure="0"/>
        <Point X="411" Y="247" T="0" Pressure="0"/>
        <Point X="406" Y="246" T="0" Pressure="0"/>
        <Point X="400" Y="246" T="0" Pressure="0"/>
        <Point X="395" Y="246" T="0" Pressure="0"/>
        <Point X="388" Y="246" T="0" Pressure="0"/>
        <Point X="383" Y="246" T="0" Pressure="0"/>
        <Point X="377" Y="246" T="0" Pressure="0"/>
        <Point X="365" Y="247" T="0" Pressure="0"/>
        <Point X="360" Y="248" T="0" Pressure="0"/>
        <Point X="354" Y="248" T="0" Pressure="0"/>
        <Point X="349" Y="249" T="0" Pressure="0"/>
        <Point X="345" Y="250" T="0" Pressure="0"/>
        <Point X="341" Y="251" T="0" Pressure="0"/>
        <Point X="337" Y="251" T="0" Pressure="0"/>
        <Point X="333" Y="252" T="0" Pressure="0"/>
        <Point X="329" Y="253" T="0" Pressure="0"/>
        <Point X="326" Y="254" T="0" Pressure="0"/>
        <Point X="324" Y="254" T="0" Pressure="0"/>
        <Point X="321" Y="255" T="0" Pressure="0"/>
        <Point X="319" Y="256" T="0" Pressure="0"/>
        <Point X="317" Y="256" T="0" Pressure="0"/>
        <Point X="316" Y="257" T="0" Pressure="0"/>
        <Point X="315" Y="257" T="0" Pressure="0"/>
        <Point X="314" Y="257" T="0" Pressure="0"/>
        <Point X="313" Y="258" T="0" Pressure="0"/>
        <Point X="314" Y="258" T="0" Pressure="0"/>
        <Point X="315" Y="258" T="0" Pressure="0"/>
    </Stroke>
</Gesture>
