<?xml version="1.0" ?>
<Gesture Name="asterisk~02" Subject="1" Number="2" NumPts="107" InputType="stylus" Speed="MEDIUM">
    <Stroke index="1">
        <Point X="391" Y="236" T="0" Pressure="0"/>
        <Point X="391" Y="234" T="0" Pressure="0"/>
        <Point X="391" Y="233" T="0" Pressure="0"/>
        <Point X="391" Y="232" T="0" Pressure="0"/>
        <Point X="391" Y="233" T="0" Pressure="0"/>
        <Point X="392" Y="233" T="0" Pressure="0"/>
        <Point X="392" Y="235" T="0" Pressure="0"/>
        <Point X="392" Y="239" T="0" Pressure="0"/>
        <Point X="393" Y="241" T="0" Pressure="0"/>
        <Point X="393" Y="244" T="0" Pressure="0"/>
        <Point X="394" Y="246" T="0" Pressure="0"/>
        <Point X="394" Y="249" T="0" Pressure="0"/>
        <Point X="394" Y="253" T="0" Pressure="0"/>
        <Point X="394" Y="262" T="0" Pressure="0"/>
        <Point X="394" Y="267" T="0" Pressure="0"/>
        <Point X="394" Y="272" T="0" Pressure="0"/>
        <Point X="393" Y="284" T="0" Pressure="0"/>
        <Point X="393" Y="291" T="0" Pressure="0"/>
        <Point X="392" Y="302" T="0" Pressure="0"/>
        <Point X="391" Y="307" T="0" Pressure="0"/>
        <Point X="391" Y="313" T="0" Pressure="0"/>
        <Point X="390" Y="321" T="0" Pressure="0"/>
        <Point X="389" Y="325" T="0" Pressure="0"/>
        <Point X="389" Y="328" T="0" Pressure="0"/>
        <Point X="388" Y="335" T="0" Pressure="0"/>
        <Point X="388" Y="337" T="0" Pressure="0"/>
        <Point X="388" Y="339" T="0" Pressure="0"/>
        <Point X="388" Y="340" T="0" Pressure="0"/>
        <Point X="388" Y="344" T="0" Pressure="0"/>
        <Point X="387" Y="344" T="0" Pressure="0"/>
        <Point X="387" Y="345" T="0" Pressure="0"/>
        <Point X="386" Y="345" T="0" Pressure="0"/>
        <Point X="385" Y="345" T="0" Pressure="0"/>
    </Stroke>
    <Stroke index="2">
        <Point X="350" Y="257" T="0" Pressure="0"/>
        <Point X="349" Y="256" T="0" Pressure="0"/>
        <Point X="349" Y="255" T="0" Pressure="0"/>
        <Point X="349" Y="254" T="0" Pressure="0"/>
        <Point X="350" Y="254" T="0" Pressure="0"/>
        <Point X="350" Y="255" T="0" Pressure="0"/>
        <Point X="351" Y="256" T="0" Pressure="0"/>
        <Point X="353" Y="258" T="0" Pressure="0"/>
        <Point X="354" Y="259" T="0" Pressure="0"/>
        <Point X="355" Y="261" T="0" Pressure="0"/>
        <Point X="357" Y="262" T="0" Pressure="0"/>
        <Point X="358" Y="264" T="0" Pressure="0"/>
        <Point X="362" Y="269" T="0" Pressure="0"/>
        <Point X="365" Y="272" T="0" Pressure="0"/>
        <Point X="369" Y="275" T="0" Pressure="0"/>
        <Point X="372" Y="278" T="0" Pressure="0"/>
        <Point X="376" Y="282" T="0" Pressure="0"/>
        <Point X="380" Y="285" T="0" Pressure="0"/>
        <Point X="385" Y="289" T="0" Pressure="0"/>
        <Point X="399" Y="299" T="0" Pressure="0"/>
        <Point X="403" Y="302" T="0" Pressure="0"/>
        <Point X="408" Y="305" T="0" Pressure="0"/>
        <Point X="412" Y="308" T="0" Pressure="0"/>
        <Point X="416" Y="312" T="0" Pressure="0"/>
        <Point X="419" Y="314" T="0" Pressure="0"/>
        <Point X="422" Y="317" T="0" Pressure="0"/>
        <Point X="425" Y="318" T="0" Pressure="0"/>
        <Point X="427" Y="320" T="0" Pressure="0"/>
        <Point X="433" Y="326" T="0" Pressure="0"/>
        <Point X="433" Y="327" T="0" Pressure="0"/>
        <Point X="434" Y="327" T="0" Pressure="0"/>
        <Point X="436" Y="328" T="0" Pressure="0"/>
        <Point X="437" Y="329" T="0" Pressure="0"/>
        <Point X="437" Y="330" T="0" Pressure="0"/>
        <Point X="437" Y="331" T="0" Pressure="0"/>
        <Point X="438" Y="331" T="0" Pressure="0"/>
    </Stroke>
    <Stroke index="3">
        <Point X="424" Y="253" T="0" Pressure="0"/>
        <Point X="422" Y="251" T="0" Pressure="0"/>
        <Point X="422" Y="248" T="0" Pressure="0"/>
        <Point X="422" Y="247" T="0" Pressure="0"/>
        <Point X="421" Y="246" T="0" Pressure="0"/>
        <Point X="420" Y="246" T="0" Pressure="0"/>
        <Point X="419" Y="246" T="0" Pressure="0"/>
        <Point X="418" Y="247" T="0" Pressure="0"/>
        <Point X="416" Y="251" T="0" Pressure="0"/>
        <Point X="415" Y="252" T="0" Pressure="0"/>
        <Point X="414" Y="254" T="0" Pressure="0"/>
        <Point X="413" Y="257" T="0" Pressure="0"/>
        <Point X="410" Y="262" T="0" Pressure="0"/>
        <Point X="409" Y="265" T="0" Pressure="0"/>
        <Point X="407" Y="269" T="0" Pressure="0"/>
        <Point X="403" Y="276" T="0" Pressure="0"/>
        <Point X="400" Y="281" T="0" Pressure="0"/>
        <Point X="397" Y="286" T="0" Pressure="0"/>
        <Point X="391" Y="296" T="0" Pressure="0"/>
        <Point X="388" Y="301" T="0" Pressure="0"/>
        <Point X="384" Y="306" T="0" Pressure="0"/>
        <Point X="378" Y="315" T="0" Pressure="0"/>
        <Point X="375" Y="318" T="0" Pressure="0"/>
        <Point X="373" Y="322" T="0" Pressure="0"/>
        <Point X="369" Y="325" T="0" Pressure="0"/>
        <Point X="367" Y="327" T="0" Pressure="0"/>
        <Point X="365" Y="331" T="0" Pressure="0"/>
        <Point X="362" Y="332" T="0" Pressure="0"/>
        <Point X="361" Y="334" T="0" Pressure="0"/>
        <Point X="359" Y="335" T="0" Pressure="0"/>
        <Point X="358" Y="336" T="0" Pressure="0"/>
        <Point X="356" Y="337" T="0" Pressure="0"/>
        <Point X="355" Y="338" T="0" Pressure="0"/>
        <Point X="354" Y="338" T="0" Pressure="0"/>
        <Point X="354" Y="339" T="0" Pressure="0"/>
        <Point X="353" Y="339" T="0" Pressure="0"/>
        <Point X="354" Y="339" T="0" Pressure="0"/>
        <Point X="355" Y="340" T="0" Pressure="0"/>
    </Stroke>
</Gesture>
