<?xml version="1.0" ?>
<Gesture Name="I~02" Subject="1" Number="2" NumPts="107" InputType="stylus" Speed="MEDIUM">
    <Stroke index="1">
        <Point X="335" Y="237" T="0" Pressure="0"/>
        <Point X="333" Y="237" T="0" Pressure="0"/>
        <Point X="330" Y="237" T="0" Pressure="0"/>
        <Point X="328" Y="236" T="0" Pressure="0"/>
        <Point X="328" Y="235" T="0" Pressure="0"/>
        <Point X="331" Y="234" T="0" Pressure="0"/>
        <Point X="334" Y="233" T="0" Pressure="0"/>
        <Point X="339" Y="232" T="0" Pressure="0"/>
        <Point X="343" Y="231" T="0" Pressure="0"/>
        <Point X="347" Y="230" T="0" Pressure="0"/>
        <Point X="352" Y="229" T="0" Pressure="0"/>
        <Point X="358" Y="227" T="0" Pressure="0"/>
        <Point X="365" Y="226" T="0" Pressure="0"/>
        <Point X="373" Y="223" T="0" Pressure="0"/>
        <Point X="382" Y="221" T="0" Pressure="0"/>
        <Point X="391" Y="219" T="0" Pressure="0"/>
        <Point X="399" Y="218" T="0" Pressure="0"/>
        <Point X="409" Y="216" T="0" Pressure="0"/>
        <Point X="425" Y="213" T="0" Pressure="0"/>
        <Point X="432" Y="213" T="0" Pressure="0"/>
        <Point X="438" Y="212" T="0" Pressure="0"/>
        <Point X="444" Y="212" T="0" Pressure="0"/>
        <Point X="449" Y="212" T="0" Pressure="0"/>
        <Point X="454" Y="211" T="0" Pressure="0"/>
        <Point X="459" Y="211" T="0" Pressure="0"/>
        <Point X="462" Y="211" T="0" Pressure="0"/>
        <Point X="464" Y="211" T="0" Pressure="0"/>
        <Point X="467" Y="211" T="0" Pressure="0"/>
        <Point X="468" Y="211" T="0" Pressure="0"/>
        <Point X="468" Y="212" T="0" Pressure="0"/>
        <Point X="467" Y="213" T="0" Pressure="0"/>
    </Stroke>
    <Stroke index="2">
        <Point X="405" Y="231" T="0" Pressure="0"/>
        <Point X="406" Y="233" T="0" Pressure="0"/>
        <Point X="406" Y="235" T="0" Pressure="0"/>
        <Point X="406" Y="238" T="0" Pressure="0"/>
        <Point X="406" Y="241" T="0" Pressure="0"/>
        <Point X="405" Y="250" T="0" Pressure="0"/>
        <Point X="404" Y="255" T="0" Pressure="0"/>
        <Point X="403" Y="261" T="0" Pressure="0"/>
        <Point X="403" Y="267" T="0" Pressure="0"/>
        <Point X="402" Y="272" T="0" Pressure="0"/>
        <Point X="402" Y="279" T="0" Pressure="0"/>
        <Point X="400" Y="285" T="0" Pressure="0"/>
        <Point X="399" Y="291" T="0" Pressure="0"/>
        <Point X="399" Y="296" T="0" Pressure="0"/>
        <Point X="398" Y="302" T="0" Pressure="0"/>
        <Point X="398" Y="307" T="0" Pressure="0"/>
        <Point X="397" Y="313" T="0" Pressure="0"/>
        <Point X="396" Y="317" T="0" Pressure="0"/>
        <Point X="396" Y="321" T="0" Pressure="0"/>
        <Point X="396" Y="324" T="0" Pressure="0"/>
        <Point X="396" Y="327" T="0" Pressure="0"/>
        <Point X="396" Y="330" T="0" Pressure="0"/>
        <Point X="396" Y="332" T="0" Pressure="0"/>
        <Point X="397" Y="334" T="0" Pressure="0"/>
        <Point X="397" Y="335" T="0" Pressure="0"/>
        <Point X="398" Y="336" T="0" Pressure="0"/>
        <Point X="398" Y="337" T="0" Pressure="0"/>
        <Point X="398" Y="338" T="0" Pressure="0"/>
        <Point X="398" Y="339" T="0" Pressure="0"/>
        <Point X="398" Y="340" T="0" Pressure="0"/>
        <Point X="398" Y="341" T="0" Pressure="0"/>
        <Point X="398" Y="342" T="0" Pressure="0"/>
        <Point X="397" Y="343" T="0" Pressure="0"/>
        <Point X="396" Y="343" T="0" Pressure="0"/>
    </Stroke>
    <Stroke index="3">
        <Point X="340" Y="387" T="0" Pressure="0"/>
        <Point X="339" Y="387" T="0" Pressure="0"/>
        <Point X="338" Y="386" T="0" Pressure="0"/>
        <Point X="336" Y="385" T="0" Pressure="0"/>
        <Point X="336" Y="384" T="0" Pressure="0"/>
        <Point X="336" Y="383" T="0" Pressure="0"/>
        <Point X="336" Y="382" T="0" Pressure="0"/>
        <Point X="337" Y="381" T="0" Pressure="0"/>
        <Point X="339" Y="381" T="0" Pressure="0"/>
        <Point X="340" Y="380" T="0" Pressure="0"/>
        <Point X="343" Y="380" T="0" Pressure="0"/>
        <Point X="346" Y="378" T="0" Pressure="0"/>
        <Point X="350" Y="377" T="0" Pressure="0"/>
        <Point X="354" Y="376" T="0" Pressure="0"/>
        <Point X="359" Y="375" T="0" Pressure="0"/>
        <Point X="365" Y="373" T="0" Pressure="0"/>
        <Point X="373" Y="371" T="0" Pressure="0"/>
        <Point X="380" Y="369" T="0" Pressure="0"/>
        <Point X="388" Y="367" T="0" Pressure="0"/>
        <Point X="398" Y="365" T="0" Pressure="0"/>
        <Point X="405" Y="363" T="0" Pressure="0"/>
        <Point X="412" Y="362" T="0" Pressure="0"/>
        <Point X="419" Y="361" T="0" Pressure="0"/>
        <Point X="426" Y="360" T="0" Pressure="0"/>
        <Point X="432" Y="358" T="0" Pressure="0"/>
        <Point X="444" Y="357" T="0" Pressure="0"/>
        <Point X="455" Y="355" T="0" Pressure="0"/>
        <Point X="459" Y="353" T="0" Pressure="0"/>
        <Point X="463" Y="353" T="0" Pressure="0"/>
        <Point X="468" Y="352" T="0" Pressure="0"/>
        <Point X="471" Y="351" T="0" Pressure="0"/>
        <Point X="474" Y="351" T="0" Pressure="0"/>
        <Point X="477" Y="351" T="0" Pressure="0"/>
        <Point X="479" Y="351" T="0" Pressure="0"/>
        <Point X="481" Y="351" T="0" Pressure="0"/>
        <Point X="482" Y="351" T="0" Pressure="0"/>
        <Point X="482" Y="352" T="0" Pressure="0"/>
        <Point X="480" Y="352" T="0" Pressure="0"/>
        <Point X="478" Y="353" T="0" Pressure="0"/>
        <Point X="477" Y="354" T="0" Pressure="0"/>
        <Point X="475" Y="355" T="0" Pressure="0"/>
        <Point X="473" Y="356" T="0" Pressure="0"/>
    </Stroke>
</Gesture>
