<?xml version="1.0" ?>
<Gesture Name="exclamation_point~06" Subject="1" Number="6" NumPts="27" InputType="stylus" Speed="MEDIUM">
    <Stroke index="1">
        <Point X="414" Y="226" T="0" Pressure="0"/>
        <Point X="414" Y="224" T="0" Pressure="0"/>
        <Point X="414" Y="226" T="0" Pressure="0"/>
        <Point X="415" Y="233" T="0" Pressure="0"/>
        <Point X="415" Y="236" T="0" Pressure="0"/>
        <Point X="415" Y="239" T="0" Pressure="0"/>
        <Point X="415" Y="244" T="0" Pressure="0"/>
        <Point X="415" Y="248" T="0" Pressure="0"/>
        <Point X="415" Y="254" T="0" Pressure="0"/>
        <Point X="415" Y="267" T="0" Pressure="0"/>
        <Point X="415" Y="273" T="0" Pressure="0"/>
        <Point X="415" Y="279" T="0" Pressure="0"/>
        <Point X="415" Y="291" T="0" Pressure="0"/>
        <Point X="415" Y="296" T="0" Pressure="0"/>
        <Point X="415" Y="301" T="0" Pressure="0"/>
        <Point X="415" Y="314" T="0" Pressure="0"/>
        <Point X="415" Y="318" T="0" Pressure="0"/>
        <Point X="415" Y="326" T="0" Pressure="0"/>
        <Point X="415" Y="329" T="0" Pressure="0"/>
        <Point X="415" Y="333" T="0" Pressure="0"/>
        <Point X="414" Y="342" T="0" Pressure="0"/>
        <Point X="414" Y="345" T="0" Pressure="0"/>
        <Point X="414" Y="349" T="0" Pressure="0"/>
    </Stroke>
    <Stroke index="2">
        <Point X="415" Y="406" T="0" Pressure="0"/>
        <Point X="414" Y="405" T="0" Pressure="0"/>
        <Point X="414" Y="403" T="0" Pressure="0"/>
        <Point X="414" Y="402" T="0" Pressure="0"/>
    </Stroke>
</Gesture>
