<?xml version="1.0" ?>
<Gesture Name="asterisk~01" Subject="1" Number="1" NumPts="107" InputType="stylus" Speed="MEDIUM">
    <Stroke index="1">
        <Point X="382" Y="207" T="0" Pressure="0"/>
        <Point X="382" Y="205" T="0" Pressure="0"/>
        <Point X="383" Y="202" T="0" Pressure="0"/>
        <Point X="383" Y="201" T="0" Pressure="0"/>
        <Point X="383" Y="199" T="0" Pressure="0"/>
        <Point X="383" Y="198" T="0" Pressure="0"/>
        <Point X="384" Y="197" T="0" Pressure="0"/>
        <Point X="384" Y="198" T="0" Pressure="0"/>
        <Point X="384" Y="199" T="0" Pressure="0"/>
        <Point X="384" Y="200" T="0" Pressure="0"/>
        <Point X="385" Y="201" T="0" Pressure="0"/>
        <Point X="385" Y="204" T="0" Pressure="0"/>
        <Point X="385" Y="207" T="0" Pressure="0"/>
        <Point X="386" Y="211" T="0" Pressure="0"/>
        <Point X="387" Y="220" T="0" Pressure="0"/>
        <Point X="387" Y="224" T="0" Pressure="0"/>
        <Point X="387" Y="228" T="0" Pressure="0"/>
        <Point X="387" Y="234" T="0" Pressure="0"/>
        <Point X="387" Y="247" T="0" Pressure="0"/>
        <Point X="387" Y="255" T="0" Pressure="0"/>
        <Point X="387" Y="263" T="0" Pressure="0"/>
        <Point X="386" Y="270" T="0" Pressure="0"/>
        <Point X="385" Y="279" T="0" Pressure="0"/>
        <Point X="385" Y="285" T="0" Pressure="0"/>
        <Point X="384" Y="292" T="0" Pressure="0"/>
        <Point X="384" Y="297" T="0" Pressure="0"/>
        <Point X="384" Y="302" T="0" Pressure="0"/>
        <Point X="384" Y="317" T="0" Pressure="0"/>
        <Point X="384" Y="320" T="0" Pressure="0"/>
        <Point X="384" Y="323" T="0" Pressure="0"/>
        <Point X="384" Y="326" T="0" Pressure="0"/>
        <Point X="384" Y="328" T="0" Pressure="0"/>
        <Point X="384" Y="330" T="0" Pressure="0"/>
        <Point X="384" Y="332" T="0" Pressure="0"/>
        <Point X="384" Y="333" T="0" Pressure="0"/>
        <Point X="385" Y="334" T="0" Pressure="0"/>
        <Point X="385" Y="335" T="0" Pressure="0"/>
        <Point X="384" Y="335" T="0" Pressure="0"/>
    </Stroke>
    <Stroke index="2">
        <Point X="342" Y="229" T="0" Pressure="0"/>
        <Point X="341" Y="229" T="0" Pressure="0"/>
        <Point X="340" Y="228" T="0" Pressure="0"/>
        <Point X="339" Y="227" T="0" Pressure="0"/>
        <Point X="339" Y="226" T="0" Pressure="0"/>
        <Point X="340" Y="227" T="0" Pressure="0"/>
        <Point X="341" Y="227" T="0" Pressure="0"/>
        <Point X="342" Y="228" T="0" Pressure="0"/>
        <Point X="343" Y="229" T="0" Pressure="0"/>
        <Point X="345" Y="231" T="0" Pressure="0"/>
        <Point X="346" Y="232" T="0" Pressure="0"/>
        <Point X="350" Y="236" T="0" Pressure="0"/>
        <Point X="353" Y="238" T="0" Pressure="0"/>
        <Point X="355" Y="239" T="0" Pressure="0"/>
        <Point X="362" Y="245" T="0" Pressure="0"/>
        <Point X="366" Y="248" T="0" Pressure="0"/>
        <Point X="372" Y="252" T="0" Pressure="0"/>
        <Point X="383" Y="261" T="0" Pressure="0"/>
        <Point X="388" Y="264" T="0" Pressure="0"/>
        <Point X="394" Y="269" T="0" Pressure="0"/>
        <Point X="403" Y="276" T="0" Pressure="0"/>
        <Point X="407" Y="279" T="0" Pressure="0"/>
        <Point X="410" Y="283" T="0" Pressure="0"/>
        <Point X="416" Y="289" T="0" Pressure="0"/>
        <Point X="418" Y="292" T="0" Pressure="0"/>
        <Point X="420" Y="294" T="0" Pressure="0"/>
        <Point X="421" Y="296" T="0" Pressure="0"/>
        <Point X="422" Y="298" T="0" Pressure="0"/>
        <Point X="423" Y="301" T="0" Pressure="0"/>
        <Point X="424" Y="302" T="0" Pressure="0"/>
        <Point X="425" Y="303" T="0" Pressure="0"/>
        <Point X="425" Y="305" T="0" Pressure="0"/>
        <Point X="425" Y="306" T="0" Pressure="0"/>
        <Point X="425" Y="307" T="0" Pressure="0"/>
    </Stroke>
    <Stroke index="3">
        <Point X="418" Y="218" T="0" Pressure="0"/>
        <Point X="417" Y="216" T="0" Pressure="0"/>
        <Point X="417" Y="214" T="0" Pressure="0"/>
        <Point X="415" Y="214" T="0" Pressure="0"/>
        <Point X="414" Y="213" T="0" Pressure="0"/>
        <Point X="413" Y="214" T="0" Pressure="0"/>
        <Point X="412" Y="214" T="0" Pressure="0"/>
        <Point X="411" Y="216" T="0" Pressure="0"/>
        <Point X="408" Y="219" T="0" Pressure="0"/>
        <Point X="407" Y="220" T="0" Pressure="0"/>
        <Point X="404" Y="223" T="0" Pressure="0"/>
        <Point X="400" Y="228" T="0" Pressure="0"/>
        <Point X="398" Y="232" T="0" Pressure="0"/>
        <Point X="395" Y="237" T="0" Pressure="0"/>
        <Point X="389" Y="245" T="0" Pressure="0"/>
        <Point X="386" Y="251" T="0" Pressure="0"/>
        <Point X="383" Y="256" T="0" Pressure="0"/>
        <Point X="379" Y="262" T="0" Pressure="0"/>
        <Point X="374" Y="268" T="0" Pressure="0"/>
        <Point X="371" Y="273" T="0" Pressure="0"/>
        <Point X="368" Y="278" T="0" Pressure="0"/>
        <Point X="364" Y="284" T="0" Pressure="0"/>
        <Point X="361" Y="290" T="0" Pressure="0"/>
        <Point X="358" Y="294" T="0" Pressure="0"/>
        <Point X="354" Y="299" T="0" Pressure="0"/>
        <Point X="349" Y="306" T="0" Pressure="0"/>
        <Point X="346" Y="309" T="0" Pressure="0"/>
        <Point X="344" Y="312" T="0" Pressure="0"/>
        <Point X="339" Y="317" T="0" Pressure="0"/>
        <Point X="338" Y="318" T="0" Pressure="0"/>
        <Point X="336" Y="319" T="0" Pressure="0"/>
        <Point X="334" Y="321" T="0" Pressure="0"/>
        <Point X="333" Y="321" T="0" Pressure="0"/>
        <Point X="332" Y="322" T="0" Pressure="0"/>
        <Point X="331" Y="322" T="0" Pressure="0"/>
    </Stroke>
</Gesture>
