<?xml version="1.0" ?>
<Gesture Name="six_point_star~07" Subject="1" Number="7" NumPts="214" InputType="stylus" Speed="MEDIUM">
    <Stroke index="1">
        <Point X="328" Y="351" T="0" Pressure="0"/>
        <Point X="330" Y="350" T="0" Pressure="0"/>
        <Point X="330" Y="349" T="0" Pressure="0"/>
        <Point X="330" Y="348" T="0" Pressure="0"/>
        <Point X="331" Y="347" T="0" Pressure="0"/>
        <Point X="331" Y="346" T="0" Pressure="0"/>
        <Point X="331" Y="345" T="0" Pressure="0"/>
        <Point X="331" Y="343" T="0" Pressure="0"/>
        <Point X="332" Y="342" T="0" Pressure="0"/>
        <Point X="333" Y="340" T="0" Pressure="0"/>
        <Point X="334" Y="338" T="0" Pressure="0"/>
        <Point X="335" Y="336" T="0" Pressure="0"/>
        <Point X="336" Y="332" T="0" Pressure="0"/>
        <Point X="337" Y="329" T="0" Pressure="0"/>
        <Point X="339" Y="326" T="0" Pressure="0"/>
        <Point X="340" Y="321" T="0" Pressure="0"/>
        <Point X="342" Y="317" T="0" Pressure="0"/>
        <Point X="343" Y="313" T="0" Pressure="0"/>
        <Point X="345" Y="307" T="0" Pressure="0"/>
        <Point X="346" Y="302" T="0" Pressure="0"/>
        <Point X="349" Y="296" T="0" Pressure="0"/>
        <Point X="350" Y="290" T="0" Pressure="0"/>
        <Point X="353" Y="284" T="0" Pressure="0"/>
        <Point X="355" Y="277" T="0" Pressure="0"/>
        <Point X="358" Y="271" T="0" Pressure="0"/>
        <Point X="360" Y="264" T="0" Pressure="0"/>
        <Point X="362" Y="258" T="0" Pressure="0"/>
        <Point X="366" Y="250" T="0" Pressure="0"/>
        <Point X="369" Y="244" T="0" Pressure="0"/>
        <Point X="372" Y="239" T="0" Pressure="0"/>
        <Point X="374" Y="233" T="0" Pressure="0"/>
        <Point X="377" Y="228" T="0" Pressure="0"/>
        <Point X="380" Y="223" T="0" Pressure="0"/>
        <Point X="382" Y="219" T="0" Pressure="0"/>
        <Point X="384" Y="216" T="0" Pressure="0"/>
        <Point X="386" Y="213" T="0" Pressure="0"/>
        <Point X="388" Y="211" T="0" Pressure="0"/>
        <Point X="390" Y="209" T="0" Pressure="0"/>
        <Point X="391" Y="208" T="0" Pressure="0"/>
        <Point X="393" Y="206" T="0" Pressure="0"/>
        <Point X="395" Y="206" T="0" Pressure="0"/>
        <Point X="396" Y="205" T="0" Pressure="0"/>
        <Point X="398" Y="205" T="0" Pressure="0"/>
        <Point X="399" Y="205" T="0" Pressure="0"/>
        <Point X="400" Y="206" T="0" Pressure="0"/>
        <Point X="402" Y="207" T="0" Pressure="0"/>
        <Point X="403" Y="208" T="0" Pressure="0"/>
        <Point X="403" Y="209" T="0" Pressure="0"/>
        <Point X="405" Y="211" T="0" Pressure="0"/>
        <Point X="407" Y="213" T="0" Pressure="0"/>
        <Point X="408" Y="215" T="0" Pressure="0"/>
        <Point X="410" Y="217" T="0" Pressure="0"/>
        <Point X="411" Y="220" T="0" Pressure="0"/>
        <Point X="413" Y="223" T="0" Pressure="0"/>
        <Point X="414" Y="227" T="0" Pressure="0"/>
        <Point X="416" Y="231" T="0" Pressure="0"/>
        <Point X="418" Y="235" T="0" Pressure="0"/>
        <Point X="421" Y="244" T="0" Pressure="0"/>
        <Point X="423" Y="249" T="0" Pressure="0"/>
        <Point X="425" Y="254" T="0" Pressure="0"/>
        <Point X="426" Y="260" T="0" Pressure="0"/>
        <Point X="429" Y="267" T="0" Pressure="0"/>
        <Point X="430" Y="272" T="0" Pressure="0"/>
        <Point X="434" Y="283" T="0" Pressure="0"/>
        <Point X="437" Y="293" T="0" Pressure="0"/>
        <Point X="439" Y="298" T="0" Pressure="0"/>
        <Point X="440" Y="301" T="0" Pressure="0"/>
        <Point X="440" Y="305" T="0" Pressure="0"/>
        <Point X="441" Y="308" T="0" Pressure="0"/>
        <Point X="443" Y="311" T="0" Pressure="0"/>
        <Point X="444" Y="317" T="0" Pressure="0"/>
        <Point X="444" Y="318" T="0" Pressure="0"/>
        <Point X="444" Y="320" T="0" Pressure="0"/>
        <Point X="444" Y="323" T="0" Pressure="0"/>
        <Point X="444" Y="324" T="0" Pressure="0"/>
        <Point X="443" Y="326" T="0" Pressure="0"/>
        <Point X="441" Y="327" T="0" Pressure="0"/>
        <Point X="440" Y="327" T="0" Pressure="0"/>
        <Point X="438" Y="328" T="0" Pressure="0"/>
        <Point X="437" Y="328" T="0" Pressure="0"/>
        <Point X="434" Y="328" T="0" Pressure="0"/>
        <Point X="430" Y="329" T="0" Pressure="0"/>
        <Point X="429" Y="329" T="0" Pressure="0"/>
        <Point X="425" Y="330" T="0" Pressure="0"/>
        <Point X="420" Y="331" T="0" Pressure="0"/>
        <Point X="417" Y="331" T="0" Pressure="0"/>
        <Point X="414" Y="332" T="0" Pressure="0"/>
        <Point X="406" Y="332" T="0" Pressure="0"/>
        <Point X="402" Y="332" T="0" Pressure="0"/>
        <Point X="398" Y="332" T="0" Pressure="0"/>
        <Point X="388" Y="333" T="0" Pressure="0"/>
        <Point X="384" Y="333" T="0" Pressure="0"/>
        <Point X="379" Y="333" T="0" Pressure="0"/>
        <Point X="370" Y="335" T="0" Pressure="0"/>
        <Point X="366" Y="335" T="0" Pressure="0"/>
        <Point X="362" Y="335" T="0" Pressure="0"/>
        <Point X="358" Y="335" T="0" Pressure="0"/>
        <Point X="354" Y="336" T="0" Pressure="0"/>
        <Point X="350" Y="336" T="0" Pressure="0"/>
        <Point X="347" Y="337" T="0" Pressure="0"/>
        <Point X="341" Y="337" T="0" Pressure="0"/>
        <Point X="339" Y="338" T="0" Pressure="0"/>
        <Point X="335" Y="338" T="0" Pressure="0"/>
        <Point X="331" Y="339" T="0" Pressure="0"/>
        <Point X="330" Y="339" T="0" Pressure="0"/>
        <Point X="328" Y="340" T="0" Pressure="0"/>
        <Point X="324" Y="340" T="0" Pressure="0"/>
        <Point X="323" Y="340" T="0" Pressure="0"/>
        <Point X="323" Y="341" T="0" Pressure="0"/>
    </Stroke>
    <Stroke index="2">
        <Point X="328" Y="251" T="0" Pressure="0"/>
        <Point X="328" Y="249" T="0" Pressure="0"/>
        <Point X="328" Y="248" T="0" Pressure="0"/>
        <Point X="331" Y="249" T="0" Pressure="0"/>
        <Point X="332" Y="250" T="0" Pressure="0"/>
        <Point X="333" Y="251" T="0" Pressure="0"/>
        <Point X="335" Y="252" T="0" Pressure="0"/>
        <Point X="336" Y="255" T="0" Pressure="0"/>
        <Point X="338" Y="258" T="0" Pressure="0"/>
        <Point X="340" Y="261" T="0" Pressure="0"/>
        <Point X="342" Y="264" T="0" Pressure="0"/>
        <Point X="344" Y="268" T="0" Pressure="0"/>
        <Point X="346" Y="273" T="0" Pressure="0"/>
        <Point X="349" Y="278" T="0" Pressure="0"/>
        <Point X="354" Y="292" T="0" Pressure="0"/>
        <Point X="357" Y="297" T="0" Pressure="0"/>
        <Point X="362" Y="310" T="0" Pressure="0"/>
        <Point X="365" Y="317" T="0" Pressure="0"/>
        <Point X="369" Y="322" T="0" Pressure="0"/>
        <Point X="374" Y="335" T="0" Pressure="0"/>
        <Point X="377" Y="341" T="0" Pressure="0"/>
        <Point X="380" Y="346" T="0" Pressure="0"/>
        <Point X="384" Y="357" T="0" Pressure="0"/>
        <Point X="385" Y="361" T="0" Pressure="0"/>
        <Point X="388" Y="368" T="0" Pressure="0"/>
        <Point X="390" Y="371" T="0" Pressure="0"/>
        <Point X="391" Y="373" T="0" Pressure="0"/>
        <Point X="392" Y="376" T="0" Pressure="0"/>
        <Point X="394" Y="378" T="0" Pressure="0"/>
        <Point X="394" Y="379" T="0" Pressure="0"/>
        <Point X="395" Y="381" T="0" Pressure="0"/>
        <Point X="396" Y="382" T="0" Pressure="0"/>
        <Point X="397" Y="382" T="0" Pressure="0"/>
        <Point X="398" Y="382" T="0" Pressure="0"/>
        <Point X="399" Y="381" T="0" Pressure="0"/>
        <Point X="399" Y="380" T="0" Pressure="0"/>
        <Point X="400" Y="378" T="0" Pressure="0"/>
        <Point X="402" Y="375" T="0" Pressure="0"/>
        <Point X="403" Y="372" T="0" Pressure="0"/>
        <Point X="404" Y="369" T="0" Pressure="0"/>
        <Point X="406" Y="363" T="0" Pressure="0"/>
        <Point X="407" Y="359" T="0" Pressure="0"/>
        <Point X="409" Y="355" T="0" Pressure="0"/>
        <Point X="411" Y="346" T="0" Pressure="0"/>
        <Point X="413" Y="342" T="0" Pressure="0"/>
        <Point X="414" Y="336" T="0" Pressure="0"/>
        <Point X="418" Y="324" T="0" Pressure="0"/>
        <Point X="420" Y="318" T="0" Pressure="0"/>
        <Point X="422" Y="312" T="0" Pressure="0"/>
        <Point X="425" Y="306" T="0" Pressure="0"/>
        <Point X="426" Y="299" T="0" Pressure="0"/>
        <Point X="429" Y="293" T="0" Pressure="0"/>
        <Point X="431" Y="289" T="0" Pressure="0"/>
        <Point X="436" Y="279" T="0" Pressure="0"/>
        <Point X="438" Y="275" T="0" Pressure="0"/>
        <Point X="440" Y="271" T="0" Pressure="0"/>
        <Point X="445" Y="264" T="0" Pressure="0"/>
        <Point X="447" Y="262" T="0" Pressure="0"/>
        <Point X="449" Y="259" T="0" Pressure="0"/>
        <Point X="452" Y="255" T="0" Pressure="0"/>
        <Point X="453" Y="253" T="0" Pressure="0"/>
        <Point X="454" Y="251" T="0" Pressure="0"/>
        <Point X="455" Y="249" T="0" Pressure="0"/>
        <Point X="455" Y="248" T="0" Pressure="0"/>
        <Point X="455" Y="247" T="0" Pressure="0"/>
        <Point X="453" Y="247" T="0" Pressure="0"/>
        <Point X="452" Y="247" T="0" Pressure="0"/>
        <Point X="450" Y="247" T="0" Pressure="0"/>
        <Point X="448" Y="247" T="0" Pressure="0"/>
        <Point X="447" Y="247" T="0" Pressure="0"/>
        <Point X="444" Y="247" T="0" Pressure="0"/>
        <Point X="443" Y="247" T="0" Pressure="0"/>
        <Point X="440" Y="247" T="0" Pressure="0"/>
        <Point X="436" Y="247" T="0" Pressure="0"/>
        <Point X="433" Y="247" T="0" Pressure="0"/>
        <Point X="429" Y="246" T="0" Pressure="0"/>
        <Point X="426" Y="246" T="0" Pressure="0"/>
        <Point X="423" Y="246" T="0" Pressure="0"/>
        <Point X="419" Y="245" T="0" Pressure="0"/>
        <Point X="415" Y="245" T="0" Pressure="0"/>
        <Point X="410" Y="245" T="0" Pressure="0"/>
        <Point X="406" Y="244" T="0" Pressure="0"/>
        <Point X="402" Y="244" T="0" Pressure="0"/>
        <Point X="397" Y="244" T="0" Pressure="0"/>
        <Point X="392" Y="243" T="0" Pressure="0"/>
        <Point X="388" Y="243" T="0" Pressure="0"/>
        <Point X="382" Y="243" T="0" Pressure="0"/>
        <Point X="376" Y="242" T="0" Pressure="0"/>
        <Point X="371" Y="242" T="0" Pressure="0"/>
        <Point X="366" Y="242" T="0" Pressure="0"/>
        <Point X="361" Y="243" T="0" Pressure="0"/>
        <Point X="355" Y="244" T="0" Pressure="0"/>
        <Point X="350" Y="244" T="0" Pressure="0"/>
        <Point X="346" Y="245" T="0" Pressure="0"/>
        <Point X="343" Y="246" T="0" Pressure="0"/>
        <Point X="339" Y="247" T="0" Pressure="0"/>
        <Point X="336" Y="248" T="0" Pressure="0"/>
        <Point X="334" Y="249" T="0" Pressure="0"/>
        <Point X="331" Y="250" T="0" Pressure="0"/>
        <Point X="330" Y="251" T="0" Pressure="0"/>
        <Point X="328" Y="253" T="0" Pressure="0"/>
        <Point X="327" Y="255" T="0" Pressure="0"/>
        <Point X="327" Y="256" T="0" Pressure="0"/>
        <Point X="327" Y="258" T="0" Pressure="0"/>
        <Point X="328" Y="259" T="0" Pressure="0"/>
    </Stroke>
</Gesture>
