<?xml version="1.0" ?>
<Gesture Name="pitchfork~02" Subject="1" Number="2" NumPts="111" InputType="stylus" Speed="MEDIUM">
    <Stroke index="1">
        <Point X="305" Y="209" T="0" Pressure="0"/>
        <Point X="303" Y="209" T="0" Pressure="0"/>
        <Point X="301" Y="209" T="0" Pressure="0"/>
        <Point X="301" Y="211" T="0" Pressure="0"/>
        <Point X="301" Y="212" T="0" Pressure="0"/>
        <Point X="301" Y="214" T="0" Pressure="0"/>
        <Point X="301" Y="216" T="0" Pressure="0"/>
        <Point X="300" Y="219" T="0" Pressure="0"/>
        <Point X="300" Y="223" T="0" Pressure="0"/>
        <Point X="300" Y="226" T="0" Pressure="0"/>
        <Point X="300" Y="231" T="0" Pressure="0"/>
        <Point X="300" Y="236" T="0" Pressure="0"/>
        <Point X="300" Y="241" T="0" Pressure="0"/>
        <Point X="300" Y="246" T="0" Pressure="0"/>
        <Point X="300" Y="252" T="0" Pressure="0"/>
        <Point X="300" Y="258" T="0" Pressure="0"/>
        <Point X="301" Y="264" T="0" Pressure="0"/>
        <Point X="301" Y="270" T="0" Pressure="0"/>
        <Point X="302" Y="276" T="0" Pressure="0"/>
        <Point X="304" Y="283" T="0" Pressure="0"/>
        <Point X="305" Y="289" T="0" Pressure="0"/>
        <Point X="306" Y="294" T="0" Pressure="0"/>
        <Point X="309" Y="300" T="0" Pressure="0"/>
        <Point X="311" Y="305" T="0" Pressure="0"/>
        <Point X="313" Y="310" T="0" Pressure="0"/>
        <Point X="316" Y="315" T="0" Pressure="0"/>
        <Point X="320" Y="319" T="0" Pressure="0"/>
        <Point X="323" Y="322" T="0" Pressure="0"/>
        <Point X="327" Y="326" T="0" Pressure="0"/>
        <Point X="331" Y="328" T="0" Pressure="0"/>
        <Point X="335" Y="331" T="0" Pressure="0"/>
        <Point X="339" Y="333" T="0" Pressure="0"/>
        <Point X="343" Y="335" T="0" Pressure="0"/>
        <Point X="347" Y="336" T="0" Pressure="0"/>
        <Point X="351" Y="337" T="0" Pressure="0"/>
        <Point X="355" Y="337" T="0" Pressure="0"/>
        <Point X="360" Y="337" T="0" Pressure="0"/>
        <Point X="365" Y="337" T="0" Pressure="0"/>
        <Point X="370" Y="336" T="0" Pressure="0"/>
        <Point X="375" Y="333" T="0" Pressure="0"/>
        <Point X="380" Y="332" T="0" Pressure="0"/>
        <Point X="385" Y="328" T="0" Pressure="0"/>
        <Point X="390" Y="326" T="0" Pressure="0"/>
        <Point X="395" Y="322" T="0" Pressure="0"/>
        <Point X="403" Y="316" T="0" Pressure="0"/>
        <Point X="407" Y="313" T="0" Pressure="0"/>
        <Point X="411" Y="308" T="0" Pressure="0"/>
        <Point X="414" Y="304" T="0" Pressure="0"/>
        <Point X="421" Y="294" T="0" Pressure="0"/>
        <Point X="423" Y="290" T="0" Pressure="0"/>
        <Point X="425" Y="284" T="0" Pressure="0"/>
        <Point X="427" Y="278" T="0" Pressure="0"/>
        <Point X="429" Y="272" T="0" Pressure="0"/>
        <Point X="430" Y="267" T="0" Pressure="0"/>
        <Point X="432" Y="261" T="0" Pressure="0"/>
        <Point X="432" Y="256" T="0" Pressure="0"/>
        <Point X="433" Y="251" T="0" Pressure="0"/>
        <Point X="433" Y="247" T="0" Pressure="0"/>
        <Point X="433" Y="244" T="0" Pressure="0"/>
        <Point X="433" Y="241" T="0" Pressure="0"/>
        <Point X="433" Y="237" T="0" Pressure="0"/>
        <Point X="433" Y="234" T="0" Pressure="0"/>
        <Point X="432" Y="233" T="0" Pressure="0"/>
        <Point X="432" Y="231" T="0" Pressure="0"/>
        <Point X="431" Y="229" T="0" Pressure="0"/>
        <Point X="430" Y="228" T="0" Pressure="0"/>
        <Point X="429" Y="227" T="0" Pressure="0"/>
        <Point X="429" Y="226" T="0" Pressure="0"/>
        <Point X="428" Y="226" T="0" Pressure="0"/>
        <Point X="426" Y="226" T="0" Pressure="0"/>
        <Point X="425" Y="226" T="0" Pressure="0"/>
        <Point X="424" Y="225" T="0" Pressure="0"/>
        <Point X="422" Y="225" T="0" Pressure="0"/>
        <Point X="421" Y="225" T="0" Pressure="0"/>
        <Point X="419" Y="225" T="0" Pressure="0"/>
    </Stroke>
    <Stroke index="2">
        <Point X="369" Y="232" T="0" Pressure="0"/>
        <Point X="368" Y="230" T="0" Pressure="0"/>
        <Point X="368" Y="229" T="0" Pressure="0"/>
        <Point X="368" Y="231" T="0" Pressure="0"/>
        <Point X="368" Y="232" T="0" Pressure="0"/>
        <Point X="367" Y="233" T="0" Pressure="0"/>
        <Point X="367" Y="234" T="0" Pressure="0"/>
        <Point X="366" Y="237" T="0" Pressure="0"/>
        <Point X="366" Y="239" T="0" Pressure="0"/>
        <Point X="366" Y="242" T="0" Pressure="0"/>
        <Point X="365" Y="248" T="0" Pressure="0"/>
        <Point X="364" Y="252" T="0" Pressure="0"/>
        <Point X="362" Y="258" T="0" Pressure="0"/>
        <Point X="361" Y="264" T="0" Pressure="0"/>
        <Point X="360" Y="270" T="0" Pressure="0"/>
        <Point X="359" Y="279" T="0" Pressure="0"/>
        <Point X="358" Y="287" T="0" Pressure="0"/>
        <Point X="357" Y="294" T="0" Pressure="0"/>
        <Point X="355" Y="303" T="0" Pressure="0"/>
        <Point X="354" Y="312" T="0" Pressure="0"/>
        <Point X="354" Y="320" T="0" Pressure="0"/>
        <Point X="353" Y="337" T="0" Pressure="0"/>
        <Point X="352" Y="345" T="0" Pressure="0"/>
        <Point X="352" Y="352" T="0" Pressure="0"/>
        <Point X="352" Y="359" T="0" Pressure="0"/>
        <Point X="352" Y="365" T="0" Pressure="0"/>
        <Point X="352" Y="369" T="0" Pressure="0"/>
        <Point X="353" Y="373" T="0" Pressure="0"/>
        <Point X="353" Y="380" T="0" Pressure="0"/>
        <Point X="354" Y="384" T="0" Pressure="0"/>
        <Point X="354" Y="386" T="0" Pressure="0"/>
        <Point X="354" Y="387" T="0" Pressure="0"/>
        <Point X="354" Y="388" T="0" Pressure="0"/>
        <Point X="354" Y="387" T="0" Pressure="0"/>
        <Point X="354" Y="386" T="0" Pressure="0"/>
        <Point X="354" Y="385" T="0" Pressure="0"/>
    </Stroke>
</Gesture>
