<?xml version="1.0" ?>
<Gesture Name="D~10" Subject="1" Number="10" NumPts="95" InputType="stylus" Speed="MEDIUM">
    <Stroke index="1">
        <Point X="363" Y="281" T="0" Pressure="0"/>
        <Point X="362" Y="277" T="0" Pressure="0"/>
        <Point X="362" Y="276" T="0" Pressure="0"/>
        <Point X="363" Y="276" T="0" Pressure="0"/>
        <Point X="364" Y="278" T="0" Pressure="0"/>
        <Point X="364" Y="279" T="0" Pressure="0"/>
        <Point X="365" Y="284" T="0" Pressure="0"/>
        <Point X="365" Y="287" T="0" Pressure="0"/>
        <Point X="366" Y="289" T="0" Pressure="0"/>
        <Point X="367" Y="295" T="0" Pressure="0"/>
        <Point X="367" Y="299" T="0" Pressure="0"/>
        <Point X="368" Y="304" T="0" Pressure="0"/>
        <Point X="368" Y="310" T="0" Pressure="0"/>
        <Point X="368" Y="321" T="0" Pressure="0"/>
        <Point X="368" Y="327" T="0" Pressure="0"/>
        <Point X="368" Y="332" T="0" Pressure="0"/>
        <Point X="368" Y="338" T="0" Pressure="0"/>
        <Point X="368" Y="343" T="0" Pressure="0"/>
        <Point X="368" Y="347" T="0" Pressure="0"/>
        <Point X="368" Y="351" T="0" Pressure="0"/>
        <Point X="368" Y="357" T="0" Pressure="0"/>
        <Point X="368" Y="358" T="0" Pressure="0"/>
        <Point X="369" Y="361" T="0" Pressure="0"/>
        <Point X="369" Y="362" T="0" Pressure="0"/>
        <Point X="369" Y="364" T="0" Pressure="0"/>
        <Point X="369" Y="365" T="0" Pressure="0"/>
        <Point X="369" Y="367" T="0" Pressure="0"/>
        <Point X="368" Y="368" T="0" Pressure="0"/>
    </Stroke>
    <Stroke index="2">
        <Point X="358" Y="278" T="0" Pressure="0"/>
        <Point X="358" Y="276" T="0" Pressure="0"/>
        <Point X="358" Y="274" T="0" Pressure="0"/>
        <Point X="358" Y="273" T="0" Pressure="0"/>
        <Point X="358" Y="272" T="0" Pressure="0"/>
        <Point X="359" Y="271" T="0" Pressure="0"/>
        <Point X="360" Y="270" T="0" Pressure="0"/>
        <Point X="361" Y="270" T="0" Pressure="0"/>
        <Point X="362" Y="269" T="0" Pressure="0"/>
        <Point X="364" Y="269" T="0" Pressure="0"/>
        <Point X="365" Y="269" T="0" Pressure="0"/>
        <Point X="367" Y="269" T="0" Pressure="0"/>
        <Point X="369" Y="269" T="0" Pressure="0"/>
        <Point X="372" Y="269" T="0" Pressure="0"/>
        <Point X="374" Y="269" T="0" Pressure="0"/>
        <Point X="377" Y="268" T="0" Pressure="0"/>
        <Point X="380" Y="268" T="0" Pressure="0"/>
        <Point X="384" Y="268" T="0" Pressure="0"/>
        <Point X="387" Y="268" T="0" Pressure="0"/>
        <Point X="391" Y="269" T="0" Pressure="0"/>
        <Point X="395" Y="269" T="0" Pressure="0"/>
        <Point X="399" Y="270" T="0" Pressure="0"/>
        <Point X="403" Y="271" T="0" Pressure="0"/>
        <Point X="410" Y="274" T="0" Pressure="0"/>
        <Point X="414" Y="277" T="0" Pressure="0"/>
        <Point X="417" Y="279" T="0" Pressure="0"/>
        <Point X="421" Y="283" T="0" Pressure="0"/>
        <Point X="427" Y="289" T="0" Pressure="0"/>
        <Point X="430" Y="292" T="0" Pressure="0"/>
        <Point X="433" Y="295" T="0" Pressure="0"/>
        <Point X="434" Y="299" T="0" Pressure="0"/>
        <Point X="437" Y="303" T="0" Pressure="0"/>
        <Point X="437" Y="307" T="0" Pressure="0"/>
        <Point X="440" Y="314" T="0" Pressure="0"/>
        <Point X="440" Y="317" T="0" Pressure="0"/>
        <Point X="440" Y="320" T="0" Pressure="0"/>
        <Point X="440" Y="324" T="0" Pressure="0"/>
        <Point X="440" Y="326" T="0" Pressure="0"/>
        <Point X="440" Y="329" T="0" Pressure="0"/>
        <Point X="440" Y="332" T="0" Pressure="0"/>
        <Point X="437" Y="338" T="0" Pressure="0"/>
        <Point X="435" Y="341" T="0" Pressure="0"/>
        <Point X="433" Y="343" T="0" Pressure="0"/>
        <Point X="432" Y="346" T="0" Pressure="0"/>
        <Point X="429" Y="348" T="0" Pressure="0"/>
        <Point X="427" Y="351" T="0" Pressure="0"/>
        <Point X="425" Y="353" T="0" Pressure="0"/>
        <Point X="422" Y="355" T="0" Pressure="0"/>
        <Point X="419" Y="357" T="0" Pressure="0"/>
        <Point X="417" Y="358" T="0" Pressure="0"/>
        <Point X="414" Y="360" T="0" Pressure="0"/>
        <Point X="411" Y="361" T="0" Pressure="0"/>
        <Point X="408" Y="363" T="0" Pressure="0"/>
        <Point X="404" Y="364" T="0" Pressure="0"/>
        <Point X="402" Y="365" T="0" Pressure="0"/>
        <Point X="399" Y="366" T="0" Pressure="0"/>
        <Point X="394" Y="368" T="0" Pressure="0"/>
        <Point X="391" Y="368" T="0" Pressure="0"/>
        <Point X="388" Y="368" T="0" Pressure="0"/>
        <Point X="385" Y="369" T="0" Pressure="0"/>
        <Point X="383" Y="369" T="0" Pressure="0"/>
        <Point X="380" Y="369" T="0" Pressure="0"/>
        <Point X="377" Y="369" T="0" Pressure="0"/>
        <Point X="373" Y="369" T="0" Pressure="0"/>
        <Point X="372" Y="369" T="0" Pressure="0"/>
        <Point X="370" Y="369" T="0" Pressure="0"/>
        <Point X="369" Y="368" T="0" Pressure="0"/>
    </Stroke>
</Gesture>
