<?xml version="1.0" ?>
<Gesture Name="six_point_star~06" Subject="1" Number="6" NumPts="217" InputType="stylus" Speed="MEDIUM">
    <Stroke index="1">
        <Point X="331" Y="341" T="0" Pressure="0"/>
        <Point X="331" Y="340" T="0" Pressure="0"/>
        <Point X="330" Y="338" T="0" Pressure="0"/>
        <Point X="330" Y="337" T="0" Pressure="0"/>
        <Point X="330" Y="336" T="0" Pressure="0"/>
        <Point X="331" Y="334" T="0" Pressure="0"/>
        <Point X="331" Y="332" T="0" Pressure="0"/>
        <Point X="332" Y="331" T="0" Pressure="0"/>
        <Point X="333" Y="328" T="0" Pressure="0"/>
        <Point X="334" Y="326" T="0" Pressure="0"/>
        <Point X="335" Y="323" T="0" Pressure="0"/>
        <Point X="336" Y="320" T="0" Pressure="0"/>
        <Point X="338" Y="317" T="0" Pressure="0"/>
        <Point X="339" Y="313" T="0" Pressure="0"/>
        <Point X="343" Y="304" T="0" Pressure="0"/>
        <Point X="345" Y="299" T="0" Pressure="0"/>
        <Point X="346" Y="294" T="0" Pressure="0"/>
        <Point X="349" Y="289" T="0" Pressure="0"/>
        <Point X="351" Y="283" T="0" Pressure="0"/>
        <Point X="354" Y="276" T="0" Pressure="0"/>
        <Point X="355" Y="270" T="0" Pressure="0"/>
        <Point X="361" Y="258" T="0" Pressure="0"/>
        <Point X="364" Y="252" T="0" Pressure="0"/>
        <Point X="368" Y="246" T="0" Pressure="0"/>
        <Point X="370" Y="239" T="0" Pressure="0"/>
        <Point X="373" Y="234" T="0" Pressure="0"/>
        <Point X="376" Y="229" T="0" Pressure="0"/>
        <Point X="380" Y="226" T="0" Pressure="0"/>
        <Point X="383" Y="221" T="0" Pressure="0"/>
        <Point X="385" Y="218" T="0" Pressure="0"/>
        <Point X="388" Y="215" T="0" Pressure="0"/>
        <Point X="389" Y="214" T="0" Pressure="0"/>
        <Point X="390" Y="212" T="0" Pressure="0"/>
        <Point X="391" Y="211" T="0" Pressure="0"/>
        <Point X="392" Y="210" T="0" Pressure="0"/>
        <Point X="393" Y="209" T="0" Pressure="0"/>
        <Point X="394" Y="209" T="0" Pressure="0"/>
        <Point X="395" Y="209" T="0" Pressure="0"/>
        <Point X="396" Y="209" T="0" Pressure="0"/>
        <Point X="397" Y="210" T="0" Pressure="0"/>
        <Point X="398" Y="211" T="0" Pressure="0"/>
        <Point X="399" Y="212" T="0" Pressure="0"/>
        <Point X="400" Y="213" T="0" Pressure="0"/>
        <Point X="401" Y="214" T="0" Pressure="0"/>
        <Point X="402" Y="216" T="0" Pressure="0"/>
        <Point X="403" Y="218" T="0" Pressure="0"/>
        <Point X="404" Y="220" T="0" Pressure="0"/>
        <Point X="406" Y="223" T="0" Pressure="0"/>
        <Point X="407" Y="226" T="0" Pressure="0"/>
        <Point X="409" Y="229" T="0" Pressure="0"/>
        <Point X="410" Y="233" T="0" Pressure="0"/>
        <Point X="413" Y="237" T="0" Pressure="0"/>
        <Point X="415" Y="242" T="0" Pressure="0"/>
        <Point X="417" Y="246" T="0" Pressure="0"/>
        <Point X="419" Y="250" T="0" Pressure="0"/>
        <Point X="422" Y="255" T="0" Pressure="0"/>
        <Point X="424" Y="260" T="0" Pressure="0"/>
        <Point X="426" Y="265" T="0" Pressure="0"/>
        <Point X="429" Y="271" T="0" Pressure="0"/>
        <Point X="432" Y="276" T="0" Pressure="0"/>
        <Point X="437" Y="292" T="0" Pressure="0"/>
        <Point X="445" Y="318" T="0" Pressure="0"/>
        <Point X="448" Y="330" T="0" Pressure="0"/>
        <Point X="449" Y="333" T="0" Pressure="0"/>
        <Point X="449" Y="336" T="0" Pressure="0"/>
        <Point X="451" Y="338" T="0" Pressure="0"/>
        <Point X="451" Y="341" T="0" Pressure="0"/>
        <Point X="451" Y="343" T="0" Pressure="0"/>
        <Point X="451" Y="344" T="0" Pressure="0"/>
        <Point X="451" Y="345" T="0" Pressure="0"/>
        <Point X="450" Y="345" T="0" Pressure="0"/>
        <Point X="448" Y="345" T="0" Pressure="0"/>
        <Point X="447" Y="345" T="0" Pressure="0"/>
        <Point X="444" Y="345" T="0" Pressure="0"/>
        <Point X="443" Y="345" T="0" Pressure="0"/>
        <Point X="440" Y="345" T="0" Pressure="0"/>
        <Point X="438" Y="345" T="0" Pressure="0"/>
        <Point X="436" Y="345" T="0" Pressure="0"/>
        <Point X="433" Y="345" T="0" Pressure="0"/>
        <Point X="429" Y="344" T="0" Pressure="0"/>
        <Point X="426" Y="344" T="0" Pressure="0"/>
        <Point X="422" Y="343" T="0" Pressure="0"/>
        <Point X="418" Y="343" T="0" Pressure="0"/>
        <Point X="414" Y="342" T="0" Pressure="0"/>
        <Point X="410" Y="341" T="0" Pressure="0"/>
        <Point X="406" Y="341" T="0" Pressure="0"/>
        <Point X="402" Y="340" T="0" Pressure="0"/>
        <Point X="398" Y="339" T="0" Pressure="0"/>
        <Point X="393" Y="339" T="0" Pressure="0"/>
        <Point X="389" Y="338" T="0" Pressure="0"/>
        <Point X="384" Y="338" T="0" Pressure="0"/>
        <Point X="380" Y="337" T="0" Pressure="0"/>
        <Point X="375" Y="337" T="0" Pressure="0"/>
        <Point X="371" Y="337" T="0" Pressure="0"/>
        <Point X="366" Y="337" T="0" Pressure="0"/>
        <Point X="362" Y="337" T="0" Pressure="0"/>
        <Point X="359" Y="337" T="0" Pressure="0"/>
        <Point X="354" Y="337" T="0" Pressure="0"/>
        <Point X="351" Y="337" T="0" Pressure="0"/>
        <Point X="349" Y="337" T="0" Pressure="0"/>
        <Point X="346" Y="337" T="0" Pressure="0"/>
        <Point X="345" Y="337" T="0" Pressure="0"/>
        <Point X="343" Y="337" T="0" Pressure="0"/>
        <Point X="340" Y="338" T="0" Pressure="0"/>
        <Point X="339" Y="338" T="0" Pressure="0"/>
        <Point X="339" Y="339" T="0" Pressure="0"/>
    </Stroke>
    <Stroke index="2">
        <Point X="328" Y="245" T="0" Pressure="0"/>
        <Point X="327" Y="243" T="0" Pressure="0"/>
        <Point X="327" Y="242" T="0" Pressure="0"/>
        <Point X="328" Y="242" T="0" Pressure="0"/>
        <Point X="328" Y="243" T="0" Pressure="0"/>
        <Point X="330" Y="244" T="0" Pressure="0"/>
        <Point X="331" Y="246" T="0" Pressure="0"/>
        <Point X="332" Y="248" T="0" Pressure="0"/>
        <Point X="334" Y="250" T="0" Pressure="0"/>
        <Point X="335" Y="253" T="0" Pressure="0"/>
        <Point X="338" Y="257" T="0" Pressure="0"/>
        <Point X="342" Y="265" T="0" Pressure="0"/>
        <Point X="345" Y="270" T="0" Pressure="0"/>
        <Point X="348" Y="276" T="0" Pressure="0"/>
        <Point X="351" Y="283" T="0" Pressure="0"/>
        <Point X="354" Y="290" T="0" Pressure="0"/>
        <Point X="357" Y="296" T="0" Pressure="0"/>
        <Point X="360" Y="304" T="0" Pressure="0"/>
        <Point X="362" Y="312" T="0" Pressure="0"/>
        <Point X="365" Y="320" T="0" Pressure="0"/>
        <Point X="368" Y="328" T="0" Pressure="0"/>
        <Point X="370" Y="336" T="0" Pressure="0"/>
        <Point X="373" Y="343" T="0" Pressure="0"/>
        <Point X="375" Y="351" T="0" Pressure="0"/>
        <Point X="377" Y="357" T="0" Pressure="0"/>
        <Point X="380" Y="363" T="0" Pressure="0"/>
        <Point X="383" Y="369" T="0" Pressure="0"/>
        <Point X="385" Y="373" T="0" Pressure="0"/>
        <Point X="388" Y="377" T="0" Pressure="0"/>
        <Point X="390" Y="381" T="0" Pressure="0"/>
        <Point X="392" Y="383" T="0" Pressure="0"/>
        <Point X="394" Y="386" T="0" Pressure="0"/>
        <Point X="396" Y="388" T="0" Pressure="0"/>
        <Point X="398" Y="390" T="0" Pressure="0"/>
        <Point X="402" Y="392" T="0" Pressure="0"/>
        <Point X="403" Y="393" T="0" Pressure="0"/>
        <Point X="404" Y="393" T="0" Pressure="0"/>
        <Point X="407" Y="393" T="0" Pressure="0"/>
        <Point X="409" Y="392" T="0" Pressure="0"/>
        <Point X="411" Y="389" T="0" Pressure="0"/>
        <Point X="413" Y="387" T="0" Pressure="0"/>
        <Point X="414" Y="384" T="0" Pressure="0"/>
        <Point X="415" Y="382" T="0" Pressure="0"/>
        <Point X="417" Y="378" T="0" Pressure="0"/>
        <Point X="418" Y="375" T="0" Pressure="0"/>
        <Point X="420" Y="371" T="0" Pressure="0"/>
        <Point X="421" Y="368" T="0" Pressure="0"/>
        <Point X="422" Y="363" T="0" Pressure="0"/>
        <Point X="424" Y="358" T="0" Pressure="0"/>
        <Point X="425" Y="353" T="0" Pressure="0"/>
        <Point X="428" Y="342" T="0" Pressure="0"/>
        <Point X="430" Y="335" T="0" Pressure="0"/>
        <Point X="432" Y="327" T="0" Pressure="0"/>
        <Point X="433" Y="321" T="0" Pressure="0"/>
        <Point X="436" Y="315" T="0" Pressure="0"/>
        <Point X="437" Y="307" T="0" Pressure="0"/>
        <Point X="440" Y="300" T="0" Pressure="0"/>
        <Point X="443" Y="293" T="0" Pressure="0"/>
        <Point X="445" Y="286" T="0" Pressure="0"/>
        <Point X="448" Y="281" T="0" Pressure="0"/>
        <Point X="449" Y="275" T="0" Pressure="0"/>
        <Point X="452" Y="270" T="0" Pressure="0"/>
        <Point X="454" Y="266" T="0" Pressure="0"/>
        <Point X="456" Y="262" T="0" Pressure="0"/>
        <Point X="458" Y="258" T="0" Pressure="0"/>
        <Point X="460" Y="254" T="0" Pressure="0"/>
        <Point X="462" Y="252" T="0" Pressure="0"/>
        <Point X="463" Y="251" T="0" Pressure="0"/>
        <Point X="464" Y="248" T="0" Pressure="0"/>
        <Point X="465" Y="247" T="0" Pressure="0"/>
        <Point X="466" Y="247" T="0" Pressure="0"/>
        <Point X="466" Y="245" T="0" Pressure="0"/>
        <Point X="467" Y="244" T="0" Pressure="0"/>
        <Point X="467" Y="243" T="0" Pressure="0"/>
        <Point X="466" Y="243" T="0" Pressure="0"/>
        <Point X="464" Y="242" T="0" Pressure="0"/>
        <Point X="463" Y="242" T="0" Pressure="0"/>
        <Point X="461" Y="241" T="0" Pressure="0"/>
        <Point X="457" Y="240" T="0" Pressure="0"/>
        <Point X="455" Y="239" T="0" Pressure="0"/>
        <Point X="452" Y="239" T="0" Pressure="0"/>
        <Point X="449" Y="239" T="0" Pressure="0"/>
        <Point X="447" Y="238" T="0" Pressure="0"/>
        <Point X="444" Y="238" T="0" Pressure="0"/>
        <Point X="440" Y="237" T="0" Pressure="0"/>
        <Point X="437" Y="237" T="0" Pressure="0"/>
        <Point X="432" Y="236" T="0" Pressure="0"/>
        <Point X="428" Y="236" T="0" Pressure="0"/>
        <Point X="423" Y="236" T="0" Pressure="0"/>
        <Point X="412" Y="234" T="0" Pressure="0"/>
        <Point X="406" Y="234" T="0" Pressure="0"/>
        <Point X="399" Y="234" T="0" Pressure="0"/>
        <Point X="388" Y="233" T="0" Pressure="0"/>
        <Point X="381" Y="233" T="0" Pressure="0"/>
        <Point X="376" Y="233" T="0" Pressure="0"/>
        <Point X="369" Y="233" T="0" Pressure="0"/>
        <Point X="364" Y="233" T="0" Pressure="0"/>
        <Point X="359" Y="233" T="0" Pressure="0"/>
        <Point X="354" Y="233" T="0" Pressure="0"/>
        <Point X="350" Y="234" T="0" Pressure="0"/>
        <Point X="346" Y="234" T="0" Pressure="0"/>
        <Point X="342" Y="236" T="0" Pressure="0"/>
        <Point X="338" Y="236" T="0" Pressure="0"/>
        <Point X="332" Y="238" T="0" Pressure="0"/>
        <Point X="330" Y="239" T="0" Pressure="0"/>
        <Point X="328" Y="239" T="0" Pressure="0"/>
        <Point X="327" Y="240" T="0" Pressure="0"/>
        <Point X="326" Y="241" T="0" Pressure="0"/>
        <Point X="325" Y="242" T="0" Pressure="0"/>
        <Point X="325" Y="243" T="0" Pressure="0"/>
        <Point X="326" Y="245" T="0" Pressure="0"/>
    </Stroke>
</Gesture>
