<?xml version="1.0" ?>
<Gesture Name="T~07" Subject="1" Number="7" NumPts="37" InputType="stylus" Speed="MEDIUM">
    <Stroke index="1">
        <Point X="339" Y="332" T="0" Pressure="0"/>
        <Point X="338" Y="331" T="0" Pressure="0"/>
        <Point X="338" Y="330" T="0" Pressure="0"/>
        <Point X="339" Y="327" T="0" Pressure="0"/>
        <Point X="340" Y="327" T="0" Pressure="0"/>
        <Point X="345" Y="325" T="0" Pressure="0"/>
        <Point X="348" Y="324" T="0" Pressure="0"/>
        <Point X="352" Y="323" T="0" Pressure="0"/>
        <Point X="362" Y="321" T="0" Pressure="0"/>
        <Point X="367" Y="321" T="0" Pressure="0"/>
        <Point X="373" Y="320" T="0" Pressure="0"/>
        <Point X="384" Y="319" T="0" Pressure="0"/>
        <Point X="391" Y="319" T="0" Pressure="0"/>
        <Point X="395" Y="319" T="0" Pressure="0"/>
        <Point X="405" Y="319" T="0" Pressure="0"/>
        <Point X="410" Y="319" T="0" Pressure="0"/>
        <Point X="418" Y="320" T="0" Pressure="0"/>
        <Point X="421" Y="321" T="0" Pressure="0"/>
        <Point X="422" Y="321" T="0" Pressure="0"/>
        <Point X="423" Y="323" T="0" Pressure="0"/>
    </Stroke>
    <Stroke index="2">
        <Point X="389" Y="325" T="0" Pressure="0"/>
        <Point X="388" Y="325" T="0" Pressure="0"/>
        <Point X="387" Y="325" T="0" Pressure="0"/>
        <Point X="387" Y="326" T="0" Pressure="0"/>
        <Point X="388" Y="327" T="0" Pressure="0"/>
        <Point X="388" Y="329" T="0" Pressure="0"/>
        <Point X="388" Y="331" T="0" Pressure="0"/>
        <Point X="389" Y="336" T="0" Pressure="0"/>
        <Point X="389" Y="340" T="0" Pressure="0"/>
        <Point X="389" Y="343" T="0" Pressure="0"/>
        <Point X="389" Y="347" T="0" Pressure="0"/>
        <Point X="389" Y="351" T="0" Pressure="0"/>
        <Point X="388" Y="356" T="0" Pressure="0"/>
        <Point X="387" Y="361" T="0" Pressure="0"/>
        <Point X="386" Y="366" T="0" Pressure="0"/>
        <Point X="384" Y="372" T="0" Pressure="0"/>
        <Point X="383" Y="377" T="0" Pressure="0"/>
    </Stroke>
</Gesture>
