<?xml version="1.0" ?>
<Gesture Name="six_point_star~08" Subject="1" Number="8" NumPts="210" InputType="stylus" Speed="MEDIUM">
    <Stroke index="1">
        <Point X="326" Y="341" T="0" Pressure="0"/>
        <Point X="325" Y="340" T="0" Pressure="0"/>
        <Point X="325" Y="339" T="0" Pressure="0"/>
        <Point X="325" Y="338" T="0" Pressure="0"/>
        <Point X="325" Y="337" T="0" Pressure="0"/>
        <Point X="325" Y="335" T="0" Pressure="0"/>
        <Point X="326" Y="333" T="0" Pressure="0"/>
        <Point X="327" Y="332" T="0" Pressure="0"/>
        <Point X="334" Y="320" T="0" Pressure="0"/>
        <Point X="336" Y="317" T="0" Pressure="0"/>
        <Point X="339" Y="312" T="0" Pressure="0"/>
        <Point X="343" Y="301" T="0" Pressure="0"/>
        <Point X="346" Y="295" T="0" Pressure="0"/>
        <Point X="352" Y="283" T="0" Pressure="0"/>
        <Point X="354" Y="276" T="0" Pressure="0"/>
        <Point X="358" Y="270" T="0" Pressure="0"/>
        <Point X="361" Y="263" T="0" Pressure="0"/>
        <Point X="367" Y="249" T="0" Pressure="0"/>
        <Point X="370" Y="244" T="0" Pressure="0"/>
        <Point X="373" Y="238" T="0" Pressure="0"/>
        <Point X="377" Y="228" T="0" Pressure="0"/>
        <Point X="380" Y="223" T="0" Pressure="0"/>
        <Point X="380" Y="221" T="0" Pressure="0"/>
        <Point X="383" Y="217" T="0" Pressure="0"/>
        <Point X="384" Y="215" T="0" Pressure="0"/>
        <Point X="384" Y="214" T="0" Pressure="0"/>
        <Point X="385" Y="213" T="0" Pressure="0"/>
        <Point X="387" Y="213" T="0" Pressure="0"/>
        <Point X="387" Y="212" T="0" Pressure="0"/>
        <Point X="388" Y="212" T="0" Pressure="0"/>
        <Point X="389" Y="213" T="0" Pressure="0"/>
        <Point X="390" Y="213" T="0" Pressure="0"/>
        <Point X="391" Y="214" T="0" Pressure="0"/>
        <Point X="392" Y="215" T="0" Pressure="0"/>
        <Point X="393" Y="216" T="0" Pressure="0"/>
        <Point X="395" Y="218" T="0" Pressure="0"/>
        <Point X="396" Y="220" T="0" Pressure="0"/>
        <Point X="399" Y="225" T="0" Pressure="0"/>
        <Point X="401" Y="227" T="0" Pressure="0"/>
        <Point X="403" Y="231" T="0" Pressure="0"/>
        <Point X="404" Y="234" T="0" Pressure="0"/>
        <Point X="407" Y="239" T="0" Pressure="0"/>
        <Point X="409" Y="243" T="0" Pressure="0"/>
        <Point X="411" Y="247" T="0" Pressure="0"/>
        <Point X="413" Y="251" T="0" Pressure="0"/>
        <Point X="415" Y="257" T="0" Pressure="0"/>
        <Point X="418" Y="262" T="0" Pressure="0"/>
        <Point X="420" Y="267" T="0" Pressure="0"/>
        <Point X="423" Y="273" T="0" Pressure="0"/>
        <Point X="425" Y="278" T="0" Pressure="0"/>
        <Point X="428" Y="283" T="0" Pressure="0"/>
        <Point X="429" Y="289" T="0" Pressure="0"/>
        <Point X="432" Y="294" T="0" Pressure="0"/>
        <Point X="433" Y="299" T="0" Pressure="0"/>
        <Point X="435" Y="304" T="0" Pressure="0"/>
        <Point X="437" Y="308" T="0" Pressure="0"/>
        <Point X="437" Y="312" T="0" Pressure="0"/>
        <Point X="439" Y="315" T="0" Pressure="0"/>
        <Point X="440" Y="318" T="0" Pressure="0"/>
        <Point X="441" Y="321" T="0" Pressure="0"/>
        <Point X="441" Y="324" T="0" Pressure="0"/>
        <Point X="442" Y="326" T="0" Pressure="0"/>
        <Point X="442" Y="328" T="0" Pressure="0"/>
        <Point X="442" Y="330" T="0" Pressure="0"/>
        <Point X="442" Y="332" T="0" Pressure="0"/>
        <Point X="442" Y="333" T="0" Pressure="0"/>
        <Point X="441" Y="335" T="0" Pressure="0"/>
        <Point X="440" Y="336" T="0" Pressure="0"/>
        <Point X="440" Y="337" T="0" Pressure="0"/>
        <Point X="439" Y="338" T="0" Pressure="0"/>
        <Point X="437" Y="339" T="0" Pressure="0"/>
        <Point X="436" Y="340" T="0" Pressure="0"/>
        <Point X="433" Y="341" T="0" Pressure="0"/>
        <Point X="431" Y="341" T="0" Pressure="0"/>
        <Point X="429" Y="342" T="0" Pressure="0"/>
        <Point X="426" Y="342" T="0" Pressure="0"/>
        <Point X="423" Y="342" T="0" Pressure="0"/>
        <Point X="420" Y="343" T="0" Pressure="0"/>
        <Point X="417" Y="343" T="0" Pressure="0"/>
        <Point X="413" Y="343" T="0" Pressure="0"/>
        <Point X="409" Y="343" T="0" Pressure="0"/>
        <Point X="405" Y="343" T="0" Pressure="0"/>
        <Point X="400" Y="342" T="0" Pressure="0"/>
        <Point X="395" Y="342" T="0" Pressure="0"/>
        <Point X="390" Y="341" T="0" Pressure="0"/>
        <Point X="385" Y="341" T="0" Pressure="0"/>
        <Point X="380" Y="341" T="0" Pressure="0"/>
        <Point X="375" Y="340" T="0" Pressure="0"/>
        <Point X="370" Y="340" T="0" Pressure="0"/>
        <Point X="365" Y="340" T="0" Pressure="0"/>
        <Point X="360" Y="340" T="0" Pressure="0"/>
        <Point X="351" Y="340" T="0" Pressure="0"/>
        <Point X="347" Y="340" T="0" Pressure="0"/>
        <Point X="345" Y="340" T="0" Pressure="0"/>
        <Point X="342" Y="341" T="0" Pressure="0"/>
        <Point X="339" Y="341" T="0" Pressure="0"/>
        <Point X="337" Y="341" T="0" Pressure="0"/>
        <Point X="335" Y="341" T="0" Pressure="0"/>
        <Point X="334" Y="342" T="0" Pressure="0"/>
        <Point X="333" Y="342" T="0" Pressure="0"/>
        <Point X="332" Y="342" T="0" Pressure="0"/>
        <Point X="331" Y="343" T="0" Pressure="0"/>
        <Point X="331" Y="344" T="0" Pressure="0"/>
    </Stroke>
    <Stroke index="2">
        <Point X="316" Y="257" T="0" Pressure="0"/>
        <Point X="316" Y="256" T="0" Pressure="0"/>
        <Point X="315" Y="254" T="0" Pressure="0"/>
        <Point X="315" Y="253" T="0" Pressure="0"/>
        <Point X="314" Y="252" T="0" Pressure="0"/>
        <Point X="314" Y="251" T="0" Pressure="0"/>
        <Point X="315" Y="251" T="0" Pressure="0"/>
        <Point X="316" Y="251" T="0" Pressure="0"/>
        <Point X="317" Y="252" T="0" Pressure="0"/>
        <Point X="320" Y="256" T="0" Pressure="0"/>
        <Point X="322" Y="257" T="0" Pressure="0"/>
        <Point X="324" Y="259" T="0" Pressure="0"/>
        <Point X="327" Y="266" T="0" Pressure="0"/>
        <Point X="329" Y="269" T="0" Pressure="0"/>
        <Point X="331" Y="273" T="0" Pressure="0"/>
        <Point X="335" Y="284" T="0" Pressure="0"/>
        <Point X="338" Y="291" T="0" Pressure="0"/>
        <Point X="340" Y="298" T="0" Pressure="0"/>
        <Point X="346" Y="313" T="0" Pressure="0"/>
        <Point X="347" Y="319" T="0" Pressure="0"/>
        <Point X="350" Y="326" T="0" Pressure="0"/>
        <Point X="355" Y="340" T="0" Pressure="0"/>
        <Point X="358" Y="346" T="0" Pressure="0"/>
        <Point X="360" Y="352" T="0" Pressure="0"/>
        <Point X="365" Y="365" T="0" Pressure="0"/>
        <Point X="367" Y="370" T="0" Pressure="0"/>
        <Point X="369" Y="376" T="0" Pressure="0"/>
        <Point X="373" Y="384" T="0" Pressure="0"/>
        <Point X="374" Y="388" T="0" Pressure="0"/>
        <Point X="376" Y="390" T="0" Pressure="0"/>
        <Point X="379" Y="394" T="0" Pressure="0"/>
        <Point X="380" Y="396" T="0" Pressure="0"/>
        <Point X="381" Y="397" T="0" Pressure="0"/>
        <Point X="383" Y="398" T="0" Pressure="0"/>
        <Point X="384" Y="398" T="0" Pressure="0"/>
        <Point X="385" Y="398" T="0" Pressure="0"/>
        <Point X="387" Y="398" T="0" Pressure="0"/>
        <Point X="387" Y="397" T="0" Pressure="0"/>
        <Point X="388" Y="396" T="0" Pressure="0"/>
        <Point X="389" Y="394" T="0" Pressure="0"/>
        <Point X="390" Y="393" T="0" Pressure="0"/>
        <Point X="391" Y="390" T="0" Pressure="0"/>
        <Point X="392" Y="388" T="0" Pressure="0"/>
        <Point X="395" Y="382" T="0" Pressure="0"/>
        <Point X="396" Y="378" T="0" Pressure="0"/>
        <Point X="398" Y="374" T="0" Pressure="0"/>
        <Point X="400" Y="366" T="0" Pressure="0"/>
        <Point X="403" Y="361" T="0" Pressure="0"/>
        <Point X="404" Y="356" T="0" Pressure="0"/>
        <Point X="407" Y="344" T="0" Pressure="0"/>
        <Point X="410" Y="338" T="0" Pressure="0"/>
        <Point X="411" Y="332" T="0" Pressure="0"/>
        <Point X="415" Y="320" T="0" Pressure="0"/>
        <Point X="418" Y="315" T="0" Pressure="0"/>
        <Point X="420" Y="309" T="0" Pressure="0"/>
        <Point X="425" Y="299" T="0" Pressure="0"/>
        <Point X="426" Y="295" T="0" Pressure="0"/>
        <Point X="428" Y="291" T="0" Pressure="0"/>
        <Point X="432" Y="283" T="0" Pressure="0"/>
        <Point X="433" Y="279" T="0" Pressure="0"/>
        <Point X="437" Y="272" T="0" Pressure="0"/>
        <Point X="438" Y="270" T="0" Pressure="0"/>
        <Point X="439" Y="268" T="0" Pressure="0"/>
        <Point X="440" Y="266" T="0" Pressure="0"/>
        <Point X="441" Y="264" T="0" Pressure="0"/>
        <Point X="442" Y="262" T="0" Pressure="0"/>
        <Point X="443" Y="261" T="0" Pressure="0"/>
        <Point X="445" Y="257" T="0" Pressure="0"/>
        <Point X="445" Y="256" T="0" Pressure="0"/>
        <Point X="446" Y="254" T="0" Pressure="0"/>
        <Point X="446" Y="252" T="0" Pressure="0"/>
        <Point X="446" Y="251" T="0" Pressure="0"/>
        <Point X="445" Y="251" T="0" Pressure="0"/>
        <Point X="444" Y="251" T="0" Pressure="0"/>
        <Point X="443" Y="251" T="0" Pressure="0"/>
        <Point X="440" Y="251" T="0" Pressure="0"/>
        <Point X="438" Y="251" T="0" Pressure="0"/>
        <Point X="436" Y="251" T="0" Pressure="0"/>
        <Point X="434" Y="251" T="0" Pressure="0"/>
        <Point X="432" Y="251" T="0" Pressure="0"/>
        <Point X="429" Y="251" T="0" Pressure="0"/>
        <Point X="427" Y="251" T="0" Pressure="0"/>
        <Point X="424" Y="251" T="0" Pressure="0"/>
        <Point X="421" Y="251" T="0" Pressure="0"/>
        <Point X="418" Y="251" T="0" Pressure="0"/>
        <Point X="414" Y="251" T="0" Pressure="0"/>
        <Point X="406" Y="251" T="0" Pressure="0"/>
        <Point X="400" Y="251" T="0" Pressure="0"/>
        <Point X="395" Y="251" T="0" Pressure="0"/>
        <Point X="384" Y="251" T="0" Pressure="0"/>
        <Point X="378" Y="251" T="0" Pressure="0"/>
        <Point X="372" Y="251" T="0" Pressure="0"/>
        <Point X="359" Y="252" T="0" Pressure="0"/>
        <Point X="354" Y="252" T="0" Pressure="0"/>
        <Point X="348" Y="253" T="0" Pressure="0"/>
        <Point X="343" Y="253" T="0" Pressure="0"/>
        <Point X="338" Y="254" T="0" Pressure="0"/>
        <Point X="333" Y="255" T="0" Pressure="0"/>
        <Point X="328" Y="256" T="0" Pressure="0"/>
        <Point X="322" Y="258" T="0" Pressure="0"/>
        <Point X="320" Y="258" T="0" Pressure="0"/>
        <Point X="317" Y="258" T="0" Pressure="0"/>
        <Point X="313" Y="259" T="0" Pressure="0"/>
        <Point X="312" Y="259" T="0" Pressure="0"/>
        <Point X="312" Y="260" T="0" Pressure="0"/>
        <Point X="312" Y="261" T="0" Pressure="0"/>
        <Point X="315" Y="262" T="0" Pressure="0"/>
    </Stroke>
</Gesture>
