<?xml version="1.0" ?>
<Gesture Name="null~06" Subject="1" Number="6" NumPts="89" InputType="stylus" Speed="MEDIUM">
    <Stroke index="1">
        <Point X="386" Y="285" T="0" Pressure="0"/>
        <Point X="383" Y="283" T="0" Pressure="0"/>
        <Point X="380" Y="282" T="0" Pressure="0"/>
        <Point X="379" Y="282" T="0" Pressure="0"/>
        <Point X="377" Y="282" T="0" Pressure="0"/>
        <Point X="373" Y="284" T="0" Pressure="0"/>
        <Point X="372" Y="286" T="0" Pressure="0"/>
        <Point X="369" Y="288" T="0" Pressure="0"/>
        <Point X="366" Y="292" T="0" Pressure="0"/>
        <Point X="364" Y="294" T="0" Pressure="0"/>
        <Point X="362" Y="297" T="0" Pressure="0"/>
        <Point X="361" Y="301" T="0" Pressure="0"/>
        <Point X="359" Y="304" T="0" Pressure="0"/>
        <Point X="358" Y="308" T="0" Pressure="0"/>
        <Point X="355" Y="317" T="0" Pressure="0"/>
        <Point X="355" Y="322" T="0" Pressure="0"/>
        <Point X="354" Y="326" T="0" Pressure="0"/>
        <Point X="354" Y="329" T="0" Pressure="0"/>
        <Point X="355" Y="333" T="0" Pressure="0"/>
        <Point X="356" Y="338" T="0" Pressure="0"/>
        <Point X="358" Y="341" T="0" Pressure="0"/>
        <Point X="361" Y="348" T="0" Pressure="0"/>
        <Point X="363" Y="351" T="0" Pressure="0"/>
        <Point X="365" Y="353" T="0" Pressure="0"/>
        <Point X="370" Y="358" T="0" Pressure="0"/>
        <Point X="373" Y="361" T="0" Pressure="0"/>
        <Point X="376" Y="362" T="0" Pressure="0"/>
        <Point X="379" Y="363" T="0" Pressure="0"/>
        <Point X="381" Y="364" T="0" Pressure="0"/>
        <Point X="384" Y="364" T="0" Pressure="0"/>
        <Point X="388" Y="364" T="0" Pressure="0"/>
        <Point X="395" Y="363" T="0" Pressure="0"/>
        <Point X="399" Y="361" T="0" Pressure="0"/>
        <Point X="403" Y="359" T="0" Pressure="0"/>
        <Point X="411" Y="355" T="0" Pressure="0"/>
        <Point X="415" Y="351" T="0" Pressure="0"/>
        <Point X="418" Y="349" T="0" Pressure="0"/>
        <Point X="421" Y="346" T="0" Pressure="0"/>
        <Point X="424" Y="343" T="0" Pressure="0"/>
        <Point X="426" Y="341" T="0" Pressure="0"/>
        <Point X="429" Y="338" T="0" Pressure="0"/>
        <Point X="433" Y="326" T="0" Pressure="0"/>
        <Point X="434" Y="322" T="0" Pressure="0"/>
        <Point X="434" Y="318" T="0" Pressure="0"/>
        <Point X="434" Y="314" T="0" Pressure="0"/>
        <Point X="434" Y="308" T="0" Pressure="0"/>
        <Point X="433" Y="299" T="0" Pressure="0"/>
        <Point X="430" Y="295" T="0" Pressure="0"/>
        <Point X="428" Y="292" T="0" Pressure="0"/>
        <Point X="425" Y="289" T="0" Pressure="0"/>
        <Point X="418" Y="284" T="0" Pressure="0"/>
        <Point X="414" Y="283" T="0" Pressure="0"/>
        <Point X="382" Y="285" T="0" Pressure="0"/>
    </Stroke>
    <Stroke index="2">
        <Point X="461" Y="248" T="0" Pressure="0"/>
        <Point X="460" Y="248" T="0" Pressure="0"/>
        <Point X="459" Y="248" T="0" Pressure="0"/>
        <Point X="458" Y="249" T="0" Pressure="0"/>
        <Point X="456" Y="251" T="0" Pressure="0"/>
        <Point X="455" Y="252" T="0" Pressure="0"/>
        <Point X="453" Y="255" T="0" Pressure="0"/>
        <Point X="451" Y="258" T="0" Pressure="0"/>
        <Point X="445" Y="266" T="0" Pressure="0"/>
        <Point X="441" Y="269" T="0" Pressure="0"/>
        <Point X="438" Y="274" T="0" Pressure="0"/>
        <Point X="425" Y="290" T="0" Pressure="0"/>
        <Point X="420" Y="295" T="0" Pressure="0"/>
        <Point X="415" Y="301" T="0" Pressure="0"/>
        <Point X="404" Y="313" T="0" Pressure="0"/>
        <Point X="400" Y="318" T="0" Pressure="0"/>
        <Point X="395" Y="324" T="0" Pressure="0"/>
        <Point X="391" Y="329" T="0" Pressure="0"/>
        <Point X="387" Y="335" T="0" Pressure="0"/>
        <Point X="382" Y="341" T="0" Pressure="0"/>
        <Point X="377" Y="346" T="0" Pressure="0"/>
        <Point X="370" Y="355" T="0" Pressure="0"/>
        <Point X="367" Y="360" T="0" Pressure="0"/>
        <Point X="361" Y="368" T="0" Pressure="0"/>
        <Point X="358" Y="371" T="0" Pressure="0"/>
        <Point X="356" Y="374" T="0" Pressure="0"/>
        <Point X="351" Y="380" T="0" Pressure="0"/>
        <Point X="350" Y="382" T="0" Pressure="0"/>
        <Point X="348" Y="385" T="0" Pressure="0"/>
        <Point X="346" Y="387" T="0" Pressure="0"/>
        <Point X="346" Y="388" T="0" Pressure="0"/>
        <Point X="345" Y="389" T="0" Pressure="0"/>
        <Point X="344" Y="389" T="0" Pressure="0"/>
        <Point X="344" Y="390" T="0" Pressure="0"/>
        <Point X="343" Y="390" T="0" Pressure="0"/>
        <Point X="345" Y="390" T="0" Pressure="0"/>
    </Stroke>
</Gesture>
