<?xml version="1.0" ?>
<Gesture Name="half_note~10" Subject="1" Number="10" NumPts="138" InputType="stylus" Speed="MEDIUM">
    <Stroke index="1">
        <Point X="410" Y="211" T="0" Pressure="0"/>
        <Point X="409" Y="210" T="0" Pressure="0"/>
        <Point X="408" Y="210" T="0" Pressure="0"/>
        <Point X="408" Y="209" T="0" Pressure="0"/>
        <Point X="407" Y="209" T="0" Pressure="0"/>
        <Point X="407" Y="210" T="0" Pressure="0"/>
        <Point X="407" Y="211" T="0" Pressure="0"/>
        <Point X="407" Y="212" T="0" Pressure="0"/>
        <Point X="408" Y="213" T="0" Pressure="0"/>
        <Point X="409" Y="214" T="0" Pressure="0"/>
        <Point X="409" Y="216" T="0" Pressure="0"/>
        <Point X="410" Y="217" T="0" Pressure="0"/>
        <Point X="410" Y="219" T="0" Pressure="0"/>
        <Point X="410" Y="221" T="0" Pressure="0"/>
        <Point X="413" Y="231" T="0" Pressure="0"/>
        <Point X="414" Y="235" T="0" Pressure="0"/>
        <Point X="414" Y="239" T="0" Pressure="0"/>
        <Point X="415" Y="244" T="0" Pressure="0"/>
        <Point X="416" Y="249" T="0" Pressure="0"/>
        <Point X="417" Y="254" T="0" Pressure="0"/>
        <Point X="417" Y="261" T="0" Pressure="0"/>
        <Point X="417" Y="267" T="0" Pressure="0"/>
        <Point X="418" Y="273" T="0" Pressure="0"/>
        <Point X="418" Y="278" T="0" Pressure="0"/>
        <Point X="418" Y="284" T="0" Pressure="0"/>
        <Point X="418" Y="291" T="0" Pressure="0"/>
        <Point X="418" Y="296" T="0" Pressure="0"/>
        <Point X="418" Y="303" T="0" Pressure="0"/>
        <Point X="418" Y="314" T="0" Pressure="0"/>
        <Point X="418" Y="319" T="0" Pressure="0"/>
        <Point X="418" Y="324" T="0" Pressure="0"/>
        <Point X="418" Y="329" T="0" Pressure="0"/>
        <Point X="419" Y="334" T="0" Pressure="0"/>
        <Point X="419" Y="338" T="0" Pressure="0"/>
        <Point X="419" Y="341" T="0" Pressure="0"/>
        <Point X="420" Y="344" T="0" Pressure="0"/>
        <Point X="421" Y="347" T="0" Pressure="0"/>
        <Point X="421" Y="349" T="0" Pressure="0"/>
        <Point X="422" Y="352" T="0" Pressure="0"/>
        <Point X="422" Y="355" T="0" Pressure="0"/>
        <Point X="422" Y="356" T="0" Pressure="0"/>
        <Point X="422" Y="357" T="0" Pressure="0"/>
        <Point X="423" Y="359" T="0" Pressure="0"/>
        <Point X="423" Y="361" T="0" Pressure="0"/>
        <Point X="424" Y="362" T="0" Pressure="0"/>
        <Point X="424" Y="363" T="0" Pressure="0"/>
        <Point X="424" Y="364" T="0" Pressure="0"/>
        <Point X="424" Y="365" T="0" Pressure="0"/>
        <Point X="423" Y="365" T="0" Pressure="0"/>
        <Point X="421" Y="366" T="0" Pressure="0"/>
    </Stroke>
    <Stroke index="2">
        <Point X="417" Y="365" T="0" Pressure="0"/>
        <Point X="417" Y="364" T="0" Pressure="0"/>
        <Point X="415" Y="362" T="0" Pressure="0"/>
        <Point X="415" Y="361" T="0" Pressure="0"/>
        <Point X="415" Y="360" T="0" Pressure="0"/>
        <Point X="414" Y="358" T="0" Pressure="0"/>
        <Point X="414" Y="357" T="0" Pressure="0"/>
        <Point X="414" Y="356" T="0" Pressure="0"/>
        <Point X="414" Y="355" T="0" Pressure="0"/>
        <Point X="413" Y="353" T="0" Pressure="0"/>
        <Point X="413" Y="352" T="0" Pressure="0"/>
        <Point X="412" Y="351" T="0" Pressure="0"/>
        <Point X="410" Y="346" T="0" Pressure="0"/>
        <Point X="410" Y="344" T="0" Pressure="0"/>
        <Point X="409" Y="343" T="0" Pressure="0"/>
        <Point X="407" Y="339" T="0" Pressure="0"/>
        <Point X="405" Y="337" T="0" Pressure="0"/>
        <Point X="403" Y="335" T="0" Pressure="0"/>
        <Point X="402" Y="332" T="0" Pressure="0"/>
        <Point X="400" Y="331" T="0" Pressure="0"/>
        <Point X="398" Y="329" T="0" Pressure="0"/>
        <Point X="396" Y="327" T="0" Pressure="0"/>
        <Point X="394" Y="326" T="0" Pressure="0"/>
        <Point X="391" Y="324" T="0" Pressure="0"/>
        <Point X="389" Y="323" T="0" Pressure="0"/>
        <Point X="387" Y="323" T="0" Pressure="0"/>
        <Point X="382" Y="321" T="0" Pressure="0"/>
        <Point X="380" Y="321" T="0" Pressure="0"/>
        <Point X="377" Y="321" T="0" Pressure="0"/>
        <Point X="374" Y="321" T="0" Pressure="0"/>
        <Point X="372" Y="321" T="0" Pressure="0"/>
        <Point X="370" Y="321" T="0" Pressure="0"/>
        <Point X="368" Y="322" T="0" Pressure="0"/>
        <Point X="365" Y="322" T="0" Pressure="0"/>
        <Point X="362" Y="323" T="0" Pressure="0"/>
        <Point X="360" Y="325" T="0" Pressure="0"/>
        <Point X="358" Y="326" T="0" Pressure="0"/>
        <Point X="355" Y="327" T="0" Pressure="0"/>
        <Point X="353" Y="329" T="0" Pressure="0"/>
        <Point X="350" Y="332" T="0" Pressure="0"/>
        <Point X="347" Y="334" T="0" Pressure="0"/>
        <Point X="343" Y="339" T="0" Pressure="0"/>
        <Point X="340" Y="341" T="0" Pressure="0"/>
        <Point X="339" Y="343" T="0" Pressure="0"/>
        <Point X="335" Y="349" T="0" Pressure="0"/>
        <Point X="335" Y="352" T="0" Pressure="0"/>
        <Point X="334" Y="355" T="0" Pressure="0"/>
        <Point X="334" Y="361" T="0" Pressure="0"/>
        <Point X="334" Y="363" T="0" Pressure="0"/>
        <Point X="334" Y="366" T="0" Pressure="0"/>
        <Point X="334" Y="368" T="0" Pressure="0"/>
        <Point X="335" Y="370" T="0" Pressure="0"/>
        <Point X="335" Y="372" T="0" Pressure="0"/>
        <Point X="336" Y="374" T="0" Pressure="0"/>
        <Point X="338" Y="376" T="0" Pressure="0"/>
        <Point X="339" Y="378" T="0" Pressure="0"/>
        <Point X="341" Y="380" T="0" Pressure="0"/>
        <Point X="343" Y="381" T="0" Pressure="0"/>
        <Point X="346" Y="382" T="0" Pressure="0"/>
        <Point X="347" Y="382" T="0" Pressure="0"/>
        <Point X="350" Y="383" T="0" Pressure="0"/>
        <Point X="353" Y="383" T="0" Pressure="0"/>
        <Point X="355" Y="384" T="0" Pressure="0"/>
        <Point X="358" Y="385" T="0" Pressure="0"/>
        <Point X="361" Y="385" T="0" Pressure="0"/>
        <Point X="365" Y="385" T="0" Pressure="0"/>
        <Point X="368" Y="385" T="0" Pressure="0"/>
        <Point X="371" Y="384" T="0" Pressure="0"/>
        <Point X="374" Y="383" T="0" Pressure="0"/>
        <Point X="378" Y="382" T="0" Pressure="0"/>
        <Point X="381" Y="381" T="0" Pressure="0"/>
        <Point X="385" Y="380" T="0" Pressure="0"/>
        <Point X="389" Y="378" T="0" Pressure="0"/>
        <Point X="393" Y="376" T="0" Pressure="0"/>
        <Point X="396" Y="375" T="0" Pressure="0"/>
        <Point X="399" Y="374" T="0" Pressure="0"/>
        <Point X="403" Y="372" T="0" Pressure="0"/>
        <Point X="405" Y="371" T="0" Pressure="0"/>
        <Point X="408" Y="369" T="0" Pressure="0"/>
        <Point X="411" Y="368" T="0" Pressure="0"/>
        <Point X="413" Y="367" T="0" Pressure="0"/>
        <Point X="414" Y="365" T="0" Pressure="0"/>
        <Point X="415" Y="364" T="0" Pressure="0"/>
        <Point X="417" Y="363" T="0" Pressure="0"/>
        <Point X="418" Y="362" T="0" Pressure="0"/>
        <Point X="418" Y="361" T="0" Pressure="0"/>
        <Point X="419" Y="361" T="0" Pressure="0"/>
        <Point X="419" Y="360" T="0" Pressure="0"/>
    </Stroke>
</Gesture>
