<?xml version="1.0" ?>
<Gesture Name="H~10" Subject="1" Number="10" NumPts="103" InputType="stylus" Speed="MEDIUM">
    <Stroke index="1">
        <Point X="297" Y="196" T="0" Pressure="0"/>
        <Point X="296" Y="194" T="0" Pressure="0"/>
        <Point X="296" Y="193" T="0" Pressure="0"/>
        <Point X="297" Y="193" T="0" Pressure="0"/>
        <Point X="297" Y="194" T="0" Pressure="0"/>
        <Point X="297" Y="195" T="0" Pressure="0"/>
        <Point X="297" Y="200" T="0" Pressure="0"/>
        <Point X="297" Y="202" T="0" Pressure="0"/>
        <Point X="297" Y="206" T="0" Pressure="0"/>
        <Point X="297" Y="217" T="0" Pressure="0"/>
        <Point X="297" Y="221" T="0" Pressure="0"/>
        <Point X="297" Y="227" T="0" Pressure="0"/>
        <Point X="297" Y="235" T="0" Pressure="0"/>
        <Point X="297" Y="242" T="0" Pressure="0"/>
        <Point X="296" Y="250" T="0" Pressure="0"/>
        <Point X="295" Y="258" T="0" Pressure="0"/>
        <Point X="295" Y="267" T="0" Pressure="0"/>
        <Point X="294" Y="276" T="0" Pressure="0"/>
        <Point X="293" Y="285" T="0" Pressure="0"/>
        <Point X="292" Y="293" T="0" Pressure="0"/>
        <Point X="291" Y="301" T="0" Pressure="0"/>
        <Point X="290" Y="308" T="0" Pressure="0"/>
        <Point X="290" Y="316" T="0" Pressure="0"/>
        <Point X="290" Y="322" T="0" Pressure="0"/>
        <Point X="290" Y="328" T="0" Pressure="0"/>
        <Point X="290" Y="333" T="0" Pressure="0"/>
        <Point X="290" Y="337" T="0" Pressure="0"/>
        <Point X="290" Y="341" T="0" Pressure="0"/>
        <Point X="290" Y="344" T="0" Pressure="0"/>
        <Point X="291" Y="346" T="0" Pressure="0"/>
        <Point X="291" Y="349" T="0" Pressure="0"/>
        <Point X="292" Y="351" T="0" Pressure="0"/>
    </Stroke>
    <Stroke index="2">
        <Point X="289" Y="279" T="0" Pressure="0"/>
        <Point X="288" Y="277" T="0" Pressure="0"/>
        <Point X="287" Y="276" T="0" Pressure="0"/>
        <Point X="288" Y="271" T="0" Pressure="0"/>
        <Point X="290" Y="269" T="0" Pressure="0"/>
        <Point X="291" Y="268" T="0" Pressure="0"/>
        <Point X="293" Y="267" T="0" Pressure="0"/>
        <Point X="298" Y="266" T="0" Pressure="0"/>
        <Point X="301" Y="265" T="0" Pressure="0"/>
        <Point X="305" Y="264" T="0" Pressure="0"/>
        <Point X="310" Y="263" T="0" Pressure="0"/>
        <Point X="315" Y="263" T="0" Pressure="0"/>
        <Point X="319" Y="262" T="0" Pressure="0"/>
        <Point X="328" Y="260" T="0" Pressure="0"/>
        <Point X="334" Y="259" T="0" Pressure="0"/>
        <Point X="339" Y="258" T="0" Pressure="0"/>
        <Point X="347" Y="256" T="0" Pressure="0"/>
        <Point X="352" Y="255" T="0" Pressure="0"/>
        <Point X="357" Y="253" T="0" Pressure="0"/>
        <Point X="365" Y="251" T="0" Pressure="0"/>
        <Point X="369" Y="249" T="0" Pressure="0"/>
        <Point X="373" Y="248" T="0" Pressure="0"/>
        <Point X="381" Y="244" T="0" Pressure="0"/>
        <Point X="384" Y="242" T="0" Pressure="0"/>
        <Point X="388" Y="239" T="0" Pressure="0"/>
        <Point X="395" Y="235" T="0" Pressure="0"/>
        <Point X="398" Y="233" T="0" Pressure="0"/>
        <Point X="401" Y="231" T="0" Pressure="0"/>
        <Point X="407" Y="225" T="0" Pressure="0"/>
    </Stroke>
    <Stroke index="3">
        <Point X="400" Y="202" T="0" Pressure="0"/>
        <Point X="399" Y="201" T="0" Pressure="0"/>
        <Point X="398" Y="201" T="0" Pressure="0"/>
        <Point X="396" Y="200" T="0" Pressure="0"/>
        <Point X="394" Y="198" T="0" Pressure="0"/>
        <Point X="393" Y="197" T="0" Pressure="0"/>
        <Point X="392" Y="197" T="0" Pressure="0"/>
        <Point X="391" Y="198" T="0" Pressure="0"/>
        <Point X="391" Y="199" T="0" Pressure="0"/>
        <Point X="391" Y="200" T="0" Pressure="0"/>
        <Point X="390" Y="201" T="0" Pressure="0"/>
        <Point X="389" Y="204" T="0" Pressure="0"/>
        <Point X="389" Y="207" T="0" Pressure="0"/>
        <Point X="388" Y="209" T="0" Pressure="0"/>
        <Point X="388" Y="216" T="0" Pressure="0"/>
        <Point X="388" Y="228" T="0" Pressure="0"/>
        <Point X="388" Y="233" T="0" Pressure="0"/>
        <Point X="388" Y="239" T="0" Pressure="0"/>
        <Point X="388" Y="246" T="0" Pressure="0"/>
        <Point X="388" Y="257" T="0" Pressure="0"/>
        <Point X="388" Y="263" T="0" Pressure="0"/>
        <Point X="388" Y="269" T="0" Pressure="0"/>
        <Point X="388" Y="281" T="0" Pressure="0"/>
        <Point X="388" Y="286" T="0" Pressure="0"/>
        <Point X="388" Y="290" T="0" Pressure="0"/>
        <Point X="387" Y="298" T="0" Pressure="0"/>
        <Point X="386" Y="302" T="0" Pressure="0"/>
        <Point X="385" Y="307" T="0" Pressure="0"/>
        <Point X="384" Y="314" T="0" Pressure="0"/>
        <Point X="384" Y="318" T="0" Pressure="0"/>
        <Point X="383" Y="321" T="0" Pressure="0"/>
        <Point X="381" Y="327" T="0" Pressure="0"/>
        <Point X="380" Y="329" T="0" Pressure="0"/>
        <Point X="380" Y="331" T="0" Pressure="0"/>
        <Point X="378" Y="335" T="0" Pressure="0"/>
        <Point X="377" Y="337" T="0" Pressure="0"/>
        <Point X="377" Y="340" T="0" Pressure="0"/>
        <Point X="376" Y="341" T="0" Pressure="0"/>
        <Point X="376" Y="343" T="0" Pressure="0"/>
        <Point X="376" Y="344" T="0" Pressure="0"/>
        <Point X="376" Y="346" T="0" Pressure="0"/>
        <Point X="376" Y="349" T="0" Pressure="0"/>
    </Stroke>
</Gesture>
