<?xml version="1.0" ?>
<Gesture Name="pitchfork~10" Subject="1" Number="10" NumPts="99" InputType="stylus" Speed="MEDIUM">
    <Stroke index="1">
        <Point X="360" Y="208" T="0" Pressure="0"/>
        <Point X="359" Y="206" T="0" Pressure="0"/>
        <Point X="358" Y="205" T="0" Pressure="0"/>
        <Point X="358" Y="204" T="0" Pressure="0"/>
        <Point X="358" Y="203" T="0" Pressure="0"/>
        <Point X="357" Y="204" T="0" Pressure="0"/>
        <Point X="357" Y="206" T="0" Pressure="0"/>
        <Point X="356" Y="208" T="0" Pressure="0"/>
        <Point X="355" Y="211" T="0" Pressure="0"/>
        <Point X="354" Y="213" T="0" Pressure="0"/>
        <Point X="354" Y="217" T="0" Pressure="0"/>
        <Point X="354" Y="219" T="0" Pressure="0"/>
        <Point X="354" Y="224" T="0" Pressure="0"/>
        <Point X="354" Y="227" T="0" Pressure="0"/>
        <Point X="354" Y="231" T="0" Pressure="0"/>
        <Point X="355" Y="234" T="0" Pressure="0"/>
        <Point X="356" Y="239" T="0" Pressure="0"/>
        <Point X="358" Y="242" T="0" Pressure="0"/>
        <Point X="359" Y="247" T="0" Pressure="0"/>
        <Point X="362" Y="254" T="0" Pressure="0"/>
        <Point X="364" Y="258" T="0" Pressure="0"/>
        <Point X="366" Y="261" T="0" Pressure="0"/>
        <Point X="372" Y="267" T="0" Pressure="0"/>
        <Point X="374" Y="268" T="0" Pressure="0"/>
        <Point X="376" Y="269" T="0" Pressure="0"/>
        <Point X="383" Y="271" T="0" Pressure="0"/>
        <Point X="386" Y="272" T="0" Pressure="0"/>
        <Point X="389" Y="272" T="0" Pressure="0"/>
        <Point X="392" Y="272" T="0" Pressure="0"/>
        <Point X="395" Y="272" T="0" Pressure="0"/>
        <Point X="399" Y="271" T="0" Pressure="0"/>
        <Point X="403" Y="270" T="0" Pressure="0"/>
        <Point X="407" Y="268" T="0" Pressure="0"/>
        <Point X="411" Y="266" T="0" Pressure="0"/>
        <Point X="415" Y="263" T="0" Pressure="0"/>
        <Point X="419" Y="261" T="0" Pressure="0"/>
        <Point X="426" Y="254" T="0" Pressure="0"/>
        <Point X="430" Y="251" T="0" Pressure="0"/>
        <Point X="434" Y="247" T="0" Pressure="0"/>
        <Point X="437" Y="244" T="0" Pressure="0"/>
        <Point X="440" Y="240" T="0" Pressure="0"/>
        <Point X="443" Y="236" T="0" Pressure="0"/>
        <Point X="445" Y="232" T="0" Pressure="0"/>
        <Point X="447" Y="228" T="0" Pressure="0"/>
        <Point X="450" Y="220" T="0" Pressure="0"/>
        <Point X="451" Y="218" T="0" Pressure="0"/>
        <Point X="451" Y="215" T="0" Pressure="0"/>
        <Point X="451" Y="213" T="0" Pressure="0"/>
        <Point X="451" Y="211" T="0" Pressure="0"/>
        <Point X="451" Y="208" T="0" Pressure="0"/>
        <Point X="450" Y="207" T="0" Pressure="0"/>
        <Point X="449" Y="206" T="0" Pressure="0"/>
        <Point X="448" Y="205" T="0" Pressure="0"/>
        <Point X="447" Y="203" T="0" Pressure="0"/>
        <Point X="446" Y="203" T="0" Pressure="0"/>
        <Point X="445" Y="203" T="0" Pressure="0"/>
        <Point X="444" Y="203" T="0" Pressure="0"/>
        <Point X="443" Y="203" T="0" Pressure="0"/>
        <Point X="442" Y="203" T="0" Pressure="0"/>
        <Point X="440" Y="203" T="0" Pressure="0"/>
    </Stroke>
    <Stroke index="2">
        <Point X="402" Y="198" T="0" Pressure="0"/>
        <Point X="400" Y="197" T="0" Pressure="0"/>
        <Point X="399" Y="198" T="0" Pressure="0"/>
        <Point X="399" Y="199" T="0" Pressure="0"/>
        <Point X="399" Y="203" T="0" Pressure="0"/>
        <Point X="399" Y="206" T="0" Pressure="0"/>
        <Point X="399" Y="208" T="0" Pressure="0"/>
        <Point X="399" Y="210" T="0" Pressure="0"/>
        <Point X="399" Y="214" T="0" Pressure="0"/>
        <Point X="399" Y="217" T="0" Pressure="0"/>
        <Point X="398" Y="226" T="0" Pressure="0"/>
        <Point X="397" Y="237" T="0" Pressure="0"/>
        <Point X="396" Y="243" T="0" Pressure="0"/>
        <Point X="396" Y="249" T="0" Pressure="0"/>
        <Point X="395" Y="256" T="0" Pressure="0"/>
        <Point X="395" Y="264" T="0" Pressure="0"/>
        <Point X="394" Y="269" T="0" Pressure="0"/>
        <Point X="394" Y="275" T="0" Pressure="0"/>
        <Point X="394" Y="281" T="0" Pressure="0"/>
        <Point X="394" Y="287" T="0" Pressure="0"/>
        <Point X="394" Y="298" T="0" Pressure="0"/>
        <Point X="395" Y="307" T="0" Pressure="0"/>
        <Point X="395" Y="312" T="0" Pressure="0"/>
        <Point X="395" Y="320" T="0" Pressure="0"/>
        <Point X="394" Y="327" T="0" Pressure="0"/>
        <Point X="394" Y="331" T="0" Pressure="0"/>
        <Point X="394" Y="334" T="0" Pressure="0"/>
        <Point X="393" Y="338" T="0" Pressure="0"/>
        <Point X="393" Y="341" T="0" Pressure="0"/>
        <Point X="392" Y="343" T="0" Pressure="0"/>
        <Point X="392" Y="346" T="0" Pressure="0"/>
        <Point X="392" Y="348" T="0" Pressure="0"/>
        <Point X="392" Y="351" T="0" Pressure="0"/>
        <Point X="392" Y="353" T="0" Pressure="0"/>
        <Point X="392" Y="355" T="0" Pressure="0"/>
        <Point X="392" Y="357" T="0" Pressure="0"/>
        <Point X="392" Y="360" T="0" Pressure="0"/>
        <Point X="392" Y="361" T="0" Pressure="0"/>
        <Point X="393" Y="361" T="0" Pressure="0"/>
    </Stroke>
</Gesture>
