<?xml version="1.0" ?>
<Gesture Name="exclamation_point~10" Subject="1" Number="10" NumPts="31" InputType="stylus" Speed="MEDIUM">
    <Stroke index="1">
        <Point X="414" Y="215" T="0" Pressure="0"/>
        <Point X="414" Y="217" T="0" Pressure="0"/>
        <Point X="415" Y="219" T="0" Pressure="0"/>
        <Point X="415" Y="220" T="0" Pressure="0"/>
        <Point X="415" Y="222" T="0" Pressure="0"/>
        <Point X="417" Y="229" T="0" Pressure="0"/>
        <Point X="417" Y="233" T="0" Pressure="0"/>
        <Point X="417" Y="238" T="0" Pressure="0"/>
        <Point X="417" Y="243" T="0" Pressure="0"/>
        <Point X="417" Y="249" T="0" Pressure="0"/>
        <Point X="417" Y="254" T="0" Pressure="0"/>
        <Point X="417" Y="264" T="0" Pressure="0"/>
        <Point X="417" Y="270" T="0" Pressure="0"/>
        <Point X="418" Y="276" T="0" Pressure="0"/>
        <Point X="418" Y="286" T="0" Pressure="0"/>
        <Point X="418" Y="291" T="0" Pressure="0"/>
        <Point X="418" Y="295" T="0" Pressure="0"/>
        <Point X="418" Y="301" T="0" Pressure="0"/>
        <Point X="417" Y="311" T="0" Pressure="0"/>
        <Point X="417" Y="315" T="0" Pressure="0"/>
        <Point X="415" Y="324" T="0" Pressure="0"/>
    </Stroke>
    <Stroke index="2">
        <Point X="422" Y="377" T="0" Pressure="0"/>
        <Point X="422" Y="376" T="0" Pressure="0"/>
        <Point X="421" Y="375" T="0" Pressure="0"/>
        <Point X="421" Y="374" T="0" Pressure="0"/>
        <Point X="420" Y="373" T="0" Pressure="0"/>
        <Point X="419" Y="372" T="0" Pressure="0"/>
        <Point X="419" Y="371" T="0" Pressure="0"/>
        <Point X="420" Y="371" T="0" Pressure="0"/>
        <Point X="421" Y="371" T="0" Pressure="0"/>
        <Point X="421" Y="372" T="0" Pressure="0"/>
    </Stroke>
</Gesture>
