<?xml version="1.0" ?>
<Gesture Name="T~08" Subject="1" Number="8" NumPts="43" InputType="stylus" Speed="MEDIUM">
    <Stroke index="1">
        <Point X="334" Y="322" T="0" Pressure="0"/>
        <Point X="335" Y="320" T="0" Pressure="0"/>
        <Point X="335" Y="319" T="0" Pressure="0"/>
        <Point X="336" Y="318" T="0" Pressure="0"/>
        <Point X="338" Y="318" T="0" Pressure="0"/>
        <Point X="340" Y="317" T="0" Pressure="0"/>
        <Point X="343" Y="317" T="0" Pressure="0"/>
        <Point X="345" Y="316" T="0" Pressure="0"/>
        <Point X="349" Y="315" T="0" Pressure="0"/>
        <Point X="353" Y="314" T="0" Pressure="0"/>
        <Point X="358" Y="313" T="0" Pressure="0"/>
        <Point X="362" Y="312" T="0" Pressure="0"/>
        <Point X="368" Y="310" T="0" Pressure="0"/>
        <Point X="373" Y="309" T="0" Pressure="0"/>
        <Point X="380" Y="307" T="0" Pressure="0"/>
        <Point X="392" Y="306" T="0" Pressure="0"/>
        <Point X="398" Y="305" T="0" Pressure="0"/>
        <Point X="403" Y="304" T="0" Pressure="0"/>
        <Point X="414" Y="303" T="0" Pressure="0"/>
        <Point X="418" Y="303" T="0" Pressure="0"/>
        <Point X="422" Y="303" T="0" Pressure="0"/>
        <Point X="426" Y="303" T="0" Pressure="0"/>
        <Point X="428" Y="303" T="0" Pressure="0"/>
        <Point X="429" Y="304" T="0" Pressure="0"/>
    </Stroke>
    <Stroke index="2">
        <Point X="400" Y="311" T="0" Pressure="0"/>
        <Point X="399" Y="311" T="0" Pressure="0"/>
        <Point X="398" Y="312" T="0" Pressure="0"/>
        <Point X="398" Y="313" T="0" Pressure="0"/>
        <Point X="398" Y="314" T="0" Pressure="0"/>
        <Point X="398" Y="315" T="0" Pressure="0"/>
        <Point X="399" Y="317" T="0" Pressure="0"/>
        <Point X="399" Y="319" T="0" Pressure="0"/>
        <Point X="400" Y="324" T="0" Pressure="0"/>
        <Point X="402" Y="328" T="0" Pressure="0"/>
        <Point X="402" Y="333" T="0" Pressure="0"/>
        <Point X="402" Y="338" T="0" Pressure="0"/>
        <Point X="402" Y="343" T="0" Pressure="0"/>
        <Point X="401" Y="348" T="0" Pressure="0"/>
        <Point X="399" Y="353" T="0" Pressure="0"/>
        <Point X="397" Y="365" T="0" Pressure="0"/>
        <Point X="395" Y="370" T="0" Pressure="0"/>
        <Point X="394" Y="377" T="0" Pressure="0"/>
        <Point X="392" Y="382" T="0" Pressure="0"/>
    </Stroke>
</Gesture>
