<?xml version="1.0" ?>
<Gesture Name="I~03" Subject="1" Number="3" NumPts="96" InputType="stylus" Speed="MEDIUM">
    <Stroke index="1">
        <Point X="339" Y="247" T="0" Pressure="0"/>
        <Point X="339" Y="246" T="0" Pressure="0"/>
        <Point X="340" Y="245" T="0" Pressure="0"/>
        <Point X="342" Y="244" T="0" Pressure="0"/>
        <Point X="344" Y="244" T="0" Pressure="0"/>
        <Point X="347" Y="243" T="0" Pressure="0"/>
        <Point X="351" Y="241" T="0" Pressure="0"/>
        <Point X="358" Y="239" T="0" Pressure="0"/>
        <Point X="364" Y="239" T="0" Pressure="0"/>
        <Point X="370" Y="237" T="0" Pressure="0"/>
        <Point X="378" Y="235" T="0" Pressure="0"/>
        <Point X="386" Y="233" T="0" Pressure="0"/>
        <Point X="395" Y="232" T="0" Pressure="0"/>
        <Point X="403" Y="231" T="0" Pressure="0"/>
        <Point X="410" Y="229" T="0" Pressure="0"/>
        <Point X="417" Y="228" T="0" Pressure="0"/>
        <Point X="424" Y="228" T="0" Pressure="0"/>
        <Point X="430" Y="227" T="0" Pressure="0"/>
        <Point X="436" Y="227" T="0" Pressure="0"/>
        <Point X="441" Y="227" T="0" Pressure="0"/>
        <Point X="445" Y="226" T="0" Pressure="0"/>
        <Point X="448" Y="226" T="0" Pressure="0"/>
        <Point X="452" Y="226" T="0" Pressure="0"/>
        <Point X="453" Y="227" T="0" Pressure="0"/>
        <Point X="455" Y="228" T="0" Pressure="0"/>
        <Point X="455" Y="229" T="0" Pressure="0"/>
        <Point X="455" Y="230" T="0" Pressure="0"/>
    </Stroke>
    <Stroke index="2">
        <Point X="400" Y="244" T="0" Pressure="0"/>
        <Point X="399" Y="243" T="0" Pressure="0"/>
        <Point X="399" Y="244" T="0" Pressure="0"/>
        <Point X="399" Y="246" T="0" Pressure="0"/>
        <Point X="399" Y="248" T="0" Pressure="0"/>
        <Point X="399" Y="251" T="0" Pressure="0"/>
        <Point X="399" Y="253" T="0" Pressure="0"/>
        <Point X="399" Y="258" T="0" Pressure="0"/>
        <Point X="399" Y="263" T="0" Pressure="0"/>
        <Point X="399" Y="268" T="0" Pressure="0"/>
        <Point X="399" Y="273" T="0" Pressure="0"/>
        <Point X="398" Y="279" T="0" Pressure="0"/>
        <Point X="398" Y="284" T="0" Pressure="0"/>
        <Point X="397" Y="291" T="0" Pressure="0"/>
        <Point X="396" Y="296" T="0" Pressure="0"/>
        <Point X="396" Y="301" T="0" Pressure="0"/>
        <Point X="395" Y="306" T="0" Pressure="0"/>
        <Point X="395" Y="311" T="0" Pressure="0"/>
        <Point X="395" Y="315" T="0" Pressure="0"/>
        <Point X="394" Y="322" T="0" Pressure="0"/>
        <Point X="393" Y="324" T="0" Pressure="0"/>
        <Point X="393" Y="327" T="0" Pressure="0"/>
        <Point X="392" Y="329" T="0" Pressure="0"/>
        <Point X="392" Y="331" T="0" Pressure="0"/>
        <Point X="391" Y="332" T="0" Pressure="0"/>
        <Point X="391" Y="334" T="0" Pressure="0"/>
        <Point X="391" Y="335" T="0" Pressure="0"/>
        <Point X="391" Y="336" T="0" Pressure="0"/>
        <Point X="391" Y="337" T="0" Pressure="0"/>
    </Stroke>
    <Stroke index="3">
        <Point X="334" Y="369" T="0" Pressure="0"/>
        <Point X="331" Y="368" T="0" Pressure="0"/>
        <Point X="330" Y="368" T="0" Pressure="0"/>
        <Point X="330" Y="367" T="0" Pressure="0"/>
        <Point X="330" Y="366" T="0" Pressure="0"/>
        <Point X="331" Y="365" T="0" Pressure="0"/>
        <Point X="334" Y="364" T="0" Pressure="0"/>
        <Point X="336" Y="364" T="0" Pressure="0"/>
        <Point X="339" Y="363" T="0" Pressure="0"/>
        <Point X="342" Y="362" T="0" Pressure="0"/>
        <Point X="346" Y="361" T="0" Pressure="0"/>
        <Point X="354" Y="359" T="0" Pressure="0"/>
        <Point X="366" Y="357" T="0" Pressure="0"/>
        <Point X="373" Y="355" T="0" Pressure="0"/>
        <Point X="380" Y="353" T="0" Pressure="0"/>
        <Point X="387" Y="352" T="0" Pressure="0"/>
        <Point X="393" Y="351" T="0" Pressure="0"/>
        <Point X="399" Y="351" T="0" Pressure="0"/>
        <Point X="405" Y="350" T="0" Pressure="0"/>
        <Point X="411" Y="349" T="0" Pressure="0"/>
        <Point X="417" Y="348" T="0" Pressure="0"/>
        <Point X="422" Y="348" T="0" Pressure="0"/>
        <Point X="426" Y="347" T="0" Pressure="0"/>
        <Point X="431" Y="346" T="0" Pressure="0"/>
        <Point X="436" Y="346" T="0" Pressure="0"/>
        <Point X="445" Y="344" T="0" Pressure="0"/>
        <Point X="448" Y="344" T="0" Pressure="0"/>
        <Point X="451" Y="344" T="0" Pressure="0"/>
        <Point X="452" Y="343" T="0" Pressure="0"/>
        <Point X="453" Y="343" T="0" Pressure="0"/>
        <Point X="454" Y="343" T="0" Pressure="0"/>
        <Point X="455" Y="343" T="0" Pressure="0"/>
        <Point X="454" Y="343" T="0" Pressure="0"/>
        <Point X="453" Y="344" T="0" Pressure="0"/>
        <Point X="452" Y="344" T="0" Pressure="0"/>
        <Point X="451" Y="345" T="0" Pressure="0"/>
        <Point X="449" Y="345" T="0" Pressure="0"/>
        <Point X="448" Y="346" T="0" Pressure="0"/>
        <Point X="445" Y="347" T="0" Pressure="0"/>
        <Point X="443" Y="348" T="0" Pressure="0"/>
    </Stroke>
</Gesture>
