<?xml version="1.0" ?>
<Gesture Name="P~06" Subject="1" Number="6" NumPts="62" InputType="stylus" Speed="MEDIUM">
    <Stroke index="1">
        <Point X="369" Y="268" T="0" Pressure="0"/>
        <Point X="369" Y="266" T="0" Pressure="0"/>
        <Point X="369" Y="265" T="0" Pressure="0"/>
        <Point X="369" Y="266" T="0" Pressure="0"/>
        <Point X="370" Y="267" T="0" Pressure="0"/>
        <Point X="370" Y="269" T="0" Pressure="0"/>
        <Point X="370" Y="270" T="0" Pressure="0"/>
        <Point X="370" Y="274" T="0" Pressure="0"/>
        <Point X="370" Y="277" T="0" Pressure="0"/>
        <Point X="370" Y="280" T="0" Pressure="0"/>
        <Point X="370" Y="288" T="0" Pressure="0"/>
        <Point X="369" Y="293" T="0" Pressure="0"/>
        <Point X="369" Y="299" T="0" Pressure="0"/>
        <Point X="367" Y="312" T="0" Pressure="0"/>
        <Point X="366" Y="318" T="0" Pressure="0"/>
        <Point X="365" Y="324" T="0" Pressure="0"/>
        <Point X="364" Y="337" T="0" Pressure="0"/>
        <Point X="363" Y="341" T="0" Pressure="0"/>
        <Point X="362" Y="344" T="0" Pressure="0"/>
        <Point X="362" Y="351" T="0" Pressure="0"/>
        <Point X="362" Y="353" T="0" Pressure="0"/>
        <Point X="362" Y="356" T="0" Pressure="0"/>
        <Point X="362" Y="357" T="0" Pressure="0"/>
        <Point X="361" Y="359" T="0" Pressure="0"/>
        <Point X="361" Y="360" T="0" Pressure="0"/>
        <Point X="361" Y="361" T="0" Pressure="0"/>
    </Stroke>
    <Stroke index="2">
        <Point X="360" Y="260" T="0" Pressure="0"/>
        <Point X="359" Y="258" T="0" Pressure="0"/>
        <Point X="359" Y="257" T="0" Pressure="0"/>
        <Point X="360" Y="257" T="0" Pressure="0"/>
        <Point X="361" Y="256" T="0" Pressure="0"/>
        <Point X="362" Y="256" T="0" Pressure="0"/>
        <Point X="366" Y="256" T="0" Pressure="0"/>
        <Point X="369" Y="256" T="0" Pressure="0"/>
        <Point X="372" Y="256" T="0" Pressure="0"/>
        <Point X="380" Y="256" T="0" Pressure="0"/>
        <Point X="383" Y="256" T="0" Pressure="0"/>
        <Point X="387" Y="256" T="0" Pressure="0"/>
        <Point X="395" Y="257" T="0" Pressure="0"/>
        <Point X="399" Y="258" T="0" Pressure="0"/>
        <Point X="403" Y="258" T="0" Pressure="0"/>
        <Point X="409" Y="261" T="0" Pressure="0"/>
        <Point X="411" Y="262" T="0" Pressure="0"/>
        <Point X="413" Y="264" T="0" Pressure="0"/>
        <Point X="414" Y="268" T="0" Pressure="0"/>
        <Point X="414" Y="270" T="0" Pressure="0"/>
        <Point X="414" Y="272" T="0" Pressure="0"/>
        <Point X="413" Y="276" T="0" Pressure="0"/>
        <Point X="412" Y="277" T="0" Pressure="0"/>
        <Point X="411" Y="279" T="0" Pressure="0"/>
        <Point X="410" Y="281" T="0" Pressure="0"/>
        <Point X="407" Y="282" T="0" Pressure="0"/>
        <Point X="405" Y="283" T="0" Pressure="0"/>
        <Point X="403" Y="284" T="0" Pressure="0"/>
        <Point X="396" Y="288" T="0" Pressure="0"/>
        <Point X="394" Y="289" T="0" Pressure="0"/>
        <Point X="385" Y="292" T="0" Pressure="0"/>
        <Point X="383" Y="292" T="0" Pressure="0"/>
        <Point X="380" Y="293" T="0" Pressure="0"/>
        <Point X="378" Y="293" T="0" Pressure="0"/>
        <Point X="373" Y="296" T="0" Pressure="0"/>
        <Point X="372" Y="296" T="0" Pressure="0"/>
    </Stroke>
</Gesture>
