<?xml version="1.0" ?>
<Gesture Name="arrowhead~02" Subject="1" Number="2" NumPts="90" InputType="stylus" Speed="MEDIUM">
    <Stroke index="1">
        <Point X="304" Y="357" T="0" Pressure="0"/>
        <Point X="305" Y="356" T="0" Pressure="0"/>
        <Point X="309" Y="356" T="0" Pressure="0"/>
        <Point X="310" Y="355" T="0" Pressure="0"/>
        <Point X="313" Y="355" T="0" Pressure="0"/>
        <Point X="317" Y="355" T="0" Pressure="0"/>
        <Point X="321" Y="355" T="0" Pressure="0"/>
        <Point X="326" Y="355" T="0" Pressure="0"/>
        <Point X="331" Y="355" T="0" Pressure="0"/>
        <Point X="337" Y="355" T="0" Pressure="0"/>
        <Point X="343" Y="355" T="0" Pressure="0"/>
        <Point X="349" Y="355" T="0" Pressure="0"/>
        <Point X="357" Y="355" T="0" Pressure="0"/>
        <Point X="363" Y="355" T="0" Pressure="0"/>
        <Point X="369" Y="355" T="0" Pressure="0"/>
        <Point X="376" Y="355" T="0" Pressure="0"/>
        <Point X="399" Y="355" T="0" Pressure="0"/>
        <Point X="404" Y="355" T="0" Pressure="0"/>
        <Point X="411" Y="355" T="0" Pressure="0"/>
        <Point X="417" Y="355" T="0" Pressure="0"/>
        <Point X="423" Y="355" T="0" Pressure="0"/>
        <Point X="429" Y="356" T="0" Pressure="0"/>
        <Point X="434" Y="356" T="0" Pressure="0"/>
        <Point X="438" Y="356" T="0" Pressure="0"/>
        <Point X="445" Y="356" T="0" Pressure="0"/>
        <Point X="448" Y="356" T="0" Pressure="0"/>
        <Point X="452" Y="356" T="0" Pressure="0"/>
        <Point X="454" Y="356" T="0" Pressure="0"/>
        <Point X="455" Y="357" T="0" Pressure="0"/>
        <Point X="456" Y="357" T="0" Pressure="0"/>
        <Point X="457" Y="357" T="0" Pressure="0"/>
        <Point X="458" Y="357" T="0" Pressure="0"/>
        <Point X="457" Y="357" T="0" Pressure="0"/>
        <Point X="456" Y="357" T="0" Pressure="0"/>
        <Point X="455" Y="357" T="0" Pressure="0"/>
    </Stroke>
    <Stroke index="2">
        <Point X="445" Y="317" T="0" Pressure="0"/>
        <Point X="444" Y="316" T="0" Pressure="0"/>
        <Point X="442" Y="314" T="0" Pressure="0"/>
        <Point X="441" Y="314" T="0" Pressure="0"/>
        <Point X="440" Y="313" T="0" Pressure="0"/>
        <Point X="440" Y="312" T="0" Pressure="0"/>
        <Point X="439" Y="312" T="0" Pressure="0"/>
        <Point X="437" Y="312" T="0" Pressure="0"/>
        <Point X="436" Y="312" T="0" Pressure="0"/>
        <Point X="435" Y="313" T="0" Pressure="0"/>
        <Point X="435" Y="314" T="0" Pressure="0"/>
        <Point X="435" Y="315" T="0" Pressure="0"/>
        <Point X="436" Y="316" T="0" Pressure="0"/>
        <Point X="436" Y="317" T="0" Pressure="0"/>
        <Point X="437" Y="318" T="0" Pressure="0"/>
        <Point X="438" Y="319" T="0" Pressure="0"/>
        <Point X="439" Y="320" T="0" Pressure="0"/>
        <Point X="440" Y="322" T="0" Pressure="0"/>
        <Point X="441" Y="323" T="0" Pressure="0"/>
        <Point X="444" Y="326" T="0" Pressure="0"/>
        <Point X="445" Y="327" T="0" Pressure="0"/>
        <Point X="448" Y="330" T="0" Pressure="0"/>
        <Point X="450" Y="332" T="0" Pressure="0"/>
        <Point X="452" Y="335" T="0" Pressure="0"/>
        <Point X="458" Y="340" T="0" Pressure="0"/>
        <Point X="461" Y="343" T="0" Pressure="0"/>
        <Point X="464" Y="346" T="0" Pressure="0"/>
        <Point X="467" Y="349" T="0" Pressure="0"/>
        <Point X="470" Y="352" T="0" Pressure="0"/>
        <Point X="473" Y="355" T="0" Pressure="0"/>
        <Point X="474" Y="357" T="0" Pressure="0"/>
        <Point X="476" Y="360" T="0" Pressure="0"/>
        <Point X="478" Y="363" T="0" Pressure="0"/>
        <Point X="478" Y="364" T="0" Pressure="0"/>
        <Point X="478" Y="366" T="0" Pressure="0"/>
        <Point X="478" Y="367" T="0" Pressure="0"/>
        <Point X="478" Y="368" T="0" Pressure="0"/>
        <Point X="478" Y="369" T="0" Pressure="0"/>
        <Point X="476" Y="371" T="0" Pressure="0"/>
        <Point X="475" Y="372" T="0" Pressure="0"/>
        <Point X="474" Y="373" T="0" Pressure="0"/>
        <Point X="471" Y="374" T="0" Pressure="0"/>
        <Point X="469" Y="375" T="0" Pressure="0"/>
        <Point X="467" Y="376" T="0" Pressure="0"/>
        <Point X="464" Y="377" T="0" Pressure="0"/>
        <Point X="462" Y="378" T="0" Pressure="0"/>
        <Point X="459" Y="379" T="0" Pressure="0"/>
        <Point X="449" Y="382" T="0" Pressure="0"/>
        <Point X="448" Y="383" T="0" Pressure="0"/>
        <Point X="445" Y="384" T="0" Pressure="0"/>
        <Point X="443" Y="385" T="0" Pressure="0"/>
        <Point X="441" Y="386" T="0" Pressure="0"/>
        <Point X="440" Y="388" T="0" Pressure="0"/>
        <Point X="437" Y="390" T="0" Pressure="0"/>
        <Point X="437" Y="392" T="0" Pressure="0"/>
    </Stroke>
</Gesture>
