<?xml version="1.0" ?>
<Gesture Name="D~06" Subject="1" Number="6" NumPts="88" InputType="stylus" Speed="MEDIUM">
    <Stroke index="1">
        <Point X="339" Y="283" T="0" Pressure="0"/>
        <Point X="339" Y="282" T="0" Pressure="0"/>
        <Point X="339" Y="281" T="0" Pressure="0"/>
        <Point X="339" Y="282" T="0" Pressure="0"/>
        <Point X="339" Y="283" T="0" Pressure="0"/>
        <Point X="339" Y="286" T="0" Pressure="0"/>
        <Point X="340" Y="288" T="0" Pressure="0"/>
        <Point X="340" Y="291" T="0" Pressure="0"/>
        <Point X="340" Y="294" T="0" Pressure="0"/>
        <Point X="341" Y="298" T="0" Pressure="0"/>
        <Point X="342" Y="302" T="0" Pressure="0"/>
        <Point X="342" Y="307" T="0" Pressure="0"/>
        <Point X="342" Y="313" T="0" Pressure="0"/>
        <Point X="342" Y="318" T="0" Pressure="0"/>
        <Point X="342" Y="323" T="0" Pressure="0"/>
        <Point X="342" Y="329" T="0" Pressure="0"/>
        <Point X="342" Y="334" T="0" Pressure="0"/>
        <Point X="341" Y="339" T="0" Pressure="0"/>
        <Point X="340" Y="348" T="0" Pressure="0"/>
        <Point X="340" Y="352" T="0" Pressure="0"/>
        <Point X="340" Y="357" T="0" Pressure="0"/>
        <Point X="339" Y="360" T="0" Pressure="0"/>
        <Point X="339" Y="365" T="0" Pressure="0"/>
        <Point X="339" Y="368" T="0" Pressure="0"/>
        <Point X="339" Y="369" T="0" Pressure="0"/>
        <Point X="339" Y="372" T="0" Pressure="0"/>
        <Point X="340" Y="373" T="0" Pressure="0"/>
        <Point X="340" Y="374" T="0" Pressure="0"/>
        <Point X="341" Y="376" T="0" Pressure="0"/>
    </Stroke>
    <Stroke index="2">
        <Point X="335" Y="285" T="0" Pressure="0"/>
        <Point X="335" Y="283" T="0" Pressure="0"/>
        <Point X="335" Y="281" T="0" Pressure="0"/>
        <Point X="335" Y="278" T="0" Pressure="0"/>
        <Point X="335" Y="277" T="0" Pressure="0"/>
        <Point X="336" Y="276" T="0" Pressure="0"/>
        <Point X="338" Y="275" T="0" Pressure="0"/>
        <Point X="339" Y="274" T="0" Pressure="0"/>
        <Point X="342" Y="273" T="0" Pressure="0"/>
        <Point X="343" Y="273" T="0" Pressure="0"/>
        <Point X="347" Y="272" T="0" Pressure="0"/>
        <Point X="350" Y="272" T="0" Pressure="0"/>
        <Point X="353" Y="272" T="0" Pressure="0"/>
        <Point X="357" Y="272" T="0" Pressure="0"/>
        <Point X="360" Y="272" T="0" Pressure="0"/>
        <Point X="363" Y="273" T="0" Pressure="0"/>
        <Point X="366" Y="273" T="0" Pressure="0"/>
        <Point X="374" Y="276" T="0" Pressure="0"/>
        <Point X="379" Y="278" T="0" Pressure="0"/>
        <Point X="389" Y="286" T="0" Pressure="0"/>
        <Point X="392" Y="289" T="0" Pressure="0"/>
        <Point X="395" Y="293" T="0" Pressure="0"/>
        <Point X="398" Y="296" T="0" Pressure="0"/>
        <Point X="399" Y="300" T="0" Pressure="0"/>
        <Point X="400" Y="303" T="0" Pressure="0"/>
        <Point X="402" Y="307" T="0" Pressure="0"/>
        <Point X="403" Y="312" T="0" Pressure="0"/>
        <Point X="404" Y="316" T="0" Pressure="0"/>
        <Point X="404" Y="319" T="0" Pressure="0"/>
        <Point X="405" Y="323" T="0" Pressure="0"/>
        <Point X="405" Y="326" T="0" Pressure="0"/>
        <Point X="405" Y="330" T="0" Pressure="0"/>
        <Point X="404" Y="333" T="0" Pressure="0"/>
        <Point X="404" Y="337" T="0" Pressure="0"/>
        <Point X="403" Y="341" T="0" Pressure="0"/>
        <Point X="401" Y="344" T="0" Pressure="0"/>
        <Point X="399" Y="347" T="0" Pressure="0"/>
        <Point X="398" Y="350" T="0" Pressure="0"/>
        <Point X="392" Y="356" T="0" Pressure="0"/>
        <Point X="389" Y="358" T="0" Pressure="0"/>
        <Point X="387" Y="360" T="0" Pressure="0"/>
        <Point X="380" Y="364" T="0" Pressure="0"/>
        <Point X="377" Y="365" T="0" Pressure="0"/>
        <Point X="373" Y="366" T="0" Pressure="0"/>
        <Point X="369" Y="367" T="0" Pressure="0"/>
        <Point X="366" Y="367" T="0" Pressure="0"/>
        <Point X="364" Y="368" T="0" Pressure="0"/>
        <Point X="360" Y="368" T="0" Pressure="0"/>
        <Point X="357" Y="368" T="0" Pressure="0"/>
        <Point X="354" Y="368" T="0" Pressure="0"/>
        <Point X="350" Y="368" T="0" Pressure="0"/>
        <Point X="348" Y="368" T="0" Pressure="0"/>
        <Point X="340" Y="368" T="0" Pressure="0"/>
        <Point X="339" Y="368" T="0" Pressure="0"/>
        <Point X="336" Y="368" T="0" Pressure="0"/>
        <Point X="335" Y="368" T="0" Pressure="0"/>
        <Point X="334" Y="368" T="0" Pressure="0"/>
        <Point X="332" Y="368" T="0" Pressure="0"/>
        <Point X="331" Y="369" T="0" Pressure="0"/>
    </Stroke>
</Gesture>
