<?xml version="1.0" ?>
<Gesture Name="asterisk~07" Subject="1" Number="7" NumPts="117" InputType="stylus" Speed="MEDIUM">
    <Stroke index="1">
        <Point X="399" Y="258" T="0" Pressure="0"/>
        <Point X="399" Y="255" T="0" Pressure="0"/>
        <Point X="399" Y="253" T="0" Pressure="0"/>
        <Point X="399" Y="251" T="0" Pressure="0"/>
        <Point X="399" Y="246" T="0" Pressure="0"/>
        <Point X="399" Y="244" T="0" Pressure="0"/>
        <Point X="399" Y="243" T="0" Pressure="0"/>
        <Point X="399" Y="242" T="0" Pressure="0"/>
        <Point X="399" Y="241" T="0" Pressure="0"/>
        <Point X="399" Y="239" T="0" Pressure="0"/>
        <Point X="400" Y="239" T="0" Pressure="0"/>
        <Point X="400" Y="240" T="0" Pressure="0"/>
        <Point X="400" Y="241" T="0" Pressure="0"/>
        <Point X="401" Y="242" T="0" Pressure="0"/>
        <Point X="401" Y="243" T="0" Pressure="0"/>
        <Point X="402" Y="245" T="0" Pressure="0"/>
        <Point X="402" Y="247" T="0" Pressure="0"/>
        <Point X="403" Y="252" T="0" Pressure="0"/>
        <Point X="403" Y="255" T="0" Pressure="0"/>
        <Point X="403" Y="258" T="0" Pressure="0"/>
        <Point X="403" Y="262" T="0" Pressure="0"/>
        <Point X="403" Y="266" T="0" Pressure="0"/>
        <Point X="403" Y="270" T="0" Pressure="0"/>
        <Point X="402" Y="276" T="0" Pressure="0"/>
        <Point X="401" Y="289" T="0" Pressure="0"/>
        <Point X="400" Y="296" T="0" Pressure="0"/>
        <Point X="399" Y="312" T="0" Pressure="0"/>
        <Point X="398" Y="319" T="0" Pressure="0"/>
        <Point X="397" Y="325" T="0" Pressure="0"/>
        <Point X="396" Y="336" T="0" Pressure="0"/>
        <Point X="396" Y="340" T="0" Pressure="0"/>
        <Point X="396" Y="344" T="0" Pressure="0"/>
        <Point X="396" Y="347" T="0" Pressure="0"/>
        <Point X="395" Y="352" T="0" Pressure="0"/>
        <Point X="395" Y="355" T="0" Pressure="0"/>
        <Point X="395" Y="356" T="0" Pressure="0"/>
        <Point X="395" Y="358" T="0" Pressure="0"/>
        <Point X="395" Y="360" T="0" Pressure="0"/>
        <Point X="394" Y="360" T="0" Pressure="0"/>
        <Point X="394" Y="361" T="0" Pressure="0"/>
        <Point X="393" Y="361" T="0" Pressure="0"/>
        <Point X="392" Y="361" T="0" Pressure="0"/>
        <Point X="391" Y="361" T="0" Pressure="0"/>
        <Point X="391" Y="360" T="0" Pressure="0"/>
    </Stroke>
    <Stroke index="2">
        <Point X="354" Y="252" T="0" Pressure="0"/>
        <Point X="353" Y="252" T="0" Pressure="0"/>
        <Point X="351" Y="251" T="0" Pressure="0"/>
        <Point X="352" Y="252" T="0" Pressure="0"/>
        <Point X="353" Y="252" T="0" Pressure="0"/>
        <Point X="354" Y="254" T="0" Pressure="0"/>
        <Point X="355" Y="256" T="0" Pressure="0"/>
        <Point X="356" Y="258" T="0" Pressure="0"/>
        <Point X="358" Y="259" T="0" Pressure="0"/>
        <Point X="360" Y="262" T="0" Pressure="0"/>
        <Point X="361" Y="264" T="0" Pressure="0"/>
        <Point X="365" Y="268" T="0" Pressure="0"/>
        <Point X="367" Y="271" T="0" Pressure="0"/>
        <Point X="376" Y="283" T="0" Pressure="0"/>
        <Point X="380" Y="287" T="0" Pressure="0"/>
        <Point X="388" Y="295" T="0" Pressure="0"/>
        <Point X="391" Y="299" T="0" Pressure="0"/>
        <Point X="395" Y="303" T="0" Pressure="0"/>
        <Point X="403" Y="311" T="0" Pressure="0"/>
        <Point X="407" Y="315" T="0" Pressure="0"/>
        <Point X="410" Y="318" T="0" Pressure="0"/>
        <Point X="418" Y="324" T="0" Pressure="0"/>
        <Point X="421" Y="327" T="0" Pressure="0"/>
        <Point X="424" Y="329" T="0" Pressure="0"/>
        <Point X="426" Y="332" T="0" Pressure="0"/>
        <Point X="428" Y="335" T="0" Pressure="0"/>
        <Point X="429" Y="337" T="0" Pressure="0"/>
        <Point X="430" Y="338" T="0" Pressure="0"/>
        <Point X="432" Y="339" T="0" Pressure="0"/>
        <Point X="433" Y="340" T="0" Pressure="0"/>
        <Point X="433" Y="341" T="0" Pressure="0"/>
        <Point X="433" Y="342" T="0" Pressure="0"/>
        <Point X="433" Y="343" T="0" Pressure="0"/>
    </Stroke>
    <Stroke index="3">
        <Point X="448" Y="263" T="0" Pressure="0"/>
        <Point X="448" Y="262" T="0" Pressure="0"/>
        <Point X="447" Y="261" T="0" Pressure="0"/>
        <Point X="447" Y="259" T="0" Pressure="0"/>
        <Point X="446" Y="259" T="0" Pressure="0"/>
        <Point X="445" Y="259" T="0" Pressure="0"/>
        <Point X="444" Y="259" T="0" Pressure="0"/>
        <Point X="443" Y="259" T="0" Pressure="0"/>
        <Point X="440" Y="262" T="0" Pressure="0"/>
        <Point X="439" Y="264" T="0" Pressure="0"/>
        <Point X="437" Y="266" T="0" Pressure="0"/>
        <Point X="434" Y="269" T="0" Pressure="0"/>
        <Point X="432" Y="271" T="0" Pressure="0"/>
        <Point X="429" Y="273" T="0" Pressure="0"/>
        <Point X="426" Y="276" T="0" Pressure="0"/>
        <Point X="422" Y="281" T="0" Pressure="0"/>
        <Point X="419" Y="284" T="0" Pressure="0"/>
        <Point X="415" Y="288" T="0" Pressure="0"/>
        <Point X="411" Y="292" T="0" Pressure="0"/>
        <Point X="407" Y="296" T="0" Pressure="0"/>
        <Point X="403" Y="301" T="0" Pressure="0"/>
        <Point X="397" Y="305" T="0" Pressure="0"/>
        <Point X="393" Y="309" T="0" Pressure="0"/>
        <Point X="388" Y="313" T="0" Pressure="0"/>
        <Point X="384" Y="317" T="0" Pressure="0"/>
        <Point X="380" Y="320" T="0" Pressure="0"/>
        <Point X="376" Y="324" T="0" Pressure="0"/>
        <Point X="369" Y="331" T="0" Pressure="0"/>
        <Point X="366" Y="333" T="0" Pressure="0"/>
        <Point X="364" Y="337" T="0" Pressure="0"/>
        <Point X="361" Y="339" T="0" Pressure="0"/>
        <Point X="358" Y="341" T="0" Pressure="0"/>
        <Point X="357" Y="343" T="0" Pressure="0"/>
        <Point X="354" Y="344" T="0" Pressure="0"/>
        <Point X="352" Y="346" T="0" Pressure="0"/>
        <Point X="350" Y="348" T="0" Pressure="0"/>
        <Point X="349" Y="348" T="0" Pressure="0"/>
        <Point X="348" Y="348" T="0" Pressure="0"/>
        <Point X="347" Y="348" T="0" Pressure="0"/>
        <Point X="347" Y="349" T="0" Pressure="0"/>
    </Stroke>
</Gesture>
