<?xml version="1.0" ?>
<Gesture Name="five_point_star~06" Subject="6" Number="6" NumPts="238" InputType="stylus" Speed="MEDIUM">
    <Stroke index="1">
        <Point X="329" Y="333" T="0" Pressure="0"/>
        <Point X="329" Y="332" T="0" Pressure="0"/>
        <Point X="329" Y="331" T="0" Pressure="0"/>
        <Point X="328" Y="329" T="0" Pressure="0"/>
        <Point X="328" Y="328" T="0" Pressure="0"/>
        <Point X="328" Y="326" T="0" Pressure="0"/>
        <Point X="328" Y="324" T="0" Pressure="0"/>
        <Point X="328" Y="322" T="0" Pressure="0"/>
        <Point X="329" Y="319" T="0" Pressure="0"/>
        <Point X="329" Y="316" T="0" Pressure="0"/>
        <Point X="330" Y="313" T="0" Pressure="0"/>
        <Point X="331" Y="309" T="0" Pressure="0"/>
        <Point X="332" Y="305" T="0" Pressure="0"/>
        <Point X="332" Y="301" T="0" Pressure="0"/>
        <Point X="336" Y="289" T="0" Pressure="0"/>
        <Point X="336" Y="284" T="0" Pressure="0"/>
        <Point X="337" Y="278" T="0" Pressure="0"/>
        <Point X="337" Y="274" T="0" Pressure="0"/>
        <Point X="338" Y="269" T="0" Pressure="0"/>
        <Point X="339" Y="264" T="0" Pressure="0"/>
        <Point X="339" Y="258" T="0" Pressure="0"/>
        <Point X="340" Y="252" T="0" Pressure="0"/>
        <Point X="340" Y="246" T="0" Pressure="0"/>
        <Point X="340" Y="241" T="0" Pressure="0"/>
        <Point X="341" Y="235" T="0" Pressure="0"/>
        <Point X="343" Y="229" T="0" Pressure="0"/>
        <Point X="344" Y="224" T="0" Pressure="0"/>
        <Point X="344" Y="219" T="0" Pressure="0"/>
        <Point X="345" Y="212" T="0" Pressure="0"/>
        <Point X="347" Y="207" T="0" Pressure="0"/>
        <Point X="348" Y="202" T="0" Pressure="0"/>
        <Point X="350" Y="197" T="0" Pressure="0"/>
        <Point X="351" Y="192" T="0" Pressure="0"/>
        <Point X="353" Y="188" T="0" Pressure="0"/>
        <Point X="355" Y="183" T="0" Pressure="0"/>
        <Point X="357" Y="179" T="0" Pressure="0"/>
        <Point X="359" Y="175" T="0" Pressure="0"/>
        <Point X="361" Y="171" T="0" Pressure="0"/>
        <Point X="363" Y="167" T="0" Pressure="0"/>
        <Point X="366" Y="163" T="0" Pressure="0"/>
        <Point X="369" Y="159" T="0" Pressure="0"/>
        <Point X="371" Y="156" T="0" Pressure="0"/>
        <Point X="374" Y="153" T="0" Pressure="0"/>
        <Point X="376" Y="150" T="0" Pressure="0"/>
        <Point X="379" Y="147" T="0" Pressure="0"/>
        <Point X="381" Y="145" T="0" Pressure="0"/>
        <Point X="384" Y="142" T="0" Pressure="0"/>
        <Point X="386" Y="141" T="0" Pressure="0"/>
        <Point X="389" Y="140" T="0" Pressure="0"/>
        <Point X="391" Y="139" T="0" Pressure="0"/>
        <Point X="393" Y="137" T="0" Pressure="0"/>
        <Point X="396" Y="137" T="0" Pressure="0"/>
        <Point X="399" Y="137" T="0" Pressure="0"/>
        <Point X="400" Y="137" T="0" Pressure="0"/>
        <Point X="403" Y="137" T="0" Pressure="0"/>
        <Point X="404" Y="137" T="0" Pressure="0"/>
        <Point X="407" Y="139" T="0" Pressure="0"/>
        <Point X="408" Y="140" T="0" Pressure="0"/>
        <Point X="411" Y="141" T="0" Pressure="0"/>
        <Point X="412" Y="144" T="0" Pressure="0"/>
        <Point X="415" Y="146" T="0" Pressure="0"/>
        <Point X="416" Y="149" T="0" Pressure="0"/>
        <Point X="418" Y="152" T="0" Pressure="0"/>
        <Point X="419" Y="156" T="0" Pressure="0"/>
        <Point X="422" Y="161" T="0" Pressure="0"/>
        <Point X="426" Y="175" T="0" Pressure="0"/>
        <Point X="427" Y="179" T="0" Pressure="0"/>
        <Point X="429" Y="185" T="0" Pressure="0"/>
        <Point X="430" Y="191" T="0" Pressure="0"/>
        <Point X="431" Y="197" T="0" Pressure="0"/>
        <Point X="432" Y="202" T="0" Pressure="0"/>
        <Point X="433" Y="209" T="0" Pressure="0"/>
        <Point X="434" Y="215" T="0" Pressure="0"/>
        <Point X="435" Y="222" T="0" Pressure="0"/>
        <Point X="436" Y="228" T="0" Pressure="0"/>
        <Point X="437" Y="234" T="0" Pressure="0"/>
        <Point X="438" Y="240" T="0" Pressure="0"/>
        <Point X="438" Y="246" T="0" Pressure="0"/>
        <Point X="439" Y="252" T="0" Pressure="0"/>
        <Point X="441" Y="257" T="0" Pressure="0"/>
        <Point X="441" Y="263" T="0" Pressure="0"/>
        <Point X="442" Y="268" T="0" Pressure="0"/>
        <Point X="443" Y="273" T="0" Pressure="0"/>
        <Point X="444" Y="277" T="0" Pressure="0"/>
        <Point X="445" Y="281" T="0" Pressure="0"/>
        <Point X="445" Y="286" T="0" Pressure="0"/>
        <Point X="446" Y="290" T="0" Pressure="0"/>
        <Point X="446" Y="294" T="0" Pressure="0"/>
        <Point X="447" Y="297" T="0" Pressure="0"/>
        <Point X="448" Y="300" T="0" Pressure="0"/>
        <Point X="448" Y="302" T="0" Pressure="0"/>
        <Point X="448" Y="304" T="0" Pressure="0"/>
        <Point X="449" Y="306" T="0" Pressure="0"/>
        <Point X="449" Y="308" T="0" Pressure="0"/>
        <Point X="449" Y="309" T="0" Pressure="0"/>
        <Point X="449" Y="310" T="0" Pressure="0"/>
        <Point X="449" Y="311" T="0" Pressure="0"/>
        <Point X="449" Y="312" T="0" Pressure="0"/>
        <Point X="448" Y="314" T="0" Pressure="0"/>
        <Point X="447" Y="315" T="0" Pressure="0"/>
        <Point X="446" Y="315" T="0" Pressure="0"/>
        <Point X="445" Y="315" T="0" Pressure="0"/>
        <Point X="444" Y="315" T="0" Pressure="0"/>
        <Point X="442" Y="315" T="0" Pressure="0"/>
        <Point X="441" Y="315" T="0" Pressure="0"/>
        <Point X="439" Y="315" T="0" Pressure="0"/>
        <Point X="438" Y="314" T="0" Pressure="0"/>
        <Point X="435" Y="312" T="0" Pressure="0"/>
        <Point X="434" Y="311" T="0" Pressure="0"/>
        <Point X="431" Y="309" T="0" Pressure="0"/>
        <Point X="429" Y="308" T="0" Pressure="0"/>
        <Point X="426" Y="306" T="0" Pressure="0"/>
        <Point X="423" Y="304" T="0" Pressure="0"/>
        <Point X="420" Y="302" T="0" Pressure="0"/>
        <Point X="417" Y="300" T="0" Pressure="0"/>
        <Point X="413" Y="298" T="0" Pressure="0"/>
        <Point X="410" Y="296" T="0" Pressure="0"/>
        <Point X="406" Y="293" T="0" Pressure="0"/>
        <Point X="402" Y="290" T="0" Pressure="0"/>
        <Point X="393" Y="286" T="0" Pressure="0"/>
        <Point X="388" Y="283" T="0" Pressure="0"/>
        <Point X="384" Y="280" T="0" Pressure="0"/>
        <Point X="378" Y="278" T="0" Pressure="0"/>
        <Point X="374" Y="276" T="0" Pressure="0"/>
        <Point X="368" Y="273" T="0" Pressure="0"/>
        <Point X="363" Y="270" T="0" Pressure="0"/>
        <Point X="358" Y="267" T="0" Pressure="0"/>
        <Point X="353" Y="265" T="0" Pressure="0"/>
        <Point X="348" Y="263" T="0" Pressure="0"/>
        <Point X="344" Y="260" T="0" Pressure="0"/>
        <Point X="339" Y="259" T="0" Pressure="0"/>
        <Point X="335" Y="256" T="0" Pressure="0"/>
        <Point X="329" Y="254" T="0" Pressure="0"/>
        <Point X="325" Y="252" T="0" Pressure="0"/>
        <Point X="317" Y="249" T="0" Pressure="0"/>
        <Point X="314" Y="247" T="0" Pressure="0"/>
        <Point X="310" Y="245" T="0" Pressure="0"/>
        <Point X="306" Y="244" T="0" Pressure="0"/>
        <Point X="304" Y="242" T="0" Pressure="0"/>
        <Point X="302" Y="241" T="0" Pressure="0"/>
        <Point X="299" Y="240" T="0" Pressure="0"/>
        <Point X="295" Y="238" T="0" Pressure="0"/>
        <Point X="295" Y="237" T="0" Pressure="0"/>
        <Point X="294" Y="236" T="0" Pressure="0"/>
        <Point X="294" Y="235" T="0" Pressure="0"/>
        <Point X="294" Y="234" T="0" Pressure="0"/>
        <Point X="295" Y="232" T="0" Pressure="0"/>
        <Point X="295" Y="231" T="0" Pressure="0"/>
        <Point X="298" Y="230" T="0" Pressure="0"/>
        <Point X="299" Y="229" T="0" Pressure="0"/>
        <Point X="302" Y="227" T="0" Pressure="0"/>
        <Point X="306" Y="226" T="0" Pressure="0"/>
        <Point X="309" Y="225" T="0" Pressure="0"/>
        <Point X="313" Y="222" T="0" Pressure="0"/>
        <Point X="317" Y="221" T="0" Pressure="0"/>
        <Point X="321" Y="220" T="0" Pressure="0"/>
        <Point X="326" Y="218" T="0" Pressure="0"/>
        <Point X="332" Y="216" T="0" Pressure="0"/>
        <Point X="336" Y="215" T="0" Pressure="0"/>
        <Point X="344" Y="212" T="0" Pressure="0"/>
        <Point X="349" Y="210" T="0" Pressure="0"/>
        <Point X="355" Y="209" T="0" Pressure="0"/>
        <Point X="362" Y="207" T="0" Pressure="0"/>
        <Point X="369" Y="205" T="0" Pressure="0"/>
        <Point X="375" Y="203" T="0" Pressure="0"/>
        <Point X="383" Y="202" T="0" Pressure="0"/>
        <Point X="389" Y="200" T="0" Pressure="0"/>
        <Point X="396" Y="198" T="0" Pressure="0"/>
        <Point X="402" Y="197" T="0" Pressure="0"/>
        <Point X="408" Y="195" T="0" Pressure="0"/>
        <Point X="415" Y="194" T="0" Pressure="0"/>
        <Point X="421" Y="192" T="0" Pressure="0"/>
        <Point X="426" Y="191" T="0" Pressure="0"/>
        <Point X="431" Y="190" T="0" Pressure="0"/>
        <Point X="437" Y="189" T="0" Pressure="0"/>
        <Point X="441" Y="189" T="0" Pressure="0"/>
        <Point X="446" Y="188" T="0" Pressure="0"/>
        <Point X="451" Y="187" T="0" Pressure="0"/>
        <Point X="454" Y="187" T="0" Pressure="0"/>
        <Point X="457" Y="187" T="0" Pressure="0"/>
        <Point X="461" Y="187" T="0" Pressure="0"/>
        <Point X="464" Y="187" T="0" Pressure="0"/>
        <Point X="466" Y="187" T="0" Pressure="0"/>
        <Point X="468" Y="188" T="0" Pressure="0"/>
        <Point X="470" Y="189" T="0" Pressure="0"/>
        <Point X="471" Y="190" T="0" Pressure="0"/>
        <Point X="472" Y="190" T="0" Pressure="0"/>
        <Point X="472" Y="191" T="0" Pressure="0"/>
        <Point X="472" Y="192" T="0" Pressure="0"/>
        <Point X="472" Y="194" T="0" Pressure="0"/>
        <Point X="472" Y="195" T="0" Pressure="0"/>
        <Point X="472" Y="196" T="0" Pressure="0"/>
        <Point X="471" Y="197" T="0" Pressure="0"/>
        <Point X="469" Y="200" T="0" Pressure="0"/>
        <Point X="467" Y="202" T="0" Pressure="0"/>
        <Point X="464" Y="204" T="0" Pressure="0"/>
        <Point X="461" Y="207" T="0" Pressure="0"/>
        <Point X="458" Y="210" T="0" Pressure="0"/>
        <Point X="454" Y="213" T="0" Pressure="0"/>
        <Point X="450" Y="216" T="0" Pressure="0"/>
        <Point X="446" Y="220" T="0" Pressure="0"/>
        <Point X="441" Y="224" T="0" Pressure="0"/>
        <Point X="435" Y="227" T="0" Pressure="0"/>
        <Point X="430" Y="231" T="0" Pressure="0"/>
        <Point X="425" Y="235" T="0" Pressure="0"/>
        <Point X="419" Y="239" T="0" Pressure="0"/>
        <Point X="413" Y="244" T="0" Pressure="0"/>
        <Point X="406" Y="249" T="0" Pressure="0"/>
        <Point X="400" Y="252" T="0" Pressure="0"/>
        <Point X="395" Y="257" T="0" Pressure="0"/>
        <Point X="389" Y="262" T="0" Pressure="0"/>
        <Point X="384" Y="267" T="0" Pressure="0"/>
        <Point X="379" Y="272" T="0" Pressure="0"/>
        <Point X="374" Y="277" T="0" Pressure="0"/>
        <Point X="369" Y="282" T="0" Pressure="0"/>
        <Point X="365" Y="286" T="0" Pressure="0"/>
        <Point X="360" Y="291" T="0" Pressure="0"/>
        <Point X="356" Y="296" T="0" Pressure="0"/>
        <Point X="352" Y="300" T="0" Pressure="0"/>
        <Point X="348" Y="304" T="0" Pressure="0"/>
        <Point X="345" Y="308" T="0" Pressure="0"/>
        <Point X="339" Y="315" T="0" Pressure="0"/>
        <Point X="336" Y="318" T="0" Pressure="0"/>
        <Point X="333" Y="321" T="0" Pressure="0"/>
        <Point X="330" Y="324" T="0" Pressure="0"/>
        <Point X="328" Y="326" T="0" Pressure="0"/>
        <Point X="326" Y="328" T="0" Pressure="0"/>
        <Point X="325" Y="330" T="0" Pressure="0"/>
        <Point X="323" Y="331" T="0" Pressure="0"/>
        <Point X="322" Y="333" T="0" Pressure="0"/>
        <Point X="321" Y="334" T="0" Pressure="0"/>
        <Point X="321" Y="335" T="0" Pressure="0"/>
        <Point X="322" Y="335" T="0" Pressure="0"/>
        <Point X="324" Y="335" T="0" Pressure="0"/>
        <Point X="325" Y="334" T="0" Pressure="0"/>
        <Point X="329" Y="332" T="0" Pressure="0"/>
        <Point X="332" Y="331" T="0" Pressure="0"/>
        <Point X="334" Y="329" T="0" Pressure="0"/>
    </Stroke>
</Gesture>
