<?xml version="1.0" ?>
<Gesture Name="D~03" Subject="6" Number="3" NumPts="107" InputType="stylus" Speed="MEDIUM">
    <Stroke index="1">
        <Point X="339" Y="165" T="0" Pressure="0"/>
        <Point X="339" Y="166" T="0" Pressure="0"/>
        <Point X="339" Y="169" T="0" Pressure="0"/>
        <Point X="338" Y="171" T="0" Pressure="0"/>
        <Point X="338" Y="172" T="0" Pressure="0"/>
        <Point X="338" Y="175" T="0" Pressure="0"/>
        <Point X="338" Y="177" T="0" Pressure="0"/>
        <Point X="339" Y="180" T="0" Pressure="0"/>
        <Point X="339" Y="184" T="0" Pressure="0"/>
        <Point X="339" Y="188" T="0" Pressure="0"/>
        <Point X="339" Y="192" T="0" Pressure="0"/>
        <Point X="339" Y="197" T="0" Pressure="0"/>
        <Point X="339" Y="202" T="0" Pressure="0"/>
        <Point X="340" Y="206" T="0" Pressure="0"/>
        <Point X="340" Y="211" T="0" Pressure="0"/>
        <Point X="340" Y="216" T="0" Pressure="0"/>
        <Point X="340" Y="221" T="0" Pressure="0"/>
        <Point X="340" Y="226" T="0" Pressure="0"/>
        <Point X="340" Y="231" T="0" Pressure="0"/>
        <Point X="340" Y="235" T="0" Pressure="0"/>
        <Point X="340" Y="240" T="0" Pressure="0"/>
        <Point X="340" Y="244" T="0" Pressure="0"/>
        <Point X="340" Y="249" T="0" Pressure="0"/>
        <Point X="340" Y="256" T="0" Pressure="0"/>
        <Point X="340" Y="259" T="0" Pressure="0"/>
        <Point X="340" Y="262" T="0" Pressure="0"/>
        <Point X="340" Y="266" T="0" Pressure="0"/>
        <Point X="340" Y="269" T="0" Pressure="0"/>
        <Point X="340" Y="271" T="0" Pressure="0"/>
        <Point X="340" Y="274" T="0" Pressure="0"/>
        <Point X="340" Y="275" T="0" Pressure="0"/>
        <Point X="340" Y="276" T="0" Pressure="0"/>
        <Point X="340" Y="278" T="0" Pressure="0"/>
        <Point X="340" Y="279" T="0" Pressure="0"/>
    </Stroke>
    <Stroke index="2">
        <Point X="324" Y="159" T="0" Pressure="0"/>
        <Point X="324" Y="157" T="0" Pressure="0"/>
        <Point X="324" Y="156" T="0" Pressure="0"/>
        <Point X="325" Y="155" T="0" Pressure="0"/>
        <Point X="326" Y="154" T="0" Pressure="0"/>
        <Point X="328" Y="153" T="0" Pressure="0"/>
        <Point X="330" Y="153" T="0" Pressure="0"/>
        <Point X="332" Y="153" T="0" Pressure="0"/>
        <Point X="335" Y="153" T="0" Pressure="0"/>
        <Point X="338" Y="153" T="0" Pressure="0"/>
        <Point X="341" Y="154" T="0" Pressure="0"/>
        <Point X="345" Y="154" T="0" Pressure="0"/>
        <Point X="350" Y="155" T="0" Pressure="0"/>
        <Point X="354" Y="156" T="0" Pressure="0"/>
        <Point X="358" Y="157" T="0" Pressure="0"/>
        <Point X="362" Y="159" T="0" Pressure="0"/>
        <Point X="366" Y="160" T="0" Pressure="0"/>
        <Point X="370" Y="161" T="0" Pressure="0"/>
        <Point X="375" Y="164" T="0" Pressure="0"/>
        <Point X="380" Y="165" T="0" Pressure="0"/>
        <Point X="384" Y="166" T="0" Pressure="0"/>
        <Point X="388" Y="169" T="0" Pressure="0"/>
        <Point X="391" Y="171" T="0" Pressure="0"/>
        <Point X="395" Y="172" T="0" Pressure="0"/>
        <Point X="400" Y="175" T="0" Pressure="0"/>
        <Point X="403" Y="177" T="0" Pressure="0"/>
        <Point X="406" Y="180" T="0" Pressure="0"/>
        <Point X="409" Y="182" T="0" Pressure="0"/>
        <Point X="412" Y="185" T="0" Pressure="0"/>
        <Point X="415" Y="189" T="0" Pressure="0"/>
        <Point X="417" Y="192" T="0" Pressure="0"/>
        <Point X="419" Y="196" T="0" Pressure="0"/>
        <Point X="420" Y="199" T="0" Pressure="0"/>
        <Point X="422" Y="203" T="0" Pressure="0"/>
        <Point X="423" Y="207" T="0" Pressure="0"/>
        <Point X="423" Y="211" T="0" Pressure="0"/>
        <Point X="424" Y="216" T="0" Pressure="0"/>
        <Point X="424" Y="220" T="0" Pressure="0"/>
        <Point X="423" Y="224" T="0" Pressure="0"/>
        <Point X="423" Y="228" T="0" Pressure="0"/>
        <Point X="421" Y="232" T="0" Pressure="0"/>
        <Point X="419" Y="236" T="0" Pressure="0"/>
        <Point X="416" Y="241" T="0" Pressure="0"/>
        <Point X="414" Y="244" T="0" Pressure="0"/>
        <Point X="411" Y="248" T="0" Pressure="0"/>
        <Point X="408" Y="252" T="0" Pressure="0"/>
        <Point X="405" Y="255" T="0" Pressure="0"/>
        <Point X="402" Y="259" T="0" Pressure="0"/>
        <Point X="398" Y="262" T="0" Pressure="0"/>
        <Point X="395" Y="265" T="0" Pressure="0"/>
        <Point X="391" Y="268" T="0" Pressure="0"/>
        <Point X="386" Y="271" T="0" Pressure="0"/>
        <Point X="382" Y="274" T="0" Pressure="0"/>
        <Point X="378" Y="276" T="0" Pressure="0"/>
        <Point X="374" Y="279" T="0" Pressure="0"/>
        <Point X="370" Y="280" T="0" Pressure="0"/>
        <Point X="366" Y="282" T="0" Pressure="0"/>
        <Point X="361" Y="284" T="0" Pressure="0"/>
        <Point X="357" Y="286" T="0" Pressure="0"/>
        <Point X="353" Y="287" T="0" Pressure="0"/>
        <Point X="349" Y="289" T="0" Pressure="0"/>
        <Point X="346" Y="290" T="0" Pressure="0"/>
        <Point X="343" Y="290" T="0" Pressure="0"/>
        <Point X="340" Y="291" T="0" Pressure="0"/>
        <Point X="337" Y="291" T="0" Pressure="0"/>
        <Point X="335" Y="291" T="0" Pressure="0"/>
        <Point X="332" Y="291" T="0" Pressure="0"/>
        <Point X="331" Y="291" T="0" Pressure="0"/>
        <Point X="330" Y="291" T="0" Pressure="0"/>
        <Point X="329" Y="291" T="0" Pressure="0"/>
        <Point X="328" Y="291" T="0" Pressure="0"/>
        <Point X="327" Y="291" T="0" Pressure="0"/>
        <Point X="326" Y="291" T="0" Pressure="0"/>
    </Stroke>
</Gesture>
