<?xml version="1.0" ?>
<Gesture Name="N~01" Subject="6" Number="1" NumPts="120" InputType="stylus" Speed="MEDIUM">
    <Stroke index="1">
        <Point X="296" Y="130" T="0" Pressure="0"/>
        <Point X="295" Y="130" T="0" Pressure="0"/>
        <Point X="294" Y="130" T="0" Pressure="0"/>
        <Point X="293" Y="130" T="0" Pressure="0"/>
        <Point X="293" Y="129" T="0" Pressure="0"/>
        <Point X="293" Y="130" T="0" Pressure="0"/>
        <Point X="293" Y="131" T="0" Pressure="0"/>
        <Point X="293" Y="132" T="0" Pressure="0"/>
        <Point X="293" Y="134" T="0" Pressure="0"/>
        <Point X="293" Y="136" T="0" Pressure="0"/>
        <Point X="293" Y="139" T="0" Pressure="0"/>
        <Point X="293" Y="142" T="0" Pressure="0"/>
        <Point X="294" Y="146" T="0" Pressure="0"/>
        <Point X="294" Y="150" T="0" Pressure="0"/>
        <Point X="295" Y="155" T="0" Pressure="0"/>
        <Point X="295" Y="160" T="0" Pressure="0"/>
        <Point X="296" Y="166" T="0" Pressure="0"/>
        <Point X="296" Y="172" T="0" Pressure="0"/>
        <Point X="296" Y="178" T="0" Pressure="0"/>
        <Point X="297" Y="185" T="0" Pressure="0"/>
        <Point X="297" Y="191" T="0" Pressure="0"/>
        <Point X="297" Y="197" T="0" Pressure="0"/>
        <Point X="297" Y="204" T="0" Pressure="0"/>
        <Point X="297" Y="210" T="0" Pressure="0"/>
        <Point X="297" Y="216" T="0" Pressure="0"/>
        <Point X="297" Y="224" T="0" Pressure="0"/>
        <Point X="297" Y="230" T="0" Pressure="0"/>
        <Point X="297" Y="235" T="0" Pressure="0"/>
        <Point X="296" Y="241" T="0" Pressure="0"/>
        <Point X="296" Y="251" T="0" Pressure="0"/>
        <Point X="295" Y="256" T="0" Pressure="0"/>
        <Point X="294" Y="259" T="0" Pressure="0"/>
        <Point X="294" Y="266" T="0" Pressure="0"/>
        <Point X="293" Y="269" T="0" Pressure="0"/>
        <Point X="293" Y="271" T="0" Pressure="0"/>
        <Point X="293" Y="274" T="0" Pressure="0"/>
        <Point X="293" Y="276" T="0" Pressure="0"/>
        <Point X="293" Y="277" T="0" Pressure="0"/>
        <Point X="293" Y="278" T="0" Pressure="0"/>
        <Point X="294" Y="277" T="0" Pressure="0"/>
        <Point X="295" Y="275" T="0" Pressure="0"/>
    </Stroke>
    <Stroke index="2">
        <Point X="298" Y="128" T="0" Pressure="0"/>
        <Point X="298" Y="127" T="0" Pressure="0"/>
        <Point X="299" Y="128" T="0" Pressure="0"/>
        <Point X="300" Y="129" T="0" Pressure="0"/>
        <Point X="301" Y="130" T="0" Pressure="0"/>
        <Point X="302" Y="131" T="0" Pressure="0"/>
        <Point X="303" Y="132" T="0" Pressure="0"/>
        <Point X="306" Y="136" T="0" Pressure="0"/>
        <Point X="308" Y="138" T="0" Pressure="0"/>
        <Point X="310" Y="141" T="0" Pressure="0"/>
        <Point X="312" Y="145" T="0" Pressure="0"/>
        <Point X="315" Y="148" T="0" Pressure="0"/>
        <Point X="320" Y="156" T="0" Pressure="0"/>
        <Point X="323" Y="160" T="0" Pressure="0"/>
        <Point X="327" Y="165" T="0" Pressure="0"/>
        <Point X="331" Y="170" T="0" Pressure="0"/>
        <Point X="334" Y="175" T="0" Pressure="0"/>
        <Point X="337" Y="179" T="0" Pressure="0"/>
        <Point X="345" Y="189" T="0" Pressure="0"/>
        <Point X="348" Y="194" T="0" Pressure="0"/>
        <Point X="353" Y="200" T="0" Pressure="0"/>
        <Point X="357" Y="204" T="0" Pressure="0"/>
        <Point X="361" Y="208" T="0" Pressure="0"/>
        <Point X="365" Y="213" T="0" Pressure="0"/>
        <Point X="374" Y="221" T="0" Pressure="0"/>
        <Point X="379" Y="226" T="0" Pressure="0"/>
        <Point X="383" Y="230" T="0" Pressure="0"/>
        <Point X="391" Y="236" T="0" Pressure="0"/>
        <Point X="395" Y="239" T="0" Pressure="0"/>
        <Point X="398" Y="243" T="0" Pressure="0"/>
        <Point X="406" Y="249" T="0" Pressure="0"/>
        <Point X="410" Y="251" T="0" Pressure="0"/>
        <Point X="413" Y="254" T="0" Pressure="0"/>
        <Point X="419" Y="257" T="0" Pressure="0"/>
        <Point X="422" Y="259" T="0" Pressure="0"/>
        <Point X="425" Y="260" T="0" Pressure="0"/>
        <Point X="428" Y="261" T="0" Pressure="0"/>
        <Point X="430" Y="262" T="0" Pressure="0"/>
        <Point X="432" Y="262" T="0" Pressure="0"/>
        <Point X="435" Y="263" T="0" Pressure="0"/>
    </Stroke>
    <Stroke index="3">
        <Point X="429" Y="132" T="0" Pressure="0"/>
        <Point X="428" Y="130" T="0" Pressure="0"/>
        <Point X="428" Y="127" T="0" Pressure="0"/>
        <Point X="428" Y="125" T="0" Pressure="0"/>
        <Point X="429" Y="125" T="0" Pressure="0"/>
        <Point X="430" Y="125" T="0" Pressure="0"/>
        <Point X="431" Y="125" T="0" Pressure="0"/>
        <Point X="432" Y="126" T="0" Pressure="0"/>
        <Point X="432" Y="127" T="0" Pressure="0"/>
        <Point X="433" Y="129" T="0" Pressure="0"/>
        <Point X="435" Y="130" T="0" Pressure="0"/>
        <Point X="436" Y="132" T="0" Pressure="0"/>
        <Point X="436" Y="134" T="0" Pressure="0"/>
        <Point X="438" Y="140" T="0" Pressure="0"/>
        <Point X="439" Y="144" T="0" Pressure="0"/>
        <Point X="439" Y="153" T="0" Pressure="0"/>
        <Point X="440" Y="158" T="0" Pressure="0"/>
        <Point X="440" Y="164" T="0" Pressure="0"/>
        <Point X="440" Y="177" T="0" Pressure="0"/>
        <Point X="440" Y="185" T="0" Pressure="0"/>
        <Point X="439" Y="192" T="0" Pressure="0"/>
        <Point X="438" Y="207" T="0" Pressure="0"/>
        <Point X="437" Y="213" T="0" Pressure="0"/>
        <Point X="437" Y="219" T="0" Pressure="0"/>
        <Point X="437" Y="230" T="0" Pressure="0"/>
        <Point X="437" Y="235" T="0" Pressure="0"/>
        <Point X="437" Y="239" T="0" Pressure="0"/>
        <Point X="437" Y="247" T="0" Pressure="0"/>
        <Point X="436" Y="251" T="0" Pressure="0"/>
        <Point X="436" Y="254" T="0" Pressure="0"/>
        <Point X="436" Y="260" T="0" Pressure="0"/>
        <Point X="436" Y="262" T="0" Pressure="0"/>
        <Point X="436" Y="264" T="0" Pressure="0"/>
        <Point X="436" Y="268" T="0" Pressure="0"/>
        <Point X="436" Y="270" T="0" Pressure="0"/>
        <Point X="436" Y="271" T="0" Pressure="0"/>
        <Point X="436" Y="272" T="0" Pressure="0"/>
        <Point X="436" Y="273" T="0" Pressure="0"/>
        <Point X="437" Y="273" T="0" Pressure="0"/>
    </Stroke>
</Gesture>
