<?xml version="1.0" ?>
<Gesture Name="pitchfork~10" Subject="6" Number="10" NumPts="142" InputType="stylus" Speed="MEDIUM">
    <Stroke index="1">
        <Point X="289" Y="48" T="0" Pressure="0"/>
        <Point X="288" Y="47" T="0" Pressure="0"/>
        <Point X="288" Y="46" T="0" Pressure="0"/>
        <Point X="287" Y="45" T="0" Pressure="0"/>
        <Point X="287" Y="44" T="0" Pressure="0"/>
        <Point X="287" Y="43" T="0" Pressure="0"/>
        <Point X="287" Y="42" T="0" Pressure="0"/>
        <Point X="286" Y="42" T="0" Pressure="0"/>
        <Point X="285" Y="44" T="0" Pressure="0"/>
        <Point X="284" Y="44" T="0" Pressure="0"/>
        <Point X="284" Y="46" T="0" Pressure="0"/>
        <Point X="281" Y="51" T="0" Pressure="0"/>
        <Point X="281" Y="53" T="0" Pressure="0"/>
        <Point X="280" Y="55" T="0" Pressure="0"/>
        <Point X="280" Y="59" T="0" Pressure="0"/>
        <Point X="279" Y="61" T="0" Pressure="0"/>
        <Point X="278" Y="65" T="0" Pressure="0"/>
        <Point X="277" Y="69" T="0" Pressure="0"/>
        <Point X="277" Y="73" T="0" Pressure="0"/>
        <Point X="277" Y="78" T="0" Pressure="0"/>
        <Point X="276" Y="82" T="0" Pressure="0"/>
        <Point X="276" Y="88" T="0" Pressure="0"/>
        <Point X="276" Y="93" T="0" Pressure="0"/>
        <Point X="276" Y="99" T="0" Pressure="0"/>
        <Point X="276" Y="104" T="0" Pressure="0"/>
        <Point X="276" Y="111" T="0" Pressure="0"/>
        <Point X="277" Y="117" T="0" Pressure="0"/>
        <Point X="278" Y="124" T="0" Pressure="0"/>
        <Point X="279" Y="131" T="0" Pressure="0"/>
        <Point X="280" Y="137" T="0" Pressure="0"/>
        <Point X="281" Y="145" T="0" Pressure="0"/>
        <Point X="283" Y="151" T="0" Pressure="0"/>
        <Point X="284" Y="157" T="0" Pressure="0"/>
        <Point X="287" Y="164" T="0" Pressure="0"/>
        <Point X="289" Y="171" T="0" Pressure="0"/>
        <Point X="291" Y="176" T="0" Pressure="0"/>
        <Point X="295" Y="181" T="0" Pressure="0"/>
        <Point X="298" Y="186" T="0" Pressure="0"/>
        <Point X="301" Y="191" T="0" Pressure="0"/>
        <Point X="304" Y="195" T="0" Pressure="0"/>
        <Point X="308" Y="199" T="0" Pressure="0"/>
        <Point X="311" Y="202" T="0" Pressure="0"/>
        <Point X="315" Y="205" T="0" Pressure="0"/>
        <Point X="322" Y="209" T="0" Pressure="0"/>
        <Point X="327" Y="211" T="0" Pressure="0"/>
        <Point X="332" Y="212" T="0" Pressure="0"/>
        <Point X="336" Y="212" T="0" Pressure="0"/>
        <Point X="340" Y="213" T="0" Pressure="0"/>
        <Point X="345" Y="213" T="0" Pressure="0"/>
        <Point X="351" Y="212" T="0" Pressure="0"/>
        <Point X="355" Y="211" T="0" Pressure="0"/>
        <Point X="362" Y="210" T="0" Pressure="0"/>
        <Point X="366" Y="209" T="0" Pressure="0"/>
        <Point X="371" Y="206" T="0" Pressure="0"/>
        <Point X="377" Y="204" T="0" Pressure="0"/>
        <Point X="382" Y="202" T="0" Pressure="0"/>
        <Point X="388" Y="199" T="0" Pressure="0"/>
        <Point X="394" Y="195" T="0" Pressure="0"/>
        <Point X="399" Y="191" T="0" Pressure="0"/>
        <Point X="404" Y="186" T="0" Pressure="0"/>
        <Point X="408" Y="181" T="0" Pressure="0"/>
        <Point X="414" Y="176" T="0" Pressure="0"/>
        <Point X="419" Y="170" T="0" Pressure="0"/>
        <Point X="424" Y="164" T="0" Pressure="0"/>
        <Point X="428" Y="157" T="0" Pressure="0"/>
        <Point X="432" Y="152" T="0" Pressure="0"/>
        <Point X="436" Y="145" T="0" Pressure="0"/>
        <Point X="439" Y="139" T="0" Pressure="0"/>
        <Point X="443" Y="132" T="0" Pressure="0"/>
        <Point X="446" Y="126" T="0" Pressure="0"/>
        <Point X="449" Y="120" T="0" Pressure="0"/>
        <Point X="451" Y="114" T="0" Pressure="0"/>
        <Point X="453" Y="109" T="0" Pressure="0"/>
        <Point X="454" Y="103" T="0" Pressure="0"/>
        <Point X="456" Y="98" T="0" Pressure="0"/>
        <Point X="456" Y="93" T="0" Pressure="0"/>
        <Point X="457" Y="90" T="0" Pressure="0"/>
        <Point X="458" Y="86" T="0" Pressure="0"/>
        <Point X="459" Y="82" T="0" Pressure="0"/>
        <Point X="459" Y="79" T="0" Pressure="0"/>
        <Point X="459" Y="77" T="0" Pressure="0"/>
        <Point X="459" Y="75" T="0" Pressure="0"/>
        <Point X="459" Y="72" T="0" Pressure="0"/>
        <Point X="458" Y="71" T="0" Pressure="0"/>
        <Point X="457" Y="70" T="0" Pressure="0"/>
        <Point X="456" Y="69" T="0" Pressure="0"/>
        <Point X="456" Y="67" T="0" Pressure="0"/>
        <Point X="455" Y="67" T="0" Pressure="0"/>
        <Point X="454" Y="66" T="0" Pressure="0"/>
        <Point X="453" Y="66" T="0" Pressure="0"/>
    </Stroke>
    <Stroke index="2">
        <Point X="369" Y="57" T="0" Pressure="0"/>
        <Point X="368" Y="56" T="0" Pressure="0"/>
        <Point X="367" Y="55" T="0" Pressure="0"/>
        <Point X="367" Y="56" T="0" Pressure="0"/>
        <Point X="367" Y="58" T="0" Pressure="0"/>
        <Point X="366" Y="60" T="0" Pressure="0"/>
        <Point X="366" Y="63" T="0" Pressure="0"/>
        <Point X="366" Y="66" T="0" Pressure="0"/>
        <Point X="366" Y="71" T="0" Pressure="0"/>
        <Point X="366" Y="75" T="0" Pressure="0"/>
        <Point X="366" Y="80" T="0" Pressure="0"/>
        <Point X="366" Y="87" T="0" Pressure="0"/>
        <Point X="365" Y="100" T="0" Pressure="0"/>
        <Point X="365" Y="107" T="0" Pressure="0"/>
        <Point X="365" Y="115" T="0" Pressure="0"/>
        <Point X="365" Y="122" T="0" Pressure="0"/>
        <Point X="365" Y="131" T="0" Pressure="0"/>
        <Point X="364" Y="139" T="0" Pressure="0"/>
        <Point X="364" Y="147" T="0" Pressure="0"/>
        <Point X="364" Y="154" T="0" Pressure="0"/>
        <Point X="363" Y="163" T="0" Pressure="0"/>
        <Point X="363" Y="172" T="0" Pressure="0"/>
        <Point X="363" Y="180" T="0" Pressure="0"/>
        <Point X="363" Y="188" T="0" Pressure="0"/>
        <Point X="363" Y="196" T="0" Pressure="0"/>
        <Point X="363" Y="204" T="0" Pressure="0"/>
        <Point X="363" Y="212" T="0" Pressure="0"/>
        <Point X="362" Y="229" T="0" Pressure="0"/>
        <Point X="362" Y="236" T="0" Pressure="0"/>
        <Point X="361" Y="244" T="0" Pressure="0"/>
        <Point X="360" Y="251" T="0" Pressure="0"/>
        <Point X="359" Y="257" T="0" Pressure="0"/>
        <Point X="359" Y="264" T="0" Pressure="0"/>
        <Point X="358" Y="270" T="0" Pressure="0"/>
        <Point X="356" Y="275" T="0" Pressure="0"/>
        <Point X="355" Y="280" T="0" Pressure="0"/>
        <Point X="355" Y="285" T="0" Pressure="0"/>
        <Point X="354" Y="290" T="0" Pressure="0"/>
        <Point X="354" Y="294" T="0" Pressure="0"/>
        <Point X="352" Y="298" T="0" Pressure="0"/>
        <Point X="352" Y="301" T="0" Pressure="0"/>
        <Point X="352" Y="303" T="0" Pressure="0"/>
        <Point X="351" Y="306" T="0" Pressure="0"/>
        <Point X="351" Y="308" T="0" Pressure="0"/>
        <Point X="351" Y="309" T="0" Pressure="0"/>
        <Point X="351" Y="310" T="0" Pressure="0"/>
        <Point X="351" Y="311" T="0" Pressure="0"/>
        <Point X="351" Y="312" T="0" Pressure="0"/>
        <Point X="352" Y="312" T="0" Pressure="0"/>
        <Point X="353" Y="312" T="0" Pressure="0"/>
        <Point X="355" Y="311" T="0" Pressure="0"/>
        <Point X="355" Y="310" T="0" Pressure="0"/>
    </Stroke>
</Gesture>
