<?xml version="1.0" ?>
<Gesture Name="arrowhead~05" Subject="6" Number="5" NumPts="100" InputType="stylus" Speed="MEDIUM">
    <Stroke index="1">
        <Point X="241" Y="219" T="0" Pressure="0"/>
        <Point X="242" Y="217" T="0" Pressure="0"/>
        <Point X="242" Y="216" T="0" Pressure="0"/>
        <Point X="243" Y="215" T="0" Pressure="0"/>
        <Point X="245" Y="215" T="0" Pressure="0"/>
        <Point X="246" Y="214" T="0" Pressure="0"/>
        <Point X="248" Y="214" T="0" Pressure="0"/>
        <Point X="251" Y="214" T="0" Pressure="0"/>
        <Point X="254" Y="214" T="0" Pressure="0"/>
        <Point X="257" Y="214" T="0" Pressure="0"/>
        <Point X="261" Y="214" T="0" Pressure="0"/>
        <Point X="266" Y="215" T="0" Pressure="0"/>
        <Point X="271" Y="216" T="0" Pressure="0"/>
        <Point X="276" Y="216" T="0" Pressure="0"/>
        <Point X="281" Y="216" T="0" Pressure="0"/>
        <Point X="292" Y="216" T="0" Pressure="0"/>
        <Point X="299" Y="216" T="0" Pressure="0"/>
        <Point X="318" Y="216" T="0" Pressure="0"/>
        <Point X="325" Y="216" T="0" Pressure="0"/>
        <Point X="331" Y="216" T="0" Pressure="0"/>
        <Point X="344" Y="216" T="0" Pressure="0"/>
        <Point X="351" Y="216" T="0" Pressure="0"/>
        <Point X="358" Y="216" T="0" Pressure="0"/>
        <Point X="370" Y="217" T="0" Pressure="0"/>
        <Point X="377" Y="217" T="0" Pressure="0"/>
        <Point X="383" Y="217" T="0" Pressure="0"/>
        <Point X="389" Y="217" T="0" Pressure="0"/>
        <Point X="396" Y="217" T="0" Pressure="0"/>
        <Point X="406" Y="217" T="0" Pressure="0"/>
        <Point X="416" Y="217" T="0" Pressure="0"/>
        <Point X="421" Y="217" T="0" Pressure="0"/>
        <Point X="426" Y="218" T="0" Pressure="0"/>
        <Point X="433" Y="218" T="0" Pressure="0"/>
        <Point X="436" Y="218" T="0" Pressure="0"/>
        <Point X="439" Y="219" T="0" Pressure="0"/>
        <Point X="442" Y="219" T="0" Pressure="0"/>
        <Point X="445" Y="219" T="0" Pressure="0"/>
        <Point X="447" Y="219" T="0" Pressure="0"/>
        <Point X="449" Y="220" T="0" Pressure="0"/>
        <Point X="450" Y="220" T="0" Pressure="0"/>
        <Point X="452" Y="220" T="0" Pressure="0"/>
        <Point X="453" Y="220" T="0" Pressure="0"/>
        <Point X="454" Y="220" T="0" Pressure="0"/>
        <Point X="456" Y="220" T="0" Pressure="0"/>
    </Stroke>
    <Stroke index="2">
        <Point X="405" Y="147" T="0" Pressure="0"/>
        <Point X="405" Y="149" T="0" Pressure="0"/>
        <Point X="407" Y="149" T="0" Pressure="0"/>
        <Point X="408" Y="150" T="0" Pressure="0"/>
        <Point X="409" Y="151" T="0" Pressure="0"/>
        <Point X="411" Y="152" T="0" Pressure="0"/>
        <Point X="412" Y="154" T="0" Pressure="0"/>
        <Point X="415" Y="156" T="0" Pressure="0"/>
        <Point X="418" Y="159" T="0" Pressure="0"/>
        <Point X="421" Y="161" T="0" Pressure="0"/>
        <Point X="424" Y="164" T="0" Pressure="0"/>
        <Point X="427" Y="166" T="0" Pressure="0"/>
        <Point X="431" Y="168" T="0" Pressure="0"/>
        <Point X="438" Y="172" T="0" Pressure="0"/>
        <Point X="441" Y="175" T="0" Pressure="0"/>
        <Point X="445" Y="176" T="0" Pressure="0"/>
        <Point X="449" Y="178" T="0" Pressure="0"/>
        <Point X="452" Y="180" T="0" Pressure="0"/>
        <Point X="456" Y="182" T="0" Pressure="0"/>
        <Point X="460" Y="184" T="0" Pressure="0"/>
        <Point X="463" Y="187" T="0" Pressure="0"/>
        <Point X="466" Y="189" T="0" Pressure="0"/>
        <Point X="469" Y="191" T="0" Pressure="0"/>
        <Point X="472" Y="194" T="0" Pressure="0"/>
        <Point X="475" Y="197" T="0" Pressure="0"/>
        <Point X="478" Y="200" T="0" Pressure="0"/>
        <Point X="483" Y="209" T="0" Pressure="0"/>
        <Point X="484" Y="212" T="0" Pressure="0"/>
        <Point X="484" Y="216" T="0" Pressure="0"/>
        <Point X="485" Y="220" T="0" Pressure="0"/>
        <Point X="485" Y="224" T="0" Pressure="0"/>
        <Point X="485" Y="227" T="0" Pressure="0"/>
        <Point X="484" Y="230" T="0" Pressure="0"/>
        <Point X="483" Y="234" T="0" Pressure="0"/>
        <Point X="482" Y="237" T="0" Pressure="0"/>
        <Point X="479" Y="241" T="0" Pressure="0"/>
        <Point X="478" Y="244" T="0" Pressure="0"/>
        <Point X="475" Y="246" T="0" Pressure="0"/>
        <Point X="470" Y="251" T="0" Pressure="0"/>
        <Point X="468" Y="253" T="0" Pressure="0"/>
        <Point X="464" Y="256" T="0" Pressure="0"/>
        <Point X="461" Y="258" T="0" Pressure="0"/>
        <Point X="457" Y="260" T="0" Pressure="0"/>
        <Point X="450" Y="264" T="0" Pressure="0"/>
        <Point X="447" Y="266" T="0" Pressure="0"/>
        <Point X="444" Y="268" T="0" Pressure="0"/>
        <Point X="440" Y="270" T="0" Pressure="0"/>
        <Point X="437" Y="272" T="0" Pressure="0"/>
        <Point X="434" Y="273" T="0" Pressure="0"/>
        <Point X="430" Y="275" T="0" Pressure="0"/>
        <Point X="424" Y="278" T="0" Pressure="0"/>
        <Point X="422" Y="279" T="0" Pressure="0"/>
        <Point X="417" Y="284" T="0" Pressure="0"/>
        <Point X="416" Y="285" T="0" Pressure="0"/>
        <Point X="415" Y="286" T="0" Pressure="0"/>
        <Point X="414" Y="290" T="0" Pressure="0"/>
    </Stroke>
</Gesture>
