<?xml version="1.0" ?>
<Gesture Name="H~06" Subject="6" Number="6" NumPts="114" InputType="stylus" Speed="MEDIUM">
    <Stroke index="1">
        <Point X="296" Y="95" T="0" Pressure="0"/>
        <Point X="295" Y="95" T="0" Pressure="0"/>
        <Point X="295" Y="96" T="0" Pressure="0"/>
        <Point X="295" Y="97" T="0" Pressure="0"/>
        <Point X="295" Y="99" T="0" Pressure="0"/>
        <Point X="295" Y="102" T="0" Pressure="0"/>
        <Point X="295" Y="108" T="0" Pressure="0"/>
        <Point X="296" Y="112" T="0" Pressure="0"/>
        <Point X="296" Y="116" T="0" Pressure="0"/>
        <Point X="296" Y="122" T="0" Pressure="0"/>
        <Point X="297" Y="127" T="0" Pressure="0"/>
        <Point X="297" Y="131" T="0" Pressure="0"/>
        <Point X="298" Y="137" T="0" Pressure="0"/>
        <Point X="298" Y="143" T="0" Pressure="0"/>
        <Point X="298" Y="161" T="0" Pressure="0"/>
        <Point X="298" Y="167" T="0" Pressure="0"/>
        <Point X="298" Y="175" T="0" Pressure="0"/>
        <Point X="297" Y="182" T="0" Pressure="0"/>
        <Point X="297" Y="189" T="0" Pressure="0"/>
        <Point X="297" Y="204" T="0" Pressure="0"/>
        <Point X="296" Y="211" T="0" Pressure="0"/>
        <Point X="296" Y="220" T="0" Pressure="0"/>
        <Point X="296" Y="227" T="0" Pressure="0"/>
        <Point X="296" Y="233" T="0" Pressure="0"/>
        <Point X="296" Y="240" T="0" Pressure="0"/>
        <Point X="296" Y="246" T="0" Pressure="0"/>
        <Point X="296" Y="252" T="0" Pressure="0"/>
        <Point X="296" Y="274" T="0" Pressure="0"/>
        <Point X="295" Y="277" T="0" Pressure="0"/>
        <Point X="295" Y="280" T="0" Pressure="0"/>
        <Point X="295" Y="282" T="0" Pressure="0"/>
        <Point X="295" Y="284" T="0" Pressure="0"/>
        <Point X="295" Y="286" T="0" Pressure="0"/>
        <Point X="295" Y="288" T="0" Pressure="0"/>
        <Point X="295" Y="289" T="0" Pressure="0"/>
        <Point X="295" Y="290" T="0" Pressure="0"/>
        <Point X="295" Y="291" T="0" Pressure="0"/>
    </Stroke>
    <Stroke index="2">
        <Point X="303" Y="195" T="0" Pressure="0"/>
        <Point X="302" Y="194" T="0" Pressure="0"/>
        <Point X="302" Y="193" T="0" Pressure="0"/>
        <Point X="302" Y="192" T="0" Pressure="0"/>
        <Point X="302" Y="191" T="0" Pressure="0"/>
        <Point X="303" Y="191" T="0" Pressure="0"/>
        <Point X="304" Y="191" T="0" Pressure="0"/>
        <Point X="307" Y="191" T="0" Pressure="0"/>
        <Point X="310" Y="191" T="0" Pressure="0"/>
        <Point X="313" Y="191" T="0" Pressure="0"/>
        <Point X="315" Y="191" T="0" Pressure="0"/>
        <Point X="318" Y="191" T="0" Pressure="0"/>
        <Point X="321" Y="191" T="0" Pressure="0"/>
        <Point X="325" Y="190" T="0" Pressure="0"/>
        <Point X="329" Y="190" T="0" Pressure="0"/>
        <Point X="333" Y="189" T="0" Pressure="0"/>
        <Point X="338" Y="188" T="0" Pressure="0"/>
        <Point X="343" Y="187" T="0" Pressure="0"/>
        <Point X="347" Y="186" T="0" Pressure="0"/>
        <Point X="356" Y="185" T="0" Pressure="0"/>
        <Point X="360" Y="184" T="0" Pressure="0"/>
        <Point X="365" Y="183" T="0" Pressure="0"/>
        <Point X="369" Y="182" T="0" Pressure="0"/>
        <Point X="373" Y="181" T="0" Pressure="0"/>
        <Point X="377" Y="180" T="0" Pressure="0"/>
        <Point X="381" Y="180" T="0" Pressure="0"/>
        <Point X="384" Y="179" T="0" Pressure="0"/>
        <Point X="388" Y="178" T="0" Pressure="0"/>
        <Point X="390" Y="177" T="0" Pressure="0"/>
        <Point X="400" Y="176" T="0" Pressure="0"/>
        <Point X="402" Y="175" T="0" Pressure="0"/>
        <Point X="405" Y="174" T="0" Pressure="0"/>
        <Point X="407" Y="174" T="0" Pressure="0"/>
        <Point X="409" Y="173" T="0" Pressure="0"/>
        <Point X="411" Y="172" T="0" Pressure="0"/>
    </Stroke>
    <Stroke index="3">
        <Point X="408" Y="91" T="0" Pressure="0"/>
        <Point X="407" Y="90" T="0" Pressure="0"/>
        <Point X="406" Y="90" T="0" Pressure="0"/>
        <Point X="406" Y="91" T="0" Pressure="0"/>
        <Point X="406" Y="93" T="0" Pressure="0"/>
        <Point X="406" Y="95" T="0" Pressure="0"/>
        <Point X="406" Y="98" T="0" Pressure="0"/>
        <Point X="406" Y="101" T="0" Pressure="0"/>
        <Point X="406" Y="105" T="0" Pressure="0"/>
        <Point X="406" Y="110" T="0" Pressure="0"/>
        <Point X="406" Y="115" T="0" Pressure="0"/>
        <Point X="406" Y="120" T="0" Pressure="0"/>
        <Point X="406" Y="126" T="0" Pressure="0"/>
        <Point X="406" Y="132" T="0" Pressure="0"/>
        <Point X="406" Y="139" T="0" Pressure="0"/>
        <Point X="406" Y="145" T="0" Pressure="0"/>
        <Point X="406" Y="152" T="0" Pressure="0"/>
        <Point X="406" Y="158" T="0" Pressure="0"/>
        <Point X="406" Y="165" T="0" Pressure="0"/>
        <Point X="405" Y="179" T="0" Pressure="0"/>
        <Point X="405" Y="185" T="0" Pressure="0"/>
        <Point X="405" Y="192" T="0" Pressure="0"/>
        <Point X="405" Y="206" T="0" Pressure="0"/>
        <Point X="405" Y="220" T="0" Pressure="0"/>
        <Point X="405" Y="226" T="0" Pressure="0"/>
        <Point X="405" Y="231" T="0" Pressure="0"/>
        <Point X="406" Y="236" T="0" Pressure="0"/>
        <Point X="407" Y="242" T="0" Pressure="0"/>
        <Point X="407" Y="247" T="0" Pressure="0"/>
        <Point X="408" Y="252" T="0" Pressure="0"/>
        <Point X="408" Y="256" T="0" Pressure="0"/>
        <Point X="408" Y="260" T="0" Pressure="0"/>
        <Point X="409" Y="268" T="0" Pressure="0"/>
        <Point X="410" Y="272" T="0" Pressure="0"/>
        <Point X="410" Y="275" T="0" Pressure="0"/>
        <Point X="410" Y="277" T="0" Pressure="0"/>
        <Point X="411" Y="279" T="0" Pressure="0"/>
        <Point X="411" Y="280" T="0" Pressure="0"/>
        <Point X="411" Y="282" T="0" Pressure="0"/>
        <Point X="411" Y="284" T="0" Pressure="0"/>
        <Point X="412" Y="284" T="0" Pressure="0"/>
        <Point X="412" Y="285" T="0" Pressure="0"/>
    </Stroke>
</Gesture>
