<?xml version="1.0" ?>
<Gesture Name="H~02" Subject="6" Number="2" NumPts="122" InputType="stylus" Speed="MEDIUM">
    <Stroke index="1">
        <Point X="318" Y="90" T="0" Pressure="0"/>
        <Point X="316" Y="90" T="0" Pressure="0"/>
        <Point X="315" Y="90" T="0" Pressure="0"/>
        <Point X="314" Y="91" T="0" Pressure="0"/>
        <Point X="314" Y="94" T="0" Pressure="0"/>
        <Point X="314" Y="96" T="0" Pressure="0"/>
        <Point X="314" Y="98" T="0" Pressure="0"/>
        <Point X="314" Y="104" T="0" Pressure="0"/>
        <Point X="314" Y="113" T="0" Pressure="0"/>
        <Point X="314" Y="117" T="0" Pressure="0"/>
        <Point X="314" Y="122" T="0" Pressure="0"/>
        <Point X="314" Y="127" T="0" Pressure="0"/>
        <Point X="314" Y="133" T="0" Pressure="0"/>
        <Point X="314" Y="139" T="0" Pressure="0"/>
        <Point X="314" Y="145" T="0" Pressure="0"/>
        <Point X="314" Y="151" T="0" Pressure="0"/>
        <Point X="314" Y="156" T="0" Pressure="0"/>
        <Point X="314" Y="162" T="0" Pressure="0"/>
        <Point X="314" Y="169" T="0" Pressure="0"/>
        <Point X="314" Y="176" T="0" Pressure="0"/>
        <Point X="315" Y="182" T="0" Pressure="0"/>
        <Point X="315" Y="188" T="0" Pressure="0"/>
        <Point X="316" Y="195" T="0" Pressure="0"/>
        <Point X="316" Y="202" T="0" Pressure="0"/>
        <Point X="316" Y="209" T="0" Pressure="0"/>
        <Point X="316" Y="216" T="0" Pressure="0"/>
        <Point X="316" Y="222" T="0" Pressure="0"/>
        <Point X="317" Y="235" T="0" Pressure="0"/>
        <Point X="317" Y="242" T="0" Pressure="0"/>
        <Point X="317" Y="248" T="0" Pressure="0"/>
        <Point X="317" Y="254" T="0" Pressure="0"/>
        <Point X="317" Y="259" T="0" Pressure="0"/>
        <Point X="317" Y="264" T="0" Pressure="0"/>
        <Point X="317" Y="267" T="0" Pressure="0"/>
        <Point X="317" Y="271" T="0" Pressure="0"/>
        <Point X="317" Y="275" T="0" Pressure="0"/>
        <Point X="317" Y="280" T="0" Pressure="0"/>
        <Point X="317" Y="282" T="0" Pressure="0"/>
        <Point X="317" Y="284" T="0" Pressure="0"/>
        <Point X="317" Y="286" T="0" Pressure="0"/>
        <Point X="317" Y="287" T="0" Pressure="0"/>
        <Point X="317" Y="289" T="0" Pressure="0"/>
    </Stroke>
    <Stroke index="2">
        <Point X="322" Y="195" T="0" Pressure="0"/>
        <Point X="324" Y="192" T="0" Pressure="0"/>
        <Point X="327" Y="191" T="0" Pressure="0"/>
        <Point X="332" Y="190" T="0" Pressure="0"/>
        <Point X="335" Y="190" T="0" Pressure="0"/>
        <Point X="337" Y="190" T="0" Pressure="0"/>
        <Point X="341" Y="190" T="0" Pressure="0"/>
        <Point X="344" Y="189" T="0" Pressure="0"/>
        <Point X="349" Y="189" T="0" Pressure="0"/>
        <Point X="353" Y="188" T="0" Pressure="0"/>
        <Point X="358" Y="187" T="0" Pressure="0"/>
        <Point X="362" Y="186" T="0" Pressure="0"/>
        <Point X="367" Y="185" T="0" Pressure="0"/>
        <Point X="372" Y="185" T="0" Pressure="0"/>
        <Point X="382" Y="183" T="0" Pressure="0"/>
        <Point X="386" Y="182" T="0" Pressure="0"/>
        <Point X="391" Y="181" T="0" Pressure="0"/>
        <Point X="395" Y="180" T="0" Pressure="0"/>
        <Point X="400" Y="180" T="0" Pressure="0"/>
        <Point X="404" Y="179" T="0" Pressure="0"/>
        <Point X="408" Y="179" T="0" Pressure="0"/>
        <Point X="411" Y="178" T="0" Pressure="0"/>
        <Point X="415" Y="178" T="0" Pressure="0"/>
        <Point X="422" Y="177" T="0" Pressure="0"/>
        <Point X="426" Y="177" T="0" Pressure="0"/>
        <Point X="429" Y="176" T="0" Pressure="0"/>
        <Point X="431" Y="176" T="0" Pressure="0"/>
        <Point X="434" Y="176" T="0" Pressure="0"/>
        <Point X="437" Y="175" T="0" Pressure="0"/>
        <Point X="439" Y="175" T="0" Pressure="0"/>
        <Point X="442" Y="174" T="0" Pressure="0"/>
        <Point X="445" Y="174" T="0" Pressure="0"/>
        <Point X="448" Y="172" T="0" Pressure="0"/>
        <Point X="449" Y="172" T="0" Pressure="0"/>
        <Point X="450" Y="171" T="0" Pressure="0"/>
        <Point X="453" Y="169" T="0" Pressure="0"/>
    </Stroke>
    <Stroke index="3">
        <Point X="445" Y="84" T="0" Pressure="0"/>
        <Point X="445" Y="81" T="0" Pressure="0"/>
        <Point X="445" Y="78" T="0" Pressure="0"/>
        <Point X="445" Y="77" T="0" Pressure="0"/>
        <Point X="446" Y="78" T="0" Pressure="0"/>
        <Point X="446" Y="79" T="0" Pressure="0"/>
        <Point X="446" Y="83" T="0" Pressure="0"/>
        <Point X="447" Y="89" T="0" Pressure="0"/>
        <Point X="447" Y="93" T="0" Pressure="0"/>
        <Point X="447" Y="97" T="0" Pressure="0"/>
        <Point X="447" Y="101" T="0" Pressure="0"/>
        <Point X="447" Y="106" T="0" Pressure="0"/>
        <Point X="446" Y="119" T="0" Pressure="0"/>
        <Point X="446" Y="127" T="0" Pressure="0"/>
        <Point X="445" Y="134" T="0" Pressure="0"/>
        <Point X="445" Y="150" T="0" Pressure="0"/>
        <Point X="445" Y="157" T="0" Pressure="0"/>
        <Point X="445" Y="166" T="0" Pressure="0"/>
        <Point X="445" Y="180" T="0" Pressure="0"/>
        <Point X="445" Y="187" T="0" Pressure="0"/>
        <Point X="445" Y="194" T="0" Pressure="0"/>
        <Point X="447" Y="207" T="0" Pressure="0"/>
        <Point X="448" Y="214" T="0" Pressure="0"/>
        <Point X="449" Y="219" T="0" Pressure="0"/>
        <Point X="450" Y="229" T="0" Pressure="0"/>
        <Point X="452" Y="234" T="0" Pressure="0"/>
        <Point X="452" Y="240" T="0" Pressure="0"/>
        <Point X="453" Y="250" T="0" Pressure="0"/>
        <Point X="454" Y="258" T="0" Pressure="0"/>
        <Point X="454" Y="266" T="0" Pressure="0"/>
        <Point X="454" Y="269" T="0" Pressure="0"/>
        <Point X="454" Y="272" T="0" Pressure="0"/>
        <Point X="454" Y="275" T="0" Pressure="0"/>
        <Point X="454" Y="277" T="0" Pressure="0"/>
        <Point X="454" Y="279" T="0" Pressure="0"/>
        <Point X="453" Y="281" T="0" Pressure="0"/>
        <Point X="453" Y="282" T="0" Pressure="0"/>
        <Point X="453" Y="284" T="0" Pressure="0"/>
        <Point X="453" Y="285" T="0" Pressure="0"/>
        <Point X="453" Y="286" T="0" Pressure="0"/>
        <Point X="454" Y="286" T="0" Pressure="0"/>
        <Point X="454" Y="287" T="0" Pressure="0"/>
        <Point X="454" Y="288" T="0" Pressure="0"/>
        <Point X="455" Y="289" T="0" Pressure="0"/>
    </Stroke>
</Gesture>
