<?xml version="1.0" ?>
<Gesture Name="five_point_star~03" Subject="6" Number="3" NumPts="234" InputType="stylus" Speed="MEDIUM">
    <Stroke index="1">
        <Point X="316" Y="353" T="0" Pressure="0"/>
        <Point X="314" Y="352" T="0" Pressure="0"/>
        <Point X="314" Y="351" T="0" Pressure="0"/>
        <Point X="313" Y="351" T="0" Pressure="0"/>
        <Point X="313" Y="350" T="0" Pressure="0"/>
        <Point X="313" Y="349" T="0" Pressure="0"/>
        <Point X="313" Y="347" T="0" Pressure="0"/>
        <Point X="313" Y="344" T="0" Pressure="0"/>
        <Point X="314" Y="341" T="0" Pressure="0"/>
        <Point X="314" Y="339" T="0" Pressure="0"/>
        <Point X="315" Y="336" T="0" Pressure="0"/>
        <Point X="316" Y="333" T="0" Pressure="0"/>
        <Point X="317" Y="330" T="0" Pressure="0"/>
        <Point X="318" Y="326" T="0" Pressure="0"/>
        <Point X="320" Y="323" T="0" Pressure="0"/>
        <Point X="321" Y="320" T="0" Pressure="0"/>
        <Point X="323" Y="315" T="0" Pressure="0"/>
        <Point X="325" Y="310" T="0" Pressure="0"/>
        <Point X="326" Y="306" T="0" Pressure="0"/>
        <Point X="329" Y="301" T="0" Pressure="0"/>
        <Point X="331" Y="296" T="0" Pressure="0"/>
        <Point X="334" Y="285" T="0" Pressure="0"/>
        <Point X="336" Y="279" T="0" Pressure="0"/>
        <Point X="338" Y="274" T="0" Pressure="0"/>
        <Point X="340" Y="268" T="0" Pressure="0"/>
        <Point X="342" Y="262" T="0" Pressure="0"/>
        <Point X="344" Y="255" T="0" Pressure="0"/>
        <Point X="346" Y="250" T="0" Pressure="0"/>
        <Point X="348" Y="243" T="0" Pressure="0"/>
        <Point X="351" Y="237" T="0" Pressure="0"/>
        <Point X="352" Y="231" T="0" Pressure="0"/>
        <Point X="355" Y="226" T="0" Pressure="0"/>
        <Point X="356" Y="221" T="0" Pressure="0"/>
        <Point X="359" Y="216" T="0" Pressure="0"/>
        <Point X="360" Y="210" T="0" Pressure="0"/>
        <Point X="365" Y="202" T="0" Pressure="0"/>
        <Point X="367" Y="197" T="0" Pressure="0"/>
        <Point X="369" Y="194" T="0" Pressure="0"/>
        <Point X="371" Y="190" T="0" Pressure="0"/>
        <Point X="374" Y="186" T="0" Pressure="0"/>
        <Point X="375" Y="184" T="0" Pressure="0"/>
        <Point X="378" Y="181" T="0" Pressure="0"/>
        <Point X="380" Y="179" T="0" Pressure="0"/>
        <Point X="381" Y="177" T="0" Pressure="0"/>
        <Point X="384" Y="175" T="0" Pressure="0"/>
        <Point X="385" Y="174" T="0" Pressure="0"/>
        <Point X="388" Y="172" T="0" Pressure="0"/>
        <Point X="389" Y="172" T="0" Pressure="0"/>
        <Point X="391" Y="171" T="0" Pressure="0"/>
        <Point X="393" Y="171" T="0" Pressure="0"/>
        <Point X="394" Y="170" T="0" Pressure="0"/>
        <Point X="396" Y="170" T="0" Pressure="0"/>
        <Point X="398" Y="171" T="0" Pressure="0"/>
        <Point X="399" Y="172" T="0" Pressure="0"/>
        <Point X="400" Y="174" T="0" Pressure="0"/>
        <Point X="401" Y="176" T="0" Pressure="0"/>
        <Point X="403" Y="178" T="0" Pressure="0"/>
        <Point X="404" Y="181" T="0" Pressure="0"/>
        <Point X="404" Y="184" T="0" Pressure="0"/>
        <Point X="405" Y="187" T="0" Pressure="0"/>
        <Point X="406" Y="191" T="0" Pressure="0"/>
        <Point X="407" Y="196" T="0" Pressure="0"/>
        <Point X="408" Y="201" T="0" Pressure="0"/>
        <Point X="409" Y="206" T="0" Pressure="0"/>
        <Point X="410" Y="211" T="0" Pressure="0"/>
        <Point X="411" Y="216" T="0" Pressure="0"/>
        <Point X="412" Y="222" T="0" Pressure="0"/>
        <Point X="414" Y="227" T="0" Pressure="0"/>
        <Point X="415" Y="234" T="0" Pressure="0"/>
        <Point X="416" Y="240" T="0" Pressure="0"/>
        <Point X="418" Y="245" T="0" Pressure="0"/>
        <Point X="419" Y="251" T="0" Pressure="0"/>
        <Point X="420" Y="257" T="0" Pressure="0"/>
        <Point X="422" Y="263" T="0" Pressure="0"/>
        <Point X="424" Y="270" T="0" Pressure="0"/>
        <Point X="425" Y="276" T="0" Pressure="0"/>
        <Point X="426" Y="281" T="0" Pressure="0"/>
        <Point X="428" Y="287" T="0" Pressure="0"/>
        <Point X="430" Y="292" T="0" Pressure="0"/>
        <Point X="431" Y="299" T="0" Pressure="0"/>
        <Point X="432" Y="304" T="0" Pressure="0"/>
        <Point X="434" Y="309" T="0" Pressure="0"/>
        <Point X="434" Y="314" T="0" Pressure="0"/>
        <Point X="436" Y="319" T="0" Pressure="0"/>
        <Point X="437" Y="323" T="0" Pressure="0"/>
        <Point X="438" Y="327" T="0" Pressure="0"/>
        <Point X="439" Y="331" T="0" Pressure="0"/>
        <Point X="439" Y="334" T="0" Pressure="0"/>
        <Point X="441" Y="337" T="0" Pressure="0"/>
        <Point X="441" Y="340" T="0" Pressure="0"/>
        <Point X="441" Y="342" T="0" Pressure="0"/>
        <Point X="441" Y="345" T="0" Pressure="0"/>
        <Point X="442" Y="347" T="0" Pressure="0"/>
        <Point X="442" Y="348" T="0" Pressure="0"/>
        <Point X="442" Y="349" T="0" Pressure="0"/>
        <Point X="442" Y="351" T="0" Pressure="0"/>
        <Point X="441" Y="352" T="0" Pressure="0"/>
        <Point X="441" Y="353" T="0" Pressure="0"/>
        <Point X="440" Y="353" T="0" Pressure="0"/>
        <Point X="439" Y="354" T="0" Pressure="0"/>
        <Point X="438" Y="354" T="0" Pressure="0"/>
        <Point X="436" Y="354" T="0" Pressure="0"/>
        <Point X="434" Y="354" T="0" Pressure="0"/>
        <Point X="432" Y="354" T="0" Pressure="0"/>
        <Point X="430" Y="354" T="0" Pressure="0"/>
        <Point X="428" Y="353" T="0" Pressure="0"/>
        <Point X="426" Y="353" T="0" Pressure="0"/>
        <Point X="423" Y="351" T="0" Pressure="0"/>
        <Point X="419" Y="351" T="0" Pressure="0"/>
        <Point X="416" Y="349" T="0" Pressure="0"/>
        <Point X="412" Y="347" T="0" Pressure="0"/>
        <Point X="409" Y="345" T="0" Pressure="0"/>
        <Point X="405" Y="343" T="0" Pressure="0"/>
        <Point X="401" Y="341" T="0" Pressure="0"/>
        <Point X="396" Y="339" T="0" Pressure="0"/>
        <Point X="392" Y="336" T="0" Pressure="0"/>
        <Point X="387" Y="334" T="0" Pressure="0"/>
        <Point X="382" Y="331" T="0" Pressure="0"/>
        <Point X="378" Y="328" T="0" Pressure="0"/>
        <Point X="373" Y="326" T="0" Pressure="0"/>
        <Point X="368" Y="324" T="0" Pressure="0"/>
        <Point X="362" Y="320" T="0" Pressure="0"/>
        <Point X="358" Y="318" T="0" Pressure="0"/>
        <Point X="354" Y="315" T="0" Pressure="0"/>
        <Point X="349" Y="312" T="0" Pressure="0"/>
        <Point X="344" Y="310" T="0" Pressure="0"/>
        <Point X="340" Y="307" T="0" Pressure="0"/>
        <Point X="336" Y="304" T="0" Pressure="0"/>
        <Point X="332" Y="302" T="0" Pressure="0"/>
        <Point X="328" Y="300" T="0" Pressure="0"/>
        <Point X="325" Y="298" T="0" Pressure="0"/>
        <Point X="321" Y="296" T="0" Pressure="0"/>
        <Point X="314" Y="291" T="0" Pressure="0"/>
        <Point X="311" Y="290" T="0" Pressure="0"/>
        <Point X="310" Y="288" T="0" Pressure="0"/>
        <Point X="307" Y="286" T="0" Pressure="0"/>
        <Point X="306" Y="284" T="0" Pressure="0"/>
        <Point X="304" Y="283" T="0" Pressure="0"/>
        <Point X="302" Y="281" T="0" Pressure="0"/>
        <Point X="302" Y="280" T="0" Pressure="0"/>
        <Point X="302" Y="279" T="0" Pressure="0"/>
        <Point X="302" Y="276" T="0" Pressure="0"/>
        <Point X="302" Y="275" T="0" Pressure="0"/>
        <Point X="302" Y="274" T="0" Pressure="0"/>
        <Point X="304" Y="272" T="0" Pressure="0"/>
        <Point X="306" Y="271" T="0" Pressure="0"/>
        <Point X="307" Y="269" T="0" Pressure="0"/>
        <Point X="310" Y="267" T="0" Pressure="0"/>
        <Point X="313" Y="266" T="0" Pressure="0"/>
        <Point X="316" Y="264" T="0" Pressure="0"/>
        <Point X="322" Y="259" T="0" Pressure="0"/>
        <Point X="326" Y="257" T="0" Pressure="0"/>
        <Point X="331" Y="255" T="0" Pressure="0"/>
        <Point X="335" Y="252" T="0" Pressure="0"/>
        <Point X="340" Y="250" T="0" Pressure="0"/>
        <Point X="356" Y="241" T="0" Pressure="0"/>
        <Point X="362" Y="239" T="0" Pressure="0"/>
        <Point X="369" Y="236" T="0" Pressure="0"/>
        <Point X="376" Y="234" T="0" Pressure="0"/>
        <Point X="383" Y="230" T="0" Pressure="0"/>
        <Point X="389" Y="228" T="0" Pressure="0"/>
        <Point X="396" Y="227" T="0" Pressure="0"/>
        <Point X="401" Y="225" T="0" Pressure="0"/>
        <Point X="408" Y="223" T="0" Pressure="0"/>
        <Point X="414" Y="221" T="0" Pressure="0"/>
        <Point X="420" Y="220" T="0" Pressure="0"/>
        <Point X="425" Y="218" T="0" Pressure="0"/>
        <Point X="430" Y="217" T="0" Pressure="0"/>
        <Point X="435" Y="216" T="0" Pressure="0"/>
        <Point X="440" Y="215" T="0" Pressure="0"/>
        <Point X="445" Y="214" T="0" Pressure="0"/>
        <Point X="449" Y="213" T="0" Pressure="0"/>
        <Point X="452" Y="212" T="0" Pressure="0"/>
        <Point X="456" Y="212" T="0" Pressure="0"/>
        <Point X="459" Y="212" T="0" Pressure="0"/>
        <Point X="461" Y="211" T="0" Pressure="0"/>
        <Point X="464" Y="211" T="0" Pressure="0"/>
        <Point X="466" Y="211" T="0" Pressure="0"/>
        <Point X="467" Y="211" T="0" Pressure="0"/>
        <Point X="468" Y="212" T="0" Pressure="0"/>
        <Point X="469" Y="212" T="0" Pressure="0"/>
        <Point X="470" Y="213" T="0" Pressure="0"/>
        <Point X="471" Y="214" T="0" Pressure="0"/>
        <Point X="471" Y="215" T="0" Pressure="0"/>
        <Point X="471" Y="216" T="0" Pressure="0"/>
        <Point X="471" Y="217" T="0" Pressure="0"/>
        <Point X="471" Y="219" T="0" Pressure="0"/>
        <Point X="469" Y="221" T="0" Pressure="0"/>
        <Point X="468" Y="223" T="0" Pressure="0"/>
        <Point X="467" Y="226" T="0" Pressure="0"/>
        <Point X="464" Y="228" T="0" Pressure="0"/>
        <Point X="462" Y="231" T="0" Pressure="0"/>
        <Point X="459" Y="235" T="0" Pressure="0"/>
        <Point X="456" Y="239" T="0" Pressure="0"/>
        <Point X="452" Y="243" T="0" Pressure="0"/>
        <Point X="448" Y="247" T="0" Pressure="0"/>
        <Point X="444" Y="252" T="0" Pressure="0"/>
        <Point X="439" Y="256" T="0" Pressure="0"/>
        <Point X="434" Y="260" T="0" Pressure="0"/>
        <Point X="429" Y="265" T="0" Pressure="0"/>
        <Point X="423" Y="270" T="0" Pressure="0"/>
        <Point X="418" Y="275" T="0" Pressure="0"/>
        <Point X="412" Y="280" T="0" Pressure="0"/>
        <Point X="406" Y="284" T="0" Pressure="0"/>
        <Point X="400" Y="290" T="0" Pressure="0"/>
        <Point X="395" Y="295" T="0" Pressure="0"/>
        <Point X="388" Y="300" T="0" Pressure="0"/>
        <Point X="381" Y="305" T="0" Pressure="0"/>
        <Point X="376" Y="310" T="0" Pressure="0"/>
        <Point X="370" Y="315" T="0" Pressure="0"/>
        <Point X="365" Y="320" T="0" Pressure="0"/>
        <Point X="359" Y="324" T="0" Pressure="0"/>
        <Point X="354" Y="328" T="0" Pressure="0"/>
        <Point X="348" Y="333" T="0" Pressure="0"/>
        <Point X="344" Y="336" T="0" Pressure="0"/>
        <Point X="339" Y="340" T="0" Pressure="0"/>
        <Point X="335" Y="343" T="0" Pressure="0"/>
        <Point X="330" Y="346" T="0" Pressure="0"/>
        <Point X="326" Y="349" T="0" Pressure="0"/>
        <Point X="322" Y="351" T="0" Pressure="0"/>
        <Point X="319" Y="352" T="0" Pressure="0"/>
        <Point X="317" Y="354" T="0" Pressure="0"/>
        <Point X="314" Y="355" T="0" Pressure="0"/>
        <Point X="312" Y="357" T="0" Pressure="0"/>
        <Point X="310" Y="358" T="0" Pressure="0"/>
        <Point X="309" Y="359" T="0" Pressure="0"/>
        <Point X="308" Y="359" T="0" Pressure="0"/>
        <Point X="307" Y="359" T="0" Pressure="0"/>
        <Point X="309" Y="359" T="0" Pressure="0"/>
        <Point X="310" Y="359" T="0" Pressure="0"/>
        <Point X="311" Y="359" T="0" Pressure="0"/>
        <Point X="313" Y="359" T="0" Pressure="0"/>
        <Point X="314" Y="358" T="0" Pressure="0"/>
        <Point X="316" Y="357" T="0" Pressure="0"/>
    </Stroke>
</Gesture>
