<?xml version="1.0" ?>
<Gesture Name="H~08" Subject="6" Number="8" NumPts="111" InputType="stylus" Speed="MEDIUM">
    <Stroke index="1">
        <Point X="289" Y="118" T="0" Pressure="0"/>
        <Point X="288" Y="119" T="0" Pressure="0"/>
        <Point X="287" Y="120" T="0" Pressure="0"/>
        <Point X="287" Y="121" T="0" Pressure="0"/>
        <Point X="287" Y="122" T="0" Pressure="0"/>
        <Point X="287" Y="125" T="0" Pressure="0"/>
        <Point X="287" Y="127" T="0" Pressure="0"/>
        <Point X="288" Y="146" T="0" Pressure="0"/>
        <Point X="288" Y="152" T="0" Pressure="0"/>
        <Point X="288" Y="157" T="0" Pressure="0"/>
        <Point X="289" Y="164" T="0" Pressure="0"/>
        <Point X="290" Y="172" T="0" Pressure="0"/>
        <Point X="290" Y="178" T="0" Pressure="0"/>
        <Point X="290" Y="184" T="0" Pressure="0"/>
        <Point X="290" Y="191" T="0" Pressure="0"/>
        <Point X="290" Y="206" T="0" Pressure="0"/>
        <Point X="290" Y="214" T="0" Pressure="0"/>
        <Point X="290" Y="221" T="0" Pressure="0"/>
        <Point X="290" Y="235" T="0" Pressure="0"/>
        <Point X="290" Y="242" T="0" Pressure="0"/>
        <Point X="289" Y="249" T="0" Pressure="0"/>
        <Point X="288" Y="256" T="0" Pressure="0"/>
        <Point X="288" Y="262" T="0" Pressure="0"/>
        <Point X="287" Y="267" T="0" Pressure="0"/>
        <Point X="287" Y="273" T="0" Pressure="0"/>
        <Point X="287" Y="277" T="0" Pressure="0"/>
        <Point X="287" Y="281" T="0" Pressure="0"/>
        <Point X="287" Y="285" T="0" Pressure="0"/>
        <Point X="287" Y="288" T="0" Pressure="0"/>
        <Point X="287" Y="290" T="0" Pressure="0"/>
        <Point X="287" Y="292" T="0" Pressure="0"/>
        <Point X="287" Y="294" T="0" Pressure="0"/>
        <Point X="287" Y="295" T="0" Pressure="0"/>
        <Point X="287" Y="296" T="0" Pressure="0"/>
        <Point X="288" Y="296" T="0" Pressure="0"/>
        <Point X="290" Y="296" T="0" Pressure="0"/>
    </Stroke>
    <Stroke index="2">
        <Point X="293" Y="227" T="0" Pressure="0"/>
        <Point X="291" Y="225" T="0" Pressure="0"/>
        <Point X="291" Y="224" T="0" Pressure="0"/>
        <Point X="291" Y="223" T="0" Pressure="0"/>
        <Point X="291" Y="222" T="0" Pressure="0"/>
        <Point X="294" Y="222" T="0" Pressure="0"/>
        <Point X="295" Y="222" T="0" Pressure="0"/>
        <Point X="297" Y="222" T="0" Pressure="0"/>
        <Point X="299" Y="222" T="0" Pressure="0"/>
        <Point X="302" Y="222" T="0" Pressure="0"/>
        <Point X="305" Y="221" T="0" Pressure="0"/>
        <Point X="309" Y="221" T="0" Pressure="0"/>
        <Point X="313" Y="221" T="0" Pressure="0"/>
        <Point X="317" Y="220" T="0" Pressure="0"/>
        <Point X="321" Y="220" T="0" Pressure="0"/>
        <Point X="326" Y="219" T="0" Pressure="0"/>
        <Point X="337" Y="218" T="0" Pressure="0"/>
        <Point X="341" Y="217" T="0" Pressure="0"/>
        <Point X="346" Y="216" T="0" Pressure="0"/>
        <Point X="351" Y="216" T="0" Pressure="0"/>
        <Point X="355" Y="215" T="0" Pressure="0"/>
        <Point X="359" Y="214" T="0" Pressure="0"/>
        <Point X="363" Y="213" T="0" Pressure="0"/>
        <Point X="367" Y="212" T="0" Pressure="0"/>
        <Point X="371" Y="211" T="0" Pressure="0"/>
        <Point X="374" Y="211" T="0" Pressure="0"/>
        <Point X="378" Y="210" T="0" Pressure="0"/>
        <Point X="384" Y="209" T="0" Pressure="0"/>
        <Point X="386" Y="209" T="0" Pressure="0"/>
        <Point X="389" Y="208" T="0" Pressure="0"/>
        <Point X="392" Y="207" T="0" Pressure="0"/>
        <Point X="393" Y="207" T="0" Pressure="0"/>
    </Stroke>
    <Stroke index="3">
        <Point X="388" Y="125" T="0" Pressure="0"/>
        <Point X="387" Y="124" T="0" Pressure="0"/>
        <Point X="386" Y="123" T="0" Pressure="0"/>
        <Point X="386" Y="122" T="0" Pressure="0"/>
        <Point X="386" Y="124" T="0" Pressure="0"/>
        <Point X="387" Y="126" T="0" Pressure="0"/>
        <Point X="388" Y="128" T="0" Pressure="0"/>
        <Point X="388" Y="131" T="0" Pressure="0"/>
        <Point X="388" Y="138" T="0" Pressure="0"/>
        <Point X="388" Y="142" T="0" Pressure="0"/>
        <Point X="388" Y="149" T="0" Pressure="0"/>
        <Point X="388" Y="154" T="0" Pressure="0"/>
        <Point X="388" Y="160" T="0" Pressure="0"/>
        <Point X="388" Y="174" T="0" Pressure="0"/>
        <Point X="387" Y="180" T="0" Pressure="0"/>
        <Point X="387" Y="187" T="0" Pressure="0"/>
        <Point X="386" Y="194" T="0" Pressure="0"/>
        <Point X="386" Y="200" T="0" Pressure="0"/>
        <Point X="386" Y="206" T="0" Pressure="0"/>
        <Point X="386" Y="212" T="0" Pressure="0"/>
        <Point X="385" Y="226" T="0" Pressure="0"/>
        <Point X="385" Y="231" T="0" Pressure="0"/>
        <Point X="385" Y="236" T="0" Pressure="0"/>
        <Point X="385" Y="242" T="0" Pressure="0"/>
        <Point X="385" Y="247" T="0" Pressure="0"/>
        <Point X="385" Y="252" T="0" Pressure="0"/>
        <Point X="385" Y="257" T="0" Pressure="0"/>
        <Point X="385" Y="265" T="0" Pressure="0"/>
        <Point X="385" Y="269" T="0" Pressure="0"/>
        <Point X="385" Y="272" T="0" Pressure="0"/>
        <Point X="385" Y="275" T="0" Pressure="0"/>
        <Point X="385" Y="278" T="0" Pressure="0"/>
        <Point X="385" Y="280" T="0" Pressure="0"/>
        <Point X="385" Y="282" T="0" Pressure="0"/>
        <Point X="386" Y="285" T="0" Pressure="0"/>
        <Point X="386" Y="287" T="0" Pressure="0"/>
        <Point X="386" Y="288" T="0" Pressure="0"/>
        <Point X="386" Y="289" T="0" Pressure="0"/>
        <Point X="386" Y="290" T="0" Pressure="0"/>
        <Point X="387" Y="290" T="0" Pressure="0"/>
        <Point X="388" Y="290" T="0" Pressure="0"/>
        <Point X="388" Y="291" T="0" Pressure="0"/>
        <Point X="389" Y="291" T="0" Pressure="0"/>
    </Stroke>
</Gesture>
