<?xml version="1.0" ?>
<Gesture Name="half_note~08" Subject="6" Number="8" NumPts="110" InputType="stylus" Speed="MEDIUM">
    <Stroke index="1">
        <Point X="428" Y="149" T="0" Pressure="0"/>
        <Point X="427" Y="146" T="0" Pressure="0"/>
        <Point X="427" Y="145" T="0" Pressure="0"/>
        <Point X="427" Y="146" T="0" Pressure="0"/>
        <Point X="427" Y="147" T="0" Pressure="0"/>
        <Point X="427" Y="148" T="0" Pressure="0"/>
        <Point X="427" Y="150" T="0" Pressure="0"/>
        <Point X="427" Y="152" T="0" Pressure="0"/>
        <Point X="426" Y="154" T="0" Pressure="0"/>
        <Point X="426" Y="157" T="0" Pressure="0"/>
        <Point X="426" Y="160" T="0" Pressure="0"/>
        <Point X="426" Y="163" T="0" Pressure="0"/>
        <Point X="426" Y="166" T="0" Pressure="0"/>
        <Point X="426" Y="171" T="0" Pressure="0"/>
        <Point X="425" Y="176" T="0" Pressure="0"/>
        <Point X="424" Y="181" T="0" Pressure="0"/>
        <Point X="424" Y="186" T="0" Pressure="0"/>
        <Point X="424" Y="192" T="0" Pressure="0"/>
        <Point X="424" Y="199" T="0" Pressure="0"/>
        <Point X="423" Y="205" T="0" Pressure="0"/>
        <Point X="423" Y="212" T="0" Pressure="0"/>
        <Point X="423" Y="218" T="0" Pressure="0"/>
        <Point X="423" Y="225" T="0" Pressure="0"/>
        <Point X="423" Y="239" T="0" Pressure="0"/>
        <Point X="423" Y="247" T="0" Pressure="0"/>
        <Point X="423" Y="253" T="0" Pressure="0"/>
        <Point X="423" Y="260" T="0" Pressure="0"/>
        <Point X="423" Y="267" T="0" Pressure="0"/>
        <Point X="423" Y="275" T="0" Pressure="0"/>
        <Point X="423" Y="281" T="0" Pressure="0"/>
        <Point X="423" Y="288" T="0" Pressure="0"/>
        <Point X="422" Y="293" T="0" Pressure="0"/>
        <Point X="422" Y="302" T="0" Pressure="0"/>
        <Point X="422" Y="306" T="0" Pressure="0"/>
        <Point X="422" Y="310" T="0" Pressure="0"/>
        <Point X="422" Y="314" T="0" Pressure="0"/>
        <Point X="422" Y="316" T="0" Pressure="0"/>
        <Point X="422" Y="321" T="0" Pressure="0"/>
        <Point X="423" Y="324" T="0" Pressure="0"/>
        <Point X="423" Y="325" T="0" Pressure="0"/>
        <Point X="423" Y="328" T="0" Pressure="0"/>
        <Point X="423" Y="331" T="0" Pressure="0"/>
    </Stroke>
    <Stroke index="2">
        <Point X="415" Y="326" T="0" Pressure="0"/>
        <Point X="415" Y="325" T="0" Pressure="0"/>
        <Point X="413" Y="323" T="0" Pressure="0"/>
        <Point X="412" Y="320" T="0" Pressure="0"/>
        <Point X="411" Y="318" T="0" Pressure="0"/>
        <Point X="411" Y="317" T="0" Pressure="0"/>
        <Point X="411" Y="315" T="0" Pressure="0"/>
        <Point X="410" Y="312" T="0" Pressure="0"/>
        <Point X="408" Y="310" T="0" Pressure="0"/>
        <Point X="407" Y="306" T="0" Pressure="0"/>
        <Point X="405" Y="304" T="0" Pressure="0"/>
        <Point X="404" Y="302" T="0" Pressure="0"/>
        <Point X="403" Y="301" T="0" Pressure="0"/>
        <Point X="402" Y="299" T="0" Pressure="0"/>
        <Point X="400" Y="297" T="0" Pressure="0"/>
        <Point X="399" Y="295" T="0" Pressure="0"/>
        <Point X="397" Y="293" T="0" Pressure="0"/>
        <Point X="395" Y="291" T="0" Pressure="0"/>
        <Point X="393" Y="290" T="0" Pressure="0"/>
        <Point X="391" Y="289" T="0" Pressure="0"/>
        <Point X="387" Y="286" T="0" Pressure="0"/>
        <Point X="382" Y="284" T="0" Pressure="0"/>
        <Point X="380" Y="284" T="0" Pressure="0"/>
        <Point X="378" Y="283" T="0" Pressure="0"/>
        <Point X="375" Y="282" T="0" Pressure="0"/>
        <Point X="373" Y="282" T="0" Pressure="0"/>
        <Point X="370" Y="282" T="0" Pressure="0"/>
        <Point X="368" Y="282" T="0" Pressure="0"/>
        <Point X="363" Y="284" T="0" Pressure="0"/>
        <Point X="360" Y="284" T="0" Pressure="0"/>
        <Point X="359" Y="285" T="0" Pressure="0"/>
        <Point X="355" Y="289" T="0" Pressure="0"/>
        <Point X="353" Y="290" T="0" Pressure="0"/>
        <Point X="351" Y="292" T="0" Pressure="0"/>
        <Point X="348" Y="298" T="0" Pressure="0"/>
        <Point X="347" Y="301" T="0" Pressure="0"/>
        <Point X="346" Y="303" T="0" Pressure="0"/>
        <Point X="344" Y="311" T="0" Pressure="0"/>
        <Point X="343" Y="315" T="0" Pressure="0"/>
        <Point X="343" Y="320" T="0" Pressure="0"/>
        <Point X="342" Y="327" T="0" Pressure="0"/>
        <Point X="342" Y="331" T="0" Pressure="0"/>
        <Point X="343" Y="335" T="0" Pressure="0"/>
        <Point X="344" Y="343" T="0" Pressure="0"/>
        <Point X="345" Y="347" T="0" Pressure="0"/>
        <Point X="346" Y="350" T="0" Pressure="0"/>
        <Point X="350" Y="355" T="0" Pressure="0"/>
        <Point X="351" Y="359" T="0" Pressure="0"/>
        <Point X="353" Y="360" T="0" Pressure="0"/>
        <Point X="355" Y="362" T="0" Pressure="0"/>
        <Point X="358" Y="363" T="0" Pressure="0"/>
        <Point X="360" Y="365" T="0" Pressure="0"/>
        <Point X="362" Y="365" T="0" Pressure="0"/>
        <Point X="367" Y="366" T="0" Pressure="0"/>
        <Point X="370" Y="366" T="0" Pressure="0"/>
        <Point X="374" Y="366" T="0" Pressure="0"/>
        <Point X="380" Y="365" T="0" Pressure="0"/>
        <Point X="383" Y="364" T="0" Pressure="0"/>
        <Point X="386" Y="362" T="0" Pressure="0"/>
        <Point X="393" Y="358" T="0" Pressure="0"/>
        <Point X="396" Y="356" T="0" Pressure="0"/>
        <Point X="399" Y="353" T="0" Pressure="0"/>
        <Point X="405" Y="349" T="0" Pressure="0"/>
        <Point X="408" Y="347" T="0" Pressure="0"/>
        <Point X="411" Y="345" T="0" Pressure="0"/>
        <Point X="414" Y="343" T="0" Pressure="0"/>
        <Point X="416" Y="340" T="0" Pressure="0"/>
        <Point X="419" Y="338" T="0" Pressure="0"/>
    </Stroke>
</Gesture>
