<?xml version="1.0" ?>
<Gesture Name="five_point_star~08" Subject="6" Number="8" NumPts="243" InputType="stylus" Speed="MEDIUM">
    <Stroke index="1">
        <Point X="311" Y="340" T="0" Pressure="0"/>
        <Point X="311" Y="338" T="0" Pressure="0"/>
        <Point X="311" Y="336" T="0" Pressure="0"/>
        <Point X="311" Y="335" T="0" Pressure="0"/>
        <Point X="311" Y="334" T="0" Pressure="0"/>
        <Point X="311" Y="331" T="0" Pressure="0"/>
        <Point X="312" Y="329" T="0" Pressure="0"/>
        <Point X="313" Y="327" T="0" Pressure="0"/>
        <Point X="314" Y="325" T="0" Pressure="0"/>
        <Point X="314" Y="322" T="0" Pressure="0"/>
        <Point X="315" Y="318" T="0" Pressure="0"/>
        <Point X="317" Y="315" T="0" Pressure="0"/>
        <Point X="318" Y="310" T="0" Pressure="0"/>
        <Point X="319" Y="307" T="0" Pressure="0"/>
        <Point X="321" Y="303" T="0" Pressure="0"/>
        <Point X="322" Y="299" T="0" Pressure="0"/>
        <Point X="324" Y="294" T="0" Pressure="0"/>
        <Point X="325" Y="289" T="0" Pressure="0"/>
        <Point X="326" Y="284" T="0" Pressure="0"/>
        <Point X="328" Y="279" T="0" Pressure="0"/>
        <Point X="329" Y="275" T="0" Pressure="0"/>
        <Point X="331" Y="270" T="0" Pressure="0"/>
        <Point X="332" Y="264" T="0" Pressure="0"/>
        <Point X="333" Y="259" T="0" Pressure="0"/>
        <Point X="335" Y="253" T="0" Pressure="0"/>
        <Point X="336" Y="248" T="0" Pressure="0"/>
        <Point X="338" Y="242" T="0" Pressure="0"/>
        <Point X="342" Y="231" T="0" Pressure="0"/>
        <Point X="344" Y="225" T="0" Pressure="0"/>
        <Point X="347" Y="219" T="0" Pressure="0"/>
        <Point X="349" Y="214" T="0" Pressure="0"/>
        <Point X="351" Y="208" T="0" Pressure="0"/>
        <Point X="355" Y="203" T="0" Pressure="0"/>
        <Point X="357" Y="198" T="0" Pressure="0"/>
        <Point X="359" Y="194" T="0" Pressure="0"/>
        <Point X="362" Y="189" T="0" Pressure="0"/>
        <Point X="365" Y="185" T="0" Pressure="0"/>
        <Point X="368" Y="181" T="0" Pressure="0"/>
        <Point X="370" Y="178" T="0" Pressure="0"/>
        <Point X="374" Y="175" T="0" Pressure="0"/>
        <Point X="376" Y="171" T="0" Pressure="0"/>
        <Point X="379" Y="168" T="0" Pressure="0"/>
        <Point X="383" Y="163" T="0" Pressure="0"/>
        <Point X="385" Y="161" T="0" Pressure="0"/>
        <Point X="388" Y="159" T="0" Pressure="0"/>
        <Point X="389" Y="157" T="0" Pressure="0"/>
        <Point X="391" Y="155" T="0" Pressure="0"/>
        <Point X="393" Y="154" T="0" Pressure="0"/>
        <Point X="394" Y="153" T="0" Pressure="0"/>
        <Point X="396" Y="153" T="0" Pressure="0"/>
        <Point X="397" Y="152" T="0" Pressure="0"/>
        <Point X="398" Y="152" T="0" Pressure="0"/>
        <Point X="400" Y="152" T="0" Pressure="0"/>
        <Point X="401" Y="153" T="0" Pressure="0"/>
        <Point X="402" Y="154" T="0" Pressure="0"/>
        <Point X="404" Y="155" T="0" Pressure="0"/>
        <Point X="405" Y="157" T="0" Pressure="0"/>
        <Point X="407" Y="159" T="0" Pressure="0"/>
        <Point X="408" Y="162" T="0" Pressure="0"/>
        <Point X="409" Y="165" T="0" Pressure="0"/>
        <Point X="411" Y="169" T="0" Pressure="0"/>
        <Point X="412" Y="172" T="0" Pressure="0"/>
        <Point X="413" Y="177" T="0" Pressure="0"/>
        <Point X="415" Y="180" T="0" Pressure="0"/>
        <Point X="416" Y="186" T="0" Pressure="0"/>
        <Point X="417" Y="190" T="0" Pressure="0"/>
        <Point X="418" Y="195" T="0" Pressure="0"/>
        <Point X="419" Y="200" T="0" Pressure="0"/>
        <Point X="420" Y="205" T="0" Pressure="0"/>
        <Point X="421" Y="210" T="0" Pressure="0"/>
        <Point X="422" Y="216" T="0" Pressure="0"/>
        <Point X="423" Y="222" T="0" Pressure="0"/>
        <Point X="423" Y="227" T="0" Pressure="0"/>
        <Point X="423" Y="232" T="0" Pressure="0"/>
        <Point X="423" Y="239" T="0" Pressure="0"/>
        <Point X="423" Y="245" T="0" Pressure="0"/>
        <Point X="424" Y="251" T="0" Pressure="0"/>
        <Point X="424" Y="256" T="0" Pressure="0"/>
        <Point X="424" Y="262" T="0" Pressure="0"/>
        <Point X="424" Y="267" T="0" Pressure="0"/>
        <Point X="425" Y="274" T="0" Pressure="0"/>
        <Point X="426" Y="278" T="0" Pressure="0"/>
        <Point X="426" Y="284" T="0" Pressure="0"/>
        <Point X="427" Y="289" T="0" Pressure="0"/>
        <Point X="427" Y="294" T="0" Pressure="0"/>
        <Point X="429" Y="298" T="0" Pressure="0"/>
        <Point X="429" Y="302" T="0" Pressure="0"/>
        <Point X="430" Y="306" T="0" Pressure="0"/>
        <Point X="431" Y="310" T="0" Pressure="0"/>
        <Point X="431" Y="313" T="0" Pressure="0"/>
        <Point X="432" Y="316" T="0" Pressure="0"/>
        <Point X="433" Y="319" T="0" Pressure="0"/>
        <Point X="433" Y="322" T="0" Pressure="0"/>
        <Point X="434" Y="325" T="0" Pressure="0"/>
        <Point X="434" Y="327" T="0" Pressure="0"/>
        <Point X="434" Y="329" T="0" Pressure="0"/>
        <Point X="434" Y="331" T="0" Pressure="0"/>
        <Point X="434" Y="333" T="0" Pressure="0"/>
        <Point X="434" Y="334" T="0" Pressure="0"/>
        <Point X="434" Y="335" T="0" Pressure="0"/>
        <Point X="434" Y="336" T="0" Pressure="0"/>
        <Point X="434" Y="337" T="0" Pressure="0"/>
        <Point X="434" Y="338" T="0" Pressure="0"/>
        <Point X="433" Y="338" T="0" Pressure="0"/>
        <Point X="432" Y="338" T="0" Pressure="0"/>
        <Point X="431" Y="338" T="0" Pressure="0"/>
        <Point X="430" Y="338" T="0" Pressure="0"/>
        <Point X="429" Y="338" T="0" Pressure="0"/>
        <Point X="427" Y="338" T="0" Pressure="0"/>
        <Point X="426" Y="336" T="0" Pressure="0"/>
        <Point X="424" Y="335" T="0" Pressure="0"/>
        <Point X="422" Y="334" T="0" Pressure="0"/>
        <Point X="420" Y="332" T="0" Pressure="0"/>
        <Point X="418" Y="330" T="0" Pressure="0"/>
        <Point X="415" Y="328" T="0" Pressure="0"/>
        <Point X="414" Y="326" T="0" Pressure="0"/>
        <Point X="411" Y="324" T="0" Pressure="0"/>
        <Point X="408" Y="322" T="0" Pressure="0"/>
        <Point X="405" Y="319" T="0" Pressure="0"/>
        <Point X="402" Y="316" T="0" Pressure="0"/>
        <Point X="399" Y="314" T="0" Pressure="0"/>
        <Point X="396" Y="310" T="0" Pressure="0"/>
        <Point X="392" Y="307" T="0" Pressure="0"/>
        <Point X="388" Y="304" T="0" Pressure="0"/>
        <Point X="385" Y="301" T="0" Pressure="0"/>
        <Point X="381" Y="298" T="0" Pressure="0"/>
        <Point X="376" Y="295" T="0" Pressure="0"/>
        <Point X="372" Y="291" T="0" Pressure="0"/>
        <Point X="367" Y="288" T="0" Pressure="0"/>
        <Point X="362" Y="284" T="0" Pressure="0"/>
        <Point X="358" Y="281" T="0" Pressure="0"/>
        <Point X="352" Y="278" T="0" Pressure="0"/>
        <Point X="347" Y="276" T="0" Pressure="0"/>
        <Point X="343" Y="273" T="0" Pressure="0"/>
        <Point X="337" Y="270" T="0" Pressure="0"/>
        <Point X="332" Y="267" T="0" Pressure="0"/>
        <Point X="327" Y="265" T="0" Pressure="0"/>
        <Point X="322" Y="262" T="0" Pressure="0"/>
        <Point X="317" Y="260" T="0" Pressure="0"/>
        <Point X="313" Y="259" T="0" Pressure="0"/>
        <Point X="304" Y="254" T="0" Pressure="0"/>
        <Point X="301" Y="253" T="0" Pressure="0"/>
        <Point X="297" Y="252" T="0" Pressure="0"/>
        <Point X="294" Y="251" T="0" Pressure="0"/>
        <Point X="291" Y="250" T="0" Pressure="0"/>
        <Point X="288" Y="249" T="0" Pressure="0"/>
        <Point X="287" Y="248" T="0" Pressure="0"/>
        <Point X="284" Y="247" T="0" Pressure="0"/>
        <Point X="281" Y="246" T="0" Pressure="0"/>
        <Point X="280" Y="244" T="0" Pressure="0"/>
        <Point X="280" Y="242" T="0" Pressure="0"/>
        <Point X="281" Y="242" T="0" Pressure="0"/>
        <Point X="283" Y="241" T="0" Pressure="0"/>
        <Point X="284" Y="240" T="0" Pressure="0"/>
        <Point X="287" Y="239" T="0" Pressure="0"/>
        <Point X="290" Y="237" T="0" Pressure="0"/>
        <Point X="293" Y="235" T="0" Pressure="0"/>
        <Point X="296" Y="234" T="0" Pressure="0"/>
        <Point X="300" Y="233" T="0" Pressure="0"/>
        <Point X="314" Y="228" T="0" Pressure="0"/>
        <Point X="320" Y="227" T="0" Pressure="0"/>
        <Point X="325" Y="225" T="0" Pressure="0"/>
        <Point X="331" Y="224" T="0" Pressure="0"/>
        <Point X="337" Y="222" T="0" Pressure="0"/>
        <Point X="344" Y="220" T="0" Pressure="0"/>
        <Point X="351" Y="219" T="0" Pressure="0"/>
        <Point X="357" Y="217" T="0" Pressure="0"/>
        <Point X="363" Y="216" T="0" Pressure="0"/>
        <Point X="370" Y="214" T="0" Pressure="0"/>
        <Point X="377" Y="212" T="0" Pressure="0"/>
        <Point X="384" Y="211" T="0" Pressure="0"/>
        <Point X="391" Y="210" T="0" Pressure="0"/>
        <Point X="397" Y="209" T="0" Pressure="0"/>
        <Point X="403" Y="207" T="0" Pressure="0"/>
        <Point X="410" Y="206" T="0" Pressure="0"/>
        <Point X="415" Y="205" T="0" Pressure="0"/>
        <Point X="421" Y="204" T="0" Pressure="0"/>
        <Point X="427" Y="203" T="0" Pressure="0"/>
        <Point X="432" Y="203" T="0" Pressure="0"/>
        <Point X="437" Y="202" T="0" Pressure="0"/>
        <Point X="441" Y="202" T="0" Pressure="0"/>
        <Point X="445" Y="202" T="0" Pressure="0"/>
        <Point X="449" Y="201" T="0" Pressure="0"/>
        <Point X="453" Y="201" T="0" Pressure="0"/>
        <Point X="456" Y="201" T="0" Pressure="0"/>
        <Point X="459" Y="201" T="0" Pressure="0"/>
        <Point X="461" Y="202" T="0" Pressure="0"/>
        <Point X="464" Y="202" T="0" Pressure="0"/>
        <Point X="465" Y="202" T="0" Pressure="0"/>
        <Point X="467" Y="203" T="0" Pressure="0"/>
        <Point X="468" Y="204" T="0" Pressure="0"/>
        <Point X="469" Y="205" T="0" Pressure="0"/>
        <Point X="469" Y="206" T="0" Pressure="0"/>
        <Point X="470" Y="207" T="0" Pressure="0"/>
        <Point X="470" Y="209" T="0" Pressure="0"/>
        <Point X="470" Y="210" T="0" Pressure="0"/>
        <Point X="469" Y="212" T="0" Pressure="0"/>
        <Point X="468" Y="214" T="0" Pressure="0"/>
        <Point X="467" Y="216" T="0" Pressure="0"/>
        <Point X="465" Y="219" T="0" Pressure="0"/>
        <Point X="463" Y="222" T="0" Pressure="0"/>
        <Point X="460" Y="225" T="0" Pressure="0"/>
        <Point X="457" Y="227" T="0" Pressure="0"/>
        <Point X="453" Y="230" T="0" Pressure="0"/>
        <Point X="449" Y="233" T="0" Pressure="0"/>
        <Point X="441" Y="240" T="0" Pressure="0"/>
        <Point X="436" Y="244" T="0" Pressure="0"/>
        <Point X="431" Y="247" T="0" Pressure="0"/>
        <Point X="427" Y="251" T="0" Pressure="0"/>
        <Point X="422" Y="255" T="0" Pressure="0"/>
        <Point X="416" Y="259" T="0" Pressure="0"/>
        <Point X="411" Y="263" T="0" Pressure="0"/>
        <Point X="404" Y="268" T="0" Pressure="0"/>
        <Point X="399" Y="273" T="0" Pressure="0"/>
        <Point X="393" Y="276" T="0" Pressure="0"/>
        <Point X="388" Y="280" T="0" Pressure="0"/>
        <Point X="383" Y="285" T="0" Pressure="0"/>
        <Point X="378" Y="289" T="0" Pressure="0"/>
        <Point X="372" Y="293" T="0" Pressure="0"/>
        <Point X="367" Y="297" T="0" Pressure="0"/>
        <Point X="362" Y="300" T="0" Pressure="0"/>
        <Point X="357" Y="303" T="0" Pressure="0"/>
        <Point X="352" Y="306" T="0" Pressure="0"/>
        <Point X="348" Y="310" T="0" Pressure="0"/>
        <Point X="344" Y="313" T="0" Pressure="0"/>
        <Point X="340" Y="315" T="0" Pressure="0"/>
        <Point X="336" Y="318" T="0" Pressure="0"/>
        <Point X="333" Y="320" T="0" Pressure="0"/>
        <Point X="330" Y="321" T="0" Pressure="0"/>
        <Point X="328" Y="323" T="0" Pressure="0"/>
        <Point X="325" Y="325" T="0" Pressure="0"/>
        <Point X="323" Y="326" T="0" Pressure="0"/>
        <Point X="321" Y="327" T="0" Pressure="0"/>
        <Point X="320" Y="328" T="0" Pressure="0"/>
        <Point X="319" Y="328" T="0" Pressure="0"/>
        <Point X="318" Y="329" T="0" Pressure="0"/>
        <Point X="317" Y="330" T="0" Pressure="0"/>
        <Point X="316" Y="330" T="0" Pressure="0"/>
        <Point X="316" Y="331" T="0" Pressure="0"/>
        <Point X="317" Y="331" T="0" Pressure="0"/>
        <Point X="318" Y="330" T="0" Pressure="0"/>
        <Point X="319" Y="330" T="0" Pressure="0"/>
        <Point X="321" Y="329" T="0" Pressure="0"/>
    </Stroke>
</Gesture>
