<?xml version="1.0" ?>
<Gesture Name="asterisk~06" Subject="6" Number="6" NumPts="166" InputType="stylus" Speed="MEDIUM">
    <Stroke index="1">
        <Point X="401" Y="66" T="0" Pressure="0"/>
        <Point X="401" Y="68" T="0" Pressure="0"/>
        <Point X="402" Y="69" T="0" Pressure="0"/>
        <Point X="402" Y="70" T="0" Pressure="0"/>
        <Point X="403" Y="72" T="0" Pressure="0"/>
        <Point X="403" Y="74" T="0" Pressure="0"/>
        <Point X="404" Y="81" T="0" Pressure="0"/>
        <Point X="404" Y="85" T="0" Pressure="0"/>
        <Point X="404" Y="91" T="0" Pressure="0"/>
        <Point X="405" Y="97" T="0" Pressure="0"/>
        <Point X="405" Y="103" T="0" Pressure="0"/>
        <Point X="406" Y="110" T="0" Pressure="0"/>
        <Point X="407" Y="116" T="0" Pressure="0"/>
        <Point X="407" Y="132" T="0" Pressure="0"/>
        <Point X="407" Y="140" T="0" Pressure="0"/>
        <Point X="407" Y="147" T="0" Pressure="0"/>
        <Point X="407" Y="156" T="0" Pressure="0"/>
        <Point X="407" Y="166" T="0" Pressure="0"/>
        <Point X="407" Y="175" T="0" Pressure="0"/>
        <Point X="408" Y="185" T="0" Pressure="0"/>
        <Point X="408" Y="194" T="0" Pressure="0"/>
        <Point X="408" Y="203" T="0" Pressure="0"/>
        <Point X="408" Y="212" T="0" Pressure="0"/>
        <Point X="408" Y="222" T="0" Pressure="0"/>
        <Point X="408" Y="231" T="0" Pressure="0"/>
        <Point X="408" Y="241" T="0" Pressure="0"/>
        <Point X="408" Y="249" T="0" Pressure="0"/>
        <Point X="408" Y="256" T="0" Pressure="0"/>
        <Point X="408" Y="264" T="0" Pressure="0"/>
        <Point X="408" Y="271" T="0" Pressure="0"/>
        <Point X="408" Y="278" T="0" Pressure="0"/>
        <Point X="408" Y="284" T="0" Pressure="0"/>
        <Point X="408" Y="290" T="0" Pressure="0"/>
        <Point X="408" Y="296" T="0" Pressure="0"/>
        <Point X="408" Y="301" T="0" Pressure="0"/>
        <Point X="408" Y="306" T="0" Pressure="0"/>
        <Point X="409" Y="316" T="0" Pressure="0"/>
        <Point X="410" Y="321" T="0" Pressure="0"/>
        <Point X="410" Y="325" T="0" Pressure="0"/>
        <Point X="410" Y="328" T="0" Pressure="0"/>
        <Point X="411" Y="331" T="0" Pressure="0"/>
        <Point X="411" Y="334" T="0" Pressure="0"/>
        <Point X="411" Y="336" T="0" Pressure="0"/>
        <Point X="411" Y="338" T="0" Pressure="0"/>
        <Point X="411" Y="340" T="0" Pressure="0"/>
        <Point X="412" Y="340" T="0" Pressure="0"/>
        <Point X="412" Y="342" T="0" Pressure="0"/>
        <Point X="412" Y="344" T="0" Pressure="0"/>
        <Point X="412" Y="345" T="0" Pressure="0"/>
        <Point X="412" Y="346" T="0" Pressure="0"/>
        <Point X="412" Y="347" T="0" Pressure="0"/>
        <Point X="411" Y="347" T="0" Pressure="0"/>
    </Stroke>
    <Stroke index="2">
        <Point X="278" Y="86" T="0" Pressure="0"/>
        <Point X="279" Y="86" T="0" Pressure="0"/>
        <Point X="280" Y="87" T="0" Pressure="0"/>
        <Point X="281" Y="88" T="0" Pressure="0"/>
        <Point X="283" Y="90" T="0" Pressure="0"/>
        <Point X="284" Y="91" T="0" Pressure="0"/>
        <Point X="287" Y="93" T="0" Pressure="0"/>
        <Point X="290" Y="96" T="0" Pressure="0"/>
        <Point X="292" Y="99" T="0" Pressure="0"/>
        <Point X="296" Y="102" T="0" Pressure="0"/>
        <Point X="300" Y="106" T="0" Pressure="0"/>
        <Point X="305" Y="110" T="0" Pressure="0"/>
        <Point X="310" Y="115" T="0" Pressure="0"/>
        <Point X="314" Y="119" T="0" Pressure="0"/>
        <Point X="318" Y="124" T="0" Pressure="0"/>
        <Point X="324" Y="128" T="0" Pressure="0"/>
        <Point X="329" Y="133" T="0" Pressure="0"/>
        <Point X="333" Y="138" T="0" Pressure="0"/>
        <Point X="339" Y="144" T="0" Pressure="0"/>
        <Point X="344" Y="149" T="0" Pressure="0"/>
        <Point X="349" Y="153" T="0" Pressure="0"/>
        <Point X="355" Y="159" T="0" Pressure="0"/>
        <Point X="360" Y="165" T="0" Pressure="0"/>
        <Point X="366" Y="171" T="0" Pressure="0"/>
        <Point X="373" Y="177" T="0" Pressure="0"/>
        <Point X="378" Y="182" T="0" Pressure="0"/>
        <Point X="384" Y="188" T="0" Pressure="0"/>
        <Point X="389" Y="194" T="0" Pressure="0"/>
        <Point X="396" Y="200" T="0" Pressure="0"/>
        <Point X="401" Y="206" T="0" Pressure="0"/>
        <Point X="408" Y="212" T="0" Pressure="0"/>
        <Point X="414" Y="218" T="0" Pressure="0"/>
        <Point X="419" Y="224" T="0" Pressure="0"/>
        <Point X="426" Y="230" T="0" Pressure="0"/>
        <Point X="431" Y="235" T="0" Pressure="0"/>
        <Point X="438" Y="241" T="0" Pressure="0"/>
        <Point X="444" Y="247" T="0" Pressure="0"/>
        <Point X="449" Y="252" T="0" Pressure="0"/>
        <Point X="454" Y="257" T="0" Pressure="0"/>
        <Point X="460" Y="262" T="0" Pressure="0"/>
        <Point X="465" Y="266" T="0" Pressure="0"/>
        <Point X="471" Y="271" T="0" Pressure="0"/>
        <Point X="475" Y="275" T="0" Pressure="0"/>
        <Point X="479" Y="278" T="0" Pressure="0"/>
        <Point X="483" Y="282" T="0" Pressure="0"/>
        <Point X="487" Y="285" T="0" Pressure="0"/>
        <Point X="490" Y="288" T="0" Pressure="0"/>
        <Point X="494" Y="290" T="0" Pressure="0"/>
        <Point X="496" Y="293" T="0" Pressure="0"/>
        <Point X="498" Y="295" T="0" Pressure="0"/>
        <Point X="501" Y="296" T="0" Pressure="0"/>
        <Point X="502" Y="298" T="0" Pressure="0"/>
        <Point X="504" Y="299" T="0" Pressure="0"/>
        <Point X="505" Y="300" T="0" Pressure="0"/>
        <Point X="508" Y="301" T="0" Pressure="0"/>
    </Stroke>
    <Stroke index="3">
        <Point X="496" Y="128" T="0" Pressure="0"/>
        <Point X="496" Y="120" T="0" Pressure="0"/>
        <Point X="496" Y="116" T="0" Pressure="0"/>
        <Point X="496" Y="112" T="0" Pressure="0"/>
        <Point X="497" Y="104" T="0" Pressure="0"/>
        <Point X="497" Y="103" T="0" Pressure="0"/>
        <Point X="496" Y="103" T="0" Pressure="0"/>
        <Point X="495" Y="103" T="0" Pressure="0"/>
        <Point X="494" Y="103" T="0" Pressure="0"/>
        <Point X="493" Y="103" T="0" Pressure="0"/>
        <Point X="492" Y="104" T="0" Pressure="0"/>
        <Point X="491" Y="104" T="0" Pressure="0"/>
        <Point X="490" Y="106" T="0" Pressure="0"/>
        <Point X="488" Y="107" T="0" Pressure="0"/>
        <Point X="486" Y="110" T="0" Pressure="0"/>
        <Point X="483" Y="111" T="0" Pressure="0"/>
        <Point X="481" Y="114" T="0" Pressure="0"/>
        <Point X="478" Y="117" T="0" Pressure="0"/>
        <Point X="475" Y="121" T="0" Pressure="0"/>
        <Point X="468" Y="128" T="0" Pressure="0"/>
        <Point X="464" Y="133" T="0" Pressure="0"/>
        <Point X="460" Y="138" T="0" Pressure="0"/>
        <Point X="456" Y="144" T="0" Pressure="0"/>
        <Point X="450" Y="150" T="0" Pressure="0"/>
        <Point X="445" Y="156" T="0" Pressure="0"/>
        <Point X="440" Y="164" T="0" Pressure="0"/>
        <Point X="434" Y="171" T="0" Pressure="0"/>
        <Point X="429" Y="178" T="0" Pressure="0"/>
        <Point X="423" Y="186" T="0" Pressure="0"/>
        <Point X="416" Y="195" T="0" Pressure="0"/>
        <Point X="411" Y="202" T="0" Pressure="0"/>
        <Point X="404" Y="210" T="0" Pressure="0"/>
        <Point X="399" Y="218" T="0" Pressure="0"/>
        <Point X="393" Y="226" T="0" Pressure="0"/>
        <Point X="388" Y="234" T="0" Pressure="0"/>
        <Point X="381" Y="241" T="0" Pressure="0"/>
        <Point X="377" Y="248" T="0" Pressure="0"/>
        <Point X="371" Y="255" T="0" Pressure="0"/>
        <Point X="366" Y="262" T="0" Pressure="0"/>
        <Point X="362" Y="269" T="0" Pressure="0"/>
        <Point X="356" Y="276" T="0" Pressure="0"/>
        <Point X="351" Y="282" T="0" Pressure="0"/>
        <Point X="347" Y="289" T="0" Pressure="0"/>
        <Point X="344" Y="294" T="0" Pressure="0"/>
        <Point X="340" Y="300" T="0" Pressure="0"/>
        <Point X="336" Y="304" T="0" Pressure="0"/>
        <Point X="333" Y="309" T="0" Pressure="0"/>
        <Point X="328" Y="318" T="0" Pressure="0"/>
        <Point X="325" Y="321" T="0" Pressure="0"/>
        <Point X="322" Y="325" T="0" Pressure="0"/>
        <Point X="321" Y="327" T="0" Pressure="0"/>
        <Point X="319" Y="330" T="0" Pressure="0"/>
        <Point X="317" Y="332" T="0" Pressure="0"/>
        <Point X="317" Y="334" T="0" Pressure="0"/>
        <Point X="316" Y="335" T="0" Pressure="0"/>
        <Point X="315" Y="336" T="0" Pressure="0"/>
        <Point X="314" Y="338" T="0" Pressure="0"/>
        <Point X="314" Y="339" T="0" Pressure="0"/>
        <Point X="314" Y="340" T="0" Pressure="0"/>
    </Stroke>
</Gesture>
