<?xml version="1.0" ?>
<Gesture Name="I~05" Subject="6" Number="5" NumPts="160" InputType="stylus" Speed="MEDIUM">
    <Stroke index="1">
        <Point X="280" Y="116" T="0" Pressure="0"/>
        <Point X="279" Y="116" T="0" Pressure="0"/>
        <Point X="278" Y="115" T="0" Pressure="0"/>
        <Point X="277" Y="114" T="0" Pressure="0"/>
        <Point X="277" Y="112" T="0" Pressure="0"/>
        <Point X="277" Y="111" T="0" Pressure="0"/>
        <Point X="278" Y="111" T="0" Pressure="0"/>
        <Point X="279" Y="111" T="0" Pressure="0"/>
        <Point X="280" Y="111" T="0" Pressure="0"/>
        <Point X="281" Y="111" T="0" Pressure="0"/>
        <Point X="283" Y="111" T="0" Pressure="0"/>
        <Point X="284" Y="111" T="0" Pressure="0"/>
        <Point X="287" Y="110" T="0" Pressure="0"/>
        <Point X="288" Y="110" T="0" Pressure="0"/>
        <Point X="291" Y="110" T="0" Pressure="0"/>
        <Point X="294" Y="110" T="0" Pressure="0"/>
        <Point X="297" Y="110" T="0" Pressure="0"/>
        <Point X="301" Y="109" T="0" Pressure="0"/>
        <Point X="305" Y="109" T="0" Pressure="0"/>
        <Point X="309" Y="108" T="0" Pressure="0"/>
        <Point X="314" Y="107" T="0" Pressure="0"/>
        <Point X="318" Y="107" T="0" Pressure="0"/>
        <Point X="322" Y="106" T="0" Pressure="0"/>
        <Point X="328" Y="106" T="0" Pressure="0"/>
        <Point X="332" Y="105" T="0" Pressure="0"/>
        <Point X="337" Y="104" T="0" Pressure="0"/>
        <Point X="343" Y="104" T="0" Pressure="0"/>
        <Point X="348" Y="103" T="0" Pressure="0"/>
        <Point X="352" Y="103" T="0" Pressure="0"/>
        <Point X="358" Y="102" T="0" Pressure="0"/>
        <Point X="363" Y="102" T="0" Pressure="0"/>
        <Point X="368" Y="101" T="0" Pressure="0"/>
        <Point X="374" Y="100" T="0" Pressure="0"/>
        <Point X="378" Y="100" T="0" Pressure="0"/>
        <Point X="384" Y="99" T="0" Pressure="0"/>
        <Point X="388" Y="98" T="0" Pressure="0"/>
        <Point X="393" Y="97" T="0" Pressure="0"/>
        <Point X="397" Y="97" T="0" Pressure="0"/>
        <Point X="402" Y="96" T="0" Pressure="0"/>
        <Point X="405" Y="96" T="0" Pressure="0"/>
        <Point X="409" Y="96" T="0" Pressure="0"/>
        <Point X="412" Y="96" T="0" Pressure="0"/>
        <Point X="415" Y="96" T="0" Pressure="0"/>
        <Point X="419" Y="96" T="0" Pressure="0"/>
        <Point X="422" Y="96" T="0" Pressure="0"/>
        <Point X="424" Y="96" T="0" Pressure="0"/>
        <Point X="426" Y="96" T="0" Pressure="0"/>
        <Point X="429" Y="96" T="0" Pressure="0"/>
        <Point X="430" Y="96" T="0" Pressure="0"/>
        <Point X="431" Y="96" T="0" Pressure="0"/>
        <Point X="433" Y="97" T="0" Pressure="0"/>
        <Point X="434" Y="97" T="0" Pressure="0"/>
        <Point X="435" Y="97" T="0" Pressure="0"/>
        <Point X="435" Y="98" T="0" Pressure="0"/>
        <Point X="435" Y="99" T="0" Pressure="0"/>
        <Point X="434" Y="99" T="0" Pressure="0"/>
    </Stroke>
    <Stroke index="2">
        <Point X="359" Y="110" T="0" Pressure="0"/>
        <Point X="359" Y="109" T="0" Pressure="0"/>
        <Point X="359" Y="108" T="0" Pressure="0"/>
        <Point X="359" Y="107" T="0" Pressure="0"/>
        <Point X="359" Y="108" T="0" Pressure="0"/>
        <Point X="359" Y="109" T="0" Pressure="0"/>
        <Point X="360" Y="110" T="0" Pressure="0"/>
        <Point X="360" Y="112" T="0" Pressure="0"/>
        <Point X="360" Y="115" T="0" Pressure="0"/>
        <Point X="361" Y="117" T="0" Pressure="0"/>
        <Point X="361" Y="121" T="0" Pressure="0"/>
        <Point X="362" Y="124" T="0" Pressure="0"/>
        <Point X="362" Y="128" T="0" Pressure="0"/>
        <Point X="362" Y="133" T="0" Pressure="0"/>
        <Point X="362" Y="139" T="0" Pressure="0"/>
        <Point X="362" Y="144" T="0" Pressure="0"/>
        <Point X="362" Y="150" T="0" Pressure="0"/>
        <Point X="361" Y="155" T="0" Pressure="0"/>
        <Point X="361" Y="160" T="0" Pressure="0"/>
        <Point X="360" Y="166" T="0" Pressure="0"/>
        <Point X="360" Y="172" T="0" Pressure="0"/>
        <Point X="360" Y="177" T="0" Pressure="0"/>
        <Point X="360" Y="181" T="0" Pressure="0"/>
        <Point X="360" Y="186" T="0" Pressure="0"/>
        <Point X="360" Y="191" T="0" Pressure="0"/>
        <Point X="360" Y="196" T="0" Pressure="0"/>
        <Point X="360" Y="201" T="0" Pressure="0"/>
        <Point X="360" Y="205" T="0" Pressure="0"/>
        <Point X="361" Y="209" T="0" Pressure="0"/>
        <Point X="361" Y="213" T="0" Pressure="0"/>
        <Point X="361" Y="216" T="0" Pressure="0"/>
        <Point X="361" Y="220" T="0" Pressure="0"/>
        <Point X="360" Y="224" T="0" Pressure="0"/>
        <Point X="360" Y="226" T="0" Pressure="0"/>
        <Point X="360" Y="228" T="0" Pressure="0"/>
        <Point X="360" Y="230" T="0" Pressure="0"/>
        <Point X="360" Y="232" T="0" Pressure="0"/>
        <Point X="360" Y="234" T="0" Pressure="0"/>
        <Point X="359" Y="235" T="0" Pressure="0"/>
        <Point X="359" Y="236" T="0" Pressure="0"/>
        <Point X="359" Y="237" T="0" Pressure="0"/>
        <Point X="359" Y="239" T="0" Pressure="0"/>
        <Point X="359" Y="241" T="0" Pressure="0"/>
        <Point X="359" Y="242" T="0" Pressure="0"/>
        <Point X="359" Y="244" T="0" Pressure="0"/>
        <Point X="359" Y="245" T="0" Pressure="0"/>
        <Point X="359" Y="247" T="0" Pressure="0"/>
        <Point X="359" Y="249" T="0" Pressure="0"/>
        <Point X="360" Y="250" T="0" Pressure="0"/>
        <Point X="360" Y="252" T="0" Pressure="0"/>
        <Point X="360" Y="253" T="0" Pressure="0"/>
        <Point X="361" Y="254" T="0" Pressure="0"/>
        <Point X="361" Y="255" T="0" Pressure="0"/>
        <Point X="361" Y="256" T="0" Pressure="0"/>
        <Point X="361" Y="257" T="0" Pressure="0"/>
    </Stroke>
    <Stroke index="3">
        <Point X="286" Y="277" T="0" Pressure="0"/>
        <Point X="285" Y="276" T="0" Pressure="0"/>
        <Point X="286" Y="276" T="0" Pressure="0"/>
        <Point X="287" Y="275" T="0" Pressure="0"/>
        <Point X="288" Y="275" T="0" Pressure="0"/>
        <Point X="291" Y="275" T="0" Pressure="0"/>
        <Point X="294" Y="275" T="0" Pressure="0"/>
        <Point X="296" Y="275" T="0" Pressure="0"/>
        <Point X="301" Y="274" T="0" Pressure="0"/>
        <Point X="305" Y="274" T="0" Pressure="0"/>
        <Point X="310" Y="274" T="0" Pressure="0"/>
        <Point X="315" Y="273" T="0" Pressure="0"/>
        <Point X="321" Y="272" T="0" Pressure="0"/>
        <Point X="325" Y="272" T="0" Pressure="0"/>
        <Point X="331" Y="271" T="0" Pressure="0"/>
        <Point X="336" Y="271" T="0" Pressure="0"/>
        <Point X="340" Y="270" T="0" Pressure="0"/>
        <Point X="345" Y="269" T="0" Pressure="0"/>
        <Point X="355" Y="268" T="0" Pressure="0"/>
        <Point X="359" Y="267" T="0" Pressure="0"/>
        <Point X="364" Y="266" T="0" Pressure="0"/>
        <Point X="369" Y="266" T="0" Pressure="0"/>
        <Point X="373" Y="266" T="0" Pressure="0"/>
        <Point X="378" Y="265" T="0" Pressure="0"/>
        <Point X="382" Y="264" T="0" Pressure="0"/>
        <Point X="386" Y="264" T="0" Pressure="0"/>
        <Point X="390" Y="263" T="0" Pressure="0"/>
        <Point X="395" Y="263" T="0" Pressure="0"/>
        <Point X="399" Y="262" T="0" Pressure="0"/>
        <Point X="403" Y="262" T="0" Pressure="0"/>
        <Point X="406" Y="262" T="0" Pressure="0"/>
        <Point X="410" Y="262" T="0" Pressure="0"/>
        <Point X="412" Y="262" T="0" Pressure="0"/>
        <Point X="415" Y="262" T="0" Pressure="0"/>
        <Point X="418" Y="262" T="0" Pressure="0"/>
        <Point X="420" Y="262" T="0" Pressure="0"/>
        <Point X="423" Y="262" T="0" Pressure="0"/>
        <Point X="424" Y="262" T="0" Pressure="0"/>
        <Point X="426" Y="262" T="0" Pressure="0"/>
        <Point X="427" Y="262" T="0" Pressure="0"/>
        <Point X="429" Y="262" T="0" Pressure="0"/>
        <Point X="430" Y="263" T="0" Pressure="0"/>
        <Point X="431" Y="264" T="0" Pressure="0"/>
        <Point X="432" Y="264" T="0" Pressure="0"/>
        <Point X="433" Y="264" T="0" Pressure="0"/>
        <Point X="434" Y="265" T="0" Pressure="0"/>
        <Point X="434" Y="266" T="0" Pressure="0"/>
        <Point X="434" Y="267" T="0" Pressure="0"/>
        <Point X="434" Y="269" T="0" Pressure="0"/>
    </Stroke>
</Gesture>
