<?xml version="1.0" ?>
<Gesture Name="T~06" Subject="6" Number="6" NumPts="93" InputType="stylus" Speed="MEDIUM">
    <Stroke index="1">
        <Point X="285" Y="227" T="0" Pressure="0"/>
        <Point X="286" Y="226" T="0" Pressure="0"/>
        <Point X="288" Y="224" T="0" Pressure="0"/>
        <Point X="290" Y="224" T="0" Pressure="0"/>
        <Point X="292" Y="223" T="0" Pressure="0"/>
        <Point X="295" Y="222" T="0" Pressure="0"/>
        <Point X="298" Y="222" T="0" Pressure="0"/>
        <Point X="305" Y="222" T="0" Pressure="0"/>
        <Point X="309" Y="222" T="0" Pressure="0"/>
        <Point X="313" Y="221" T="0" Pressure="0"/>
        <Point X="317" Y="221" T="0" Pressure="0"/>
        <Point X="322" Y="221" T="0" Pressure="0"/>
        <Point X="326" Y="220" T="0" Pressure="0"/>
        <Point X="332" Y="220" T="0" Pressure="0"/>
        <Point X="337" Y="220" T="0" Pressure="0"/>
        <Point X="352" Y="219" T="0" Pressure="0"/>
        <Point X="358" Y="219" T="0" Pressure="0"/>
        <Point X="363" Y="218" T="0" Pressure="0"/>
        <Point X="369" Y="218" T="0" Pressure="0"/>
        <Point X="374" Y="217" T="0" Pressure="0"/>
        <Point X="380" Y="217" T="0" Pressure="0"/>
        <Point X="385" Y="217" T="0" Pressure="0"/>
        <Point X="390" Y="217" T="0" Pressure="0"/>
        <Point X="395" Y="217" T="0" Pressure="0"/>
        <Point X="400" Y="216" T="0" Pressure="0"/>
        <Point X="406" Y="216" T="0" Pressure="0"/>
        <Point X="411" Y="216" T="0" Pressure="0"/>
        <Point X="415" Y="216" T="0" Pressure="0"/>
        <Point X="419" Y="216" T="0" Pressure="0"/>
        <Point X="423" Y="216" T="0" Pressure="0"/>
        <Point X="427" Y="216" T="0" Pressure="0"/>
        <Point X="432" Y="216" T="0" Pressure="0"/>
        <Point X="435" Y="216" T="0" Pressure="0"/>
        <Point X="438" Y="216" T="0" Pressure="0"/>
        <Point X="442" Y="216" T="0" Pressure="0"/>
        <Point X="445" Y="216" T="0" Pressure="0"/>
        <Point X="448" Y="216" T="0" Pressure="0"/>
        <Point X="450" Y="216" T="0" Pressure="0"/>
        <Point X="453" Y="216" T="0" Pressure="0"/>
        <Point X="454" Y="216" T="0" Pressure="0"/>
        <Point X="456" Y="216" T="0" Pressure="0"/>
        <Point X="457" Y="216" T="0" Pressure="0"/>
        <Point X="459" Y="217" T="0" Pressure="0"/>
        <Point X="460" Y="217" T="0" Pressure="0"/>
        <Point X="461" Y="217" T="0" Pressure="0"/>
        <Point X="461" Y="218" T="0" Pressure="0"/>
        <Point X="461" Y="219" T="0" Pressure="0"/>
    </Stroke>
    <Stroke index="2">
        <Point X="386" Y="222" T="0" Pressure="0"/>
        <Point X="385" Y="220" T="0" Pressure="0"/>
        <Point X="385" Y="219" T="0" Pressure="0"/>
        <Point X="385" Y="217" T="0" Pressure="0"/>
        <Point X="386" Y="217" T="0" Pressure="0"/>
        <Point X="387" Y="219" T="0" Pressure="0"/>
        <Point X="388" Y="220" T="0" Pressure="0"/>
        <Point X="388" Y="221" T="0" Pressure="0"/>
        <Point X="389" Y="223" T="0" Pressure="0"/>
        <Point X="389" Y="225" T="0" Pressure="0"/>
        <Point X="390" Y="227" T="0" Pressure="0"/>
        <Point X="390" Y="230" T="0" Pressure="0"/>
        <Point X="390" Y="233" T="0" Pressure="0"/>
        <Point X="391" Y="236" T="0" Pressure="0"/>
        <Point X="391" Y="241" T="0" Pressure="0"/>
        <Point X="391" Y="246" T="0" Pressure="0"/>
        <Point X="391" Y="252" T="0" Pressure="0"/>
        <Point X="391" Y="257" T="0" Pressure="0"/>
        <Point X="390" Y="264" T="0" Pressure="0"/>
        <Point X="390" Y="270" T="0" Pressure="0"/>
        <Point X="390" Y="276" T="0" Pressure="0"/>
        <Point X="389" Y="283" T="0" Pressure="0"/>
        <Point X="389" Y="289" T="0" Pressure="0"/>
        <Point X="389" Y="295" T="0" Pressure="0"/>
        <Point X="388" Y="305" T="0" Pressure="0"/>
        <Point X="388" Y="309" T="0" Pressure="0"/>
        <Point X="387" Y="315" T="0" Pressure="0"/>
        <Point X="386" Y="319" T="0" Pressure="0"/>
        <Point X="386" Y="322" T="0" Pressure="0"/>
        <Point X="385" Y="325" T="0" Pressure="0"/>
        <Point X="385" Y="328" T="0" Pressure="0"/>
        <Point X="384" Y="334" T="0" Pressure="0"/>
        <Point X="384" Y="337" T="0" Pressure="0"/>
        <Point X="383" Y="340" T="0" Pressure="0"/>
        <Point X="382" Y="344" T="0" Pressure="0"/>
        <Point X="381" Y="346" T="0" Pressure="0"/>
        <Point X="381" Y="350" T="0" Pressure="0"/>
        <Point X="381" Y="351" T="0" Pressure="0"/>
        <Point X="381" Y="352" T="0" Pressure="0"/>
        <Point X="381" Y="354" T="0" Pressure="0"/>
        <Point X="381" Y="355" T="0" Pressure="0"/>
        <Point X="381" Y="356" T="0" Pressure="0"/>
        <Point X="381" Y="357" T="0" Pressure="0"/>
        <Point X="381" Y="358" T="0" Pressure="0"/>
        <Point X="382" Y="359" T="0" Pressure="0"/>
        <Point X="382" Y="360" T="0" Pressure="0"/>
    </Stroke>
</Gesture>
