<?xml version="1.0" ?>
<Gesture Name="six_point_star~10" Subject="6" Number="10" NumPts="243" InputType="stylus" Speed="MEDIUM">
    <Stroke index="1">
        <Point X="307" Y="296" T="0" Pressure="0"/>
        <Point X="307" Y="295" T="0" Pressure="0"/>
        <Point X="307" Y="294" T="0" Pressure="0"/>
        <Point X="308" Y="293" T="0" Pressure="0"/>
        <Point X="309" Y="292" T="0" Pressure="0"/>
        <Point X="310" Y="290" T="0" Pressure="0"/>
        <Point X="311" Y="289" T="0" Pressure="0"/>
        <Point X="312" Y="287" T="0" Pressure="0"/>
        <Point X="314" Y="284" T="0" Pressure="0"/>
        <Point X="314" Y="282" T="0" Pressure="0"/>
        <Point X="316" Y="279" T="0" Pressure="0"/>
        <Point X="317" Y="276" T="0" Pressure="0"/>
        <Point X="318" Y="273" T="0" Pressure="0"/>
        <Point X="318" Y="270" T="0" Pressure="0"/>
        <Point X="320" Y="266" T="0" Pressure="0"/>
        <Point X="320" Y="262" T="0" Pressure="0"/>
        <Point X="321" Y="259" T="0" Pressure="0"/>
        <Point X="322" Y="250" T="0" Pressure="0"/>
        <Point X="323" Y="246" T="0" Pressure="0"/>
        <Point X="324" Y="241" T="0" Pressure="0"/>
        <Point X="325" Y="236" T="0" Pressure="0"/>
        <Point X="325" Y="232" T="0" Pressure="0"/>
        <Point X="326" Y="227" T="0" Pressure="0"/>
        <Point X="328" Y="222" T="0" Pressure="0"/>
        <Point X="329" Y="212" T="0" Pressure="0"/>
        <Point X="331" Y="207" T="0" Pressure="0"/>
        <Point X="332" Y="203" T="0" Pressure="0"/>
        <Point X="333" Y="198" T="0" Pressure="0"/>
        <Point X="335" Y="194" T="0" Pressure="0"/>
        <Point X="336" Y="189" T="0" Pressure="0"/>
        <Point X="338" Y="184" T="0" Pressure="0"/>
        <Point X="340" Y="180" T="0" Pressure="0"/>
        <Point X="341" Y="177" T="0" Pressure="0"/>
        <Point X="344" Y="173" T="0" Pressure="0"/>
        <Point X="345" Y="170" T="0" Pressure="0"/>
        <Point X="348" Y="166" T="0" Pressure="0"/>
        <Point X="350" Y="164" T="0" Pressure="0"/>
        <Point X="351" Y="161" T="0" Pressure="0"/>
        <Point X="354" Y="160" T="0" Pressure="0"/>
        <Point X="355" Y="157" T="0" Pressure="0"/>
        <Point X="358" Y="155" T="0" Pressure="0"/>
        <Point X="360" Y="153" T="0" Pressure="0"/>
        <Point X="362" Y="152" T="0" Pressure="0"/>
        <Point X="363" Y="151" T="0" Pressure="0"/>
        <Point X="365" Y="150" T="0" Pressure="0"/>
        <Point X="366" Y="149" T="0" Pressure="0"/>
        <Point X="368" Y="148" T="0" Pressure="0"/>
        <Point X="370" Y="147" T="0" Pressure="0"/>
        <Point X="371" Y="147" T="0" Pressure="0"/>
        <Point X="373" Y="147" T="0" Pressure="0"/>
        <Point X="375" Y="147" T="0" Pressure="0"/>
        <Point X="377" Y="148" T="0" Pressure="0"/>
        <Point X="378" Y="149" T="0" Pressure="0"/>
        <Point X="385" Y="154" T="0" Pressure="0"/>
        <Point X="386" Y="157" T="0" Pressure="0"/>
        <Point X="389" Y="160" T="0" Pressure="0"/>
        <Point X="391" Y="163" T="0" Pressure="0"/>
        <Point X="394" Y="166" T="0" Pressure="0"/>
        <Point X="396" Y="170" T="0" Pressure="0"/>
        <Point X="399" Y="174" T="0" Pressure="0"/>
        <Point X="401" Y="177" T="0" Pressure="0"/>
        <Point X="404" Y="181" T="0" Pressure="0"/>
        <Point X="407" Y="185" T="0" Pressure="0"/>
        <Point X="410" Y="191" T="0" Pressure="0"/>
        <Point X="412" Y="195" T="0" Pressure="0"/>
        <Point X="415" Y="199" T="0" Pressure="0"/>
        <Point X="417" Y="203" T="0" Pressure="0"/>
        <Point X="424" Y="217" T="0" Pressure="0"/>
        <Point X="426" Y="222" T="0" Pressure="0"/>
        <Point X="429" Y="226" T="0" Pressure="0"/>
        <Point X="430" Y="230" T="0" Pressure="0"/>
        <Point X="433" Y="234" T="0" Pressure="0"/>
        <Point X="434" Y="238" T="0" Pressure="0"/>
        <Point X="437" Y="242" T="0" Pressure="0"/>
        <Point X="438" Y="246" T="0" Pressure="0"/>
        <Point X="439" Y="249" T="0" Pressure="0"/>
        <Point X="441" Y="252" T="0" Pressure="0"/>
        <Point X="441" Y="255" T="0" Pressure="0"/>
        <Point X="442" Y="259" T="0" Pressure="0"/>
        <Point X="444" Y="262" T="0" Pressure="0"/>
        <Point X="445" Y="264" T="0" Pressure="0"/>
        <Point X="445" Y="266" T="0" Pressure="0"/>
        <Point X="445" Y="269" T="0" Pressure="0"/>
        <Point X="445" Y="271" T="0" Pressure="0"/>
        <Point X="445" Y="273" T="0" Pressure="0"/>
        <Point X="445" Y="276" T="0" Pressure="0"/>
        <Point X="445" Y="277" T="0" Pressure="0"/>
        <Point X="444" Y="278" T="0" Pressure="0"/>
        <Point X="444" Y="280" T="0" Pressure="0"/>
        <Point X="442" Y="281" T="0" Pressure="0"/>
        <Point X="441" Y="283" T="0" Pressure="0"/>
        <Point X="438" Y="284" T="0" Pressure="0"/>
        <Point X="437" Y="285" T="0" Pressure="0"/>
        <Point X="434" Y="286" T="0" Pressure="0"/>
        <Point X="431" Y="288" T="0" Pressure="0"/>
        <Point X="426" Y="290" T="0" Pressure="0"/>
        <Point X="423" Y="291" T="0" Pressure="0"/>
        <Point X="419" Y="291" T="0" Pressure="0"/>
        <Point X="411" Y="293" T="0" Pressure="0"/>
        <Point X="408" Y="294" T="0" Pressure="0"/>
        <Point X="403" Y="294" T="0" Pressure="0"/>
        <Point X="398" Y="295" T="0" Pressure="0"/>
        <Point X="393" Y="296" T="0" Pressure="0"/>
        <Point X="389" Y="296" T="0" Pressure="0"/>
        <Point X="384" Y="297" T="0" Pressure="0"/>
        <Point X="378" Y="297" T="0" Pressure="0"/>
        <Point X="374" Y="298" T="0" Pressure="0"/>
        <Point X="367" Y="298" T="0" Pressure="0"/>
        <Point X="363" Y="299" T="0" Pressure="0"/>
        <Point X="359" Y="299" T="0" Pressure="0"/>
        <Point X="354" Y="300" T="0" Pressure="0"/>
        <Point X="349" Y="300" T="0" Pressure="0"/>
        <Point X="344" Y="300" T="0" Pressure="0"/>
        <Point X="336" Y="301" T="0" Pressure="0"/>
        <Point X="333" Y="301" T="0" Pressure="0"/>
        <Point X="330" Y="301" T="0" Pressure="0"/>
        <Point X="324" Y="301" T="0" Pressure="0"/>
        <Point X="321" Y="301" T="0" Pressure="0"/>
        <Point X="318" Y="301" T="0" Pressure="0"/>
        <Point X="314" Y="301" T="0" Pressure="0"/>
        <Point X="312" Y="302" T="0" Pressure="0"/>
        <Point X="310" Y="302" T="0" Pressure="0"/>
        <Point X="309" Y="302" T="0" Pressure="0"/>
        <Point X="308" Y="302" T="0" Pressure="0"/>
        <Point X="308" Y="301" T="0" Pressure="0"/>
    </Stroke>
    <Stroke index="2">
        <Point X="306" Y="209" T="0" Pressure="0"/>
        <Point X="306" Y="208" T="0" Pressure="0"/>
        <Point X="306" Y="207" T="0" Pressure="0"/>
        <Point X="306" Y="208" T="0" Pressure="0"/>
        <Point X="307" Y="209" T="0" Pressure="0"/>
        <Point X="309" Y="210" T="0" Pressure="0"/>
        <Point X="310" Y="212" T="0" Pressure="0"/>
        <Point X="311" Y="215" T="0" Pressure="0"/>
        <Point X="313" Y="217" T="0" Pressure="0"/>
        <Point X="314" Y="220" T="0" Pressure="0"/>
        <Point X="317" Y="223" T="0" Pressure="0"/>
        <Point X="318" Y="227" T="0" Pressure="0"/>
        <Point X="321" Y="231" T="0" Pressure="0"/>
        <Point X="323" Y="236" T="0" Pressure="0"/>
        <Point X="325" Y="242" T="0" Pressure="0"/>
        <Point X="328" Y="249" T="0" Pressure="0"/>
        <Point X="331" Y="254" T="0" Pressure="0"/>
        <Point X="332" Y="259" T="0" Pressure="0"/>
        <Point X="335" Y="266" T="0" Pressure="0"/>
        <Point X="339" Y="277" T="0" Pressure="0"/>
        <Point X="341" Y="284" T="0" Pressure="0"/>
        <Point X="344" Y="290" T="0" Pressure="0"/>
        <Point X="345" Y="295" T="0" Pressure="0"/>
        <Point X="347" Y="301" T="0" Pressure="0"/>
        <Point X="349" Y="306" T="0" Pressure="0"/>
        <Point X="351" Y="311" T="0" Pressure="0"/>
        <Point X="353" Y="316" T="0" Pressure="0"/>
        <Point X="355" Y="321" T="0" Pressure="0"/>
        <Point X="356" Y="325" T="0" Pressure="0"/>
        <Point X="358" Y="328" T="0" Pressure="0"/>
        <Point X="360" Y="332" T="0" Pressure="0"/>
        <Point X="362" Y="335" T="0" Pressure="0"/>
        <Point X="363" Y="339" T="0" Pressure="0"/>
        <Point X="365" Y="342" T="0" Pressure="0"/>
        <Point X="369" Y="347" T="0" Pressure="0"/>
        <Point X="370" Y="349" T="0" Pressure="0"/>
        <Point X="372" Y="351" T="0" Pressure="0"/>
        <Point X="375" Y="353" T="0" Pressure="0"/>
        <Point X="377" Y="353" T="0" Pressure="0"/>
        <Point X="378" Y="354" T="0" Pressure="0"/>
        <Point X="381" Y="354" T="0" Pressure="0"/>
        <Point X="384" Y="353" T="0" Pressure="0"/>
        <Point X="387" Y="351" T="0" Pressure="0"/>
        <Point X="389" Y="350" T="0" Pressure="0"/>
        <Point X="390" Y="348" T="0" Pressure="0"/>
        <Point X="393" Y="345" T="0" Pressure="0"/>
        <Point X="395" Y="342" T="0" Pressure="0"/>
        <Point X="396" Y="339" T="0" Pressure="0"/>
        <Point X="398" Y="335" T="0" Pressure="0"/>
        <Point X="400" Y="330" T="0" Pressure="0"/>
        <Point X="401" Y="326" T="0" Pressure="0"/>
        <Point X="404" Y="320" T="0" Pressure="0"/>
        <Point X="405" Y="315" T="0" Pressure="0"/>
        <Point X="409" Y="304" T="0" Pressure="0"/>
        <Point X="411" Y="299" T="0" Pressure="0"/>
        <Point X="412" Y="292" T="0" Pressure="0"/>
        <Point X="415" Y="286" T="0" Pressure="0"/>
        <Point X="416" Y="280" T="0" Pressure="0"/>
        <Point X="418" Y="275" T="0" Pressure="0"/>
        <Point X="419" Y="269" T="0" Pressure="0"/>
        <Point X="421" Y="263" T="0" Pressure="0"/>
        <Point X="423" Y="257" T="0" Pressure="0"/>
        <Point X="424" Y="251" T="0" Pressure="0"/>
        <Point X="426" Y="246" T="0" Pressure="0"/>
        <Point X="427" Y="240" T="0" Pressure="0"/>
        <Point X="429" Y="234" T="0" Pressure="0"/>
        <Point X="430" Y="229" T="0" Pressure="0"/>
        <Point X="433" Y="224" T="0" Pressure="0"/>
        <Point X="435" Y="214" T="0" Pressure="0"/>
        <Point X="437" Y="209" T="0" Pressure="0"/>
        <Point X="438" Y="205" T="0" Pressure="0"/>
        <Point X="439" Y="202" T="0" Pressure="0"/>
        <Point X="441" Y="198" T="0" Pressure="0"/>
        <Point X="442" Y="194" T="0" Pressure="0"/>
        <Point X="443" Y="191" T="0" Pressure="0"/>
        <Point X="444" Y="189" T="0" Pressure="0"/>
        <Point X="445" Y="186" T="0" Pressure="0"/>
        <Point X="445" Y="184" T="0" Pressure="0"/>
        <Point X="446" Y="182" T="0" Pressure="0"/>
        <Point X="447" Y="181" T="0" Pressure="0"/>
        <Point X="447" Y="180" T="0" Pressure="0"/>
        <Point X="448" Y="179" T="0" Pressure="0"/>
        <Point X="448" Y="178" T="0" Pressure="0"/>
        <Point X="447" Y="177" T="0" Pressure="0"/>
        <Point X="446" Y="177" T="0" Pressure="0"/>
        <Point X="445" Y="177" T="0" Pressure="0"/>
        <Point X="444" Y="177" T="0" Pressure="0"/>
        <Point X="442" Y="177" T="0" Pressure="0"/>
        <Point X="438" Y="177" T="0" Pressure="0"/>
        <Point X="435" Y="177" T="0" Pressure="0"/>
        <Point X="433" Y="178" T="0" Pressure="0"/>
        <Point X="430" Y="179" T="0" Pressure="0"/>
        <Point X="426" Y="180" T="0" Pressure="0"/>
        <Point X="419" Y="182" T="0" Pressure="0"/>
        <Point X="414" Y="183" T="0" Pressure="0"/>
        <Point X="410" Y="184" T="0" Pressure="0"/>
        <Point X="404" Y="185" T="0" Pressure="0"/>
        <Point X="399" Y="186" T="0" Pressure="0"/>
        <Point X="393" Y="188" T="0" Pressure="0"/>
        <Point X="387" Y="190" T="0" Pressure="0"/>
        <Point X="381" Y="191" T="0" Pressure="0"/>
        <Point X="374" Y="192" T="0" Pressure="0"/>
        <Point X="362" Y="194" T="0" Pressure="0"/>
        <Point X="355" Y="195" T="0" Pressure="0"/>
        <Point X="349" Y="196" T="0" Pressure="0"/>
        <Point X="344" Y="197" T="0" Pressure="0"/>
        <Point X="340" Y="197" T="0" Pressure="0"/>
        <Point X="327" Y="197" T="0" Pressure="0"/>
        <Point X="324" Y="198" T="0" Pressure="0"/>
        <Point X="321" Y="199" T="0" Pressure="0"/>
        <Point X="318" Y="199" T="0" Pressure="0"/>
        <Point X="316" Y="200" T="0" Pressure="0"/>
        <Point X="314" Y="201" T="0" Pressure="0"/>
        <Point X="311" Y="202" T="0" Pressure="0"/>
        <Point X="309" Y="202" T="0" Pressure="0"/>
        <Point X="308" Y="203" T="0" Pressure="0"/>
        <Point X="306" Y="204" T="0" Pressure="0"/>
        <Point X="306" Y="205" T="0" Pressure="0"/>
    </Stroke>
</Gesture>
