<?xml version="1.0" ?>
<Gesture Name="half_note~10" Subject="6" Number="10" NumPts="105" InputType="stylus" Speed="MEDIUM">
    <Stroke index="1">
        <Point X="430" Y="166" T="0" Pressure="0"/>
        <Point X="430" Y="167" T="0" Pressure="0"/>
        <Point X="430" Y="169" T="0" Pressure="0"/>
        <Point X="430" Y="170" T="0" Pressure="0"/>
        <Point X="430" Y="172" T="0" Pressure="0"/>
        <Point X="430" Y="175" T="0" Pressure="0"/>
        <Point X="431" Y="177" T="0" Pressure="0"/>
        <Point X="431" Y="180" T="0" Pressure="0"/>
        <Point X="432" Y="192" T="0" Pressure="0"/>
        <Point X="432" Y="197" T="0" Pressure="0"/>
        <Point X="432" Y="202" T="0" Pressure="0"/>
        <Point X="432" Y="207" T="0" Pressure="0"/>
        <Point X="432" Y="213" T="0" Pressure="0"/>
        <Point X="432" Y="219" T="0" Pressure="0"/>
        <Point X="432" Y="225" T="0" Pressure="0"/>
        <Point X="432" Y="232" T="0" Pressure="0"/>
        <Point X="431" Y="239" T="0" Pressure="0"/>
        <Point X="431" Y="245" T="0" Pressure="0"/>
        <Point X="430" Y="252" T="0" Pressure="0"/>
        <Point X="430" Y="259" T="0" Pressure="0"/>
        <Point X="430" Y="267" T="0" Pressure="0"/>
        <Point X="429" Y="275" T="0" Pressure="0"/>
        <Point X="427" Y="296" T="0" Pressure="0"/>
        <Point X="427" Y="302" T="0" Pressure="0"/>
        <Point X="426" Y="309" T="0" Pressure="0"/>
        <Point X="426" Y="315" T="0" Pressure="0"/>
        <Point X="426" Y="325" T="0" Pressure="0"/>
        <Point X="426" Y="328" T="0" Pressure="0"/>
        <Point X="426" Y="331" T="0" Pressure="0"/>
        <Point X="426" Y="338" T="0" Pressure="0"/>
        <Point X="426" Y="341" T="0" Pressure="0"/>
        <Point X="426" Y="343" T="0" Pressure="0"/>
        <Point X="426" Y="345" T="0" Pressure="0"/>
        <Point X="426" Y="346" T="0" Pressure="0"/>
    </Stroke>
    <Stroke index="2">
        <Point X="417" Y="336" T="0" Pressure="0"/>
        <Point X="415" Y="332" T="0" Pressure="0"/>
        <Point X="414" Y="331" T="0" Pressure="0"/>
        <Point X="412" Y="327" T="0" Pressure="0"/>
        <Point X="411" Y="325" T="0" Pressure="0"/>
        <Point X="411" Y="323" T="0" Pressure="0"/>
        <Point X="410" Y="321" T="0" Pressure="0"/>
        <Point X="408" Y="320" T="0" Pressure="0"/>
        <Point X="408" Y="318" T="0" Pressure="0"/>
        <Point X="407" Y="316" T="0" Pressure="0"/>
        <Point X="404" Y="312" T="0" Pressure="0"/>
        <Point X="404" Y="311" T="0" Pressure="0"/>
        <Point X="403" Y="309" T="0" Pressure="0"/>
        <Point X="399" Y="305" T="0" Pressure="0"/>
        <Point X="397" Y="304" T="0" Pressure="0"/>
        <Point X="396" Y="303" T="0" Pressure="0"/>
        <Point X="395" Y="302" T="0" Pressure="0"/>
        <Point X="393" Y="301" T="0" Pressure="0"/>
        <Point X="391" Y="301" T="0" Pressure="0"/>
        <Point X="388" Y="300" T="0" Pressure="0"/>
        <Point X="385" Y="300" T="0" Pressure="0"/>
        <Point X="384" Y="300" T="0" Pressure="0"/>
        <Point X="380" Y="300" T="0" Pressure="0"/>
        <Point X="378" Y="300" T="0" Pressure="0"/>
        <Point X="375" Y="301" T="0" Pressure="0"/>
        <Point X="371" Y="302" T="0" Pressure="0"/>
        <Point X="370" Y="303" T="0" Pressure="0"/>
        <Point X="367" Y="304" T="0" Pressure="0"/>
        <Point X="365" Y="306" T="0" Pressure="0"/>
        <Point X="363" Y="309" T="0" Pressure="0"/>
        <Point X="361" Y="311" T="0" Pressure="0"/>
        <Point X="359" Y="314" T="0" Pressure="0"/>
        <Point X="358" Y="316" T="0" Pressure="0"/>
        <Point X="356" Y="320" T="0" Pressure="0"/>
        <Point X="355" Y="323" T="0" Pressure="0"/>
        <Point X="354" Y="326" T="0" Pressure="0"/>
        <Point X="352" Y="329" T="0" Pressure="0"/>
        <Point X="352" Y="332" T="0" Pressure="0"/>
        <Point X="351" Y="335" T="0" Pressure="0"/>
        <Point X="351" Y="339" T="0" Pressure="0"/>
        <Point X="351" Y="347" T="0" Pressure="0"/>
        <Point X="351" Y="350" T="0" Pressure="0"/>
        <Point X="351" Y="353" T="0" Pressure="0"/>
        <Point X="352" Y="359" T="0" Pressure="0"/>
        <Point X="353" Y="362" T="0" Pressure="0"/>
        <Point X="355" Y="365" T="0" Pressure="0"/>
        <Point X="358" Y="369" T="0" Pressure="0"/>
        <Point X="359" Y="371" T="0" Pressure="0"/>
        <Point X="361" Y="373" T="0" Pressure="0"/>
        <Point X="365" Y="376" T="0" Pressure="0"/>
        <Point X="370" Y="378" T="0" Pressure="0"/>
        <Point X="374" Y="379" T="0" Pressure="0"/>
        <Point X="377" Y="379" T="0" Pressure="0"/>
        <Point X="379" Y="379" T="0" Pressure="0"/>
        <Point X="385" Y="379" T="0" Pressure="0"/>
        <Point X="387" Y="377" T="0" Pressure="0"/>
        <Point X="390" Y="376" T="0" Pressure="0"/>
        <Point X="397" Y="373" T="0" Pressure="0"/>
        <Point X="400" Y="371" T="0" Pressure="0"/>
        <Point X="403" Y="369" T="0" Pressure="0"/>
        <Point X="406" Y="366" T="0" Pressure="0"/>
        <Point X="408" Y="364" T="0" Pressure="0"/>
        <Point X="415" Y="359" T="0" Pressure="0"/>
        <Point X="420" Y="354" T="0" Pressure="0"/>
        <Point X="422" Y="352" T="0" Pressure="0"/>
        <Point X="424" Y="350" T="0" Pressure="0"/>
        <Point X="426" Y="348" T="0" Pressure="0"/>
        <Point X="427" Y="346" T="0" Pressure="0"/>
        <Point X="428" Y="344" T="0" Pressure="0"/>
        <Point X="429" Y="343" T="0" Pressure="0"/>
        <Point X="430" Y="341" T="0" Pressure="0"/>
    </Stroke>
</Gesture>
