<?xml version="1.0" ?>
<Gesture Name="null~07" Subject="6" Number="7" NumPts="105" InputType="stylus" Speed="MEDIUM">
    <Stroke index="1">
        <Point X="334" Y="160" T="0" Pressure="0"/>
        <Point X="332" Y="164" T="0" Pressure="0"/>
        <Point X="327" Y="170" T="0" Pressure="0"/>
        <Point X="325" Y="173" T="0" Pressure="0"/>
        <Point X="324" Y="177" T="0" Pressure="0"/>
        <Point X="323" Y="180" T="0" Pressure="0"/>
        <Point X="321" Y="189" T="0" Pressure="0"/>
        <Point X="320" Y="194" T="0" Pressure="0"/>
        <Point X="320" Y="200" T="0" Pressure="0"/>
        <Point X="319" Y="205" T="0" Pressure="0"/>
        <Point X="318" Y="210" T="0" Pressure="0"/>
        <Point X="318" Y="216" T="0" Pressure="0"/>
        <Point X="318" Y="222" T="0" Pressure="0"/>
        <Point X="318" Y="234" T="0" Pressure="0"/>
        <Point X="319" Y="240" T="0" Pressure="0"/>
        <Point X="320" Y="246" T="0" Pressure="0"/>
        <Point X="321" Y="252" T="0" Pressure="0"/>
        <Point X="322" Y="259" T="0" Pressure="0"/>
        <Point X="325" Y="266" T="0" Pressure="0"/>
        <Point X="326" Y="273" T="0" Pressure="0"/>
        <Point X="329" Y="279" T="0" Pressure="0"/>
        <Point X="331" Y="286" T="0" Pressure="0"/>
        <Point X="333" Y="292" T="0" Pressure="0"/>
        <Point X="336" Y="299" T="0" Pressure="0"/>
        <Point X="343" Y="310" T="0" Pressure="0"/>
        <Point X="347" Y="315" T="0" Pressure="0"/>
        <Point X="350" Y="319" T="0" Pressure="0"/>
        <Point X="354" Y="323" T="0" Pressure="0"/>
        <Point X="358" Y="326" T="0" Pressure="0"/>
        <Point X="362" Y="329" T="0" Pressure="0"/>
        <Point X="366" Y="333" T="0" Pressure="0"/>
        <Point X="370" Y="335" T="0" Pressure="0"/>
        <Point X="374" Y="337" T="0" Pressure="0"/>
        <Point X="384" Y="340" T="0" Pressure="0"/>
        <Point X="393" Y="342" T="0" Pressure="0"/>
        <Point X="401" Y="342" T="0" Pressure="0"/>
        <Point X="405" Y="342" T="0" Pressure="0"/>
        <Point X="410" Y="341" T="0" Pressure="0"/>
        <Point X="414" Y="340" T="0" Pressure="0"/>
        <Point X="432" Y="334" T="0" Pressure="0"/>
        <Point X="437" Y="331" T="0" Pressure="0"/>
        <Point X="463" Y="303" T="0" Pressure="0"/>
        <Point X="464" Y="299" T="0" Pressure="0"/>
        <Point X="468" Y="288" T="0" Pressure="0"/>
        <Point X="468" Y="282" T="0" Pressure="0"/>
        <Point X="469" Y="264" T="0" Pressure="0"/>
        <Point X="469" Y="257" T="0" Pressure="0"/>
        <Point X="467" Y="237" T="0" Pressure="0"/>
        <Point X="465" Y="229" T="0" Pressure="0"/>
        <Point X="458" Y="210" T="0" Pressure="0"/>
        <Point X="455" Y="204" T="0" Pressure="0"/>
        <Point X="448" Y="192" T="0" Pressure="0"/>
        <Point X="434" Y="179" T="0" Pressure="0"/>
        <Point X="429" Y="175" T="0" Pressure="0"/>
        <Point X="417" Y="167" T="0" Pressure="0"/>
        <Point X="406" Y="162" T="0" Pressure="0"/>
        <Point X="395" Y="158" T="0" Pressure="0"/>
        <Point X="382" Y="155" T="0" Pressure="0"/>
        <Point X="373" Y="154" T="0" Pressure="0"/>
        <Point X="362" Y="153" T="0" Pressure="0"/>
        <Point X="353" Y="155" T="0" Pressure="0"/>
        <Point X="343" Y="161" T="0" Pressure="0"/>
        <Point X="336" Y="166" T="0" Pressure="0"/>
    </Stroke>
    <Stroke index="2">
        <Point X="481" Y="116" T="0" Pressure="0"/>
        <Point X="479" Y="116" T="0" Pressure="0"/>
        <Point X="478" Y="116" T="0" Pressure="0"/>
        <Point X="466" Y="122" T="0" Pressure="0"/>
        <Point X="463" Y="126" T="0" Pressure="0"/>
        <Point X="460" Y="129" T="0" Pressure="0"/>
        <Point X="456" Y="135" T="0" Pressure="0"/>
        <Point X="452" Y="139" T="0" Pressure="0"/>
        <Point X="448" Y="145" T="0" Pressure="0"/>
        <Point X="444" Y="150" T="0" Pressure="0"/>
        <Point X="440" Y="155" T="0" Pressure="0"/>
        <Point X="436" Y="161" T="0" Pressure="0"/>
        <Point X="431" Y="168" T="0" Pressure="0"/>
        <Point X="427" Y="175" T="0" Pressure="0"/>
        <Point X="404" Y="211" T="0" Pressure="0"/>
        <Point X="400" Y="219" T="0" Pressure="0"/>
        <Point X="395" Y="226" T="0" Pressure="0"/>
        <Point X="385" Y="240" T="0" Pressure="0"/>
        <Point X="380" Y="247" T="0" Pressure="0"/>
        <Point X="375" Y="253" T="0" Pressure="0"/>
        <Point X="370" Y="260" T="0" Pressure="0"/>
        <Point X="364" Y="267" T="0" Pressure="0"/>
        <Point X="359" Y="273" T="0" Pressure="0"/>
        <Point X="355" Y="278" T="0" Pressure="0"/>
        <Point X="344" Y="290" T="0" Pressure="0"/>
        <Point X="340" Y="295" T="0" Pressure="0"/>
        <Point X="326" Y="310" T="0" Pressure="0"/>
        <Point X="321" Y="315" T="0" Pressure="0"/>
        <Point X="317" Y="319" T="0" Pressure="0"/>
        <Point X="314" Y="324" T="0" Pressure="0"/>
        <Point X="310" Y="328" T="0" Pressure="0"/>
        <Point X="307" Y="331" T="0" Pressure="0"/>
        <Point X="305" Y="335" T="0" Pressure="0"/>
        <Point X="302" Y="339" T="0" Pressure="0"/>
        <Point X="300" Y="341" T="0" Pressure="0"/>
        <Point X="298" Y="345" T="0" Pressure="0"/>
        <Point X="296" Y="347" T="0" Pressure="0"/>
        <Point X="295" Y="349" T="0" Pressure="0"/>
        <Point X="295" Y="351" T="0" Pressure="0"/>
        <Point X="295" Y="353" T="0" Pressure="0"/>
        <Point X="294" Y="355" T="0" Pressure="0"/>
        <Point X="294" Y="356" T="0" Pressure="0"/>
    </Stroke>
</Gesture>
