<?xml version="1.0" ?>
<Gesture Name="five_point_star~01" Subject="6" Number="1" NumPts="258" InputType="stylus" Speed="MEDIUM">
    <Stroke index="1">
        <Point X="290" Y="291" T="0" Pressure="0"/>
        <Point X="289" Y="290" T="0" Pressure="0"/>
        <Point X="288" Y="289" T="0" Pressure="0"/>
        <Point X="288" Y="287" T="0" Pressure="0"/>
        <Point X="288" Y="286" T="0" Pressure="0"/>
        <Point X="288" Y="285" T="0" Pressure="0"/>
        <Point X="288" Y="284" T="0" Pressure="0"/>
        <Point X="288" Y="283" T="0" Pressure="0"/>
        <Point X="289" Y="281" T="0" Pressure="0"/>
        <Point X="290" Y="279" T="0" Pressure="0"/>
        <Point X="290" Y="277" T="0" Pressure="0"/>
        <Point X="291" Y="275" T="0" Pressure="0"/>
        <Point X="291" Y="273" T="0" Pressure="0"/>
        <Point X="292" Y="271" T="0" Pressure="0"/>
        <Point X="293" Y="267" T="0" Pressure="0"/>
        <Point X="294" Y="265" T="0" Pressure="0"/>
        <Point X="295" Y="261" T="0" Pressure="0"/>
        <Point X="296" Y="258" T="0" Pressure="0"/>
        <Point X="296" Y="254" T="0" Pressure="0"/>
        <Point X="298" Y="251" T="0" Pressure="0"/>
        <Point X="299" Y="247" T="0" Pressure="0"/>
        <Point X="300" Y="243" T="0" Pressure="0"/>
        <Point X="301" Y="238" T="0" Pressure="0"/>
        <Point X="302" Y="234" T="0" Pressure="0"/>
        <Point X="303" Y="229" T="0" Pressure="0"/>
        <Point X="307" Y="214" T="0" Pressure="0"/>
        <Point X="310" Y="203" T="0" Pressure="0"/>
        <Point X="313" Y="198" T="0" Pressure="0"/>
        <Point X="314" Y="192" T="0" Pressure="0"/>
        <Point X="316" Y="187" T="0" Pressure="0"/>
        <Point X="318" Y="181" T="0" Pressure="0"/>
        <Point X="320" Y="176" T="0" Pressure="0"/>
        <Point X="322" Y="171" T="0" Pressure="0"/>
        <Point X="325" Y="166" T="0" Pressure="0"/>
        <Point X="327" Y="161" T="0" Pressure="0"/>
        <Point X="329" Y="156" T="0" Pressure="0"/>
        <Point X="332" Y="152" T="0" Pressure="0"/>
        <Point X="335" Y="146" T="0" Pressure="0"/>
        <Point X="337" Y="142" T="0" Pressure="0"/>
        <Point X="340" Y="138" T="0" Pressure="0"/>
        <Point X="343" Y="134" T="0" Pressure="0"/>
        <Point X="345" Y="130" T="0" Pressure="0"/>
        <Point X="348" Y="126" T="0" Pressure="0"/>
        <Point X="351" Y="122" T="0" Pressure="0"/>
        <Point X="355" Y="119" T="0" Pressure="0"/>
        <Point X="357" Y="116" T="0" Pressure="0"/>
        <Point X="360" Y="112" T="0" Pressure="0"/>
        <Point X="363" Y="110" T="0" Pressure="0"/>
        <Point X="366" Y="107" T="0" Pressure="0"/>
        <Point X="369" Y="104" T="0" Pressure="0"/>
        <Point X="371" Y="103" T="0" Pressure="0"/>
        <Point X="374" Y="102" T="0" Pressure="0"/>
        <Point X="377" Y="100" T="0" Pressure="0"/>
        <Point X="380" Y="99" T="0" Pressure="0"/>
        <Point X="382" Y="98" T="0" Pressure="0"/>
        <Point X="385" Y="97" T="0" Pressure="0"/>
        <Point X="386" Y="97" T="0" Pressure="0"/>
        <Point X="389" Y="97" T="0" Pressure="0"/>
        <Point X="391" Y="97" T="0" Pressure="0"/>
        <Point X="393" Y="98" T="0" Pressure="0"/>
        <Point X="395" Y="99" T="0" Pressure="0"/>
        <Point X="397" Y="101" T="0" Pressure="0"/>
        <Point X="400" Y="102" T="0" Pressure="0"/>
        <Point X="401" Y="104" T="0" Pressure="0"/>
        <Point X="404" Y="106" T="0" Pressure="0"/>
        <Point X="405" Y="110" T="0" Pressure="0"/>
        <Point X="408" Y="112" T="0" Pressure="0"/>
        <Point X="410" Y="116" T="0" Pressure="0"/>
        <Point X="411" Y="121" T="0" Pressure="0"/>
        <Point X="413" Y="125" T="0" Pressure="0"/>
        <Point X="415" Y="129" T="0" Pressure="0"/>
        <Point X="416" Y="134" T="0" Pressure="0"/>
        <Point X="418" Y="139" T="0" Pressure="0"/>
        <Point X="419" Y="145" T="0" Pressure="0"/>
        <Point X="421" Y="150" T="0" Pressure="0"/>
        <Point X="422" Y="155" T="0" Pressure="0"/>
        <Point X="423" Y="161" T="0" Pressure="0"/>
        <Point X="426" Y="174" T="0" Pressure="0"/>
        <Point X="427" Y="180" T="0" Pressure="0"/>
        <Point X="429" Y="186" T="0" Pressure="0"/>
        <Point X="430" Y="192" T="0" Pressure="0"/>
        <Point X="431" Y="199" T="0" Pressure="0"/>
        <Point X="433" Y="204" T="0" Pressure="0"/>
        <Point X="434" Y="210" T="0" Pressure="0"/>
        <Point X="437" Y="217" T="0" Pressure="0"/>
        <Point X="438" Y="222" T="0" Pressure="0"/>
        <Point X="439" Y="227" T="0" Pressure="0"/>
        <Point X="441" Y="232" T="0" Pressure="0"/>
        <Point X="442" Y="237" T="0" Pressure="0"/>
        <Point X="444" Y="242" T="0" Pressure="0"/>
        <Point X="445" Y="247" T="0" Pressure="0"/>
        <Point X="446" Y="251" T="0" Pressure="0"/>
        <Point X="448" Y="254" T="0" Pressure="0"/>
        <Point X="449" Y="257" T="0" Pressure="0"/>
        <Point X="450" Y="261" T="0" Pressure="0"/>
        <Point X="452" Y="264" T="0" Pressure="0"/>
        <Point X="453" Y="267" T="0" Pressure="0"/>
        <Point X="453" Y="270" T="0" Pressure="0"/>
        <Point X="454" Y="272" T="0" Pressure="0"/>
        <Point X="455" Y="275" T="0" Pressure="0"/>
        <Point X="456" Y="276" T="0" Pressure="0"/>
        <Point X="456" Y="278" T="0" Pressure="0"/>
        <Point X="456" Y="280" T="0" Pressure="0"/>
        <Point X="456" Y="281" T="0" Pressure="0"/>
        <Point X="456" Y="282" T="0" Pressure="0"/>
        <Point X="456" Y="283" T="0" Pressure="0"/>
        <Point X="456" Y="284" T="0" Pressure="0"/>
        <Point X="454" Y="284" T="0" Pressure="0"/>
        <Point X="453" Y="284" T="0" Pressure="0"/>
        <Point X="452" Y="284" T="0" Pressure="0"/>
        <Point X="449" Y="284" T="0" Pressure="0"/>
        <Point X="448" Y="283" T="0" Pressure="0"/>
        <Point X="446" Y="282" T="0" Pressure="0"/>
        <Point X="444" Y="280" T="0" Pressure="0"/>
        <Point X="441" Y="279" T="0" Pressure="0"/>
        <Point X="439" Y="278" T="0" Pressure="0"/>
        <Point X="437" Y="276" T="0" Pressure="0"/>
        <Point X="434" Y="275" T="0" Pressure="0"/>
        <Point X="431" Y="273" T="0" Pressure="0"/>
        <Point X="429" Y="271" T="0" Pressure="0"/>
        <Point X="426" Y="268" T="0" Pressure="0"/>
        <Point X="422" Y="266" T="0" Pressure="0"/>
        <Point X="419" Y="263" T="0" Pressure="0"/>
        <Point X="415" Y="260" T="0" Pressure="0"/>
        <Point X="411" Y="257" T="0" Pressure="0"/>
        <Point X="408" Y="255" T="0" Pressure="0"/>
        <Point X="404" Y="252" T="0" Pressure="0"/>
        <Point X="396" Y="246" T="0" Pressure="0"/>
        <Point X="392" Y="242" T="0" Pressure="0"/>
        <Point X="387" Y="240" T="0" Pressure="0"/>
        <Point X="382" Y="236" T="0" Pressure="0"/>
        <Point X="378" Y="234" T="0" Pressure="0"/>
        <Point X="374" Y="230" T="0" Pressure="0"/>
        <Point X="368" Y="227" T="0" Pressure="0"/>
        <Point X="363" Y="225" T="0" Pressure="0"/>
        <Point X="358" Y="222" T="0" Pressure="0"/>
        <Point X="353" Y="220" T="0" Pressure="0"/>
        <Point X="347" Y="217" T="0" Pressure="0"/>
        <Point X="341" Y="216" T="0" Pressure="0"/>
        <Point X="336" Y="213" T="0" Pressure="0"/>
        <Point X="331" Y="211" T="0" Pressure="0"/>
        <Point X="325" Y="209" T="0" Pressure="0"/>
        <Point X="320" Y="208" T="0" Pressure="0"/>
        <Point X="308" Y="205" T="0" Pressure="0"/>
        <Point X="302" Y="203" T="0" Pressure="0"/>
        <Point X="298" Y="202" T="0" Pressure="0"/>
        <Point X="292" Y="202" T="0" Pressure="0"/>
        <Point X="287" Y="201" T="0" Pressure="0"/>
        <Point X="283" Y="200" T="0" Pressure="0"/>
        <Point X="278" Y="199" T="0" Pressure="0"/>
        <Point X="269" Y="197" T="0" Pressure="0"/>
        <Point X="265" Y="197" T="0" Pressure="0"/>
        <Point X="262" Y="196" T="0" Pressure="0"/>
        <Point X="259" Y="195" T="0" Pressure="0"/>
        <Point X="256" Y="195" T="0" Pressure="0"/>
        <Point X="253" Y="194" T="0" Pressure="0"/>
        <Point X="251" Y="193" T="0" Pressure="0"/>
        <Point X="250" Y="192" T="0" Pressure="0"/>
        <Point X="249" Y="192" T="0" Pressure="0"/>
        <Point X="249" Y="191" T="0" Pressure="0"/>
        <Point X="248" Y="191" T="0" Pressure="0"/>
        <Point X="248" Y="190" T="0" Pressure="0"/>
        <Point X="249" Y="189" T="0" Pressure="0"/>
        <Point X="250" Y="189" T="0" Pressure="0"/>
        <Point X="252" Y="187" T="0" Pressure="0"/>
        <Point X="254" Y="186" T="0" Pressure="0"/>
        <Point X="258" Y="184" T="0" Pressure="0"/>
        <Point X="261" Y="183" T="0" Pressure="0"/>
        <Point X="265" Y="181" T="0" Pressure="0"/>
        <Point X="270" Y="179" T="0" Pressure="0"/>
        <Point X="275" Y="178" T="0" Pressure="0"/>
        <Point X="280" Y="176" T="0" Pressure="0"/>
        <Point X="287" Y="174" T="0" Pressure="0"/>
        <Point X="292" Y="172" T="0" Pressure="0"/>
        <Point X="298" Y="171" T="0" Pressure="0"/>
        <Point X="305" Y="169" T="0" Pressure="0"/>
        <Point X="311" Y="166" T="0" Pressure="0"/>
        <Point X="318" Y="164" T="0" Pressure="0"/>
        <Point X="326" Y="162" T="0" Pressure="0"/>
        <Point X="333" Y="160" T="0" Pressure="0"/>
        <Point X="341" Y="157" T="0" Pressure="0"/>
        <Point X="348" Y="155" T="0" Pressure="0"/>
        <Point X="356" Y="153" T="0" Pressure="0"/>
        <Point X="364" Y="152" T="0" Pressure="0"/>
        <Point X="373" Y="150" T="0" Pressure="0"/>
        <Point X="380" Y="148" T="0" Pressure="0"/>
        <Point X="387" Y="147" T="0" Pressure="0"/>
        <Point X="395" Y="145" T="0" Pressure="0"/>
        <Point X="402" Y="144" T="0" Pressure="0"/>
        <Point X="409" Y="142" T="0" Pressure="0"/>
        <Point X="416" Y="141" T="0" Pressure="0"/>
        <Point X="423" Y="141" T="0" Pressure="0"/>
        <Point X="429" Y="140" T="0" Pressure="0"/>
        <Point X="434" Y="139" T="0" Pressure="0"/>
        <Point X="440" Y="139" T="0" Pressure="0"/>
        <Point X="445" Y="138" T="0" Pressure="0"/>
        <Point X="450" Y="138" T="0" Pressure="0"/>
        <Point X="454" Y="138" T="0" Pressure="0"/>
        <Point X="458" Y="138" T="0" Pressure="0"/>
        <Point X="461" Y="138" T="0" Pressure="0"/>
        <Point X="464" Y="138" T="0" Pressure="0"/>
        <Point X="467" Y="139" T="0" Pressure="0"/>
        <Point X="469" Y="139" T="0" Pressure="0"/>
        <Point X="471" Y="140" T="0" Pressure="0"/>
        <Point X="472" Y="141" T="0" Pressure="0"/>
        <Point X="473" Y="142" T="0" Pressure="0"/>
        <Point X="474" Y="143" T="0" Pressure="0"/>
        <Point X="474" Y="145" T="0" Pressure="0"/>
        <Point X="474" Y="146" T="0" Pressure="0"/>
        <Point X="474" Y="148" T="0" Pressure="0"/>
        <Point X="474" Y="150" T="0" Pressure="0"/>
        <Point X="472" Y="152" T="0" Pressure="0"/>
        <Point X="471" Y="155" T="0" Pressure="0"/>
        <Point X="469" Y="157" T="0" Pressure="0"/>
        <Point X="466" Y="161" T="0" Pressure="0"/>
        <Point X="464" Y="164" T="0" Pressure="0"/>
        <Point X="460" Y="167" T="0" Pressure="0"/>
        <Point X="456" Y="171" T="0" Pressure="0"/>
        <Point X="452" Y="175" T="0" Pressure="0"/>
        <Point X="448" Y="178" T="0" Pressure="0"/>
        <Point X="442" Y="183" T="0" Pressure="0"/>
        <Point X="437" Y="187" T="0" Pressure="0"/>
        <Point X="432" Y="191" T="0" Pressure="0"/>
        <Point X="426" Y="195" T="0" Pressure="0"/>
        <Point X="421" Y="199" T="0" Pressure="0"/>
        <Point X="415" Y="203" T="0" Pressure="0"/>
        <Point X="407" Y="208" T="0" Pressure="0"/>
        <Point X="401" Y="212" T="0" Pressure="0"/>
        <Point X="394" Y="217" T="0" Pressure="0"/>
        <Point X="387" Y="222" T="0" Pressure="0"/>
        <Point X="380" Y="228" T="0" Pressure="0"/>
        <Point X="373" Y="234" T="0" Pressure="0"/>
        <Point X="365" Y="240" T="0" Pressure="0"/>
        <Point X="359" Y="245" T="0" Pressure="0"/>
        <Point X="352" Y="250" T="0" Pressure="0"/>
        <Point X="347" Y="255" T="0" Pressure="0"/>
        <Point X="340" Y="261" T="0" Pressure="0"/>
        <Point X="334" Y="266" T="0" Pressure="0"/>
        <Point X="328" Y="272" T="0" Pressure="0"/>
        <Point X="323" Y="276" T="0" Pressure="0"/>
        <Point X="318" Y="280" T="0" Pressure="0"/>
        <Point X="313" Y="284" T="0" Pressure="0"/>
        <Point X="309" Y="288" T="0" Pressure="0"/>
        <Point X="303" Y="291" T="0" Pressure="0"/>
        <Point X="299" Y="296" T="0" Pressure="0"/>
        <Point X="295" Y="299" T="0" Pressure="0"/>
        <Point X="291" Y="301" T="0" Pressure="0"/>
        <Point X="287" Y="304" T="0" Pressure="0"/>
        <Point X="283" Y="306" T="0" Pressure="0"/>
        <Point X="276" Y="312" T="0" Pressure="0"/>
        <Point X="275" Y="312" T="0" Pressure="0"/>
        <Point X="274" Y="314" T="0" Pressure="0"/>
        <Point X="273" Y="314" T="0" Pressure="0"/>
        <Point X="274" Y="314" T="0" Pressure="0"/>
        <Point X="275" Y="314" T="0" Pressure="0"/>
        <Point X="276" Y="314" T="0" Pressure="0"/>
        <Point X="278" Y="312" T="0" Pressure="0"/>
        <Point X="280" Y="311" T="0" Pressure="0"/>
    </Stroke>
</Gesture>
