<?xml version="1.0" ?>
<Gesture Name="six_point_star~02" Subject="6" Number="2" NumPts="270" InputType="stylus" Speed="MEDIUM">
    <Stroke index="1">
        <Point X="313" Y="285" T="0" Pressure="0"/>
        <Point X="313" Y="284" T="0" Pressure="0"/>
        <Point X="313" Y="282" T="0" Pressure="0"/>
        <Point X="312" Y="280" T="0" Pressure="0"/>
        <Point X="312" Y="277" T="0" Pressure="0"/>
        <Point X="312" Y="275" T="0" Pressure="0"/>
        <Point X="312" Y="273" T="0" Pressure="0"/>
        <Point X="313" Y="264" T="0" Pressure="0"/>
        <Point X="313" Y="260" T="0" Pressure="0"/>
        <Point X="314" Y="257" T="0" Pressure="0"/>
        <Point X="314" Y="253" T="0" Pressure="0"/>
        <Point X="315" Y="250" T="0" Pressure="0"/>
        <Point X="316" Y="245" T="0" Pressure="0"/>
        <Point X="317" Y="240" T="0" Pressure="0"/>
        <Point X="318" Y="234" T="0" Pressure="0"/>
        <Point X="320" Y="229" T="0" Pressure="0"/>
        <Point X="321" Y="224" T="0" Pressure="0"/>
        <Point X="322" Y="218" T="0" Pressure="0"/>
        <Point X="325" Y="211" T="0" Pressure="0"/>
        <Point X="327" Y="205" T="0" Pressure="0"/>
        <Point X="329" Y="197" T="0" Pressure="0"/>
        <Point X="336" Y="176" T="0" Pressure="0"/>
        <Point X="339" Y="169" T="0" Pressure="0"/>
        <Point X="341" Y="161" T="0" Pressure="0"/>
        <Point X="344" Y="153" T="0" Pressure="0"/>
        <Point X="347" Y="147" T="0" Pressure="0"/>
        <Point X="349" Y="141" T="0" Pressure="0"/>
        <Point X="352" Y="134" T="0" Pressure="0"/>
        <Point X="355" Y="128" T="0" Pressure="0"/>
        <Point X="358" Y="122" T="0" Pressure="0"/>
        <Point X="360" Y="116" T="0" Pressure="0"/>
        <Point X="363" Y="111" T="0" Pressure="0"/>
        <Point X="366" Y="106" T="0" Pressure="0"/>
        <Point X="368" Y="102" T="0" Pressure="0"/>
        <Point X="371" Y="97" T="0" Pressure="0"/>
        <Point X="374" Y="93" T="0" Pressure="0"/>
        <Point X="376" Y="89" T="0" Pressure="0"/>
        <Point X="378" Y="86" T="0" Pressure="0"/>
        <Point X="381" Y="84" T="0" Pressure="0"/>
        <Point X="383" Y="80" T="0" Pressure="0"/>
        <Point X="385" Y="78" T="0" Pressure="0"/>
        <Point X="388" Y="77" T="0" Pressure="0"/>
        <Point X="390" Y="75" T="0" Pressure="0"/>
        <Point X="392" Y="74" T="0" Pressure="0"/>
        <Point X="393" Y="72" T="0" Pressure="0"/>
        <Point X="396" Y="72" T="0" Pressure="0"/>
        <Point X="397" Y="72" T="0" Pressure="0"/>
        <Point X="399" Y="72" T="0" Pressure="0"/>
        <Point X="400" Y="72" T="0" Pressure="0"/>
        <Point X="401" Y="72" T="0" Pressure="0"/>
        <Point X="403" Y="73" T="0" Pressure="0"/>
        <Point X="404" Y="75" T="0" Pressure="0"/>
        <Point X="405" Y="77" T="0" Pressure="0"/>
        <Point X="407" Y="79" T="0" Pressure="0"/>
        <Point X="408" Y="83" T="0" Pressure="0"/>
        <Point X="409" Y="86" T="0" Pressure="0"/>
        <Point X="410" Y="91" T="0" Pressure="0"/>
        <Point X="411" Y="96" T="0" Pressure="0"/>
        <Point X="411" Y="101" T="0" Pressure="0"/>
        <Point X="412" Y="106" T="0" Pressure="0"/>
        <Point X="413" Y="112" T="0" Pressure="0"/>
        <Point X="414" Y="119" T="0" Pressure="0"/>
        <Point X="415" Y="125" T="0" Pressure="0"/>
        <Point X="415" Y="131" T="0" Pressure="0"/>
        <Point X="416" Y="139" T="0" Pressure="0"/>
        <Point X="416" Y="146" T="0" Pressure="0"/>
        <Point X="418" Y="155" T="0" Pressure="0"/>
        <Point X="418" Y="162" T="0" Pressure="0"/>
        <Point X="419" Y="170" T="0" Pressure="0"/>
        <Point X="419" Y="177" T="0" Pressure="0"/>
        <Point X="420" Y="185" T="0" Pressure="0"/>
        <Point X="421" Y="193" T="0" Pressure="0"/>
        <Point X="422" Y="201" T="0" Pressure="0"/>
        <Point X="423" Y="207" T="0" Pressure="0"/>
        <Point X="424" Y="214" T="0" Pressure="0"/>
        <Point X="424" Y="221" T="0" Pressure="0"/>
        <Point X="426" Y="227" T="0" Pressure="0"/>
        <Point X="426" Y="232" T="0" Pressure="0"/>
        <Point X="427" Y="239" T="0" Pressure="0"/>
        <Point X="429" Y="244" T="0" Pressure="0"/>
        <Point X="430" Y="249" T="0" Pressure="0"/>
        <Point X="430" Y="254" T="0" Pressure="0"/>
        <Point X="431" Y="259" T="0" Pressure="0"/>
        <Point X="432" Y="263" T="0" Pressure="0"/>
        <Point X="433" Y="267" T="0" Pressure="0"/>
        <Point X="434" Y="271" T="0" Pressure="0"/>
        <Point X="434" Y="274" T="0" Pressure="0"/>
        <Point X="434" Y="277" T="0" Pressure="0"/>
        <Point X="435" Y="279" T="0" Pressure="0"/>
        <Point X="435" Y="281" T="0" Pressure="0"/>
        <Point X="435" Y="284" T="0" Pressure="0"/>
        <Point X="435" Y="285" T="0" Pressure="0"/>
        <Point X="435" Y="287" T="0" Pressure="0"/>
        <Point X="434" Y="288" T="0" Pressure="0"/>
        <Point X="434" Y="290" T="0" Pressure="0"/>
        <Point X="433" Y="290" T="0" Pressure="0"/>
        <Point X="431" Y="292" T="0" Pressure="0"/>
        <Point X="430" Y="292" T="0" Pressure="0"/>
        <Point X="428" Y="294" T="0" Pressure="0"/>
        <Point X="426" Y="295" T="0" Pressure="0"/>
        <Point X="423" Y="295" T="0" Pressure="0"/>
        <Point X="420" Y="296" T="0" Pressure="0"/>
        <Point X="418" Y="296" T="0" Pressure="0"/>
        <Point X="414" Y="296" T="0" Pressure="0"/>
        <Point X="411" Y="296" T="0" Pressure="0"/>
        <Point X="407" Y="296" T="0" Pressure="0"/>
        <Point X="404" Y="296" T="0" Pressure="0"/>
        <Point X="400" Y="295" T="0" Pressure="0"/>
        <Point X="395" Y="294" T="0" Pressure="0"/>
        <Point X="390" Y="294" T="0" Pressure="0"/>
        <Point X="386" Y="292" T="0" Pressure="0"/>
        <Point X="381" Y="291" T="0" Pressure="0"/>
        <Point X="377" Y="290" T="0" Pressure="0"/>
        <Point X="372" Y="289" T="0" Pressure="0"/>
        <Point X="366" Y="287" T="0" Pressure="0"/>
        <Point X="362" Y="286" T="0" Pressure="0"/>
        <Point X="358" Y="285" T="0" Pressure="0"/>
        <Point X="354" Y="284" T="0" Pressure="0"/>
        <Point X="350" Y="283" T="0" Pressure="0"/>
        <Point X="345" Y="282" T="0" Pressure="0"/>
        <Point X="340" Y="281" T="0" Pressure="0"/>
        <Point X="336" Y="280" T="0" Pressure="0"/>
        <Point X="333" Y="280" T="0" Pressure="0"/>
        <Point X="329" Y="279" T="0" Pressure="0"/>
        <Point X="325" Y="279" T="0" Pressure="0"/>
        <Point X="322" Y="279" T="0" Pressure="0"/>
        <Point X="318" Y="278" T="0" Pressure="0"/>
        <Point X="316" Y="278" T="0" Pressure="0"/>
        <Point X="314" Y="278" T="0" Pressure="0"/>
        <Point X="309" Y="278" T="0" Pressure="0"/>
        <Point X="307" Y="278" T="0" Pressure="0"/>
        <Point X="305" Y="278" T="0" Pressure="0"/>
        <Point X="303" Y="278" T="0" Pressure="0"/>
        <Point X="302" Y="279" T="0" Pressure="0"/>
        <Point X="301" Y="279" T="0" Pressure="0"/>
    </Stroke>
    <Stroke index="2">
        <Point X="293" Y="170" T="0" Pressure="0"/>
        <Point X="292" Y="167" T="0" Pressure="0"/>
        <Point X="291" Y="166" T="0" Pressure="0"/>
        <Point X="291" Y="165" T="0" Pressure="0"/>
        <Point X="291" Y="166" T="0" Pressure="0"/>
        <Point X="292" Y="167" T="0" Pressure="0"/>
        <Point X="293" Y="169" T="0" Pressure="0"/>
        <Point X="294" Y="170" T="0" Pressure="0"/>
        <Point X="295" Y="172" T="0" Pressure="0"/>
        <Point X="296" Y="175" T="0" Pressure="0"/>
        <Point X="298" Y="177" T="0" Pressure="0"/>
        <Point X="299" Y="180" T="0" Pressure="0"/>
        <Point X="302" Y="184" T="0" Pressure="0"/>
        <Point X="303" Y="188" T="0" Pressure="0"/>
        <Point X="306" Y="192" T="0" Pressure="0"/>
        <Point X="308" Y="198" T="0" Pressure="0"/>
        <Point X="310" Y="204" T="0" Pressure="0"/>
        <Point X="314" Y="211" T="0" Pressure="0"/>
        <Point X="317" Y="219" T="0" Pressure="0"/>
        <Point X="319" Y="225" T="0" Pressure="0"/>
        <Point X="321" Y="231" T="0" Pressure="0"/>
        <Point X="324" Y="238" T="0" Pressure="0"/>
        <Point X="326" Y="246" T="0" Pressure="0"/>
        <Point X="329" Y="252" T="0" Pressure="0"/>
        <Point X="332" Y="260" T="0" Pressure="0"/>
        <Point X="334" Y="267" T="0" Pressure="0"/>
        <Point X="336" Y="274" T="0" Pressure="0"/>
        <Point X="339" Y="281" T="0" Pressure="0"/>
        <Point X="341" Y="288" T="0" Pressure="0"/>
        <Point X="344" Y="295" T="0" Pressure="0"/>
        <Point X="346" Y="302" T="0" Pressure="0"/>
        <Point X="348" Y="308" T="0" Pressure="0"/>
        <Point X="350" Y="314" T="0" Pressure="0"/>
        <Point X="352" Y="320" T="0" Pressure="0"/>
        <Point X="354" Y="326" T="0" Pressure="0"/>
        <Point X="355" Y="331" T="0" Pressure="0"/>
        <Point X="357" Y="336" T="0" Pressure="0"/>
        <Point X="359" Y="340" T="0" Pressure="0"/>
        <Point X="360" Y="345" T="0" Pressure="0"/>
        <Point X="362" Y="349" T="0" Pressure="0"/>
        <Point X="362" Y="352" T="0" Pressure="0"/>
        <Point X="364" Y="354" T="0" Pressure="0"/>
        <Point X="366" Y="357" T="0" Pressure="0"/>
        <Point X="366" Y="359" T="0" Pressure="0"/>
        <Point X="368" Y="360" T="0" Pressure="0"/>
        <Point X="369" Y="361" T="0" Pressure="0"/>
        <Point X="370" Y="361" T="0" Pressure="0"/>
        <Point X="371" Y="361" T="0" Pressure="0"/>
        <Point X="373" Y="361" T="0" Pressure="0"/>
        <Point X="374" Y="361" T="0" Pressure="0"/>
        <Point X="376" Y="360" T="0" Pressure="0"/>
        <Point X="378" Y="359" T="0" Pressure="0"/>
        <Point X="380" Y="356" T="0" Pressure="0"/>
        <Point X="381" Y="354" T="0" Pressure="0"/>
        <Point X="384" Y="351" T="0" Pressure="0"/>
        <Point X="386" Y="347" T="0" Pressure="0"/>
        <Point X="388" Y="343" T="0" Pressure="0"/>
        <Point X="393" Y="332" T="0" Pressure="0"/>
        <Point X="396" Y="327" T="0" Pressure="0"/>
        <Point X="398" Y="321" T="0" Pressure="0"/>
        <Point X="400" Y="315" T="0" Pressure="0"/>
        <Point X="403" Y="310" T="0" Pressure="0"/>
        <Point X="405" Y="304" T="0" Pressure="0"/>
        <Point X="408" Y="299" T="0" Pressure="0"/>
        <Point X="410" Y="293" T="0" Pressure="0"/>
        <Point X="412" Y="287" T="0" Pressure="0"/>
        <Point X="415" Y="282" T="0" Pressure="0"/>
        <Point X="416" Y="277" T="0" Pressure="0"/>
        <Point X="419" Y="272" T="0" Pressure="0"/>
        <Point X="421" Y="266" T="0" Pressure="0"/>
        <Point X="423" Y="261" T="0" Pressure="0"/>
        <Point X="426" Y="255" T="0" Pressure="0"/>
        <Point X="430" Y="246" T="0" Pressure="0"/>
        <Point X="432" Y="241" T="0" Pressure="0"/>
        <Point X="434" Y="236" T="0" Pressure="0"/>
        <Point X="437" Y="231" T="0" Pressure="0"/>
        <Point X="439" Y="227" T="0" Pressure="0"/>
        <Point X="441" Y="222" T="0" Pressure="0"/>
        <Point X="442" Y="219" T="0" Pressure="0"/>
        <Point X="445" Y="215" T="0" Pressure="0"/>
        <Point X="446" Y="211" T="0" Pressure="0"/>
        <Point X="448" Y="207" T="0" Pressure="0"/>
        <Point X="449" Y="204" T="0" Pressure="0"/>
        <Point X="450" Y="201" T="0" Pressure="0"/>
        <Point X="450" Y="199" T="0" Pressure="0"/>
        <Point X="451" Y="197" T="0" Pressure="0"/>
        <Point X="452" Y="195" T="0" Pressure="0"/>
        <Point X="452" Y="192" T="0" Pressure="0"/>
        <Point X="452" Y="191" T="0" Pressure="0"/>
        <Point X="452" Y="190" T="0" Pressure="0"/>
        <Point X="452" Y="189" T="0" Pressure="0"/>
        <Point X="452" Y="187" T="0" Pressure="0"/>
        <Point X="452" Y="186" T="0" Pressure="0"/>
        <Point X="450" Y="185" T="0" Pressure="0"/>
        <Point X="449" Y="184" T="0" Pressure="0"/>
        <Point X="449" Y="183" T="0" Pressure="0"/>
        <Point X="447" Y="182" T="0" Pressure="0"/>
        <Point X="445" Y="181" T="0" Pressure="0"/>
        <Point X="443" Y="180" T="0" Pressure="0"/>
        <Point X="441" Y="180" T="0" Pressure="0"/>
        <Point X="438" Y="179" T="0" Pressure="0"/>
        <Point X="435" Y="178" T="0" Pressure="0"/>
        <Point X="431" Y="178" T="0" Pressure="0"/>
        <Point X="428" Y="177" T="0" Pressure="0"/>
        <Point X="423" Y="177" T="0" Pressure="0"/>
        <Point X="419" Y="177" T="0" Pressure="0"/>
        <Point X="414" Y="176" T="0" Pressure="0"/>
        <Point X="409" Y="176" T="0" Pressure="0"/>
        <Point X="404" Y="176" T="0" Pressure="0"/>
        <Point X="398" Y="175" T="0" Pressure="0"/>
        <Point X="392" Y="175" T="0" Pressure="0"/>
        <Point X="386" Y="175" T="0" Pressure="0"/>
        <Point X="381" Y="174" T="0" Pressure="0"/>
        <Point X="374" Y="174" T="0" Pressure="0"/>
        <Point X="369" Y="173" T="0" Pressure="0"/>
        <Point X="363" Y="172" T="0" Pressure="0"/>
        <Point X="358" Y="172" T="0" Pressure="0"/>
        <Point X="352" Y="171" T="0" Pressure="0"/>
        <Point X="347" Y="171" T="0" Pressure="0"/>
        <Point X="341" Y="170" T="0" Pressure="0"/>
        <Point X="336" Y="170" T="0" Pressure="0"/>
        <Point X="331" Y="169" T="0" Pressure="0"/>
        <Point X="326" Y="168" T="0" Pressure="0"/>
        <Point X="321" Y="167" T="0" Pressure="0"/>
        <Point X="317" Y="166" T="0" Pressure="0"/>
        <Point X="312" Y="166" T="0" Pressure="0"/>
        <Point X="309" Y="166" T="0" Pressure="0"/>
        <Point X="306" Y="165" T="0" Pressure="0"/>
        <Point X="302" Y="165" T="0" Pressure="0"/>
        <Point X="300" Y="165" T="0" Pressure="0"/>
        <Point X="298" Y="165" T="0" Pressure="0"/>
        <Point X="295" Y="165" T="0" Pressure="0"/>
        <Point X="294" Y="165" T="0" Pressure="0"/>
        <Point X="292" Y="166" T="0" Pressure="0"/>
        <Point X="291" Y="167" T="0" Pressure="0"/>
    </Stroke>
</Gesture>
