<?xml version="1.0" ?>
<Gesture Name="T~05" Subject="6" Number="5" NumPts="84" InputType="stylus" Speed="MEDIUM">
    <Stroke index="1">
        <Point X="310" Y="231" T="0" Pressure="0"/>
        <Point X="314" Y="231" T="0" Pressure="0"/>
        <Point X="315" Y="230" T="0" Pressure="0"/>
        <Point X="318" Y="229" T="0" Pressure="0"/>
        <Point X="321" Y="228" T="0" Pressure="0"/>
        <Point X="324" Y="227" T="0" Pressure="0"/>
        <Point X="327" Y="227" T="0" Pressure="0"/>
        <Point X="331" Y="227" T="0" Pressure="0"/>
        <Point X="334" Y="226" T="0" Pressure="0"/>
        <Point X="339" Y="226" T="0" Pressure="0"/>
        <Point X="343" Y="225" T="0" Pressure="0"/>
        <Point X="347" Y="225" T="0" Pressure="0"/>
        <Point X="351" Y="224" T="0" Pressure="0"/>
        <Point X="357" Y="224" T="0" Pressure="0"/>
        <Point X="362" Y="223" T="0" Pressure="0"/>
        <Point X="368" Y="222" T="0" Pressure="0"/>
        <Point X="374" Y="222" T="0" Pressure="0"/>
        <Point X="379" Y="221" T="0" Pressure="0"/>
        <Point X="385" Y="221" T="0" Pressure="0"/>
        <Point X="390" Y="220" T="0" Pressure="0"/>
        <Point X="396" Y="219" T="0" Pressure="0"/>
        <Point X="408" Y="218" T="0" Pressure="0"/>
        <Point X="412" Y="217" T="0" Pressure="0"/>
        <Point X="418" Y="217" T="0" Pressure="0"/>
        <Point X="427" Y="216" T="0" Pressure="0"/>
        <Point X="432" Y="216" T="0" Pressure="0"/>
        <Point X="436" Y="215" T="0" Pressure="0"/>
        <Point X="440" Y="215" T="0" Pressure="0"/>
        <Point X="445" Y="215" T="0" Pressure="0"/>
        <Point X="449" Y="214" T="0" Pressure="0"/>
        <Point X="452" Y="214" T="0" Pressure="0"/>
        <Point X="456" Y="214" T="0" Pressure="0"/>
        <Point X="460" Y="214" T="0" Pressure="0"/>
        <Point X="463" Y="213" T="0" Pressure="0"/>
        <Point X="465" Y="213" T="0" Pressure="0"/>
        <Point X="468" Y="213" T="0" Pressure="0"/>
        <Point X="472" Y="213" T="0" Pressure="0"/>
        <Point X="474" Y="213" T="0" Pressure="0"/>
        <Point X="476" Y="213" T="0" Pressure="0"/>
        <Point X="478" Y="213" T="0" Pressure="0"/>
        <Point X="481" Y="213" T="0" Pressure="0"/>
    </Stroke>
    <Stroke index="2">
        <Point X="393" Y="224" T="0" Pressure="0"/>
        <Point X="392" Y="225" T="0" Pressure="0"/>
        <Point X="391" Y="225" T="0" Pressure="0"/>
        <Point X="391" Y="226" T="0" Pressure="0"/>
        <Point X="391" Y="227" T="0" Pressure="0"/>
        <Point X="390" Y="229" T="0" Pressure="0"/>
        <Point X="390" Y="232" T="0" Pressure="0"/>
        <Point X="390" Y="236" T="0" Pressure="0"/>
        <Point X="390" Y="241" T="0" Pressure="0"/>
        <Point X="389" Y="246" T="0" Pressure="0"/>
        <Point X="389" Y="251" T="0" Pressure="0"/>
        <Point X="389" Y="256" T="0" Pressure="0"/>
        <Point X="388" Y="262" T="0" Pressure="0"/>
        <Point X="387" Y="269" T="0" Pressure="0"/>
        <Point X="386" Y="274" T="0" Pressure="0"/>
        <Point X="386" Y="278" T="0" Pressure="0"/>
        <Point X="385" Y="289" T="0" Pressure="0"/>
        <Point X="385" Y="293" T="0" Pressure="0"/>
        <Point X="384" Y="299" T="0" Pressure="0"/>
        <Point X="384" Y="302" T="0" Pressure="0"/>
        <Point X="383" Y="306" T="0" Pressure="0"/>
        <Point X="382" Y="310" T="0" Pressure="0"/>
        <Point X="381" Y="319" T="0" Pressure="0"/>
        <Point X="381" Y="323" T="0" Pressure="0"/>
        <Point X="381" Y="326" T="0" Pressure="0"/>
        <Point X="380" Y="330" T="0" Pressure="0"/>
        <Point X="380" Y="334" T="0" Pressure="0"/>
        <Point X="379" Y="338" T="0" Pressure="0"/>
        <Point X="378" Y="341" T="0" Pressure="0"/>
        <Point X="378" Y="345" T="0" Pressure="0"/>
        <Point X="377" Y="350" T="0" Pressure="0"/>
        <Point X="377" Y="352" T="0" Pressure="0"/>
        <Point X="377" Y="354" T="0" Pressure="0"/>
        <Point X="375" Y="359" T="0" Pressure="0"/>
        <Point X="375" Y="360" T="0" Pressure="0"/>
        <Point X="375" Y="364" T="0" Pressure="0"/>
        <Point X="375" Y="365" T="0" Pressure="0"/>
        <Point X="375" Y="366" T="0" Pressure="0"/>
        <Point X="375" Y="367" T="0" Pressure="0"/>
        <Point X="375" Y="369" T="0" Pressure="0"/>
        <Point X="375" Y="370" T="0" Pressure="0"/>
        <Point X="375" Y="371" T="0" Pressure="0"/>
        <Point X="375" Y="373" T="0" Pressure="0"/>
    </Stroke>
</Gesture>
