<?xml version="1.0" ?>
<Gesture Name="X~10" Subject="6" Number="10" NumPts="72" InputType="stylus" Speed="MEDIUM">
    <Stroke index="1">
        <Point X="294" Y="228" T="0" Pressure="0"/>
        <Point X="295" Y="227" T="0" Pressure="0"/>
        <Point X="296" Y="227" T="0" Pressure="0"/>
        <Point X="298" Y="227" T="0" Pressure="0"/>
        <Point X="309" Y="234" T="0" Pressure="0"/>
        <Point X="312" Y="236" T="0" Pressure="0"/>
        <Point X="316" Y="240" T="0" Pressure="0"/>
        <Point X="321" Y="244" T="0" Pressure="0"/>
        <Point X="325" Y="247" T="0" Pressure="0"/>
        <Point X="329" Y="252" T="0" Pressure="0"/>
        <Point X="333" Y="255" T="0" Pressure="0"/>
        <Point X="338" Y="259" T="0" Pressure="0"/>
        <Point X="347" Y="268" T="0" Pressure="0"/>
        <Point X="351" Y="272" T="0" Pressure="0"/>
        <Point X="355" Y="276" T="0" Pressure="0"/>
        <Point X="359" Y="279" T="0" Pressure="0"/>
        <Point X="369" Y="287" T="0" Pressure="0"/>
        <Point X="374" Y="291" T="0" Pressure="0"/>
        <Point X="378" Y="295" T="0" Pressure="0"/>
        <Point X="382" Y="298" T="0" Pressure="0"/>
        <Point X="386" Y="301" T="0" Pressure="0"/>
        <Point X="391" Y="304" T="0" Pressure="0"/>
        <Point X="395" Y="308" T="0" Pressure="0"/>
        <Point X="400" Y="311" T="0" Pressure="0"/>
        <Point X="404" Y="315" T="0" Pressure="0"/>
        <Point X="407" Y="318" T="0" Pressure="0"/>
        <Point X="411" Y="321" T="0" Pressure="0"/>
        <Point X="415" Y="325" T="0" Pressure="0"/>
        <Point X="418" Y="327" T="0" Pressure="0"/>
        <Point X="422" Y="331" T="0" Pressure="0"/>
        <Point X="424" Y="334" T="0" Pressure="0"/>
        <Point X="427" Y="336" T="0" Pressure="0"/>
        <Point X="432" Y="341" T="0" Pressure="0"/>
        <Point X="434" Y="344" T="0" Pressure="0"/>
        <Point X="437" Y="346" T="0" Pressure="0"/>
    </Stroke>
    <Stroke index="2">
        <Point X="400" Y="217" T="0" Pressure="0"/>
        <Point X="400" Y="220" T="0" Pressure="0"/>
        <Point X="398" Y="221" T="0" Pressure="0"/>
        <Point X="397" Y="223" T="0" Pressure="0"/>
        <Point X="396" Y="225" T="0" Pressure="0"/>
        <Point X="395" Y="228" T="0" Pressure="0"/>
        <Point X="393" Y="231" T="0" Pressure="0"/>
        <Point X="392" Y="235" T="0" Pressure="0"/>
        <Point X="390" Y="239" T="0" Pressure="0"/>
        <Point X="388" Y="244" T="0" Pressure="0"/>
        <Point X="386" Y="248" T="0" Pressure="0"/>
        <Point X="384" Y="253" T="0" Pressure="0"/>
        <Point X="382" Y="258" T="0" Pressure="0"/>
        <Point X="380" Y="263" T="0" Pressure="0"/>
        <Point X="378" Y="268" T="0" Pressure="0"/>
        <Point X="375" Y="273" T="0" Pressure="0"/>
        <Point X="374" Y="278" T="0" Pressure="0"/>
        <Point X="371" Y="284" T="0" Pressure="0"/>
        <Point X="369" Y="289" T="0" Pressure="0"/>
        <Point X="367" Y="294" T="0" Pressure="0"/>
        <Point X="365" Y="299" T="0" Pressure="0"/>
        <Point X="362" Y="304" T="0" Pressure="0"/>
        <Point X="360" Y="309" T="0" Pressure="0"/>
        <Point X="355" Y="318" T="0" Pressure="0"/>
        <Point X="354" Y="323" T="0" Pressure="0"/>
        <Point X="349" Y="331" T="0" Pressure="0"/>
        <Point X="347" Y="335" T="0" Pressure="0"/>
        <Point X="344" Y="340" T="0" Pressure="0"/>
        <Point X="343" Y="343" T="0" Pressure="0"/>
        <Point X="340" Y="346" T="0" Pressure="0"/>
        <Point X="339" Y="350" T="0" Pressure="0"/>
        <Point X="337" Y="353" T="0" Pressure="0"/>
        <Point X="336" Y="356" T="0" Pressure="0"/>
        <Point X="334" Y="359" T="0" Pressure="0"/>
        <Point X="333" Y="362" T="0" Pressure="0"/>
        <Point X="332" Y="365" T="0" Pressure="0"/>
        <Point X="331" Y="366" T="0" Pressure="0"/>
    </Stroke>
</Gesture>
