<?xml version="1.0" ?>
<Gesture Name="half_note~06" Subject="6" Number="6" NumPts="117" InputType="stylus" Speed="MEDIUM">
    <Stroke index="1">
        <Point X="435" Y="119" T="0" Pressure="0"/>
        <Point X="434" Y="117" T="0" Pressure="0"/>
        <Point X="434" Y="116" T="0" Pressure="0"/>
        <Point X="434" Y="117" T="0" Pressure="0"/>
        <Point X="434" Y="119" T="0" Pressure="0"/>
        <Point X="434" Y="120" T="0" Pressure="0"/>
        <Point X="433" Y="124" T="0" Pressure="0"/>
        <Point X="433" Y="127" T="0" Pressure="0"/>
        <Point X="433" Y="129" T="0" Pressure="0"/>
        <Point X="433" Y="135" T="0" Pressure="0"/>
        <Point X="433" Y="139" T="0" Pressure="0"/>
        <Point X="433" Y="144" T="0" Pressure="0"/>
        <Point X="433" Y="149" T="0" Pressure="0"/>
        <Point X="433" Y="153" T="0" Pressure="0"/>
        <Point X="433" Y="159" T="0" Pressure="0"/>
        <Point X="433" Y="165" T="0" Pressure="0"/>
        <Point X="433" Y="171" T="0" Pressure="0"/>
        <Point X="433" Y="177" T="0" Pressure="0"/>
        <Point X="433" Y="184" T="0" Pressure="0"/>
        <Point X="433" Y="190" T="0" Pressure="0"/>
        <Point X="433" Y="197" T="0" Pressure="0"/>
        <Point X="433" Y="204" T="0" Pressure="0"/>
        <Point X="433" Y="211" T="0" Pressure="0"/>
        <Point X="433" Y="219" T="0" Pressure="0"/>
        <Point X="432" Y="225" T="0" Pressure="0"/>
        <Point X="431" Y="231" T="0" Pressure="0"/>
        <Point X="431" Y="238" T="0" Pressure="0"/>
        <Point X="430" Y="245" T="0" Pressure="0"/>
        <Point X="430" Y="251" T="0" Pressure="0"/>
        <Point X="430" Y="257" T="0" Pressure="0"/>
        <Point X="430" Y="262" T="0" Pressure="0"/>
        <Point X="430" Y="266" T="0" Pressure="0"/>
        <Point X="430" Y="275" T="0" Pressure="0"/>
        <Point X="430" Y="278" T="0" Pressure="0"/>
        <Point X="430" Y="281" T="0" Pressure="0"/>
        <Point X="430" Y="284" T="0" Pressure="0"/>
        <Point X="430" Y="286" T="0" Pressure="0"/>
        <Point X="430" Y="289" T="0" Pressure="0"/>
        <Point X="430" Y="290" T="0" Pressure="0"/>
        <Point X="430" Y="292" T="0" Pressure="0"/>
    </Stroke>
    <Stroke index="2">
        <Point X="423" Y="291" T="0" Pressure="0"/>
        <Point X="423" Y="290" T="0" Pressure="0"/>
        <Point X="420" Y="285" T="0" Pressure="0"/>
        <Point X="419" Y="284" T="0" Pressure="0"/>
        <Point X="419" Y="283" T="0" Pressure="0"/>
        <Point X="419" Y="282" T="0" Pressure="0"/>
        <Point X="418" Y="281" T="0" Pressure="0"/>
        <Point X="418" Y="279" T="0" Pressure="0"/>
        <Point X="417" Y="278" T="0" Pressure="0"/>
        <Point X="416" Y="277" T="0" Pressure="0"/>
        <Point X="415" Y="276" T="0" Pressure="0"/>
        <Point X="415" Y="275" T="0" Pressure="0"/>
        <Point X="414" Y="273" T="0" Pressure="0"/>
        <Point X="413" Y="271" T="0" Pressure="0"/>
        <Point X="411" Y="267" T="0" Pressure="0"/>
        <Point X="411" Y="266" T="0" Pressure="0"/>
        <Point X="409" Y="264" T="0" Pressure="0"/>
        <Point X="408" Y="261" T="0" Pressure="0"/>
        <Point X="406" Y="259" T="0" Pressure="0"/>
        <Point X="404" Y="257" T="0" Pressure="0"/>
        <Point X="403" Y="255" T="0" Pressure="0"/>
        <Point X="399" Y="252" T="0" Pressure="0"/>
        <Point X="397" Y="250" T="0" Pressure="0"/>
        <Point X="395" Y="247" T="0" Pressure="0"/>
        <Point X="393" Y="246" T="0" Pressure="0"/>
        <Point X="390" Y="245" T="0" Pressure="0"/>
        <Point X="388" Y="244" T="0" Pressure="0"/>
        <Point X="385" Y="242" T="0" Pressure="0"/>
        <Point X="382" Y="242" T="0" Pressure="0"/>
        <Point X="380" Y="241" T="0" Pressure="0"/>
        <Point X="377" Y="241" T="0" Pressure="0"/>
        <Point X="374" Y="241" T="0" Pressure="0"/>
        <Point X="372" Y="241" T="0" Pressure="0"/>
        <Point X="369" Y="241" T="0" Pressure="0"/>
        <Point X="366" Y="241" T="0" Pressure="0"/>
        <Point X="363" Y="242" T="0" Pressure="0"/>
        <Point X="361" Y="244" T="0" Pressure="0"/>
        <Point X="358" Y="246" T="0" Pressure="0"/>
        <Point X="355" Y="247" T="0" Pressure="0"/>
        <Point X="353" Y="249" T="0" Pressure="0"/>
        <Point X="351" Y="252" T="0" Pressure="0"/>
        <Point X="348" Y="254" T="0" Pressure="0"/>
        <Point X="346" Y="257" T="0" Pressure="0"/>
        <Point X="344" Y="259" T="0" Pressure="0"/>
        <Point X="342" Y="263" T="0" Pressure="0"/>
        <Point X="340" Y="267" T="0" Pressure="0"/>
        <Point X="339" Y="271" T="0" Pressure="0"/>
        <Point X="337" Y="276" T="0" Pressure="0"/>
        <Point X="336" Y="285" T="0" Pressure="0"/>
        <Point X="335" Y="290" T="0" Pressure="0"/>
        <Point X="335" Y="295" T="0" Pressure="0"/>
        <Point X="335" Y="299" T="0" Pressure="0"/>
        <Point X="335" Y="304" T="0" Pressure="0"/>
        <Point X="336" Y="307" T="0" Pressure="0"/>
        <Point X="336" Y="311" T="0" Pressure="0"/>
        <Point X="339" Y="318" T="0" Pressure="0"/>
        <Point X="341" Y="321" T="0" Pressure="0"/>
        <Point X="343" Y="324" T="0" Pressure="0"/>
        <Point X="345" Y="326" T="0" Pressure="0"/>
        <Point X="347" Y="328" T="0" Pressure="0"/>
        <Point X="350" Y="329" T="0" Pressure="0"/>
        <Point X="353" Y="331" T="0" Pressure="0"/>
        <Point X="359" Y="333" T="0" Pressure="0"/>
        <Point X="362" Y="334" T="0" Pressure="0"/>
        <Point X="365" Y="334" T="0" Pressure="0"/>
        <Point X="373" Y="333" T="0" Pressure="0"/>
        <Point X="377" Y="332" T="0" Pressure="0"/>
        <Point X="381" Y="330" T="0" Pressure="0"/>
        <Point X="385" Y="328" T="0" Pressure="0"/>
        <Point X="389" Y="326" T="0" Pressure="0"/>
        <Point X="394" Y="324" T="0" Pressure="0"/>
        <Point X="398" Y="321" T="0" Pressure="0"/>
        <Point X="403" Y="319" T="0" Pressure="0"/>
        <Point X="415" Y="311" T="0" Pressure="0"/>
        <Point X="421" Y="306" T="0" Pressure="0"/>
        <Point X="424" Y="305" T="0" Pressure="0"/>
        <Point X="427" Y="303" T="0" Pressure="0"/>
    </Stroke>
</Gesture>
