<?xml version="1.0" ?>
<Gesture Name="P~04" Subject="6" Number="4" NumPts="109" InputType="stylus" Speed="MEDIUM">
    <Stroke index="1">
        <Point X="327" Y="136" T="0" Pressure="0"/>
        <Point X="326" Y="137" T="0" Pressure="0"/>
        <Point X="326" Y="138" T="0" Pressure="0"/>
        <Point X="326" Y="139" T="0" Pressure="0"/>
        <Point X="326" Y="141" T="0" Pressure="0"/>
        <Point X="326" Y="143" T="0" Pressure="0"/>
        <Point X="325" Y="149" T="0" Pressure="0"/>
        <Point X="325" Y="152" T="0" Pressure="0"/>
        <Point X="325" Y="156" T="0" Pressure="0"/>
        <Point X="325" Y="160" T="0" Pressure="0"/>
        <Point X="325" Y="166" T="0" Pressure="0"/>
        <Point X="324" Y="171" T="0" Pressure="0"/>
        <Point X="324" Y="176" T="0" Pressure="0"/>
        <Point X="324" Y="181" T="0" Pressure="0"/>
        <Point X="323" Y="187" T="0" Pressure="0"/>
        <Point X="322" Y="194" T="0" Pressure="0"/>
        <Point X="322" Y="200" T="0" Pressure="0"/>
        <Point X="321" Y="207" T="0" Pressure="0"/>
        <Point X="321" Y="215" T="0" Pressure="0"/>
        <Point X="321" Y="222" T="0" Pressure="0"/>
        <Point X="321" Y="229" T="0" Pressure="0"/>
        <Point X="320" Y="236" T="0" Pressure="0"/>
        <Point X="320" Y="252" T="0" Pressure="0"/>
        <Point X="320" Y="260" T="0" Pressure="0"/>
        <Point X="320" Y="266" T="0" Pressure="0"/>
        <Point X="320" Y="273" T="0" Pressure="0"/>
        <Point X="320" Y="279" T="0" Pressure="0"/>
        <Point X="320" Y="285" T="0" Pressure="0"/>
        <Point X="320" Y="296" T="0" Pressure="0"/>
        <Point X="320" Y="299" T="0" Pressure="0"/>
        <Point X="320" Y="303" T="0" Pressure="0"/>
        <Point X="319" Y="306" T="0" Pressure="0"/>
        <Point X="318" Y="312" T="0" Pressure="0"/>
        <Point X="317" Y="316" T="0" Pressure="0"/>
        <Point X="317" Y="319" T="0" Pressure="0"/>
        <Point X="317" Y="321" T="0" Pressure="0"/>
        <Point X="316" Y="323" T="0" Pressure="0"/>
        <Point X="315" Y="326" T="0" Pressure="0"/>
        <Point X="314" Y="329" T="0" Pressure="0"/>
        <Point X="314" Y="330" T="0" Pressure="0"/>
        <Point X="314" Y="331" T="0" Pressure="0"/>
        <Point X="314" Y="332" T="0" Pressure="0"/>
        <Point X="314" Y="333" T="0" Pressure="0"/>
    </Stroke>
    <Stroke index="2">
        <Point X="316" Y="137" T="0" Pressure="0"/>
        <Point X="316" Y="135" T="0" Pressure="0"/>
        <Point X="316" Y="134" T="0" Pressure="0"/>
        <Point X="316" Y="132" T="0" Pressure="0"/>
        <Point X="316" Y="131" T="0" Pressure="0"/>
        <Point X="317" Y="129" T="0" Pressure="0"/>
        <Point X="317" Y="128" T="0" Pressure="0"/>
        <Point X="318" Y="127" T="0" Pressure="0"/>
        <Point X="319" Y="125" T="0" Pressure="0"/>
        <Point X="320" Y="124" T="0" Pressure="0"/>
        <Point X="321" Y="123" T="0" Pressure="0"/>
        <Point X="323" Y="122" T="0" Pressure="0"/>
        <Point X="325" Y="122" T="0" Pressure="0"/>
        <Point X="327" Y="122" T="0" Pressure="0"/>
        <Point X="329" Y="122" T="0" Pressure="0"/>
        <Point X="332" Y="121" T="0" Pressure="0"/>
        <Point X="335" Y="121" T="0" Pressure="0"/>
        <Point X="337" Y="121" T="0" Pressure="0"/>
        <Point X="344" Y="121" T="0" Pressure="0"/>
        <Point X="347" Y="121" T="0" Pressure="0"/>
        <Point X="350" Y="121" T="0" Pressure="0"/>
        <Point X="354" Y="122" T="0" Pressure="0"/>
        <Point X="361" Y="124" T="0" Pressure="0"/>
        <Point X="365" Y="125" T="0" Pressure="0"/>
        <Point X="369" Y="127" T="0" Pressure="0"/>
        <Point X="377" Y="131" T="0" Pressure="0"/>
        <Point X="380" Y="134" T="0" Pressure="0"/>
        <Point X="384" Y="137" T="0" Pressure="0"/>
        <Point X="388" Y="141" T="0" Pressure="0"/>
        <Point X="392" Y="144" T="0" Pressure="0"/>
        <Point X="396" Y="147" T="0" Pressure="0"/>
        <Point X="399" Y="150" T="0" Pressure="0"/>
        <Point X="405" Y="157" T="0" Pressure="0"/>
        <Point X="408" Y="161" T="0" Pressure="0"/>
        <Point X="411" Y="165" T="0" Pressure="0"/>
        <Point X="413" Y="168" T="0" Pressure="0"/>
        <Point X="415" Y="171" T="0" Pressure="0"/>
        <Point X="416" Y="174" T="0" Pressure="0"/>
        <Point X="419" Y="180" T="0" Pressure="0"/>
        <Point X="419" Y="183" T="0" Pressure="0"/>
        <Point X="419" Y="185" T="0" Pressure="0"/>
        <Point X="419" Y="187" T="0" Pressure="0"/>
        <Point X="418" Y="190" T="0" Pressure="0"/>
        <Point X="417" Y="192" T="0" Pressure="0"/>
        <Point X="415" Y="195" T="0" Pressure="0"/>
        <Point X="407" Y="202" T="0" Pressure="0"/>
        <Point X="404" Y="205" T="0" Pressure="0"/>
        <Point X="400" Y="207" T="0" Pressure="0"/>
        <Point X="392" Y="212" T="0" Pressure="0"/>
        <Point X="387" Y="215" T="0" Pressure="0"/>
        <Point X="378" Y="219" T="0" Pressure="0"/>
        <Point X="373" Y="221" T="0" Pressure="0"/>
        <Point X="367" Y="222" T="0" Pressure="0"/>
        <Point X="363" Y="224" T="0" Pressure="0"/>
        <Point X="359" Y="224" T="0" Pressure="0"/>
        <Point X="355" Y="225" T="0" Pressure="0"/>
        <Point X="350" Y="225" T="0" Pressure="0"/>
        <Point X="346" Y="226" T="0" Pressure="0"/>
        <Point X="341" Y="226" T="0" Pressure="0"/>
        <Point X="338" Y="227" T="0" Pressure="0"/>
        <Point X="334" Y="227" T="0" Pressure="0"/>
        <Point X="331" Y="227" T="0" Pressure="0"/>
        <Point X="324" Y="229" T="0" Pressure="0"/>
        <Point X="321" Y="230" T="0" Pressure="0"/>
        <Point X="318" Y="230" T="0" Pressure="0"/>
        <Point X="317" Y="231" T="0" Pressure="0"/>
    </Stroke>
</Gesture>
