<?xml version="1.0" ?>
<Gesture Name="asterisk~03" Subject="6" Number="3" NumPts="144" InputType="stylus" Speed="MEDIUM">
    <Stroke index="1">
        <Point X="354" Y="77" T="0" Pressure="0"/>
        <Point X="353" Y="72" T="0" Pressure="0"/>
        <Point X="353" Y="71" T="0" Pressure="0"/>
        <Point X="353" Y="70" T="0" Pressure="0"/>
        <Point X="354" Y="71" T="0" Pressure="0"/>
        <Point X="354" Y="72" T="0" Pressure="0"/>
        <Point X="355" Y="75" T="0" Pressure="0"/>
        <Point X="355" Y="78" T="0" Pressure="0"/>
        <Point X="355" Y="82" T="0" Pressure="0"/>
        <Point X="355" Y="87" T="0" Pressure="0"/>
        <Point X="355" Y="91" T="0" Pressure="0"/>
        <Point X="355" Y="97" T="0" Pressure="0"/>
        <Point X="355" Y="103" T="0" Pressure="0"/>
        <Point X="355" Y="111" T="0" Pressure="0"/>
        <Point X="354" Y="121" T="0" Pressure="0"/>
        <Point X="354" Y="129" T="0" Pressure="0"/>
        <Point X="354" Y="139" T="0" Pressure="0"/>
        <Point X="354" Y="149" T="0" Pressure="0"/>
        <Point X="353" Y="159" T="0" Pressure="0"/>
        <Point X="352" Y="169" T="0" Pressure="0"/>
        <Point X="352" Y="180" T="0" Pressure="0"/>
        <Point X="351" Y="191" T="0" Pressure="0"/>
        <Point X="351" Y="201" T="0" Pressure="0"/>
        <Point X="351" Y="212" T="0" Pressure="0"/>
        <Point X="350" Y="224" T="0" Pressure="0"/>
        <Point X="350" Y="235" T="0" Pressure="0"/>
        <Point X="349" Y="247" T="0" Pressure="0"/>
        <Point X="348" Y="257" T="0" Pressure="0"/>
        <Point X="348" Y="267" T="0" Pressure="0"/>
        <Point X="347" Y="277" T="0" Pressure="0"/>
        <Point X="347" Y="286" T="0" Pressure="0"/>
        <Point X="347" Y="294" T="0" Pressure="0"/>
        <Point X="346" Y="302" T="0" Pressure="0"/>
        <Point X="345" Y="308" T="0" Pressure="0"/>
        <Point X="345" Y="314" T="0" Pressure="0"/>
        <Point X="345" Y="319" T="0" Pressure="0"/>
        <Point X="344" Y="324" T="0" Pressure="0"/>
        <Point X="344" Y="328" T="0" Pressure="0"/>
        <Point X="344" Y="332" T="0" Pressure="0"/>
        <Point X="344" Y="334" T="0" Pressure="0"/>
        <Point X="344" Y="337" T="0" Pressure="0"/>
        <Point X="343" Y="340" T="0" Pressure="0"/>
        <Point X="343" Y="344" T="0" Pressure="0"/>
        <Point X="342" Y="344" T="0" Pressure="0"/>
        <Point X="341" Y="344" T="0" Pressure="0"/>
    </Stroke>
    <Stroke index="2">
        <Point X="238" Y="152" T="0" Pressure="0"/>
        <Point X="237" Y="150" T="0" Pressure="0"/>
        <Point X="236" Y="149" T="0" Pressure="0"/>
        <Point X="236" Y="147" T="0" Pressure="0"/>
        <Point X="237" Y="146" T="0" Pressure="0"/>
        <Point X="238" Y="146" T="0" Pressure="0"/>
        <Point X="239" Y="146" T="0" Pressure="0"/>
        <Point X="240" Y="146" T="0" Pressure="0"/>
        <Point X="242" Y="147" T="0" Pressure="0"/>
        <Point X="244" Y="148" T="0" Pressure="0"/>
        <Point X="246" Y="149" T="0" Pressure="0"/>
        <Point X="249" Y="150" T="0" Pressure="0"/>
        <Point X="252" Y="152" T="0" Pressure="0"/>
        <Point X="256" Y="153" T="0" Pressure="0"/>
        <Point X="260" Y="155" T="0" Pressure="0"/>
        <Point X="265" Y="157" T="0" Pressure="0"/>
        <Point X="269" Y="160" T="0" Pressure="0"/>
        <Point X="275" Y="162" T="0" Pressure="0"/>
        <Point X="280" Y="165" T="0" Pressure="0"/>
        <Point X="287" Y="167" T="0" Pressure="0"/>
        <Point X="292" Y="171" T="0" Pressure="0"/>
        <Point X="299" Y="174" T="0" Pressure="0"/>
        <Point X="307" Y="177" T="0" Pressure="0"/>
        <Point X="315" Y="180" T="0" Pressure="0"/>
        <Point X="322" Y="184" T="0" Pressure="0"/>
        <Point X="329" Y="187" T="0" Pressure="0"/>
        <Point X="337" Y="191" T="0" Pressure="0"/>
        <Point X="345" Y="195" T="0" Pressure="0"/>
        <Point X="353" Y="199" T="0" Pressure="0"/>
        <Point X="361" Y="204" T="0" Pressure="0"/>
        <Point X="368" Y="207" T="0" Pressure="0"/>
        <Point X="375" Y="212" T="0" Pressure="0"/>
        <Point X="382" Y="216" T="0" Pressure="0"/>
        <Point X="389" Y="220" T="0" Pressure="0"/>
        <Point X="396" Y="225" T="0" Pressure="0"/>
        <Point X="403" Y="229" T="0" Pressure="0"/>
        <Point X="408" Y="233" T="0" Pressure="0"/>
        <Point X="414" Y="236" T="0" Pressure="0"/>
        <Point X="419" Y="241" T="0" Pressure="0"/>
        <Point X="423" Y="245" T="0" Pressure="0"/>
        <Point X="429" Y="248" T="0" Pressure="0"/>
        <Point X="433" Y="252" T="0" Pressure="0"/>
        <Point X="437" Y="254" T="0" Pressure="0"/>
        <Point X="441" Y="257" T="0" Pressure="0"/>
        <Point X="445" Y="260" T="0" Pressure="0"/>
        <Point X="449" Y="262" T="0" Pressure="0"/>
        <Point X="452" Y="265" T="0" Pressure="0"/>
        <Point X="455" Y="267" T="0" Pressure="0"/>
        <Point X="458" Y="269" T="0" Pressure="0"/>
        <Point X="463" Y="272" T="0" Pressure="0"/>
        <Point X="464" Y="273" T="0" Pressure="0"/>
        <Point X="466" Y="273" T="0" Pressure="0"/>
        <Point X="468" Y="274" T="0" Pressure="0"/>
    </Stroke>
    <Stroke index="3">
        <Point X="427" Y="125" T="0" Pressure="0"/>
        <Point X="423" Y="120" T="0" Pressure="0"/>
        <Point X="422" Y="118" T="0" Pressure="0"/>
        <Point X="420" Y="116" T="0" Pressure="0"/>
        <Point X="418" Y="115" T="0" Pressure="0"/>
        <Point X="416" Y="115" T="0" Pressure="0"/>
        <Point X="415" Y="115" T="0" Pressure="0"/>
        <Point X="410" Y="117" T="0" Pressure="0"/>
        <Point X="407" Y="119" T="0" Pressure="0"/>
        <Point X="404" Y="121" T="0" Pressure="0"/>
        <Point X="397" Y="125" T="0" Pressure="0"/>
        <Point X="395" Y="128" T="0" Pressure="0"/>
        <Point X="391" Y="131" T="0" Pressure="0"/>
        <Point X="383" Y="141" T="0" Pressure="0"/>
        <Point X="380" Y="146" T="0" Pressure="0"/>
        <Point X="375" Y="152" T="0" Pressure="0"/>
        <Point X="366" Y="167" T="0" Pressure="0"/>
        <Point X="361" Y="175" T="0" Pressure="0"/>
        <Point X="355" Y="184" T="0" Pressure="0"/>
        <Point X="345" Y="200" T="0" Pressure="0"/>
        <Point X="340" Y="209" T="0" Pressure="0"/>
        <Point X="335" Y="217" T="0" Pressure="0"/>
        <Point X="324" Y="234" T="0" Pressure="0"/>
        <Point X="320" Y="240" T="0" Pressure="0"/>
        <Point X="315" Y="247" T="0" Pressure="0"/>
        <Point X="307" Y="258" T="0" Pressure="0"/>
        <Point X="303" Y="263" T="0" Pressure="0"/>
        <Point X="299" Y="267" T="0" Pressure="0"/>
        <Point X="295" Y="272" T="0" Pressure="0"/>
        <Point X="292" Y="275" T="0" Pressure="0"/>
        <Point X="290" Y="278" T="0" Pressure="0"/>
        <Point X="286" Y="282" T="0" Pressure="0"/>
        <Point X="283" Y="285" T="0" Pressure="0"/>
        <Point X="280" Y="289" T="0" Pressure="0"/>
        <Point X="278" Y="291" T="0" Pressure="0"/>
        <Point X="276" Y="293" T="0" Pressure="0"/>
        <Point X="273" Y="295" T="0" Pressure="0"/>
        <Point X="272" Y="297" T="0" Pressure="0"/>
        <Point X="270" Y="299" T="0" Pressure="0"/>
        <Point X="268" Y="300" T="0" Pressure="0"/>
        <Point X="268" Y="301" T="0" Pressure="0"/>
        <Point X="266" Y="302" T="0" Pressure="0"/>
        <Point X="265" Y="303" T="0" Pressure="0"/>
        <Point X="265" Y="304" T="0" Pressure="0"/>
        <Point X="264" Y="305" T="0" Pressure="0"/>
        <Point X="264" Y="306" T="0" Pressure="0"/>
    </Stroke>
</Gesture>
