<?xml version="1.0" ?>
<Gesture Name="P~10" Subject="6" Number="10" NumPts="100" InputType="stylus" Speed="MEDIUM">
    <Stroke index="1">
        <Point X="316" Y="107" T="0" Pressure="0"/>
        <Point X="315" Y="106" T="0" Pressure="0"/>
        <Point X="315" Y="105" T="0" Pressure="0"/>
        <Point X="314" Y="105" T="0" Pressure="0"/>
        <Point X="314" Y="107" T="0" Pressure="0"/>
        <Point X="315" Y="109" T="0" Pressure="0"/>
        <Point X="315" Y="111" T="0" Pressure="0"/>
        <Point X="316" Y="119" T="0" Pressure="0"/>
        <Point X="316" Y="123" T="0" Pressure="0"/>
        <Point X="316" Y="129" T="0" Pressure="0"/>
        <Point X="316" Y="136" T="0" Pressure="0"/>
        <Point X="316" Y="150" T="0" Pressure="0"/>
        <Point X="316" Y="157" T="0" Pressure="0"/>
        <Point X="316" Y="172" T="0" Pressure="0"/>
        <Point X="315" Y="181" T="0" Pressure="0"/>
        <Point X="315" Y="189" T="0" Pressure="0"/>
        <Point X="314" Y="197" T="0" Pressure="0"/>
        <Point X="314" Y="213" T="0" Pressure="0"/>
        <Point X="314" Y="222" T="0" Pressure="0"/>
        <Point X="314" Y="237" T="0" Pressure="0"/>
        <Point X="313" Y="245" T="0" Pressure="0"/>
        <Point X="313" Y="252" T="0" Pressure="0"/>
        <Point X="313" Y="259" T="0" Pressure="0"/>
        <Point X="312" Y="266" T="0" Pressure="0"/>
        <Point X="311" Y="273" T="0" Pressure="0"/>
        <Point X="311" Y="278" T="0" Pressure="0"/>
        <Point X="310" Y="284" T="0" Pressure="0"/>
        <Point X="310" Y="289" T="0" Pressure="0"/>
        <Point X="310" Y="293" T="0" Pressure="0"/>
        <Point X="309" Y="297" T="0" Pressure="0"/>
        <Point X="308" Y="301" T="0" Pressure="0"/>
        <Point X="307" Y="304" T="0" Pressure="0"/>
        <Point X="307" Y="307" T="0" Pressure="0"/>
        <Point X="306" Y="309" T="0" Pressure="0"/>
        <Point X="306" Y="314" T="0" Pressure="0"/>
        <Point X="306" Y="316" T="0" Pressure="0"/>
        <Point X="305" Y="317" T="0" Pressure="0"/>
        <Point X="305" Y="318" T="0" Pressure="0"/>
        <Point X="305" Y="319" T="0" Pressure="0"/>
    </Stroke>
    <Stroke index="2">
        <Point X="302" Y="115" T="0" Pressure="0"/>
        <Point X="302" Y="110" T="0" Pressure="0"/>
        <Point X="303" Y="108" T="0" Pressure="0"/>
        <Point X="305" Y="103" T="0" Pressure="0"/>
        <Point X="306" Y="102" T="0" Pressure="0"/>
        <Point X="309" Y="100" T="0" Pressure="0"/>
        <Point X="310" Y="99" T="0" Pressure="0"/>
        <Point X="313" Y="98" T="0" Pressure="0"/>
        <Point X="316" Y="97" T="0" Pressure="0"/>
        <Point X="318" Y="97" T="0" Pressure="0"/>
        <Point X="325" Y="97" T="0" Pressure="0"/>
        <Point X="329" Y="97" T="0" Pressure="0"/>
        <Point X="333" Y="97" T="0" Pressure="0"/>
        <Point X="337" Y="97" T="0" Pressure="0"/>
        <Point X="341" Y="97" T="0" Pressure="0"/>
        <Point X="346" Y="97" T="0" Pressure="0"/>
        <Point X="351" Y="97" T="0" Pressure="0"/>
        <Point X="355" Y="98" T="0" Pressure="0"/>
        <Point X="360" Y="99" T="0" Pressure="0"/>
        <Point X="366" Y="100" T="0" Pressure="0"/>
        <Point X="370" Y="102" T="0" Pressure="0"/>
        <Point X="374" Y="102" T="0" Pressure="0"/>
        <Point X="379" Y="104" T="0" Pressure="0"/>
        <Point X="383" Y="106" T="0" Pressure="0"/>
        <Point X="387" Y="109" T="0" Pressure="0"/>
        <Point X="391" Y="112" T="0" Pressure="0"/>
        <Point X="395" Y="115" T="0" Pressure="0"/>
        <Point X="397" Y="118" T="0" Pressure="0"/>
        <Point X="400" Y="122" T="0" Pressure="0"/>
        <Point X="404" Y="129" T="0" Pressure="0"/>
        <Point X="405" Y="134" T="0" Pressure="0"/>
        <Point X="407" Y="138" T="0" Pressure="0"/>
        <Point X="407" Y="142" T="0" Pressure="0"/>
        <Point X="408" Y="147" T="0" Pressure="0"/>
        <Point X="408" Y="152" T="0" Pressure="0"/>
        <Point X="407" Y="161" T="0" Pressure="0"/>
        <Point X="406" Y="166" T="0" Pressure="0"/>
        <Point X="404" Y="170" T="0" Pressure="0"/>
        <Point X="403" Y="174" T="0" Pressure="0"/>
        <Point X="400" Y="177" T="0" Pressure="0"/>
        <Point X="397" Y="181" T="0" Pressure="0"/>
        <Point X="394" Y="185" T="0" Pressure="0"/>
        <Point X="390" Y="188" T="0" Pressure="0"/>
        <Point X="387" Y="191" T="0" Pressure="0"/>
        <Point X="383" Y="194" T="0" Pressure="0"/>
        <Point X="378" Y="196" T="0" Pressure="0"/>
        <Point X="374" Y="199" T="0" Pressure="0"/>
        <Point X="364" Y="202" T="0" Pressure="0"/>
        <Point X="359" Y="204" T="0" Pressure="0"/>
        <Point X="355" Y="205" T="0" Pressure="0"/>
        <Point X="350" Y="206" T="0" Pressure="0"/>
        <Point X="345" Y="206" T="0" Pressure="0"/>
        <Point X="340" Y="207" T="0" Pressure="0"/>
        <Point X="337" Y="207" T="0" Pressure="0"/>
        <Point X="333" Y="207" T="0" Pressure="0"/>
        <Point X="329" Y="207" T="0" Pressure="0"/>
        <Point X="326" Y="207" T="0" Pressure="0"/>
        <Point X="323" Y="207" T="0" Pressure="0"/>
        <Point X="317" Y="206" T="0" Pressure="0"/>
        <Point X="315" Y="205" T="0" Pressure="0"/>
        <Point X="313" Y="205" T="0" Pressure="0"/>
    </Stroke>
</Gesture>
