<?xml version="1.0" ?>
<Gesture Name="H~10" Subject="6" Number="10" NumPts="144" InputType="stylus" Speed="MEDIUM">
    <Stroke index="1">
        <Point X="276" Y="78" T="0" Pressure="0"/>
        <Point X="275" Y="79" T="0" Pressure="0"/>
        <Point X="274" Y="80" T="0" Pressure="0"/>
        <Point X="274" Y="81" T="0" Pressure="0"/>
        <Point X="274" Y="83" T="0" Pressure="0"/>
        <Point X="274" Y="85" T="0" Pressure="0"/>
        <Point X="275" Y="89" T="0" Pressure="0"/>
        <Point X="275" Y="92" T="0" Pressure="0"/>
        <Point X="275" Y="97" T="0" Pressure="0"/>
        <Point X="275" Y="102" T="0" Pressure="0"/>
        <Point X="275" Y="106" T="0" Pressure="0"/>
        <Point X="275" Y="112" T="0" Pressure="0"/>
        <Point X="275" Y="119" T="0" Pressure="0"/>
        <Point X="276" Y="124" T="0" Pressure="0"/>
        <Point X="276" Y="129" T="0" Pressure="0"/>
        <Point X="276" Y="136" T="0" Pressure="0"/>
        <Point X="276" Y="142" T="0" Pressure="0"/>
        <Point X="276" Y="149" T="0" Pressure="0"/>
        <Point X="276" Y="156" T="0" Pressure="0"/>
        <Point X="276" Y="163" T="0" Pressure="0"/>
        <Point X="276" Y="171" T="0" Pressure="0"/>
        <Point X="277" Y="178" T="0" Pressure="0"/>
        <Point X="277" Y="194" T="0" Pressure="0"/>
        <Point X="277" Y="202" T="0" Pressure="0"/>
        <Point X="277" Y="209" T="0" Pressure="0"/>
        <Point X="277" Y="216" T="0" Pressure="0"/>
        <Point X="277" Y="223" T="0" Pressure="0"/>
        <Point X="278" Y="230" T="0" Pressure="0"/>
        <Point X="278" Y="236" T="0" Pressure="0"/>
        <Point X="279" Y="244" T="0" Pressure="0"/>
        <Point X="279" Y="249" T="0" Pressure="0"/>
        <Point X="279" Y="254" T="0" Pressure="0"/>
        <Point X="279" Y="259" T="0" Pressure="0"/>
        <Point X="279" Y="264" T="0" Pressure="0"/>
        <Point X="279" Y="269" T="0" Pressure="0"/>
        <Point X="279" Y="273" T="0" Pressure="0"/>
        <Point X="279" Y="276" T="0" Pressure="0"/>
        <Point X="279" Y="279" T="0" Pressure="0"/>
        <Point X="279" Y="282" T="0" Pressure="0"/>
        <Point X="279" Y="285" T="0" Pressure="0"/>
        <Point X="279" Y="287" T="0" Pressure="0"/>
        <Point X="279" Y="290" T="0" Pressure="0"/>
        <Point X="279" Y="291" T="0" Pressure="0"/>
        <Point X="279" Y="292" T="0" Pressure="0"/>
        <Point X="279" Y="293" T="0" Pressure="0"/>
        <Point X="280" Y="293" T="0" Pressure="0"/>
        <Point X="281" Y="292" T="0" Pressure="0"/>
        <Point X="281" Y="291" T="0" Pressure="0"/>
        <Point X="282" Y="290" T="0" Pressure="0"/>
        <Point X="283" Y="289" T="0" Pressure="0"/>
        <Point X="283" Y="287" T="0" Pressure="0"/>
    </Stroke>
    <Stroke index="2">
        <Point X="280" Y="206" T="0" Pressure="0"/>
        <Point X="280" Y="205" T="0" Pressure="0"/>
        <Point X="280" Y="204" T="0" Pressure="0"/>
        <Point X="279" Y="203" T="0" Pressure="0"/>
        <Point X="280" Y="202" T="0" Pressure="0"/>
        <Point X="281" Y="202" T="0" Pressure="0"/>
        <Point X="282" Y="201" T="0" Pressure="0"/>
        <Point X="283" Y="201" T="0" Pressure="0"/>
        <Point X="287" Y="200" T="0" Pressure="0"/>
        <Point X="290" Y="200" T="0" Pressure="0"/>
        <Point X="292" Y="200" T="0" Pressure="0"/>
        <Point X="295" Y="200" T="0" Pressure="0"/>
        <Point X="299" Y="199" T="0" Pressure="0"/>
        <Point X="302" Y="199" T="0" Pressure="0"/>
        <Point X="306" Y="198" T="0" Pressure="0"/>
        <Point X="310" Y="197" T="0" Pressure="0"/>
        <Point X="314" Y="197" T="0" Pressure="0"/>
        <Point X="320" Y="196" T="0" Pressure="0"/>
        <Point X="324" Y="195" T="0" Pressure="0"/>
        <Point X="329" Y="194" T="0" Pressure="0"/>
        <Point X="333" Y="194" T="0" Pressure="0"/>
        <Point X="337" Y="192" T="0" Pressure="0"/>
        <Point X="342" Y="191" T="0" Pressure="0"/>
        <Point X="347" Y="191" T="0" Pressure="0"/>
        <Point X="351" Y="190" T="0" Pressure="0"/>
        <Point X="355" Y="189" T="0" Pressure="0"/>
        <Point X="359" Y="188" T="0" Pressure="0"/>
        <Point X="363" Y="187" T="0" Pressure="0"/>
        <Point X="366" Y="186" T="0" Pressure="0"/>
        <Point X="370" Y="186" T="0" Pressure="0"/>
        <Point X="374" Y="185" T="0" Pressure="0"/>
        <Point X="377" Y="185" T="0" Pressure="0"/>
        <Point X="380" Y="185" T="0" Pressure="0"/>
        <Point X="382" Y="185" T="0" Pressure="0"/>
        <Point X="385" Y="184" T="0" Pressure="0"/>
        <Point X="388" Y="184" T="0" Pressure="0"/>
        <Point X="390" Y="184" T="0" Pressure="0"/>
        <Point X="392" Y="184" T="0" Pressure="0"/>
        <Point X="394" Y="183" T="0" Pressure="0"/>
        <Point X="396" Y="182" T="0" Pressure="0"/>
    </Stroke>
    <Stroke index="3">
        <Point X="399" Y="93" T="0" Pressure="0"/>
        <Point X="399" Y="91" T="0" Pressure="0"/>
        <Point X="398" Y="90" T="0" Pressure="0"/>
        <Point X="397" Y="89" T="0" Pressure="0"/>
        <Point X="397" Y="87" T="0" Pressure="0"/>
        <Point X="397" Y="86" T="0" Pressure="0"/>
        <Point X="397" Y="85" T="0" Pressure="0"/>
        <Point X="397" Y="89" T="0" Pressure="0"/>
        <Point X="397" Y="91" T="0" Pressure="0"/>
        <Point X="397" Y="94" T="0" Pressure="0"/>
        <Point X="397" Y="96" T="0" Pressure="0"/>
        <Point X="397" Y="100" T="0" Pressure="0"/>
        <Point X="397" Y="103" T="0" Pressure="0"/>
        <Point X="396" Y="107" T="0" Pressure="0"/>
        <Point X="396" Y="112" T="0" Pressure="0"/>
        <Point X="396" Y="117" T="0" Pressure="0"/>
        <Point X="395" Y="123" T="0" Pressure="0"/>
        <Point X="395" Y="130" T="0" Pressure="0"/>
        <Point X="393" Y="138" T="0" Pressure="0"/>
        <Point X="393" Y="146" T="0" Pressure="0"/>
        <Point X="393" Y="153" T="0" Pressure="0"/>
        <Point X="393" Y="161" T="0" Pressure="0"/>
        <Point X="393" Y="169" T="0" Pressure="0"/>
        <Point X="392" Y="177" T="0" Pressure="0"/>
        <Point X="392" Y="186" T="0" Pressure="0"/>
        <Point X="392" Y="194" T="0" Pressure="0"/>
        <Point X="392" Y="202" T="0" Pressure="0"/>
        <Point X="392" Y="219" T="0" Pressure="0"/>
        <Point X="392" Y="227" T="0" Pressure="0"/>
        <Point X="392" Y="234" T="0" Pressure="0"/>
        <Point X="393" Y="241" T="0" Pressure="0"/>
        <Point X="393" Y="248" T="0" Pressure="0"/>
        <Point X="393" Y="254" T="0" Pressure="0"/>
        <Point X="393" Y="260" T="0" Pressure="0"/>
        <Point X="393" Y="266" T="0" Pressure="0"/>
        <Point X="394" Y="272" T="0" Pressure="0"/>
        <Point X="395" Y="276" T="0" Pressure="0"/>
        <Point X="395" Y="280" T="0" Pressure="0"/>
        <Point X="396" Y="284" T="0" Pressure="0"/>
        <Point X="396" Y="289" T="0" Pressure="0"/>
        <Point X="396" Y="293" T="0" Pressure="0"/>
        <Point X="396" Y="297" T="0" Pressure="0"/>
        <Point X="396" Y="300" T="0" Pressure="0"/>
        <Point X="396" Y="302" T="0" Pressure="0"/>
        <Point X="396" Y="304" T="0" Pressure="0"/>
        <Point X="396" Y="306" T="0" Pressure="0"/>
        <Point X="396" Y="307" T="0" Pressure="0"/>
        <Point X="396" Y="309" T="0" Pressure="0"/>
        <Point X="397" Y="309" T="0" Pressure="0"/>
        <Point X="398" Y="309" T="0" Pressure="0"/>
        <Point X="400" Y="309" T="0" Pressure="0"/>
        <Point X="401" Y="309" T="0" Pressure="0"/>
        <Point X="402" Y="309" T="0" Pressure="0"/>
    </Stroke>
</Gesture>
