<?xml version="1.0" ?>
<Gesture Name="D~06" Subject="6" Number="6" NumPts="115" InputType="stylus" Speed="MEDIUM">
    <Stroke index="1">
        <Point X="347" Y="162" T="0" Pressure="0"/>
        <Point X="345" Y="164" T="0" Pressure="0"/>
        <Point X="345" Y="165" T="0" Pressure="0"/>
        <Point X="345" Y="166" T="0" Pressure="0"/>
        <Point X="345" Y="168" T="0" Pressure="0"/>
        <Point X="346" Y="170" T="0" Pressure="0"/>
        <Point X="347" Y="172" T="0" Pressure="0"/>
        <Point X="347" Y="176" T="0" Pressure="0"/>
        <Point X="347" Y="179" T="0" Pressure="0"/>
        <Point X="347" Y="183" T="0" Pressure="0"/>
        <Point X="347" Y="187" T="0" Pressure="0"/>
        <Point X="348" Y="191" T="0" Pressure="0"/>
        <Point X="348" Y="196" T="0" Pressure="0"/>
        <Point X="348" Y="201" T="0" Pressure="0"/>
        <Point X="348" Y="205" T="0" Pressure="0"/>
        <Point X="348" Y="209" T="0" Pressure="0"/>
        <Point X="348" Y="215" T="0" Pressure="0"/>
        <Point X="348" Y="220" T="0" Pressure="0"/>
        <Point X="348" Y="224" T="0" Pressure="0"/>
        <Point X="348" Y="228" T="0" Pressure="0"/>
        <Point X="348" Y="233" T="0" Pressure="0"/>
        <Point X="348" Y="237" T="0" Pressure="0"/>
        <Point X="347" Y="242" T="0" Pressure="0"/>
        <Point X="347" Y="247" T="0" Pressure="0"/>
        <Point X="347" Y="252" T="0" Pressure="0"/>
        <Point X="347" Y="255" T="0" Pressure="0"/>
        <Point X="347" Y="260" T="0" Pressure="0"/>
        <Point X="347" Y="264" T="0" Pressure="0"/>
        <Point X="347" Y="268" T="0" Pressure="0"/>
        <Point X="347" Y="273" T="0" Pressure="0"/>
        <Point X="347" Y="275" T="0" Pressure="0"/>
        <Point X="347" Y="278" T="0" Pressure="0"/>
        <Point X="347" Y="280" T="0" Pressure="0"/>
        <Point X="347" Y="282" T="0" Pressure="0"/>
        <Point X="347" Y="283" T="0" Pressure="0"/>
        <Point X="347" Y="284" T="0" Pressure="0"/>
        <Point X="348" Y="285" T="0" Pressure="0"/>
    </Stroke>
    <Stroke index="2">
        <Point X="310" Y="152" T="0" Pressure="0"/>
        <Point X="311" Y="151" T="0" Pressure="0"/>
        <Point X="313" Y="149" T="0" Pressure="0"/>
        <Point X="314" Y="148" T="0" Pressure="0"/>
        <Point X="316" Y="147" T="0" Pressure="0"/>
        <Point X="318" Y="146" T="0" Pressure="0"/>
        <Point X="321" Y="146" T="0" Pressure="0"/>
        <Point X="325" Y="145" T="0" Pressure="0"/>
        <Point X="328" Y="145" T="0" Pressure="0"/>
        <Point X="332" Y="145" T="0" Pressure="0"/>
        <Point X="336" Y="145" T="0" Pressure="0"/>
        <Point X="340" Y="145" T="0" Pressure="0"/>
        <Point X="345" Y="145" T="0" Pressure="0"/>
        <Point X="350" Y="145" T="0" Pressure="0"/>
        <Point X="355" Y="145" T="0" Pressure="0"/>
        <Point X="360" Y="146" T="0" Pressure="0"/>
        <Point X="366" Y="147" T="0" Pressure="0"/>
        <Point X="371" Y="148" T="0" Pressure="0"/>
        <Point X="377" Y="149" T="0" Pressure="0"/>
        <Point X="382" Y="151" T="0" Pressure="0"/>
        <Point X="387" Y="152" T="0" Pressure="0"/>
        <Point X="392" Y="154" T="0" Pressure="0"/>
        <Point X="397" Y="156" T="0" Pressure="0"/>
        <Point X="403" Y="159" T="0" Pressure="0"/>
        <Point X="407" Y="161" T="0" Pressure="0"/>
        <Point X="411" Y="165" T="0" Pressure="0"/>
        <Point X="416" Y="168" T="0" Pressure="0"/>
        <Point X="420" Y="172" T="0" Pressure="0"/>
        <Point X="424" Y="176" T="0" Pressure="0"/>
        <Point X="429" Y="179" T="0" Pressure="0"/>
        <Point X="431" Y="184" T="0" Pressure="0"/>
        <Point X="435" Y="187" T="0" Pressure="0"/>
        <Point X="438" Y="191" T="0" Pressure="0"/>
        <Point X="441" Y="196" T="0" Pressure="0"/>
        <Point X="444" Y="200" T="0" Pressure="0"/>
        <Point X="446" Y="204" T="0" Pressure="0"/>
        <Point X="449" Y="208" T="0" Pressure="0"/>
        <Point X="450" Y="211" T="0" Pressure="0"/>
        <Point X="451" Y="215" T="0" Pressure="0"/>
        <Point X="452" Y="219" T="0" Pressure="0"/>
        <Point X="453" Y="222" T="0" Pressure="0"/>
        <Point X="453" Y="226" T="0" Pressure="0"/>
        <Point X="453" Y="229" T="0" Pressure="0"/>
        <Point X="453" Y="232" T="0" Pressure="0"/>
        <Point X="452" Y="236" T="0" Pressure="0"/>
        <Point X="450" Y="240" T="0" Pressure="0"/>
        <Point X="448" Y="243" T="0" Pressure="0"/>
        <Point X="445" Y="247" T="0" Pressure="0"/>
        <Point X="443" Y="250" T="0" Pressure="0"/>
        <Point X="440" Y="253" T="0" Pressure="0"/>
        <Point X="437" Y="256" T="0" Pressure="0"/>
        <Point X="433" Y="259" T="0" Pressure="0"/>
        <Point X="429" Y="262" T="0" Pressure="0"/>
        <Point X="423" Y="266" T="0" Pressure="0"/>
        <Point X="419" Y="268" T="0" Pressure="0"/>
        <Point X="414" Y="270" T="0" Pressure="0"/>
        <Point X="408" Y="273" T="0" Pressure="0"/>
        <Point X="404" Y="275" T="0" Pressure="0"/>
        <Point X="397" Y="276" T="0" Pressure="0"/>
        <Point X="392" Y="278" T="0" Pressure="0"/>
        <Point X="386" Y="279" T="0" Pressure="0"/>
        <Point X="381" Y="281" T="0" Pressure="0"/>
        <Point X="375" Y="282" T="0" Pressure="0"/>
        <Point X="370" Y="284" T="0" Pressure="0"/>
        <Point X="365" Y="284" T="0" Pressure="0"/>
        <Point X="359" Y="286" T="0" Pressure="0"/>
        <Point X="355" Y="286" T="0" Pressure="0"/>
        <Point X="350" Y="287" T="0" Pressure="0"/>
        <Point X="346" Y="288" T="0" Pressure="0"/>
        <Point X="342" Y="288" T="0" Pressure="0"/>
        <Point X="338" Y="289" T="0" Pressure="0"/>
        <Point X="335" Y="289" T="0" Pressure="0"/>
        <Point X="332" Y="289" T="0" Pressure="0"/>
        <Point X="329" Y="289" T="0" Pressure="0"/>
        <Point X="326" Y="289" T="0" Pressure="0"/>
        <Point X="325" Y="288" T="0" Pressure="0"/>
        <Point X="322" Y="288" T="0" Pressure="0"/>
        <Point X="320" Y="287" T="0" Pressure="0"/>
    </Stroke>
</Gesture>
