<?xml version="1.0" ?>
<Gesture Name="line~10" Subject="6" Number="10" NumPts="54" InputType="stylus" Speed="MEDIUM">
    <Stroke index="1">
        <Point X="253" Y="277" T="0" Pressure="0"/>
        <Point X="256" Y="276" T="0" Pressure="0"/>
        <Point X="257" Y="276" T="0" Pressure="0"/>
        <Point X="259" Y="275" T="0" Pressure="0"/>
        <Point X="263" Y="274" T="0" Pressure="0"/>
        <Point X="266" Y="273" T="0" Pressure="0"/>
        <Point X="269" Y="273" T="0" Pressure="0"/>
        <Point X="276" Y="273" T="0" Pressure="0"/>
        <Point X="280" Y="272" T="0" Pressure="0"/>
        <Point X="284" Y="272" T="0" Pressure="0"/>
        <Point X="290" Y="272" T="0" Pressure="0"/>
        <Point X="294" Y="271" T="0" Pressure="0"/>
        <Point X="299" Y="271" T="0" Pressure="0"/>
        <Point X="303" Y="271" T="0" Pressure="0"/>
        <Point X="309" Y="270" T="0" Pressure="0"/>
        <Point X="314" Y="270" T="0" Pressure="0"/>
        <Point X="321" Y="269" T="0" Pressure="0"/>
        <Point X="326" Y="269" T="0" Pressure="0"/>
        <Point X="332" Y="268" T="0" Pressure="0"/>
        <Point X="338" Y="267" T="0" Pressure="0"/>
        <Point X="344" Y="267" T="0" Pressure="0"/>
        <Point X="351" Y="266" T="0" Pressure="0"/>
        <Point X="358" Y="266" T="0" Pressure="0"/>
        <Point X="364" Y="266" T="0" Pressure="0"/>
        <Point X="370" Y="266" T="0" Pressure="0"/>
        <Point X="384" Y="265" T="0" Pressure="0"/>
        <Point X="390" Y="265" T="0" Pressure="0"/>
        <Point X="398" Y="264" T="0" Pressure="0"/>
        <Point X="404" Y="264" T="0" Pressure="0"/>
        <Point X="411" Y="264" T="0" Pressure="0"/>
        <Point X="418" Y="263" T="0" Pressure="0"/>
        <Point X="424" Y="262" T="0" Pressure="0"/>
        <Point X="430" Y="262" T="0" Pressure="0"/>
        <Point X="438" Y="262" T="0" Pressure="0"/>
        <Point X="443" Y="261" T="0" Pressure="0"/>
        <Point X="449" Y="261" T="0" Pressure="0"/>
        <Point X="454" Y="261" T="0" Pressure="0"/>
        <Point X="460" Y="260" T="0" Pressure="0"/>
        <Point X="465" Y="260" T="0" Pressure="0"/>
        <Point X="471" Y="259" T="0" Pressure="0"/>
        <Point X="475" Y="259" T="0" Pressure="0"/>
        <Point X="480" Y="259" T="0" Pressure="0"/>
        <Point X="484" Y="259" T="0" Pressure="0"/>
        <Point X="489" Y="259" T="0" Pressure="0"/>
        <Point X="493" Y="258" T="0" Pressure="0"/>
        <Point X="497" Y="258" T="0" Pressure="0"/>
        <Point X="499" Y="258" T="0" Pressure="0"/>
        <Point X="503" Y="258" T="0" Pressure="0"/>
        <Point X="506" Y="258" T="0" Pressure="0"/>
        <Point X="509" Y="258" T="0" Pressure="0"/>
        <Point X="512" Y="258" T="0" Pressure="0"/>
        <Point X="515" Y="259" T="0" Pressure="0"/>
        <Point X="517" Y="259" T="0" Pressure="0"/>
        <Point X="519" Y="259" T="0" Pressure="0"/>
    </Stroke>
</Gesture>
