<?xml version="1.0" ?>
<Gesture Name="T~04" Subject="6" Number="4" NumPts="97" InputType="stylus" Speed="MEDIUM">
    <Stroke index="1">
        <Point X="282" Y="223" T="0" Pressure="0"/>
        <Point X="281" Y="222" T="0" Pressure="0"/>
        <Point X="280" Y="222" T="0" Pressure="0"/>
        <Point X="280" Y="221" T="0" Pressure="0"/>
        <Point X="281" Y="221" T="0" Pressure="0"/>
        <Point X="283" Y="222" T="0" Pressure="0"/>
        <Point X="284" Y="222" T="0" Pressure="0"/>
        <Point X="287" Y="222" T="0" Pressure="0"/>
        <Point X="288" Y="223" T="0" Pressure="0"/>
        <Point X="290" Y="223" T="0" Pressure="0"/>
        <Point X="295" Y="224" T="0" Pressure="0"/>
        <Point X="298" Y="224" T="0" Pressure="0"/>
        <Point X="302" Y="224" T="0" Pressure="0"/>
        <Point X="305" Y="224" T="0" Pressure="0"/>
        <Point X="310" Y="224" T="0" Pressure="0"/>
        <Point X="314" Y="223" T="0" Pressure="0"/>
        <Point X="318" Y="223" T="0" Pressure="0"/>
        <Point X="325" Y="222" T="0" Pressure="0"/>
        <Point X="329" Y="222" T="0" Pressure="0"/>
        <Point X="335" Y="221" T="0" Pressure="0"/>
        <Point X="340" Y="221" T="0" Pressure="0"/>
        <Point X="346" Y="220" T="0" Pressure="0"/>
        <Point X="352" Y="219" T="0" Pressure="0"/>
        <Point X="359" Y="218" T="0" Pressure="0"/>
        <Point X="364" Y="217" T="0" Pressure="0"/>
        <Point X="375" Y="216" T="0" Pressure="0"/>
        <Point X="381" Y="215" T="0" Pressure="0"/>
        <Point X="385" Y="214" T="0" Pressure="0"/>
        <Point X="391" Y="214" T="0" Pressure="0"/>
        <Point X="396" Y="213" T="0" Pressure="0"/>
        <Point X="400" Y="212" T="0" Pressure="0"/>
        <Point X="404" Y="212" T="0" Pressure="0"/>
        <Point X="408" Y="212" T="0" Pressure="0"/>
        <Point X="412" Y="211" T="0" Pressure="0"/>
        <Point X="416" Y="211" T="0" Pressure="0"/>
        <Point X="419" Y="211" T="0" Pressure="0"/>
        <Point X="423" Y="211" T="0" Pressure="0"/>
        <Point X="425" Y="211" T="0" Pressure="0"/>
        <Point X="427" Y="211" T="0" Pressure="0"/>
        <Point X="430" Y="211" T="0" Pressure="0"/>
        <Point X="431" Y="212" T="0" Pressure="0"/>
        <Point X="433" Y="212" T="0" Pressure="0"/>
        <Point X="434" Y="212" T="0" Pressure="0"/>
        <Point X="435" Y="212" T="0" Pressure="0"/>
    </Stroke>
    <Stroke index="2">
        <Point X="368" Y="224" T="0" Pressure="0"/>
        <Point X="368" Y="222" T="0" Pressure="0"/>
        <Point X="368" Y="221" T="0" Pressure="0"/>
        <Point X="369" Y="221" T="0" Pressure="0"/>
        <Point X="370" Y="222" T="0" Pressure="0"/>
        <Point X="370" Y="224" T="0" Pressure="0"/>
        <Point X="371" Y="225" T="0" Pressure="0"/>
        <Point X="373" Y="227" T="0" Pressure="0"/>
        <Point X="373" Y="229" T="0" Pressure="0"/>
        <Point X="374" Y="231" T="0" Pressure="0"/>
        <Point X="374" Y="234" T="0" Pressure="0"/>
        <Point X="375" Y="237" T="0" Pressure="0"/>
        <Point X="375" Y="241" T="0" Pressure="0"/>
        <Point X="376" Y="251" T="0" Pressure="0"/>
        <Point X="376" Y="256" T="0" Pressure="0"/>
        <Point X="376" Y="261" T="0" Pressure="0"/>
        <Point X="376" Y="267" T="0" Pressure="0"/>
        <Point X="376" Y="273" T="0" Pressure="0"/>
        <Point X="375" Y="277" T="0" Pressure="0"/>
        <Point X="375" Y="282" T="0" Pressure="0"/>
        <Point X="374" Y="287" T="0" Pressure="0"/>
        <Point X="374" Y="291" T="0" Pressure="0"/>
        <Point X="374" Y="297" T="0" Pressure="0"/>
        <Point X="373" Y="301" T="0" Pressure="0"/>
        <Point X="373" Y="305" T="0" Pressure="0"/>
        <Point X="372" Y="309" T="0" Pressure="0"/>
        <Point X="371" Y="314" T="0" Pressure="0"/>
        <Point X="371" Y="318" T="0" Pressure="0"/>
        <Point X="370" Y="323" T="0" Pressure="0"/>
        <Point X="370" Y="326" T="0" Pressure="0"/>
        <Point X="370" Y="330" T="0" Pressure="0"/>
        <Point X="370" Y="334" T="0" Pressure="0"/>
        <Point X="369" Y="338" T="0" Pressure="0"/>
        <Point X="369" Y="341" T="0" Pressure="0"/>
        <Point X="369" Y="344" T="0" Pressure="0"/>
        <Point X="369" Y="347" T="0" Pressure="0"/>
        <Point X="369" Y="350" T="0" Pressure="0"/>
        <Point X="369" Y="352" T="0" Pressure="0"/>
        <Point X="369" Y="354" T="0" Pressure="0"/>
        <Point X="369" Y="356" T="0" Pressure="0"/>
        <Point X="369" Y="358" T="0" Pressure="0"/>
        <Point X="369" Y="359" T="0" Pressure="0"/>
        <Point X="369" Y="360" T="0" Pressure="0"/>
        <Point X="369" Y="361" T="0" Pressure="0"/>
        <Point X="369" Y="363" T="0" Pressure="0"/>
        <Point X="369" Y="364" T="0" Pressure="0"/>
        <Point X="370" Y="364" T="0" Pressure="0"/>
        <Point X="370" Y="365" T="0" Pressure="0"/>
        <Point X="370" Y="366" T="0" Pressure="0"/>
        <Point X="371" Y="366" T="0" Pressure="0"/>
        <Point X="372" Y="366" T="0" Pressure="0"/>
        <Point X="373" Y="366" T="0" Pressure="0"/>
        <Point X="374" Y="366" T="0" Pressure="0"/>
    </Stroke>
</Gesture>
