<?xml version="1.0" ?>
<Gesture Name="D~09" Subject="6" Number="9" NumPts="113" InputType="stylus" Speed="MEDIUM">
    <Stroke index="1">
        <Point X="323" Y="189" T="0" Pressure="0"/>
        <Point X="322" Y="187" T="0" Pressure="0"/>
        <Point X="322" Y="185" T="0" Pressure="0"/>
        <Point X="322" Y="183" T="0" Pressure="0"/>
        <Point X="322" Y="181" T="0" Pressure="0"/>
        <Point X="322" Y="180" T="0" Pressure="0"/>
        <Point X="322" Y="179" T="0" Pressure="0"/>
        <Point X="323" Y="179" T="0" Pressure="0"/>
        <Point X="324" Y="179" T="0" Pressure="0"/>
        <Point X="324" Y="180" T="0" Pressure="0"/>
        <Point X="325" Y="181" T="0" Pressure="0"/>
        <Point X="325" Y="183" T="0" Pressure="0"/>
        <Point X="325" Y="185" T="0" Pressure="0"/>
        <Point X="326" Y="188" T="0" Pressure="0"/>
        <Point X="326" Y="191" T="0" Pressure="0"/>
        <Point X="327" Y="198" T="0" Pressure="0"/>
        <Point X="327" Y="202" T="0" Pressure="0"/>
        <Point X="327" Y="206" T="0" Pressure="0"/>
        <Point X="327" Y="210" T="0" Pressure="0"/>
        <Point X="327" Y="216" T="0" Pressure="0"/>
        <Point X="327" Y="222" T="0" Pressure="0"/>
        <Point X="327" Y="228" T="0" Pressure="0"/>
        <Point X="326" Y="234" T="0" Pressure="0"/>
        <Point X="325" Y="241" T="0" Pressure="0"/>
        <Point X="325" Y="247" T="0" Pressure="0"/>
        <Point X="324" Y="253" T="0" Pressure="0"/>
        <Point X="324" Y="260" T="0" Pressure="0"/>
        <Point X="323" Y="267" T="0" Pressure="0"/>
        <Point X="322" Y="273" T="0" Pressure="0"/>
        <Point X="322" Y="278" T="0" Pressure="0"/>
        <Point X="321" Y="284" T="0" Pressure="0"/>
        <Point X="321" Y="289" T="0" Pressure="0"/>
        <Point X="321" Y="294" T="0" Pressure="0"/>
        <Point X="321" Y="299" T="0" Pressure="0"/>
        <Point X="321" Y="301" T="0" Pressure="0"/>
        <Point X="321" Y="304" T="0" Pressure="0"/>
        <Point X="321" Y="307" T="0" Pressure="0"/>
        <Point X="322" Y="309" T="0" Pressure="0"/>
        <Point X="322" Y="311" T="0" Pressure="0"/>
        <Point X="323" Y="313" T="0" Pressure="0"/>
        <Point X="323" Y="314" T="0" Pressure="0"/>
        <Point X="323" Y="315" T="0" Pressure="0"/>
    </Stroke>
    <Stroke index="2">
        <Point X="299" Y="181" T="0" Pressure="0"/>
        <Point X="299" Y="179" T="0" Pressure="0"/>
        <Point X="301" Y="178" T="0" Pressure="0"/>
        <Point X="303" Y="175" T="0" Pressure="0"/>
        <Point X="306" Y="174" T="0" Pressure="0"/>
        <Point X="309" Y="174" T="0" Pressure="0"/>
        <Point X="313" Y="173" T="0" Pressure="0"/>
        <Point X="316" Y="173" T="0" Pressure="0"/>
        <Point X="320" Y="173" T="0" Pressure="0"/>
        <Point X="325" Y="174" T="0" Pressure="0"/>
        <Point X="329" Y="175" T="0" Pressure="0"/>
        <Point X="334" Y="176" T="0" Pressure="0"/>
        <Point X="340" Y="177" T="0" Pressure="0"/>
        <Point X="344" Y="179" T="0" Pressure="0"/>
        <Point X="349" Y="180" T="0" Pressure="0"/>
        <Point X="355" Y="183" T="0" Pressure="0"/>
        <Point X="360" Y="185" T="0" Pressure="0"/>
        <Point X="365" Y="188" T="0" Pressure="0"/>
        <Point X="371" Y="191" T="0" Pressure="0"/>
        <Point X="376" Y="195" T="0" Pressure="0"/>
        <Point X="381" Y="197" T="0" Pressure="0"/>
        <Point X="385" Y="201" T="0" Pressure="0"/>
        <Point X="390" Y="205" T="0" Pressure="0"/>
        <Point X="395" Y="209" T="0" Pressure="0"/>
        <Point X="400" Y="213" T="0" Pressure="0"/>
        <Point X="404" Y="216" T="0" Pressure="0"/>
        <Point X="408" Y="221" T="0" Pressure="0"/>
        <Point X="411" Y="225" T="0" Pressure="0"/>
        <Point X="415" Y="228" T="0" Pressure="0"/>
        <Point X="419" Y="233" T="0" Pressure="0"/>
        <Point X="423" Y="237" T="0" Pressure="0"/>
        <Point X="425" Y="241" T="0" Pressure="0"/>
        <Point X="427" Y="246" T="0" Pressure="0"/>
        <Point X="429" Y="251" T="0" Pressure="0"/>
        <Point X="430" Y="255" T="0" Pressure="0"/>
        <Point X="431" Y="260" T="0" Pressure="0"/>
        <Point X="431" Y="265" T="0" Pressure="0"/>
        <Point X="431" Y="269" T="0" Pressure="0"/>
        <Point X="431" Y="274" T="0" Pressure="0"/>
        <Point X="430" Y="277" T="0" Pressure="0"/>
        <Point X="429" Y="281" T="0" Pressure="0"/>
        <Point X="427" Y="285" T="0" Pressure="0"/>
        <Point X="424" Y="290" T="0" Pressure="0"/>
        <Point X="422" Y="294" T="0" Pressure="0"/>
        <Point X="419" Y="297" T="0" Pressure="0"/>
        <Point X="415" Y="301" T="0" Pressure="0"/>
        <Point X="411" Y="303" T="0" Pressure="0"/>
        <Point X="407" Y="307" T="0" Pressure="0"/>
        <Point X="401" Y="310" T="0" Pressure="0"/>
        <Point X="396" Y="313" T="0" Pressure="0"/>
        <Point X="391" Y="316" T="0" Pressure="0"/>
        <Point X="385" Y="319" T="0" Pressure="0"/>
        <Point X="379" Y="321" T="0" Pressure="0"/>
        <Point X="373" Y="323" T="0" Pressure="0"/>
        <Point X="366" Y="326" T="0" Pressure="0"/>
        <Point X="359" Y="327" T="0" Pressure="0"/>
        <Point X="354" Y="329" T="0" Pressure="0"/>
        <Point X="348" Y="330" T="0" Pressure="0"/>
        <Point X="342" Y="331" T="0" Pressure="0"/>
        <Point X="337" Y="332" T="0" Pressure="0"/>
        <Point X="331" Y="332" T="0" Pressure="0"/>
        <Point X="327" Y="332" T="0" Pressure="0"/>
        <Point X="322" Y="333" T="0" Pressure="0"/>
        <Point X="318" Y="333" T="0" Pressure="0"/>
        <Point X="314" Y="333" T="0" Pressure="0"/>
        <Point X="311" Y="332" T="0" Pressure="0"/>
        <Point X="307" Y="332" T="0" Pressure="0"/>
        <Point X="305" Y="331" T="0" Pressure="0"/>
        <Point X="303" Y="331" T="0" Pressure="0"/>
        <Point X="301" Y="330" T="0" Pressure="0"/>
        <Point X="299" Y="330" T="0" Pressure="0"/>
    </Stroke>
</Gesture>
