<?xml version="1.0" ?>
<Gesture Name="null~04" Subject="6" Number="4" NumPts="137" InputType="stylus" Speed="MEDIUM">
    <Stroke index="1">
        <Point X="345" Y="160" T="0" Pressure="0"/>
        <Point X="341" Y="162" T="0" Pressure="0"/>
        <Point X="339" Y="162" T="0" Pressure="0"/>
        <Point X="336" Y="164" T="0" Pressure="0"/>
        <Point X="335" Y="165" T="0" Pressure="0"/>
        <Point X="333" Y="166" T="0" Pressure="0"/>
        <Point X="332" Y="169" T="0" Pressure="0"/>
        <Point X="329" Y="172" T="0" Pressure="0"/>
        <Point X="328" Y="176" T="0" Pressure="0"/>
        <Point X="325" Y="179" T="0" Pressure="0"/>
        <Point X="324" Y="184" T="0" Pressure="0"/>
        <Point X="322" Y="188" T="0" Pressure="0"/>
        <Point X="321" Y="193" T="0" Pressure="0"/>
        <Point X="320" Y="199" T="0" Pressure="0"/>
        <Point X="319" Y="204" T="0" Pressure="0"/>
        <Point X="318" Y="211" T="0" Pressure="0"/>
        <Point X="318" Y="216" T="0" Pressure="0"/>
        <Point X="317" Y="222" T="0" Pressure="0"/>
        <Point X="317" Y="229" T="0" Pressure="0"/>
        <Point X="317" Y="235" T="0" Pressure="0"/>
        <Point X="317" Y="242" T="0" Pressure="0"/>
        <Point X="317" Y="250" T="0" Pressure="0"/>
        <Point X="318" Y="255" T="0" Pressure="0"/>
        <Point X="319" Y="261" T="0" Pressure="0"/>
        <Point X="321" Y="267" T="0" Pressure="0"/>
        <Point X="322" Y="273" T="0" Pressure="0"/>
        <Point X="324" Y="277" T="0" Pressure="0"/>
        <Point X="326" Y="283" T="0" Pressure="0"/>
        <Point X="331" Y="290" T="0" Pressure="0"/>
        <Point X="334" Y="295" T="0" Pressure="0"/>
        <Point X="337" Y="298" T="0" Pressure="0"/>
        <Point X="340" Y="301" T="0" Pressure="0"/>
        <Point X="344" Y="304" T="0" Pressure="0"/>
        <Point X="347" Y="306" T="0" Pressure="0"/>
        <Point X="350" Y="308" T="0" Pressure="0"/>
        <Point X="357" Y="311" T="0" Pressure="0"/>
        <Point X="360" Y="312" T="0" Pressure="0"/>
        <Point X="364" Y="314" T="0" Pressure="0"/>
        <Point X="367" Y="314" T="0" Pressure="0"/>
        <Point X="370" Y="315" T="0" Pressure="0"/>
        <Point X="374" Y="315" T="0" Pressure="0"/>
        <Point X="381" Y="314" T="0" Pressure="0"/>
        <Point X="385" Y="312" T="0" Pressure="0"/>
        <Point X="389" Y="311" T="0" Pressure="0"/>
        <Point X="393" Y="309" T="0" Pressure="0"/>
        <Point X="397" Y="307" T="0" Pressure="0"/>
        <Point X="400" Y="305" T="0" Pressure="0"/>
        <Point X="404" Y="302" T="0" Pressure="0"/>
        <Point X="408" Y="300" T="0" Pressure="0"/>
        <Point X="411" Y="297" T="0" Pressure="0"/>
        <Point X="415" Y="294" T="0" Pressure="0"/>
        <Point X="418" Y="290" T="0" Pressure="0"/>
        <Point X="421" Y="286" T="0" Pressure="0"/>
        <Point X="424" Y="282" T="0" Pressure="0"/>
        <Point X="427" Y="278" T="0" Pressure="0"/>
        <Point X="429" Y="274" T="0" Pressure="0"/>
        <Point X="431" Y="270" T="0" Pressure="0"/>
        <Point X="433" Y="265" T="0" Pressure="0"/>
        <Point X="434" Y="259" T="0" Pressure="0"/>
        <Point X="435" Y="253" T="0" Pressure="0"/>
        <Point X="437" Y="247" T="0" Pressure="0"/>
        <Point X="437" Y="241" T="0" Pressure="0"/>
        <Point X="437" Y="234" T="0" Pressure="0"/>
        <Point X="437" Y="228" T="0" Pressure="0"/>
        <Point X="437" Y="222" T="0" Pressure="0"/>
        <Point X="435" Y="216" T="0" Pressure="0"/>
        <Point X="434" Y="209" T="0" Pressure="0"/>
        <Point X="433" Y="204" T="0" Pressure="0"/>
        <Point X="430" Y="199" T="0" Pressure="0"/>
        <Point X="428" Y="194" T="0" Pressure="0"/>
        <Point X="426" Y="189" T="0" Pressure="0"/>
        <Point X="423" Y="184" T="0" Pressure="0"/>
        <Point X="419" Y="179" T="0" Pressure="0"/>
        <Point X="416" Y="176" T="0" Pressure="0"/>
        <Point X="413" Y="172" T="0" Pressure="0"/>
        <Point X="410" Y="169" T="0" Pressure="0"/>
        <Point X="405" Y="166" T="0" Pressure="0"/>
        <Point X="402" Y="163" T="0" Pressure="0"/>
        <Point X="397" Y="160" T="0" Pressure="0"/>
        <Point X="393" Y="159" T="0" Pressure="0"/>
        <Point X="389" Y="157" T="0" Pressure="0"/>
        <Point X="385" Y="155" T="0" Pressure="0"/>
        <Point X="381" Y="155" T="0" Pressure="0"/>
        <Point X="377" Y="154" T="0" Pressure="0"/>
        <Point X="372" Y="154" T="0" Pressure="0"/>
        <Point X="368" Y="154" T="0" Pressure="0"/>
        <Point X="364" Y="154" T="0" Pressure="0"/>
        <Point X="359" Y="155" T="0" Pressure="0"/>
        <Point X="355" Y="156" T="0" Pressure="0"/>
        <Point X="348" Y="160" T="0" Pressure="0"/>
        <Point X="344" Y="161" T="0" Pressure="0"/>
        <Point X="341" Y="164" T="0" Pressure="0"/>
        <Point X="339" Y="166" T="0" Pressure="0"/>
        <Point X="336" Y="169" T="0" Pressure="0"/>
    </Stroke>
    <Stroke index="2">
        <Point X="441" Y="128" T="0" Pressure="0"/>
        <Point X="437" Y="130" T="0" Pressure="0"/>
        <Point X="434" Y="132" T="0" Pressure="0"/>
        <Point X="431" Y="135" T="0" Pressure="0"/>
        <Point X="429" Y="137" T="0" Pressure="0"/>
        <Point X="426" Y="141" T="0" Pressure="0"/>
        <Point X="422" Y="145" T="0" Pressure="0"/>
        <Point X="418" Y="149" T="0" Pressure="0"/>
        <Point X="414" Y="154" T="0" Pressure="0"/>
        <Point X="410" Y="160" T="0" Pressure="0"/>
        <Point X="406" Y="165" T="0" Pressure="0"/>
        <Point X="401" Y="171" T="0" Pressure="0"/>
        <Point X="397" Y="177" T="0" Pressure="0"/>
        <Point X="388" Y="191" T="0" Pressure="0"/>
        <Point X="384" Y="198" T="0" Pressure="0"/>
        <Point X="380" Y="205" T="0" Pressure="0"/>
        <Point X="374" Y="214" T="0" Pressure="0"/>
        <Point X="370" Y="222" T="0" Pressure="0"/>
        <Point X="364" Y="229" T="0" Pressure="0"/>
        <Point X="359" Y="238" T="0" Pressure="0"/>
        <Point X="354" Y="246" T="0" Pressure="0"/>
        <Point X="348" Y="253" T="0" Pressure="0"/>
        <Point X="343" Y="260" T="0" Pressure="0"/>
        <Point X="337" Y="267" T="0" Pressure="0"/>
        <Point X="332" Y="275" T="0" Pressure="0"/>
        <Point X="327" Y="281" T="0" Pressure="0"/>
        <Point X="322" Y="286" T="0" Pressure="0"/>
        <Point X="318" Y="291" T="0" Pressure="0"/>
        <Point X="314" Y="297" T="0" Pressure="0"/>
        <Point X="310" Y="301" T="0" Pressure="0"/>
        <Point X="306" Y="305" T="0" Pressure="0"/>
        <Point X="302" Y="310" T="0" Pressure="0"/>
        <Point X="299" Y="314" T="0" Pressure="0"/>
        <Point X="295" Y="316" T="0" Pressure="0"/>
        <Point X="292" Y="320" T="0" Pressure="0"/>
        <Point X="290" Y="323" T="0" Pressure="0"/>
        <Point X="288" Y="326" T="0" Pressure="0"/>
        <Point X="286" Y="328" T="0" Pressure="0"/>
        <Point X="285" Y="330" T="0" Pressure="0"/>
        <Point X="284" Y="331" T="0" Pressure="0"/>
        <Point X="283" Y="332" T="0" Pressure="0"/>
        <Point X="283" Y="334" T="0" Pressure="0"/>
        <Point X="283" Y="335" T="0" Pressure="0"/>
    </Stroke>
</Gesture>
