<?xml version="1.0" ?>
<Gesture Name="asterisk~01" Subject="6" Number="1" NumPts="146" InputType="stylus" Speed="MEDIUM">
    <Stroke index="1">
        <Point X="389" Y="78" T="0" Pressure="0"/>
        <Point X="389" Y="75" T="0" Pressure="0"/>
        <Point X="389" Y="74" T="0" Pressure="0"/>
        <Point X="390" Y="72" T="0" Pressure="0"/>
        <Point X="391" Y="72" T="0" Pressure="0"/>
        <Point X="392" Y="72" T="0" Pressure="0"/>
        <Point X="393" Y="72" T="0" Pressure="0"/>
        <Point X="393" Y="73" T="0" Pressure="0"/>
        <Point X="393" Y="74" T="0" Pressure="0"/>
        <Point X="393" Y="75" T="0" Pressure="0"/>
        <Point X="393" Y="77" T="0" Pressure="0"/>
        <Point X="394" Y="78" T="0" Pressure="0"/>
        <Point X="394" Y="81" T="0" Pressure="0"/>
        <Point X="394" Y="84" T="0" Pressure="0"/>
        <Point X="395" Y="87" T="0" Pressure="0"/>
        <Point X="395" Y="91" T="0" Pressure="0"/>
        <Point X="395" Y="95" T="0" Pressure="0"/>
        <Point X="395" Y="100" T="0" Pressure="0"/>
        <Point X="395" Y="105" T="0" Pressure="0"/>
        <Point X="395" Y="112" T="0" Pressure="0"/>
        <Point X="395" Y="120" T="0" Pressure="0"/>
        <Point X="395" Y="128" T="0" Pressure="0"/>
        <Point X="395" Y="139" T="0" Pressure="0"/>
        <Point X="395" Y="147" T="0" Pressure="0"/>
        <Point X="396" Y="157" T="0" Pressure="0"/>
        <Point X="396" Y="169" T="0" Pressure="0"/>
        <Point X="396" Y="179" T="0" Pressure="0"/>
        <Point X="397" Y="191" T="0" Pressure="0"/>
        <Point X="397" Y="204" T="0" Pressure="0"/>
        <Point X="398" Y="215" T="0" Pressure="0"/>
        <Point X="399" Y="225" T="0" Pressure="0"/>
        <Point X="400" Y="235" T="0" Pressure="0"/>
        <Point X="400" Y="246" T="0" Pressure="0"/>
        <Point X="400" Y="255" T="0" Pressure="0"/>
        <Point X="401" Y="279" T="0" Pressure="0"/>
        <Point X="401" Y="285" T="0" Pressure="0"/>
        <Point X="401" Y="291" T="0" Pressure="0"/>
        <Point X="401" Y="296" T="0" Pressure="0"/>
        <Point X="401" Y="301" T="0" Pressure="0"/>
        <Point X="402" Y="304" T="0" Pressure="0"/>
        <Point X="402" Y="308" T="0" Pressure="0"/>
        <Point X="402" Y="311" T="0" Pressure="0"/>
        <Point X="401" Y="318" T="0" Pressure="0"/>
        <Point X="401" Y="320" T="0" Pressure="0"/>
        <Point X="401" Y="322" T="0" Pressure="0"/>
        <Point X="401" Y="324" T="0" Pressure="0"/>
        <Point X="401" Y="326" T="0" Pressure="0"/>
        <Point X="401" Y="327" T="0" Pressure="0"/>
        <Point X="401" Y="326" T="0" Pressure="0"/>
        <Point X="401" Y="325" T="0" Pressure="0"/>
    </Stroke>
    <Stroke index="2">
        <Point X="287" Y="141" T="0" Pressure="0"/>
        <Point X="285" Y="140" T="0" Pressure="0"/>
        <Point X="284" Y="139" T="0" Pressure="0"/>
        <Point X="283" Y="137" T="0" Pressure="0"/>
        <Point X="283" Y="136" T="0" Pressure="0"/>
        <Point X="284" Y="136" T="0" Pressure="0"/>
        <Point X="285" Y="136" T="0" Pressure="0"/>
        <Point X="286" Y="136" T="0" Pressure="0"/>
        <Point X="287" Y="136" T="0" Pressure="0"/>
        <Point X="290" Y="136" T="0" Pressure="0"/>
        <Point X="292" Y="137" T="0" Pressure="0"/>
        <Point X="295" Y="138" T="0" Pressure="0"/>
        <Point X="298" Y="139" T="0" Pressure="0"/>
        <Point X="302" Y="140" T="0" Pressure="0"/>
        <Point X="306" Y="141" T="0" Pressure="0"/>
        <Point X="311" Y="143" T="0" Pressure="0"/>
        <Point X="317" Y="145" T="0" Pressure="0"/>
        <Point X="324" Y="147" T="0" Pressure="0"/>
        <Point X="331" Y="149" T="0" Pressure="0"/>
        <Point X="340" Y="151" T="0" Pressure="0"/>
        <Point X="347" Y="153" T="0" Pressure="0"/>
        <Point X="355" Y="156" T="0" Pressure="0"/>
        <Point X="362" Y="159" T="0" Pressure="0"/>
        <Point X="371" Y="162" T="0" Pressure="0"/>
        <Point X="380" Y="166" T="0" Pressure="0"/>
        <Point X="389" Y="171" T="0" Pressure="0"/>
        <Point X="405" Y="178" T="0" Pressure="0"/>
        <Point X="414" Y="182" T="0" Pressure="0"/>
        <Point X="423" Y="186" T="0" Pressure="0"/>
        <Point X="432" Y="191" T="0" Pressure="0"/>
        <Point X="441" Y="195" T="0" Pressure="0"/>
        <Point X="449" Y="199" T="0" Pressure="0"/>
        <Point X="456" Y="202" T="0" Pressure="0"/>
        <Point X="464" Y="206" T="0" Pressure="0"/>
        <Point X="472" Y="210" T="0" Pressure="0"/>
        <Point X="480" Y="214" T="0" Pressure="0"/>
        <Point X="488" Y="217" T="0" Pressure="0"/>
        <Point X="494" Y="221" T="0" Pressure="0"/>
        <Point X="501" Y="224" T="0" Pressure="0"/>
        <Point X="507" Y="227" T="0" Pressure="0"/>
        <Point X="524" Y="235" T="0" Pressure="0"/>
        <Point X="528" Y="237" T="0" Pressure="0"/>
        <Point X="532" Y="240" T="0" Pressure="0"/>
        <Point X="536" Y="242" T="0" Pressure="0"/>
        <Point X="539" Y="244" T="0" Pressure="0"/>
        <Point X="543" Y="247" T="0" Pressure="0"/>
        <Point X="545" Y="249" T="0" Pressure="0"/>
        <Point X="547" Y="250" T="0" Pressure="0"/>
        <Point X="548" Y="251" T="0" Pressure="0"/>
        <Point X="550" Y="252" T="0" Pressure="0"/>
        <Point X="550" Y="253" T="0" Pressure="0"/>
        <Point X="551" Y="254" T="0" Pressure="0"/>
    </Stroke>
    <Stroke index="3">
        <Point X="492" Y="78" T="0" Pressure="0"/>
        <Point X="490" Y="77" T="0" Pressure="0"/>
        <Point X="489" Y="75" T="0" Pressure="0"/>
        <Point X="488" Y="74" T="0" Pressure="0"/>
        <Point X="487" Y="72" T="0" Pressure="0"/>
        <Point X="486" Y="72" T="0" Pressure="0"/>
        <Point X="484" Y="72" T="0" Pressure="0"/>
        <Point X="483" Y="72" T="0" Pressure="0"/>
        <Point X="479" Y="75" T="0" Pressure="0"/>
        <Point X="476" Y="77" T="0" Pressure="0"/>
        <Point X="474" Y="80" T="0" Pressure="0"/>
        <Point X="471" Y="83" T="0" Pressure="0"/>
        <Point X="467" Y="87" T="0" Pressure="0"/>
        <Point X="463" Y="92" T="0" Pressure="0"/>
        <Point X="460" Y="97" T="0" Pressure="0"/>
        <Point X="455" Y="102" T="0" Pressure="0"/>
        <Point X="445" Y="117" T="0" Pressure="0"/>
        <Point X="440" Y="125" T="0" Pressure="0"/>
        <Point X="434" Y="134" T="0" Pressure="0"/>
        <Point X="423" Y="152" T="0" Pressure="0"/>
        <Point X="418" Y="162" T="0" Pressure="0"/>
        <Point X="411" Y="172" T="0" Pressure="0"/>
        <Point X="399" Y="194" T="0" Pressure="0"/>
        <Point X="393" Y="203" T="0" Pressure="0"/>
        <Point X="388" Y="213" T="0" Pressure="0"/>
        <Point X="377" Y="232" T="0" Pressure="0"/>
        <Point X="371" Y="241" T="0" Pressure="0"/>
        <Point X="366" Y="249" T="0" Pressure="0"/>
        <Point X="362" Y="255" T="0" Pressure="0"/>
        <Point X="358" Y="261" T="0" Pressure="0"/>
        <Point X="354" Y="267" T="0" Pressure="0"/>
        <Point X="346" Y="277" T="0" Pressure="0"/>
        <Point X="342" Y="282" T="0" Pressure="0"/>
        <Point X="340" Y="286" T="0" Pressure="0"/>
        <Point X="336" Y="290" T="0" Pressure="0"/>
        <Point X="334" Y="294" T="0" Pressure="0"/>
        <Point X="331" Y="298" T="0" Pressure="0"/>
        <Point X="329" Y="301" T="0" Pressure="0"/>
        <Point X="326" Y="303" T="0" Pressure="0"/>
        <Point X="324" Y="308" T="0" Pressure="0"/>
        <Point X="322" Y="309" T="0" Pressure="0"/>
        <Point X="321" Y="311" T="0" Pressure="0"/>
        <Point X="321" Y="312" T="0" Pressure="0"/>
        <Point X="320" Y="312" T="0" Pressure="0"/>
    </Stroke>
</Gesture>
