<?xml version="1.0" ?>
<Gesture Name="pitchfork~08" Subject="6" Number="8" NumPts="139" InputType="stylus" Speed="MEDIUM">
    <Stroke index="1">
        <Point X="269" Y="74" T="0" Pressure="0"/>
        <Point X="268" Y="75" T="0" Pressure="0"/>
        <Point X="268" Y="76" T="0" Pressure="0"/>
        <Point X="267" Y="78" T="0" Pressure="0"/>
        <Point X="266" Y="80" T="0" Pressure="0"/>
        <Point X="266" Y="82" T="0" Pressure="0"/>
        <Point X="266" Y="85" T="0" Pressure="0"/>
        <Point X="266" Y="89" T="0" Pressure="0"/>
        <Point X="266" Y="93" T="0" Pressure="0"/>
        <Point X="266" Y="98" T="0" Pressure="0"/>
        <Point X="268" Y="103" T="0" Pressure="0"/>
        <Point X="268" Y="108" T="0" Pressure="0"/>
        <Point X="269" Y="114" T="0" Pressure="0"/>
        <Point X="270" Y="120" T="0" Pressure="0"/>
        <Point X="271" Y="126" T="0" Pressure="0"/>
        <Point X="272" Y="132" T="0" Pressure="0"/>
        <Point X="275" Y="139" T="0" Pressure="0"/>
        <Point X="276" Y="145" T="0" Pressure="0"/>
        <Point X="278" Y="152" T="0" Pressure="0"/>
        <Point X="280" Y="158" T="0" Pressure="0"/>
        <Point X="283" Y="165" T="0" Pressure="0"/>
        <Point X="286" Y="171" T="0" Pressure="0"/>
        <Point X="289" Y="178" T="0" Pressure="0"/>
        <Point X="291" Y="184" T="0" Pressure="0"/>
        <Point X="295" Y="189" T="0" Pressure="0"/>
        <Point X="298" Y="195" T="0" Pressure="0"/>
        <Point X="301" Y="200" T="0" Pressure="0"/>
        <Point X="304" Y="204" T="0" Pressure="0"/>
        <Point X="308" Y="209" T="0" Pressure="0"/>
        <Point X="311" Y="213" T="0" Pressure="0"/>
        <Point X="314" Y="216" T="0" Pressure="0"/>
        <Point X="318" Y="220" T="0" Pressure="0"/>
        <Point X="322" Y="223" T="0" Pressure="0"/>
        <Point X="326" Y="226" T="0" Pressure="0"/>
        <Point X="330" Y="228" T="0" Pressure="0"/>
        <Point X="334" Y="230" T="0" Pressure="0"/>
        <Point X="337" Y="231" T="0" Pressure="0"/>
        <Point X="341" Y="232" T="0" Pressure="0"/>
        <Point X="345" Y="234" T="0" Pressure="0"/>
        <Point X="350" Y="234" T="0" Pressure="0"/>
        <Point X="355" Y="235" T="0" Pressure="0"/>
        <Point X="358" Y="235" T="0" Pressure="0"/>
        <Point X="362" Y="234" T="0" Pressure="0"/>
        <Point X="366" Y="234" T="0" Pressure="0"/>
        <Point X="371" Y="232" T="0" Pressure="0"/>
        <Point X="375" Y="231" T="0" Pressure="0"/>
        <Point X="381" Y="229" T="0" Pressure="0"/>
        <Point X="385" Y="227" T="0" Pressure="0"/>
        <Point X="389" Y="225" T="0" Pressure="0"/>
        <Point X="393" Y="222" T="0" Pressure="0"/>
        <Point X="398" Y="220" T="0" Pressure="0"/>
        <Point X="403" Y="216" T="0" Pressure="0"/>
        <Point X="407" Y="213" T="0" Pressure="0"/>
        <Point X="411" Y="209" T="0" Pressure="0"/>
        <Point X="418" Y="201" T="0" Pressure="0"/>
        <Point X="422" Y="196" T="0" Pressure="0"/>
        <Point X="425" Y="191" T="0" Pressure="0"/>
        <Point X="429" Y="184" T="0" Pressure="0"/>
        <Point X="431" Y="178" T="0" Pressure="0"/>
        <Point X="434" Y="172" T="0" Pressure="0"/>
        <Point X="437" Y="165" T="0" Pressure="0"/>
        <Point X="441" Y="151" T="0" Pressure="0"/>
        <Point X="444" Y="143" T="0" Pressure="0"/>
        <Point X="445" Y="137" T="0" Pressure="0"/>
        <Point X="446" Y="131" T="0" Pressure="0"/>
        <Point X="446" Y="125" T="0" Pressure="0"/>
        <Point X="447" Y="119" T="0" Pressure="0"/>
        <Point X="448" Y="102" T="0" Pressure="0"/>
        <Point X="448" Y="98" T="0" Pressure="0"/>
        <Point X="448" Y="94" T="0" Pressure="0"/>
        <Point X="448" Y="90" T="0" Pressure="0"/>
        <Point X="448" Y="86" T="0" Pressure="0"/>
        <Point X="448" Y="82" T="0" Pressure="0"/>
        <Point X="448" Y="80" T="0" Pressure="0"/>
        <Point X="448" Y="78" T="0" Pressure="0"/>
        <Point X="447" Y="76" T="0" Pressure="0"/>
        <Point X="446" Y="74" T="0" Pressure="0"/>
        <Point X="446" Y="72" T="0" Pressure="0"/>
        <Point X="446" Y="71" T="0" Pressure="0"/>
        <Point X="445" Y="70" T="0" Pressure="0"/>
        <Point X="444" Y="68" T="0" Pressure="0"/>
        <Point X="442" Y="67" T="0" Pressure="0"/>
        <Point X="441" Y="67" T="0" Pressure="0"/>
        <Point X="440" Y="67" T="0" Pressure="0"/>
        <Point X="439" Y="67" T="0" Pressure="0"/>
    </Stroke>
    <Stroke index="2">
        <Point X="362" Y="90" T="0" Pressure="0"/>
        <Point X="361" Y="91" T="0" Pressure="0"/>
        <Point X="360" Y="91" T="0" Pressure="0"/>
        <Point X="359" Y="91" T="0" Pressure="0"/>
        <Point X="359" Y="93" T="0" Pressure="0"/>
        <Point X="359" Y="96" T="0" Pressure="0"/>
        <Point X="359" Y="99" T="0" Pressure="0"/>
        <Point X="359" Y="103" T="0" Pressure="0"/>
        <Point X="358" Y="109" T="0" Pressure="0"/>
        <Point X="358" Y="115" T="0" Pressure="0"/>
        <Point X="358" Y="121" T="0" Pressure="0"/>
        <Point X="358" Y="127" T="0" Pressure="0"/>
        <Point X="358" Y="135" T="0" Pressure="0"/>
        <Point X="358" Y="141" T="0" Pressure="0"/>
        <Point X="358" Y="149" T="0" Pressure="0"/>
        <Point X="358" Y="158" T="0" Pressure="0"/>
        <Point X="358" Y="166" T="0" Pressure="0"/>
        <Point X="358" Y="174" T="0" Pressure="0"/>
        <Point X="358" Y="183" T="0" Pressure="0"/>
        <Point X="358" Y="192" T="0" Pressure="0"/>
        <Point X="358" Y="202" T="0" Pressure="0"/>
        <Point X="358" Y="212" T="0" Pressure="0"/>
        <Point X="358" Y="221" T="0" Pressure="0"/>
        <Point X="358" Y="229" T="0" Pressure="0"/>
        <Point X="359" Y="237" T="0" Pressure="0"/>
        <Point X="359" Y="246" T="0" Pressure="0"/>
        <Point X="359" Y="253" T="0" Pressure="0"/>
        <Point X="359" Y="261" T="0" Pressure="0"/>
        <Point X="359" Y="268" T="0" Pressure="0"/>
        <Point X="359" Y="274" T="0" Pressure="0"/>
        <Point X="359" Y="280" T="0" Pressure="0"/>
        <Point X="358" Y="286" T="0" Pressure="0"/>
        <Point X="358" Y="292" T="0" Pressure="0"/>
        <Point X="356" Y="299" T="0" Pressure="0"/>
        <Point X="355" Y="304" T="0" Pressure="0"/>
        <Point X="355" Y="309" T="0" Pressure="0"/>
        <Point X="354" Y="314" T="0" Pressure="0"/>
        <Point X="352" Y="319" T="0" Pressure="0"/>
        <Point X="351" Y="324" T="0" Pressure="0"/>
        <Point X="351" Y="328" T="0" Pressure="0"/>
        <Point X="350" Y="332" T="0" Pressure="0"/>
        <Point X="350" Y="335" T="0" Pressure="0"/>
        <Point X="348" Y="338" T="0" Pressure="0"/>
        <Point X="347" Y="344" T="0" Pressure="0"/>
        <Point X="347" Y="345" T="0" Pressure="0"/>
        <Point X="347" Y="346" T="0" Pressure="0"/>
        <Point X="347" Y="348" T="0" Pressure="0"/>
        <Point X="347" Y="349" T="0" Pressure="0"/>
        <Point X="348" Y="350" T="0" Pressure="0"/>
        <Point X="348" Y="351" T="0" Pressure="0"/>
        <Point X="349" Y="351" T="0" Pressure="0"/>
        <Point X="350" Y="351" T="0" Pressure="0"/>
        <Point X="350" Y="352" T="0" Pressure="0"/>
        <Point X="351" Y="352" T="0" Pressure="0"/>
    </Stroke>
</Gesture>
