<?xml version="1.0" ?>
<Gesture Name="half_note~04" Subject="6" Number="4" NumPts="106" InputType="stylus" Speed="MEDIUM">
    <Stroke index="1">
        <Point X="418" Y="107" T="0" Pressure="0"/>
        <Point X="416" Y="106" T="0" Pressure="0"/>
        <Point X="416" Y="107" T="0" Pressure="0"/>
        <Point X="416" Y="109" T="0" Pressure="0"/>
        <Point X="416" Y="114" T="0" Pressure="0"/>
        <Point X="416" Y="116" T="0" Pressure="0"/>
        <Point X="416" Y="120" T="0" Pressure="0"/>
        <Point X="416" Y="124" T="0" Pressure="0"/>
        <Point X="416" Y="129" T="0" Pressure="0"/>
        <Point X="416" Y="141" T="0" Pressure="0"/>
        <Point X="416" Y="153" T="0" Pressure="0"/>
        <Point X="416" Y="160" T="0" Pressure="0"/>
        <Point X="416" Y="169" T="0" Pressure="0"/>
        <Point X="416" Y="176" T="0" Pressure="0"/>
        <Point X="415" Y="183" T="0" Pressure="0"/>
        <Point X="415" Y="191" T="0" Pressure="0"/>
        <Point X="414" Y="199" T="0" Pressure="0"/>
        <Point X="414" Y="207" T="0" Pressure="0"/>
        <Point X="413" Y="216" T="0" Pressure="0"/>
        <Point X="413" Y="222" T="0" Pressure="0"/>
        <Point X="412" Y="229" T="0" Pressure="0"/>
        <Point X="412" Y="236" T="0" Pressure="0"/>
        <Point X="412" Y="242" T="0" Pressure="0"/>
        <Point X="413" Y="247" T="0" Pressure="0"/>
        <Point X="413" Y="253" T="0" Pressure="0"/>
        <Point X="414" Y="256" T="0" Pressure="0"/>
        <Point X="414" Y="260" T="0" Pressure="0"/>
        <Point X="415" Y="264" T="0" Pressure="0"/>
        <Point X="416" Y="272" T="0" Pressure="0"/>
        <Point X="416" Y="275" T="0" Pressure="0"/>
        <Point X="417" Y="276" T="0" Pressure="0"/>
        <Point X="417" Y="280" T="0" Pressure="0"/>
        <Point X="418" Y="282" T="0" Pressure="0"/>
        <Point X="418" Y="284" T="0" Pressure="0"/>
        <Point X="418" Y="285" T="0" Pressure="0"/>
    </Stroke>
    <Stroke index="2">
        <Point X="411" Y="270" T="0" Pressure="0"/>
        <Point X="408" Y="267" T="0" Pressure="0"/>
        <Point X="408" Y="266" T="0" Pressure="0"/>
        <Point X="407" Y="265" T="0" Pressure="0"/>
        <Point X="407" Y="264" T="0" Pressure="0"/>
        <Point X="405" Y="263" T="0" Pressure="0"/>
        <Point X="405" Y="261" T="0" Pressure="0"/>
        <Point X="404" Y="260" T="0" Pressure="0"/>
        <Point X="403" Y="259" T="0" Pressure="0"/>
        <Point X="401" Y="257" T="0" Pressure="0"/>
        <Point X="400" Y="256" T="0" Pressure="0"/>
        <Point X="400" Y="254" T="0" Pressure="0"/>
        <Point X="399" Y="252" T="0" Pressure="0"/>
        <Point X="397" Y="251" T="0" Pressure="0"/>
        <Point X="396" Y="250" T="0" Pressure="0"/>
        <Point X="395" Y="247" T="0" Pressure="0"/>
        <Point X="393" Y="246" T="0" Pressure="0"/>
        <Point X="392" Y="245" T="0" Pressure="0"/>
        <Point X="390" Y="243" T="0" Pressure="0"/>
        <Point X="388" Y="241" T="0" Pressure="0"/>
        <Point X="386" Y="241" T="0" Pressure="0"/>
        <Point X="384" Y="240" T="0" Pressure="0"/>
        <Point X="382" Y="239" T="0" Pressure="0"/>
        <Point X="380" Y="238" T="0" Pressure="0"/>
        <Point X="377" Y="237" T="0" Pressure="0"/>
        <Point X="374" Y="237" T="0" Pressure="0"/>
        <Point X="366" Y="237" T="0" Pressure="0"/>
        <Point X="363" Y="237" T="0" Pressure="0"/>
        <Point X="360" Y="237" T="0" Pressure="0"/>
        <Point X="358" Y="238" T="0" Pressure="0"/>
        <Point X="355" Y="239" T="0" Pressure="0"/>
        <Point X="354" Y="240" T="0" Pressure="0"/>
        <Point X="351" Y="241" T="0" Pressure="0"/>
        <Point X="348" Y="243" T="0" Pressure="0"/>
        <Point X="345" Y="245" T="0" Pressure="0"/>
        <Point X="344" Y="247" T="0" Pressure="0"/>
        <Point X="341" Y="250" T="0" Pressure="0"/>
        <Point X="340" Y="252" T="0" Pressure="0"/>
        <Point X="337" Y="255" T="0" Pressure="0"/>
        <Point X="336" Y="258" T="0" Pressure="0"/>
        <Point X="334" Y="262" T="0" Pressure="0"/>
        <Point X="332" Y="269" T="0" Pressure="0"/>
        <Point X="332" Y="272" T="0" Pressure="0"/>
        <Point X="331" Y="276" T="0" Pressure="0"/>
        <Point X="331" Y="278" T="0" Pressure="0"/>
        <Point X="331" Y="282" T="0" Pressure="0"/>
        <Point X="332" Y="285" T="0" Pressure="0"/>
        <Point X="332" Y="288" T="0" Pressure="0"/>
        <Point X="334" Y="291" T="0" Pressure="0"/>
        <Point X="337" Y="296" T="0" Pressure="0"/>
        <Point X="339" Y="299" T="0" Pressure="0"/>
        <Point X="341" Y="301" T="0" Pressure="0"/>
        <Point X="344" Y="302" T="0" Pressure="0"/>
        <Point X="346" Y="303" T="0" Pressure="0"/>
        <Point X="348" Y="305" T="0" Pressure="0"/>
        <Point X="351" Y="306" T="0" Pressure="0"/>
        <Point X="355" Y="307" T="0" Pressure="0"/>
        <Point X="358" Y="308" T="0" Pressure="0"/>
        <Point X="361" Y="308" T="0" Pressure="0"/>
        <Point X="369" Y="308" T="0" Pressure="0"/>
        <Point X="377" Y="306" T="0" Pressure="0"/>
        <Point X="390" Y="301" T="0" Pressure="0"/>
        <Point X="395" Y="300" T="0" Pressure="0"/>
        <Point X="399" Y="298" T="0" Pressure="0"/>
        <Point X="403" Y="296" T="0" Pressure="0"/>
        <Point X="408" Y="293" T="0" Pressure="0"/>
        <Point X="412" Y="290" T="0" Pressure="0"/>
        <Point X="415" Y="289" T="0" Pressure="0"/>
        <Point X="419" Y="286" T="0" Pressure="0"/>
        <Point X="423" Y="284" T="0" Pressure="0"/>
        <Point X="426" Y="282" T="0" Pressure="0"/>
    </Stroke>
</Gesture>
