<?xml version="1.0" ?>
<Gesture Name="arrowhead~10" Subject="6" Number="10" NumPts="108" InputType="stylus" Speed="MEDIUM">
    <Stroke index="1">
        <Point X="196" Y="255" T="0" Pressure="0"/>
        <Point X="200" Y="254" T="0" Pressure="0"/>
        <Point X="202" Y="254" T="0" Pressure="0"/>
        <Point X="205" Y="253" T="0" Pressure="0"/>
        <Point X="208" Y="252" T="0" Pressure="0"/>
        <Point X="211" Y="252" T="0" Pressure="0"/>
        <Point X="215" Y="252" T="0" Pressure="0"/>
        <Point X="220" Y="252" T="0" Pressure="0"/>
        <Point X="230" Y="251" T="0" Pressure="0"/>
        <Point X="235" Y="251" T="0" Pressure="0"/>
        <Point X="246" Y="251" T="0" Pressure="0"/>
        <Point X="253" Y="250" T="0" Pressure="0"/>
        <Point X="260" Y="250" T="0" Pressure="0"/>
        <Point X="267" Y="250" T="0" Pressure="0"/>
        <Point X="273" Y="249" T="0" Pressure="0"/>
        <Point X="281" Y="249" T="0" Pressure="0"/>
        <Point X="288" Y="249" T="0" Pressure="0"/>
        <Point X="296" Y="248" T="0" Pressure="0"/>
        <Point X="303" Y="248" T="0" Pressure="0"/>
        <Point X="312" Y="247" T="0" Pressure="0"/>
        <Point X="320" Y="247" T="0" Pressure="0"/>
        <Point X="327" Y="247" T="0" Pressure="0"/>
        <Point X="335" Y="247" T="0" Pressure="0"/>
        <Point X="343" Y="246" T="0" Pressure="0"/>
        <Point X="351" Y="246" T="0" Pressure="0"/>
        <Point X="359" Y="246" T="0" Pressure="0"/>
        <Point X="365" Y="245" T="0" Pressure="0"/>
        <Point X="373" Y="245" T="0" Pressure="0"/>
        <Point X="380" Y="245" T="0" Pressure="0"/>
        <Point X="386" Y="244" T="0" Pressure="0"/>
        <Point X="393" Y="244" T="0" Pressure="0"/>
        <Point X="400" Y="243" T="0" Pressure="0"/>
        <Point X="405" Y="243" T="0" Pressure="0"/>
        <Point X="415" Y="242" T="0" Pressure="0"/>
        <Point X="420" Y="242" T="0" Pressure="0"/>
        <Point X="424" Y="242" T="0" Pressure="0"/>
        <Point X="429" Y="242" T="0" Pressure="0"/>
        <Point X="432" Y="242" T="0" Pressure="0"/>
        <Point X="435" Y="242" T="0" Pressure="0"/>
        <Point X="438" Y="242" T="0" Pressure="0"/>
        <Point X="444" Y="242" T="0" Pressure="0"/>
        <Point X="446" Y="242" T="0" Pressure="0"/>
        <Point X="449" Y="242" T="0" Pressure="0"/>
        <Point X="451" Y="242" T="0" Pressure="0"/>
        <Point X="453" Y="242" T="0" Pressure="0"/>
        <Point X="454" Y="242" T="0" Pressure="0"/>
        <Point X="456" Y="242" T="0" Pressure="0"/>
        <Point X="459" Y="243" T="0" Pressure="0"/>
        <Point X="460" Y="243" T="0" Pressure="0"/>
        <Point X="460" Y="242" T="0" Pressure="0"/>
        <Point X="459" Y="242" T="0" Pressure="0"/>
        <Point X="457" Y="241" T="0" Pressure="0"/>
    </Stroke>
    <Stroke index="2">
        <Point X="386" Y="187" T="0" Pressure="0"/>
        <Point X="385" Y="186" T="0" Pressure="0"/>
        <Point X="385" Y="185" T="0" Pressure="0"/>
        <Point X="384" Y="185" T="0" Pressure="0"/>
        <Point X="384" Y="184" T="0" Pressure="0"/>
        <Point X="385" Y="185" T="0" Pressure="0"/>
        <Point X="386" Y="186" T="0" Pressure="0"/>
        <Point X="387" Y="186" T="0" Pressure="0"/>
        <Point X="389" Y="187" T="0" Pressure="0"/>
        <Point X="392" Y="189" T="0" Pressure="0"/>
        <Point X="394" Y="190" T="0" Pressure="0"/>
        <Point X="396" Y="191" T="0" Pressure="0"/>
        <Point X="401" Y="192" T="0" Pressure="0"/>
        <Point X="404" Y="194" T="0" Pressure="0"/>
        <Point X="408" Y="195" T="0" Pressure="0"/>
        <Point X="416" Y="197" T="0" Pressure="0"/>
        <Point X="420" Y="199" T="0" Pressure="0"/>
        <Point X="425" Y="200" T="0" Pressure="0"/>
        <Point X="434" Y="203" T="0" Pressure="0"/>
        <Point X="439" Y="205" T="0" Pressure="0"/>
        <Point X="443" Y="206" T="0" Pressure="0"/>
        <Point X="451" Y="210" T="0" Pressure="0"/>
        <Point X="455" Y="212" T="0" Pressure="0"/>
        <Point X="459" Y="214" T="0" Pressure="0"/>
        <Point X="465" Y="218" T="0" Pressure="0"/>
        <Point X="468" Y="220" T="0" Pressure="0"/>
        <Point X="471" Y="222" T="0" Pressure="0"/>
        <Point X="475" Y="226" T="0" Pressure="0"/>
        <Point X="478" Y="228" T="0" Pressure="0"/>
        <Point X="479" Y="230" T="0" Pressure="0"/>
        <Point X="482" Y="234" T="0" Pressure="0"/>
        <Point X="482" Y="236" T="0" Pressure="0"/>
        <Point X="482" Y="239" T="0" Pressure="0"/>
        <Point X="481" Y="244" T="0" Pressure="0"/>
        <Point X="480" Y="247" T="0" Pressure="0"/>
        <Point X="478" Y="249" T="0" Pressure="0"/>
        <Point X="472" Y="254" T="0" Pressure="0"/>
        <Point X="469" Y="257" T="0" Pressure="0"/>
        <Point X="465" Y="260" T="0" Pressure="0"/>
        <Point X="457" Y="266" T="0" Pressure="0"/>
        <Point X="453" Y="269" T="0" Pressure="0"/>
        <Point X="448" Y="271" T="0" Pressure="0"/>
        <Point X="443" Y="274" T="0" Pressure="0"/>
        <Point X="434" Y="279" T="0" Pressure="0"/>
        <Point X="429" Y="281" T="0" Pressure="0"/>
        <Point X="419" Y="287" T="0" Pressure="0"/>
        <Point X="415" Y="290" T="0" Pressure="0"/>
        <Point X="411" Y="292" T="0" Pressure="0"/>
        <Point X="403" Y="297" T="0" Pressure="0"/>
        <Point X="399" Y="299" T="0" Pressure="0"/>
        <Point X="395" Y="301" T="0" Pressure="0"/>
        <Point X="389" Y="306" T="0" Pressure="0"/>
        <Point X="386" Y="308" T="0" Pressure="0"/>
        <Point X="384" Y="310" T="0" Pressure="0"/>
        <Point X="380" Y="314" T="0" Pressure="0"/>
        <Point X="378" Y="316" T="0" Pressure="0"/>
    </Stroke>
</Gesture>
