<?xml version="1.0" ?>
<Gesture Name="pitchfork~09" Subject="6" Number="9" NumPts="138" InputType="stylus" Speed="MEDIUM">
    <Stroke index="1">
        <Point X="281" Y="61" T="0" Pressure="0"/>
        <Point X="280" Y="61" T="0" Pressure="0"/>
        <Point X="279" Y="61" T="0" Pressure="0"/>
        <Point X="279" Y="62" T="0" Pressure="0"/>
        <Point X="278" Y="64" T="0" Pressure="0"/>
        <Point X="277" Y="65" T="0" Pressure="0"/>
        <Point X="277" Y="67" T="0" Pressure="0"/>
        <Point X="277" Y="70" T="0" Pressure="0"/>
        <Point X="277" Y="74" T="0" Pressure="0"/>
        <Point X="277" Y="78" T="0" Pressure="0"/>
        <Point X="277" Y="82" T="0" Pressure="0"/>
        <Point X="278" Y="87" T="0" Pressure="0"/>
        <Point X="279" Y="99" T="0" Pressure="0"/>
        <Point X="280" Y="104" T="0" Pressure="0"/>
        <Point X="280" Y="111" T="0" Pressure="0"/>
        <Point X="281" Y="119" T="0" Pressure="0"/>
        <Point X="281" Y="125" T="0" Pressure="0"/>
        <Point X="283" Y="131" T="0" Pressure="0"/>
        <Point X="283" Y="139" T="0" Pressure="0"/>
        <Point X="285" Y="146" T="0" Pressure="0"/>
        <Point X="287" Y="152" T="0" Pressure="0"/>
        <Point X="288" Y="160" T="0" Pressure="0"/>
        <Point X="290" Y="167" T="0" Pressure="0"/>
        <Point X="292" Y="174" T="0" Pressure="0"/>
        <Point X="295" Y="181" T="0" Pressure="0"/>
        <Point X="297" Y="187" T="0" Pressure="0"/>
        <Point X="300" Y="194" T="0" Pressure="0"/>
        <Point X="303" Y="201" T="0" Pressure="0"/>
        <Point X="306" Y="205" T="0" Pressure="0"/>
        <Point X="309" Y="211" T="0" Pressure="0"/>
        <Point X="313" Y="216" T="0" Pressure="0"/>
        <Point X="316" Y="221" T="0" Pressure="0"/>
        <Point X="319" Y="225" T="0" Pressure="0"/>
        <Point X="323" Y="229" T="0" Pressure="0"/>
        <Point X="326" Y="232" T="0" Pressure="0"/>
        <Point X="330" Y="235" T="0" Pressure="0"/>
        <Point X="334" Y="237" T="0" Pressure="0"/>
        <Point X="338" Y="240" T="0" Pressure="0"/>
        <Point X="342" Y="241" T="0" Pressure="0"/>
        <Point X="347" Y="242" T="0" Pressure="0"/>
        <Point X="351" Y="243" T="0" Pressure="0"/>
        <Point X="355" Y="244" T="0" Pressure="0"/>
        <Point X="360" Y="244" T="0" Pressure="0"/>
        <Point X="365" Y="244" T="0" Pressure="0"/>
        <Point X="370" Y="242" T="0" Pressure="0"/>
        <Point X="375" Y="241" T="0" Pressure="0"/>
        <Point X="380" Y="240" T="0" Pressure="0"/>
        <Point X="384" Y="238" T="0" Pressure="0"/>
        <Point X="389" Y="236" T="0" Pressure="0"/>
        <Point X="393" Y="234" T="0" Pressure="0"/>
        <Point X="397" Y="231" T="0" Pressure="0"/>
        <Point X="403" Y="229" T="0" Pressure="0"/>
        <Point X="406" Y="226" T="0" Pressure="0"/>
        <Point X="410" Y="223" T="0" Pressure="0"/>
        <Point X="414" Y="220" T="0" Pressure="0"/>
        <Point X="418" Y="216" T="0" Pressure="0"/>
        <Point X="421" Y="211" T="0" Pressure="0"/>
        <Point X="425" Y="206" T="0" Pressure="0"/>
        <Point X="429" Y="202" T="0" Pressure="0"/>
        <Point X="431" Y="196" T="0" Pressure="0"/>
        <Point X="434" Y="190" T="0" Pressure="0"/>
        <Point X="438" Y="184" T="0" Pressure="0"/>
        <Point X="441" Y="178" T="0" Pressure="0"/>
        <Point X="444" Y="171" T="0" Pressure="0"/>
        <Point X="445" Y="165" T="0" Pressure="0"/>
        <Point X="448" Y="159" T="0" Pressure="0"/>
        <Point X="449" Y="153" T="0" Pressure="0"/>
        <Point X="451" Y="147" T="0" Pressure="0"/>
        <Point X="453" Y="141" T="0" Pressure="0"/>
        <Point X="454" Y="135" T="0" Pressure="0"/>
        <Point X="455" Y="130" T="0" Pressure="0"/>
        <Point X="456" Y="126" T="0" Pressure="0"/>
        <Point X="456" Y="121" T="0" Pressure="0"/>
        <Point X="456" Y="116" T="0" Pressure="0"/>
        <Point X="456" Y="112" T="0" Pressure="0"/>
        <Point X="456" Y="109" T="0" Pressure="0"/>
        <Point X="456" Y="106" T="0" Pressure="0"/>
        <Point X="456" Y="103" T="0" Pressure="0"/>
        <Point X="456" Y="102" T="0" Pressure="0"/>
        <Point X="455" Y="100" T="0" Pressure="0"/>
        <Point X="454" Y="98" T="0" Pressure="0"/>
        <Point X="453" Y="96" T="0" Pressure="0"/>
        <Point X="452" Y="95" T="0" Pressure="0"/>
        <Point X="451" Y="94" T="0" Pressure="0"/>
        <Point X="450" Y="93" T="0" Pressure="0"/>
    </Stroke>
    <Stroke index="2">
        <Point X="370" Y="74" T="0" Pressure="0"/>
        <Point X="370" Y="72" T="0" Pressure="0"/>
        <Point X="370" Y="71" T="0" Pressure="0"/>
        <Point X="370" Y="70" T="0" Pressure="0"/>
        <Point X="370" Y="71" T="0" Pressure="0"/>
        <Point X="370" Y="72" T="0" Pressure="0"/>
        <Point X="370" Y="75" T="0" Pressure="0"/>
        <Point X="370" Y="77" T="0" Pressure="0"/>
        <Point X="370" Y="80" T="0" Pressure="0"/>
        <Point X="371" Y="84" T="0" Pressure="0"/>
        <Point X="371" Y="87" T="0" Pressure="0"/>
        <Point X="371" Y="91" T="0" Pressure="0"/>
        <Point X="371" Y="97" T="0" Pressure="0"/>
        <Point X="371" Y="103" T="0" Pressure="0"/>
        <Point X="371" Y="110" T="0" Pressure="0"/>
        <Point X="371" Y="117" T="0" Pressure="0"/>
        <Point X="371" Y="133" T="0" Pressure="0"/>
        <Point X="370" Y="141" T="0" Pressure="0"/>
        <Point X="370" Y="150" T="0" Pressure="0"/>
        <Point X="370" Y="157" T="0" Pressure="0"/>
        <Point X="370" Y="166" T="0" Pressure="0"/>
        <Point X="370" Y="174" T="0" Pressure="0"/>
        <Point X="370" Y="182" T="0" Pressure="0"/>
        <Point X="370" Y="191" T="0" Pressure="0"/>
        <Point X="369" Y="209" T="0" Pressure="0"/>
        <Point X="369" Y="217" T="0" Pressure="0"/>
        <Point X="369" Y="226" T="0" Pressure="0"/>
        <Point X="369" Y="234" T="0" Pressure="0"/>
        <Point X="369" Y="242" T="0" Pressure="0"/>
        <Point X="368" Y="251" T="0" Pressure="0"/>
        <Point X="368" Y="258" T="0" Pressure="0"/>
        <Point X="367" Y="265" T="0" Pressure="0"/>
        <Point X="367" Y="272" T="0" Pressure="0"/>
        <Point X="366" Y="284" T="0" Pressure="0"/>
        <Point X="366" Y="291" T="0" Pressure="0"/>
        <Point X="365" Y="297" T="0" Pressure="0"/>
        <Point X="364" Y="302" T="0" Pressure="0"/>
        <Point X="363" Y="307" T="0" Pressure="0"/>
        <Point X="362" Y="318" T="0" Pressure="0"/>
        <Point X="360" Y="322" T="0" Pressure="0"/>
        <Point X="360" Y="326" T="0" Pressure="0"/>
        <Point X="359" Y="329" T="0" Pressure="0"/>
        <Point X="359" Y="332" T="0" Pressure="0"/>
        <Point X="358" Y="338" T="0" Pressure="0"/>
        <Point X="357" Y="340" T="0" Pressure="0"/>
        <Point X="356" Y="341" T="0" Pressure="0"/>
        <Point X="356" Y="343" T="0" Pressure="0"/>
        <Point X="356" Y="344" T="0" Pressure="0"/>
        <Point X="356" Y="345" T="0" Pressure="0"/>
        <Point X="357" Y="345" T="0" Pressure="0"/>
        <Point X="358" Y="345" T="0" Pressure="0"/>
        <Point X="359" Y="345" T="0" Pressure="0"/>
        <Point X="360" Y="345" T="0" Pressure="0"/>
    </Stroke>
</Gesture>
