<?xml version="1.0" ?>
<Gesture Name="six_point_star~06" Subject="6" Number="6" NumPts="275" InputType="stylus" Speed="MEDIUM">
    <Stroke index="1">
        <Point X="303" Y="267" T="0" Pressure="0"/>
        <Point X="303" Y="266" T="0" Pressure="0"/>
        <Point X="303" Y="265" T="0" Pressure="0"/>
        <Point X="303" Y="264" T="0" Pressure="0"/>
        <Point X="303" Y="262" T="0" Pressure="0"/>
        <Point X="303" Y="261" T="0" Pressure="0"/>
        <Point X="303" Y="260" T="0" Pressure="0"/>
        <Point X="304" Y="259" T="0" Pressure="0"/>
        <Point X="305" Y="257" T="0" Pressure="0"/>
        <Point X="305" Y="255" T="0" Pressure="0"/>
        <Point X="306" Y="253" T="0" Pressure="0"/>
        <Point X="306" Y="252" T="0" Pressure="0"/>
        <Point X="307" Y="249" T="0" Pressure="0"/>
        <Point X="308" Y="247" T="0" Pressure="0"/>
        <Point X="309" Y="244" T="0" Pressure="0"/>
        <Point X="310" Y="241" T="0" Pressure="0"/>
        <Point X="311" Y="236" T="0" Pressure="0"/>
        <Point X="313" Y="229" T="0" Pressure="0"/>
        <Point X="314" Y="226" T="0" Pressure="0"/>
        <Point X="314" Y="221" T="0" Pressure="0"/>
        <Point X="315" Y="217" T="0" Pressure="0"/>
        <Point X="316" Y="212" T="0" Pressure="0"/>
        <Point X="317" Y="208" T="0" Pressure="0"/>
        <Point X="317" Y="203" T="0" Pressure="0"/>
        <Point X="318" Y="199" T="0" Pressure="0"/>
        <Point X="319" Y="195" T="0" Pressure="0"/>
        <Point X="320" Y="190" T="0" Pressure="0"/>
        <Point X="321" Y="184" T="0" Pressure="0"/>
        <Point X="322" Y="179" T="0" Pressure="0"/>
        <Point X="324" Y="175" T="0" Pressure="0"/>
        <Point X="325" Y="170" T="0" Pressure="0"/>
        <Point X="326" Y="165" T="0" Pressure="0"/>
        <Point X="329" Y="159" T="0" Pressure="0"/>
        <Point X="331" Y="154" T="0" Pressure="0"/>
        <Point X="332" Y="150" T="0" Pressure="0"/>
        <Point X="335" Y="145" T="0" Pressure="0"/>
        <Point X="336" Y="141" T="0" Pressure="0"/>
        <Point X="339" Y="136" T="0" Pressure="0"/>
        <Point X="341" Y="132" T="0" Pressure="0"/>
        <Point X="344" Y="128" T="0" Pressure="0"/>
        <Point X="347" Y="125" T="0" Pressure="0"/>
        <Point X="351" Y="121" T="0" Pressure="0"/>
        <Point X="354" Y="117" T="0" Pressure="0"/>
        <Point X="357" Y="114" T="0" Pressure="0"/>
        <Point X="359" Y="110" T="0" Pressure="0"/>
        <Point X="362" Y="107" T="0" Pressure="0"/>
        <Point X="365" Y="105" T="0" Pressure="0"/>
        <Point X="367" Y="103" T="0" Pressure="0"/>
        <Point X="370" Y="102" T="0" Pressure="0"/>
        <Point X="373" Y="100" T="0" Pressure="0"/>
        <Point X="375" Y="99" T="0" Pressure="0"/>
        <Point X="378" Y="97" T="0" Pressure="0"/>
        <Point X="381" Y="97" T="0" Pressure="0"/>
        <Point X="383" Y="96" T="0" Pressure="0"/>
        <Point X="385" Y="96" T="0" Pressure="0"/>
        <Point X="388" Y="96" T="0" Pressure="0"/>
        <Point X="390" Y="96" T="0" Pressure="0"/>
        <Point X="393" Y="96" T="0" Pressure="0"/>
        <Point X="395" Y="97" T="0" Pressure="0"/>
        <Point X="397" Y="97" T="0" Pressure="0"/>
        <Point X="400" Y="100" T="0" Pressure="0"/>
        <Point X="402" Y="102" T="0" Pressure="0"/>
        <Point X="404" Y="104" T="0" Pressure="0"/>
        <Point X="407" Y="107" T="0" Pressure="0"/>
        <Point X="409" Y="110" T="0" Pressure="0"/>
        <Point X="411" Y="113" T="0" Pressure="0"/>
        <Point X="413" Y="117" T="0" Pressure="0"/>
        <Point X="415" Y="121" T="0" Pressure="0"/>
        <Point X="418" Y="126" T="0" Pressure="0"/>
        <Point X="422" Y="135" T="0" Pressure="0"/>
        <Point X="424" Y="140" T="0" Pressure="0"/>
        <Point X="426" Y="145" T="0" Pressure="0"/>
        <Point X="429" Y="150" T="0" Pressure="0"/>
        <Point X="430" Y="155" T="0" Pressure="0"/>
        <Point X="433" Y="161" T="0" Pressure="0"/>
        <Point X="434" Y="166" T="0" Pressure="0"/>
        <Point X="437" Y="171" T="0" Pressure="0"/>
        <Point X="438" Y="176" T="0" Pressure="0"/>
        <Point X="441" Y="181" T="0" Pressure="0"/>
        <Point X="442" Y="186" T="0" Pressure="0"/>
        <Point X="444" Y="192" T="0" Pressure="0"/>
        <Point X="445" Y="197" T="0" Pressure="0"/>
        <Point X="447" Y="201" T="0" Pressure="0"/>
        <Point X="449" Y="205" T="0" Pressure="0"/>
        <Point X="450" Y="210" T="0" Pressure="0"/>
        <Point X="451" Y="215" T="0" Pressure="0"/>
        <Point X="453" Y="220" T="0" Pressure="0"/>
        <Point X="453" Y="224" T="0" Pressure="0"/>
        <Point X="454" Y="227" T="0" Pressure="0"/>
        <Point X="456" Y="231" T="0" Pressure="0"/>
        <Point X="456" Y="234" T="0" Pressure="0"/>
        <Point X="457" Y="237" T="0" Pressure="0"/>
        <Point X="457" Y="241" T="0" Pressure="0"/>
        <Point X="458" Y="243" T="0" Pressure="0"/>
        <Point X="458" Y="245" T="0" Pressure="0"/>
        <Point X="458" Y="247" T="0" Pressure="0"/>
        <Point X="458" Y="249" T="0" Pressure="0"/>
        <Point X="457" Y="254" T="0" Pressure="0"/>
        <Point X="456" Y="255" T="0" Pressure="0"/>
        <Point X="455" Y="256" T="0" Pressure="0"/>
        <Point X="453" Y="258" T="0" Pressure="0"/>
        <Point X="452" Y="259" T="0" Pressure="0"/>
        <Point X="449" Y="260" T="0" Pressure="0"/>
        <Point X="446" Y="261" T="0" Pressure="0"/>
        <Point X="444" Y="262" T="0" Pressure="0"/>
        <Point X="441" Y="264" T="0" Pressure="0"/>
        <Point X="438" Y="264" T="0" Pressure="0"/>
        <Point X="434" Y="265" T="0" Pressure="0"/>
        <Point X="430" Y="266" T="0" Pressure="0"/>
        <Point X="426" Y="266" T="0" Pressure="0"/>
        <Point X="407" Y="266" T="0" Pressure="0"/>
        <Point X="400" Y="266" T="0" Pressure="0"/>
        <Point X="396" Y="265" T="0" Pressure="0"/>
        <Point X="390" Y="265" T="0" Pressure="0"/>
        <Point X="384" Y="265" T="0" Pressure="0"/>
        <Point X="378" Y="264" T="0" Pressure="0"/>
        <Point X="374" Y="264" T="0" Pressure="0"/>
        <Point X="367" Y="262" T="0" Pressure="0"/>
        <Point X="362" Y="262" T="0" Pressure="0"/>
        <Point X="358" Y="261" T="0" Pressure="0"/>
        <Point X="353" Y="261" T="0" Pressure="0"/>
        <Point X="348" Y="260" T="0" Pressure="0"/>
        <Point X="344" Y="260" T="0" Pressure="0"/>
        <Point X="338" Y="260" T="0" Pressure="0"/>
        <Point X="334" Y="259" T="0" Pressure="0"/>
        <Point X="330" Y="259" T="0" Pressure="0"/>
        <Point X="326" Y="259" T="0" Pressure="0"/>
        <Point X="322" Y="259" T="0" Pressure="0"/>
        <Point X="319" Y="258" T="0" Pressure="0"/>
        <Point X="316" Y="258" T="0" Pressure="0"/>
        <Point X="313" Y="258" T="0" Pressure="0"/>
        <Point X="310" Y="258" T="0" Pressure="0"/>
        <Point X="308" Y="258" T="0" Pressure="0"/>
        <Point X="306" Y="258" T="0" Pressure="0"/>
        <Point X="305" Y="258" T="0" Pressure="0"/>
        <Point X="303" Y="258" T="0" Pressure="0"/>
        <Point X="302" Y="258" T="0" Pressure="0"/>
        <Point X="301" Y="258" T="0" Pressure="0"/>
        <Point X="301" Y="259" T="0" Pressure="0"/>
        <Point X="300" Y="259" T="0" Pressure="0"/>
    </Stroke>
    <Stroke index="2">
        <Point X="303" Y="173" T="0" Pressure="0"/>
        <Point X="303" Y="171" T="0" Pressure="0"/>
        <Point X="302" Y="169" T="0" Pressure="0"/>
        <Point X="301" Y="166" T="0" Pressure="0"/>
        <Point X="300" Y="164" T="0" Pressure="0"/>
        <Point X="299" Y="161" T="0" Pressure="0"/>
        <Point X="299" Y="160" T="0" Pressure="0"/>
        <Point X="299" Y="158" T="0" Pressure="0"/>
        <Point X="300" Y="158" T="0" Pressure="0"/>
        <Point X="301" Y="158" T="0" Pressure="0"/>
        <Point X="302" Y="159" T="0" Pressure="0"/>
        <Point X="303" Y="160" T="0" Pressure="0"/>
        <Point X="304" Y="160" T="0" Pressure="0"/>
        <Point X="306" Y="161" T="0" Pressure="0"/>
        <Point X="307" Y="163" T="0" Pressure="0"/>
        <Point X="309" Y="165" T="0" Pressure="0"/>
        <Point X="310" Y="166" T="0" Pressure="0"/>
        <Point X="312" Y="169" T="0" Pressure="0"/>
        <Point X="316" Y="175" T="0" Pressure="0"/>
        <Point X="317" Y="178" T="0" Pressure="0"/>
        <Point X="319" Y="182" T="0" Pressure="0"/>
        <Point X="321" Y="186" T="0" Pressure="0"/>
        <Point X="324" Y="191" T="0" Pressure="0"/>
        <Point X="325" Y="197" T="0" Pressure="0"/>
        <Point X="327" Y="202" T="0" Pressure="0"/>
        <Point X="332" Y="216" T="0" Pressure="0"/>
        <Point X="336" Y="229" T="0" Pressure="0"/>
        <Point X="337" Y="236" T="0" Pressure="0"/>
        <Point X="340" Y="242" T="0" Pressure="0"/>
        <Point X="341" Y="250" T="0" Pressure="0"/>
        <Point X="344" Y="256" T="0" Pressure="0"/>
        <Point X="347" Y="263" T="0" Pressure="0"/>
        <Point X="348" Y="269" T="0" Pressure="0"/>
        <Point X="353" Y="280" T="0" Pressure="0"/>
        <Point X="355" Y="285" T="0" Pressure="0"/>
        <Point X="358" Y="291" T="0" Pressure="0"/>
        <Point X="360" Y="297" T="0" Pressure="0"/>
        <Point X="362" Y="301" T="0" Pressure="0"/>
        <Point X="366" Y="310" T="0" Pressure="0"/>
        <Point X="367" Y="314" T="0" Pressure="0"/>
        <Point X="370" Y="318" T="0" Pressure="0"/>
        <Point X="371" Y="321" T="0" Pressure="0"/>
        <Point X="373" Y="324" T="0" Pressure="0"/>
        <Point X="376" Y="328" T="0" Pressure="0"/>
        <Point X="378" Y="330" T="0" Pressure="0"/>
        <Point X="379" Y="332" T="0" Pressure="0"/>
        <Point X="381" Y="334" T="0" Pressure="0"/>
        <Point X="382" Y="334" T="0" Pressure="0"/>
        <Point X="384" Y="335" T="0" Pressure="0"/>
        <Point X="385" Y="335" T="0" Pressure="0"/>
        <Point X="387" Y="335" T="0" Pressure="0"/>
        <Point X="389" Y="335" T="0" Pressure="0"/>
        <Point X="390" Y="335" T="0" Pressure="0"/>
        <Point X="393" Y="335" T="0" Pressure="0"/>
        <Point X="395" Y="334" T="0" Pressure="0"/>
        <Point X="396" Y="332" T="0" Pressure="0"/>
        <Point X="399" Y="330" T="0" Pressure="0"/>
        <Point X="401" Y="328" T="0" Pressure="0"/>
        <Point X="404" Y="325" T="0" Pressure="0"/>
        <Point X="406" Y="322" T="0" Pressure="0"/>
        <Point X="408" Y="318" T="0" Pressure="0"/>
        <Point X="411" Y="313" T="0" Pressure="0"/>
        <Point X="413" Y="308" T="0" Pressure="0"/>
        <Point X="415" Y="302" T="0" Pressure="0"/>
        <Point X="418" Y="297" T="0" Pressure="0"/>
        <Point X="420" Y="291" T="0" Pressure="0"/>
        <Point X="423" Y="285" T="0" Pressure="0"/>
        <Point X="424" Y="279" T="0" Pressure="0"/>
        <Point X="427" Y="273" T="0" Pressure="0"/>
        <Point X="430" Y="266" T="0" Pressure="0"/>
        <Point X="434" Y="253" T="0" Pressure="0"/>
        <Point X="437" Y="247" T="0" Pressure="0"/>
        <Point X="439" Y="241" T="0" Pressure="0"/>
        <Point X="441" Y="234" T="0" Pressure="0"/>
        <Point X="444" Y="228" T="0" Pressure="0"/>
        <Point X="446" Y="222" T="0" Pressure="0"/>
        <Point X="449" Y="216" T="0" Pressure="0"/>
        <Point X="451" Y="210" T="0" Pressure="0"/>
        <Point X="453" Y="204" T="0" Pressure="0"/>
        <Point X="455" Y="199" T="0" Pressure="0"/>
        <Point X="456" Y="193" T="0" Pressure="0"/>
        <Point X="459" Y="187" T="0" Pressure="0"/>
        <Point X="460" Y="183" T="0" Pressure="0"/>
        <Point X="461" Y="178" T="0" Pressure="0"/>
        <Point X="463" Y="175" T="0" Pressure="0"/>
        <Point X="464" Y="171" T="0" Pressure="0"/>
        <Point X="465" Y="166" T="0" Pressure="0"/>
        <Point X="467" Y="163" T="0" Pressure="0"/>
        <Point X="467" Y="160" T="0" Pressure="0"/>
        <Point X="468" Y="156" T="0" Pressure="0"/>
        <Point X="468" Y="154" T="0" Pressure="0"/>
        <Point X="468" Y="152" T="0" Pressure="0"/>
        <Point X="468" Y="151" T="0" Pressure="0"/>
        <Point X="468" Y="150" T="0" Pressure="0"/>
        <Point X="467" Y="150" T="0" Pressure="0"/>
        <Point X="466" Y="149" T="0" Pressure="0"/>
        <Point X="464" Y="149" T="0" Pressure="0"/>
        <Point X="463" Y="148" T="0" Pressure="0"/>
        <Point X="460" Y="148" T="0" Pressure="0"/>
        <Point X="458" Y="147" T="0" Pressure="0"/>
        <Point X="456" Y="147" T="0" Pressure="0"/>
        <Point X="452" Y="147" T="0" Pressure="0"/>
        <Point X="449" Y="147" T="0" Pressure="0"/>
        <Point X="445" Y="148" T="0" Pressure="0"/>
        <Point X="441" Y="149" T="0" Pressure="0"/>
        <Point X="436" Y="150" T="0" Pressure="0"/>
        <Point X="431" Y="150" T="0" Pressure="0"/>
        <Point X="426" Y="151" T="0" Pressure="0"/>
        <Point X="420" Y="152" T="0" Pressure="0"/>
        <Point X="415" Y="153" T="0" Pressure="0"/>
        <Point X="408" Y="154" T="0" Pressure="0"/>
        <Point X="403" Y="154" T="0" Pressure="0"/>
        <Point X="396" Y="155" T="0" Pressure="0"/>
        <Point X="390" Y="155" T="0" Pressure="0"/>
        <Point X="385" Y="156" T="0" Pressure="0"/>
        <Point X="378" Y="156" T="0" Pressure="0"/>
        <Point X="373" Y="156" T="0" Pressure="0"/>
        <Point X="367" Y="156" T="0" Pressure="0"/>
        <Point X="362" Y="156" T="0" Pressure="0"/>
        <Point X="354" Y="156" T="0" Pressure="0"/>
        <Point X="348" Y="156" T="0" Pressure="0"/>
        <Point X="344" Y="156" T="0" Pressure="0"/>
        <Point X="341" Y="156" T="0" Pressure="0"/>
        <Point X="337" Y="157" T="0" Pressure="0"/>
        <Point X="333" Y="157" T="0" Pressure="0"/>
        <Point X="330" Y="157" T="0" Pressure="0"/>
        <Point X="325" Y="159" T="0" Pressure="0"/>
        <Point X="322" Y="159" T="0" Pressure="0"/>
        <Point X="320" Y="159" T="0" Pressure="0"/>
        <Point X="318" Y="160" T="0" Pressure="0"/>
        <Point X="317" Y="160" T="0" Pressure="0"/>
        <Point X="315" Y="161" T="0" Pressure="0"/>
        <Point X="314" Y="162" T="0" Pressure="0"/>
        <Point X="314" Y="163" T="0" Pressure="0"/>
        <Point X="313" Y="164" T="0" Pressure="0"/>
    </Stroke>
</Gesture>
