<?xml version="1.0" ?>
<Gesture Name="arrowhead~01" Subject="6" Number="1" NumPts="116" InputType="stylus" Speed="MEDIUM">
    <Stroke index="1">
        <Point X="201" Y="219" T="0" Pressure="0"/>
        <Point X="198" Y="219" T="0" Pressure="0"/>
        <Point X="196" Y="219" T="0" Pressure="0"/>
        <Point X="193" Y="219" T="0" Pressure="0"/>
        <Point X="192" Y="219" T="0" Pressure="0"/>
        <Point X="189" Y="219" T="0" Pressure="0"/>
        <Point X="188" Y="219" T="0" Pressure="0"/>
        <Point X="187" Y="220" T="0" Pressure="0"/>
        <Point X="186" Y="220" T="0" Pressure="0"/>
        <Point X="186" Y="221" T="0" Pressure="0"/>
        <Point X="186" Y="222" T="0" Pressure="0"/>
        <Point X="187" Y="222" T="0" Pressure="0"/>
        <Point X="187" Y="223" T="0" Pressure="0"/>
        <Point X="189" Y="224" T="0" Pressure="0"/>
        <Point X="190" Y="224" T="0" Pressure="0"/>
        <Point X="192" Y="225" T="0" Pressure="0"/>
        <Point X="194" Y="225" T="0" Pressure="0"/>
        <Point X="197" Y="226" T="0" Pressure="0"/>
        <Point X="199" Y="226" T="0" Pressure="0"/>
        <Point X="205" Y="226" T="0" Pressure="0"/>
        <Point X="209" Y="226" T="0" Pressure="0"/>
        <Point X="213" Y="226" T="0" Pressure="0"/>
        <Point X="218" Y="226" T="0" Pressure="0"/>
        <Point X="223" Y="225" T="0" Pressure="0"/>
        <Point X="228" Y="225" T="0" Pressure="0"/>
        <Point X="235" Y="224" T="0" Pressure="0"/>
        <Point X="242" Y="222" T="0" Pressure="0"/>
        <Point X="250" Y="222" T="0" Pressure="0"/>
        <Point X="261" Y="220" T="0" Pressure="0"/>
        <Point X="270" Y="219" T="0" Pressure="0"/>
        <Point X="280" Y="217" T="0" Pressure="0"/>
        <Point X="290" Y="216" T="0" Pressure="0"/>
        <Point X="301" Y="216" T="0" Pressure="0"/>
        <Point X="312" Y="215" T="0" Pressure="0"/>
        <Point X="324" Y="214" T="0" Pressure="0"/>
        <Point X="335" Y="212" T="0" Pressure="0"/>
        <Point X="345" Y="212" T="0" Pressure="0"/>
        <Point X="357" Y="211" T="0" Pressure="0"/>
        <Point X="368" Y="210" T="0" Pressure="0"/>
        <Point X="379" Y="210" T="0" Pressure="0"/>
        <Point X="390" Y="209" T="0" Pressure="0"/>
        <Point X="400" Y="209" T="0" Pressure="0"/>
        <Point X="410" Y="209" T="0" Pressure="0"/>
        <Point X="419" Y="209" T="0" Pressure="0"/>
        <Point X="429" Y="209" T="0" Pressure="0"/>
        <Point X="438" Y="209" T="0" Pressure="0"/>
        <Point X="447" Y="209" T="0" Pressure="0"/>
        <Point X="469" Y="209" T="0" Pressure="0"/>
        <Point X="477" Y="209" T="0" Pressure="0"/>
        <Point X="483" Y="209" T="0" Pressure="0"/>
        <Point X="490" Y="209" T="0" Pressure="0"/>
        <Point X="494" Y="210" T="0" Pressure="0"/>
        <Point X="499" Y="210" T="0" Pressure="0"/>
        <Point X="504" Y="211" T="0" Pressure="0"/>
        <Point X="508" Y="211" T="0" Pressure="0"/>
        <Point X="510" Y="211" T="0" Pressure="0"/>
        <Point X="513" Y="212" T="0" Pressure="0"/>
        <Point X="515" Y="212" T="0" Pressure="0"/>
        <Point X="516" Y="212" T="0" Pressure="0"/>
        <Point X="517" Y="213" T="0" Pressure="0"/>
        <Point X="516" Y="213" T="0" Pressure="0"/>
        <Point X="515" Y="213" T="0" Pressure="0"/>
        <Point X="513" Y="213" T="0" Pressure="0"/>
        <Point X="512" Y="212" T="0" Pressure="0"/>
    </Stroke>
    <Stroke index="2">
        <Point X="412" Y="137" T="0" Pressure="0"/>
        <Point X="411" Y="137" T="0" Pressure="0"/>
        <Point X="409" Y="136" T="0" Pressure="0"/>
        <Point X="408" Y="136" T="0" Pressure="0"/>
        <Point X="407" Y="135" T="0" Pressure="0"/>
        <Point X="408" Y="136" T="0" Pressure="0"/>
        <Point X="408" Y="137" T="0" Pressure="0"/>
        <Point X="410" Y="138" T="0" Pressure="0"/>
        <Point X="412" Y="139" T="0" Pressure="0"/>
        <Point X="414" Y="140" T="0" Pressure="0"/>
        <Point X="417" Y="141" T="0" Pressure="0"/>
        <Point X="420" Y="141" T="0" Pressure="0"/>
        <Point X="423" Y="142" T="0" Pressure="0"/>
        <Point X="426" Y="144" T="0" Pressure="0"/>
        <Point X="430" Y="145" T="0" Pressure="0"/>
        <Point X="435" Y="147" T="0" Pressure="0"/>
        <Point X="441" Y="148" T="0" Pressure="0"/>
        <Point X="446" Y="150" T="0" Pressure="0"/>
        <Point X="459" Y="154" T="0" Pressure="0"/>
        <Point X="465" Y="157" T="0" Pressure="0"/>
        <Point X="472" Y="160" T="0" Pressure="0"/>
        <Point X="484" Y="165" T="0" Pressure="0"/>
        <Point X="491" Y="167" T="0" Pressure="0"/>
        <Point X="497" Y="171" T="0" Pressure="0"/>
        <Point X="509" Y="176" T="0" Pressure="0"/>
        <Point X="516" Y="179" T="0" Pressure="0"/>
        <Point X="521" Y="182" T="0" Pressure="0"/>
        <Point X="531" Y="188" T="0" Pressure="0"/>
        <Point X="535" Y="191" T="0" Pressure="0"/>
        <Point X="539" Y="194" T="0" Pressure="0"/>
        <Point X="546" Y="200" T="0" Pressure="0"/>
        <Point X="549" Y="203" T="0" Pressure="0"/>
        <Point X="551" Y="206" T="0" Pressure="0"/>
        <Point X="553" Y="210" T="0" Pressure="0"/>
        <Point X="554" Y="213" T="0" Pressure="0"/>
        <Point X="555" Y="216" T="0" Pressure="0"/>
        <Point X="556" Y="220" T="0" Pressure="0"/>
        <Point X="555" Y="226" T="0" Pressure="0"/>
        <Point X="554" Y="229" T="0" Pressure="0"/>
        <Point X="550" Y="235" T="0" Pressure="0"/>
        <Point X="547" Y="237" T="0" Pressure="0"/>
        <Point X="544" Y="240" T="0" Pressure="0"/>
        <Point X="532" Y="248" T="0" Pressure="0"/>
        <Point X="527" Y="251" T="0" Pressure="0"/>
        <Point X="490" Y="276" T="0" Pressure="0"/>
        <Point X="484" Y="280" T="0" Pressure="0"/>
        <Point X="479" Y="285" T="0" Pressure="0"/>
        <Point X="475" Y="290" T="0" Pressure="0"/>
        <Point X="470" Y="295" T="0" Pressure="0"/>
        <Point X="463" Y="304" T="0" Pressure="0"/>
        <Point X="456" Y="313" T="0" Pressure="0"/>
        <Point X="454" Y="318" T="0" Pressure="0"/>
    </Stroke>
</Gesture>
