<?xml version="1.0" ?>
<Gesture Name="H~05" Subject="6" Number="5" NumPts="129" InputType="stylus" Speed="MEDIUM">
    <Stroke index="1">
        <Point X="300" Y="100" T="0" Pressure="0"/>
        <Point X="298" Y="99" T="0" Pressure="0"/>
        <Point X="298" Y="98" T="0" Pressure="0"/>
        <Point X="298" Y="97" T="0" Pressure="0"/>
        <Point X="297" Y="97" T="0" Pressure="0"/>
        <Point X="297" Y="98" T="0" Pressure="0"/>
        <Point X="297" Y="102" T="0" Pressure="0"/>
        <Point X="297" Y="103" T="0" Pressure="0"/>
        <Point X="297" Y="106" T="0" Pressure="0"/>
        <Point X="298" Y="109" T="0" Pressure="0"/>
        <Point X="298" Y="111" T="0" Pressure="0"/>
        <Point X="298" Y="115" T="0" Pressure="0"/>
        <Point X="298" Y="119" T="0" Pressure="0"/>
        <Point X="298" Y="123" T="0" Pressure="0"/>
        <Point X="299" Y="127" T="0" Pressure="0"/>
        <Point X="299" Y="132" T="0" Pressure="0"/>
        <Point X="299" Y="138" T="0" Pressure="0"/>
        <Point X="299" Y="150" T="0" Pressure="0"/>
        <Point X="299" Y="156" T="0" Pressure="0"/>
        <Point X="299" Y="162" T="0" Pressure="0"/>
        <Point X="299" Y="175" T="0" Pressure="0"/>
        <Point X="299" Y="181" T="0" Pressure="0"/>
        <Point X="299" Y="189" T="0" Pressure="0"/>
        <Point X="299" Y="202" T="0" Pressure="0"/>
        <Point X="298" Y="209" T="0" Pressure="0"/>
        <Point X="298" Y="216" T="0" Pressure="0"/>
        <Point X="297" Y="222" T="0" Pressure="0"/>
        <Point X="296" Y="229" T="0" Pressure="0"/>
        <Point X="296" Y="236" T="0" Pressure="0"/>
        <Point X="295" Y="242" T="0" Pressure="0"/>
        <Point X="295" Y="247" T="0" Pressure="0"/>
        <Point X="295" Y="253" T="0" Pressure="0"/>
        <Point X="295" Y="259" T="0" Pressure="0"/>
        <Point X="294" Y="264" T="0" Pressure="0"/>
        <Point X="294" Y="269" T="0" Pressure="0"/>
        <Point X="293" Y="273" T="0" Pressure="0"/>
        <Point X="293" Y="276" T="0" Pressure="0"/>
        <Point X="292" Y="279" T="0" Pressure="0"/>
        <Point X="292" Y="285" T="0" Pressure="0"/>
        <Point X="291" Y="287" T="0" Pressure="0"/>
        <Point X="291" Y="289" T="0" Pressure="0"/>
        <Point X="291" Y="290" T="0" Pressure="0"/>
        <Point X="291" Y="291" T="0" Pressure="0"/>
        <Point X="291" Y="292" T="0" Pressure="0"/>
        <Point X="291" Y="293" T="0" Pressure="0"/>
        <Point X="292" Y="293" T="0" Pressure="0"/>
        <Point X="292" Y="292" T="0" Pressure="0"/>
        <Point X="293" Y="291" T="0" Pressure="0"/>
    </Stroke>
    <Stroke index="2">
        <Point X="299" Y="207" T="0" Pressure="0"/>
        <Point X="299" Y="206" T="0" Pressure="0"/>
        <Point X="298" Y="205" T="0" Pressure="0"/>
        <Point X="298" Y="203" T="0" Pressure="0"/>
        <Point X="298" Y="202" T="0" Pressure="0"/>
        <Point X="299" Y="202" T="0" Pressure="0"/>
        <Point X="300" Y="201" T="0" Pressure="0"/>
        <Point X="303" Y="200" T="0" Pressure="0"/>
        <Point X="307" Y="200" T="0" Pressure="0"/>
        <Point X="313" Y="200" T="0" Pressure="0"/>
        <Point X="316" Y="199" T="0" Pressure="0"/>
        <Point X="320" Y="199" T="0" Pressure="0"/>
        <Point X="324" Y="199" T="0" Pressure="0"/>
        <Point X="328" Y="198" T="0" Pressure="0"/>
        <Point X="332" Y="197" T="0" Pressure="0"/>
        <Point X="336" Y="197" T="0" Pressure="0"/>
        <Point X="346" Y="196" T="0" Pressure="0"/>
        <Point X="351" Y="195" T="0" Pressure="0"/>
        <Point X="355" Y="194" T="0" Pressure="0"/>
        <Point X="360" Y="192" T="0" Pressure="0"/>
        <Point X="365" Y="192" T="0" Pressure="0"/>
        <Point X="370" Y="191" T="0" Pressure="0"/>
        <Point X="374" Y="191" T="0" Pressure="0"/>
        <Point X="378" Y="190" T="0" Pressure="0"/>
        <Point X="385" Y="189" T="0" Pressure="0"/>
        <Point X="389" Y="187" T="0" Pressure="0"/>
        <Point X="393" Y="187" T="0" Pressure="0"/>
        <Point X="396" Y="186" T="0" Pressure="0"/>
        <Point X="399" Y="186" T="0" Pressure="0"/>
        <Point X="402" Y="186" T="0" Pressure="0"/>
        <Point X="408" Y="185" T="0" Pressure="0"/>
        <Point X="411" Y="185" T="0" Pressure="0"/>
        <Point X="413" Y="185" T="0" Pressure="0"/>
        <Point X="417" Y="185" T="0" Pressure="0"/>
        <Point X="420" Y="184" T="0" Pressure="0"/>
        <Point X="423" Y="184" T="0" Pressure="0"/>
    </Stroke>
    <Stroke index="3">
        <Point X="414" Y="106" T="0" Pressure="0"/>
        <Point X="414" Y="105" T="0" Pressure="0"/>
        <Point X="414" Y="104" T="0" Pressure="0"/>
        <Point X="414" Y="103" T="0" Pressure="0"/>
        <Point X="414" Y="102" T="0" Pressure="0"/>
        <Point X="414" Y="103" T="0" Pressure="0"/>
        <Point X="414" Y="104" T="0" Pressure="0"/>
        <Point X="415" Y="106" T="0" Pressure="0"/>
        <Point X="415" Y="110" T="0" Pressure="0"/>
        <Point X="415" Y="113" T="0" Pressure="0"/>
        <Point X="415" Y="116" T="0" Pressure="0"/>
        <Point X="416" Y="122" T="0" Pressure="0"/>
        <Point X="416" Y="126" T="0" Pressure="0"/>
        <Point X="417" Y="130" T="0" Pressure="0"/>
        <Point X="418" Y="140" T="0" Pressure="0"/>
        <Point X="418" Y="146" T="0" Pressure="0"/>
        <Point X="418" Y="152" T="0" Pressure="0"/>
        <Point X="418" Y="157" T="0" Pressure="0"/>
        <Point X="419" Y="164" T="0" Pressure="0"/>
        <Point X="419" Y="176" T="0" Pressure="0"/>
        <Point X="419" Y="184" T="0" Pressure="0"/>
        <Point X="419" Y="190" T="0" Pressure="0"/>
        <Point X="419" Y="197" T="0" Pressure="0"/>
        <Point X="419" Y="203" T="0" Pressure="0"/>
        <Point X="419" Y="210" T="0" Pressure="0"/>
        <Point X="419" Y="217" T="0" Pressure="0"/>
        <Point X="419" Y="225" T="0" Pressure="0"/>
        <Point X="419" Y="231" T="0" Pressure="0"/>
        <Point X="419" Y="243" T="0" Pressure="0"/>
        <Point X="419" Y="249" T="0" Pressure="0"/>
        <Point X="419" Y="254" T="0" Pressure="0"/>
        <Point X="418" Y="263" T="0" Pressure="0"/>
        <Point X="418" Y="267" T="0" Pressure="0"/>
        <Point X="418" Y="270" T="0" Pressure="0"/>
        <Point X="418" Y="273" T="0" Pressure="0"/>
        <Point X="418" Y="276" T="0" Pressure="0"/>
        <Point X="418" Y="278" T="0" Pressure="0"/>
        <Point X="418" Y="280" T="0" Pressure="0"/>
        <Point X="418" Y="282" T="0" Pressure="0"/>
        <Point X="418" Y="284" T="0" Pressure="0"/>
        <Point X="419" Y="285" T="0" Pressure="0"/>
        <Point X="420" Y="285" T="0" Pressure="0"/>
        <Point X="421" Y="285" T="0" Pressure="0"/>
        <Point X="422" Y="285" T="0" Pressure="0"/>
        <Point X="423" Y="285" T="0" Pressure="0"/>
    </Stroke>
</Gesture>
