<?xml version="1.0" ?>
<Gesture Name="N~10" Subject="6" Number="10" NumPts="124" InputType="stylus" Speed="MEDIUM">
    <Stroke index="1">
        <Point X="289" Y="153" T="0" Pressure="0"/>
        <Point X="288" Y="152" T="0" Pressure="0"/>
        <Point X="288" Y="153" T="0" Pressure="0"/>
        <Point X="288" Y="155" T="0" Pressure="0"/>
        <Point X="288" Y="157" T="0" Pressure="0"/>
        <Point X="288" Y="160" T="0" Pressure="0"/>
        <Point X="290" Y="174" T="0" Pressure="0"/>
        <Point X="290" Y="179" T="0" Pressure="0"/>
        <Point X="291" Y="186" T="0" Pressure="0"/>
        <Point X="291" Y="194" T="0" Pressure="0"/>
        <Point X="291" Y="202" T="0" Pressure="0"/>
        <Point X="291" Y="209" T="0" Pressure="0"/>
        <Point X="291" Y="216" T="0" Pressure="0"/>
        <Point X="291" Y="225" T="0" Pressure="0"/>
        <Point X="291" Y="232" T="0" Pressure="0"/>
        <Point X="292" Y="241" T="0" Pressure="0"/>
        <Point X="292" Y="250" T="0" Pressure="0"/>
        <Point X="292" Y="258" T="0" Pressure="0"/>
        <Point X="292" Y="266" T="0" Pressure="0"/>
        <Point X="293" Y="274" T="0" Pressure="0"/>
        <Point X="293" Y="281" T="0" Pressure="0"/>
        <Point X="294" Y="296" T="0" Pressure="0"/>
        <Point X="294" Y="301" T="0" Pressure="0"/>
        <Point X="294" Y="306" T="0" Pressure="0"/>
        <Point X="294" Y="310" T="0" Pressure="0"/>
        <Point X="294" Y="315" T="0" Pressure="0"/>
        <Point X="294" Y="319" T="0" Pressure="0"/>
        <Point X="294" Y="323" T="0" Pressure="0"/>
        <Point X="294" Y="325" T="0" Pressure="0"/>
        <Point X="294" Y="327" T="0" Pressure="0"/>
        <Point X="294" Y="332" T="0" Pressure="0"/>
        <Point X="294" Y="333" T="0" Pressure="0"/>
        <Point X="294" Y="334" T="0" Pressure="0"/>
        <Point X="294" Y="335" T="0" Pressure="0"/>
        <Point X="294" Y="334" T="0" Pressure="0"/>
    </Stroke>
    <Stroke index="2">
        <Point X="286" Y="154" T="0" Pressure="0"/>
        <Point X="286" Y="153" T="0" Pressure="0"/>
        <Point X="286" Y="152" T="0" Pressure="0"/>
        <Point X="286" Y="151" T="0" Pressure="0"/>
        <Point X="287" Y="151" T="0" Pressure="0"/>
        <Point X="288" Y="151" T="0" Pressure="0"/>
        <Point X="289" Y="152" T="0" Pressure="0"/>
        <Point X="291" Y="153" T="0" Pressure="0"/>
        <Point X="292" Y="154" T="0" Pressure="0"/>
        <Point X="294" Y="156" T="0" Pressure="0"/>
        <Point X="296" Y="159" T="0" Pressure="0"/>
        <Point X="299" Y="161" T="0" Pressure="0"/>
        <Point X="302" Y="164" T="0" Pressure="0"/>
        <Point X="308" Y="171" T="0" Pressure="0"/>
        <Point X="311" Y="175" T="0" Pressure="0"/>
        <Point X="316" Y="179" T="0" Pressure="0"/>
        <Point X="320" Y="184" T="0" Pressure="0"/>
        <Point X="324" Y="190" T="0" Pressure="0"/>
        <Point X="328" Y="195" T="0" Pressure="0"/>
        <Point X="333" Y="201" T="0" Pressure="0"/>
        <Point X="337" Y="206" T="0" Pressure="0"/>
        <Point X="341" Y="212" T="0" Pressure="0"/>
        <Point X="345" Y="217" T="0" Pressure="0"/>
        <Point X="351" Y="224" T="0" Pressure="0"/>
        <Point X="355" Y="229" T="0" Pressure="0"/>
        <Point X="360" Y="236" T="0" Pressure="0"/>
        <Point X="365" Y="241" T="0" Pressure="0"/>
        <Point X="370" Y="247" T="0" Pressure="0"/>
        <Point X="375" Y="253" T="0" Pressure="0"/>
        <Point X="380" Y="259" T="0" Pressure="0"/>
        <Point X="385" Y="265" T="0" Pressure="0"/>
        <Point X="391" Y="270" T="0" Pressure="0"/>
        <Point X="396" Y="275" T="0" Pressure="0"/>
        <Point X="400" Y="279" T="0" Pressure="0"/>
        <Point X="405" Y="283" T="0" Pressure="0"/>
        <Point X="411" Y="287" T="0" Pressure="0"/>
        <Point X="415" Y="291" T="0" Pressure="0"/>
        <Point X="429" Y="300" T="0" Pressure="0"/>
        <Point X="433" Y="302" T="0" Pressure="0"/>
        <Point X="437" Y="304" T="0" Pressure="0"/>
        <Point X="441" Y="306" T="0" Pressure="0"/>
        <Point X="445" Y="309" T="0" Pressure="0"/>
        <Point X="448" Y="310" T="0" Pressure="0"/>
        <Point X="450" Y="311" T="0" Pressure="0"/>
        <Point X="453" Y="313" T="0" Pressure="0"/>
        <Point X="457" Y="314" T="0" Pressure="0"/>
        <Point X="460" Y="315" T="0" Pressure="0"/>
        <Point X="463" Y="315" T="0" Pressure="0"/>
    </Stroke>
    <Stroke index="3">
        <Point X="456" Y="166" T="0" Pressure="0"/>
        <Point X="456" Y="165" T="0" Pressure="0"/>
        <Point X="455" Y="165" T="0" Pressure="0"/>
        <Point X="455" Y="167" T="0" Pressure="0"/>
        <Point X="456" Y="170" T="0" Pressure="0"/>
        <Point X="456" Y="172" T="0" Pressure="0"/>
        <Point X="456" Y="177" T="0" Pressure="0"/>
        <Point X="457" Y="181" T="0" Pressure="0"/>
        <Point X="457" Y="187" T="0" Pressure="0"/>
        <Point X="459" Y="194" T="0" Pressure="0"/>
        <Point X="459" Y="201" T="0" Pressure="0"/>
        <Point X="460" Y="207" T="0" Pressure="0"/>
        <Point X="460" Y="215" T="0" Pressure="0"/>
        <Point X="460" Y="222" T="0" Pressure="0"/>
        <Point X="460" Y="229" T="0" Pressure="0"/>
        <Point X="461" Y="235" T="0" Pressure="0"/>
        <Point X="461" Y="242" T="0" Pressure="0"/>
        <Point X="461" Y="250" T="0" Pressure="0"/>
        <Point X="462" Y="257" T="0" Pressure="0"/>
        <Point X="462" Y="264" T="0" Pressure="0"/>
        <Point X="463" Y="272" T="0" Pressure="0"/>
        <Point X="463" Y="278" T="0" Pressure="0"/>
        <Point X="463" Y="284" T="0" Pressure="0"/>
        <Point X="463" Y="290" T="0" Pressure="0"/>
        <Point X="464" Y="296" T="0" Pressure="0"/>
        <Point X="464" Y="301" T="0" Pressure="0"/>
        <Point X="464" Y="306" T="0" Pressure="0"/>
        <Point X="464" Y="310" T="0" Pressure="0"/>
        <Point X="464" Y="315" T="0" Pressure="0"/>
        <Point X="464" Y="319" T="0" Pressure="0"/>
        <Point X="464" Y="322" T="0" Pressure="0"/>
        <Point X="464" Y="325" T="0" Pressure="0"/>
        <Point X="464" Y="328" T="0" Pressure="0"/>
        <Point X="464" Y="330" T="0" Pressure="0"/>
        <Point X="463" Y="333" T="0" Pressure="0"/>
        <Point X="463" Y="335" T="0" Pressure="0"/>
        <Point X="463" Y="336" T="0" Pressure="0"/>
        <Point X="463" Y="338" T="0" Pressure="0"/>
        <Point X="463" Y="339" T="0" Pressure="0"/>
        <Point X="463" Y="340" T="0" Pressure="0"/>
        <Point X="464" Y="340" T="0" Pressure="0"/>
    </Stroke>
</Gesture>
