<?xml version="1.0" ?>
<Gesture Name="P~09" Subject="6" Number="9" NumPts="101" InputType="stylus" Speed="MEDIUM">
    <Stroke index="1">
        <Point X="333" Y="128" T="0" Pressure="0"/>
        <Point X="333" Y="129" T="0" Pressure="0"/>
        <Point X="332" Y="129" T="0" Pressure="0"/>
        <Point X="332" Y="130" T="0" Pressure="0"/>
        <Point X="332" Y="135" T="0" Pressure="0"/>
        <Point X="332" Y="139" T="0" Pressure="0"/>
        <Point X="332" Y="144" T="0" Pressure="0"/>
        <Point X="332" Y="149" T="0" Pressure="0"/>
        <Point X="332" Y="155" T="0" Pressure="0"/>
        <Point X="332" Y="169" T="0" Pressure="0"/>
        <Point X="332" Y="184" T="0" Pressure="0"/>
        <Point X="332" Y="191" T="0" Pressure="0"/>
        <Point X="332" Y="200" T="0" Pressure="0"/>
        <Point X="331" Y="207" T="0" Pressure="0"/>
        <Point X="331" Y="224" T="0" Pressure="0"/>
        <Point X="330" Y="233" T="0" Pressure="0"/>
        <Point X="330" Y="241" T="0" Pressure="0"/>
        <Point X="329" Y="249" T="0" Pressure="0"/>
        <Point X="329" Y="256" T="0" Pressure="0"/>
        <Point X="329" Y="265" T="0" Pressure="0"/>
        <Point X="329" Y="272" T="0" Pressure="0"/>
        <Point X="329" Y="279" T="0" Pressure="0"/>
        <Point X="328" Y="297" T="0" Pressure="0"/>
        <Point X="328" Y="301" T="0" Pressure="0"/>
        <Point X="328" Y="306" T="0" Pressure="0"/>
        <Point X="328" Y="310" T="0" Pressure="0"/>
        <Point X="328" Y="314" T="0" Pressure="0"/>
        <Point X="328" Y="317" T="0" Pressure="0"/>
        <Point X="328" Y="320" T="0" Pressure="0"/>
        <Point X="328" Y="323" T="0" Pressure="0"/>
        <Point X="328" Y="325" T="0" Pressure="0"/>
        <Point X="328" Y="327" T="0" Pressure="0"/>
        <Point X="328" Y="328" T="0" Pressure="0"/>
        <Point X="327" Y="329" T="0" Pressure="0"/>
        <Point X="327" Y="330" T="0" Pressure="0"/>
        <Point X="327" Y="331" T="0" Pressure="0"/>
        <Point X="328" Y="331" T="0" Pressure="0"/>
        <Point X="329" Y="330" T="0" Pressure="0"/>
        <Point X="329" Y="329" T="0" Pressure="0"/>
    </Stroke>
    <Stroke index="2">
        <Point X="323" Y="124" T="0" Pressure="0"/>
        <Point X="322" Y="122" T="0" Pressure="0"/>
        <Point X="322" Y="118" T="0" Pressure="0"/>
        <Point X="322" Y="116" T="0" Pressure="0"/>
        <Point X="324" Y="115" T="0" Pressure="0"/>
        <Point X="325" Y="113" T="0" Pressure="0"/>
        <Point X="325" Y="112" T="0" Pressure="0"/>
        <Point X="327" Y="111" T="0" Pressure="0"/>
        <Point X="329" Y="111" T="0" Pressure="0"/>
        <Point X="331" Y="110" T="0" Pressure="0"/>
        <Point X="333" Y="110" T="0" Pressure="0"/>
        <Point X="336" Y="110" T="0" Pressure="0"/>
        <Point X="339" Y="110" T="0" Pressure="0"/>
        <Point X="341" Y="110" T="0" Pressure="0"/>
        <Point X="350" Y="109" T="0" Pressure="0"/>
        <Point X="354" Y="109" T="0" Pressure="0"/>
        <Point X="358" Y="108" T="0" Pressure="0"/>
        <Point X="362" Y="108" T="0" Pressure="0"/>
        <Point X="366" Y="108" T="0" Pressure="0"/>
        <Point X="370" Y="108" T="0" Pressure="0"/>
        <Point X="380" Y="109" T="0" Pressure="0"/>
        <Point X="384" Y="109" T="0" Pressure="0"/>
        <Point X="388" Y="110" T="0" Pressure="0"/>
        <Point X="396" Y="113" T="0" Pressure="0"/>
        <Point X="401" Y="115" T="0" Pressure="0"/>
        <Point X="404" Y="116" T="0" Pressure="0"/>
        <Point X="415" Y="124" T="0" Pressure="0"/>
        <Point X="417" Y="127" T="0" Pressure="0"/>
        <Point X="420" Y="130" T="0" Pressure="0"/>
        <Point X="422" Y="133" T="0" Pressure="0"/>
        <Point X="423" Y="136" T="0" Pressure="0"/>
        <Point X="423" Y="140" T="0" Pressure="0"/>
        <Point X="424" Y="144" T="0" Pressure="0"/>
        <Point X="424" Y="147" T="0" Pressure="0"/>
        <Point X="425" Y="152" T="0" Pressure="0"/>
        <Point X="425" Y="155" T="0" Pressure="0"/>
        <Point X="424" Y="159" T="0" Pressure="0"/>
        <Point X="423" Y="162" T="0" Pressure="0"/>
        <Point X="422" Y="166" T="0" Pressure="0"/>
        <Point X="419" Y="169" T="0" Pressure="0"/>
        <Point X="417" Y="173" T="0" Pressure="0"/>
        <Point X="415" Y="176" T="0" Pressure="0"/>
        <Point X="411" Y="178" T="0" Pressure="0"/>
        <Point X="408" Y="181" T="0" Pressure="0"/>
        <Point X="400" Y="186" T="0" Pressure="0"/>
        <Point X="396" Y="189" T="0" Pressure="0"/>
        <Point X="392" Y="191" T="0" Pressure="0"/>
        <Point X="383" Y="194" T="0" Pressure="0"/>
        <Point X="378" Y="196" T="0" Pressure="0"/>
        <Point X="374" Y="197" T="0" Pressure="0"/>
        <Point X="369" Y="198" T="0" Pressure="0"/>
        <Point X="364" Y="199" T="0" Pressure="0"/>
        <Point X="356" Y="201" T="0" Pressure="0"/>
        <Point X="352" Y="201" T="0" Pressure="0"/>
        <Point X="345" Y="202" T="0" Pressure="0"/>
        <Point X="343" Y="202" T="0" Pressure="0"/>
        <Point X="337" Y="202" T="0" Pressure="0"/>
        <Point X="336" Y="202" T="0" Pressure="0"/>
        <Point X="334" Y="203" T="0" Pressure="0"/>
        <Point X="332" Y="203" T="0" Pressure="0"/>
        <Point X="331" Y="204" T="0" Pressure="0"/>
        <Point X="330" Y="205" T="0" Pressure="0"/>
    </Stroke>
</Gesture>
