<?xml version="1.0" ?>
<Gesture Name="null~02" Subject="6" Number="2" NumPts="126" InputType="stylus" Speed="MEDIUM">
    <Stroke index="1">
        <Point X="321" Y="156" T="0" Pressure="0"/>
        <Point X="318" Y="160" T="0" Pressure="0"/>
        <Point X="317" Y="161" T="0" Pressure="0"/>
        <Point X="316" Y="165" T="0" Pressure="0"/>
        <Point X="315" Y="167" T="0" Pressure="0"/>
        <Point X="314" Y="171" T="0" Pressure="0"/>
        <Point X="314" Y="175" T="0" Pressure="0"/>
        <Point X="313" Y="180" T="0" Pressure="0"/>
        <Point X="313" Y="184" T="0" Pressure="0"/>
        <Point X="313" Y="188" T="0" Pressure="0"/>
        <Point X="313" Y="192" T="0" Pressure="0"/>
        <Point X="313" Y="197" T="0" Pressure="0"/>
        <Point X="313" Y="202" T="0" Pressure="0"/>
        <Point X="314" Y="207" T="0" Pressure="0"/>
        <Point X="314" Y="211" T="0" Pressure="0"/>
        <Point X="316" Y="216" T="0" Pressure="0"/>
        <Point X="317" Y="221" T="0" Pressure="0"/>
        <Point X="317" Y="226" T="0" Pressure="0"/>
        <Point X="319" Y="230" T="0" Pressure="0"/>
        <Point X="321" Y="236" T="0" Pressure="0"/>
        <Point X="325" Y="245" T="0" Pressure="0"/>
        <Point X="341" Y="270" T="0" Pressure="0"/>
        <Point X="353" Y="277" T="0" Pressure="0"/>
        <Point X="377" Y="283" T="0" Pressure="0"/>
        <Point X="381" Y="283" T="0" Pressure="0"/>
        <Point X="384" Y="282" T="0" Pressure="0"/>
        <Point X="388" Y="281" T="0" Pressure="0"/>
        <Point X="392" Y="279" T="0" Pressure="0"/>
        <Point X="398" Y="276" T="0" Pressure="0"/>
        <Point X="402" Y="275" T="0" Pressure="0"/>
        <Point X="409" Y="270" T="0" Pressure="0"/>
        <Point X="412" Y="267" T="0" Pressure="0"/>
        <Point X="416" Y="266" T="0" Pressure="0"/>
        <Point X="419" Y="263" T="0" Pressure="0"/>
        <Point X="423" Y="260" T="0" Pressure="0"/>
        <Point X="425" Y="257" T="0" Pressure="0"/>
        <Point X="437" Y="241" T="0" Pressure="0"/>
        <Point X="438" Y="237" T="0" Pressure="0"/>
        <Point X="440" Y="233" T="0" Pressure="0"/>
        <Point X="441" Y="221" T="0" Pressure="0"/>
        <Point X="440" Y="212" T="0" Pressure="0"/>
        <Point X="439" Y="207" T="0" Pressure="0"/>
        <Point X="438" Y="202" T="0" Pressure="0"/>
        <Point X="437" Y="198" T="0" Pressure="0"/>
        <Point X="435" Y="194" T="0" Pressure="0"/>
        <Point X="431" Y="184" T="0" Pressure="0"/>
        <Point X="429" Y="180" T="0" Pressure="0"/>
        <Point X="426" Y="176" T="0" Pressure="0"/>
        <Point X="419" Y="168" T="0" Pressure="0"/>
        <Point X="416" Y="165" T="0" Pressure="0"/>
        <Point X="412" Y="162" T="0" Pressure="0"/>
        <Point X="404" Y="157" T="0" Pressure="0"/>
        <Point X="399" Y="154" T="0" Pressure="0"/>
        <Point X="395" Y="153" T="0" Pressure="0"/>
        <Point X="385" Y="151" T="0" Pressure="0"/>
        <Point X="380" Y="150" T="0" Pressure="0"/>
        <Point X="374" Y="149" T="0" Pressure="0"/>
        <Point X="369" Y="148" T="0" Pressure="0"/>
        <Point X="364" Y="147" T="0" Pressure="0"/>
        <Point X="360" Y="147" T="0" Pressure="0"/>
        <Point X="355" Y="147" T="0" Pressure="0"/>
        <Point X="351" Y="147" T="0" Pressure="0"/>
        <Point X="347" Y="147" T="0" Pressure="0"/>
        <Point X="343" Y="147" T="0" Pressure="0"/>
        <Point X="340" Y="147" T="0" Pressure="0"/>
        <Point X="337" Y="147" T="0" Pressure="0"/>
        <Point X="335" Y="149" T="0" Pressure="0"/>
        <Point X="332" Y="150" T="0" Pressure="0"/>
        <Point X="329" Y="152" T="0" Pressure="0"/>
        <Point X="325" Y="156" T="0" Pressure="0"/>
    </Stroke>
    <Stroke index="2">
        <Point X="430" Y="104" T="0" Pressure="0"/>
        <Point X="429" Y="105" T="0" Pressure="0"/>
        <Point X="426" Y="105" T="0" Pressure="0"/>
        <Point X="422" Y="105" T="0" Pressure="0"/>
        <Point X="420" Y="105" T="0" Pressure="0"/>
        <Point X="419" Y="106" T="0" Pressure="0"/>
        <Point X="417" Y="108" T="0" Pressure="0"/>
        <Point X="415" Y="110" T="0" Pressure="0"/>
        <Point X="412" Y="113" T="0" Pressure="0"/>
        <Point X="411" Y="116" T="0" Pressure="0"/>
        <Point X="408" Y="119" T="0" Pressure="0"/>
        <Point X="405" Y="123" T="0" Pressure="0"/>
        <Point X="403" Y="127" T="0" Pressure="0"/>
        <Point X="400" Y="132" T="0" Pressure="0"/>
        <Point X="396" Y="139" T="0" Pressure="0"/>
        <Point X="393" Y="144" T="0" Pressure="0"/>
        <Point X="390" Y="150" T="0" Pressure="0"/>
        <Point X="388" Y="156" T="0" Pressure="0"/>
        <Point X="384" Y="163" T="0" Pressure="0"/>
        <Point X="381" Y="170" T="0" Pressure="0"/>
        <Point X="378" Y="178" T="0" Pressure="0"/>
        <Point X="374" Y="184" T="0" Pressure="0"/>
        <Point X="371" Y="191" T="0" Pressure="0"/>
        <Point X="367" Y="199" T="0" Pressure="0"/>
        <Point X="364" Y="205" T="0" Pressure="0"/>
        <Point X="360" Y="212" T="0" Pressure="0"/>
        <Point X="357" Y="220" T="0" Pressure="0"/>
        <Point X="354" Y="225" T="0" Pressure="0"/>
        <Point X="350" Y="231" T="0" Pressure="0"/>
        <Point X="346" Y="237" T="0" Pressure="0"/>
        <Point X="342" Y="243" T="0" Pressure="0"/>
        <Point X="338" Y="249" T="0" Pressure="0"/>
        <Point X="333" Y="255" T="0" Pressure="0"/>
        <Point X="330" Y="260" T="0" Pressure="0"/>
        <Point X="326" Y="266" T="0" Pressure="0"/>
        <Point X="322" Y="272" T="0" Pressure="0"/>
        <Point X="318" Y="276" T="0" Pressure="0"/>
        <Point X="314" Y="281" T="0" Pressure="0"/>
        <Point X="310" Y="287" T="0" Pressure="0"/>
        <Point X="307" Y="291" T="0" Pressure="0"/>
        <Point X="304" Y="295" T="0" Pressure="0"/>
        <Point X="301" Y="299" T="0" Pressure="0"/>
        <Point X="298" Y="302" T="0" Pressure="0"/>
        <Point X="295" Y="305" T="0" Pressure="0"/>
        <Point X="290" Y="311" T="0" Pressure="0"/>
        <Point X="287" Y="314" T="0" Pressure="0"/>
        <Point X="286" Y="316" T="0" Pressure="0"/>
        <Point X="284" Y="318" T="0" Pressure="0"/>
        <Point X="283" Y="320" T="0" Pressure="0"/>
        <Point X="282" Y="322" T="0" Pressure="0"/>
        <Point X="281" Y="324" T="0" Pressure="0"/>
        <Point X="281" Y="325" T="0" Pressure="0"/>
        <Point X="280" Y="326" T="0" Pressure="0"/>
        <Point X="280" Y="328" T="0" Pressure="0"/>
        <Point X="280" Y="329" T="0" Pressure="0"/>
        <Point X="282" Y="331" T="0" Pressure="0"/>
    </Stroke>
</Gesture>
