<?xml version="1.0" ?>
<Gesture Name="six_point_star~01" Subject="6" Number="1" NumPts="229" InputType="stylus" Speed="MEDIUM">
    <Stroke index="1">
        <Point X="291" Y="272" T="0" Pressure="0"/>
        <Point X="291" Y="271" T="0" Pressure="0"/>
        <Point X="292" Y="269" T="0" Pressure="0"/>
        <Point X="292" Y="268" T="0" Pressure="0"/>
        <Point X="292" Y="266" T="0" Pressure="0"/>
        <Point X="293" Y="264" T="0" Pressure="0"/>
        <Point X="294" Y="262" T="0" Pressure="0"/>
        <Point X="294" Y="261" T="0" Pressure="0"/>
        <Point X="295" Y="259" T="0" Pressure="0"/>
        <Point X="295" Y="256" T="0" Pressure="0"/>
        <Point X="295" Y="254" T="0" Pressure="0"/>
        <Point X="296" Y="252" T="0" Pressure="0"/>
        <Point X="299" Y="246" T="0" Pressure="0"/>
        <Point X="299" Y="242" T="0" Pressure="0"/>
        <Point X="302" Y="229" T="0" Pressure="0"/>
        <Point X="304" Y="225" T="0" Pressure="0"/>
        <Point X="306" Y="215" T="0" Pressure="0"/>
        <Point X="310" Y="204" T="0" Pressure="0"/>
        <Point X="311" Y="198" T="0" Pressure="0"/>
        <Point X="313" Y="192" T="0" Pressure="0"/>
        <Point X="316" Y="180" T="0" Pressure="0"/>
        <Point X="321" Y="161" T="0" Pressure="0"/>
        <Point X="328" Y="143" T="0" Pressure="0"/>
        <Point X="331" Y="137" T="0" Pressure="0"/>
        <Point X="333" Y="132" T="0" Pressure="0"/>
        <Point X="336" Y="127" T="0" Pressure="0"/>
        <Point X="339" Y="122" T="0" Pressure="0"/>
        <Point X="341" Y="117" T="0" Pressure="0"/>
        <Point X="344" Y="113" T="0" Pressure="0"/>
        <Point X="348" Y="109" T="0" Pressure="0"/>
        <Point X="351" Y="105" T="0" Pressure="0"/>
        <Point X="357" Y="98" T="0" Pressure="0"/>
        <Point X="363" Y="92" T="0" Pressure="0"/>
        <Point X="366" Y="90" T="0" Pressure="0"/>
        <Point X="372" Y="85" T="0" Pressure="0"/>
        <Point X="374" Y="84" T="0" Pressure="0"/>
        <Point X="378" Y="82" T="0" Pressure="0"/>
        <Point X="380" Y="81" T="0" Pressure="0"/>
        <Point X="382" Y="80" T="0" Pressure="0"/>
        <Point X="385" Y="80" T="0" Pressure="0"/>
        <Point X="387" Y="80" T="0" Pressure="0"/>
        <Point X="389" Y="80" T="0" Pressure="0"/>
        <Point X="394" Y="82" T="0" Pressure="0"/>
        <Point X="396" Y="84" T="0" Pressure="0"/>
        <Point X="399" Y="85" T="0" Pressure="0"/>
        <Point X="400" Y="88" T="0" Pressure="0"/>
        <Point X="404" Y="93" T="0" Pressure="0"/>
        <Point X="407" Y="97" T="0" Pressure="0"/>
        <Point X="413" Y="112" T="0" Pressure="0"/>
        <Point X="416" Y="122" T="0" Pressure="0"/>
        <Point X="419" Y="132" T="0" Pressure="0"/>
        <Point X="421" Y="137" T="0" Pressure="0"/>
        <Point X="423" Y="143" T="0" Pressure="0"/>
        <Point X="426" Y="155" T="0" Pressure="0"/>
        <Point X="430" Y="167" T="0" Pressure="0"/>
        <Point X="431" Y="172" T="0" Pressure="0"/>
        <Point X="433" Y="178" T="0" Pressure="0"/>
        <Point X="434" Y="184" T="0" Pressure="0"/>
        <Point X="438" Y="196" T="0" Pressure="0"/>
        <Point X="441" Y="205" T="0" Pressure="0"/>
        <Point X="442" Y="211" T="0" Pressure="0"/>
        <Point X="444" Y="216" T="0" Pressure="0"/>
        <Point X="445" Y="221" T="0" Pressure="0"/>
        <Point X="449" Y="229" T="0" Pressure="0"/>
        <Point X="453" Y="242" T="0" Pressure="0"/>
        <Point X="454" Y="247" T="0" Pressure="0"/>
        <Point X="454" Y="254" T="0" Pressure="0"/>
        <Point X="453" Y="255" T="0" Pressure="0"/>
        <Point X="453" Y="256" T="0" Pressure="0"/>
        <Point X="451" Y="257" T="0" Pressure="0"/>
        <Point X="448" Y="259" T="0" Pressure="0"/>
        <Point X="446" Y="259" T="0" Pressure="0"/>
        <Point X="441" Y="259" T="0" Pressure="0"/>
        <Point X="438" Y="259" T="0" Pressure="0"/>
        <Point X="435" Y="259" T="0" Pressure="0"/>
        <Point X="432" Y="259" T="0" Pressure="0"/>
        <Point X="428" Y="259" T="0" Pressure="0"/>
        <Point X="424" Y="258" T="0" Pressure="0"/>
        <Point X="420" Y="257" T="0" Pressure="0"/>
        <Point X="415" Y="256" T="0" Pressure="0"/>
        <Point X="411" Y="256" T="0" Pressure="0"/>
        <Point X="405" Y="255" T="0" Pressure="0"/>
        <Point X="400" Y="254" T="0" Pressure="0"/>
        <Point X="394" Y="254" T="0" Pressure="0"/>
        <Point X="389" Y="253" T="0" Pressure="0"/>
        <Point X="382" Y="253" T="0" Pressure="0"/>
        <Point X="377" Y="253" T="0" Pressure="0"/>
        <Point X="371" Y="252" T="0" Pressure="0"/>
        <Point X="361" Y="252" T="0" Pressure="0"/>
        <Point X="356" Y="252" T="0" Pressure="0"/>
        <Point X="352" Y="252" T="0" Pressure="0"/>
        <Point X="347" Y="252" T="0" Pressure="0"/>
        <Point X="343" Y="252" T="0" Pressure="0"/>
        <Point X="338" Y="252" T="0" Pressure="0"/>
        <Point X="334" Y="252" T="0" Pressure="0"/>
        <Point X="330" Y="253" T="0" Pressure="0"/>
        <Point X="326" Y="253" T="0" Pressure="0"/>
        <Point X="322" Y="254" T="0" Pressure="0"/>
        <Point X="320" Y="254" T="0" Pressure="0"/>
        <Point X="314" Y="255" T="0" Pressure="0"/>
        <Point X="307" Y="255" T="0" Pressure="0"/>
        <Point X="303" Y="255" T="0" Pressure="0"/>
        <Point X="302" Y="255" T="0" Pressure="0"/>
    </Stroke>
    <Stroke index="2">
        <Point X="289" Y="150" T="0" Pressure="0"/>
        <Point X="287" Y="146" T="0" Pressure="0"/>
        <Point X="288" Y="147" T="0" Pressure="0"/>
        <Point X="289" Y="149" T="0" Pressure="0"/>
        <Point X="291" Y="151" T="0" Pressure="0"/>
        <Point X="291" Y="153" T="0" Pressure="0"/>
        <Point X="294" Y="155" T="0" Pressure="0"/>
        <Point X="295" Y="159" T="0" Pressure="0"/>
        <Point X="296" Y="161" T="0" Pressure="0"/>
        <Point X="299" Y="165" T="0" Pressure="0"/>
        <Point X="301" Y="170" T="0" Pressure="0"/>
        <Point X="303" Y="175" T="0" Pressure="0"/>
        <Point X="306" Y="181" T="0" Pressure="0"/>
        <Point X="310" Y="187" T="0" Pressure="0"/>
        <Point X="313" Y="194" T="0" Pressure="0"/>
        <Point X="315" Y="201" T="0" Pressure="0"/>
        <Point X="318" Y="209" T="0" Pressure="0"/>
        <Point X="321" Y="216" T="0" Pressure="0"/>
        <Point X="324" Y="224" T="0" Pressure="0"/>
        <Point X="326" Y="231" T="0" Pressure="0"/>
        <Point X="329" Y="239" T="0" Pressure="0"/>
        <Point X="332" Y="247" T="0" Pressure="0"/>
        <Point X="335" Y="254" T="0" Pressure="0"/>
        <Point X="337" Y="262" T="0" Pressure="0"/>
        <Point X="340" Y="271" T="0" Pressure="0"/>
        <Point X="343" Y="278" T="0" Pressure="0"/>
        <Point X="345" Y="285" T="0" Pressure="0"/>
        <Point X="347" Y="292" T="0" Pressure="0"/>
        <Point X="351" Y="299" T="0" Pressure="0"/>
        <Point X="355" Y="311" T="0" Pressure="0"/>
        <Point X="357" Y="316" T="0" Pressure="0"/>
        <Point X="359" Y="321" T="0" Pressure="0"/>
        <Point X="361" Y="326" T="0" Pressure="0"/>
        <Point X="362" Y="329" T="0" Pressure="0"/>
        <Point X="365" Y="334" T="0" Pressure="0"/>
        <Point X="366" Y="336" T="0" Pressure="0"/>
        <Point X="368" Y="339" T="0" Pressure="0"/>
        <Point X="370" Y="340" T="0" Pressure="0"/>
        <Point X="371" Y="342" T="0" Pressure="0"/>
        <Point X="375" Y="344" T="0" Pressure="0"/>
        <Point X="377" Y="344" T="0" Pressure="0"/>
        <Point X="379" Y="344" T="0" Pressure="0"/>
        <Point X="386" Y="340" T="0" Pressure="0"/>
        <Point X="389" Y="337" T="0" Pressure="0"/>
        <Point X="393" Y="334" T="0" Pressure="0"/>
        <Point X="396" Y="329" T="0" Pressure="0"/>
        <Point X="400" Y="325" T="0" Pressure="0"/>
        <Point X="404" Y="319" T="0" Pressure="0"/>
        <Point X="407" Y="312" T="0" Pressure="0"/>
        <Point X="411" Y="305" T="0" Pressure="0"/>
        <Point X="415" Y="298" T="0" Pressure="0"/>
        <Point X="419" Y="290" T="0" Pressure="0"/>
        <Point X="423" Y="282" T="0" Pressure="0"/>
        <Point X="426" Y="276" T="0" Pressure="0"/>
        <Point X="430" Y="268" T="0" Pressure="0"/>
        <Point X="434" Y="261" T="0" Pressure="0"/>
        <Point X="437" Y="254" T="0" Pressure="0"/>
        <Point X="440" Y="247" T="0" Pressure="0"/>
        <Point X="442" Y="240" T="0" Pressure="0"/>
        <Point X="445" Y="234" T="0" Pressure="0"/>
        <Point X="448" Y="227" T="0" Pressure="0"/>
        <Point X="450" Y="220" T="0" Pressure="0"/>
        <Point X="453" Y="213" T="0" Pressure="0"/>
        <Point X="455" Y="206" T="0" Pressure="0"/>
        <Point X="457" Y="201" T="0" Pressure="0"/>
        <Point X="459" Y="195" T="0" Pressure="0"/>
        <Point X="461" Y="189" T="0" Pressure="0"/>
        <Point X="463" Y="182" T="0" Pressure="0"/>
        <Point X="465" Y="177" T="0" Pressure="0"/>
        <Point X="467" Y="171" T="0" Pressure="0"/>
        <Point X="469" Y="166" T="0" Pressure="0"/>
        <Point X="471" Y="161" T="0" Pressure="0"/>
        <Point X="472" Y="156" T="0" Pressure="0"/>
        <Point X="475" Y="152" T="0" Pressure="0"/>
        <Point X="476" Y="147" T="0" Pressure="0"/>
        <Point X="478" Y="144" T="0" Pressure="0"/>
        <Point X="479" Y="141" T="0" Pressure="0"/>
        <Point X="480" Y="137" T="0" Pressure="0"/>
        <Point X="480" Y="135" T="0" Pressure="0"/>
        <Point X="481" Y="133" T="0" Pressure="0"/>
        <Point X="481" Y="131" T="0" Pressure="0"/>
        <Point X="481" Y="130" T="0" Pressure="0"/>
        <Point X="480" Y="129" T="0" Pressure="0"/>
        <Point X="480" Y="128" T="0" Pressure="0"/>
        <Point X="479" Y="127" T="0" Pressure="0"/>
        <Point X="477" Y="127" T="0" Pressure="0"/>
        <Point X="475" Y="127" T="0" Pressure="0"/>
        <Point X="473" Y="126" T="0" Pressure="0"/>
        <Point X="471" Y="126" T="0" Pressure="0"/>
        <Point X="468" Y="126" T="0" Pressure="0"/>
        <Point X="464" Y="126" T="0" Pressure="0"/>
        <Point X="460" Y="126" T="0" Pressure="0"/>
        <Point X="456" Y="127" T="0" Pressure="0"/>
        <Point X="450" Y="127" T="0" Pressure="0"/>
        <Point X="445" Y="128" T="0" Pressure="0"/>
        <Point X="440" Y="129" T="0" Pressure="0"/>
        <Point X="434" Y="131" T="0" Pressure="0"/>
        <Point X="427" Y="132" T="0" Pressure="0"/>
        <Point X="420" Y="134" T="0" Pressure="0"/>
        <Point X="412" Y="135" T="0" Pressure="0"/>
        <Point X="405" Y="136" T="0" Pressure="0"/>
        <Point X="397" Y="138" T="0" Pressure="0"/>
        <Point X="390" Y="139" T="0" Pressure="0"/>
        <Point X="382" Y="140" T="0" Pressure="0"/>
        <Point X="374" Y="141" T="0" Pressure="0"/>
        <Point X="366" Y="142" T="0" Pressure="0"/>
        <Point X="359" Y="142" T="0" Pressure="0"/>
        <Point X="353" Y="143" T="0" Pressure="0"/>
        <Point X="347" Y="143" T="0" Pressure="0"/>
        <Point X="340" Y="144" T="0" Pressure="0"/>
        <Point X="333" Y="144" T="0" Pressure="0"/>
        <Point X="327" Y="144" T="0" Pressure="0"/>
        <Point X="322" Y="144" T="0" Pressure="0"/>
        <Point X="317" Y="144" T="0" Pressure="0"/>
        <Point X="313" Y="144" T="0" Pressure="0"/>
        <Point X="309" Y="144" T="0" Pressure="0"/>
        <Point X="305" Y="144" T="0" Pressure="0"/>
        <Point X="301" Y="144" T="0" Pressure="0"/>
        <Point X="298" Y="145" T="0" Pressure="0"/>
        <Point X="295" Y="145" T="0" Pressure="0"/>
        <Point X="292" Y="146" T="0" Pressure="0"/>
        <Point X="290" Y="147" T="0" Pressure="0"/>
        <Point X="288" Y="148" T="0" Pressure="0"/>
        <Point X="287" Y="149" T="0" Pressure="0"/>
        <Point X="285" Y="151" T="0" Pressure="0"/>
        <Point X="284" Y="152" T="0" Pressure="0"/>
    </Stroke>
</Gesture>
