<?xml version="1.0" ?>
<Gesture Name="N~04" Subject="6" Number="4" NumPts="120" InputType="stylus" Speed="MEDIUM">
    <Stroke index="1">
        <Point X="287" Y="142" T="0" Pressure="0"/>
        <Point X="285" Y="146" T="0" Pressure="0"/>
        <Point X="284" Y="146" T="0" Pressure="0"/>
        <Point X="284" Y="147" T="0" Pressure="0"/>
        <Point X="284" Y="149" T="0" Pressure="0"/>
        <Point X="284" Y="152" T="0" Pressure="0"/>
        <Point X="283" Y="155" T="0" Pressure="0"/>
        <Point X="283" Y="160" T="0" Pressure="0"/>
        <Point X="283" Y="165" T="0" Pressure="0"/>
        <Point X="283" Y="170" T="0" Pressure="0"/>
        <Point X="281" Y="184" T="0" Pressure="0"/>
        <Point X="281" Y="191" T="0" Pressure="0"/>
        <Point X="281" Y="201" T="0" Pressure="0"/>
        <Point X="280" Y="208" T="0" Pressure="0"/>
        <Point X="280" Y="216" T="0" Pressure="0"/>
        <Point X="280" Y="226" T="0" Pressure="0"/>
        <Point X="280" Y="234" T="0" Pressure="0"/>
        <Point X="280" Y="244" T="0" Pressure="0"/>
        <Point X="280" Y="254" T="0" Pressure="0"/>
        <Point X="280" Y="262" T="0" Pressure="0"/>
        <Point X="280" Y="272" T="0" Pressure="0"/>
        <Point X="280" Y="289" T="0" Pressure="0"/>
        <Point X="280" Y="298" T="0" Pressure="0"/>
        <Point X="280" Y="306" T="0" Pressure="0"/>
        <Point X="280" Y="312" T="0" Pressure="0"/>
        <Point X="280" Y="319" T="0" Pressure="0"/>
        <Point X="279" Y="325" T="0" Pressure="0"/>
        <Point X="279" Y="329" T="0" Pressure="0"/>
        <Point X="278" Y="334" T="0" Pressure="0"/>
        <Point X="277" Y="338" T="0" Pressure="0"/>
        <Point X="277" Y="340" T="0" Pressure="0"/>
        <Point X="276" Y="343" T="0" Pressure="0"/>
        <Point X="276" Y="344" T="0" Pressure="0"/>
        <Point X="276" Y="346" T="0" Pressure="0"/>
        <Point X="275" Y="346" T="0" Pressure="0"/>
        <Point X="275" Y="347" T="0" Pressure="0"/>
        <Point X="274" Y="347" T="0" Pressure="0"/>
        <Point X="273" Y="346" T="0" Pressure="0"/>
    </Stroke>
    <Stroke index="2">
        <Point X="281" Y="153" T="0" Pressure="0"/>
        <Point X="282" Y="153" T="0" Pressure="0"/>
        <Point X="283" Y="153" T="0" Pressure="0"/>
        <Point X="283" Y="154" T="0" Pressure="0"/>
        <Point X="284" Y="154" T="0" Pressure="0"/>
        <Point X="286" Y="156" T="0" Pressure="0"/>
        <Point X="288" Y="158" T="0" Pressure="0"/>
        <Point X="290" Y="161" T="0" Pressure="0"/>
        <Point X="293" Y="165" T="0" Pressure="0"/>
        <Point X="296" Y="169" T="0" Pressure="0"/>
        <Point X="300" Y="173" T="0" Pressure="0"/>
        <Point X="303" Y="177" T="0" Pressure="0"/>
        <Point X="307" Y="182" T="0" Pressure="0"/>
        <Point X="311" Y="188" T="0" Pressure="0"/>
        <Point X="315" Y="194" T="0" Pressure="0"/>
        <Point X="319" Y="200" T="0" Pressure="0"/>
        <Point X="324" Y="206" T="0" Pressure="0"/>
        <Point X="328" Y="212" T="0" Pressure="0"/>
        <Point X="332" Y="218" T="0" Pressure="0"/>
        <Point X="336" Y="224" T="0" Pressure="0"/>
        <Point X="340" Y="230" T="0" Pressure="0"/>
        <Point X="345" Y="236" T="0" Pressure="0"/>
        <Point X="350" Y="243" T="0" Pressure="0"/>
        <Point X="355" Y="249" T="0" Pressure="0"/>
        <Point X="359" Y="254" T="0" Pressure="0"/>
        <Point X="363" Y="260" T="0" Pressure="0"/>
        <Point X="369" Y="266" T="0" Pressure="0"/>
        <Point X="374" Y="271" T="0" Pressure="0"/>
        <Point X="378" Y="276" T="0" Pressure="0"/>
        <Point X="382" Y="280" T="0" Pressure="0"/>
        <Point X="387" Y="284" T="0" Pressure="0"/>
        <Point X="392" Y="289" T="0" Pressure="0"/>
        <Point X="396" Y="294" T="0" Pressure="0"/>
        <Point X="400" Y="298" T="0" Pressure="0"/>
        <Point X="404" Y="301" T="0" Pressure="0"/>
        <Point X="407" Y="305" T="0" Pressure="0"/>
        <Point X="411" Y="308" T="0" Pressure="0"/>
        <Point X="414" Y="311" T="0" Pressure="0"/>
        <Point X="417" Y="314" T="0" Pressure="0"/>
        <Point X="419" Y="316" T="0" Pressure="0"/>
        <Point X="423" Y="319" T="0" Pressure="0"/>
        <Point X="424" Y="320" T="0" Pressure="0"/>
        <Point X="426" Y="321" T="0" Pressure="0"/>
        <Point X="430" Y="322" T="0" Pressure="0"/>
    </Stroke>
    <Stroke index="3">
        <Point X="426" Y="154" T="0" Pressure="0"/>
        <Point X="426" Y="155" T="0" Pressure="0"/>
        <Point X="426" Y="156" T="0" Pressure="0"/>
        <Point X="426" Y="160" T="0" Pressure="0"/>
        <Point X="426" Y="164" T="0" Pressure="0"/>
        <Point X="426" Y="168" T="0" Pressure="0"/>
        <Point X="426" Y="173" T="0" Pressure="0"/>
        <Point X="426" Y="179" T="0" Pressure="0"/>
        <Point X="426" Y="193" T="0" Pressure="0"/>
        <Point X="426" Y="200" T="0" Pressure="0"/>
        <Point X="426" Y="207" T="0" Pressure="0"/>
        <Point X="426" Y="215" T="0" Pressure="0"/>
        <Point X="425" Y="224" T="0" Pressure="0"/>
        <Point X="425" Y="231" T="0" Pressure="0"/>
        <Point X="425" Y="241" T="0" Pressure="0"/>
        <Point X="425" Y="248" T="0" Pressure="0"/>
        <Point X="425" Y="255" T="0" Pressure="0"/>
        <Point X="425" Y="263" T="0" Pressure="0"/>
        <Point X="426" Y="271" T="0" Pressure="0"/>
        <Point X="426" Y="284" T="0" Pressure="0"/>
        <Point X="426" Y="289" T="0" Pressure="0"/>
        <Point X="426" Y="294" T="0" Pressure="0"/>
        <Point X="426" Y="302" T="0" Pressure="0"/>
        <Point X="426" Y="305" T="0" Pressure="0"/>
        <Point X="426" Y="309" T="0" Pressure="0"/>
        <Point X="426" Y="312" T="0" Pressure="0"/>
        <Point X="426" Y="315" T="0" Pressure="0"/>
        <Point X="426" Y="318" T="0" Pressure="0"/>
        <Point X="426" Y="321" T="0" Pressure="0"/>
        <Point X="425" Y="323" T="0" Pressure="0"/>
        <Point X="424" Y="325" T="0" Pressure="0"/>
        <Point X="424" Y="326" T="0" Pressure="0"/>
        <Point X="424" Y="328" T="0" Pressure="0"/>
        <Point X="424" Y="330" T="0" Pressure="0"/>
        <Point X="424" Y="331" T="0" Pressure="0"/>
        <Point X="424" Y="332" T="0" Pressure="0"/>
        <Point X="424" Y="334" T="0" Pressure="0"/>
        <Point X="424" Y="335" T="0" Pressure="0"/>
    </Stroke>
</Gesture>
