<?xml version="1.0" ?>
<Gesture Name="H~01" Subject="6" Number="1" NumPts="105" InputType="stylus" Speed="MEDIUM">
    <Stroke index="1">
        <Point X="296" Y="94" T="0" Pressure="0"/>
        <Point X="296" Y="93" T="0" Pressure="0"/>
        <Point X="296" Y="92" T="0" Pressure="0"/>
        <Point X="295" Y="92" T="0" Pressure="0"/>
        <Point X="295" Y="94" T="0" Pressure="0"/>
        <Point X="295" Y="95" T="0" Pressure="0"/>
        <Point X="295" Y="97" T="0" Pressure="0"/>
        <Point X="295" Y="99" T="0" Pressure="0"/>
        <Point X="295" Y="102" T="0" Pressure="0"/>
        <Point X="295" Y="114" T="0" Pressure="0"/>
        <Point X="295" Y="119" T="0" Pressure="0"/>
        <Point X="295" Y="125" T="0" Pressure="0"/>
        <Point X="295" Y="133" T="0" Pressure="0"/>
        <Point X="295" Y="141" T="0" Pressure="0"/>
        <Point X="294" Y="150" T="0" Pressure="0"/>
        <Point X="293" Y="167" T="0" Pressure="0"/>
        <Point X="292" Y="177" T="0" Pressure="0"/>
        <Point X="292" Y="186" T="0" Pressure="0"/>
        <Point X="291" Y="194" T="0" Pressure="0"/>
        <Point X="291" Y="202" T="0" Pressure="0"/>
        <Point X="291" Y="209" T="0" Pressure="0"/>
        <Point X="290" Y="217" T="0" Pressure="0"/>
        <Point X="290" Y="225" T="0" Pressure="0"/>
        <Point X="290" Y="231" T="0" Pressure="0"/>
        <Point X="289" Y="237" T="0" Pressure="0"/>
        <Point X="289" Y="242" T="0" Pressure="0"/>
        <Point X="288" Y="252" T="0" Pressure="0"/>
        <Point X="288" Y="256" T="0" Pressure="0"/>
        <Point X="288" Y="260" T="0" Pressure="0"/>
        <Point X="288" Y="263" T="0" Pressure="0"/>
        <Point X="288" Y="266" T="0" Pressure="0"/>
        <Point X="288" Y="268" T="0" Pressure="0"/>
        <Point X="289" Y="270" T="0" Pressure="0"/>
        <Point X="290" Y="272" T="0" Pressure="0"/>
        <Point X="290" Y="274" T="0" Pressure="0"/>
        <Point X="291" Y="274" T="0" Pressure="0"/>
        <Point X="291" Y="275" T="0" Pressure="0"/>
        <Point X="292" Y="275" T="0" Pressure="0"/>
        <Point X="294" Y="275" T="0" Pressure="0"/>
        <Point X="294" Y="274" T="0" Pressure="0"/>
    </Stroke>
    <Stroke index="2">
        <Point X="292" Y="191" T="0" Pressure="0"/>
        <Point X="291" Y="190" T="0" Pressure="0"/>
        <Point X="292" Y="190" T="0" Pressure="0"/>
        <Point X="293" Y="189" T="0" Pressure="0"/>
        <Point X="296" Y="189" T="0" Pressure="0"/>
        <Point X="299" Y="189" T="0" Pressure="0"/>
        <Point X="302" Y="189" T="0" Pressure="0"/>
        <Point X="306" Y="189" T="0" Pressure="0"/>
        <Point X="310" Y="189" T="0" Pressure="0"/>
        <Point X="321" Y="189" T="0" Pressure="0"/>
        <Point X="326" Y="188" T="0" Pressure="0"/>
        <Point X="332" Y="187" T="0" Pressure="0"/>
        <Point X="346" Y="186" T="0" Pressure="0"/>
        <Point X="352" Y="185" T="0" Pressure="0"/>
        <Point X="358" Y="184" T="0" Pressure="0"/>
        <Point X="377" Y="182" T="0" Pressure="0"/>
        <Point X="383" Y="181" T="0" Pressure="0"/>
        <Point X="394" Y="180" T="0" Pressure="0"/>
        <Point X="405" Y="178" T="0" Pressure="0"/>
        <Point X="410" Y="178" T="0" Pressure="0"/>
        <Point X="415" Y="177" T="0" Pressure="0"/>
        <Point X="419" Y="177" T="0" Pressure="0"/>
        <Point X="424" Y="177" T="0" Pressure="0"/>
        <Point X="431" Y="177" T="0" Pressure="0"/>
        <Point X="434" Y="177" T="0" Pressure="0"/>
        <Point X="438" Y="176" T="0" Pressure="0"/>
        <Point X="445" Y="175" T="0" Pressure="0"/>
        <Point X="447" Y="175" T="0" Pressure="0"/>
    </Stroke>
    <Stroke index="3">
        <Point X="441" Y="79" T="0" Pressure="0"/>
        <Point X="440" Y="78" T="0" Pressure="0"/>
        <Point X="441" Y="77" T="0" Pressure="0"/>
        <Point X="441" Y="78" T="0" Pressure="0"/>
        <Point X="442" Y="82" T="0" Pressure="0"/>
        <Point X="442" Y="89" T="0" Pressure="0"/>
        <Point X="442" Y="97" T="0" Pressure="0"/>
        <Point X="442" Y="109" T="0" Pressure="0"/>
        <Point X="441" Y="123" T="0" Pressure="0"/>
        <Point X="441" Y="137" T="0" Pressure="0"/>
        <Point X="441" Y="145" T="0" Pressure="0"/>
        <Point X="440" Y="152" T="0" Pressure="0"/>
        <Point X="439" Y="160" T="0" Pressure="0"/>
        <Point X="439" Y="168" T="0" Pressure="0"/>
        <Point X="438" Y="175" T="0" Pressure="0"/>
        <Point X="438" Y="182" T="0" Pressure="0"/>
        <Point X="438" Y="189" T="0" Pressure="0"/>
        <Point X="438" Y="196" T="0" Pressure="0"/>
        <Point X="438" Y="202" T="0" Pressure="0"/>
        <Point X="438" Y="209" T="0" Pressure="0"/>
        <Point X="438" Y="219" T="0" Pressure="0"/>
        <Point X="438" Y="224" T="0" Pressure="0"/>
        <Point X="438" Y="228" T="0" Pressure="0"/>
        <Point X="438" Y="236" T="0" Pressure="0"/>
        <Point X="438" Y="240" T="0" Pressure="0"/>
        <Point X="439" Y="244" T="0" Pressure="0"/>
        <Point X="439" Y="247" T="0" Pressure="0"/>
        <Point X="439" Y="250" T="0" Pressure="0"/>
        <Point X="439" Y="252" T="0" Pressure="0"/>
        <Point X="439" Y="255" T="0" Pressure="0"/>
        <Point X="439" Y="257" T="0" Pressure="0"/>
        <Point X="440" Y="259" T="0" Pressure="0"/>
        <Point X="440" Y="260" T="0" Pressure="0"/>
        <Point X="440" Y="261" T="0" Pressure="0"/>
        <Point X="441" Y="262" T="0" Pressure="0"/>
        <Point X="441" Y="263" T="0" Pressure="0"/>
        <Point X="442" Y="262" T="0" Pressure="0"/>
    </Stroke>
</Gesture>
