<?xml version="1.0" ?>
<Gesture Name="P~03" Subject="6" Number="3" NumPts="91" InputType="stylus" Speed="MEDIUM">
    <Stroke index="1">
        <Point X="332" Y="147" T="0" Pressure="0"/>
        <Point X="330" Y="147" T="0" Pressure="0"/>
        <Point X="329" Y="147" T="0" Pressure="0"/>
        <Point X="329" Y="146" T="0" Pressure="0"/>
        <Point X="329" Y="147" T="0" Pressure="0"/>
        <Point X="330" Y="149" T="0" Pressure="0"/>
        <Point X="331" Y="155" T="0" Pressure="0"/>
        <Point X="331" Y="159" T="0" Pressure="0"/>
        <Point X="332" Y="164" T="0" Pressure="0"/>
        <Point X="332" Y="170" T="0" Pressure="0"/>
        <Point X="332" Y="175" T="0" Pressure="0"/>
        <Point X="332" Y="181" T="0" Pressure="0"/>
        <Point X="332" Y="195" T="0" Pressure="0"/>
        <Point X="332" Y="202" T="0" Pressure="0"/>
        <Point X="332" Y="209" T="0" Pressure="0"/>
        <Point X="331" Y="216" T="0" Pressure="0"/>
        <Point X="331" Y="224" T="0" Pressure="0"/>
        <Point X="329" Y="231" T="0" Pressure="0"/>
        <Point X="329" Y="238" T="0" Pressure="0"/>
        <Point X="327" Y="253" T="0" Pressure="0"/>
        <Point X="326" Y="260" T="0" Pressure="0"/>
        <Point X="325" Y="267" T="0" Pressure="0"/>
        <Point X="322" Y="281" T="0" Pressure="0"/>
        <Point X="321" Y="288" T="0" Pressure="0"/>
        <Point X="321" Y="294" T="0" Pressure="0"/>
        <Point X="320" Y="299" T="0" Pressure="0"/>
        <Point X="318" Y="303" T="0" Pressure="0"/>
        <Point X="317" Y="308" T="0" Pressure="0"/>
        <Point X="315" Y="320" T="0" Pressure="0"/>
        <Point X="314" Y="322" T="0" Pressure="0"/>
        <Point X="314" Y="325" T="0" Pressure="0"/>
        <Point X="311" Y="331" T="0" Pressure="0"/>
        <Point X="311" Y="333" T="0" Pressure="0"/>
        <Point X="310" Y="335" T="0" Pressure="0"/>
        <Point X="310" Y="336" T="0" Pressure="0"/>
    </Stroke>
    <Stroke index="2">
        <Point X="330" Y="130" T="0" Pressure="0"/>
        <Point X="332" Y="128" T="0" Pressure="0"/>
        <Point X="334" Y="127" T="0" Pressure="0"/>
        <Point X="336" Y="126" T="0" Pressure="0"/>
        <Point X="339" Y="125" T="0" Pressure="0"/>
        <Point X="344" Y="125" T="0" Pressure="0"/>
        <Point X="347" Y="125" T="0" Pressure="0"/>
        <Point X="351" Y="126" T="0" Pressure="0"/>
        <Point X="355" Y="127" T="0" Pressure="0"/>
        <Point X="358" Y="127" T="0" Pressure="0"/>
        <Point X="362" Y="128" T="0" Pressure="0"/>
        <Point X="370" Y="131" T="0" Pressure="0"/>
        <Point X="374" Y="133" T="0" Pressure="0"/>
        <Point X="379" Y="135" T="0" Pressure="0"/>
        <Point X="382" Y="136" T="0" Pressure="0"/>
        <Point X="386" Y="139" T="0" Pressure="0"/>
        <Point X="390" Y="141" T="0" Pressure="0"/>
        <Point X="395" Y="143" T="0" Pressure="0"/>
        <Point X="400" Y="147" T="0" Pressure="0"/>
        <Point X="405" Y="153" T="0" Pressure="0"/>
        <Point X="407" Y="155" T="0" Pressure="0"/>
        <Point X="409" Y="159" T="0" Pressure="0"/>
        <Point X="411" Y="161" T="0" Pressure="0"/>
        <Point X="411" Y="164" T="0" Pressure="0"/>
        <Point X="413" Y="169" T="0" Pressure="0"/>
        <Point X="413" Y="175" T="0" Pressure="0"/>
        <Point X="412" Y="179" T="0" Pressure="0"/>
        <Point X="411" Y="182" T="0" Pressure="0"/>
        <Point X="410" Y="185" T="0" Pressure="0"/>
        <Point X="405" Y="191" T="0" Pressure="0"/>
        <Point X="403" Y="193" T="0" Pressure="0"/>
        <Point X="400" Y="196" T="0" Pressure="0"/>
        <Point X="397" Y="198" T="0" Pressure="0"/>
        <Point X="393" Y="201" T="0" Pressure="0"/>
        <Point X="389" Y="203" T="0" Pressure="0"/>
        <Point X="385" Y="205" T="0" Pressure="0"/>
        <Point X="381" Y="207" T="0" Pressure="0"/>
        <Point X="377" Y="209" T="0" Pressure="0"/>
        <Point X="367" Y="213" T="0" Pressure="0"/>
        <Point X="357" Y="217" T="0" Pressure="0"/>
        <Point X="352" Y="219" T="0" Pressure="0"/>
        <Point X="347" Y="220" T="0" Pressure="0"/>
        <Point X="343" Y="221" T="0" Pressure="0"/>
        <Point X="339" Y="222" T="0" Pressure="0"/>
        <Point X="335" Y="224" T="0" Pressure="0"/>
        <Point X="331" Y="225" T="0" Pressure="0"/>
        <Point X="327" Y="226" T="0" Pressure="0"/>
        <Point X="325" Y="227" T="0" Pressure="0"/>
        <Point X="319" Y="227" T="0" Pressure="0"/>
        <Point X="317" Y="228" T="0" Pressure="0"/>
        <Point X="315" Y="229" T="0" Pressure="0"/>
        <Point X="314" Y="230" T="0" Pressure="0"/>
        <Point X="312" Y="230" T="0" Pressure="0"/>
        <Point X="310" Y="232" T="0" Pressure="0"/>
        <Point X="310" Y="233" T="0" Pressure="0"/>
        <Point X="310" Y="234" T="0" Pressure="0"/>
    </Stroke>
</Gesture>
