<?xml version="1.0" ?>
<Gesture Name="five_point_star~10" Subject="6" Number="10" NumPts="228" InputType="stylus" Speed="MEDIUM">
    <Stroke index="1">
        <Point X="302" Y="342" T="0" Pressure="0"/>
        <Point X="301" Y="341" T="0" Pressure="0"/>
        <Point X="300" Y="341" T="0" Pressure="0"/>
        <Point X="300" Y="340" T="0" Pressure="0"/>
        <Point X="300" Y="339" T="0" Pressure="0"/>
        <Point X="300" Y="338" T="0" Pressure="0"/>
        <Point X="301" Y="336" T="0" Pressure="0"/>
        <Point X="302" Y="334" T="0" Pressure="0"/>
        <Point X="302" Y="333" T="0" Pressure="0"/>
        <Point X="305" Y="328" T="0" Pressure="0"/>
        <Point X="306" Y="326" T="0" Pressure="0"/>
        <Point X="307" Y="323" T="0" Pressure="0"/>
        <Point X="309" Y="320" T="0" Pressure="0"/>
        <Point X="310" Y="315" T="0" Pressure="0"/>
        <Point X="312" Y="311" T="0" Pressure="0"/>
        <Point X="313" Y="307" T="0" Pressure="0"/>
        <Point X="314" Y="302" T="0" Pressure="0"/>
        <Point X="315" Y="298" T="0" Pressure="0"/>
        <Point X="316" Y="293" T="0" Pressure="0"/>
        <Point X="317" Y="288" T="0" Pressure="0"/>
        <Point X="317" Y="283" T="0" Pressure="0"/>
        <Point X="318" Y="277" T="0" Pressure="0"/>
        <Point X="319" Y="272" T="0" Pressure="0"/>
        <Point X="320" Y="266" T="0" Pressure="0"/>
        <Point X="323" Y="250" T="0" Pressure="0"/>
        <Point X="325" Y="243" T="0" Pressure="0"/>
        <Point X="326" Y="237" T="0" Pressure="0"/>
        <Point X="328" Y="231" T="0" Pressure="0"/>
        <Point X="330" Y="226" T="0" Pressure="0"/>
        <Point X="332" Y="220" T="0" Pressure="0"/>
        <Point X="334" Y="215" T="0" Pressure="0"/>
        <Point X="336" Y="209" T="0" Pressure="0"/>
        <Point X="339" Y="204" T="0" Pressure="0"/>
        <Point X="340" Y="200" T="0" Pressure="0"/>
        <Point X="343" Y="196" T="0" Pressure="0"/>
        <Point X="345" Y="191" T="0" Pressure="0"/>
        <Point X="348" Y="187" T="0" Pressure="0"/>
        <Point X="351" Y="183" T="0" Pressure="0"/>
        <Point X="354" Y="179" T="0" Pressure="0"/>
        <Point X="356" Y="177" T="0" Pressure="0"/>
        <Point X="359" Y="174" T="0" Pressure="0"/>
        <Point X="361" Y="171" T="0" Pressure="0"/>
        <Point X="363" Y="169" T="0" Pressure="0"/>
        <Point X="366" Y="166" T="0" Pressure="0"/>
        <Point X="369" Y="165" T="0" Pressure="0"/>
        <Point X="370" Y="163" T="0" Pressure="0"/>
        <Point X="373" Y="162" T="0" Pressure="0"/>
        <Point X="375" Y="161" T="0" Pressure="0"/>
        <Point X="378" Y="160" T="0" Pressure="0"/>
        <Point X="380" Y="160" T="0" Pressure="0"/>
        <Point X="381" Y="160" T="0" Pressure="0"/>
        <Point X="384" Y="160" T="0" Pressure="0"/>
        <Point X="385" Y="160" T="0" Pressure="0"/>
        <Point X="386" Y="161" T="0" Pressure="0"/>
        <Point X="389" Y="162" T="0" Pressure="0"/>
        <Point X="390" Y="165" T="0" Pressure="0"/>
        <Point X="392" Y="166" T="0" Pressure="0"/>
        <Point X="393" Y="169" T="0" Pressure="0"/>
        <Point X="395" Y="172" T="0" Pressure="0"/>
        <Point X="396" Y="175" T="0" Pressure="0"/>
        <Point X="398" Y="179" T="0" Pressure="0"/>
        <Point X="400" Y="184" T="0" Pressure="0"/>
        <Point X="401" Y="187" T="0" Pressure="0"/>
        <Point X="402" Y="192" T="0" Pressure="0"/>
        <Point X="404" Y="197" T="0" Pressure="0"/>
        <Point X="405" Y="202" T="0" Pressure="0"/>
        <Point X="406" Y="207" T="0" Pressure="0"/>
        <Point X="408" Y="213" T="0" Pressure="0"/>
        <Point X="409" Y="219" T="0" Pressure="0"/>
        <Point X="411" Y="224" T="0" Pressure="0"/>
        <Point X="411" Y="229" T="0" Pressure="0"/>
        <Point X="413" Y="235" T="0" Pressure="0"/>
        <Point X="414" Y="241" T="0" Pressure="0"/>
        <Point X="415" Y="247" T="0" Pressure="0"/>
        <Point X="416" Y="253" T="0" Pressure="0"/>
        <Point X="417" Y="259" T="0" Pressure="0"/>
        <Point X="418" Y="264" T="0" Pressure="0"/>
        <Point X="419" Y="269" T="0" Pressure="0"/>
        <Point X="419" Y="275" T="0" Pressure="0"/>
        <Point X="420" Y="280" T="0" Pressure="0"/>
        <Point X="420" Y="284" T="0" Pressure="0"/>
        <Point X="422" Y="289" T="0" Pressure="0"/>
        <Point X="422" Y="294" T="0" Pressure="0"/>
        <Point X="423" Y="298" T="0" Pressure="0"/>
        <Point X="423" Y="301" T="0" Pressure="0"/>
        <Point X="423" Y="305" T="0" Pressure="0"/>
        <Point X="423" Y="309" T="0" Pressure="0"/>
        <Point X="424" Y="311" T="0" Pressure="0"/>
        <Point X="424" Y="315" T="0" Pressure="0"/>
        <Point X="424" Y="317" T="0" Pressure="0"/>
        <Point X="424" Y="320" T="0" Pressure="0"/>
        <Point X="424" Y="322" T="0" Pressure="0"/>
        <Point X="424" Y="324" T="0" Pressure="0"/>
        <Point X="423" Y="326" T="0" Pressure="0"/>
        <Point X="423" Y="327" T="0" Pressure="0"/>
        <Point X="422" Y="328" T="0" Pressure="0"/>
        <Point X="421" Y="329" T="0" Pressure="0"/>
        <Point X="419" Y="331" T="0" Pressure="0"/>
        <Point X="417" Y="332" T="0" Pressure="0"/>
        <Point X="415" Y="332" T="0" Pressure="0"/>
        <Point X="414" Y="332" T="0" Pressure="0"/>
        <Point X="411" Y="332" T="0" Pressure="0"/>
        <Point X="408" Y="332" T="0" Pressure="0"/>
        <Point X="406" Y="332" T="0" Pressure="0"/>
        <Point X="404" Y="332" T="0" Pressure="0"/>
        <Point X="401" Y="331" T="0" Pressure="0"/>
        <Point X="398" Y="329" T="0" Pressure="0"/>
        <Point X="395" Y="328" T="0" Pressure="0"/>
        <Point X="391" Y="326" T="0" Pressure="0"/>
        <Point X="388" Y="325" T="0" Pressure="0"/>
        <Point X="384" Y="323" T="0" Pressure="0"/>
        <Point X="380" Y="320" T="0" Pressure="0"/>
        <Point X="376" Y="318" T="0" Pressure="0"/>
        <Point X="371" Y="315" T="0" Pressure="0"/>
        <Point X="366" Y="312" T="0" Pressure="0"/>
        <Point X="362" Y="310" T="0" Pressure="0"/>
        <Point X="357" Y="308" T="0" Pressure="0"/>
        <Point X="352" Y="305" T="0" Pressure="0"/>
        <Point X="347" Y="303" T="0" Pressure="0"/>
        <Point X="341" Y="301" T="0" Pressure="0"/>
        <Point X="336" Y="298" T="0" Pressure="0"/>
        <Point X="330" Y="296" T="0" Pressure="0"/>
        <Point X="325" Y="293" T="0" Pressure="0"/>
        <Point X="320" Y="291" T="0" Pressure="0"/>
        <Point X="314" Y="289" T="0" Pressure="0"/>
        <Point X="310" Y="286" T="0" Pressure="0"/>
        <Point X="304" Y="284" T="0" Pressure="0"/>
        <Point X="300" Y="282" T="0" Pressure="0"/>
        <Point X="296" Y="280" T="0" Pressure="0"/>
        <Point X="292" Y="279" T="0" Pressure="0"/>
        <Point X="289" Y="277" T="0" Pressure="0"/>
        <Point X="280" Y="274" T="0" Pressure="0"/>
        <Point X="277" Y="273" T="0" Pressure="0"/>
        <Point X="276" Y="272" T="0" Pressure="0"/>
        <Point X="273" Y="271" T="0" Pressure="0"/>
        <Point X="272" Y="270" T="0" Pressure="0"/>
        <Point X="272" Y="269" T="0" Pressure="0"/>
        <Point X="271" Y="268" T="0" Pressure="0"/>
        <Point X="271" Y="267" T="0" Pressure="0"/>
        <Point X="271" Y="266" T="0" Pressure="0"/>
        <Point X="272" Y="264" T="0" Pressure="0"/>
        <Point X="273" Y="262" T="0" Pressure="0"/>
        <Point X="276" Y="261" T="0" Pressure="0"/>
        <Point X="278" Y="259" T="0" Pressure="0"/>
        <Point X="284" Y="255" T="0" Pressure="0"/>
        <Point X="287" Y="253" T="0" Pressure="0"/>
        <Point X="292" Y="251" T="0" Pressure="0"/>
        <Point X="296" Y="249" T="0" Pressure="0"/>
        <Point X="301" Y="247" T="0" Pressure="0"/>
        <Point X="305" Y="245" T="0" Pressure="0"/>
        <Point X="310" Y="242" T="0" Pressure="0"/>
        <Point X="316" Y="240" T="0" Pressure="0"/>
        <Point X="322" Y="236" T="0" Pressure="0"/>
        <Point X="329" Y="234" T="0" Pressure="0"/>
        <Point X="335" Y="231" T="0" Pressure="0"/>
        <Point X="341" Y="229" T="0" Pressure="0"/>
        <Point X="348" Y="226" T="0" Pressure="0"/>
        <Point X="355" Y="224" T="0" Pressure="0"/>
        <Point X="362" Y="221" T="0" Pressure="0"/>
        <Point X="369" Y="219" T="0" Pressure="0"/>
        <Point X="374" Y="217" T="0" Pressure="0"/>
        <Point X="381" Y="215" T="0" Pressure="0"/>
        <Point X="388" Y="212" T="0" Pressure="0"/>
        <Point X="393" Y="211" T="0" Pressure="0"/>
        <Point X="400" Y="209" T="0" Pressure="0"/>
        <Point X="405" Y="207" T="0" Pressure="0"/>
        <Point X="411" Y="206" T="0" Pressure="0"/>
        <Point X="416" Y="205" T="0" Pressure="0"/>
        <Point X="421" Y="204" T="0" Pressure="0"/>
        <Point X="426" Y="204" T="0" Pressure="0"/>
        <Point X="430" Y="203" T="0" Pressure="0"/>
        <Point X="434" Y="203" T="0" Pressure="0"/>
        <Point X="438" Y="203" T="0" Pressure="0"/>
        <Point X="441" Y="203" T="0" Pressure="0"/>
        <Point X="444" Y="203" T="0" Pressure="0"/>
        <Point X="446" Y="203" T="0" Pressure="0"/>
        <Point X="449" Y="203" T="0" Pressure="0"/>
        <Point X="449" Y="204" T="0" Pressure="0"/>
        <Point X="450" Y="204" T="0" Pressure="0"/>
        <Point X="452" Y="205" T="0" Pressure="0"/>
        <Point X="452" Y="206" T="0" Pressure="0"/>
        <Point X="453" Y="207" T="0" Pressure="0"/>
        <Point X="453" Y="209" T="0" Pressure="0"/>
        <Point X="452" Y="211" T="0" Pressure="0"/>
        <Point X="452" Y="213" T="0" Pressure="0"/>
        <Point X="450" Y="216" T="0" Pressure="0"/>
        <Point X="449" Y="218" T="0" Pressure="0"/>
        <Point X="446" Y="221" T="0" Pressure="0"/>
        <Point X="444" Y="224" T="0" Pressure="0"/>
        <Point X="441" Y="227" T="0" Pressure="0"/>
        <Point X="438" Y="230" T="0" Pressure="0"/>
        <Point X="434" Y="234" T="0" Pressure="0"/>
        <Point X="430" Y="238" T="0" Pressure="0"/>
        <Point X="426" Y="243" T="0" Pressure="0"/>
        <Point X="422" Y="247" T="0" Pressure="0"/>
        <Point X="418" Y="251" T="0" Pressure="0"/>
        <Point X="413" Y="254" T="0" Pressure="0"/>
        <Point X="408" Y="259" T="0" Pressure="0"/>
        <Point X="403" Y="264" T="0" Pressure="0"/>
        <Point X="397" Y="269" T="0" Pressure="0"/>
        <Point X="392" Y="273" T="0" Pressure="0"/>
        <Point X="386" Y="277" T="0" Pressure="0"/>
        <Point X="381" Y="281" T="0" Pressure="0"/>
        <Point X="375" Y="286" T="0" Pressure="0"/>
        <Point X="370" Y="290" T="0" Pressure="0"/>
        <Point X="364" Y="295" T="0" Pressure="0"/>
        <Point X="359" Y="298" T="0" Pressure="0"/>
        <Point X="355" Y="301" T="0" Pressure="0"/>
        <Point X="351" Y="305" T="0" Pressure="0"/>
        <Point X="347" Y="309" T="0" Pressure="0"/>
        <Point X="342" Y="311" T="0" Pressure="0"/>
        <Point X="338" Y="315" T="0" Pressure="0"/>
        <Point X="335" Y="317" T="0" Pressure="0"/>
        <Point X="332" Y="319" T="0" Pressure="0"/>
        <Point X="329" Y="321" T="0" Pressure="0"/>
        <Point X="326" Y="323" T="0" Pressure="0"/>
        <Point X="324" Y="325" T="0" Pressure="0"/>
        <Point X="322" Y="326" T="0" Pressure="0"/>
        <Point X="321" Y="326" T="0" Pressure="0"/>
        <Point X="320" Y="327" T="0" Pressure="0"/>
        <Point X="319" Y="328" T="0" Pressure="0"/>
        <Point X="320" Y="328" T="0" Pressure="0"/>
        <Point X="321" Y="328" T="0" Pressure="0"/>
        <Point X="322" Y="328" T="0" Pressure="0"/>
        <Point X="324" Y="327" T="0" Pressure="0"/>
        <Point X="325" Y="327" T="0" Pressure="0"/>
        <Point X="326" Y="326" T="0" Pressure="0"/>
        <Point X="328" Y="325" T="0" Pressure="0"/>
    </Stroke>
</Gesture>
