<?xml version="1.0" ?>
<Gesture Name="six_point_star~04" Subject="6" Number="4" NumPts="282" InputType="stylus" Speed="MEDIUM">
    <Stroke index="1">
        <Point X="307" Y="272" T="0" Pressure="0"/>
        <Point X="306" Y="272" T="0" Pressure="0"/>
        <Point X="306" Y="271" T="0" Pressure="0"/>
        <Point X="306" Y="270" T="0" Pressure="0"/>
        <Point X="305" Y="270" T="0" Pressure="0"/>
        <Point X="305" Y="269" T="0" Pressure="0"/>
        <Point X="305" Y="268" T="0" Pressure="0"/>
        <Point X="306" Y="267" T="0" Pressure="0"/>
        <Point X="306" Y="266" T="0" Pressure="0"/>
        <Point X="306" Y="265" T="0" Pressure="0"/>
        <Point X="307" Y="264" T="0" Pressure="0"/>
        <Point X="307" Y="262" T="0" Pressure="0"/>
        <Point X="308" Y="260" T="0" Pressure="0"/>
        <Point X="309" Y="259" T="0" Pressure="0"/>
        <Point X="310" Y="256" T="0" Pressure="0"/>
        <Point X="310" Y="254" T="0" Pressure="0"/>
        <Point X="311" Y="252" T="0" Pressure="0"/>
        <Point X="311" Y="249" T="0" Pressure="0"/>
        <Point X="313" Y="246" T="0" Pressure="0"/>
        <Point X="313" Y="242" T="0" Pressure="0"/>
        <Point X="314" Y="238" T="0" Pressure="0"/>
        <Point X="315" Y="234" T="0" Pressure="0"/>
        <Point X="316" Y="230" T="0" Pressure="0"/>
        <Point X="317" Y="226" T="0" Pressure="0"/>
        <Point X="317" Y="222" T="0" Pressure="0"/>
        <Point X="318" Y="217" T="0" Pressure="0"/>
        <Point X="320" Y="211" T="0" Pressure="0"/>
        <Point X="321" Y="207" T="0" Pressure="0"/>
        <Point X="322" Y="202" T="0" Pressure="0"/>
        <Point X="325" Y="191" T="0" Pressure="0"/>
        <Point X="328" Y="186" T="0" Pressure="0"/>
        <Point X="329" Y="179" T="0" Pressure="0"/>
        <Point X="331" Y="175" T="0" Pressure="0"/>
        <Point X="333" Y="170" T="0" Pressure="0"/>
        <Point X="335" Y="164" T="0" Pressure="0"/>
        <Point X="337" Y="159" T="0" Pressure="0"/>
        <Point X="339" Y="153" T="0" Pressure="0"/>
        <Point X="341" Y="148" T="0" Pressure="0"/>
        <Point X="344" Y="143" T="0" Pressure="0"/>
        <Point X="346" Y="139" T="0" Pressure="0"/>
        <Point X="348" Y="134" T="0" Pressure="0"/>
        <Point X="351" Y="129" T="0" Pressure="0"/>
        <Point X="353" Y="125" T="0" Pressure="0"/>
        <Point X="358" Y="116" T="0" Pressure="0"/>
        <Point X="360" Y="113" T="0" Pressure="0"/>
        <Point X="363" Y="110" T="0" Pressure="0"/>
        <Point X="365" Y="106" T="0" Pressure="0"/>
        <Point X="367" Y="103" T="0" Pressure="0"/>
        <Point X="370" Y="101" T="0" Pressure="0"/>
        <Point X="373" Y="99" T="0" Pressure="0"/>
        <Point X="374" Y="97" T="0" Pressure="0"/>
        <Point X="377" Y="96" T="0" Pressure="0"/>
        <Point X="379" Y="95" T="0" Pressure="0"/>
        <Point X="381" Y="94" T="0" Pressure="0"/>
        <Point X="383" Y="94" T="0" Pressure="0"/>
        <Point X="385" Y="93" T="0" Pressure="0"/>
        <Point X="387" Y="93" T="0" Pressure="0"/>
        <Point X="389" Y="93" T="0" Pressure="0"/>
        <Point X="391" Y="94" T="0" Pressure="0"/>
        <Point X="393" Y="95" T="0" Pressure="0"/>
        <Point X="395" Y="96" T="0" Pressure="0"/>
        <Point X="396" Y="97" T="0" Pressure="0"/>
        <Point X="398" Y="99" T="0" Pressure="0"/>
        <Point X="400" Y="101" T="0" Pressure="0"/>
        <Point X="401" Y="103" T="0" Pressure="0"/>
        <Point X="403" Y="106" T="0" Pressure="0"/>
        <Point X="405" Y="110" T="0" Pressure="0"/>
        <Point X="407" Y="113" T="0" Pressure="0"/>
        <Point X="408" Y="117" T="0" Pressure="0"/>
        <Point X="410" Y="121" T="0" Pressure="0"/>
        <Point X="411" Y="126" T="0" Pressure="0"/>
        <Point X="414" Y="130" T="0" Pressure="0"/>
        <Point X="415" Y="136" T="0" Pressure="0"/>
        <Point X="417" Y="141" T="0" Pressure="0"/>
        <Point X="419" Y="146" T="0" Pressure="0"/>
        <Point X="420" Y="151" T="0" Pressure="0"/>
        <Point X="423" Y="156" T="0" Pressure="0"/>
        <Point X="424" Y="162" T="0" Pressure="0"/>
        <Point X="427" Y="169" T="0" Pressure="0"/>
        <Point X="429" Y="174" T="0" Pressure="0"/>
        <Point X="430" Y="179" T="0" Pressure="0"/>
        <Point X="432" Y="184" T="0" Pressure="0"/>
        <Point X="434" Y="190" T="0" Pressure="0"/>
        <Point X="435" Y="195" T="0" Pressure="0"/>
        <Point X="437" Y="201" T="0" Pressure="0"/>
        <Point X="438" Y="205" T="0" Pressure="0"/>
        <Point X="439" Y="210" T="0" Pressure="0"/>
        <Point X="440" Y="215" T="0" Pressure="0"/>
        <Point X="441" Y="219" T="0" Pressure="0"/>
        <Point X="442" Y="223" T="0" Pressure="0"/>
        <Point X="444" Y="227" T="0" Pressure="0"/>
        <Point X="444" Y="231" T="0" Pressure="0"/>
        <Point X="445" Y="234" T="0" Pressure="0"/>
        <Point X="445" Y="237" T="0" Pressure="0"/>
        <Point X="445" Y="241" T="0" Pressure="0"/>
        <Point X="446" Y="244" T="0" Pressure="0"/>
        <Point X="446" Y="247" T="0" Pressure="0"/>
        <Point X="446" Y="249" T="0" Pressure="0"/>
        <Point X="446" Y="251" T="0" Pressure="0"/>
        <Point X="446" Y="252" T="0" Pressure="0"/>
        <Point X="446" Y="254" T="0" Pressure="0"/>
        <Point X="445" Y="256" T="0" Pressure="0"/>
        <Point X="445" Y="258" T="0" Pressure="0"/>
        <Point X="443" Y="259" T="0" Pressure="0"/>
        <Point X="442" Y="260" T="0" Pressure="0"/>
        <Point X="440" Y="262" T="0" Pressure="0"/>
        <Point X="438" Y="263" T="0" Pressure="0"/>
        <Point X="436" Y="264" T="0" Pressure="0"/>
        <Point X="434" Y="266" T="0" Pressure="0"/>
        <Point X="430" Y="266" T="0" Pressure="0"/>
        <Point X="428" Y="267" T="0" Pressure="0"/>
        <Point X="424" Y="267" T="0" Pressure="0"/>
        <Point X="421" Y="268" T="0" Pressure="0"/>
        <Point X="417" Y="269" T="0" Pressure="0"/>
        <Point X="412" Y="269" T="0" Pressure="0"/>
        <Point X="408" Y="269" T="0" Pressure="0"/>
        <Point X="404" Y="269" T="0" Pressure="0"/>
        <Point X="399" Y="269" T="0" Pressure="0"/>
        <Point X="394" Y="270" T="0" Pressure="0"/>
        <Point X="389" Y="270" T="0" Pressure="0"/>
        <Point X="383" Y="270" T="0" Pressure="0"/>
        <Point X="378" Y="270" T="0" Pressure="0"/>
        <Point X="373" Y="270" T="0" Pressure="0"/>
        <Point X="368" Y="269" T="0" Pressure="0"/>
        <Point X="363" Y="269" T="0" Pressure="0"/>
        <Point X="358" Y="269" T="0" Pressure="0"/>
        <Point X="353" Y="269" T="0" Pressure="0"/>
        <Point X="348" Y="268" T="0" Pressure="0"/>
        <Point X="344" Y="268" T="0" Pressure="0"/>
        <Point X="340" Y="267" T="0" Pressure="0"/>
        <Point X="336" Y="267" T="0" Pressure="0"/>
        <Point X="333" Y="267" T="0" Pressure="0"/>
        <Point X="329" Y="267" T="0" Pressure="0"/>
        <Point X="326" Y="266" T="0" Pressure="0"/>
        <Point X="323" Y="266" T="0" Pressure="0"/>
        <Point X="321" Y="266" T="0" Pressure="0"/>
        <Point X="318" Y="266" T="0" Pressure="0"/>
        <Point X="316" Y="266" T="0" Pressure="0"/>
        <Point X="314" Y="266" T="0" Pressure="0"/>
        <Point X="311" Y="266" T="0" Pressure="0"/>
        <Point X="310" Y="266" T="0" Pressure="0"/>
        <Point X="309" Y="266" T="0" Pressure="0"/>
        <Point X="308" Y="266" T="0" Pressure="0"/>
        <Point X="307" Y="266" T="0" Pressure="0"/>
        <Point X="306" Y="265" T="0" Pressure="0"/>
    </Stroke>
    <Stroke index="2">
        <Point X="294" Y="172" T="0" Pressure="0"/>
        <Point X="292" Y="169" T="0" Pressure="0"/>
        <Point X="291" Y="167" T="0" Pressure="0"/>
        <Point X="291" Y="166" T="0" Pressure="0"/>
        <Point X="292" Y="166" T="0" Pressure="0"/>
        <Point X="293" Y="167" T="0" Pressure="0"/>
        <Point X="294" Y="169" T="0" Pressure="0"/>
        <Point X="296" Y="173" T="0" Pressure="0"/>
        <Point X="298" Y="176" T="0" Pressure="0"/>
        <Point X="299" Y="179" T="0" Pressure="0"/>
        <Point X="300" Y="182" T="0" Pressure="0"/>
        <Point X="302" Y="185" T="0" Pressure="0"/>
        <Point X="305" Y="194" T="0" Pressure="0"/>
        <Point X="307" Y="199" T="0" Pressure="0"/>
        <Point X="310" Y="203" T="0" Pressure="0"/>
        <Point X="312" Y="209" T="0" Pressure="0"/>
        <Point X="314" Y="214" T="0" Pressure="0"/>
        <Point X="316" Y="219" T="0" Pressure="0"/>
        <Point X="318" Y="224" T="0" Pressure="0"/>
        <Point X="321" Y="230" T="0" Pressure="0"/>
        <Point X="322" Y="235" T="0" Pressure="0"/>
        <Point X="326" Y="246" T="0" Pressure="0"/>
        <Point X="329" Y="251" T="0" Pressure="0"/>
        <Point X="331" Y="256" T="0" Pressure="0"/>
        <Point X="332" Y="262" T="0" Pressure="0"/>
        <Point X="335" Y="267" T="0" Pressure="0"/>
        <Point X="336" Y="272" T="0" Pressure="0"/>
        <Point X="339" Y="276" T="0" Pressure="0"/>
        <Point X="341" Y="282" T="0" Pressure="0"/>
        <Point X="343" Y="287" T="0" Pressure="0"/>
        <Point X="345" Y="292" T="0" Pressure="0"/>
        <Point X="347" Y="298" T="0" Pressure="0"/>
        <Point X="349" Y="302" T="0" Pressure="0"/>
        <Point X="351" Y="306" T="0" Pressure="0"/>
        <Point X="353" Y="311" T="0" Pressure="0"/>
        <Point X="355" Y="315" T="0" Pressure="0"/>
        <Point X="357" Y="319" T="0" Pressure="0"/>
        <Point X="359" Y="322" T="0" Pressure="0"/>
        <Point X="360" Y="325" T="0" Pressure="0"/>
        <Point X="362" Y="327" T="0" Pressure="0"/>
        <Point X="365" Y="329" T="0" Pressure="0"/>
        <Point X="366" Y="331" T="0" Pressure="0"/>
        <Point X="369" Y="333" T="0" Pressure="0"/>
        <Point X="372" Y="335" T="0" Pressure="0"/>
        <Point X="374" Y="335" T="0" Pressure="0"/>
        <Point X="375" Y="336" T="0" Pressure="0"/>
        <Point X="380" Y="336" T="0" Pressure="0"/>
        <Point X="381" Y="336" T="0" Pressure="0"/>
        <Point X="383" Y="336" T="0" Pressure="0"/>
        <Point X="385" Y="335" T="0" Pressure="0"/>
        <Point X="388" Y="334" T="0" Pressure="0"/>
        <Point X="389" Y="332" T="0" Pressure="0"/>
        <Point X="393" Y="330" T="0" Pressure="0"/>
        <Point X="395" Y="327" T="0" Pressure="0"/>
        <Point X="397" Y="325" T="0" Pressure="0"/>
        <Point X="400" Y="321" T="0" Pressure="0"/>
        <Point X="402" Y="317" T="0" Pressure="0"/>
        <Point X="405" Y="312" T="0" Pressure="0"/>
        <Point X="408" Y="308" T="0" Pressure="0"/>
        <Point X="410" Y="303" T="0" Pressure="0"/>
        <Point X="415" Y="294" T="0" Pressure="0"/>
        <Point X="418" Y="289" T="0" Pressure="0"/>
        <Point X="420" Y="283" T="0" Pressure="0"/>
        <Point X="423" Y="277" T="0" Pressure="0"/>
        <Point X="429" Y="261" T="0" Pressure="0"/>
        <Point X="431" Y="255" T="0" Pressure="0"/>
        <Point X="433" Y="250" T="0" Pressure="0"/>
        <Point X="435" Y="244" T="0" Pressure="0"/>
        <Point X="439" Y="232" T="0" Pressure="0"/>
        <Point X="441" Y="227" T="0" Pressure="0"/>
        <Point X="444" Y="221" T="0" Pressure="0"/>
        <Point X="445" Y="215" T="0" Pressure="0"/>
        <Point X="448" Y="209" T="0" Pressure="0"/>
        <Point X="449" Y="204" T="0" Pressure="0"/>
        <Point X="450" Y="200" T="0" Pressure="0"/>
        <Point X="452" Y="196" T="0" Pressure="0"/>
        <Point X="453" Y="191" T="0" Pressure="0"/>
        <Point X="454" Y="188" T="0" Pressure="0"/>
        <Point X="456" Y="181" T="0" Pressure="0"/>
        <Point X="457" Y="178" T="0" Pressure="0"/>
        <Point X="459" Y="175" T="0" Pressure="0"/>
        <Point X="459" Y="172" T="0" Pressure="0"/>
        <Point X="460" Y="170" T="0" Pressure="0"/>
        <Point X="460" Y="167" T="0" Pressure="0"/>
        <Point X="460" Y="166" T="0" Pressure="0"/>
        <Point X="461" Y="165" T="0" Pressure="0"/>
        <Point X="461" Y="164" T="0" Pressure="0"/>
        <Point X="461" Y="162" T="0" Pressure="0"/>
        <Point X="461" Y="161" T="0" Pressure="0"/>
        <Point X="461" Y="160" T="0" Pressure="0"/>
        <Point X="460" Y="159" T="0" Pressure="0"/>
        <Point X="460" Y="158" T="0" Pressure="0"/>
        <Point X="459" Y="157" T="0" Pressure="0"/>
        <Point X="458" Y="156" T="0" Pressure="0"/>
        <Point X="456" Y="155" T="0" Pressure="0"/>
        <Point X="454" Y="154" T="0" Pressure="0"/>
        <Point X="453" Y="153" T="0" Pressure="0"/>
        <Point X="450" Y="153" T="0" Pressure="0"/>
        <Point X="449" Y="152" T="0" Pressure="0"/>
        <Point X="445" Y="152" T="0" Pressure="0"/>
        <Point X="443" Y="151" T="0" Pressure="0"/>
        <Point X="439" Y="151" T="0" Pressure="0"/>
        <Point X="437" Y="150" T="0" Pressure="0"/>
        <Point X="433" Y="150" T="0" Pressure="0"/>
        <Point X="429" Y="150" T="0" Pressure="0"/>
        <Point X="424" Y="150" T="0" Pressure="0"/>
        <Point X="419" Y="150" T="0" Pressure="0"/>
        <Point X="414" Y="150" T="0" Pressure="0"/>
        <Point X="409" Y="150" T="0" Pressure="0"/>
        <Point X="404" Y="150" T="0" Pressure="0"/>
        <Point X="399" Y="150" T="0" Pressure="0"/>
        <Point X="393" Y="151" T="0" Pressure="0"/>
        <Point X="386" Y="151" T="0" Pressure="0"/>
        <Point X="380" Y="152" T="0" Pressure="0"/>
        <Point X="374" Y="152" T="0" Pressure="0"/>
        <Point X="368" Y="152" T="0" Pressure="0"/>
        <Point X="362" Y="152" T="0" Pressure="0"/>
        <Point X="355" Y="152" T="0" Pressure="0"/>
        <Point X="350" Y="153" T="0" Pressure="0"/>
        <Point X="343" Y="153" T="0" Pressure="0"/>
        <Point X="338" Y="154" T="0" Pressure="0"/>
        <Point X="333" Y="154" T="0" Pressure="0"/>
        <Point X="328" Y="154" T="0" Pressure="0"/>
        <Point X="323" Y="155" T="0" Pressure="0"/>
        <Point X="313" Y="156" T="0" Pressure="0"/>
        <Point X="310" Y="157" T="0" Pressure="0"/>
        <Point X="306" Y="158" T="0" Pressure="0"/>
        <Point X="302" Y="159" T="0" Pressure="0"/>
        <Point X="299" Y="160" T="0" Pressure="0"/>
        <Point X="296" Y="160" T="0" Pressure="0"/>
        <Point X="294" Y="161" T="0" Pressure="0"/>
        <Point X="292" Y="162" T="0" Pressure="0"/>
        <Point X="289" Y="164" T="0" Pressure="0"/>
        <Point X="288" Y="165" T="0" Pressure="0"/>
        <Point X="287" Y="166" T="0" Pressure="0"/>
        <Point X="287" Y="167" T="0" Pressure="0"/>
        <Point X="287" Y="168" T="0" Pressure="0"/>
    </Stroke>
</Gesture>
