<?xml version="1.0" ?>
<Gesture Name="I~07" Subject="6" Number="7" NumPts="138" InputType="stylus" Speed="MEDIUM">
    <Stroke index="1">
        <Point X="302" Y="121" T="0" Pressure="0"/>
        <Point X="301" Y="120" T="0" Pressure="0"/>
        <Point X="300" Y="120" T="0" Pressure="0"/>
        <Point X="299" Y="119" T="0" Pressure="0"/>
        <Point X="299" Y="118" T="0" Pressure="0"/>
        <Point X="299" Y="117" T="0" Pressure="0"/>
        <Point X="300" Y="117" T="0" Pressure="0"/>
        <Point X="302" Y="117" T="0" Pressure="0"/>
        <Point X="303" Y="118" T="0" Pressure="0"/>
        <Point X="305" Y="118" T="0" Pressure="0"/>
        <Point X="307" Y="118" T="0" Pressure="0"/>
        <Point X="309" Y="118" T="0" Pressure="0"/>
        <Point X="311" Y="118" T="0" Pressure="0"/>
        <Point X="314" Y="118" T="0" Pressure="0"/>
        <Point X="317" Y="117" T="0" Pressure="0"/>
        <Point X="321" Y="117" T="0" Pressure="0"/>
        <Point X="325" Y="117" T="0" Pressure="0"/>
        <Point X="329" Y="116" T="0" Pressure="0"/>
        <Point X="333" Y="116" T="0" Pressure="0"/>
        <Point X="339" Y="115" T="0" Pressure="0"/>
        <Point X="345" Y="114" T="0" Pressure="0"/>
        <Point X="351" Y="113" T="0" Pressure="0"/>
        <Point X="356" Y="112" T="0" Pressure="0"/>
        <Point X="362" Y="111" T="0" Pressure="0"/>
        <Point X="368" Y="110" T="0" Pressure="0"/>
        <Point X="374" Y="109" T="0" Pressure="0"/>
        <Point X="381" Y="107" T="0" Pressure="0"/>
        <Point X="385" Y="107" T="0" Pressure="0"/>
        <Point X="390" Y="106" T="0" Pressure="0"/>
        <Point X="396" Y="105" T="0" Pressure="0"/>
        <Point X="405" Y="104" T="0" Pressure="0"/>
        <Point X="411" Y="103" T="0" Pressure="0"/>
        <Point X="415" Y="102" T="0" Pressure="0"/>
        <Point X="419" Y="102" T="0" Pressure="0"/>
        <Point X="423" Y="102" T="0" Pressure="0"/>
        <Point X="426" Y="102" T="0" Pressure="0"/>
        <Point X="430" Y="102" T="0" Pressure="0"/>
        <Point X="434" Y="102" T="0" Pressure="0"/>
        <Point X="436" Y="102" T="0" Pressure="0"/>
        <Point X="438" Y="102" T="0" Pressure="0"/>
        <Point X="440" Y="102" T="0" Pressure="0"/>
        <Point X="442" Y="102" T="0" Pressure="0"/>
        <Point X="444" Y="102" T="0" Pressure="0"/>
        <Point X="445" Y="102" T="0" Pressure="0"/>
        <Point X="446" Y="102" T="0" Pressure="0"/>
        <Point X="446" Y="103" T="0" Pressure="0"/>
    </Stroke>
    <Stroke index="2">
        <Point X="389" Y="120" T="0" Pressure="0"/>
        <Point X="390" Y="118" T="0" Pressure="0"/>
        <Point X="390" Y="117" T="0" Pressure="0"/>
        <Point X="391" Y="117" T="0" Pressure="0"/>
        <Point X="392" Y="117" T="0" Pressure="0"/>
        <Point X="393" Y="117" T="0" Pressure="0"/>
        <Point X="393" Y="118" T="0" Pressure="0"/>
        <Point X="394" Y="120" T="0" Pressure="0"/>
        <Point X="396" Y="122" T="0" Pressure="0"/>
        <Point X="396" Y="124" T="0" Pressure="0"/>
        <Point X="397" Y="127" T="0" Pressure="0"/>
        <Point X="397" Y="129" T="0" Pressure="0"/>
        <Point X="398" Y="131" T="0" Pressure="0"/>
        <Point X="399" Y="135" T="0" Pressure="0"/>
        <Point X="399" Y="137" T="0" Pressure="0"/>
        <Point X="400" Y="145" T="0" Pressure="0"/>
        <Point X="400" Y="148" T="0" Pressure="0"/>
        <Point X="400" Y="152" T="0" Pressure="0"/>
        <Point X="400" Y="156" T="0" Pressure="0"/>
        <Point X="400" Y="159" T="0" Pressure="0"/>
        <Point X="400" Y="162" T="0" Pressure="0"/>
        <Point X="400" Y="166" T="0" Pressure="0"/>
        <Point X="400" Y="170" T="0" Pressure="0"/>
        <Point X="400" Y="173" T="0" Pressure="0"/>
        <Point X="400" Y="177" T="0" Pressure="0"/>
        <Point X="401" Y="180" T="0" Pressure="0"/>
        <Point X="401" Y="183" T="0" Pressure="0"/>
        <Point X="401" Y="186" T="0" Pressure="0"/>
        <Point X="401" Y="189" T="0" Pressure="0"/>
        <Point X="401" Y="192" T="0" Pressure="0"/>
        <Point X="401" Y="195" T="0" Pressure="0"/>
        <Point X="401" Y="197" T="0" Pressure="0"/>
        <Point X="401" Y="199" T="0" Pressure="0"/>
        <Point X="401" Y="201" T="0" Pressure="0"/>
        <Point X="401" Y="202" T="0" Pressure="0"/>
        <Point X="401" Y="204" T="0" Pressure="0"/>
        <Point X="401" Y="206" T="0" Pressure="0"/>
        <Point X="401" Y="207" T="0" Pressure="0"/>
        <Point X="401" Y="209" T="0" Pressure="0"/>
        <Point X="401" Y="210" T="0" Pressure="0"/>
        <Point X="401" Y="211" T="0" Pressure="0"/>
        <Point X="401" Y="212" T="0" Pressure="0"/>
        <Point X="401" Y="214" T="0" Pressure="0"/>
        <Point X="401" Y="215" T="0" Pressure="0"/>
        <Point X="402" Y="215" T="0" Pressure="0"/>
        <Point X="402" Y="216" T="0" Pressure="0"/>
        <Point X="401" Y="217" T="0" Pressure="0"/>
        <Point X="400" Y="217" T="0" Pressure="0"/>
    </Stroke>
    <Stroke index="3">
        <Point X="326" Y="255" T="0" Pressure="0"/>
        <Point X="325" Y="255" T="0" Pressure="0"/>
        <Point X="325" Y="254" T="0" Pressure="0"/>
        <Point X="325" Y="253" T="0" Pressure="0"/>
        <Point X="326" Y="253" T="0" Pressure="0"/>
        <Point X="328" Y="252" T="0" Pressure="0"/>
        <Point X="330" Y="252" T="0" Pressure="0"/>
        <Point X="332" Y="252" T="0" Pressure="0"/>
        <Point X="335" Y="251" T="0" Pressure="0"/>
        <Point X="338" Y="250" T="0" Pressure="0"/>
        <Point X="341" Y="250" T="0" Pressure="0"/>
        <Point X="345" Y="249" T="0" Pressure="0"/>
        <Point X="349" Y="248" T="0" Pressure="0"/>
        <Point X="354" Y="247" T="0" Pressure="0"/>
        <Point X="358" Y="246" T="0" Pressure="0"/>
        <Point X="362" Y="245" T="0" Pressure="0"/>
        <Point X="367" Y="244" T="0" Pressure="0"/>
        <Point X="372" Y="243" T="0" Pressure="0"/>
        <Point X="377" Y="241" T="0" Pressure="0"/>
        <Point X="381" Y="241" T="0" Pressure="0"/>
        <Point X="389" Y="239" T="0" Pressure="0"/>
        <Point X="394" Y="237" T="0" Pressure="0"/>
        <Point X="398" Y="236" T="0" Pressure="0"/>
        <Point X="402" Y="235" T="0" Pressure="0"/>
        <Point X="406" Y="234" T="0" Pressure="0"/>
        <Point X="410" Y="234" T="0" Pressure="0"/>
        <Point X="414" Y="233" T="0" Pressure="0"/>
        <Point X="418" Y="232" T="0" Pressure="0"/>
        <Point X="420" Y="231" T="0" Pressure="0"/>
        <Point X="423" Y="231" T="0" Pressure="0"/>
        <Point X="426" Y="231" T="0" Pressure="0"/>
        <Point X="430" Y="231" T="0" Pressure="0"/>
        <Point X="432" Y="231" T="0" Pressure="0"/>
        <Point X="434" Y="231" T="0" Pressure="0"/>
        <Point X="437" Y="231" T="0" Pressure="0"/>
        <Point X="438" Y="231" T="0" Pressure="0"/>
        <Point X="441" Y="231" T="0" Pressure="0"/>
        <Point X="442" Y="231" T="0" Pressure="0"/>
        <Point X="444" Y="232" T="0" Pressure="0"/>
        <Point X="445" Y="232" T="0" Pressure="0"/>
        <Point X="446" Y="232" T="0" Pressure="0"/>
        <Point X="447" Y="233" T="0" Pressure="0"/>
        <Point X="448" Y="234" T="0" Pressure="0"/>
        <Point X="448" Y="235" T="0" Pressure="0"/>
    </Stroke>
</Gesture>
