<?xml version="1.0" ?>
<Gesture Name="half_note~01" Subject="6" Number="1" NumPts="133" InputType="stylus" Speed="MEDIUM">
    <Stroke index="1">
        <Point X="455" Y="88" T="0" Pressure="0"/>
        <Point X="455" Y="89" T="0" Pressure="0"/>
        <Point X="455" Y="90" T="0" Pressure="0"/>
        <Point X="455" Y="91" T="0" Pressure="0"/>
        <Point X="455" Y="92" T="0" Pressure="0"/>
        <Point X="455" Y="95" T="0" Pressure="0"/>
        <Point X="456" Y="96" T="0" Pressure="0"/>
        <Point X="456" Y="99" T="0" Pressure="0"/>
        <Point X="457" Y="102" T="0" Pressure="0"/>
        <Point X="458" Y="105" T="0" Pressure="0"/>
        <Point X="458" Y="107" T="0" Pressure="0"/>
        <Point X="459" Y="111" T="0" Pressure="0"/>
        <Point X="459" Y="115" T="0" Pressure="0"/>
        <Point X="459" Y="119" T="0" Pressure="0"/>
        <Point X="459" Y="122" T="0" Pressure="0"/>
        <Point X="459" Y="127" T="0" Pressure="0"/>
        <Point X="459" Y="131" T="0" Pressure="0"/>
        <Point X="459" Y="135" T="0" Pressure="0"/>
        <Point X="459" Y="144" T="0" Pressure="0"/>
        <Point X="459" Y="149" T="0" Pressure="0"/>
        <Point X="459" Y="154" T="0" Pressure="0"/>
        <Point X="459" Y="158" T="0" Pressure="0"/>
        <Point X="458" Y="163" T="0" Pressure="0"/>
        <Point X="458" Y="169" T="0" Pressure="0"/>
        <Point X="458" Y="172" T="0" Pressure="0"/>
        <Point X="457" Y="181" T="0" Pressure="0"/>
        <Point X="457" Y="185" T="0" Pressure="0"/>
        <Point X="457" Y="189" T="0" Pressure="0"/>
        <Point X="457" Y="198" T="0" Pressure="0"/>
        <Point X="457" Y="202" T="0" Pressure="0"/>
        <Point X="457" Y="206" T="0" Pressure="0"/>
        <Point X="456" Y="212" T="0" Pressure="0"/>
        <Point X="456" Y="216" T="0" Pressure="0"/>
        <Point X="456" Y="220" T="0" Pressure="0"/>
        <Point X="456" Y="225" T="0" Pressure="0"/>
        <Point X="456" Y="228" T="0" Pressure="0"/>
        <Point X="456" Y="231" T="0" Pressure="0"/>
        <Point X="456" Y="236" T="0" Pressure="0"/>
        <Point X="456" Y="238" T="0" Pressure="0"/>
        <Point X="456" Y="240" T="0" Pressure="0"/>
        <Point X="456" Y="244" T="0" Pressure="0"/>
        <Point X="456" Y="245" T="0" Pressure="0"/>
        <Point X="456" Y="246" T="0" Pressure="0"/>
        <Point X="456" Y="247" T="0" Pressure="0"/>
        <Point X="456" Y="249" T="0" Pressure="0"/>
        <Point X="456" Y="250" T="0" Pressure="0"/>
        <Point X="457" Y="250" T="0" Pressure="0"/>
        <Point X="458" Y="250" T="0" Pressure="0"/>
        <Point X="459" Y="250" T="0" Pressure="0"/>
        <Point X="460" Y="250" T="0" Pressure="0"/>
        <Point X="461" Y="249" T="0" Pressure="0"/>
    </Stroke>
    <Stroke index="2">
        <Point X="453" Y="237" T="0" Pressure="0"/>
        <Point X="452" Y="236" T="0" Pressure="0"/>
        <Point X="451" Y="235" T="0" Pressure="0"/>
        <Point X="451" Y="234" T="0" Pressure="0"/>
        <Point X="450" Y="233" T="0" Pressure="0"/>
        <Point X="447" Y="232" T="0" Pressure="0"/>
        <Point X="447" Y="231" T="0" Pressure="0"/>
        <Point X="446" Y="230" T="0" Pressure="0"/>
        <Point X="445" Y="228" T="0" Pressure="0"/>
        <Point X="444" Y="227" T="0" Pressure="0"/>
        <Point X="443" Y="226" T="0" Pressure="0"/>
        <Point X="441" Y="224" T="0" Pressure="0"/>
        <Point X="440" Y="222" T="0" Pressure="0"/>
        <Point X="440" Y="221" T="0" Pressure="0"/>
        <Point X="438" Y="220" T="0" Pressure="0"/>
        <Point X="436" Y="218" T="0" Pressure="0"/>
        <Point X="435" Y="216" T="0" Pressure="0"/>
        <Point X="433" Y="214" T="0" Pressure="0"/>
        <Point X="432" Y="214" T="0" Pressure="0"/>
        <Point X="430" Y="212" T="0" Pressure="0"/>
        <Point X="428" Y="211" T="0" Pressure="0"/>
        <Point X="426" Y="209" T="0" Pressure="0"/>
        <Point X="424" Y="208" T="0" Pressure="0"/>
        <Point X="421" Y="207" T="0" Pressure="0"/>
        <Point X="420" Y="207" T="0" Pressure="0"/>
        <Point X="417" Y="206" T="0" Pressure="0"/>
        <Point X="415" Y="206" T="0" Pressure="0"/>
        <Point X="413" Y="206" T="0" Pressure="0"/>
        <Point X="410" Y="205" T="0" Pressure="0"/>
        <Point X="407" Y="205" T="0" Pressure="0"/>
        <Point X="406" Y="205" T="0" Pressure="0"/>
        <Point X="403" Y="205" T="0" Pressure="0"/>
        <Point X="401" Y="205" T="0" Pressure="0"/>
        <Point X="398" Y="206" T="0" Pressure="0"/>
        <Point X="395" Y="206" T="0" Pressure="0"/>
        <Point X="393" Y="207" T="0" Pressure="0"/>
        <Point X="391" Y="207" T="0" Pressure="0"/>
        <Point X="386" Y="210" T="0" Pressure="0"/>
        <Point X="383" Y="212" T="0" Pressure="0"/>
        <Point X="381" Y="214" T="0" Pressure="0"/>
        <Point X="376" Y="218" T="0" Pressure="0"/>
        <Point X="374" Y="220" T="0" Pressure="0"/>
        <Point X="372" Y="222" T="0" Pressure="0"/>
        <Point X="368" Y="229" T="0" Pressure="0"/>
        <Point X="365" Y="232" T="0" Pressure="0"/>
        <Point X="364" Y="236" T="0" Pressure="0"/>
        <Point X="361" Y="243" T="0" Pressure="0"/>
        <Point X="360" Y="247" T="0" Pressure="0"/>
        <Point X="359" Y="251" T="0" Pressure="0"/>
        <Point X="358" Y="259" T="0" Pressure="0"/>
        <Point X="357" Y="262" T="0" Pressure="0"/>
        <Point X="357" Y="266" T="0" Pressure="0"/>
        <Point X="358" Y="273" T="0" Pressure="0"/>
        <Point X="358" Y="277" T="0" Pressure="0"/>
        <Point X="360" Y="279" T="0" Pressure="0"/>
        <Point X="361" Y="283" T="0" Pressure="0"/>
        <Point X="364" Y="284" T="0" Pressure="0"/>
        <Point X="365" Y="286" T="0" Pressure="0"/>
        <Point X="369" Y="289" T="0" Pressure="0"/>
        <Point X="372" Y="290" T="0" Pressure="0"/>
        <Point X="373" Y="290" T="0" Pressure="0"/>
        <Point X="379" Y="291" T="0" Pressure="0"/>
        <Point X="382" Y="291" T="0" Pressure="0"/>
        <Point X="384" Y="291" T="0" Pressure="0"/>
        <Point X="391" Y="290" T="0" Pressure="0"/>
        <Point X="395" Y="289" T="0" Pressure="0"/>
        <Point X="398" Y="287" T="0" Pressure="0"/>
        <Point X="406" Y="283" T="0" Pressure="0"/>
        <Point X="410" Y="281" T="0" Pressure="0"/>
        <Point X="414" Y="279" T="0" Pressure="0"/>
        <Point X="422" Y="274" T="0" Pressure="0"/>
        <Point X="426" Y="271" T="0" Pressure="0"/>
        <Point X="431" Y="269" T="0" Pressure="0"/>
        <Point X="438" Y="264" T="0" Pressure="0"/>
        <Point X="441" Y="262" T="0" Pressure="0"/>
        <Point X="445" Y="260" T="0" Pressure="0"/>
        <Point X="448" Y="257" T="0" Pressure="0"/>
        <Point X="451" Y="256" T="0" Pressure="0"/>
        <Point X="454" Y="254" T="0" Pressure="0"/>
        <Point X="456" Y="252" T="0" Pressure="0"/>
        <Point X="459" Y="251" T="0" Pressure="0"/>
        <Point X="463" Y="246" T="0" Pressure="0"/>
    </Stroke>
</Gesture>
