<?xml version="1.0" ?>
<Gesture Name="exclamation_point~01" Subject="6" Number="1" NumPts="29" InputType="stylus" Speed="MEDIUM">
    <Stroke index="1">
        <Point X="382" Y="145" T="0" Pressure="0"/>
        <Point X="382" Y="146" T="0" Pressure="0"/>
        <Point X="381" Y="147" T="0" Pressure="0"/>
        <Point X="381" Y="149" T="0" Pressure="0"/>
        <Point X="381" Y="150" T="0" Pressure="0"/>
        <Point X="381" Y="151" T="0" Pressure="0"/>
        <Point X="381" Y="152" T="0" Pressure="0"/>
        <Point X="381" Y="158" T="0" Pressure="0"/>
        <Point X="381" Y="162" T="0" Pressure="0"/>
        <Point X="381" Y="176" T="0" Pressure="0"/>
        <Point X="381" Y="186" T="0" Pressure="0"/>
        <Point X="382" Y="193" T="0" Pressure="0"/>
        <Point X="382" Y="199" T="0" Pressure="0"/>
        <Point X="382" Y="205" T="0" Pressure="0"/>
        <Point X="383" Y="219" T="0" Pressure="0"/>
        <Point X="383" Y="235" T="0" Pressure="0"/>
        <Point X="384" Y="241" T="0" Pressure="0"/>
        <Point X="384" Y="249" T="0" Pressure="0"/>
        <Point X="384" Y="261" T="0" Pressure="0"/>
        <Point X="384" Y="266" T="0" Pressure="0"/>
        <Point X="385" Y="272" T="0" Pressure="0"/>
        <Point X="385" Y="276" T="0" Pressure="0"/>
        <Point X="386" Y="299" T="0" Pressure="0"/>
        <Point X="387" Y="302" T="0" Pressure="0"/>
        <Point X="388" Y="305" T="0" Pressure="0"/>
        <Point X="388" Y="308" T="0" Pressure="0"/>
        <Point X="388" Y="310" T="0" Pressure="0"/>
    </Stroke>
    <Stroke index="2">
        <Point X="390" Y="356" T="0" Pressure="0"/>
        <Point X="389" Y="355" T="0" Pressure="0"/>
    </Stroke>
</Gesture>
