<?xml version="1.0" ?>
<Gesture Name="I~08" Subject="6" Number="8" NumPts="116" InputType="stylus" Speed="MEDIUM">
    <Stroke index="1">
        <Point X="307" Y="104" T="0" Pressure="0"/>
        <Point X="306" Y="102" T="0" Pressure="0"/>
        <Point X="306" Y="101" T="0" Pressure="0"/>
        <Point X="307" Y="101" T="0" Pressure="0"/>
        <Point X="309" Y="101" T="0" Pressure="0"/>
        <Point X="310" Y="100" T="0" Pressure="0"/>
        <Point X="311" Y="100" T="0" Pressure="0"/>
        <Point X="314" Y="100" T="0" Pressure="0"/>
        <Point X="316" Y="100" T="0" Pressure="0"/>
        <Point X="317" Y="99" T="0" Pressure="0"/>
        <Point X="321" Y="99" T="0" Pressure="0"/>
        <Point X="324" Y="97" T="0" Pressure="0"/>
        <Point X="327" Y="97" T="0" Pressure="0"/>
        <Point X="331" Y="96" T="0" Pressure="0"/>
        <Point X="335" Y="95" T="0" Pressure="0"/>
        <Point X="339" Y="94" T="0" Pressure="0"/>
        <Point X="344" Y="93" T="0" Pressure="0"/>
        <Point X="350" Y="91" T="0" Pressure="0"/>
        <Point X="354" Y="91" T="0" Pressure="0"/>
        <Point X="359" Y="90" T="0" Pressure="0"/>
        <Point X="363" Y="89" T="0" Pressure="0"/>
        <Point X="368" Y="88" T="0" Pressure="0"/>
        <Point X="373" Y="87" T="0" Pressure="0"/>
        <Point X="378" Y="86" T="0" Pressure="0"/>
        <Point X="382" Y="85" T="0" Pressure="0"/>
        <Point X="386" Y="85" T="0" Pressure="0"/>
        <Point X="390" Y="85" T="0" Pressure="0"/>
        <Point X="395" Y="84" T="0" Pressure="0"/>
        <Point X="399" Y="84" T="0" Pressure="0"/>
        <Point X="403" Y="84" T="0" Pressure="0"/>
        <Point X="406" Y="84" T="0" Pressure="0"/>
        <Point X="408" Y="84" T="0" Pressure="0"/>
        <Point X="411" Y="84" T="0" Pressure="0"/>
        <Point X="414" Y="84" T="0" Pressure="0"/>
        <Point X="416" Y="84" T="0" Pressure="0"/>
        <Point X="419" Y="84" T="0" Pressure="0"/>
        <Point X="420" Y="84" T="0" Pressure="0"/>
        <Point X="422" Y="85" T="0" Pressure="0"/>
        <Point X="423" Y="85" T="0" Pressure="0"/>
        <Point X="424" Y="85" T="0" Pressure="0"/>
    </Stroke>
    <Stroke index="2">
        <Point X="374" Y="102" T="0" Pressure="0"/>
        <Point X="374" Y="101" T="0" Pressure="0"/>
        <Point X="374" Y="100" T="0" Pressure="0"/>
        <Point X="374" Y="99" T="0" Pressure="0"/>
        <Point X="374" Y="98" T="0" Pressure="0"/>
        <Point X="375" Y="98" T="0" Pressure="0"/>
        <Point X="376" Y="99" T="0" Pressure="0"/>
        <Point X="377" Y="99" T="0" Pressure="0"/>
        <Point X="377" Y="100" T="0" Pressure="0"/>
        <Point X="378" Y="102" T="0" Pressure="0"/>
        <Point X="378" Y="104" T="0" Pressure="0"/>
        <Point X="379" Y="105" T="0" Pressure="0"/>
        <Point X="380" Y="107" T="0" Pressure="0"/>
        <Point X="380" Y="110" T="0" Pressure="0"/>
        <Point X="380" Y="111" T="0" Pressure="0"/>
        <Point X="380" Y="114" T="0" Pressure="0"/>
        <Point X="380" Y="116" T="0" Pressure="0"/>
        <Point X="381" Y="119" T="0" Pressure="0"/>
        <Point X="381" Y="125" T="0" Pressure="0"/>
        <Point X="380" Y="128" T="0" Pressure="0"/>
        <Point X="380" Y="132" T="0" Pressure="0"/>
        <Point X="379" Y="136" T="0" Pressure="0"/>
        <Point X="378" Y="140" T="0" Pressure="0"/>
        <Point X="378" Y="145" T="0" Pressure="0"/>
        <Point X="377" Y="149" T="0" Pressure="0"/>
        <Point X="377" Y="153" T="0" Pressure="0"/>
        <Point X="376" Y="157" T="0" Pressure="0"/>
        <Point X="375" Y="161" T="0" Pressure="0"/>
        <Point X="375" Y="165" T="0" Pressure="0"/>
        <Point X="374" Y="170" T="0" Pressure="0"/>
        <Point X="374" Y="172" T="0" Pressure="0"/>
        <Point X="374" Y="179" T="0" Pressure="0"/>
        <Point X="373" Y="182" T="0" Pressure="0"/>
        <Point X="373" Y="185" T="0" Pressure="0"/>
        <Point X="373" Y="190" T="0" Pressure="0"/>
        <Point X="372" Y="192" T="0" Pressure="0"/>
        <Point X="372" Y="194" T="0" Pressure="0"/>
        <Point X="372" Y="196" T="0" Pressure="0"/>
        <Point X="372" Y="197" T="0" Pressure="0"/>
        <Point X="372" Y="198" T="0" Pressure="0"/>
        <Point X="372" Y="199" T="0" Pressure="0"/>
        <Point X="372" Y="200" T="0" Pressure="0"/>
        <Point X="372" Y="201" T="0" Pressure="0"/>
        <Point X="372" Y="202" T="0" Pressure="0"/>
        <Point X="373" Y="202" T="0" Pressure="0"/>
        <Point X="374" Y="203" T="0" Pressure="0"/>
    </Stroke>
    <Stroke index="3">
        <Point X="313" Y="236" T="0" Pressure="0"/>
        <Point X="314" Y="235" T="0" Pressure="0"/>
        <Point X="316" Y="235" T="0" Pressure="0"/>
        <Point X="321" Y="234" T="0" Pressure="0"/>
        <Point X="327" Y="234" T="0" Pressure="0"/>
        <Point X="335" Y="233" T="0" Pressure="0"/>
        <Point X="339" Y="232" T="0" Pressure="0"/>
        <Point X="344" Y="231" T="0" Pressure="0"/>
        <Point X="348" Y="231" T="0" Pressure="0"/>
        <Point X="354" Y="230" T="0" Pressure="0"/>
        <Point X="362" Y="228" T="0" Pressure="0"/>
        <Point X="367" Y="227" T="0" Pressure="0"/>
        <Point X="371" Y="226" T="0" Pressure="0"/>
        <Point X="376" Y="225" T="0" Pressure="0"/>
        <Point X="381" Y="224" T="0" Pressure="0"/>
        <Point X="385" Y="222" T="0" Pressure="0"/>
        <Point X="389" Y="222" T="0" Pressure="0"/>
        <Point X="393" Y="221" T="0" Pressure="0"/>
        <Point X="397" Y="220" T="0" Pressure="0"/>
        <Point X="409" Y="217" T="0" Pressure="0"/>
        <Point X="412" Y="216" T="0" Pressure="0"/>
        <Point X="419" Y="215" T="0" Pressure="0"/>
        <Point X="422" Y="215" T="0" Pressure="0"/>
        <Point X="424" Y="215" T="0" Pressure="0"/>
        <Point X="428" Y="215" T="0" Pressure="0"/>
        <Point X="430" Y="215" T="0" Pressure="0"/>
        <Point X="431" Y="215" T="0" Pressure="0"/>
        <Point X="434" Y="215" T="0" Pressure="0"/>
        <Point X="435" Y="215" T="0" Pressure="0"/>
        <Point X="435" Y="216" T="0" Pressure="0"/>
    </Stroke>
</Gesture>
