<?xml version="1.0" ?>
<Gesture Name="P~05" Subject="6" Number="5" NumPts="85" InputType="stylus" Speed="MEDIUM">
    <Stroke index="1">
        <Point X="299" Y="163" T="0" Pressure="0"/>
        <Point X="298" Y="171" T="0" Pressure="0"/>
        <Point X="298" Y="175" T="0" Pressure="0"/>
        <Point X="298" Y="180" T="0" Pressure="0"/>
        <Point X="298" Y="185" T="0" Pressure="0"/>
        <Point X="298" Y="197" T="0" Pressure="0"/>
        <Point X="298" Y="203" T="0" Pressure="0"/>
        <Point X="298" Y="210" T="0" Pressure="0"/>
        <Point X="298" Y="226" T="0" Pressure="0"/>
        <Point X="298" Y="232" T="0" Pressure="0"/>
        <Point X="298" Y="240" T="0" Pressure="0"/>
        <Point X="298" Y="247" T="0" Pressure="0"/>
        <Point X="298" Y="255" T="0" Pressure="0"/>
        <Point X="298" Y="262" T="0" Pressure="0"/>
        <Point X="298" Y="271" T="0" Pressure="0"/>
        <Point X="298" Y="277" T="0" Pressure="0"/>
        <Point X="298" Y="284" T="0" Pressure="0"/>
        <Point X="298" Y="290" T="0" Pressure="0"/>
        <Point X="298" Y="296" T="0" Pressure="0"/>
        <Point X="298" Y="301" T="0" Pressure="0"/>
        <Point X="298" Y="307" T="0" Pressure="0"/>
        <Point X="297" Y="311" T="0" Pressure="0"/>
        <Point X="297" Y="315" T="0" Pressure="0"/>
        <Point X="297" Y="319" T="0" Pressure="0"/>
        <Point X="297" Y="323" T="0" Pressure="0"/>
        <Point X="297" Y="326" T="0" Pressure="0"/>
        <Point X="296" Y="332" T="0" Pressure="0"/>
        <Point X="296" Y="334" T="0" Pressure="0"/>
        <Point X="296" Y="336" T="0" Pressure="0"/>
        <Point X="296" Y="340" T="0" Pressure="0"/>
    </Stroke>
    <Stroke index="2">
        <Point X="298" Y="149" T="0" Pressure="0"/>
        <Point X="298" Y="147" T="0" Pressure="0"/>
        <Point X="299" Y="146" T="0" Pressure="0"/>
        <Point X="299" Y="145" T="0" Pressure="0"/>
        <Point X="299" Y="144" T="0" Pressure="0"/>
        <Point X="301" Y="144" T="0" Pressure="0"/>
        <Point X="302" Y="143" T="0" Pressure="0"/>
        <Point X="303" Y="142" T="0" Pressure="0"/>
        <Point X="305" Y="142" T="0" Pressure="0"/>
        <Point X="307" Y="142" T="0" Pressure="0"/>
        <Point X="318" Y="142" T="0" Pressure="0"/>
        <Point X="321" Y="142" T="0" Pressure="0"/>
        <Point X="325" Y="142" T="0" Pressure="0"/>
        <Point X="329" Y="142" T="0" Pressure="0"/>
        <Point X="333" Y="142" T="0" Pressure="0"/>
        <Point X="336" Y="142" T="0" Pressure="0"/>
        <Point X="340" Y="142" T="0" Pressure="0"/>
        <Point X="344" Y="143" T="0" Pressure="0"/>
        <Point X="349" Y="144" T="0" Pressure="0"/>
        <Point X="352" Y="145" T="0" Pressure="0"/>
        <Point X="359" Y="147" T="0" Pressure="0"/>
        <Point X="362" Y="149" T="0" Pressure="0"/>
        <Point X="366" Y="151" T="0" Pressure="0"/>
        <Point X="369" Y="152" T="0" Pressure="0"/>
        <Point X="371" Y="155" T="0" Pressure="0"/>
        <Point X="373" Y="157" T="0" Pressure="0"/>
        <Point X="374" Y="160" T="0" Pressure="0"/>
        <Point X="376" Y="165" T="0" Pressure="0"/>
        <Point X="377" Y="168" T="0" Pressure="0"/>
        <Point X="377" Y="171" T="0" Pressure="0"/>
        <Point X="376" Y="176" T="0" Pressure="0"/>
        <Point X="375" Y="178" T="0" Pressure="0"/>
        <Point X="374" Y="181" T="0" Pressure="0"/>
        <Point X="370" Y="187" T="0" Pressure="0"/>
        <Point X="368" Y="190" T="0" Pressure="0"/>
        <Point X="365" Y="192" T="0" Pressure="0"/>
        <Point X="362" Y="195" T="0" Pressure="0"/>
        <Point X="359" Y="197" T="0" Pressure="0"/>
        <Point X="352" Y="202" T="0" Pressure="0"/>
        <Point X="348" Y="204" T="0" Pressure="0"/>
        <Point X="340" Y="209" T="0" Pressure="0"/>
        <Point X="335" Y="212" T="0" Pressure="0"/>
        <Point X="329" Y="215" T="0" Pressure="0"/>
        <Point X="320" Y="217" T="0" Pressure="0"/>
        <Point X="316" Y="219" T="0" Pressure="0"/>
        <Point X="311" Y="220" T="0" Pressure="0"/>
        <Point X="307" Y="221" T="0" Pressure="0"/>
        <Point X="303" Y="222" T="0" Pressure="0"/>
        <Point X="299" Y="222" T="0" Pressure="0"/>
        <Point X="296" Y="222" T="0" Pressure="0"/>
        <Point X="292" Y="223" T="0" Pressure="0"/>
        <Point X="290" Y="224" T="0" Pressure="0"/>
        <Point X="287" Y="224" T="0" Pressure="0"/>
        <Point X="285" Y="224" T="0" Pressure="0"/>
        <Point X="283" Y="225" T="0" Pressure="0"/>
    </Stroke>
</Gesture>
