<?xml version="1.0" ?>
<Gesture Name="D~08" Subject="6" Number="8" NumPts="112" InputType="stylus" Speed="MEDIUM">
    <Stroke index="1">
        <Point X="330" Y="179" T="0" Pressure="0"/>
        <Point X="329" Y="180" T="0" Pressure="0"/>
        <Point X="329" Y="181" T="0" Pressure="0"/>
        <Point X="329" Y="183" T="0" Pressure="0"/>
        <Point X="329" Y="185" T="0" Pressure="0"/>
        <Point X="329" Y="188" T="0" Pressure="0"/>
        <Point X="329" Y="191" T="0" Pressure="0"/>
        <Point X="329" Y="196" T="0" Pressure="0"/>
        <Point X="329" Y="201" T="0" Pressure="0"/>
        <Point X="329" Y="206" T="0" Pressure="0"/>
        <Point X="329" Y="211" T="0" Pressure="0"/>
        <Point X="329" Y="216" T="0" Pressure="0"/>
        <Point X="329" Y="222" T="0" Pressure="0"/>
        <Point X="329" Y="227" T="0" Pressure="0"/>
        <Point X="329" Y="232" T="0" Pressure="0"/>
        <Point X="329" Y="239" T="0" Pressure="0"/>
        <Point X="329" Y="244" T="0" Pressure="0"/>
        <Point X="329" Y="249" T="0" Pressure="0"/>
        <Point X="330" Y="254" T="0" Pressure="0"/>
        <Point X="330" Y="259" T="0" Pressure="0"/>
        <Point X="330" Y="265" T="0" Pressure="0"/>
        <Point X="330" Y="271" T="0" Pressure="0"/>
        <Point X="330" Y="276" T="0" Pressure="0"/>
        <Point X="329" Y="281" T="0" Pressure="0"/>
        <Point X="329" Y="286" T="0" Pressure="0"/>
        <Point X="329" Y="291" T="0" Pressure="0"/>
        <Point X="329" Y="297" T="0" Pressure="0"/>
        <Point X="329" Y="301" T="0" Pressure="0"/>
        <Point X="328" Y="305" T="0" Pressure="0"/>
        <Point X="328" Y="309" T="0" Pressure="0"/>
        <Point X="328" Y="312" T="0" Pressure="0"/>
        <Point X="328" Y="315" T="0" Pressure="0"/>
        <Point X="327" Y="319" T="0" Pressure="0"/>
        <Point X="327" Y="321" T="0" Pressure="0"/>
        <Point X="326" Y="323" T="0" Pressure="0"/>
        <Point X="326" Y="324" T="0" Pressure="0"/>
        <Point X="326" Y="325" T="0" Pressure="0"/>
        <Point X="325" Y="325" T="0" Pressure="0"/>
    </Stroke>
    <Stroke index="2">
        <Point X="306" Y="175" T="0" Pressure="0"/>
        <Point X="306" Y="174" T="0" Pressure="0"/>
        <Point X="306" Y="172" T="0" Pressure="0"/>
        <Point X="307" Y="171" T="0" Pressure="0"/>
        <Point X="307" Y="170" T="0" Pressure="0"/>
        <Point X="309" Y="168" T="0" Pressure="0"/>
        <Point X="310" Y="167" T="0" Pressure="0"/>
        <Point X="313" Y="166" T="0" Pressure="0"/>
        <Point X="315" Y="166" T="0" Pressure="0"/>
        <Point X="317" Y="166" T="0" Pressure="0"/>
        <Point X="321" Y="166" T="0" Pressure="0"/>
        <Point X="325" Y="166" T="0" Pressure="0"/>
        <Point X="329" Y="167" T="0" Pressure="0"/>
        <Point X="332" Y="167" T="0" Pressure="0"/>
        <Point X="337" Y="169" T="0" Pressure="0"/>
        <Point X="341" Y="170" T="0" Pressure="0"/>
        <Point X="346" Y="171" T="0" Pressure="0"/>
        <Point X="351" Y="172" T="0" Pressure="0"/>
        <Point X="356" Y="175" T="0" Pressure="0"/>
        <Point X="360" Y="177" T="0" Pressure="0"/>
        <Point X="365" Y="179" T="0" Pressure="0"/>
        <Point X="370" Y="181" T="0" Pressure="0"/>
        <Point X="374" Y="184" T="0" Pressure="0"/>
        <Point X="378" Y="187" T="0" Pressure="0"/>
        <Point X="383" Y="191" T="0" Pressure="0"/>
        <Point X="387" Y="195" T="0" Pressure="0"/>
        <Point X="391" Y="198" T="0" Pressure="0"/>
        <Point X="395" Y="202" T="0" Pressure="0"/>
        <Point X="399" Y="206" T="0" Pressure="0"/>
        <Point X="402" Y="210" T="0" Pressure="0"/>
        <Point X="405" Y="215" T="0" Pressure="0"/>
        <Point X="408" Y="219" T="0" Pressure="0"/>
        <Point X="411" Y="224" T="0" Pressure="0"/>
        <Point X="414" Y="228" T="0" Pressure="0"/>
        <Point X="416" Y="233" T="0" Pressure="0"/>
        <Point X="419" Y="237" T="0" Pressure="0"/>
        <Point X="420" Y="243" T="0" Pressure="0"/>
        <Point X="422" Y="247" T="0" Pressure="0"/>
        <Point X="423" Y="252" T="0" Pressure="0"/>
        <Point X="423" Y="256" T="0" Pressure="0"/>
        <Point X="423" Y="260" T="0" Pressure="0"/>
        <Point X="423" Y="264" T="0" Pressure="0"/>
        <Point X="423" Y="268" T="0" Pressure="0"/>
        <Point X="423" Y="272" T="0" Pressure="0"/>
        <Point X="423" Y="275" T="0" Pressure="0"/>
        <Point X="422" Y="278" T="0" Pressure="0"/>
        <Point X="420" Y="281" T="0" Pressure="0"/>
        <Point X="418" Y="284" T="0" Pressure="0"/>
        <Point X="415" Y="287" T="0" Pressure="0"/>
        <Point X="413" Y="290" T="0" Pressure="0"/>
        <Point X="410" Y="293" T="0" Pressure="0"/>
        <Point X="407" Y="296" T="0" Pressure="0"/>
        <Point X="404" Y="299" T="0" Pressure="0"/>
        <Point X="400" Y="301" T="0" Pressure="0"/>
        <Point X="395" Y="304" T="0" Pressure="0"/>
        <Point X="391" Y="306" T="0" Pressure="0"/>
        <Point X="387" Y="308" T="0" Pressure="0"/>
        <Point X="382" Y="310" T="0" Pressure="0"/>
        <Point X="378" Y="312" T="0" Pressure="0"/>
        <Point X="374" Y="314" T="0" Pressure="0"/>
        <Point X="369" Y="316" T="0" Pressure="0"/>
        <Point X="365" Y="318" T="0" Pressure="0"/>
        <Point X="360" Y="319" T="0" Pressure="0"/>
        <Point X="352" Y="322" T="0" Pressure="0"/>
        <Point X="348" Y="323" T="0" Pressure="0"/>
        <Point X="344" Y="324" T="0" Pressure="0"/>
        <Point X="341" Y="324" T="0" Pressure="0"/>
        <Point X="339" Y="325" T="0" Pressure="0"/>
        <Point X="336" Y="325" T="0" Pressure="0"/>
        <Point X="334" Y="326" T="0" Pressure="0"/>
        <Point X="332" Y="326" T="0" Pressure="0"/>
        <Point X="330" Y="326" T="0" Pressure="0"/>
        <Point X="326" Y="327" T="0" Pressure="0"/>
        <Point X="325" Y="327" T="0" Pressure="0"/>
    </Stroke>
</Gesture>
