<?xml version="1.0" ?>
<Gesture Name="null~10" Subject="6" Number="10" NumPts="158" InputType="stylus" Speed="MEDIUM">
    <Stroke index="1">
        <Point X="314" Y="120" T="0" Pressure="0"/>
        <Point X="307" Y="124" T="0" Pressure="0"/>
        <Point X="306" Y="125" T="0" Pressure="0"/>
        <Point X="305" Y="127" T="0" Pressure="0"/>
        <Point X="303" Y="129" T="0" Pressure="0"/>
        <Point X="302" Y="131" T="0" Pressure="0"/>
        <Point X="301" Y="135" T="0" Pressure="0"/>
        <Point X="299" Y="138" T="0" Pressure="0"/>
        <Point X="299" Y="141" T="0" Pressure="0"/>
        <Point X="298" Y="145" T="0" Pressure="0"/>
        <Point X="297" Y="149" T="0" Pressure="0"/>
        <Point X="296" Y="153" T="0" Pressure="0"/>
        <Point X="296" Y="157" T="0" Pressure="0"/>
        <Point X="296" Y="163" T="0" Pressure="0"/>
        <Point X="296" Y="167" T="0" Pressure="0"/>
        <Point X="296" Y="172" T="0" Pressure="0"/>
        <Point X="296" Y="177" T="0" Pressure="0"/>
        <Point X="296" Y="183" T="0" Pressure="0"/>
        <Point X="296" Y="189" T="0" Pressure="0"/>
        <Point X="297" Y="196" T="0" Pressure="0"/>
        <Point X="298" Y="202" T="0" Pressure="0"/>
        <Point X="299" Y="207" T="0" Pressure="0"/>
        <Point X="300" Y="214" T="0" Pressure="0"/>
        <Point X="302" Y="220" T="0" Pressure="0"/>
        <Point X="303" Y="226" T="0" Pressure="0"/>
        <Point X="306" Y="233" T="0" Pressure="0"/>
        <Point X="307" Y="238" T="0" Pressure="0"/>
        <Point X="310" Y="244" T="0" Pressure="0"/>
        <Point X="313" Y="249" T="0" Pressure="0"/>
        <Point X="315" Y="254" T="0" Pressure="0"/>
        <Point X="318" Y="259" T="0" Pressure="0"/>
        <Point X="321" Y="263" T="0" Pressure="0"/>
        <Point X="324" Y="267" T="0" Pressure="0"/>
        <Point X="327" Y="271" T="0" Pressure="0"/>
        <Point X="331" Y="274" T="0" Pressure="0"/>
        <Point X="334" Y="277" T="0" Pressure="0"/>
        <Point X="337" Y="280" T="0" Pressure="0"/>
        <Point X="341" Y="283" T="0" Pressure="0"/>
        <Point X="345" Y="285" T="0" Pressure="0"/>
        <Point X="349" Y="287" T="0" Pressure="0"/>
        <Point X="353" Y="289" T="0" Pressure="0"/>
        <Point X="357" Y="290" T="0" Pressure="0"/>
        <Point X="362" Y="291" T="0" Pressure="0"/>
        <Point X="366" Y="292" T="0" Pressure="0"/>
        <Point X="370" Y="292" T="0" Pressure="0"/>
        <Point X="374" Y="292" T="0" Pressure="0"/>
        <Point X="378" Y="292" T="0" Pressure="0"/>
        <Point X="383" Y="291" T="0" Pressure="0"/>
        <Point X="388" Y="290" T="0" Pressure="0"/>
        <Point X="393" Y="289" T="0" Pressure="0"/>
        <Point X="397" Y="287" T="0" Pressure="0"/>
        <Point X="401" Y="286" T="0" Pressure="0"/>
        <Point X="406" Y="284" T="0" Pressure="0"/>
        <Point X="410" Y="281" T="0" Pressure="0"/>
        <Point X="415" Y="279" T="0" Pressure="0"/>
        <Point X="419" Y="276" T="0" Pressure="0"/>
        <Point X="423" Y="274" T="0" Pressure="0"/>
        <Point X="426" Y="272" T="0" Pressure="0"/>
        <Point X="430" Y="269" T="0" Pressure="0"/>
        <Point X="433" Y="266" T="0" Pressure="0"/>
        <Point X="436" Y="262" T="0" Pressure="0"/>
        <Point X="439" Y="259" T="0" Pressure="0"/>
        <Point X="442" Y="255" T="0" Pressure="0"/>
        <Point X="445" Y="252" T="0" Pressure="0"/>
        <Point X="447" Y="248" T="0" Pressure="0"/>
        <Point X="449" Y="244" T="0" Pressure="0"/>
        <Point X="452" Y="239" T="0" Pressure="0"/>
        <Point X="453" Y="234" T="0" Pressure="0"/>
        <Point X="456" Y="229" T="0" Pressure="0"/>
        <Point X="456" Y="225" T="0" Pressure="0"/>
        <Point X="458" Y="220" T="0" Pressure="0"/>
        <Point X="459" Y="215" T="0" Pressure="0"/>
        <Point X="460" Y="209" T="0" Pressure="0"/>
        <Point X="460" Y="203" T="0" Pressure="0"/>
        <Point X="460" Y="197" T="0" Pressure="0"/>
        <Point X="460" Y="192" T="0" Pressure="0"/>
        <Point X="459" Y="187" T="0" Pressure="0"/>
        <Point X="457" Y="181" T="0" Pressure="0"/>
        <Point X="456" Y="176" T="0" Pressure="0"/>
        <Point X="454" Y="170" T="0" Pressure="0"/>
        <Point X="452" Y="165" T="0" Pressure="0"/>
        <Point X="449" Y="160" T="0" Pressure="0"/>
        <Point X="446" Y="155" T="0" Pressure="0"/>
        <Point X="442" Y="151" T="0" Pressure="0"/>
        <Point X="439" Y="147" T="0" Pressure="0"/>
        <Point X="434" Y="141" T="0" Pressure="0"/>
        <Point X="426" Y="135" T="0" Pressure="0"/>
        <Point X="422" Y="131" T="0" Pressure="0"/>
        <Point X="416" Y="128" T="0" Pressure="0"/>
        <Point X="411" Y="126" T="0" Pressure="0"/>
        <Point X="405" Y="123" T="0" Pressure="0"/>
        <Point X="400" Y="121" T="0" Pressure="0"/>
        <Point X="394" Y="119" T="0" Pressure="0"/>
        <Point X="388" Y="117" T="0" Pressure="0"/>
        <Point X="382" Y="116" T="0" Pressure="0"/>
        <Point X="376" Y="115" T="0" Pressure="0"/>
        <Point X="370" Y="114" T="0" Pressure="0"/>
        <Point X="365" Y="114" T="0" Pressure="0"/>
        <Point X="359" Y="114" T="0" Pressure="0"/>
        <Point X="354" Y="114" T="0" Pressure="0"/>
        <Point X="348" Y="114" T="0" Pressure="0"/>
        <Point X="344" Y="115" T="0" Pressure="0"/>
        <Point X="339" Y="116" T="0" Pressure="0"/>
        <Point X="336" Y="117" T="0" Pressure="0"/>
        <Point X="332" Y="119" T="0" Pressure="0"/>
        <Point X="329" Y="120" T="0" Pressure="0"/>
    </Stroke>
    <Stroke index="2">
        <Point X="449" Y="95" T="0" Pressure="0"/>
        <Point X="446" Y="96" T="0" Pressure="0"/>
        <Point X="441" Y="97" T="0" Pressure="0"/>
        <Point X="439" Y="97" T="0" Pressure="0"/>
        <Point X="437" Y="97" T="0" Pressure="0"/>
        <Point X="433" Y="99" T="0" Pressure="0"/>
        <Point X="430" Y="101" T="0" Pressure="0"/>
        <Point X="426" Y="103" T="0" Pressure="0"/>
        <Point X="422" Y="106" T="0" Pressure="0"/>
        <Point X="418" Y="110" T="0" Pressure="0"/>
        <Point X="414" Y="113" T="0" Pressure="0"/>
        <Point X="409" Y="117" T="0" Pressure="0"/>
        <Point X="404" Y="122" T="0" Pressure="0"/>
        <Point X="400" Y="127" T="0" Pressure="0"/>
        <Point X="395" Y="132" T="0" Pressure="0"/>
        <Point X="390" Y="138" T="0" Pressure="0"/>
        <Point X="385" Y="144" T="0" Pressure="0"/>
        <Point X="380" Y="151" T="0" Pressure="0"/>
        <Point X="374" Y="157" T="0" Pressure="0"/>
        <Point X="369" Y="165" T="0" Pressure="0"/>
        <Point X="363" Y="172" T="0" Pressure="0"/>
        <Point X="358" Y="179" T="0" Pressure="0"/>
        <Point X="353" Y="187" T="0" Pressure="0"/>
        <Point X="347" Y="195" T="0" Pressure="0"/>
        <Point X="342" Y="203" T="0" Pressure="0"/>
        <Point X="337" Y="210" T="0" Pressure="0"/>
        <Point X="332" Y="219" T="0" Pressure="0"/>
        <Point X="327" Y="225" T="0" Pressure="0"/>
        <Point X="322" Y="232" T="0" Pressure="0"/>
        <Point X="317" Y="239" T="0" Pressure="0"/>
        <Point X="313" Y="245" T="0" Pressure="0"/>
        <Point X="308" Y="251" T="0" Pressure="0"/>
        <Point X="303" Y="257" T="0" Pressure="0"/>
        <Point X="299" Y="262" T="0" Pressure="0"/>
        <Point X="295" Y="268" T="0" Pressure="0"/>
        <Point X="291" Y="273" T="0" Pressure="0"/>
        <Point X="287" Y="278" T="0" Pressure="0"/>
        <Point X="283" Y="284" T="0" Pressure="0"/>
        <Point X="279" Y="289" T="0" Pressure="0"/>
        <Point X="276" Y="292" T="0" Pressure="0"/>
        <Point X="272" Y="297" T="0" Pressure="0"/>
        <Point X="269" Y="301" T="0" Pressure="0"/>
        <Point X="266" Y="305" T="0" Pressure="0"/>
        <Point X="264" Y="309" T="0" Pressure="0"/>
        <Point X="261" Y="312" T="0" Pressure="0"/>
        <Point X="259" Y="315" T="0" Pressure="0"/>
        <Point X="257" Y="319" T="0" Pressure="0"/>
        <Point X="256" Y="321" T="0" Pressure="0"/>
        <Point X="254" Y="324" T="0" Pressure="0"/>
        <Point X="253" Y="326" T="0" Pressure="0"/>
        <Point X="253" Y="327" T="0" Pressure="0"/>
        <Point X="253" Y="328" T="0" Pressure="0"/>
    </Stroke>
</Gesture>
