<?xml version="1.0" ?>
<Gesture Name="five_point_star~02" Subject="6" Number="2" NumPts="232" InputType="stylus" Speed="MEDIUM">
    <Stroke index="1">
        <Point X="316" Y="321" T="0" Pressure="0"/>
        <Point X="315" Y="318" T="0" Pressure="0"/>
        <Point X="314" Y="315" T="0" Pressure="0"/>
        <Point X="314" Y="312" T="0" Pressure="0"/>
        <Point X="314" Y="309" T="0" Pressure="0"/>
        <Point X="314" Y="305" T="0" Pressure="0"/>
        <Point X="314" Y="302" T="0" Pressure="0"/>
        <Point X="315" Y="291" T="0" Pressure="0"/>
        <Point X="316" Y="287" T="0" Pressure="0"/>
        <Point X="317" Y="282" T="0" Pressure="0"/>
        <Point X="317" Y="277" T="0" Pressure="0"/>
        <Point X="318" Y="273" T="0" Pressure="0"/>
        <Point X="320" Y="267" T="0" Pressure="0"/>
        <Point X="321" Y="261" T="0" Pressure="0"/>
        <Point X="322" Y="255" T="0" Pressure="0"/>
        <Point X="324" Y="249" T="0" Pressure="0"/>
        <Point X="326" Y="242" T="0" Pressure="0"/>
        <Point X="328" Y="236" T="0" Pressure="0"/>
        <Point X="329" Y="229" T="0" Pressure="0"/>
        <Point X="332" Y="222" T="0" Pressure="0"/>
        <Point X="333" Y="216" T="0" Pressure="0"/>
        <Point X="336" Y="209" T="0" Pressure="0"/>
        <Point X="337" Y="203" T="0" Pressure="0"/>
        <Point X="339" Y="197" T="0" Pressure="0"/>
        <Point X="341" Y="191" T="0" Pressure="0"/>
        <Point X="343" Y="184" T="0" Pressure="0"/>
        <Point X="345" Y="179" T="0" Pressure="0"/>
        <Point X="347" Y="174" T="0" Pressure="0"/>
        <Point X="350" Y="169" T="0" Pressure="0"/>
        <Point X="351" Y="165" T="0" Pressure="0"/>
        <Point X="354" Y="160" T="0" Pressure="0"/>
        <Point X="356" Y="156" T="0" Pressure="0"/>
        <Point X="358" Y="152" T="0" Pressure="0"/>
        <Point X="360" Y="148" T="0" Pressure="0"/>
        <Point X="362" Y="145" T="0" Pressure="0"/>
        <Point X="365" Y="141" T="0" Pressure="0"/>
        <Point X="366" Y="139" T="0" Pressure="0"/>
        <Point X="369" Y="135" T="0" Pressure="0"/>
        <Point X="370" Y="133" T="0" Pressure="0"/>
        <Point X="373" Y="130" T="0" Pressure="0"/>
        <Point X="374" Y="128" T="0" Pressure="0"/>
        <Point X="375" Y="127" T="0" Pressure="0"/>
        <Point X="377" Y="127" T="0" Pressure="0"/>
        <Point X="378" Y="126" T="0" Pressure="0"/>
        <Point X="379" Y="125" T="0" Pressure="0"/>
        <Point X="380" Y="125" T="0" Pressure="0"/>
        <Point X="381" Y="125" T="0" Pressure="0"/>
        <Point X="382" Y="125" T="0" Pressure="0"/>
        <Point X="384" Y="125" T="0" Pressure="0"/>
        <Point X="385" Y="126" T="0" Pressure="0"/>
        <Point X="386" Y="127" T="0" Pressure="0"/>
        <Point X="388" Y="129" T="0" Pressure="0"/>
        <Point X="389" Y="131" T="0" Pressure="0"/>
        <Point X="389" Y="134" T="0" Pressure="0"/>
        <Point X="391" Y="136" T="0" Pressure="0"/>
        <Point X="392" Y="140" T="0" Pressure="0"/>
        <Point X="393" Y="144" T="0" Pressure="0"/>
        <Point X="395" Y="148" T="0" Pressure="0"/>
        <Point X="396" Y="152" T="0" Pressure="0"/>
        <Point X="397" Y="157" T="0" Pressure="0"/>
        <Point X="399" Y="161" T="0" Pressure="0"/>
        <Point X="400" Y="166" T="0" Pressure="0"/>
        <Point X="400" Y="172" T="0" Pressure="0"/>
        <Point X="402" Y="178" T="0" Pressure="0"/>
        <Point X="404" Y="190" T="0" Pressure="0"/>
        <Point X="405" Y="196" T="0" Pressure="0"/>
        <Point X="407" Y="202" T="0" Pressure="0"/>
        <Point X="408" Y="208" T="0" Pressure="0"/>
        <Point X="410" Y="215" T="0" Pressure="0"/>
        <Point X="411" Y="221" T="0" Pressure="0"/>
        <Point X="412" Y="227" T="0" Pressure="0"/>
        <Point X="414" Y="233" T="0" Pressure="0"/>
        <Point X="415" Y="239" T="0" Pressure="0"/>
        <Point X="416" Y="246" T="0" Pressure="0"/>
        <Point X="418" Y="252" T="0" Pressure="0"/>
        <Point X="419" Y="257" T="0" Pressure="0"/>
        <Point X="420" Y="262" T="0" Pressure="0"/>
        <Point X="423" Y="268" T="0" Pressure="0"/>
        <Point X="424" Y="273" T="0" Pressure="0"/>
        <Point X="426" Y="278" T="0" Pressure="0"/>
        <Point X="427" Y="283" T="0" Pressure="0"/>
        <Point X="429" Y="287" T="0" Pressure="0"/>
        <Point X="430" Y="291" T="0" Pressure="0"/>
        <Point X="431" Y="295" T="0" Pressure="0"/>
        <Point X="433" Y="299" T="0" Pressure="0"/>
        <Point X="434" Y="302" T="0" Pressure="0"/>
        <Point X="435" Y="305" T="0" Pressure="0"/>
        <Point X="437" Y="308" T="0" Pressure="0"/>
        <Point X="438" Y="310" T="0" Pressure="0"/>
        <Point X="438" Y="312" T="0" Pressure="0"/>
        <Point X="438" Y="314" T="0" Pressure="0"/>
        <Point X="439" Y="315" T="0" Pressure="0"/>
        <Point X="439" Y="317" T="0" Pressure="0"/>
        <Point X="439" Y="318" T="0" Pressure="0"/>
        <Point X="439" Y="319" T="0" Pressure="0"/>
        <Point X="439" Y="320" T="0" Pressure="0"/>
        <Point X="438" Y="320" T="0" Pressure="0"/>
        <Point X="437" Y="320" T="0" Pressure="0"/>
        <Point X="435" Y="320" T="0" Pressure="0"/>
        <Point X="434" Y="320" T="0" Pressure="0"/>
        <Point X="431" Y="319" T="0" Pressure="0"/>
        <Point X="430" Y="318" T="0" Pressure="0"/>
        <Point X="427" Y="316" T="0" Pressure="0"/>
        <Point X="426" Y="315" T="0" Pressure="0"/>
        <Point X="423" Y="314" T="0" Pressure="0"/>
        <Point X="420" Y="311" T="0" Pressure="0"/>
        <Point X="418" Y="310" T="0" Pressure="0"/>
        <Point X="415" Y="307" T="0" Pressure="0"/>
        <Point X="411" Y="305" T="0" Pressure="0"/>
        <Point X="405" Y="300" T="0" Pressure="0"/>
        <Point X="401" Y="297" T="0" Pressure="0"/>
        <Point X="397" Y="295" T="0" Pressure="0"/>
        <Point X="393" Y="291" T="0" Pressure="0"/>
        <Point X="389" Y="289" T="0" Pressure="0"/>
        <Point X="385" Y="285" T="0" Pressure="0"/>
        <Point X="381" Y="282" T="0" Pressure="0"/>
        <Point X="375" Y="278" T="0" Pressure="0"/>
        <Point X="371" Y="276" T="0" Pressure="0"/>
        <Point X="366" Y="273" T="0" Pressure="0"/>
        <Point X="362" Y="269" T="0" Pressure="0"/>
        <Point X="357" Y="266" T="0" Pressure="0"/>
        <Point X="352" Y="262" T="0" Pressure="0"/>
        <Point X="347" Y="259" T="0" Pressure="0"/>
        <Point X="332" Y="250" T="0" Pressure="0"/>
        <Point X="328" Y="247" T="0" Pressure="0"/>
        <Point X="324" Y="244" T="0" Pressure="0"/>
        <Point X="318" Y="241" T="0" Pressure="0"/>
        <Point X="314" Y="239" T="0" Pressure="0"/>
        <Point X="311" Y="236" T="0" Pressure="0"/>
        <Point X="307" Y="234" T="0" Pressure="0"/>
        <Point X="303" Y="232" T="0" Pressure="0"/>
        <Point X="300" Y="230" T="0" Pressure="0"/>
        <Point X="296" Y="228" T="0" Pressure="0"/>
        <Point X="294" Y="227" T="0" Pressure="0"/>
        <Point X="291" Y="226" T="0" Pressure="0"/>
        <Point X="289" Y="225" T="0" Pressure="0"/>
        <Point X="287" Y="224" T="0" Pressure="0"/>
        <Point X="284" Y="222" T="0" Pressure="0"/>
        <Point X="283" Y="221" T="0" Pressure="0"/>
        <Point X="281" Y="220" T="0" Pressure="0"/>
        <Point X="281" Y="219" T="0" Pressure="0"/>
        <Point X="280" Y="218" T="0" Pressure="0"/>
        <Point X="280" Y="216" T="0" Pressure="0"/>
        <Point X="280" Y="215" T="0" Pressure="0"/>
        <Point X="280" Y="214" T="0" Pressure="0"/>
        <Point X="282" Y="212" T="0" Pressure="0"/>
        <Point X="284" Y="210" T="0" Pressure="0"/>
        <Point X="287" Y="209" T="0" Pressure="0"/>
        <Point X="291" Y="207" T="0" Pressure="0"/>
        <Point X="295" Y="205" T="0" Pressure="0"/>
        <Point X="299" Y="203" T="0" Pressure="0"/>
        <Point X="304" Y="202" T="0" Pressure="0"/>
        <Point X="310" Y="200" T="0" Pressure="0"/>
        <Point X="316" Y="198" T="0" Pressure="0"/>
        <Point X="322" Y="197" T="0" Pressure="0"/>
        <Point X="330" Y="195" T="0" Pressure="0"/>
        <Point X="336" Y="193" T="0" Pressure="0"/>
        <Point X="344" Y="192" T="0" Pressure="0"/>
        <Point X="351" Y="191" T="0" Pressure="0"/>
        <Point X="359" Y="190" T="0" Pressure="0"/>
        <Point X="367" Y="189" T="0" Pressure="0"/>
        <Point X="375" Y="187" T="0" Pressure="0"/>
        <Point X="382" Y="186" T="0" Pressure="0"/>
        <Point X="389" Y="185" T="0" Pressure="0"/>
        <Point X="396" Y="184" T="0" Pressure="0"/>
        <Point X="403" Y="184" T="0" Pressure="0"/>
        <Point X="409" Y="183" T="0" Pressure="0"/>
        <Point X="415" Y="182" T="0" Pressure="0"/>
        <Point X="421" Y="182" T="0" Pressure="0"/>
        <Point X="426" Y="181" T="0" Pressure="0"/>
        <Point X="431" Y="181" T="0" Pressure="0"/>
        <Point X="436" Y="181" T="0" Pressure="0"/>
        <Point X="441" Y="181" T="0" Pressure="0"/>
        <Point X="445" Y="181" T="0" Pressure="0"/>
        <Point X="449" Y="181" T="0" Pressure="0"/>
        <Point X="452" Y="181" T="0" Pressure="0"/>
        <Point X="455" Y="182" T="0" Pressure="0"/>
        <Point X="457" Y="182" T="0" Pressure="0"/>
        <Point X="460" Y="184" T="0" Pressure="0"/>
        <Point X="461" Y="184" T="0" Pressure="0"/>
        <Point X="463" Y="185" T="0" Pressure="0"/>
        <Point X="463" Y="186" T="0" Pressure="0"/>
        <Point X="464" Y="187" T="0" Pressure="0"/>
        <Point X="464" Y="188" T="0" Pressure="0"/>
        <Point X="464" Y="189" T="0" Pressure="0"/>
        <Point X="463" Y="191" T="0" Pressure="0"/>
        <Point X="462" Y="191" T="0" Pressure="0"/>
        <Point X="460" Y="193" T="0" Pressure="0"/>
        <Point X="459" Y="195" T="0" Pressure="0"/>
        <Point X="456" Y="197" T="0" Pressure="0"/>
        <Point X="453" Y="200" T="0" Pressure="0"/>
        <Point X="450" Y="202" T="0" Pressure="0"/>
        <Point X="446" Y="204" T="0" Pressure="0"/>
        <Point X="442" Y="207" T="0" Pressure="0"/>
        <Point X="438" Y="210" T="0" Pressure="0"/>
        <Point X="434" Y="214" T="0" Pressure="0"/>
        <Point X="429" Y="217" T="0" Pressure="0"/>
        <Point X="423" Y="221" T="0" Pressure="0"/>
        <Point X="418" Y="224" T="0" Pressure="0"/>
        <Point X="412" Y="227" T="0" Pressure="0"/>
        <Point X="407" Y="231" T="0" Pressure="0"/>
        <Point X="400" Y="235" T="0" Pressure="0"/>
        <Point X="394" Y="240" T="0" Pressure="0"/>
        <Point X="387" Y="245" T="0" Pressure="0"/>
        <Point X="381" Y="250" T="0" Pressure="0"/>
        <Point X="375" Y="254" T="0" Pressure="0"/>
        <Point X="370" Y="259" T="0" Pressure="0"/>
        <Point X="363" Y="265" T="0" Pressure="0"/>
        <Point X="358" Y="270" T="0" Pressure="0"/>
        <Point X="352" Y="276" T="0" Pressure="0"/>
        <Point X="347" Y="280" T="0" Pressure="0"/>
        <Point X="343" Y="285" T="0" Pressure="0"/>
        <Point X="339" Y="290" T="0" Pressure="0"/>
        <Point X="335" Y="295" T="0" Pressure="0"/>
        <Point X="331" Y="300" T="0" Pressure="0"/>
        <Point X="327" Y="304" T="0" Pressure="0"/>
        <Point X="324" Y="309" T="0" Pressure="0"/>
        <Point X="321" Y="312" T="0" Pressure="0"/>
        <Point X="318" Y="315" T="0" Pressure="0"/>
        <Point X="316" Y="319" T="0" Pressure="0"/>
        <Point X="314" Y="322" T="0" Pressure="0"/>
        <Point X="312" Y="326" T="0" Pressure="0"/>
        <Point X="310" Y="327" T="0" Pressure="0"/>
        <Point X="310" Y="330" T="0" Pressure="0"/>
        <Point X="309" Y="332" T="0" Pressure="0"/>
        <Point X="307" Y="334" T="0" Pressure="0"/>
        <Point X="307" Y="335" T="0" Pressure="0"/>
        <Point X="306" Y="336" T="0" Pressure="0"/>
        <Point X="306" Y="338" T="0" Pressure="0"/>
        <Point X="307" Y="338" T="0" Pressure="0"/>
        <Point X="309" Y="337" T="0" Pressure="0"/>
        <Point X="309" Y="335" T="0" Pressure="0"/>
    </Stroke>
</Gesture>
