<?xml version="1.0" ?>
<Gesture Name="pitchfork~04" Subject="6" Number="4" NumPts="133" InputType="stylus" Speed="MEDIUM">
    <Stroke index="1">
        <Point X="272" Y="74" T="0" Pressure="0"/>
        <Point X="271" Y="75" T="0" Pressure="0"/>
        <Point X="271" Y="76" T="0" Pressure="0"/>
        <Point X="270" Y="76" T="0" Pressure="0"/>
        <Point X="270" Y="77" T="0" Pressure="0"/>
        <Point X="270" Y="78" T="0" Pressure="0"/>
        <Point X="269" Y="80" T="0" Pressure="0"/>
        <Point X="269" Y="84" T="0" Pressure="0"/>
        <Point X="269" Y="86" T="0" Pressure="0"/>
        <Point X="269" Y="90" T="0" Pressure="0"/>
        <Point X="270" Y="93" T="0" Pressure="0"/>
        <Point X="271" Y="96" T="0" Pressure="0"/>
        <Point X="271" Y="100" T="0" Pressure="0"/>
        <Point X="271" Y="104" T="0" Pressure="0"/>
        <Point X="272" Y="109" T="0" Pressure="0"/>
        <Point X="272" Y="113" T="0" Pressure="0"/>
        <Point X="273" Y="122" T="0" Pressure="0"/>
        <Point X="274" Y="127" T="0" Pressure="0"/>
        <Point X="275" Y="131" T="0" Pressure="0"/>
        <Point X="276" Y="136" T="0" Pressure="0"/>
        <Point X="277" Y="141" T="0" Pressure="0"/>
        <Point X="279" Y="147" T="0" Pressure="0"/>
        <Point X="280" Y="152" T="0" Pressure="0"/>
        <Point X="283" Y="161" T="0" Pressure="0"/>
        <Point X="284" Y="166" T="0" Pressure="0"/>
        <Point X="287" Y="172" T="0" Pressure="0"/>
        <Point X="288" Y="177" T="0" Pressure="0"/>
        <Point X="291" Y="181" T="0" Pressure="0"/>
        <Point X="292" Y="186" T="0" Pressure="0"/>
        <Point X="295" Y="191" T="0" Pressure="0"/>
        <Point X="297" Y="195" T="0" Pressure="0"/>
        <Point X="299" Y="199" T="0" Pressure="0"/>
        <Point X="302" Y="203" T="0" Pressure="0"/>
        <Point X="305" Y="207" T="0" Pressure="0"/>
        <Point X="307" Y="210" T="0" Pressure="0"/>
        <Point X="310" Y="214" T="0" Pressure="0"/>
        <Point X="313" Y="216" T="0" Pressure="0"/>
        <Point X="316" Y="219" T="0" Pressure="0"/>
        <Point X="318" Y="222" T="0" Pressure="0"/>
        <Point X="321" Y="223" T="0" Pressure="0"/>
        <Point X="325" Y="225" T="0" Pressure="0"/>
        <Point X="329" Y="226" T="0" Pressure="0"/>
        <Point X="332" Y="227" T="0" Pressure="0"/>
        <Point X="336" Y="227" T="0" Pressure="0"/>
        <Point X="340" Y="227" T="0" Pressure="0"/>
        <Point X="344" Y="227" T="0" Pressure="0"/>
        <Point X="354" Y="226" T="0" Pressure="0"/>
        <Point X="359" Y="225" T="0" Pressure="0"/>
        <Point X="363" Y="224" T="0" Pressure="0"/>
        <Point X="374" Y="220" T="0" Pressure="0"/>
        <Point X="379" Y="218" T="0" Pressure="0"/>
        <Point X="384" Y="216" T="0" Pressure="0"/>
        <Point X="399" Y="209" T="0" Pressure="0"/>
        <Point X="402" Y="206" T="0" Pressure="0"/>
        <Point X="409" Y="200" T="0" Pressure="0"/>
        <Point X="415" Y="193" T="0" Pressure="0"/>
        <Point X="422" Y="185" T="0" Pressure="0"/>
        <Point X="424" Y="180" T="0" Pressure="0"/>
        <Point X="426" Y="176" T="0" Pressure="0"/>
        <Point X="429" Y="170" T="0" Pressure="0"/>
        <Point X="431" Y="165" T="0" Pressure="0"/>
        <Point X="434" Y="158" T="0" Pressure="0"/>
        <Point X="435" Y="152" T="0" Pressure="0"/>
        <Point X="440" Y="135" T="0" Pressure="0"/>
        <Point X="441" Y="130" T="0" Pressure="0"/>
        <Point X="443" Y="120" T="0" Pressure="0"/>
        <Point X="444" Y="111" T="0" Pressure="0"/>
        <Point X="444" Y="104" T="0" Pressure="0"/>
        <Point X="444" Y="102" T="0" Pressure="0"/>
        <Point X="444" Y="99" T="0" Pressure="0"/>
        <Point X="442" Y="95" T="0" Pressure="0"/>
        <Point X="441" Y="92" T="0" Pressure="0"/>
        <Point X="441" Y="91" T="0" Pressure="0"/>
        <Point X="438" Y="87" T="0" Pressure="0"/>
        <Point X="437" Y="86" T="0" Pressure="0"/>
        <Point X="436" Y="85" T="0" Pressure="0"/>
        <Point X="433" Y="83" T="0" Pressure="0"/>
        <Point X="431" Y="82" T="0" Pressure="0"/>
    </Stroke>
    <Stroke index="2">
        <Point X="366" Y="64" T="0" Pressure="0"/>
        <Point X="365" Y="66" T="0" Pressure="0"/>
        <Point X="364" Y="67" T="0" Pressure="0"/>
        <Point X="364" Y="68" T="0" Pressure="0"/>
        <Point X="363" Y="70" T="0" Pressure="0"/>
        <Point X="363" Y="73" T="0" Pressure="0"/>
        <Point X="362" Y="77" T="0" Pressure="0"/>
        <Point X="362" Y="81" T="0" Pressure="0"/>
        <Point X="361" Y="87" T="0" Pressure="0"/>
        <Point X="360" Y="92" T="0" Pressure="0"/>
        <Point X="360" Y="99" T="0" Pressure="0"/>
        <Point X="359" Y="105" T="0" Pressure="0"/>
        <Point X="359" Y="111" T="0" Pressure="0"/>
        <Point X="358" Y="118" T="0" Pressure="0"/>
        <Point X="358" Y="126" T="0" Pressure="0"/>
        <Point X="357" Y="132" T="0" Pressure="0"/>
        <Point X="357" Y="140" T="0" Pressure="0"/>
        <Point X="356" Y="147" T="0" Pressure="0"/>
        <Point X="356" Y="155" T="0" Pressure="0"/>
        <Point X="355" Y="164" T="0" Pressure="0"/>
        <Point X="355" Y="173" T="0" Pressure="0"/>
        <Point X="355" Y="181" T="0" Pressure="0"/>
        <Point X="355" Y="190" T="0" Pressure="0"/>
        <Point X="354" Y="198" T="0" Pressure="0"/>
        <Point X="354" Y="206" T="0" Pressure="0"/>
        <Point X="354" Y="215" T="0" Pressure="0"/>
        <Point X="354" Y="224" T="0" Pressure="0"/>
        <Point X="353" Y="231" T="0" Pressure="0"/>
        <Point X="353" Y="240" T="0" Pressure="0"/>
        <Point X="353" Y="247" T="0" Pressure="0"/>
        <Point X="353" Y="263" T="0" Pressure="0"/>
        <Point X="353" Y="277" T="0" Pressure="0"/>
        <Point X="353" Y="284" T="0" Pressure="0"/>
        <Point X="353" Y="290" T="0" Pressure="0"/>
        <Point X="353" Y="297" T="0" Pressure="0"/>
        <Point X="352" Y="303" T="0" Pressure="0"/>
        <Point X="352" Y="310" T="0" Pressure="0"/>
        <Point X="352" Y="315" T="0" Pressure="0"/>
        <Point X="352" Y="321" T="0" Pressure="0"/>
        <Point X="352" Y="326" T="0" Pressure="0"/>
        <Point X="352" Y="331" T="0" Pressure="0"/>
        <Point X="352" Y="336" T="0" Pressure="0"/>
        <Point X="352" Y="341" T="0" Pressure="0"/>
        <Point X="352" Y="345" T="0" Pressure="0"/>
        <Point X="352" Y="351" T="0" Pressure="0"/>
        <Point X="352" Y="355" T="0" Pressure="0"/>
        <Point X="352" Y="357" T="0" Pressure="0"/>
        <Point X="352" Y="358" T="0" Pressure="0"/>
        <Point X="352" Y="359" T="0" Pressure="0"/>
        <Point X="353" Y="359" T="0" Pressure="0"/>
        <Point X="353" Y="360" T="0" Pressure="0"/>
        <Point X="354" Y="360" T="0" Pressure="0"/>
        <Point X="354" Y="361" T="0" Pressure="0"/>
        <Point X="355" Y="361" T="0" Pressure="0"/>
        <Point X="355" Y="360" T="0" Pressure="0"/>
    </Stroke>
</Gesture>
