<?xml version="1.0" ?>
<Gesture Name="pitchfork~06" Subject="6" Number="6" NumPts="143" InputType="stylus" Speed="MEDIUM">
    <Stroke index="1">
        <Point X="285" Y="60" T="0" Pressure="0"/>
        <Point X="283" Y="61" T="0" Pressure="0"/>
        <Point X="283" Y="62" T="0" Pressure="0"/>
        <Point X="283" Y="64" T="0" Pressure="0"/>
        <Point X="283" Y="65" T="0" Pressure="0"/>
        <Point X="283" Y="67" T="0" Pressure="0"/>
        <Point X="283" Y="70" T="0" Pressure="0"/>
        <Point X="283" Y="72" T="0" Pressure="0"/>
        <Point X="283" Y="75" T="0" Pressure="0"/>
        <Point X="283" Y="78" T="0" Pressure="0"/>
        <Point X="283" Y="81" T="0" Pressure="0"/>
        <Point X="283" Y="85" T="0" Pressure="0"/>
        <Point X="284" Y="90" T="0" Pressure="0"/>
        <Point X="284" Y="94" T="0" Pressure="0"/>
        <Point X="286" Y="99" T="0" Pressure="0"/>
        <Point X="286" Y="103" T="0" Pressure="0"/>
        <Point X="287" Y="108" T="0" Pressure="0"/>
        <Point X="287" Y="112" T="0" Pressure="0"/>
        <Point X="288" Y="119" T="0" Pressure="0"/>
        <Point X="290" Y="124" T="0" Pressure="0"/>
        <Point X="291" Y="128" T="0" Pressure="0"/>
        <Point X="292" Y="135" T="0" Pressure="0"/>
        <Point X="294" Y="141" T="0" Pressure="0"/>
        <Point X="295" Y="147" T="0" Pressure="0"/>
        <Point X="298" Y="153" T="0" Pressure="0"/>
        <Point X="302" Y="165" T="0" Pressure="0"/>
        <Point X="306" Y="171" T="0" Pressure="0"/>
        <Point X="309" Y="177" T="0" Pressure="0"/>
        <Point X="311" Y="182" T="0" Pressure="0"/>
        <Point X="316" Y="189" T="0" Pressure="0"/>
        <Point X="318" Y="194" T="0" Pressure="0"/>
        <Point X="322" Y="199" T="0" Pressure="0"/>
        <Point X="326" Y="203" T="0" Pressure="0"/>
        <Point X="330" Y="207" T="0" Pressure="0"/>
        <Point X="335" Y="211" T="0" Pressure="0"/>
        <Point X="339" Y="215" T="0" Pressure="0"/>
        <Point X="343" Y="217" T="0" Pressure="0"/>
        <Point X="347" Y="220" T="0" Pressure="0"/>
        <Point X="352" Y="222" T="0" Pressure="0"/>
        <Point X="356" Y="223" T="0" Pressure="0"/>
        <Point X="362" Y="224" T="0" Pressure="0"/>
        <Point X="366" Y="225" T="0" Pressure="0"/>
        <Point X="377" Y="225" T="0" Pressure="0"/>
        <Point X="382" Y="224" T="0" Pressure="0"/>
        <Point X="388" Y="222" T="0" Pressure="0"/>
        <Point X="393" Y="221" T="0" Pressure="0"/>
        <Point X="400" Y="219" T="0" Pressure="0"/>
        <Point X="404" Y="217" T="0" Pressure="0"/>
        <Point X="410" Y="215" T="0" Pressure="0"/>
        <Point X="415" Y="212" T="0" Pressure="0"/>
        <Point X="420" Y="209" T="0" Pressure="0"/>
        <Point X="425" Y="206" T="0" Pressure="0"/>
        <Point X="430" Y="202" T="0" Pressure="0"/>
        <Point X="434" Y="199" T="0" Pressure="0"/>
        <Point X="438" Y="195" T="0" Pressure="0"/>
        <Point X="442" Y="190" T="0" Pressure="0"/>
        <Point X="446" Y="185" T="0" Pressure="0"/>
        <Point X="450" Y="180" T="0" Pressure="0"/>
        <Point X="454" Y="174" T="0" Pressure="0"/>
        <Point X="457" Y="169" T="0" Pressure="0"/>
        <Point X="463" Y="157" T="0" Pressure="0"/>
        <Point X="465" Y="152" T="0" Pressure="0"/>
        <Point X="468" Y="146" T="0" Pressure="0"/>
        <Point X="470" Y="139" T="0" Pressure="0"/>
        <Point X="472" Y="134" T="0" Pressure="0"/>
        <Point X="473" Y="128" T="0" Pressure="0"/>
        <Point X="475" Y="122" T="0" Pressure="0"/>
        <Point X="475" Y="117" T="0" Pressure="0"/>
        <Point X="476" Y="113" T="0" Pressure="0"/>
        <Point X="477" Y="108" T="0" Pressure="0"/>
        <Point X="477" Y="104" T="0" Pressure="0"/>
        <Point X="477" Y="101" T="0" Pressure="0"/>
        <Point X="477" Y="98" T="0" Pressure="0"/>
        <Point X="476" Y="95" T="0" Pressure="0"/>
        <Point X="476" Y="92" T="0" Pressure="0"/>
        <Point X="474" Y="87" T="0" Pressure="0"/>
        <Point X="473" Y="85" T="0" Pressure="0"/>
        <Point X="472" Y="84" T="0" Pressure="0"/>
        <Point X="471" Y="82" T="0" Pressure="0"/>
        <Point X="469" Y="81" T="0" Pressure="0"/>
        <Point X="468" Y="80" T="0" Pressure="0"/>
        <Point X="467" Y="80" T="0" Pressure="0"/>
        <Point X="465" Y="79" T="0" Pressure="0"/>
        <Point X="464" Y="78" T="0" Pressure="0"/>
    </Stroke>
    <Stroke index="2">
        <Point X="400" Y="62" T="0" Pressure="0"/>
        <Point X="400" Y="61" T="0" Pressure="0"/>
        <Point X="399" Y="60" T="0" Pressure="0"/>
        <Point X="399" Y="61" T="0" Pressure="0"/>
        <Point X="399" Y="62" T="0" Pressure="0"/>
        <Point X="398" Y="64" T="0" Pressure="0"/>
        <Point X="397" Y="66" T="0" Pressure="0"/>
        <Point X="397" Y="69" T="0" Pressure="0"/>
        <Point X="397" Y="72" T="0" Pressure="0"/>
        <Point X="396" Y="76" T="0" Pressure="0"/>
        <Point X="396" Y="80" T="0" Pressure="0"/>
        <Point X="395" Y="86" T="0" Pressure="0"/>
        <Point X="395" Y="93" T="0" Pressure="0"/>
        <Point X="394" Y="99" T="0" Pressure="0"/>
        <Point X="393" Y="106" T="0" Pressure="0"/>
        <Point X="392" Y="113" T="0" Pressure="0"/>
        <Point X="391" Y="121" T="0" Pressure="0"/>
        <Point X="390" Y="128" T="0" Pressure="0"/>
        <Point X="389" Y="137" T="0" Pressure="0"/>
        <Point X="389" Y="145" T="0" Pressure="0"/>
        <Point X="388" Y="152" T="0" Pressure="0"/>
        <Point X="387" Y="160" T="0" Pressure="0"/>
        <Point X="386" Y="169" T="0" Pressure="0"/>
        <Point X="385" Y="177" T="0" Pressure="0"/>
        <Point X="385" Y="187" T="0" Pressure="0"/>
        <Point X="384" Y="195" T="0" Pressure="0"/>
        <Point X="384" Y="203" T="0" Pressure="0"/>
        <Point X="382" Y="212" T="0" Pressure="0"/>
        <Point X="382" Y="221" T="0" Pressure="0"/>
        <Point X="381" Y="230" T="0" Pressure="0"/>
        <Point X="381" Y="239" T="0" Pressure="0"/>
        <Point X="380" Y="247" T="0" Pressure="0"/>
        <Point X="379" Y="255" T="0" Pressure="0"/>
        <Point X="378" Y="263" T="0" Pressure="0"/>
        <Point X="378" Y="271" T="0" Pressure="0"/>
        <Point X="378" Y="277" T="0" Pressure="0"/>
        <Point X="377" Y="285" T="0" Pressure="0"/>
        <Point X="376" Y="290" T="0" Pressure="0"/>
        <Point X="375" Y="297" T="0" Pressure="0"/>
        <Point X="375" Y="302" T="0" Pressure="0"/>
        <Point X="374" Y="307" T="0" Pressure="0"/>
        <Point X="374" Y="312" T="0" Pressure="0"/>
        <Point X="373" Y="318" T="0" Pressure="0"/>
        <Point X="373" Y="322" T="0" Pressure="0"/>
        <Point X="371" Y="330" T="0" Pressure="0"/>
        <Point X="371" Y="334" T="0" Pressure="0"/>
        <Point X="370" Y="336" T="0" Pressure="0"/>
        <Point X="370" Y="339" T="0" Pressure="0"/>
        <Point X="370" Y="340" T="0" Pressure="0"/>
        <Point X="370" Y="342" T="0" Pressure="0"/>
        <Point X="370" Y="344" T="0" Pressure="0"/>
        <Point X="370" Y="345" T="0" Pressure="0"/>
        <Point X="370" Y="346" T="0" Pressure="0"/>
        <Point X="371" Y="347" T="0" Pressure="0"/>
        <Point X="373" Y="347" T="0" Pressure="0"/>
        <Point X="374" Y="347" T="0" Pressure="0"/>
        <Point X="375" Y="347" T="0" Pressure="0"/>
        <Point X="376" Y="347" T="0" Pressure="0"/>
        <Point X="378" Y="346" T="0" Pressure="0"/>
    </Stroke>
</Gesture>
