<?xml version="1.0" ?>
<Gesture Name="I~02" Subject="6" Number="2" NumPts="141" InputType="stylus" Speed="MEDIUM">
    <Stroke index="1">
        <Point X="279" Y="117" T="0" Pressure="0"/>
        <Point X="277" Y="116" T="0" Pressure="0"/>
        <Point X="276" Y="116" T="0" Pressure="0"/>
        <Point X="276" Y="115" T="0" Pressure="0"/>
        <Point X="277" Y="115" T="0" Pressure="0"/>
        <Point X="279" Y="115" T="0" Pressure="0"/>
        <Point X="280" Y="115" T="0" Pressure="0"/>
        <Point X="281" Y="115" T="0" Pressure="0"/>
        <Point X="283" Y="115" T="0" Pressure="0"/>
        <Point X="286" Y="115" T="0" Pressure="0"/>
        <Point X="289" Y="115" T="0" Pressure="0"/>
        <Point X="292" Y="114" T="0" Pressure="0"/>
        <Point X="295" Y="114" T="0" Pressure="0"/>
        <Point X="299" Y="112" T="0" Pressure="0"/>
        <Point X="302" Y="112" T="0" Pressure="0"/>
        <Point X="307" Y="111" T="0" Pressure="0"/>
        <Point X="314" Y="110" T="0" Pressure="0"/>
        <Point X="319" Y="109" T="0" Pressure="0"/>
        <Point X="325" Y="108" T="0" Pressure="0"/>
        <Point X="331" Y="107" T="0" Pressure="0"/>
        <Point X="337" Y="105" T="0" Pressure="0"/>
        <Point X="344" Y="104" T="0" Pressure="0"/>
        <Point X="351" Y="103" T="0" Pressure="0"/>
        <Point X="356" Y="102" T="0" Pressure="0"/>
        <Point X="362" Y="101" T="0" Pressure="0"/>
        <Point X="367" Y="100" T="0" Pressure="0"/>
        <Point X="373" Y="99" T="0" Pressure="0"/>
        <Point X="378" Y="98" T="0" Pressure="0"/>
        <Point X="383" Y="97" T="0" Pressure="0"/>
        <Point X="387" Y="97" T="0" Pressure="0"/>
        <Point X="391" Y="96" T="0" Pressure="0"/>
        <Point X="395" Y="96" T="0" Pressure="0"/>
        <Point X="399" Y="95" T="0" Pressure="0"/>
        <Point X="402" Y="95" T="0" Pressure="0"/>
        <Point X="405" Y="95" T="0" Pressure="0"/>
        <Point X="408" Y="95" T="0" Pressure="0"/>
        <Point X="410" Y="95" T="0" Pressure="0"/>
        <Point X="412" Y="95" T="0" Pressure="0"/>
        <Point X="414" Y="95" T="0" Pressure="0"/>
        <Point X="415" Y="95" T="0" Pressure="0"/>
        <Point X="415" Y="96" T="0" Pressure="0"/>
        <Point X="416" Y="96" T="0" Pressure="0"/>
    </Stroke>
    <Stroke index="2">
        <Point X="351" Y="113" T="0" Pressure="0"/>
        <Point X="351" Y="111" T="0" Pressure="0"/>
        <Point X="351" Y="110" T="0" Pressure="0"/>
        <Point X="352" Y="111" T="0" Pressure="0"/>
        <Point X="352" Y="112" T="0" Pressure="0"/>
        <Point X="354" Y="114" T="0" Pressure="0"/>
        <Point X="354" Y="116" T="0" Pressure="0"/>
        <Point X="355" Y="118" T="0" Pressure="0"/>
        <Point X="355" Y="121" T="0" Pressure="0"/>
        <Point X="355" Y="124" T="0" Pressure="0"/>
        <Point X="355" Y="127" T="0" Pressure="0"/>
        <Point X="356" Y="130" T="0" Pressure="0"/>
        <Point X="356" Y="134" T="0" Pressure="0"/>
        <Point X="356" Y="138" T="0" Pressure="0"/>
        <Point X="356" Y="142" T="0" Pressure="0"/>
        <Point X="356" Y="147" T="0" Pressure="0"/>
        <Point X="356" Y="152" T="0" Pressure="0"/>
        <Point X="356" Y="156" T="0" Pressure="0"/>
        <Point X="356" Y="161" T="0" Pressure="0"/>
        <Point X="355" Y="165" T="0" Pressure="0"/>
        <Point X="355" Y="170" T="0" Pressure="0"/>
        <Point X="355" Y="174" T="0" Pressure="0"/>
        <Point X="355" Y="177" T="0" Pressure="0"/>
        <Point X="355" Y="182" T="0" Pressure="0"/>
        <Point X="355" Y="185" T="0" Pressure="0"/>
        <Point X="354" Y="190" T="0" Pressure="0"/>
        <Point X="354" Y="193" T="0" Pressure="0"/>
        <Point X="354" Y="197" T="0" Pressure="0"/>
        <Point X="353" Y="200" T="0" Pressure="0"/>
        <Point X="352" Y="204" T="0" Pressure="0"/>
        <Point X="352" Y="207" T="0" Pressure="0"/>
        <Point X="352" Y="210" T="0" Pressure="0"/>
        <Point X="352" Y="213" T="0" Pressure="0"/>
        <Point X="352" Y="216" T="0" Pressure="0"/>
        <Point X="352" Y="218" T="0" Pressure="0"/>
        <Point X="351" Y="221" T="0" Pressure="0"/>
        <Point X="351" Y="223" T="0" Pressure="0"/>
        <Point X="351" Y="225" T="0" Pressure="0"/>
        <Point X="351" Y="227" T="0" Pressure="0"/>
        <Point X="351" Y="228" T="0" Pressure="0"/>
        <Point X="351" Y="230" T="0" Pressure="0"/>
        <Point X="352" Y="231" T="0" Pressure="0"/>
        <Point X="352" Y="233" T="0" Pressure="0"/>
        <Point X="352" Y="234" T="0" Pressure="0"/>
        <Point X="353" Y="235" T="0" Pressure="0"/>
        <Point X="353" Y="236" T="0" Pressure="0"/>
        <Point X="354" Y="237" T="0" Pressure="0"/>
        <Point X="354" Y="239" T="0" Pressure="0"/>
        <Point X="355" Y="240" T="0" Pressure="0"/>
        <Point X="355" Y="241" T="0" Pressure="0"/>
        <Point X="355" Y="242" T="0" Pressure="0"/>
        <Point X="356" Y="243" T="0" Pressure="0"/>
        <Point X="356" Y="244" T="0" Pressure="0"/>
        <Point X="356" Y="245" T="0" Pressure="0"/>
        <Point X="356" Y="246" T="0" Pressure="0"/>
        <Point X="356" Y="247" T="0" Pressure="0"/>
    </Stroke>
    <Stroke index="3">
        <Point X="264" Y="280" T="0" Pressure="0"/>
        <Point X="265" Y="278" T="0" Pressure="0"/>
        <Point X="265" Y="277" T="0" Pressure="0"/>
        <Point X="266" Y="276" T="0" Pressure="0"/>
        <Point X="268" Y="276" T="0" Pressure="0"/>
        <Point X="270" Y="275" T="0" Pressure="0"/>
        <Point X="272" Y="275" T="0" Pressure="0"/>
        <Point X="276" Y="274" T="0" Pressure="0"/>
        <Point X="280" Y="273" T="0" Pressure="0"/>
        <Point X="283" Y="272" T="0" Pressure="0"/>
        <Point X="288" Y="271" T="0" Pressure="0"/>
        <Point X="293" Y="270" T="0" Pressure="0"/>
        <Point X="303" Y="268" T="0" Pressure="0"/>
        <Point X="309" Y="266" T="0" Pressure="0"/>
        <Point X="314" Y="266" T="0" Pressure="0"/>
        <Point X="320" Y="265" T="0" Pressure="0"/>
        <Point X="326" Y="263" T="0" Pressure="0"/>
        <Point X="332" Y="262" T="0" Pressure="0"/>
        <Point X="339" Y="260" T="0" Pressure="0"/>
        <Point X="345" Y="259" T="0" Pressure="0"/>
        <Point X="351" Y="258" T="0" Pressure="0"/>
        <Point X="358" Y="257" T="0" Pressure="0"/>
        <Point X="363" Y="256" T="0" Pressure="0"/>
        <Point X="369" Y="254" T="0" Pressure="0"/>
        <Point X="374" Y="253" T="0" Pressure="0"/>
        <Point X="380" Y="252" T="0" Pressure="0"/>
        <Point X="384" Y="252" T="0" Pressure="0"/>
        <Point X="388" Y="251" T="0" Pressure="0"/>
        <Point X="393" Y="250" T="0" Pressure="0"/>
        <Point X="396" Y="249" T="0" Pressure="0"/>
        <Point X="400" Y="249" T="0" Pressure="0"/>
        <Point X="404" Y="248" T="0" Pressure="0"/>
        <Point X="406" Y="247" T="0" Pressure="0"/>
        <Point X="409" Y="247" T="0" Pressure="0"/>
        <Point X="411" Y="247" T="0" Pressure="0"/>
        <Point X="414" Y="247" T="0" Pressure="0"/>
        <Point X="415" Y="247" T="0" Pressure="0"/>
        <Point X="417" Y="247" T="0" Pressure="0"/>
        <Point X="418" Y="247" T="0" Pressure="0"/>
        <Point X="419" Y="247" T="0" Pressure="0"/>
        <Point X="420" Y="247" T="0" Pressure="0"/>
        <Point X="419" Y="248" T="0" Pressure="0"/>
        <Point X="419" Y="249" T="0" Pressure="0"/>
    </Stroke>
</Gesture>
