<?xml version="1.0" ?>
<Gesture Name="D~07" Subject="6" Number="7" NumPts="115" InputType="stylus" Speed="MEDIUM">
    <Stroke index="1">
        <Point X="321" Y="160" T="0" Pressure="0"/>
        <Point X="320" Y="156" T="0" Pressure="0"/>
        <Point X="320" Y="155" T="0" Pressure="0"/>
        <Point X="320" Y="154" T="0" Pressure="0"/>
        <Point X="320" Y="155" T="0" Pressure="0"/>
        <Point X="320" Y="156" T="0" Pressure="0"/>
        <Point X="321" Y="159" T="0" Pressure="0"/>
        <Point X="321" Y="161" T="0" Pressure="0"/>
        <Point X="321" Y="164" T="0" Pressure="0"/>
        <Point X="321" Y="167" T="0" Pressure="0"/>
        <Point X="322" Y="171" T="0" Pressure="0"/>
        <Point X="322" Y="176" T="0" Pressure="0"/>
        <Point X="322" Y="180" T="0" Pressure="0"/>
        <Point X="322" Y="186" T="0" Pressure="0"/>
        <Point X="323" Y="193" T="0" Pressure="0"/>
        <Point X="323" Y="199" T="0" Pressure="0"/>
        <Point X="324" Y="205" T="0" Pressure="0"/>
        <Point X="324" Y="212" T="0" Pressure="0"/>
        <Point X="324" Y="219" T="0" Pressure="0"/>
        <Point X="324" Y="225" T="0" Pressure="0"/>
        <Point X="324" Y="231" T="0" Pressure="0"/>
        <Point X="324" Y="236" T="0" Pressure="0"/>
        <Point X="324" Y="241" T="0" Pressure="0"/>
        <Point X="325" Y="246" T="0" Pressure="0"/>
        <Point X="325" Y="250" T="0" Pressure="0"/>
        <Point X="325" Y="254" T="0" Pressure="0"/>
        <Point X="325" Y="259" T="0" Pressure="0"/>
        <Point X="325" Y="262" T="0" Pressure="0"/>
        <Point X="325" Y="266" T="0" Pressure="0"/>
        <Point X="325" Y="270" T="0" Pressure="0"/>
        <Point X="325" Y="274" T="0" Pressure="0"/>
        <Point X="325" Y="277" T="0" Pressure="0"/>
        <Point X="325" Y="280" T="0" Pressure="0"/>
        <Point X="325" Y="283" T="0" Pressure="0"/>
        <Point X="325" Y="285" T="0" Pressure="0"/>
        <Point X="325" Y="288" T="0" Pressure="0"/>
        <Point X="325" Y="290" T="0" Pressure="0"/>
        <Point X="325" Y="292" T="0" Pressure="0"/>
        <Point X="325" Y="294" T="0" Pressure="0"/>
        <Point X="325" Y="295" T="0" Pressure="0"/>
        <Point X="325" Y="296" T="0" Pressure="0"/>
    </Stroke>
    <Stroke index="2">
        <Point X="298" Y="146" T="0" Pressure="0"/>
        <Point X="299" Y="144" T="0" Pressure="0"/>
        <Point X="301" Y="143" T="0" Pressure="0"/>
        <Point X="302" Y="142" T="0" Pressure="0"/>
        <Point X="305" Y="142" T="0" Pressure="0"/>
        <Point X="307" Y="141" T="0" Pressure="0"/>
        <Point X="310" Y="141" T="0" Pressure="0"/>
        <Point X="314" Y="141" T="0" Pressure="0"/>
        <Point X="317" Y="141" T="0" Pressure="0"/>
        <Point X="321" Y="141" T="0" Pressure="0"/>
        <Point X="325" Y="142" T="0" Pressure="0"/>
        <Point X="330" Y="142" T="0" Pressure="0"/>
        <Point X="335" Y="143" T="0" Pressure="0"/>
        <Point X="339" Y="144" T="0" Pressure="0"/>
        <Point X="344" Y="145" T="0" Pressure="0"/>
        <Point X="350" Y="146" T="0" Pressure="0"/>
        <Point X="354" Y="147" T="0" Pressure="0"/>
        <Point X="359" Y="149" T="0" Pressure="0"/>
        <Point X="364" Y="151" T="0" Pressure="0"/>
        <Point X="369" Y="152" T="0" Pressure="0"/>
        <Point X="374" Y="155" T="0" Pressure="0"/>
        <Point X="380" Y="157" T="0" Pressure="0"/>
        <Point X="384" Y="160" T="0" Pressure="0"/>
        <Point X="389" Y="164" T="0" Pressure="0"/>
        <Point X="393" Y="167" T="0" Pressure="0"/>
        <Point X="397" Y="171" T="0" Pressure="0"/>
        <Point X="405" Y="179" T="0" Pressure="0"/>
        <Point X="409" Y="183" T="0" Pressure="0"/>
        <Point X="412" Y="187" T="0" Pressure="0"/>
        <Point X="416" Y="192" T="0" Pressure="0"/>
        <Point X="419" Y="197" T="0" Pressure="0"/>
        <Point X="422" Y="202" T="0" Pressure="0"/>
        <Point X="424" Y="206" T="0" Pressure="0"/>
        <Point X="427" Y="216" T="0" Pressure="0"/>
        <Point X="429" Y="220" T="0" Pressure="0"/>
        <Point X="430" Y="225" T="0" Pressure="0"/>
        <Point X="430" Y="229" T="0" Pressure="0"/>
        <Point X="430" Y="233" T="0" Pressure="0"/>
        <Point X="430" Y="237" T="0" Pressure="0"/>
        <Point X="430" Y="241" T="0" Pressure="0"/>
        <Point X="429" Y="245" T="0" Pressure="0"/>
        <Point X="427" Y="249" T="0" Pressure="0"/>
        <Point X="426" Y="253" T="0" Pressure="0"/>
        <Point X="424" Y="256" T="0" Pressure="0"/>
        <Point X="422" Y="259" T="0" Pressure="0"/>
        <Point X="419" Y="263" T="0" Pressure="0"/>
        <Point X="415" Y="266" T="0" Pressure="0"/>
        <Point X="412" Y="270" T="0" Pressure="0"/>
        <Point X="408" Y="273" T="0" Pressure="0"/>
        <Point X="404" Y="276" T="0" Pressure="0"/>
        <Point X="400" Y="278" T="0" Pressure="0"/>
        <Point X="396" Y="280" T="0" Pressure="0"/>
        <Point X="390" Y="283" T="0" Pressure="0"/>
        <Point X="385" Y="285" T="0" Pressure="0"/>
        <Point X="379" Y="288" T="0" Pressure="0"/>
        <Point X="374" Y="290" T="0" Pressure="0"/>
        <Point X="369" Y="291" T="0" Pressure="0"/>
        <Point X="363" Y="293" T="0" Pressure="0"/>
        <Point X="359" Y="295" T="0" Pressure="0"/>
        <Point X="354" Y="296" T="0" Pressure="0"/>
        <Point X="348" Y="298" T="0" Pressure="0"/>
        <Point X="344" Y="299" T="0" Pressure="0"/>
        <Point X="340" Y="300" T="0" Pressure="0"/>
        <Point X="335" Y="300" T="0" Pressure="0"/>
        <Point X="331" Y="301" T="0" Pressure="0"/>
        <Point X="328" Y="301" T="0" Pressure="0"/>
        <Point X="324" Y="301" T="0" Pressure="0"/>
        <Point X="321" Y="301" T="0" Pressure="0"/>
        <Point X="318" Y="301" T="0" Pressure="0"/>
        <Point X="316" Y="301" T="0" Pressure="0"/>
        <Point X="314" Y="301" T="0" Pressure="0"/>
        <Point X="313" Y="301" T="0" Pressure="0"/>
        <Point X="311" Y="301" T="0" Pressure="0"/>
        <Point X="310" Y="301" T="0" Pressure="0"/>
    </Stroke>
</Gesture>
