<?xml version="1.0" ?>
<Gesture Name="X~05" Subject="6" Number="5" NumPts="92" InputType="stylus" Speed="MEDIUM">
    <Stroke index="1">
        <Point X="306" Y="187" T="0" Pressure="0"/>
        <Point X="307" Y="188" T="0" Pressure="0"/>
        <Point X="307" Y="189" T="0" Pressure="0"/>
        <Point X="308" Y="189" T="0" Pressure="0"/>
        <Point X="309" Y="190" T="0" Pressure="0"/>
        <Point X="314" Y="195" T="0" Pressure="0"/>
        <Point X="317" Y="197" T="0" Pressure="0"/>
        <Point X="320" Y="200" T="0" Pressure="0"/>
        <Point X="323" Y="203" T="0" Pressure="0"/>
        <Point X="326" Y="206" T="0" Pressure="0"/>
        <Point X="330" Y="209" T="0" Pressure="0"/>
        <Point X="335" Y="214" T="0" Pressure="0"/>
        <Point X="339" Y="217" T="0" Pressure="0"/>
        <Point X="343" Y="221" T="0" Pressure="0"/>
        <Point X="347" Y="225" T="0" Pressure="0"/>
        <Point X="351" Y="229" T="0" Pressure="0"/>
        <Point X="356" Y="234" T="0" Pressure="0"/>
        <Point X="362" Y="239" T="0" Pressure="0"/>
        <Point X="366" Y="243" T="0" Pressure="0"/>
        <Point X="371" Y="247" T="0" Pressure="0"/>
        <Point X="376" Y="252" T="0" Pressure="0"/>
        <Point X="381" Y="256" T="0" Pressure="0"/>
        <Point X="385" Y="261" T="0" Pressure="0"/>
        <Point X="390" Y="266" T="0" Pressure="0"/>
        <Point X="395" Y="270" T="0" Pressure="0"/>
        <Point X="399" Y="274" T="0" Pressure="0"/>
        <Point X="403" Y="277" T="0" Pressure="0"/>
        <Point X="407" Y="281" T="0" Pressure="0"/>
        <Point X="411" Y="284" T="0" Pressure="0"/>
        <Point X="415" Y="289" T="0" Pressure="0"/>
        <Point X="419" Y="291" T="0" Pressure="0"/>
        <Point X="423" Y="295" T="0" Pressure="0"/>
        <Point X="426" Y="298" T="0" Pressure="0"/>
        <Point X="430" Y="301" T="0" Pressure="0"/>
        <Point X="434" Y="304" T="0" Pressure="0"/>
        <Point X="437" Y="306" T="0" Pressure="0"/>
        <Point X="440" Y="309" T="0" Pressure="0"/>
        <Point X="443" Y="311" T="0" Pressure="0"/>
        <Point X="446" Y="313" T="0" Pressure="0"/>
        <Point X="449" Y="315" T="0" Pressure="0"/>
        <Point X="451" Y="316" T="0" Pressure="0"/>
        <Point X="453" Y="318" T="0" Pressure="0"/>
        <Point X="456" Y="318" T="0" Pressure="0"/>
        <Point X="457" Y="319" T="0" Pressure="0"/>
        <Point X="460" Y="320" T="0" Pressure="0"/>
    </Stroke>
    <Stroke index="2">
        <Point X="434" Y="179" T="0" Pressure="0"/>
        <Point X="433" Y="178" T="0" Pressure="0"/>
        <Point X="431" Y="178" T="0" Pressure="0"/>
        <Point X="430" Y="178" T="0" Pressure="0"/>
        <Point X="429" Y="178" T="0" Pressure="0"/>
        <Point X="428" Y="178" T="0" Pressure="0"/>
        <Point X="427" Y="178" T="0" Pressure="0"/>
        <Point X="426" Y="179" T="0" Pressure="0"/>
        <Point X="425" Y="180" T="0" Pressure="0"/>
        <Point X="423" Y="182" T="0" Pressure="0"/>
        <Point X="422" Y="184" T="0" Pressure="0"/>
        <Point X="420" Y="186" T="0" Pressure="0"/>
        <Point X="419" Y="190" T="0" Pressure="0"/>
        <Point X="416" Y="192" T="0" Pressure="0"/>
        <Point X="414" Y="197" T="0" Pressure="0"/>
        <Point X="406" Y="209" T="0" Pressure="0"/>
        <Point X="404" Y="214" T="0" Pressure="0"/>
        <Point X="400" Y="219" T="0" Pressure="0"/>
        <Point X="397" Y="224" T="0" Pressure="0"/>
        <Point X="393" Y="229" T="0" Pressure="0"/>
        <Point X="389" Y="235" T="0" Pressure="0"/>
        <Point X="385" Y="241" T="0" Pressure="0"/>
        <Point X="382" Y="247" T="0" Pressure="0"/>
        <Point X="378" Y="252" T="0" Pressure="0"/>
        <Point X="374" Y="259" T="0" Pressure="0"/>
        <Point X="370" Y="265" T="0" Pressure="0"/>
        <Point X="366" Y="271" T="0" Pressure="0"/>
        <Point X="363" Y="276" T="0" Pressure="0"/>
        <Point X="359" Y="282" T="0" Pressure="0"/>
        <Point X="353" Y="293" T="0" Pressure="0"/>
        <Point X="350" Y="299" T="0" Pressure="0"/>
        <Point X="346" Y="304" T="0" Pressure="0"/>
        <Point X="343" Y="308" T="0" Pressure="0"/>
        <Point X="340" Y="312" T="0" Pressure="0"/>
        <Point X="337" Y="316" T="0" Pressure="0"/>
        <Point X="335" Y="321" T="0" Pressure="0"/>
        <Point X="332" Y="324" T="0" Pressure="0"/>
        <Point X="330" Y="327" T="0" Pressure="0"/>
        <Point X="328" Y="330" T="0" Pressure="0"/>
        <Point X="326" Y="334" T="0" Pressure="0"/>
        <Point X="324" Y="336" T="0" Pressure="0"/>
        <Point X="322" Y="339" T="0" Pressure="0"/>
        <Point X="321" Y="340" T="0" Pressure="0"/>
        <Point X="319" Y="343" T="0" Pressure="0"/>
        <Point X="318" Y="344" T="0" Pressure="0"/>
        <Point X="317" Y="346" T="0" Pressure="0"/>
        <Point X="317" Y="347" T="0" Pressure="0"/>
    </Stroke>
</Gesture>
