<?xml version="1.0" ?>
<Gesture Name="arrowhead~09" Subject="6" Number="9" NumPts="103" InputType="stylus" Speed="MEDIUM">
    <Stroke index="1">
        <Point X="216" Y="229" T="0" Pressure="0"/>
        <Point X="217" Y="227" T="0" Pressure="0"/>
        <Point X="219" Y="227" T="0" Pressure="0"/>
        <Point X="220" Y="226" T="0" Pressure="0"/>
        <Point X="222" Y="226" T="0" Pressure="0"/>
        <Point X="230" Y="226" T="0" Pressure="0"/>
        <Point X="233" Y="225" T="0" Pressure="0"/>
        <Point X="237" Y="225" T="0" Pressure="0"/>
        <Point X="241" Y="225" T="0" Pressure="0"/>
        <Point X="245" Y="225" T="0" Pressure="0"/>
        <Point X="250" Y="225" T="0" Pressure="0"/>
        <Point X="254" Y="225" T="0" Pressure="0"/>
        <Point X="261" Y="224" T="0" Pressure="0"/>
        <Point X="265" Y="224" T="0" Pressure="0"/>
        <Point X="271" Y="223" T="0" Pressure="0"/>
        <Point X="277" Y="223" T="0" Pressure="0"/>
        <Point X="283" Y="222" T="0" Pressure="0"/>
        <Point X="290" Y="222" T="0" Pressure="0"/>
        <Point X="296" Y="222" T="0" Pressure="0"/>
        <Point X="302" Y="222" T="0" Pressure="0"/>
        <Point X="309" Y="222" T="0" Pressure="0"/>
        <Point X="316" Y="222" T="0" Pressure="0"/>
        <Point X="322" Y="221" T="0" Pressure="0"/>
        <Point X="329" Y="221" T="0" Pressure="0"/>
        <Point X="337" Y="221" T="0" Pressure="0"/>
        <Point X="344" Y="221" T="0" Pressure="0"/>
        <Point X="351" Y="221" T="0" Pressure="0"/>
        <Point X="358" Y="220" T="0" Pressure="0"/>
        <Point X="365" Y="220" T="0" Pressure="0"/>
        <Point X="372" Y="220" T="0" Pressure="0"/>
        <Point X="380" Y="220" T="0" Pressure="0"/>
        <Point X="385" Y="220" T="0" Pressure="0"/>
        <Point X="392" Y="220" T="0" Pressure="0"/>
        <Point X="399" Y="220" T="0" Pressure="0"/>
        <Point X="404" Y="221" T="0" Pressure="0"/>
        <Point X="411" Y="221" T="0" Pressure="0"/>
        <Point X="417" Y="221" T="0" Pressure="0"/>
        <Point X="422" Y="222" T="0" Pressure="0"/>
        <Point X="426" Y="222" T="0" Pressure="0"/>
        <Point X="431" Y="222" T="0" Pressure="0"/>
        <Point X="435" Y="222" T="0" Pressure="0"/>
        <Point X="439" Y="223" T="0" Pressure="0"/>
        <Point X="443" Y="224" T="0" Pressure="0"/>
        <Point X="446" Y="225" T="0" Pressure="0"/>
        <Point X="449" Y="225" T="0" Pressure="0"/>
        <Point X="451" Y="226" T="0" Pressure="0"/>
        <Point X="453" Y="226" T="0" Pressure="0"/>
        <Point X="456" Y="227" T="0" Pressure="0"/>
        <Point X="458" Y="227" T="0" Pressure="0"/>
        <Point X="460" Y="228" T="0" Pressure="0"/>
        <Point X="461" Y="228" T="0" Pressure="0"/>
        <Point X="462" Y="228" T="0" Pressure="0"/>
    </Stroke>
    <Stroke index="2">
        <Point X="382" Y="158" T="0" Pressure="0"/>
        <Point X="382" Y="157" T="0" Pressure="0"/>
        <Point X="381" Y="157" T="0" Pressure="0"/>
        <Point X="381" Y="158" T="0" Pressure="0"/>
        <Point X="381" Y="159" T="0" Pressure="0"/>
        <Point X="382" Y="160" T="0" Pressure="0"/>
        <Point X="384" Y="161" T="0" Pressure="0"/>
        <Point X="388" Y="164" T="0" Pressure="0"/>
        <Point X="392" Y="166" T="0" Pressure="0"/>
        <Point X="395" Y="167" T="0" Pressure="0"/>
        <Point X="398" Y="169" T="0" Pressure="0"/>
        <Point X="401" Y="171" T="0" Pressure="0"/>
        <Point X="405" Y="172" T="0" Pressure="0"/>
        <Point X="414" Y="176" T="0" Pressure="0"/>
        <Point X="418" Y="177" T="0" Pressure="0"/>
        <Point X="422" Y="179" T="0" Pressure="0"/>
        <Point X="430" Y="184" T="0" Pressure="0"/>
        <Point X="434" Y="185" T="0" Pressure="0"/>
        <Point X="438" Y="187" T="0" Pressure="0"/>
        <Point X="446" Y="192" T="0" Pressure="0"/>
        <Point X="449" Y="195" T="0" Pressure="0"/>
        <Point X="453" Y="197" T="0" Pressure="0"/>
        <Point X="459" Y="202" T="0" Pressure="0"/>
        <Point X="461" Y="205" T="0" Pressure="0"/>
        <Point X="464" Y="207" T="0" Pressure="0"/>
        <Point X="467" Y="213" T="0" Pressure="0"/>
        <Point X="468" Y="216" T="0" Pressure="0"/>
        <Point X="469" Y="219" T="0" Pressure="0"/>
        <Point X="469" Y="225" T="0" Pressure="0"/>
        <Point X="469" Y="228" T="0" Pressure="0"/>
        <Point X="469" Y="231" T="0" Pressure="0"/>
        <Point X="466" Y="237" T="0" Pressure="0"/>
        <Point X="464" Y="241" T="0" Pressure="0"/>
        <Point X="462" Y="244" T="0" Pressure="0"/>
        <Point X="456" Y="250" T="0" Pressure="0"/>
        <Point X="453" Y="253" T="0" Pressure="0"/>
        <Point X="449" Y="256" T="0" Pressure="0"/>
        <Point X="441" Y="262" T="0" Pressure="0"/>
        <Point X="437" Y="266" T="0" Pressure="0"/>
        <Point X="433" Y="269" T="0" Pressure="0"/>
        <Point X="424" Y="275" T="0" Pressure="0"/>
        <Point X="419" Y="277" T="0" Pressure="0"/>
        <Point X="415" Y="280" T="0" Pressure="0"/>
        <Point X="407" Y="285" T="0" Pressure="0"/>
        <Point X="403" Y="289" T="0" Pressure="0"/>
        <Point X="400" Y="291" T="0" Pressure="0"/>
        <Point X="396" Y="293" T="0" Pressure="0"/>
        <Point X="389" Y="298" T="0" Pressure="0"/>
        <Point X="386" Y="300" T="0" Pressure="0"/>
        <Point X="381" Y="304" T="0" Pressure="0"/>
        <Point X="379" Y="305" T="0" Pressure="0"/>
    </Stroke>
</Gesture>
