<?xml version="1.0" ?>
<Gesture Name="half_note~05" Subject="6" Number="5" NumPts="106" InputType="stylus" Speed="MEDIUM">
    <Stroke index="1">
        <Point X="422" Y="121" T="0" Pressure="0"/>
        <Point X="422" Y="122" T="0" Pressure="0"/>
        <Point X="422" Y="124" T="0" Pressure="0"/>
        <Point X="423" Y="126" T="0" Pressure="0"/>
        <Point X="423" Y="128" T="0" Pressure="0"/>
        <Point X="424" Y="132" T="0" Pressure="0"/>
        <Point X="424" Y="136" T="0" Pressure="0"/>
        <Point X="425" Y="147" T="0" Pressure="0"/>
        <Point X="425" Y="152" T="0" Pressure="0"/>
        <Point X="425" Y="159" T="0" Pressure="0"/>
        <Point X="424" Y="179" T="0" Pressure="0"/>
        <Point X="423" Y="186" T="0" Pressure="0"/>
        <Point X="423" Y="194" T="0" Pressure="0"/>
        <Point X="423" Y="201" T="0" Pressure="0"/>
        <Point X="422" Y="209" T="0" Pressure="0"/>
        <Point X="422" Y="217" T="0" Pressure="0"/>
        <Point X="421" Y="225" T="0" Pressure="0"/>
        <Point X="420" Y="232" T="0" Pressure="0"/>
        <Point X="420" Y="240" T="0" Pressure="0"/>
        <Point X="420" Y="247" T="0" Pressure="0"/>
        <Point X="420" Y="255" T="0" Pressure="0"/>
        <Point X="420" Y="261" T="0" Pressure="0"/>
        <Point X="420" Y="267" T="0" Pressure="0"/>
        <Point X="421" Y="273" T="0" Pressure="0"/>
        <Point X="422" Y="277" T="0" Pressure="0"/>
        <Point X="422" Y="282" T="0" Pressure="0"/>
        <Point X="423" Y="290" T="0" Pressure="0"/>
        <Point X="423" Y="292" T="0" Pressure="0"/>
        <Point X="424" Y="296" T="0" Pressure="0"/>
        <Point X="424" Y="298" T="0" Pressure="0"/>
        <Point X="424" Y="301" T="0" Pressure="0"/>
        <Point X="425" Y="303" T="0" Pressure="0"/>
        <Point X="426" Y="304" T="0" Pressure="0"/>
        <Point X="426" Y="307" T="0" Pressure="0"/>
        <Point X="426" Y="309" T="0" Pressure="0"/>
        <Point X="426" Y="310" T="0" Pressure="0"/>
    </Stroke>
    <Stroke index="2">
        <Point X="411" Y="283" T="0" Pressure="0"/>
        <Point X="410" Y="281" T="0" Pressure="0"/>
        <Point X="408" Y="279" T="0" Pressure="0"/>
        <Point X="406" Y="277" T="0" Pressure="0"/>
        <Point X="404" Y="275" T="0" Pressure="0"/>
        <Point X="403" Y="273" T="0" Pressure="0"/>
        <Point X="400" Y="271" T="0" Pressure="0"/>
        <Point X="398" Y="269" T="0" Pressure="0"/>
        <Point X="396" Y="268" T="0" Pressure="0"/>
        <Point X="394" Y="266" T="0" Pressure="0"/>
        <Point X="392" Y="265" T="0" Pressure="0"/>
        <Point X="389" Y="264" T="0" Pressure="0"/>
        <Point X="386" Y="262" T="0" Pressure="0"/>
        <Point X="378" Y="260" T="0" Pressure="0"/>
        <Point X="376" Y="260" T="0" Pressure="0"/>
        <Point X="373" Y="259" T="0" Pressure="0"/>
        <Point X="370" Y="259" T="0" Pressure="0"/>
        <Point X="367" Y="259" T="0" Pressure="0"/>
        <Point X="365" Y="259" T="0" Pressure="0"/>
        <Point X="362" Y="259" T="0" Pressure="0"/>
        <Point X="359" Y="259" T="0" Pressure="0"/>
        <Point X="356" Y="260" T="0" Pressure="0"/>
        <Point X="352" Y="261" T="0" Pressure="0"/>
        <Point X="350" Y="262" T="0" Pressure="0"/>
        <Point X="347" Y="264" T="0" Pressure="0"/>
        <Point X="345" Y="265" T="0" Pressure="0"/>
        <Point X="343" Y="267" T="0" Pressure="0"/>
        <Point X="340" Y="269" T="0" Pressure="0"/>
        <Point X="339" Y="272" T="0" Pressure="0"/>
        <Point X="336" Y="274" T="0" Pressure="0"/>
        <Point X="335" Y="276" T="0" Pressure="0"/>
        <Point X="333" Y="279" T="0" Pressure="0"/>
        <Point X="332" Y="282" T="0" Pressure="0"/>
        <Point X="331" Y="286" T="0" Pressure="0"/>
        <Point X="330" Y="290" T="0" Pressure="0"/>
        <Point X="329" Y="294" T="0" Pressure="0"/>
        <Point X="329" Y="297" T="0" Pressure="0"/>
        <Point X="329" Y="301" T="0" Pressure="0"/>
        <Point X="329" Y="304" T="0" Pressure="0"/>
        <Point X="330" Y="307" T="0" Pressure="0"/>
        <Point X="331" Y="311" T="0" Pressure="0"/>
        <Point X="332" Y="314" T="0" Pressure="0"/>
        <Point X="333" Y="317" T="0" Pressure="0"/>
        <Point X="335" Y="320" T="0" Pressure="0"/>
        <Point X="337" Y="323" T="0" Pressure="0"/>
        <Point X="339" Y="326" T="0" Pressure="0"/>
        <Point X="341" Y="328" T="0" Pressure="0"/>
        <Point X="343" Y="331" T="0" Pressure="0"/>
        <Point X="345" Y="333" T="0" Pressure="0"/>
        <Point X="348" Y="335" T="0" Pressure="0"/>
        <Point X="354" Y="340" T="0" Pressure="0"/>
        <Point X="357" Y="341" T="0" Pressure="0"/>
        <Point X="360" Y="343" T="0" Pressure="0"/>
        <Point X="366" Y="344" T="0" Pressure="0"/>
        <Point X="373" Y="345" T="0" Pressure="0"/>
        <Point X="381" Y="344" T="0" Pressure="0"/>
        <Point X="388" Y="341" T="0" Pressure="0"/>
        <Point X="395" Y="338" T="0" Pressure="0"/>
        <Point X="400" Y="336" T="0" Pressure="0"/>
        <Point X="403" Y="334" T="0" Pressure="0"/>
        <Point X="407" Y="331" T="0" Pressure="0"/>
        <Point X="410" Y="329" T="0" Pressure="0"/>
        <Point X="414" Y="326" T="0" Pressure="0"/>
        <Point X="418" Y="324" T="0" Pressure="0"/>
        <Point X="424" Y="318" T="0" Pressure="0"/>
        <Point X="426" Y="315" T="0" Pressure="0"/>
        <Point X="431" Y="311" T="0" Pressure="0"/>
        <Point X="433" Y="310" T="0" Pressure="0"/>
        <Point X="434" Y="308" T="0" Pressure="0"/>
        <Point X="435" Y="307" T="0" Pressure="0"/>
    </Stroke>
</Gesture>
