<?xml version="1.0" ?>
<Gesture Name="arrowhead~02" Subject="6" Number="2" NumPts="110" InputType="stylus" Speed="MEDIUM">
    <Stroke index="1">
        <Point X="187" Y="266" T="0" Pressure="0"/>
        <Point X="188" Y="266" T="0" Pressure="0"/>
        <Point X="189" Y="265" T="0" Pressure="0"/>
        <Point X="190" Y="265" T="0" Pressure="0"/>
        <Point X="193" Y="265" T="0" Pressure="0"/>
        <Point X="195" Y="264" T="0" Pressure="0"/>
        <Point X="198" Y="264" T="0" Pressure="0"/>
        <Point X="201" Y="264" T="0" Pressure="0"/>
        <Point X="205" Y="264" T="0" Pressure="0"/>
        <Point X="209" Y="264" T="0" Pressure="0"/>
        <Point X="214" Y="263" T="0" Pressure="0"/>
        <Point X="219" Y="263" T="0" Pressure="0"/>
        <Point X="224" Y="262" T="0" Pressure="0"/>
        <Point X="243" Y="261" T="0" Pressure="0"/>
        <Point X="250" Y="261" T="0" Pressure="0"/>
        <Point X="257" Y="260" T="0" Pressure="0"/>
        <Point X="264" Y="260" T="0" Pressure="0"/>
        <Point X="272" Y="260" T="0" Pressure="0"/>
        <Point X="280" Y="259" T="0" Pressure="0"/>
        <Point X="287" Y="259" T="0" Pressure="0"/>
        <Point X="295" Y="259" T="0" Pressure="0"/>
        <Point X="303" Y="259" T="0" Pressure="0"/>
        <Point X="311" Y="259" T="0" Pressure="0"/>
        <Point X="320" Y="258" T="0" Pressure="0"/>
        <Point X="329" Y="258" T="0" Pressure="0"/>
        <Point X="336" Y="257" T="0" Pressure="0"/>
        <Point X="344" Y="257" T="0" Pressure="0"/>
        <Point X="352" Y="257" T="0" Pressure="0"/>
        <Point X="361" Y="257" T="0" Pressure="0"/>
        <Point X="369" Y="256" T="0" Pressure="0"/>
        <Point X="378" Y="256" T="0" Pressure="0"/>
        <Point X="385" Y="256" T="0" Pressure="0"/>
        <Point X="392" Y="256" T="0" Pressure="0"/>
        <Point X="399" Y="256" T="0" Pressure="0"/>
        <Point X="405" Y="256" T="0" Pressure="0"/>
        <Point X="412" Y="256" T="0" Pressure="0"/>
        <Point X="419" Y="256" T="0" Pressure="0"/>
        <Point X="425" Y="256" T="0" Pressure="0"/>
        <Point X="431" Y="256" T="0" Pressure="0"/>
        <Point X="437" Y="256" T="0" Pressure="0"/>
        <Point X="441" Y="257" T="0" Pressure="0"/>
        <Point X="446" Y="257" T="0" Pressure="0"/>
        <Point X="452" Y="257" T="0" Pressure="0"/>
        <Point X="459" Y="257" T="0" Pressure="0"/>
        <Point X="462" Y="257" T="0" Pressure="0"/>
        <Point X="465" Y="257" T="0" Pressure="0"/>
        <Point X="468" Y="257" T="0" Pressure="0"/>
        <Point X="469" Y="257" T="0" Pressure="0"/>
        <Point X="472" Y="257" T="0" Pressure="0"/>
        <Point X="474" Y="257" T="0" Pressure="0"/>
        <Point X="475" Y="257" T="0" Pressure="0"/>
        <Point X="475" Y="256" T="0" Pressure="0"/>
    </Stroke>
    <Stroke index="2">
        <Point X="387" Y="172" T="0" Pressure="0"/>
        <Point X="385" Y="171" T="0" Pressure="0"/>
        <Point X="382" Y="169" T="0" Pressure="0"/>
        <Point X="381" Y="168" T="0" Pressure="0"/>
        <Point X="381" Y="167" T="0" Pressure="0"/>
        <Point X="381" Y="169" T="0" Pressure="0"/>
        <Point X="382" Y="170" T="0" Pressure="0"/>
        <Point X="385" Y="172" T="0" Pressure="0"/>
        <Point X="386" Y="172" T="0" Pressure="0"/>
        <Point X="389" Y="174" T="0" Pressure="0"/>
        <Point X="390" Y="175" T="0" Pressure="0"/>
        <Point X="393" Y="177" T="0" Pressure="0"/>
        <Point X="396" Y="178" T="0" Pressure="0"/>
        <Point X="399" Y="179" T="0" Pressure="0"/>
        <Point X="406" Y="182" T="0" Pressure="0"/>
        <Point X="422" Y="189" T="0" Pressure="0"/>
        <Point X="427" Y="191" T="0" Pressure="0"/>
        <Point X="433" Y="192" T="0" Pressure="0"/>
        <Point X="438" Y="195" T="0" Pressure="0"/>
        <Point X="444" Y="197" T="0" Pressure="0"/>
        <Point X="450" Y="200" T="0" Pressure="0"/>
        <Point X="460" Y="204" T="0" Pressure="0"/>
        <Point X="465" Y="207" T="0" Pressure="0"/>
        <Point X="471" Y="210" T="0" Pressure="0"/>
        <Point X="475" Y="214" T="0" Pressure="0"/>
        <Point X="480" Y="217" T="0" Pressure="0"/>
        <Point X="484" Y="221" T="0" Pressure="0"/>
        <Point X="488" Y="224" T="0" Pressure="0"/>
        <Point X="491" Y="227" T="0" Pressure="0"/>
        <Point X="494" Y="231" T="0" Pressure="0"/>
        <Point X="501" Y="239" T="0" Pressure="0"/>
        <Point X="503" Y="242" T="0" Pressure="0"/>
        <Point X="505" Y="246" T="0" Pressure="0"/>
        <Point X="507" Y="253" T="0" Pressure="0"/>
        <Point X="508" Y="257" T="0" Pressure="0"/>
        <Point X="508" Y="261" T="0" Pressure="0"/>
        <Point X="507" Y="268" T="0" Pressure="0"/>
        <Point X="506" Y="272" T="0" Pressure="0"/>
        <Point X="505" Y="276" T="0" Pressure="0"/>
        <Point X="501" Y="284" T="0" Pressure="0"/>
        <Point X="498" Y="287" T="0" Pressure="0"/>
        <Point X="495" Y="291" T="0" Pressure="0"/>
        <Point X="489" Y="299" T="0" Pressure="0"/>
        <Point X="484" Y="302" T="0" Pressure="0"/>
        <Point X="480" Y="306" T="0" Pressure="0"/>
        <Point X="473" Y="312" T="0" Pressure="0"/>
        <Point X="469" Y="315" T="0" Pressure="0"/>
        <Point X="465" Y="319" T="0" Pressure="0"/>
        <Point X="457" Y="324" T="0" Pressure="0"/>
        <Point X="454" Y="326" T="0" Pressure="0"/>
        <Point X="450" Y="328" T="0" Pressure="0"/>
        <Point X="448" Y="330" T="0" Pressure="0"/>
        <Point X="444" Y="332" T="0" Pressure="0"/>
        <Point X="441" Y="334" T="0" Pressure="0"/>
        <Point X="438" Y="336" T="0" Pressure="0"/>
        <Point X="435" Y="339" T="0" Pressure="0"/>
        <Point X="434" Y="340" T="0" Pressure="0"/>
        <Point X="432" Y="341" T="0" Pressure="0"/>
    </Stroke>
</Gesture>
