<?xml version="1.0" ?>
<Gesture Name="N~08" Subject="6" Number="8" NumPts="116" InputType="stylus" Speed="MEDIUM">
    <Stroke index="1">
        <Point X="295" Y="152" T="0" Pressure="0"/>
        <Point X="292" Y="152" T="0" Pressure="0"/>
        <Point X="291" Y="152" T="0" Pressure="0"/>
        <Point X="291" Y="154" T="0" Pressure="0"/>
        <Point X="291" Y="156" T="0" Pressure="0"/>
        <Point X="291" Y="159" T="0" Pressure="0"/>
        <Point X="291" Y="163" T="0" Pressure="0"/>
        <Point X="291" Y="168" T="0" Pressure="0"/>
        <Point X="291" Y="174" T="0" Pressure="0"/>
        <Point X="291" Y="180" T="0" Pressure="0"/>
        <Point X="291" Y="187" T="0" Pressure="0"/>
        <Point X="292" Y="196" T="0" Pressure="0"/>
        <Point X="292" Y="203" T="0" Pressure="0"/>
        <Point X="292" Y="211" T="0" Pressure="0"/>
        <Point X="292" Y="219" T="0" Pressure="0"/>
        <Point X="292" Y="228" T="0" Pressure="0"/>
        <Point X="292" Y="236" T="0" Pressure="0"/>
        <Point X="291" Y="247" T="0" Pressure="0"/>
        <Point X="291" Y="255" T="0" Pressure="0"/>
        <Point X="291" Y="264" T="0" Pressure="0"/>
        <Point X="291" Y="273" T="0" Pressure="0"/>
        <Point X="291" Y="282" T="0" Pressure="0"/>
        <Point X="291" Y="291" T="0" Pressure="0"/>
        <Point X="291" Y="301" T="0" Pressure="0"/>
        <Point X="291" Y="308" T="0" Pressure="0"/>
        <Point X="291" Y="315" T="0" Pressure="0"/>
        <Point X="291" Y="322" T="0" Pressure="0"/>
        <Point X="290" Y="328" T="0" Pressure="0"/>
        <Point X="290" Y="333" T="0" Pressure="0"/>
        <Point X="290" Y="340" T="0" Pressure="0"/>
        <Point X="290" Y="345" T="0" Pressure="0"/>
        <Point X="290" Y="347" T="0" Pressure="0"/>
        <Point X="290" Y="348" T="0" Pressure="0"/>
        <Point X="290" Y="349" T="0" Pressure="0"/>
        <Point X="290" Y="347" T="0" Pressure="0"/>
    </Stroke>
    <Stroke index="2">
        <Point X="293" Y="157" T="0" Pressure="0"/>
        <Point X="292" Y="156" T="0" Pressure="0"/>
        <Point X="292" Y="155" T="0" Pressure="0"/>
        <Point X="293" Y="155" T="0" Pressure="0"/>
        <Point X="294" Y="155" T="0" Pressure="0"/>
        <Point X="295" Y="156" T="0" Pressure="0"/>
        <Point X="296" Y="157" T="0" Pressure="0"/>
        <Point X="298" Y="159" T="0" Pressure="0"/>
        <Point X="299" Y="161" T="0" Pressure="0"/>
        <Point X="302" Y="164" T="0" Pressure="0"/>
        <Point X="304" Y="166" T="0" Pressure="0"/>
        <Point X="307" Y="170" T="0" Pressure="0"/>
        <Point X="310" Y="175" T="0" Pressure="0"/>
        <Point X="314" Y="179" T="0" Pressure="0"/>
        <Point X="318" Y="185" T="0" Pressure="0"/>
        <Point X="322" Y="190" T="0" Pressure="0"/>
        <Point X="327" Y="196" T="0" Pressure="0"/>
        <Point X="332" Y="201" T="0" Pressure="0"/>
        <Point X="336" Y="207" T="0" Pressure="0"/>
        <Point X="340" Y="212" T="0" Pressure="0"/>
        <Point X="345" Y="219" T="0" Pressure="0"/>
        <Point X="349" Y="225" T="0" Pressure="0"/>
        <Point X="354" Y="230" T="0" Pressure="0"/>
        <Point X="359" Y="236" T="0" Pressure="0"/>
        <Point X="363" Y="242" T="0" Pressure="0"/>
        <Point X="368" Y="249" T="0" Pressure="0"/>
        <Point X="373" Y="255" T="0" Pressure="0"/>
        <Point X="378" Y="260" T="0" Pressure="0"/>
        <Point X="382" Y="266" T="0" Pressure="0"/>
        <Point X="388" Y="272" T="0" Pressure="0"/>
        <Point X="397" Y="282" T="0" Pressure="0"/>
        <Point X="402" Y="287" T="0" Pressure="0"/>
        <Point X="407" Y="291" T="0" Pressure="0"/>
        <Point X="411" Y="295" T="0" Pressure="0"/>
        <Point X="415" Y="299" T="0" Pressure="0"/>
        <Point X="419" Y="302" T="0" Pressure="0"/>
        <Point X="423" Y="306" T="0" Pressure="0"/>
        <Point X="427" Y="309" T="0" Pressure="0"/>
        <Point X="430" Y="311" T="0" Pressure="0"/>
        <Point X="437" Y="315" T="0" Pressure="0"/>
        <Point X="439" Y="316" T="0" Pressure="0"/>
        <Point X="442" Y="318" T="0" Pressure="0"/>
        <Point X="445" Y="319" T="0" Pressure="0"/>
    </Stroke>
    <Stroke index="3">
        <Point X="439" Y="159" T="0" Pressure="0"/>
        <Point X="439" Y="158" T="0" Pressure="0"/>
        <Point X="439" Y="157" T="0" Pressure="0"/>
        <Point X="439" Y="158" T="0" Pressure="0"/>
        <Point X="440" Y="160" T="0" Pressure="0"/>
        <Point X="441" Y="162" T="0" Pressure="0"/>
        <Point X="441" Y="166" T="0" Pressure="0"/>
        <Point X="442" Y="170" T="0" Pressure="0"/>
        <Point X="443" Y="175" T="0" Pressure="0"/>
        <Point X="444" Y="180" T="0" Pressure="0"/>
        <Point X="445" Y="188" T="0" Pressure="0"/>
        <Point X="445" Y="196" T="0" Pressure="0"/>
        <Point X="445" Y="205" T="0" Pressure="0"/>
        <Point X="446" Y="214" T="0" Pressure="0"/>
        <Point X="446" Y="224" T="0" Pressure="0"/>
        <Point X="446" Y="232" T="0" Pressure="0"/>
        <Point X="446" Y="242" T="0" Pressure="0"/>
        <Point X="446" Y="252" T="0" Pressure="0"/>
        <Point X="446" Y="261" T="0" Pressure="0"/>
        <Point X="446" Y="270" T="0" Pressure="0"/>
        <Point X="446" Y="280" T="0" Pressure="0"/>
        <Point X="446" Y="287" T="0" Pressure="0"/>
        <Point X="446" Y="295" T="0" Pressure="0"/>
        <Point X="446" Y="301" T="0" Pressure="0"/>
        <Point X="446" Y="308" T="0" Pressure="0"/>
        <Point X="446" Y="314" T="0" Pressure="0"/>
        <Point X="446" Y="319" T="0" Pressure="0"/>
        <Point X="446" Y="323" T="0" Pressure="0"/>
        <Point X="445" Y="326" T="0" Pressure="0"/>
        <Point X="445" Y="329" T="0" Pressure="0"/>
        <Point X="445" Y="332" T="0" Pressure="0"/>
        <Point X="444" Y="337" T="0" Pressure="0"/>
        <Point X="444" Y="339" T="0" Pressure="0"/>
        <Point X="444" Y="340" T="0" Pressure="0"/>
        <Point X="444" Y="341" T="0" Pressure="0"/>
        <Point X="444" Y="342" T="0" Pressure="0"/>
        <Point X="444" Y="343" T="0" Pressure="0"/>
        <Point X="444" Y="341" T="0" Pressure="0"/>
    </Stroke>
</Gesture>
