<?xml version="1.0" ?>
<Gesture Name="five_point_star~05" Subject="6" Number="5" NumPts="236" InputType="stylus" Speed="MEDIUM">
    <Stroke index="1">
        <Point X="310" Y="341" T="0" Pressure="0"/>
        <Point X="310" Y="339" T="0" Pressure="0"/>
        <Point X="310" Y="336" T="0" Pressure="0"/>
        <Point X="310" Y="334" T="0" Pressure="0"/>
        <Point X="310" Y="333" T="0" Pressure="0"/>
        <Point X="311" Y="331" T="0" Pressure="0"/>
        <Point X="312" Y="329" T="0" Pressure="0"/>
        <Point X="313" Y="327" T="0" Pressure="0"/>
        <Point X="313" Y="325" T="0" Pressure="0"/>
        <Point X="314" Y="323" T="0" Pressure="0"/>
        <Point X="314" Y="320" T="0" Pressure="0"/>
        <Point X="314" Y="318" T="0" Pressure="0"/>
        <Point X="315" Y="315" T="0" Pressure="0"/>
        <Point X="316" Y="311" T="0" Pressure="0"/>
        <Point X="316" Y="309" T="0" Pressure="0"/>
        <Point X="317" Y="305" T="0" Pressure="0"/>
        <Point X="317" Y="301" T="0" Pressure="0"/>
        <Point X="317" Y="297" T="0" Pressure="0"/>
        <Point X="317" Y="292" T="0" Pressure="0"/>
        <Point X="318" Y="288" T="0" Pressure="0"/>
        <Point X="318" Y="284" T="0" Pressure="0"/>
        <Point X="320" Y="278" T="0" Pressure="0"/>
        <Point X="320" Y="273" T="0" Pressure="0"/>
        <Point X="321" Y="267" T="0" Pressure="0"/>
        <Point X="322" Y="261" T="0" Pressure="0"/>
        <Point X="323" Y="255" T="0" Pressure="0"/>
        <Point X="325" Y="249" T="0" Pressure="0"/>
        <Point X="325" Y="243" T="0" Pressure="0"/>
        <Point X="327" Y="236" T="0" Pressure="0"/>
        <Point X="329" Y="229" T="0" Pressure="0"/>
        <Point X="331" Y="222" T="0" Pressure="0"/>
        <Point X="332" Y="217" T="0" Pressure="0"/>
        <Point X="334" Y="211" T="0" Pressure="0"/>
        <Point X="336" Y="206" T="0" Pressure="0"/>
        <Point X="340" Y="196" T="0" Pressure="0"/>
        <Point X="342" Y="190" T="0" Pressure="0"/>
        <Point X="344" Y="186" T="0" Pressure="0"/>
        <Point X="345" Y="182" T="0" Pressure="0"/>
        <Point X="348" Y="177" T="0" Pressure="0"/>
        <Point X="350" Y="174" T="0" Pressure="0"/>
        <Point X="352" Y="170" T="0" Pressure="0"/>
        <Point X="355" Y="166" T="0" Pressure="0"/>
        <Point X="356" Y="163" T="0" Pressure="0"/>
        <Point X="359" Y="160" T="0" Pressure="0"/>
        <Point X="360" Y="157" T="0" Pressure="0"/>
        <Point X="362" Y="154" T="0" Pressure="0"/>
        <Point X="364" Y="152" T="0" Pressure="0"/>
        <Point X="366" Y="149" T="0" Pressure="0"/>
        <Point X="368" Y="147" T="0" Pressure="0"/>
        <Point X="370" Y="146" T="0" Pressure="0"/>
        <Point X="371" Y="145" T="0" Pressure="0"/>
        <Point X="373" Y="144" T="0" Pressure="0"/>
        <Point X="374" Y="144" T="0" Pressure="0"/>
        <Point X="375" Y="144" T="0" Pressure="0"/>
        <Point X="377" Y="144" T="0" Pressure="0"/>
        <Point X="378" Y="144" T="0" Pressure="0"/>
        <Point X="380" Y="144" T="0" Pressure="0"/>
        <Point X="381" Y="145" T="0" Pressure="0"/>
        <Point X="382" Y="146" T="0" Pressure="0"/>
        <Point X="384" Y="147" T="0" Pressure="0"/>
        <Point X="385" Y="150" T="0" Pressure="0"/>
        <Point X="386" Y="152" T="0" Pressure="0"/>
        <Point X="388" Y="154" T="0" Pressure="0"/>
        <Point X="389" Y="158" T="0" Pressure="0"/>
        <Point X="390" Y="162" T="0" Pressure="0"/>
        <Point X="392" Y="166" T="0" Pressure="0"/>
        <Point X="393" Y="171" T="0" Pressure="0"/>
        <Point X="394" Y="176" T="0" Pressure="0"/>
        <Point X="395" Y="181" T="0" Pressure="0"/>
        <Point X="396" Y="186" T="0" Pressure="0"/>
        <Point X="397" Y="192" T="0" Pressure="0"/>
        <Point X="399" Y="199" T="0" Pressure="0"/>
        <Point X="400" Y="205" T="0" Pressure="0"/>
        <Point X="401" Y="211" T="0" Pressure="0"/>
        <Point X="403" Y="217" T="0" Pressure="0"/>
        <Point X="404" Y="225" T="0" Pressure="0"/>
        <Point X="405" Y="231" T="0" Pressure="0"/>
        <Point X="407" Y="239" T="0" Pressure="0"/>
        <Point X="408" Y="246" T="0" Pressure="0"/>
        <Point X="408" Y="252" T="0" Pressure="0"/>
        <Point X="410" Y="259" T="0" Pressure="0"/>
        <Point X="411" Y="266" T="0" Pressure="0"/>
        <Point X="412" Y="272" T="0" Pressure="0"/>
        <Point X="414" Y="279" T="0" Pressure="0"/>
        <Point X="414" Y="285" T="0" Pressure="0"/>
        <Point X="415" Y="290" T="0" Pressure="0"/>
        <Point X="416" Y="297" T="0" Pressure="0"/>
        <Point X="417" Y="302" T="0" Pressure="0"/>
        <Point X="419" Y="314" T="0" Pressure="0"/>
        <Point X="419" Y="318" T="0" Pressure="0"/>
        <Point X="420" Y="322" T="0" Pressure="0"/>
        <Point X="421" Y="326" T="0" Pressure="0"/>
        <Point X="422" Y="330" T="0" Pressure="0"/>
        <Point X="422" Y="334" T="0" Pressure="0"/>
        <Point X="423" Y="337" T="0" Pressure="0"/>
        <Point X="423" Y="340" T="0" Pressure="0"/>
        <Point X="423" Y="341" T="0" Pressure="0"/>
        <Point X="423" Y="344" T="0" Pressure="0"/>
        <Point X="423" Y="345" T="0" Pressure="0"/>
        <Point X="423" Y="347" T="0" Pressure="0"/>
        <Point X="423" Y="348" T="0" Pressure="0"/>
        <Point X="423" Y="349" T="0" Pressure="0"/>
        <Point X="423" Y="350" T="0" Pressure="0"/>
        <Point X="422" Y="350" T="0" Pressure="0"/>
        <Point X="421" Y="350" T="0" Pressure="0"/>
        <Point X="420" Y="350" T="0" Pressure="0"/>
        <Point X="419" Y="350" T="0" Pressure="0"/>
        <Point X="417" Y="350" T="0" Pressure="0"/>
        <Point X="415" Y="349" T="0" Pressure="0"/>
        <Point X="413" Y="348" T="0" Pressure="0"/>
        <Point X="411" Y="346" T="0" Pressure="0"/>
        <Point X="410" Y="345" T="0" Pressure="0"/>
        <Point X="408" Y="343" T="0" Pressure="0"/>
        <Point X="405" Y="340" T="0" Pressure="0"/>
        <Point X="403" Y="338" T="0" Pressure="0"/>
        <Point X="400" Y="335" T="0" Pressure="0"/>
        <Point X="397" Y="332" T="0" Pressure="0"/>
        <Point X="394" Y="329" T="0" Pressure="0"/>
        <Point X="390" Y="327" T="0" Pressure="0"/>
        <Point X="387" Y="324" T="0" Pressure="0"/>
        <Point X="384" Y="321" T="0" Pressure="0"/>
        <Point X="379" Y="317" T="0" Pressure="0"/>
        <Point X="375" Y="314" T="0" Pressure="0"/>
        <Point X="371" Y="310" T="0" Pressure="0"/>
        <Point X="366" Y="307" T="0" Pressure="0"/>
        <Point X="362" Y="303" T="0" Pressure="0"/>
        <Point X="356" Y="300" T="0" Pressure="0"/>
        <Point X="351" Y="296" T="0" Pressure="0"/>
        <Point X="346" Y="293" T="0" Pressure="0"/>
        <Point X="340" Y="290" T="0" Pressure="0"/>
        <Point X="336" Y="286" T="0" Pressure="0"/>
        <Point X="330" Y="284" T="0" Pressure="0"/>
        <Point X="325" Y="280" T="0" Pressure="0"/>
        <Point X="319" Y="277" T="0" Pressure="0"/>
        <Point X="314" Y="276" T="0" Pressure="0"/>
        <Point X="310" Y="273" T="0" Pressure="0"/>
        <Point X="305" Y="271" T="0" Pressure="0"/>
        <Point X="300" Y="269" T="0" Pressure="0"/>
        <Point X="295" Y="267" T="0" Pressure="0"/>
        <Point X="287" Y="265" T="0" Pressure="0"/>
        <Point X="283" Y="263" T="0" Pressure="0"/>
        <Point X="280" Y="262" T="0" Pressure="0"/>
        <Point X="277" Y="261" T="0" Pressure="0"/>
        <Point X="275" Y="260" T="0" Pressure="0"/>
        <Point X="272" Y="259" T="0" Pressure="0"/>
        <Point X="271" Y="259" T="0" Pressure="0"/>
        <Point X="270" Y="258" T="0" Pressure="0"/>
        <Point X="269" Y="257" T="0" Pressure="0"/>
        <Point X="269" Y="256" T="0" Pressure="0"/>
        <Point X="269" Y="255" T="0" Pressure="0"/>
        <Point X="270" Y="254" T="0" Pressure="0"/>
        <Point X="273" Y="252" T="0" Pressure="0"/>
        <Point X="280" Y="249" T="0" Pressure="0"/>
        <Point X="287" Y="246" T="0" Pressure="0"/>
        <Point X="292" Y="244" T="0" Pressure="0"/>
        <Point X="297" Y="241" T="0" Pressure="0"/>
        <Point X="302" Y="240" T="0" Pressure="0"/>
        <Point X="309" Y="237" T="0" Pressure="0"/>
        <Point X="314" Y="235" T="0" Pressure="0"/>
        <Point X="320" Y="233" T="0" Pressure="0"/>
        <Point X="326" Y="231" T="0" Pressure="0"/>
        <Point X="333" Y="228" T="0" Pressure="0"/>
        <Point X="341" Y="226" T="0" Pressure="0"/>
        <Point X="350" Y="222" T="0" Pressure="0"/>
        <Point X="356" Y="220" T="0" Pressure="0"/>
        <Point X="364" Y="217" T="0" Pressure="0"/>
        <Point X="372" Y="215" T="0" Pressure="0"/>
        <Point X="380" Y="212" T="0" Pressure="0"/>
        <Point X="388" Y="210" T="0" Pressure="0"/>
        <Point X="396" Y="207" T="0" Pressure="0"/>
        <Point X="402" Y="205" T="0" Pressure="0"/>
        <Point X="408" Y="204" T="0" Pressure="0"/>
        <Point X="415" Y="202" T="0" Pressure="0"/>
        <Point X="421" Y="201" T="0" Pressure="0"/>
        <Point X="427" Y="200" T="0" Pressure="0"/>
        <Point X="433" Y="199" T="0" Pressure="0"/>
        <Point X="438" Y="198" T="0" Pressure="0"/>
        <Point X="442" Y="197" T="0" Pressure="0"/>
        <Point X="446" Y="197" T="0" Pressure="0"/>
        <Point X="450" Y="197" T="0" Pressure="0"/>
        <Point X="454" Y="197" T="0" Pressure="0"/>
        <Point X="458" Y="197" T="0" Pressure="0"/>
        <Point X="460" Y="197" T="0" Pressure="0"/>
        <Point X="463" Y="197" T="0" Pressure="0"/>
        <Point X="464" Y="197" T="0" Pressure="0"/>
        <Point X="466" Y="198" T="0" Pressure="0"/>
        <Point X="467" Y="199" T="0" Pressure="0"/>
        <Point X="468" Y="200" T="0" Pressure="0"/>
        <Point X="468" Y="201" T="0" Pressure="0"/>
        <Point X="468" Y="202" T="0" Pressure="0"/>
        <Point X="468" Y="203" T="0" Pressure="0"/>
        <Point X="468" Y="205" T="0" Pressure="0"/>
        <Point X="468" Y="207" T="0" Pressure="0"/>
        <Point X="466" Y="209" T="0" Pressure="0"/>
        <Point X="464" Y="212" T="0" Pressure="0"/>
        <Point X="463" Y="215" T="0" Pressure="0"/>
        <Point X="460" Y="219" T="0" Pressure="0"/>
        <Point X="456" Y="222" T="0" Pressure="0"/>
        <Point X="453" Y="226" T="0" Pressure="0"/>
        <Point X="449" Y="230" T="0" Pressure="0"/>
        <Point X="445" Y="234" T="0" Pressure="0"/>
        <Point X="440" Y="238" T="0" Pressure="0"/>
        <Point X="435" Y="242" T="0" Pressure="0"/>
        <Point X="430" Y="246" T="0" Pressure="0"/>
        <Point X="425" Y="251" T="0" Pressure="0"/>
        <Point X="419" Y="255" T="0" Pressure="0"/>
        <Point X="414" Y="259" T="0" Pressure="0"/>
        <Point X="408" Y="264" T="0" Pressure="0"/>
        <Point X="403" Y="268" T="0" Pressure="0"/>
        <Point X="396" Y="273" T="0" Pressure="0"/>
        <Point X="390" Y="277" T="0" Pressure="0"/>
        <Point X="384" Y="281" T="0" Pressure="0"/>
        <Point X="378" Y="285" T="0" Pressure="0"/>
        <Point X="373" Y="290" T="0" Pressure="0"/>
        <Point X="367" Y="294" T="0" Pressure="0"/>
        <Point X="362" Y="299" T="0" Pressure="0"/>
        <Point X="356" Y="302" T="0" Pressure="0"/>
        <Point X="351" Y="306" T="0" Pressure="0"/>
        <Point X="347" Y="310" T="0" Pressure="0"/>
        <Point X="343" Y="313" T="0" Pressure="0"/>
        <Point X="339" Y="316" T="0" Pressure="0"/>
        <Point X="335" Y="319" T="0" Pressure="0"/>
        <Point X="332" Y="322" T="0" Pressure="0"/>
        <Point X="329" Y="324" T="0" Pressure="0"/>
        <Point X="326" Y="326" T="0" Pressure="0"/>
        <Point X="324" Y="328" T="0" Pressure="0"/>
        <Point X="322" Y="329" T="0" Pressure="0"/>
        <Point X="321" Y="331" T="0" Pressure="0"/>
        <Point X="319" Y="332" T="0" Pressure="0"/>
        <Point X="318" Y="334" T="0" Pressure="0"/>
        <Point X="317" Y="334" T="0" Pressure="0"/>
        <Point X="317" Y="335" T="0" Pressure="0"/>
        <Point X="317" Y="336" T="0" Pressure="0"/>
        <Point X="317" Y="337" T="0" Pressure="0"/>
        <Point X="317" Y="338" T="0" Pressure="0"/>
        <Point X="318" Y="338" T="0" Pressure="0"/>
    </Stroke>
</Gesture>
