<?xml version="1.0" ?>
<Gesture Name="P~07" Subject="6" Number="7" NumPts="111" InputType="stylus" Speed="MEDIUM">
    <Stroke index="1">
        <Point X="325" Y="142" T="0" Pressure="0"/>
        <Point X="324" Y="142" T="0" Pressure="0"/>
        <Point X="324" Y="141" T="0" Pressure="0"/>
        <Point X="323" Y="141" T="0" Pressure="0"/>
        <Point X="322" Y="142" T="0" Pressure="0"/>
        <Point X="322" Y="144" T="0" Pressure="0"/>
        <Point X="322" Y="146" T="0" Pressure="0"/>
        <Point X="322" Y="147" T="0" Pressure="0"/>
        <Point X="322" Y="150" T="0" Pressure="0"/>
        <Point X="322" Y="153" T="0" Pressure="0"/>
        <Point X="322" Y="156" T="0" Pressure="0"/>
        <Point X="322" Y="161" T="0" Pressure="0"/>
        <Point X="322" Y="171" T="0" Pressure="0"/>
        <Point X="321" Y="176" T="0" Pressure="0"/>
        <Point X="321" Y="182" T="0" Pressure="0"/>
        <Point X="320" Y="196" T="0" Pressure="0"/>
        <Point X="319" Y="202" T="0" Pressure="0"/>
        <Point X="318" Y="209" T="0" Pressure="0"/>
        <Point X="317" Y="226" T="0" Pressure="0"/>
        <Point X="316" Y="235" T="0" Pressure="0"/>
        <Point X="315" Y="243" T="0" Pressure="0"/>
        <Point X="314" Y="251" T="0" Pressure="0"/>
        <Point X="314" Y="259" T="0" Pressure="0"/>
        <Point X="314" Y="267" T="0" Pressure="0"/>
        <Point X="313" Y="276" T="0" Pressure="0"/>
        <Point X="313" Y="284" T="0" Pressure="0"/>
        <Point X="313" Y="291" T="0" Pressure="0"/>
        <Point X="313" Y="298" T="0" Pressure="0"/>
        <Point X="312" Y="304" T="0" Pressure="0"/>
        <Point X="312" Y="311" T="0" Pressure="0"/>
        <Point X="312" Y="318" T="0" Pressure="0"/>
        <Point X="312" Y="324" T="0" Pressure="0"/>
        <Point X="311" Y="328" T="0" Pressure="0"/>
        <Point X="311" Y="333" T="0" Pressure="0"/>
        <Point X="311" Y="337" T="0" Pressure="0"/>
        <Point X="311" Y="341" T="0" Pressure="0"/>
        <Point X="310" Y="344" T="0" Pressure="0"/>
        <Point X="310" Y="348" T="0" Pressure="0"/>
        <Point X="310" Y="350" T="0" Pressure="0"/>
        <Point X="310" Y="351" T="0" Pressure="0"/>
        <Point X="310" Y="353" T="0" Pressure="0"/>
        <Point X="310" Y="354" T="0" Pressure="0"/>
        <Point X="309" Y="355" T="0" Pressure="0"/>
        <Point X="309" Y="353" T="0" Pressure="0"/>
    </Stroke>
    <Stroke index="2">
        <Point X="320" Y="144" T="0" Pressure="0"/>
        <Point X="320" Y="143" T="0" Pressure="0"/>
        <Point X="320" Y="141" T="0" Pressure="0"/>
        <Point X="321" Y="140" T="0" Pressure="0"/>
        <Point X="321" Y="139" T="0" Pressure="0"/>
        <Point X="322" Y="137" T="0" Pressure="0"/>
        <Point X="324" Y="136" T="0" Pressure="0"/>
        <Point X="325" Y="135" T="0" Pressure="0"/>
        <Point X="326" Y="135" T="0" Pressure="0"/>
        <Point X="328" Y="134" T="0" Pressure="0"/>
        <Point X="329" Y="133" T="0" Pressure="0"/>
        <Point X="333" Y="132" T="0" Pressure="0"/>
        <Point X="336" Y="132" T="0" Pressure="0"/>
        <Point X="339" Y="131" T="0" Pressure="0"/>
        <Point X="344" Y="131" T="0" Pressure="0"/>
        <Point X="347" Y="131" T="0" Pressure="0"/>
        <Point X="351" Y="130" T="0" Pressure="0"/>
        <Point X="358" Y="130" T="0" Pressure="0"/>
        <Point X="362" Y="130" T="0" Pressure="0"/>
        <Point X="365" Y="130" T="0" Pressure="0"/>
        <Point X="369" Y="130" T="0" Pressure="0"/>
        <Point X="372" Y="131" T="0" Pressure="0"/>
        <Point X="376" Y="132" T="0" Pressure="0"/>
        <Point X="380" Y="134" T="0" Pressure="0"/>
        <Point X="383" Y="135" T="0" Pressure="0"/>
        <Point X="386" Y="137" T="0" Pressure="0"/>
        <Point X="389" Y="139" T="0" Pressure="0"/>
        <Point X="393" Y="141" T="0" Pressure="0"/>
        <Point X="396" Y="145" T="0" Pressure="0"/>
        <Point X="399" Y="147" T="0" Pressure="0"/>
        <Point X="401" Y="151" T="0" Pressure="0"/>
        <Point X="403" Y="154" T="0" Pressure="0"/>
        <Point X="405" Y="157" T="0" Pressure="0"/>
        <Point X="407" Y="160" T="0" Pressure="0"/>
        <Point X="411" Y="171" T="0" Pressure="0"/>
        <Point X="411" Y="174" T="0" Pressure="0"/>
        <Point X="411" Y="177" T="0" Pressure="0"/>
        <Point X="411" Y="180" T="0" Pressure="0"/>
        <Point X="411" Y="187" T="0" Pressure="0"/>
        <Point X="410" Y="191" T="0" Pressure="0"/>
        <Point X="408" Y="194" T="0" Pressure="0"/>
        <Point X="407" Y="197" T="0" Pressure="0"/>
        <Point X="405" Y="200" T="0" Pressure="0"/>
        <Point X="403" Y="203" T="0" Pressure="0"/>
        <Point X="400" Y="206" T="0" Pressure="0"/>
        <Point X="397" Y="209" T="0" Pressure="0"/>
        <Point X="393" Y="212" T="0" Pressure="0"/>
        <Point X="386" Y="218" T="0" Pressure="0"/>
        <Point X="381" Y="221" T="0" Pressure="0"/>
        <Point X="376" Y="224" T="0" Pressure="0"/>
        <Point X="371" Y="226" T="0" Pressure="0"/>
        <Point X="362" Y="230" T="0" Pressure="0"/>
        <Point X="357" Y="231" T="0" Pressure="0"/>
        <Point X="352" Y="234" T="0" Pressure="0"/>
        <Point X="347" Y="235" T="0" Pressure="0"/>
        <Point X="344" Y="236" T="0" Pressure="0"/>
        <Point X="340" Y="237" T="0" Pressure="0"/>
        <Point X="336" Y="238" T="0" Pressure="0"/>
        <Point X="333" Y="239" T="0" Pressure="0"/>
        <Point X="329" Y="239" T="0" Pressure="0"/>
        <Point X="326" Y="240" T="0" Pressure="0"/>
        <Point X="323" Y="240" T="0" Pressure="0"/>
        <Point X="321" Y="241" T="0" Pressure="0"/>
        <Point X="317" Y="241" T="0" Pressure="0"/>
        <Point X="316" Y="241" T="0" Pressure="0"/>
        <Point X="314" Y="241" T="0" Pressure="0"/>
        <Point X="314" Y="242" T="0" Pressure="0"/>
    </Stroke>
</Gesture>
