<?xml version="1.0" ?>
<Gesture Name="arrowhead~08" Subject="6" Number="8" NumPts="106" InputType="stylus" Speed="MEDIUM">
    <Stroke index="1">
        <Point X="229" Y="203" T="0" Pressure="0"/>
        <Point X="229" Y="202" T="0" Pressure="0"/>
        <Point X="230" Y="201" T="0" Pressure="0"/>
        <Point X="231" Y="201" T="0" Pressure="0"/>
        <Point X="233" Y="201" T="0" Pressure="0"/>
        <Point X="238" Y="201" T="0" Pressure="0"/>
        <Point X="242" Y="200" T="0" Pressure="0"/>
        <Point X="246" Y="200" T="0" Pressure="0"/>
        <Point X="254" Y="200" T="0" Pressure="0"/>
        <Point X="260" Y="200" T="0" Pressure="0"/>
        <Point X="265" Y="200" T="0" Pressure="0"/>
        <Point X="276" Y="199" T="0" Pressure="0"/>
        <Point X="281" Y="199" T="0" Pressure="0"/>
        <Point X="287" Y="199" T="0" Pressure="0"/>
        <Point X="292" Y="198" T="0" Pressure="0"/>
        <Point X="299" Y="197" T="0" Pressure="0"/>
        <Point X="304" Y="197" T="0" Pressure="0"/>
        <Point X="310" Y="197" T="0" Pressure="0"/>
        <Point X="316" Y="197" T="0" Pressure="0"/>
        <Point X="322" Y="196" T="0" Pressure="0"/>
        <Point X="329" Y="196" T="0" Pressure="0"/>
        <Point X="335" Y="195" T="0" Pressure="0"/>
        <Point X="341" Y="195" T="0" Pressure="0"/>
        <Point X="347" Y="194" T="0" Pressure="0"/>
        <Point X="352" Y="194" T="0" Pressure="0"/>
        <Point X="359" Y="194" T="0" Pressure="0"/>
        <Point X="365" Y="194" T="0" Pressure="0"/>
        <Point X="371" Y="194" T="0" Pressure="0"/>
        <Point X="377" Y="194" T="0" Pressure="0"/>
        <Point X="381" Y="194" T="0" Pressure="0"/>
        <Point X="386" Y="194" T="0" Pressure="0"/>
        <Point X="392" Y="194" T="0" Pressure="0"/>
        <Point X="396" Y="194" T="0" Pressure="0"/>
        <Point X="401" Y="194" T="0" Pressure="0"/>
        <Point X="410" Y="194" T="0" Pressure="0"/>
        <Point X="413" Y="194" T="0" Pressure="0"/>
        <Point X="417" Y="194" T="0" Pressure="0"/>
        <Point X="420" Y="195" T="0" Pressure="0"/>
        <Point X="423" Y="195" T="0" Pressure="0"/>
        <Point X="426" Y="195" T="0" Pressure="0"/>
        <Point X="429" Y="195" T="0" Pressure="0"/>
        <Point X="431" Y="195" T="0" Pressure="0"/>
        <Point X="433" Y="195" T="0" Pressure="0"/>
        <Point X="435" Y="195" T="0" Pressure="0"/>
        <Point X="437" Y="195" T="0" Pressure="0"/>
        <Point X="438" Y="196" T="0" Pressure="0"/>
        <Point X="439" Y="196" T="0" Pressure="0"/>
        <Point X="440" Y="196" T="0" Pressure="0"/>
        <Point X="441" Y="196" T="0" Pressure="0"/>
    </Stroke>
    <Stroke index="2">
        <Point X="355" Y="125" T="0" Pressure="0"/>
        <Point X="353" Y="124" T="0" Pressure="0"/>
        <Point X="352" Y="123" T="0" Pressure="0"/>
        <Point X="352" Y="122" T="0" Pressure="0"/>
        <Point X="353" Y="123" T="0" Pressure="0"/>
        <Point X="354" Y="124" T="0" Pressure="0"/>
        <Point X="355" Y="125" T="0" Pressure="0"/>
        <Point X="357" Y="126" T="0" Pressure="0"/>
        <Point X="359" Y="127" T="0" Pressure="0"/>
        <Point X="360" Y="127" T="0" Pressure="0"/>
        <Point X="362" Y="128" T="0" Pressure="0"/>
        <Point X="367" Y="131" T="0" Pressure="0"/>
        <Point X="370" Y="132" T="0" Pressure="0"/>
        <Point X="373" Y="134" T="0" Pressure="0"/>
        <Point X="381" Y="137" T="0" Pressure="0"/>
        <Point X="385" Y="139" T="0" Pressure="0"/>
        <Point X="390" Y="141" T="0" Pressure="0"/>
        <Point X="399" Y="144" T="0" Pressure="0"/>
        <Point X="403" Y="146" T="0" Pressure="0"/>
        <Point X="407" Y="147" T="0" Pressure="0"/>
        <Point X="415" Y="151" T="0" Pressure="0"/>
        <Point X="418" Y="152" T="0" Pressure="0"/>
        <Point X="422" Y="154" T="0" Pressure="0"/>
        <Point X="427" Y="159" T="0" Pressure="0"/>
        <Point X="430" Y="160" T="0" Pressure="0"/>
        <Point X="434" Y="163" T="0" Pressure="0"/>
        <Point X="438" Y="167" T="0" Pressure="0"/>
        <Point X="440" Y="169" T="0" Pressure="0"/>
        <Point X="441" Y="172" T="0" Pressure="0"/>
        <Point X="445" Y="177" T="0" Pressure="0"/>
        <Point X="445" Y="179" T="0" Pressure="0"/>
        <Point X="445" Y="182" T="0" Pressure="0"/>
        <Point X="445" Y="189" T="0" Pressure="0"/>
        <Point X="445" Y="191" T="0" Pressure="0"/>
        <Point X="444" Y="196" T="0" Pressure="0"/>
        <Point X="441" Y="202" T="0" Pressure="0"/>
        <Point X="438" Y="206" T="0" Pressure="0"/>
        <Point X="437" Y="210" T="0" Pressure="0"/>
        <Point X="431" Y="218" T="0" Pressure="0"/>
        <Point X="429" Y="222" T="0" Pressure="0"/>
        <Point X="426" Y="225" T="0" Pressure="0"/>
        <Point X="421" Y="232" T="0" Pressure="0"/>
        <Point X="419" Y="236" T="0" Pressure="0"/>
        <Point X="415" Y="241" T="0" Pressure="0"/>
        <Point X="410" Y="247" T="0" Pressure="0"/>
        <Point X="407" Y="251" T="0" Pressure="0"/>
        <Point X="404" Y="253" T="0" Pressure="0"/>
        <Point X="399" Y="260" T="0" Pressure="0"/>
        <Point X="396" Y="263" T="0" Pressure="0"/>
        <Point X="393" Y="266" T="0" Pressure="0"/>
        <Point X="389" Y="272" T="0" Pressure="0"/>
        <Point X="386" Y="275" T="0" Pressure="0"/>
        <Point X="384" Y="277" T="0" Pressure="0"/>
        <Point X="380" Y="281" T="0" Pressure="0"/>
        <Point X="378" Y="284" T="0" Pressure="0"/>
        <Point X="376" Y="286" T="0" Pressure="0"/>
        <Point X="372" Y="290" T="0" Pressure="0"/>
    </Stroke>
</Gesture>
