<?xml version="1.0" ?>
<Gesture Name="arrowhead~06" Subject="6" Number="6" NumPts="103" InputType="stylus" Speed="MEDIUM">
    <Stroke index="1">
        <Point X="223" Y="237" T="0" Pressure="0"/>
        <Point X="222" Y="237" T="0" Pressure="0"/>
        <Point X="222" Y="236" T="0" Pressure="0"/>
        <Point X="223" Y="236" T="0" Pressure="0"/>
        <Point X="224" Y="236" T="0" Pressure="0"/>
        <Point X="226" Y="236" T="0" Pressure="0"/>
        <Point X="228" Y="236" T="0" Pressure="0"/>
        <Point X="231" Y="236" T="0" Pressure="0"/>
        <Point X="235" Y="236" T="0" Pressure="0"/>
        <Point X="243" Y="236" T="0" Pressure="0"/>
        <Point X="249" Y="236" T="0" Pressure="0"/>
        <Point X="256" Y="236" T="0" Pressure="0"/>
        <Point X="261" Y="236" T="0" Pressure="0"/>
        <Point X="268" Y="236" T="0" Pressure="0"/>
        <Point X="274" Y="236" T="0" Pressure="0"/>
        <Point X="281" Y="237" T="0" Pressure="0"/>
        <Point X="288" Y="237" T="0" Pressure="0"/>
        <Point X="295" Y="237" T="0" Pressure="0"/>
        <Point X="302" Y="237" T="0" Pressure="0"/>
        <Point X="310" Y="238" T="0" Pressure="0"/>
        <Point X="317" Y="238" T="0" Pressure="0"/>
        <Point X="325" Y="239" T="0" Pressure="0"/>
        <Point X="332" Y="239" T="0" Pressure="0"/>
        <Point X="341" Y="240" T="0" Pressure="0"/>
        <Point X="348" Y="240" T="0" Pressure="0"/>
        <Point X="356" Y="240" T="0" Pressure="0"/>
        <Point X="364" Y="241" T="0" Pressure="0"/>
        <Point X="372" Y="241" T="0" Pressure="0"/>
        <Point X="388" Y="241" T="0" Pressure="0"/>
        <Point X="395" Y="242" T="0" Pressure="0"/>
        <Point X="402" Y="242" T="0" Pressure="0"/>
        <Point X="409" Y="242" T="0" Pressure="0"/>
        <Point X="416" Y="243" T="0" Pressure="0"/>
        <Point X="423" Y="243" T="0" Pressure="0"/>
        <Point X="429" Y="244" T="0" Pressure="0"/>
        <Point X="434" Y="244" T="0" Pressure="0"/>
        <Point X="439" Y="244" T="0" Pressure="0"/>
        <Point X="445" Y="245" T="0" Pressure="0"/>
        <Point X="449" Y="245" T="0" Pressure="0"/>
        <Point X="456" Y="247" T="0" Pressure="0"/>
        <Point X="460" Y="247" T="0" Pressure="0"/>
        <Point X="462" Y="247" T="0" Pressure="0"/>
        <Point X="464" Y="248" T="0" Pressure="0"/>
        <Point X="467" Y="248" T="0" Pressure="0"/>
        <Point X="469" Y="249" T="0" Pressure="0"/>
        <Point X="471" Y="249" T="0" Pressure="0"/>
        <Point X="472" Y="249" T="0" Pressure="0"/>
        <Point X="473" Y="249" T="0" Pressure="0"/>
    </Stroke>
    <Stroke index="2">
        <Point X="396" Y="166" T="0" Pressure="0"/>
        <Point X="397" Y="166" T="0" Pressure="0"/>
        <Point X="399" Y="167" T="0" Pressure="0"/>
        <Point X="400" Y="169" T="0" Pressure="0"/>
        <Point X="401" Y="170" T="0" Pressure="0"/>
        <Point X="405" Y="174" T="0" Pressure="0"/>
        <Point X="408" Y="176" T="0" Pressure="0"/>
        <Point X="411" Y="178" T="0" Pressure="0"/>
        <Point X="415" Y="181" T="0" Pressure="0"/>
        <Point X="422" Y="187" T="0" Pressure="0"/>
        <Point X="426" Y="191" T="0" Pressure="0"/>
        <Point X="429" Y="194" T="0" Pressure="0"/>
        <Point X="433" Y="197" T="0" Pressure="0"/>
        <Point X="437" Y="200" T="0" Pressure="0"/>
        <Point X="439" Y="202" T="0" Pressure="0"/>
        <Point X="442" Y="205" T="0" Pressure="0"/>
        <Point X="449" Y="211" T="0" Pressure="0"/>
        <Point X="453" Y="215" T="0" Pressure="0"/>
        <Point X="456" Y="218" T="0" Pressure="0"/>
        <Point X="462" Y="224" T="0" Pressure="0"/>
        <Point X="465" Y="227" T="0" Pressure="0"/>
        <Point X="468" Y="230" T="0" Pressure="0"/>
        <Point X="474" Y="237" T="0" Pressure="0"/>
        <Point X="476" Y="240" T="0" Pressure="0"/>
        <Point X="479" Y="242" T="0" Pressure="0"/>
        <Point X="482" Y="248" T="0" Pressure="0"/>
        <Point X="483" Y="251" T="0" Pressure="0"/>
        <Point X="484" Y="253" T="0" Pressure="0"/>
        <Point X="484" Y="256" T="0" Pressure="0"/>
        <Point X="484" Y="259" T="0" Pressure="0"/>
        <Point X="484" Y="260" T="0" Pressure="0"/>
        <Point X="484" Y="263" T="0" Pressure="0"/>
        <Point X="482" Y="268" T="0" Pressure="0"/>
        <Point X="480" Y="270" T="0" Pressure="0"/>
        <Point X="478" Y="273" T="0" Pressure="0"/>
        <Point X="472" Y="278" T="0" Pressure="0"/>
        <Point X="468" Y="280" T="0" Pressure="0"/>
        <Point X="464" Y="284" T="0" Pressure="0"/>
        <Point X="456" Y="289" T="0" Pressure="0"/>
        <Point X="452" Y="291" T="0" Pressure="0"/>
        <Point X="448" Y="294" T="0" Pressure="0"/>
        <Point X="440" Y="298" T="0" Pressure="0"/>
        <Point X="437" Y="300" T="0" Pressure="0"/>
        <Point X="434" Y="302" T="0" Pressure="0"/>
        <Point X="430" Y="303" T="0" Pressure="0"/>
        <Point X="427" Y="305" T="0" Pressure="0"/>
        <Point X="424" Y="307" T="0" Pressure="0"/>
        <Point X="422" Y="309" T="0" Pressure="0"/>
        <Point X="417" Y="311" T="0" Pressure="0"/>
        <Point X="415" Y="313" T="0" Pressure="0"/>
        <Point X="412" Y="315" T="0" Pressure="0"/>
        <Point X="409" Y="317" T="0" Pressure="0"/>
        <Point X="407" Y="319" T="0" Pressure="0"/>
        <Point X="406" Y="320" T="0" Pressure="0"/>
        <Point X="404" Y="321" T="0" Pressure="0"/>
    </Stroke>
</Gesture>
