<?xml version="1.0" ?>
<Gesture Name="asterisk~07" Subject="6" Number="7" NumPts="127" InputType="stylus" Speed="MEDIUM">
    <Stroke index="1">
        <Point X="407" Y="78" T="0" Pressure="0"/>
        <Point X="406" Y="81" T="0" Pressure="0"/>
        <Point X="406" Y="82" T="0" Pressure="0"/>
        <Point X="406" Y="87" T="0" Pressure="0"/>
        <Point X="406" Y="91" T="0" Pressure="0"/>
        <Point X="406" Y="95" T="0" Pressure="0"/>
        <Point X="406" Y="105" T="0" Pressure="0"/>
        <Point X="406" Y="112" T="0" Pressure="0"/>
        <Point X="405" Y="119" T="0" Pressure="0"/>
        <Point X="405" Y="132" T="0" Pressure="0"/>
        <Point X="405" Y="139" T="0" Pressure="0"/>
        <Point X="405" Y="154" T="0" Pressure="0"/>
        <Point X="405" Y="162" T="0" Pressure="0"/>
        <Point X="405" Y="170" T="0" Pressure="0"/>
        <Point X="405" Y="178" T="0" Pressure="0"/>
        <Point X="404" Y="187" T="0" Pressure="0"/>
        <Point X="404" Y="196" T="0" Pressure="0"/>
        <Point X="404" Y="205" T="0" Pressure="0"/>
        <Point X="404" Y="224" T="0" Pressure="0"/>
        <Point X="404" Y="232" T="0" Pressure="0"/>
        <Point X="404" Y="241" T="0" Pressure="0"/>
        <Point X="404" Y="250" T="0" Pressure="0"/>
        <Point X="404" Y="258" T="0" Pressure="0"/>
        <Point X="404" Y="266" T="0" Pressure="0"/>
        <Point X="403" Y="273" T="0" Pressure="0"/>
        <Point X="403" Y="279" T="0" Pressure="0"/>
        <Point X="403" Y="286" T="0" Pressure="0"/>
        <Point X="402" Y="292" T="0" Pressure="0"/>
        <Point X="401" Y="298" T="0" Pressure="0"/>
        <Point X="400" Y="304" T="0" Pressure="0"/>
        <Point X="400" Y="309" T="0" Pressure="0"/>
        <Point X="399" Y="314" T="0" Pressure="0"/>
        <Point X="397" Y="318" T="0" Pressure="0"/>
        <Point X="396" Y="322" T="0" Pressure="0"/>
        <Point X="396" Y="326" T="0" Pressure="0"/>
        <Point X="396" Y="328" T="0" Pressure="0"/>
        <Point X="395" Y="331" T="0" Pressure="0"/>
        <Point X="394" Y="335" T="0" Pressure="0"/>
        <Point X="393" Y="336" T="0" Pressure="0"/>
        <Point X="393" Y="337" T="0" Pressure="0"/>
        <Point X="393" Y="338" T="0" Pressure="0"/>
        <Point X="393" Y="336" T="0" Pressure="0"/>
    </Stroke>
    <Stroke index="2">
        <Point X="289" Y="150" T="0" Pressure="0"/>
        <Point X="287" Y="148" T="0" Pressure="0"/>
        <Point X="286" Y="147" T="0" Pressure="0"/>
        <Point X="283" Y="145" T="0" Pressure="0"/>
        <Point X="283" Y="144" T="0" Pressure="0"/>
        <Point X="283" Y="145" T="0" Pressure="0"/>
        <Point X="284" Y="146" T="0" Pressure="0"/>
        <Point X="286" Y="147" T="0" Pressure="0"/>
        <Point X="287" Y="147" T="0" Pressure="0"/>
        <Point X="290" Y="149" T="0" Pressure="0"/>
        <Point X="292" Y="150" T="0" Pressure="0"/>
        <Point X="295" Y="151" T="0" Pressure="0"/>
        <Point X="298" Y="152" T="0" Pressure="0"/>
        <Point X="301" Y="154" T="0" Pressure="0"/>
        <Point X="309" Y="158" T="0" Pressure="0"/>
        <Point X="314" Y="160" T="0" Pressure="0"/>
        <Point X="321" Y="163" T="0" Pressure="0"/>
        <Point X="328" Y="166" T="0" Pressure="0"/>
        <Point X="342" Y="174" T="0" Pressure="0"/>
        <Point X="349" Y="178" T="0" Pressure="0"/>
        <Point X="356" Y="182" T="0" Pressure="0"/>
        <Point X="363" Y="186" T="0" Pressure="0"/>
        <Point X="370" Y="191" T="0" Pressure="0"/>
        <Point X="378" Y="196" T="0" Pressure="0"/>
        <Point X="385" Y="200" T="0" Pressure="0"/>
        <Point X="399" Y="209" T="0" Pressure="0"/>
        <Point X="407" Y="214" T="0" Pressure="0"/>
        <Point X="422" Y="223" T="0" Pressure="0"/>
        <Point X="429" Y="227" T="0" Pressure="0"/>
        <Point X="436" Y="231" T="0" Pressure="0"/>
        <Point X="450" Y="240" T="0" Pressure="0"/>
        <Point X="457" Y="244" T="0" Pressure="0"/>
        <Point X="464" Y="247" T="0" Pressure="0"/>
        <Point X="470" Y="251" T="0" Pressure="0"/>
        <Point X="482" Y="257" T="0" Pressure="0"/>
        <Point X="487" Y="260" T="0" Pressure="0"/>
        <Point X="491" Y="263" T="0" Pressure="0"/>
        <Point X="500" Y="269" T="0" Pressure="0"/>
        <Point X="504" Y="271" T="0" Pressure="0"/>
        <Point X="510" Y="274" T="0" Pressure="0"/>
        <Point X="513" Y="276" T="0" Pressure="0"/>
        <Point X="515" Y="276" T="0" Pressure="0"/>
        <Point X="517" Y="277" T="0" Pressure="0"/>
        <Point X="520" Y="278" T="0" Pressure="0"/>
        <Point X="522" Y="278" T="0" Pressure="0"/>
    </Stroke>
    <Stroke index="3">
        <Point X="494" Y="111" T="0" Pressure="0"/>
        <Point X="491" Y="108" T="0" Pressure="0"/>
        <Point X="489" Y="106" T="0" Pressure="0"/>
        <Point X="487" Y="107" T="0" Pressure="0"/>
        <Point X="485" Y="108" T="0" Pressure="0"/>
        <Point X="483" Y="110" T="0" Pressure="0"/>
        <Point X="479" Y="115" T="0" Pressure="0"/>
        <Point X="474" Y="122" T="0" Pressure="0"/>
        <Point X="466" Y="130" T="0" Pressure="0"/>
        <Point X="463" Y="135" T="0" Pressure="0"/>
        <Point X="458" Y="141" T="0" Pressure="0"/>
        <Point X="449" Y="152" T="0" Pressure="0"/>
        <Point X="444" Y="159" T="0" Pressure="0"/>
        <Point X="438" Y="166" T="0" Pressure="0"/>
        <Point X="434" Y="172" T="0" Pressure="0"/>
        <Point X="429" Y="179" T="0" Pressure="0"/>
        <Point X="423" Y="186" T="0" Pressure="0"/>
        <Point X="417" Y="194" T="0" Pressure="0"/>
        <Point X="411" Y="201" T="0" Pressure="0"/>
        <Point X="404" Y="209" T="0" Pressure="0"/>
        <Point X="399" Y="216" T="0" Pressure="0"/>
        <Point X="393" Y="222" T="0" Pressure="0"/>
        <Point X="387" Y="229" T="0" Pressure="0"/>
        <Point X="375" Y="242" T="0" Pressure="0"/>
        <Point X="370" Y="249" T="0" Pressure="0"/>
        <Point X="359" Y="259" T="0" Pressure="0"/>
        <Point X="354" Y="265" T="0" Pressure="0"/>
        <Point X="349" Y="270" T="0" Pressure="0"/>
        <Point X="340" Y="279" T="0" Pressure="0"/>
        <Point X="336" Y="284" T="0" Pressure="0"/>
        <Point X="332" Y="287" T="0" Pressure="0"/>
        <Point X="325" Y="295" T="0" Pressure="0"/>
        <Point X="322" Y="298" T="0" Pressure="0"/>
        <Point X="319" Y="301" T="0" Pressure="0"/>
        <Point X="317" Y="302" T="0" Pressure="0"/>
        <Point X="315" Y="304" T="0" Pressure="0"/>
        <Point X="314" Y="305" T="0" Pressure="0"/>
        <Point X="312" Y="307" T="0" Pressure="0"/>
        <Point X="311" Y="308" T="0" Pressure="0"/>
        <Point X="310" Y="309" T="0" Pressure="0"/>
    </Stroke>
</Gesture>
