<?xml version="1.0" ?>
<Gesture Name="T~01" Subject="6" Number="1" NumPts="164" InputType="stylus" Speed="MEDIUM">
    <Stroke index="1">
        <Point X="295" Y="139" T="0" Pressure="0"/>
        <Point X="294" Y="139" T="0" Pressure="0"/>
        <Point X="293" Y="139" T="0" Pressure="0"/>
        <Point X="293" Y="140" T="0" Pressure="0"/>
        <Point X="293" Y="141" T="0" Pressure="0"/>
        <Point X="293" Y="144" T="0" Pressure="0"/>
        <Point X="293" Y="146" T="0" Pressure="0"/>
        <Point X="292" Y="150" T="0" Pressure="0"/>
        <Point X="292" Y="159" T="0" Pressure="0"/>
        <Point X="292" Y="164" T="0" Pressure="0"/>
        <Point X="292" Y="170" T="0" Pressure="0"/>
        <Point X="292" Y="184" T="0" Pressure="0"/>
        <Point X="292" Y="190" T="0" Pressure="0"/>
        <Point X="292" Y="196" T="0" Pressure="0"/>
        <Point X="293" Y="208" T="0" Pressure="0"/>
        <Point X="294" Y="215" T="0" Pressure="0"/>
        <Point X="294" Y="221" T="0" Pressure="0"/>
        <Point X="295" Y="233" T="0" Pressure="0"/>
        <Point X="295" Y="238" T="0" Pressure="0"/>
        <Point X="296" Y="245" T="0" Pressure="0"/>
        <Point X="297" Y="256" T="0" Pressure="0"/>
        <Point X="298" Y="261" T="0" Pressure="0"/>
        <Point X="298" Y="266" T="0" Pressure="0"/>
        <Point X="298" Y="275" T="0" Pressure="0"/>
        <Point X="298" Y="279" T="0" Pressure="0"/>
        <Point X="298" Y="283" T="0" Pressure="0"/>
        <Point X="298" Y="289" T="0" Pressure="0"/>
        <Point X="298" Y="292" T="0" Pressure="0"/>
        <Point X="298" Y="294" T="0" Pressure="0"/>
        <Point X="298" Y="299" T="0" Pressure="0"/>
        <Point X="298" Y="300" T="0" Pressure="0"/>
        <Point X="298" Y="301" T="0" Pressure="0"/>
        <Point X="297" Y="302" T="0" Pressure="0"/>
    </Stroke>
    <Stroke index="2">
        <Point X="309" Y="138" T="0" Pressure="0"/>
        <Point X="309" Y="139" T="0" Pressure="0"/>
        <Point X="310" Y="139" T="0" Pressure="0"/>
        <Point X="310" Y="140" T="0" Pressure="0"/>
        <Point X="311" Y="141" T="0" Pressure="0"/>
        <Point X="312" Y="142" T="0" Pressure="0"/>
        <Point X="312" Y="144" T="0" Pressure="0"/>
        <Point X="313" Y="145" T="0" Pressure="0"/>
        <Point X="314" Y="148" T="0" Pressure="0"/>
        <Point X="316" Y="151" T="0" Pressure="0"/>
        <Point X="317" Y="155" T="0" Pressure="0"/>
        <Point X="319" Y="158" T="0" Pressure="0"/>
        <Point X="321" Y="161" T="0" Pressure="0"/>
        <Point X="323" Y="166" T="0" Pressure="0"/>
        <Point X="325" Y="170" T="0" Pressure="0"/>
        <Point X="328" Y="173" T="0" Pressure="0"/>
        <Point X="331" Y="176" T="0" Pressure="0"/>
        <Point X="333" Y="180" T="0" Pressure="0"/>
        <Point X="336" Y="184" T="0" Pressure="0"/>
        <Point X="339" Y="188" T="0" Pressure="0"/>
        <Point X="342" Y="191" T="0" Pressure="0"/>
        <Point X="345" Y="195" T="0" Pressure="0"/>
        <Point X="348" Y="199" T="0" Pressure="0"/>
        <Point X="353" Y="203" T="0" Pressure="0"/>
        <Point X="361" Y="210" T="0" Pressure="0"/>
        <Point X="365" Y="214" T="0" Pressure="0"/>
        <Point X="369" Y="217" T="0" Pressure="0"/>
        <Point X="373" Y="220" T="0" Pressure="0"/>
        <Point X="377" Y="225" T="0" Pressure="0"/>
        <Point X="381" Y="228" T="0" Pressure="0"/>
        <Point X="386" Y="231" T="0" Pressure="0"/>
        <Point X="395" Y="238" T="0" Pressure="0"/>
        <Point X="399" Y="241" T="0" Pressure="0"/>
        <Point X="403" Y="244" T="0" Pressure="0"/>
        <Point X="412" Y="251" T="0" Pressure="0"/>
        <Point X="417" Y="254" T="0" Pressure="0"/>
        <Point X="421" Y="256" T="0" Pressure="0"/>
        <Point X="429" Y="262" T="0" Pressure="0"/>
        <Point X="432" Y="264" T="0" Pressure="0"/>
        <Point X="436" Y="268" T="0" Pressure="0"/>
        <Point X="443" Y="271" T="0" Pressure="0"/>
        <Point X="446" Y="274" T="0" Pressure="0"/>
        <Point X="449" Y="275" T="0" Pressure="0"/>
        <Point X="455" Y="279" T="0" Pressure="0"/>
    </Stroke>
    <Stroke index="3">
        <Point X="437" Y="149" T="0" Pressure="0"/>
        <Point X="437" Y="151" T="0" Pressure="0"/>
        <Point X="437" Y="153" T="0" Pressure="0"/>
        <Point X="437" Y="155" T="0" Pressure="0"/>
        <Point X="437" Y="157" T="0" Pressure="0"/>
        <Point X="437" Y="160" T="0" Pressure="0"/>
        <Point X="437" Y="164" T="0" Pressure="0"/>
        <Point X="438" Y="170" T="0" Pressure="0"/>
        <Point X="438" Y="175" T="0" Pressure="0"/>
        <Point X="438" Y="186" T="0" Pressure="0"/>
        <Point X="438" Y="193" T="0" Pressure="0"/>
        <Point X="438" Y="199" T="0" Pressure="0"/>
        <Point X="438" Y="211" T="0" Pressure="0"/>
        <Point X="438" Y="216" T="0" Pressure="0"/>
        <Point X="438" Y="222" T="0" Pressure="0"/>
        <Point X="439" Y="233" T="0" Pressure="0"/>
        <Point X="440" Y="239" T="0" Pressure="0"/>
        <Point X="440" Y="243" T="0" Pressure="0"/>
        <Point X="441" Y="251" T="0" Pressure="0"/>
        <Point X="441" Y="256" T="0" Pressure="0"/>
        <Point X="442" Y="259" T="0" Pressure="0"/>
        <Point X="444" Y="265" T="0" Pressure="0"/>
        <Point X="444" Y="268" T="0" Pressure="0"/>
        <Point X="444" Y="270" T="0" Pressure="0"/>
        <Point X="445" Y="275" T="0" Pressure="0"/>
        <Point X="445" Y="277" T="0" Pressure="0"/>
        <Point X="446" Y="279" T="0" Pressure="0"/>
        <Point X="447" Y="280" T="0" Pressure="0"/>
        <Point X="448" Y="281" T="0" Pressure="0"/>
        <Point X="448" Y="282" T="0" Pressure="0"/>
        <Point X="448" Y="283" T="0" Pressure="0"/>
        <Point X="449" Y="285" T="0" Pressure="0"/>
        <Point X="450" Y="285" T="0" Pressure="0"/>
    </Stroke>
    <Stroke index="4">
        <Point X="296" Y="202" T="0" Pressure="0"/>
        <Point X="299" Y="202" T="0" Pressure="0"/>
        <Point X="302" Y="201" T="0" Pressure="0"/>
        <Point X="305" Y="201" T="0" Pressure="0"/>
        <Point X="308" Y="201" T="0" Pressure="0"/>
        <Point X="311" Y="201" T="0" Pressure="0"/>
        <Point X="315" Y="201" T="0" Pressure="0"/>
        <Point X="324" Y="200" T="0" Pressure="0"/>
        <Point X="328" Y="200" T="0" Pressure="0"/>
        <Point X="338" Y="199" T="0" Pressure="0"/>
        <Point X="344" Y="199" T="0" Pressure="0"/>
        <Point X="349" Y="198" T="0" Pressure="0"/>
        <Point X="355" Y="197" T="0" Pressure="0"/>
        <Point X="360" Y="197" T="0" Pressure="0"/>
        <Point X="367" Y="197" T="0" Pressure="0"/>
        <Point X="373" Y="196" T="0" Pressure="0"/>
        <Point X="385" Y="195" T="0" Pressure="0"/>
        <Point X="390" Y="195" T="0" Pressure="0"/>
        <Point X="396" Y="194" T="0" Pressure="0"/>
        <Point X="401" Y="194" T="0" Pressure="0"/>
        <Point X="407" Y="194" T="0" Pressure="0"/>
        <Point X="416" Y="193" T="0" Pressure="0"/>
        <Point X="422" Y="193" T="0" Pressure="0"/>
        <Point X="426" Y="192" T="0" Pressure="0"/>
        <Point X="431" Y="192" T="0" Pressure="0"/>
        <Point X="435" Y="192" T="0" Pressure="0"/>
        <Point X="450" Y="192" T="0" Pressure="0"/>
        <Point X="456" Y="192" T="0" Pressure="0"/>
        <Point X="460" Y="194" T="0" Pressure="0"/>
        <Point X="463" Y="194" T="0" Pressure="0"/>
        <Point X="465" Y="195" T="0" Pressure="0"/>
        <Point X="465" Y="196" T="0" Pressure="0"/>
    </Stroke>
    <Stroke index="5">
        <Point X="400" Y="203" T="0" Pressure="0"/>
        <Point X="399" Y="202" T="0" Pressure="0"/>
        <Point X="397" Y="201" T="0" Pressure="0"/>
        <Point X="397" Y="200" T="0" Pressure="0"/>
        <Point X="397" Y="201" T="0" Pressure="0"/>
        <Point X="398" Y="205" T="0" Pressure="0"/>
        <Point X="398" Y="208" T="0" Pressure="0"/>
        <Point X="397" Y="221" T="0" Pressure="0"/>
        <Point X="396" Y="234" T="0" Pressure="0"/>
        <Point X="393" Y="245" T="0" Pressure="0"/>
        <Point X="393" Y="250" T="0" Pressure="0"/>
        <Point X="390" Y="260" T="0" Pressure="0"/>
        <Point X="388" Y="279" T="0" Pressure="0"/>
        <Point X="386" Y="286" T="0" Pressure="0"/>
        <Point X="385" Y="294" T="0" Pressure="0"/>
        <Point X="385" Y="297" T="0" Pressure="0"/>
        <Point X="382" Y="310" T="0" Pressure="0"/>
        <Point X="382" Y="313" T="0" Pressure="0"/>
        <Point X="382" Y="315" T="0" Pressure="0"/>
        <Point X="382" Y="316" T="0" Pressure="0"/>
        <Point X="385" Y="317" T="0" Pressure="0"/>
        <Point X="386" Y="317" T="0" Pressure="0"/>
    </Stroke>
</Gesture>
