<?xml version="1.0" ?>
<Gesture Name="H~07" Subject="6" Number="7" NumPts="131" InputType="stylus" Speed="MEDIUM">
    <Stroke index="1">
        <Point X="304" Y="81" T="0" Pressure="0"/>
        <Point X="302" Y="80" T="0" Pressure="0"/>
        <Point X="302" Y="79" T="0" Pressure="0"/>
        <Point X="301" Y="79" T="0" Pressure="0"/>
        <Point X="301" Y="82" T="0" Pressure="0"/>
        <Point X="301" Y="84" T="0" Pressure="0"/>
        <Point X="301" Y="87" T="0" Pressure="0"/>
        <Point X="302" Y="91" T="0" Pressure="0"/>
        <Point X="302" Y="95" T="0" Pressure="0"/>
        <Point X="302" Y="101" T="0" Pressure="0"/>
        <Point X="302" Y="106" T="0" Pressure="0"/>
        <Point X="302" Y="112" T="0" Pressure="0"/>
        <Point X="303" Y="118" T="0" Pressure="0"/>
        <Point X="303" Y="125" T="0" Pressure="0"/>
        <Point X="304" Y="131" T="0" Pressure="0"/>
        <Point X="305" Y="146" T="0" Pressure="0"/>
        <Point X="306" Y="153" T="0" Pressure="0"/>
        <Point X="306" Y="161" T="0" Pressure="0"/>
        <Point X="307" Y="178" T="0" Pressure="0"/>
        <Point X="307" Y="187" T="0" Pressure="0"/>
        <Point X="307" Y="195" T="0" Pressure="0"/>
        <Point X="308" Y="211" T="0" Pressure="0"/>
        <Point X="309" Y="220" T="0" Pressure="0"/>
        <Point X="309" Y="227" T="0" Pressure="0"/>
        <Point X="309" Y="235" T="0" Pressure="0"/>
        <Point X="309" Y="241" T="0" Pressure="0"/>
        <Point X="309" Y="247" T="0" Pressure="0"/>
        <Point X="309" Y="253" T="0" Pressure="0"/>
        <Point X="309" Y="262" T="0" Pressure="0"/>
        <Point X="308" Y="267" T="0" Pressure="0"/>
        <Point X="308" Y="270" T="0" Pressure="0"/>
        <Point X="308" Y="275" T="0" Pressure="0"/>
        <Point X="308" Y="276" T="0" Pressure="0"/>
        <Point X="308" Y="278" T="0" Pressure="0"/>
        <Point X="308" Y="279" T="0" Pressure="0"/>
        <Point X="308" Y="280" T="0" Pressure="0"/>
        <Point X="308" Y="281" T="0" Pressure="0"/>
    </Stroke>
    <Stroke index="2">
        <Point X="307" Y="191" T="0" Pressure="0"/>
        <Point X="306" Y="189" T="0" Pressure="0"/>
        <Point X="306" Y="187" T="0" Pressure="0"/>
        <Point X="307" Y="187" T="0" Pressure="0"/>
        <Point X="309" Y="186" T="0" Pressure="0"/>
        <Point X="310" Y="186" T="0" Pressure="0"/>
        <Point X="312" Y="186" T="0" Pressure="0"/>
        <Point X="316" Y="186" T="0" Pressure="0"/>
        <Point X="318" Y="186" T="0" Pressure="0"/>
        <Point X="321" Y="186" T="0" Pressure="0"/>
        <Point X="325" Y="186" T="0" Pressure="0"/>
        <Point X="329" Y="186" T="0" Pressure="0"/>
        <Point X="332" Y="185" T="0" Pressure="0"/>
        <Point X="336" Y="185" T="0" Pressure="0"/>
        <Point X="341" Y="184" T="0" Pressure="0"/>
        <Point X="345" Y="184" T="0" Pressure="0"/>
        <Point X="351" Y="182" T="0" Pressure="0"/>
        <Point X="355" Y="181" T="0" Pressure="0"/>
        <Point X="359" Y="180" T="0" Pressure="0"/>
        <Point X="364" Y="179" T="0" Pressure="0"/>
        <Point X="369" Y="178" T="0" Pressure="0"/>
        <Point X="373" Y="177" T="0" Pressure="0"/>
        <Point X="378" Y="176" T="0" Pressure="0"/>
        <Point X="381" Y="175" T="0" Pressure="0"/>
        <Point X="389" Y="173" T="0" Pressure="0"/>
        <Point X="393" Y="172" T="0" Pressure="0"/>
        <Point X="396" Y="172" T="0" Pressure="0"/>
        <Point X="400" Y="171" T="0" Pressure="0"/>
        <Point X="403" Y="171" T="0" Pressure="0"/>
        <Point X="405" Y="171" T="0" Pressure="0"/>
        <Point X="408" Y="170" T="0" Pressure="0"/>
        <Point X="412" Y="170" T="0" Pressure="0"/>
        <Point X="415" Y="170" T="0" Pressure="0"/>
        <Point X="416" Y="169" T="0" Pressure="0"/>
        <Point X="419" Y="169" T="0" Pressure="0"/>
        <Point X="420" Y="169" T="0" Pressure="0"/>
        <Point X="422" Y="169" T="0" Pressure="0"/>
        <Point X="423" Y="168" T="0" Pressure="0"/>
        <Point X="424" Y="168" T="0" Pressure="0"/>
    </Stroke>
    <Stroke index="3">
        <Point X="419" Y="95" T="0" Pressure="0"/>
        <Point X="419" Y="92" T="0" Pressure="0"/>
        <Point X="419" Y="90" T="0" Pressure="0"/>
        <Point X="419" Y="88" T="0" Pressure="0"/>
        <Point X="419" Y="89" T="0" Pressure="0"/>
        <Point X="419" Y="90" T="0" Pressure="0"/>
        <Point X="419" Y="91" T="0" Pressure="0"/>
        <Point X="420" Y="92" T="0" Pressure="0"/>
        <Point X="420" Y="95" T="0" Pressure="0"/>
        <Point X="420" Y="97" T="0" Pressure="0"/>
        <Point X="420" Y="100" T="0" Pressure="0"/>
        <Point X="420" Y="103" T="0" Pressure="0"/>
        <Point X="420" Y="110" T="0" Pressure="0"/>
        <Point X="420" Y="115" T="0" Pressure="0"/>
        <Point X="420" Y="120" T="0" Pressure="0"/>
        <Point X="420" Y="126" T="0" Pressure="0"/>
        <Point X="420" Y="131" T="0" Pressure="0"/>
        <Point X="420" Y="138" T="0" Pressure="0"/>
        <Point X="419" Y="145" T="0" Pressure="0"/>
        <Point X="419" Y="152" T="0" Pressure="0"/>
        <Point X="419" Y="159" T="0" Pressure="0"/>
        <Point X="419" Y="166" T="0" Pressure="0"/>
        <Point X="419" Y="173" T="0" Pressure="0"/>
        <Point X="419" Y="179" T="0" Pressure="0"/>
        <Point X="420" Y="186" T="0" Pressure="0"/>
        <Point X="420" Y="194" T="0" Pressure="0"/>
        <Point X="422" Y="201" T="0" Pressure="0"/>
        <Point X="422" Y="208" T="0" Pressure="0"/>
        <Point X="423" Y="215" T="0" Pressure="0"/>
        <Point X="423" Y="221" T="0" Pressure="0"/>
        <Point X="424" Y="227" T="0" Pressure="0"/>
        <Point X="426" Y="239" T="0" Pressure="0"/>
        <Point X="427" Y="245" T="0" Pressure="0"/>
        <Point X="428" Y="250" T="0" Pressure="0"/>
        <Point X="429" Y="254" T="0" Pressure="0"/>
        <Point X="430" Y="258" T="0" Pressure="0"/>
        <Point X="430" Y="262" T="0" Pressure="0"/>
        <Point X="430" Y="266" T="0" Pressure="0"/>
        <Point X="431" Y="269" T="0" Pressure="0"/>
        <Point X="431" Y="272" T="0" Pressure="0"/>
        <Point X="431" Y="275" T="0" Pressure="0"/>
        <Point X="431" Y="281" T="0" Pressure="0"/>
        <Point X="431" Y="284" T="0" Pressure="0"/>
        <Point X="431" Y="285" T="0" Pressure="0"/>
        <Point X="431" Y="286" T="0" Pressure="0"/>
        <Point X="431" Y="287" T="0" Pressure="0"/>
        <Point X="431" Y="288" T="0" Pressure="0"/>
        <Point X="431" Y="289" T="0" Pressure="0"/>
        <Point X="431" Y="290" T="0" Pressure="0"/>
        <Point X="432" Y="290" T="0" Pressure="0"/>
        <Point X="433" Y="290" T="0" Pressure="0"/>
        <Point X="433" Y="291" T="0" Pressure="0"/>
        <Point X="434" Y="291" T="0" Pressure="0"/>
        <Point X="434" Y="292" T="0" Pressure="0"/>
        <Point X="435" Y="293" T="0" Pressure="0"/>
    </Stroke>
</Gesture>
