<?xml version="1.0" ?>
<Gesture Name="N~05" Subject="6" Number="5" NumPts="110" InputType="stylus" Speed="MEDIUM">
    <Stroke index="1">
        <Point X="305" Y="164" T="0" Pressure="0"/>
        <Point X="304" Y="165" T="0" Pressure="0"/>
        <Point X="303" Y="166" T="0" Pressure="0"/>
        <Point X="303" Y="167" T="0" Pressure="0"/>
        <Point X="302" Y="169" T="0" Pressure="0"/>
        <Point X="302" Y="172" T="0" Pressure="0"/>
        <Point X="302" Y="180" T="0" Pressure="0"/>
        <Point X="301" Y="186" T="0" Pressure="0"/>
        <Point X="300" Y="192" T="0" Pressure="0"/>
        <Point X="299" Y="200" T="0" Pressure="0"/>
        <Point X="299" Y="207" T="0" Pressure="0"/>
        <Point X="298" Y="215" T="0" Pressure="0"/>
        <Point X="298" Y="222" T="0" Pressure="0"/>
        <Point X="297" Y="231" T="0" Pressure="0"/>
        <Point X="296" Y="240" T="0" Pressure="0"/>
        <Point X="296" Y="248" T="0" Pressure="0"/>
        <Point X="295" Y="258" T="0" Pressure="0"/>
        <Point X="295" Y="266" T="0" Pressure="0"/>
        <Point X="295" Y="276" T="0" Pressure="0"/>
        <Point X="295" Y="285" T="0" Pressure="0"/>
        <Point X="295" Y="294" T="0" Pressure="0"/>
        <Point X="295" Y="312" T="0" Pressure="0"/>
        <Point X="295" Y="320" T="0" Pressure="0"/>
        <Point X="295" Y="326" T="0" Pressure="0"/>
        <Point X="295" Y="334" T="0" Pressure="0"/>
        <Point X="295" Y="340" T="0" Pressure="0"/>
        <Point X="294" Y="346" T="0" Pressure="0"/>
        <Point X="294" Y="351" T="0" Pressure="0"/>
        <Point X="294" Y="355" T="0" Pressure="0"/>
        <Point X="293" Y="359" T="0" Pressure="0"/>
        <Point X="293" Y="362" T="0" Pressure="0"/>
        <Point X="292" Y="365" T="0" Pressure="0"/>
        <Point X="292" Y="366" T="0" Pressure="0"/>
        <Point X="292" Y="369" T="0" Pressure="0"/>
        <Point X="291" Y="370" T="0" Pressure="0"/>
        <Point X="291" Y="369" T="0" Pressure="0"/>
    </Stroke>
    <Stroke index="2">
        <Point X="305" Y="172" T="0" Pressure="0"/>
        <Point X="304" Y="171" T="0" Pressure="0"/>
        <Point X="305" Y="171" T="0" Pressure="0"/>
        <Point X="306" Y="171" T="0" Pressure="0"/>
        <Point X="307" Y="172" T="0" Pressure="0"/>
        <Point X="309" Y="174" T="0" Pressure="0"/>
        <Point X="310" Y="176" T="0" Pressure="0"/>
        <Point X="314" Y="180" T="0" Pressure="0"/>
        <Point X="316" Y="184" T="0" Pressure="0"/>
        <Point X="317" Y="187" T="0" Pressure="0"/>
        <Point X="324" Y="197" T="0" Pressure="0"/>
        <Point X="328" Y="202" T="0" Pressure="0"/>
        <Point X="332" Y="209" T="0" Pressure="0"/>
        <Point X="339" Y="220" T="0" Pressure="0"/>
        <Point X="343" Y="227" T="0" Pressure="0"/>
        <Point X="347" Y="232" T="0" Pressure="0"/>
        <Point X="352" Y="239" T="0" Pressure="0"/>
        <Point X="356" Y="244" T="0" Pressure="0"/>
        <Point X="361" Y="250" T="0" Pressure="0"/>
        <Point X="366" Y="255" T="0" Pressure="0"/>
        <Point X="375" Y="266" T="0" Pressure="0"/>
        <Point X="381" Y="273" T="0" Pressure="0"/>
        <Point X="385" Y="277" T="0" Pressure="0"/>
        <Point X="390" Y="282" T="0" Pressure="0"/>
        <Point X="395" Y="287" T="0" Pressure="0"/>
        <Point X="400" Y="291" T="0" Pressure="0"/>
        <Point X="405" Y="296" T="0" Pressure="0"/>
        <Point X="414" Y="304" T="0" Pressure="0"/>
        <Point X="419" Y="309" T="0" Pressure="0"/>
        <Point X="423" Y="312" T="0" Pressure="0"/>
        <Point X="426" Y="315" T="0" Pressure="0"/>
        <Point X="430" Y="319" T="0" Pressure="0"/>
        <Point X="434" Y="322" T="0" Pressure="0"/>
        <Point X="438" Y="325" T="0" Pressure="0"/>
        <Point X="441" Y="326" T="0" Pressure="0"/>
        <Point X="444" Y="328" T="0" Pressure="0"/>
    </Stroke>
    <Stroke index="3">
        <Point X="448" Y="176" T="0" Pressure="0"/>
        <Point X="447" Y="175" T="0" Pressure="0"/>
        <Point X="447" Y="174" T="0" Pressure="0"/>
        <Point X="447" Y="176" T="0" Pressure="0"/>
        <Point X="448" Y="177" T="0" Pressure="0"/>
        <Point X="448" Y="180" T="0" Pressure="0"/>
        <Point X="448" Y="184" T="0" Pressure="0"/>
        <Point X="449" Y="187" T="0" Pressure="0"/>
        <Point X="449" Y="191" T="0" Pressure="0"/>
        <Point X="449" Y="197" T="0" Pressure="0"/>
        <Point X="449" Y="203" T="0" Pressure="0"/>
        <Point X="449" Y="209" T="0" Pressure="0"/>
        <Point X="449" Y="217" T="0" Pressure="0"/>
        <Point X="449" Y="225" T="0" Pressure="0"/>
        <Point X="449" Y="234" T="0" Pressure="0"/>
        <Point X="449" Y="241" T="0" Pressure="0"/>
        <Point X="449" Y="250" T="0" Pressure="0"/>
        <Point X="449" Y="257" T="0" Pressure="0"/>
        <Point X="448" Y="274" T="0" Pressure="0"/>
        <Point X="448" Y="281" T="0" Pressure="0"/>
        <Point X="447" Y="289" T="0" Pressure="0"/>
        <Point X="446" Y="295" T="0" Pressure="0"/>
        <Point X="446" Y="301" T="0" Pressure="0"/>
        <Point X="445" Y="307" T="0" Pressure="0"/>
        <Point X="445" Y="312" T="0" Pressure="0"/>
        <Point X="444" Y="317" T="0" Pressure="0"/>
        <Point X="443" Y="321" T="0" Pressure="0"/>
        <Point X="442" Y="325" T="0" Pressure="0"/>
        <Point X="441" Y="328" T="0" Pressure="0"/>
        <Point X="441" Y="331" T="0" Pressure="0"/>
        <Point X="440" Y="334" T="0" Pressure="0"/>
        <Point X="438" Y="341" T="0" Pressure="0"/>
        <Point X="438" Y="343" T="0" Pressure="0"/>
        <Point X="438" Y="345" T="0" Pressure="0"/>
        <Point X="438" Y="346" T="0" Pressure="0"/>
        <Point X="438" Y="347" T="0" Pressure="0"/>
        <Point X="439" Y="347" T="0" Pressure="0"/>
        <Point X="441" Y="347" T="0" Pressure="0"/>
    </Stroke>
</Gesture>
