<?xml version="1.0" ?>
<Gesture Name="asterisk~05" Subject="6" Number="5" NumPts="148" InputType="stylus" Speed="MEDIUM">
    <Stroke index="1">
        <Point X="394" Y="108" T="0" Pressure="0"/>
        <Point X="393" Y="109" T="0" Pressure="0"/>
        <Point X="392" Y="112" T="0" Pressure="0"/>
        <Point X="392" Y="115" T="0" Pressure="0"/>
        <Point X="392" Y="119" T="0" Pressure="0"/>
        <Point X="392" Y="123" T="0" Pressure="0"/>
        <Point X="392" Y="129" T="0" Pressure="0"/>
        <Point X="392" Y="135" T="0" Pressure="0"/>
        <Point X="391" Y="143" T="0" Pressure="0"/>
        <Point X="391" Y="150" T="0" Pressure="0"/>
        <Point X="390" Y="156" T="0" Pressure="0"/>
        <Point X="390" Y="163" T="0" Pressure="0"/>
        <Point X="390" Y="170" T="0" Pressure="0"/>
        <Point X="390" Y="177" T="0" Pressure="0"/>
        <Point X="389" Y="185" T="0" Pressure="0"/>
        <Point X="389" Y="192" T="0" Pressure="0"/>
        <Point X="389" Y="200" T="0" Pressure="0"/>
        <Point X="389" Y="207" T="0" Pressure="0"/>
        <Point X="389" Y="216" T="0" Pressure="0"/>
        <Point X="389" Y="224" T="0" Pressure="0"/>
        <Point X="388" Y="232" T="0" Pressure="0"/>
        <Point X="388" Y="240" T="0" Pressure="0"/>
        <Point X="387" Y="247" T="0" Pressure="0"/>
        <Point X="386" Y="255" T="0" Pressure="0"/>
        <Point X="386" Y="262" T="0" Pressure="0"/>
        <Point X="385" Y="271" T="0" Pressure="0"/>
        <Point X="385" Y="278" T="0" Pressure="0"/>
        <Point X="384" Y="285" T="0" Pressure="0"/>
        <Point X="382" Y="299" T="0" Pressure="0"/>
        <Point X="382" Y="305" T="0" Pressure="0"/>
        <Point X="381" Y="311" T="0" Pressure="0"/>
        <Point X="380" Y="322" T="0" Pressure="0"/>
        <Point X="380" Y="326" T="0" Pressure="0"/>
        <Point X="378" Y="339" T="0" Pressure="0"/>
        <Point X="378" Y="343" T="0" Pressure="0"/>
        <Point X="377" Y="346" T="0" Pressure="0"/>
        <Point X="376" Y="351" T="0" Pressure="0"/>
        <Point X="375" Y="352" T="0" Pressure="0"/>
        <Point X="375" Y="354" T="0" Pressure="0"/>
        <Point X="374" Y="355" T="0" Pressure="0"/>
        <Point X="374" Y="356" T="0" Pressure="0"/>
        <Point X="374" Y="357" T="0" Pressure="0"/>
        <Point X="373" Y="357" T="0" Pressure="0"/>
        <Point X="372" Y="357" T="0" Pressure="0"/>
        <Point X="371" Y="357" T="0" Pressure="0"/>
        <Point X="370" Y="356" T="0" Pressure="0"/>
    </Stroke>
    <Stroke index="2">
        <Point X="272" Y="167" T="0" Pressure="0"/>
        <Point X="270" Y="164" T="0" Pressure="0"/>
        <Point X="270" Y="162" T="0" Pressure="0"/>
        <Point X="270" Y="161" T="0" Pressure="0"/>
        <Point X="270" Y="160" T="0" Pressure="0"/>
        <Point X="272" Y="160" T="0" Pressure="0"/>
        <Point X="273" Y="161" T="0" Pressure="0"/>
        <Point X="275" Y="161" T="0" Pressure="0"/>
        <Point X="277" Y="162" T="0" Pressure="0"/>
        <Point X="280" Y="164" T="0" Pressure="0"/>
        <Point X="283" Y="165" T="0" Pressure="0"/>
        <Point X="286" Y="166" T="0" Pressure="0"/>
        <Point X="290" Y="168" T="0" Pressure="0"/>
        <Point X="294" Y="170" T="0" Pressure="0"/>
        <Point X="299" Y="172" T="0" Pressure="0"/>
        <Point X="304" Y="175" T="0" Pressure="0"/>
        <Point X="310" Y="177" T="0" Pressure="0"/>
        <Point X="316" Y="180" T="0" Pressure="0"/>
        <Point X="321" Y="184" T="0" Pressure="0"/>
        <Point X="328" Y="187" T="0" Pressure="0"/>
        <Point X="336" Y="192" T="0" Pressure="0"/>
        <Point X="342" Y="196" T="0" Pressure="0"/>
        <Point X="348" Y="200" T="0" Pressure="0"/>
        <Point X="355" Y="205" T="0" Pressure="0"/>
        <Point X="362" Y="209" T="0" Pressure="0"/>
        <Point X="370" Y="215" T="0" Pressure="0"/>
        <Point X="377" Y="220" T="0" Pressure="0"/>
        <Point X="384" Y="225" T="0" Pressure="0"/>
        <Point X="390" Y="229" T="0" Pressure="0"/>
        <Point X="397" Y="234" T="0" Pressure="0"/>
        <Point X="404" Y="240" T="0" Pressure="0"/>
        <Point X="410" Y="245" T="0" Pressure="0"/>
        <Point X="416" Y="250" T="0" Pressure="0"/>
        <Point X="422" Y="254" T="0" Pressure="0"/>
        <Point X="427" Y="259" T="0" Pressure="0"/>
        <Point X="434" Y="264" T="0" Pressure="0"/>
        <Point X="444" Y="274" T="0" Pressure="0"/>
        <Point X="449" Y="278" T="0" Pressure="0"/>
        <Point X="453" Y="282" T="0" Pressure="0"/>
        <Point X="458" Y="286" T="0" Pressure="0"/>
        <Point X="462" Y="290" T="0" Pressure="0"/>
        <Point X="466" Y="294" T="0" Pressure="0"/>
        <Point X="470" Y="297" T="0" Pressure="0"/>
        <Point X="474" Y="300" T="0" Pressure="0"/>
        <Point X="476" Y="303" T="0" Pressure="0"/>
        <Point X="479" Y="305" T="0" Pressure="0"/>
        <Point X="483" Y="308" T="0" Pressure="0"/>
        <Point X="486" Y="310" T="0" Pressure="0"/>
        <Point X="488" Y="312" T="0" Pressure="0"/>
        <Point X="490" Y="314" T="0" Pressure="0"/>
        <Point X="491" Y="315" T="0" Pressure="0"/>
        <Point X="493" Y="316" T="0" Pressure="0"/>
        <Point X="494" Y="317" T="0" Pressure="0"/>
        <Point X="495" Y="318" T="0" Pressure="0"/>
        <Point X="497" Y="318" T="0" Pressure="0"/>
    </Stroke>
    <Stroke index="3">
        <Point X="468" Y="116" T="0" Pressure="0"/>
        <Point X="468" Y="114" T="0" Pressure="0"/>
        <Point X="467" Y="112" T="0" Pressure="0"/>
        <Point X="467" Y="111" T="0" Pressure="0"/>
        <Point X="467" Y="110" T="0" Pressure="0"/>
        <Point X="466" Y="110" T="0" Pressure="0"/>
        <Point X="465" Y="110" T="0" Pressure="0"/>
        <Point X="464" Y="111" T="0" Pressure="0"/>
        <Point X="463" Y="114" T="0" Pressure="0"/>
        <Point X="460" Y="116" T="0" Pressure="0"/>
        <Point X="458" Y="119" T="0" Pressure="0"/>
        <Point X="453" Y="127" T="0" Pressure="0"/>
        <Point X="449" Y="131" T="0" Pressure="0"/>
        <Point X="446" Y="136" T="0" Pressure="0"/>
        <Point X="443" Y="141" T="0" Pressure="0"/>
        <Point X="435" Y="152" T="0" Pressure="0"/>
        <Point X="430" Y="159" T="0" Pressure="0"/>
        <Point X="426" Y="164" T="0" Pressure="0"/>
        <Point X="416" Y="176" T="0" Pressure="0"/>
        <Point X="411" Y="182" T="0" Pressure="0"/>
        <Point X="405" Y="189" T="0" Pressure="0"/>
        <Point X="395" Y="202" T="0" Pressure="0"/>
        <Point X="383" Y="216" T="0" Pressure="0"/>
        <Point X="372" Y="231" T="0" Pressure="0"/>
        <Point X="366" Y="240" T="0" Pressure="0"/>
        <Point X="361" Y="246" T="0" Pressure="0"/>
        <Point X="356" Y="253" T="0" Pressure="0"/>
        <Point X="351" Y="260" T="0" Pressure="0"/>
        <Point X="346" Y="267" T="0" Pressure="0"/>
        <Point X="341" Y="274" T="0" Pressure="0"/>
        <Point X="336" Y="280" T="0" Pressure="0"/>
        <Point X="332" Y="286" T="0" Pressure="0"/>
        <Point X="328" Y="292" T="0" Pressure="0"/>
        <Point X="323" Y="298" T="0" Pressure="0"/>
        <Point X="316" Y="308" T="0" Pressure="0"/>
        <Point X="312" Y="313" T="0" Pressure="0"/>
        <Point X="309" Y="317" T="0" Pressure="0"/>
        <Point X="302" Y="325" T="0" Pressure="0"/>
        <Point X="300" Y="328" T="0" Pressure="0"/>
        <Point X="298" Y="331" T="0" Pressure="0"/>
        <Point X="294" Y="335" T="0" Pressure="0"/>
        <Point X="292" Y="336" T="0" Pressure="0"/>
        <Point X="291" Y="338" T="0" Pressure="0"/>
        <Point X="290" Y="339" T="0" Pressure="0"/>
        <Point X="289" Y="339" T="0" Pressure="0"/>
        <Point X="288" Y="339" T="0" Pressure="0"/>
        <Point X="288" Y="337" T="0" Pressure="0"/>
    </Stroke>
</Gesture>
