<?xml version="1.0" ?>
<Gesture Name="six_point_star~09" Subject="6" Number="9" NumPts="240" InputType="stylus" Speed="MEDIUM">
    <Stroke index="1">
        <Point X="290" Y="293" T="0" Pressure="0"/>
        <Point X="290" Y="291" T="0" Pressure="0"/>
        <Point X="291" Y="290" T="0" Pressure="0"/>
        <Point X="291" Y="289" T="0" Pressure="0"/>
        <Point X="291" Y="288" T="0" Pressure="0"/>
        <Point X="291" Y="286" T="0" Pressure="0"/>
        <Point X="292" Y="285" T="0" Pressure="0"/>
        <Point X="292" Y="284" T="0" Pressure="0"/>
        <Point X="294" Y="282" T="0" Pressure="0"/>
        <Point X="295" Y="278" T="0" Pressure="0"/>
        <Point X="295" Y="276" T="0" Pressure="0"/>
        <Point X="296" Y="274" T="0" Pressure="0"/>
        <Point X="297" Y="272" T="0" Pressure="0"/>
        <Point X="298" Y="269" T="0" Pressure="0"/>
        <Point X="299" Y="266" T="0" Pressure="0"/>
        <Point X="299" Y="262" T="0" Pressure="0"/>
        <Point X="300" Y="259" T="0" Pressure="0"/>
        <Point X="301" Y="255" T="0" Pressure="0"/>
        <Point X="302" Y="248" T="0" Pressure="0"/>
        <Point X="303" Y="244" T="0" Pressure="0"/>
        <Point X="305" Y="240" T="0" Pressure="0"/>
        <Point X="306" Y="235" T="0" Pressure="0"/>
        <Point X="306" Y="230" T="0" Pressure="0"/>
        <Point X="307" Y="226" T="0" Pressure="0"/>
        <Point X="309" Y="221" T="0" Pressure="0"/>
        <Point X="310" Y="216" T="0" Pressure="0"/>
        <Point X="311" Y="211" T="0" Pressure="0"/>
        <Point X="314" Y="205" T="0" Pressure="0"/>
        <Point X="314" Y="201" T="0" Pressure="0"/>
        <Point X="316" Y="196" T="0" Pressure="0"/>
        <Point X="317" Y="190" T="0" Pressure="0"/>
        <Point X="320" Y="185" T="0" Pressure="0"/>
        <Point X="321" Y="180" T="0" Pressure="0"/>
        <Point X="323" Y="175" T="0" Pressure="0"/>
        <Point X="325" Y="171" T="0" Pressure="0"/>
        <Point X="326" Y="166" T="0" Pressure="0"/>
        <Point X="328" Y="162" T="0" Pressure="0"/>
        <Point X="330" Y="158" T="0" Pressure="0"/>
        <Point X="332" Y="154" T="0" Pressure="0"/>
        <Point X="334" Y="151" T="0" Pressure="0"/>
        <Point X="336" Y="148" T="0" Pressure="0"/>
        <Point X="337" Y="145" T="0" Pressure="0"/>
        <Point X="339" Y="143" T="0" Pressure="0"/>
        <Point X="341" Y="141" T="0" Pressure="0"/>
        <Point X="343" Y="139" T="0" Pressure="0"/>
        <Point X="344" Y="136" T="0" Pressure="0"/>
        <Point X="346" Y="135" T="0" Pressure="0"/>
        <Point X="348" Y="134" T="0" Pressure="0"/>
        <Point X="354" Y="131" T="0" Pressure="0"/>
        <Point X="355" Y="130" T="0" Pressure="0"/>
        <Point X="357" Y="130" T="0" Pressure="0"/>
        <Point X="359" Y="130" T="0" Pressure="0"/>
        <Point X="360" Y="130" T="0" Pressure="0"/>
        <Point X="362" Y="131" T="0" Pressure="0"/>
        <Point X="363" Y="132" T="0" Pressure="0"/>
        <Point X="366" Y="134" T="0" Pressure="0"/>
        <Point X="367" Y="136" T="0" Pressure="0"/>
        <Point X="369" Y="138" T="0" Pressure="0"/>
        <Point X="370" Y="141" T="0" Pressure="0"/>
        <Point X="373" Y="145" T="0" Pressure="0"/>
        <Point X="374" Y="148" T="0" Pressure="0"/>
        <Point X="376" Y="152" T="0" Pressure="0"/>
        <Point X="380" Y="160" T="0" Pressure="0"/>
        <Point X="382" Y="165" T="0" Pressure="0"/>
        <Point X="384" Y="169" T="0" Pressure="0"/>
        <Point X="386" Y="174" T="0" Pressure="0"/>
        <Point X="388" Y="179" T="0" Pressure="0"/>
        <Point X="390" Y="185" T="0" Pressure="0"/>
        <Point X="393" Y="190" T="0" Pressure="0"/>
        <Point X="395" Y="195" T="0" Pressure="0"/>
        <Point X="397" Y="201" T="0" Pressure="0"/>
        <Point X="400" Y="206" T="0" Pressure="0"/>
        <Point X="404" Y="217" T="0" Pressure="0"/>
        <Point X="406" Y="222" T="0" Pressure="0"/>
        <Point X="408" Y="227" T="0" Pressure="0"/>
        <Point X="412" Y="238" T="0" Pressure="0"/>
        <Point X="414" Y="243" T="0" Pressure="0"/>
        <Point X="416" Y="248" T="0" Pressure="0"/>
        <Point X="419" Y="256" T="0" Pressure="0"/>
        <Point X="421" Y="260" T="0" Pressure="0"/>
        <Point X="423" Y="264" T="0" Pressure="0"/>
        <Point X="426" Y="271" T="0" Pressure="0"/>
        <Point X="427" Y="274" T="0" Pressure="0"/>
        <Point X="428" Y="276" T="0" Pressure="0"/>
        <Point X="429" Y="279" T="0" Pressure="0"/>
        <Point X="430" Y="281" T="0" Pressure="0"/>
        <Point X="430" Y="284" T="0" Pressure="0"/>
        <Point X="430" Y="285" T="0" Pressure="0"/>
        <Point X="431" Y="288" T="0" Pressure="0"/>
        <Point X="431" Y="289" T="0" Pressure="0"/>
        <Point X="431" Y="290" T="0" Pressure="0"/>
        <Point X="430" Y="292" T="0" Pressure="0"/>
        <Point X="429" Y="293" T="0" Pressure="0"/>
        <Point X="428" Y="294" T="0" Pressure="0"/>
        <Point X="426" Y="294" T="0" Pressure="0"/>
        <Point X="425" Y="295" T="0" Pressure="0"/>
        <Point X="423" Y="296" T="0" Pressure="0"/>
        <Point X="420" Y="296" T="0" Pressure="0"/>
        <Point X="415" Y="296" T="0" Pressure="0"/>
        <Point X="412" Y="296" T="0" Pressure="0"/>
        <Point X="409" Y="296" T="0" Pressure="0"/>
        <Point X="401" Y="296" T="0" Pressure="0"/>
        <Point X="397" Y="295" T="0" Pressure="0"/>
        <Point X="393" Y="295" T="0" Pressure="0"/>
        <Point X="389" Y="294" T="0" Pressure="0"/>
        <Point X="385" Y="294" T="0" Pressure="0"/>
        <Point X="381" Y="292" T="0" Pressure="0"/>
        <Point X="375" Y="292" T="0" Pressure="0"/>
        <Point X="371" Y="291" T="0" Pressure="0"/>
        <Point X="367" Y="290" T="0" Pressure="0"/>
        <Point X="362" Y="290" T="0" Pressure="0"/>
        <Point X="359" Y="289" T="0" Pressure="0"/>
        <Point X="350" Y="288" T="0" Pressure="0"/>
        <Point X="347" Y="287" T="0" Pressure="0"/>
        <Point X="344" Y="287" T="0" Pressure="0"/>
        <Point X="340" Y="287" T="0" Pressure="0"/>
        <Point X="336" Y="287" T="0" Pressure="0"/>
        <Point X="333" Y="287" T="0" Pressure="0"/>
        <Point X="330" Y="287" T="0" Pressure="0"/>
        <Point X="325" Y="287" T="0" Pressure="0"/>
        <Point X="323" Y="287" T="0" Pressure="0"/>
        <Point X="321" Y="288" T="0" Pressure="0"/>
        <Point X="317" Y="289" T="0" Pressure="0"/>
        <Point X="316" Y="289" T="0" Pressure="0"/>
        <Point X="315" Y="290" T="0" Pressure="0"/>
        <Point X="314" Y="290" T="0" Pressure="0"/>
        <Point X="314" Y="291" T="0" Pressure="0"/>
        <Point X="313" Y="292" T="0" Pressure="0"/>
        <Point X="313" Y="294" T="0" Pressure="0"/>
        <Point X="313" Y="295" T="0" Pressure="0"/>
        <Point X="313" Y="296" T="0" Pressure="0"/>
        <Point X="313" Y="297" T="0" Pressure="0"/>
    </Stroke>
    <Stroke index="2">
        <Point X="269" Y="189" T="0" Pressure="0"/>
        <Point X="270" Y="190" T="0" Pressure="0"/>
        <Point X="271" Y="191" T="0" Pressure="0"/>
        <Point X="272" Y="191" T="0" Pressure="0"/>
        <Point X="273" Y="193" T="0" Pressure="0"/>
        <Point X="276" Y="196" T="0" Pressure="0"/>
        <Point X="278" Y="198" T="0" Pressure="0"/>
        <Point X="281" Y="202" T="0" Pressure="0"/>
        <Point X="288" Y="211" T="0" Pressure="0"/>
        <Point X="295" Y="223" T="0" Pressure="0"/>
        <Point X="298" Y="229" T="0" Pressure="0"/>
        <Point X="301" Y="234" T="0" Pressure="0"/>
        <Point X="306" Y="247" T="0" Pressure="0"/>
        <Point X="310" Y="253" T="0" Pressure="0"/>
        <Point X="313" Y="260" T="0" Pressure="0"/>
        <Point X="318" Y="273" T="0" Pressure="0"/>
        <Point X="321" Y="279" T="0" Pressure="0"/>
        <Point X="324" Y="285" T="0" Pressure="0"/>
        <Point X="329" Y="299" T="0" Pressure="0"/>
        <Point X="331" Y="304" T="0" Pressure="0"/>
        <Point X="333" Y="310" T="0" Pressure="0"/>
        <Point X="337" Y="322" T="0" Pressure="0"/>
        <Point X="339" Y="327" T="0" Pressure="0"/>
        <Point X="341" Y="333" T="0" Pressure="0"/>
        <Point X="344" Y="343" T="0" Pressure="0"/>
        <Point X="345" Y="348" T="0" Pressure="0"/>
        <Point X="347" Y="352" T="0" Pressure="0"/>
        <Point X="349" Y="360" T="0" Pressure="0"/>
        <Point X="351" Y="363" T="0" Pressure="0"/>
        <Point X="351" Y="365" T="0" Pressure="0"/>
        <Point X="354" Y="369" T="0" Pressure="0"/>
        <Point X="355" Y="370" T="0" Pressure="0"/>
        <Point X="355" Y="371" T="0" Pressure="0"/>
        <Point X="357" Y="372" T="0" Pressure="0"/>
        <Point X="358" Y="372" T="0" Pressure="0"/>
        <Point X="359" Y="372" T="0" Pressure="0"/>
        <Point X="360" Y="372" T="0" Pressure="0"/>
        <Point X="362" Y="371" T="0" Pressure="0"/>
        <Point X="363" Y="370" T="0" Pressure="0"/>
        <Point X="364" Y="368" T="0" Pressure="0"/>
        <Point X="366" Y="365" T="0" Pressure="0"/>
        <Point X="367" Y="363" T="0" Pressure="0"/>
        <Point X="369" Y="359" T="0" Pressure="0"/>
        <Point X="371" Y="351" T="0" Pressure="0"/>
        <Point X="374" Y="347" T="0" Pressure="0"/>
        <Point X="375" Y="341" T="0" Pressure="0"/>
        <Point X="380" Y="329" T="0" Pressure="0"/>
        <Point X="381" Y="324" T="0" Pressure="0"/>
        <Point X="384" Y="318" T="0" Pressure="0"/>
        <Point X="385" Y="311" T="0" Pressure="0"/>
        <Point X="388" Y="304" T="0" Pressure="0"/>
        <Point X="390" Y="298" T="0" Pressure="0"/>
        <Point X="393" Y="290" T="0" Pressure="0"/>
        <Point X="397" Y="277" T="0" Pressure="0"/>
        <Point X="400" Y="272" T="0" Pressure="0"/>
        <Point X="401" Y="265" T="0" Pressure="0"/>
        <Point X="407" Y="252" T="0" Pressure="0"/>
        <Point X="408" Y="247" T="0" Pressure="0"/>
        <Point X="411" Y="241" T="0" Pressure="0"/>
        <Point X="413" Y="234" T="0" Pressure="0"/>
        <Point X="415" Y="229" T="0" Pressure="0"/>
        <Point X="418" Y="224" T="0" Pressure="0"/>
        <Point X="420" Y="218" T="0" Pressure="0"/>
        <Point X="423" Y="214" T="0" Pressure="0"/>
        <Point X="426" Y="206" T="0" Pressure="0"/>
        <Point X="429" Y="203" T="0" Pressure="0"/>
        <Point X="432" Y="197" T="0" Pressure="0"/>
        <Point X="434" Y="195" T="0" Pressure="0"/>
        <Point X="434" Y="193" T="0" Pressure="0"/>
        <Point X="435" Y="191" T="0" Pressure="0"/>
        <Point X="437" Y="190" T="0" Pressure="0"/>
        <Point X="438" Y="189" T="0" Pressure="0"/>
        <Point X="438" Y="188" T="0" Pressure="0"/>
        <Point X="437" Y="188" T="0" Pressure="0"/>
        <Point X="435" Y="188" T="0" Pressure="0"/>
        <Point X="434" Y="187" T="0" Pressure="0"/>
        <Point X="431" Y="187" T="0" Pressure="0"/>
        <Point X="429" Y="187" T="0" Pressure="0"/>
        <Point X="426" Y="187" T="0" Pressure="0"/>
        <Point X="423" Y="187" T="0" Pressure="0"/>
        <Point X="420" Y="188" T="0" Pressure="0"/>
        <Point X="416" Y="189" T="0" Pressure="0"/>
        <Point X="412" Y="189" T="0" Pressure="0"/>
        <Point X="408" Y="189" T="0" Pressure="0"/>
        <Point X="403" Y="190" T="0" Pressure="0"/>
        <Point X="397" Y="190" T="0" Pressure="0"/>
        <Point X="393" Y="190" T="0" Pressure="0"/>
        <Point X="386" Y="191" T="0" Pressure="0"/>
        <Point X="381" Y="191" T="0" Pressure="0"/>
        <Point X="366" Y="191" T="0" Pressure="0"/>
        <Point X="354" Y="191" T="0" Pressure="0"/>
        <Point X="347" Y="191" T="0" Pressure="0"/>
        <Point X="341" Y="191" T="0" Pressure="0"/>
        <Point X="328" Y="191" T="0" Pressure="0"/>
        <Point X="322" Y="191" T="0" Pressure="0"/>
        <Point X="317" Y="190" T="0" Pressure="0"/>
        <Point X="312" Y="190" T="0" Pressure="0"/>
        <Point X="307" Y="190" T="0" Pressure="0"/>
        <Point X="302" Y="190" T="0" Pressure="0"/>
        <Point X="298" Y="190" T="0" Pressure="0"/>
        <Point X="295" Y="190" T="0" Pressure="0"/>
        <Point X="291" Y="190" T="0" Pressure="0"/>
        <Point X="288" Y="190" T="0" Pressure="0"/>
        <Point X="285" Y="191" T="0" Pressure="0"/>
        <Point X="280" Y="191" T="0" Pressure="0"/>
        <Point X="278" Y="192" T="0" Pressure="0"/>
        <Point X="276" Y="194" T="0" Pressure="0"/>
        <Point X="274" Y="196" T="0" Pressure="0"/>
    </Stroke>
</Gesture>
