<?xml version="1.0" ?>
<Gesture Name="X~03" Subject="6" Number="3" NumPts="80" InputType="stylus" Speed="MEDIUM">
    <Stroke index="1">
        <Point X="293" Y="175" T="0" Pressure="0"/>
        <Point X="294" Y="175" T="0" Pressure="0"/>
        <Point X="295" Y="175" T="0" Pressure="0"/>
        <Point X="296" Y="175" T="0" Pressure="0"/>
        <Point X="298" Y="176" T="0" Pressure="0"/>
        <Point X="299" Y="178" T="0" Pressure="0"/>
        <Point X="302" Y="180" T="0" Pressure="0"/>
        <Point X="305" Y="184" T="0" Pressure="0"/>
        <Point X="308" Y="187" T="0" Pressure="0"/>
        <Point X="311" Y="191" T="0" Pressure="0"/>
        <Point X="314" Y="195" T="0" Pressure="0"/>
        <Point X="318" Y="199" T="0" Pressure="0"/>
        <Point X="321" Y="202" T="0" Pressure="0"/>
        <Point X="325" Y="207" T="0" Pressure="0"/>
        <Point X="329" Y="210" T="0" Pressure="0"/>
        <Point X="332" Y="215" T="0" Pressure="0"/>
        <Point X="336" Y="219" T="0" Pressure="0"/>
        <Point X="339" Y="222" T="0" Pressure="0"/>
        <Point X="343" Y="227" T="0" Pressure="0"/>
        <Point X="347" Y="231" T="0" Pressure="0"/>
        <Point X="351" Y="235" T="0" Pressure="0"/>
        <Point X="355" Y="239" T="0" Pressure="0"/>
        <Point X="359" Y="243" T="0" Pressure="0"/>
        <Point X="363" Y="247" T="0" Pressure="0"/>
        <Point X="367" Y="251" T="0" Pressure="0"/>
        <Point X="372" Y="255" T="0" Pressure="0"/>
        <Point X="376" Y="259" T="0" Pressure="0"/>
        <Point X="381" Y="261" T="0" Pressure="0"/>
        <Point X="385" Y="265" T="0" Pressure="0"/>
        <Point X="389" Y="269" T="0" Pressure="0"/>
        <Point X="394" Y="272" T="0" Pressure="0"/>
        <Point X="399" Y="275" T="0" Pressure="0"/>
        <Point X="403" Y="277" T="0" Pressure="0"/>
        <Point X="407" Y="280" T="0" Pressure="0"/>
        <Point X="411" Y="283" T="0" Pressure="0"/>
        <Point X="415" Y="285" T="0" Pressure="0"/>
        <Point X="419" Y="288" T="0" Pressure="0"/>
        <Point X="423" Y="290" T="0" Pressure="0"/>
        <Point X="426" Y="292" T="0" Pressure="0"/>
        <Point X="429" Y="295" T="0" Pressure="0"/>
        <Point X="431" Y="297" T="0" Pressure="0"/>
        <Point X="434" Y="298" T="0" Pressure="0"/>
        <Point X="436" Y="300" T="0" Pressure="0"/>
        <Point X="438" Y="301" T="0" Pressure="0"/>
    </Stroke>
    <Stroke index="2">
        <Point X="407" Y="166" T="0" Pressure="0"/>
        <Point X="403" Y="170" T="0" Pressure="0"/>
        <Point X="400" Y="172" T="0" Pressure="0"/>
        <Point X="399" Y="175" T="0" Pressure="0"/>
        <Point X="396" Y="178" T="0" Pressure="0"/>
        <Point X="395" Y="182" T="0" Pressure="0"/>
        <Point X="392" Y="186" T="0" Pressure="0"/>
        <Point X="389" Y="191" T="0" Pressure="0"/>
        <Point X="386" Y="197" T="0" Pressure="0"/>
        <Point X="381" Y="208" T="0" Pressure="0"/>
        <Point X="377" Y="214" T="0" Pressure="0"/>
        <Point X="374" Y="220" T="0" Pressure="0"/>
        <Point X="370" Y="226" T="0" Pressure="0"/>
        <Point X="367" Y="232" T="0" Pressure="0"/>
        <Point X="363" Y="239" T="0" Pressure="0"/>
        <Point X="360" Y="245" T="0" Pressure="0"/>
        <Point X="356" Y="252" T="0" Pressure="0"/>
        <Point X="350" Y="265" T="0" Pressure="0"/>
        <Point X="346" Y="271" T="0" Pressure="0"/>
        <Point X="343" Y="278" T="0" Pressure="0"/>
        <Point X="339" Y="284" T="0" Pressure="0"/>
        <Point X="336" Y="291" T="0" Pressure="0"/>
        <Point X="332" Y="297" T="0" Pressure="0"/>
        <Point X="329" Y="303" T="0" Pressure="0"/>
        <Point X="325" Y="309" T="0" Pressure="0"/>
        <Point X="322" Y="315" T="0" Pressure="0"/>
        <Point X="318" Y="320" T="0" Pressure="0"/>
        <Point X="313" Y="330" T="0" Pressure="0"/>
        <Point X="310" Y="334" T="0" Pressure="0"/>
        <Point X="308" Y="338" T="0" Pressure="0"/>
        <Point X="304" Y="344" T="0" Pressure="0"/>
        <Point X="303" Y="346" T="0" Pressure="0"/>
        <Point X="302" Y="347" T="0" Pressure="0"/>
        <Point X="302" Y="348" T="0" Pressure="0"/>
        <Point X="301" Y="349" T="0" Pressure="0"/>
        <Point X="301" Y="350" T="0" Pressure="0"/>
    </Stroke>
</Gesture>
