<?xml version="1.0" ?>
<Gesture Name="null~03" Subject="6" Number="3" NumPts="143" InputType="stylus" Speed="MEDIUM">
    <Stroke index="1">
        <Point X="336" Y="191" T="0" Pressure="0"/>
        <Point X="335" Y="192" T="0" Pressure="0"/>
        <Point X="332" Y="194" T="0" Pressure="0"/>
        <Point X="331" Y="195" T="0" Pressure="0"/>
        <Point X="329" Y="197" T="0" Pressure="0"/>
        <Point X="328" Y="199" T="0" Pressure="0"/>
        <Point X="327" Y="201" T="0" Pressure="0"/>
        <Point X="326" Y="203" T="0" Pressure="0"/>
        <Point X="325" Y="206" T="0" Pressure="0"/>
        <Point X="324" Y="209" T="0" Pressure="0"/>
        <Point X="324" Y="213" T="0" Pressure="0"/>
        <Point X="322" Y="221" T="0" Pressure="0"/>
        <Point X="321" Y="225" T="0" Pressure="0"/>
        <Point X="321" Y="229" T="0" Pressure="0"/>
        <Point X="321" Y="234" T="0" Pressure="0"/>
        <Point X="321" Y="239" T="0" Pressure="0"/>
        <Point X="321" Y="244" T="0" Pressure="0"/>
        <Point X="321" Y="250" T="0" Pressure="0"/>
        <Point X="322" Y="255" T="0" Pressure="0"/>
        <Point X="323" Y="260" T="0" Pressure="0"/>
        <Point X="324" Y="266" T="0" Pressure="0"/>
        <Point X="325" Y="272" T="0" Pressure="0"/>
        <Point X="329" Y="283" T="0" Pressure="0"/>
        <Point X="331" Y="289" T="0" Pressure="0"/>
        <Point X="332" Y="293" T="0" Pressure="0"/>
        <Point X="335" Y="298" T="0" Pressure="0"/>
        <Point X="337" Y="302" T="0" Pressure="0"/>
        <Point X="340" Y="306" T="0" Pressure="0"/>
        <Point X="342" Y="310" T="0" Pressure="0"/>
        <Point X="345" Y="314" T="0" Pressure="0"/>
        <Point X="347" Y="318" T="0" Pressure="0"/>
        <Point X="350" Y="321" T="0" Pressure="0"/>
        <Point X="353" Y="324" T="0" Pressure="0"/>
        <Point X="355" Y="326" T="0" Pressure="0"/>
        <Point X="359" Y="329" T="0" Pressure="0"/>
        <Point X="362" Y="331" T="0" Pressure="0"/>
        <Point X="365" Y="334" T="0" Pressure="0"/>
        <Point X="368" Y="335" T="0" Pressure="0"/>
        <Point X="371" Y="336" T="0" Pressure="0"/>
        <Point X="374" Y="338" T="0" Pressure="0"/>
        <Point X="378" Y="338" T="0" Pressure="0"/>
        <Point X="381" Y="339" T="0" Pressure="0"/>
        <Point X="385" Y="339" T="0" Pressure="0"/>
        <Point X="388" Y="339" T="0" Pressure="0"/>
        <Point X="392" Y="339" T="0" Pressure="0"/>
        <Point X="396" Y="338" T="0" Pressure="0"/>
        <Point X="399" Y="337" T="0" Pressure="0"/>
        <Point X="403" Y="335" T="0" Pressure="0"/>
        <Point X="407" Y="334" T="0" Pressure="0"/>
        <Point X="410" Y="332" T="0" Pressure="0"/>
        <Point X="414" Y="330" T="0" Pressure="0"/>
        <Point X="417" Y="327" T="0" Pressure="0"/>
        <Point X="420" Y="325" T="0" Pressure="0"/>
        <Point X="424" Y="322" T="0" Pressure="0"/>
        <Point X="427" Y="320" T="0" Pressure="0"/>
        <Point X="430" Y="316" T="0" Pressure="0"/>
        <Point X="435" Y="310" T="0" Pressure="0"/>
        <Point X="438" Y="306" T="0" Pressure="0"/>
        <Point X="440" Y="302" T="0" Pressure="0"/>
        <Point X="441" Y="299" T="0" Pressure="0"/>
        <Point X="443" Y="295" T="0" Pressure="0"/>
        <Point X="445" Y="291" T="0" Pressure="0"/>
        <Point X="445" Y="286" T="0" Pressure="0"/>
        <Point X="446" Y="281" T="0" Pressure="0"/>
        <Point X="447" Y="276" T="0" Pressure="0"/>
        <Point X="447" Y="271" T="0" Pressure="0"/>
        <Point X="447" Y="266" T="0" Pressure="0"/>
        <Point X="446" Y="260" T="0" Pressure="0"/>
        <Point X="446" Y="254" T="0" Pressure="0"/>
        <Point X="445" Y="249" T="0" Pressure="0"/>
        <Point X="442" Y="237" T="0" Pressure="0"/>
        <Point X="438" Y="227" T="0" Pressure="0"/>
        <Point X="433" Y="217" T="0" Pressure="0"/>
        <Point X="430" Y="213" T="0" Pressure="0"/>
        <Point X="427" Y="209" T="0" Pressure="0"/>
        <Point X="424" Y="205" T="0" Pressure="0"/>
        <Point X="420" Y="202" T="0" Pressure="0"/>
        <Point X="417" Y="199" T="0" Pressure="0"/>
        <Point X="413" Y="196" T="0" Pressure="0"/>
        <Point X="408" Y="192" T="0" Pressure="0"/>
        <Point X="404" Y="190" T="0" Pressure="0"/>
        <Point X="400" Y="188" T="0" Pressure="0"/>
        <Point X="396" Y="186" T="0" Pressure="0"/>
        <Point X="392" Y="184" T="0" Pressure="0"/>
        <Point X="387" Y="183" T="0" Pressure="0"/>
        <Point X="382" Y="181" T="0" Pressure="0"/>
        <Point X="378" Y="180" T="0" Pressure="0"/>
        <Point X="374" Y="180" T="0" Pressure="0"/>
        <Point X="370" Y="179" T="0" Pressure="0"/>
        <Point X="366" Y="179" T="0" Pressure="0"/>
        <Point X="362" Y="179" T="0" Pressure="0"/>
        <Point X="358" Y="179" T="0" Pressure="0"/>
        <Point X="355" Y="179" T="0" Pressure="0"/>
        <Point X="348" Y="182" T="0" Pressure="0"/>
        <Point X="345" Y="184" T="0" Pressure="0"/>
        <Point X="343" Y="185" T="0" Pressure="0"/>
        <Point X="340" Y="187" T="0" Pressure="0"/>
    </Stroke>
    <Stroke index="2">
        <Point X="449" Y="144" T="0" Pressure="0"/>
        <Point X="447" Y="145" T="0" Pressure="0"/>
        <Point X="445" Y="146" T="0" Pressure="0"/>
        <Point X="443" Y="148" T="0" Pressure="0"/>
        <Point X="441" Y="150" T="0" Pressure="0"/>
        <Point X="439" Y="152" T="0" Pressure="0"/>
        <Point X="437" Y="155" T="0" Pressure="0"/>
        <Point X="434" Y="159" T="0" Pressure="0"/>
        <Point X="430" Y="164" T="0" Pressure="0"/>
        <Point X="426" Y="169" T="0" Pressure="0"/>
        <Point X="423" Y="174" T="0" Pressure="0"/>
        <Point X="420" Y="179" T="0" Pressure="0"/>
        <Point X="416" Y="185" T="0" Pressure="0"/>
        <Point X="412" Y="192" T="0" Pressure="0"/>
        <Point X="408" Y="199" T="0" Pressure="0"/>
        <Point X="404" Y="206" T="0" Pressure="0"/>
        <Point X="400" Y="213" T="0" Pressure="0"/>
        <Point X="386" Y="235" T="0" Pressure="0"/>
        <Point X="382" Y="243" T="0" Pressure="0"/>
        <Point X="377" Y="251" T="0" Pressure="0"/>
        <Point X="373" Y="258" T="0" Pressure="0"/>
        <Point X="367" Y="265" T="0" Pressure="0"/>
        <Point X="362" Y="273" T="0" Pressure="0"/>
        <Point X="358" Y="279" T="0" Pressure="0"/>
        <Point X="352" Y="287" T="0" Pressure="0"/>
        <Point X="347" Y="295" T="0" Pressure="0"/>
        <Point X="342" Y="301" T="0" Pressure="0"/>
        <Point X="337" Y="307" T="0" Pressure="0"/>
        <Point X="332" Y="315" T="0" Pressure="0"/>
        <Point X="322" Y="327" T="0" Pressure="0"/>
        <Point X="310" Y="344" T="0" Pressure="0"/>
        <Point X="306" Y="350" T="0" Pressure="0"/>
        <Point X="302" Y="354" T="0" Pressure="0"/>
        <Point X="299" Y="359" T="0" Pressure="0"/>
        <Point X="295" Y="364" T="0" Pressure="0"/>
        <Point X="292" Y="368" T="0" Pressure="0"/>
        <Point X="290" Y="372" T="0" Pressure="0"/>
        <Point X="287" Y="375" T="0" Pressure="0"/>
        <Point X="285" Y="378" T="0" Pressure="0"/>
        <Point X="283" Y="380" T="0" Pressure="0"/>
        <Point X="281" Y="383" T="0" Pressure="0"/>
        <Point X="280" Y="384" T="0" Pressure="0"/>
        <Point X="280" Y="385" T="0" Pressure="0"/>
        <Point X="279" Y="386" T="0" Pressure="0"/>
        <Point X="279" Y="388" T="0" Pressure="0"/>
        <Point X="279" Y="389" T="0" Pressure="0"/>
    </Stroke>
</Gesture>
