<?xml version="1.0" ?>
<Gesture Name="five_point_star~07" Subject="6" Number="7" NumPts="234" InputType="stylus" Speed="MEDIUM">
    <Stroke index="1">
        <Point X="302" Y="348" T="0" Pressure="0"/>
        <Point X="301" Y="348" T="0" Pressure="0"/>
        <Point X="300" Y="348" T="0" Pressure="0"/>
        <Point X="300" Y="347" T="0" Pressure="0"/>
        <Point X="300" Y="346" T="0" Pressure="0"/>
        <Point X="301" Y="345" T="0" Pressure="0"/>
        <Point X="302" Y="343" T="0" Pressure="0"/>
        <Point X="302" Y="341" T="0" Pressure="0"/>
        <Point X="303" Y="339" T="0" Pressure="0"/>
        <Point X="305" Y="335" T="0" Pressure="0"/>
        <Point X="307" Y="332" T="0" Pressure="0"/>
        <Point X="309" Y="327" T="0" Pressure="0"/>
        <Point X="310" Y="324" T="0" Pressure="0"/>
        <Point X="313" Y="320" T="0" Pressure="0"/>
        <Point X="314" Y="315" T="0" Pressure="0"/>
        <Point X="316" Y="309" T="0" Pressure="0"/>
        <Point X="317" Y="304" T="0" Pressure="0"/>
        <Point X="319" Y="299" T="0" Pressure="0"/>
        <Point X="320" Y="294" T="0" Pressure="0"/>
        <Point X="321" Y="288" T="0" Pressure="0"/>
        <Point X="324" Y="277" T="0" Pressure="0"/>
        <Point X="325" Y="271" T="0" Pressure="0"/>
        <Point X="326" Y="265" T="0" Pressure="0"/>
        <Point X="327" Y="259" T="0" Pressure="0"/>
        <Point X="328" Y="252" T="0" Pressure="0"/>
        <Point X="329" Y="247" T="0" Pressure="0"/>
        <Point X="331" Y="240" T="0" Pressure="0"/>
        <Point X="332" Y="234" T="0" Pressure="0"/>
        <Point X="334" Y="227" T="0" Pressure="0"/>
        <Point X="336" Y="222" T="0" Pressure="0"/>
        <Point X="337" Y="217" T="0" Pressure="0"/>
        <Point X="339" Y="211" T="0" Pressure="0"/>
        <Point X="341" Y="206" T="0" Pressure="0"/>
        <Point X="343" Y="202" T="0" Pressure="0"/>
        <Point X="348" Y="190" T="0" Pressure="0"/>
        <Point X="351" Y="186" T="0" Pressure="0"/>
        <Point X="353" Y="182" T="0" Pressure="0"/>
        <Point X="355" Y="179" T="0" Pressure="0"/>
        <Point X="358" Y="176" T="0" Pressure="0"/>
        <Point X="359" Y="173" T="0" Pressure="0"/>
        <Point X="361" Y="171" T="0" Pressure="0"/>
        <Point X="363" Y="169" T="0" Pressure="0"/>
        <Point X="365" Y="166" T="0" Pressure="0"/>
        <Point X="367" Y="165" T="0" Pressure="0"/>
        <Point X="369" Y="162" T="0" Pressure="0"/>
        <Point X="370" Y="161" T="0" Pressure="0"/>
        <Point X="371" Y="161" T="0" Pressure="0"/>
        <Point X="373" Y="160" T="0" Pressure="0"/>
        <Point X="374" Y="160" T="0" Pressure="0"/>
        <Point X="375" Y="160" T="0" Pressure="0"/>
        <Point X="377" Y="160" T="0" Pressure="0"/>
        <Point X="378" Y="161" T="0" Pressure="0"/>
        <Point X="378" Y="163" T="0" Pressure="0"/>
        <Point X="380" Y="165" T="0" Pressure="0"/>
        <Point X="381" Y="167" T="0" Pressure="0"/>
        <Point X="382" Y="170" T="0" Pressure="0"/>
        <Point X="383" Y="173" T="0" Pressure="0"/>
        <Point X="384" Y="177" T="0" Pressure="0"/>
        <Point X="385" Y="180" T="0" Pressure="0"/>
        <Point X="386" Y="184" T="0" Pressure="0"/>
        <Point X="387" Y="190" T="0" Pressure="0"/>
        <Point X="389" Y="195" T="0" Pressure="0"/>
        <Point X="389" Y="200" T="0" Pressure="0"/>
        <Point X="391" Y="204" T="0" Pressure="0"/>
        <Point X="393" Y="210" T="0" Pressure="0"/>
        <Point X="394" Y="216" T="0" Pressure="0"/>
        <Point X="395" Y="222" T="0" Pressure="0"/>
        <Point X="397" Y="229" T="0" Pressure="0"/>
        <Point X="398" Y="234" T="0" Pressure="0"/>
        <Point X="400" Y="241" T="0" Pressure="0"/>
        <Point X="401" Y="247" T="0" Pressure="0"/>
        <Point X="403" Y="254" T="0" Pressure="0"/>
        <Point X="404" Y="261" T="0" Pressure="0"/>
        <Point X="405" Y="268" T="0" Pressure="0"/>
        <Point X="407" Y="274" T="0" Pressure="0"/>
        <Point X="408" Y="280" T="0" Pressure="0"/>
        <Point X="410" Y="286" T="0" Pressure="0"/>
        <Point X="411" Y="292" T="0" Pressure="0"/>
        <Point X="413" Y="299" T="0" Pressure="0"/>
        <Point X="415" Y="304" T="0" Pressure="0"/>
        <Point X="416" Y="310" T="0" Pressure="0"/>
        <Point X="418" Y="315" T="0" Pressure="0"/>
        <Point X="419" Y="320" T="0" Pressure="0"/>
        <Point X="421" Y="325" T="0" Pressure="0"/>
        <Point X="422" Y="329" T="0" Pressure="0"/>
        <Point X="423" Y="334" T="0" Pressure="0"/>
        <Point X="425" Y="338" T="0" Pressure="0"/>
        <Point X="426" Y="341" T="0" Pressure="0"/>
        <Point X="426" Y="344" T="0" Pressure="0"/>
        <Point X="427" Y="347" T="0" Pressure="0"/>
        <Point X="428" Y="350" T="0" Pressure="0"/>
        <Point X="429" Y="352" T="0" Pressure="0"/>
        <Point X="429" Y="353" T="0" Pressure="0"/>
        <Point X="429" Y="355" T="0" Pressure="0"/>
        <Point X="430" Y="356" T="0" Pressure="0"/>
        <Point X="430" Y="357" T="0" Pressure="0"/>
        <Point X="430" Y="358" T="0" Pressure="0"/>
        <Point X="430" Y="359" T="0" Pressure="0"/>
        <Point X="429" Y="359" T="0" Pressure="0"/>
        <Point X="428" Y="359" T="0" Pressure="0"/>
        <Point X="427" Y="359" T="0" Pressure="0"/>
        <Point X="426" Y="359" T="0" Pressure="0"/>
        <Point X="425" Y="359" T="0" Pressure="0"/>
        <Point X="423" Y="359" T="0" Pressure="0"/>
        <Point X="422" Y="358" T="0" Pressure="0"/>
        <Point X="420" Y="357" T="0" Pressure="0"/>
        <Point X="418" Y="355" T="0" Pressure="0"/>
        <Point X="416" Y="354" T="0" Pressure="0"/>
        <Point X="414" Y="351" T="0" Pressure="0"/>
        <Point X="411" Y="350" T="0" Pressure="0"/>
        <Point X="409" Y="347" T="0" Pressure="0"/>
        <Point X="407" Y="345" T="0" Pressure="0"/>
        <Point X="404" Y="341" T="0" Pressure="0"/>
        <Point X="401" Y="339" T="0" Pressure="0"/>
        <Point X="397" Y="335" T="0" Pressure="0"/>
        <Point X="395" Y="331" T="0" Pressure="0"/>
        <Point X="392" Y="328" T="0" Pressure="0"/>
        <Point X="388" Y="325" T="0" Pressure="0"/>
        <Point X="385" Y="322" T="0" Pressure="0"/>
        <Point X="381" Y="318" T="0" Pressure="0"/>
        <Point X="377" Y="314" T="0" Pressure="0"/>
        <Point X="373" Y="310" T="0" Pressure="0"/>
        <Point X="368" Y="306" T="0" Pressure="0"/>
        <Point X="363" Y="302" T="0" Pressure="0"/>
        <Point X="359" Y="299" T="0" Pressure="0"/>
        <Point X="354" Y="296" T="0" Pressure="0"/>
        <Point X="347" Y="291" T="0" Pressure="0"/>
        <Point X="343" Y="289" T="0" Pressure="0"/>
        <Point X="337" Y="285" T="0" Pressure="0"/>
        <Point X="332" Y="283" T="0" Pressure="0"/>
        <Point X="327" Y="280" T="0" Pressure="0"/>
        <Point X="321" Y="277" T="0" Pressure="0"/>
        <Point X="316" Y="275" T="0" Pressure="0"/>
        <Point X="311" Y="274" T="0" Pressure="0"/>
        <Point X="306" Y="272" T="0" Pressure="0"/>
        <Point X="301" Y="271" T="0" Pressure="0"/>
        <Point X="295" Y="269" T="0" Pressure="0"/>
        <Point X="291" Y="268" T="0" Pressure="0"/>
        <Point X="286" Y="266" T="0" Pressure="0"/>
        <Point X="282" Y="266" T="0" Pressure="0"/>
        <Point X="278" Y="265" T="0" Pressure="0"/>
        <Point X="271" Y="264" T="0" Pressure="0"/>
        <Point X="268" Y="264" T="0" Pressure="0"/>
        <Point X="265" Y="264" T="0" Pressure="0"/>
        <Point X="263" Y="263" T="0" Pressure="0"/>
        <Point X="261" Y="263" T="0" Pressure="0"/>
        <Point X="260" Y="263" T="0" Pressure="0"/>
        <Point X="258" Y="262" T="0" Pressure="0"/>
        <Point X="257" Y="262" T="0" Pressure="0"/>
        <Point X="258" Y="262" T="0" Pressure="0"/>
        <Point X="259" Y="262" T="0" Pressure="0"/>
        <Point X="261" Y="261" T="0" Pressure="0"/>
        <Point X="266" Y="260" T="0" Pressure="0"/>
        <Point X="270" Y="259" T="0" Pressure="0"/>
        <Point X="274" Y="259" T="0" Pressure="0"/>
        <Point X="279" Y="258" T="0" Pressure="0"/>
        <Point X="283" Y="256" T="0" Pressure="0"/>
        <Point X="290" Y="255" T="0" Pressure="0"/>
        <Point X="295" Y="254" T="0" Pressure="0"/>
        <Point X="301" Y="253" T="0" Pressure="0"/>
        <Point X="307" Y="252" T="0" Pressure="0"/>
        <Point X="314" Y="250" T="0" Pressure="0"/>
        <Point X="321" Y="248" T="0" Pressure="0"/>
        <Point X="329" Y="246" T="0" Pressure="0"/>
        <Point X="336" Y="245" T="0" Pressure="0"/>
        <Point X="352" Y="241" T="0" Pressure="0"/>
        <Point X="366" Y="237" T="0" Pressure="0"/>
        <Point X="381" Y="234" T="0" Pressure="0"/>
        <Point X="388" Y="232" T="0" Pressure="0"/>
        <Point X="394" Y="231" T="0" Pressure="0"/>
        <Point X="400" Y="229" T="0" Pressure="0"/>
        <Point X="407" Y="228" T="0" Pressure="0"/>
        <Point X="413" Y="227" T="0" Pressure="0"/>
        <Point X="418" Y="226" T="0" Pressure="0"/>
        <Point X="423" Y="225" T="0" Pressure="0"/>
        <Point X="427" Y="224" T="0" Pressure="0"/>
        <Point X="431" Y="222" T="0" Pressure="0"/>
        <Point X="435" Y="222" T="0" Pressure="0"/>
        <Point X="439" Y="222" T="0" Pressure="0"/>
        <Point X="442" Y="221" T="0" Pressure="0"/>
        <Point X="445" Y="221" T="0" Pressure="0"/>
        <Point X="446" Y="221" T="0" Pressure="0"/>
        <Point X="448" Y="220" T="0" Pressure="0"/>
        <Point X="449" Y="220" T="0" Pressure="0"/>
        <Point X="450" Y="220" T="0" Pressure="0"/>
        <Point X="450" Y="221" T="0" Pressure="0"/>
        <Point X="449" Y="222" T="0" Pressure="0"/>
        <Point X="448" Y="223" T="0" Pressure="0"/>
        <Point X="446" Y="224" T="0" Pressure="0"/>
        <Point X="444" Y="226" T="0" Pressure="0"/>
        <Point X="441" Y="228" T="0" Pressure="0"/>
        <Point X="437" Y="230" T="0" Pressure="0"/>
        <Point X="433" Y="232" T="0" Pressure="0"/>
        <Point X="430" Y="234" T="0" Pressure="0"/>
        <Point X="425" Y="237" T="0" Pressure="0"/>
        <Point X="420" Y="240" T="0" Pressure="0"/>
        <Point X="416" Y="242" T="0" Pressure="0"/>
        <Point X="411" Y="245" T="0" Pressure="0"/>
        <Point X="404" Y="249" T="0" Pressure="0"/>
        <Point X="400" Y="252" T="0" Pressure="0"/>
        <Point X="393" Y="255" T="0" Pressure="0"/>
        <Point X="387" Y="259" T="0" Pressure="0"/>
        <Point X="381" Y="264" T="0" Pressure="0"/>
        <Point X="374" Y="268" T="0" Pressure="0"/>
        <Point X="367" Y="273" T="0" Pressure="0"/>
        <Point X="362" Y="277" T="0" Pressure="0"/>
        <Point X="356" Y="281" T="0" Pressure="0"/>
        <Point X="351" Y="286" T="0" Pressure="0"/>
        <Point X="346" Y="291" T="0" Pressure="0"/>
        <Point X="341" Y="296" T="0" Pressure="0"/>
        <Point X="336" Y="301" T="0" Pressure="0"/>
        <Point X="332" Y="305" T="0" Pressure="0"/>
        <Point X="328" Y="309" T="0" Pressure="0"/>
        <Point X="320" Y="318" T="0" Pressure="0"/>
        <Point X="316" Y="322" T="0" Pressure="0"/>
        <Point X="312" Y="326" T="0" Pressure="0"/>
        <Point X="306" Y="332" T="0" Pressure="0"/>
        <Point X="302" Y="335" T="0" Pressure="0"/>
        <Point X="299" Y="338" T="0" Pressure="0"/>
        <Point X="296" Y="340" T="0" Pressure="0"/>
        <Point X="294" Y="343" T="0" Pressure="0"/>
        <Point X="291" Y="345" T="0" Pressure="0"/>
        <Point X="290" Y="347" T="0" Pressure="0"/>
        <Point X="287" Y="349" T="0" Pressure="0"/>
        <Point X="286" Y="351" T="0" Pressure="0"/>
        <Point X="284" Y="351" T="0" Pressure="0"/>
        <Point X="283" Y="352" T="0" Pressure="0"/>
        <Point X="283" Y="353" T="0" Pressure="0"/>
        <Point X="283" Y="354" T="0" Pressure="0"/>
        <Point X="284" Y="354" T="0" Pressure="0"/>
        <Point X="286" Y="353" T="0" Pressure="0"/>
        <Point X="287" Y="352" T="0" Pressure="0"/>
        <Point X="288" Y="351" T="0" Pressure="0"/>
        <Point X="290" Y="350" T="0" Pressure="0"/>
    </Stroke>
</Gesture>
