<?xml version="1.0" ?>
<Gesture Name="X~06" Subject="6" Number="6" NumPts="84" InputType="stylus" Speed="MEDIUM">
    <Stroke index="1">
        <Point X="296" Y="203" T="0" Pressure="0"/>
        <Point X="296" Y="204" T="0" Pressure="0"/>
        <Point X="297" Y="204" T="0" Pressure="0"/>
        <Point X="298" Y="204" T="0" Pressure="0"/>
        <Point X="299" Y="205" T="0" Pressure="0"/>
        <Point X="301" Y="206" T="0" Pressure="0"/>
        <Point X="302" Y="207" T="0" Pressure="0"/>
        <Point X="305" Y="209" T="0" Pressure="0"/>
        <Point X="307" Y="211" T="0" Pressure="0"/>
        <Point X="314" Y="217" T="0" Pressure="0"/>
        <Point X="317" Y="221" T="0" Pressure="0"/>
        <Point X="321" Y="224" T="0" Pressure="0"/>
        <Point X="325" Y="227" T="0" Pressure="0"/>
        <Point X="329" Y="231" T="0" Pressure="0"/>
        <Point X="332" Y="234" T="0" Pressure="0"/>
        <Point X="337" Y="239" T="0" Pressure="0"/>
        <Point X="341" Y="243" T="0" Pressure="0"/>
        <Point X="345" Y="247" T="0" Pressure="0"/>
        <Point X="350" Y="251" T="0" Pressure="0"/>
        <Point X="354" Y="255" T="0" Pressure="0"/>
        <Point X="359" Y="259" T="0" Pressure="0"/>
        <Point X="362" Y="264" T="0" Pressure="0"/>
        <Point X="367" Y="269" T="0" Pressure="0"/>
        <Point X="372" Y="273" T="0" Pressure="0"/>
        <Point X="376" Y="277" T="0" Pressure="0"/>
        <Point X="381" Y="282" T="0" Pressure="0"/>
        <Point X="385" Y="286" T="0" Pressure="0"/>
        <Point X="389" Y="291" T="0" Pressure="0"/>
        <Point X="394" Y="296" T="0" Pressure="0"/>
        <Point X="398" Y="300" T="0" Pressure="0"/>
        <Point X="402" Y="303" T="0" Pressure="0"/>
        <Point X="406" Y="307" T="0" Pressure="0"/>
        <Point X="414" Y="315" T="0" Pressure="0"/>
        <Point X="418" Y="320" T="0" Pressure="0"/>
        <Point X="420" Y="324" T="0" Pressure="0"/>
        <Point X="424" Y="327" T="0" Pressure="0"/>
        <Point X="427" Y="330" T="0" Pressure="0"/>
        <Point X="430" Y="334" T="0" Pressure="0"/>
        <Point X="433" Y="337" T="0" Pressure="0"/>
        <Point X="438" Y="343" T="0" Pressure="0"/>
        <Point X="441" Y="345" T="0" Pressure="0"/>
        <Point X="443" Y="347" T="0" Pressure="0"/>
        <Point X="445" Y="349" T="0" Pressure="0"/>
        <Point X="448" Y="351" T="0" Pressure="0"/>
        <Point X="449" Y="352" T="0" Pressure="0"/>
    </Stroke>
    <Stroke index="2">
        <Point X="408" Y="202" T="0" Pressure="0"/>
        <Point X="405" Y="203" T="0" Pressure="0"/>
        <Point X="404" Y="205" T="0" Pressure="0"/>
        <Point X="401" Y="207" T="0" Pressure="0"/>
        <Point X="397" Y="211" T="0" Pressure="0"/>
        <Point X="396" Y="214" T="0" Pressure="0"/>
        <Point X="393" Y="217" T="0" Pressure="0"/>
        <Point X="390" Y="222" T="0" Pressure="0"/>
        <Point X="387" Y="226" T="0" Pressure="0"/>
        <Point X="384" Y="230" T="0" Pressure="0"/>
        <Point X="381" Y="235" T="0" Pressure="0"/>
        <Point X="378" Y="240" T="0" Pressure="0"/>
        <Point X="374" Y="245" T="0" Pressure="0"/>
        <Point X="370" Y="251" T="0" Pressure="0"/>
        <Point X="367" Y="255" T="0" Pressure="0"/>
        <Point X="364" Y="260" T="0" Pressure="0"/>
        <Point X="361" Y="266" T="0" Pressure="0"/>
        <Point X="358" Y="271" T="0" Pressure="0"/>
        <Point X="355" Y="276" T="0" Pressure="0"/>
        <Point X="351" Y="282" T="0" Pressure="0"/>
        <Point X="348" Y="287" T="0" Pressure="0"/>
        <Point X="345" Y="292" T="0" Pressure="0"/>
        <Point X="342" Y="297" T="0" Pressure="0"/>
        <Point X="339" Y="302" T="0" Pressure="0"/>
        <Point X="336" Y="307" T="0" Pressure="0"/>
        <Point X="333" Y="312" T="0" Pressure="0"/>
        <Point X="331" Y="316" T="0" Pressure="0"/>
        <Point X="328" Y="321" T="0" Pressure="0"/>
        <Point X="325" Y="325" T="0" Pressure="0"/>
        <Point X="324" Y="329" T="0" Pressure="0"/>
        <Point X="319" Y="336" T="0" Pressure="0"/>
        <Point X="317" Y="340" T="0" Pressure="0"/>
        <Point X="316" Y="343" T="0" Pressure="0"/>
        <Point X="314" Y="346" T="0" Pressure="0"/>
        <Point X="313" Y="349" T="0" Pressure="0"/>
        <Point X="311" Y="351" T="0" Pressure="0"/>
        <Point X="310" Y="354" T="0" Pressure="0"/>
        <Point X="309" Y="359" T="0" Pressure="0"/>
        <Point X="308" Y="360" T="0" Pressure="0"/>
    </Stroke>
</Gesture>
