<?xml version="1.0" ?>
<Gesture Name="pitchfork~03" Subject="6" Number="3" NumPts="114" InputType="stylus" Speed="MEDIUM">
    <Stroke index="1">
        <Point X="281" Y="81" T="0" Pressure="0"/>
        <Point X="279" Y="81" T="0" Pressure="0"/>
        <Point X="277" Y="83" T="0" Pressure="0"/>
        <Point X="276" Y="85" T="0" Pressure="0"/>
        <Point X="276" Y="87" T="0" Pressure="0"/>
        <Point X="276" Y="91" T="0" Pressure="0"/>
        <Point X="276" Y="96" T="0" Pressure="0"/>
        <Point X="276" Y="101" T="0" Pressure="0"/>
        <Point X="277" Y="106" T="0" Pressure="0"/>
        <Point X="279" Y="119" T="0" Pressure="0"/>
        <Point X="280" Y="124" T="0" Pressure="0"/>
        <Point X="280" Y="129" T="0" Pressure="0"/>
        <Point X="281" Y="135" T="0" Pressure="0"/>
        <Point X="283" Y="142" T="0" Pressure="0"/>
        <Point X="284" Y="148" T="0" Pressure="0"/>
        <Point X="286" Y="155" T="0" Pressure="0"/>
        <Point X="288" Y="168" T="0" Pressure="0"/>
        <Point X="290" Y="175" T="0" Pressure="0"/>
        <Point X="291" Y="181" T="0" Pressure="0"/>
        <Point X="294" Y="187" T="0" Pressure="0"/>
        <Point X="300" Y="205" T="0" Pressure="0"/>
        <Point X="305" Y="216" T="0" Pressure="0"/>
        <Point X="307" Y="222" T="0" Pressure="0"/>
        <Point X="310" Y="227" T="0" Pressure="0"/>
        <Point X="314" Y="231" T="0" Pressure="0"/>
        <Point X="317" Y="235" T="0" Pressure="0"/>
        <Point X="320" Y="239" T="0" Pressure="0"/>
        <Point X="323" Y="243" T="0" Pressure="0"/>
        <Point X="331" Y="250" T="0" Pressure="0"/>
        <Point X="334" Y="252" T="0" Pressure="0"/>
        <Point X="338" Y="254" T="0" Pressure="0"/>
        <Point X="341" Y="256" T="0" Pressure="0"/>
        <Point X="355" Y="259" T="0" Pressure="0"/>
        <Point X="363" Y="259" T="0" Pressure="0"/>
        <Point X="367" Y="258" T="0" Pressure="0"/>
        <Point X="373" Y="256" T="0" Pressure="0"/>
        <Point X="377" Y="255" T="0" Pressure="0"/>
        <Point X="382" Y="253" T="0" Pressure="0"/>
        <Point X="386" Y="251" T="0" Pressure="0"/>
        <Point X="391" Y="248" T="0" Pressure="0"/>
        <Point X="395" Y="245" T="0" Pressure="0"/>
        <Point X="400" Y="242" T="0" Pressure="0"/>
        <Point X="404" Y="238" T="0" Pressure="0"/>
        <Point X="408" Y="233" T="0" Pressure="0"/>
        <Point X="411" Y="228" T="0" Pressure="0"/>
        <Point X="415" Y="223" T="0" Pressure="0"/>
        <Point X="419" Y="217" T="0" Pressure="0"/>
        <Point X="422" Y="211" T="0" Pressure="0"/>
        <Point X="429" Y="197" T="0" Pressure="0"/>
        <Point X="434" Y="184" T="0" Pressure="0"/>
        <Point X="438" Y="171" T="0" Pressure="0"/>
        <Point X="439" Y="166" T="0" Pressure="0"/>
        <Point X="441" Y="160" T="0" Pressure="0"/>
        <Point X="444" Y="151" T="0" Pressure="0"/>
        <Point X="445" Y="142" T="0" Pressure="0"/>
        <Point X="446" Y="135" T="0" Pressure="0"/>
        <Point X="446" Y="131" T="0" Pressure="0"/>
        <Point X="447" Y="128" T="0" Pressure="0"/>
        <Point X="447" Y="123" T="0" Pressure="0"/>
        <Point X="446" Y="121" T="0" Pressure="0"/>
        <Point X="446" Y="118" T="0" Pressure="0"/>
        <Point X="445" Y="116" T="0" Pressure="0"/>
        <Point X="445" Y="114" T="0" Pressure="0"/>
        <Point X="444" Y="110" T="0" Pressure="0"/>
        <Point X="441" Y="107" T="0" Pressure="0"/>
        <Point X="441" Y="106" T="0" Pressure="0"/>
        <Point X="439" Y="105" T="0" Pressure="0"/>
        <Point X="438" Y="104" T="0" Pressure="0"/>
    </Stroke>
    <Stroke index="2">
        <Point X="371" Y="86" T="0" Pressure="0"/>
        <Point X="369" Y="82" T="0" Pressure="0"/>
        <Point X="369" Y="83" T="0" Pressure="0"/>
        <Point X="369" Y="85" T="0" Pressure="0"/>
        <Point X="368" Y="90" T="0" Pressure="0"/>
        <Point X="367" Y="94" T="0" Pressure="0"/>
        <Point X="367" Y="97" T="0" Pressure="0"/>
        <Point X="366" Y="102" T="0" Pressure="0"/>
        <Point X="366" Y="108" T="0" Pressure="0"/>
        <Point X="365" Y="115" T="0" Pressure="0"/>
        <Point X="364" Y="122" T="0" Pressure="0"/>
        <Point X="363" Y="130" T="0" Pressure="0"/>
        <Point X="362" Y="139" T="0" Pressure="0"/>
        <Point X="361" Y="148" T="0" Pressure="0"/>
        <Point X="360" Y="157" T="0" Pressure="0"/>
        <Point X="359" Y="167" T="0" Pressure="0"/>
        <Point X="358" Y="187" T="0" Pressure="0"/>
        <Point X="356" Y="197" T="0" Pressure="0"/>
        <Point X="355" Y="208" T="0" Pressure="0"/>
        <Point X="355" Y="230" T="0" Pressure="0"/>
        <Point X="354" Y="240" T="0" Pressure="0"/>
        <Point X="354" Y="250" T="0" Pressure="0"/>
        <Point X="353" Y="260" T="0" Pressure="0"/>
        <Point X="352" Y="270" T="0" Pressure="0"/>
        <Point X="351" Y="287" T="0" Pressure="0"/>
        <Point X="351" Y="295" T="0" Pressure="0"/>
        <Point X="351" Y="302" T="0" Pressure="0"/>
        <Point X="350" Y="310" T="0" Pressure="0"/>
        <Point X="349" Y="318" T="0" Pressure="0"/>
        <Point X="348" Y="325" T="0" Pressure="0"/>
        <Point X="347" Y="331" T="0" Pressure="0"/>
        <Point X="347" Y="337" T="0" Pressure="0"/>
        <Point X="345" Y="343" T="0" Pressure="0"/>
        <Point X="344" Y="348" T="0" Pressure="0"/>
        <Point X="344" Y="352" T="0" Pressure="0"/>
        <Point X="343" Y="357" T="0" Pressure="0"/>
        <Point X="342" Y="361" T="0" Pressure="0"/>
        <Point X="341" Y="364" T="0" Pressure="0"/>
        <Point X="340" Y="367" T="0" Pressure="0"/>
        <Point X="340" Y="370" T="0" Pressure="0"/>
        <Point X="339" Y="372" T="0" Pressure="0"/>
        <Point X="339" Y="374" T="0" Pressure="0"/>
        <Point X="338" Y="375" T="0" Pressure="0"/>
        <Point X="338" Y="376" T="0" Pressure="0"/>
        <Point X="339" Y="375" T="0" Pressure="0"/>
        <Point X="339" Y="373" T="0" Pressure="0"/>
    </Stroke>
</Gesture>
