<?xml version="1.0" ?>
<Gesture Name="pitchfork~05" Subject="6" Number="5" NumPts="144" InputType="stylus" Speed="MEDIUM">
    <Stroke index="1">
        <Point X="276" Y="60" T="0" Pressure="0"/>
        <Point X="276" Y="61" T="0" Pressure="0"/>
        <Point X="275" Y="61" T="0" Pressure="0"/>
        <Point X="274" Y="62" T="0" Pressure="0"/>
        <Point X="274" Y="64" T="0" Pressure="0"/>
        <Point X="274" Y="65" T="0" Pressure="0"/>
        <Point X="274" Y="66" T="0" Pressure="0"/>
        <Point X="274" Y="69" T="0" Pressure="0"/>
        <Point X="274" Y="71" T="0" Pressure="0"/>
        <Point X="274" Y="74" T="0" Pressure="0"/>
        <Point X="274" Y="77" T="0" Pressure="0"/>
        <Point X="274" Y="80" T="0" Pressure="0"/>
        <Point X="275" Y="84" T="0" Pressure="0"/>
        <Point X="275" Y="87" T="0" Pressure="0"/>
        <Point X="276" Y="91" T="0" Pressure="0"/>
        <Point X="276" Y="96" T="0" Pressure="0"/>
        <Point X="276" Y="100" T="0" Pressure="0"/>
        <Point X="277" Y="104" T="0" Pressure="0"/>
        <Point X="277" Y="110" T="0" Pressure="0"/>
        <Point X="278" Y="114" T="0" Pressure="0"/>
        <Point X="279" Y="119" T="0" Pressure="0"/>
        <Point X="280" Y="124" T="0" Pressure="0"/>
        <Point X="281" Y="128" T="0" Pressure="0"/>
        <Point X="282" Y="134" T="0" Pressure="0"/>
        <Point X="283" Y="140" T="0" Pressure="0"/>
        <Point X="284" Y="145" T="0" Pressure="0"/>
        <Point X="286" Y="150" T="0" Pressure="0"/>
        <Point X="288" Y="155" T="0" Pressure="0"/>
        <Point X="290" Y="160" T="0" Pressure="0"/>
        <Point X="291" Y="166" T="0" Pressure="0"/>
        <Point X="294" Y="172" T="0" Pressure="0"/>
        <Point X="296" Y="176" T="0" Pressure="0"/>
        <Point X="299" Y="181" T="0" Pressure="0"/>
        <Point X="301" Y="186" T="0" Pressure="0"/>
        <Point X="304" Y="191" T="0" Pressure="0"/>
        <Point X="307" Y="196" T="0" Pressure="0"/>
        <Point X="310" Y="201" T="0" Pressure="0"/>
        <Point X="313" Y="204" T="0" Pressure="0"/>
        <Point X="316" Y="209" T="0" Pressure="0"/>
        <Point X="320" Y="212" T="0" Pressure="0"/>
        <Point X="322" Y="215" T="0" Pressure="0"/>
        <Point X="326" Y="218" T="0" Pressure="0"/>
        <Point X="330" Y="221" T="0" Pressure="0"/>
        <Point X="333" Y="223" T="0" Pressure="0"/>
        <Point X="337" Y="225" T="0" Pressure="0"/>
        <Point X="341" Y="227" T="0" Pressure="0"/>
        <Point X="344" Y="227" T="0" Pressure="0"/>
        <Point X="353" Y="229" T="0" Pressure="0"/>
        <Point X="357" Y="230" T="0" Pressure="0"/>
        <Point X="361" Y="230" T="0" Pressure="0"/>
        <Point X="369" Y="230" T="0" Pressure="0"/>
        <Point X="374" Y="229" T="0" Pressure="0"/>
        <Point X="378" Y="228" T="0" Pressure="0"/>
        <Point X="381" Y="227" T="0" Pressure="0"/>
        <Point X="385" Y="225" T="0" Pressure="0"/>
        <Point X="389" Y="223" T="0" Pressure="0"/>
        <Point X="393" Y="221" T="0" Pressure="0"/>
        <Point X="397" Y="218" T="0" Pressure="0"/>
        <Point X="401" Y="215" T="0" Pressure="0"/>
        <Point X="404" Y="212" T="0" Pressure="0"/>
        <Point X="407" Y="209" T="0" Pressure="0"/>
        <Point X="410" Y="205" T="0" Pressure="0"/>
        <Point X="412" Y="202" T="0" Pressure="0"/>
        <Point X="415" Y="197" T="0" Pressure="0"/>
        <Point X="418" Y="192" T="0" Pressure="0"/>
        <Point X="425" Y="175" T="0" Pressure="0"/>
        <Point X="427" Y="169" T="0" Pressure="0"/>
        <Point X="429" Y="162" T="0" Pressure="0"/>
        <Point X="431" Y="155" T="0" Pressure="0"/>
        <Point X="433" Y="149" T="0" Pressure="0"/>
        <Point X="434" Y="143" T="0" Pressure="0"/>
        <Point X="435" Y="137" T="0" Pressure="0"/>
        <Point X="437" Y="131" T="0" Pressure="0"/>
        <Point X="438" Y="126" T="0" Pressure="0"/>
        <Point X="439" Y="120" T="0" Pressure="0"/>
        <Point X="439" Y="116" T="0" Pressure="0"/>
        <Point X="440" Y="111" T="0" Pressure="0"/>
        <Point X="440" Y="108" T="0" Pressure="0"/>
        <Point X="440" Y="104" T="0" Pressure="0"/>
        <Point X="439" Y="99" T="0" Pressure="0"/>
        <Point X="439" Y="96" T="0" Pressure="0"/>
        <Point X="438" Y="94" T="0" Pressure="0"/>
        <Point X="438" Y="92" T="0" Pressure="0"/>
        <Point X="437" Y="90" T="0" Pressure="0"/>
        <Point X="435" Y="89" T="0" Pressure="0"/>
        <Point X="434" Y="86" T="0" Pressure="0"/>
        <Point X="434" Y="85" T="0" Pressure="0"/>
        <Point X="432" Y="84" T="0" Pressure="0"/>
        <Point X="430" Y="83" T="0" Pressure="0"/>
        <Point X="429" Y="82" T="0" Pressure="0"/>
        <Point X="426" Y="81" T="0" Pressure="0"/>
    </Stroke>
    <Stroke index="2">
        <Point X="348" Y="59" T="0" Pressure="0"/>
        <Point X="348" Y="58" T="0" Pressure="0"/>
        <Point X="347" Y="58" T="0" Pressure="0"/>
        <Point X="347" Y="59" T="0" Pressure="0"/>
        <Point X="347" Y="60" T="0" Pressure="0"/>
        <Point X="347" Y="62" T="0" Pressure="0"/>
        <Point X="347" Y="65" T="0" Pressure="0"/>
        <Point X="348" Y="69" T="0" Pressure="0"/>
        <Point X="348" Y="72" T="0" Pressure="0"/>
        <Point X="348" Y="77" T="0" Pressure="0"/>
        <Point X="348" Y="83" T="0" Pressure="0"/>
        <Point X="348" Y="89" T="0" Pressure="0"/>
        <Point X="348" Y="95" T="0" Pressure="0"/>
        <Point X="348" Y="107" T="0" Pressure="0"/>
        <Point X="348" Y="114" T="0" Pressure="0"/>
        <Point X="348" Y="122" T="0" Pressure="0"/>
        <Point X="348" Y="128" T="0" Pressure="0"/>
        <Point X="347" Y="151" T="0" Pressure="0"/>
        <Point X="347" Y="160" T="0" Pressure="0"/>
        <Point X="347" Y="169" T="0" Pressure="0"/>
        <Point X="347" Y="177" T="0" Pressure="0"/>
        <Point X="347" Y="185" T="0" Pressure="0"/>
        <Point X="347" Y="194" T="0" Pressure="0"/>
        <Point X="348" Y="202" T="0" Pressure="0"/>
        <Point X="348" Y="210" T="0" Pressure="0"/>
        <Point X="348" Y="220" T="0" Pressure="0"/>
        <Point X="348" Y="235" T="0" Pressure="0"/>
        <Point X="349" Y="243" T="0" Pressure="0"/>
        <Point X="349" Y="251" T="0" Pressure="0"/>
        <Point X="349" Y="259" T="0" Pressure="0"/>
        <Point X="349" Y="274" T="0" Pressure="0"/>
        <Point X="350" Y="281" T="0" Pressure="0"/>
        <Point X="350" Y="288" T="0" Pressure="0"/>
        <Point X="350" Y="295" T="0" Pressure="0"/>
        <Point X="350" Y="302" T="0" Pressure="0"/>
        <Point X="350" Y="309" T="0" Pressure="0"/>
        <Point X="350" Y="314" T="0" Pressure="0"/>
        <Point X="350" Y="320" T="0" Pressure="0"/>
        <Point X="350" Y="325" T="0" Pressure="0"/>
        <Point X="350" Y="330" T="0" Pressure="0"/>
        <Point X="350" Y="334" T="0" Pressure="0"/>
        <Point X="350" Y="339" T="0" Pressure="0"/>
        <Point X="350" Y="341" T="0" Pressure="0"/>
        <Point X="350" Y="345" T="0" Pressure="0"/>
        <Point X="350" Y="347" T="0" Pressure="0"/>
        <Point X="350" Y="349" T="0" Pressure="0"/>
        <Point X="350" Y="351" T="0" Pressure="0"/>
        <Point X="350" Y="352" T="0" Pressure="0"/>
        <Point X="351" Y="352" T="0" Pressure="0"/>
        <Point X="352" Y="351" T="0" Pressure="0"/>
        <Point X="353" Y="351" T="0" Pressure="0"/>
        <Point X="354" Y="350" T="0" Pressure="0"/>
        <Point X="355" Y="348" T="0" Pressure="0"/>
    </Stroke>
</Gesture>
