<?xml version="1.0" ?>
<Gesture Name="H~04" Subject="6" Number="4" NumPts="115" InputType="stylus" Speed="MEDIUM">
    <Stroke index="1">
        <Point X="310" Y="91" T="0" Pressure="0"/>
        <Point X="309" Y="91" T="0" Pressure="0"/>
        <Point X="309" Y="92" T="0" Pressure="0"/>
        <Point X="309" Y="93" T="0" Pressure="0"/>
        <Point X="309" Y="95" T="0" Pressure="0"/>
        <Point X="309" Y="98" T="0" Pressure="0"/>
        <Point X="309" Y="102" T="0" Pressure="0"/>
        <Point X="309" Y="107" T="0" Pressure="0"/>
        <Point X="309" Y="114" T="0" Pressure="0"/>
        <Point X="309" Y="128" T="0" Pressure="0"/>
        <Point X="309" Y="136" T="0" Pressure="0"/>
        <Point X="309" Y="144" T="0" Pressure="0"/>
        <Point X="309" Y="152" T="0" Pressure="0"/>
        <Point X="309" Y="161" T="0" Pressure="0"/>
        <Point X="309" Y="170" T="0" Pressure="0"/>
        <Point X="309" Y="177" T="0" Pressure="0"/>
        <Point X="309" Y="186" T="0" Pressure="0"/>
        <Point X="309" Y="196" T="0" Pressure="0"/>
        <Point X="310" Y="204" T="0" Pressure="0"/>
        <Point X="310" Y="214" T="0" Pressure="0"/>
        <Point X="310" Y="230" T="0" Pressure="0"/>
        <Point X="311" Y="239" T="0" Pressure="0"/>
        <Point X="311" Y="247" T="0" Pressure="0"/>
        <Point X="312" Y="261" T="0" Pressure="0"/>
        <Point X="313" Y="266" T="0" Pressure="0"/>
        <Point X="313" Y="272" T="0" Pressure="0"/>
        <Point X="313" Y="281" T="0" Pressure="0"/>
        <Point X="313" Y="285" T="0" Pressure="0"/>
        <Point X="313" Y="289" T="0" Pressure="0"/>
        <Point X="313" Y="291" T="0" Pressure="0"/>
        <Point X="313" Y="294" T="0" Pressure="0"/>
        <Point X="313" Y="296" T="0" Pressure="0"/>
        <Point X="313" Y="299" T="0" Pressure="0"/>
        <Point X="313" Y="301" T="0" Pressure="0"/>
        <Point X="313" Y="302" T="0" Pressure="0"/>
        <Point X="313" Y="303" T="0" Pressure="0"/>
        <Point X="313" Y="304" T="0" Pressure="0"/>
        <Point X="313" Y="303" T="0" Pressure="0"/>
        <Point X="314" Y="302" T="0" Pressure="0"/>
    </Stroke>
    <Stroke index="2">
        <Point X="317" Y="196" T="0" Pressure="0"/>
        <Point X="317" Y="195" T="0" Pressure="0"/>
        <Point X="318" Y="195" T="0" Pressure="0"/>
        <Point X="319" Y="194" T="0" Pressure="0"/>
        <Point X="321" Y="194" T="0" Pressure="0"/>
        <Point X="322" Y="194" T="0" Pressure="0"/>
        <Point X="325" Y="194" T="0" Pressure="0"/>
        <Point X="327" Y="194" T="0" Pressure="0"/>
        <Point X="331" Y="194" T="0" Pressure="0"/>
        <Point X="335" Y="193" T="0" Pressure="0"/>
        <Point X="339" Y="193" T="0" Pressure="0"/>
        <Point X="343" Y="192" T="0" Pressure="0"/>
        <Point X="347" Y="192" T="0" Pressure="0"/>
        <Point X="352" Y="191" T="0" Pressure="0"/>
        <Point X="363" Y="190" T="0" Pressure="0"/>
        <Point X="369" Y="189" T="0" Pressure="0"/>
        <Point X="374" Y="188" T="0" Pressure="0"/>
        <Point X="384" Y="186" T="0" Pressure="0"/>
        <Point X="389" Y="185" T="0" Pressure="0"/>
        <Point X="395" Y="184" T="0" Pressure="0"/>
        <Point X="404" Y="183" T="0" Pressure="0"/>
        <Point X="408" Y="182" T="0" Pressure="0"/>
        <Point X="412" Y="181" T="0" Pressure="0"/>
        <Point X="420" Y="180" T="0" Pressure="0"/>
        <Point X="427" Y="179" T="0" Pressure="0"/>
        <Point X="433" Y="178" T="0" Pressure="0"/>
        <Point X="435" Y="178" T="0" Pressure="0"/>
        <Point X="438" Y="177" T="0" Pressure="0"/>
        <Point X="441" Y="177" T="0" Pressure="0"/>
        <Point X="442" Y="177" T="0" Pressure="0"/>
        <Point X="444" Y="176" T="0" Pressure="0"/>
    </Stroke>
    <Stroke index="3">
        <Point X="438" Y="91" T="0" Pressure="0"/>
        <Point X="438" Y="89" T="0" Pressure="0"/>
        <Point X="437" Y="86" T="0" Pressure="0"/>
        <Point X="437" Y="85" T="0" Pressure="0"/>
        <Point X="438" Y="82" T="0" Pressure="0"/>
        <Point X="438" Y="83" T="0" Pressure="0"/>
        <Point X="439" Y="84" T="0" Pressure="0"/>
        <Point X="440" Y="88" T="0" Pressure="0"/>
        <Point X="440" Y="91" T="0" Pressure="0"/>
        <Point X="441" Y="94" T="0" Pressure="0"/>
        <Point X="441" Y="101" T="0" Pressure="0"/>
        <Point X="441" Y="105" T="0" Pressure="0"/>
        <Point X="441" Y="110" T="0" Pressure="0"/>
        <Point X="441" Y="116" T="0" Pressure="0"/>
        <Point X="441" Y="122" T="0" Pressure="0"/>
        <Point X="440" Y="137" T="0" Pressure="0"/>
        <Point X="440" Y="145" T="0" Pressure="0"/>
        <Point X="440" Y="162" T="0" Pressure="0"/>
        <Point X="440" Y="170" T="0" Pressure="0"/>
        <Point X="440" Y="184" T="0" Pressure="0"/>
        <Point X="441" Y="192" T="0" Pressure="0"/>
        <Point X="441" Y="200" T="0" Pressure="0"/>
        <Point X="441" Y="208" T="0" Pressure="0"/>
        <Point X="441" Y="215" T="0" Pressure="0"/>
        <Point X="441" Y="222" T="0" Pressure="0"/>
        <Point X="441" Y="229" T="0" Pressure="0"/>
        <Point X="442" Y="237" T="0" Pressure="0"/>
        <Point X="442" Y="245" T="0" Pressure="0"/>
        <Point X="442" Y="259" T="0" Pressure="0"/>
        <Point X="442" Y="270" T="0" Pressure="0"/>
        <Point X="442" Y="275" T="0" Pressure="0"/>
        <Point X="442" Y="279" T="0" Pressure="0"/>
        <Point X="442" Y="284" T="0" Pressure="0"/>
        <Point X="443" Y="286" T="0" Pressure="0"/>
        <Point X="444" Y="289" T="0" Pressure="0"/>
        <Point X="444" Y="291" T="0" Pressure="0"/>
        <Point X="444" Y="293" T="0" Pressure="0"/>
        <Point X="445" Y="295" T="0" Pressure="0"/>
        <Point X="445" Y="298" T="0" Pressure="0"/>
        <Point X="445" Y="299" T="0" Pressure="0"/>
        <Point X="446" Y="300" T="0" Pressure="0"/>
        <Point X="447" Y="300" T="0" Pressure="0"/>
        <Point X="448" Y="300" T="0" Pressure="0"/>
        <Point X="449" Y="300" T="0" Pressure="0"/>
        <Point X="449" Y="299" T="0" Pressure="0"/>
    </Stroke>
</Gesture>
