<?xml version="1.0" ?>
<Gesture Name="asterisk~02" Subject="6" Number="2" NumPts="153" InputType="stylus" Speed="MEDIUM">
    <Stroke index="1">
        <Point X="395" Y="85" T="0" Pressure="0"/>
        <Point X="394" Y="85" T="0" Pressure="0"/>
        <Point X="393" Y="85" T="0" Pressure="0"/>
        <Point X="393" Y="87" T="0" Pressure="0"/>
        <Point X="393" Y="89" T="0" Pressure="0"/>
        <Point X="393" Y="91" T="0" Pressure="0"/>
        <Point X="393" Y="96" T="0" Pressure="0"/>
        <Point X="392" Y="101" T="0" Pressure="0"/>
        <Point X="392" Y="106" T="0" Pressure="0"/>
        <Point X="392" Y="112" T="0" Pressure="0"/>
        <Point X="392" Y="119" T="0" Pressure="0"/>
        <Point X="392" Y="125" T="0" Pressure="0"/>
        <Point X="392" Y="132" T="0" Pressure="0"/>
        <Point X="392" Y="140" T="0" Pressure="0"/>
        <Point X="393" Y="147" T="0" Pressure="0"/>
        <Point X="393" Y="155" T="0" Pressure="0"/>
        <Point X="393" Y="164" T="0" Pressure="0"/>
        <Point X="393" Y="172" T="0" Pressure="0"/>
        <Point X="393" Y="182" T="0" Pressure="0"/>
        <Point X="394" Y="191" T="0" Pressure="0"/>
        <Point X="394" Y="201" T="0" Pressure="0"/>
        <Point X="394" Y="210" T="0" Pressure="0"/>
        <Point X="394" Y="219" T="0" Pressure="0"/>
        <Point X="394" Y="228" T="0" Pressure="0"/>
        <Point X="394" Y="237" T="0" Pressure="0"/>
        <Point X="394" Y="245" T="0" Pressure="0"/>
        <Point X="394" Y="252" T="0" Pressure="0"/>
        <Point X="394" Y="258" T="0" Pressure="0"/>
        <Point X="394" Y="264" T="0" Pressure="0"/>
        <Point X="394" Y="270" T="0" Pressure="0"/>
        <Point X="394" Y="276" T="0" Pressure="0"/>
        <Point X="394" Y="280" T="0" Pressure="0"/>
        <Point X="393" Y="284" T="0" Pressure="0"/>
        <Point X="393" Y="289" T="0" Pressure="0"/>
        <Point X="393" Y="292" T="0" Pressure="0"/>
        <Point X="393" Y="297" T="0" Pressure="0"/>
        <Point X="393" Y="301" T="0" Pressure="0"/>
        <Point X="393" Y="303" T="0" Pressure="0"/>
        <Point X="393" Y="306" T="0" Pressure="0"/>
        <Point X="393" Y="309" T="0" Pressure="0"/>
        <Point X="392" Y="311" T="0" Pressure="0"/>
        <Point X="392" Y="313" T="0" Pressure="0"/>
        <Point X="392" Y="315" T="0" Pressure="0"/>
        <Point X="392" Y="316" T="0" Pressure="0"/>
        <Point X="391" Y="317" T="0" Pressure="0"/>
    </Stroke>
    <Stroke index="2">
        <Point X="292" Y="146" T="0" Pressure="0"/>
        <Point X="291" Y="145" T="0" Pressure="0"/>
        <Point X="290" Y="144" T="0" Pressure="0"/>
        <Point X="288" Y="141" T="0" Pressure="0"/>
        <Point X="288" Y="140" T="0" Pressure="0"/>
        <Point X="290" Y="140" T="0" Pressure="0"/>
        <Point X="291" Y="141" T="0" Pressure="0"/>
        <Point X="292" Y="141" T="0" Pressure="0"/>
        <Point X="294" Y="142" T="0" Pressure="0"/>
        <Point X="296" Y="143" T="0" Pressure="0"/>
        <Point X="299" Y="144" T="0" Pressure="0"/>
        <Point X="302" Y="145" T="0" Pressure="0"/>
        <Point X="305" Y="147" T="0" Pressure="0"/>
        <Point X="308" Y="148" T="0" Pressure="0"/>
        <Point X="312" Y="150" T="0" Pressure="0"/>
        <Point X="317" Y="152" T="0" Pressure="0"/>
        <Point X="321" Y="153" T="0" Pressure="0"/>
        <Point X="327" Y="156" T="0" Pressure="0"/>
        <Point X="333" Y="159" T="0" Pressure="0"/>
        <Point X="340" Y="161" T="0" Pressure="0"/>
        <Point X="346" Y="164" T="0" Pressure="0"/>
        <Point X="354" Y="167" T="0" Pressure="0"/>
        <Point X="360" Y="170" T="0" Pressure="0"/>
        <Point X="367" Y="173" T="0" Pressure="0"/>
        <Point X="374" Y="177" T="0" Pressure="0"/>
        <Point X="381" Y="180" T="0" Pressure="0"/>
        <Point X="388" Y="184" T="0" Pressure="0"/>
        <Point X="396" Y="189" T="0" Pressure="0"/>
        <Point X="402" Y="192" T="0" Pressure="0"/>
        <Point X="409" Y="196" T="0" Pressure="0"/>
        <Point X="416" Y="200" T="0" Pressure="0"/>
        <Point X="423" Y="204" T="0" Pressure="0"/>
        <Point X="429" Y="209" T="0" Pressure="0"/>
        <Point X="436" Y="212" T="0" Pressure="0"/>
        <Point X="441" Y="216" T="0" Pressure="0"/>
        <Point X="447" Y="220" T="0" Pressure="0"/>
        <Point X="452" Y="224" T="0" Pressure="0"/>
        <Point X="457" Y="227" T="0" Pressure="0"/>
        <Point X="462" Y="230" T="0" Pressure="0"/>
        <Point X="467" Y="234" T="0" Pressure="0"/>
        <Point X="471" Y="237" T="0" Pressure="0"/>
        <Point X="474" Y="240" T="0" Pressure="0"/>
        <Point X="478" Y="242" T="0" Pressure="0"/>
        <Point X="481" Y="245" T="0" Pressure="0"/>
        <Point X="484" Y="247" T="0" Pressure="0"/>
        <Point X="487" Y="250" T="0" Pressure="0"/>
        <Point X="490" Y="251" T="0" Pressure="0"/>
        <Point X="492" Y="252" T="0" Pressure="0"/>
        <Point X="494" Y="254" T="0" Pressure="0"/>
        <Point X="496" Y="255" T="0" Pressure="0"/>
        <Point X="498" Y="256" T="0" Pressure="0"/>
        <Point X="500" Y="257" T="0" Pressure="0"/>
        <Point X="502" Y="257" T="0" Pressure="0"/>
        <Point X="503" Y="257" T="0" Pressure="0"/>
        <Point X="504" Y="257" T="0" Pressure="0"/>
        <Point X="505" Y="257" T="0" Pressure="0"/>
    </Stroke>
    <Stroke index="3">
        <Point X="469" Y="107" T="0" Pressure="0"/>
        <Point X="468" Y="105" T="0" Pressure="0"/>
        <Point X="466" Y="102" T="0" Pressure="0"/>
        <Point X="465" Y="102" T="0" Pressure="0"/>
        <Point X="464" Y="102" T="0" Pressure="0"/>
        <Point X="463" Y="102" T="0" Pressure="0"/>
        <Point X="461" Y="103" T="0" Pressure="0"/>
        <Point X="460" Y="105" T="0" Pressure="0"/>
        <Point X="457" Y="107" T="0" Pressure="0"/>
        <Point X="456" Y="110" T="0" Pressure="0"/>
        <Point X="453" Y="115" T="0" Pressure="0"/>
        <Point X="450" Y="119" T="0" Pressure="0"/>
        <Point X="447" Y="123" T="0" Pressure="0"/>
        <Point X="444" Y="128" T="0" Pressure="0"/>
        <Point X="441" Y="133" T="0" Pressure="0"/>
        <Point X="438" Y="139" T="0" Pressure="0"/>
        <Point X="434" Y="145" T="0" Pressure="0"/>
        <Point X="430" Y="152" T="0" Pressure="0"/>
        <Point X="425" Y="159" T="0" Pressure="0"/>
        <Point X="421" Y="166" T="0" Pressure="0"/>
        <Point X="416" Y="172" T="0" Pressure="0"/>
        <Point X="411" Y="179" T="0" Pressure="0"/>
        <Point X="407" Y="186" T="0" Pressure="0"/>
        <Point X="403" Y="193" T="0" Pressure="0"/>
        <Point X="397" Y="200" T="0" Pressure="0"/>
        <Point X="393" Y="206" T="0" Pressure="0"/>
        <Point X="389" Y="213" T="0" Pressure="0"/>
        <Point X="385" Y="220" T="0" Pressure="0"/>
        <Point X="380" Y="226" T="0" Pressure="0"/>
        <Point X="375" Y="232" T="0" Pressure="0"/>
        <Point X="371" Y="239" T="0" Pressure="0"/>
        <Point X="367" Y="244" T="0" Pressure="0"/>
        <Point X="363" Y="250" T="0" Pressure="0"/>
        <Point X="359" Y="255" T="0" Pressure="0"/>
        <Point X="355" Y="260" T="0" Pressure="0"/>
        <Point X="352" Y="266" T="0" Pressure="0"/>
        <Point X="348" Y="271" T="0" Pressure="0"/>
        <Point X="345" Y="275" T="0" Pressure="0"/>
        <Point X="343" Y="278" T="0" Pressure="0"/>
        <Point X="340" Y="282" T="0" Pressure="0"/>
        <Point X="337" Y="285" T="0" Pressure="0"/>
        <Point X="336" Y="289" T="0" Pressure="0"/>
        <Point X="333" Y="292" T="0" Pressure="0"/>
        <Point X="332" Y="295" T="0" Pressure="0"/>
        <Point X="330" Y="297" T="0" Pressure="0"/>
        <Point X="329" Y="299" T="0" Pressure="0"/>
        <Point X="327" Y="301" T="0" Pressure="0"/>
        <Point X="326" Y="301" T="0" Pressure="0"/>
        <Point X="325" Y="302" T="0" Pressure="0"/>
        <Point X="325" Y="303" T="0" Pressure="0"/>
        <Point X="325" Y="304" T="0" Pressure="0"/>
        <Point X="324" Y="304" T="0" Pressure="0"/>
    </Stroke>
</Gesture>
