<?xml version="1.0" ?>
<Gesture Name="line~06" Subject="6" Number="6" NumPts="49" InputType="stylus" Speed="MEDIUM">
    <Stroke index="1">
        <Point X="258" Y="264" T="0" Pressure="0"/>
        <Point X="259" Y="263" T="0" Pressure="0"/>
        <Point X="260" Y="262" T="0" Pressure="0"/>
        <Point X="261" Y="262" T="0" Pressure="0"/>
        <Point X="262" Y="262" T="0" Pressure="0"/>
        <Point X="264" Y="261" T="0" Pressure="0"/>
        <Point X="266" Y="261" T="0" Pressure="0"/>
        <Point X="268" Y="261" T="0" Pressure="0"/>
        <Point X="272" Y="260" T="0" Pressure="0"/>
        <Point X="276" Y="260" T="0" Pressure="0"/>
        <Point X="280" Y="260" T="0" Pressure="0"/>
        <Point X="285" Y="260" T="0" Pressure="0"/>
        <Point X="290" Y="260" T="0" Pressure="0"/>
        <Point X="295" Y="259" T="0" Pressure="0"/>
        <Point X="301" Y="259" T="0" Pressure="0"/>
        <Point X="306" Y="259" T="0" Pressure="0"/>
        <Point X="313" Y="259" T="0" Pressure="0"/>
        <Point X="318" Y="258" T="0" Pressure="0"/>
        <Point X="325" Y="257" T="0" Pressure="0"/>
        <Point X="332" Y="257" T="0" Pressure="0"/>
        <Point X="338" Y="256" T="0" Pressure="0"/>
        <Point X="352" Y="255" T="0" Pressure="0"/>
        <Point X="359" Y="255" T="0" Pressure="0"/>
        <Point X="366" Y="254" T="0" Pressure="0"/>
        <Point X="373" Y="254" T="0" Pressure="0"/>
        <Point X="388" Y="253" T="0" Pressure="0"/>
        <Point X="396" Y="252" T="0" Pressure="0"/>
        <Point X="404" Y="252" T="0" Pressure="0"/>
        <Point X="411" Y="251" T="0" Pressure="0"/>
        <Point X="419" Y="251" T="0" Pressure="0"/>
        <Point X="426" Y="250" T="0" Pressure="0"/>
        <Point X="443" Y="249" T="0" Pressure="0"/>
        <Point X="450" Y="248" T="0" Pressure="0"/>
        <Point X="457" Y="248" T="0" Pressure="0"/>
        <Point X="464" Y="247" T="0" Pressure="0"/>
        <Point X="472" Y="247" T="0" Pressure="0"/>
        <Point X="479" Y="247" T="0" Pressure="0"/>
        <Point X="487" Y="247" T="0" Pressure="0"/>
        <Point X="493" Y="247" T="0" Pressure="0"/>
        <Point X="499" Y="247" T="0" Pressure="0"/>
        <Point X="505" Y="247" T="0" Pressure="0"/>
        <Point X="511" Y="247" T="0" Pressure="0"/>
        <Point X="517" Y="248" T="0" Pressure="0"/>
        <Point X="523" Y="249" T="0" Pressure="0"/>
        <Point X="528" Y="249" T="0" Pressure="0"/>
        <Point X="532" Y="250" T="0" Pressure="0"/>
        <Point X="536" Y="250" T="0" Pressure="0"/>
        <Point X="540" Y="251" T="0" Pressure="0"/>
        <Point X="544" Y="251" T="0" Pressure="0"/>
    </Stroke>
</Gesture>
