<?xml version="1.0" ?>
<Gesture Name="D~10" Subject="6" Number="10" NumPts="113" InputType="stylus" Speed="MEDIUM">
    <Stroke index="1">
        <Point X="331" Y="176" T="0" Pressure="0"/>
        <Point X="331" Y="173" T="0" Pressure="0"/>
        <Point X="331" Y="172" T="0" Pressure="0"/>
        <Point X="331" Y="171" T="0" Pressure="0"/>
        <Point X="332" Y="171" T="0" Pressure="0"/>
        <Point X="332" Y="172" T="0" Pressure="0"/>
        <Point X="333" Y="174" T="0" Pressure="0"/>
        <Point X="334" Y="177" T="0" Pressure="0"/>
        <Point X="335" Y="179" T="0" Pressure="0"/>
        <Point X="335" Y="182" T="0" Pressure="0"/>
        <Point X="336" Y="185" T="0" Pressure="0"/>
        <Point X="336" Y="190" T="0" Pressure="0"/>
        <Point X="336" Y="194" T="0" Pressure="0"/>
        <Point X="336" Y="199" T="0" Pressure="0"/>
        <Point X="336" Y="204" T="0" Pressure="0"/>
        <Point X="336" Y="210" T="0" Pressure="0"/>
        <Point X="336" Y="216" T="0" Pressure="0"/>
        <Point X="336" Y="222" T="0" Pressure="0"/>
        <Point X="336" Y="227" T="0" Pressure="0"/>
        <Point X="336" Y="234" T="0" Pressure="0"/>
        <Point X="336" Y="239" T="0" Pressure="0"/>
        <Point X="335" Y="245" T="0" Pressure="0"/>
        <Point X="335" Y="250" T="0" Pressure="0"/>
        <Point X="335" Y="254" T="0" Pressure="0"/>
        <Point X="335" Y="258" T="0" Pressure="0"/>
        <Point X="335" Y="262" T="0" Pressure="0"/>
        <Point X="335" Y="266" T="0" Pressure="0"/>
        <Point X="335" Y="270" T="0" Pressure="0"/>
        <Point X="335" Y="273" T="0" Pressure="0"/>
        <Point X="335" Y="276" T="0" Pressure="0"/>
        <Point X="335" Y="279" T="0" Pressure="0"/>
        <Point X="336" Y="281" T="0" Pressure="0"/>
        <Point X="336" Y="284" T="0" Pressure="0"/>
        <Point X="336" Y="286" T="0" Pressure="0"/>
        <Point X="336" Y="289" T="0" Pressure="0"/>
        <Point X="336" Y="290" T="0" Pressure="0"/>
        <Point X="336" Y="291" T="0" Pressure="0"/>
        <Point X="336" Y="292" T="0" Pressure="0"/>
        <Point X="336" Y="294" T="0" Pressure="0"/>
    </Stroke>
    <Stroke index="2">
        <Point X="297" Y="160" T="0" Pressure="0"/>
        <Point X="298" Y="157" T="0" Pressure="0"/>
        <Point X="299" Y="156" T="0" Pressure="0"/>
        <Point X="302" Y="154" T="0" Pressure="0"/>
        <Point X="303" Y="153" T="0" Pressure="0"/>
        <Point X="306" Y="153" T="0" Pressure="0"/>
        <Point X="309" Y="153" T="0" Pressure="0"/>
        <Point X="312" Y="153" T="0" Pressure="0"/>
        <Point X="316" Y="153" T="0" Pressure="0"/>
        <Point X="320" Y="154" T="0" Pressure="0"/>
        <Point X="324" Y="154" T="0" Pressure="0"/>
        <Point X="329" Y="155" T="0" Pressure="0"/>
        <Point X="333" Y="156" T="0" Pressure="0"/>
        <Point X="337" Y="158" T="0" Pressure="0"/>
        <Point X="343" Y="160" T="0" Pressure="0"/>
        <Point X="347" Y="161" T="0" Pressure="0"/>
        <Point X="353" Y="163" T="0" Pressure="0"/>
        <Point X="359" Y="165" T="0" Pressure="0"/>
        <Point X="363" Y="167" T="0" Pressure="0"/>
        <Point X="369" Y="170" T="0" Pressure="0"/>
        <Point X="374" Y="172" T="0" Pressure="0"/>
        <Point X="378" Y="175" T="0" Pressure="0"/>
        <Point X="383" Y="178" T="0" Pressure="0"/>
        <Point X="388" Y="181" T="0" Pressure="0"/>
        <Point X="392" Y="184" T="0" Pressure="0"/>
        <Point X="396" Y="187" T="0" Pressure="0"/>
        <Point X="400" Y="191" T="0" Pressure="0"/>
        <Point X="404" Y="195" T="0" Pressure="0"/>
        <Point X="408" Y="199" T="0" Pressure="0"/>
        <Point X="411" Y="203" T="0" Pressure="0"/>
        <Point X="414" Y="207" T="0" Pressure="0"/>
        <Point X="417" Y="210" T="0" Pressure="0"/>
        <Point X="419" Y="215" T="0" Pressure="0"/>
        <Point X="422" Y="219" T="0" Pressure="0"/>
        <Point X="423" Y="222" T="0" Pressure="0"/>
        <Point X="424" Y="227" T="0" Pressure="0"/>
        <Point X="426" Y="231" T="0" Pressure="0"/>
        <Point X="426" Y="234" T="0" Pressure="0"/>
        <Point X="426" Y="239" T="0" Pressure="0"/>
        <Point X="426" Y="242" T="0" Pressure="0"/>
        <Point X="425" Y="246" T="0" Pressure="0"/>
        <Point X="423" Y="250" T="0" Pressure="0"/>
        <Point X="422" Y="252" T="0" Pressure="0"/>
        <Point X="419" Y="256" T="0" Pressure="0"/>
        <Point X="416" Y="259" T="0" Pressure="0"/>
        <Point X="413" Y="262" T="0" Pressure="0"/>
        <Point X="410" Y="265" T="0" Pressure="0"/>
        <Point X="405" Y="268" T="0" Pressure="0"/>
        <Point X="401" Y="270" T="0" Pressure="0"/>
        <Point X="397" Y="272" T="0" Pressure="0"/>
        <Point X="392" Y="274" T="0" Pressure="0"/>
        <Point X="387" Y="276" T="0" Pressure="0"/>
        <Point X="381" Y="278" T="0" Pressure="0"/>
        <Point X="375" Y="280" T="0" Pressure="0"/>
        <Point X="370" Y="281" T="0" Pressure="0"/>
        <Point X="365" Y="283" T="0" Pressure="0"/>
        <Point X="359" Y="284" T="0" Pressure="0"/>
        <Point X="352" Y="285" T="0" Pressure="0"/>
        <Point X="347" Y="286" T="0" Pressure="0"/>
        <Point X="340" Y="287" T="0" Pressure="0"/>
        <Point X="336" Y="289" T="0" Pressure="0"/>
        <Point X="331" Y="289" T="0" Pressure="0"/>
        <Point X="326" Y="289" T="0" Pressure="0"/>
        <Point X="322" Y="290" T="0" Pressure="0"/>
        <Point X="318" Y="290" T="0" Pressure="0"/>
        <Point X="314" Y="290" T="0" Pressure="0"/>
        <Point X="311" Y="290" T="0" Pressure="0"/>
        <Point X="309" Y="290" T="0" Pressure="0"/>
        <Point X="306" Y="291" T="0" Pressure="0"/>
        <Point X="303" Y="291" T="0" Pressure="0"/>
        <Point X="299" Y="292" T="0" Pressure="0"/>
        <Point X="299" Y="293" T="0" Pressure="0"/>
        <Point X="298" Y="294" T="0" Pressure="0"/>
        <Point X="297" Y="294" T="0" Pressure="0"/>
    </Stroke>
</Gesture>
