<?xml version="1.0" ?>
<Gesture Name="asterisk~09" Subject="6" Number="9" NumPts="142" InputType="stylus" Speed="MEDIUM">
    <Stroke index="1">
        <Point X="413" Y="116" T="0" Pressure="0"/>
        <Point X="413" Y="119" T="0" Pressure="0"/>
        <Point X="414" Y="123" T="0" Pressure="0"/>
        <Point X="415" Y="126" T="0" Pressure="0"/>
        <Point X="415" Y="130" T="0" Pressure="0"/>
        <Point X="416" Y="135" T="0" Pressure="0"/>
        <Point X="416" Y="140" T="0" Pressure="0"/>
        <Point X="417" Y="145" T="0" Pressure="0"/>
        <Point X="418" Y="151" T="0" Pressure="0"/>
        <Point X="418" Y="156" T="0" Pressure="0"/>
        <Point X="418" Y="161" T="0" Pressure="0"/>
        <Point X="419" Y="167" T="0" Pressure="0"/>
        <Point X="419" Y="174" T="0" Pressure="0"/>
        <Point X="419" Y="179" T="0" Pressure="0"/>
        <Point X="419" Y="186" T="0" Pressure="0"/>
        <Point X="419" Y="192" T="0" Pressure="0"/>
        <Point X="419" Y="199" T="0" Pressure="0"/>
        <Point X="419" Y="205" T="0" Pressure="0"/>
        <Point X="419" Y="211" T="0" Pressure="0"/>
        <Point X="419" Y="219" T="0" Pressure="0"/>
        <Point X="419" Y="226" T="0" Pressure="0"/>
        <Point X="419" Y="231" T="0" Pressure="0"/>
        <Point X="419" Y="238" T="0" Pressure="0"/>
        <Point X="419" Y="245" T="0" Pressure="0"/>
        <Point X="419" Y="251" T="0" Pressure="0"/>
        <Point X="419" Y="258" T="0" Pressure="0"/>
        <Point X="419" Y="265" T="0" Pressure="0"/>
        <Point X="419" Y="271" T="0" Pressure="0"/>
        <Point X="419" Y="277" T="0" Pressure="0"/>
        <Point X="419" Y="283" T="0" Pressure="0"/>
        <Point X="419" Y="289" T="0" Pressure="0"/>
        <Point X="419" Y="295" T="0" Pressure="0"/>
        <Point X="419" Y="301" T="0" Pressure="0"/>
        <Point X="419" Y="305" T="0" Pressure="0"/>
        <Point X="419" Y="310" T="0" Pressure="0"/>
        <Point X="419" Y="315" T="0" Pressure="0"/>
        <Point X="419" Y="319" T="0" Pressure="0"/>
        <Point X="419" Y="327" T="0" Pressure="0"/>
        <Point X="419" Y="330" T="0" Pressure="0"/>
        <Point X="419" Y="334" T="0" Pressure="0"/>
        <Point X="418" Y="336" T="0" Pressure="0"/>
        <Point X="418" Y="340" T="0" Pressure="0"/>
        <Point X="418" Y="342" T="0" Pressure="0"/>
        <Point X="418" Y="345" T="0" Pressure="0"/>
        <Point X="418" Y="346" T="0" Pressure="0"/>
        <Point X="418" Y="348" T="0" Pressure="0"/>
        <Point X="417" Y="349" T="0" Pressure="0"/>
        <Point X="417" Y="351" T="0" Pressure="0"/>
        <Point X="416" Y="352" T="0" Pressure="0"/>
        <Point X="416" Y="353" T="0" Pressure="0"/>
        <Point X="415" Y="353" T="0" Pressure="0"/>
    </Stroke>
    <Stroke index="2">
        <Point X="321" Y="163" T="0" Pressure="0"/>
        <Point X="322" Y="163" T="0" Pressure="0"/>
        <Point X="324" Y="164" T="0" Pressure="0"/>
        <Point X="325" Y="165" T="0" Pressure="0"/>
        <Point X="328" Y="166" T="0" Pressure="0"/>
        <Point X="335" Y="172" T="0" Pressure="0"/>
        <Point X="339" Y="175" T="0" Pressure="0"/>
        <Point X="344" Y="178" T="0" Pressure="0"/>
        <Point X="354" Y="184" T="0" Pressure="0"/>
        <Point X="359" Y="187" T="0" Pressure="0"/>
        <Point X="364" Y="191" T="0" Pressure="0"/>
        <Point X="370" Y="194" T="0" Pressure="0"/>
        <Point X="375" Y="197" T="0" Pressure="0"/>
        <Point X="381" Y="201" T="0" Pressure="0"/>
        <Point X="392" Y="208" T="0" Pressure="0"/>
        <Point X="398" Y="211" T="0" Pressure="0"/>
        <Point X="404" Y="215" T="0" Pressure="0"/>
        <Point X="411" Y="219" T="0" Pressure="0"/>
        <Point X="416" Y="222" T="0" Pressure="0"/>
        <Point X="423" Y="226" T="0" Pressure="0"/>
        <Point X="429" Y="229" T="0" Pressure="0"/>
        <Point X="441" Y="236" T="0" Pressure="0"/>
        <Point X="447" Y="240" T="0" Pressure="0"/>
        <Point X="453" Y="244" T="0" Pressure="0"/>
        <Point X="464" Y="250" T="0" Pressure="0"/>
        <Point X="469" Y="253" T="0" Pressure="0"/>
        <Point X="474" Y="256" T="0" Pressure="0"/>
        <Point X="483" Y="261" T="0" Pressure="0"/>
        <Point X="487" Y="264" T="0" Pressure="0"/>
        <Point X="492" Y="267" T="0" Pressure="0"/>
        <Point X="496" Y="269" T="0" Pressure="0"/>
        <Point X="504" Y="274" T="0" Pressure="0"/>
        <Point X="506" Y="275" T="0" Pressure="0"/>
        <Point X="509" Y="276" T="0" Pressure="0"/>
        <Point X="513" Y="277" T="0" Pressure="0"/>
        <Point X="515" Y="278" T="0" Pressure="0"/>
        <Point X="517" Y="279" T="0" Pressure="0"/>
        <Point X="520" Y="280" T="0" Pressure="0"/>
        <Point X="521" Y="280" T="0" Pressure="0"/>
        <Point X="523" Y="280" T="0" Pressure="0"/>
        <Point X="524" Y="280" T="0" Pressure="0"/>
        <Point X="525" Y="279" T="0" Pressure="0"/>
    </Stroke>
    <Stroke index="3">
        <Point X="497" Y="155" T="0" Pressure="0"/>
        <Point X="496" Y="152" T="0" Pressure="0"/>
        <Point X="494" Y="150" T="0" Pressure="0"/>
        <Point X="494" Y="148" T="0" Pressure="0"/>
        <Point X="493" Y="147" T="0" Pressure="0"/>
        <Point X="491" Y="146" T="0" Pressure="0"/>
        <Point X="490" Y="146" T="0" Pressure="0"/>
        <Point X="489" Y="146" T="0" Pressure="0"/>
        <Point X="487" Y="146" T="0" Pressure="0"/>
        <Point X="486" Y="146" T="0" Pressure="0"/>
        <Point X="484" Y="147" T="0" Pressure="0"/>
        <Point X="483" Y="149" T="0" Pressure="0"/>
        <Point X="480" Y="150" T="0" Pressure="0"/>
        <Point X="476" Y="153" T="0" Pressure="0"/>
        <Point X="473" Y="156" T="0" Pressure="0"/>
        <Point X="471" Y="159" T="0" Pressure="0"/>
        <Point X="467" Y="162" T="0" Pressure="0"/>
        <Point X="464" Y="165" T="0" Pressure="0"/>
        <Point X="460" Y="169" T="0" Pressure="0"/>
        <Point X="456" Y="172" T="0" Pressure="0"/>
        <Point X="452" Y="176" T="0" Pressure="0"/>
        <Point X="442" Y="185" T="0" Pressure="0"/>
        <Point X="438" Y="189" T="0" Pressure="0"/>
        <Point X="428" Y="199" T="0" Pressure="0"/>
        <Point X="423" Y="203" T="0" Pressure="0"/>
        <Point X="418" Y="209" T="0" Pressure="0"/>
        <Point X="412" Y="214" T="0" Pressure="0"/>
        <Point X="403" Y="224" T="0" Pressure="0"/>
        <Point X="397" Y="229" T="0" Pressure="0"/>
        <Point X="392" Y="235" T="0" Pressure="0"/>
        <Point X="387" Y="241" T="0" Pressure="0"/>
        <Point X="382" Y="246" T="0" Pressure="0"/>
        <Point X="378" Y="251" T="0" Pressure="0"/>
        <Point X="370" Y="260" T="0" Pressure="0"/>
        <Point X="366" Y="265" T="0" Pressure="0"/>
        <Point X="363" Y="270" T="0" Pressure="0"/>
        <Point X="356" Y="277" T="0" Pressure="0"/>
        <Point X="354" Y="281" T="0" Pressure="0"/>
        <Point X="351" Y="284" T="0" Pressure="0"/>
        <Point X="349" Y="287" T="0" Pressure="0"/>
        <Point X="347" Y="290" T="0" Pressure="0"/>
        <Point X="344" Y="292" T="0" Pressure="0"/>
        <Point X="343" Y="295" T="0" Pressure="0"/>
        <Point X="341" Y="297" T="0" Pressure="0"/>
        <Point X="340" Y="298" T="0" Pressure="0"/>
        <Point X="339" Y="299" T="0" Pressure="0"/>
        <Point X="339" Y="301" T="0" Pressure="0"/>
        <Point X="337" Y="302" T="0" Pressure="0"/>
        <Point X="337" Y="303" T="0" Pressure="0"/>
    </Stroke>
</Gesture>
