<?xml version="1.0" ?>
<Gesture Name="exclamation_point~10" Subject="6" Number="10" NumPts="43" InputType="stylus" Speed="MEDIUM">
    <Stroke index="1">
        <Point X="412" Y="203" T="0" Pressure="0"/>
        <Point X="411" Y="204" T="0" Pressure="0"/>
        <Point X="411" Y="205" T="0" Pressure="0"/>
        <Point X="411" Y="206" T="0" Pressure="0"/>
        <Point X="411" Y="207" T="0" Pressure="0"/>
        <Point X="411" Y="214" T="0" Pressure="0"/>
        <Point X="411" Y="217" T="0" Pressure="0"/>
        <Point X="411" Y="222" T="0" Pressure="0"/>
        <Point X="411" Y="226" T="0" Pressure="0"/>
        <Point X="411" Y="230" T="0" Pressure="0"/>
        <Point X="411" Y="234" T="0" Pressure="0"/>
        <Point X="411" Y="239" T="0" Pressure="0"/>
        <Point X="412" Y="244" T="0" Pressure="0"/>
        <Point X="412" Y="249" T="0" Pressure="0"/>
        <Point X="412" Y="253" T="0" Pressure="0"/>
        <Point X="413" Y="259" T="0" Pressure="0"/>
        <Point X="413" Y="264" T="0" Pressure="0"/>
        <Point X="413" Y="269" T="0" Pressure="0"/>
        <Point X="413" Y="274" T="0" Pressure="0"/>
        <Point X="413" Y="283" T="0" Pressure="0"/>
        <Point X="413" Y="289" T="0" Pressure="0"/>
        <Point X="413" Y="294" T="0" Pressure="0"/>
        <Point X="413" Y="299" T="0" Pressure="0"/>
        <Point X="413" Y="303" T="0" Pressure="0"/>
        <Point X="412" Y="309" T="0" Pressure="0"/>
        <Point X="412" Y="314" T="0" Pressure="0"/>
        <Point X="412" Y="319" T="0" Pressure="0"/>
        <Point X="411" Y="324" T="0" Pressure="0"/>
        <Point X="411" Y="327" T="0" Pressure="0"/>
        <Point X="411" Y="332" T="0" Pressure="0"/>
        <Point X="411" Y="336" T="0" Pressure="0"/>
        <Point X="411" Y="340" T="0" Pressure="0"/>
        <Point X="411" Y="344" T="0" Pressure="0"/>
        <Point X="411" Y="346" T="0" Pressure="0"/>
        <Point X="411" Y="349" T="0" Pressure="0"/>
        <Point X="411" Y="351" T="0" Pressure="0"/>
        <Point X="411" Y="353" T="0" Pressure="0"/>
        <Point X="412" Y="355" T="0" Pressure="0"/>
    </Stroke>
    <Stroke index="2">
        <Point X="421" Y="388" T="0" Pressure="0"/>
        <Point X="419" Y="388" T="0" Pressure="0"/>
        <Point X="418" Y="388" T="0" Pressure="0"/>
        <Point X="418" Y="387" T="0" Pressure="0"/>
        <Point X="419" Y="387" T="0" Pressure="0"/>
    </Stroke>
</Gesture>
