<?xml version="1.0" ?>
<Gesture Name="half_note~03" Subject="6" Number="3" NumPts="122" InputType="stylus" Speed="MEDIUM">
    <Stroke index="1">
        <Point X="411" Y="71" T="0" Pressure="0"/>
        <Point X="411" Y="70" T="0" Pressure="0"/>
        <Point X="411" Y="69" T="0" Pressure="0"/>
        <Point X="412" Y="69" T="0" Pressure="0"/>
        <Point X="412" Y="70" T="0" Pressure="0"/>
        <Point X="413" Y="70" T="0" Pressure="0"/>
        <Point X="414" Y="71" T="0" Pressure="0"/>
        <Point X="414" Y="72" T="0" Pressure="0"/>
        <Point X="415" Y="73" T="0" Pressure="0"/>
        <Point X="415" Y="75" T="0" Pressure="0"/>
        <Point X="415" Y="78" T="0" Pressure="0"/>
        <Point X="416" Y="83" T="0" Pressure="0"/>
        <Point X="416" Y="86" T="0" Pressure="0"/>
        <Point X="416" Y="90" T="0" Pressure="0"/>
        <Point X="415" Y="98" T="0" Pressure="0"/>
        <Point X="415" Y="103" T="0" Pressure="0"/>
        <Point X="415" Y="109" T="0" Pressure="0"/>
        <Point X="414" Y="116" T="0" Pressure="0"/>
        <Point X="413" Y="123" T="0" Pressure="0"/>
        <Point X="412" Y="129" T="0" Pressure="0"/>
        <Point X="412" Y="136" T="0" Pressure="0"/>
        <Point X="411" Y="150" T="0" Pressure="0"/>
        <Point X="411" Y="156" T="0" Pressure="0"/>
        <Point X="411" Y="164" T="0" Pressure="0"/>
        <Point X="411" Y="170" T="0" Pressure="0"/>
        <Point X="411" Y="176" T="0" Pressure="0"/>
        <Point X="411" Y="181" T="0" Pressure="0"/>
        <Point X="411" Y="187" T="0" Pressure="0"/>
        <Point X="411" Y="192" T="0" Pressure="0"/>
        <Point X="411" Y="197" T="0" Pressure="0"/>
        <Point X="411" Y="201" T="0" Pressure="0"/>
        <Point X="411" Y="204" T="0" Pressure="0"/>
        <Point X="411" Y="207" T="0" Pressure="0"/>
        <Point X="412" Y="210" T="0" Pressure="0"/>
        <Point X="412" Y="213" T="0" Pressure="0"/>
        <Point X="412" Y="216" T="0" Pressure="0"/>
        <Point X="412" Y="218" T="0" Pressure="0"/>
        <Point X="412" Y="220" T="0" Pressure="0"/>
        <Point X="412" Y="222" T="0" Pressure="0"/>
        <Point X="412" Y="224" T="0" Pressure="0"/>
        <Point X="413" Y="226" T="0" Pressure="0"/>
        <Point X="413" Y="227" T="0" Pressure="0"/>
        <Point X="414" Y="227" T="0" Pressure="0"/>
        <Point X="415" Y="227" T="0" Pressure="0"/>
        <Point X="416" Y="227" T="0" Pressure="0"/>
    </Stroke>
    <Stroke index="2">
        <Point X="407" Y="221" T="0" Pressure="0"/>
        <Point X="405" Y="219" T="0" Pressure="0"/>
        <Point X="404" Y="216" T="0" Pressure="0"/>
        <Point X="403" Y="215" T="0" Pressure="0"/>
        <Point X="402" Y="214" T="0" Pressure="0"/>
        <Point X="401" Y="212" T="0" Pressure="0"/>
        <Point X="400" Y="211" T="0" Pressure="0"/>
        <Point X="400" Y="209" T="0" Pressure="0"/>
        <Point X="398" Y="206" T="0" Pressure="0"/>
        <Point X="397" Y="205" T="0" Pressure="0"/>
        <Point X="396" Y="203" T="0" Pressure="0"/>
        <Point X="395" Y="202" T="0" Pressure="0"/>
        <Point X="393" Y="200" T="0" Pressure="0"/>
        <Point X="392" Y="198" T="0" Pressure="0"/>
        <Point X="390" Y="196" T="0" Pressure="0"/>
        <Point X="389" Y="195" T="0" Pressure="0"/>
        <Point X="387" Y="193" T="0" Pressure="0"/>
        <Point X="385" Y="191" T="0" Pressure="0"/>
        <Point X="383" Y="190" T="0" Pressure="0"/>
        <Point X="381" Y="189" T="0" Pressure="0"/>
        <Point X="380" Y="187" T="0" Pressure="0"/>
        <Point X="378" Y="186" T="0" Pressure="0"/>
        <Point X="375" Y="185" T="0" Pressure="0"/>
        <Point X="373" Y="184" T="0" Pressure="0"/>
        <Point X="370" Y="184" T="0" Pressure="0"/>
        <Point X="367" Y="184" T="0" Pressure="0"/>
        <Point X="364" Y="183" T="0" Pressure="0"/>
        <Point X="362" Y="182" T="0" Pressure="0"/>
        <Point X="359" Y="182" T="0" Pressure="0"/>
        <Point X="355" Y="182" T="0" Pressure="0"/>
        <Point X="352" Y="182" T="0" Pressure="0"/>
        <Point X="350" Y="182" T="0" Pressure="0"/>
        <Point X="347" Y="182" T="0" Pressure="0"/>
        <Point X="344" Y="183" T="0" Pressure="0"/>
        <Point X="341" Y="184" T="0" Pressure="0"/>
        <Point X="339" Y="185" T="0" Pressure="0"/>
        <Point X="336" Y="186" T="0" Pressure="0"/>
        <Point X="335" Y="188" T="0" Pressure="0"/>
        <Point X="332" Y="190" T="0" Pressure="0"/>
        <Point X="331" Y="192" T="0" Pressure="0"/>
        <Point X="329" Y="195" T="0" Pressure="0"/>
        <Point X="328" Y="197" T="0" Pressure="0"/>
        <Point X="325" Y="201" T="0" Pressure="0"/>
        <Point X="325" Y="203" T="0" Pressure="0"/>
        <Point X="324" Y="207" T="0" Pressure="0"/>
        <Point X="322" Y="210" T="0" Pressure="0"/>
        <Point X="322" Y="214" T="0" Pressure="0"/>
        <Point X="322" Y="217" T="0" Pressure="0"/>
        <Point X="322" Y="222" T="0" Pressure="0"/>
        <Point X="323" Y="226" T="0" Pressure="0"/>
        <Point X="324" Y="229" T="0" Pressure="0"/>
        <Point X="327" Y="235" T="0" Pressure="0"/>
        <Point X="329" Y="239" T="0" Pressure="0"/>
        <Point X="331" Y="242" T="0" Pressure="0"/>
        <Point X="336" Y="247" T="0" Pressure="0"/>
        <Point X="339" Y="249" T="0" Pressure="0"/>
        <Point X="341" Y="251" T="0" Pressure="0"/>
        <Point X="344" Y="253" T="0" Pressure="0"/>
        <Point X="348" Y="255" T="0" Pressure="0"/>
        <Point X="351" Y="256" T="0" Pressure="0"/>
        <Point X="355" Y="257" T="0" Pressure="0"/>
        <Point X="359" Y="259" T="0" Pressure="0"/>
        <Point X="362" Y="259" T="0" Pressure="0"/>
        <Point X="366" Y="259" T="0" Pressure="0"/>
        <Point X="371" Y="259" T="0" Pressure="0"/>
        <Point X="375" Y="259" T="0" Pressure="0"/>
        <Point X="380" Y="259" T="0" Pressure="0"/>
        <Point X="385" Y="259" T="0" Pressure="0"/>
        <Point X="389" Y="257" T="0" Pressure="0"/>
        <Point X="395" Y="255" T="0" Pressure="0"/>
        <Point X="400" Y="254" T="0" Pressure="0"/>
        <Point X="404" Y="252" T="0" Pressure="0"/>
        <Point X="409" Y="250" T="0" Pressure="0"/>
        <Point X="414" Y="248" T="0" Pressure="0"/>
        <Point X="418" Y="246" T="0" Pressure="0"/>
        <Point X="422" Y="243" T="0" Pressure="0"/>
        <Point X="426" Y="241" T="0" Pressure="0"/>
    </Stroke>
</Gesture>
