<?xml version="1.0" ?>
<Gesture Name="I~04" Subject="6" Number="4" NumPts="125" InputType="stylus" Speed="MEDIUM">
    <Stroke index="1">
        <Point X="285" Y="126" T="0" Pressure="0"/>
        <Point X="284" Y="126" T="0" Pressure="0"/>
        <Point X="283" Y="125" T="0" Pressure="0"/>
        <Point X="283" Y="124" T="0" Pressure="0"/>
        <Point X="284" Y="124" T="0" Pressure="0"/>
        <Point X="285" Y="124" T="0" Pressure="0"/>
        <Point X="287" Y="123" T="0" Pressure="0"/>
        <Point X="288" Y="123" T="0" Pressure="0"/>
        <Point X="291" Y="122" T="0" Pressure="0"/>
        <Point X="294" Y="122" T="0" Pressure="0"/>
        <Point X="296" Y="122" T="0" Pressure="0"/>
        <Point X="300" Y="121" T="0" Pressure="0"/>
        <Point X="305" Y="120" T="0" Pressure="0"/>
        <Point X="309" Y="119" T="0" Pressure="0"/>
        <Point X="314" Y="118" T="0" Pressure="0"/>
        <Point X="320" Y="117" T="0" Pressure="0"/>
        <Point X="325" Y="116" T="0" Pressure="0"/>
        <Point X="330" Y="115" T="0" Pressure="0"/>
        <Point X="336" Y="114" T="0" Pressure="0"/>
        <Point X="341" Y="113" T="0" Pressure="0"/>
        <Point X="347" Y="112" T="0" Pressure="0"/>
        <Point X="351" Y="111" T="0" Pressure="0"/>
        <Point X="357" Y="110" T="0" Pressure="0"/>
        <Point X="362" Y="109" T="0" Pressure="0"/>
        <Point X="367" Y="108" T="0" Pressure="0"/>
        <Point X="372" Y="107" T="0" Pressure="0"/>
        <Point X="377" Y="107" T="0" Pressure="0"/>
        <Point X="381" Y="106" T="0" Pressure="0"/>
        <Point X="385" Y="105" T="0" Pressure="0"/>
        <Point X="389" Y="105" T="0" Pressure="0"/>
        <Point X="394" Y="105" T="0" Pressure="0"/>
        <Point X="397" Y="104" T="0" Pressure="0"/>
        <Point X="400" Y="104" T="0" Pressure="0"/>
        <Point X="406" Y="104" T="0" Pressure="0"/>
        <Point X="408" Y="104" T="0" Pressure="0"/>
        <Point X="411" Y="104" T="0" Pressure="0"/>
        <Point X="412" Y="104" T="0" Pressure="0"/>
        <Point X="414" Y="105" T="0" Pressure="0"/>
        <Point X="415" Y="105" T="0" Pressure="0"/>
        <Point X="416" Y="106" T="0" Pressure="0"/>
        <Point X="416" Y="107" T="0" Pressure="0"/>
    </Stroke>
    <Stroke index="2">
        <Point X="344" Y="121" T="0" Pressure="0"/>
        <Point X="344" Y="120" T="0" Pressure="0"/>
        <Point X="344" Y="119" T="0" Pressure="0"/>
        <Point X="344" Y="118" T="0" Pressure="0"/>
        <Point X="344" Y="117" T="0" Pressure="0"/>
        <Point X="344" Y="116" T="0" Pressure="0"/>
        <Point X="345" Y="115" T="0" Pressure="0"/>
        <Point X="346" Y="115" T="0" Pressure="0"/>
        <Point X="347" Y="115" T="0" Pressure="0"/>
        <Point X="347" Y="116" T="0" Pressure="0"/>
        <Point X="347" Y="117" T="0" Pressure="0"/>
        <Point X="348" Y="118" T="0" Pressure="0"/>
        <Point X="348" Y="119" T="0" Pressure="0"/>
        <Point X="348" Y="120" T="0" Pressure="0"/>
        <Point X="348" Y="122" T="0" Pressure="0"/>
        <Point X="348" Y="124" T="0" Pressure="0"/>
        <Point X="348" Y="125" T="0" Pressure="0"/>
        <Point X="347" Y="135" T="0" Pressure="0"/>
        <Point X="347" Y="139" T="0" Pressure="0"/>
        <Point X="347" Y="142" T="0" Pressure="0"/>
        <Point X="346" Y="147" T="0" Pressure="0"/>
        <Point X="345" Y="151" T="0" Pressure="0"/>
        <Point X="345" Y="156" T="0" Pressure="0"/>
        <Point X="345" Y="161" T="0" Pressure="0"/>
        <Point X="345" Y="167" T="0" Pressure="0"/>
        <Point X="345" Y="172" T="0" Pressure="0"/>
        <Point X="345" Y="177" T="0" Pressure="0"/>
        <Point X="345" Y="181" T="0" Pressure="0"/>
        <Point X="345" Y="186" T="0" Pressure="0"/>
        <Point X="345" Y="191" T="0" Pressure="0"/>
        <Point X="346" Y="196" T="0" Pressure="0"/>
        <Point X="346" Y="200" T="0" Pressure="0"/>
        <Point X="347" Y="203" T="0" Pressure="0"/>
        <Point X="347" Y="207" T="0" Pressure="0"/>
        <Point X="347" Y="210" T="0" Pressure="0"/>
        <Point X="347" Y="214" T="0" Pressure="0"/>
        <Point X="347" Y="217" T="0" Pressure="0"/>
        <Point X="347" Y="220" T="0" Pressure="0"/>
        <Point X="347" Y="223" T="0" Pressure="0"/>
        <Point X="347" Y="226" T="0" Pressure="0"/>
        <Point X="347" Y="228" T="0" Pressure="0"/>
        <Point X="347" Y="230" T="0" Pressure="0"/>
        <Point X="347" Y="232" T="0" Pressure="0"/>
        <Point X="347" Y="234" T="0" Pressure="0"/>
        <Point X="347" Y="236" T="0" Pressure="0"/>
        <Point X="347" Y="237" T="0" Pressure="0"/>
        <Point X="347" Y="239" T="0" Pressure="0"/>
        <Point X="347" Y="240" T="0" Pressure="0"/>
        <Point X="347" Y="241" T="0" Pressure="0"/>
        <Point X="347" Y="242" T="0" Pressure="0"/>
        <Point X="347" Y="243" T="0" Pressure="0"/>
        <Point X="347" Y="244" T="0" Pressure="0"/>
        <Point X="347" Y="245" T="0" Pressure="0"/>
        <Point X="347" Y="246" T="0" Pressure="0"/>
        <Point X="347" Y="247" T="0" Pressure="0"/>
    </Stroke>
    <Stroke index="3">
        <Point X="307" Y="264" T="0" Pressure="0"/>
        <Point X="313" Y="262" T="0" Pressure="0"/>
        <Point X="316" Y="261" T="0" Pressure="0"/>
        <Point X="325" Y="259" T="0" Pressure="0"/>
        <Point X="329" Y="259" T="0" Pressure="0"/>
        <Point X="371" Y="252" T="0" Pressure="0"/>
        <Point X="375" Y="252" T="0" Pressure="0"/>
        <Point X="381" Y="251" T="0" Pressure="0"/>
        <Point X="385" Y="250" T="0" Pressure="0"/>
        <Point X="389" Y="250" T="0" Pressure="0"/>
        <Point X="393" Y="249" T="0" Pressure="0"/>
        <Point X="396" Y="249" T="0" Pressure="0"/>
        <Point X="400" Y="248" T="0" Pressure="0"/>
        <Point X="404" Y="247" T="0" Pressure="0"/>
        <Point X="407" Y="247" T="0" Pressure="0"/>
        <Point X="409" Y="247" T="0" Pressure="0"/>
        <Point X="411" Y="247" T="0" Pressure="0"/>
        <Point X="414" Y="247" T="0" Pressure="0"/>
        <Point X="416" Y="247" T="0" Pressure="0"/>
        <Point X="418" Y="247" T="0" Pressure="0"/>
        <Point X="419" Y="247" T="0" Pressure="0"/>
        <Point X="421" Y="247" T="0" Pressure="0"/>
        <Point X="423" Y="247" T="0" Pressure="0"/>
        <Point X="424" Y="247" T="0" Pressure="0"/>
        <Point X="425" Y="248" T="0" Pressure="0"/>
        <Point X="426" Y="248" T="0" Pressure="0"/>
        <Point X="426" Y="249" T="0" Pressure="0"/>
        <Point X="426" Y="250" T="0" Pressure="0"/>
        <Point X="426" Y="251" T="0" Pressure="0"/>
    </Stroke>
</Gesture>
