<?xml version="1.0" ?>
<Gesture Name="T~09" Subject="6" Number="9" NumPts="77" InputType="stylus" Speed="MEDIUM">
    <Stroke index="1">
        <Point X="249" Y="216" T="0" Pressure="0"/>
        <Point X="253" Y="215" T="0" Pressure="0"/>
        <Point X="256" Y="214" T="0" Pressure="0"/>
        <Point X="258" Y="212" T="0" Pressure="0"/>
        <Point X="263" Y="211" T="0" Pressure="0"/>
        <Point X="268" Y="210" T="0" Pressure="0"/>
        <Point X="272" Y="210" T="0" Pressure="0"/>
        <Point X="277" Y="209" T="0" Pressure="0"/>
        <Point X="293" Y="209" T="0" Pressure="0"/>
        <Point X="299" Y="208" T="0" Pressure="0"/>
        <Point X="305" Y="207" T="0" Pressure="0"/>
        <Point X="310" Y="207" T="0" Pressure="0"/>
        <Point X="324" Y="206" T="0" Pressure="0"/>
        <Point X="331" Y="205" T="0" Pressure="0"/>
        <Point X="338" Y="205" T="0" Pressure="0"/>
        <Point X="351" Y="204" T="0" Pressure="0"/>
        <Point X="358" Y="204" T="0" Pressure="0"/>
        <Point X="364" Y="204" T="0" Pressure="0"/>
        <Point X="370" Y="203" T="0" Pressure="0"/>
        <Point X="382" Y="203" T="0" Pressure="0"/>
        <Point X="388" Y="203" T="0" Pressure="0"/>
        <Point X="393" Y="203" T="0" Pressure="0"/>
        <Point X="399" Y="203" T="0" Pressure="0"/>
        <Point X="404" Y="203" T="0" Pressure="0"/>
        <Point X="408" Y="203" T="0" Pressure="0"/>
        <Point X="413" Y="202" T="0" Pressure="0"/>
        <Point X="417" Y="202" T="0" Pressure="0"/>
        <Point X="421" Y="202" T="0" Pressure="0"/>
        <Point X="425" Y="202" T="0" Pressure="0"/>
        <Point X="429" Y="202" T="0" Pressure="0"/>
        <Point X="432" Y="202" T="0" Pressure="0"/>
        <Point X="434" Y="203" T="0" Pressure="0"/>
        <Point X="437" Y="203" T="0" Pressure="0"/>
        <Point X="439" Y="203" T="0" Pressure="0"/>
        <Point X="441" Y="203" T="0" Pressure="0"/>
        <Point X="443" Y="203" T="0" Pressure="0"/>
        <Point X="445" Y="204" T="0" Pressure="0"/>
        <Point X="446" Y="204" T="0" Pressure="0"/>
        <Point X="446" Y="205" T="0" Pressure="0"/>
    </Stroke>
    <Stroke index="2">
        <Point X="354" Y="216" T="0" Pressure="0"/>
        <Point X="354" Y="217" T="0" Pressure="0"/>
        <Point X="354" Y="218" T="0" Pressure="0"/>
        <Point X="354" Y="219" T="0" Pressure="0"/>
        <Point X="354" Y="221" T="0" Pressure="0"/>
        <Point X="354" Y="222" T="0" Pressure="0"/>
        <Point X="354" Y="232" T="0" Pressure="0"/>
        <Point X="354" Y="237" T="0" Pressure="0"/>
        <Point X="354" Y="242" T="0" Pressure="0"/>
        <Point X="354" Y="247" T="0" Pressure="0"/>
        <Point X="353" Y="252" T="0" Pressure="0"/>
        <Point X="352" Y="259" T="0" Pressure="0"/>
        <Point X="352" Y="264" T="0" Pressure="0"/>
        <Point X="352" Y="270" T="0" Pressure="0"/>
        <Point X="351" Y="275" T="0" Pressure="0"/>
        <Point X="351" Y="281" T="0" Pressure="0"/>
        <Point X="351" Y="287" T="0" Pressure="0"/>
        <Point X="350" Y="294" T="0" Pressure="0"/>
        <Point X="350" Y="299" T="0" Pressure="0"/>
        <Point X="348" Y="304" T="0" Pressure="0"/>
        <Point X="348" Y="310" T="0" Pressure="0"/>
        <Point X="347" Y="315" T="0" Pressure="0"/>
        <Point X="347" Y="321" T="0" Pressure="0"/>
        <Point X="346" Y="326" T="0" Pressure="0"/>
        <Point X="345" Y="334" T="0" Pressure="0"/>
        <Point X="344" Y="337" T="0" Pressure="0"/>
        <Point X="344" Y="340" T="0" Pressure="0"/>
        <Point X="343" Y="347" T="0" Pressure="0"/>
        <Point X="343" Y="349" T="0" Pressure="0"/>
        <Point X="343" Y="351" T="0" Pressure="0"/>
        <Point X="342" Y="355" T="0" Pressure="0"/>
        <Point X="342" Y="357" T="0" Pressure="0"/>
        <Point X="341" Y="359" T="0" Pressure="0"/>
        <Point X="341" Y="360" T="0" Pressure="0"/>
        <Point X="341" Y="361" T="0" Pressure="0"/>
        <Point X="341" Y="362" T="0" Pressure="0"/>
        <Point X="341" Y="363" T="0" Pressure="0"/>
        <Point X="342" Y="363" T="0" Pressure="0"/>
    </Stroke>
</Gesture>
