<?xml version="1.0" ?>
<Gesture Name="pitchfork~02" Subject="6" Number="2" NumPts="119" InputType="stylus" Speed="MEDIUM">
    <Stroke index="1">
        <Point X="248" Y="67" T="0" Pressure="0"/>
        <Point X="247" Y="69" T="0" Pressure="0"/>
        <Point X="246" Y="70" T="0" Pressure="0"/>
        <Point X="246" Y="71" T="0" Pressure="0"/>
        <Point X="246" Y="72" T="0" Pressure="0"/>
        <Point X="246" Y="76" T="0" Pressure="0"/>
        <Point X="246" Y="79" T="0" Pressure="0"/>
        <Point X="246" Y="83" T="0" Pressure="0"/>
        <Point X="246" Y="87" T="0" Pressure="0"/>
        <Point X="246" Y="92" T="0" Pressure="0"/>
        <Point X="247" Y="99" T="0" Pressure="0"/>
        <Point X="247" Y="103" T="0" Pressure="0"/>
        <Point X="249" Y="116" T="0" Pressure="0"/>
        <Point X="250" Y="122" T="0" Pressure="0"/>
        <Point X="250" Y="128" T="0" Pressure="0"/>
        <Point X="251" Y="136" T="0" Pressure="0"/>
        <Point X="253" Y="142" T="0" Pressure="0"/>
        <Point X="253" Y="150" T="0" Pressure="0"/>
        <Point X="255" Y="157" T="0" Pressure="0"/>
        <Point X="257" Y="165" T="0" Pressure="0"/>
        <Point X="258" Y="172" T="0" Pressure="0"/>
        <Point X="261" Y="180" T="0" Pressure="0"/>
        <Point X="263" Y="187" T="0" Pressure="0"/>
        <Point X="265" Y="195" T="0" Pressure="0"/>
        <Point X="268" Y="202" T="0" Pressure="0"/>
        <Point X="272" Y="208" T="0" Pressure="0"/>
        <Point X="275" Y="214" T="0" Pressure="0"/>
        <Point X="278" Y="221" T="0" Pressure="0"/>
        <Point X="281" Y="225" T="0" Pressure="0"/>
        <Point X="289" Y="234" T="0" Pressure="0"/>
        <Point X="293" Y="239" T="0" Pressure="0"/>
        <Point X="297" Y="242" T="0" Pressure="0"/>
        <Point X="301" Y="247" T="0" Pressure="0"/>
        <Point X="305" Y="250" T="0" Pressure="0"/>
        <Point X="314" Y="254" T="0" Pressure="0"/>
        <Point X="318" Y="256" T="0" Pressure="0"/>
        <Point X="322" Y="258" T="0" Pressure="0"/>
        <Point X="327" Y="259" T="0" Pressure="0"/>
        <Point X="332" Y="260" T="0" Pressure="0"/>
        <Point X="336" Y="260" T="0" Pressure="0"/>
        <Point X="341" Y="260" T="0" Pressure="0"/>
        <Point X="351" Y="260" T="0" Pressure="0"/>
        <Point X="356" Y="259" T="0" Pressure="0"/>
        <Point X="360" Y="257" T="0" Pressure="0"/>
        <Point X="366" Y="255" T="0" Pressure="0"/>
        <Point X="370" Y="253" T="0" Pressure="0"/>
        <Point X="375" Y="250" T="0" Pressure="0"/>
        <Point X="381" Y="247" T="0" Pressure="0"/>
        <Point X="389" Y="240" T="0" Pressure="0"/>
        <Point X="393" Y="235" T="0" Pressure="0"/>
        <Point X="397" Y="230" T="0" Pressure="0"/>
        <Point X="401" Y="224" T="0" Pressure="0"/>
        <Point X="404" Y="217" T="0" Pressure="0"/>
        <Point X="408" Y="210" T="0" Pressure="0"/>
        <Point X="411" Y="203" T="0" Pressure="0"/>
        <Point X="414" Y="196" T="0" Pressure="0"/>
        <Point X="422" Y="172" T="0" Pressure="0"/>
        <Point X="424" Y="163" T="0" Pressure="0"/>
        <Point X="426" Y="156" T="0" Pressure="0"/>
        <Point X="427" Y="149" T="0" Pressure="0"/>
        <Point X="429" Y="142" T="0" Pressure="0"/>
        <Point X="431" Y="130" T="0" Pressure="0"/>
        <Point X="431" Y="125" T="0" Pressure="0"/>
        <Point X="432" Y="120" T="0" Pressure="0"/>
        <Point X="432" Y="112" T="0" Pressure="0"/>
        <Point X="432" Y="108" T="0" Pressure="0"/>
        <Point X="431" Y="102" T="0" Pressure="0"/>
        <Point X="431" Y="99" T="0" Pressure="0"/>
        <Point X="430" Y="97" T="0" Pressure="0"/>
        <Point X="430" Y="94" T="0" Pressure="0"/>
        <Point X="428" Y="90" T="0" Pressure="0"/>
        <Point X="427" Y="88" T="0" Pressure="0"/>
        <Point X="426" Y="86" T="0" Pressure="0"/>
    </Stroke>
    <Stroke index="2">
        <Point X="354" Y="75" T="0" Pressure="0"/>
        <Point X="353" Y="75" T="0" Pressure="0"/>
        <Point X="352" Y="75" T="0" Pressure="0"/>
        <Point X="352" Y="76" T="0" Pressure="0"/>
        <Point X="352" Y="80" T="0" Pressure="0"/>
        <Point X="352" Y="84" T="0" Pressure="0"/>
        <Point X="352" Y="89" T="0" Pressure="0"/>
        <Point X="351" Y="101" T="0" Pressure="0"/>
        <Point X="351" Y="108" T="0" Pressure="0"/>
        <Point X="350" Y="116" T="0" Pressure="0"/>
        <Point X="350" Y="123" T="0" Pressure="0"/>
        <Point X="348" Y="131" T="0" Pressure="0"/>
        <Point X="348" Y="140" T="0" Pressure="0"/>
        <Point X="347" Y="148" T="0" Pressure="0"/>
        <Point X="347" Y="166" T="0" Pressure="0"/>
        <Point X="346" Y="175" T="0" Pressure="0"/>
        <Point X="345" Y="184" T="0" Pressure="0"/>
        <Point X="344" Y="204" T="0" Pressure="0"/>
        <Point X="344" Y="214" T="0" Pressure="0"/>
        <Point X="343" Y="222" T="0" Pressure="0"/>
        <Point X="342" Y="241" T="0" Pressure="0"/>
        <Point X="341" Y="250" T="0" Pressure="0"/>
        <Point X="341" Y="256" T="0" Pressure="0"/>
        <Point X="340" Y="271" T="0" Pressure="0"/>
        <Point X="340" Y="277" T="0" Pressure="0"/>
        <Point X="339" Y="284" T="0" Pressure="0"/>
        <Point X="338" Y="296" T="0" Pressure="0"/>
        <Point X="338" Y="302" T="0" Pressure="0"/>
        <Point X="337" Y="307" T="0" Pressure="0"/>
        <Point X="337" Y="312" T="0" Pressure="0"/>
        <Point X="336" Y="318" T="0" Pressure="0"/>
        <Point X="336" Y="323" T="0" Pressure="0"/>
        <Point X="336" Y="326" T="0" Pressure="0"/>
        <Point X="336" Y="334" T="0" Pressure="0"/>
        <Point X="336" Y="337" T="0" Pressure="0"/>
        <Point X="336" Y="340" T="0" Pressure="0"/>
        <Point X="336" Y="343" T="0" Pressure="0"/>
        <Point X="336" Y="344" T="0" Pressure="0"/>
        <Point X="336" Y="347" T="0" Pressure="0"/>
        <Point X="336" Y="348" T="0" Pressure="0"/>
        <Point X="336" Y="349" T="0" Pressure="0"/>
        <Point X="336" Y="350" T="0" Pressure="0"/>
        <Point X="337" Y="350" T="0" Pressure="0"/>
        <Point X="338" Y="350" T="0" Pressure="0"/>
        <Point X="339" Y="349" T="0" Pressure="0"/>
        <Point X="340" Y="349" T="0" Pressure="0"/>
    </Stroke>
</Gesture>
