<?xml version="1.0" ?>
<Gesture Name="null~05" Subject="6" Number="5" NumPts="155" InputType="stylus" Speed="MEDIUM">
    <Stroke index="1">
        <Point X="352" Y="151" T="0" Pressure="0"/>
        <Point X="348" Y="151" T="0" Pressure="0"/>
        <Point X="347" Y="151" T="0" Pressure="0"/>
        <Point X="345" Y="151" T="0" Pressure="0"/>
        <Point X="344" Y="151" T="0" Pressure="0"/>
        <Point X="341" Y="153" T="0" Pressure="0"/>
        <Point X="339" Y="155" T="0" Pressure="0"/>
        <Point X="337" Y="158" T="0" Pressure="0"/>
        <Point X="336" Y="160" T="0" Pressure="0"/>
        <Point X="335" Y="164" T="0" Pressure="0"/>
        <Point X="332" Y="167" T="0" Pressure="0"/>
        <Point X="331" Y="171" T="0" Pressure="0"/>
        <Point X="329" Y="175" T="0" Pressure="0"/>
        <Point X="328" Y="178" T="0" Pressure="0"/>
        <Point X="326" Y="182" T="0" Pressure="0"/>
        <Point X="325" Y="187" T="0" Pressure="0"/>
        <Point X="322" Y="192" T="0" Pressure="0"/>
        <Point X="321" Y="197" T="0" Pressure="0"/>
        <Point X="320" Y="201" T="0" Pressure="0"/>
        <Point X="319" Y="206" T="0" Pressure="0"/>
        <Point X="317" Y="224" T="0" Pressure="0"/>
        <Point X="317" Y="229" T="0" Pressure="0"/>
        <Point X="317" Y="234" T="0" Pressure="0"/>
        <Point X="317" Y="241" T="0" Pressure="0"/>
        <Point X="317" Y="247" T="0" Pressure="0"/>
        <Point X="319" Y="259" T="0" Pressure="0"/>
        <Point X="320" Y="264" T="0" Pressure="0"/>
        <Point X="321" Y="270" T="0" Pressure="0"/>
        <Point X="323" Y="275" T="0" Pressure="0"/>
        <Point X="325" Y="280" T="0" Pressure="0"/>
        <Point X="327" Y="285" T="0" Pressure="0"/>
        <Point X="329" Y="291" T="0" Pressure="0"/>
        <Point X="332" Y="296" T="0" Pressure="0"/>
        <Point X="334" Y="300" T="0" Pressure="0"/>
        <Point X="337" Y="304" T="0" Pressure="0"/>
        <Point X="340" Y="309" T="0" Pressure="0"/>
        <Point X="343" Y="312" T="0" Pressure="0"/>
        <Point X="347" Y="316" T="0" Pressure="0"/>
        <Point X="350" Y="319" T="0" Pressure="0"/>
        <Point X="354" Y="322" T="0" Pressure="0"/>
        <Point X="358" Y="325" T="0" Pressure="0"/>
        <Point X="362" Y="326" T="0" Pressure="0"/>
        <Point X="365" Y="328" T="0" Pressure="0"/>
        <Point X="370" Y="330" T="0" Pressure="0"/>
        <Point X="374" Y="330" T="0" Pressure="0"/>
        <Point X="377" Y="331" T="0" Pressure="0"/>
        <Point X="381" Y="331" T="0" Pressure="0"/>
        <Point X="385" Y="331" T="0" Pressure="0"/>
        <Point X="390" Y="331" T="0" Pressure="0"/>
        <Point X="395" Y="330" T="0" Pressure="0"/>
        <Point X="399" Y="329" T="0" Pressure="0"/>
        <Point X="403" Y="327" T="0" Pressure="0"/>
        <Point X="408" Y="326" T="0" Pressure="0"/>
        <Point X="411" Y="325" T="0" Pressure="0"/>
        <Point X="416" Y="323" T="0" Pressure="0"/>
        <Point X="420" Y="321" T="0" Pressure="0"/>
        <Point X="424" Y="319" T="0" Pressure="0"/>
        <Point X="428" Y="316" T="0" Pressure="0"/>
        <Point X="431" Y="315" T="0" Pressure="0"/>
        <Point X="435" Y="312" T="0" Pressure="0"/>
        <Point X="438" Y="309" T="0" Pressure="0"/>
        <Point X="441" Y="306" T="0" Pressure="0"/>
        <Point X="445" Y="303" T="0" Pressure="0"/>
        <Point X="447" Y="300" T="0" Pressure="0"/>
        <Point X="449" Y="296" T="0" Pressure="0"/>
        <Point X="452" Y="292" T="0" Pressure="0"/>
        <Point X="454" Y="288" T="0" Pressure="0"/>
        <Point X="456" Y="283" T="0" Pressure="0"/>
        <Point X="457" Y="278" T="0" Pressure="0"/>
        <Point X="459" Y="274" T="0" Pressure="0"/>
        <Point X="460" Y="269" T="0" Pressure="0"/>
        <Point X="461" Y="263" T="0" Pressure="0"/>
        <Point X="461" Y="257" T="0" Pressure="0"/>
        <Point X="462" Y="252" T="0" Pressure="0"/>
        <Point X="462" Y="246" T="0" Pressure="0"/>
        <Point X="462" Y="241" T="0" Pressure="0"/>
        <Point X="462" Y="234" T="0" Pressure="0"/>
        <Point X="461" Y="228" T="0" Pressure="0"/>
        <Point X="460" Y="222" T="0" Pressure="0"/>
        <Point X="459" Y="216" T="0" Pressure="0"/>
        <Point X="457" Y="210" T="0" Pressure="0"/>
        <Point X="456" Y="205" T="0" Pressure="0"/>
        <Point X="453" Y="200" T="0" Pressure="0"/>
        <Point X="451" Y="195" T="0" Pressure="0"/>
        <Point X="448" Y="190" T="0" Pressure="0"/>
        <Point X="445" Y="185" T="0" Pressure="0"/>
        <Point X="441" Y="180" T="0" Pressure="0"/>
        <Point X="438" Y="177" T="0" Pressure="0"/>
        <Point X="434" Y="173" T="0" Pressure="0"/>
        <Point X="430" Y="170" T="0" Pressure="0"/>
        <Point X="426" Y="167" T="0" Pressure="0"/>
        <Point X="422" Y="165" T="0" Pressure="0"/>
        <Point X="412" Y="160" T="0" Pressure="0"/>
        <Point X="408" Y="159" T="0" Pressure="0"/>
        <Point X="403" Y="157" T="0" Pressure="0"/>
        <Point X="398" Y="156" T="0" Pressure="0"/>
        <Point X="393" Y="156" T="0" Pressure="0"/>
        <Point X="388" Y="155" T="0" Pressure="0"/>
        <Point X="383" Y="155" T="0" Pressure="0"/>
        <Point X="378" Y="155" T="0" Pressure="0"/>
        <Point X="374" Y="155" T="0" Pressure="0"/>
        <Point X="370" Y="156" T="0" Pressure="0"/>
        <Point X="365" Y="157" T="0" Pressure="0"/>
        <Point X="361" Y="159" T="0" Pressure="0"/>
        <Point X="358" Y="160" T="0" Pressure="0"/>
        <Point X="355" Y="161" T="0" Pressure="0"/>
    </Stroke>
    <Stroke index="2">
        <Point X="460" Y="129" T="0" Pressure="0"/>
        <Point X="459" Y="130" T="0" Pressure="0"/>
        <Point X="454" Y="131" T="0" Pressure="0"/>
        <Point X="453" Y="131" T="0" Pressure="0"/>
        <Point X="450" Y="133" T="0" Pressure="0"/>
        <Point X="448" Y="135" T="0" Pressure="0"/>
        <Point X="445" Y="137" T="0" Pressure="0"/>
        <Point X="441" Y="141" T="0" Pressure="0"/>
        <Point X="438" Y="144" T="0" Pressure="0"/>
        <Point X="434" Y="148" T="0" Pressure="0"/>
        <Point X="429" Y="152" T="0" Pressure="0"/>
        <Point X="425" Y="156" T="0" Pressure="0"/>
        <Point X="421" Y="161" T="0" Pressure="0"/>
        <Point X="416" Y="166" T="0" Pressure="0"/>
        <Point X="411" Y="172" T="0" Pressure="0"/>
        <Point X="407" Y="177" T="0" Pressure="0"/>
        <Point X="401" Y="184" T="0" Pressure="0"/>
        <Point X="396" Y="189" T="0" Pressure="0"/>
        <Point X="391" Y="195" T="0" Pressure="0"/>
        <Point X="386" Y="202" T="0" Pressure="0"/>
        <Point X="381" Y="208" T="0" Pressure="0"/>
        <Point X="375" Y="215" T="0" Pressure="0"/>
        <Point X="370" Y="222" T="0" Pressure="0"/>
        <Point X="365" Y="229" T="0" Pressure="0"/>
        <Point X="354" Y="243" T="0" Pressure="0"/>
        <Point X="348" Y="251" T="0" Pressure="0"/>
        <Point X="343" Y="258" T="0" Pressure="0"/>
        <Point X="336" Y="266" T="0" Pressure="0"/>
        <Point X="332" Y="272" T="0" Pressure="0"/>
        <Point X="326" Y="279" T="0" Pressure="0"/>
        <Point X="321" Y="285" T="0" Pressure="0"/>
        <Point X="311" Y="298" T="0" Pressure="0"/>
        <Point X="306" Y="304" T="0" Pressure="0"/>
        <Point X="302" Y="309" T="0" Pressure="0"/>
        <Point X="298" Y="314" T="0" Pressure="0"/>
        <Point X="295" Y="319" T="0" Pressure="0"/>
        <Point X="291" Y="324" T="0" Pressure="0"/>
        <Point X="287" Y="327" T="0" Pressure="0"/>
        <Point X="284" Y="332" T="0" Pressure="0"/>
        <Point X="283" Y="335" T="0" Pressure="0"/>
        <Point X="280" Y="339" T="0" Pressure="0"/>
        <Point X="279" Y="341" T="0" Pressure="0"/>
        <Point X="276" Y="344" T="0" Pressure="0"/>
        <Point X="276" Y="347" T="0" Pressure="0"/>
        <Point X="275" Y="349" T="0" Pressure="0"/>
        <Point X="273" Y="351" T="0" Pressure="0"/>
        <Point X="273" Y="352" T="0" Pressure="0"/>
        <Point X="273" Y="353" T="0" Pressure="0"/>
        <Point X="272" Y="354" T="0" Pressure="0"/>
    </Stroke>
</Gesture>
