<?xml version="1.0" ?>
<Gesture Name="six_point_star~07" Subject="6" Number="7" NumPts="260" InputType="stylus" Speed="MEDIUM">
    <Stroke index="1">
        <Point X="291" Y="277" T="0" Pressure="0"/>
        <Point X="290" Y="276" T="0" Pressure="0"/>
        <Point X="290" Y="275" T="0" Pressure="0"/>
        <Point X="290" Y="274" T="0" Pressure="0"/>
        <Point X="291" Y="273" T="0" Pressure="0"/>
        <Point X="291" Y="271" T="0" Pressure="0"/>
        <Point X="292" Y="270" T="0" Pressure="0"/>
        <Point X="293" Y="269" T="0" Pressure="0"/>
        <Point X="294" Y="267" T="0" Pressure="0"/>
        <Point X="295" Y="265" T="0" Pressure="0"/>
        <Point X="295" Y="262" T="0" Pressure="0"/>
        <Point X="295" Y="260" T="0" Pressure="0"/>
        <Point X="296" Y="257" T="0" Pressure="0"/>
        <Point X="298" Y="254" T="0" Pressure="0"/>
        <Point X="298" Y="252" T="0" Pressure="0"/>
        <Point X="299" Y="248" T="0" Pressure="0"/>
        <Point X="299" Y="245" T="0" Pressure="0"/>
        <Point X="300" Y="241" T="0" Pressure="0"/>
        <Point X="301" Y="237" T="0" Pressure="0"/>
        <Point X="302" Y="233" T="0" Pressure="0"/>
        <Point X="302" Y="229" T="0" Pressure="0"/>
        <Point X="303" Y="226" T="0" Pressure="0"/>
        <Point X="304" Y="222" T="0" Pressure="0"/>
        <Point X="306" Y="217" T="0" Pressure="0"/>
        <Point X="306" Y="213" T="0" Pressure="0"/>
        <Point X="308" Y="208" T="0" Pressure="0"/>
        <Point X="310" Y="203" T="0" Pressure="0"/>
        <Point X="311" Y="199" T="0" Pressure="0"/>
        <Point X="313" Y="194" T="0" Pressure="0"/>
        <Point X="315" Y="189" T="0" Pressure="0"/>
        <Point X="317" Y="184" T="0" Pressure="0"/>
        <Point X="320" Y="178" T="0" Pressure="0"/>
        <Point X="322" Y="174" T="0" Pressure="0"/>
        <Point X="325" Y="169" T="0" Pressure="0"/>
        <Point X="328" Y="164" T="0" Pressure="0"/>
        <Point X="330" Y="159" T="0" Pressure="0"/>
        <Point X="332" Y="154" T="0" Pressure="0"/>
        <Point X="336" Y="150" T="0" Pressure="0"/>
        <Point X="338" Y="146" T="0" Pressure="0"/>
        <Point X="340" Y="142" T="0" Pressure="0"/>
        <Point X="344" Y="138" T="0" Pressure="0"/>
        <Point X="347" Y="135" T="0" Pressure="0"/>
        <Point X="349" Y="131" T="0" Pressure="0"/>
        <Point X="352" Y="128" T="0" Pressure="0"/>
        <Point X="355" Y="126" T="0" Pressure="0"/>
        <Point X="358" Y="123" T="0" Pressure="0"/>
        <Point X="360" Y="121" T="0" Pressure="0"/>
        <Point X="362" Y="119" T="0" Pressure="0"/>
        <Point X="365" Y="117" T="0" Pressure="0"/>
        <Point X="367" Y="116" T="0" Pressure="0"/>
        <Point X="370" Y="115" T="0" Pressure="0"/>
        <Point X="372" Y="115" T="0" Pressure="0"/>
        <Point X="374" Y="114" T="0" Pressure="0"/>
        <Point X="378" Y="114" T="0" Pressure="0"/>
        <Point X="380" Y="114" T="0" Pressure="0"/>
        <Point X="381" Y="114" T="0" Pressure="0"/>
        <Point X="383" Y="115" T="0" Pressure="0"/>
        <Point X="385" Y="116" T="0" Pressure="0"/>
        <Point X="386" Y="117" T="0" Pressure="0"/>
        <Point X="388" Y="119" T="0" Pressure="0"/>
        <Point X="390" Y="121" T="0" Pressure="0"/>
        <Point X="392" Y="122" T="0" Pressure="0"/>
        <Point X="394" Y="125" T="0" Pressure="0"/>
        <Point X="396" Y="127" T="0" Pressure="0"/>
        <Point X="397" Y="130" T="0" Pressure="0"/>
        <Point X="400" Y="134" T="0" Pressure="0"/>
        <Point X="401" Y="138" T="0" Pressure="0"/>
        <Point X="405" Y="146" T="0" Pressure="0"/>
        <Point X="407" Y="151" T="0" Pressure="0"/>
        <Point X="409" Y="155" T="0" Pressure="0"/>
        <Point X="411" Y="160" T="0" Pressure="0"/>
        <Point X="414" Y="166" T="0" Pressure="0"/>
        <Point X="415" Y="171" T="0" Pressure="0"/>
        <Point X="418" Y="176" T="0" Pressure="0"/>
        <Point X="419" Y="181" T="0" Pressure="0"/>
        <Point X="423" Y="191" T="0" Pressure="0"/>
        <Point X="425" Y="197" T="0" Pressure="0"/>
        <Point X="426" Y="202" T="0" Pressure="0"/>
        <Point X="430" Y="212" T="0" Pressure="0"/>
        <Point X="433" Y="222" T="0" Pressure="0"/>
        <Point X="434" Y="227" T="0" Pressure="0"/>
        <Point X="436" Y="231" T="0" Pressure="0"/>
        <Point X="437" Y="235" T="0" Pressure="0"/>
        <Point X="438" Y="239" T="0" Pressure="0"/>
        <Point X="439" Y="243" T="0" Pressure="0"/>
        <Point X="441" Y="246" T="0" Pressure="0"/>
        <Point X="441" Y="249" T="0" Pressure="0"/>
        <Point X="442" Y="252" T="0" Pressure="0"/>
        <Point X="443" Y="254" T="0" Pressure="0"/>
        <Point X="443" Y="257" T="0" Pressure="0"/>
        <Point X="444" Y="259" T="0" Pressure="0"/>
        <Point X="444" Y="261" T="0" Pressure="0"/>
        <Point X="444" Y="262" T="0" Pressure="0"/>
        <Point X="444" Y="265" T="0" Pressure="0"/>
        <Point X="443" Y="266" T="0" Pressure="0"/>
        <Point X="442" Y="267" T="0" Pressure="0"/>
        <Point X="441" Y="268" T="0" Pressure="0"/>
        <Point X="440" Y="269" T="0" Pressure="0"/>
        <Point X="438" Y="270" T="0" Pressure="0"/>
        <Point X="437" Y="272" T="0" Pressure="0"/>
        <Point X="435" Y="273" T="0" Pressure="0"/>
        <Point X="433" Y="274" T="0" Pressure="0"/>
        <Point X="431" Y="274" T="0" Pressure="0"/>
        <Point X="429" Y="275" T="0" Pressure="0"/>
        <Point X="426" Y="276" T="0" Pressure="0"/>
        <Point X="423" Y="276" T="0" Pressure="0"/>
        <Point X="420" Y="276" T="0" Pressure="0"/>
        <Point X="417" Y="276" T="0" Pressure="0"/>
        <Point X="414" Y="277" T="0" Pressure="0"/>
        <Point X="410" Y="277" T="0" Pressure="0"/>
        <Point X="406" Y="277" T="0" Pressure="0"/>
        <Point X="401" Y="277" T="0" Pressure="0"/>
        <Point X="397" Y="277" T="0" Pressure="0"/>
        <Point X="393" Y="277" T="0" Pressure="0"/>
        <Point X="389" Y="277" T="0" Pressure="0"/>
        <Point X="385" Y="276" T="0" Pressure="0"/>
        <Point X="380" Y="276" T="0" Pressure="0"/>
        <Point X="374" Y="276" T="0" Pressure="0"/>
        <Point X="370" Y="276" T="0" Pressure="0"/>
        <Point X="365" Y="276" T="0" Pressure="0"/>
        <Point X="360" Y="276" T="0" Pressure="0"/>
        <Point X="355" Y="275" T="0" Pressure="0"/>
        <Point X="350" Y="275" T="0" Pressure="0"/>
        <Point X="344" Y="275" T="0" Pressure="0"/>
        <Point X="335" Y="275" T="0" Pressure="0"/>
        <Point X="330" Y="275" T="0" Pressure="0"/>
        <Point X="325" Y="275" T="0" Pressure="0"/>
        <Point X="317" Y="275" T="0" Pressure="0"/>
        <Point X="313" Y="275" T="0" Pressure="0"/>
        <Point X="309" Y="275" T="0" Pressure="0"/>
        <Point X="306" Y="275" T="0" Pressure="0"/>
        <Point X="302" Y="275" T="0" Pressure="0"/>
        <Point X="299" Y="275" T="0" Pressure="0"/>
        <Point X="295" Y="276" T="0" Pressure="0"/>
        <Point X="294" Y="276" T="0" Pressure="0"/>
        <Point X="291" Y="276" T="0" Pressure="0"/>
        <Point X="290" Y="276" T="0" Pressure="0"/>
        <Point X="288" Y="276" T="0" Pressure="0"/>
        <Point X="287" Y="277" T="0" Pressure="0"/>
        <Point X="286" Y="277" T="0" Pressure="0"/>
        <Point X="284" Y="277" T="0" Pressure="0"/>
        <Point X="284" Y="278" T="0" Pressure="0"/>
        <Point X="283" Y="278" T="0" Pressure="0"/>
        <Point X="283" Y="279" T="0" Pressure="0"/>
    </Stroke>
    <Stroke index="2">
        <Point X="287" Y="191" T="0" Pressure="0"/>
        <Point X="286" Y="190" T="0" Pressure="0"/>
        <Point X="285" Y="187" T="0" Pressure="0"/>
        <Point X="284" Y="184" T="0" Pressure="0"/>
        <Point X="283" Y="180" T="0" Pressure="0"/>
        <Point X="283" Y="177" T="0" Pressure="0"/>
        <Point X="284" Y="177" T="0" Pressure="0"/>
        <Point X="286" Y="177" T="0" Pressure="0"/>
        <Point X="287" Y="177" T="0" Pressure="0"/>
        <Point X="290" Y="178" T="0" Pressure="0"/>
        <Point X="291" Y="178" T="0" Pressure="0"/>
        <Point X="292" Y="179" T="0" Pressure="0"/>
        <Point X="295" Y="182" T="0" Pressure="0"/>
        <Point X="297" Y="184" T="0" Pressure="0"/>
        <Point X="299" Y="187" T="0" Pressure="0"/>
        <Point X="302" Y="192" T="0" Pressure="0"/>
        <Point X="304" Y="195" T="0" Pressure="0"/>
        <Point X="306" Y="199" T="0" Pressure="0"/>
        <Point X="307" Y="202" T="0" Pressure="0"/>
        <Point X="310" Y="206" T="0" Pressure="0"/>
        <Point X="311" Y="210" T="0" Pressure="0"/>
        <Point X="314" Y="216" T="0" Pressure="0"/>
        <Point X="315" Y="221" T="0" Pressure="0"/>
        <Point X="317" Y="227" T="0" Pressure="0"/>
        <Point X="320" Y="232" T="0" Pressure="0"/>
        <Point X="322" Y="240" T="0" Pressure="0"/>
        <Point X="326" Y="252" T="0" Pressure="0"/>
        <Point X="329" Y="259" T="0" Pressure="0"/>
        <Point X="332" Y="266" T="0" Pressure="0"/>
        <Point X="337" Y="280" T="0" Pressure="0"/>
        <Point X="339" Y="286" T="0" Pressure="0"/>
        <Point X="341" Y="293" T="0" Pressure="0"/>
        <Point X="345" Y="305" T="0" Pressure="0"/>
        <Point X="347" Y="310" T="0" Pressure="0"/>
        <Point X="350" Y="316" T="0" Pressure="0"/>
        <Point X="353" Y="325" T="0" Pressure="0"/>
        <Point X="355" Y="328" T="0" Pressure="0"/>
        <Point X="357" Y="332" T="0" Pressure="0"/>
        <Point X="359" Y="335" T="0" Pressure="0"/>
        <Point X="360" Y="339" T="0" Pressure="0"/>
        <Point X="362" Y="341" T="0" Pressure="0"/>
        <Point X="363" Y="343" T="0" Pressure="0"/>
        <Point X="366" Y="345" T="0" Pressure="0"/>
        <Point X="367" Y="346" T="0" Pressure="0"/>
        <Point X="369" Y="347" T="0" Pressure="0"/>
        <Point X="370" Y="348" T="0" Pressure="0"/>
        <Point X="374" Y="348" T="0" Pressure="0"/>
        <Point X="375" Y="349" T="0" Pressure="0"/>
        <Point X="377" Y="349" T="0" Pressure="0"/>
        <Point X="381" Y="347" T="0" Pressure="0"/>
        <Point X="382" Y="346" T="0" Pressure="0"/>
        <Point X="384" Y="344" T="0" Pressure="0"/>
        <Point X="389" Y="339" T="0" Pressure="0"/>
        <Point X="390" Y="335" T="0" Pressure="0"/>
        <Point X="393" Y="331" T="0" Pressure="0"/>
        <Point X="397" Y="323" T="0" Pressure="0"/>
        <Point X="400" Y="319" T="0" Pressure="0"/>
        <Point X="402" Y="313" T="0" Pressure="0"/>
        <Point X="407" Y="301" T="0" Pressure="0"/>
        <Point X="410" Y="296" T="0" Pressure="0"/>
        <Point X="412" Y="290" T="0" Pressure="0"/>
        <Point X="414" Y="284" T="0" Pressure="0"/>
        <Point X="416" Y="277" T="0" Pressure="0"/>
        <Point X="422" Y="265" T="0" Pressure="0"/>
        <Point X="426" Y="253" T="0" Pressure="0"/>
        <Point X="429" Y="248" T="0" Pressure="0"/>
        <Point X="430" Y="242" T="0" Pressure="0"/>
        <Point X="435" Y="230" T="0" Pressure="0"/>
        <Point X="438" Y="226" T="0" Pressure="0"/>
        <Point X="441" Y="220" T="0" Pressure="0"/>
        <Point X="445" Y="209" T="0" Pressure="0"/>
        <Point X="448" Y="204" T="0" Pressure="0"/>
        <Point X="450" Y="199" T="0" Pressure="0"/>
        <Point X="454" Y="191" T="0" Pressure="0"/>
        <Point X="456" Y="186" T="0" Pressure="0"/>
        <Point X="457" Y="182" T="0" Pressure="0"/>
        <Point X="460" Y="177" T="0" Pressure="0"/>
        <Point X="462" Y="174" T="0" Pressure="0"/>
        <Point X="463" Y="172" T="0" Pressure="0"/>
        <Point X="464" Y="170" T="0" Pressure="0"/>
        <Point X="465" Y="169" T="0" Pressure="0"/>
        <Point X="466" Y="167" T="0" Pressure="0"/>
        <Point X="466" Y="166" T="0" Pressure="0"/>
        <Point X="465" Y="166" T="0" Pressure="0"/>
        <Point X="465" Y="165" T="0" Pressure="0"/>
        <Point X="464" Y="165" T="0" Pressure="0"/>
        <Point X="463" Y="164" T="0" Pressure="0"/>
        <Point X="459" Y="163" T="0" Pressure="0"/>
        <Point X="456" Y="162" T="0" Pressure="0"/>
        <Point X="454" Y="162" T="0" Pressure="0"/>
        <Point X="452" Y="162" T="0" Pressure="0"/>
        <Point X="448" Y="161" T="0" Pressure="0"/>
        <Point X="441" Y="161" T="0" Pressure="0"/>
        <Point X="437" Y="161" T="0" Pressure="0"/>
        <Point X="432" Y="161" T="0" Pressure="0"/>
        <Point X="427" Y="161" T="0" Pressure="0"/>
        <Point X="423" Y="160" T="0" Pressure="0"/>
        <Point X="417" Y="160" T="0" Pressure="0"/>
        <Point X="411" Y="160" T="0" Pressure="0"/>
        <Point X="399" Y="160" T="0" Pressure="0"/>
        <Point X="385" Y="160" T="0" Pressure="0"/>
        <Point X="370" Y="160" T="0" Pressure="0"/>
        <Point X="365" Y="160" T="0" Pressure="0"/>
        <Point X="358" Y="160" T="0" Pressure="0"/>
        <Point X="345" Y="161" T="0" Pressure="0"/>
        <Point X="333" Y="161" T="0" Pressure="0"/>
        <Point X="324" Y="162" T="0" Pressure="0"/>
        <Point X="320" Y="162" T="0" Pressure="0"/>
        <Point X="316" Y="162" T="0" Pressure="0"/>
        <Point X="309" Y="163" T="0" Pressure="0"/>
        <Point X="306" Y="164" T="0" Pressure="0"/>
        <Point X="303" Y="165" T="0" Pressure="0"/>
        <Point X="298" Y="167" T="0" Pressure="0"/>
        <Point X="295" Y="168" T="0" Pressure="0"/>
        <Point X="294" Y="170" T="0" Pressure="0"/>
        <Point X="292" Y="172" T="0" Pressure="0"/>
    </Stroke>
</Gesture>
