<?xml version="1.0" ?>
<Gesture Name="X~04" Subject="6" Number="4" NumPts="83" InputType="stylus" Speed="MEDIUM">
    <Stroke index="1">
        <Point X="271" Y="167" T="0" Pressure="0"/>
        <Point X="272" Y="167" T="0" Pressure="0"/>
        <Point X="272" Y="168" T="0" Pressure="0"/>
        <Point X="273" Y="168" T="0" Pressure="0"/>
        <Point X="275" Y="169" T="0" Pressure="0"/>
        <Point X="276" Y="169" T="0" Pressure="0"/>
        <Point X="278" Y="170" T="0" Pressure="0"/>
        <Point X="280" Y="171" T="0" Pressure="0"/>
        <Point X="283" Y="172" T="0" Pressure="0"/>
        <Point X="287" Y="174" T="0" Pressure="0"/>
        <Point X="290" Y="176" T="0" Pressure="0"/>
        <Point X="294" Y="177" T="0" Pressure="0"/>
        <Point X="297" Y="180" T="0" Pressure="0"/>
        <Point X="302" Y="183" T="0" Pressure="0"/>
        <Point X="306" Y="186" T="0" Pressure="0"/>
        <Point X="310" Y="189" T="0" Pressure="0"/>
        <Point X="316" Y="192" T="0" Pressure="0"/>
        <Point X="320" Y="196" T="0" Pressure="0"/>
        <Point X="325" Y="200" T="0" Pressure="0"/>
        <Point X="330" Y="203" T="0" Pressure="0"/>
        <Point X="335" Y="207" T="0" Pressure="0"/>
        <Point X="340" Y="210" T="0" Pressure="0"/>
        <Point X="345" Y="215" T="0" Pressure="0"/>
        <Point X="350" Y="218" T="0" Pressure="0"/>
        <Point X="355" Y="222" T="0" Pressure="0"/>
        <Point X="360" Y="226" T="0" Pressure="0"/>
        <Point X="365" Y="230" T="0" Pressure="0"/>
        <Point X="375" Y="238" T="0" Pressure="0"/>
        <Point X="380" Y="242" T="0" Pressure="0"/>
        <Point X="385" Y="246" T="0" Pressure="0"/>
        <Point X="389" Y="250" T="0" Pressure="0"/>
        <Point X="395" Y="253" T="0" Pressure="0"/>
        <Point X="399" Y="256" T="0" Pressure="0"/>
        <Point X="404" Y="260" T="0" Pressure="0"/>
        <Point X="411" Y="266" T="0" Pressure="0"/>
        <Point X="415" Y="270" T="0" Pressure="0"/>
        <Point X="418" Y="273" T="0" Pressure="0"/>
        <Point X="422" Y="275" T="0" Pressure="0"/>
        <Point X="424" Y="277" T="0" Pressure="0"/>
        <Point X="427" Y="279" T="0" Pressure="0"/>
        <Point X="429" Y="281" T="0" Pressure="0"/>
        <Point X="431" Y="283" T="0" Pressure="0"/>
        <Point X="434" Y="284" T="0" Pressure="0"/>
        <Point X="435" Y="286" T="0" Pressure="0"/>
        <Point X="437" Y="287" T="0" Pressure="0"/>
    </Stroke>
    <Stroke index="2">
        <Point X="393" Y="147" T="0" Pressure="0"/>
        <Point X="390" Y="150" T="0" Pressure="0"/>
        <Point X="389" Y="151" T="0" Pressure="0"/>
        <Point X="388" Y="153" T="0" Pressure="0"/>
        <Point X="386" Y="155" T="0" Pressure="0"/>
        <Point X="385" Y="159" T="0" Pressure="0"/>
        <Point X="383" Y="162" T="0" Pressure="0"/>
        <Point X="381" Y="166" T="0" Pressure="0"/>
        <Point X="379" Y="172" T="0" Pressure="0"/>
        <Point X="377" Y="176" T="0" Pressure="0"/>
        <Point X="374" Y="181" T="0" Pressure="0"/>
        <Point X="372" Y="186" T="0" Pressure="0"/>
        <Point X="366" Y="199" T="0" Pressure="0"/>
        <Point X="363" Y="205" T="0" Pressure="0"/>
        <Point X="361" Y="210" T="0" Pressure="0"/>
        <Point X="358" Y="216" T="0" Pressure="0"/>
        <Point X="355" Y="222" T="0" Pressure="0"/>
        <Point X="352" Y="229" T="0" Pressure="0"/>
        <Point X="350" Y="235" T="0" Pressure="0"/>
        <Point X="347" Y="241" T="0" Pressure="0"/>
        <Point X="344" Y="247" T="0" Pressure="0"/>
        <Point X="341" Y="252" T="0" Pressure="0"/>
        <Point X="339" Y="257" T="0" Pressure="0"/>
        <Point X="336" Y="262" T="0" Pressure="0"/>
        <Point X="334" Y="267" T="0" Pressure="0"/>
        <Point X="332" Y="272" T="0" Pressure="0"/>
        <Point X="328" Y="280" T="0" Pressure="0"/>
        <Point X="325" Y="284" T="0" Pressure="0"/>
        <Point X="324" Y="287" T="0" Pressure="0"/>
        <Point X="321" Y="294" T="0" Pressure="0"/>
        <Point X="319" Y="296" T="0" Pressure="0"/>
        <Point X="318" Y="299" T="0" Pressure="0"/>
        <Point X="316" Y="303" T="0" Pressure="0"/>
        <Point X="316" Y="304" T="0" Pressure="0"/>
        <Point X="315" Y="306" T="0" Pressure="0"/>
        <Point X="314" Y="308" T="0" Pressure="0"/>
        <Point X="314" Y="309" T="0" Pressure="0"/>
        <Point X="314" Y="311" T="0" Pressure="0"/>
    </Stroke>
</Gesture>
