<?xml version="1.0" ?>
<Gesture Name="D~01" Subject="6" Number="1" NumPts="109" InputType="stylus" Speed="MEDIUM">
    <Stroke index="1">
        <Point X="349" Y="165" T="0" Pressure="0"/>
        <Point X="348" Y="166" T="0" Pressure="0"/>
        <Point X="348" Y="167" T="0" Pressure="0"/>
        <Point X="348" Y="168" T="0" Pressure="0"/>
        <Point X="348" Y="170" T="0" Pressure="0"/>
        <Point X="348" Y="172" T="0" Pressure="0"/>
        <Point X="349" Y="176" T="0" Pressure="0"/>
        <Point X="350" Y="180" T="0" Pressure="0"/>
        <Point X="350" Y="185" T="0" Pressure="0"/>
        <Point X="351" Y="191" T="0" Pressure="0"/>
        <Point X="351" Y="197" T="0" Pressure="0"/>
        <Point X="351" Y="203" T="0" Pressure="0"/>
        <Point X="351" Y="209" T="0" Pressure="0"/>
        <Point X="351" Y="215" T="0" Pressure="0"/>
        <Point X="351" Y="221" T="0" Pressure="0"/>
        <Point X="351" Y="226" T="0" Pressure="0"/>
        <Point X="351" Y="231" T="0" Pressure="0"/>
        <Point X="351" Y="237" T="0" Pressure="0"/>
        <Point X="351" Y="241" T="0" Pressure="0"/>
        <Point X="351" Y="246" T="0" Pressure="0"/>
        <Point X="352" Y="250" T="0" Pressure="0"/>
        <Point X="352" Y="254" T="0" Pressure="0"/>
        <Point X="353" Y="257" T="0" Pressure="0"/>
        <Point X="354" Y="261" T="0" Pressure="0"/>
        <Point X="354" Y="264" T="0" Pressure="0"/>
        <Point X="354" Y="266" T="0" Pressure="0"/>
        <Point X="355" Y="269" T="0" Pressure="0"/>
        <Point X="357" Y="276" T="0" Pressure="0"/>
        <Point X="358" Y="276" T="0" Pressure="0"/>
        <Point X="358" Y="277" T="0" Pressure="0"/>
        <Point X="358" Y="278" T="0" Pressure="0"/>
    </Stroke>
    <Stroke index="2">
        <Point X="333" Y="169" T="0" Pressure="0"/>
        <Point X="332" Y="167" T="0" Pressure="0"/>
        <Point X="332" Y="166" T="0" Pressure="0"/>
        <Point X="332" Y="165" T="0" Pressure="0"/>
        <Point X="333" Y="165" T="0" Pressure="0"/>
        <Point X="334" Y="164" T="0" Pressure="0"/>
        <Point X="335" Y="164" T="0" Pressure="0"/>
        <Point X="336" Y="164" T="0" Pressure="0"/>
        <Point X="337" Y="163" T="0" Pressure="0"/>
        <Point X="338" Y="162" T="0" Pressure="0"/>
        <Point X="340" Y="162" T="0" Pressure="0"/>
        <Point X="341" Y="162" T="0" Pressure="0"/>
        <Point X="344" Y="161" T="0" Pressure="0"/>
        <Point X="345" Y="161" T="0" Pressure="0"/>
        <Point X="348" Y="161" T="0" Pressure="0"/>
        <Point X="351" Y="161" T="0" Pressure="0"/>
        <Point X="354" Y="161" T="0" Pressure="0"/>
        <Point X="357" Y="160" T="0" Pressure="0"/>
        <Point X="360" Y="160" T="0" Pressure="0"/>
        <Point X="363" Y="160" T="0" Pressure="0"/>
        <Point X="366" Y="160" T="0" Pressure="0"/>
        <Point X="370" Y="160" T="0" Pressure="0"/>
        <Point X="374" Y="160" T="0" Pressure="0"/>
        <Point X="378" Y="160" T="0" Pressure="0"/>
        <Point X="382" Y="161" T="0" Pressure="0"/>
        <Point X="386" Y="161" T="0" Pressure="0"/>
        <Point X="390" Y="162" T="0" Pressure="0"/>
        <Point X="394" Y="163" T="0" Pressure="0"/>
        <Point X="398" Y="164" T="0" Pressure="0"/>
        <Point X="403" Y="166" T="0" Pressure="0"/>
        <Point X="406" Y="167" T="0" Pressure="0"/>
        <Point X="410" Y="169" T="0" Pressure="0"/>
        <Point X="413" Y="171" T="0" Pressure="0"/>
        <Point X="416" Y="173" T="0" Pressure="0"/>
        <Point X="420" Y="176" T="0" Pressure="0"/>
        <Point X="423" Y="178" T="0" Pressure="0"/>
        <Point X="426" Y="181" T="0" Pressure="0"/>
        <Point X="429" Y="184" T="0" Pressure="0"/>
        <Point X="431" Y="188" T="0" Pressure="0"/>
        <Point X="433" Y="191" T="0" Pressure="0"/>
        <Point X="434" Y="195" T="0" Pressure="0"/>
        <Point X="437" Y="199" T="0" Pressure="0"/>
        <Point X="438" Y="203" T="0" Pressure="0"/>
        <Point X="438" Y="206" T="0" Pressure="0"/>
        <Point X="438" Y="210" T="0" Pressure="0"/>
        <Point X="438" Y="222" T="0" Pressure="0"/>
        <Point X="438" Y="226" T="0" Pressure="0"/>
        <Point X="437" Y="229" T="0" Pressure="0"/>
        <Point X="435" Y="233" T="0" Pressure="0"/>
        <Point X="434" Y="236" T="0" Pressure="0"/>
        <Point X="432" Y="241" T="0" Pressure="0"/>
        <Point X="430" Y="245" T="0" Pressure="0"/>
        <Point X="427" Y="248" T="0" Pressure="0"/>
        <Point X="425" Y="252" T="0" Pressure="0"/>
        <Point X="422" Y="254" T="0" Pressure="0"/>
        <Point X="419" Y="258" T="0" Pressure="0"/>
        <Point X="415" Y="261" T="0" Pressure="0"/>
        <Point X="411" Y="265" T="0" Pressure="0"/>
        <Point X="408" Y="267" T="0" Pressure="0"/>
        <Point X="401" Y="272" T="0" Pressure="0"/>
        <Point X="397" Y="275" T="0" Pressure="0"/>
        <Point X="393" Y="276" T="0" Pressure="0"/>
        <Point X="389" Y="278" T="0" Pressure="0"/>
        <Point X="385" Y="279" T="0" Pressure="0"/>
        <Point X="382" Y="280" T="0" Pressure="0"/>
        <Point X="378" Y="281" T="0" Pressure="0"/>
        <Point X="375" Y="282" T="0" Pressure="0"/>
        <Point X="372" Y="282" T="0" Pressure="0"/>
        <Point X="369" Y="283" T="0" Pressure="0"/>
        <Point X="366" Y="283" T="0" Pressure="0"/>
        <Point X="364" Y="283" T="0" Pressure="0"/>
        <Point X="362" Y="282" T="0" Pressure="0"/>
        <Point X="359" Y="282" T="0" Pressure="0"/>
        <Point X="358" Y="281" T="0" Pressure="0"/>
        <Point X="356" Y="281" T="0" Pressure="0"/>
        <Point X="355" Y="280" T="0" Pressure="0"/>
        <Point X="354" Y="280" T="0" Pressure="0"/>
        <Point X="354" Y="279" T="0" Pressure="0"/>
    </Stroke>
</Gesture>
