<?xml version="1.0" ?>
<Gesture Name="exclamation_point~09" Subject="6" Number="9" NumPts="40" InputType="stylus" Speed="MEDIUM">
    <Stroke index="1">
        <Point X="405" Y="187" T="0" Pressure="0"/>
        <Point X="404" Y="188" T="0" Pressure="0"/>
        <Point X="404" Y="189" T="0" Pressure="0"/>
        <Point X="404" Y="191" T="0" Pressure="0"/>
        <Point X="404" Y="192" T="0" Pressure="0"/>
        <Point X="404" Y="195" T="0" Pressure="0"/>
        <Point X="404" Y="197" T="0" Pressure="0"/>
        <Point X="405" Y="201" T="0" Pressure="0"/>
        <Point X="405" Y="204" T="0" Pressure="0"/>
        <Point X="405" Y="209" T="0" Pressure="0"/>
        <Point X="406" Y="212" T="0" Pressure="0"/>
        <Point X="406" Y="217" T="0" Pressure="0"/>
        <Point X="406" Y="222" T="0" Pressure="0"/>
        <Point X="407" Y="227" T="0" Pressure="0"/>
        <Point X="407" Y="232" T="0" Pressure="0"/>
        <Point X="407" Y="236" T="0" Pressure="0"/>
        <Point X="407" Y="241" T="0" Pressure="0"/>
        <Point X="406" Y="247" T="0" Pressure="0"/>
        <Point X="406" Y="252" T="0" Pressure="0"/>
        <Point X="405" Y="262" T="0" Pressure="0"/>
        <Point X="405" Y="267" T="0" Pressure="0"/>
        <Point X="405" Y="273" T="0" Pressure="0"/>
        <Point X="405" Y="277" T="0" Pressure="0"/>
        <Point X="405" Y="282" T="0" Pressure="0"/>
        <Point X="405" Y="287" T="0" Pressure="0"/>
        <Point X="405" Y="291" T="0" Pressure="0"/>
        <Point X="405" Y="296" T="0" Pressure="0"/>
        <Point X="405" Y="300" T="0" Pressure="0"/>
        <Point X="405" Y="303" T="0" Pressure="0"/>
        <Point X="405" Y="307" T="0" Pressure="0"/>
        <Point X="407" Y="314" T="0" Pressure="0"/>
        <Point X="407" Y="317" T="0" Pressure="0"/>
        <Point X="408" Y="320" T="0" Pressure="0"/>
        <Point X="408" Y="323" T="0" Pressure="0"/>
        <Point X="408" Y="326" T="0" Pressure="0"/>
        <Point X="409" Y="329" T="0" Pressure="0"/>
        <Point X="410" Y="331" T="0" Pressure="0"/>
    </Stroke>
    <Stroke index="2">
        <Point X="419" Y="374" T="0" Pressure="0"/>
        <Point X="418" Y="374" T="0" Pressure="0"/>
        <Point X="417" Y="374" T="0" Pressure="0"/>
    </Stroke>
</Gesture>
