<?xml version="1.0" ?>
<Gesture Name="P~08" Subject="6" Number="8" NumPts="113" InputType="stylus" Speed="MEDIUM">
    <Stroke index="1">
        <Point X="341" Y="126" T="0" Pressure="0"/>
        <Point X="341" Y="127" T="0" Pressure="0"/>
        <Point X="341" Y="129" T="0" Pressure="0"/>
        <Point X="341" Y="131" T="0" Pressure="0"/>
        <Point X="342" Y="135" T="0" Pressure="0"/>
        <Point X="343" Y="139" T="0" Pressure="0"/>
        <Point X="343" Y="143" T="0" Pressure="0"/>
        <Point X="343" Y="148" T="0" Pressure="0"/>
        <Point X="343" Y="159" T="0" Pressure="0"/>
        <Point X="343" Y="165" T="0" Pressure="0"/>
        <Point X="343" Y="171" T="0" Pressure="0"/>
        <Point X="343" Y="177" T="0" Pressure="0"/>
        <Point X="342" Y="183" T="0" Pressure="0"/>
        <Point X="341" Y="190" T="0" Pressure="0"/>
        <Point X="341" Y="196" T="0" Pressure="0"/>
        <Point X="340" Y="203" T="0" Pressure="0"/>
        <Point X="340" Y="210" T="0" Pressure="0"/>
        <Point X="339" Y="217" T="0" Pressure="0"/>
        <Point X="338" Y="224" T="0" Pressure="0"/>
        <Point X="337" Y="231" T="0" Pressure="0"/>
        <Point X="336" Y="240" T="0" Pressure="0"/>
        <Point X="336" Y="247" T="0" Pressure="0"/>
        <Point X="335" Y="254" T="0" Pressure="0"/>
        <Point X="335" Y="261" T="0" Pressure="0"/>
        <Point X="333" Y="268" T="0" Pressure="0"/>
        <Point X="333" Y="275" T="0" Pressure="0"/>
        <Point X="332" Y="281" T="0" Pressure="0"/>
        <Point X="332" Y="287" T="0" Pressure="0"/>
        <Point X="332" Y="292" T="0" Pressure="0"/>
        <Point X="332" Y="297" T="0" Pressure="0"/>
        <Point X="332" Y="301" T="0" Pressure="0"/>
        <Point X="332" Y="304" T="0" Pressure="0"/>
        <Point X="331" Y="308" T="0" Pressure="0"/>
        <Point X="331" Y="312" T="0" Pressure="0"/>
        <Point X="331" Y="315" T="0" Pressure="0"/>
        <Point X="331" Y="317" T="0" Pressure="0"/>
        <Point X="331" Y="319" T="0" Pressure="0"/>
        <Point X="331" Y="321" T="0" Pressure="0"/>
        <Point X="331" Y="323" T="0" Pressure="0"/>
        <Point X="331" Y="325" T="0" Pressure="0"/>
        <Point X="331" Y="326" T="0" Pressure="0"/>
        <Point X="331" Y="327" T="0" Pressure="0"/>
        <Point X="332" Y="327" T="0" Pressure="0"/>
        <Point X="332" Y="326" T="0" Pressure="0"/>
        <Point X="333" Y="326" T="0" Pressure="0"/>
        <Point X="333" Y="324" T="0" Pressure="0"/>
    </Stroke>
    <Stroke index="2">
        <Point X="343" Y="122" T="0" Pressure="0"/>
        <Point X="344" Y="120" T="0" Pressure="0"/>
        <Point X="344" Y="119" T="0" Pressure="0"/>
        <Point X="344" Y="117" T="0" Pressure="0"/>
        <Point X="345" Y="116" T="0" Pressure="0"/>
        <Point X="346" Y="116" T="0" Pressure="0"/>
        <Point X="347" Y="115" T="0" Pressure="0"/>
        <Point X="348" Y="115" T="0" Pressure="0"/>
        <Point X="349" Y="114" T="0" Pressure="0"/>
        <Point X="351" Y="114" T="0" Pressure="0"/>
        <Point X="352" Y="114" T="0" Pressure="0"/>
        <Point X="354" Y="114" T="0" Pressure="0"/>
        <Point X="356" Y="113" T="0" Pressure="0"/>
        <Point X="358" Y="113" T="0" Pressure="0"/>
        <Point X="360" Y="112" T="0" Pressure="0"/>
        <Point X="363" Y="112" T="0" Pressure="0"/>
        <Point X="366" Y="112" T="0" Pressure="0"/>
        <Point X="368" Y="112" T="0" Pressure="0"/>
        <Point X="371" Y="112" T="0" Pressure="0"/>
        <Point X="374" Y="112" T="0" Pressure="0"/>
        <Point X="377" Y="112" T="0" Pressure="0"/>
        <Point X="380" Y="112" T="0" Pressure="0"/>
        <Point X="383" Y="113" T="0" Pressure="0"/>
        <Point X="386" Y="114" T="0" Pressure="0"/>
        <Point X="389" Y="115" T="0" Pressure="0"/>
        <Point X="393" Y="116" T="0" Pressure="0"/>
        <Point X="396" Y="119" T="0" Pressure="0"/>
        <Point X="400" Y="121" T="0" Pressure="0"/>
        <Point X="403" Y="123" T="0" Pressure="0"/>
        <Point X="406" Y="126" T="0" Pressure="0"/>
        <Point X="409" Y="129" T="0" Pressure="0"/>
        <Point X="411" Y="132" T="0" Pressure="0"/>
        <Point X="415" Y="135" T="0" Pressure="0"/>
        <Point X="417" Y="140" T="0" Pressure="0"/>
        <Point X="419" Y="143" T="0" Pressure="0"/>
        <Point X="420" Y="147" T="0" Pressure="0"/>
        <Point X="422" Y="150" T="0" Pressure="0"/>
        <Point X="423" Y="154" T="0" Pressure="0"/>
        <Point X="424" Y="157" T="0" Pressure="0"/>
        <Point X="425" Y="162" T="0" Pressure="0"/>
        <Point X="425" Y="165" T="0" Pressure="0"/>
        <Point X="425" Y="169" T="0" Pressure="0"/>
        <Point X="424" Y="172" T="0" Pressure="0"/>
        <Point X="424" Y="176" T="0" Pressure="0"/>
        <Point X="423" Y="179" T="0" Pressure="0"/>
        <Point X="421" Y="182" T="0" Pressure="0"/>
        <Point X="417" Y="188" T="0" Pressure="0"/>
        <Point X="415" Y="191" T="0" Pressure="0"/>
        <Point X="411" Y="194" T="0" Pressure="0"/>
        <Point X="408" Y="196" T="0" Pressure="0"/>
        <Point X="404" Y="200" T="0" Pressure="0"/>
        <Point X="401" Y="202" T="0" Pressure="0"/>
        <Point X="397" Y="204" T="0" Pressure="0"/>
        <Point X="393" Y="206" T="0" Pressure="0"/>
        <Point X="389" Y="209" T="0" Pressure="0"/>
        <Point X="384" Y="211" T="0" Pressure="0"/>
        <Point X="378" Y="214" T="0" Pressure="0"/>
        <Point X="370" Y="217" T="0" Pressure="0"/>
        <Point X="362" Y="221" T="0" Pressure="0"/>
        <Point X="358" Y="222" T="0" Pressure="0"/>
        <Point X="354" Y="223" T="0" Pressure="0"/>
        <Point X="351" Y="224" T="0" Pressure="0"/>
        <Point X="349" Y="225" T="0" Pressure="0"/>
        <Point X="344" Y="227" T="0" Pressure="0"/>
        <Point X="341" Y="227" T="0" Pressure="0"/>
        <Point X="340" Y="228" T="0" Pressure="0"/>
        <Point X="337" Y="229" T="0" Pressure="0"/>
    </Stroke>
</Gesture>
