<?xml version="1.0" ?>
<Gesture Name="X~01" Subject="6" Number="1" NumPts="77" InputType="stylus" Speed="MEDIUM">
    <Stroke index="1">
        <Point X="276" Y="176" T="0" Pressure="0"/>
        <Point X="277" Y="177" T="0" Pressure="0"/>
        <Point X="278" Y="177" T="0" Pressure="0"/>
        <Point X="280" Y="177" T="0" Pressure="0"/>
        <Point X="281" Y="177" T="0" Pressure="0"/>
        <Point X="283" Y="178" T="0" Pressure="0"/>
        <Point X="285" Y="179" T="0" Pressure="0"/>
        <Point X="287" Y="180" T="0" Pressure="0"/>
        <Point X="291" Y="182" T="0" Pressure="0"/>
        <Point X="294" Y="184" T="0" Pressure="0"/>
        <Point X="297" Y="186" T="0" Pressure="0"/>
        <Point X="301" Y="189" T="0" Pressure="0"/>
        <Point X="305" Y="191" T="0" Pressure="0"/>
        <Point X="310" Y="194" T="0" Pressure="0"/>
        <Point X="314" Y="197" T="0" Pressure="0"/>
        <Point X="319" Y="200" T="0" Pressure="0"/>
        <Point X="324" Y="203" T="0" Pressure="0"/>
        <Point X="329" Y="206" T="0" Pressure="0"/>
        <Point X="333" Y="210" T="0" Pressure="0"/>
        <Point X="339" Y="214" T="0" Pressure="0"/>
        <Point X="344" Y="218" T="0" Pressure="0"/>
        <Point X="355" Y="227" T="0" Pressure="0"/>
        <Point X="360" Y="230" T="0" Pressure="0"/>
        <Point X="370" Y="239" T="0" Pressure="0"/>
        <Point X="401" Y="261" T="0" Pressure="0"/>
        <Point X="406" Y="265" T="0" Pressure="0"/>
        <Point X="411" Y="269" T="0" Pressure="0"/>
        <Point X="415" Y="272" T="0" Pressure="0"/>
        <Point X="419" Y="275" T="0" Pressure="0"/>
        <Point X="423" Y="277" T="0" Pressure="0"/>
        <Point X="434" Y="286" T="0" Pressure="0"/>
        <Point X="439" Y="290" T="0" Pressure="0"/>
        <Point X="445" Y="294" T="0" Pressure="0"/>
        <Point X="447" Y="295" T="0" Pressure="0"/>
    </Stroke>
    <Stroke index="2">
        <Point X="420" Y="146" T="0" Pressure="0"/>
        <Point X="419" Y="147" T="0" Pressure="0"/>
        <Point X="416" Y="149" T="0" Pressure="0"/>
        <Point X="415" Y="150" T="0" Pressure="0"/>
        <Point X="414" Y="152" T="0" Pressure="0"/>
        <Point X="411" Y="154" T="0" Pressure="0"/>
        <Point X="410" Y="157" T="0" Pressure="0"/>
        <Point X="407" Y="161" T="0" Pressure="0"/>
        <Point X="404" Y="165" T="0" Pressure="0"/>
        <Point X="401" Y="170" T="0" Pressure="0"/>
        <Point X="397" Y="175" T="0" Pressure="0"/>
        <Point X="394" Y="178" T="0" Pressure="0"/>
        <Point X="391" Y="184" T="0" Pressure="0"/>
        <Point X="388" Y="189" T="0" Pressure="0"/>
        <Point X="384" Y="194" T="0" Pressure="0"/>
        <Point X="380" Y="200" T="0" Pressure="0"/>
        <Point X="376" Y="206" T="0" Pressure="0"/>
        <Point X="373" Y="212" T="0" Pressure="0"/>
        <Point X="369" Y="219" T="0" Pressure="0"/>
        <Point X="365" Y="226" T="0" Pressure="0"/>
        <Point X="360" Y="232" T="0" Pressure="0"/>
        <Point X="356" Y="239" T="0" Pressure="0"/>
        <Point X="352" Y="246" T="0" Pressure="0"/>
        <Point X="349" Y="252" T="0" Pressure="0"/>
        <Point X="345" Y="259" T="0" Pressure="0"/>
        <Point X="342" Y="265" T="0" Pressure="0"/>
        <Point X="339" Y="271" T="0" Pressure="0"/>
        <Point X="336" Y="276" T="0" Pressure="0"/>
        <Point X="333" Y="282" T="0" Pressure="0"/>
        <Point X="331" Y="287" T="0" Pressure="0"/>
        <Point X="328" Y="292" T="0" Pressure="0"/>
        <Point X="325" Y="296" T="0" Pressure="0"/>
        <Point X="323" Y="301" T="0" Pressure="0"/>
        <Point X="321" Y="304" T="0" Pressure="0"/>
        <Point X="319" Y="308" T="0" Pressure="0"/>
        <Point X="317" Y="310" T="0" Pressure="0"/>
        <Point X="316" Y="314" T="0" Pressure="0"/>
        <Point X="315" Y="316" T="0" Pressure="0"/>
        <Point X="314" Y="318" T="0" Pressure="0"/>
        <Point X="313" Y="320" T="0" Pressure="0"/>
        <Point X="311" Y="322" T="0" Pressure="0"/>
        <Point X="311" Y="324" T="0" Pressure="0"/>
        <Point X="311" Y="325" T="0" Pressure="0"/>
    </Stroke>
</Gesture>
