<?xml version="1.0" ?>
<Gesture Name="T~02" Subject="6" Number="2" NumPts="99" InputType="stylus" Speed="MEDIUM">
    <Stroke index="1">
        <Point X="234" Y="216" T="0" Pressure="0"/>
        <Point X="234" Y="214" T="0" Pressure="0"/>
        <Point X="234" Y="212" T="0" Pressure="0"/>
        <Point X="234" Y="211" T="0" Pressure="0"/>
        <Point X="235" Y="210" T="0" Pressure="0"/>
        <Point X="235" Y="209" T="0" Pressure="0"/>
        <Point X="236" Y="209" T="0" Pressure="0"/>
        <Point X="237" Y="209" T="0" Pressure="0"/>
        <Point X="238" Y="209" T="0" Pressure="0"/>
        <Point X="240" Y="209" T="0" Pressure="0"/>
        <Point X="245" Y="209" T="0" Pressure="0"/>
        <Point X="247" Y="209" T="0" Pressure="0"/>
        <Point X="250" Y="209" T="0" Pressure="0"/>
        <Point X="253" Y="209" T="0" Pressure="0"/>
        <Point X="257" Y="209" T="0" Pressure="0"/>
        <Point X="262" Y="209" T="0" Pressure="0"/>
        <Point X="267" Y="208" T="0" Pressure="0"/>
        <Point X="272" Y="208" T="0" Pressure="0"/>
        <Point X="276" Y="207" T="0" Pressure="0"/>
        <Point X="282" Y="207" T="0" Pressure="0"/>
        <Point X="287" Y="206" T="0" Pressure="0"/>
        <Point X="294" Y="206" T="0" Pressure="0"/>
        <Point X="299" Y="205" T="0" Pressure="0"/>
        <Point X="305" Y="204" T="0" Pressure="0"/>
        <Point X="311" Y="204" T="0" Pressure="0"/>
        <Point X="317" Y="203" T="0" Pressure="0"/>
        <Point X="324" Y="203" T="0" Pressure="0"/>
        <Point X="330" Y="202" T="0" Pressure="0"/>
        <Point X="336" Y="202" T="0" Pressure="0"/>
        <Point X="341" Y="201" T="0" Pressure="0"/>
        <Point X="347" Y="200" T="0" Pressure="0"/>
        <Point X="354" Y="200" T="0" Pressure="0"/>
        <Point X="359" Y="199" T="0" Pressure="0"/>
        <Point X="365" Y="198" T="0" Pressure="0"/>
        <Point X="370" Y="197" T="0" Pressure="0"/>
        <Point X="374" Y="197" T="0" Pressure="0"/>
        <Point X="380" Y="197" T="0" Pressure="0"/>
        <Point X="384" Y="197" T="0" Pressure="0"/>
        <Point X="388" Y="196" T="0" Pressure="0"/>
        <Point X="393" Y="196" T="0" Pressure="0"/>
        <Point X="396" Y="196" T="0" Pressure="0"/>
        <Point X="400" Y="195" T="0" Pressure="0"/>
        <Point X="403" Y="195" T="0" Pressure="0"/>
        <Point X="406" Y="195" T="0" Pressure="0"/>
        <Point X="409" Y="195" T="0" Pressure="0"/>
        <Point X="411" Y="195" T="0" Pressure="0"/>
        <Point X="414" Y="195" T="0" Pressure="0"/>
        <Point X="415" Y="195" T="0" Pressure="0"/>
        <Point X="417" Y="195" T="0" Pressure="0"/>
        <Point X="418" Y="195" T="0" Pressure="0"/>
        <Point X="419" Y="195" T="0" Pressure="0"/>
        <Point X="419" Y="196" T="0" Pressure="0"/>
        <Point X="420" Y="196" T="0" Pressure="0"/>
    </Stroke>
    <Stroke index="2">
        <Point X="336" Y="210" T="0" Pressure="0"/>
        <Point X="335" Y="208" T="0" Pressure="0"/>
        <Point X="335" Y="207" T="0" Pressure="0"/>
        <Point X="335" Y="208" T="0" Pressure="0"/>
        <Point X="336" Y="209" T="0" Pressure="0"/>
        <Point X="336" Y="210" T="0" Pressure="0"/>
        <Point X="336" Y="211" T="0" Pressure="0"/>
        <Point X="336" Y="213" T="0" Pressure="0"/>
        <Point X="336" Y="215" T="0" Pressure="0"/>
        <Point X="336" Y="217" T="0" Pressure="0"/>
        <Point X="337" Y="221" T="0" Pressure="0"/>
        <Point X="337" Y="224" T="0" Pressure="0"/>
        <Point X="337" Y="227" T="0" Pressure="0"/>
        <Point X="337" Y="231" T="0" Pressure="0"/>
        <Point X="337" Y="236" T="0" Pressure="0"/>
        <Point X="337" Y="242" T="0" Pressure="0"/>
        <Point X="336" Y="249" T="0" Pressure="0"/>
        <Point X="336" Y="254" T="0" Pressure="0"/>
        <Point X="336" Y="260" T="0" Pressure="0"/>
        <Point X="336" Y="266" T="0" Pressure="0"/>
        <Point X="336" Y="273" T="0" Pressure="0"/>
        <Point X="336" Y="278" T="0" Pressure="0"/>
        <Point X="335" Y="284" T="0" Pressure="0"/>
        <Point X="335" Y="289" T="0" Pressure="0"/>
        <Point X="335" Y="294" T="0" Pressure="0"/>
        <Point X="335" Y="298" T="0" Pressure="0"/>
        <Point X="335" Y="302" T="0" Pressure="0"/>
        <Point X="335" Y="306" T="0" Pressure="0"/>
        <Point X="336" Y="311" T="0" Pressure="0"/>
        <Point X="336" Y="315" T="0" Pressure="0"/>
        <Point X="336" Y="319" T="0" Pressure="0"/>
        <Point X="336" Y="323" T="0" Pressure="0"/>
        <Point X="336" Y="329" T="0" Pressure="0"/>
        <Point X="336" Y="332" T="0" Pressure="0"/>
        <Point X="336" Y="335" T="0" Pressure="0"/>
        <Point X="336" Y="338" T="0" Pressure="0"/>
        <Point X="336" Y="340" T="0" Pressure="0"/>
        <Point X="336" Y="342" T="0" Pressure="0"/>
        <Point X="336" Y="344" T="0" Pressure="0"/>
        <Point X="336" Y="346" T="0" Pressure="0"/>
        <Point X="336" Y="347" T="0" Pressure="0"/>
        <Point X="336" Y="349" T="0" Pressure="0"/>
        <Point X="336" Y="350" T="0" Pressure="0"/>
        <Point X="336" Y="351" T="0" Pressure="0"/>
        <Point X="337" Y="351" T="0" Pressure="0"/>
        <Point X="337" Y="352" T="0" Pressure="0"/>
    </Stroke>
</Gesture>
