<?xml version="1.0" ?>
<Gesture Name="X~09" Subject="6" Number="9" NumPts="79" InputType="stylus" Speed="MEDIUM">
    <Stroke index="1">
        <Point X="318" Y="207" T="0" Pressure="0"/>
        <Point X="319" Y="209" T="0" Pressure="0"/>
        <Point X="321" Y="210" T="0" Pressure="0"/>
        <Point X="321" Y="211" T="0" Pressure="0"/>
        <Point X="328" Y="216" T="0" Pressure="0"/>
        <Point X="332" Y="217" T="0" Pressure="0"/>
        <Point X="335" Y="220" T="0" Pressure="0"/>
        <Point X="339" Y="223" T="0" Pressure="0"/>
        <Point X="342" Y="226" T="0" Pressure="0"/>
        <Point X="346" Y="229" T="0" Pressure="0"/>
        <Point X="350" Y="232" T="0" Pressure="0"/>
        <Point X="354" Y="235" T="0" Pressure="0"/>
        <Point X="358" Y="239" T="0" Pressure="0"/>
        <Point X="362" Y="242" T="0" Pressure="0"/>
        <Point X="366" Y="245" T="0" Pressure="0"/>
        <Point X="370" Y="249" T="0" Pressure="0"/>
        <Point X="375" Y="252" T="0" Pressure="0"/>
        <Point X="379" Y="255" T="0" Pressure="0"/>
        <Point X="384" Y="259" T="0" Pressure="0"/>
        <Point X="388" Y="262" T="0" Pressure="0"/>
        <Point X="393" Y="266" T="0" Pressure="0"/>
        <Point X="397" Y="271" T="0" Pressure="0"/>
        <Point X="402" Y="274" T="0" Pressure="0"/>
        <Point X="406" Y="278" T="0" Pressure="0"/>
        <Point X="411" Y="281" T="0" Pressure="0"/>
        <Point X="415" Y="285" T="0" Pressure="0"/>
        <Point X="419" Y="289" T="0" Pressure="0"/>
        <Point X="423" Y="292" T="0" Pressure="0"/>
        <Point X="427" Y="296" T="0" Pressure="0"/>
        <Point X="431" Y="299" T="0" Pressure="0"/>
        <Point X="434" Y="302" T="0" Pressure="0"/>
        <Point X="438" Y="305" T="0" Pressure="0"/>
        <Point X="441" Y="308" T="0" Pressure="0"/>
        <Point X="445" Y="311" T="0" Pressure="0"/>
        <Point X="448" Y="314" T="0" Pressure="0"/>
        <Point X="450" Y="317" T="0" Pressure="0"/>
        <Point X="453" Y="320" T="0" Pressure="0"/>
        <Point X="456" Y="322" T="0" Pressure="0"/>
        <Point X="458" Y="325" T="0" Pressure="0"/>
        <Point X="460" Y="327" T="0" Pressure="0"/>
        <Point X="463" Y="329" T="0" Pressure="0"/>
        <Point X="465" Y="330" T="0" Pressure="0"/>
        <Point X="467" Y="332" T="0" Pressure="0"/>
    </Stroke>
    <Stroke index="2">
        <Point X="442" Y="192" T="0" Pressure="0"/>
        <Point X="441" Y="192" T="0" Pressure="0"/>
        <Point X="439" Y="193" T="0" Pressure="0"/>
        <Point X="437" Y="194" T="0" Pressure="0"/>
        <Point X="428" Y="209" T="0" Pressure="0"/>
        <Point X="426" Y="214" T="0" Pressure="0"/>
        <Point X="424" Y="218" T="0" Pressure="0"/>
        <Point X="422" Y="223" T="0" Pressure="0"/>
        <Point X="419" Y="228" T="0" Pressure="0"/>
        <Point X="415" Y="234" T="0" Pressure="0"/>
        <Point X="412" Y="239" T="0" Pressure="0"/>
        <Point X="410" Y="244" T="0" Pressure="0"/>
        <Point X="407" Y="250" T="0" Pressure="0"/>
        <Point X="403" Y="255" T="0" Pressure="0"/>
        <Point X="400" Y="261" T="0" Pressure="0"/>
        <Point X="393" Y="273" T="0" Pressure="0"/>
        <Point X="389" Y="278" T="0" Pressure="0"/>
        <Point X="385" Y="284" T="0" Pressure="0"/>
        <Point X="382" Y="290" T="0" Pressure="0"/>
        <Point X="378" Y="296" T="0" Pressure="0"/>
        <Point X="375" Y="301" T="0" Pressure="0"/>
        <Point X="367" Y="311" T="0" Pressure="0"/>
        <Point X="361" Y="322" T="0" Pressure="0"/>
        <Point X="358" Y="326" T="0" Pressure="0"/>
        <Point X="355" Y="331" T="0" Pressure="0"/>
        <Point X="352" Y="335" T="0" Pressure="0"/>
        <Point X="350" Y="340" T="0" Pressure="0"/>
        <Point X="347" Y="343" T="0" Pressure="0"/>
        <Point X="344" Y="347" T="0" Pressure="0"/>
        <Point X="343" Y="350" T="0" Pressure="0"/>
        <Point X="340" Y="353" T="0" Pressure="0"/>
        <Point X="339" Y="356" T="0" Pressure="0"/>
        <Point X="337" Y="359" T="0" Pressure="0"/>
        <Point X="336" Y="360" T="0" Pressure="0"/>
        <Point X="336" Y="363" T="0" Pressure="0"/>
        <Point X="335" Y="365" T="0" Pressure="0"/>
    </Stroke>
</Gesture>
