<?xml version="1.0" ?>
<Gesture Name="exclamation_point~04" Subject="6" Number="4" NumPts="40" InputType="stylus" Speed="MEDIUM">
    <Stroke index="1">
        <Point X="375" Y="178" T="0" Pressure="0"/>
        <Point X="374" Y="178" T="0" Pressure="0"/>
        <Point X="374" Y="177" T="0" Pressure="0"/>
        <Point X="374" Y="178" T="0" Pressure="0"/>
        <Point X="374" Y="179" T="0" Pressure="0"/>
        <Point X="374" Y="181" T="0" Pressure="0"/>
        <Point X="374" Y="184" T="0" Pressure="0"/>
        <Point X="374" Y="186" T="0" Pressure="0"/>
        <Point X="374" Y="189" T="0" Pressure="0"/>
        <Point X="375" Y="192" T="0" Pressure="0"/>
        <Point X="375" Y="201" T="0" Pressure="0"/>
        <Point X="376" Y="211" T="0" Pressure="0"/>
        <Point X="376" Y="217" T="0" Pressure="0"/>
        <Point X="376" Y="223" T="0" Pressure="0"/>
        <Point X="376" Y="229" T="0" Pressure="0"/>
        <Point X="376" Y="235" T="0" Pressure="0"/>
        <Point X="376" Y="241" T="0" Pressure="0"/>
        <Point X="376" Y="249" T="0" Pressure="0"/>
        <Point X="375" Y="254" T="0" Pressure="0"/>
        <Point X="375" Y="259" T="0" Pressure="0"/>
        <Point X="375" Y="271" T="0" Pressure="0"/>
        <Point X="375" Y="276" T="0" Pressure="0"/>
        <Point X="374" Y="281" T="0" Pressure="0"/>
        <Point X="374" Y="285" T="0" Pressure="0"/>
        <Point X="374" Y="290" T="0" Pressure="0"/>
        <Point X="374" Y="295" T="0" Pressure="0"/>
        <Point X="374" Y="299" T="0" Pressure="0"/>
        <Point X="374" Y="302" T="0" Pressure="0"/>
        <Point X="374" Y="307" T="0" Pressure="0"/>
        <Point X="374" Y="310" T="0" Pressure="0"/>
        <Point X="374" Y="313" T="0" Pressure="0"/>
        <Point X="375" Y="316" T="0" Pressure="0"/>
        <Point X="375" Y="319" T="0" Pressure="0"/>
        <Point X="375" Y="321" T="0" Pressure="0"/>
        <Point X="375" Y="324" T="0" Pressure="0"/>
        <Point X="376" Y="326" T="0" Pressure="0"/>
        <Point X="376" Y="327" T="0" Pressure="0"/>
        <Point X="377" Y="329" T="0" Pressure="0"/>
        <Point X="377" Y="330" T="0" Pressure="0"/>
    </Stroke>
    <Stroke index="2">
        <Point X="381" Y="361" T="0" Pressure="0"/>
    </Stroke>
</Gesture>
