<?xml version="1.0" ?>
<Gesture Name="null~06" Subject="6" Number="6" NumPts="128" InputType="stylus" Speed="MEDIUM">
    <Stroke index="1">
        <Point X="348" Y="143" T="0" Pressure="0"/>
        <Point X="344" Y="146" T="0" Pressure="0"/>
        <Point X="343" Y="147" T="0" Pressure="0"/>
        <Point X="341" Y="148" T="0" Pressure="0"/>
        <Point X="340" Y="150" T="0" Pressure="0"/>
        <Point X="339" Y="152" T="0" Pressure="0"/>
        <Point X="337" Y="154" T="0" Pressure="0"/>
        <Point X="336" Y="157" T="0" Pressure="0"/>
        <Point X="334" Y="161" T="0" Pressure="0"/>
        <Point X="332" Y="165" T="0" Pressure="0"/>
        <Point X="331" Y="169" T="0" Pressure="0"/>
        <Point X="329" Y="172" T="0" Pressure="0"/>
        <Point X="328" Y="177" T="0" Pressure="0"/>
        <Point X="326" Y="181" T="0" Pressure="0"/>
        <Point X="325" Y="186" T="0" Pressure="0"/>
        <Point X="324" Y="191" T="0" Pressure="0"/>
        <Point X="322" Y="196" T="0" Pressure="0"/>
        <Point X="321" Y="201" T="0" Pressure="0"/>
        <Point X="321" Y="205" T="0" Pressure="0"/>
        <Point X="320" Y="210" T="0" Pressure="0"/>
        <Point X="320" Y="216" T="0" Pressure="0"/>
        <Point X="320" Y="222" T="0" Pressure="0"/>
        <Point X="320" Y="227" T="0" Pressure="0"/>
        <Point X="320" Y="232" T="0" Pressure="0"/>
        <Point X="320" Y="238" T="0" Pressure="0"/>
        <Point X="321" Y="244" T="0" Pressure="0"/>
        <Point X="321" Y="250" T="0" Pressure="0"/>
        <Point X="323" Y="255" T="0" Pressure="0"/>
        <Point X="325" Y="266" T="0" Pressure="0"/>
        <Point X="327" Y="272" T="0" Pressure="0"/>
        <Point X="329" Y="276" T="0" Pressure="0"/>
        <Point X="331" Y="281" T="0" Pressure="0"/>
        <Point X="333" Y="285" T="0" Pressure="0"/>
        <Point X="336" Y="290" T="0" Pressure="0"/>
        <Point X="337" Y="294" T="0" Pressure="0"/>
        <Point X="340" Y="297" T="0" Pressure="0"/>
        <Point X="343" Y="300" T="0" Pressure="0"/>
        <Point X="345" Y="302" T="0" Pressure="0"/>
        <Point X="349" Y="305" T="0" Pressure="0"/>
        <Point X="355" Y="309" T="0" Pressure="0"/>
        <Point X="358" Y="311" T="0" Pressure="0"/>
        <Point X="361" Y="313" T="0" Pressure="0"/>
        <Point X="365" Y="314" T="0" Pressure="0"/>
        <Point X="367" Y="315" T="0" Pressure="0"/>
        <Point X="374" Y="316" T="0" Pressure="0"/>
        <Point X="381" Y="316" T="0" Pressure="0"/>
        <Point X="385" Y="316" T="0" Pressure="0"/>
        <Point X="388" Y="315" T="0" Pressure="0"/>
        <Point X="392" Y="315" T="0" Pressure="0"/>
        <Point X="396" Y="313" T="0" Pressure="0"/>
        <Point X="399" Y="312" T="0" Pressure="0"/>
        <Point X="403" Y="310" T="0" Pressure="0"/>
        <Point X="405" Y="309" T="0" Pressure="0"/>
        <Point X="408" Y="306" T="0" Pressure="0"/>
        <Point X="412" Y="304" T="0" Pressure="0"/>
        <Point X="415" Y="302" T="0" Pressure="0"/>
        <Point X="418" Y="300" T="0" Pressure="0"/>
        <Point X="420" Y="297" T="0" Pressure="0"/>
        <Point X="423" Y="294" T="0" Pressure="0"/>
        <Point X="426" Y="290" T="0" Pressure="0"/>
        <Point X="430" Y="284" T="0" Pressure="0"/>
        <Point X="434" Y="276" T="0" Pressure="0"/>
        <Point X="435" Y="273" T="0" Pressure="0"/>
        <Point X="436" Y="269" T="0" Pressure="0"/>
        <Point X="438" Y="264" T="0" Pressure="0"/>
        <Point X="438" Y="259" T="0" Pressure="0"/>
        <Point X="439" Y="254" T="0" Pressure="0"/>
        <Point X="440" Y="249" T="0" Pressure="0"/>
        <Point X="441" Y="242" T="0" Pressure="0"/>
        <Point X="441" Y="236" T="0" Pressure="0"/>
        <Point X="441" Y="225" T="0" Pressure="0"/>
        <Point X="439" Y="213" T="0" Pressure="0"/>
        <Point X="437" Y="202" T="0" Pressure="0"/>
        <Point X="434" Y="196" T="0" Pressure="0"/>
        <Point X="432" Y="191" T="0" Pressure="0"/>
        <Point X="430" Y="185" T="0" Pressure="0"/>
        <Point X="426" Y="180" T="0" Pressure="0"/>
        <Point X="423" Y="176" T="0" Pressure="0"/>
        <Point X="420" Y="172" T="0" Pressure="0"/>
        <Point X="416" Y="167" T="0" Pressure="0"/>
        <Point X="413" Y="164" T="0" Pressure="0"/>
        <Point X="409" Y="160" T="0" Pressure="0"/>
        <Point X="405" Y="158" T="0" Pressure="0"/>
        <Point X="400" Y="155" T="0" Pressure="0"/>
        <Point X="396" Y="153" T="0" Pressure="0"/>
        <Point X="385" Y="149" T="0" Pressure="0"/>
        <Point X="371" Y="147" T="0" Pressure="0"/>
        <Point X="366" Y="146" T="0" Pressure="0"/>
        <Point X="360" Y="146" T="0" Pressure="0"/>
        <Point X="357" Y="146" T="0" Pressure="0"/>
        <Point X="353" Y="146" T="0" Pressure="0"/>
        <Point X="349" Y="147" T="0" Pressure="0"/>
    </Stroke>
    <Stroke index="2">
        <Point X="463" Y="122" T="0" Pressure="0"/>
        <Point X="461" Y="122" T="0" Pressure="0"/>
        <Point X="455" Y="124" T="0" Pressure="0"/>
        <Point X="453" Y="126" T="0" Pressure="0"/>
        <Point X="448" Y="129" T="0" Pressure="0"/>
        <Point X="445" Y="132" T="0" Pressure="0"/>
        <Point X="441" Y="135" T="0" Pressure="0"/>
        <Point X="438" Y="139" T="0" Pressure="0"/>
        <Point X="430" Y="147" T="0" Pressure="0"/>
        <Point X="421" Y="156" T="0" Pressure="0"/>
        <Point X="417" Y="161" T="0" Pressure="0"/>
        <Point X="412" Y="167" T="0" Pressure="0"/>
        <Point X="408" Y="173" T="0" Pressure="0"/>
        <Point X="403" Y="179" T="0" Pressure="0"/>
        <Point X="397" Y="186" T="0" Pressure="0"/>
        <Point X="393" Y="192" T="0" Pressure="0"/>
        <Point X="387" Y="200" T="0" Pressure="0"/>
        <Point X="382" Y="207" T="0" Pressure="0"/>
        <Point X="377" Y="215" T="0" Pressure="0"/>
        <Point X="371" Y="222" T="0" Pressure="0"/>
        <Point X="360" Y="239" T="0" Pressure="0"/>
        <Point X="355" Y="247" T="0" Pressure="0"/>
        <Point X="349" Y="255" T="0" Pressure="0"/>
        <Point X="337" Y="271" T="0" Pressure="0"/>
        <Point X="332" Y="279" T="0" Pressure="0"/>
        <Point X="326" Y="286" T="0" Pressure="0"/>
        <Point X="321" Y="294" T="0" Pressure="0"/>
        <Point X="301" Y="322" T="0" Pressure="0"/>
        <Point X="296" Y="327" T="0" Pressure="0"/>
        <Point X="292" Y="332" T="0" Pressure="0"/>
        <Point X="288" Y="338" T="0" Pressure="0"/>
        <Point X="278" Y="351" T="0" Pressure="0"/>
        <Point X="272" Y="360" T="0" Pressure="0"/>
        <Point X="270" Y="363" T="0" Pressure="0"/>
        <Point X="268" Y="367" T="0" Pressure="0"/>
        <Point X="268" Y="368" T="0" Pressure="0"/>
    </Stroke>
</Gesture>
