<?xml version="1.0" ?>
<Gesture Name="N~02" Subject="6" Number="2" NumPts="129" InputType="stylus" Speed="MEDIUM">
    <Stroke index="1">
        <Point X="279" Y="127" T="0" Pressure="0"/>
        <Point X="278" Y="127" T="0" Pressure="0"/>
        <Point X="277" Y="126" T="0" Pressure="0"/>
        <Point X="277" Y="127" T="0" Pressure="0"/>
        <Point X="277" Y="129" T="0" Pressure="0"/>
        <Point X="277" Y="132" T="0" Pressure="0"/>
        <Point X="277" Y="135" T="0" Pressure="0"/>
        <Point X="278" Y="144" T="0" Pressure="0"/>
        <Point X="279" Y="149" T="0" Pressure="0"/>
        <Point X="279" Y="156" T="0" Pressure="0"/>
        <Point X="279" Y="164" T="0" Pressure="0"/>
        <Point X="279" Y="172" T="0" Pressure="0"/>
        <Point X="280" Y="180" T="0" Pressure="0"/>
        <Point X="280" Y="190" T="0" Pressure="0"/>
        <Point X="280" Y="200" T="0" Pressure="0"/>
        <Point X="280" Y="210" T="0" Pressure="0"/>
        <Point X="281" Y="220" T="0" Pressure="0"/>
        <Point X="281" Y="229" T="0" Pressure="0"/>
        <Point X="282" Y="239" T="0" Pressure="0"/>
        <Point X="283" Y="248" T="0" Pressure="0"/>
        <Point X="283" Y="257" T="0" Pressure="0"/>
        <Point X="284" Y="266" T="0" Pressure="0"/>
        <Point X="284" Y="274" T="0" Pressure="0"/>
        <Point X="284" Y="280" T="0" Pressure="0"/>
        <Point X="284" Y="287" T="0" Pressure="0"/>
        <Point X="284" Y="293" T="0" Pressure="0"/>
        <Point X="284" Y="298" T="0" Pressure="0"/>
        <Point X="283" Y="303" T="0" Pressure="0"/>
        <Point X="283" Y="306" T="0" Pressure="0"/>
        <Point X="283" Y="309" T="0" Pressure="0"/>
        <Point X="283" Y="312" T="0" Pressure="0"/>
        <Point X="283" Y="315" T="0" Pressure="0"/>
        <Point X="283" Y="316" T="0" Pressure="0"/>
        <Point X="282" Y="319" T="0" Pressure="0"/>
        <Point X="281" Y="320" T="0" Pressure="0"/>
        <Point X="281" Y="321" T="0" Pressure="0"/>
        <Point X="280" Y="321" T="0" Pressure="0"/>
        <Point X="280" Y="320" T="0" Pressure="0"/>
        <Point X="280" Y="319" T="0" Pressure="0"/>
        <Point X="280" Y="316" T="0" Pressure="0"/>
    </Stroke>
    <Stroke index="2">
        <Point X="273" Y="139" T="0" Pressure="0"/>
        <Point X="272" Y="137" T="0" Pressure="0"/>
        <Point X="272" Y="135" T="0" Pressure="0"/>
        <Point X="272" Y="134" T="0" Pressure="0"/>
        <Point X="272" Y="133" T="0" Pressure="0"/>
        <Point X="272" Y="132" T="0" Pressure="0"/>
        <Point X="273" Y="132" T="0" Pressure="0"/>
        <Point X="274" Y="132" T="0" Pressure="0"/>
        <Point X="276" Y="132" T="0" Pressure="0"/>
        <Point X="277" Y="133" T="0" Pressure="0"/>
        <Point X="278" Y="134" T="0" Pressure="0"/>
        <Point X="280" Y="134" T="0" Pressure="0"/>
        <Point X="281" Y="135" T="0" Pressure="0"/>
        <Point X="284" Y="138" T="0" Pressure="0"/>
        <Point X="286" Y="140" T="0" Pressure="0"/>
        <Point X="288" Y="142" T="0" Pressure="0"/>
        <Point X="292" Y="147" T="0" Pressure="0"/>
        <Point X="295" Y="150" T="0" Pressure="0"/>
        <Point X="297" Y="153" T="0" Pressure="0"/>
        <Point X="303" Y="161" T="0" Pressure="0"/>
        <Point X="310" Y="171" T="0" Pressure="0"/>
        <Point X="314" Y="176" T="0" Pressure="0"/>
        <Point X="317" Y="181" T="0" Pressure="0"/>
        <Point X="321" Y="187" T="0" Pressure="0"/>
        <Point X="325" Y="193" T="0" Pressure="0"/>
        <Point X="329" Y="200" T="0" Pressure="0"/>
        <Point X="335" Y="206" T="0" Pressure="0"/>
        <Point X="339" Y="212" T="0" Pressure="0"/>
        <Point X="344" Y="219" T="0" Pressure="0"/>
        <Point X="348" Y="226" T="0" Pressure="0"/>
        <Point X="353" Y="232" T="0" Pressure="0"/>
        <Point X="363" Y="246" T="0" Pressure="0"/>
        <Point X="368" Y="251" T="0" Pressure="0"/>
        <Point X="373" Y="256" T="0" Pressure="0"/>
        <Point X="378" Y="262" T="0" Pressure="0"/>
        <Point X="382" Y="267" T="0" Pressure="0"/>
        <Point X="392" Y="276" T="0" Pressure="0"/>
        <Point X="400" Y="283" T="0" Pressure="0"/>
        <Point X="403" Y="286" T="0" Pressure="0"/>
        <Point X="407" Y="289" T="0" Pressure="0"/>
        <Point X="410" Y="292" T="0" Pressure="0"/>
        <Point X="412" Y="295" T="0" Pressure="0"/>
        <Point X="415" Y="297" T="0" Pressure="0"/>
        <Point X="418" Y="299" T="0" Pressure="0"/>
        <Point X="420" Y="301" T="0" Pressure="0"/>
        <Point X="423" Y="301" T="0" Pressure="0"/>
        <Point X="424" Y="303" T="0" Pressure="0"/>
        <Point X="427" Y="303" T="0" Pressure="0"/>
        <Point X="429" Y="304" T="0" Pressure="0"/>
    </Stroke>
    <Stroke index="3">
        <Point X="415" Y="140" T="0" Pressure="0"/>
        <Point X="415" Y="139" T="0" Pressure="0"/>
        <Point X="415" Y="138" T="0" Pressure="0"/>
        <Point X="416" Y="139" T="0" Pressure="0"/>
        <Point X="416" Y="141" T="0" Pressure="0"/>
        <Point X="417" Y="142" T="0" Pressure="0"/>
        <Point X="418" Y="146" T="0" Pressure="0"/>
        <Point X="418" Y="149" T="0" Pressure="0"/>
        <Point X="419" Y="152" T="0" Pressure="0"/>
        <Point X="419" Y="157" T="0" Pressure="0"/>
        <Point X="420" Y="164" T="0" Pressure="0"/>
        <Point X="420" Y="171" T="0" Pressure="0"/>
        <Point X="421" Y="178" T="0" Pressure="0"/>
        <Point X="423" Y="195" T="0" Pressure="0"/>
        <Point X="423" Y="203" T="0" Pressure="0"/>
        <Point X="423" Y="213" T="0" Pressure="0"/>
        <Point X="424" Y="229" T="0" Pressure="0"/>
        <Point X="425" Y="238" T="0" Pressure="0"/>
        <Point X="426" Y="247" T="0" Pressure="0"/>
        <Point X="426" Y="254" T="0" Pressure="0"/>
        <Point X="426" Y="263" T="0" Pressure="0"/>
        <Point X="427" Y="270" T="0" Pressure="0"/>
        <Point X="427" Y="276" T="0" Pressure="0"/>
        <Point X="428" Y="287" T="0" Pressure="0"/>
        <Point X="429" Y="291" T="0" Pressure="0"/>
        <Point X="429" Y="296" T="0" Pressure="0"/>
        <Point X="429" Y="299" T="0" Pressure="0"/>
        <Point X="429" Y="302" T="0" Pressure="0"/>
        <Point X="429" Y="305" T="0" Pressure="0"/>
        <Point X="429" Y="307" T="0" Pressure="0"/>
        <Point X="428" Y="312" T="0" Pressure="0"/>
        <Point X="427" Y="314" T="0" Pressure="0"/>
        <Point X="427" Y="315" T="0" Pressure="0"/>
        <Point X="427" Y="317" T="0" Pressure="0"/>
        <Point X="427" Y="318" T="0" Pressure="0"/>
        <Point X="427" Y="319" T="0" Pressure="0"/>
        <Point X="427" Y="320" T="0" Pressure="0"/>
        <Point X="428" Y="320" T="0" Pressure="0"/>
        <Point X="429" Y="320" T="0" Pressure="0"/>
        <Point X="430" Y="320" T="0" Pressure="0"/>
    </Stroke>
</Gesture>
