<?xml version="1.0" ?>
<Gesture Name="X~08" Subject="6" Number="8" NumPts="86" InputType="stylus" Speed="MEDIUM">
    <Stroke index="1">
        <Point X="302" Y="194" T="0" Pressure="0"/>
        <Point X="303" Y="194" T="0" Pressure="0"/>
        <Point X="304" Y="194" T="0" Pressure="0"/>
        <Point X="305" Y="194" T="0" Pressure="0"/>
        <Point X="306" Y="194" T="0" Pressure="0"/>
        <Point X="307" Y="194" T="0" Pressure="0"/>
        <Point X="309" Y="194" T="0" Pressure="0"/>
        <Point X="310" Y="194" T="0" Pressure="0"/>
        <Point X="316" Y="197" T="0" Pressure="0"/>
        <Point X="318" Y="198" T="0" Pressure="0"/>
        <Point X="321" Y="201" T="0" Pressure="0"/>
        <Point X="325" Y="203" T="0" Pressure="0"/>
        <Point X="329" Y="206" T="0" Pressure="0"/>
        <Point X="333" Y="209" T="0" Pressure="0"/>
        <Point X="337" Y="212" T="0" Pressure="0"/>
        <Point X="341" Y="216" T="0" Pressure="0"/>
        <Point X="345" Y="220" T="0" Pressure="0"/>
        <Point X="350" Y="224" T="0" Pressure="0"/>
        <Point X="354" Y="227" T="0" Pressure="0"/>
        <Point X="359" Y="232" T="0" Pressure="0"/>
        <Point X="362" Y="236" T="0" Pressure="0"/>
        <Point X="367" Y="241" T="0" Pressure="0"/>
        <Point X="371" Y="245" T="0" Pressure="0"/>
        <Point X="375" Y="249" T="0" Pressure="0"/>
        <Point X="380" Y="253" T="0" Pressure="0"/>
        <Point X="385" Y="258" T="0" Pressure="0"/>
        <Point X="389" Y="262" T="0" Pressure="0"/>
        <Point X="393" Y="266" T="0" Pressure="0"/>
        <Point X="398" Y="270" T="0" Pressure="0"/>
        <Point X="403" Y="274" T="0" Pressure="0"/>
        <Point X="407" Y="277" T="0" Pressure="0"/>
        <Point X="411" Y="281" T="0" Pressure="0"/>
        <Point X="415" Y="284" T="0" Pressure="0"/>
        <Point X="419" Y="287" T="0" Pressure="0"/>
        <Point X="423" Y="290" T="0" Pressure="0"/>
        <Point X="426" Y="294" T="0" Pressure="0"/>
        <Point X="430" Y="297" T="0" Pressure="0"/>
        <Point X="433" Y="300" T="0" Pressure="0"/>
        <Point X="436" Y="301" T="0" Pressure="0"/>
        <Point X="439" Y="304" T="0" Pressure="0"/>
        <Point X="441" Y="306" T="0" Pressure="0"/>
        <Point X="445" Y="308" T="0" Pressure="0"/>
        <Point X="447" Y="310" T="0" Pressure="0"/>
        <Point X="451" Y="313" T="0" Pressure="0"/>
    </Stroke>
    <Stroke index="2">
        <Point X="423" Y="180" T="0" Pressure="0"/>
        <Point X="422" Y="181" T="0" Pressure="0"/>
        <Point X="420" Y="181" T="0" Pressure="0"/>
        <Point X="419" Y="181" T="0" Pressure="0"/>
        <Point X="419" Y="182" T="0" Pressure="0"/>
        <Point X="417" Y="184" T="0" Pressure="0"/>
        <Point X="416" Y="185" T="0" Pressure="0"/>
        <Point X="413" Y="191" T="0" Pressure="0"/>
        <Point X="411" Y="194" T="0" Pressure="0"/>
        <Point X="409" Y="198" T="0" Pressure="0"/>
        <Point X="406" Y="203" T="0" Pressure="0"/>
        <Point X="404" Y="207" T="0" Pressure="0"/>
        <Point X="401" Y="212" T="0" Pressure="0"/>
        <Point X="399" Y="218" T="0" Pressure="0"/>
        <Point X="396" Y="223" T="0" Pressure="0"/>
        <Point X="393" Y="228" T="0" Pressure="0"/>
        <Point X="389" Y="235" T="0" Pressure="0"/>
        <Point X="386" Y="240" T="0" Pressure="0"/>
        <Point X="382" Y="246" T="0" Pressure="0"/>
        <Point X="380" Y="252" T="0" Pressure="0"/>
        <Point X="377" Y="257" T="0" Pressure="0"/>
        <Point X="367" Y="275" T="0" Pressure="0"/>
        <Point X="364" Y="280" T="0" Pressure="0"/>
        <Point X="361" Y="286" T="0" Pressure="0"/>
        <Point X="358" Y="291" T="0" Pressure="0"/>
        <Point X="355" Y="297" T="0" Pressure="0"/>
        <Point X="352" Y="302" T="0" Pressure="0"/>
        <Point X="350" Y="306" T="0" Pressure="0"/>
        <Point X="347" Y="311" T="0" Pressure="0"/>
        <Point X="344" Y="315" T="0" Pressure="0"/>
        <Point X="342" Y="319" T="0" Pressure="0"/>
        <Point X="340" Y="323" T="0" Pressure="0"/>
        <Point X="337" Y="327" T="0" Pressure="0"/>
        <Point X="336" Y="330" T="0" Pressure="0"/>
        <Point X="333" Y="333" T="0" Pressure="0"/>
        <Point X="332" Y="336" T="0" Pressure="0"/>
        <Point X="330" Y="339" T="0" Pressure="0"/>
        <Point X="329" Y="341" T="0" Pressure="0"/>
        <Point X="327" Y="344" T="0" Pressure="0"/>
        <Point X="326" Y="345" T="0" Pressure="0"/>
        <Point X="325" Y="347" T="0" Pressure="0"/>
        <Point X="325" Y="348" T="0" Pressure="0"/>
    </Stroke>
</Gesture>
