<?xml version="1.0" ?>
<Gesture Name="I~06" Subject="6" Number="6" NumPts="138" InputType="stylus" Speed="MEDIUM">
    <Stroke index="1">
        <Point X="287" Y="112" T="0" Pressure="0"/>
        <Point X="288" Y="110" T="0" Pressure="0"/>
        <Point X="289" Y="110" T="0" Pressure="0"/>
        <Point X="290" Y="109" T="0" Pressure="0"/>
        <Point X="291" Y="109" T="0" Pressure="0"/>
        <Point X="293" Y="108" T="0" Pressure="0"/>
        <Point X="298" Y="108" T="0" Pressure="0"/>
        <Point X="301" Y="108" T="0" Pressure="0"/>
        <Point X="305" Y="108" T="0" Pressure="0"/>
        <Point X="308" Y="108" T="0" Pressure="0"/>
        <Point X="311" Y="107" T="0" Pressure="0"/>
        <Point X="316" Y="107" T="0" Pressure="0"/>
        <Point X="320" Y="107" T="0" Pressure="0"/>
        <Point X="324" Y="106" T="0" Pressure="0"/>
        <Point X="329" Y="106" T="0" Pressure="0"/>
        <Point X="333" Y="105" T="0" Pressure="0"/>
        <Point X="337" Y="105" T="0" Pressure="0"/>
        <Point X="341" Y="104" T="0" Pressure="0"/>
        <Point X="346" Y="104" T="0" Pressure="0"/>
        <Point X="351" Y="103" T="0" Pressure="0"/>
        <Point X="355" Y="102" T="0" Pressure="0"/>
        <Point X="359" Y="102" T="0" Pressure="0"/>
        <Point X="363" Y="101" T="0" Pressure="0"/>
        <Point X="368" Y="100" T="0" Pressure="0"/>
        <Point X="373" Y="99" T="0" Pressure="0"/>
        <Point X="377" Y="98" T="0" Pressure="0"/>
        <Point X="381" Y="97" T="0" Pressure="0"/>
        <Point X="385" Y="97" T="0" Pressure="0"/>
        <Point X="389" Y="96" T="0" Pressure="0"/>
        <Point X="393" Y="95" T="0" Pressure="0"/>
        <Point X="396" Y="95" T="0" Pressure="0"/>
        <Point X="400" Y="94" T="0" Pressure="0"/>
        <Point X="407" Y="94" T="0" Pressure="0"/>
        <Point X="410" Y="93" T="0" Pressure="0"/>
        <Point X="412" Y="93" T="0" Pressure="0"/>
        <Point X="415" Y="92" T="0" Pressure="0"/>
        <Point X="418" Y="92" T="0" Pressure="0"/>
        <Point X="419" Y="92" T="0" Pressure="0"/>
        <Point X="421" Y="92" T="0" Pressure="0"/>
        <Point X="423" Y="92" T="0" Pressure="0"/>
        <Point X="424" Y="93" T="0" Pressure="0"/>
        <Point X="425" Y="93" T="0" Pressure="0"/>
        <Point X="426" Y="94" T="0" Pressure="0"/>
        <Point X="426" Y="95" T="0" Pressure="0"/>
        <Point X="425" Y="96" T="0" Pressure="0"/>
    </Stroke>
    <Stroke index="2">
        <Point X="356" Y="113" T="0" Pressure="0"/>
        <Point X="355" Y="113" T="0" Pressure="0"/>
        <Point X="355" Y="114" T="0" Pressure="0"/>
        <Point X="355" Y="115" T="0" Pressure="0"/>
        <Point X="355" Y="116" T="0" Pressure="0"/>
        <Point X="355" Y="119" T="0" Pressure="0"/>
        <Point X="355" Y="122" T="0" Pressure="0"/>
        <Point X="355" Y="126" T="0" Pressure="0"/>
        <Point X="355" Y="129" T="0" Pressure="0"/>
        <Point X="356" Y="134" T="0" Pressure="0"/>
        <Point X="356" Y="142" T="0" Pressure="0"/>
        <Point X="356" Y="147" T="0" Pressure="0"/>
        <Point X="356" Y="152" T="0" Pressure="0"/>
        <Point X="356" Y="157" T="0" Pressure="0"/>
        <Point X="356" Y="161" T="0" Pressure="0"/>
        <Point X="355" Y="166" T="0" Pressure="0"/>
        <Point X="355" Y="170" T="0" Pressure="0"/>
        <Point X="355" Y="175" T="0" Pressure="0"/>
        <Point X="354" Y="179" T="0" Pressure="0"/>
        <Point X="354" Y="184" T="0" Pressure="0"/>
        <Point X="353" Y="188" T="0" Pressure="0"/>
        <Point X="352" Y="192" T="0" Pressure="0"/>
        <Point X="351" Y="197" T="0" Pressure="0"/>
        <Point X="351" Y="201" T="0" Pressure="0"/>
        <Point X="350" Y="205" T="0" Pressure="0"/>
        <Point X="349" Y="209" T="0" Pressure="0"/>
        <Point X="348" Y="214" T="0" Pressure="0"/>
        <Point X="347" Y="217" T="0" Pressure="0"/>
        <Point X="347" Y="221" T="0" Pressure="0"/>
        <Point X="345" Y="225" T="0" Pressure="0"/>
        <Point X="344" Y="229" T="0" Pressure="0"/>
        <Point X="344" Y="232" T="0" Pressure="0"/>
        <Point X="343" Y="235" T="0" Pressure="0"/>
        <Point X="343" Y="239" T="0" Pressure="0"/>
        <Point X="341" Y="242" T="0" Pressure="0"/>
        <Point X="340" Y="246" T="0" Pressure="0"/>
        <Point X="340" Y="250" T="0" Pressure="0"/>
        <Point X="339" Y="252" T="0" Pressure="0"/>
        <Point X="338" Y="255" T="0" Pressure="0"/>
        <Point X="337" Y="257" T="0" Pressure="0"/>
        <Point X="336" Y="259" T="0" Pressure="0"/>
        <Point X="336" Y="261" T="0" Pressure="0"/>
        <Point X="335" Y="264" T="0" Pressure="0"/>
        <Point X="335" Y="266" T="0" Pressure="0"/>
        <Point X="334" Y="267" T="0" Pressure="0"/>
        <Point X="333" Y="269" T="0" Pressure="0"/>
        <Point X="333" Y="270" T="0" Pressure="0"/>
        <Point X="333" Y="271" T="0" Pressure="0"/>
        <Point X="333" Y="272" T="0" Pressure="0"/>
    </Stroke>
    <Stroke index="3">
        <Point X="273" Y="297" T="0" Pressure="0"/>
        <Point X="273" Y="296" T="0" Pressure="0"/>
        <Point X="275" Y="295" T="0" Pressure="0"/>
        <Point X="276" Y="294" T="0" Pressure="0"/>
        <Point X="279" Y="293" T="0" Pressure="0"/>
        <Point X="281" Y="292" T="0" Pressure="0"/>
        <Point X="284" Y="292" T="0" Pressure="0"/>
        <Point X="294" Y="290" T="0" Pressure="0"/>
        <Point X="298" Y="289" T="0" Pressure="0"/>
        <Point X="302" Y="289" T="0" Pressure="0"/>
        <Point X="307" Y="287" T="0" Pressure="0"/>
        <Point X="312" Y="286" T="0" Pressure="0"/>
        <Point X="317" Y="285" T="0" Pressure="0"/>
        <Point X="322" Y="284" T="0" Pressure="0"/>
        <Point X="328" Y="284" T="0" Pressure="0"/>
        <Point X="332" Y="282" T="0" Pressure="0"/>
        <Point X="337" Y="281" T="0" Pressure="0"/>
        <Point X="343" Y="280" T="0" Pressure="0"/>
        <Point X="352" Y="278" T="0" Pressure="0"/>
        <Point X="357" Y="277" T="0" Pressure="0"/>
        <Point X="362" Y="276" T="0" Pressure="0"/>
        <Point X="366" Y="276" T="0" Pressure="0"/>
        <Point X="370" Y="275" T="0" Pressure="0"/>
        <Point X="374" Y="275" T="0" Pressure="0"/>
        <Point X="378" Y="274" T="0" Pressure="0"/>
        <Point X="385" Y="273" T="0" Pressure="0"/>
        <Point X="389" Y="273" T="0" Pressure="0"/>
        <Point X="392" Y="273" T="0" Pressure="0"/>
        <Point X="395" Y="273" T="0" Pressure="0"/>
        <Point X="398" Y="273" T="0" Pressure="0"/>
        <Point X="400" Y="273" T="0" Pressure="0"/>
        <Point X="403" Y="273" T="0" Pressure="0"/>
        <Point X="405" Y="273" T="0" Pressure="0"/>
        <Point X="408" Y="273" T="0" Pressure="0"/>
        <Point X="409" Y="274" T="0" Pressure="0"/>
        <Point X="411" Y="274" T="0" Pressure="0"/>
        <Point X="412" Y="275" T="0" Pressure="0"/>
        <Point X="414" Y="275" T="0" Pressure="0"/>
        <Point X="415" Y="275" T="0" Pressure="0"/>
        <Point X="416" Y="276" T="0" Pressure="0"/>
        <Point X="417" Y="276" T="0" Pressure="0"/>
        <Point X="418" Y="276" T="0" Pressure="0"/>
        <Point X="419" Y="277" T="0" Pressure="0"/>
        <Point X="419" Y="278" T="0" Pressure="0"/>
    </Stroke>
</Gesture>
