<?xml version="1.0" ?>
<Gesture Name="arrowhead~04" Subject="6" Number="4" NumPts="102" InputType="stylus" Speed="MEDIUM">
    <Stroke index="1">
        <Point X="235" Y="242" T="0" Pressure="0"/>
        <Point X="235" Y="240" T="0" Pressure="0"/>
        <Point X="236" Y="240" T="0" Pressure="0"/>
        <Point X="237" Y="239" T="0" Pressure="0"/>
        <Point X="239" Y="238" T="0" Pressure="0"/>
        <Point X="241" Y="238" T="0" Pressure="0"/>
        <Point X="244" Y="238" T="0" Pressure="0"/>
        <Point X="247" Y="238" T="0" Pressure="0"/>
        <Point X="251" Y="238" T="0" Pressure="0"/>
        <Point X="255" Y="238" T="0" Pressure="0"/>
        <Point X="260" Y="239" T="0" Pressure="0"/>
        <Point X="265" Y="239" T="0" Pressure="0"/>
        <Point X="269" Y="239" T="0" Pressure="0"/>
        <Point X="275" Y="239" T="0" Pressure="0"/>
        <Point X="281" Y="239" T="0" Pressure="0"/>
        <Point X="287" Y="239" T="0" Pressure="0"/>
        <Point X="292" Y="239" T="0" Pressure="0"/>
        <Point X="299" Y="239" T="0" Pressure="0"/>
        <Point X="311" Y="239" T="0" Pressure="0"/>
        <Point X="318" Y="239" T="0" Pressure="0"/>
        <Point X="325" Y="239" T="0" Pressure="0"/>
        <Point X="331" Y="239" T="0" Pressure="0"/>
        <Point X="337" Y="239" T="0" Pressure="0"/>
        <Point X="344" Y="239" T="0" Pressure="0"/>
        <Point X="351" Y="239" T="0" Pressure="0"/>
        <Point X="359" Y="238" T="0" Pressure="0"/>
        <Point X="365" Y="237" T="0" Pressure="0"/>
        <Point X="371" Y="237" T="0" Pressure="0"/>
        <Point X="378" Y="237" T="0" Pressure="0"/>
        <Point X="390" Y="237" T="0" Pressure="0"/>
        <Point X="397" Y="237" T="0" Pressure="0"/>
        <Point X="402" Y="236" T="0" Pressure="0"/>
        <Point X="407" Y="236" T="0" Pressure="0"/>
        <Point X="412" Y="236" T="0" Pressure="0"/>
        <Point X="416" Y="236" T="0" Pressure="0"/>
        <Point X="421" Y="236" T="0" Pressure="0"/>
        <Point X="425" Y="236" T="0" Pressure="0"/>
        <Point X="429" Y="237" T="0" Pressure="0"/>
        <Point X="431" Y="237" T="0" Pressure="0"/>
        <Point X="434" Y="237" T="0" Pressure="0"/>
        <Point X="437" Y="237" T="0" Pressure="0"/>
        <Point X="439" Y="238" T="0" Pressure="0"/>
        <Point X="441" Y="238" T="0" Pressure="0"/>
        <Point X="444" Y="239" T="0" Pressure="0"/>
        <Point X="445" Y="239" T="0" Pressure="0"/>
        <Point X="446" Y="239" T="0" Pressure="0"/>
        <Point X="447" Y="239" T="0" Pressure="0"/>
        <Point X="448" Y="239" T="0" Pressure="0"/>
    </Stroke>
    <Stroke index="2">
        <Point X="378" Y="177" T="0" Pressure="0"/>
        <Point X="376" Y="176" T="0" Pressure="0"/>
        <Point X="375" Y="175" T="0" Pressure="0"/>
        <Point X="374" Y="175" T="0" Pressure="0"/>
        <Point X="374" Y="174" T="0" Pressure="0"/>
        <Point X="375" Y="174" T="0" Pressure="0"/>
        <Point X="376" Y="175" T="0" Pressure="0"/>
        <Point X="377" Y="175" T="0" Pressure="0"/>
        <Point X="378" Y="176" T="0" Pressure="0"/>
        <Point X="380" Y="177" T="0" Pressure="0"/>
        <Point X="382" Y="177" T="0" Pressure="0"/>
        <Point X="386" Y="179" T="0" Pressure="0"/>
        <Point X="389" Y="179" T="0" Pressure="0"/>
        <Point X="391" Y="180" T="0" Pressure="0"/>
        <Point X="397" Y="182" T="0" Pressure="0"/>
        <Point X="401" Y="184" T="0" Pressure="0"/>
        <Point X="405" Y="185" T="0" Pressure="0"/>
        <Point X="414" Y="189" T="0" Pressure="0"/>
        <Point X="419" Y="191" T="0" Pressure="0"/>
        <Point X="423" Y="192" T="0" Pressure="0"/>
        <Point X="432" Y="197" T="0" Pressure="0"/>
        <Point X="435" Y="199" T="0" Pressure="0"/>
        <Point X="439" Y="201" T="0" Pressure="0"/>
        <Point X="447" Y="205" T="0" Pressure="0"/>
        <Point X="450" Y="209" T="0" Pressure="0"/>
        <Point X="453" Y="211" T="0" Pressure="0"/>
        <Point X="459" Y="216" T="0" Pressure="0"/>
        <Point X="461" Y="218" T="0" Pressure="0"/>
        <Point X="463" Y="221" T="0" Pressure="0"/>
        <Point X="466" Y="226" T="0" Pressure="0"/>
        <Point X="467" Y="228" T="0" Pressure="0"/>
        <Point X="467" Y="230" T="0" Pressure="0"/>
        <Point X="467" Y="235" T="0" Pressure="0"/>
        <Point X="467" Y="239" T="0" Pressure="0"/>
        <Point X="465" Y="241" T="0" Pressure="0"/>
        <Point X="461" Y="247" T="0" Pressure="0"/>
        <Point X="459" Y="251" T="0" Pressure="0"/>
        <Point X="455" Y="254" T="0" Pressure="0"/>
        <Point X="448" Y="262" T="0" Pressure="0"/>
        <Point X="444" Y="266" T="0" Pressure="0"/>
        <Point X="440" Y="269" T="0" Pressure="0"/>
        <Point X="433" Y="276" T="0" Pressure="0"/>
        <Point X="428" Y="279" T="0" Pressure="0"/>
        <Point X="425" Y="282" T="0" Pressure="0"/>
        <Point X="419" Y="287" T="0" Pressure="0"/>
        <Point X="416" Y="289" T="0" Pressure="0"/>
        <Point X="414" Y="291" T="0" Pressure="0"/>
        <Point X="409" Y="295" T="0" Pressure="0"/>
        <Point X="407" Y="296" T="0" Pressure="0"/>
        <Point X="405" Y="298" T="0" Pressure="0"/>
        <Point X="401" Y="300" T="0" Pressure="0"/>
        <Point X="400" Y="301" T="0" Pressure="0"/>
        <Point X="399" Y="302" T="0" Pressure="0"/>
        <Point X="396" Y="304" T="0" Pressure="0"/>
    </Stroke>
</Gesture>
