<?xml version="1.0" ?>
<Gesture Name="X~07" Subject="6" Number="7" NumPts="93" InputType="stylus" Speed="MEDIUM">
    <Stroke index="1">
        <Point X="302" Y="160" T="0" Pressure="0"/>
        <Point X="303" Y="160" T="0" Pressure="0"/>
        <Point X="305" Y="160" T="0" Pressure="0"/>
        <Point X="306" Y="160" T="0" Pressure="0"/>
        <Point X="307" Y="160" T="0" Pressure="0"/>
        <Point X="309" Y="161" T="0" Pressure="0"/>
        <Point X="311" Y="163" T="0" Pressure="0"/>
        <Point X="314" Y="165" T="0" Pressure="0"/>
        <Point X="316" Y="167" T="0" Pressure="0"/>
        <Point X="318" Y="170" T="0" Pressure="0"/>
        <Point X="322" Y="173" T="0" Pressure="0"/>
        <Point X="325" Y="176" T="0" Pressure="0"/>
        <Point X="329" Y="179" T="0" Pressure="0"/>
        <Point X="332" Y="182" T="0" Pressure="0"/>
        <Point X="336" Y="185" T="0" Pressure="0"/>
        <Point X="340" Y="189" T="0" Pressure="0"/>
        <Point X="345" Y="193" T="0" Pressure="0"/>
        <Point X="349" Y="196" T="0" Pressure="0"/>
        <Point X="353" Y="200" T="0" Pressure="0"/>
        <Point X="358" Y="204" T="0" Pressure="0"/>
        <Point X="362" Y="208" T="0" Pressure="0"/>
        <Point X="366" Y="212" T="0" Pressure="0"/>
        <Point X="371" Y="217" T="0" Pressure="0"/>
        <Point X="376" Y="221" T="0" Pressure="0"/>
        <Point X="381" Y="225" T="0" Pressure="0"/>
        <Point X="385" Y="229" T="0" Pressure="0"/>
        <Point X="389" Y="234" T="0" Pressure="0"/>
        <Point X="394" Y="239" T="0" Pressure="0"/>
        <Point X="399" Y="244" T="0" Pressure="0"/>
        <Point X="403" Y="247" T="0" Pressure="0"/>
        <Point X="407" Y="252" T="0" Pressure="0"/>
        <Point X="411" Y="255" T="0" Pressure="0"/>
        <Point X="415" Y="259" T="0" Pressure="0"/>
        <Point X="420" Y="264" T="0" Pressure="0"/>
        <Point X="424" Y="267" T="0" Pressure="0"/>
        <Point X="429" Y="271" T="0" Pressure="0"/>
        <Point X="433" Y="274" T="0" Pressure="0"/>
        <Point X="437" Y="277" T="0" Pressure="0"/>
        <Point X="440" Y="280" T="0" Pressure="0"/>
        <Point X="444" Y="283" T="0" Pressure="0"/>
        <Point X="448" Y="286" T="0" Pressure="0"/>
        <Point X="451" Y="288" T="0" Pressure="0"/>
        <Point X="454" Y="290" T="0" Pressure="0"/>
        <Point X="457" Y="292" T="0" Pressure="0"/>
        <Point X="460" Y="294" T="0" Pressure="0"/>
        <Point X="463" Y="295" T="0" Pressure="0"/>
        <Point X="465" Y="296" T="0" Pressure="0"/>
    </Stroke>
    <Stroke index="2">
        <Point X="441" Y="145" T="0" Pressure="0"/>
        <Point X="440" Y="144" T="0" Pressure="0"/>
        <Point X="438" Y="142" T="0" Pressure="0"/>
        <Point X="437" Y="142" T="0" Pressure="0"/>
        <Point X="436" Y="144" T="0" Pressure="0"/>
        <Point X="434" Y="147" T="0" Pressure="0"/>
        <Point X="433" Y="149" T="0" Pressure="0"/>
        <Point X="431" Y="152" T="0" Pressure="0"/>
        <Point X="430" Y="155" T="0" Pressure="0"/>
        <Point X="427" Y="159" T="0" Pressure="0"/>
        <Point X="421" Y="172" T="0" Pressure="0"/>
        <Point X="419" Y="177" T="0" Pressure="0"/>
        <Point X="415" Y="183" T="0" Pressure="0"/>
        <Point X="412" Y="190" T="0" Pressure="0"/>
        <Point X="410" Y="195" T="0" Pressure="0"/>
        <Point X="406" Y="201" T="0" Pressure="0"/>
        <Point X="403" Y="207" T="0" Pressure="0"/>
        <Point X="400" Y="213" T="0" Pressure="0"/>
        <Point X="396" Y="220" T="0" Pressure="0"/>
        <Point X="392" Y="226" T="0" Pressure="0"/>
        <Point X="389" Y="232" T="0" Pressure="0"/>
        <Point X="385" Y="238" T="0" Pressure="0"/>
        <Point X="382" Y="244" T="0" Pressure="0"/>
        <Point X="379" Y="250" T="0" Pressure="0"/>
        <Point X="375" Y="255" T="0" Pressure="0"/>
        <Point X="373" Y="261" T="0" Pressure="0"/>
        <Point X="370" Y="266" T="0" Pressure="0"/>
        <Point X="367" Y="271" T="0" Pressure="0"/>
        <Point X="364" Y="276" T="0" Pressure="0"/>
        <Point X="362" Y="280" T="0" Pressure="0"/>
        <Point X="359" Y="284" T="0" Pressure="0"/>
        <Point X="357" Y="290" T="0" Pressure="0"/>
        <Point X="355" Y="293" T="0" Pressure="0"/>
        <Point X="353" Y="297" T="0" Pressure="0"/>
        <Point X="349" Y="304" T="0" Pressure="0"/>
        <Point X="347" Y="307" T="0" Pressure="0"/>
        <Point X="345" Y="310" T="0" Pressure="0"/>
        <Point X="344" Y="313" T="0" Pressure="0"/>
        <Point X="343" Y="315" T="0" Pressure="0"/>
        <Point X="341" Y="318" T="0" Pressure="0"/>
        <Point X="340" Y="320" T="0" Pressure="0"/>
        <Point X="340" Y="322" T="0" Pressure="0"/>
        <Point X="339" Y="324" T="0" Pressure="0"/>
        <Point X="339" Y="326" T="0" Pressure="0"/>
        <Point X="338" Y="327" T="0" Pressure="0"/>
        <Point X="338" Y="328" T="0" Pressure="0"/>
    </Stroke>
</Gesture>
