<?xml version="1.0" ?>
<Gesture Name="asterisk~10" Subject="6" Number="10" NumPts="143" InputType="stylus" Speed="MEDIUM">
    <Stroke index="1">
        <Point X="410" Y="103" T="0" Pressure="0"/>
        <Point X="410" Y="106" T="0" Pressure="0"/>
        <Point X="410" Y="110" T="0" Pressure="0"/>
        <Point X="409" Y="114" T="0" Pressure="0"/>
        <Point X="409" Y="116" T="0" Pressure="0"/>
        <Point X="409" Y="124" T="0" Pressure="0"/>
        <Point X="409" Y="128" T="0" Pressure="0"/>
        <Point X="410" Y="133" T="0" Pressure="0"/>
        <Point X="410" Y="139" T="0" Pressure="0"/>
        <Point X="410" Y="144" T="0" Pressure="0"/>
        <Point X="410" Y="150" T="0" Pressure="0"/>
        <Point X="410" Y="161" T="0" Pressure="0"/>
        <Point X="411" Y="167" T="0" Pressure="0"/>
        <Point X="411" Y="175" T="0" Pressure="0"/>
        <Point X="411" Y="180" T="0" Pressure="0"/>
        <Point X="411" Y="187" T="0" Pressure="0"/>
        <Point X="411" Y="194" T="0" Pressure="0"/>
        <Point X="411" Y="200" T="0" Pressure="0"/>
        <Point X="411" Y="214" T="0" Pressure="0"/>
        <Point X="412" Y="220" T="0" Pressure="0"/>
        <Point X="412" Y="227" T="0" Pressure="0"/>
        <Point X="412" Y="239" T="0" Pressure="0"/>
        <Point X="412" Y="245" T="0" Pressure="0"/>
        <Point X="412" Y="252" T="0" Pressure="0"/>
        <Point X="412" Y="256" T="0" Pressure="0"/>
        <Point X="412" Y="262" T="0" Pressure="0"/>
        <Point X="412" Y="267" T="0" Pressure="0"/>
        <Point X="412" Y="273" T="0" Pressure="0"/>
        <Point X="412" Y="277" T="0" Pressure="0"/>
        <Point X="412" Y="282" T="0" Pressure="0"/>
        <Point X="412" Y="287" T="0" Pressure="0"/>
        <Point X="411" Y="291" T="0" Pressure="0"/>
        <Point X="411" Y="295" T="0" Pressure="0"/>
        <Point X="411" Y="299" T="0" Pressure="0"/>
        <Point X="410" Y="306" T="0" Pressure="0"/>
        <Point X="410" Y="309" T="0" Pressure="0"/>
        <Point X="410" Y="312" T="0" Pressure="0"/>
        <Point X="409" Y="315" T="0" Pressure="0"/>
        <Point X="408" Y="316" T="0" Pressure="0"/>
        <Point X="408" Y="319" T="0" Pressure="0"/>
        <Point X="408" Y="320" T="0" Pressure="0"/>
        <Point X="408" Y="322" T="0" Pressure="0"/>
        <Point X="408" Y="323" T="0" Pressure="0"/>
        <Point X="407" Y="324" T="0" Pressure="0"/>
        <Point X="406" Y="324" T="0" Pressure="0"/>
    </Stroke>
    <Stroke index="2">
        <Point X="307" Y="162" T="0" Pressure="0"/>
        <Point X="308" Y="162" T="0" Pressure="0"/>
        <Point X="310" Y="164" T="0" Pressure="0"/>
        <Point X="312" Y="164" T="0" Pressure="0"/>
        <Point X="314" Y="165" T="0" Pressure="0"/>
        <Point X="317" Y="166" T="0" Pressure="0"/>
        <Point X="320" Y="169" T="0" Pressure="0"/>
        <Point X="324" Y="171" T="0" Pressure="0"/>
        <Point X="328" Y="174" T="0" Pressure="0"/>
        <Point X="337" Y="179" T="0" Pressure="0"/>
        <Point X="343" Y="182" T="0" Pressure="0"/>
        <Point X="348" Y="185" T="0" Pressure="0"/>
        <Point X="354" Y="188" T="0" Pressure="0"/>
        <Point X="365" Y="195" T="0" Pressure="0"/>
        <Point X="370" Y="198" T="0" Pressure="0"/>
        <Point X="376" Y="202" T="0" Pressure="0"/>
        <Point X="382" Y="205" T="0" Pressure="0"/>
        <Point X="388" Y="209" T="0" Pressure="0"/>
        <Point X="395" Y="213" T="0" Pressure="0"/>
        <Point X="401" Y="216" T="0" Pressure="0"/>
        <Point X="413" Y="224" T="0" Pressure="0"/>
        <Point X="419" Y="227" T="0" Pressure="0"/>
        <Point X="426" Y="231" T="0" Pressure="0"/>
        <Point X="433" Y="235" T="0" Pressure="0"/>
        <Point X="438" Y="238" T="0" Pressure="0"/>
        <Point X="444" Y="241" T="0" Pressure="0"/>
        <Point X="449" Y="245" T="0" Pressure="0"/>
        <Point X="455" Y="249" T="0" Pressure="0"/>
        <Point X="460" Y="252" T="0" Pressure="0"/>
        <Point X="465" Y="255" T="0" Pressure="0"/>
        <Point X="470" Y="259" T="0" Pressure="0"/>
        <Point X="475" Y="261" T="0" Pressure="0"/>
        <Point X="479" Y="264" T="0" Pressure="0"/>
        <Point X="483" Y="267" T="0" Pressure="0"/>
        <Point X="491" Y="272" T="0" Pressure="0"/>
        <Point X="495" Y="274" T="0" Pressure="0"/>
        <Point X="498" Y="276" T="0" Pressure="0"/>
        <Point X="502" Y="277" T="0" Pressure="0"/>
        <Point X="505" Y="279" T="0" Pressure="0"/>
        <Point X="508" Y="280" T="0" Pressure="0"/>
        <Point X="510" Y="281" T="0" Pressure="0"/>
        <Point X="514" Y="282" T="0" Pressure="0"/>
        <Point X="516" Y="283" T="0" Pressure="0"/>
        <Point X="517" Y="283" T="0" Pressure="0"/>
        <Point X="520" Y="283" T="0" Pressure="0"/>
        <Point X="520" Y="282" T="0" Pressure="0"/>
    </Stroke>
    <Stroke index="3">
        <Point X="491" Y="147" T="0" Pressure="0"/>
        <Point X="490" Y="142" T="0" Pressure="0"/>
        <Point X="490" Y="137" T="0" Pressure="0"/>
        <Point X="490" Y="135" T="0" Pressure="0"/>
        <Point X="489" Y="134" T="0" Pressure="0"/>
        <Point X="488" Y="132" T="0" Pressure="0"/>
        <Point X="487" Y="132" T="0" Pressure="0"/>
        <Point X="486" Y="133" T="0" Pressure="0"/>
        <Point X="484" Y="134" T="0" Pressure="0"/>
        <Point X="483" Y="135" T="0" Pressure="0"/>
        <Point X="482" Y="136" T="0" Pressure="0"/>
        <Point X="479" Y="141" T="0" Pressure="0"/>
        <Point X="477" Y="143" T="0" Pressure="0"/>
        <Point X="475" Y="146" T="0" Pressure="0"/>
        <Point X="470" Y="152" T="0" Pressure="0"/>
        <Point X="464" Y="160" T="0" Pressure="0"/>
        <Point X="461" Y="165" T="0" Pressure="0"/>
        <Point X="457" Y="170" T="0" Pressure="0"/>
        <Point X="453" Y="176" T="0" Pressure="0"/>
        <Point X="449" Y="180" T="0" Pressure="0"/>
        <Point X="445" Y="186" T="0" Pressure="0"/>
        <Point X="440" Y="191" T="0" Pressure="0"/>
        <Point X="435" Y="197" T="0" Pressure="0"/>
        <Point X="430" Y="203" T="0" Pressure="0"/>
        <Point X="425" Y="209" T="0" Pressure="0"/>
        <Point X="420" Y="215" T="0" Pressure="0"/>
        <Point X="415" Y="220" T="0" Pressure="0"/>
        <Point X="411" Y="226" T="0" Pressure="0"/>
        <Point X="405" Y="231" T="0" Pressure="0"/>
        <Point X="400" Y="236" T="0" Pressure="0"/>
        <Point X="395" Y="242" T="0" Pressure="0"/>
        <Point X="385" Y="252" T="0" Pressure="0"/>
        <Point X="381" Y="258" T="0" Pressure="0"/>
        <Point X="376" Y="263" T="0" Pressure="0"/>
        <Point X="371" Y="268" T="0" Pressure="0"/>
        <Point X="366" Y="274" T="0" Pressure="0"/>
        <Point X="362" Y="278" T="0" Pressure="0"/>
        <Point X="359" Y="282" T="0" Pressure="0"/>
        <Point X="355" Y="287" T="0" Pressure="0"/>
        <Point X="347" Y="295" T="0" Pressure="0"/>
        <Point X="344" Y="299" T="0" Pressure="0"/>
        <Point X="341" Y="301" T="0" Pressure="0"/>
        <Point X="338" Y="304" T="0" Pressure="0"/>
        <Point X="336" Y="307" T="0" Pressure="0"/>
        <Point X="333" Y="310" T="0" Pressure="0"/>
        <Point X="332" Y="312" T="0" Pressure="0"/>
        <Point X="329" Y="314" T="0" Pressure="0"/>
        <Point X="329" Y="315" T="0" Pressure="0"/>
        <Point X="328" Y="316" T="0" Pressure="0"/>
        <Point X="326" Y="319" T="0" Pressure="0"/>
        <Point X="325" Y="320" T="0" Pressure="0"/>
        <Point X="325" Y="321" T="0" Pressure="0"/>
    </Stroke>
</Gesture>
