<?xml version="1.0" ?>
<Gesture Name="pitchfork~01" Subject="6" Number="1" NumPts="114" InputType="stylus" Speed="MEDIUM">
    <Stroke index="1">
        <Point X="277" Y="78" T="0" Pressure="0"/>
        <Point X="276" Y="78" T="0" Pressure="0"/>
        <Point X="276" Y="79" T="0" Pressure="0"/>
        <Point X="276" Y="80" T="0" Pressure="0"/>
        <Point X="276" Y="82" T="0" Pressure="0"/>
        <Point X="276" Y="84" T="0" Pressure="0"/>
        <Point X="276" Y="86" T="0" Pressure="0"/>
        <Point X="276" Y="89" T="0" Pressure="0"/>
        <Point X="276" Y="92" T="0" Pressure="0"/>
        <Point X="276" Y="97" T="0" Pressure="0"/>
        <Point X="276" Y="101" T="0" Pressure="0"/>
        <Point X="276" Y="115" T="0" Pressure="0"/>
        <Point X="276" Y="121" T="0" Pressure="0"/>
        <Point X="276" Y="126" T="0" Pressure="0"/>
        <Point X="276" Y="131" T="0" Pressure="0"/>
        <Point X="277" Y="136" T="0" Pressure="0"/>
        <Point X="278" Y="142" T="0" Pressure="0"/>
        <Point X="279" Y="147" T="0" Pressure="0"/>
        <Point X="280" Y="154" T="0" Pressure="0"/>
        <Point X="281" Y="160" T="0" Pressure="0"/>
        <Point X="283" Y="166" T="0" Pressure="0"/>
        <Point X="287" Y="177" T="0" Pressure="0"/>
        <Point X="290" Y="183" T="0" Pressure="0"/>
        <Point X="293" Y="189" T="0" Pressure="0"/>
        <Point X="302" Y="204" T="0" Pressure="0"/>
        <Point X="306" Y="209" T="0" Pressure="0"/>
        <Point X="314" Y="218" T="0" Pressure="0"/>
        <Point X="318" Y="222" T="0" Pressure="0"/>
        <Point X="322" Y="225" T="0" Pressure="0"/>
        <Point X="332" Y="231" T="0" Pressure="0"/>
        <Point X="337" Y="234" T="0" Pressure="0"/>
        <Point X="343" Y="237" T="0" Pressure="0"/>
        <Point X="354" Y="241" T="0" Pressure="0"/>
        <Point X="359" Y="242" T="0" Pressure="0"/>
        <Point X="366" Y="244" T="0" Pressure="0"/>
        <Point X="378" Y="245" T="0" Pressure="0"/>
        <Point X="385" Y="245" T="0" Pressure="0"/>
        <Point X="390" Y="244" T="0" Pressure="0"/>
        <Point X="404" Y="241" T="0" Pressure="0"/>
        <Point X="410" Y="239" T="0" Pressure="0"/>
        <Point X="416" Y="236" T="0" Pressure="0"/>
        <Point X="422" Y="234" T="0" Pressure="0"/>
        <Point X="427" Y="231" T="0" Pressure="0"/>
        <Point X="432" Y="227" T="0" Pressure="0"/>
        <Point X="437" Y="223" T="0" Pressure="0"/>
        <Point X="445" Y="214" T="0" Pressure="0"/>
        <Point X="449" Y="209" T="0" Pressure="0"/>
        <Point X="453" Y="202" T="0" Pressure="0"/>
        <Point X="459" Y="190" T="0" Pressure="0"/>
        <Point X="461" Y="182" T="0" Pressure="0"/>
        <Point X="464" Y="175" T="0" Pressure="0"/>
        <Point X="468" Y="161" T="0" Pressure="0"/>
        <Point X="469" Y="153" T="0" Pressure="0"/>
        <Point X="470" Y="147" T="0" Pressure="0"/>
        <Point X="472" Y="140" T="0" Pressure="0"/>
        <Point X="472" Y="133" T="0" Pressure="0"/>
        <Point X="474" Y="127" T="0" Pressure="0"/>
        <Point X="474" Y="122" T="0" Pressure="0"/>
        <Point X="475" Y="116" T="0" Pressure="0"/>
        <Point X="475" Y="111" T="0" Pressure="0"/>
        <Point X="475" Y="106" T="0" Pressure="0"/>
        <Point X="475" Y="101" T="0" Pressure="0"/>
        <Point X="476" Y="97" T="0" Pressure="0"/>
        <Point X="476" Y="93" T="0" Pressure="0"/>
        <Point X="476" Y="90" T="0" Pressure="0"/>
        <Point X="475" Y="86" T="0" Pressure="0"/>
        <Point X="475" Y="80" T="0" Pressure="0"/>
        <Point X="474" Y="78" T="0" Pressure="0"/>
        <Point X="473" Y="76" T="0" Pressure="0"/>
        <Point X="471" Y="72" T="0" Pressure="0"/>
        <Point X="469" Y="71" T="0" Pressure="0"/>
        <Point X="467" Y="69" T="0" Pressure="0"/>
        <Point X="465" Y="69" T="0" Pressure="0"/>
        <Point X="463" Y="68" T="0" Pressure="0"/>
    </Stroke>
    <Stroke index="2">
        <Point X="373" Y="68" T="0" Pressure="0"/>
        <Point X="371" Y="67" T="0" Pressure="0"/>
        <Point X="370" Y="67" T="0" Pressure="0"/>
        <Point X="370" Y="69" T="0" Pressure="0"/>
        <Point X="371" Y="75" T="0" Pressure="0"/>
        <Point X="371" Y="90" T="0" Pressure="0"/>
        <Point X="371" Y="97" T="0" Pressure="0"/>
        <Point X="371" Y="105" T="0" Pressure="0"/>
        <Point X="371" Y="114" T="0" Pressure="0"/>
        <Point X="371" Y="122" T="0" Pressure="0"/>
        <Point X="371" Y="131" T="0" Pressure="0"/>
        <Point X="371" Y="150" T="0" Pressure="0"/>
        <Point X="371" Y="171" T="0" Pressure="0"/>
        <Point X="371" Y="180" T="0" Pressure="0"/>
        <Point X="371" Y="191" T="0" Pressure="0"/>
        <Point X="371" Y="214" T="0" Pressure="0"/>
        <Point X="371" Y="225" T="0" Pressure="0"/>
        <Point X="372" Y="236" T="0" Pressure="0"/>
        <Point X="373" Y="256" T="0" Pressure="0"/>
        <Point X="373" Y="266" T="0" Pressure="0"/>
        <Point X="373" Y="276" T="0" Pressure="0"/>
        <Point X="373" Y="294" T="0" Pressure="0"/>
        <Point X="373" Y="307" T="0" Pressure="0"/>
        <Point X="373" Y="321" T="0" Pressure="0"/>
        <Point X="372" Y="327" T="0" Pressure="0"/>
        <Point X="371" Y="334" T="0" Pressure="0"/>
        <Point X="370" Y="344" T="0" Pressure="0"/>
        <Point X="370" Y="349" T="0" Pressure="0"/>
        <Point X="369" Y="353" T="0" Pressure="0"/>
        <Point X="368" Y="356" T="0" Pressure="0"/>
        <Point X="367" Y="359" T="0" Pressure="0"/>
        <Point X="367" Y="361" T="0" Pressure="0"/>
        <Point X="367" Y="362" T="0" Pressure="0"/>
        <Point X="367" Y="363" T="0" Pressure="0"/>
        <Point X="367" Y="364" T="0" Pressure="0"/>
        <Point X="369" Y="364" T="0" Pressure="0"/>
        <Point X="370" Y="364" T="0" Pressure="0"/>
        <Point X="371" Y="363" T="0" Pressure="0"/>
        <Point X="373" Y="362" T="0" Pressure="0"/>
        <Point X="374" Y="361" T="0" Pressure="0"/>
    </Stroke>
</Gesture>
