<?xml version="1.0" ?>
<Gesture Name="X~02" Subject="6" Number="2" NumPts="79" InputType="stylus" Speed="MEDIUM">
    <Stroke index="1">
        <Point X="299" Y="177" T="0" Pressure="0"/>
        <Point X="299" Y="178" T="0" Pressure="0"/>
        <Point X="301" Y="178" T="0" Pressure="0"/>
        <Point X="302" Y="179" T="0" Pressure="0"/>
        <Point X="303" Y="180" T="0" Pressure="0"/>
        <Point X="306" Y="182" T="0" Pressure="0"/>
        <Point X="308" Y="184" T="0" Pressure="0"/>
        <Point X="311" Y="186" T="0" Pressure="0"/>
        <Point X="314" Y="189" T="0" Pressure="0"/>
        <Point X="317" Y="191" T="0" Pressure="0"/>
        <Point X="320" Y="195" T="0" Pressure="0"/>
        <Point X="323" Y="198" T="0" Pressure="0"/>
        <Point X="329" Y="204" T="0" Pressure="0"/>
        <Point X="333" Y="208" T="0" Pressure="0"/>
        <Point X="336" Y="211" T="0" Pressure="0"/>
        <Point X="340" Y="215" T="0" Pressure="0"/>
        <Point X="344" Y="219" T="0" Pressure="0"/>
        <Point X="348" Y="222" T="0" Pressure="0"/>
        <Point X="352" Y="227" T="0" Pressure="0"/>
        <Point X="356" Y="230" T="0" Pressure="0"/>
        <Point X="360" Y="234" T="0" Pressure="0"/>
        <Point X="365" Y="239" T="0" Pressure="0"/>
        <Point X="370" Y="243" T="0" Pressure="0"/>
        <Point X="374" Y="247" T="0" Pressure="0"/>
        <Point X="378" Y="251" T="0" Pressure="0"/>
        <Point X="382" Y="255" T="0" Pressure="0"/>
        <Point X="387" Y="259" T="0" Pressure="0"/>
        <Point X="392" Y="263" T="0" Pressure="0"/>
        <Point X="396" Y="267" T="0" Pressure="0"/>
        <Point X="400" Y="271" T="0" Pressure="0"/>
        <Point X="404" Y="275" T="0" Pressure="0"/>
        <Point X="412" Y="281" T="0" Pressure="0"/>
        <Point X="416" Y="284" T="0" Pressure="0"/>
        <Point X="420" Y="288" T="0" Pressure="0"/>
        <Point X="423" Y="291" T="0" Pressure="0"/>
        <Point X="426" Y="294" T="0" Pressure="0"/>
        <Point X="432" Y="299" T="0" Pressure="0"/>
        <Point X="435" Y="301" T="0" Pressure="0"/>
        <Point X="438" Y="303" T="0" Pressure="0"/>
        <Point X="440" Y="305" T="0" Pressure="0"/>
        <Point X="442" Y="306" T="0" Pressure="0"/>
    </Stroke>
    <Stroke index="2">
        <Point X="434" Y="153" T="0" Pressure="0"/>
        <Point X="433" Y="152" T="0" Pressure="0"/>
        <Point X="431" Y="152" T="0" Pressure="0"/>
        <Point X="430" Y="152" T="0" Pressure="0"/>
        <Point X="429" Y="152" T="0" Pressure="0"/>
        <Point X="427" Y="153" T="0" Pressure="0"/>
        <Point X="426" Y="154" T="0" Pressure="0"/>
        <Point X="425" Y="156" T="0" Pressure="0"/>
        <Point X="423" Y="157" T="0" Pressure="0"/>
        <Point X="423" Y="160" T="0" Pressure="0"/>
        <Point X="421" Y="162" T="0" Pressure="0"/>
        <Point X="419" Y="166" T="0" Pressure="0"/>
        <Point X="418" Y="169" T="0" Pressure="0"/>
        <Point X="415" Y="172" T="0" Pressure="0"/>
        <Point X="413" Y="176" T="0" Pressure="0"/>
        <Point X="411" Y="179" T="0" Pressure="0"/>
        <Point X="408" Y="184" T="0" Pressure="0"/>
        <Point X="405" Y="188" T="0" Pressure="0"/>
        <Point X="402" Y="192" T="0" Pressure="0"/>
        <Point X="399" Y="198" T="0" Pressure="0"/>
        <Point X="396" Y="202" T="0" Pressure="0"/>
        <Point X="389" Y="212" T="0" Pressure="0"/>
        <Point X="385" Y="218" T="0" Pressure="0"/>
        <Point X="382" Y="224" T="0" Pressure="0"/>
        <Point X="378" Y="230" T="0" Pressure="0"/>
        <Point X="374" Y="235" T="0" Pressure="0"/>
        <Point X="370" Y="241" T="0" Pressure="0"/>
        <Point X="366" Y="247" T="0" Pressure="0"/>
        <Point X="358" Y="259" T="0" Pressure="0"/>
        <Point X="351" Y="271" T="0" Pressure="0"/>
        <Point X="343" Y="282" T="0" Pressure="0"/>
        <Point X="340" Y="287" T="0" Pressure="0"/>
        <Point X="333" Y="298" T="0" Pressure="0"/>
        <Point X="326" Y="309" T="0" Pressure="0"/>
        <Point X="317" Y="323" T="0" Pressure="0"/>
        <Point X="317" Y="324" T="0" Pressure="0"/>
        <Point X="315" Y="327" T="0" Pressure="0"/>
        <Point X="314" Y="329" T="0" Pressure="0"/>
    </Stroke>
</Gesture>
