<?xml version="1.0" ?>
<Gesture Name="D~04" Subject="6" Number="4" NumPts="108" InputType="stylus" Speed="MEDIUM">
    <Stroke index="1">
        <Point X="346" Y="161" T="0" Pressure="0"/>
        <Point X="346" Y="162" T="0" Pressure="0"/>
        <Point X="345" Y="163" T="0" Pressure="0"/>
        <Point X="345" Y="165" T="0" Pressure="0"/>
        <Point X="345" Y="166" T="0" Pressure="0"/>
        <Point X="345" Y="168" T="0" Pressure="0"/>
        <Point X="345" Y="171" T="0" Pressure="0"/>
        <Point X="346" Y="175" T="0" Pressure="0"/>
        <Point X="346" Y="179" T="0" Pressure="0"/>
        <Point X="345" Y="189" T="0" Pressure="0"/>
        <Point X="345" Y="195" T="0" Pressure="0"/>
        <Point X="345" Y="200" T="0" Pressure="0"/>
        <Point X="344" Y="206" T="0" Pressure="0"/>
        <Point X="344" Y="211" T="0" Pressure="0"/>
        <Point X="344" Y="217" T="0" Pressure="0"/>
        <Point X="343" Y="222" T="0" Pressure="0"/>
        <Point X="343" Y="229" T="0" Pressure="0"/>
        <Point X="342" Y="235" T="0" Pressure="0"/>
        <Point X="341" Y="241" T="0" Pressure="0"/>
        <Point X="341" Y="247" T="0" Pressure="0"/>
        <Point X="341" Y="252" T="0" Pressure="0"/>
        <Point X="340" Y="258" T="0" Pressure="0"/>
        <Point X="340" Y="263" T="0" Pressure="0"/>
        <Point X="340" Y="268" T="0" Pressure="0"/>
        <Point X="340" Y="273" T="0" Pressure="0"/>
        <Point X="340" Y="276" T="0" Pressure="0"/>
        <Point X="340" Y="279" T="0" Pressure="0"/>
        <Point X="340" Y="282" T="0" Pressure="0"/>
        <Point X="341" Y="284" T="0" Pressure="0"/>
        <Point X="341" Y="287" T="0" Pressure="0"/>
        <Point X="342" Y="293" T="0" Pressure="0"/>
        <Point X="342" Y="295" T="0" Pressure="0"/>
        <Point X="342" Y="296" T="0" Pressure="0"/>
        <Point X="343" Y="297" T="0" Pressure="0"/>
        <Point X="343" Y="298" T="0" Pressure="0"/>
        <Point X="343" Y="299" T="0" Pressure="0"/>
    </Stroke>
    <Stroke index="2">
        <Point X="330" Y="162" T="0" Pressure="0"/>
        <Point X="330" Y="160" T="0" Pressure="0"/>
        <Point X="331" Y="160" T="0" Pressure="0"/>
        <Point X="331" Y="159" T="0" Pressure="0"/>
        <Point X="332" Y="157" T="0" Pressure="0"/>
        <Point X="333" Y="157" T="0" Pressure="0"/>
        <Point X="335" Y="156" T="0" Pressure="0"/>
        <Point X="336" Y="156" T="0" Pressure="0"/>
        <Point X="339" Y="156" T="0" Pressure="0"/>
        <Point X="341" Y="156" T="0" Pressure="0"/>
        <Point X="345" Y="156" T="0" Pressure="0"/>
        <Point X="348" Y="156" T="0" Pressure="0"/>
        <Point X="352" Y="157" T="0" Pressure="0"/>
        <Point X="356" Y="158" T="0" Pressure="0"/>
        <Point X="361" Y="159" T="0" Pressure="0"/>
        <Point X="365" Y="160" T="0" Pressure="0"/>
        <Point X="370" Y="161" T="0" Pressure="0"/>
        <Point X="374" Y="162" T="0" Pressure="0"/>
        <Point X="380" Y="164" T="0" Pressure="0"/>
        <Point X="385" Y="166" T="0" Pressure="0"/>
        <Point X="389" Y="167" T="0" Pressure="0"/>
        <Point X="394" Y="170" T="0" Pressure="0"/>
        <Point X="399" Y="173" T="0" Pressure="0"/>
        <Point X="408" Y="179" T="0" Pressure="0"/>
        <Point X="412" Y="183" T="0" Pressure="0"/>
        <Point X="416" Y="186" T="0" Pressure="0"/>
        <Point X="420" Y="190" T="0" Pressure="0"/>
        <Point X="424" Y="194" T="0" Pressure="0"/>
        <Point X="427" Y="197" T="0" Pressure="0"/>
        <Point X="431" Y="202" T="0" Pressure="0"/>
        <Point X="434" Y="205" T="0" Pressure="0"/>
        <Point X="437" Y="209" T="0" Pressure="0"/>
        <Point X="439" Y="213" T="0" Pressure="0"/>
        <Point X="441" Y="217" T="0" Pressure="0"/>
        <Point X="443" Y="221" T="0" Pressure="0"/>
        <Point X="445" Y="225" T="0" Pressure="0"/>
        <Point X="445" Y="228" T="0" Pressure="0"/>
        <Point X="446" Y="232" T="0" Pressure="0"/>
        <Point X="446" Y="236" T="0" Pressure="0"/>
        <Point X="446" Y="240" T="0" Pressure="0"/>
        <Point X="445" Y="243" T="0" Pressure="0"/>
        <Point X="445" Y="247" T="0" Pressure="0"/>
        <Point X="442" Y="250" T="0" Pressure="0"/>
        <Point X="441" Y="253" T="0" Pressure="0"/>
        <Point X="438" Y="256" T="0" Pressure="0"/>
        <Point X="435" Y="259" T="0" Pressure="0"/>
        <Point X="431" Y="263" T="0" Pressure="0"/>
        <Point X="427" Y="266" T="0" Pressure="0"/>
        <Point X="424" Y="269" T="0" Pressure="0"/>
        <Point X="420" Y="271" T="0" Pressure="0"/>
        <Point X="415" Y="274" T="0" Pressure="0"/>
        <Point X="411" Y="276" T="0" Pressure="0"/>
        <Point X="406" Y="277" T="0" Pressure="0"/>
        <Point X="401" Y="279" T="0" Pressure="0"/>
        <Point X="396" Y="281" T="0" Pressure="0"/>
        <Point X="391" Y="282" T="0" Pressure="0"/>
        <Point X="385" Y="284" T="0" Pressure="0"/>
        <Point X="381" Y="285" T="0" Pressure="0"/>
        <Point X="375" Y="286" T="0" Pressure="0"/>
        <Point X="360" Y="288" T="0" Pressure="0"/>
        <Point X="351" Y="289" T="0" Pressure="0"/>
        <Point X="347" Y="289" T="0" Pressure="0"/>
        <Point X="343" Y="289" T="0" Pressure="0"/>
        <Point X="340" Y="289" T="0" Pressure="0"/>
        <Point X="337" Y="290" T="0" Pressure="0"/>
        <Point X="335" Y="290" T="0" Pressure="0"/>
        <Point X="332" Y="290" T="0" Pressure="0"/>
        <Point X="331" Y="290" T="0" Pressure="0"/>
        <Point X="329" Y="290" T="0" Pressure="0"/>
        <Point X="327" Y="291" T="0" Pressure="0"/>
        <Point X="326" Y="291" T="0" Pressure="0"/>
        <Point X="325" Y="291" T="0" Pressure="0"/>
    </Stroke>
</Gesture>
