<?xml version="1.0" ?>
<Gesture Name="N~09" Subject="6" Number="9" NumPts="123" InputType="stylus" Speed="MEDIUM">
    <Stroke index="1">
        <Point X="280" Y="161" T="0" Pressure="0"/>
        <Point X="279" Y="160" T="0" Pressure="0"/>
        <Point X="280" Y="161" T="0" Pressure="0"/>
        <Point X="280" Y="162" T="0" Pressure="0"/>
        <Point X="280" Y="165" T="0" Pressure="0"/>
        <Point X="281" Y="167" T="0" Pressure="0"/>
        <Point X="281" Y="171" T="0" Pressure="0"/>
        <Point X="282" Y="175" T="0" Pressure="0"/>
        <Point X="283" Y="180" T="0" Pressure="0"/>
        <Point X="283" Y="186" T="0" Pressure="0"/>
        <Point X="284" Y="194" T="0" Pressure="0"/>
        <Point X="286" Y="209" T="0" Pressure="0"/>
        <Point X="286" Y="216" T="0" Pressure="0"/>
        <Point X="287" Y="225" T="0" Pressure="0"/>
        <Point X="287" Y="234" T="0" Pressure="0"/>
        <Point X="287" Y="242" T="0" Pressure="0"/>
        <Point X="287" Y="252" T="0" Pressure="0"/>
        <Point X="287" Y="261" T="0" Pressure="0"/>
        <Point X="287" Y="270" T="0" Pressure="0"/>
        <Point X="287" Y="279" T="0" Pressure="0"/>
        <Point X="287" Y="288" T="0" Pressure="0"/>
        <Point X="287" Y="297" T="0" Pressure="0"/>
        <Point X="287" Y="311" T="0" Pressure="0"/>
        <Point X="287" Y="316" T="0" Pressure="0"/>
        <Point X="287" Y="322" T="0" Pressure="0"/>
        <Point X="287" Y="326" T="0" Pressure="0"/>
        <Point X="287" Y="329" T="0" Pressure="0"/>
        <Point X="287" Y="332" T="0" Pressure="0"/>
        <Point X="286" Y="334" T="0" Pressure="0"/>
        <Point X="286" Y="335" T="0" Pressure="0"/>
        <Point X="286" Y="337" T="0" Pressure="0"/>
        <Point X="286" Y="338" T="0" Pressure="0"/>
        <Point X="285" Y="339" T="0" Pressure="0"/>
        <Point X="284" Y="340" T="0" Pressure="0"/>
        <Point X="284" Y="338" T="0" Pressure="0"/>
        <Point X="284" Y="336" T="0" Pressure="0"/>
    </Stroke>
    <Stroke index="2">
        <Point X="281" Y="161" T="0" Pressure="0"/>
        <Point X="280" Y="160" T="0" Pressure="0"/>
        <Point X="280" Y="159" T="0" Pressure="0"/>
        <Point X="280" Y="158" T="0" Pressure="0"/>
        <Point X="280" Y="157" T="0" Pressure="0"/>
        <Point X="280" Y="156" T="0" Pressure="0"/>
        <Point X="281" Y="156" T="0" Pressure="0"/>
        <Point X="283" Y="157" T="0" Pressure="0"/>
        <Point X="283" Y="159" T="0" Pressure="0"/>
        <Point X="284" Y="160" T="0" Pressure="0"/>
        <Point X="286" Y="161" T="0" Pressure="0"/>
        <Point X="290" Y="165" T="0" Pressure="0"/>
        <Point X="294" Y="171" T="0" Pressure="0"/>
        <Point X="295" Y="174" T="0" Pressure="0"/>
        <Point X="299" Y="178" T="0" Pressure="0"/>
        <Point X="302" Y="183" T="0" Pressure="0"/>
        <Point X="305" Y="188" T="0" Pressure="0"/>
        <Point X="308" Y="194" T="0" Pressure="0"/>
        <Point X="312" Y="199" T="0" Pressure="0"/>
        <Point X="316" Y="205" T="0" Pressure="0"/>
        <Point X="320" Y="211" T="0" Pressure="0"/>
        <Point X="324" Y="218" T="0" Pressure="0"/>
        <Point X="328" Y="224" T="0" Pressure="0"/>
        <Point X="332" Y="229" T="0" Pressure="0"/>
        <Point X="337" Y="235" T="0" Pressure="0"/>
        <Point X="342" Y="241" T="0" Pressure="0"/>
        <Point X="347" Y="248" T="0" Pressure="0"/>
        <Point X="352" Y="254" T="0" Pressure="0"/>
        <Point X="357" Y="260" T="0" Pressure="0"/>
        <Point X="362" Y="266" T="0" Pressure="0"/>
        <Point X="366" Y="273" T="0" Pressure="0"/>
        <Point X="371" Y="278" T="0" Pressure="0"/>
        <Point X="377" Y="284" T="0" Pressure="0"/>
        <Point X="382" Y="290" T="0" Pressure="0"/>
        <Point X="386" Y="295" T="0" Pressure="0"/>
        <Point X="391" Y="299" T="0" Pressure="0"/>
        <Point X="396" Y="302" T="0" Pressure="0"/>
        <Point X="400" Y="306" T="0" Pressure="0"/>
        <Point X="405" Y="309" T="0" Pressure="0"/>
        <Point X="410" Y="312" T="0" Pressure="0"/>
        <Point X="413" Y="315" T="0" Pressure="0"/>
        <Point X="417" Y="317" T="0" Pressure="0"/>
        <Point X="421" Y="319" T="0" Pressure="0"/>
        <Point X="424" Y="320" T="0" Pressure="0"/>
        <Point X="427" Y="322" T="0" Pressure="0"/>
        <Point X="431" Y="323" T="0" Pressure="0"/>
        <Point X="434" Y="324" T="0" Pressure="0"/>
        <Point X="437" Y="324" T="0" Pressure="0"/>
        <Point X="440" Y="324" T="0" Pressure="0"/>
    </Stroke>
    <Stroke index="3">
        <Point X="423" Y="156" T="0" Pressure="0"/>
        <Point X="423" Y="154" T="0" Pressure="0"/>
        <Point X="423" Y="153" T="0" Pressure="0"/>
        <Point X="423" Y="152" T="0" Pressure="0"/>
        <Point X="423" Y="154" T="0" Pressure="0"/>
        <Point X="423" Y="156" T="0" Pressure="0"/>
        <Point X="424" Y="160" T="0" Pressure="0"/>
        <Point X="424" Y="164" T="0" Pressure="0"/>
        <Point X="425" Y="168" T="0" Pressure="0"/>
        <Point X="425" Y="172" T="0" Pressure="0"/>
        <Point X="426" Y="178" T="0" Pressure="0"/>
        <Point X="426" Y="185" T="0" Pressure="0"/>
        <Point X="426" Y="194" T="0" Pressure="0"/>
        <Point X="427" Y="209" T="0" Pressure="0"/>
        <Point X="427" Y="217" T="0" Pressure="0"/>
        <Point X="428" Y="226" T="0" Pressure="0"/>
        <Point X="429" Y="234" T="0" Pressure="0"/>
        <Point X="429" Y="241" T="0" Pressure="0"/>
        <Point X="430" Y="248" T="0" Pressure="0"/>
        <Point X="430" Y="254" T="0" Pressure="0"/>
        <Point X="430" Y="260" T="0" Pressure="0"/>
        <Point X="430" Y="267" T="0" Pressure="0"/>
        <Point X="431" Y="273" T="0" Pressure="0"/>
        <Point X="431" Y="278" T="0" Pressure="0"/>
        <Point X="431" Y="288" T="0" Pressure="0"/>
        <Point X="431" Y="292" T="0" Pressure="0"/>
        <Point X="431" Y="297" T="0" Pressure="0"/>
        <Point X="431" Y="307" T="0" Pressure="0"/>
        <Point X="431" Y="310" T="0" Pressure="0"/>
        <Point X="430" Y="314" T="0" Pressure="0"/>
        <Point X="430" Y="316" T="0" Pressure="0"/>
        <Point X="430" Y="319" T="0" Pressure="0"/>
        <Point X="430" Y="321" T="0" Pressure="0"/>
        <Point X="430" Y="322" T="0" Pressure="0"/>
        <Point X="430" Y="324" T="0" Pressure="0"/>
        <Point X="430" Y="325" T="0" Pressure="0"/>
        <Point X="430" Y="326" T="0" Pressure="0"/>
        <Point X="430" Y="327" T="0" Pressure="0"/>
    </Stroke>
</Gesture>
