<?xml version="1.0" ?>
<Gesture Name="N~03" Subject="6" Number="3" NumPts="113" InputType="stylus" Speed="MEDIUM">
    <Stroke index="1">
        <Point X="271" Y="113" T="0" Pressure="0"/>
        <Point X="271" Y="112" T="0" Pressure="0"/>
        <Point X="271" Y="111" T="0" Pressure="0"/>
        <Point X="270" Y="111" T="0" Pressure="0"/>
        <Point X="270" Y="110" T="0" Pressure="0"/>
        <Point X="270" Y="111" T="0" Pressure="0"/>
        <Point X="270" Y="112" T="0" Pressure="0"/>
        <Point X="271" Y="114" T="0" Pressure="0"/>
        <Point X="271" Y="116" T="0" Pressure="0"/>
        <Point X="271" Y="120" T="0" Pressure="0"/>
        <Point X="272" Y="132" T="0" Pressure="0"/>
        <Point X="272" Y="140" T="0" Pressure="0"/>
        <Point X="272" Y="147" T="0" Pressure="0"/>
        <Point X="273" Y="154" T="0" Pressure="0"/>
        <Point X="273" Y="163" T="0" Pressure="0"/>
        <Point X="273" Y="181" T="0" Pressure="0"/>
        <Point X="274" Y="191" T="0" Pressure="0"/>
        <Point X="274" Y="200" T="0" Pressure="0"/>
        <Point X="275" Y="208" T="0" Pressure="0"/>
        <Point X="275" Y="217" T="0" Pressure="0"/>
        <Point X="275" Y="226" T="0" Pressure="0"/>
        <Point X="276" Y="235" T="0" Pressure="0"/>
        <Point X="276" Y="245" T="0" Pressure="0"/>
        <Point X="276" Y="271" T="0" Pressure="0"/>
        <Point X="277" Y="278" T="0" Pressure="0"/>
        <Point X="277" Y="286" T="0" Pressure="0"/>
        <Point X="277" Y="294" T="0" Pressure="0"/>
        <Point X="277" Y="299" T="0" Pressure="0"/>
        <Point X="277" Y="304" T="0" Pressure="0"/>
        <Point X="277" Y="309" T="0" Pressure="0"/>
        <Point X="277" Y="313" T="0" Pressure="0"/>
        <Point X="276" Y="316" T="0" Pressure="0"/>
        <Point X="276" Y="320" T="0" Pressure="0"/>
        <Point X="276" Y="322" T="0" Pressure="0"/>
        <Point X="276" Y="324" T="0" Pressure="0"/>
        <Point X="275" Y="325" T="0" Pressure="0"/>
        <Point X="275" Y="326" T="0" Pressure="0"/>
        <Point X="275" Y="327" T="0" Pressure="0"/>
        <Point X="274" Y="327" T="0" Pressure="0"/>
        <Point X="274" Y="326" T="0" Pressure="0"/>
        <Point X="273" Y="325" T="0" Pressure="0"/>
        <Point X="273" Y="323" T="0" Pressure="0"/>
    </Stroke>
    <Stroke index="2">
        <Point X="268" Y="132" T="0" Pressure="0"/>
        <Point X="269" Y="133" T="0" Pressure="0"/>
        <Point X="271" Y="134" T="0" Pressure="0"/>
        <Point X="272" Y="135" T="0" Pressure="0"/>
        <Point X="273" Y="136" T="0" Pressure="0"/>
        <Point X="276" Y="137" T="0" Pressure="0"/>
        <Point X="279" Y="140" T="0" Pressure="0"/>
        <Point X="282" Y="142" T="0" Pressure="0"/>
        <Point X="286" Y="146" T="0" Pressure="0"/>
        <Point X="290" Y="149" T="0" Pressure="0"/>
        <Point X="294" Y="153" T="0" Pressure="0"/>
        <Point X="298" Y="157" T="0" Pressure="0"/>
        <Point X="302" Y="162" T="0" Pressure="0"/>
        <Point X="306" Y="167" T="0" Pressure="0"/>
        <Point X="310" Y="172" T="0" Pressure="0"/>
        <Point X="314" Y="178" T="0" Pressure="0"/>
        <Point X="319" Y="184" T="0" Pressure="0"/>
        <Point X="324" Y="190" T="0" Pressure="0"/>
        <Point X="333" Y="203" T="0" Pressure="0"/>
        <Point X="338" Y="210" T="0" Pressure="0"/>
        <Point X="353" Y="232" T="0" Pressure="0"/>
        <Point X="359" Y="239" T="0" Pressure="0"/>
        <Point X="363" Y="246" T="0" Pressure="0"/>
        <Point X="373" Y="257" T="0" Pressure="0"/>
        <Point X="378" Y="264" T="0" Pressure="0"/>
        <Point X="382" Y="269" T="0" Pressure="0"/>
        <Point X="391" Y="279" T="0" Pressure="0"/>
        <Point X="396" Y="284" T="0" Pressure="0"/>
        <Point X="400" Y="289" T="0" Pressure="0"/>
        <Point X="403" Y="293" T="0" Pressure="0"/>
        <Point X="407" Y="297" T="0" Pressure="0"/>
        <Point X="410" Y="301" T="0" Pressure="0"/>
        <Point X="416" Y="309" T="0" Pressure="0"/>
        <Point X="419" Y="311" T="0" Pressure="0"/>
        <Point X="421" Y="315" T="0" Pressure="0"/>
        <Point X="423" Y="317" T="0" Pressure="0"/>
        <Point X="428" Y="320" T="0" Pressure="0"/>
    </Stroke>
    <Stroke index="3">
        <Point X="420" Y="141" T="0" Pressure="0"/>
        <Point X="419" Y="142" T="0" Pressure="0"/>
        <Point X="420" Y="144" T="0" Pressure="0"/>
        <Point X="420" Y="145" T="0" Pressure="0"/>
        <Point X="422" Y="147" T="0" Pressure="0"/>
        <Point X="422" Y="151" T="0" Pressure="0"/>
        <Point X="423" Y="155" T="0" Pressure="0"/>
        <Point X="424" Y="161" T="0" Pressure="0"/>
        <Point X="425" Y="168" T="0" Pressure="0"/>
        <Point X="426" Y="183" T="0" Pressure="0"/>
        <Point X="427" Y="191" T="0" Pressure="0"/>
        <Point X="427" Y="199" T="0" Pressure="0"/>
        <Point X="429" Y="216" T="0" Pressure="0"/>
        <Point X="429" Y="225" T="0" Pressure="0"/>
        <Point X="429" Y="233" T="0" Pressure="0"/>
        <Point X="430" Y="249" T="0" Pressure="0"/>
        <Point X="430" Y="257" T="0" Pressure="0"/>
        <Point X="430" Y="265" T="0" Pressure="0"/>
        <Point X="430" Y="273" T="0" Pressure="0"/>
        <Point X="430" Y="279" T="0" Pressure="0"/>
        <Point X="430" Y="285" T="0" Pressure="0"/>
        <Point X="430" Y="290" T="0" Pressure="0"/>
        <Point X="430" Y="296" T="0" Pressure="0"/>
        <Point X="429" Y="301" T="0" Pressure="0"/>
        <Point X="429" Y="306" T="0" Pressure="0"/>
        <Point X="429" Y="310" T="0" Pressure="0"/>
        <Point X="429" Y="314" T="0" Pressure="0"/>
        <Point X="429" Y="317" T="0" Pressure="0"/>
        <Point X="428" Y="320" T="0" Pressure="0"/>
        <Point X="428" Y="323" T="0" Pressure="0"/>
        <Point X="427" Y="327" T="0" Pressure="0"/>
        <Point X="427" Y="328" T="0" Pressure="0"/>
        <Point X="427" Y="329" T="0" Pressure="0"/>
        <Point X="427" Y="331" T="0" Pressure="0"/>
    </Stroke>
</Gesture>
