<?xml version="1.0" ?>
<Gesture Name="asterisk~04" Subject="6" Number="4" NumPts="134" InputType="stylus" Speed="MEDIUM">
    <Stroke index="1">
        <Point X="392" Y="112" T="0" Pressure="0"/>
        <Point X="389" Y="113" T="0" Pressure="0"/>
        <Point X="389" Y="115" T="0" Pressure="0"/>
        <Point X="389" Y="117" T="0" Pressure="0"/>
        <Point X="388" Y="120" T="0" Pressure="0"/>
        <Point X="388" Y="123" T="0" Pressure="0"/>
        <Point X="388" Y="127" T="0" Pressure="0"/>
        <Point X="388" Y="132" T="0" Pressure="0"/>
        <Point X="388" Y="139" T="0" Pressure="0"/>
        <Point X="388" Y="146" T="0" Pressure="0"/>
        <Point X="388" Y="152" T="0" Pressure="0"/>
        <Point X="388" Y="159" T="0" Pressure="0"/>
        <Point X="388" Y="166" T="0" Pressure="0"/>
        <Point X="388" Y="175" T="0" Pressure="0"/>
        <Point X="388" Y="184" T="0" Pressure="0"/>
        <Point X="389" Y="193" T="0" Pressure="0"/>
        <Point X="389" Y="202" T="0" Pressure="0"/>
        <Point X="389" Y="211" T="0" Pressure="0"/>
        <Point X="389" Y="221" T="0" Pressure="0"/>
        <Point X="389" Y="230" T="0" Pressure="0"/>
        <Point X="389" Y="241" T="0" Pressure="0"/>
        <Point X="389" Y="251" T="0" Pressure="0"/>
        <Point X="389" Y="260" T="0" Pressure="0"/>
        <Point X="389" Y="269" T="0" Pressure="0"/>
        <Point X="389" Y="278" T="0" Pressure="0"/>
        <Point X="388" Y="286" T="0" Pressure="0"/>
        <Point X="388" Y="295" T="0" Pressure="0"/>
        <Point X="388" Y="303" T="0" Pressure="0"/>
        <Point X="387" Y="310" T="0" Pressure="0"/>
        <Point X="386" Y="317" T="0" Pressure="0"/>
        <Point X="385" Y="323" T="0" Pressure="0"/>
        <Point X="385" Y="329" T="0" Pressure="0"/>
        <Point X="384" Y="339" T="0" Pressure="0"/>
        <Point X="384" Y="343" T="0" Pressure="0"/>
        <Point X="384" Y="347" T="0" Pressure="0"/>
        <Point X="382" Y="353" T="0" Pressure="0"/>
        <Point X="382" Y="356" T="0" Pressure="0"/>
        <Point X="382" Y="359" T="0" Pressure="0"/>
        <Point X="382" Y="360" T="0" Pressure="0"/>
        <Point X="382" Y="361" T="0" Pressure="0"/>
        <Point X="381" Y="363" T="0" Pressure="0"/>
        <Point X="381" Y="364" T="0" Pressure="0"/>
        <Point X="381" Y="365" T="0" Pressure="0"/>
        <Point X="380" Y="365" T="0" Pressure="0"/>
        <Point X="379" Y="364" T="0" Pressure="0"/>
    </Stroke>
    <Stroke index="2">
        <Point X="297" Y="167" T="0" Pressure="0"/>
        <Point X="296" Y="166" T="0" Pressure="0"/>
        <Point X="296" Y="165" T="0" Pressure="0"/>
        <Point X="295" Y="164" T="0" Pressure="0"/>
        <Point X="295" Y="163" T="0" Pressure="0"/>
        <Point X="295" Y="162" T="0" Pressure="0"/>
        <Point X="296" Y="162" T="0" Pressure="0"/>
        <Point X="298" Y="162" T="0" Pressure="0"/>
        <Point X="299" Y="162" T="0" Pressure="0"/>
        <Point X="300" Y="164" T="0" Pressure="0"/>
        <Point X="303" Y="166" T="0" Pressure="0"/>
        <Point X="306" Y="167" T="0" Pressure="0"/>
        <Point X="309" Y="169" T="0" Pressure="0"/>
        <Point X="312" Y="171" T="0" Pressure="0"/>
        <Point X="316" Y="174" T="0" Pressure="0"/>
        <Point X="320" Y="176" T="0" Pressure="0"/>
        <Point X="325" Y="179" T="0" Pressure="0"/>
        <Point X="329" Y="182" T="0" Pressure="0"/>
        <Point X="335" Y="185" T="0" Pressure="0"/>
        <Point X="341" Y="189" T="0" Pressure="0"/>
        <Point X="347" Y="192" T="0" Pressure="0"/>
        <Point X="354" Y="197" T="0" Pressure="0"/>
        <Point X="361" Y="201" T="0" Pressure="0"/>
        <Point X="367" Y="204" T="0" Pressure="0"/>
        <Point X="374" Y="209" T="0" Pressure="0"/>
        <Point X="381" Y="213" T="0" Pressure="0"/>
        <Point X="387" Y="217" T="0" Pressure="0"/>
        <Point X="393" Y="222" T="0" Pressure="0"/>
        <Point X="401" Y="227" T="0" Pressure="0"/>
        <Point X="413" Y="235" T="0" Pressure="0"/>
        <Point X="419" Y="240" T="0" Pressure="0"/>
        <Point X="426" Y="245" T="0" Pressure="0"/>
        <Point X="431" Y="249" T="0" Pressure="0"/>
        <Point X="438" Y="253" T="0" Pressure="0"/>
        <Point X="444" Y="257" T="0" Pressure="0"/>
        <Point X="449" Y="261" T="0" Pressure="0"/>
        <Point X="460" Y="269" T="0" Pressure="0"/>
        <Point X="465" Y="273" T="0" Pressure="0"/>
        <Point X="471" Y="276" T="0" Pressure="0"/>
        <Point X="479" Y="282" T="0" Pressure="0"/>
        <Point X="483" Y="285" T="0" Pressure="0"/>
        <Point X="487" Y="289" T="0" Pressure="0"/>
        <Point X="494" Y="294" T="0" Pressure="0"/>
        <Point X="497" Y="296" T="0" Pressure="0"/>
        <Point X="499" Y="298" T="0" Pressure="0"/>
        <Point X="503" Y="301" T="0" Pressure="0"/>
        <Point X="505" Y="302" T="0" Pressure="0"/>
    </Stroke>
    <Stroke index="3">
        <Point X="449" Y="135" T="0" Pressure="0"/>
        <Point X="448" Y="134" T="0" Pressure="0"/>
        <Point X="446" Y="134" T="0" Pressure="0"/>
        <Point X="445" Y="135" T="0" Pressure="0"/>
        <Point X="444" Y="136" T="0" Pressure="0"/>
        <Point X="439" Y="141" T="0" Pressure="0"/>
        <Point X="437" Y="144" T="0" Pressure="0"/>
        <Point X="434" Y="147" T="0" Pressure="0"/>
        <Point X="431" Y="150" T="0" Pressure="0"/>
        <Point X="428" Y="153" T="0" Pressure="0"/>
        <Point X="425" Y="157" T="0" Pressure="0"/>
        <Point X="422" Y="161" T="0" Pressure="0"/>
        <Point X="415" Y="172" T="0" Pressure="0"/>
        <Point X="411" Y="177" T="0" Pressure="0"/>
        <Point X="408" Y="183" T="0" Pressure="0"/>
        <Point X="403" Y="189" T="0" Pressure="0"/>
        <Point X="399" Y="195" T="0" Pressure="0"/>
        <Point X="394" Y="202" T="0" Pressure="0"/>
        <Point X="389" Y="209" T="0" Pressure="0"/>
        <Point X="381" Y="222" T="0" Pressure="0"/>
        <Point X="377" Y="228" T="0" Pressure="0"/>
        <Point X="372" Y="235" T="0" Pressure="0"/>
        <Point X="363" Y="248" T="0" Pressure="0"/>
        <Point X="359" Y="254" T="0" Pressure="0"/>
        <Point X="355" Y="259" T="0" Pressure="0"/>
        <Point X="347" Y="271" T="0" Pressure="0"/>
        <Point X="344" Y="276" T="0" Pressure="0"/>
        <Point X="340" Y="282" T="0" Pressure="0"/>
        <Point X="337" Y="286" T="0" Pressure="0"/>
        <Point X="334" Y="291" T="0" Pressure="0"/>
        <Point X="331" Y="296" T="0" Pressure="0"/>
        <Point X="329" Y="300" T="0" Pressure="0"/>
        <Point X="325" Y="303" T="0" Pressure="0"/>
        <Point X="323" Y="307" T="0" Pressure="0"/>
        <Point X="321" Y="311" T="0" Pressure="0"/>
        <Point X="319" Y="314" T="0" Pressure="0"/>
        <Point X="315" Y="319" T="0" Pressure="0"/>
        <Point X="314" Y="321" T="0" Pressure="0"/>
        <Point X="312" Y="323" T="0" Pressure="0"/>
        <Point X="310" Y="326" T="0" Pressure="0"/>
        <Point X="309" Y="327" T="0" Pressure="0"/>
        <Point X="308" Y="328" T="0" Pressure="0"/>
    </Stroke>
</Gesture>
