<?xml version="1.0" ?>
<Gesture Name="five_point_star~04" Subject="6" Number="4" NumPts="226" InputType="stylus" Speed="MEDIUM">
    <Stroke index="1">
        <Point X="316" Y="327" T="0" Pressure="0"/>
        <Point X="316" Y="326" T="0" Pressure="0"/>
        <Point X="316" Y="325" T="0" Pressure="0"/>
        <Point X="316" Y="324" T="0" Pressure="0"/>
        <Point X="316" Y="323" T="0" Pressure="0"/>
        <Point X="316" Y="321" T="0" Pressure="0"/>
        <Point X="316" Y="319" T="0" Pressure="0"/>
        <Point X="316" Y="317" T="0" Pressure="0"/>
        <Point X="316" Y="315" T="0" Pressure="0"/>
        <Point X="316" Y="312" T="0" Pressure="0"/>
        <Point X="317" Y="310" T="0" Pressure="0"/>
        <Point X="317" Y="306" T="0" Pressure="0"/>
        <Point X="318" Y="303" T="0" Pressure="0"/>
        <Point X="318" Y="301" T="0" Pressure="0"/>
        <Point X="320" Y="297" T="0" Pressure="0"/>
        <Point X="320" Y="294" T="0" Pressure="0"/>
        <Point X="321" Y="290" T="0" Pressure="0"/>
        <Point X="321" Y="284" T="0" Pressure="0"/>
        <Point X="322" Y="280" T="0" Pressure="0"/>
        <Point X="324" Y="272" T="0" Pressure="0"/>
        <Point X="325" Y="267" T="0" Pressure="0"/>
        <Point X="326" Y="262" T="0" Pressure="0"/>
        <Point X="327" Y="257" T="0" Pressure="0"/>
        <Point X="328" Y="252" T="0" Pressure="0"/>
        <Point X="329" Y="248" T="0" Pressure="0"/>
        <Point X="331" Y="244" T="0" Pressure="0"/>
        <Point X="332" Y="239" T="0" Pressure="0"/>
        <Point X="333" Y="234" T="0" Pressure="0"/>
        <Point X="335" Y="228" T="0" Pressure="0"/>
        <Point X="336" Y="224" T="0" Pressure="0"/>
        <Point X="338" Y="220" T="0" Pressure="0"/>
        <Point X="340" Y="215" T="0" Pressure="0"/>
        <Point X="341" Y="210" T="0" Pressure="0"/>
        <Point X="346" Y="200" T="0" Pressure="0"/>
        <Point X="348" Y="197" T="0" Pressure="0"/>
        <Point X="350" Y="192" T="0" Pressure="0"/>
        <Point X="352" Y="189" T="0" Pressure="0"/>
        <Point X="355" Y="184" T="0" Pressure="0"/>
        <Point X="357" Y="181" T="0" Pressure="0"/>
        <Point X="359" Y="177" T="0" Pressure="0"/>
        <Point X="362" Y="175" T="0" Pressure="0"/>
        <Point X="364" Y="172" T="0" Pressure="0"/>
        <Point X="366" Y="170" T="0" Pressure="0"/>
        <Point X="368" Y="168" T="0" Pressure="0"/>
        <Point X="370" Y="166" T="0" Pressure="0"/>
        <Point X="373" Y="165" T="0" Pressure="0"/>
        <Point X="374" Y="164" T="0" Pressure="0"/>
        <Point X="376" Y="163" T="0" Pressure="0"/>
        <Point X="378" Y="162" T="0" Pressure="0"/>
        <Point X="381" Y="161" T="0" Pressure="0"/>
        <Point X="382" Y="161" T="0" Pressure="0"/>
        <Point X="384" Y="161" T="0" Pressure="0"/>
        <Point X="385" Y="162" T="0" Pressure="0"/>
        <Point X="386" Y="163" T="0" Pressure="0"/>
        <Point X="388" Y="164" T="0" Pressure="0"/>
        <Point X="389" Y="166" T="0" Pressure="0"/>
        <Point X="392" Y="171" T="0" Pressure="0"/>
        <Point X="393" Y="173" T="0" Pressure="0"/>
        <Point X="395" Y="176" T="0" Pressure="0"/>
        <Point X="396" Y="179" T="0" Pressure="0"/>
        <Point X="397" Y="184" T="0" Pressure="0"/>
        <Point X="399" Y="187" T="0" Pressure="0"/>
        <Point X="400" Y="191" T="0" Pressure="0"/>
        <Point X="401" Y="196" T="0" Pressure="0"/>
        <Point X="403" Y="201" T="0" Pressure="0"/>
        <Point X="404" Y="205" T="0" Pressure="0"/>
        <Point X="405" Y="210" T="0" Pressure="0"/>
        <Point X="408" Y="216" T="0" Pressure="0"/>
        <Point X="408" Y="222" T="0" Pressure="0"/>
        <Point X="410" Y="227" T="0" Pressure="0"/>
        <Point X="411" Y="232" T="0" Pressure="0"/>
        <Point X="413" Y="238" T="0" Pressure="0"/>
        <Point X="415" Y="244" T="0" Pressure="0"/>
        <Point X="416" Y="250" T="0" Pressure="0"/>
        <Point X="417" Y="255" T="0" Pressure="0"/>
        <Point X="419" Y="260" T="0" Pressure="0"/>
        <Point X="420" Y="265" T="0" Pressure="0"/>
        <Point X="422" Y="271" T="0" Pressure="0"/>
        <Point X="423" Y="276" T="0" Pressure="0"/>
        <Point X="426" Y="285" T="0" Pressure="0"/>
        <Point X="427" Y="290" T="0" Pressure="0"/>
        <Point X="429" Y="295" T="0" Pressure="0"/>
        <Point X="430" Y="299" T="0" Pressure="0"/>
        <Point X="432" Y="302" T="0" Pressure="0"/>
        <Point X="434" Y="306" T="0" Pressure="0"/>
        <Point X="434" Y="309" T="0" Pressure="0"/>
        <Point X="435" Y="312" T="0" Pressure="0"/>
        <Point X="437" Y="314" T="0" Pressure="0"/>
        <Point X="438" Y="316" T="0" Pressure="0"/>
        <Point X="438" Y="318" T="0" Pressure="0"/>
        <Point X="439" Y="320" T="0" Pressure="0"/>
        <Point X="439" Y="321" T="0" Pressure="0"/>
        <Point X="439" Y="322" T="0" Pressure="0"/>
        <Point X="438" Y="322" T="0" Pressure="0"/>
        <Point X="437" Y="322" T="0" Pressure="0"/>
        <Point X="435" Y="321" T="0" Pressure="0"/>
        <Point X="434" Y="320" T="0" Pressure="0"/>
        <Point X="431" Y="318" T="0" Pressure="0"/>
        <Point X="430" Y="316" T="0" Pressure="0"/>
        <Point X="427" Y="315" T="0" Pressure="0"/>
        <Point X="425" Y="312" T="0" Pressure="0"/>
        <Point X="422" Y="310" T="0" Pressure="0"/>
        <Point X="419" Y="308" T="0" Pressure="0"/>
        <Point X="416" Y="305" T="0" Pressure="0"/>
        <Point X="414" Y="302" T="0" Pressure="0"/>
        <Point X="410" Y="300" T="0" Pressure="0"/>
        <Point X="407" Y="297" T="0" Pressure="0"/>
        <Point X="402" Y="294" T="0" Pressure="0"/>
        <Point X="397" Y="290" T="0" Pressure="0"/>
        <Point X="393" Y="288" T="0" Pressure="0"/>
        <Point X="389" Y="284" T="0" Pressure="0"/>
        <Point X="383" Y="281" T="0" Pressure="0"/>
        <Point X="377" Y="278" T="0" Pressure="0"/>
        <Point X="370" Y="276" T="0" Pressure="0"/>
        <Point X="365" Y="273" T="0" Pressure="0"/>
        <Point X="359" Y="271" T="0" Pressure="0"/>
        <Point X="354" Y="268" T="0" Pressure="0"/>
        <Point X="347" Y="266" T="0" Pressure="0"/>
        <Point X="341" Y="263" T="0" Pressure="0"/>
        <Point X="336" Y="260" T="0" Pressure="0"/>
        <Point X="330" Y="259" T="0" Pressure="0"/>
        <Point X="325" Y="257" T="0" Pressure="0"/>
        <Point X="319" Y="255" T="0" Pressure="0"/>
        <Point X="314" Y="254" T="0" Pressure="0"/>
        <Point X="309" Y="252" T="0" Pressure="0"/>
        <Point X="303" Y="251" T="0" Pressure="0"/>
        <Point X="299" Y="250" T="0" Pressure="0"/>
        <Point X="295" Y="249" T="0" Pressure="0"/>
        <Point X="292" Y="247" T="0" Pressure="0"/>
        <Point X="289" Y="247" T="0" Pressure="0"/>
        <Point X="286" Y="246" T="0" Pressure="0"/>
        <Point X="283" Y="244" T="0" Pressure="0"/>
        <Point X="281" Y="244" T="0" Pressure="0"/>
        <Point X="278" Y="241" T="0" Pressure="0"/>
        <Point X="277" Y="241" T="0" Pressure="0"/>
        <Point X="276" Y="239" T="0" Pressure="0"/>
        <Point X="276" Y="238" T="0" Pressure="0"/>
        <Point X="276" Y="237" T="0" Pressure="0"/>
        <Point X="277" Y="236" T="0" Pressure="0"/>
        <Point X="278" Y="234" T="0" Pressure="0"/>
        <Point X="280" Y="233" T="0" Pressure="0"/>
        <Point X="282" Y="231" T="0" Pressure="0"/>
        <Point X="285" Y="229" T="0" Pressure="0"/>
        <Point X="288" Y="228" T="0" Pressure="0"/>
        <Point X="291" Y="226" T="0" Pressure="0"/>
        <Point X="295" Y="224" T="0" Pressure="0"/>
        <Point X="300" Y="222" T="0" Pressure="0"/>
        <Point X="315" Y="216" T="0" Pressure="0"/>
        <Point X="321" Y="214" T="0" Pressure="0"/>
        <Point X="326" Y="211" T="0" Pressure="0"/>
        <Point X="332" Y="209" T="0" Pressure="0"/>
        <Point X="339" Y="207" T="0" Pressure="0"/>
        <Point X="347" Y="205" T="0" Pressure="0"/>
        <Point X="353" Y="203" T="0" Pressure="0"/>
        <Point X="359" Y="201" T="0" Pressure="0"/>
        <Point X="366" Y="199" T="0" Pressure="0"/>
        <Point X="373" Y="197" T="0" Pressure="0"/>
        <Point X="380" Y="195" T="0" Pressure="0"/>
        <Point X="386" Y="192" T="0" Pressure="0"/>
        <Point X="393" Y="191" T="0" Pressure="0"/>
        <Point X="398" Y="189" T="0" Pressure="0"/>
        <Point X="404" Y="188" T="0" Pressure="0"/>
        <Point X="409" Y="186" T="0" Pressure="0"/>
        <Point X="414" Y="185" T="0" Pressure="0"/>
        <Point X="419" Y="185" T="0" Pressure="0"/>
        <Point X="423" Y="184" T="0" Pressure="0"/>
        <Point X="427" Y="184" T="0" Pressure="0"/>
        <Point X="431" Y="184" T="0" Pressure="0"/>
        <Point X="434" Y="184" T="0" Pressure="0"/>
        <Point X="438" Y="184" T="0" Pressure="0"/>
        <Point X="441" Y="184" T="0" Pressure="0"/>
        <Point X="442" Y="184" T="0" Pressure="0"/>
        <Point X="444" Y="184" T="0" Pressure="0"/>
        <Point X="445" Y="184" T="0" Pressure="0"/>
        <Point X="445" Y="185" T="0" Pressure="0"/>
        <Point X="446" Y="186" T="0" Pressure="0"/>
        <Point X="446" Y="187" T="0" Pressure="0"/>
        <Point X="446" Y="188" T="0" Pressure="0"/>
        <Point X="446" Y="189" T="0" Pressure="0"/>
        <Point X="445" Y="190" T="0" Pressure="0"/>
        <Point X="445" Y="192" T="0" Pressure="0"/>
        <Point X="443" Y="194" T="0" Pressure="0"/>
        <Point X="441" Y="196" T="0" Pressure="0"/>
        <Point X="439" Y="198" T="0" Pressure="0"/>
        <Point X="437" Y="201" T="0" Pressure="0"/>
        <Point X="434" Y="203" T="0" Pressure="0"/>
        <Point X="430" Y="206" T="0" Pressure="0"/>
        <Point X="426" Y="209" T="0" Pressure="0"/>
        <Point X="422" Y="213" T="0" Pressure="0"/>
        <Point X="418" Y="216" T="0" Pressure="0"/>
        <Point X="413" Y="220" T="0" Pressure="0"/>
        <Point X="408" Y="223" T="0" Pressure="0"/>
        <Point X="404" Y="227" T="0" Pressure="0"/>
        <Point X="399" Y="231" T="0" Pressure="0"/>
        <Point X="392" Y="235" T="0" Pressure="0"/>
        <Point X="386" Y="240" T="0" Pressure="0"/>
        <Point X="381" Y="244" T="0" Pressure="0"/>
        <Point X="375" Y="249" T="0" Pressure="0"/>
        <Point X="370" Y="253" T="0" Pressure="0"/>
        <Point X="364" Y="258" T="0" Pressure="0"/>
        <Point X="358" Y="263" T="0" Pressure="0"/>
        <Point X="353" Y="267" T="0" Pressure="0"/>
        <Point X="348" Y="272" T="0" Pressure="0"/>
        <Point X="344" Y="276" T="0" Pressure="0"/>
        <Point X="340" Y="280" T="0" Pressure="0"/>
        <Point X="335" Y="285" T="0" Pressure="0"/>
        <Point X="331" Y="290" T="0" Pressure="0"/>
        <Point X="328" Y="294" T="0" Pressure="0"/>
        <Point X="321" Y="301" T="0" Pressure="0"/>
        <Point X="318" Y="304" T="0" Pressure="0"/>
        <Point X="316" Y="307" T="0" Pressure="0"/>
        <Point X="313" Y="310" T="0" Pressure="0"/>
        <Point X="311" Y="313" T="0" Pressure="0"/>
        <Point X="310" Y="315" T="0" Pressure="0"/>
        <Point X="308" Y="316" T="0" Pressure="0"/>
        <Point X="307" Y="318" T="0" Pressure="0"/>
        <Point X="306" Y="320" T="0" Pressure="0"/>
        <Point X="306" Y="321" T="0" Pressure="0"/>
        <Point X="305" Y="322" T="0" Pressure="0"/>
        <Point X="305" Y="323" T="0" Pressure="0"/>
        <Point X="306" Y="323" T="0" Pressure="0"/>
        <Point X="307" Y="323" T="0" Pressure="0"/>
        <Point X="308" Y="323" T="0" Pressure="0"/>
        <Point X="309" Y="323" T="0" Pressure="0"/>
        <Point X="310" Y="322" T="0" Pressure="0"/>
        <Point X="312" Y="321" T="0" Pressure="0"/>
    </Stroke>
</Gesture>
