<?xml version="1.0" ?>
<Gesture Name="arrowhead~03" Subject="6" Number="3" NumPts="105" InputType="stylus" Speed="MEDIUM">
    <Stroke index="1">
        <Point X="228" Y="262" T="0" Pressure="0"/>
        <Point X="228" Y="260" T="0" Pressure="0"/>
        <Point X="229" Y="260" T="0" Pressure="0"/>
        <Point X="230" Y="260" T="0" Pressure="0"/>
        <Point X="231" Y="259" T="0" Pressure="0"/>
        <Point X="234" Y="259" T="0" Pressure="0"/>
        <Point X="237" Y="259" T="0" Pressure="0"/>
        <Point X="239" Y="259" T="0" Pressure="0"/>
        <Point X="243" Y="259" T="0" Pressure="0"/>
        <Point X="247" Y="259" T="0" Pressure="0"/>
        <Point X="251" Y="259" T="0" Pressure="0"/>
        <Point X="257" Y="259" T="0" Pressure="0"/>
        <Point X="261" Y="259" T="0" Pressure="0"/>
        <Point X="267" Y="259" T="0" Pressure="0"/>
        <Point X="272" Y="258" T="0" Pressure="0"/>
        <Point X="279" Y="258" T="0" Pressure="0"/>
        <Point X="285" Y="257" T="0" Pressure="0"/>
        <Point X="292" Y="257" T="0" Pressure="0"/>
        <Point X="299" Y="257" T="0" Pressure="0"/>
        <Point X="306" Y="257" T="0" Pressure="0"/>
        <Point X="313" Y="257" T="0" Pressure="0"/>
        <Point X="320" Y="257" T="0" Pressure="0"/>
        <Point X="328" Y="257" T="0" Pressure="0"/>
        <Point X="336" Y="257" T="0" Pressure="0"/>
        <Point X="343" Y="257" T="0" Pressure="0"/>
        <Point X="351" Y="257" T="0" Pressure="0"/>
        <Point X="359" Y="257" T="0" Pressure="0"/>
        <Point X="366" Y="257" T="0" Pressure="0"/>
        <Point X="374" Y="257" T="0" Pressure="0"/>
        <Point X="382" Y="257" T="0" Pressure="0"/>
        <Point X="389" Y="257" T="0" Pressure="0"/>
        <Point X="396" Y="257" T="0" Pressure="0"/>
        <Point X="403" Y="258" T="0" Pressure="0"/>
        <Point X="410" Y="258" T="0" Pressure="0"/>
        <Point X="416" Y="258" T="0" Pressure="0"/>
        <Point X="423" Y="259" T="0" Pressure="0"/>
        <Point X="427" Y="259" T="0" Pressure="0"/>
        <Point X="433" Y="259" T="0" Pressure="0"/>
        <Point X="438" Y="259" T="0" Pressure="0"/>
        <Point X="442" Y="259" T="0" Pressure="0"/>
        <Point X="450" Y="259" T="0" Pressure="0"/>
        <Point X="453" Y="260" T="0" Pressure="0"/>
        <Point X="456" Y="260" T="0" Pressure="0"/>
        <Point X="460" Y="260" T="0" Pressure="0"/>
        <Point X="462" Y="260" T="0" Pressure="0"/>
        <Point X="464" Y="260" T="0" Pressure="0"/>
        <Point X="467" Y="260" T="0" Pressure="0"/>
        <Point X="468" Y="260" T="0" Pressure="0"/>
        <Point X="469" Y="260" T="0" Pressure="0"/>
        <Point X="471" Y="260" T="0" Pressure="0"/>
        <Point X="472" Y="260" T="0" Pressure="0"/>
        <Point X="472" Y="259" T="0" Pressure="0"/>
    </Stroke>
    <Stroke index="2">
        <Point X="369" Y="194" T="0" Pressure="0"/>
        <Point X="368" Y="192" T="0" Pressure="0"/>
        <Point X="367" Y="192" T="0" Pressure="0"/>
        <Point X="366" Y="191" T="0" Pressure="0"/>
        <Point X="367" Y="191" T="0" Pressure="0"/>
        <Point X="369" Y="191" T="0" Pressure="0"/>
        <Point X="372" Y="192" T="0" Pressure="0"/>
        <Point X="374" Y="193" T="0" Pressure="0"/>
        <Point X="377" Y="194" T="0" Pressure="0"/>
        <Point X="382" Y="196" T="0" Pressure="0"/>
        <Point X="385" Y="197" T="0" Pressure="0"/>
        <Point X="389" Y="199" T="0" Pressure="0"/>
        <Point X="398" Y="202" T="0" Pressure="0"/>
        <Point X="403" Y="203" T="0" Pressure="0"/>
        <Point X="409" Y="205" T="0" Pressure="0"/>
        <Point X="419" Y="209" T="0" Pressure="0"/>
        <Point X="424" Y="210" T="0" Pressure="0"/>
        <Point X="430" Y="212" T="0" Pressure="0"/>
        <Point X="441" Y="216" T="0" Pressure="0"/>
        <Point X="446" Y="219" T="0" Pressure="0"/>
        <Point X="450" Y="221" T="0" Pressure="0"/>
        <Point X="460" Y="225" T="0" Pressure="0"/>
        <Point X="464" Y="227" T="0" Pressure="0"/>
        <Point X="468" Y="230" T="0" Pressure="0"/>
        <Point X="474" Y="235" T="0" Pressure="0"/>
        <Point X="476" Y="237" T="0" Pressure="0"/>
        <Point X="479" Y="240" T="0" Pressure="0"/>
        <Point X="483" Y="246" T="0" Pressure="0"/>
        <Point X="484" Y="248" T="0" Pressure="0"/>
        <Point X="484" Y="251" T="0" Pressure="0"/>
        <Point X="484" Y="256" T="0" Pressure="0"/>
        <Point X="484" Y="259" T="0" Pressure="0"/>
        <Point X="483" Y="262" T="0" Pressure="0"/>
        <Point X="480" Y="269" T="0" Pressure="0"/>
        <Point X="478" Y="272" T="0" Pressure="0"/>
        <Point X="475" Y="275" T="0" Pressure="0"/>
        <Point X="469" Y="281" T="0" Pressure="0"/>
        <Point X="466" Y="284" T="0" Pressure="0"/>
        <Point X="463" Y="287" T="0" Pressure="0"/>
        <Point X="455" Y="294" T="0" Pressure="0"/>
        <Point X="450" Y="298" T="0" Pressure="0"/>
        <Point X="446" Y="301" T="0" Pressure="0"/>
        <Point X="442" Y="303" T="0" Pressure="0"/>
        <Point X="438" Y="306" T="0" Pressure="0"/>
        <Point X="435" Y="309" T="0" Pressure="0"/>
        <Point X="431" Y="312" T="0" Pressure="0"/>
        <Point X="423" Y="319" T="0" Pressure="0"/>
        <Point X="420" Y="321" T="0" Pressure="0"/>
        <Point X="417" Y="324" T="0" Pressure="0"/>
        <Point X="411" Y="328" T="0" Pressure="0"/>
        <Point X="409" Y="330" T="0" Pressure="0"/>
        <Point X="406" Y="333" T="0" Pressure="0"/>
        <Point X="403" Y="336" T="0" Pressure="0"/>
    </Stroke>
</Gesture>
