<?xml version="1.0" ?>
<Gesture Name="H~09" Subject="6" Number="9" NumPts="118" InputType="stylus" Speed="MEDIUM">
    <Stroke index="1">
        <Point X="305" Y="131" T="0" Pressure="0"/>
        <Point X="305" Y="130" T="0" Pressure="0"/>
        <Point X="305" Y="129" T="0" Pressure="0"/>
        <Point X="304" Y="129" T="0" Pressure="0"/>
        <Point X="305" Y="130" T="0" Pressure="0"/>
        <Point X="305" Y="131" T="0" Pressure="0"/>
        <Point X="306" Y="134" T="0" Pressure="0"/>
        <Point X="306" Y="135" T="0" Pressure="0"/>
        <Point X="308" Y="143" T="0" Pressure="0"/>
        <Point X="310" Y="151" T="0" Pressure="0"/>
        <Point X="310" Y="155" T="0" Pressure="0"/>
        <Point X="310" Y="160" T="0" Pressure="0"/>
        <Point X="311" Y="166" T="0" Pressure="0"/>
        <Point X="311" Y="172" T="0" Pressure="0"/>
        <Point X="311" Y="178" T="0" Pressure="0"/>
        <Point X="311" Y="185" T="0" Pressure="0"/>
        <Point X="311" Y="191" T="0" Pressure="0"/>
        <Point X="311" Y="197" T="0" Pressure="0"/>
        <Point X="311" Y="204" T="0" Pressure="0"/>
        <Point X="311" Y="210" T="0" Pressure="0"/>
        <Point X="311" Y="216" T="0" Pressure="0"/>
        <Point X="311" Y="224" T="0" Pressure="0"/>
        <Point X="311" Y="235" T="0" Pressure="0"/>
        <Point X="310" Y="241" T="0" Pressure="0"/>
        <Point X="310" Y="247" T="0" Pressure="0"/>
        <Point X="310" Y="252" T="0" Pressure="0"/>
        <Point X="310" Y="258" T="0" Pressure="0"/>
        <Point X="309" Y="266" T="0" Pressure="0"/>
        <Point X="309" Y="270" T="0" Pressure="0"/>
        <Point X="309" Y="279" T="0" Pressure="0"/>
        <Point X="309" Y="281" T="0" Pressure="0"/>
        <Point X="309" Y="283" T="0" Pressure="0"/>
        <Point X="309" Y="284" T="0" Pressure="0"/>
        <Point X="309" Y="286" T="0" Pressure="0"/>
        <Point X="309" Y="287" T="0" Pressure="0"/>
        <Point X="309" Y="289" T="0" Pressure="0"/>
        <Point X="309" Y="290" T="0" Pressure="0"/>
        <Point X="309" Y="291" T="0" Pressure="0"/>
        <Point X="310" Y="291" T="0" Pressure="0"/>
    </Stroke>
    <Stroke index="2">
        <Point X="316" Y="223" T="0" Pressure="0"/>
        <Point X="316" Y="222" T="0" Pressure="0"/>
        <Point X="314" Y="222" T="0" Pressure="0"/>
        <Point X="314" Y="221" T="0" Pressure="0"/>
        <Point X="315" Y="221" T="0" Pressure="0"/>
        <Point X="316" Y="221" T="0" Pressure="0"/>
        <Point X="317" Y="221" T="0" Pressure="0"/>
        <Point X="318" Y="221" T="0" Pressure="0"/>
        <Point X="320" Y="221" T="0" Pressure="0"/>
        <Point X="322" Y="221" T="0" Pressure="0"/>
        <Point X="324" Y="221" T="0" Pressure="0"/>
        <Point X="326" Y="221" T="0" Pressure="0"/>
        <Point X="329" Y="220" T="0" Pressure="0"/>
        <Point X="332" Y="220" T="0" Pressure="0"/>
        <Point X="336" Y="219" T="0" Pressure="0"/>
        <Point X="339" Y="219" T="0" Pressure="0"/>
        <Point X="343" Y="217" T="0" Pressure="0"/>
        <Point X="356" Y="215" T="0" Pressure="0"/>
        <Point X="360" Y="213" T="0" Pressure="0"/>
        <Point X="365" Y="212" T="0" Pressure="0"/>
        <Point X="369" Y="211" T="0" Pressure="0"/>
        <Point X="373" Y="209" T="0" Pressure="0"/>
        <Point X="378" Y="209" T="0" Pressure="0"/>
        <Point X="381" Y="207" T="0" Pressure="0"/>
        <Point X="385" Y="206" T="0" Pressure="0"/>
        <Point X="388" Y="205" T="0" Pressure="0"/>
        <Point X="391" Y="205" T="0" Pressure="0"/>
        <Point X="394" Y="204" T="0" Pressure="0"/>
        <Point X="397" Y="203" T="0" Pressure="0"/>
        <Point X="400" Y="203" T="0" Pressure="0"/>
        <Point X="404" Y="202" T="0" Pressure="0"/>
        <Point X="407" Y="202" T="0" Pressure="0"/>
        <Point X="408" Y="202" T="0" Pressure="0"/>
    </Stroke>
    <Stroke index="3">
        <Point X="411" Y="137" T="0" Pressure="0"/>
        <Point X="411" Y="138" T="0" Pressure="0"/>
        <Point X="411" Y="139" T="0" Pressure="0"/>
        <Point X="411" Y="140" T="0" Pressure="0"/>
        <Point X="411" Y="141" T="0" Pressure="0"/>
        <Point X="411" Y="144" T="0" Pressure="0"/>
        <Point X="411" Y="147" T="0" Pressure="0"/>
        <Point X="411" Y="151" T="0" Pressure="0"/>
        <Point X="411" Y="154" T="0" Pressure="0"/>
        <Point X="411" Y="160" T="0" Pressure="0"/>
        <Point X="410" Y="165" T="0" Pressure="0"/>
        <Point X="410" Y="176" T="0" Pressure="0"/>
        <Point X="409" Y="182" T="0" Pressure="0"/>
        <Point X="408" Y="187" T="0" Pressure="0"/>
        <Point X="408" Y="193" T="0" Pressure="0"/>
        <Point X="408" Y="200" T="0" Pressure="0"/>
        <Point X="408" Y="205" T="0" Pressure="0"/>
        <Point X="407" Y="212" T="0" Pressure="0"/>
        <Point X="407" Y="219" T="0" Pressure="0"/>
        <Point X="407" Y="225" T="0" Pressure="0"/>
        <Point X="407" Y="230" T="0" Pressure="0"/>
        <Point X="406" Y="236" T="0" Pressure="0"/>
        <Point X="406" Y="242" T="0" Pressure="0"/>
        <Point X="406" Y="247" T="0" Pressure="0"/>
        <Point X="406" Y="253" T="0" Pressure="0"/>
        <Point X="406" Y="258" T="0" Pressure="0"/>
        <Point X="406" Y="262" T="0" Pressure="0"/>
        <Point X="406" Y="267" T="0" Pressure="0"/>
        <Point X="406" Y="272" T="0" Pressure="0"/>
        <Point X="406" Y="276" T="0" Pressure="0"/>
        <Point X="406" Y="281" T="0" Pressure="0"/>
        <Point X="406" Y="284" T="0" Pressure="0"/>
        <Point X="406" Y="288" T="0" Pressure="0"/>
        <Point X="406" Y="292" T="0" Pressure="0"/>
        <Point X="406" Y="295" T="0" Pressure="0"/>
        <Point X="406" Y="299" T="0" Pressure="0"/>
        <Point X="406" Y="302" T="0" Pressure="0"/>
        <Point X="406" Y="304" T="0" Pressure="0"/>
        <Point X="406" Y="306" T="0" Pressure="0"/>
        <Point X="406" Y="309" T="0" Pressure="0"/>
        <Point X="405" Y="313" T="0" Pressure="0"/>
        <Point X="405" Y="315" T="0" Pressure="0"/>
        <Point X="405" Y="316" T="0" Pressure="0"/>
        <Point X="405" Y="317" T="0" Pressure="0"/>
        <Point X="406" Y="318" T="0" Pressure="0"/>
        <Point X="407" Y="319" T="0" Pressure="0"/>
    </Stroke>
</Gesture>
