<?xml version="1.0" ?>
<Gesture Name="P~06" Subject="6" Number="6" NumPts="86" InputType="stylus" Speed="MEDIUM">
    <Stroke index="1">
        <Point X="337" Y="116" T="0" Pressure="0"/>
        <Point X="336" Y="117" T="0" Pressure="0"/>
        <Point X="336" Y="120" T="0" Pressure="0"/>
        <Point X="336" Y="124" T="0" Pressure="0"/>
        <Point X="336" Y="127" T="0" Pressure="0"/>
        <Point X="335" Y="131" T="0" Pressure="0"/>
        <Point X="335" Y="135" T="0" Pressure="0"/>
        <Point X="335" Y="141" T="0" Pressure="0"/>
        <Point X="334" Y="152" T="0" Pressure="0"/>
        <Point X="333" Y="160" T="0" Pressure="0"/>
        <Point X="333" Y="167" T="0" Pressure="0"/>
        <Point X="332" Y="181" T="0" Pressure="0"/>
        <Point X="332" Y="190" T="0" Pressure="0"/>
        <Point X="331" Y="198" T="0" Pressure="0"/>
        <Point X="330" Y="216" T="0" Pressure="0"/>
        <Point X="329" Y="224" T="0" Pressure="0"/>
        <Point X="329" Y="232" T="0" Pressure="0"/>
        <Point X="329" Y="240" T="0" Pressure="0"/>
        <Point X="328" Y="247" T="0" Pressure="0"/>
        <Point X="328" Y="254" T="0" Pressure="0"/>
        <Point X="328" Y="261" T="0" Pressure="0"/>
        <Point X="327" Y="271" T="0" Pressure="0"/>
        <Point X="327" Y="275" T="0" Pressure="0"/>
        <Point X="326" Y="278" T="0" Pressure="0"/>
        <Point X="326" Y="282" T="0" Pressure="0"/>
        <Point X="326" Y="285" T="0" Pressure="0"/>
        <Point X="326" Y="287" T="0" Pressure="0"/>
        <Point X="326" Y="290" T="0" Pressure="0"/>
        <Point X="326" Y="291" T="0" Pressure="0"/>
        <Point X="326" Y="293" T="0" Pressure="0"/>
        <Point X="327" Y="294" T="0" Pressure="0"/>
        <Point X="327" Y="295" T="0" Pressure="0"/>
        <Point X="327" Y="296" T="0" Pressure="0"/>
        <Point X="328" Y="296" T="0" Pressure="0"/>
    </Stroke>
    <Stroke index="2">
        <Point X="337" Y="122" T="0" Pressure="0"/>
        <Point X="337" Y="119" T="0" Pressure="0"/>
        <Point X="339" Y="115" T="0" Pressure="0"/>
        <Point X="340" Y="114" T="0" Pressure="0"/>
        <Point X="341" Y="113" T="0" Pressure="0"/>
        <Point X="343" Y="112" T="0" Pressure="0"/>
        <Point X="344" Y="112" T="0" Pressure="0"/>
        <Point X="347" Y="111" T="0" Pressure="0"/>
        <Point X="348" Y="111" T="0" Pressure="0"/>
        <Point X="351" Y="111" T="0" Pressure="0"/>
        <Point X="354" Y="111" T="0" Pressure="0"/>
        <Point X="356" Y="110" T="0" Pressure="0"/>
        <Point X="359" Y="110" T="0" Pressure="0"/>
        <Point X="362" Y="110" T="0" Pressure="0"/>
        <Point X="370" Y="112" T="0" Pressure="0"/>
        <Point X="374" Y="112" T="0" Pressure="0"/>
        <Point X="381" Y="116" T="0" Pressure="0"/>
        <Point X="382" Y="117" T="0" Pressure="0"/>
        <Point X="386" Y="120" T="0" Pressure="0"/>
        <Point X="387" Y="122" T="0" Pressure="0"/>
        <Point X="389" Y="124" T="0" Pressure="0"/>
        <Point X="389" Y="126" T="0" Pressure="0"/>
        <Point X="390" Y="128" T="0" Pressure="0"/>
        <Point X="390" Y="131" T="0" Pressure="0"/>
        <Point X="390" Y="134" T="0" Pressure="0"/>
        <Point X="390" Y="136" T="0" Pressure="0"/>
        <Point X="389" Y="140" T="0" Pressure="0"/>
        <Point X="389" Y="142" T="0" Pressure="0"/>
        <Point X="387" Y="145" T="0" Pressure="0"/>
        <Point X="385" Y="147" T="0" Pressure="0"/>
        <Point X="384" Y="150" T="0" Pressure="0"/>
        <Point X="381" Y="152" T="0" Pressure="0"/>
        <Point X="379" Y="155" T="0" Pressure="0"/>
        <Point X="377" Y="158" T="0" Pressure="0"/>
        <Point X="370" Y="162" T="0" Pressure="0"/>
        <Point X="367" Y="165" T="0" Pressure="0"/>
        <Point X="364" Y="167" T="0" Pressure="0"/>
        <Point X="360" Y="170" T="0" Pressure="0"/>
        <Point X="356" Y="172" T="0" Pressure="0"/>
        <Point X="353" Y="174" T="0" Pressure="0"/>
        <Point X="349" Y="175" T="0" Pressure="0"/>
        <Point X="345" Y="177" T="0" Pressure="0"/>
        <Point X="342" Y="178" T="0" Pressure="0"/>
        <Point X="338" Y="179" T="0" Pressure="0"/>
        <Point X="336" Y="180" T="0" Pressure="0"/>
        <Point X="331" Y="181" T="0" Pressure="0"/>
        <Point X="329" Y="182" T="0" Pressure="0"/>
        <Point X="324" Y="184" T="0" Pressure="0"/>
        <Point X="322" Y="184" T="0" Pressure="0"/>
        <Point X="321" Y="184" T="0" Pressure="0"/>
        <Point X="320" Y="184" T="0" Pressure="0"/>
        <Point X="320" Y="185" T="0" Pressure="0"/>
    </Stroke>
</Gesture>
