<?xml version="1.0" ?>
<Gesture Name="N~07" Subject="6" Number="7" NumPts="123" InputType="stylus" Speed="MEDIUM">
    <Stroke index="1">
        <Point X="286" Y="174" T="0" Pressure="0"/>
        <Point X="284" Y="178" T="0" Pressure="0"/>
        <Point X="283" Y="179" T="0" Pressure="0"/>
        <Point X="283" Y="181" T="0" Pressure="0"/>
        <Point X="283" Y="184" T="0" Pressure="0"/>
        <Point X="283" Y="187" T="0" Pressure="0"/>
        <Point X="283" Y="191" T="0" Pressure="0"/>
        <Point X="283" Y="197" T="0" Pressure="0"/>
        <Point X="283" Y="202" T="0" Pressure="0"/>
        <Point X="283" Y="208" T="0" Pressure="0"/>
        <Point X="283" Y="214" T="0" Pressure="0"/>
        <Point X="283" Y="221" T="0" Pressure="0"/>
        <Point X="283" Y="227" T="0" Pressure="0"/>
        <Point X="284" Y="235" T="0" Pressure="0"/>
        <Point X="284" Y="241" T="0" Pressure="0"/>
        <Point X="284" Y="249" T="0" Pressure="0"/>
        <Point X="286" Y="256" T="0" Pressure="0"/>
        <Point X="286" Y="265" T="0" Pressure="0"/>
        <Point X="287" Y="273" T="0" Pressure="0"/>
        <Point X="287" Y="281" T="0" Pressure="0"/>
        <Point X="287" Y="288" T="0" Pressure="0"/>
        <Point X="288" Y="296" T="0" Pressure="0"/>
        <Point X="288" Y="302" T="0" Pressure="0"/>
        <Point X="289" Y="309" T="0" Pressure="0"/>
        <Point X="290" Y="315" T="0" Pressure="0"/>
        <Point X="290" Y="322" T="0" Pressure="0"/>
        <Point X="290" Y="326" T="0" Pressure="0"/>
        <Point X="290" Y="330" T="0" Pressure="0"/>
        <Point X="290" Y="334" T="0" Pressure="0"/>
        <Point X="290" Y="338" T="0" Pressure="0"/>
        <Point X="290" Y="340" T="0" Pressure="0"/>
        <Point X="290" Y="344" T="0" Pressure="0"/>
        <Point X="290" Y="346" T="0" Pressure="0"/>
        <Point X="290" Y="348" T="0" Pressure="0"/>
        <Point X="289" Y="350" T="0" Pressure="0"/>
        <Point X="289" Y="351" T="0" Pressure="0"/>
        <Point X="289" Y="350" T="0" Pressure="0"/>
    </Stroke>
    <Stroke index="2">
        <Point X="277" Y="177" T="0" Pressure="0"/>
        <Point X="277" Y="176" T="0" Pressure="0"/>
        <Point X="277" Y="175" T="0" Pressure="0"/>
        <Point X="278" Y="175" T="0" Pressure="0"/>
        <Point X="279" Y="175" T="0" Pressure="0"/>
        <Point X="280" Y="176" T="0" Pressure="0"/>
        <Point X="283" Y="177" T="0" Pressure="0"/>
        <Point X="287" Y="180" T="0" Pressure="0"/>
        <Point X="290" Y="183" T="0" Pressure="0"/>
        <Point X="293" Y="186" T="0" Pressure="0"/>
        <Point X="296" Y="189" T="0" Pressure="0"/>
        <Point X="301" Y="193" T="0" Pressure="0"/>
        <Point X="305" Y="197" T="0" Pressure="0"/>
        <Point X="310" Y="202" T="0" Pressure="0"/>
        <Point X="314" Y="207" T="0" Pressure="0"/>
        <Point X="319" Y="212" T="0" Pressure="0"/>
        <Point X="323" Y="217" T="0" Pressure="0"/>
        <Point X="328" Y="222" T="0" Pressure="0"/>
        <Point X="332" Y="228" T="0" Pressure="0"/>
        <Point X="337" Y="234" T="0" Pressure="0"/>
        <Point X="343" Y="241" T="0" Pressure="0"/>
        <Point X="347" Y="246" T="0" Pressure="0"/>
        <Point X="362" Y="264" T="0" Pressure="0"/>
        <Point X="366" Y="269" T="0" Pressure="0"/>
        <Point X="373" Y="275" T="0" Pressure="0"/>
        <Point X="377" Y="279" T="0" Pressure="0"/>
        <Point X="382" Y="284" T="0" Pressure="0"/>
        <Point X="387" Y="288" T="0" Pressure="0"/>
        <Point X="392" Y="292" T="0" Pressure="0"/>
        <Point X="396" Y="296" T="0" Pressure="0"/>
        <Point X="402" Y="300" T="0" Pressure="0"/>
        <Point X="405" Y="302" T="0" Pressure="0"/>
        <Point X="410" Y="305" T="0" Pressure="0"/>
        <Point X="414" Y="307" T="0" Pressure="0"/>
        <Point X="418" Y="310" T="0" Pressure="0"/>
        <Point X="425" Y="314" T="0" Pressure="0"/>
        <Point X="428" Y="315" T="0" Pressure="0"/>
        <Point X="431" Y="317" T="0" Pressure="0"/>
        <Point X="434" Y="318" T="0" Pressure="0"/>
        <Point X="437" Y="319" T="0" Pressure="0"/>
        <Point X="439" Y="319" T="0" Pressure="0"/>
        <Point X="442" Y="320" T="0" Pressure="0"/>
        <Point X="445" Y="320" T="0" Pressure="0"/>
        <Point X="447" Y="320" T="0" Pressure="0"/>
    </Stroke>
    <Stroke index="3">
        <Point X="434" Y="170" T="0" Pressure="0"/>
        <Point X="433" Y="170" T="0" Pressure="0"/>
        <Point X="432" Y="170" T="0" Pressure="0"/>
        <Point X="432" Y="172" T="0" Pressure="0"/>
        <Point X="432" Y="174" T="0" Pressure="0"/>
        <Point X="433" Y="177" T="0" Pressure="0"/>
        <Point X="433" Y="180" T="0" Pressure="0"/>
        <Point X="433" Y="185" T="0" Pressure="0"/>
        <Point X="434" Y="191" T="0" Pressure="0"/>
        <Point X="434" Y="197" T="0" Pressure="0"/>
        <Point X="434" Y="204" T="0" Pressure="0"/>
        <Point X="434" Y="211" T="0" Pressure="0"/>
        <Point X="435" Y="219" T="0" Pressure="0"/>
        <Point X="435" Y="227" T="0" Pressure="0"/>
        <Point X="435" Y="234" T="0" Pressure="0"/>
        <Point X="435" Y="241" T="0" Pressure="0"/>
        <Point X="436" Y="248" T="0" Pressure="0"/>
        <Point X="437" Y="255" T="0" Pressure="0"/>
        <Point X="437" Y="261" T="0" Pressure="0"/>
        <Point X="438" Y="269" T="0" Pressure="0"/>
        <Point X="438" Y="275" T="0" Pressure="0"/>
        <Point X="438" Y="280" T="0" Pressure="0"/>
        <Point X="438" Y="285" T="0" Pressure="0"/>
        <Point X="439" Y="290" T="0" Pressure="0"/>
        <Point X="439" Y="295" T="0" Pressure="0"/>
        <Point X="440" Y="299" T="0" Pressure="0"/>
        <Point X="440" Y="306" T="0" Pressure="0"/>
        <Point X="441" Y="309" T="0" Pressure="0"/>
        <Point X="441" Y="312" T="0" Pressure="0"/>
        <Point X="441" Y="315" T="0" Pressure="0"/>
        <Point X="441" Y="318" T="0" Pressure="0"/>
        <Point X="441" Y="321" T="0" Pressure="0"/>
        <Point X="441" Y="323" T="0" Pressure="0"/>
        <Point X="441" Y="325" T="0" Pressure="0"/>
        <Point X="441" Y="327" T="0" Pressure="0"/>
        <Point X="442" Y="329" T="0" Pressure="0"/>
        <Point X="442" Y="330" T="0" Pressure="0"/>
        <Point X="442" Y="331" T="0" Pressure="0"/>
        <Point X="442" Y="332" T="0" Pressure="0"/>
        <Point X="443" Y="334" T="0" Pressure="0"/>
        <Point X="444" Y="334" T="0" Pressure="0"/>
        <Point X="444" Y="335" T="0" Pressure="0"/>
    </Stroke>
</Gesture>
