<?xml version="1.0" ?>
<Gesture Name="T~08" Subject="6" Number="8" NumPts="98" InputType="stylus" Speed="MEDIUM">
    <Stroke index="1">
        <Point X="281" Y="219" T="0" Pressure="0"/>
        <Point X="280" Y="218" T="0" Pressure="0"/>
        <Point X="280" Y="217" T="0" Pressure="0"/>
        <Point X="280" Y="216" T="0" Pressure="0"/>
        <Point X="282" Y="216" T="0" Pressure="0"/>
        <Point X="283" Y="216" T="0" Pressure="0"/>
        <Point X="284" Y="216" T="0" Pressure="0"/>
        <Point X="286" Y="216" T="0" Pressure="0"/>
        <Point X="288" Y="216" T="0" Pressure="0"/>
        <Point X="290" Y="216" T="0" Pressure="0"/>
        <Point X="292" Y="216" T="0" Pressure="0"/>
        <Point X="295" Y="216" T="0" Pressure="0"/>
        <Point X="306" Y="216" T="0" Pressure="0"/>
        <Point X="310" Y="216" T="0" Pressure="0"/>
        <Point X="314" Y="216" T="0" Pressure="0"/>
        <Point X="320" Y="216" T="0" Pressure="0"/>
        <Point X="324" Y="216" T="0" Pressure="0"/>
        <Point X="329" Y="215" T="0" Pressure="0"/>
        <Point X="334" Y="215" T="0" Pressure="0"/>
        <Point X="339" Y="215" T="0" Pressure="0"/>
        <Point X="344" Y="214" T="0" Pressure="0"/>
        <Point X="350" Y="214" T="0" Pressure="0"/>
        <Point X="355" Y="214" T="0" Pressure="0"/>
        <Point X="360" Y="213" T="0" Pressure="0"/>
        <Point X="366" Y="212" T="0" Pressure="0"/>
        <Point X="370" Y="212" T="0" Pressure="0"/>
        <Point X="382" Y="210" T="0" Pressure="0"/>
        <Point X="387" Y="210" T="0" Pressure="0"/>
        <Point X="397" Y="209" T="0" Pressure="0"/>
        <Point X="402" Y="208" T="0" Pressure="0"/>
        <Point X="407" Y="207" T="0" Pressure="0"/>
        <Point X="411" Y="207" T="0" Pressure="0"/>
        <Point X="415" Y="206" T="0" Pressure="0"/>
        <Point X="419" Y="206" T="0" Pressure="0"/>
        <Point X="423" Y="206" T="0" Pressure="0"/>
        <Point X="427" Y="206" T="0" Pressure="0"/>
        <Point X="430" Y="205" T="0" Pressure="0"/>
        <Point X="434" Y="205" T="0" Pressure="0"/>
        <Point X="437" Y="205" T="0" Pressure="0"/>
        <Point X="439" Y="205" T="0" Pressure="0"/>
        <Point X="442" Y="205" T="0" Pressure="0"/>
        <Point X="445" Y="205" T="0" Pressure="0"/>
        <Point X="446" Y="205" T="0" Pressure="0"/>
        <Point X="449" Y="205" T="0" Pressure="0"/>
        <Point X="449" Y="206" T="0" Pressure="0"/>
        <Point X="450" Y="206" T="0" Pressure="0"/>
        <Point X="451" Y="206" T="0" Pressure="0"/>
        <Point X="452" Y="206" T="0" Pressure="0"/>
        <Point X="452" Y="207" T="0" Pressure="0"/>
    </Stroke>
    <Stroke index="2">
        <Point X="365" Y="214" T="0" Pressure="0"/>
        <Point X="365" Y="215" T="0" Pressure="0"/>
        <Point X="365" Y="216" T="0" Pressure="0"/>
        <Point X="365" Y="217" T="0" Pressure="0"/>
        <Point X="365" Y="218" T="0" Pressure="0"/>
        <Point X="365" Y="219" T="0" Pressure="0"/>
        <Point X="365" Y="221" T="0" Pressure="0"/>
        <Point X="365" Y="224" T="0" Pressure="0"/>
        <Point X="365" Y="227" T="0" Pressure="0"/>
        <Point X="364" Y="230" T="0" Pressure="0"/>
        <Point X="364" Y="234" T="0" Pressure="0"/>
        <Point X="363" Y="240" T="0" Pressure="0"/>
        <Point X="363" Y="245" T="0" Pressure="0"/>
        <Point X="362" Y="250" T="0" Pressure="0"/>
        <Point X="362" Y="256" T="0" Pressure="0"/>
        <Point X="362" Y="261" T="0" Pressure="0"/>
        <Point X="362" Y="267" T="0" Pressure="0"/>
        <Point X="361" Y="273" T="0" Pressure="0"/>
        <Point X="360" Y="278" T="0" Pressure="0"/>
        <Point X="360" Y="284" T="0" Pressure="0"/>
        <Point X="359" Y="290" T="0" Pressure="0"/>
        <Point X="359" Y="301" T="0" Pressure="0"/>
        <Point X="359" Y="305" T="0" Pressure="0"/>
        <Point X="358" Y="310" T="0" Pressure="0"/>
        <Point X="358" Y="315" T="0" Pressure="0"/>
        <Point X="357" Y="321" T="0" Pressure="0"/>
        <Point X="356" Y="325" T="0" Pressure="0"/>
        <Point X="355" Y="328" T="0" Pressure="0"/>
        <Point X="355" Y="332" T="0" Pressure="0"/>
        <Point X="355" Y="336" T="0" Pressure="0"/>
        <Point X="354" Y="340" T="0" Pressure="0"/>
        <Point X="354" Y="343" T="0" Pressure="0"/>
        <Point X="353" Y="346" T="0" Pressure="0"/>
        <Point X="352" Y="348" T="0" Pressure="0"/>
        <Point X="352" Y="351" T="0" Pressure="0"/>
        <Point X="351" Y="355" T="0" Pressure="0"/>
        <Point X="351" Y="357" T="0" Pressure="0"/>
        <Point X="351" Y="359" T="0" Pressure="0"/>
        <Point X="351" Y="360" T="0" Pressure="0"/>
        <Point X="350" Y="361" T="0" Pressure="0"/>
        <Point X="350" Y="363" T="0" Pressure="0"/>
        <Point X="350" Y="364" T="0" Pressure="0"/>
        <Point X="350" Y="365" T="0" Pressure="0"/>
        <Point X="350" Y="366" T="0" Pressure="0"/>
        <Point X="350" Y="367" T="0" Pressure="0"/>
        <Point X="350" Y="368" T="0" Pressure="0"/>
        <Point X="350" Y="369" T="0" Pressure="0"/>
        <Point X="350" Y="370" T="0" Pressure="0"/>
        <Point X="351" Y="370" T="0" Pressure="0"/>
    </Stroke>
</Gesture>
