<?xml version="1.0" ?>
<Gesture Name="six_point_star~05" Subject="6" Number="5" NumPts="264" InputType="stylus" Speed="MEDIUM">
    <Stroke index="1">
        <Point X="297" Y="314" T="0" Pressure="0"/>
        <Point X="297" Y="312" T="0" Pressure="0"/>
        <Point X="297" Y="311" T="0" Pressure="0"/>
        <Point X="297" Y="309" T="0" Pressure="0"/>
        <Point X="297" Y="308" T="0" Pressure="0"/>
        <Point X="297" Y="306" T="0" Pressure="0"/>
        <Point X="297" Y="305" T="0" Pressure="0"/>
        <Point X="297" Y="303" T="0" Pressure="0"/>
        <Point X="298" Y="301" T="0" Pressure="0"/>
        <Point X="298" Y="300" T="0" Pressure="0"/>
        <Point X="299" Y="298" T="0" Pressure="0"/>
        <Point X="299" Y="295" T="0" Pressure="0"/>
        <Point X="300" Y="292" T="0" Pressure="0"/>
        <Point X="301" Y="290" T="0" Pressure="0"/>
        <Point X="302" Y="286" T="0" Pressure="0"/>
        <Point X="303" Y="282" T="0" Pressure="0"/>
        <Point X="304" Y="278" T="0" Pressure="0"/>
        <Point X="305" Y="274" T="0" Pressure="0"/>
        <Point X="306" Y="270" T="0" Pressure="0"/>
        <Point X="307" Y="265" T="0" Pressure="0"/>
        <Point X="309" Y="259" T="0" Pressure="0"/>
        <Point X="310" Y="253" T="0" Pressure="0"/>
        <Point X="311" Y="248" T="0" Pressure="0"/>
        <Point X="314" Y="242" T="0" Pressure="0"/>
        <Point X="315" Y="236" T="0" Pressure="0"/>
        <Point X="317" Y="230" T="0" Pressure="0"/>
        <Point X="320" Y="224" T="0" Pressure="0"/>
        <Point X="322" Y="217" T="0" Pressure="0"/>
        <Point X="324" Y="211" T="0" Pressure="0"/>
        <Point X="326" Y="205" T="0" Pressure="0"/>
        <Point X="329" Y="199" T="0" Pressure="0"/>
        <Point X="332" Y="192" T="0" Pressure="0"/>
        <Point X="334" Y="186" T="0" Pressure="0"/>
        <Point X="337" Y="179" T="0" Pressure="0"/>
        <Point X="340" Y="174" T="0" Pressure="0"/>
        <Point X="341" Y="169" T="0" Pressure="0"/>
        <Point X="344" Y="163" T="0" Pressure="0"/>
        <Point X="347" Y="158" T="0" Pressure="0"/>
        <Point X="349" Y="153" T="0" Pressure="0"/>
        <Point X="352" Y="149" T="0" Pressure="0"/>
        <Point X="354" Y="145" T="0" Pressure="0"/>
        <Point X="356" Y="141" T="0" Pressure="0"/>
        <Point X="359" Y="138" T="0" Pressure="0"/>
        <Point X="362" Y="135" T="0" Pressure="0"/>
        <Point X="364" Y="132" T="0" Pressure="0"/>
        <Point X="366" Y="129" T="0" Pressure="0"/>
        <Point X="369" Y="127" T="0" Pressure="0"/>
        <Point X="372" Y="125" T="0" Pressure="0"/>
        <Point X="374" Y="122" T="0" Pressure="0"/>
        <Point X="377" Y="121" T="0" Pressure="0"/>
        <Point X="380" Y="120" T="0" Pressure="0"/>
        <Point X="382" Y="119" T="0" Pressure="0"/>
        <Point X="385" Y="117" T="0" Pressure="0"/>
        <Point X="386" Y="117" T="0" Pressure="0"/>
        <Point X="389" Y="117" T="0" Pressure="0"/>
        <Point X="391" Y="117" T="0" Pressure="0"/>
        <Point X="393" Y="117" T="0" Pressure="0"/>
        <Point X="396" Y="119" T="0" Pressure="0"/>
        <Point X="397" Y="120" T="0" Pressure="0"/>
        <Point X="399" Y="121" T="0" Pressure="0"/>
        <Point X="400" Y="123" T="0" Pressure="0"/>
        <Point X="402" Y="126" T="0" Pressure="0"/>
        <Point X="404" Y="128" T="0" Pressure="0"/>
        <Point X="405" Y="131" T="0" Pressure="0"/>
        <Point X="407" Y="135" T="0" Pressure="0"/>
        <Point X="408" Y="139" T="0" Pressure="0"/>
        <Point X="409" Y="142" T="0" Pressure="0"/>
        <Point X="410" Y="147" T="0" Pressure="0"/>
        <Point X="411" Y="152" T="0" Pressure="0"/>
        <Point X="412" Y="157" T="0" Pressure="0"/>
        <Point X="414" Y="162" T="0" Pressure="0"/>
        <Point X="415" Y="167" T="0" Pressure="0"/>
        <Point X="416" Y="172" T="0" Pressure="0"/>
        <Point X="418" Y="177" T="0" Pressure="0"/>
        <Point X="419" Y="184" T="0" Pressure="0"/>
        <Point X="422" Y="190" T="0" Pressure="0"/>
        <Point X="423" Y="196" T="0" Pressure="0"/>
        <Point X="424" Y="201" T="0" Pressure="0"/>
        <Point X="426" Y="207" T="0" Pressure="0"/>
        <Point X="427" Y="213" T="0" Pressure="0"/>
        <Point X="429" Y="220" T="0" Pressure="0"/>
        <Point X="430" Y="226" T="0" Pressure="0"/>
        <Point X="431" Y="232" T="0" Pressure="0"/>
        <Point X="433" Y="237" T="0" Pressure="0"/>
        <Point X="434" Y="244" T="0" Pressure="0"/>
        <Point X="434" Y="250" T="0" Pressure="0"/>
        <Point X="435" Y="255" T="0" Pressure="0"/>
        <Point X="437" Y="261" T="0" Pressure="0"/>
        <Point X="438" Y="266" T="0" Pressure="0"/>
        <Point X="438" Y="270" T="0" Pressure="0"/>
        <Point X="439" Y="275" T="0" Pressure="0"/>
        <Point X="439" Y="278" T="0" Pressure="0"/>
        <Point X="439" Y="282" T="0" Pressure="0"/>
        <Point X="440" Y="286" T="0" Pressure="0"/>
        <Point X="440" Y="290" T="0" Pressure="0"/>
        <Point X="440" Y="292" T="0" Pressure="0"/>
        <Point X="440" Y="295" T="0" Pressure="0"/>
        <Point X="439" Y="298" T="0" Pressure="0"/>
        <Point X="439" Y="300" T="0" Pressure="0"/>
        <Point X="438" Y="302" T="0" Pressure="0"/>
        <Point X="437" Y="303" T="0" Pressure="0"/>
        <Point X="436" Y="305" T="0" Pressure="0"/>
        <Point X="434" Y="307" T="0" Pressure="0"/>
        <Point X="433" Y="309" T="0" Pressure="0"/>
        <Point X="430" Y="310" T="0" Pressure="0"/>
        <Point X="423" Y="313" T="0" Pressure="0"/>
        <Point X="419" Y="314" T="0" Pressure="0"/>
        <Point X="416" Y="315" T="0" Pressure="0"/>
        <Point X="412" Y="315" T="0" Pressure="0"/>
        <Point X="408" Y="315" T="0" Pressure="0"/>
        <Point X="404" Y="316" T="0" Pressure="0"/>
        <Point X="400" Y="316" T="0" Pressure="0"/>
        <Point X="396" Y="316" T="0" Pressure="0"/>
        <Point X="391" Y="316" T="0" Pressure="0"/>
        <Point X="386" Y="316" T="0" Pressure="0"/>
        <Point X="381" Y="316" T="0" Pressure="0"/>
        <Point X="377" Y="316" T="0" Pressure="0"/>
        <Point X="373" Y="316" T="0" Pressure="0"/>
        <Point X="368" Y="315" T="0" Pressure="0"/>
        <Point X="354" Y="314" T="0" Pressure="0"/>
        <Point X="350" Y="312" T="0" Pressure="0"/>
        <Point X="346" Y="312" T="0" Pressure="0"/>
        <Point X="342" Y="311" T="0" Pressure="0"/>
        <Point X="338" Y="310" T="0" Pressure="0"/>
        <Point X="335" Y="309" T="0" Pressure="0"/>
        <Point X="331" Y="309" T="0" Pressure="0"/>
        <Point X="328" Y="307" T="0" Pressure="0"/>
        <Point X="325" Y="307" T="0" Pressure="0"/>
        <Point X="321" Y="306" T="0" Pressure="0"/>
        <Point X="319" Y="305" T="0" Pressure="0"/>
        <Point X="317" Y="304" T="0" Pressure="0"/>
        <Point X="314" Y="304" T="0" Pressure="0"/>
        <Point X="313" Y="303" T="0" Pressure="0"/>
        <Point X="310" Y="303" T="0" Pressure="0"/>
        <Point X="309" Y="303" T="0" Pressure="0"/>
        <Point X="307" Y="303" T="0" Pressure="0"/>
        <Point X="306" Y="302" T="0" Pressure="0"/>
        <Point X="305" Y="302" T="0" Pressure="0"/>
    </Stroke>
    <Stroke index="2">
        <Point X="296" Y="200" T="0" Pressure="0"/>
        <Point X="295" Y="197" T="0" Pressure="0"/>
        <Point X="294" Y="194" T="0" Pressure="0"/>
        <Point X="294" Y="192" T="0" Pressure="0"/>
        <Point X="295" Y="192" T="0" Pressure="0"/>
        <Point X="295" Y="194" T="0" Pressure="0"/>
        <Point X="296" Y="195" T="0" Pressure="0"/>
        <Point X="298" Y="197" T="0" Pressure="0"/>
        <Point X="299" Y="199" T="0" Pressure="0"/>
        <Point X="299" Y="201" T="0" Pressure="0"/>
        <Point X="301" Y="203" T="0" Pressure="0"/>
        <Point X="302" Y="206" T="0" Pressure="0"/>
        <Point X="304" Y="210" T="0" Pressure="0"/>
        <Point X="306" Y="214" T="0" Pressure="0"/>
        <Point X="307" Y="217" T="0" Pressure="0"/>
        <Point X="309" Y="222" T="0" Pressure="0"/>
        <Point X="311" Y="227" T="0" Pressure="0"/>
        <Point X="314" Y="232" T="0" Pressure="0"/>
        <Point X="316" Y="239" T="0" Pressure="0"/>
        <Point X="318" Y="244" T="0" Pressure="0"/>
        <Point X="321" Y="250" T="0" Pressure="0"/>
        <Point X="322" Y="256" T="0" Pressure="0"/>
        <Point X="325" Y="262" T="0" Pressure="0"/>
        <Point X="327" Y="269" T="0" Pressure="0"/>
        <Point X="329" Y="276" T="0" Pressure="0"/>
        <Point X="332" Y="282" T="0" Pressure="0"/>
        <Point X="333" Y="288" T="0" Pressure="0"/>
        <Point X="336" Y="294" T="0" Pressure="0"/>
        <Point X="337" Y="300" T="0" Pressure="0"/>
        <Point X="340" Y="306" T="0" Pressure="0"/>
        <Point X="345" Y="322" T="0" Pressure="0"/>
        <Point X="347" Y="327" T="0" Pressure="0"/>
        <Point X="348" Y="331" T="0" Pressure="0"/>
        <Point X="351" Y="336" T="0" Pressure="0"/>
        <Point X="352" Y="340" T="0" Pressure="0"/>
        <Point X="353" Y="344" T="0" Pressure="0"/>
        <Point X="354" Y="347" T="0" Pressure="0"/>
        <Point X="355" Y="350" T="0" Pressure="0"/>
        <Point X="356" Y="352" T="0" Pressure="0"/>
        <Point X="358" Y="354" T="0" Pressure="0"/>
        <Point X="359" Y="356" T="0" Pressure="0"/>
        <Point X="360" Y="357" T="0" Pressure="0"/>
        <Point X="362" Y="358" T="0" Pressure="0"/>
        <Point X="363" Y="359" T="0" Pressure="0"/>
        <Point X="369" Y="359" T="0" Pressure="0"/>
        <Point X="370" Y="359" T="0" Pressure="0"/>
        <Point X="373" Y="357" T="0" Pressure="0"/>
        <Point X="375" Y="356" T="0" Pressure="0"/>
        <Point X="378" Y="354" T="0" Pressure="0"/>
        <Point X="380" Y="351" T="0" Pressure="0"/>
        <Point X="383" Y="348" T="0" Pressure="0"/>
        <Point X="386" Y="344" T="0" Pressure="0"/>
        <Point X="389" Y="340" T="0" Pressure="0"/>
        <Point X="392" Y="334" T="0" Pressure="0"/>
        <Point X="395" Y="329" T="0" Pressure="0"/>
        <Point X="397" Y="324" T="0" Pressure="0"/>
        <Point X="401" Y="317" T="0" Pressure="0"/>
        <Point X="404" Y="311" T="0" Pressure="0"/>
        <Point X="407" Y="305" T="0" Pressure="0"/>
        <Point X="410" Y="299" T="0" Pressure="0"/>
        <Point X="413" Y="292" T="0" Pressure="0"/>
        <Point X="416" Y="286" T="0" Pressure="0"/>
        <Point X="419" Y="278" T="0" Pressure="0"/>
        <Point X="423" Y="273" T="0" Pressure="0"/>
        <Point X="426" Y="267" T="0" Pressure="0"/>
        <Point X="429" Y="261" T="0" Pressure="0"/>
        <Point X="431" Y="255" T="0" Pressure="0"/>
        <Point X="434" Y="250" T="0" Pressure="0"/>
        <Point X="437" Y="244" T="0" Pressure="0"/>
        <Point X="439" Y="239" T="0" Pressure="0"/>
        <Point X="441" Y="233" T="0" Pressure="0"/>
        <Point X="444" Y="228" T="0" Pressure="0"/>
        <Point X="446" Y="222" T="0" Pressure="0"/>
        <Point X="448" Y="218" T="0" Pressure="0"/>
        <Point X="450" Y="213" T="0" Pressure="0"/>
        <Point X="452" Y="209" T="0" Pressure="0"/>
        <Point X="453" Y="205" T="0" Pressure="0"/>
        <Point X="454" Y="202" T="0" Pressure="0"/>
        <Point X="456" Y="198" T="0" Pressure="0"/>
        <Point X="456" Y="195" T="0" Pressure="0"/>
        <Point X="457" Y="192" T="0" Pressure="0"/>
        <Point X="457" Y="187" T="0" Pressure="0"/>
        <Point X="457" Y="186" T="0" Pressure="0"/>
        <Point X="457" Y="184" T="0" Pressure="0"/>
        <Point X="457" Y="182" T="0" Pressure="0"/>
        <Point X="456" Y="181" T="0" Pressure="0"/>
        <Point X="455" Y="180" T="0" Pressure="0"/>
        <Point X="453" Y="178" T="0" Pressure="0"/>
        <Point X="452" Y="177" T="0" Pressure="0"/>
        <Point X="449" Y="176" T="0" Pressure="0"/>
        <Point X="446" Y="175" T="0" Pressure="0"/>
        <Point X="444" Y="174" T="0" Pressure="0"/>
        <Point X="440" Y="172" T="0" Pressure="0"/>
        <Point X="437" Y="172" T="0" Pressure="0"/>
        <Point X="432" Y="171" T="0" Pressure="0"/>
        <Point X="427" Y="170" T="0" Pressure="0"/>
        <Point X="423" Y="170" T="0" Pressure="0"/>
        <Point X="417" Y="169" T="0" Pressure="0"/>
        <Point X="411" Y="169" T="0" Pressure="0"/>
        <Point X="406" Y="169" T="0" Pressure="0"/>
        <Point X="400" Y="168" T="0" Pressure="0"/>
        <Point X="393" Y="168" T="0" Pressure="0"/>
        <Point X="387" Y="168" T="0" Pressure="0"/>
        <Point X="380" Y="168" T="0" Pressure="0"/>
        <Point X="374" Y="168" T="0" Pressure="0"/>
        <Point X="367" Y="168" T="0" Pressure="0"/>
        <Point X="355" Y="168" T="0" Pressure="0"/>
        <Point X="348" Y="169" T="0" Pressure="0"/>
        <Point X="342" Y="169" T="0" Pressure="0"/>
        <Point X="337" Y="169" T="0" Pressure="0"/>
        <Point X="332" Y="169" T="0" Pressure="0"/>
        <Point X="328" Y="169" T="0" Pressure="0"/>
        <Point X="323" Y="169" T="0" Pressure="0"/>
        <Point X="318" Y="170" T="0" Pressure="0"/>
        <Point X="314" Y="170" T="0" Pressure="0"/>
        <Point X="310" Y="171" T="0" Pressure="0"/>
        <Point X="307" Y="171" T="0" Pressure="0"/>
        <Point X="304" Y="172" T="0" Pressure="0"/>
        <Point X="301" Y="172" T="0" Pressure="0"/>
        <Point X="298" Y="172" T="0" Pressure="0"/>
        <Point X="295" Y="174" T="0" Pressure="0"/>
        <Point X="294" Y="174" T="0" Pressure="0"/>
        <Point X="292" Y="175" T="0" Pressure="0"/>
        <Point X="291" Y="176" T="0" Pressure="0"/>
        <Point X="290" Y="177" T="0" Pressure="0"/>
        <Point X="288" Y="179" T="0" Pressure="0"/>
    </Stroke>
</Gesture>
