<?xml version="1.0" ?>
<Gesture Name="P~01" Subject="6" Number="1" NumPts="99" InputType="stylus" Speed="MEDIUM">
    <Stroke index="1">
        <Point X="331" Y="146" T="0" Pressure="0"/>
        <Point X="331" Y="143" T="0" Pressure="0"/>
        <Point X="331" Y="142" T="0" Pressure="0"/>
        <Point X="332" Y="141" T="0" Pressure="0"/>
        <Point X="332" Y="140" T="0" Pressure="0"/>
        <Point X="333" Y="141" T="0" Pressure="0"/>
        <Point X="335" Y="147" T="0" Pressure="0"/>
        <Point X="336" Y="150" T="0" Pressure="0"/>
        <Point X="336" Y="153" T="0" Pressure="0"/>
        <Point X="337" Y="157" T="0" Pressure="0"/>
        <Point X="337" Y="161" T="0" Pressure="0"/>
        <Point X="337" Y="166" T="0" Pressure="0"/>
        <Point X="338" Y="171" T="0" Pressure="0"/>
        <Point X="338" Y="177" T="0" Pressure="0"/>
        <Point X="338" Y="184" T="0" Pressure="0"/>
        <Point X="338" Y="191" T="0" Pressure="0"/>
        <Point X="337" Y="199" T="0" Pressure="0"/>
        <Point X="337" Y="205" T="0" Pressure="0"/>
        <Point X="336" Y="214" T="0" Pressure="0"/>
        <Point X="335" Y="222" T="0" Pressure="0"/>
        <Point X="333" Y="230" T="0" Pressure="0"/>
        <Point X="332" Y="239" T="0" Pressure="0"/>
        <Point X="331" Y="249" T="0" Pressure="0"/>
        <Point X="330" Y="257" T="0" Pressure="0"/>
        <Point X="329" Y="266" T="0" Pressure="0"/>
        <Point X="327" Y="281" T="0" Pressure="0"/>
        <Point X="326" Y="289" T="0" Pressure="0"/>
        <Point X="325" Y="296" T="0" Pressure="0"/>
        <Point X="325" Y="301" T="0" Pressure="0"/>
        <Point X="325" Y="305" T="0" Pressure="0"/>
        <Point X="325" Y="309" T="0" Pressure="0"/>
        <Point X="324" Y="312" T="0" Pressure="0"/>
        <Point X="324" Y="315" T="0" Pressure="0"/>
        <Point X="324" Y="318" T="0" Pressure="0"/>
        <Point X="323" Y="320" T="0" Pressure="0"/>
        <Point X="323" Y="322" T="0" Pressure="0"/>
        <Point X="322" Y="323" T="0" Pressure="0"/>
        <Point X="322" Y="324" T="0" Pressure="0"/>
        <Point X="322" Y="325" T="0" Pressure="0"/>
        <Point X="321" Y="326" T="0" Pressure="0"/>
        <Point X="321" Y="325" T="0" Pressure="0"/>
        <Point X="321" Y="323" T="0" Pressure="0"/>
    </Stroke>
    <Stroke index="2">
        <Point X="320" Y="138" T="0" Pressure="0"/>
        <Point X="320" Y="136" T="0" Pressure="0"/>
        <Point X="321" Y="135" T="0" Pressure="0"/>
        <Point X="321" Y="134" T="0" Pressure="0"/>
        <Point X="322" Y="133" T="0" Pressure="0"/>
        <Point X="325" Y="131" T="0" Pressure="0"/>
        <Point X="328" Y="130" T="0" Pressure="0"/>
        <Point X="330" Y="129" T="0" Pressure="0"/>
        <Point X="336" Y="128" T="0" Pressure="0"/>
        <Point X="339" Y="127" T="0" Pressure="0"/>
        <Point X="343" Y="127" T="0" Pressure="0"/>
        <Point X="347" Y="126" T="0" Pressure="0"/>
        <Point X="356" Y="125" T="0" Pressure="0"/>
        <Point X="360" Y="125" T="0" Pressure="0"/>
        <Point X="365" Y="125" T="0" Pressure="0"/>
        <Point X="370" Y="125" T="0" Pressure="0"/>
        <Point X="379" Y="125" T="0" Pressure="0"/>
        <Point X="383" Y="126" T="0" Pressure="0"/>
        <Point X="387" Y="127" T="0" Pressure="0"/>
        <Point X="390" Y="128" T="0" Pressure="0"/>
        <Point X="395" Y="129" T="0" Pressure="0"/>
        <Point X="398" Y="130" T="0" Pressure="0"/>
        <Point X="404" Y="135" T="0" Pressure="0"/>
        <Point X="407" Y="137" T="0" Pressure="0"/>
        <Point X="409" Y="140" T="0" Pressure="0"/>
        <Point X="411" Y="142" T="0" Pressure="0"/>
        <Point X="412" Y="145" T="0" Pressure="0"/>
        <Point X="414" Y="148" T="0" Pressure="0"/>
        <Point X="415" Y="154" T="0" Pressure="0"/>
        <Point X="415" Y="157" T="0" Pressure="0"/>
        <Point X="415" Y="160" T="0" Pressure="0"/>
        <Point X="414" Y="166" T="0" Pressure="0"/>
        <Point X="413" Y="170" T="0" Pressure="0"/>
        <Point X="411" Y="172" T="0" Pressure="0"/>
        <Point X="406" Y="178" T="0" Pressure="0"/>
        <Point X="400" Y="185" T="0" Pressure="0"/>
        <Point X="392" Y="190" T="0" Pressure="0"/>
        <Point X="388" Y="192" T="0" Pressure="0"/>
        <Point X="384" Y="195" T="0" Pressure="0"/>
        <Point X="374" Y="200" T="0" Pressure="0"/>
        <Point X="370" Y="202" T="0" Pressure="0"/>
        <Point X="366" Y="203" T="0" Pressure="0"/>
        <Point X="358" Y="206" T="0" Pressure="0"/>
        <Point X="354" Y="206" T="0" Pressure="0"/>
        <Point X="349" Y="207" T="0" Pressure="0"/>
        <Point X="346" Y="208" T="0" Pressure="0"/>
        <Point X="340" Y="208" T="0" Pressure="0"/>
        <Point X="336" Y="208" T="0" Pressure="0"/>
        <Point X="334" Y="208" T="0" Pressure="0"/>
        <Point X="331" Y="207" T="0" Pressure="0"/>
        <Point X="329" Y="207" T="0" Pressure="0"/>
        <Point X="328" Y="207" T="0" Pressure="0"/>
        <Point X="326" Y="206" T="0" Pressure="0"/>
        <Point X="325" Y="206" T="0" Pressure="0"/>
        <Point X="324" Y="206" T="0" Pressure="0"/>
        <Point X="323" Y="205" T="0" Pressure="0"/>
        <Point X="322" Y="205" T="0" Pressure="0"/>
    </Stroke>
</Gesture>
