<?xml version="1.0" ?>
<Gesture Name="line~03" Subject="6" Number="3" NumPts="46" InputType="stylus" Speed="MEDIUM">
    <Stroke index="1">
        <Point X="276" Y="247" T="0" Pressure="0"/>
        <Point X="277" Y="247" T="0" Pressure="0"/>
        <Point X="278" Y="247" T="0" Pressure="0"/>
        <Point X="279" Y="247" T="0" Pressure="0"/>
        <Point X="280" Y="246" T="0" Pressure="0"/>
        <Point X="282" Y="246" T="0" Pressure="0"/>
        <Point X="284" Y="246" T="0" Pressure="0"/>
        <Point X="287" Y="246" T="0" Pressure="0"/>
        <Point X="290" Y="246" T="0" Pressure="0"/>
        <Point X="297" Y="245" T="0" Pressure="0"/>
        <Point X="315" Y="245" T="0" Pressure="0"/>
        <Point X="320" Y="245" T="0" Pressure="0"/>
        <Point X="325" Y="245" T="0" Pressure="0"/>
        <Point X="332" Y="245" T="0" Pressure="0"/>
        <Point X="337" Y="244" T="0" Pressure="0"/>
        <Point X="349" Y="244" T="0" Pressure="0"/>
        <Point X="355" Y="244" T="0" Pressure="0"/>
        <Point X="362" Y="243" T="0" Pressure="0"/>
        <Point X="375" Y="242" T="0" Pressure="0"/>
        <Point X="381" Y="242" T="0" Pressure="0"/>
        <Point X="388" Y="242" T="0" Pressure="0"/>
        <Point X="395" Y="242" T="0" Pressure="0"/>
        <Point X="401" Y="242" T="0" Pressure="0"/>
        <Point X="409" Y="241" T="0" Pressure="0"/>
        <Point X="415" Y="241" T="0" Pressure="0"/>
        <Point X="421" Y="241" T="0" Pressure="0"/>
        <Point X="427" Y="241" T="0" Pressure="0"/>
        <Point X="450" Y="241" T="0" Pressure="0"/>
        <Point X="455" Y="241" T="0" Pressure="0"/>
        <Point X="460" Y="241" T="0" Pressure="0"/>
        <Point X="464" Y="241" T="0" Pressure="0"/>
        <Point X="469" Y="241" T="0" Pressure="0"/>
        <Point X="475" Y="241" T="0" Pressure="0"/>
        <Point X="479" Y="241" T="0" Pressure="0"/>
        <Point X="483" Y="241" T="0" Pressure="0"/>
        <Point X="487" Y="241" T="0" Pressure="0"/>
        <Point X="491" Y="241" T="0" Pressure="0"/>
        <Point X="495" Y="242" T="0" Pressure="0"/>
        <Point X="499" Y="242" T="0" Pressure="0"/>
        <Point X="502" Y="242" T="0" Pressure="0"/>
        <Point X="505" Y="243" T="0" Pressure="0"/>
        <Point X="509" Y="243" T="0" Pressure="0"/>
        <Point X="512" Y="244" T="0" Pressure="0"/>
        <Point X="514" Y="244" T="0" Pressure="0"/>
        <Point X="517" Y="245" T="0" Pressure="0"/>
        <Point X="519" Y="245" T="0" Pressure="0"/>
    </Stroke>
</Gesture>
