<?xml version="1.0" ?>
<Gesture Name="I~10" Subject="6" Number="10" NumPts="135" InputType="stylus" Speed="MEDIUM">
    <Stroke index="1">
        <Point X="288" Y="115" T="0" Pressure="0"/>
        <Point X="287" Y="115" T="0" Pressure="0"/>
        <Point X="287" Y="114" T="0" Pressure="0"/>
        <Point X="286" Y="113" T="0" Pressure="0"/>
        <Point X="286" Y="112" T="0" Pressure="0"/>
        <Point X="286" Y="111" T="0" Pressure="0"/>
        <Point X="287" Y="111" T="0" Pressure="0"/>
        <Point X="288" Y="110" T="0" Pressure="0"/>
        <Point X="290" Y="110" T="0" Pressure="0"/>
        <Point X="291" Y="110" T="0" Pressure="0"/>
        <Point X="294" Y="110" T="0" Pressure="0"/>
        <Point X="295" Y="110" T="0" Pressure="0"/>
        <Point X="298" Y="109" T="0" Pressure="0"/>
        <Point X="302" Y="109" T="0" Pressure="0"/>
        <Point X="305" Y="109" T="0" Pressure="0"/>
        <Point X="309" Y="109" T="0" Pressure="0"/>
        <Point X="314" Y="108" T="0" Pressure="0"/>
        <Point X="318" Y="107" T="0" Pressure="0"/>
        <Point X="324" Y="107" T="0" Pressure="0"/>
        <Point X="329" Y="107" T="0" Pressure="0"/>
        <Point X="333" Y="106" T="0" Pressure="0"/>
        <Point X="339" Y="105" T="0" Pressure="0"/>
        <Point X="349" Y="104" T="0" Pressure="0"/>
        <Point X="354" Y="103" T="0" Pressure="0"/>
        <Point X="359" Y="102" T="0" Pressure="0"/>
        <Point X="365" Y="102" T="0" Pressure="0"/>
        <Point X="370" Y="101" T="0" Pressure="0"/>
        <Point X="375" Y="100" T="0" Pressure="0"/>
        <Point X="380" Y="99" T="0" Pressure="0"/>
        <Point X="385" Y="99" T="0" Pressure="0"/>
        <Point X="389" Y="97" T="0" Pressure="0"/>
        <Point X="393" Y="97" T="0" Pressure="0"/>
        <Point X="397" Y="96" T="0" Pressure="0"/>
        <Point X="402" Y="96" T="0" Pressure="0"/>
        <Point X="405" Y="96" T="0" Pressure="0"/>
        <Point X="409" Y="95" T="0" Pressure="0"/>
        <Point X="419" Y="95" T="0" Pressure="0"/>
        <Point X="422" Y="95" T="0" Pressure="0"/>
        <Point X="424" Y="95" T="0" Pressure="0"/>
        <Point X="426" Y="95" T="0" Pressure="0"/>
        <Point X="428" Y="95" T="0" Pressure="0"/>
        <Point X="430" Y="95" T="0" Pressure="0"/>
        <Point X="431" Y="96" T="0" Pressure="0"/>
        <Point X="433" Y="96" T="0" Pressure="0"/>
        <Point X="434" Y="97" T="0" Pressure="0"/>
        <Point X="435" Y="98" T="0" Pressure="0"/>
    </Stroke>
    <Stroke index="2">
        <Point X="381" Y="115" T="0" Pressure="0"/>
        <Point X="381" Y="116" T="0" Pressure="0"/>
        <Point X="381" Y="117" T="0" Pressure="0"/>
        <Point X="381" Y="119" T="0" Pressure="0"/>
        <Point X="381" Y="120" T="0" Pressure="0"/>
        <Point X="381" Y="122" T="0" Pressure="0"/>
        <Point X="381" Y="124" T="0" Pressure="0"/>
        <Point X="382" Y="127" T="0" Pressure="0"/>
        <Point X="382" Y="130" T="0" Pressure="0"/>
        <Point X="382" Y="135" T="0" Pressure="0"/>
        <Point X="382" Y="140" T="0" Pressure="0"/>
        <Point X="382" Y="145" T="0" Pressure="0"/>
        <Point X="382" Y="149" T="0" Pressure="0"/>
        <Point X="381" Y="159" T="0" Pressure="0"/>
        <Point X="381" Y="165" T="0" Pressure="0"/>
        <Point X="381" Y="169" T="0" Pressure="0"/>
        <Point X="380" Y="173" T="0" Pressure="0"/>
        <Point X="380" Y="177" T="0" Pressure="0"/>
        <Point X="380" Y="181" T="0" Pressure="0"/>
        <Point X="380" Y="185" T="0" Pressure="0"/>
        <Point X="380" Y="190" T="0" Pressure="0"/>
        <Point X="380" Y="193" T="0" Pressure="0"/>
        <Point X="380" Y="197" T="0" Pressure="0"/>
        <Point X="380" Y="200" T="0" Pressure="0"/>
        <Point X="380" Y="206" T="0" Pressure="0"/>
        <Point X="380" Y="209" T="0" Pressure="0"/>
        <Point X="380" Y="212" T="0" Pressure="0"/>
        <Point X="380" Y="217" T="0" Pressure="0"/>
        <Point X="379" Y="220" T="0" Pressure="0"/>
        <Point X="378" Y="225" T="0" Pressure="0"/>
        <Point X="378" Y="227" T="0" Pressure="0"/>
        <Point X="378" Y="228" T="0" Pressure="0"/>
        <Point X="378" Y="230" T="0" Pressure="0"/>
        <Point X="377" Y="234" T="0" Pressure="0"/>
        <Point X="377" Y="235" T="0" Pressure="0"/>
        <Point X="377" Y="236" T="0" Pressure="0"/>
        <Point X="377" Y="237" T="0" Pressure="0"/>
        <Point X="377" Y="239" T="0" Pressure="0"/>
        <Point X="377" Y="240" T="0" Pressure="0"/>
        <Point X="377" Y="241" T="0" Pressure="0"/>
        <Point X="376" Y="241" T="0" Pressure="0"/>
        <Point X="376" Y="242" T="0" Pressure="0"/>
        <Point X="376" Y="243" T="0" Pressure="0"/>
        <Point X="376" Y="245" T="0" Pressure="0"/>
        <Point X="376" Y="246" T="0" Pressure="0"/>
        <Point X="377" Y="246" T="0" Pressure="0"/>
        <Point X="377" Y="247" T="0" Pressure="0"/>
    </Stroke>
    <Stroke index="3">
        <Point X="314" Y="256" T="0" Pressure="0"/>
        <Point X="315" Y="255" T="0" Pressure="0"/>
        <Point X="316" Y="255" T="0" Pressure="0"/>
        <Point X="317" Y="254" T="0" Pressure="0"/>
        <Point X="320" Y="254" T="0" Pressure="0"/>
        <Point X="322" Y="254" T="0" Pressure="0"/>
        <Point X="325" Y="253" T="0" Pressure="0"/>
        <Point X="329" Y="253" T="0" Pressure="0"/>
        <Point X="332" Y="252" T="0" Pressure="0"/>
        <Point X="336" Y="252" T="0" Pressure="0"/>
        <Point X="345" Y="251" T="0" Pressure="0"/>
        <Point X="350" Y="251" T="0" Pressure="0"/>
        <Point X="355" Y="250" T="0" Pressure="0"/>
        <Point X="359" Y="249" T="0" Pressure="0"/>
        <Point X="363" Y="249" T="0" Pressure="0"/>
        <Point X="369" Y="248" T="0" Pressure="0"/>
        <Point X="373" Y="247" T="0" Pressure="0"/>
        <Point X="377" Y="247" T="0" Pressure="0"/>
        <Point X="381" Y="246" T="0" Pressure="0"/>
        <Point X="385" Y="246" T="0" Pressure="0"/>
        <Point X="390" Y="245" T="0" Pressure="0"/>
        <Point X="395" Y="244" T="0" Pressure="0"/>
        <Point X="399" Y="244" T="0" Pressure="0"/>
        <Point X="403" Y="243" T="0" Pressure="0"/>
        <Point X="407" Y="242" T="0" Pressure="0"/>
        <Point X="411" Y="242" T="0" Pressure="0"/>
        <Point X="415" Y="241" T="0" Pressure="0"/>
        <Point X="420" Y="241" T="0" Pressure="0"/>
        <Point X="423" Y="241" T="0" Pressure="0"/>
        <Point X="430" Y="241" T="0" Pressure="0"/>
        <Point X="433" Y="241" T="0" Pressure="0"/>
        <Point X="435" Y="241" T="0" Pressure="0"/>
        <Point X="438" Y="241" T="0" Pressure="0"/>
        <Point X="440" Y="241" T="0" Pressure="0"/>
        <Point X="444" Y="241" T="0" Pressure="0"/>
        <Point X="445" Y="241" T="0" Pressure="0"/>
        <Point X="449" Y="243" T="0" Pressure="0"/>
        <Point X="449" Y="244" T="0" Pressure="0"/>
        <Point X="450" Y="245" T="0" Pressure="0"/>
        <Point X="451" Y="246" T="0" Pressure="0"/>
        <Point X="451" Y="248" T="0" Pressure="0"/>
        <Point X="450" Y="250" T="0" Pressure="0"/>
    </Stroke>
</Gesture>
