<?xml version="1.0" ?>
<Gesture Name="asterisk~08" Subject="6" Number="8" NumPts="132" InputType="stylus" Speed="MEDIUM">
    <Stroke index="1">
        <Point X="421" Y="129" T="0" Pressure="0"/>
        <Point X="419" Y="131" T="0" Pressure="0"/>
        <Point X="419" Y="134" T="0" Pressure="0"/>
        <Point X="419" Y="136" T="0" Pressure="0"/>
        <Point X="419" Y="139" T="0" Pressure="0"/>
        <Point X="418" Y="146" T="0" Pressure="0"/>
        <Point X="418" Y="151" T="0" Pressure="0"/>
        <Point X="418" Y="155" T="0" Pressure="0"/>
        <Point X="418" Y="167" T="0" Pressure="0"/>
        <Point X="417" Y="173" T="0" Pressure="0"/>
        <Point X="417" Y="179" T="0" Pressure="0"/>
        <Point X="416" Y="186" T="0" Pressure="0"/>
        <Point X="416" Y="201" T="0" Pressure="0"/>
        <Point X="416" Y="208" T="0" Pressure="0"/>
        <Point X="415" Y="222" T="0" Pressure="0"/>
        <Point X="415" Y="230" T="0" Pressure="0"/>
        <Point X="415" Y="239" T="0" Pressure="0"/>
        <Point X="414" Y="254" T="0" Pressure="0"/>
        <Point X="414" Y="261" T="0" Pressure="0"/>
        <Point X="413" Y="269" T="0" Pressure="0"/>
        <Point X="413" Y="276" T="0" Pressure="0"/>
        <Point X="412" Y="284" T="0" Pressure="0"/>
        <Point X="411" Y="291" T="0" Pressure="0"/>
        <Point X="411" Y="297" T="0" Pressure="0"/>
        <Point X="411" Y="303" T="0" Pressure="0"/>
        <Point X="410" Y="309" T="0" Pressure="0"/>
        <Point X="410" Y="315" T="0" Pressure="0"/>
        <Point X="409" Y="321" T="0" Pressure="0"/>
        <Point X="408" Y="326" T="0" Pressure="0"/>
        <Point X="408" Y="331" T="0" Pressure="0"/>
        <Point X="408" Y="335" T="0" Pressure="0"/>
        <Point X="407" Y="340" T="0" Pressure="0"/>
        <Point X="407" Y="343" T="0" Pressure="0"/>
        <Point X="406" Y="347" T="0" Pressure="0"/>
        <Point X="405" Y="350" T="0" Pressure="0"/>
        <Point X="405" Y="352" T="0" Pressure="0"/>
        <Point X="404" Y="355" T="0" Pressure="0"/>
        <Point X="404" Y="357" T="0" Pressure="0"/>
        <Point X="404" Y="358" T="0" Pressure="0"/>
        <Point X="404" Y="359" T="0" Pressure="0"/>
    </Stroke>
    <Stroke index="2">
        <Point X="327" Y="180" T="0" Pressure="0"/>
        <Point X="325" Y="178" T="0" Pressure="0"/>
        <Point X="325" Y="177" T="0" Pressure="0"/>
        <Point X="324" Y="176" T="0" Pressure="0"/>
        <Point X="324" Y="175" T="0" Pressure="0"/>
        <Point X="325" Y="176" T="0" Pressure="0"/>
        <Point X="326" Y="177" T="0" Pressure="0"/>
        <Point X="332" Y="180" T="0" Pressure="0"/>
        <Point X="334" Y="182" T="0" Pressure="0"/>
        <Point X="336" Y="184" T="0" Pressure="0"/>
        <Point X="339" Y="185" T="0" Pressure="0"/>
        <Point X="346" Y="189" T="0" Pressure="0"/>
        <Point X="351" Y="191" T="0" Pressure="0"/>
        <Point X="355" Y="194" T="0" Pressure="0"/>
        <Point X="359" Y="197" T="0" Pressure="0"/>
        <Point X="365" Y="200" T="0" Pressure="0"/>
        <Point X="370" Y="203" T="0" Pressure="0"/>
        <Point X="377" Y="206" T="0" Pressure="0"/>
        <Point X="383" Y="209" T="0" Pressure="0"/>
        <Point X="388" Y="212" T="0" Pressure="0"/>
        <Point X="394" Y="216" T="0" Pressure="0"/>
        <Point X="400" Y="220" T="0" Pressure="0"/>
        <Point X="405" Y="223" T="0" Pressure="0"/>
        <Point X="412" Y="227" T="0" Pressure="0"/>
        <Point X="419" Y="230" T="0" Pressure="0"/>
        <Point X="424" Y="234" T="0" Pressure="0"/>
        <Point X="430" Y="237" T="0" Pressure="0"/>
        <Point X="436" Y="241" T="0" Pressure="0"/>
        <Point X="442" Y="245" T="0" Pressure="0"/>
        <Point X="449" Y="249" T="0" Pressure="0"/>
        <Point X="454" Y="253" T="0" Pressure="0"/>
        <Point X="460" Y="256" T="0" Pressure="0"/>
        <Point X="465" Y="260" T="0" Pressure="0"/>
        <Point X="471" Y="264" T="0" Pressure="0"/>
        <Point X="476" Y="267" T="0" Pressure="0"/>
        <Point X="481" Y="271" T="0" Pressure="0"/>
        <Point X="486" Y="274" T="0" Pressure="0"/>
        <Point X="491" Y="277" T="0" Pressure="0"/>
        <Point X="494" Y="279" T="0" Pressure="0"/>
        <Point X="498" Y="282" T="0" Pressure="0"/>
        <Point X="502" Y="285" T="0" Pressure="0"/>
        <Point X="506" Y="287" T="0" Pressure="0"/>
        <Point X="509" Y="290" T="0" Pressure="0"/>
        <Point X="513" Y="291" T="0" Pressure="0"/>
        <Point X="516" Y="293" T="0" Pressure="0"/>
        <Point X="518" Y="294" T="0" Pressure="0"/>
        <Point X="521" Y="296" T="0" Pressure="0"/>
        <Point X="524" Y="296" T="0" Pressure="0"/>
        <Point X="525" Y="297" T="0" Pressure="0"/>
        <Point X="528" Y="298" T="0" Pressure="0"/>
        <Point X="529" Y="298" T="0" Pressure="0"/>
        <Point X="531" Y="298" T="0" Pressure="0"/>
    </Stroke>
    <Stroke index="3">
        <Point X="477" Y="154" T="0" Pressure="0"/>
        <Point X="471" Y="158" T="0" Pressure="0"/>
        <Point X="468" Y="160" T="0" Pressure="0"/>
        <Point X="465" Y="164" T="0" Pressure="0"/>
        <Point X="461" Y="167" T="0" Pressure="0"/>
        <Point X="457" Y="172" T="0" Pressure="0"/>
        <Point X="454" Y="176" T="0" Pressure="0"/>
        <Point X="450" Y="180" T="0" Pressure="0"/>
        <Point X="446" Y="185" T="0" Pressure="0"/>
        <Point X="442" Y="191" T="0" Pressure="0"/>
        <Point X="426" Y="214" T="0" Pressure="0"/>
        <Point X="422" Y="220" T="0" Pressure="0"/>
        <Point X="417" Y="226" T="0" Pressure="0"/>
        <Point X="412" Y="231" T="0" Pressure="0"/>
        <Point X="408" Y="237" T="0" Pressure="0"/>
        <Point X="404" Y="243" T="0" Pressure="0"/>
        <Point X="400" Y="249" T="0" Pressure="0"/>
        <Point X="392" Y="260" T="0" Pressure="0"/>
        <Point X="387" Y="266" T="0" Pressure="0"/>
        <Point X="382" Y="271" T="0" Pressure="0"/>
        <Point X="379" Y="276" T="0" Pressure="0"/>
        <Point X="375" Y="280" T="0" Pressure="0"/>
        <Point X="371" Y="284" T="0" Pressure="0"/>
        <Point X="368" Y="289" T="0" Pressure="0"/>
        <Point X="364" Y="292" T="0" Pressure="0"/>
        <Point X="360" Y="297" T="0" Pressure="0"/>
        <Point X="358" Y="300" T="0" Pressure="0"/>
        <Point X="355" Y="302" T="0" Pressure="0"/>
        <Point X="352" Y="305" T="0" Pressure="0"/>
        <Point X="350" Y="308" T="0" Pressure="0"/>
        <Point X="347" Y="310" T="0" Pressure="0"/>
        <Point X="344" Y="312" T="0" Pressure="0"/>
        <Point X="343" Y="314" T="0" Pressure="0"/>
        <Point X="341" Y="315" T="0" Pressure="0"/>
        <Point X="339" Y="316" T="0" Pressure="0"/>
        <Point X="337" Y="317" T="0" Pressure="0"/>
        <Point X="335" Y="318" T="0" Pressure="0"/>
        <Point X="334" Y="319" T="0" Pressure="0"/>
        <Point X="333" Y="319" T="0" Pressure="0"/>
        <Point X="332" Y="319" T="0" Pressure="0"/>
    </Stroke>
</Gesture>
