<?xml version="1.0" ?>
<Gesture Name="six_point_star~08" Subject="6" Number="8" NumPts="240" InputType="stylus" Speed="MEDIUM">
    <Stroke index="1">
        <Point X="345" Y="270" T="0" Pressure="0"/>
        <Point X="345" Y="267" T="0" Pressure="0"/>
        <Point X="345" Y="265" T="0" Pressure="0"/>
        <Point X="345" Y="262" T="0" Pressure="0"/>
        <Point X="345" Y="259" T="0" Pressure="0"/>
        <Point X="345" Y="256" T="0" Pressure="0"/>
        <Point X="345" Y="254" T="0" Pressure="0"/>
        <Point X="346" Y="251" T="0" Pressure="0"/>
        <Point X="347" Y="248" T="0" Pressure="0"/>
        <Point X="347" Y="245" T="0" Pressure="0"/>
        <Point X="348" Y="241" T="0" Pressure="0"/>
        <Point X="350" Y="239" T="0" Pressure="0"/>
        <Point X="351" Y="235" T="0" Pressure="0"/>
        <Point X="352" Y="231" T="0" Pressure="0"/>
        <Point X="353" Y="227" T="0" Pressure="0"/>
        <Point X="355" Y="223" T="0" Pressure="0"/>
        <Point X="356" Y="218" T="0" Pressure="0"/>
        <Point X="358" Y="214" T="0" Pressure="0"/>
        <Point X="359" Y="209" T="0" Pressure="0"/>
        <Point X="360" Y="205" T="0" Pressure="0"/>
        <Point X="362" Y="201" T="0" Pressure="0"/>
        <Point X="363" Y="196" T="0" Pressure="0"/>
        <Point X="365" Y="192" T="0" Pressure="0"/>
        <Point X="367" Y="187" T="0" Pressure="0"/>
        <Point X="369" Y="184" T="0" Pressure="0"/>
        <Point X="370" Y="179" T="0" Pressure="0"/>
        <Point X="371" Y="175" T="0" Pressure="0"/>
        <Point X="374" Y="171" T="0" Pressure="0"/>
        <Point X="375" Y="167" T="0" Pressure="0"/>
        <Point X="378" Y="162" T="0" Pressure="0"/>
        <Point X="380" Y="159" T="0" Pressure="0"/>
        <Point X="382" Y="155" T="0" Pressure="0"/>
        <Point X="385" Y="152" T="0" Pressure="0"/>
        <Point X="386" Y="148" T="0" Pressure="0"/>
        <Point X="389" Y="145" T="0" Pressure="0"/>
        <Point X="392" Y="141" T="0" Pressure="0"/>
        <Point X="394" Y="139" T="0" Pressure="0"/>
        <Point X="396" Y="136" T="0" Pressure="0"/>
        <Point X="399" Y="134" T="0" Pressure="0"/>
        <Point X="404" Y="129" T="0" Pressure="0"/>
        <Point X="407" Y="127" T="0" Pressure="0"/>
        <Point X="408" Y="126" T="0" Pressure="0"/>
        <Point X="411" Y="125" T="0" Pressure="0"/>
        <Point X="413" Y="124" T="0" Pressure="0"/>
        <Point X="415" Y="122" T="0" Pressure="0"/>
        <Point X="417" Y="122" T="0" Pressure="0"/>
        <Point X="421" Y="121" T="0" Pressure="0"/>
        <Point X="423" Y="121" T="0" Pressure="0"/>
        <Point X="425" Y="121" T="0" Pressure="0"/>
        <Point X="427" Y="122" T="0" Pressure="0"/>
        <Point X="429" Y="122" T="0" Pressure="0"/>
        <Point X="430" Y="124" T="0" Pressure="0"/>
        <Point X="433" Y="125" T="0" Pressure="0"/>
        <Point X="436" Y="129" T="0" Pressure="0"/>
        <Point X="438" Y="132" T="0" Pressure="0"/>
        <Point X="439" Y="135" T="0" Pressure="0"/>
        <Point X="441" Y="139" T="0" Pressure="0"/>
        <Point X="445" Y="147" T="0" Pressure="0"/>
        <Point X="446" Y="151" T="0" Pressure="0"/>
        <Point X="449" Y="155" T="0" Pressure="0"/>
        <Point X="450" Y="160" T="0" Pressure="0"/>
        <Point X="452" Y="166" T="0" Pressure="0"/>
        <Point X="454" Y="171" T="0" Pressure="0"/>
        <Point X="456" Y="176" T="0" Pressure="0"/>
        <Point X="458" Y="181" T="0" Pressure="0"/>
        <Point X="460" Y="186" T="0" Pressure="0"/>
        <Point X="462" Y="192" T="0" Pressure="0"/>
        <Point X="464" Y="198" T="0" Pressure="0"/>
        <Point X="466" Y="203" T="0" Pressure="0"/>
        <Point X="468" Y="209" T="0" Pressure="0"/>
        <Point X="469" Y="214" T="0" Pressure="0"/>
        <Point X="474" Y="225" T="0" Pressure="0"/>
        <Point X="476" Y="231" T="0" Pressure="0"/>
        <Point X="478" Y="235" T="0" Pressure="0"/>
        <Point X="480" Y="241" T="0" Pressure="0"/>
        <Point X="482" Y="246" T="0" Pressure="0"/>
        <Point X="484" Y="251" T="0" Pressure="0"/>
        <Point X="487" Y="255" T="0" Pressure="0"/>
        <Point X="489" Y="260" T="0" Pressure="0"/>
        <Point X="490" Y="265" T="0" Pressure="0"/>
        <Point X="493" Y="269" T="0" Pressure="0"/>
        <Point X="494" Y="273" T="0" Pressure="0"/>
        <Point X="498" Y="279" T="0" Pressure="0"/>
        <Point X="499" Y="282" T="0" Pressure="0"/>
        <Point X="501" Y="285" T="0" Pressure="0"/>
        <Point X="502" Y="290" T="0" Pressure="0"/>
        <Point X="504" Y="292" T="0" Pressure="0"/>
        <Point X="505" Y="294" T="0" Pressure="0"/>
        <Point X="505" Y="296" T="0" Pressure="0"/>
        <Point X="505" Y="297" T="0" Pressure="0"/>
        <Point X="505" Y="298" T="0" Pressure="0"/>
        <Point X="505" Y="299" T="0" Pressure="0"/>
        <Point X="505" Y="300" T="0" Pressure="0"/>
        <Point X="505" Y="301" T="0" Pressure="0"/>
        <Point X="505" Y="302" T="0" Pressure="0"/>
        <Point X="504" Y="302" T="0" Pressure="0"/>
        <Point X="502" Y="303" T="0" Pressure="0"/>
        <Point X="500" Y="303" T="0" Pressure="0"/>
        <Point X="496" Y="303" T="0" Pressure="0"/>
        <Point X="494" Y="303" T="0" Pressure="0"/>
        <Point X="491" Y="303" T="0" Pressure="0"/>
        <Point X="488" Y="303" T="0" Pressure="0"/>
        <Point X="485" Y="302" T="0" Pressure="0"/>
        <Point X="482" Y="301" T="0" Pressure="0"/>
        <Point X="478" Y="301" T="0" Pressure="0"/>
        <Point X="471" Y="299" T="0" Pressure="0"/>
        <Point X="467" Y="297" T="0" Pressure="0"/>
        <Point X="462" Y="296" T="0" Pressure="0"/>
        <Point X="457" Y="294" T="0" Pressure="0"/>
        <Point X="453" Y="293" T="0" Pressure="0"/>
        <Point X="448" Y="291" T="0" Pressure="0"/>
        <Point X="444" Y="290" T="0" Pressure="0"/>
        <Point X="439" Y="289" T="0" Pressure="0"/>
        <Point X="434" Y="286" T="0" Pressure="0"/>
        <Point X="430" Y="285" T="0" Pressure="0"/>
        <Point X="425" Y="284" T="0" Pressure="0"/>
        <Point X="417" Y="281" T="0" Pressure="0"/>
        <Point X="412" Y="280" T="0" Pressure="0"/>
        <Point X="408" Y="279" T="0" Pressure="0"/>
        <Point X="403" Y="278" T="0" Pressure="0"/>
        <Point X="399" Y="277" T="0" Pressure="0"/>
        <Point X="395" Y="276" T="0" Pressure="0"/>
        <Point X="391" Y="276" T="0" Pressure="0"/>
        <Point X="384" Y="275" T="0" Pressure="0"/>
        <Point X="380" Y="274" T="0" Pressure="0"/>
        <Point X="377" Y="274" T="0" Pressure="0"/>
        <Point X="370" Y="273" T="0" Pressure="0"/>
        <Point X="367" Y="273" T="0" Pressure="0"/>
        <Point X="365" Y="272" T="0" Pressure="0"/>
        <Point X="362" Y="272" T="0" Pressure="0"/>
        <Point X="360" Y="272" T="0" Pressure="0"/>
        <Point X="359" Y="272" T="0" Pressure="0"/>
        <Point X="357" Y="272" T="0" Pressure="0"/>
        <Point X="355" Y="272" T="0" Pressure="0"/>
        <Point X="354" Y="272" T="0" Pressure="0"/>
    </Stroke>
    <Stroke index="2">
        <Point X="328" Y="171" T="0" Pressure="0"/>
        <Point X="329" Y="172" T="0" Pressure="0"/>
        <Point X="330" Y="173" T="0" Pressure="0"/>
        <Point X="332" Y="175" T="0" Pressure="0"/>
        <Point X="333" Y="178" T="0" Pressure="0"/>
        <Point X="336" Y="181" T="0" Pressure="0"/>
        <Point X="338" Y="185" T="0" Pressure="0"/>
        <Point X="340" Y="190" T="0" Pressure="0"/>
        <Point X="344" Y="195" T="0" Pressure="0"/>
        <Point X="347" Y="200" T="0" Pressure="0"/>
        <Point X="349" Y="205" T="0" Pressure="0"/>
        <Point X="351" Y="211" T="0" Pressure="0"/>
        <Point X="354" Y="216" T="0" Pressure="0"/>
        <Point X="359" Y="228" T="0" Pressure="0"/>
        <Point X="363" Y="240" T="0" Pressure="0"/>
        <Point X="369" Y="251" T="0" Pressure="0"/>
        <Point X="374" Y="263" T="0" Pressure="0"/>
        <Point X="379" Y="275" T="0" Pressure="0"/>
        <Point X="381" Y="281" T="0" Pressure="0"/>
        <Point X="384" Y="287" T="0" Pressure="0"/>
        <Point X="388" Y="299" T="0" Pressure="0"/>
        <Point X="390" Y="305" T="0" Pressure="0"/>
        <Point X="393" Y="311" T="0" Pressure="0"/>
        <Point X="394" Y="316" T="0" Pressure="0"/>
        <Point X="396" Y="321" T="0" Pressure="0"/>
        <Point X="398" Y="326" T="0" Pressure="0"/>
        <Point X="400" Y="329" T="0" Pressure="0"/>
        <Point X="404" Y="336" T="0" Pressure="0"/>
        <Point X="405" Y="339" T="0" Pressure="0"/>
        <Point X="406" Y="341" T="0" Pressure="0"/>
        <Point X="409" Y="344" T="0" Pressure="0"/>
        <Point X="411" Y="346" T="0" Pressure="0"/>
        <Point X="414" Y="347" T="0" Pressure="0"/>
        <Point X="415" Y="347" T="0" Pressure="0"/>
        <Point X="416" Y="347" T="0" Pressure="0"/>
        <Point X="418" Y="347" T="0" Pressure="0"/>
        <Point X="419" Y="347" T="0" Pressure="0"/>
        <Point X="421" Y="345" T="0" Pressure="0"/>
        <Point X="423" Y="344" T="0" Pressure="0"/>
        <Point X="424" Y="342" T="0" Pressure="0"/>
        <Point X="426" Y="340" T="0" Pressure="0"/>
        <Point X="428" Y="336" T="0" Pressure="0"/>
        <Point X="430" Y="332" T="0" Pressure="0"/>
        <Point X="434" Y="325" T="0" Pressure="0"/>
        <Point X="436" Y="320" T="0" Pressure="0"/>
        <Point X="438" Y="315" T="0" Pressure="0"/>
        <Point X="442" Y="303" T="0" Pressure="0"/>
        <Point X="445" Y="298" T="0" Pressure="0"/>
        <Point X="449" Y="286" T="0" Pressure="0"/>
        <Point X="454" Y="273" T="0" Pressure="0"/>
        <Point X="456" Y="266" T="0" Pressure="0"/>
        <Point X="461" Y="254" T="0" Pressure="0"/>
        <Point X="464" Y="249" T="0" Pressure="0"/>
        <Point X="467" Y="242" T="0" Pressure="0"/>
        <Point X="471" Y="230" T="0" Pressure="0"/>
        <Point X="475" Y="220" T="0" Pressure="0"/>
        <Point X="479" Y="210" T="0" Pressure="0"/>
        <Point X="481" Y="205" T="0" Pressure="0"/>
        <Point X="483" Y="201" T="0" Pressure="0"/>
        <Point X="484" Y="197" T="0" Pressure="0"/>
        <Point X="487" Y="190" T="0" Pressure="0"/>
        <Point X="489" Y="186" T="0" Pressure="0"/>
        <Point X="490" Y="181" T="0" Pressure="0"/>
        <Point X="491" Y="179" T="0" Pressure="0"/>
        <Point X="491" Y="177" T="0" Pressure="0"/>
        <Point X="492" Y="175" T="0" Pressure="0"/>
        <Point X="492" Y="174" T="0" Pressure="0"/>
        <Point X="492" Y="173" T="0" Pressure="0"/>
        <Point X="491" Y="172" T="0" Pressure="0"/>
        <Point X="490" Y="172" T="0" Pressure="0"/>
        <Point X="488" Y="171" T="0" Pressure="0"/>
        <Point X="487" Y="171" T="0" Pressure="0"/>
        <Point X="484" Y="170" T="0" Pressure="0"/>
        <Point X="482" Y="170" T="0" Pressure="0"/>
        <Point X="476" Y="169" T="0" Pressure="0"/>
        <Point X="473" Y="169" T="0" Pressure="0"/>
        <Point X="469" Y="169" T="0" Pressure="0"/>
        <Point X="466" Y="169" T="0" Pressure="0"/>
        <Point X="463" Y="169" T="0" Pressure="0"/>
        <Point X="459" Y="170" T="0" Pressure="0"/>
        <Point X="454" Y="170" T="0" Pressure="0"/>
        <Point X="445" Y="171" T="0" Pressure="0"/>
        <Point X="440" Y="171" T="0" Pressure="0"/>
        <Point X="435" Y="172" T="0" Pressure="0"/>
        <Point X="430" Y="172" T="0" Pressure="0"/>
        <Point X="424" Y="172" T="0" Pressure="0"/>
        <Point X="419" Y="172" T="0" Pressure="0"/>
        <Point X="414" Y="172" T="0" Pressure="0"/>
        <Point X="404" Y="172" T="0" Pressure="0"/>
        <Point X="399" Y="172" T="0" Pressure="0"/>
        <Point X="394" Y="172" T="0" Pressure="0"/>
        <Point X="385" Y="171" T="0" Pressure="0"/>
        <Point X="380" Y="170" T="0" Pressure="0"/>
        <Point X="375" Y="170" T="0" Pressure="0"/>
        <Point X="371" Y="169" T="0" Pressure="0"/>
        <Point X="366" Y="169" T="0" Pressure="0"/>
        <Point X="362" Y="167" T="0" Pressure="0"/>
        <Point X="358" Y="167" T="0" Pressure="0"/>
        <Point X="351" Y="166" T="0" Pressure="0"/>
        <Point X="348" Y="166" T="0" Pressure="0"/>
        <Point X="345" Y="165" T="0" Pressure="0"/>
        <Point X="341" Y="164" T="0" Pressure="0"/>
        <Point X="340" Y="164" T="0" Pressure="0"/>
        <Point X="338" Y="164" T="0" Pressure="0"/>
        <Point X="336" Y="164" T="0" Pressure="0"/>
    </Stroke>
</Gesture>
