<?xml version="1.0" ?>
<Gesture Name="D~02" Subject="6" Number="2" NumPts="103" InputType="stylus" Speed="MEDIUM">
    <Stroke index="1">
        <Point X="344" Y="162" T="0" Pressure="0"/>
        <Point X="344" Y="163" T="0" Pressure="0"/>
        <Point X="344" Y="164" T="0" Pressure="0"/>
        <Point X="343" Y="165" T="0" Pressure="0"/>
        <Point X="343" Y="166" T="0" Pressure="0"/>
        <Point X="343" Y="167" T="0" Pressure="0"/>
        <Point X="343" Y="170" T="0" Pressure="0"/>
        <Point X="343" Y="172" T="0" Pressure="0"/>
        <Point X="343" Y="176" T="0" Pressure="0"/>
        <Point X="343" Y="179" T="0" Pressure="0"/>
        <Point X="343" Y="184" T="0" Pressure="0"/>
        <Point X="343" Y="189" T="0" Pressure="0"/>
        <Point X="343" Y="195" T="0" Pressure="0"/>
        <Point X="343" Y="200" T="0" Pressure="0"/>
        <Point X="343" Y="205" T="0" Pressure="0"/>
        <Point X="343" Y="211" T="0" Pressure="0"/>
        <Point X="343" Y="217" T="0" Pressure="0"/>
        <Point X="342" Y="223" T="0" Pressure="0"/>
        <Point X="342" Y="229" T="0" Pressure="0"/>
        <Point X="342" Y="235" T="0" Pressure="0"/>
        <Point X="342" Y="240" T="0" Pressure="0"/>
        <Point X="342" Y="246" T="0" Pressure="0"/>
        <Point X="342" Y="250" T="0" Pressure="0"/>
        <Point X="342" Y="255" T="0" Pressure="0"/>
        <Point X="342" Y="259" T="0" Pressure="0"/>
        <Point X="343" Y="263" T="0" Pressure="0"/>
        <Point X="343" Y="270" T="0" Pressure="0"/>
        <Point X="343" Y="274" T="0" Pressure="0"/>
        <Point X="343" Y="276" T="0" Pressure="0"/>
        <Point X="343" Y="279" T="0" Pressure="0"/>
        <Point X="343" Y="281" T="0" Pressure="0"/>
        <Point X="343" Y="284" T="0" Pressure="0"/>
        <Point X="343" Y="286" T="0" Pressure="0"/>
        <Point X="343" Y="289" T="0" Pressure="0"/>
        <Point X="343" Y="290" T="0" Pressure="0"/>
        <Point X="343" Y="292" T="0" Pressure="0"/>
        <Point X="342" Y="295" T="0" Pressure="0"/>
    </Stroke>
    <Stroke index="2">
        <Point X="321" Y="156" T="0" Pressure="0"/>
        <Point X="321" Y="153" T="0" Pressure="0"/>
        <Point X="321" Y="152" T="0" Pressure="0"/>
        <Point X="321" Y="150" T="0" Pressure="0"/>
        <Point X="321" Y="149" T="0" Pressure="0"/>
        <Point X="322" Y="148" T="0" Pressure="0"/>
        <Point X="324" Y="147" T="0" Pressure="0"/>
        <Point X="325" Y="147" T="0" Pressure="0"/>
        <Point X="327" Y="146" T="0" Pressure="0"/>
        <Point X="329" Y="146" T="0" Pressure="0"/>
        <Point X="331" Y="146" T="0" Pressure="0"/>
        <Point X="344" Y="146" T="0" Pressure="0"/>
        <Point X="348" Y="146" T="0" Pressure="0"/>
        <Point X="351" Y="147" T="0" Pressure="0"/>
        <Point X="355" Y="147" T="0" Pressure="0"/>
        <Point X="360" Y="148" T="0" Pressure="0"/>
        <Point X="364" Y="150" T="0" Pressure="0"/>
        <Point X="369" Y="151" T="0" Pressure="0"/>
        <Point X="373" Y="152" T="0" Pressure="0"/>
        <Point X="377" Y="154" T="0" Pressure="0"/>
        <Point X="381" Y="156" T="0" Pressure="0"/>
        <Point X="385" Y="159" T="0" Pressure="0"/>
        <Point X="389" Y="161" T="0" Pressure="0"/>
        <Point X="393" Y="164" T="0" Pressure="0"/>
        <Point X="404" Y="174" T="0" Pressure="0"/>
        <Point X="408" Y="177" T="0" Pressure="0"/>
        <Point X="411" Y="181" T="0" Pressure="0"/>
        <Point X="415" Y="185" T="0" Pressure="0"/>
        <Point X="417" Y="190" T="0" Pressure="0"/>
        <Point X="419" Y="194" T="0" Pressure="0"/>
        <Point X="422" Y="198" T="0" Pressure="0"/>
        <Point X="423" Y="202" T="0" Pressure="0"/>
        <Point X="425" Y="207" T="0" Pressure="0"/>
        <Point X="426" Y="212" T="0" Pressure="0"/>
        <Point X="427" Y="216" T="0" Pressure="0"/>
        <Point X="427" Y="221" T="0" Pressure="0"/>
        <Point X="427" Y="225" T="0" Pressure="0"/>
        <Point X="426" Y="229" T="0" Pressure="0"/>
        <Point X="425" Y="234" T="0" Pressure="0"/>
        <Point X="422" Y="242" T="0" Pressure="0"/>
        <Point X="419" Y="246" T="0" Pressure="0"/>
        <Point X="416" Y="250" T="0" Pressure="0"/>
        <Point X="413" Y="254" T="0" Pressure="0"/>
        <Point X="410" Y="257" T="0" Pressure="0"/>
        <Point X="406" Y="261" T="0" Pressure="0"/>
        <Point X="403" Y="264" T="0" Pressure="0"/>
        <Point X="396" Y="269" T="0" Pressure="0"/>
        <Point X="393" Y="272" T="0" Pressure="0"/>
        <Point X="389" Y="274" T="0" Pressure="0"/>
        <Point X="385" Y="276" T="0" Pressure="0"/>
        <Point X="381" Y="276" T="0" Pressure="0"/>
        <Point X="378" Y="278" T="0" Pressure="0"/>
        <Point X="374" Y="279" T="0" Pressure="0"/>
        <Point X="367" Y="281" T="0" Pressure="0"/>
        <Point X="363" Y="281" T="0" Pressure="0"/>
        <Point X="360" Y="282" T="0" Pressure="0"/>
        <Point X="357" Y="282" T="0" Pressure="0"/>
        <Point X="354" Y="282" T="0" Pressure="0"/>
        <Point X="351" Y="282" T="0" Pressure="0"/>
        <Point X="348" Y="282" T="0" Pressure="0"/>
        <Point X="346" Y="282" T="0" Pressure="0"/>
        <Point X="344" Y="281" T="0" Pressure="0"/>
        <Point X="341" Y="281" T="0" Pressure="0"/>
        <Point X="340" Y="281" T="0" Pressure="0"/>
        <Point X="339" Y="280" T="0" Pressure="0"/>
        <Point X="337" Y="280" T="0" Pressure="0"/>
    </Stroke>
</Gesture>
