<?xml version="1.0" ?>
<Gesture Name="line~02" Subject="6" Number="2" NumPts="56" InputType="stylus" Speed="MEDIUM">
    <Stroke index="1">
        <Point X="212" Y="313" T="0" Pressure="0"/>
        <Point X="215" Y="313" T="0" Pressure="0"/>
        <Point X="216" Y="312" T="0" Pressure="0"/>
        <Point X="218" Y="312" T="0" Pressure="0"/>
        <Point X="222" Y="311" T="0" Pressure="0"/>
        <Point X="225" Y="310" T="0" Pressure="0"/>
        <Point X="228" Y="310" T="0" Pressure="0"/>
        <Point X="232" Y="309" T="0" Pressure="0"/>
        <Point X="236" Y="309" T="0" Pressure="0"/>
        <Point X="240" Y="309" T="0" Pressure="0"/>
        <Point X="245" Y="309" T="0" Pressure="0"/>
        <Point X="250" Y="309" T="0" Pressure="0"/>
        <Point X="254" Y="309" T="0" Pressure="0"/>
        <Point X="260" Y="309" T="0" Pressure="0"/>
        <Point X="265" Y="309" T="0" Pressure="0"/>
        <Point X="270" Y="309" T="0" Pressure="0"/>
        <Point X="276" Y="309" T="0" Pressure="0"/>
        <Point X="281" Y="309" T="0" Pressure="0"/>
        <Point X="287" Y="309" T="0" Pressure="0"/>
        <Point X="295" Y="309" T="0" Pressure="0"/>
        <Point X="306" Y="309" T="0" Pressure="0"/>
        <Point X="312" Y="309" T="0" Pressure="0"/>
        <Point X="318" Y="309" T="0" Pressure="0"/>
        <Point X="325" Y="309" T="0" Pressure="0"/>
        <Point X="332" Y="309" T="0" Pressure="0"/>
        <Point X="338" Y="309" T="0" Pressure="0"/>
        <Point X="344" Y="309" T="0" Pressure="0"/>
        <Point X="351" Y="309" T="0" Pressure="0"/>
        <Point X="357" Y="309" T="0" Pressure="0"/>
        <Point X="363" Y="309" T="0" Pressure="0"/>
        <Point X="370" Y="309" T="0" Pressure="0"/>
        <Point X="377" Y="309" T="0" Pressure="0"/>
        <Point X="382" Y="309" T="0" Pressure="0"/>
        <Point X="389" Y="309" T="0" Pressure="0"/>
        <Point X="395" Y="309" T="0" Pressure="0"/>
        <Point X="408" Y="309" T="0" Pressure="0"/>
        <Point X="413" Y="309" T="0" Pressure="0"/>
        <Point X="419" Y="309" T="0" Pressure="0"/>
        <Point X="424" Y="309" T="0" Pressure="0"/>
        <Point X="429" Y="309" T="0" Pressure="0"/>
        <Point X="434" Y="309" T="0" Pressure="0"/>
        <Point X="438" Y="309" T="0" Pressure="0"/>
        <Point X="442" Y="309" T="0" Pressure="0"/>
        <Point X="446" Y="309" T="0" Pressure="0"/>
        <Point X="450" Y="309" T="0" Pressure="0"/>
        <Point X="453" Y="309" T="0" Pressure="0"/>
        <Point X="457" Y="309" T="0" Pressure="0"/>
        <Point X="460" Y="309" T="0" Pressure="0"/>
        <Point X="463" Y="310" T="0" Pressure="0"/>
        <Point X="465" Y="310" T="0" Pressure="0"/>
        <Point X="468" Y="310" T="0" Pressure="0"/>
        <Point X="470" Y="310" T="0" Pressure="0"/>
        <Point X="472" Y="311" T="0" Pressure="0"/>
        <Point X="474" Y="311" T="0" Pressure="0"/>
        <Point X="475" Y="312" T="0" Pressure="0"/>
        <Point X="476" Y="312" T="0" Pressure="0"/>
    </Stroke>
</Gesture>
