<?xml version="1.0" ?>
<Gesture Name="T~03" Subject="6" Number="3" NumPts="97" InputType="stylus" Speed="MEDIUM">
    <Stroke index="1">
        <Point X="288" Y="227" T="0" Pressure="0"/>
        <Point X="291" Y="226" T="0" Pressure="0"/>
        <Point X="293" Y="226" T="0" Pressure="0"/>
        <Point X="295" Y="225" T="0" Pressure="0"/>
        <Point X="298" Y="224" T="0" Pressure="0"/>
        <Point X="301" Y="224" T="0" Pressure="0"/>
        <Point X="303" Y="223" T="0" Pressure="0"/>
        <Point X="306" Y="222" T="0" Pressure="0"/>
        <Point X="310" Y="222" T="0" Pressure="0"/>
        <Point X="314" Y="222" T="0" Pressure="0"/>
        <Point X="318" Y="222" T="0" Pressure="0"/>
        <Point X="323" Y="222" T="0" Pressure="0"/>
        <Point X="328" Y="221" T="0" Pressure="0"/>
        <Point X="332" Y="221" T="0" Pressure="0"/>
        <Point X="337" Y="220" T="0" Pressure="0"/>
        <Point X="343" Y="220" T="0" Pressure="0"/>
        <Point X="349" Y="219" T="0" Pressure="0"/>
        <Point X="355" Y="219" T="0" Pressure="0"/>
        <Point X="360" Y="218" T="0" Pressure="0"/>
        <Point X="366" Y="218" T="0" Pressure="0"/>
        <Point X="371" Y="217" T="0" Pressure="0"/>
        <Point X="377" Y="217" T="0" Pressure="0"/>
        <Point X="388" Y="217" T="0" Pressure="0"/>
        <Point X="393" Y="216" T="0" Pressure="0"/>
        <Point X="399" Y="216" T="0" Pressure="0"/>
        <Point X="404" Y="216" T="0" Pressure="0"/>
        <Point X="408" Y="216" T="0" Pressure="0"/>
        <Point X="414" Y="216" T="0" Pressure="0"/>
        <Point X="419" Y="216" T="0" Pressure="0"/>
        <Point X="423" Y="216" T="0" Pressure="0"/>
        <Point X="427" Y="216" T="0" Pressure="0"/>
        <Point X="432" Y="216" T="0" Pressure="0"/>
        <Point X="436" Y="215" T="0" Pressure="0"/>
        <Point X="440" Y="215" T="0" Pressure="0"/>
        <Point X="444" Y="215" T="0" Pressure="0"/>
        <Point X="446" Y="215" T="0" Pressure="0"/>
        <Point X="449" Y="215" T="0" Pressure="0"/>
        <Point X="452" Y="215" T="0" Pressure="0"/>
        <Point X="454" Y="216" T="0" Pressure="0"/>
        <Point X="456" Y="216" T="0" Pressure="0"/>
        <Point X="458" Y="216" T="0" Pressure="0"/>
        <Point X="460" Y="216" T="0" Pressure="0"/>
        <Point X="461" Y="217" T="0" Pressure="0"/>
        <Point X="463" Y="217" T="0" Pressure="0"/>
        <Point X="463" Y="218" T="0" Pressure="0"/>
        <Point X="463" Y="219" T="0" Pressure="0"/>
    </Stroke>
    <Stroke index="2">
        <Point X="385" Y="222" T="0" Pressure="0"/>
        <Point X="384" Y="221" T="0" Pressure="0"/>
        <Point X="384" Y="220" T="0" Pressure="0"/>
        <Point X="384" Y="219" T="0" Pressure="0"/>
        <Point X="384" Y="220" T="0" Pressure="0"/>
        <Point X="384" Y="221" T="0" Pressure="0"/>
        <Point X="384" Y="222" T="0" Pressure="0"/>
        <Point X="384" Y="224" T="0" Pressure="0"/>
        <Point X="384" Y="226" T="0" Pressure="0"/>
        <Point X="384" Y="228" T="0" Pressure="0"/>
        <Point X="383" Y="231" T="0" Pressure="0"/>
        <Point X="383" Y="234" T="0" Pressure="0"/>
        <Point X="382" Y="239" T="0" Pressure="0"/>
        <Point X="382" Y="243" T="0" Pressure="0"/>
        <Point X="381" Y="249" T="0" Pressure="0"/>
        <Point X="381" Y="254" T="0" Pressure="0"/>
        <Point X="380" Y="260" T="0" Pressure="0"/>
        <Point X="379" Y="266" T="0" Pressure="0"/>
        <Point X="378" Y="272" T="0" Pressure="0"/>
        <Point X="378" Y="277" T="0" Pressure="0"/>
        <Point X="377" Y="284" T="0" Pressure="0"/>
        <Point X="376" Y="289" T="0" Pressure="0"/>
        <Point X="375" Y="292" T="0" Pressure="0"/>
        <Point X="375" Y="297" T="0" Pressure="0"/>
        <Point X="374" Y="301" T="0" Pressure="0"/>
        <Point X="374" Y="304" T="0" Pressure="0"/>
        <Point X="374" Y="309" T="0" Pressure="0"/>
        <Point X="374" Y="311" T="0" Pressure="0"/>
        <Point X="374" Y="315" T="0" Pressure="0"/>
        <Point X="374" Y="318" T="0" Pressure="0"/>
        <Point X="374" Y="321" T="0" Pressure="0"/>
        <Point X="374" Y="324" T="0" Pressure="0"/>
        <Point X="374" Y="326" T="0" Pressure="0"/>
        <Point X="374" Y="328" T="0" Pressure="0"/>
        <Point X="373" Y="331" T="0" Pressure="0"/>
        <Point X="373" Y="333" T="0" Pressure="0"/>
        <Point X="373" Y="335" T="0" Pressure="0"/>
        <Point X="373" Y="337" T="0" Pressure="0"/>
        <Point X="373" Y="339" T="0" Pressure="0"/>
        <Point X="373" Y="340" T="0" Pressure="0"/>
        <Point X="373" Y="341" T="0" Pressure="0"/>
        <Point X="373" Y="343" T="0" Pressure="0"/>
        <Point X="373" Y="345" T="0" Pressure="0"/>
        <Point X="373" Y="346" T="0" Pressure="0"/>
        <Point X="374" Y="346" T="0" Pressure="0"/>
        <Point X="374" Y="347" T="0" Pressure="0"/>
        <Point X="375" Y="347" T="0" Pressure="0"/>
        <Point X="375" Y="348" T="0" Pressure="0"/>
        <Point X="376" Y="348" T="0" Pressure="0"/>
        <Point X="377" Y="348" T="0" Pressure="0"/>
        <Point X="378" Y="349" T="0" Pressure="0"/>
    </Stroke>
</Gesture>
