<?xml version="1.0" ?>
<Gesture Name="null~01" Subject="6" Number="1" NumPts="140" InputType="stylus" Speed="MEDIUM">
    <Stroke index="1">
        <Point X="324" Y="160" T="0" Pressure="0"/>
        <Point X="321" Y="159" T="0" Pressure="0"/>
        <Point X="320" Y="157" T="0" Pressure="0"/>
        <Point X="319" Y="156" T="0" Pressure="0"/>
        <Point X="318" Y="156" T="0" Pressure="0"/>
        <Point X="317" Y="155" T="0" Pressure="0"/>
        <Point X="316" Y="155" T="0" Pressure="0"/>
        <Point X="316" Y="156" T="0" Pressure="0"/>
        <Point X="315" Y="157" T="0" Pressure="0"/>
        <Point X="314" Y="159" T="0" Pressure="0"/>
        <Point X="314" Y="160" T="0" Pressure="0"/>
        <Point X="314" Y="162" T="0" Pressure="0"/>
        <Point X="313" Y="165" T="0" Pressure="0"/>
        <Point X="312" Y="167" T="0" Pressure="0"/>
        <Point X="311" Y="170" T="0" Pressure="0"/>
        <Point X="311" Y="172" T="0" Pressure="0"/>
        <Point X="310" Y="176" T="0" Pressure="0"/>
        <Point X="309" Y="179" T="0" Pressure="0"/>
        <Point X="308" Y="184" T="0" Pressure="0"/>
        <Point X="307" Y="187" T="0" Pressure="0"/>
        <Point X="305" Y="217" T="0" Pressure="0"/>
        <Point X="305" Y="222" T="0" Pressure="0"/>
        <Point X="305" Y="228" T="0" Pressure="0"/>
        <Point X="306" Y="241" T="0" Pressure="0"/>
        <Point X="307" Y="247" T="0" Pressure="0"/>
        <Point X="309" Y="253" T="0" Pressure="0"/>
        <Point X="310" Y="259" T="0" Pressure="0"/>
        <Point X="312" Y="265" T="0" Pressure="0"/>
        <Point X="314" Y="271" T="0" Pressure="0"/>
        <Point X="317" Y="276" T="0" Pressure="0"/>
        <Point X="319" Y="283" T="0" Pressure="0"/>
        <Point X="321" Y="287" T="0" Pressure="0"/>
        <Point X="324" Y="292" T="0" Pressure="0"/>
        <Point X="326" Y="297" T="0" Pressure="0"/>
        <Point X="329" Y="301" T="0" Pressure="0"/>
        <Point X="332" Y="304" T="0" Pressure="0"/>
        <Point X="336" Y="308" T="0" Pressure="0"/>
        <Point X="341" Y="314" T="0" Pressure="0"/>
        <Point X="345" Y="315" T="0" Pressure="0"/>
        <Point X="348" Y="318" T="0" Pressure="0"/>
        <Point X="352" Y="319" T="0" Pressure="0"/>
        <Point X="356" Y="321" T="0" Pressure="0"/>
        <Point X="360" Y="322" T="0" Pressure="0"/>
        <Point X="363" Y="322" T="0" Pressure="0"/>
        <Point X="367" Y="322" T="0" Pressure="0"/>
        <Point X="371" Y="322" T="0" Pressure="0"/>
        <Point X="375" Y="322" T="0" Pressure="0"/>
        <Point X="380" Y="321" T="0" Pressure="0"/>
        <Point X="388" Y="317" T="0" Pressure="0"/>
        <Point X="392" Y="315" T="0" Pressure="0"/>
        <Point X="396" Y="312" T="0" Pressure="0"/>
        <Point X="404" Y="306" T="0" Pressure="0"/>
        <Point X="407" Y="303" T="0" Pressure="0"/>
        <Point X="411" Y="300" T="0" Pressure="0"/>
        <Point X="414" Y="296" T="0" Pressure="0"/>
        <Point X="416" Y="291" T="0" Pressure="0"/>
        <Point X="419" Y="287" T="0" Pressure="0"/>
        <Point X="422" Y="282" T="0" Pressure="0"/>
        <Point X="426" Y="273" T="0" Pressure="0"/>
        <Point X="428" Y="267" T="0" Pressure="0"/>
        <Point X="430" Y="262" T="0" Pressure="0"/>
        <Point X="430" Y="257" T="0" Pressure="0"/>
        <Point X="431" Y="251" T="0" Pressure="0"/>
        <Point X="432" Y="246" T="0" Pressure="0"/>
        <Point X="432" Y="234" T="0" Pressure="0"/>
        <Point X="430" Y="212" T="0" Pressure="0"/>
        <Point X="429" Y="206" T="0" Pressure="0"/>
        <Point X="425" Y="196" T="0" Pressure="0"/>
        <Point X="423" Y="191" T="0" Pressure="0"/>
        <Point X="420" Y="185" T="0" Pressure="0"/>
        <Point X="418" Y="181" T="0" Pressure="0"/>
        <Point X="415" Y="177" T="0" Pressure="0"/>
        <Point X="408" Y="170" T="0" Pressure="0"/>
        <Point X="405" Y="166" T="0" Pressure="0"/>
        <Point X="401" Y="163" T="0" Pressure="0"/>
        <Point X="397" Y="160" T="0" Pressure="0"/>
        <Point X="389" Y="156" T="0" Pressure="0"/>
        <Point X="385" Y="155" T="0" Pressure="0"/>
        <Point X="375" Y="152" T="0" Pressure="0"/>
        <Point X="370" Y="152" T="0" Pressure="0"/>
        <Point X="366" Y="151" T="0" Pressure="0"/>
        <Point X="362" Y="151" T="0" Pressure="0"/>
        <Point X="357" Y="151" T="0" Pressure="0"/>
        <Point X="347" Y="151" T="0" Pressure="0"/>
        <Point X="340" Y="152" T="0" Pressure="0"/>
        <Point X="336" Y="153" T="0" Pressure="0"/>
        <Point X="332" Y="155" T="0" Pressure="0"/>
        <Point X="325" Y="158" T="0" Pressure="0"/>
        <Point X="321" Y="160" T="0" Pressure="0"/>
        <Point X="318" Y="161" T="0" Pressure="0"/>
    </Stroke>
    <Stroke index="2">
        <Point X="429" Y="112" T="0" Pressure="0"/>
        <Point X="428" Y="113" T="0" Pressure="0"/>
        <Point X="427" Y="114" T="0" Pressure="0"/>
        <Point X="426" Y="114" T="0" Pressure="0"/>
        <Point X="425" Y="114" T="0" Pressure="0"/>
        <Point X="424" Y="115" T="0" Pressure="0"/>
        <Point X="423" Y="116" T="0" Pressure="0"/>
        <Point X="421" Y="119" T="0" Pressure="0"/>
        <Point X="419" Y="122" T="0" Pressure="0"/>
        <Point X="416" Y="126" T="0" Pressure="0"/>
        <Point X="414" Y="129" T="0" Pressure="0"/>
        <Point X="411" Y="134" T="0" Pressure="0"/>
        <Point X="408" Y="139" T="0" Pressure="0"/>
        <Point X="405" Y="144" T="0" Pressure="0"/>
        <Point X="402" Y="150" T="0" Pressure="0"/>
        <Point X="399" Y="156" T="0" Pressure="0"/>
        <Point X="395" Y="162" T="0" Pressure="0"/>
        <Point X="392" Y="169" T="0" Pressure="0"/>
        <Point X="388" Y="176" T="0" Pressure="0"/>
        <Point X="384" Y="184" T="0" Pressure="0"/>
        <Point X="380" Y="191" T="0" Pressure="0"/>
        <Point X="375" Y="200" T="0" Pressure="0"/>
        <Point X="372" Y="207" T="0" Pressure="0"/>
        <Point X="367" Y="215" T="0" Pressure="0"/>
        <Point X="363" Y="224" T="0" Pressure="0"/>
        <Point X="359" Y="232" T="0" Pressure="0"/>
        <Point X="354" Y="241" T="0" Pressure="0"/>
        <Point X="349" Y="250" T="0" Pressure="0"/>
        <Point X="344" Y="257" T="0" Pressure="0"/>
        <Point X="340" Y="265" T="0" Pressure="0"/>
        <Point X="336" Y="272" T="0" Pressure="0"/>
        <Point X="327" Y="285" T="0" Pressure="0"/>
        <Point X="322" Y="292" T="0" Pressure="0"/>
        <Point X="318" Y="298" T="0" Pressure="0"/>
        <Point X="314" Y="302" T="0" Pressure="0"/>
        <Point X="311" Y="308" T="0" Pressure="0"/>
        <Point X="307" Y="312" T="0" Pressure="0"/>
        <Point X="304" Y="318" T="0" Pressure="0"/>
        <Point X="301" Y="322" T="0" Pressure="0"/>
        <Point X="295" Y="329" T="0" Pressure="0"/>
        <Point X="294" Y="332" T="0" Pressure="0"/>
        <Point X="291" Y="335" T="0" Pressure="0"/>
        <Point X="290" Y="338" T="0" Pressure="0"/>
        <Point X="287" Y="340" T="0" Pressure="0"/>
        <Point X="286" Y="343" T="0" Pressure="0"/>
        <Point X="284" Y="344" T="0" Pressure="0"/>
        <Point X="283" Y="345" T="0" Pressure="0"/>
        <Point X="283" Y="346" T="0" Pressure="0"/>
        <Point X="282" Y="347" T="0" Pressure="0"/>
        <Point X="281" Y="348" T="0" Pressure="0"/>
    </Stroke>
</Gesture>
