<?xml version="1.0" ?>
<Gesture Name="I~01" Subject="6" Number="1" NumPts="111" InputType="stylus" Speed="MEDIUM">
    <Stroke index="1">
        <Point X="283" Y="111" T="0" Pressure="0"/>
        <Point X="288" Y="109" T="0" Pressure="0"/>
        <Point X="292" Y="107" T="0" Pressure="0"/>
        <Point X="296" Y="106" T="0" Pressure="0"/>
        <Point X="301" Y="105" T="0" Pressure="0"/>
        <Point X="305" Y="104" T="0" Pressure="0"/>
        <Point X="310" Y="103" T="0" Pressure="0"/>
        <Point X="315" Y="103" T="0" Pressure="0"/>
        <Point X="321" Y="102" T="0" Pressure="0"/>
        <Point X="328" Y="102" T="0" Pressure="0"/>
        <Point X="333" Y="101" T="0" Pressure="0"/>
        <Point X="340" Y="100" T="0" Pressure="0"/>
        <Point X="347" Y="99" T="0" Pressure="0"/>
        <Point X="354" Y="98" T="0" Pressure="0"/>
        <Point X="361" Y="97" T="0" Pressure="0"/>
        <Point X="369" Y="96" T="0" Pressure="0"/>
        <Point X="375" Y="96" T="0" Pressure="0"/>
        <Point X="382" Y="95" T="0" Pressure="0"/>
        <Point X="389" Y="94" T="0" Pressure="0"/>
        <Point X="396" Y="93" T="0" Pressure="0"/>
        <Point X="403" Y="92" T="0" Pressure="0"/>
        <Point X="410" Y="92" T="0" Pressure="0"/>
        <Point X="415" Y="91" T="0" Pressure="0"/>
        <Point X="421" Y="91" T="0" Pressure="0"/>
        <Point X="426" Y="91" T="0" Pressure="0"/>
        <Point X="431" Y="90" T="0" Pressure="0"/>
        <Point X="436" Y="90" T="0" Pressure="0"/>
        <Point X="441" Y="90" T="0" Pressure="0"/>
        <Point X="445" Y="90" T="0" Pressure="0"/>
        <Point X="448" Y="90" T="0" Pressure="0"/>
        <Point X="451" Y="89" T="0" Pressure="0"/>
        <Point X="454" Y="89" T="0" Pressure="0"/>
        <Point X="456" Y="89" T="0" Pressure="0"/>
        <Point X="458" Y="89" T="0" Pressure="0"/>
        <Point X="459" Y="90" T="0" Pressure="0"/>
        <Point X="460" Y="90" T="0" Pressure="0"/>
    </Stroke>
    <Stroke index="2">
        <Point X="371" Y="102" T="0" Pressure="0"/>
        <Point X="370" Y="102" T="0" Pressure="0"/>
        <Point X="370" Y="104" T="0" Pressure="0"/>
        <Point X="370" Y="106" T="0" Pressure="0"/>
        <Point X="370" Y="110" T="0" Pressure="0"/>
        <Point X="370" Y="113" T="0" Pressure="0"/>
        <Point X="370" Y="117" T="0" Pressure="0"/>
        <Point X="370" Y="124" T="0" Pressure="0"/>
        <Point X="370" Y="129" T="0" Pressure="0"/>
        <Point X="369" Y="136" T="0" Pressure="0"/>
        <Point X="368" Y="142" T="0" Pressure="0"/>
        <Point X="367" Y="150" T="0" Pressure="0"/>
        <Point X="365" Y="172" T="0" Pressure="0"/>
        <Point X="364" Y="179" T="0" Pressure="0"/>
        <Point X="363" Y="187" T="0" Pressure="0"/>
        <Point X="363" Y="194" T="0" Pressure="0"/>
        <Point X="362" Y="202" T="0" Pressure="0"/>
        <Point X="362" Y="209" T="0" Pressure="0"/>
        <Point X="362" Y="216" T="0" Pressure="0"/>
        <Point X="362" Y="222" T="0" Pressure="0"/>
        <Point X="362" Y="227" T="0" Pressure="0"/>
        <Point X="362" Y="233" T="0" Pressure="0"/>
        <Point X="362" Y="238" T="0" Pressure="0"/>
        <Point X="362" Y="244" T="0" Pressure="0"/>
        <Point X="362" Y="247" T="0" Pressure="0"/>
        <Point X="362" Y="251" T="0" Pressure="0"/>
        <Point X="362" Y="254" T="0" Pressure="0"/>
        <Point X="362" Y="257" T="0" Pressure="0"/>
        <Point X="362" Y="260" T="0" Pressure="0"/>
        <Point X="362" Y="262" T="0" Pressure="0"/>
        <Point X="362" Y="264" T="0" Pressure="0"/>
        <Point X="361" Y="265" T="0" Pressure="0"/>
        <Point X="361" Y="266" T="0" Pressure="0"/>
        <Point X="361" Y="267" T="0" Pressure="0"/>
        <Point X="360" Y="268" T="0" Pressure="0"/>
        <Point X="360" Y="269" T="0" Pressure="0"/>
        <Point X="360" Y="270" T="0" Pressure="0"/>
        <Point X="359" Y="271" T="0" Pressure="0"/>
        <Point X="359" Y="272" T="0" Pressure="0"/>
        <Point X="358" Y="273" T="0" Pressure="0"/>
        <Point X="358" Y="274" T="0" Pressure="0"/>
    </Stroke>
    <Stroke index="3">
        <Point X="318" Y="295" T="0" Pressure="0"/>
        <Point X="322" Y="294" T="0" Pressure="0"/>
        <Point X="328" Y="292" T="0" Pressure="0"/>
        <Point X="332" Y="291" T="0" Pressure="0"/>
        <Point X="337" Y="291" T="0" Pressure="0"/>
        <Point X="343" Y="290" T="0" Pressure="0"/>
        <Point X="348" Y="290" T="0" Pressure="0"/>
        <Point X="355" Y="289" T="0" Pressure="0"/>
        <Point X="360" Y="289" T="0" Pressure="0"/>
        <Point X="366" Y="287" T="0" Pressure="0"/>
        <Point X="371" Y="287" T="0" Pressure="0"/>
        <Point X="377" Y="286" T="0" Pressure="0"/>
        <Point X="382" Y="286" T="0" Pressure="0"/>
        <Point X="388" Y="285" T="0" Pressure="0"/>
        <Point X="399" Y="284" T="0" Pressure="0"/>
        <Point X="403" Y="284" T="0" Pressure="0"/>
        <Point X="408" Y="283" T="0" Pressure="0"/>
        <Point X="412" Y="282" T="0" Pressure="0"/>
        <Point X="416" Y="282" T="0" Pressure="0"/>
        <Point X="420" Y="282" T="0" Pressure="0"/>
        <Point X="423" Y="281" T="0" Pressure="0"/>
        <Point X="426" Y="281" T="0" Pressure="0"/>
        <Point X="430" Y="281" T="0" Pressure="0"/>
        <Point X="432" Y="281" T="0" Pressure="0"/>
        <Point X="434" Y="281" T="0" Pressure="0"/>
        <Point X="437" Y="281" T="0" Pressure="0"/>
        <Point X="438" Y="281" T="0" Pressure="0"/>
        <Point X="439" Y="281" T="0" Pressure="0"/>
        <Point X="441" Y="281" T="0" Pressure="0"/>
        <Point X="442" Y="281" T="0" Pressure="0"/>
        <Point X="444" Y="282" T="0" Pressure="0"/>
        <Point X="445" Y="282" T="0" Pressure="0"/>
        <Point X="445" Y="283" T="0" Pressure="0"/>
        <Point X="446" Y="284" T="0" Pressure="0"/>
    </Stroke>
</Gesture>
