<?xml version="1.0" ?>
<Gesture Name="P~02" Subject="6" Number="2" NumPts="99" InputType="stylus" Speed="MEDIUM">
    <Stroke index="1">
        <Point X="333" Y="152" T="0" Pressure="0"/>
        <Point X="333" Y="153" T="0" Pressure="0"/>
        <Point X="332" Y="154" T="0" Pressure="0"/>
        <Point X="332" Y="155" T="0" Pressure="0"/>
        <Point X="332" Y="156" T="0" Pressure="0"/>
        <Point X="332" Y="158" T="0" Pressure="0"/>
        <Point X="332" Y="160" T="0" Pressure="0"/>
        <Point X="332" Y="162" T="0" Pressure="0"/>
        <Point X="333" Y="169" T="0" Pressure="0"/>
        <Point X="333" Y="172" T="0" Pressure="0"/>
        <Point X="333" Y="177" T="0" Pressure="0"/>
        <Point X="334" Y="181" T="0" Pressure="0"/>
        <Point X="335" Y="186" T="0" Pressure="0"/>
        <Point X="335" Y="197" T="0" Pressure="0"/>
        <Point X="335" Y="202" T="0" Pressure="0"/>
        <Point X="335" Y="209" T="0" Pressure="0"/>
        <Point X="335" Y="216" T="0" Pressure="0"/>
        <Point X="335" Y="222" T="0" Pressure="0"/>
        <Point X="335" Y="234" T="0" Pressure="0"/>
        <Point X="335" Y="240" T="0" Pressure="0"/>
        <Point X="335" Y="246" T="0" Pressure="0"/>
        <Point X="335" Y="257" T="0" Pressure="0"/>
        <Point X="335" Y="264" T="0" Pressure="0"/>
        <Point X="335" Y="270" T="0" Pressure="0"/>
        <Point X="335" Y="281" T="0" Pressure="0"/>
        <Point X="335" Y="288" T="0" Pressure="0"/>
        <Point X="335" Y="293" T="0" Pressure="0"/>
        <Point X="336" Y="303" T="0" Pressure="0"/>
        <Point X="336" Y="308" T="0" Pressure="0"/>
        <Point X="336" Y="312" T="0" Pressure="0"/>
        <Point X="336" Y="318" T="0" Pressure="0"/>
        <Point X="337" Y="321" T="0" Pressure="0"/>
        <Point X="337" Y="324" T="0" Pressure="0"/>
        <Point X="337" Y="327" T="0" Pressure="0"/>
        <Point X="337" Y="332" T="0" Pressure="0"/>
        <Point X="337" Y="335" T="0" Pressure="0"/>
        <Point X="337" Y="336" T="0" Pressure="0"/>
        <Point X="337" Y="338" T="0" Pressure="0"/>
        <Point X="337" Y="340" T="0" Pressure="0"/>
        <Point X="337" Y="341" T="0" Pressure="0"/>
        <Point X="338" Y="341" T="0" Pressure="0"/>
        <Point X="339" Y="341" T="0" Pressure="0"/>
        <Point X="339" Y="340" T="0" Pressure="0"/>
    </Stroke>
    <Stroke index="2">
        <Point X="332" Y="146" T="0" Pressure="0"/>
        <Point X="333" Y="145" T="0" Pressure="0"/>
        <Point X="334" Y="142" T="0" Pressure="0"/>
        <Point X="335" Y="141" T="0" Pressure="0"/>
        <Point X="336" Y="140" T="0" Pressure="0"/>
        <Point X="338" Y="139" T="0" Pressure="0"/>
        <Point X="341" Y="137" T="0" Pressure="0"/>
        <Point X="344" Y="137" T="0" Pressure="0"/>
        <Point X="347" Y="136" T="0" Pressure="0"/>
        <Point X="353" Y="136" T="0" Pressure="0"/>
        <Point X="356" Y="136" T="0" Pressure="0"/>
        <Point X="359" Y="136" T="0" Pressure="0"/>
        <Point X="363" Y="136" T="0" Pressure="0"/>
        <Point X="367" Y="136" T="0" Pressure="0"/>
        <Point X="372" Y="136" T="0" Pressure="0"/>
        <Point X="376" Y="137" T="0" Pressure="0"/>
        <Point X="384" Y="139" T="0" Pressure="0"/>
        <Point X="388" Y="140" T="0" Pressure="0"/>
        <Point X="392" Y="141" T="0" Pressure="0"/>
        <Point X="396" Y="143" T="0" Pressure="0"/>
        <Point X="400" Y="145" T="0" Pressure="0"/>
        <Point X="405" Y="149" T="0" Pressure="0"/>
        <Point X="408" Y="152" T="0" Pressure="0"/>
        <Point X="411" Y="154" T="0" Pressure="0"/>
        <Point X="412" Y="157" T="0" Pressure="0"/>
        <Point X="414" Y="160" T="0" Pressure="0"/>
        <Point X="416" Y="166" T="0" Pressure="0"/>
        <Point X="416" Y="169" T="0" Pressure="0"/>
        <Point X="417" Y="172" T="0" Pressure="0"/>
        <Point X="418" Y="176" T="0" Pressure="0"/>
        <Point X="418" Y="178" T="0" Pressure="0"/>
        <Point X="418" Y="182" T="0" Pressure="0"/>
        <Point X="416" Y="185" T="0" Pressure="0"/>
        <Point X="414" Y="191" T="0" Pressure="0"/>
        <Point X="411" Y="195" T="0" Pressure="0"/>
        <Point X="409" Y="198" T="0" Pressure="0"/>
        <Point X="403" Y="204" T="0" Pressure="0"/>
        <Point X="400" Y="207" T="0" Pressure="0"/>
        <Point X="396" Y="210" T="0" Pressure="0"/>
        <Point X="391" Y="212" T="0" Pressure="0"/>
        <Point X="387" Y="215" T="0" Pressure="0"/>
        <Point X="382" Y="217" T="0" Pressure="0"/>
        <Point X="378" Y="219" T="0" Pressure="0"/>
        <Point X="369" Y="222" T="0" Pressure="0"/>
        <Point X="363" Y="224" T="0" Pressure="0"/>
        <Point X="359" Y="225" T="0" Pressure="0"/>
        <Point X="350" Y="227" T="0" Pressure="0"/>
        <Point X="345" Y="228" T="0" Pressure="0"/>
        <Point X="341" Y="229" T="0" Pressure="0"/>
        <Point X="331" Y="230" T="0" Pressure="0"/>
        <Point X="328" Y="230" T="0" Pressure="0"/>
        <Point X="322" Y="231" T="0" Pressure="0"/>
        <Point X="320" Y="231" T="0" Pressure="0"/>
        <Point X="318" Y="231" T="0" Pressure="0"/>
        <Point X="317" Y="231" T="0" Pressure="0"/>
        <Point X="316" Y="232" T="0" Pressure="0"/>
    </Stroke>
</Gesture>
