<?xml version="1.0" ?>
<Gesture Name="null~09" Subject="6" Number="9" NumPts="158" InputType="stylus" Speed="MEDIUM">
    <Stroke index="1">
        <Point X="355" Y="134" T="0" Pressure="0"/>
        <Point X="353" Y="133" T="0" Pressure="0"/>
        <Point X="349" Y="131" T="0" Pressure="0"/>
        <Point X="347" Y="130" T="0" Pressure="0"/>
        <Point X="346" Y="129" T="0" Pressure="0"/>
        <Point X="344" Y="129" T="0" Pressure="0"/>
        <Point X="343" Y="129" T="0" Pressure="0"/>
        <Point X="341" Y="129" T="0" Pressure="0"/>
        <Point X="340" Y="131" T="0" Pressure="0"/>
        <Point X="338" Y="133" T="0" Pressure="0"/>
        <Point X="336" Y="135" T="0" Pressure="0"/>
        <Point X="335" Y="139" T="0" Pressure="0"/>
        <Point X="332" Y="142" T="0" Pressure="0"/>
        <Point X="331" Y="146" T="0" Pressure="0"/>
        <Point X="329" Y="150" T="0" Pressure="0"/>
        <Point X="327" Y="154" T="0" Pressure="0"/>
        <Point X="325" Y="160" T="0" Pressure="0"/>
        <Point X="324" Y="166" T="0" Pressure="0"/>
        <Point X="322" Y="171" T="0" Pressure="0"/>
        <Point X="321" Y="177" T="0" Pressure="0"/>
        <Point X="320" Y="183" T="0" Pressure="0"/>
        <Point X="319" Y="190" T="0" Pressure="0"/>
        <Point X="318" Y="197" T="0" Pressure="0"/>
        <Point X="318" Y="205" T="0" Pressure="0"/>
        <Point X="318" Y="212" T="0" Pressure="0"/>
        <Point X="318" Y="220" T="0" Pressure="0"/>
        <Point X="318" Y="227" T="0" Pressure="0"/>
        <Point X="319" Y="235" T="0" Pressure="0"/>
        <Point X="320" Y="244" T="0" Pressure="0"/>
        <Point X="321" Y="253" T="0" Pressure="0"/>
        <Point X="322" Y="260" T="0" Pressure="0"/>
        <Point X="324" Y="269" T="0" Pressure="0"/>
        <Point X="325" Y="276" T="0" Pressure="0"/>
        <Point X="328" Y="284" T="0" Pressure="0"/>
        <Point X="330" Y="291" T="0" Pressure="0"/>
        <Point X="332" Y="299" T="0" Pressure="0"/>
        <Point X="335" Y="304" T="0" Pressure="0"/>
        <Point X="337" Y="310" T="0" Pressure="0"/>
        <Point X="340" Y="315" T="0" Pressure="0"/>
        <Point X="343" Y="320" T="0" Pressure="0"/>
        <Point X="346" Y="325" T="0" Pressure="0"/>
        <Point X="350" Y="329" T="0" Pressure="0"/>
        <Point X="352" Y="332" T="0" Pressure="0"/>
        <Point X="356" Y="335" T="0" Pressure="0"/>
        <Point X="359" Y="338" T="0" Pressure="0"/>
        <Point X="363" Y="340" T="0" Pressure="0"/>
        <Point X="367" Y="341" T="0" Pressure="0"/>
        <Point X="371" Y="343" T="0" Pressure="0"/>
        <Point X="380" Y="344" T="0" Pressure="0"/>
        <Point X="384" Y="344" T="0" Pressure="0"/>
        <Point X="389" Y="343" T="0" Pressure="0"/>
        <Point X="393" Y="342" T="0" Pressure="0"/>
        <Point X="399" Y="340" T="0" Pressure="0"/>
        <Point X="404" Y="338" T="0" Pressure="0"/>
        <Point X="408" Y="335" T="0" Pressure="0"/>
        <Point X="413" Y="332" T="0" Pressure="0"/>
        <Point X="419" Y="329" T="0" Pressure="0"/>
        <Point X="423" Y="326" T="0" Pressure="0"/>
        <Point X="429" Y="321" T="0" Pressure="0"/>
        <Point X="433" Y="317" T="0" Pressure="0"/>
        <Point X="437" Y="312" T="0" Pressure="0"/>
        <Point X="441" Y="307" T="0" Pressure="0"/>
        <Point X="445" Y="302" T="0" Pressure="0"/>
        <Point X="453" Y="290" T="0" Pressure="0"/>
        <Point X="456" Y="285" T="0" Pressure="0"/>
        <Point X="459" Y="279" T="0" Pressure="0"/>
        <Point X="461" Y="273" T="0" Pressure="0"/>
        <Point X="464" Y="266" T="0" Pressure="0"/>
        <Point X="465" Y="259" T="0" Pressure="0"/>
        <Point X="467" Y="252" T="0" Pressure="0"/>
        <Point X="468" Y="246" T="0" Pressure="0"/>
        <Point X="469" Y="239" T="0" Pressure="0"/>
        <Point X="469" Y="232" T="0" Pressure="0"/>
        <Point X="469" Y="225" T="0" Pressure="0"/>
        <Point X="469" Y="219" T="0" Pressure="0"/>
        <Point X="469" Y="211" T="0" Pressure="0"/>
        <Point X="468" Y="205" T="0" Pressure="0"/>
        <Point X="466" Y="199" T="0" Pressure="0"/>
        <Point X="464" Y="193" T="0" Pressure="0"/>
        <Point X="461" Y="187" T="0" Pressure="0"/>
        <Point X="459" Y="181" T="0" Pressure="0"/>
        <Point X="456" Y="176" T="0" Pressure="0"/>
        <Point X="452" Y="171" T="0" Pressure="0"/>
        <Point X="449" Y="166" T="0" Pressure="0"/>
        <Point X="444" Y="160" T="0" Pressure="0"/>
        <Point X="439" Y="156" T="0" Pressure="0"/>
        <Point X="434" Y="152" T="0" Pressure="0"/>
        <Point X="429" Y="147" T="0" Pressure="0"/>
        <Point X="424" Y="145" T="0" Pressure="0"/>
        <Point X="419" Y="141" T="0" Pressure="0"/>
        <Point X="412" Y="139" T="0" Pressure="0"/>
        <Point X="407" Y="137" T="0" Pressure="0"/>
        <Point X="400" Y="135" T="0" Pressure="0"/>
        <Point X="393" Y="134" T="0" Pressure="0"/>
        <Point X="388" Y="132" T="0" Pressure="0"/>
        <Point X="382" Y="132" T="0" Pressure="0"/>
        <Point X="376" Y="132" T="0" Pressure="0"/>
        <Point X="370" Y="132" T="0" Pressure="0"/>
        <Point X="364" Y="132" T="0" Pressure="0"/>
        <Point X="358" Y="133" T="0" Pressure="0"/>
        <Point X="354" Y="134" T="0" Pressure="0"/>
        <Point X="348" Y="135" T="0" Pressure="0"/>
        <Point X="344" Y="137" T="0" Pressure="0"/>
        <Point X="340" Y="140" T="0" Pressure="0"/>
        <Point X="336" Y="141" T="0" Pressure="0"/>
        <Point X="332" Y="145" T="0" Pressure="0"/>
        <Point X="330" Y="147" T="0" Pressure="0"/>
        <Point X="328" Y="150" T="0" Pressure="0"/>
        <Point X="325" Y="152" T="0" Pressure="0"/>
        <Point X="324" Y="155" T="0" Pressure="0"/>
    </Stroke>
    <Stroke index="2">
        <Point X="467" Y="109" T="0" Pressure="0"/>
        <Point X="464" Y="110" T="0" Pressure="0"/>
        <Point X="461" Y="110" T="0" Pressure="0"/>
        <Point X="459" Y="112" T="0" Pressure="0"/>
        <Point X="455" Y="115" T="0" Pressure="0"/>
        <Point X="449" Y="122" T="0" Pressure="0"/>
        <Point X="445" Y="126" T="0" Pressure="0"/>
        <Point X="441" Y="130" T="0" Pressure="0"/>
        <Point X="437" Y="135" T="0" Pressure="0"/>
        <Point X="431" Y="141" T="0" Pressure="0"/>
        <Point X="427" Y="147" T="0" Pressure="0"/>
        <Point X="423" Y="152" T="0" Pressure="0"/>
        <Point X="418" Y="159" T="0" Pressure="0"/>
        <Point X="412" Y="165" T="0" Pressure="0"/>
        <Point X="408" Y="172" T="0" Pressure="0"/>
        <Point X="402" Y="179" T="0" Pressure="0"/>
        <Point X="397" Y="186" T="0" Pressure="0"/>
        <Point X="392" Y="193" T="0" Pressure="0"/>
        <Point X="387" Y="201" T="0" Pressure="0"/>
        <Point X="377" Y="216" T="0" Pressure="0"/>
        <Point X="366" Y="230" T="0" Pressure="0"/>
        <Point X="362" Y="237" T="0" Pressure="0"/>
        <Point X="356" Y="245" T="0" Pressure="0"/>
        <Point X="351" Y="252" T="0" Pressure="0"/>
        <Point X="346" Y="259" T="0" Pressure="0"/>
        <Point X="340" Y="266" T="0" Pressure="0"/>
        <Point X="336" Y="273" T="0" Pressure="0"/>
        <Point X="331" Y="279" T="0" Pressure="0"/>
        <Point X="325" Y="285" T="0" Pressure="0"/>
        <Point X="321" Y="292" T="0" Pressure="0"/>
        <Point X="316" Y="298" T="0" Pressure="0"/>
        <Point X="310" Y="304" T="0" Pressure="0"/>
        <Point X="306" Y="309" T="0" Pressure="0"/>
        <Point X="302" Y="314" T="0" Pressure="0"/>
        <Point X="297" Y="319" T="0" Pressure="0"/>
        <Point X="292" Y="323" T="0" Pressure="0"/>
        <Point X="288" Y="327" T="0" Pressure="0"/>
        <Point X="284" Y="331" T="0" Pressure="0"/>
        <Point X="281" Y="334" T="0" Pressure="0"/>
        <Point X="277" Y="336" T="0" Pressure="0"/>
        <Point X="275" Y="339" T="0" Pressure="0"/>
        <Point X="272" Y="340" T="0" Pressure="0"/>
        <Point X="269" Y="343" T="0" Pressure="0"/>
        <Point X="268" Y="344" T="0" Pressure="0"/>
        <Point X="266" Y="345" T="0" Pressure="0"/>
        <Point X="265" Y="346" T="0" Pressure="0"/>
        <Point X="264" Y="347" T="0" Pressure="0"/>
        <Point X="264" Y="348" T="0" Pressure="0"/>
    </Stroke>
</Gesture>
