<?xml version="1.0" ?>
<Gesture Name="six_point_star~03" Subject="6" Number="3" NumPts="265" InputType="stylus" Speed="MEDIUM">
    <Stroke index="1">
        <Point X="303" Y="235" T="0" Pressure="0"/>
        <Point X="303" Y="234" T="0" Pressure="0"/>
        <Point X="303" Y="232" T="0" Pressure="0"/>
        <Point X="303" Y="231" T="0" Pressure="0"/>
        <Point X="303" Y="230" T="0" Pressure="0"/>
        <Point X="303" Y="229" T="0" Pressure="0"/>
        <Point X="303" Y="228" T="0" Pressure="0"/>
        <Point X="304" Y="227" T="0" Pressure="0"/>
        <Point X="305" Y="225" T="0" Pressure="0"/>
        <Point X="305" Y="223" T="0" Pressure="0"/>
        <Point X="306" Y="222" T="0" Pressure="0"/>
        <Point X="306" Y="219" T="0" Pressure="0"/>
        <Point X="306" Y="216" T="0" Pressure="0"/>
        <Point X="307" Y="215" T="0" Pressure="0"/>
        <Point X="308" Y="211" T="0" Pressure="0"/>
        <Point X="309" Y="209" T="0" Pressure="0"/>
        <Point X="310" Y="206" T="0" Pressure="0"/>
        <Point X="310" Y="203" T="0" Pressure="0"/>
        <Point X="311" Y="199" T="0" Pressure="0"/>
        <Point X="313" Y="196" T="0" Pressure="0"/>
        <Point X="314" Y="192" T="0" Pressure="0"/>
        <Point X="314" Y="189" T="0" Pressure="0"/>
        <Point X="316" Y="185" T="0" Pressure="0"/>
        <Point X="317" Y="181" T="0" Pressure="0"/>
        <Point X="318" Y="177" T="0" Pressure="0"/>
        <Point X="320" Y="173" T="0" Pressure="0"/>
        <Point X="321" Y="169" T="0" Pressure="0"/>
        <Point X="322" Y="165" T="0" Pressure="0"/>
        <Point X="325" Y="160" T="0" Pressure="0"/>
        <Point X="326" Y="156" T="0" Pressure="0"/>
        <Point X="328" Y="152" T="0" Pressure="0"/>
        <Point X="330" Y="147" T="0" Pressure="0"/>
        <Point X="332" Y="144" T="0" Pressure="0"/>
        <Point X="334" Y="140" T="0" Pressure="0"/>
        <Point X="336" Y="136" T="0" Pressure="0"/>
        <Point X="338" Y="132" T="0" Pressure="0"/>
        <Point X="340" Y="129" T="0" Pressure="0"/>
        <Point X="343" Y="126" T="0" Pressure="0"/>
        <Point X="344" Y="124" T="0" Pressure="0"/>
        <Point X="347" Y="121" T="0" Pressure="0"/>
        <Point X="356" Y="111" T="0" Pressure="0"/>
        <Point X="358" Y="109" T="0" Pressure="0"/>
        <Point X="360" Y="107" T="0" Pressure="0"/>
        <Point X="362" Y="106" T="0" Pressure="0"/>
        <Point X="365" Y="105" T="0" Pressure="0"/>
        <Point X="366" Y="104" T="0" Pressure="0"/>
        <Point X="369" Y="103" T="0" Pressure="0"/>
        <Point X="370" Y="103" T="0" Pressure="0"/>
        <Point X="373" Y="103" T="0" Pressure="0"/>
        <Point X="374" Y="103" T="0" Pressure="0"/>
        <Point X="376" Y="103" T="0" Pressure="0"/>
        <Point X="378" Y="103" T="0" Pressure="0"/>
        <Point X="380" Y="104" T="0" Pressure="0"/>
        <Point X="383" Y="106" T="0" Pressure="0"/>
        <Point X="385" Y="108" T="0" Pressure="0"/>
        <Point X="386" Y="110" T="0" Pressure="0"/>
        <Point X="389" Y="112" T="0" Pressure="0"/>
        <Point X="390" Y="115" T="0" Pressure="0"/>
        <Point X="392" Y="117" T="0" Pressure="0"/>
        <Point X="393" Y="120" T="0" Pressure="0"/>
        <Point X="396" Y="124" T="0" Pressure="0"/>
        <Point X="397" Y="127" T="0" Pressure="0"/>
        <Point X="400" Y="131" T="0" Pressure="0"/>
        <Point X="401" Y="135" T="0" Pressure="0"/>
        <Point X="404" Y="139" T="0" Pressure="0"/>
        <Point X="405" Y="142" T="0" Pressure="0"/>
        <Point X="408" Y="147" T="0" Pressure="0"/>
        <Point X="409" Y="152" T="0" Pressure="0"/>
        <Point X="411" Y="156" T="0" Pressure="0"/>
        <Point X="412" Y="161" T="0" Pressure="0"/>
        <Point X="415" Y="165" T="0" Pressure="0"/>
        <Point X="416" Y="170" T="0" Pressure="0"/>
        <Point X="417" Y="174" T="0" Pressure="0"/>
        <Point X="419" Y="177" T="0" Pressure="0"/>
        <Point X="420" Y="182" T="0" Pressure="0"/>
        <Point X="421" Y="185" T="0" Pressure="0"/>
        <Point X="423" Y="192" T="0" Pressure="0"/>
        <Point X="424" Y="196" T="0" Pressure="0"/>
        <Point X="425" Y="199" T="0" Pressure="0"/>
        <Point X="426" Y="202" T="0" Pressure="0"/>
        <Point X="426" Y="204" T="0" Pressure="0"/>
        <Point X="426" Y="206" T="0" Pressure="0"/>
        <Point X="427" Y="209" T="0" Pressure="0"/>
        <Point X="427" Y="210" T="0" Pressure="0"/>
        <Point X="427" Y="212" T="0" Pressure="0"/>
        <Point X="427" Y="215" T="0" Pressure="0"/>
        <Point X="427" Y="216" T="0" Pressure="0"/>
        <Point X="427" Y="218" T="0" Pressure="0"/>
        <Point X="426" Y="220" T="0" Pressure="0"/>
        <Point X="426" Y="222" T="0" Pressure="0"/>
        <Point X="424" Y="223" T="0" Pressure="0"/>
        <Point X="423" Y="225" T="0" Pressure="0"/>
        <Point X="422" Y="226" T="0" Pressure="0"/>
        <Point X="420" Y="227" T="0" Pressure="0"/>
        <Point X="419" Y="228" T="0" Pressure="0"/>
        <Point X="416" Y="230" T="0" Pressure="0"/>
        <Point X="414" Y="231" T="0" Pressure="0"/>
        <Point X="411" Y="232" T="0" Pressure="0"/>
        <Point X="408" Y="233" T="0" Pressure="0"/>
        <Point X="404" Y="234" T="0" Pressure="0"/>
        <Point X="400" Y="235" T="0" Pressure="0"/>
        <Point X="396" Y="235" T="0" Pressure="0"/>
        <Point X="393" Y="236" T="0" Pressure="0"/>
        <Point X="388" Y="237" T="0" Pressure="0"/>
        <Point X="383" Y="237" T="0" Pressure="0"/>
        <Point X="379" Y="238" T="0" Pressure="0"/>
        <Point X="374" Y="239" T="0" Pressure="0"/>
        <Point X="370" Y="239" T="0" Pressure="0"/>
        <Point X="365" Y="239" T="0" Pressure="0"/>
        <Point X="359" Y="239" T="0" Pressure="0"/>
        <Point X="355" Y="240" T="0" Pressure="0"/>
        <Point X="351" Y="240" T="0" Pressure="0"/>
        <Point X="347" Y="240" T="0" Pressure="0"/>
        <Point X="343" Y="240" T="0" Pressure="0"/>
        <Point X="339" Y="240" T="0" Pressure="0"/>
        <Point X="334" Y="240" T="0" Pressure="0"/>
        <Point X="331" Y="240" T="0" Pressure="0"/>
        <Point X="328" Y="240" T="0" Pressure="0"/>
        <Point X="325" Y="240" T="0" Pressure="0"/>
        <Point X="322" Y="240" T="0" Pressure="0"/>
        <Point X="320" Y="239" T="0" Pressure="0"/>
        <Point X="318" Y="239" T="0" Pressure="0"/>
        <Point X="317" Y="239" T="0" Pressure="0"/>
        <Point X="315" Y="239" T="0" Pressure="0"/>
        <Point X="314" Y="239" T="0" Pressure="0"/>
        <Point X="313" Y="239" T="0" Pressure="0"/>
        <Point X="312" Y="239" T="0" Pressure="0"/>
        <Point X="311" Y="239" T="0" Pressure="0"/>
    </Stroke>
    <Stroke index="2">
        <Point X="293" Y="152" T="0" Pressure="0"/>
        <Point X="291" Y="149" T="0" Pressure="0"/>
        <Point X="291" Y="147" T="0" Pressure="0"/>
        <Point X="291" Y="146" T="0" Pressure="0"/>
        <Point X="292" Y="146" T="0" Pressure="0"/>
        <Point X="293" Y="146" T="0" Pressure="0"/>
        <Point X="294" Y="146" T="0" Pressure="0"/>
        <Point X="295" Y="147" T="0" Pressure="0"/>
        <Point X="296" Y="148" T="0" Pressure="0"/>
        <Point X="298" Y="150" T="0" Pressure="0"/>
        <Point X="299" Y="151" T="0" Pressure="0"/>
        <Point X="301" Y="152" T="0" Pressure="0"/>
        <Point X="302" Y="154" T="0" Pressure="0"/>
        <Point X="303" Y="156" T="0" Pressure="0"/>
        <Point X="305" Y="159" T="0" Pressure="0"/>
        <Point X="307" Y="162" T="0" Pressure="0"/>
        <Point X="309" Y="165" T="0" Pressure="0"/>
        <Point X="311" Y="169" T="0" Pressure="0"/>
        <Point X="313" Y="172" T="0" Pressure="0"/>
        <Point X="315" Y="177" T="0" Pressure="0"/>
        <Point X="317" Y="181" T="0" Pressure="0"/>
        <Point X="319" Y="186" T="0" Pressure="0"/>
        <Point X="321" Y="192" T="0" Pressure="0"/>
        <Point X="323" Y="197" T="0" Pressure="0"/>
        <Point X="325" Y="202" T="0" Pressure="0"/>
        <Point X="328" Y="209" T="0" Pressure="0"/>
        <Point X="329" Y="215" T="0" Pressure="0"/>
        <Point X="332" Y="221" T="0" Pressure="0"/>
        <Point X="334" Y="227" T="0" Pressure="0"/>
        <Point X="336" Y="234" T="0" Pressure="0"/>
        <Point X="338" Y="240" T="0" Pressure="0"/>
        <Point X="340" Y="246" T="0" Pressure="0"/>
        <Point X="342" Y="252" T="0" Pressure="0"/>
        <Point X="344" Y="257" T="0" Pressure="0"/>
        <Point X="346" Y="264" T="0" Pressure="0"/>
        <Point X="348" Y="269" T="0" Pressure="0"/>
        <Point X="350" Y="274" T="0" Pressure="0"/>
        <Point X="351" Y="278" T="0" Pressure="0"/>
        <Point X="354" Y="283" T="0" Pressure="0"/>
        <Point X="355" Y="287" T="0" Pressure="0"/>
        <Point X="356" Y="291" T="0" Pressure="0"/>
        <Point X="358" Y="295" T="0" Pressure="0"/>
        <Point X="359" Y="298" T="0" Pressure="0"/>
        <Point X="360" Y="300" T="0" Pressure="0"/>
        <Point X="362" Y="302" T="0" Pressure="0"/>
        <Point X="362" Y="304" T="0" Pressure="0"/>
        <Point X="363" Y="305" T="0" Pressure="0"/>
        <Point X="365" Y="306" T="0" Pressure="0"/>
        <Point X="366" Y="307" T="0" Pressure="0"/>
        <Point X="367" Y="307" T="0" Pressure="0"/>
        <Point X="368" Y="307" T="0" Pressure="0"/>
        <Point X="369" Y="308" T="0" Pressure="0"/>
        <Point X="371" Y="308" T="0" Pressure="0"/>
        <Point X="373" Y="307" T="0" Pressure="0"/>
        <Point X="374" Y="306" T="0" Pressure="0"/>
        <Point X="375" Y="305" T="0" Pressure="0"/>
        <Point X="377" Y="303" T="0" Pressure="0"/>
        <Point X="379" Y="300" T="0" Pressure="0"/>
        <Point X="381" Y="298" T="0" Pressure="0"/>
        <Point X="382" Y="294" T="0" Pressure="0"/>
        <Point X="385" Y="290" T="0" Pressure="0"/>
        <Point X="386" Y="285" T="0" Pressure="0"/>
        <Point X="389" Y="280" T="0" Pressure="0"/>
        <Point X="391" Y="274" T="0" Pressure="0"/>
        <Point X="393" Y="269" T="0" Pressure="0"/>
        <Point X="395" Y="263" T="0" Pressure="0"/>
        <Point X="396" Y="257" T="0" Pressure="0"/>
        <Point X="399" Y="251" T="0" Pressure="0"/>
        <Point X="400" Y="245" T="0" Pressure="0"/>
        <Point X="403" Y="238" T="0" Pressure="0"/>
        <Point X="405" Y="232" T="0" Pressure="0"/>
        <Point X="407" Y="227" T="0" Pressure="0"/>
        <Point X="408" Y="222" T="0" Pressure="0"/>
        <Point X="411" Y="216" T="0" Pressure="0"/>
        <Point X="413" Y="211" T="0" Pressure="0"/>
        <Point X="415" Y="205" T="0" Pressure="0"/>
        <Point X="417" Y="200" T="0" Pressure="0"/>
        <Point X="419" Y="196" T="0" Pressure="0"/>
        <Point X="422" Y="191" T="0" Pressure="0"/>
        <Point X="423" Y="185" T="0" Pressure="0"/>
        <Point X="426" Y="181" T="0" Pressure="0"/>
        <Point X="428" Y="176" T="0" Pressure="0"/>
        <Point X="430" Y="172" T="0" Pressure="0"/>
        <Point X="432" Y="167" T="0" Pressure="0"/>
        <Point X="434" Y="164" T="0" Pressure="0"/>
        <Point X="437" Y="160" T="0" Pressure="0"/>
        <Point X="438" Y="155" T="0" Pressure="0"/>
        <Point X="441" Y="152" T="0" Pressure="0"/>
        <Point X="442" Y="148" T="0" Pressure="0"/>
        <Point X="444" Y="145" T="0" Pressure="0"/>
        <Point X="445" Y="142" T="0" Pressure="0"/>
        <Point X="447" Y="135" T="0" Pressure="0"/>
        <Point X="448" Y="134" T="0" Pressure="0"/>
        <Point X="448" Y="132" T="0" Pressure="0"/>
        <Point X="448" Y="131" T="0" Pressure="0"/>
        <Point X="447" Y="130" T="0" Pressure="0"/>
        <Point X="446" Y="129" T="0" Pressure="0"/>
        <Point X="445" Y="128" T="0" Pressure="0"/>
        <Point X="445" Y="127" T="0" Pressure="0"/>
        <Point X="444" Y="127" T="0" Pressure="0"/>
        <Point X="442" Y="127" T="0" Pressure="0"/>
        <Point X="440" Y="126" T="0" Pressure="0"/>
        <Point X="438" Y="126" T="0" Pressure="0"/>
        <Point X="435" Y="125" T="0" Pressure="0"/>
        <Point X="422" Y="125" T="0" Pressure="0"/>
        <Point X="418" Y="125" T="0" Pressure="0"/>
        <Point X="413" Y="125" T="0" Pressure="0"/>
        <Point X="408" Y="126" T="0" Pressure="0"/>
        <Point X="404" Y="126" T="0" Pressure="0"/>
        <Point X="399" Y="127" T="0" Pressure="0"/>
        <Point X="393" Y="127" T="0" Pressure="0"/>
        <Point X="386" Y="128" T="0" Pressure="0"/>
        <Point X="380" Y="130" T="0" Pressure="0"/>
        <Point X="374" Y="131" T="0" Pressure="0"/>
        <Point X="367" Y="132" T="0" Pressure="0"/>
        <Point X="361" Y="134" T="0" Pressure="0"/>
        <Point X="355" Y="135" T="0" Pressure="0"/>
        <Point X="348" Y="136" T="0" Pressure="0"/>
        <Point X="341" Y="138" T="0" Pressure="0"/>
        <Point X="336" Y="139" T="0" Pressure="0"/>
        <Point X="331" Y="140" T="0" Pressure="0"/>
        <Point X="325" Y="141" T="0" Pressure="0"/>
        <Point X="321" Y="142" T="0" Pressure="0"/>
        <Point X="316" Y="143" T="0" Pressure="0"/>
        <Point X="311" Y="144" T="0" Pressure="0"/>
        <Point X="308" Y="145" T="0" Pressure="0"/>
        <Point X="305" Y="146" T="0" Pressure="0"/>
        <Point X="301" Y="146" T="0" Pressure="0"/>
        <Point X="298" Y="147" T="0" Pressure="0"/>
        <Point X="295" Y="147" T="0" Pressure="0"/>
        <Point X="292" Y="149" T="0" Pressure="0"/>
        <Point X="290" Y="149" T="0" Pressure="0"/>
        <Point X="288" Y="150" T="0" Pressure="0"/>
        <Point X="287" Y="151" T="0" Pressure="0"/>
        <Point X="286" Y="151" T="0" Pressure="0"/>
        <Point X="285" Y="152" T="0" Pressure="0"/>
        <Point X="284" Y="152" T="0" Pressure="0"/>
    </Stroke>
</Gesture>
