<?xml version="1.0" ?>
<Gesture Name="five_point_star~09" Subject="6" Number="9" NumPts="221" InputType="stylus" Speed="MEDIUM">
    <Stroke index="1">
        <Point X="314" Y="357" T="0" Pressure="0"/>
        <Point X="314" Y="356" T="0" Pressure="0"/>
        <Point X="314" Y="355" T="0" Pressure="0"/>
        <Point X="314" Y="353" T="0" Pressure="0"/>
        <Point X="314" Y="351" T="0" Pressure="0"/>
        <Point X="315" Y="349" T="0" Pressure="0"/>
        <Point X="316" Y="347" T="0" Pressure="0"/>
        <Point X="317" Y="344" T="0" Pressure="0"/>
        <Point X="318" Y="340" T="0" Pressure="0"/>
        <Point X="320" Y="336" T="0" Pressure="0"/>
        <Point X="321" Y="333" T="0" Pressure="0"/>
        <Point X="322" Y="328" T="0" Pressure="0"/>
        <Point X="324" Y="325" T="0" Pressure="0"/>
        <Point X="325" Y="321" T="0" Pressure="0"/>
        <Point X="326" Y="316" T="0" Pressure="0"/>
        <Point X="327" Y="311" T="0" Pressure="0"/>
        <Point X="328" Y="306" T="0" Pressure="0"/>
        <Point X="329" Y="301" T="0" Pressure="0"/>
        <Point X="329" Y="297" T="0" Pressure="0"/>
        <Point X="330" Y="291" T="0" Pressure="0"/>
        <Point X="331" Y="286" T="0" Pressure="0"/>
        <Point X="332" Y="281" T="0" Pressure="0"/>
        <Point X="333" Y="276" T="0" Pressure="0"/>
        <Point X="334" Y="271" T="0" Pressure="0"/>
        <Point X="335" Y="266" T="0" Pressure="0"/>
        <Point X="336" Y="261" T="0" Pressure="0"/>
        <Point X="338" Y="256" T="0" Pressure="0"/>
        <Point X="340" Y="252" T="0" Pressure="0"/>
        <Point X="341" Y="247" T="0" Pressure="0"/>
        <Point X="343" Y="242" T="0" Pressure="0"/>
        <Point X="345" Y="239" T="0" Pressure="0"/>
        <Point X="347" Y="234" T="0" Pressure="0"/>
        <Point X="350" Y="231" T="0" Pressure="0"/>
        <Point X="351" Y="227" T="0" Pressure="0"/>
        <Point X="354" Y="224" T="0" Pressure="0"/>
        <Point X="357" Y="220" T="0" Pressure="0"/>
        <Point X="359" Y="216" T="0" Pressure="0"/>
        <Point X="362" Y="214" T="0" Pressure="0"/>
        <Point X="365" Y="210" T="0" Pressure="0"/>
        <Point X="367" Y="207" T="0" Pressure="0"/>
        <Point X="370" Y="205" T="0" Pressure="0"/>
        <Point X="373" Y="202" T="0" Pressure="0"/>
        <Point X="375" Y="201" T="0" Pressure="0"/>
        <Point X="378" Y="199" T="0" Pressure="0"/>
        <Point X="380" Y="197" T="0" Pressure="0"/>
        <Point X="385" Y="195" T="0" Pressure="0"/>
        <Point X="387" Y="195" T="0" Pressure="0"/>
        <Point X="389" Y="195" T="0" Pressure="0"/>
        <Point X="390" Y="195" T="0" Pressure="0"/>
        <Point X="392" Y="195" T="0" Pressure="0"/>
        <Point X="393" Y="196" T="0" Pressure="0"/>
        <Point X="395" Y="197" T="0" Pressure="0"/>
        <Point X="396" Y="199" T="0" Pressure="0"/>
        <Point X="397" Y="201" T="0" Pressure="0"/>
        <Point X="399" Y="203" T="0" Pressure="0"/>
        <Point X="400" Y="206" T="0" Pressure="0"/>
        <Point X="401" Y="209" T="0" Pressure="0"/>
        <Point X="402" Y="213" T="0" Pressure="0"/>
        <Point X="403" Y="216" T="0" Pressure="0"/>
        <Point X="404" Y="221" T="0" Pressure="0"/>
        <Point X="405" Y="225" T="0" Pressure="0"/>
        <Point X="406" Y="229" T="0" Pressure="0"/>
        <Point X="407" Y="234" T="0" Pressure="0"/>
        <Point X="408" Y="239" T="0" Pressure="0"/>
        <Point X="410" Y="244" T="0" Pressure="0"/>
        <Point X="411" Y="249" T="0" Pressure="0"/>
        <Point X="411" Y="254" T="0" Pressure="0"/>
        <Point X="412" Y="259" T="0" Pressure="0"/>
        <Point X="414" Y="265" T="0" Pressure="0"/>
        <Point X="415" Y="271" T="0" Pressure="0"/>
        <Point X="415" Y="276" T="0" Pressure="0"/>
        <Point X="416" Y="281" T="0" Pressure="0"/>
        <Point X="417" Y="286" T="0" Pressure="0"/>
        <Point X="418" Y="291" T="0" Pressure="0"/>
        <Point X="419" Y="296" T="0" Pressure="0"/>
        <Point X="419" Y="301" T="0" Pressure="0"/>
        <Point X="420" Y="305" T="0" Pressure="0"/>
        <Point X="421" Y="310" T="0" Pressure="0"/>
        <Point X="422" Y="314" T="0" Pressure="0"/>
        <Point X="423" Y="318" T="0" Pressure="0"/>
        <Point X="423" Y="322" T="0" Pressure="0"/>
        <Point X="423" Y="326" T="0" Pressure="0"/>
        <Point X="424" Y="329" T="0" Pressure="0"/>
        <Point X="424" Y="332" T="0" Pressure="0"/>
        <Point X="425" Y="335" T="0" Pressure="0"/>
        <Point X="426" Y="338" T="0" Pressure="0"/>
        <Point X="426" Y="340" T="0" Pressure="0"/>
        <Point X="426" Y="343" T="0" Pressure="0"/>
        <Point X="426" Y="345" T="0" Pressure="0"/>
        <Point X="426" Y="347" T="0" Pressure="0"/>
        <Point X="426" Y="348" T="0" Pressure="0"/>
        <Point X="426" Y="349" T="0" Pressure="0"/>
        <Point X="426" Y="350" T="0" Pressure="0"/>
        <Point X="426" Y="351" T="0" Pressure="0"/>
        <Point X="425" Y="352" T="0" Pressure="0"/>
        <Point X="424" Y="352" T="0" Pressure="0"/>
        <Point X="423" Y="352" T="0" Pressure="0"/>
        <Point X="422" Y="352" T="0" Pressure="0"/>
        <Point X="420" Y="352" T="0" Pressure="0"/>
        <Point X="418" Y="352" T="0" Pressure="0"/>
        <Point X="416" Y="351" T="0" Pressure="0"/>
        <Point X="414" Y="350" T="0" Pressure="0"/>
        <Point X="412" Y="349" T="0" Pressure="0"/>
        <Point X="409" Y="347" T="0" Pressure="0"/>
        <Point X="407" Y="345" T="0" Pressure="0"/>
        <Point X="404" Y="343" T="0" Pressure="0"/>
        <Point X="401" Y="340" T="0" Pressure="0"/>
        <Point X="399" Y="338" T="0" Pressure="0"/>
        <Point X="396" Y="335" T="0" Pressure="0"/>
        <Point X="392" Y="332" T="0" Pressure="0"/>
        <Point X="389" Y="329" T="0" Pressure="0"/>
        <Point X="385" Y="327" T="0" Pressure="0"/>
        <Point X="382" Y="324" T="0" Pressure="0"/>
        <Point X="378" Y="321" T="0" Pressure="0"/>
        <Point X="374" Y="318" T="0" Pressure="0"/>
        <Point X="370" Y="314" T="0" Pressure="0"/>
        <Point X="366" Y="311" T="0" Pressure="0"/>
        <Point X="362" Y="309" T="0" Pressure="0"/>
        <Point X="357" Y="305" T="0" Pressure="0"/>
        <Point X="352" Y="302" T="0" Pressure="0"/>
        <Point X="347" Y="300" T="0" Pressure="0"/>
        <Point X="343" Y="297" T="0" Pressure="0"/>
        <Point X="338" Y="295" T="0" Pressure="0"/>
        <Point X="334" Y="293" T="0" Pressure="0"/>
        <Point X="329" Y="291" T="0" Pressure="0"/>
        <Point X="325" Y="289" T="0" Pressure="0"/>
        <Point X="321" Y="287" T="0" Pressure="0"/>
        <Point X="316" Y="285" T="0" Pressure="0"/>
        <Point X="312" Y="284" T="0" Pressure="0"/>
        <Point X="309" Y="282" T="0" Pressure="0"/>
        <Point X="305" Y="281" T="0" Pressure="0"/>
        <Point X="302" Y="280" T="0" Pressure="0"/>
        <Point X="299" Y="279" T="0" Pressure="0"/>
        <Point X="295" Y="278" T="0" Pressure="0"/>
        <Point X="294" Y="277" T="0" Pressure="0"/>
        <Point X="291" Y="276" T="0" Pressure="0"/>
        <Point X="290" Y="276" T="0" Pressure="0"/>
        <Point X="288" Y="275" T="0" Pressure="0"/>
        <Point X="287" Y="275" T="0" Pressure="0"/>
        <Point X="286" Y="274" T="0" Pressure="0"/>
        <Point X="286" Y="273" T="0" Pressure="0"/>
        <Point X="286" Y="272" T="0" Pressure="0"/>
        <Point X="286" Y="271" T="0" Pressure="0"/>
        <Point X="287" Y="270" T="0" Pressure="0"/>
        <Point X="288" Y="269" T="0" Pressure="0"/>
        <Point X="290" Y="268" T="0" Pressure="0"/>
        <Point X="292" Y="266" T="0" Pressure="0"/>
        <Point X="295" Y="265" T="0" Pressure="0"/>
        <Point X="298" Y="264" T="0" Pressure="0"/>
        <Point X="302" Y="262" T="0" Pressure="0"/>
        <Point X="306" Y="260" T="0" Pressure="0"/>
        <Point X="316" Y="256" T="0" Pressure="0"/>
        <Point X="321" Y="255" T="0" Pressure="0"/>
        <Point X="326" Y="253" T="0" Pressure="0"/>
        <Point X="332" Y="251" T="0" Pressure="0"/>
        <Point X="340" Y="249" T="0" Pressure="0"/>
        <Point X="346" Y="247" T="0" Pressure="0"/>
        <Point X="352" Y="246" T="0" Pressure="0"/>
        <Point X="359" Y="244" T="0" Pressure="0"/>
        <Point X="366" Y="242" T="0" Pressure="0"/>
        <Point X="373" Y="241" T="0" Pressure="0"/>
        <Point X="380" Y="240" T="0" Pressure="0"/>
        <Point X="386" Y="238" T="0" Pressure="0"/>
        <Point X="392" Y="237" T="0" Pressure="0"/>
        <Point X="397" Y="236" T="0" Pressure="0"/>
        <Point X="415" Y="233" T="0" Pressure="0"/>
        <Point X="420" Y="232" T="0" Pressure="0"/>
        <Point X="424" Y="231" T="0" Pressure="0"/>
        <Point X="429" Y="231" T="0" Pressure="0"/>
        <Point X="433" Y="231" T="0" Pressure="0"/>
        <Point X="437" Y="230" T="0" Pressure="0"/>
        <Point X="441" Y="230" T="0" Pressure="0"/>
        <Point X="444" Y="230" T="0" Pressure="0"/>
        <Point X="446" Y="230" T="0" Pressure="0"/>
        <Point X="449" Y="230" T="0" Pressure="0"/>
        <Point X="450" Y="231" T="0" Pressure="0"/>
        <Point X="452" Y="231" T="0" Pressure="0"/>
        <Point X="453" Y="232" T="0" Pressure="0"/>
        <Point X="454" Y="233" T="0" Pressure="0"/>
        <Point X="455" Y="234" T="0" Pressure="0"/>
        <Point X="455" Y="235" T="0" Pressure="0"/>
        <Point X="455" Y="236" T="0" Pressure="0"/>
        <Point X="455" Y="238" T="0" Pressure="0"/>
        <Point X="454" Y="240" T="0" Pressure="0"/>
        <Point X="453" Y="242" T="0" Pressure="0"/>
        <Point X="450" Y="245" T="0" Pressure="0"/>
        <Point X="449" Y="247" T="0" Pressure="0"/>
        <Point X="445" Y="250" T="0" Pressure="0"/>
        <Point X="442" Y="253" T="0" Pressure="0"/>
        <Point X="435" Y="260" T="0" Pressure="0"/>
        <Point X="430" Y="264" T="0" Pressure="0"/>
        <Point X="426" Y="267" T="0" Pressure="0"/>
        <Point X="422" Y="271" T="0" Pressure="0"/>
        <Point X="417" Y="275" T="0" Pressure="0"/>
        <Point X="411" Y="278" T="0" Pressure="0"/>
        <Point X="407" Y="282" T="0" Pressure="0"/>
        <Point X="401" Y="285" T="0" Pressure="0"/>
        <Point X="396" Y="290" T="0" Pressure="0"/>
        <Point X="390" Y="294" T="0" Pressure="0"/>
        <Point X="385" Y="297" T="0" Pressure="0"/>
        <Point X="378" Y="301" T="0" Pressure="0"/>
        <Point X="374" Y="305" T="0" Pressure="0"/>
        <Point X="368" Y="309" T="0" Pressure="0"/>
        <Point X="363" Y="312" T="0" Pressure="0"/>
        <Point X="358" Y="315" T="0" Pressure="0"/>
        <Point X="354" Y="319" T="0" Pressure="0"/>
        <Point X="348" Y="323" T="0" Pressure="0"/>
        <Point X="345" Y="325" T="0" Pressure="0"/>
        <Point X="341" Y="327" T="0" Pressure="0"/>
        <Point X="338" Y="330" T="0" Pressure="0"/>
        <Point X="335" Y="332" T="0" Pressure="0"/>
        <Point X="332" Y="334" T="0" Pressure="0"/>
        <Point X="330" Y="336" T="0" Pressure="0"/>
        <Point X="328" Y="338" T="0" Pressure="0"/>
        <Point X="327" Y="339" T="0" Pressure="0"/>
        <Point X="325" Y="340" T="0" Pressure="0"/>
        <Point X="324" Y="341" T="0" Pressure="0"/>
        <Point X="324" Y="342" T="0" Pressure="0"/>
        <Point X="324" Y="343" T="0" Pressure="0"/>
        <Point X="325" Y="343" T="0" Pressure="0"/>
        <Point X="326" Y="343" T="0" Pressure="0"/>
    </Stroke>
</Gesture>
