<?xml version="1.0" ?>
<Gesture Name="H~03" Subject="6" Number="3" NumPts="118" InputType="stylus" Speed="MEDIUM">
    <Stroke index="1">
        <Point X="306" Y="96" T="0" Pressure="0"/>
        <Point X="305" Y="97" T="0" Pressure="0"/>
        <Point X="304" Y="97" T="0" Pressure="0"/>
        <Point X="303" Y="97" T="0" Pressure="0"/>
        <Point X="303" Y="98" T="0" Pressure="0"/>
        <Point X="303" Y="99" T="0" Pressure="0"/>
        <Point X="303" Y="101" T="0" Pressure="0"/>
        <Point X="303" Y="102" T="0" Pressure="0"/>
        <Point X="303" Y="105" T="0" Pressure="0"/>
        <Point X="302" Y="109" T="0" Pressure="0"/>
        <Point X="302" Y="112" T="0" Pressure="0"/>
        <Point X="302" Y="116" T="0" Pressure="0"/>
        <Point X="302" Y="122" T="0" Pressure="0"/>
        <Point X="302" Y="127" T="0" Pressure="0"/>
        <Point X="302" Y="131" T="0" Pressure="0"/>
        <Point X="302" Y="138" T="0" Pressure="0"/>
        <Point X="302" Y="144" T="0" Pressure="0"/>
        <Point X="302" Y="150" T="0" Pressure="0"/>
        <Point X="302" Y="156" T="0" Pressure="0"/>
        <Point X="302" Y="162" T="0" Pressure="0"/>
        <Point X="302" Y="170" T="0" Pressure="0"/>
        <Point X="302" Y="177" T="0" Pressure="0"/>
        <Point X="301" Y="191" T="0" Pressure="0"/>
        <Point X="299" Y="198" T="0" Pressure="0"/>
        <Point X="299" Y="205" T="0" Pressure="0"/>
        <Point X="299" Y="212" T="0" Pressure="0"/>
        <Point X="298" Y="220" T="0" Pressure="0"/>
        <Point X="298" Y="225" T="0" Pressure="0"/>
        <Point X="297" Y="231" T="0" Pressure="0"/>
        <Point X="296" Y="236" T="0" Pressure="0"/>
        <Point X="296" Y="242" T="0" Pressure="0"/>
        <Point X="295" Y="247" T="0" Pressure="0"/>
        <Point X="295" Y="252" T="0" Pressure="0"/>
        <Point X="293" Y="260" T="0" Pressure="0"/>
        <Point X="292" Y="264" T="0" Pressure="0"/>
        <Point X="291" Y="268" T="0" Pressure="0"/>
        <Point X="291" Y="271" T="0" Pressure="0"/>
        <Point X="290" Y="275" T="0" Pressure="0"/>
        <Point X="290" Y="277" T="0" Pressure="0"/>
        <Point X="288" Y="279" T="0" Pressure="0"/>
        <Point X="288" Y="282" T="0" Pressure="0"/>
        <Point X="287" Y="284" T="0" Pressure="0"/>
        <Point X="287" Y="285" T="0" Pressure="0"/>
        <Point X="286" Y="287" T="0" Pressure="0"/>
        <Point X="286" Y="289" T="0" Pressure="0"/>
        <Point X="285" Y="289" T="0" Pressure="0"/>
        <Point X="285" Y="290" T="0" Pressure="0"/>
        <Point X="284" Y="290" T="0" Pressure="0"/>
    </Stroke>
    <Stroke index="2">
        <Point X="297" Y="195" T="0" Pressure="0"/>
        <Point X="297" Y="192" T="0" Pressure="0"/>
        <Point X="297" Y="191" T="0" Pressure="0"/>
        <Point X="298" Y="190" T="0" Pressure="0"/>
        <Point X="299" Y="190" T="0" Pressure="0"/>
        <Point X="302" Y="188" T="0" Pressure="0"/>
        <Point X="306" Y="188" T="0" Pressure="0"/>
        <Point X="313" Y="189" T="0" Pressure="0"/>
        <Point X="316" Y="189" T="0" Pressure="0"/>
        <Point X="320" Y="189" T="0" Pressure="0"/>
        <Point X="329" Y="189" T="0" Pressure="0"/>
        <Point X="333" Y="189" T="0" Pressure="0"/>
        <Point X="338" Y="189" T="0" Pressure="0"/>
        <Point X="349" Y="188" T="0" Pressure="0"/>
        <Point X="354" Y="188" T="0" Pressure="0"/>
        <Point X="359" Y="187" T="0" Pressure="0"/>
        <Point X="368" Y="186" T="0" Pressure="0"/>
        <Point X="373" Y="186" T="0" Pressure="0"/>
        <Point X="378" Y="185" T="0" Pressure="0"/>
        <Point X="386" Y="184" T="0" Pressure="0"/>
        <Point X="390" Y="184" T="0" Pressure="0"/>
        <Point X="394" Y="184" T="0" Pressure="0"/>
        <Point X="401" Y="182" T="0" Pressure="0"/>
        <Point X="404" Y="182" T="0" Pressure="0"/>
        <Point X="407" Y="181" T="0" Pressure="0"/>
        <Point X="412" Y="181" T="0" Pressure="0"/>
        <Point X="415" Y="181" T="0" Pressure="0"/>
        <Point X="417" Y="180" T="0" Pressure="0"/>
        <Point X="419" Y="180" T="0" Pressure="0"/>
        <Point X="421" Y="180" T="0" Pressure="0"/>
        <Point X="425" Y="179" T="0" Pressure="0"/>
    </Stroke>
    <Stroke index="3">
        <Point X="437" Y="96" T="0" Pressure="0"/>
        <Point X="436" Y="95" T="0" Pressure="0"/>
        <Point X="436" Y="96" T="0" Pressure="0"/>
        <Point X="436" Y="98" T="0" Pressure="0"/>
        <Point X="436" Y="105" T="0" Pressure="0"/>
        <Point X="437" Y="109" T="0" Pressure="0"/>
        <Point X="437" Y="113" T="0" Pressure="0"/>
        <Point X="437" Y="123" T="0" Pressure="0"/>
        <Point X="437" Y="135" T="0" Pressure="0"/>
        <Point X="437" Y="147" T="0" Pressure="0"/>
        <Point X="437" Y="154" T="0" Pressure="0"/>
        <Point X="436" Y="167" T="0" Pressure="0"/>
        <Point X="435" Y="176" T="0" Pressure="0"/>
        <Point X="435" Y="182" T="0" Pressure="0"/>
        <Point X="434" Y="189" T="0" Pressure="0"/>
        <Point X="433" Y="204" T="0" Pressure="0"/>
        <Point X="433" Y="211" T="0" Pressure="0"/>
        <Point X="432" Y="220" T="0" Pressure="0"/>
        <Point X="431" Y="233" T="0" Pressure="0"/>
        <Point X="430" Y="247" T="0" Pressure="0"/>
        <Point X="430" Y="259" T="0" Pressure="0"/>
        <Point X="430" Y="264" T="0" Pressure="0"/>
        <Point X="430" Y="268" T="0" Pressure="0"/>
        <Point X="430" Y="276" T="0" Pressure="0"/>
        <Point X="430" Y="278" T="0" Pressure="0"/>
        <Point X="431" Y="281" T="0" Pressure="0"/>
        <Point X="432" Y="285" T="0" Pressure="0"/>
        <Point X="433" Y="287" T="0" Pressure="0"/>
        <Point X="434" Y="289" T="0" Pressure="0"/>
        <Point X="434" Y="290" T="0" Pressure="0"/>
        <Point X="435" Y="291" T="0" Pressure="0"/>
        <Point X="436" Y="291" T="0" Pressure="0"/>
        <Point X="437" Y="291" T="0" Pressure="0"/>
        <Point X="437" Y="292" T="0" Pressure="0"/>
        <Point X="438" Y="292" T="0" Pressure="0"/>
        <Point X="438" Y="291" T="0" Pressure="0"/>
        <Point X="439" Y="291" T="0" Pressure="0"/>
        <Point X="439" Y="290" T="0" Pressure="0"/>
        <Point X="441" Y="290" T="0" Pressure="0"/>
    </Stroke>
</Gesture>
