<?xml version="1.0" ?>
<Gesture Name="arrowhead~07" Subject="6" Number="7" NumPts="97" InputType="stylus" Speed="MEDIUM">
    <Stroke index="1">
        <Point X="243" Y="228" T="0" Pressure="0"/>
        <Point X="247" Y="226" T="0" Pressure="0"/>
        <Point X="249" Y="225" T="0" Pressure="0"/>
        <Point X="251" Y="224" T="0" Pressure="0"/>
        <Point X="253" Y="223" T="0" Pressure="0"/>
        <Point X="257" Y="222" T="0" Pressure="0"/>
        <Point X="261" Y="222" T="0" Pressure="0"/>
        <Point X="265" Y="222" T="0" Pressure="0"/>
        <Point X="269" Y="222" T="0" Pressure="0"/>
        <Point X="274" Y="222" T="0" Pressure="0"/>
        <Point X="279" Y="222" T="0" Pressure="0"/>
        <Point X="284" Y="222" T="0" Pressure="0"/>
        <Point X="291" Y="222" T="0" Pressure="0"/>
        <Point X="297" Y="221" T="0" Pressure="0"/>
        <Point X="302" Y="221" T="0" Pressure="0"/>
        <Point X="309" Y="221" T="0" Pressure="0"/>
        <Point X="329" Y="221" T="0" Pressure="0"/>
        <Point X="337" Y="221" T="0" Pressure="0"/>
        <Point X="344" Y="221" T="0" Pressure="0"/>
        <Point X="365" Y="222" T="0" Pressure="0"/>
        <Point X="372" Y="222" T="0" Pressure="0"/>
        <Point X="380" Y="222" T="0" Pressure="0"/>
        <Point X="386" Y="222" T="0" Pressure="0"/>
        <Point X="393" Y="222" T="0" Pressure="0"/>
        <Point X="400" Y="222" T="0" Pressure="0"/>
        <Point X="407" Y="223" T="0" Pressure="0"/>
        <Point X="414" Y="223" T="0" Pressure="0"/>
        <Point X="421" Y="223" T="0" Pressure="0"/>
        <Point X="427" Y="223" T="0" Pressure="0"/>
        <Point X="439" Y="224" T="0" Pressure="0"/>
        <Point X="445" Y="224" T="0" Pressure="0"/>
        <Point X="450" Y="224" T="0" Pressure="0"/>
        <Point X="465" Y="224" T="0" Pressure="0"/>
        <Point X="469" Y="224" T="0" Pressure="0"/>
        <Point X="473" Y="224" T="0" Pressure="0"/>
        <Point X="476" Y="224" T="0" Pressure="0"/>
        <Point X="480" Y="225" T="0" Pressure="0"/>
        <Point X="483" Y="225" T="0" Pressure="0"/>
        <Point X="486" Y="225" T="0" Pressure="0"/>
        <Point X="488" Y="225" T="0" Pressure="0"/>
        <Point X="490" Y="226" T="0" Pressure="0"/>
        <Point X="492" Y="226" T="0" Pressure="0"/>
        <Point X="494" Y="226" T="0" Pressure="0"/>
        <Point X="495" Y="226" T="0" Pressure="0"/>
        <Point X="496" Y="226" T="0" Pressure="0"/>
        <Point X="497" Y="226" T="0" Pressure="0"/>
        <Point X="498" Y="226" T="0" Pressure="0"/>
        <Point X="499" Y="225" T="0" Pressure="0"/>
        <Point X="499" Y="224" T="0" Pressure="0"/>
    </Stroke>
    <Stroke index="2">
        <Point X="407" Y="153" T="0" Pressure="0"/>
        <Point X="405" Y="153" T="0" Pressure="0"/>
        <Point X="405" Y="152" T="0" Pressure="0"/>
        <Point X="404" Y="152" T="0" Pressure="0"/>
        <Point X="405" Y="152" T="0" Pressure="0"/>
        <Point X="407" Y="153" T="0" Pressure="0"/>
        <Point X="408" Y="153" T="0" Pressure="0"/>
        <Point X="411" Y="156" T="0" Pressure="0"/>
        <Point X="412" Y="157" T="0" Pressure="0"/>
        <Point X="414" Y="158" T="0" Pressure="0"/>
        <Point X="419" Y="160" T="0" Pressure="0"/>
        <Point X="422" Y="162" T="0" Pressure="0"/>
        <Point X="425" Y="164" T="0" Pressure="0"/>
        <Point X="433" Y="167" T="0" Pressure="0"/>
        <Point X="438" Y="170" T="0" Pressure="0"/>
        <Point X="442" Y="172" T="0" Pressure="0"/>
        <Point X="448" Y="174" T="0" Pressure="0"/>
        <Point X="452" Y="176" T="0" Pressure="0"/>
        <Point X="461" Y="180" T="0" Pressure="0"/>
        <Point X="469" Y="184" T="0" Pressure="0"/>
        <Point X="474" Y="186" T="0" Pressure="0"/>
        <Point X="478" Y="188" T="0" Pressure="0"/>
        <Point X="484" Y="192" T="0" Pressure="0"/>
        <Point X="487" Y="194" T="0" Pressure="0"/>
        <Point X="490" Y="197" T="0" Pressure="0"/>
        <Point X="494" Y="202" T="0" Pressure="0"/>
        <Point X="497" Y="204" T="0" Pressure="0"/>
        <Point X="498" Y="207" T="0" Pressure="0"/>
        <Point X="499" Y="209" T="0" Pressure="0"/>
        <Point X="500" Y="219" T="0" Pressure="0"/>
        <Point X="498" Y="225" T="0" Pressure="0"/>
        <Point X="497" Y="228" T="0" Pressure="0"/>
        <Point X="495" Y="231" T="0" Pressure="0"/>
        <Point X="490" Y="238" T="0" Pressure="0"/>
        <Point X="487" Y="241" T="0" Pressure="0"/>
        <Point X="483" Y="245" T="0" Pressure="0"/>
        <Point X="476" Y="252" T="0" Pressure="0"/>
        <Point X="472" Y="255" T="0" Pressure="0"/>
        <Point X="469" Y="259" T="0" Pressure="0"/>
        <Point X="461" Y="266" T="0" Pressure="0"/>
        <Point X="457" Y="270" T="0" Pressure="0"/>
        <Point X="453" Y="273" T="0" Pressure="0"/>
        <Point X="445" Y="281" T="0" Pressure="0"/>
        <Point X="441" Y="285" T="0" Pressure="0"/>
        <Point X="437" Y="290" T="0" Pressure="0"/>
        <Point X="429" Y="299" T="0" Pressure="0"/>
        <Point X="424" Y="303" T="0" Pressure="0"/>
        <Point X="422" Y="308" T="0" Pressure="0"/>
    </Stroke>
</Gesture>
