<?xml version="1.0" ?>
<Gesture Name="half_note~02" Subject="6" Number="2" NumPts="135" InputType="stylus" Speed="MEDIUM">
    <Stroke index="1">
        <Point X="420" Y="52" T="0" Pressure="0"/>
        <Point X="420" Y="55" T="0" Pressure="0"/>
        <Point X="420" Y="57" T="0" Pressure="0"/>
        <Point X="419" Y="58" T="0" Pressure="0"/>
        <Point X="419" Y="60" T="0" Pressure="0"/>
        <Point X="419" Y="62" T="0" Pressure="0"/>
        <Point X="419" Y="65" T="0" Pressure="0"/>
        <Point X="419" Y="68" T="0" Pressure="0"/>
        <Point X="419" Y="71" T="0" Pressure="0"/>
        <Point X="419" Y="85" T="0" Pressure="0"/>
        <Point X="420" Y="90" T="0" Pressure="0"/>
        <Point X="420" Y="96" T="0" Pressure="0"/>
        <Point X="420" Y="102" T="0" Pressure="0"/>
        <Point X="420" Y="108" T="0" Pressure="0"/>
        <Point X="421" Y="114" T="0" Pressure="0"/>
        <Point X="421" Y="120" T="0" Pressure="0"/>
        <Point X="421" Y="127" T="0" Pressure="0"/>
        <Point X="421" Y="132" T="0" Pressure="0"/>
        <Point X="421" Y="140" T="0" Pressure="0"/>
        <Point X="422" Y="153" T="0" Pressure="0"/>
        <Point X="422" Y="160" T="0" Pressure="0"/>
        <Point X="422" Y="181" T="0" Pressure="0"/>
        <Point X="422" Y="189" T="0" Pressure="0"/>
        <Point X="422" Y="195" T="0" Pressure="0"/>
        <Point X="422" Y="202" T="0" Pressure="0"/>
        <Point X="422" Y="208" T="0" Pressure="0"/>
        <Point X="422" Y="214" T="0" Pressure="0"/>
        <Point X="422" Y="221" T="0" Pressure="0"/>
        <Point X="421" Y="227" T="0" Pressure="0"/>
        <Point X="421" Y="232" T="0" Pressure="0"/>
        <Point X="421" Y="236" T="0" Pressure="0"/>
        <Point X="421" Y="241" T="0" Pressure="0"/>
        <Point X="420" Y="246" T="0" Pressure="0"/>
        <Point X="420" Y="250" T="0" Pressure="0"/>
        <Point X="419" Y="255" T="0" Pressure="0"/>
        <Point X="418" Y="261" T="0" Pressure="0"/>
        <Point X="417" Y="264" T="0" Pressure="0"/>
        <Point X="417" Y="267" T="0" Pressure="0"/>
        <Point X="417" Y="270" T="0" Pressure="0"/>
        <Point X="417" Y="271" T="0" Pressure="0"/>
        <Point X="417" Y="273" T="0" Pressure="0"/>
        <Point X="417" Y="275" T="0" Pressure="0"/>
        <Point X="417" Y="276" T="0" Pressure="0"/>
        <Point X="417" Y="277" T="0" Pressure="0"/>
    </Stroke>
    <Stroke index="2">
        <Point X="417" Y="264" T="0" Pressure="0"/>
        <Point X="415" Y="262" T="0" Pressure="0"/>
        <Point X="414" Y="262" T="0" Pressure="0"/>
        <Point X="414" Y="261" T="0" Pressure="0"/>
        <Point X="413" Y="260" T="0" Pressure="0"/>
        <Point X="413" Y="259" T="0" Pressure="0"/>
        <Point X="412" Y="259" T="0" Pressure="0"/>
        <Point X="411" Y="258" T="0" Pressure="0"/>
        <Point X="411" Y="257" T="0" Pressure="0"/>
        <Point X="411" Y="256" T="0" Pressure="0"/>
        <Point X="410" Y="254" T="0" Pressure="0"/>
        <Point X="410" Y="252" T="0" Pressure="0"/>
        <Point X="409" Y="250" T="0" Pressure="0"/>
        <Point X="408" Y="249" T="0" Pressure="0"/>
        <Point X="407" Y="247" T="0" Pressure="0"/>
        <Point X="406" Y="245" T="0" Pressure="0"/>
        <Point X="405" Y="244" T="0" Pressure="0"/>
        <Point X="403" Y="242" T="0" Pressure="0"/>
        <Point X="402" Y="240" T="0" Pressure="0"/>
        <Point X="400" Y="239" T="0" Pressure="0"/>
        <Point X="398" Y="237" T="0" Pressure="0"/>
        <Point X="396" Y="235" T="0" Pressure="0"/>
        <Point X="392" Y="232" T="0" Pressure="0"/>
        <Point X="390" Y="231" T="0" Pressure="0"/>
        <Point X="388" Y="230" T="0" Pressure="0"/>
        <Point X="386" Y="229" T="0" Pressure="0"/>
        <Point X="383" Y="227" T="0" Pressure="0"/>
        <Point X="381" Y="227" T="0" Pressure="0"/>
        <Point X="376" Y="225" T="0" Pressure="0"/>
        <Point X="374" Y="224" T="0" Pressure="0"/>
        <Point X="372" Y="224" T="0" Pressure="0"/>
        <Point X="369" Y="223" T="0" Pressure="0"/>
        <Point X="368" Y="222" T="0" Pressure="0"/>
        <Point X="365" Y="222" T="0" Pressure="0"/>
        <Point X="363" Y="222" T="0" Pressure="0"/>
        <Point X="358" Y="223" T="0" Pressure="0"/>
        <Point X="356" Y="224" T="0" Pressure="0"/>
        <Point X="353" Y="224" T="0" Pressure="0"/>
        <Point X="352" Y="225" T="0" Pressure="0"/>
        <Point X="349" Y="227" T="0" Pressure="0"/>
        <Point X="347" Y="228" T="0" Pressure="0"/>
        <Point X="345" Y="230" T="0" Pressure="0"/>
        <Point X="342" Y="232" T="0" Pressure="0"/>
        <Point X="340" Y="234" T="0" Pressure="0"/>
        <Point X="338" Y="236" T="0" Pressure="0"/>
        <Point X="336" Y="239" T="0" Pressure="0"/>
        <Point X="334" Y="242" T="0" Pressure="0"/>
        <Point X="332" Y="246" T="0" Pressure="0"/>
        <Point X="331" Y="250" T="0" Pressure="0"/>
        <Point X="330" Y="253" T="0" Pressure="0"/>
        <Point X="327" Y="260" T="0" Pressure="0"/>
        <Point X="327" Y="264" T="0" Pressure="0"/>
        <Point X="326" Y="268" T="0" Pressure="0"/>
        <Point X="326" Y="272" T="0" Pressure="0"/>
        <Point X="326" Y="276" T="0" Pressure="0"/>
        <Point X="326" Y="279" T="0" Pressure="0"/>
        <Point X="326" Y="282" T="0" Pressure="0"/>
        <Point X="326" Y="285" T="0" Pressure="0"/>
        <Point X="326" Y="288" T="0" Pressure="0"/>
        <Point X="327" Y="291" T="0" Pressure="0"/>
        <Point X="328" Y="294" T="0" Pressure="0"/>
        <Point X="331" Y="297" T="0" Pressure="0"/>
        <Point X="332" Y="299" T="0" Pressure="0"/>
        <Point X="334" Y="301" T="0" Pressure="0"/>
        <Point X="335" Y="302" T="0" Pressure="0"/>
        <Point X="338" Y="303" T="0" Pressure="0"/>
        <Point X="339" Y="304" T="0" Pressure="0"/>
        <Point X="342" Y="304" T="0" Pressure="0"/>
        <Point X="345" Y="305" T="0" Pressure="0"/>
        <Point X="347" Y="305" T="0" Pressure="0"/>
        <Point X="350" Y="305" T="0" Pressure="0"/>
        <Point X="353" Y="305" T="0" Pressure="0"/>
        <Point X="360" Y="303" T="0" Pressure="0"/>
        <Point X="363" Y="302" T="0" Pressure="0"/>
        <Point X="367" Y="301" T="0" Pressure="0"/>
        <Point X="371" Y="300" T="0" Pressure="0"/>
        <Point X="374" Y="298" T="0" Pressure="0"/>
        <Point X="377" Y="297" T="0" Pressure="0"/>
        <Point X="381" Y="295" T="0" Pressure="0"/>
        <Point X="385" Y="294" T="0" Pressure="0"/>
        <Point X="389" Y="292" T="0" Pressure="0"/>
        <Point X="394" Y="290" T="0" Pressure="0"/>
        <Point X="396" Y="289" T="0" Pressure="0"/>
        <Point X="400" Y="287" T="0" Pressure="0"/>
        <Point X="403" Y="286" T="0" Pressure="0"/>
        <Point X="406" Y="284" T="0" Pressure="0"/>
        <Point X="410" Y="283" T="0" Pressure="0"/>
        <Point X="413" Y="281" T="0" Pressure="0"/>
        <Point X="416" Y="281" T="0" Pressure="0"/>
        <Point X="418" Y="280" T="0" Pressure="0"/>
        <Point X="420" Y="279" T="0" Pressure="0"/>
    </Stroke>
</Gesture>
