<?xml version="1.0" ?>
<Gesture Name="null~08" Subject="6" Number="8" NumPts="171" InputType="stylus" Speed="MEDIUM">
    <Stroke index="1">
        <Point X="339" Y="125" T="0" Pressure="0"/>
        <Point X="335" Y="125" T="0" Pressure="0"/>
        <Point X="332" Y="125" T="0" Pressure="0"/>
        <Point X="331" Y="127" T="0" Pressure="0"/>
        <Point X="329" Y="129" T="0" Pressure="0"/>
        <Point X="327" Y="132" T="0" Pressure="0"/>
        <Point X="325" Y="136" T="0" Pressure="0"/>
        <Point X="324" Y="141" T="0" Pressure="0"/>
        <Point X="322" Y="146" T="0" Pressure="0"/>
        <Point X="321" Y="150" T="0" Pressure="0"/>
        <Point X="320" Y="155" T="0" Pressure="0"/>
        <Point X="319" Y="160" T="0" Pressure="0"/>
        <Point X="318" Y="165" T="0" Pressure="0"/>
        <Point X="317" Y="176" T="0" Pressure="0"/>
        <Point X="317" Y="180" T="0" Pressure="0"/>
        <Point X="317" Y="186" T="0" Pressure="0"/>
        <Point X="317" Y="191" T="0" Pressure="0"/>
        <Point X="317" Y="197" T="0" Pressure="0"/>
        <Point X="316" Y="204" T="0" Pressure="0"/>
        <Point X="316" Y="210" T="0" Pressure="0"/>
        <Point X="316" Y="216" T="0" Pressure="0"/>
        <Point X="317" Y="222" T="0" Pressure="0"/>
        <Point X="317" Y="228" T="0" Pressure="0"/>
        <Point X="318" Y="234" T="0" Pressure="0"/>
        <Point X="319" Y="241" T="0" Pressure="0"/>
        <Point X="321" Y="247" T="0" Pressure="0"/>
        <Point X="321" Y="252" T="0" Pressure="0"/>
        <Point X="324" Y="257" T="0" Pressure="0"/>
        <Point X="325" Y="262" T="0" Pressure="0"/>
        <Point X="327" Y="267" T="0" Pressure="0"/>
        <Point X="329" Y="272" T="0" Pressure="0"/>
        <Point X="332" Y="277" T="0" Pressure="0"/>
        <Point X="335" Y="281" T="0" Pressure="0"/>
        <Point X="337" Y="285" T="0" Pressure="0"/>
        <Point X="340" Y="290" T="0" Pressure="0"/>
        <Point X="343" Y="294" T="0" Pressure="0"/>
        <Point X="346" Y="298" T="0" Pressure="0"/>
        <Point X="350" Y="301" T="0" Pressure="0"/>
        <Point X="353" Y="303" T="0" Pressure="0"/>
        <Point X="357" Y="306" T="0" Pressure="0"/>
        <Point X="360" Y="308" T="0" Pressure="0"/>
        <Point X="364" Y="310" T="0" Pressure="0"/>
        <Point X="368" Y="311" T="0" Pressure="0"/>
        <Point X="372" Y="313" T="0" Pressure="0"/>
        <Point X="375" Y="314" T="0" Pressure="0"/>
        <Point X="379" Y="315" T="0" Pressure="0"/>
        <Point X="382" Y="315" T="0" Pressure="0"/>
        <Point X="386" Y="315" T="0" Pressure="0"/>
        <Point X="390" Y="315" T="0" Pressure="0"/>
        <Point X="393" Y="315" T="0" Pressure="0"/>
        <Point X="397" Y="314" T="0" Pressure="0"/>
        <Point X="401" Y="313" T="0" Pressure="0"/>
        <Point X="404" Y="311" T="0" Pressure="0"/>
        <Point X="408" Y="309" T="0" Pressure="0"/>
        <Point X="411" Y="308" T="0" Pressure="0"/>
        <Point X="415" Y="305" T="0" Pressure="0"/>
        <Point X="419" Y="303" T="0" Pressure="0"/>
        <Point X="422" Y="301" T="0" Pressure="0"/>
        <Point X="424" Y="299" T="0" Pressure="0"/>
        <Point X="427" Y="296" T="0" Pressure="0"/>
        <Point X="430" Y="294" T="0" Pressure="0"/>
        <Point X="433" Y="291" T="0" Pressure="0"/>
        <Point X="435" Y="288" T="0" Pressure="0"/>
        <Point X="438" Y="285" T="0" Pressure="0"/>
        <Point X="440" Y="282" T="0" Pressure="0"/>
        <Point X="442" Y="279" T="0" Pressure="0"/>
        <Point X="445" Y="276" T="0" Pressure="0"/>
        <Point X="447" Y="273" T="0" Pressure="0"/>
        <Point X="449" Y="268" T="0" Pressure="0"/>
        <Point X="451" Y="264" T="0" Pressure="0"/>
        <Point X="453" Y="259" T="0" Pressure="0"/>
        <Point X="455" Y="255" T="0" Pressure="0"/>
        <Point X="456" Y="250" T="0" Pressure="0"/>
        <Point X="457" Y="245" T="0" Pressure="0"/>
        <Point X="459" Y="239" T="0" Pressure="0"/>
        <Point X="460" Y="234" T="0" Pressure="0"/>
        <Point X="460" Y="228" T="0" Pressure="0"/>
        <Point X="460" Y="223" T="0" Pressure="0"/>
        <Point X="460" Y="217" T="0" Pressure="0"/>
        <Point X="460" Y="211" T="0" Pressure="0"/>
        <Point X="460" Y="205" T="0" Pressure="0"/>
        <Point X="459" Y="201" T="0" Pressure="0"/>
        <Point X="458" Y="195" T="0" Pressure="0"/>
        <Point X="456" Y="190" T="0" Pressure="0"/>
        <Point X="455" Y="184" T="0" Pressure="0"/>
        <Point X="453" Y="179" T="0" Pressure="0"/>
        <Point X="451" Y="174" T="0" Pressure="0"/>
        <Point X="449" Y="169" T="0" Pressure="0"/>
        <Point X="446" Y="165" T="0" Pressure="0"/>
        <Point X="443" Y="160" T="0" Pressure="0"/>
        <Point X="440" Y="156" T="0" Pressure="0"/>
        <Point X="437" Y="152" T="0" Pressure="0"/>
        <Point X="433" Y="148" T="0" Pressure="0"/>
        <Point X="430" Y="145" T="0" Pressure="0"/>
        <Point X="426" Y="141" T="0" Pressure="0"/>
        <Point X="422" Y="139" T="0" Pressure="0"/>
        <Point X="418" Y="135" T="0" Pressure="0"/>
        <Point X="414" Y="132" T="0" Pressure="0"/>
        <Point X="408" Y="129" T="0" Pressure="0"/>
        <Point X="404" Y="127" T="0" Pressure="0"/>
        <Point X="400" Y="125" T="0" Pressure="0"/>
        <Point X="396" Y="122" T="0" Pressure="0"/>
        <Point X="391" Y="121" T="0" Pressure="0"/>
        <Point X="386" Y="119" T="0" Pressure="0"/>
        <Point X="381" Y="117" T="0" Pressure="0"/>
        <Point X="368" Y="116" T="0" Pressure="0"/>
        <Point X="359" Y="115" T="0" Pressure="0"/>
        <Point X="355" Y="116" T="0" Pressure="0"/>
        <Point X="351" Y="117" T="0" Pressure="0"/>
        <Point X="347" Y="118" T="0" Pressure="0"/>
        <Point X="344" Y="120" T="0" Pressure="0"/>
        <Point X="341" Y="122" T="0" Pressure="0"/>
        <Point X="339" Y="124" T="0" Pressure="0"/>
        <Point X="337" Y="126" T="0" Pressure="0"/>
        <Point X="336" Y="129" T="0" Pressure="0"/>
    </Stroke>
    <Stroke index="2">
        <Point X="471" Y="97" T="0" Pressure="0"/>
        <Point X="469" Y="97" T="0" Pressure="0"/>
        <Point X="468" Y="97" T="0" Pressure="0"/>
        <Point X="465" Y="96" T="0" Pressure="0"/>
        <Point X="464" Y="96" T="0" Pressure="0"/>
        <Point X="462" Y="96" T="0" Pressure="0"/>
        <Point X="460" Y="96" T="0" Pressure="0"/>
        <Point X="458" Y="97" T="0" Pressure="0"/>
        <Point X="456" Y="99" T="0" Pressure="0"/>
        <Point X="453" Y="101" T="0" Pressure="0"/>
        <Point X="450" Y="103" T="0" Pressure="0"/>
        <Point X="448" Y="107" T="0" Pressure="0"/>
        <Point X="445" Y="111" T="0" Pressure="0"/>
        <Point X="441" Y="116" T="0" Pressure="0"/>
        <Point X="437" Y="121" T="0" Pressure="0"/>
        <Point X="433" Y="127" T="0" Pressure="0"/>
        <Point X="429" Y="134" T="0" Pressure="0"/>
        <Point X="425" Y="140" T="0" Pressure="0"/>
        <Point X="420" Y="147" T="0" Pressure="0"/>
        <Point X="416" Y="154" T="0" Pressure="0"/>
        <Point X="412" Y="162" T="0" Pressure="0"/>
        <Point X="407" Y="172" T="0" Pressure="0"/>
        <Point X="403" Y="179" T="0" Pressure="0"/>
        <Point X="399" Y="187" T="0" Pressure="0"/>
        <Point X="393" Y="195" T="0" Pressure="0"/>
        <Point X="389" Y="203" T="0" Pressure="0"/>
        <Point X="384" Y="211" T="0" Pressure="0"/>
        <Point X="378" Y="220" T="0" Pressure="0"/>
        <Point X="374" Y="226" T="0" Pressure="0"/>
        <Point X="369" Y="233" T="0" Pressure="0"/>
        <Point X="363" Y="240" T="0" Pressure="0"/>
        <Point X="359" Y="247" T="0" Pressure="0"/>
        <Point X="353" Y="252" T="0" Pressure="0"/>
        <Point X="347" Y="259" T="0" Pressure="0"/>
        <Point X="343" Y="264" T="0" Pressure="0"/>
        <Point X="337" Y="269" T="0" Pressure="0"/>
        <Point X="332" Y="274" T="0" Pressure="0"/>
        <Point X="328" Y="279" T="0" Pressure="0"/>
        <Point X="322" Y="284" T="0" Pressure="0"/>
        <Point X="317" Y="289" T="0" Pressure="0"/>
        <Point X="313" Y="293" T="0" Pressure="0"/>
        <Point X="309" Y="298" T="0" Pressure="0"/>
        <Point X="304" Y="301" T="0" Pressure="0"/>
        <Point X="299" Y="306" T="0" Pressure="0"/>
        <Point X="295" Y="310" T="0" Pressure="0"/>
        <Point X="292" Y="314" T="0" Pressure="0"/>
        <Point X="288" Y="317" T="0" Pressure="0"/>
        <Point X="286" Y="320" T="0" Pressure="0"/>
        <Point X="283" Y="323" T="0" Pressure="0"/>
        <Point X="280" Y="326" T="0" Pressure="0"/>
        <Point X="278" Y="328" T="0" Pressure="0"/>
        <Point X="276" Y="330" T="0" Pressure="0"/>
        <Point X="273" Y="334" T="0" Pressure="0"/>
        <Point X="272" Y="334" T="0" Pressure="0"/>
        <Point X="272" Y="335" T="0" Pressure="0"/>
        <Point X="272" Y="336" T="0" Pressure="0"/>
    </Stroke>
</Gesture>
