<?xml version="1.0" ?>
<Gesture Name="I~09" Subject="6" Number="9" NumPts="134" InputType="stylus" Speed="MEDIUM">
    <Stroke index="1">
        <Point X="286" Y="91" T="0" Pressure="0"/>
        <Point X="286" Y="90" T="0" Pressure="0"/>
        <Point X="285" Y="90" T="0" Pressure="0"/>
        <Point X="285" Y="89" T="0" Pressure="0"/>
        <Point X="285" Y="88" T="0" Pressure="0"/>
        <Point X="286" Y="88" T="0" Pressure="0"/>
        <Point X="286" Y="87" T="0" Pressure="0"/>
        <Point X="287" Y="87" T="0" Pressure="0"/>
        <Point X="288" Y="87" T="0" Pressure="0"/>
        <Point X="290" Y="87" T="0" Pressure="0"/>
        <Point X="292" Y="86" T="0" Pressure="0"/>
        <Point X="295" Y="86" T="0" Pressure="0"/>
        <Point X="299" Y="86" T="0" Pressure="0"/>
        <Point X="302" Y="85" T="0" Pressure="0"/>
        <Point X="306" Y="85" T="0" Pressure="0"/>
        <Point X="310" Y="85" T="0" Pressure="0"/>
        <Point X="315" Y="84" T="0" Pressure="0"/>
        <Point X="320" Y="84" T="0" Pressure="0"/>
        <Point X="325" Y="83" T="0" Pressure="0"/>
        <Point X="331" Y="82" T="0" Pressure="0"/>
        <Point X="336" Y="81" T="0" Pressure="0"/>
        <Point X="341" Y="80" T="0" Pressure="0"/>
        <Point X="347" Y="79" T="0" Pressure="0"/>
        <Point X="352" Y="79" T="0" Pressure="0"/>
        <Point X="358" Y="78" T="0" Pressure="0"/>
        <Point X="363" Y="77" T="0" Pressure="0"/>
        <Point X="369" Y="77" T="0" Pressure="0"/>
        <Point X="374" Y="76" T="0" Pressure="0"/>
        <Point X="378" Y="75" T="0" Pressure="0"/>
        <Point X="384" Y="74" T="0" Pressure="0"/>
        <Point X="389" Y="74" T="0" Pressure="0"/>
        <Point X="393" Y="73" T="0" Pressure="0"/>
        <Point X="397" Y="72" T="0" Pressure="0"/>
        <Point X="401" Y="72" T="0" Pressure="0"/>
        <Point X="405" Y="72" T="0" Pressure="0"/>
        <Point X="408" Y="72" T="0" Pressure="0"/>
        <Point X="412" Y="72" T="0" Pressure="0"/>
        <Point X="415" Y="71" T="0" Pressure="0"/>
        <Point X="418" Y="71" T="0" Pressure="0"/>
        <Point X="419" Y="71" T="0" Pressure="0"/>
        <Point X="422" Y="71" T="0" Pressure="0"/>
        <Point X="423" Y="71" T="0" Pressure="0"/>
        <Point X="425" Y="71" T="0" Pressure="0"/>
        <Point X="426" Y="71" T="0" Pressure="0"/>
        <Point X="427" Y="72" T="0" Pressure="0"/>
    </Stroke>
    <Stroke index="2">
        <Point X="367" Y="91" T="0" Pressure="0"/>
        <Point X="368" Y="90" T="0" Pressure="0"/>
        <Point X="368" Y="89" T="0" Pressure="0"/>
        <Point X="368" Y="88" T="0" Pressure="0"/>
        <Point X="368" Y="87" T="0" Pressure="0"/>
        <Point X="369" Y="87" T="0" Pressure="0"/>
        <Point X="369" Y="89" T="0" Pressure="0"/>
        <Point X="370" Y="90" T="0" Pressure="0"/>
        <Point X="370" Y="91" T="0" Pressure="0"/>
        <Point X="370" Y="93" T="0" Pressure="0"/>
        <Point X="371" Y="95" T="0" Pressure="0"/>
        <Point X="371" Y="97" T="0" Pressure="0"/>
        <Point X="371" Y="101" T="0" Pressure="0"/>
        <Point X="371" Y="103" T="0" Pressure="0"/>
        <Point X="371" Y="107" T="0" Pressure="0"/>
        <Point X="371" Y="111" T="0" Pressure="0"/>
        <Point X="371" Y="116" T="0" Pressure="0"/>
        <Point X="371" Y="120" T="0" Pressure="0"/>
        <Point X="371" Y="125" T="0" Pressure="0"/>
        <Point X="371" Y="130" T="0" Pressure="0"/>
        <Point X="370" Y="135" T="0" Pressure="0"/>
        <Point X="370" Y="141" T="0" Pressure="0"/>
        <Point X="370" Y="150" T="0" Pressure="0"/>
        <Point X="369" Y="153" T="0" Pressure="0"/>
        <Point X="369" Y="157" T="0" Pressure="0"/>
        <Point X="369" Y="162" T="0" Pressure="0"/>
        <Point X="368" Y="167" T="0" Pressure="0"/>
        <Point X="367" Y="171" T="0" Pressure="0"/>
        <Point X="367" Y="172" T="0" Pressure="0"/>
        <Point X="367" Y="175" T="0" Pressure="0"/>
        <Point X="366" Y="177" T="0" Pressure="0"/>
        <Point X="366" Y="179" T="0" Pressure="0"/>
        <Point X="366" Y="181" T="0" Pressure="0"/>
        <Point X="366" Y="184" T="0" Pressure="0"/>
        <Point X="366" Y="185" T="0" Pressure="0"/>
        <Point X="366" Y="186" T="0" Pressure="0"/>
        <Point X="366" Y="187" T="0" Pressure="0"/>
        <Point X="366" Y="188" T="0" Pressure="0"/>
        <Point X="366" Y="189" T="0" Pressure="0"/>
        <Point X="366" Y="190" T="0" Pressure="0"/>
        <Point X="366" Y="191" T="0" Pressure="0"/>
        <Point X="366" Y="192" T="0" Pressure="0"/>
        <Point X="366" Y="193" T="0" Pressure="0"/>
    </Stroke>
    <Stroke index="3">
        <Point X="296" Y="213" T="0" Pressure="0"/>
        <Point X="295" Y="213" T="0" Pressure="0"/>
        <Point X="295" Y="212" T="0" Pressure="0"/>
        <Point X="294" Y="211" T="0" Pressure="0"/>
        <Point X="294" Y="210" T="0" Pressure="0"/>
        <Point X="295" Y="210" T="0" Pressure="0"/>
        <Point X="296" Y="210" T="0" Pressure="0"/>
        <Point X="298" Y="210" T="0" Pressure="0"/>
        <Point X="299" Y="210" T="0" Pressure="0"/>
        <Point X="302" Y="210" T="0" Pressure="0"/>
        <Point X="304" Y="209" T="0" Pressure="0"/>
        <Point X="306" Y="209" T="0" Pressure="0"/>
        <Point X="310" Y="209" T="0" Pressure="0"/>
        <Point X="313" Y="209" T="0" Pressure="0"/>
        <Point X="316" Y="209" T="0" Pressure="0"/>
        <Point X="319" Y="208" T="0" Pressure="0"/>
        <Point X="323" Y="207" T="0" Pressure="0"/>
        <Point X="328" Y="207" T="0" Pressure="0"/>
        <Point X="332" Y="206" T="0" Pressure="0"/>
        <Point X="336" Y="206" T="0" Pressure="0"/>
        <Point X="340" Y="205" T="0" Pressure="0"/>
        <Point X="344" Y="205" T="0" Pressure="0"/>
        <Point X="348" Y="204" T="0" Pressure="0"/>
        <Point X="353" Y="203" T="0" Pressure="0"/>
        <Point X="357" Y="203" T="0" Pressure="0"/>
        <Point X="361" Y="202" T="0" Pressure="0"/>
        <Point X="366" Y="202" T="0" Pressure="0"/>
        <Point X="370" Y="201" T="0" Pressure="0"/>
        <Point X="374" Y="201" T="0" Pressure="0"/>
        <Point X="378" Y="200" T="0" Pressure="0"/>
        <Point X="383" Y="199" T="0" Pressure="0"/>
        <Point X="386" Y="199" T="0" Pressure="0"/>
        <Point X="390" Y="199" T="0" Pressure="0"/>
        <Point X="394" Y="198" T="0" Pressure="0"/>
        <Point X="397" Y="197" T="0" Pressure="0"/>
        <Point X="400" Y="197" T="0" Pressure="0"/>
        <Point X="404" Y="197" T="0" Pressure="0"/>
        <Point X="406" Y="197" T="0" Pressure="0"/>
        <Point X="411" Y="198" T="0" Pressure="0"/>
        <Point X="412" Y="198" T="0" Pressure="0"/>
        <Point X="414" Y="199" T="0" Pressure="0"/>
        <Point X="416" Y="199" T="0" Pressure="0"/>
        <Point X="418" Y="200" T="0" Pressure="0"/>
        <Point X="419" Y="200" T="0" Pressure="0"/>
        <Point X="420" Y="201" T="0" Pressure="0"/>
        <Point X="422" Y="202" T="0" Pressure="0"/>
    </Stroke>
</Gesture>
