<?xml version="1.0" ?>
<Gesture Name="T~07" Subject="6" Number="7" NumPts="83" InputType="stylus" Speed="MEDIUM">
    <Stroke index="1">
        <Point X="268" Y="234" T="0" Pressure="0"/>
        <Point X="269" Y="233" T="0" Pressure="0"/>
        <Point X="272" Y="231" T="0" Pressure="0"/>
        <Point X="274" Y="231" T="0" Pressure="0"/>
        <Point X="276" Y="231" T="0" Pressure="0"/>
        <Point X="281" Y="230" T="0" Pressure="0"/>
        <Point X="285" Y="230" T="0" Pressure="0"/>
        <Point X="288" Y="230" T="0" Pressure="0"/>
        <Point X="292" Y="230" T="0" Pressure="0"/>
        <Point X="296" Y="229" T="0" Pressure="0"/>
        <Point X="302" Y="229" T="0" Pressure="0"/>
        <Point X="306" Y="229" T="0" Pressure="0"/>
        <Point X="311" Y="229" T="0" Pressure="0"/>
        <Point X="316" Y="228" T="0" Pressure="0"/>
        <Point X="321" Y="228" T="0" Pressure="0"/>
        <Point X="339" Y="227" T="0" Pressure="0"/>
        <Point X="344" Y="227" T="0" Pressure="0"/>
        <Point X="350" Y="227" T="0" Pressure="0"/>
        <Point X="355" Y="227" T="0" Pressure="0"/>
        <Point X="362" Y="226" T="0" Pressure="0"/>
        <Point X="367" Y="226" T="0" Pressure="0"/>
        <Point X="373" Y="226" T="0" Pressure="0"/>
        <Point X="378" Y="226" T="0" Pressure="0"/>
        <Point X="384" Y="226" T="0" Pressure="0"/>
        <Point X="389" Y="226" T="0" Pressure="0"/>
        <Point X="395" Y="225" T="0" Pressure="0"/>
        <Point X="400" Y="225" T="0" Pressure="0"/>
        <Point X="404" Y="225" T="0" Pressure="0"/>
        <Point X="409" Y="225" T="0" Pressure="0"/>
        <Point X="414" Y="225" T="0" Pressure="0"/>
        <Point X="418" Y="225" T="0" Pressure="0"/>
        <Point X="423" Y="225" T="0" Pressure="0"/>
        <Point X="426" Y="225" T="0" Pressure="0"/>
        <Point X="430" Y="225" T="0" Pressure="0"/>
        <Point X="433" Y="225" T="0" Pressure="0"/>
        <Point X="436" Y="225" T="0" Pressure="0"/>
        <Point X="439" Y="225" T="0" Pressure="0"/>
        <Point X="441" Y="225" T="0" Pressure="0"/>
        <Point X="444" Y="225" T="0" Pressure="0"/>
        <Point X="446" Y="225" T="0" Pressure="0"/>
        <Point X="448" Y="225" T="0" Pressure="0"/>
        <Point X="449" Y="226" T="0" Pressure="0"/>
        <Point X="450" Y="226" T="0" Pressure="0"/>
    </Stroke>
    <Stroke index="2">
        <Point X="365" Y="236" T="0" Pressure="0"/>
        <Point X="363" Y="236" T="0" Pressure="0"/>
        <Point X="363" Y="237" T="0" Pressure="0"/>
        <Point X="363" Y="238" T="0" Pressure="0"/>
        <Point X="363" Y="239" T="0" Pressure="0"/>
        <Point X="364" Y="242" T="0" Pressure="0"/>
        <Point X="365" Y="246" T="0" Pressure="0"/>
        <Point X="365" Y="249" T="0" Pressure="0"/>
        <Point X="366" Y="256" T="0" Pressure="0"/>
        <Point X="366" Y="261" T="0" Pressure="0"/>
        <Point X="366" Y="266" T="0" Pressure="0"/>
        <Point X="366" Y="272" T="0" Pressure="0"/>
        <Point X="366" Y="287" T="0" Pressure="0"/>
        <Point X="366" Y="294" T="0" Pressure="0"/>
        <Point X="366" Y="299" T="0" Pressure="0"/>
        <Point X="366" Y="305" T="0" Pressure="0"/>
        <Point X="366" Y="315" T="0" Pressure="0"/>
        <Point X="366" Y="320" T="0" Pressure="0"/>
        <Point X="366" Y="325" T="0" Pressure="0"/>
        <Point X="366" Y="329" T="0" Pressure="0"/>
        <Point X="366" Y="334" T="0" Pressure="0"/>
        <Point X="366" Y="338" T="0" Pressure="0"/>
        <Point X="366" Y="341" T="0" Pressure="0"/>
        <Point X="366" Y="344" T="0" Pressure="0"/>
        <Point X="366" Y="348" T="0" Pressure="0"/>
        <Point X="366" Y="350" T="0" Pressure="0"/>
        <Point X="366" Y="355" T="0" Pressure="0"/>
        <Point X="366" Y="360" T="0" Pressure="0"/>
        <Point X="365" Y="362" T="0" Pressure="0"/>
        <Point X="365" Y="364" T="0" Pressure="0"/>
        <Point X="365" Y="365" T="0" Pressure="0"/>
        <Point X="365" Y="367" T="0" Pressure="0"/>
        <Point X="365" Y="368" T="0" Pressure="0"/>
        <Point X="365" Y="369" T="0" Pressure="0"/>
        <Point X="365" Y="370" T="0" Pressure="0"/>
        <Point X="365" Y="371" T="0" Pressure="0"/>
        <Point X="365" Y="372" T="0" Pressure="0"/>
        <Point X="366" Y="373" T="0" Pressure="0"/>
        <Point X="366" Y="374" T="0" Pressure="0"/>
        <Point X="367" Y="375" T="0" Pressure="0"/>
    </Stroke>
</Gesture>
