<?xml version="1.0" ?>
<Gesture Name="N~06" Subject="6" Number="6" NumPts="129" InputType="stylus" Speed="MEDIUM">
    <Stroke index="1">
        <Point X="293" Y="159" T="0" Pressure="0"/>
        <Point X="291" Y="155" T="0" Pressure="0"/>
        <Point X="291" Y="153" T="0" Pressure="0"/>
        <Point X="291" Y="152" T="0" Pressure="0"/>
        <Point X="291" Y="151" T="0" Pressure="0"/>
        <Point X="291" Y="150" T="0" Pressure="0"/>
        <Point X="291" Y="151" T="0" Pressure="0"/>
        <Point X="291" Y="152" T="0" Pressure="0"/>
        <Point X="291" Y="155" T="0" Pressure="0"/>
        <Point X="291" Y="157" T="0" Pressure="0"/>
        <Point X="291" Y="160" T="0" Pressure="0"/>
        <Point X="291" Y="164" T="0" Pressure="0"/>
        <Point X="291" Y="168" T="0" Pressure="0"/>
        <Point X="291" Y="173" T="0" Pressure="0"/>
        <Point X="291" Y="177" T="0" Pressure="0"/>
        <Point X="291" Y="183" T="0" Pressure="0"/>
        <Point X="291" Y="190" T="0" Pressure="0"/>
        <Point X="291" Y="197" T="0" Pressure="0"/>
        <Point X="291" Y="205" T="0" Pressure="0"/>
        <Point X="291" Y="214" T="0" Pressure="0"/>
        <Point X="291" Y="222" T="0" Pressure="0"/>
        <Point X="291" Y="231" T="0" Pressure="0"/>
        <Point X="291" Y="241" T="0" Pressure="0"/>
        <Point X="290" Y="259" T="0" Pressure="0"/>
        <Point X="288" Y="270" T="0" Pressure="0"/>
        <Point X="288" Y="278" T="0" Pressure="0"/>
        <Point X="288" Y="286" T="0" Pressure="0"/>
        <Point X="287" Y="295" T="0" Pressure="0"/>
        <Point X="287" Y="302" T="0" Pressure="0"/>
        <Point X="287" Y="310" T="0" Pressure="0"/>
        <Point X="287" Y="317" T="0" Pressure="0"/>
        <Point X="287" Y="322" T="0" Pressure="0"/>
        <Point X="287" Y="326" T="0" Pressure="0"/>
        <Point X="287" Y="331" T="0" Pressure="0"/>
        <Point X="287" Y="334" T="0" Pressure="0"/>
        <Point X="287" Y="338" T="0" Pressure="0"/>
        <Point X="287" Y="342" T="0" Pressure="0"/>
        <Point X="288" Y="345" T="0" Pressure="0"/>
        <Point X="288" Y="346" T="0" Pressure="0"/>
    </Stroke>
    <Stroke index="2">
        <Point X="280" Y="149" T="0" Pressure="0"/>
        <Point X="280" Y="147" T="0" Pressure="0"/>
        <Point X="280" Y="146" T="0" Pressure="0"/>
        <Point X="280" Y="145" T="0" Pressure="0"/>
        <Point X="281" Y="144" T="0" Pressure="0"/>
        <Point X="283" Y="144" T="0" Pressure="0"/>
        <Point X="284" Y="144" T="0" Pressure="0"/>
        <Point X="286" Y="145" T="0" Pressure="0"/>
        <Point X="287" Y="147" T="0" Pressure="0"/>
        <Point X="290" Y="149" T="0" Pressure="0"/>
        <Point X="292" Y="152" T="0" Pressure="0"/>
        <Point X="295" Y="155" T="0" Pressure="0"/>
        <Point X="299" Y="159" T="0" Pressure="0"/>
        <Point X="302" Y="162" T="0" Pressure="0"/>
        <Point X="307" Y="166" T="0" Pressure="0"/>
        <Point X="311" Y="171" T="0" Pressure="0"/>
        <Point X="317" Y="176" T="0" Pressure="0"/>
        <Point X="322" Y="181" T="0" Pressure="0"/>
        <Point X="328" Y="187" T="0" Pressure="0"/>
        <Point X="332" Y="192" T="0" Pressure="0"/>
        <Point X="338" Y="197" T="0" Pressure="0"/>
        <Point X="344" Y="203" T="0" Pressure="0"/>
        <Point X="349" Y="209" T="0" Pressure="0"/>
        <Point X="355" Y="215" T="0" Pressure="0"/>
        <Point X="361" Y="222" T="0" Pressure="0"/>
        <Point X="366" Y="227" T="0" Pressure="0"/>
        <Point X="373" Y="232" T="0" Pressure="0"/>
        <Point X="378" Y="237" T="0" Pressure="0"/>
        <Point X="384" Y="243" T="0" Pressure="0"/>
        <Point X="389" Y="248" T="0" Pressure="0"/>
        <Point X="396" Y="253" T="0" Pressure="0"/>
        <Point X="401" Y="257" T="0" Pressure="0"/>
        <Point X="407" Y="261" T="0" Pressure="0"/>
        <Point X="412" Y="266" T="0" Pressure="0"/>
        <Point X="418" Y="269" T="0" Pressure="0"/>
        <Point X="423" Y="273" T="0" Pressure="0"/>
        <Point X="428" Y="276" T="0" Pressure="0"/>
        <Point X="433" Y="279" T="0" Pressure="0"/>
        <Point X="437" Y="282" T="0" Pressure="0"/>
        <Point X="441" Y="285" T="0" Pressure="0"/>
        <Point X="449" Y="290" T="0" Pressure="0"/>
        <Point X="453" Y="292" T="0" Pressure="0"/>
        <Point X="456" Y="294" T="0" Pressure="0"/>
    </Stroke>
    <Stroke index="3">
        <Point X="443" Y="144" T="0" Pressure="0"/>
        <Point X="442" Y="141" T="0" Pressure="0"/>
        <Point X="442" Y="140" T="0" Pressure="0"/>
        <Point X="442" Y="139" T="0" Pressure="0"/>
        <Point X="442" Y="140" T="0" Pressure="0"/>
        <Point X="443" Y="142" T="0" Pressure="0"/>
        <Point X="444" Y="145" T="0" Pressure="0"/>
        <Point X="444" Y="148" T="0" Pressure="0"/>
        <Point X="445" Y="151" T="0" Pressure="0"/>
        <Point X="445" Y="155" T="0" Pressure="0"/>
        <Point X="445" Y="160" T="0" Pressure="0"/>
        <Point X="446" Y="165" T="0" Pressure="0"/>
        <Point X="446" Y="171" T="0" Pressure="0"/>
        <Point X="447" Y="178" T="0" Pressure="0"/>
        <Point X="448" Y="185" T="0" Pressure="0"/>
        <Point X="449" Y="192" T="0" Pressure="0"/>
        <Point X="449" Y="200" T="0" Pressure="0"/>
        <Point X="450" Y="207" T="0" Pressure="0"/>
        <Point X="450" Y="216" T="0" Pressure="0"/>
        <Point X="451" Y="222" T="0" Pressure="0"/>
        <Point X="452" Y="228" T="0" Pressure="0"/>
        <Point X="453" Y="234" T="0" Pressure="0"/>
        <Point X="453" Y="241" T="0" Pressure="0"/>
        <Point X="453" Y="247" T="0" Pressure="0"/>
        <Point X="453" Y="253" T="0" Pressure="0"/>
        <Point X="453" Y="258" T="0" Pressure="0"/>
        <Point X="453" Y="263" T="0" Pressure="0"/>
        <Point X="453" Y="267" T="0" Pressure="0"/>
        <Point X="453" Y="273" T="0" Pressure="0"/>
        <Point X="453" Y="276" T="0" Pressure="0"/>
        <Point X="453" Y="281" T="0" Pressure="0"/>
        <Point X="453" Y="285" T="0" Pressure="0"/>
        <Point X="452" Y="289" T="0" Pressure="0"/>
        <Point X="452" Y="292" T="0" Pressure="0"/>
        <Point X="452" Y="296" T="0" Pressure="0"/>
        <Point X="451" Y="299" T="0" Pressure="0"/>
        <Point X="451" Y="302" T="0" Pressure="0"/>
        <Point X="451" Y="304" T="0" Pressure="0"/>
        <Point X="451" Y="309" T="0" Pressure="0"/>
        <Point X="452" Y="310" T="0" Pressure="0"/>
        <Point X="452" Y="311" T="0" Pressure="0"/>
        <Point X="452" Y="312" T="0" Pressure="0"/>
        <Point X="453" Y="312" T="0" Pressure="0"/>
        <Point X="453" Y="313" T="0" Pressure="0"/>
        <Point X="453" Y="314" T="0" Pressure="0"/>
        <Point X="454" Y="314" T="0" Pressure="0"/>
        <Point X="455" Y="314" T="0" Pressure="0"/>
    </Stroke>
</Gesture>
