<?xml version="1.0" ?>
<Gesture Name="D~05" Subject="6" Number="5" NumPts="109" InputType="stylus" Speed="MEDIUM">
    <Stroke index="1">
        <Point X="342" Y="151" T="0" Pressure="0"/>
        <Point X="341" Y="151" T="0" Pressure="0"/>
        <Point X="340" Y="150" T="0" Pressure="0"/>
        <Point X="340" Y="152" T="0" Pressure="0"/>
        <Point X="340" Y="157" T="0" Pressure="0"/>
        <Point X="340" Y="161" T="0" Pressure="0"/>
        <Point X="340" Y="166" T="0" Pressure="0"/>
        <Point X="340" Y="172" T="0" Pressure="0"/>
        <Point X="340" Y="178" T="0" Pressure="0"/>
        <Point X="340" Y="184" T="0" Pressure="0"/>
        <Point X="340" Y="191" T="0" Pressure="0"/>
        <Point X="341" Y="207" T="0" Pressure="0"/>
        <Point X="341" Y="212" T="0" Pressure="0"/>
        <Point X="342" Y="222" T="0" Pressure="0"/>
        <Point X="343" Y="227" T="0" Pressure="0"/>
        <Point X="343" Y="230" T="0" Pressure="0"/>
        <Point X="344" Y="234" T="0" Pressure="0"/>
        <Point X="344" Y="239" T="0" Pressure="0"/>
        <Point X="344" Y="242" T="0" Pressure="0"/>
        <Point X="344" Y="247" T="0" Pressure="0"/>
        <Point X="344" Y="251" T="0" Pressure="0"/>
        <Point X="344" Y="254" T="0" Pressure="0"/>
        <Point X="344" Y="257" T="0" Pressure="0"/>
        <Point X="344" Y="261" T="0" Pressure="0"/>
        <Point X="344" Y="271" T="0" Pressure="0"/>
        <Point X="344" Y="273" T="0" Pressure="0"/>
        <Point X="344" Y="276" T="0" Pressure="0"/>
        <Point X="344" Y="278" T="0" Pressure="0"/>
        <Point X="344" Y="280" T="0" Pressure="0"/>
        <Point X="344" Y="282" T="0" Pressure="0"/>
        <Point X="344" Y="284" T="0" Pressure="0"/>
        <Point X="343" Y="285" T="0" Pressure="0"/>
        <Point X="343" Y="286" T="0" Pressure="0"/>
        <Point X="343" Y="287" T="0" Pressure="0"/>
        <Point X="343" Y="289" T="0" Pressure="0"/>
        <Point X="343" Y="290" T="0" Pressure="0"/>
    </Stroke>
    <Stroke index="2">
        <Point X="310" Y="142" T="0" Pressure="0"/>
        <Point X="311" Y="141" T="0" Pressure="0"/>
        <Point X="312" Y="140" T="0" Pressure="0"/>
        <Point X="314" Y="139" T="0" Pressure="0"/>
        <Point X="316" Y="139" T="0" Pressure="0"/>
        <Point X="318" Y="138" T="0" Pressure="0"/>
        <Point X="321" Y="138" T="0" Pressure="0"/>
        <Point X="325" Y="138" T="0" Pressure="0"/>
        <Point X="328" Y="138" T="0" Pressure="0"/>
        <Point X="332" Y="139" T="0" Pressure="0"/>
        <Point X="336" Y="140" T="0" Pressure="0"/>
        <Point X="341" Y="141" T="0" Pressure="0"/>
        <Point X="347" Y="141" T="0" Pressure="0"/>
        <Point X="352" Y="143" T="0" Pressure="0"/>
        <Point X="358" Y="144" T="0" Pressure="0"/>
        <Point X="362" Y="146" T="0" Pressure="0"/>
        <Point X="368" Y="147" T="0" Pressure="0"/>
        <Point X="374" Y="150" T="0" Pressure="0"/>
        <Point X="379" Y="152" T="0" Pressure="0"/>
        <Point X="385" Y="154" T="0" Pressure="0"/>
        <Point X="390" Y="157" T="0" Pressure="0"/>
        <Point X="395" Y="160" T="0" Pressure="0"/>
        <Point X="400" Y="162" T="0" Pressure="0"/>
        <Point X="405" Y="166" T="0" Pressure="0"/>
        <Point X="410" Y="169" T="0" Pressure="0"/>
        <Point X="415" Y="173" T="0" Pressure="0"/>
        <Point X="419" Y="177" T="0" Pressure="0"/>
        <Point X="423" Y="180" T="0" Pressure="0"/>
        <Point X="427" Y="184" T="0" Pressure="0"/>
        <Point X="431" Y="189" T="0" Pressure="0"/>
        <Point X="435" Y="192" T="0" Pressure="0"/>
        <Point X="438" Y="197" T="0" Pressure="0"/>
        <Point X="444" Y="205" T="0" Pressure="0"/>
        <Point X="446" Y="210" T="0" Pressure="0"/>
        <Point X="448" Y="214" T="0" Pressure="0"/>
        <Point X="449" Y="219" T="0" Pressure="0"/>
        <Point X="450" Y="223" T="0" Pressure="0"/>
        <Point X="451" Y="227" T="0" Pressure="0"/>
        <Point X="452" Y="230" T="0" Pressure="0"/>
        <Point X="452" Y="234" T="0" Pressure="0"/>
        <Point X="451" Y="238" T="0" Pressure="0"/>
        <Point X="450" Y="241" T="0" Pressure="0"/>
        <Point X="449" Y="246" T="0" Pressure="0"/>
        <Point X="446" Y="249" T="0" Pressure="0"/>
        <Point X="444" Y="252" T="0" Pressure="0"/>
        <Point X="441" Y="255" T="0" Pressure="0"/>
        <Point X="433" Y="261" T="0" Pressure="0"/>
        <Point X="429" Y="265" T="0" Pressure="0"/>
        <Point X="424" Y="267" T="0" Pressure="0"/>
        <Point X="419" Y="270" T="0" Pressure="0"/>
        <Point X="414" Y="272" T="0" Pressure="0"/>
        <Point X="408" Y="275" T="0" Pressure="0"/>
        <Point X="403" Y="277" T="0" Pressure="0"/>
        <Point X="397" Y="279" T="0" Pressure="0"/>
        <Point X="392" Y="281" T="0" Pressure="0"/>
        <Point X="386" Y="282" T="0" Pressure="0"/>
        <Point X="381" Y="284" T="0" Pressure="0"/>
        <Point X="375" Y="285" T="0" Pressure="0"/>
        <Point X="370" Y="286" T="0" Pressure="0"/>
        <Point X="363" Y="287" T="0" Pressure="0"/>
        <Point X="359" Y="287" T="0" Pressure="0"/>
        <Point X="355" Y="287" T="0" Pressure="0"/>
        <Point X="350" Y="287" T="0" Pressure="0"/>
        <Point X="345" Y="287" T="0" Pressure="0"/>
        <Point X="342" Y="287" T="0" Pressure="0"/>
        <Point X="338" Y="287" T="0" Pressure="0"/>
        <Point X="336" Y="287" T="0" Pressure="0"/>
        <Point X="333" Y="286" T="0" Pressure="0"/>
        <Point X="331" Y="286" T="0" Pressure="0"/>
        <Point X="329" Y="285" T="0" Pressure="0"/>
        <Point X="327" Y="285" T="0" Pressure="0"/>
        <Point X="325" Y="285" T="0" Pressure="0"/>
        <Point X="324" Y="285" T="0" Pressure="0"/>
    </Stroke>
</Gesture>
