<?xml version="1.0" ?>
<Gesture Name="I~03" Subject="6" Number="3" NumPts="119" InputType="stylus" Speed="MEDIUM">
    <Stroke index="1">
        <Point X="314" Y="115" T="0" Pressure="0"/>
        <Point X="317" Y="112" T="0" Pressure="0"/>
        <Point X="319" Y="111" T="0" Pressure="0"/>
        <Point X="322" Y="110" T="0" Pressure="0"/>
        <Point X="325" Y="109" T="0" Pressure="0"/>
        <Point X="328" Y="109" T="0" Pressure="0"/>
        <Point X="331" Y="107" T="0" Pressure="0"/>
        <Point X="335" Y="107" T="0" Pressure="0"/>
        <Point X="339" Y="106" T="0" Pressure="0"/>
        <Point X="342" Y="106" T="0" Pressure="0"/>
        <Point X="347" Y="105" T="0" Pressure="0"/>
        <Point X="350" Y="104" T="0" Pressure="0"/>
        <Point X="354" Y="104" T="0" Pressure="0"/>
        <Point X="358" Y="103" T="0" Pressure="0"/>
        <Point X="362" Y="102" T="0" Pressure="0"/>
        <Point X="366" Y="102" T="0" Pressure="0"/>
        <Point X="370" Y="101" T="0" Pressure="0"/>
        <Point X="374" Y="101" T="0" Pressure="0"/>
        <Point X="378" Y="101" T="0" Pressure="0"/>
        <Point X="381" Y="100" T="0" Pressure="0"/>
        <Point X="385" Y="100" T="0" Pressure="0"/>
        <Point X="388" Y="99" T="0" Pressure="0"/>
        <Point X="392" Y="99" T="0" Pressure="0"/>
        <Point X="394" Y="99" T="0" Pressure="0"/>
        <Point X="396" Y="99" T="0" Pressure="0"/>
        <Point X="400" Y="98" T="0" Pressure="0"/>
        <Point X="402" Y="98" T="0" Pressure="0"/>
        <Point X="404" Y="98" T="0" Pressure="0"/>
        <Point X="407" Y="97" T="0" Pressure="0"/>
        <Point X="408" Y="97" T="0" Pressure="0"/>
        <Point X="410" Y="97" T="0" Pressure="0"/>
        <Point X="411" Y="97" T="0" Pressure="0"/>
        <Point X="412" Y="97" T="0" Pressure="0"/>
        <Point X="414" Y="97" T="0" Pressure="0"/>
        <Point X="415" Y="97" T="0" Pressure="0"/>
    </Stroke>
    <Stroke index="2">
        <Point X="370" Y="111" T="0" Pressure="0"/>
        <Point X="370" Y="110" T="0" Pressure="0"/>
        <Point X="370" Y="111" T="0" Pressure="0"/>
        <Point X="370" Y="112" T="0" Pressure="0"/>
        <Point X="370" Y="115" T="0" Pressure="0"/>
        <Point X="370" Y="116" T="0" Pressure="0"/>
        <Point X="370" Y="120" T="0" Pressure="0"/>
        <Point X="370" Y="123" T="0" Pressure="0"/>
        <Point X="369" Y="127" T="0" Pressure="0"/>
        <Point X="369" Y="130" T="0" Pressure="0"/>
        <Point X="367" Y="135" T="0" Pressure="0"/>
        <Point X="366" Y="141" T="0" Pressure="0"/>
        <Point X="366" Y="147" T="0" Pressure="0"/>
        <Point X="364" Y="153" T="0" Pressure="0"/>
        <Point X="363" Y="159" T="0" Pressure="0"/>
        <Point X="362" Y="165" T="0" Pressure="0"/>
        <Point X="360" Y="170" T="0" Pressure="0"/>
        <Point X="360" Y="175" T="0" Pressure="0"/>
        <Point X="359" Y="179" T="0" Pressure="0"/>
        <Point X="359" Y="184" T="0" Pressure="0"/>
        <Point X="359" Y="187" T="0" Pressure="0"/>
        <Point X="358" Y="191" T="0" Pressure="0"/>
        <Point X="358" Y="195" T="0" Pressure="0"/>
        <Point X="358" Y="197" T="0" Pressure="0"/>
        <Point X="357" Y="201" T="0" Pressure="0"/>
        <Point X="357" Y="203" T="0" Pressure="0"/>
        <Point X="356" Y="206" T="0" Pressure="0"/>
        <Point X="356" Y="208" T="0" Pressure="0"/>
        <Point X="356" Y="210" T="0" Pressure="0"/>
        <Point X="356" Y="212" T="0" Pressure="0"/>
        <Point X="356" Y="215" T="0" Pressure="0"/>
        <Point X="356" Y="216" T="0" Pressure="0"/>
        <Point X="356" Y="217" T="0" Pressure="0"/>
        <Point X="356" Y="219" T="0" Pressure="0"/>
        <Point X="356" Y="221" T="0" Pressure="0"/>
        <Point X="356" Y="222" T="0" Pressure="0"/>
        <Point X="356" Y="224" T="0" Pressure="0"/>
        <Point X="356" Y="225" T="0" Pressure="0"/>
        <Point X="356" Y="226" T="0" Pressure="0"/>
        <Point X="357" Y="226" T="0" Pressure="0"/>
        <Point X="357" Y="227" T="0" Pressure="0"/>
        <Point X="358" Y="227" T="0" Pressure="0"/>
        <Point X="358" Y="228" T="0" Pressure="0"/>
    </Stroke>
    <Stroke index="3">
        <Point X="287" Y="251" T="0" Pressure="0"/>
        <Point X="286" Y="250" T="0" Pressure="0"/>
        <Point X="285" Y="249" T="0" Pressure="0"/>
        <Point X="286" Y="249" T="0" Pressure="0"/>
        <Point X="287" Y="249" T="0" Pressure="0"/>
        <Point X="288" Y="249" T="0" Pressure="0"/>
        <Point X="290" Y="249" T="0" Pressure="0"/>
        <Point X="292" Y="249" T="0" Pressure="0"/>
        <Point X="295" Y="249" T="0" Pressure="0"/>
        <Point X="297" Y="249" T="0" Pressure="0"/>
        <Point X="300" Y="249" T="0" Pressure="0"/>
        <Point X="303" Y="248" T="0" Pressure="0"/>
        <Point X="308" Y="247" T="0" Pressure="0"/>
        <Point X="313" Y="247" T="0" Pressure="0"/>
        <Point X="317" Y="246" T="0" Pressure="0"/>
        <Point X="322" Y="246" T="0" Pressure="0"/>
        <Point X="328" Y="245" T="0" Pressure="0"/>
        <Point X="332" Y="244" T="0" Pressure="0"/>
        <Point X="337" Y="243" T="0" Pressure="0"/>
        <Point X="343" Y="242" T="0" Pressure="0"/>
        <Point X="348" Y="241" T="0" Pressure="0"/>
        <Point X="352" Y="241" T="0" Pressure="0"/>
        <Point X="356" Y="240" T="0" Pressure="0"/>
        <Point X="360" Y="239" T="0" Pressure="0"/>
        <Point X="365" Y="238" T="0" Pressure="0"/>
        <Point X="369" Y="237" T="0" Pressure="0"/>
        <Point X="374" Y="236" T="0" Pressure="0"/>
        <Point X="377" Y="236" T="0" Pressure="0"/>
        <Point X="380" Y="235" T="0" Pressure="0"/>
        <Point X="384" Y="235" T="0" Pressure="0"/>
        <Point X="386" Y="234" T="0" Pressure="0"/>
        <Point X="389" Y="234" T="0" Pressure="0"/>
        <Point X="392" Y="234" T="0" Pressure="0"/>
        <Point X="395" Y="234" T="0" Pressure="0"/>
        <Point X="396" Y="234" T="0" Pressure="0"/>
        <Point X="398" Y="234" T="0" Pressure="0"/>
        <Point X="400" Y="234" T="0" Pressure="0"/>
        <Point X="401" Y="234" T="0" Pressure="0"/>
        <Point X="403" Y="234" T="0" Pressure="0"/>
        <Point X="404" Y="234" T="0" Pressure="0"/>
        <Point X="405" Y="235" T="0" Pressure="0"/>
    </Stroke>
</Gesture>
