<?xml version="1.0" ?>
<Gesture Name="exclamation_point~06" Subject="6" Number="6" NumPts="43" InputType="stylus" Speed="MEDIUM">
    <Stroke index="1">
        <Point X="377" Y="203" T="0" Pressure="0"/>
        <Point X="376" Y="204" T="0" Pressure="0"/>
        <Point X="376" Y="205" T="0" Pressure="0"/>
        <Point X="375" Y="206" T="0" Pressure="0"/>
        <Point X="375" Y="207" T="0" Pressure="0"/>
        <Point X="375" Y="209" T="0" Pressure="0"/>
        <Point X="375" Y="211" T="0" Pressure="0"/>
        <Point X="375" Y="214" T="0" Pressure="0"/>
        <Point X="376" Y="228" T="0" Pressure="0"/>
        <Point X="376" Y="234" T="0" Pressure="0"/>
        <Point X="376" Y="239" T="0" Pressure="0"/>
        <Point X="376" Y="244" T="0" Pressure="0"/>
        <Point X="377" Y="250" T="0" Pressure="0"/>
        <Point X="377" Y="256" T="0" Pressure="0"/>
        <Point X="377" Y="262" T="0" Pressure="0"/>
        <Point X="377" Y="269" T="0" Pressure="0"/>
        <Point X="377" Y="275" T="0" Pressure="0"/>
        <Point X="377" Y="281" T="0" Pressure="0"/>
        <Point X="377" Y="287" T="0" Pressure="0"/>
        <Point X="377" Y="294" T="0" Pressure="0"/>
        <Point X="377" Y="300" T="0" Pressure="0"/>
        <Point X="377" Y="306" T="0" Pressure="0"/>
        <Point X="377" Y="310" T="0" Pressure="0"/>
        <Point X="377" Y="315" T="0" Pressure="0"/>
        <Point X="378" Y="320" T="0" Pressure="0"/>
        <Point X="378" Y="325" T="0" Pressure="0"/>
        <Point X="378" Y="328" T="0" Pressure="0"/>
        <Point X="378" Y="332" T="0" Pressure="0"/>
        <Point X="378" Y="336" T="0" Pressure="0"/>
        <Point X="378" Y="339" T="0" Pressure="0"/>
        <Point X="378" Y="343" T="0" Pressure="0"/>
        <Point X="378" Y="346" T="0" Pressure="0"/>
        <Point X="378" Y="348" T="0" Pressure="0"/>
        <Point X="379" Y="351" T="0" Pressure="0"/>
        <Point X="379" Y="353" T="0" Pressure="0"/>
        <Point X="380" Y="356" T="0" Pressure="0"/>
        <Point X="380" Y="358" T="0" Pressure="0"/>
        <Point X="380" Y="360" T="0" Pressure="0"/>
        <Point X="381" Y="362" T="0" Pressure="0"/>
        <Point X="381" Y="364" T="0" Pressure="0"/>
    </Stroke>
    <Stroke index="2">
        <Point X="384" Y="397" T="0" Pressure="0"/>
        <Point X="382" Y="397" T="0" Pressure="0"/>
        <Point X="381" Y="398" T="0" Pressure="0"/>
    </Stroke>
</Gesture>
