<?xml version="1.0" ?>
<Gesture Name="pitchfork~07" Subject="6" Number="7" NumPts="133" InputType="stylus" Speed="MEDIUM">
    <Stroke index="1">
        <Point X="265" Y="57" T="0" Pressure="0"/>
        <Point X="264" Y="57" T="0" Pressure="0"/>
        <Point X="264" Y="59" T="0" Pressure="0"/>
        <Point X="264" Y="60" T="0" Pressure="0"/>
        <Point X="264" Y="61" T="0" Pressure="0"/>
        <Point X="264" Y="64" T="0" Pressure="0"/>
        <Point X="264" Y="66" T="0" Pressure="0"/>
        <Point X="264" Y="70" T="0" Pressure="0"/>
        <Point X="264" Y="74" T="0" Pressure="0"/>
        <Point X="265" Y="78" T="0" Pressure="0"/>
        <Point X="265" Y="81" T="0" Pressure="0"/>
        <Point X="265" Y="86" T="0" Pressure="0"/>
        <Point X="266" Y="91" T="0" Pressure="0"/>
        <Point X="267" Y="96" T="0" Pressure="0"/>
        <Point X="268" Y="101" T="0" Pressure="0"/>
        <Point X="269" Y="106" T="0" Pressure="0"/>
        <Point X="270" Y="111" T="0" Pressure="0"/>
        <Point X="272" Y="117" T="0" Pressure="0"/>
        <Point X="273" Y="123" T="0" Pressure="0"/>
        <Point X="275" Y="129" T="0" Pressure="0"/>
        <Point X="276" Y="136" T="0" Pressure="0"/>
        <Point X="278" Y="141" T="0" Pressure="0"/>
        <Point X="280" Y="147" T="0" Pressure="0"/>
        <Point X="283" Y="153" T="0" Pressure="0"/>
        <Point X="285" Y="159" T="0" Pressure="0"/>
        <Point X="287" Y="165" T="0" Pressure="0"/>
        <Point X="291" Y="171" T="0" Pressure="0"/>
        <Point X="293" Y="176" T="0" Pressure="0"/>
        <Point X="296" Y="180" T="0" Pressure="0"/>
        <Point X="299" Y="184" T="0" Pressure="0"/>
        <Point X="303" Y="189" T="0" Pressure="0"/>
        <Point X="306" Y="194" T="0" Pressure="0"/>
        <Point X="318" Y="205" T="0" Pressure="0"/>
        <Point X="323" Y="209" T="0" Pressure="0"/>
        <Point X="328" Y="212" T="0" Pressure="0"/>
        <Point X="332" Y="216" T="0" Pressure="0"/>
        <Point X="337" Y="219" T="0" Pressure="0"/>
        <Point X="342" Y="220" T="0" Pressure="0"/>
        <Point X="347" Y="222" T="0" Pressure="0"/>
        <Point X="352" Y="223" T="0" Pressure="0"/>
        <Point X="358" Y="224" T="0" Pressure="0"/>
        <Point X="363" Y="224" T="0" Pressure="0"/>
        <Point X="369" Y="224" T="0" Pressure="0"/>
        <Point X="374" Y="224" T="0" Pressure="0"/>
        <Point X="408" Y="212" T="0" Pressure="0"/>
        <Point X="414" Y="209" T="0" Pressure="0"/>
        <Point X="419" Y="206" T="0" Pressure="0"/>
        <Point X="424" Y="203" T="0" Pressure="0"/>
        <Point X="429" Y="199" T="0" Pressure="0"/>
        <Point X="434" Y="194" T="0" Pressure="0"/>
        <Point X="438" Y="190" T="0" Pressure="0"/>
        <Point X="443" Y="184" T="0" Pressure="0"/>
        <Point X="447" Y="179" T="0" Pressure="0"/>
        <Point X="451" Y="172" T="0" Pressure="0"/>
        <Point X="455" Y="166" T="0" Pressure="0"/>
        <Point X="460" Y="158" T="0" Pressure="0"/>
        <Point X="463" Y="151" T="0" Pressure="0"/>
        <Point X="466" Y="144" T="0" Pressure="0"/>
        <Point X="469" Y="136" T="0" Pressure="0"/>
        <Point X="472" Y="128" T="0" Pressure="0"/>
        <Point X="475" Y="121" T="0" Pressure="0"/>
        <Point X="477" Y="113" T="0" Pressure="0"/>
        <Point X="479" Y="107" T="0" Pressure="0"/>
        <Point X="480" Y="101" T="0" Pressure="0"/>
        <Point X="482" Y="95" T="0" Pressure="0"/>
        <Point X="483" Y="89" T="0" Pressure="0"/>
        <Point X="484" Y="84" T="0" Pressure="0"/>
        <Point X="485" Y="75" T="0" Pressure="0"/>
        <Point X="485" Y="72" T="0" Pressure="0"/>
        <Point X="485" Y="69" T="0" Pressure="0"/>
        <Point X="485" Y="66" T="0" Pressure="0"/>
        <Point X="484" Y="65" T="0" Pressure="0"/>
        <Point X="483" Y="63" T="0" Pressure="0"/>
        <Point X="483" Y="62" T="0" Pressure="0"/>
        <Point X="482" Y="61" T="0" Pressure="0"/>
        <Point X="480" Y="60" T="0" Pressure="0"/>
        <Point X="479" Y="60" T="0" Pressure="0"/>
        <Point X="478" Y="59" T="0" Pressure="0"/>
        <Point X="475" Y="59" T="0" Pressure="0"/>
        <Point X="474" Y="59" T="0" Pressure="0"/>
        <Point X="472" Y="59" T="0" Pressure="0"/>
    </Stroke>
    <Stroke index="2">
        <Point X="373" Y="67" T="0" Pressure="0"/>
        <Point X="371" Y="66" T="0" Pressure="0"/>
        <Point X="370" Y="65" T="0" Pressure="0"/>
        <Point X="370" Y="64" T="0" Pressure="0"/>
        <Point X="370" Y="65" T="0" Pressure="0"/>
        <Point X="370" Y="66" T="0" Pressure="0"/>
        <Point X="370" Y="69" T="0" Pressure="0"/>
        <Point X="370" Y="71" T="0" Pressure="0"/>
        <Point X="370" Y="75" T="0" Pressure="0"/>
        <Point X="370" Y="78" T="0" Pressure="0"/>
        <Point X="370" Y="81" T="0" Pressure="0"/>
        <Point X="370" Y="91" T="0" Pressure="0"/>
        <Point X="370" Y="97" T="0" Pressure="0"/>
        <Point X="370" Y="104" T="0" Pressure="0"/>
        <Point X="369" Y="111" T="0" Pressure="0"/>
        <Point X="369" Y="120" T="0" Pressure="0"/>
        <Point X="369" Y="129" T="0" Pressure="0"/>
        <Point X="368" Y="138" T="0" Pressure="0"/>
        <Point X="367" Y="147" T="0" Pressure="0"/>
        <Point X="367" Y="157" T="0" Pressure="0"/>
        <Point X="366" Y="167" T="0" Pressure="0"/>
        <Point X="366" Y="177" T="0" Pressure="0"/>
        <Point X="366" Y="187" T="0" Pressure="0"/>
        <Point X="366" Y="197" T="0" Pressure="0"/>
        <Point X="365" Y="205" T="0" Pressure="0"/>
        <Point X="365" Y="214" T="0" Pressure="0"/>
        <Point X="364" Y="230" T="0" Pressure="0"/>
        <Point X="363" Y="239" T="0" Pressure="0"/>
        <Point X="362" Y="246" T="0" Pressure="0"/>
        <Point X="362" Y="253" T="0" Pressure="0"/>
        <Point X="362" Y="260" T="0" Pressure="0"/>
        <Point X="360" Y="266" T="0" Pressure="0"/>
        <Point X="360" Y="273" T="0" Pressure="0"/>
        <Point X="359" Y="285" T="0" Pressure="0"/>
        <Point X="358" Y="291" T="0" Pressure="0"/>
        <Point X="357" Y="297" T="0" Pressure="0"/>
        <Point X="356" Y="301" T="0" Pressure="0"/>
        <Point X="355" Y="306" T="0" Pressure="0"/>
        <Point X="355" Y="311" T="0" Pressure="0"/>
        <Point X="355" Y="315" T="0" Pressure="0"/>
        <Point X="354" Y="319" T="0" Pressure="0"/>
        <Point X="354" Y="322" T="0" Pressure="0"/>
        <Point X="353" Y="324" T="0" Pressure="0"/>
        <Point X="352" Y="326" T="0" Pressure="0"/>
        <Point X="352" Y="328" T="0" Pressure="0"/>
        <Point X="352" Y="329" T="0" Pressure="0"/>
        <Point X="352" Y="330" T="0" Pressure="0"/>
        <Point X="352" Y="331" T="0" Pressure="0"/>
        <Point X="352" Y="332" T="0" Pressure="0"/>
        <Point X="353" Y="332" T="0" Pressure="0"/>
        <Point X="354" Y="332" T="0" Pressure="0"/>
        <Point X="355" Y="332" T="0" Pressure="0"/>
    </Stroke>
</Gesture>
