<?xml version="1.0" ?>
<Gesture Name="02" Subject="6" Number="2" NumPts="83">
    <Point X="155" Y="177"/>
    <Point X="155" Y="176"/>
    <Point X="157" Y="173"/>
    <Point X="158" Y="173"/>
    <Point X="161" Y="171"/>
    <Point X="167" Y="167"/>
    <Point X="174" Y="164"/>
    <Point X="182" Y="161"/>
    <Point X="191" Y="157"/>
    <Point X="200" Y="153"/>
    <Point X="210" Y="149"/>
    <Point X="221" Y="145"/>
    <Point X="232" Y="141"/>
    <Point X="242" Y="137"/>
    <Point X="253" Y="133"/>
    <Point X="262" Y="130"/>
    <Point X="271" Y="127"/>
    <Point X="278" Y="124"/>
    <Point X="285" Y="122"/>
    <Point X="291" Y="119"/>
    <Point X="297" Y="117"/>
    <Point X="302" Y="116"/>
    <Point X="302" Y="115"/>
    <Point X="303" Y="115"/>
    <Point X="303" Y="114"/>
    <Point X="302" Y="114"/>
    <Point X="301" Y="114"/>
    <Point X="300" Y="113"/>
    <Point X="298" Y="112"/>
    <Point X="294" Y="111"/>
    <Point X="290" Y="111"/>
    <Point X="285" Y="110"/>
    <Point X="279" Y="110"/>
    <Point X="272" Y="110"/>
    <Point X="264" Y="110"/>
    <Point X="256" Y="109"/>
    <Point X="246" Y="108"/>
    <Point X="239" Y="108"/>
    <Point X="231" Y="107"/>
    <Point X="224" Y="106"/>
    <Point X="219" Y="105"/>
    <Point X="215" Y="105"/>
    <Point X="215" Y="104"/>
    <Point X="214" Y="104"/>
    <Point X="215" Y="104"/>
    <Point X="216" Y="104"/>
    <Point X="218" Y="104"/>
    <Point X="220" Y="104"/>
    <Point X="225" Y="104"/>
    <Point X="231" Y="104"/>
    <Point X="238" Y="105"/>
    <Point X="245" Y="106"/>
    <Point X="253" Y="107"/>
    <Point X="260" Y="107"/>
    <Point X="266" Y="108"/>
    <Point X="272" Y="109"/>
    <Point X="277" Y="109"/>
    <Point X="282" Y="109"/>
    <Point X="284" Y="109"/>
    <Point X="285" Y="109"/>
    <Point X="286" Y="109"/>
    <Point X="287" Y="110"/>
    <Point X="287" Y="112"/>
    <Point X="288" Y="113"/>
    <Point X="289" Y="116"/>
    <Point X="290" Y="118"/>
    <Point X="291" Y="119"/>
    <Point X="291" Y="122"/>
    <Point X="292" Y="126"/>
    <Point X="293" Y="131"/>
    <Point X="294" Y="136"/>
    <Point X="295" Y="142"/>
    <Point X="296" Y="148"/>
    <Point X="297" Y="153"/>
    <Point X="298" Y="159"/>
    <Point X="299" Y="164"/>
    <Point X="300" Y="169"/>
    <Point X="301" Y="175"/>
    <Point X="301" Y="180"/>
    <Point X="301" Y="183"/>
    <Point X="301" Y="185"/>
    <Point X="302" Y="186"/>
    <Point X="302" Y="187"/>
</Gesture>
