<?xml version="1.0" ?>
<Gesture Name="08" Subject="6" Number="8" NumPts="107">
    <Point X="243" Y="221"/>
    <Point X="244" Y="221"/>
    <Point X="245" Y="221"/>
    <Point X="247" Y="221"/>
    <Point X="248" Y="221"/>
    <Point X="250" Y="221"/>
    <Point X="253" Y="221"/>
    <Point X="257" Y="221"/>
    <Point X="262" Y="221"/>
    <Point X="267" Y="221"/>
    <Point X="280" Y="221"/>
    <Point X="291" Y="221"/>
    <Point X="300" Y="221"/>
    <Point X="309" Y="221"/>
    <Point X="317" Y="221"/>
    <Point X="326" Y="221"/>
    <Point X="335" Y="221"/>
    <Point X="344" Y="221"/>
    <Point X="354" Y="221"/>
    <Point X="364" Y="220"/>
    <Point X="372" Y="220"/>
    <Point X="379" Y="219"/>
    <Point X="385" Y="218"/>
    <Point X="391" Y="218"/>
    <Point X="395" Y="217"/>
    <Point X="399" Y="217"/>
    <Point X="402" Y="217"/>
    <Point X="405" Y="217"/>
    <Point X="407" Y="216"/>
    <Point X="409" Y="216"/>
    <Point X="412" Y="215"/>
    <Point X="414" Y="215"/>
    <Point X="418" Y="215"/>
    <Point X="423" Y="214"/>
    <Point X="428" Y="213"/>
    <Point X="434" Y="212"/>
    <Point X="440" Y="211"/>
    <Point X="444" Y="210"/>
    <Point X="447" Y="210"/>
    <Point X="446" Y="210"/>
    <Point X="445" Y="209"/>
    <Point X="444" Y="207"/>
    <Point X="442" Y="206"/>
    <Point X="439" Y="205"/>
    <Point X="435" Y="205"/>
    <Point X="431" Y="203"/>
    <Point X="426" Y="202"/>
    <Point X="421" Y="201"/>
    <Point X="417" Y="200"/>
    <Point X="414" Y="199"/>
    <Point X="411" Y="198"/>
    <Point X="409" Y="197"/>
    <Point X="406" Y="196"/>
    <Point X="403" Y="196"/>
    <Point X="400" Y="196"/>
    <Point X="398" Y="195"/>
    <Point X="395" Y="195"/>
    <Point X="394" Y="195"/>
    <Point X="392" Y="194"/>
    <Point X="391" Y="194"/>
    <Point X="392" Y="194"/>
    <Point X="394" Y="194"/>
    <Point X="396" Y="195"/>
    <Point X="399" Y="195"/>
    <Point X="403" Y="196"/>
    <Point X="408" Y="196"/>
    <Point X="412" Y="197"/>
    <Point X="416" Y="198"/>
    <Point X="419" Y="199"/>
    <Point X="421" Y="199"/>
    <Point X="423" Y="200"/>
    <Point X="425" Y="201"/>
    <Point X="427" Y="201"/>
    <Point X="428" Y="201"/>
    <Point X="428" Y="202"/>
    <Point X="430" Y="202"/>
    <Point X="431" Y="202"/>
    <Point X="431" Y="203"/>
    <Point X="432" Y="203"/>
    <Point X="433" Y="203"/>
    <Point X="436" Y="204"/>
    <Point X="437" Y="204"/>
    <Point X="438" Y="204"/>
    <Point X="438" Y="205"/>
    <Point X="439" Y="205"/>
    <Point X="440" Y="205"/>
    <Point X="441" Y="205"/>
    <Point X="441" Y="206"/>
    <Point X="441" Y="208"/>
    <Point X="441" Y="210"/>
    <Point X="440" Y="212"/>
    <Point X="439" Y="213"/>
    <Point X="438" Y="214"/>
    <Point X="438" Y="216"/>
    <Point X="437" Y="218"/>
    <Point X="435" Y="221"/>
    <Point X="434" Y="223"/>
    <Point X="432" Y="226"/>
    <Point X="429" Y="231"/>
    <Point X="427" Y="234"/>
    <Point X="424" Y="237"/>
    <Point X="421" Y="240"/>
    <Point X="418" Y="242"/>
    <Point X="416" Y="244"/>
    <Point X="414" Y="244"/>
    <Point X="414" Y="245"/>
    <Point X="413" Y="245"/>
</Gesture>
