<?xml version="1.0" ?>
<Gesture Name="05" Subject="6" Number="5" NumPts="100">
    <Point X="226" Y="238"/>
    <Point X="227" Y="238"/>
    <Point X="228" Y="238"/>
    <Point X="231" Y="238"/>
    <Point X="235" Y="238"/>
    <Point X="240" Y="238"/>
    <Point X="245" Y="238"/>
    <Point X="251" Y="238"/>
    <Point X="256" Y="238"/>
    <Point X="262" Y="238"/>
    <Point X="267" Y="238"/>
    <Point X="271" Y="238"/>
    <Point X="276" Y="238"/>
    <Point X="281" Y="238"/>
    <Point X="286" Y="238"/>
    <Point X="290" Y="239"/>
    <Point X="294" Y="240"/>
    <Point X="298" Y="241"/>
    <Point X="303" Y="241"/>
    <Point X="307" Y="242"/>
    <Point X="312" Y="243"/>
    <Point X="317" Y="243"/>
    <Point X="321" Y="243"/>
    <Point X="324" Y="243"/>
    <Point X="325" Y="243"/>
    <Point X="326" Y="243"/>
    <Point X="328" Y="243"/>
    <Point X="329" Y="243"/>
    <Point X="332" Y="243"/>
    <Point X="334" Y="242"/>
    <Point X="336" Y="241"/>
    <Point X="337" Y="241"/>
    <Point X="338" Y="241"/>
    <Point X="339" Y="241"/>
    <Point X="340" Y="241"/>
    <Point X="341" Y="240"/>
    <Point X="342" Y="240"/>
    <Point X="343" Y="240"/>
    <Point X="346" Y="240"/>
    <Point X="348" Y="239"/>
    <Point X="350" Y="239"/>
    <Point X="352" Y="239"/>
    <Point X="354" Y="239"/>
    <Point X="354" Y="238"/>
    <Point X="353" Y="237"/>
    <Point X="352" Y="236"/>
    <Point X="351" Y="235"/>
    <Point X="350" Y="235"/>
    <Point X="348" Y="234"/>
    <Point X="346" Y="233"/>
    <Point X="344" Y="233"/>
    <Point X="343" Y="232"/>
    <Point X="340" Y="231"/>
    <Point X="338" Y="230"/>
    <Point X="335" Y="229"/>
    <Point X="334" Y="229"/>
    <Point X="333" Y="228"/>
    <Point X="332" Y="228"/>
    <Point X="332" Y="227"/>
    <Point X="331" Y="227"/>
    <Point X="330" Y="226"/>
    <Point X="329" Y="226"/>
    <Point X="331" Y="226"/>
    <Point X="332" Y="226"/>
    <Point X="332" Y="227"/>
    <Point X="333" Y="227"/>
    <Point X="335" Y="228"/>
    <Point X="337" Y="228"/>
    <Point X="340" Y="229"/>
    <Point X="341" Y="230"/>
    <Point X="343" Y="230"/>
    <Point X="344" Y="230"/>
    <Point X="345" Y="230"/>
    <Point X="346" Y="230"/>
    <Point X="346" Y="231"/>
    <Point X="347" Y="231"/>
    <Point X="349" Y="232"/>
    <Point X="350" Y="232"/>
    <Point X="350" Y="233"/>
    <Point X="351" Y="233"/>
    <Point X="352" Y="233"/>
    <Point X="353" Y="234"/>
    <Point X="354" Y="235"/>
    <Point X="354" Y="236"/>
    <Point X="354" Y="237"/>
    <Point X="353" Y="238"/>
    <Point X="351" Y="239"/>
    <Point X="350" Y="241"/>
    <Point X="348" Y="243"/>
    <Point X="346" Y="245"/>
    <Point X="343" Y="247"/>
    <Point X="341" Y="248"/>
    <Point X="340" Y="249"/>
    <Point X="339" Y="249"/>
    <Point X="339" Y="250"/>
    <Point X="338" Y="250"/>
    <Point X="338" Y="251"/>
    <Point X="338" Y="252"/>
    <Point X="338" Y="253"/>
    <Point X="337" Y="253"/>
</Gesture>
