<?xml version="1.0" ?>
<Gesture Name="09" Subject="6" Number="9" NumPts="106">
    <Point X="209" Y="231"/>
    <Point X="210" Y="231"/>
    <Point X="212" Y="232"/>
    <Point X="215" Y="232"/>
    <Point X="219" Y="232"/>
    <Point X="224" Y="232"/>
    <Point X="230" Y="232"/>
    <Point X="237" Y="232"/>
    <Point X="245" Y="232"/>
    <Point X="254" Y="232"/>
    <Point X="262" Y="232"/>
    <Point X="271" Y="232"/>
    <Point X="279" Y="232"/>
    <Point X="288" Y="232"/>
    <Point X="296" Y="232"/>
    <Point X="305" Y="232"/>
    <Point X="314" Y="232"/>
    <Point X="322" Y="232"/>
    <Point X="331" Y="232"/>
    <Point X="339" Y="233"/>
    <Point X="348" Y="234"/>
    <Point X="356" Y="234"/>
    <Point X="364" Y="234"/>
    <Point X="372" Y="234"/>
    <Point X="378" Y="234"/>
    <Point X="385" Y="234"/>
    <Point X="391" Y="234"/>
    <Point X="397" Y="234"/>
    <Point X="403" Y="233"/>
    <Point X="409" Y="232"/>
    <Point X="414" Y="231"/>
    <Point X="419" Y="230"/>
    <Point X="423" Y="229"/>
    <Point X="427" Y="228"/>
    <Point X="430" Y="227"/>
    <Point X="434" Y="226"/>
    <Point X="437" Y="226"/>
    <Point X="438" Y="226"/>
    <Point X="439" Y="225"/>
    <Point X="438" Y="225"/>
    <Point X="437" Y="224"/>
    <Point X="435" Y="222"/>
    <Point X="433" Y="221"/>
    <Point X="431" Y="220"/>
    <Point X="429" Y="219"/>
    <Point X="425" Y="218"/>
    <Point X="420" Y="216"/>
    <Point X="416" Y="215"/>
    <Point X="410" Y="213"/>
    <Point X="403" Y="212"/>
    <Point X="396" Y="211"/>
    <Point X="390" Y="209"/>
    <Point X="383" Y="209"/>
    <Point X="377" Y="208"/>
    <Point X="372" Y="207"/>
    <Point X="366" Y="207"/>
    <Point X="362" Y="206"/>
    <Point X="358" Y="206"/>
    <Point X="355" Y="206"/>
    <Point X="353" Y="205"/>
    <Point X="351" Y="205"/>
    <Point X="351" Y="204"/>
    <Point X="352" Y="204"/>
    <Point X="354" Y="204"/>
    <Point X="355" Y="205"/>
    <Point X="358" Y="206"/>
    <Point X="362" Y="207"/>
    <Point X="367" Y="208"/>
    <Point X="371" Y="209"/>
    <Point X="376" Y="211"/>
    <Point X="381" Y="213"/>
    <Point X="385" Y="214"/>
    <Point X="389" Y="215"/>
    <Point X="393" Y="216"/>
    <Point X="397" Y="217"/>
    <Point X="401" Y="218"/>
    <Point X="405" Y="219"/>
    <Point X="409" Y="219"/>
    <Point X="413" Y="219"/>
    <Point X="417" Y="219"/>
    <Point X="421" Y="219"/>
    <Point X="424" Y="219"/>
    <Point X="428" Y="219"/>
    <Point X="431" Y="219"/>
    <Point X="434" Y="219"/>
    <Point X="436" Y="219"/>
    <Point X="439" Y="219"/>
    <Point X="441" Y="219"/>
    <Point X="441" Y="220"/>
    <Point X="442" Y="220"/>
    <Point X="442" Y="221"/>
    <Point X="442" Y="222"/>
    <Point X="442" Y="223"/>
    <Point X="441" Y="224"/>
    <Point X="440" Y="227"/>
    <Point X="439" Y="229"/>
    <Point X="437" Y="232"/>
    <Point X="435" Y="236"/>
    <Point X="432" Y="241"/>
    <Point X="428" Y="247"/>
    <Point X="425" Y="252"/>
    <Point X="421" Y="258"/>
    <Point X="417" Y="263"/>
    <Point X="414" Y="268"/>
    <Point X="411" Y="271"/>
    <Point X="409" Y="274"/>
</Gesture>
