<?xml version="1.0" ?>
<Gesture Name="06" Subject="6" Number="6" NumPts="109">
    <Point X="253" Y="238"/>
    <Point X="254" Y="238"/>
    <Point X="255" Y="238"/>
    <Point X="257" Y="238"/>
    <Point X="260" Y="238"/>
    <Point X="261" Y="238"/>
    <Point X="262" Y="238"/>
    <Point X="266" Y="238"/>
    <Point X="270" Y="238"/>
    <Point X="275" Y="238"/>
    <Point X="280" Y="238"/>
    <Point X="285" Y="238"/>
    <Point X="289" Y="238"/>
    <Point X="294" Y="238"/>
    <Point X="299" Y="238"/>
    <Point X="306" Y="238"/>
    <Point X="313" Y="238"/>
    <Point X="320" Y="237"/>
    <Point X="327" Y="236"/>
    <Point X="334" Y="236"/>
    <Point X="342" Y="236"/>
    <Point X="349" Y="236"/>
    <Point X="356" Y="236"/>
    <Point X="363" Y="236"/>
    <Point X="369" Y="236"/>
    <Point X="375" Y="236"/>
    <Point X="380" Y="236"/>
    <Point X="385" Y="236"/>
    <Point X="388" Y="236"/>
    <Point X="391" Y="236"/>
    <Point X="393" Y="236"/>
    <Point X="395" Y="236"/>
    <Point X="397" Y="236"/>
    <Point X="400" Y="236"/>
    <Point X="403" Y="236"/>
    <Point X="406" Y="236"/>
    <Point X="410" Y="236"/>
    <Point X="414" Y="236"/>
    <Point X="417" Y="235"/>
    <Point X="420" Y="235"/>
    <Point X="423" Y="235"/>
    <Point X="424" Y="235"/>
    <Point X="425" Y="235"/>
    <Point X="425" Y="234"/>
    <Point X="423" Y="233"/>
    <Point X="421" Y="232"/>
    <Point X="419" Y="232"/>
    <Point X="418" Y="231"/>
    <Point X="417" Y="231"/>
    <Point X="415" Y="231"/>
    <Point X="413" Y="230"/>
    <Point X="410" Y="229"/>
    <Point X="408" Y="228"/>
    <Point X="405" Y="227"/>
    <Point X="402" Y="227"/>
    <Point X="399" Y="226"/>
    <Point X="396" Y="225"/>
    <Point X="394" Y="224"/>
    <Point X="391" Y="223"/>
    <Point X="389" Y="222"/>
    <Point X="386" Y="221"/>
    <Point X="385" Y="220"/>
    <Point X="383" Y="220"/>
    <Point X="382" Y="219"/>
    <Point X="381" Y="219"/>
    <Point X="380" Y="218"/>
    <Point X="381" Y="218"/>
    <Point X="383" Y="220"/>
    <Point X="384" Y="220"/>
    <Point X="386" Y="221"/>
    <Point X="388" Y="222"/>
    <Point X="391" Y="223"/>
    <Point X="393" Y="224"/>
    <Point X="397" Y="225"/>
    <Point X="399" Y="226"/>
    <Point X="401" Y="226"/>
    <Point X="403" Y="227"/>
    <Point X="404" Y="228"/>
    <Point X="405" Y="228"/>
    <Point X="407" Y="228"/>
    <Point X="408" Y="228"/>
    <Point X="408" Y="229"/>
    <Point X="411" Y="229"/>
    <Point X="412" Y="229"/>
    <Point X="413" Y="230"/>
    <Point X="415" Y="230"/>
    <Point X="417" Y="231"/>
    <Point X="419" Y="231"/>
    <Point X="421" Y="231"/>
    <Point X="421" Y="232"/>
    <Point X="421" Y="233"/>
    <Point X="420" Y="235"/>
    <Point X="419" Y="236"/>
    <Point X="417" Y="238"/>
    <Point X="415" Y="239"/>
    <Point X="414" Y="241"/>
    <Point X="412" Y="244"/>
    <Point X="410" Y="246"/>
    <Point X="410" Y="247"/>
    <Point X="408" Y="250"/>
    <Point X="406" Y="254"/>
    <Point X="404" Y="258"/>
    <Point X="401" Y="263"/>
    <Point X="399" Y="267"/>
    <Point X="397" Y="270"/>
    <Point X="396" Y="271"/>
    <Point X="396" Y="272"/>
    <Point X="395" Y="273"/>
    <Point X="395" Y="274"/>
</Gesture>
