<?xml version="1.0" ?>
<Gesture Name="01" Subject="6" Number="1" NumPts="90">
    <Point X="166" Y="156"/>
    <Point X="167" Y="156"/>
    <Point X="169" Y="155"/>
    <Point X="173" Y="154"/>
    <Point X="178" Y="153"/>
    <Point X="185" Y="151"/>
    <Point X="194" Y="149"/>
    <Point X="203" Y="146"/>
    <Point X="213" Y="143"/>
    <Point X="224" Y="141"/>
    <Point X="233" Y="138"/>
    <Point X="242" Y="135"/>
    <Point X="250" Y="134"/>
    <Point X="256" Y="132"/>
    <Point X="261" Y="130"/>
    <Point X="267" Y="127"/>
    <Point X="273" Y="126"/>
    <Point X="280" Y="124"/>
    <Point X="288" Y="121"/>
    <Point X="297" Y="119"/>
    <Point X="308" Y="116"/>
    <Point X="319" Y="114"/>
    <Point X="331" Y="112"/>
    <Point X="341" Y="110"/>
    <Point X="351" Y="109"/>
    <Point X="358" Y="108"/>
    <Point X="362" Y="107"/>
    <Point X="362" Y="106"/>
    <Point X="360" Y="105"/>
    <Point X="359" Y="105"/>
    <Point X="357" Y="103"/>
    <Point X="356" Y="103"/>
    <Point X="353" Y="102"/>
    <Point X="350" Y="102"/>
    <Point X="345" Y="101"/>
    <Point X="339" Y="100"/>
    <Point X="335" Y="99"/>
    <Point X="329" Y="98"/>
    <Point X="324" Y="98"/>
    <Point X="320" Y="97"/>
    <Point X="316" Y="95"/>
    <Point X="313" Y="94"/>
    <Point X="310" Y="94"/>
    <Point X="307" Y="93"/>
    <Point X="305" Y="92"/>
    <Point X="302" Y="91"/>
    <Point X="301" Y="91"/>
    <Point X="300" Y="91"/>
    <Point X="301" Y="91"/>
    <Point X="305" Y="91"/>
    <Point X="309" Y="92"/>
    <Point X="315" Y="92"/>
    <Point X="322" Y="92"/>
    <Point X="329" Y="93"/>
    <Point X="335" Y="94"/>
    <Point X="341" Y="95"/>
    <Point X="347" Y="96"/>
    <Point X="353" Y="97"/>
    <Point X="356" Y="98"/>
    <Point X="359" Y="98"/>
    <Point X="360" Y="99"/>
    <Point X="361" Y="99"/>
    <Point X="362" Y="99"/>
    <Point X="363" Y="99"/>
    <Point X="364" Y="100"/>
    <Point X="365" Y="100"/>
    <Point X="366" Y="101"/>
    <Point X="367" Y="101"/>
    <Point X="368" Y="102"/>
    <Point X="369" Y="102"/>
    <Point X="368" Y="104"/>
    <Point X="368" Y="105"/>
    <Point X="367" Y="106"/>
    <Point X="366" Y="107"/>
    <Point X="366" Y="108"/>
    <Point X="364" Y="110"/>
    <Point X="363" Y="112"/>
    <Point X="362" Y="114"/>
    <Point X="361" Y="115"/>
    <Point X="360" Y="118"/>
    <Point X="357" Y="122"/>
    <Point X="353" Y="126"/>
    <Point X="349" Y="132"/>
    <Point X="344" Y="137"/>
    <Point X="340" Y="142"/>
    <Point X="337" Y="146"/>
    <Point X="334" Y="149"/>
    <Point X="333" Y="149"/>
    <Point X="333" Y="150"/>
    <Point X="332" Y="150"/>
</Gesture>
