<?xml version="1.0" ?>
<Gesture Name="03" Subject="6" Number="3" NumPts="84">
    <Point X="247" Y="238"/>
    <Point X="249" Y="238"/>
    <Point X="253" Y="237"/>
    <Point X="258" Y="236"/>
    <Point X="267" Y="235"/>
    <Point X="278" Y="233"/>
    <Point X="289" Y="231"/>
    <Point X="300" Y="229"/>
    <Point X="311" Y="227"/>
    <Point X="323" Y="225"/>
    <Point X="334" Y="223"/>
    <Point X="344" Y="220"/>
    <Point X="354" Y="217"/>
    <Point X="362" Y="215"/>
    <Point X="370" Y="213"/>
    <Point X="378" Y="210"/>
    <Point X="386" Y="208"/>
    <Point X="394" Y="205"/>
    <Point X="402" Y="203"/>
    <Point X="408" Y="201"/>
    <Point X="415" Y="200"/>
    <Point X="419" Y="199"/>
    <Point X="419" Y="198"/>
    <Point X="418" Y="198"/>
    <Point X="417" Y="197"/>
    <Point X="414" Y="195"/>
    <Point X="413" Y="195"/>
    <Point X="410" Y="193"/>
    <Point X="406" Y="191"/>
    <Point X="401" Y="188"/>
    <Point X="396" Y="187"/>
    <Point X="391" Y="185"/>
    <Point X="386" Y="183"/>
    <Point X="381" Y="182"/>
    <Point X="378" Y="181"/>
    <Point X="374" Y="180"/>
    <Point X="370" Y="179"/>
    <Point X="368" Y="179"/>
    <Point X="366" Y="178"/>
    <Point X="366" Y="177"/>
    <Point X="365" Y="177"/>
    <Point X="366" Y="177"/>
    <Point X="368" Y="178"/>
    <Point X="371" Y="178"/>
    <Point X="375" Y="179"/>
    <Point X="379" Y="180"/>
    <Point X="384" Y="182"/>
    <Point X="388" Y="183"/>
    <Point X="394" Y="184"/>
    <Point X="398" Y="186"/>
    <Point X="402" Y="187"/>
    <Point X="405" Y="188"/>
    <Point X="407" Y="188"/>
    <Point X="409" Y="189"/>
    <Point X="410" Y="189"/>
    <Point X="411" Y="189"/>
    <Point X="412" Y="190"/>
    <Point X="414" Y="190"/>
    <Point X="415" Y="190"/>
    <Point X="416" Y="191"/>
    <Point X="417" Y="192"/>
    <Point X="418" Y="192"/>
    <Point X="419" Y="193"/>
    <Point X="420" Y="193"/>
    <Point X="420" Y="194"/>
    <Point X="420" Y="195"/>
    <Point X="419" Y="197"/>
    <Point X="418" Y="199"/>
    <Point X="416" Y="202"/>
    <Point X="414" Y="203"/>
    <Point X="413" Y="206"/>
    <Point X="412" Y="207"/>
    <Point X="411" Y="208"/>
    <Point X="410" Y="211"/>
    <Point X="409" Y="214"/>
    <Point X="407" Y="218"/>
    <Point X="405" Y="222"/>
    <Point X="404" Y="226"/>
    <Point X="402" Y="230"/>
    <Point X="400" Y="234"/>
    <Point X="399" Y="237"/>
    <Point X="398" Y="240"/>
    <Point X="398" Y="241"/>
    <Point X="398" Y="242"/>
</Gesture>
