<?xml version="1.0" ?>
<Gesture Name="07" Subject="6" Number="7" NumPts="128">
    <Point X="253" Y="219"/>
    <Point X="254" Y="219"/>
    <Point X="254" Y="220"/>
    <Point X="256" Y="220"/>
    <Point X="258" Y="220"/>
    <Point X="259" Y="220"/>
    <Point X="261" Y="221"/>
    <Point X="265" Y="221"/>
    <Point X="270" Y="221"/>
    <Point X="275" Y="221"/>
    <Point X="280" Y="221"/>
    <Point X="285" Y="221"/>
    <Point X="292" Y="221"/>
    <Point X="299" Y="221"/>
    <Point X="307" Y="221"/>
    <Point X="315" Y="221"/>
    <Point X="323" Y="221"/>
    <Point X="331" Y="221"/>
    <Point X="339" Y="221"/>
    <Point X="350" Y="221"/>
    <Point X="360" Y="221"/>
    <Point X="371" Y="221"/>
    <Point X="382" Y="221"/>
    <Point X="392" Y="221"/>
    <Point X="402" Y="221"/>
    <Point X="410" Y="221"/>
    <Point X="416" Y="221"/>
    <Point X="421" Y="221"/>
    <Point X="424" Y="221"/>
    <Point X="427" Y="221"/>
    <Point X="429" Y="221"/>
    <Point X="431" Y="221"/>
    <Point X="434" Y="221"/>
    <Point X="435" Y="221"/>
    <Point X="437" Y="221"/>
    <Point X="439" Y="220"/>
    <Point X="442" Y="220"/>
    <Point X="445" Y="219"/>
    <Point X="449" Y="219"/>
    <Point X="454" Y="218"/>
    <Point X="459" Y="218"/>
    <Point X="463" Y="217"/>
    <Point X="467" Y="217"/>
    <Point X="470" Y="216"/>
    <Point X="471" Y="216"/>
    <Point X="468" Y="214"/>
    <Point X="467" Y="213"/>
    <Point X="465" Y="212"/>
    <Point X="464" Y="210"/>
    <Point X="463" Y="210"/>
    <Point X="461" Y="209"/>
    <Point X="461" Y="208"/>
    <Point X="460" Y="208"/>
    <Point X="457" Y="207"/>
    <Point X="454" Y="207"/>
    <Point X="450" Y="206"/>
    <Point X="446" Y="206"/>
    <Point X="442" Y="205"/>
    <Point X="438" Y="205"/>
    <Point X="434" Y="204"/>
    <Point X="430" Y="203"/>
    <Point X="426" Y="202"/>
    <Point X="423" Y="201"/>
    <Point X="420" Y="200"/>
    <Point X="417" Y="199"/>
    <Point X="415" Y="198"/>
    <Point X="413" Y="197"/>
    <Point X="412" Y="197"/>
    <Point X="414" Y="198"/>
    <Point X="415" Y="198"/>
    <Point X="418" Y="199"/>
    <Point X="420" Y="200"/>
    <Point X="421" Y="201"/>
    <Point X="422" Y="201"/>
    <Point X="424" Y="201"/>
    <Point X="427" Y="202"/>
    <Point X="430" Y="203"/>
    <Point X="433" Y="203"/>
    <Point X="435" Y="204"/>
    <Point X="437" Y="205"/>
    <Point X="438" Y="205"/>
    <Point X="440" Y="206"/>
    <Point X="442" Y="206"/>
    <Point X="443" Y="206"/>
    <Point X="444" Y="206"/>
    <Point X="444" Y="207"/>
    <Point X="445" Y="207"/>
    <Point X="447" Y="207"/>
    <Point X="448" Y="208"/>
    <Point X="450" Y="208"/>
    <Point X="452" Y="209"/>
    <Point X="453" Y="209"/>
    <Point X="454" Y="209"/>
    <Point X="455" Y="209"/>
    <Point X="457" Y="209"/>
    <Point X="458" Y="209"/>
    <Point X="459" Y="209"/>
    <Point X="460" Y="209"/>
    <Point X="460" Y="210"/>
    <Point X="461" Y="210"/>
    <Point X="462" Y="210"/>
    <Point X="463" Y="210"/>
    <Point X="464" Y="210"/>
    <Point X="466" Y="211"/>
    <Point X="467" Y="211"/>
    <Point X="469" Y="211"/>
    <Point X="470" Y="211"/>
    <Point X="470" Y="212"/>
    <Point X="470" Y="213"/>
    <Point X="470" Y="215"/>
    <Point X="469" Y="217"/>
    <Point X="468" Y="218"/>
    <Point X="467" Y="219"/>
    <Point X="466" Y="220"/>
    <Point X="465" Y="222"/>
    <Point X="462" Y="225"/>
    <Point X="460" Y="229"/>
    <Point X="455" Y="234"/>
    <Point X="450" Y="239"/>
    <Point X="445" Y="244"/>
    <Point X="440" Y="249"/>
    <Point X="435" Y="254"/>
    <Point X="431" Y="258"/>
    <Point X="429" Y="260"/>
    <Point X="427" Y="263"/>
    <Point X="425" Y="264"/>
    <Point X="425" Y="265"/>
    <Point X="424" Y="265"/>
</Gesture>
