<?xml version="1.0" ?>
<Gesture Name="10" Subject="6" Number="10" NumPts="115">
    <Point X="242" Y="229"/>
    <Point X="242" Y="228"/>
    <Point X="244" Y="228"/>
    <Point X="248" Y="228"/>
    <Point X="251" Y="226"/>
    <Point X="257" Y="226"/>
    <Point X="264" Y="225"/>
    <Point X="272" Y="223"/>
    <Point X="279" Y="222"/>
    <Point X="287" Y="221"/>
    <Point X="295" Y="219"/>
    <Point X="303" Y="217"/>
    <Point X="310" Y="216"/>
    <Point X="317" Y="216"/>
    <Point X="324" Y="214"/>
    <Point X="331" Y="213"/>
    <Point X="338" Y="212"/>
    <Point X="345" Y="211"/>
    <Point X="352" Y="210"/>
    <Point X="359" Y="210"/>
    <Point X="366" Y="209"/>
    <Point X="373" Y="209"/>
    <Point X="381" Y="209"/>
    <Point X="388" Y="209"/>
    <Point X="394" Y="209"/>
    <Point X="400" Y="209"/>
    <Point X="403" Y="209"/>
    <Point X="406" Y="209"/>
    <Point X="407" Y="209"/>
    <Point X="409" Y="209"/>
    <Point X="410" Y="208"/>
    <Point X="411" Y="208"/>
    <Point X="412" Y="208"/>
    <Point X="413" Y="208"/>
    <Point X="415" Y="208"/>
    <Point X="416" Y="208"/>
    <Point X="419" Y="208"/>
    <Point X="420" Y="208"/>
    <Point X="421" Y="208"/>
    <Point X="422" Y="208"/>
    <Point X="423" Y="207"/>
    <Point X="424" Y="207"/>
    <Point X="425" Y="207"/>
    <Point X="423" Y="206"/>
    <Point X="421" Y="206"/>
    <Point X="420" Y="206"/>
    <Point X="417" Y="205"/>
    <Point X="413" Y="205"/>
    <Point X="408" Y="204"/>
    <Point X="403" Y="203"/>
    <Point X="397" Y="202"/>
    <Point X="393" Y="202"/>
    <Point X="389" Y="201"/>
    <Point X="387" Y="201"/>
    <Point X="385" Y="200"/>
    <Point X="384" Y="199"/>
    <Point X="383" Y="199"/>
    <Point X="382" Y="198"/>
    <Point X="381" Y="198"/>
    <Point X="380" Y="198"/>
    <Point X="379" Y="197"/>
    <Point X="378" Y="197"/>
    <Point X="377" Y="196"/>
    <Point X="376" Y="196"/>
    <Point X="377" Y="196"/>
    <Point X="378" Y="196"/>
    <Point X="379" Y="196"/>
    <Point X="381" Y="197"/>
    <Point X="384" Y="197"/>
    <Point X="387" Y="197"/>
    <Point X="391" Y="198"/>
    <Point X="394" Y="198"/>
    <Point X="398" Y="198"/>
    <Point X="402" Y="198"/>
    <Point X="405" Y="198"/>
    <Point X="408" Y="198"/>
    <Point X="409" Y="198"/>
    <Point X="412" Y="198"/>
    <Point X="413" Y="199"/>
    <Point X="415" Y="199"/>
    <Point X="417" Y="199"/>
    <Point X="418" Y="199"/>
    <Point X="419" Y="199"/>
    <Point X="420" Y="199"/>
    <Point X="421" Y="200"/>
    <Point X="422" Y="200"/>
    <Point X="423" Y="200"/>
    <Point X="424" Y="200"/>
    <Point X="424" Y="201"/>
    <Point X="425" Y="201"/>
    <Point X="426" Y="201"/>
    <Point X="427" Y="201"/>
    <Point X="427" Y="202"/>
    <Point X="428" Y="202"/>
    <Point X="427" Y="204"/>
    <Point X="425" Y="205"/>
    <Point X="424" Y="206"/>
    <Point X="422" Y="208"/>
    <Point X="420" Y="209"/>
    <Point X="419" Y="211"/>
    <Point X="416" Y="212"/>
    <Point X="414" Y="213"/>
    <Point X="413" Y="214"/>
    <Point X="412" Y="215"/>
    <Point X="409" Y="217"/>
    <Point X="406" Y="218"/>
    <Point X="402" Y="221"/>
    <Point X="397" Y="223"/>
    <Point X="393" Y="225"/>
    <Point X="389" Y="227"/>
    <Point X="386" Y="229"/>
    <Point X="385" Y="229"/>
    <Point X="385" Y="230"/>
    <Point X="384" Y="230"/>
    <Point X="384" Y="231"/>
</Gesture>
