<?xml version="1.0" ?>
<Gesture Name="04" Subject="6" Number="4" NumPts="98">
    <Point X="191" Y="248"/>
    <Point X="192" Y="248"/>
    <Point X="195" Y="248"/>
    <Point X="196" Y="248"/>
    <Point X="198" Y="248"/>
    <Point X="200" Y="248"/>
    <Point X="201" Y="248"/>
    <Point X="204" Y="248"/>
    <Point X="207" Y="248"/>
    <Point X="212" Y="248"/>
    <Point X="217" Y="248"/>
    <Point X="224" Y="248"/>
    <Point X="232" Y="247"/>
    <Point X="241" Y="246"/>
    <Point X="251" Y="245"/>
    <Point X="262" Y="244"/>
    <Point X="272" Y="243"/>
    <Point X="284" Y="242"/>
    <Point X="295" Y="241"/>
    <Point X="306" Y="240"/>
    <Point X="317" Y="240"/>
    <Point X="327" Y="239"/>
    <Point X="336" Y="239"/>
    <Point X="344" Y="239"/>
    <Point X="349" Y="239"/>
    <Point X="352" Y="239"/>
    <Point X="355" Y="239"/>
    <Point X="356" Y="239"/>
    <Point X="358" Y="239"/>
    <Point X="360" Y="239"/>
    <Point X="361" Y="239"/>
    <Point X="364" Y="239"/>
    <Point X="367" Y="238"/>
    <Point X="371" Y="238"/>
    <Point X="375" Y="237"/>
    <Point X="377" Y="237"/>
    <Point X="378" Y="237"/>
    <Point X="377" Y="236"/>
    <Point X="376" Y="235"/>
    <Point X="374" Y="234"/>
    <Point X="373" Y="233"/>
    <Point X="370" Y="231"/>
    <Point X="368" Y="230"/>
    <Point X="366" Y="228"/>
    <Point X="363" Y="227"/>
    <Point X="362" Y="227"/>
    <Point X="361" Y="226"/>
    <Point X="359" Y="225"/>
    <Point X="356" Y="225"/>
    <Point X="353" Y="223"/>
    <Point X="350" Y="223"/>
    <Point X="347" Y="222"/>
    <Point X="344" Y="222"/>
    <Point X="341" Y="221"/>
    <Point X="338" Y="220"/>
    <Point X="337" Y="219"/>
    <Point X="335" Y="219"/>
    <Point X="333" Y="218"/>
    <Point X="332" Y="217"/>
    <Point X="331" Y="216"/>
    <Point X="333" Y="218"/>
    <Point X="335" Y="219"/>
    <Point X="337" Y="221"/>
    <Point X="338" Y="221"/>
    <Point X="339" Y="222"/>
    <Point X="342" Y="223"/>
    <Point X="345" Y="224"/>
    <Point X="349" Y="227"/>
    <Point X="352" Y="228"/>
    <Point X="356" Y="229"/>
    <Point X="359" Y="230"/>
    <Point X="361" Y="231"/>
    <Point X="362" Y="232"/>
    <Point X="364" Y="233"/>
    <Point X="366" Y="234"/>
    <Point X="367" Y="234"/>
    <Point X="369" Y="235"/>
    <Point X="370" Y="235"/>
    <Point X="371" Y="235"/>
    <Point X="373" Y="236"/>
    <Point X="374" Y="236"/>
    <Point X="374" Y="237"/>
    <Point X="376" Y="237"/>
    <Point X="376" Y="239"/>
    <Point X="376" Y="240"/>
    <Point X="375" Y="242"/>
    <Point X="373" Y="244"/>
    <Point X="373" Y="245"/>
    <Point X="370" Y="248"/>
    <Point X="368" Y="250"/>
    <Point X="364" Y="254"/>
    <Point X="360" Y="258"/>
    <Point X="356" Y="261"/>
    <Point X="353" Y="264"/>
    <Point X="351" Y="266"/>
    <Point X="349" Y="268"/>
    <Point X="347" Y="270"/>
    <Point X="346" Y="270"/>
</Gesture>
