<?xml version="1.0" ?>
<Gesture Name="10" Subject="6" Number="10" NumPts="78">
    <Point X="265" Y="290"/>
    <Point X="265" Y="289"/>
    <Point X="265" Y="288"/>
    <Point X="265" Y="286"/>
    <Point X="266" Y="284"/>
    <Point X="266" Y="283"/>
    <Point X="267" Y="281"/>
    <Point X="269" Y="277"/>
    <Point X="271" Y="273"/>
    <Point X="274" Y="268"/>
    <Point X="277" Y="263"/>
    <Point X="281" Y="257"/>
    <Point X="284" Y="253"/>
    <Point X="288" Y="248"/>
    <Point X="292" Y="243"/>
    <Point X="296" Y="238"/>
    <Point X="301" Y="232"/>
    <Point X="306" Y="226"/>
    <Point X="310" Y="221"/>
    <Point X="315" Y="214"/>
    <Point X="320" Y="207"/>
    <Point X="325" Y="199"/>
    <Point X="330" Y="192"/>
    <Point X="334" Y="184"/>
    <Point X="337" Y="176"/>
    <Point X="339" Y="170"/>
    <Point X="342" Y="163"/>
    <Point X="344" Y="157"/>
    <Point X="346" Y="152"/>
    <Point X="347" Y="148"/>
    <Point X="348" Y="145"/>
    <Point X="348" Y="141"/>
    <Point X="350" Y="137"/>
    <Point X="351" Y="134"/>
    <Point X="352" Y="130"/>
    <Point X="353" Y="127"/>
    <Point X="354" Y="125"/>
    <Point X="355" Y="123"/>
    <Point X="356" Y="120"/>
    <Point X="356" Y="119"/>
    <Point X="357" Y="118"/>
    <Point X="357" Y="117"/>
    <Point X="358" Y="117"/>
    <Point X="358" Y="116"/>
    <Point X="359" Y="116"/>
    <Point X="359" Y="117"/>
    <Point X="360" Y="119"/>
    <Point X="362" Y="121"/>
    <Point X="364" Y="125"/>
    <Point X="366" Y="131"/>
    <Point X="369" Y="139"/>
    <Point X="372" Y="149"/>
    <Point X="376" Y="159"/>
    <Point X="380" Y="169"/>
    <Point X="383" Y="180"/>
    <Point X="387" Y="191"/>
    <Point X="390" Y="201"/>
    <Point X="394" Y="211"/>
    <Point X="397" Y="220"/>
    <Point X="401" Y="230"/>
    <Point X="404" Y="237"/>
    <Point X="406" Y="245"/>
    <Point X="408" Y="251"/>
    <Point X="410" Y="257"/>
    <Point X="412" Y="263"/>
    <Point X="414" Y="268"/>
    <Point X="415" Y="271"/>
    <Point X="416" Y="275"/>
    <Point X="417" Y="278"/>
    <Point X="418" Y="279"/>
    <Point X="418" Y="280"/>
    <Point X="418" Y="281"/>
    <Point X="418" Y="282"/>
    <Point X="419" Y="283"/>
    <Point X="419" Y="284"/>
    <Point X="420" Y="284"/>
    <Point X="420" Y="285"/>
    <Point X="420" Y="286"/>
</Gesture>
