<?xml version="1.0" ?>
<Gesture Name="07" Subject="6" Number="7" NumPts="86">
    <Point X="253" Y="320"/>
    <Point X="253" Y="318"/>
    <Point X="253" Y="317"/>
    <Point X="254" Y="315"/>
    <Point X="255" Y="314"/>
    <Point X="256" Y="311"/>
    <Point X="257" Y="310"/>
    <Point X="258" Y="307"/>
    <Point X="260" Y="303"/>
    <Point X="263" Y="299"/>
    <Point X="265" Y="292"/>
    <Point X="269" Y="285"/>
    <Point X="273" Y="276"/>
    <Point X="278" Y="267"/>
    <Point X="282" Y="257"/>
    <Point X="288" Y="248"/>
    <Point X="293" Y="239"/>
    <Point X="298" Y="232"/>
    <Point X="302" Y="225"/>
    <Point X="307" Y="219"/>
    <Point X="311" Y="213"/>
    <Point X="314" Y="207"/>
    <Point X="316" Y="202"/>
    <Point X="318" Y="197"/>
    <Point X="321" Y="193"/>
    <Point X="322" Y="189"/>
    <Point X="325" Y="184"/>
    <Point X="327" Y="179"/>
    <Point X="330" Y="172"/>
    <Point X="332" Y="165"/>
    <Point X="334" Y="160"/>
    <Point X="336" Y="155"/>
    <Point X="338" Y="149"/>
    <Point X="339" Y="144"/>
    <Point X="340" Y="141"/>
    <Point X="341" Y="139"/>
    <Point X="342" Y="137"/>
    <Point X="342" Y="136"/>
    <Point X="342" Y="135"/>
    <Point X="343" Y="134"/>
    <Point X="343" Y="133"/>
    <Point X="343" Y="132"/>
    <Point X="344" Y="132"/>
    <Point X="345" Y="132"/>
    <Point X="345" Y="133"/>
    <Point X="346" Y="136"/>
    <Point X="348" Y="138"/>
    <Point X="349" Y="140"/>
    <Point X="350" Y="142"/>
    <Point X="352" Y="145"/>
    <Point X="355" Y="150"/>
    <Point X="358" Y="156"/>
    <Point X="362" Y="164"/>
    <Point X="366" Y="172"/>
    <Point X="370" Y="181"/>
    <Point X="374" Y="190"/>
    <Point X="380" Y="200"/>
    <Point X="384" Y="208"/>
    <Point X="390" Y="217"/>
    <Point X="394" Y="224"/>
    <Point X="397" Y="231"/>
    <Point X="400" Y="236"/>
    <Point X="402" Y="241"/>
    <Point X="405" Y="245"/>
    <Point X="407" Y="248"/>
    <Point X="408" Y="251"/>
    <Point X="409" Y="254"/>
    <Point X="411" Y="257"/>
    <Point X="412" Y="260"/>
    <Point X="414" Y="264"/>
    <Point X="416" Y="267"/>
    <Point X="417" Y="271"/>
    <Point X="419" Y="276"/>
    <Point X="421" Y="280"/>
    <Point X="422" Y="283"/>
    <Point X="423" Y="285"/>
    <Point X="424" Y="288"/>
    <Point X="426" Y="290"/>
    <Point X="426" Y="291"/>
    <Point X="427" Y="294"/>
    <Point X="428" Y="295"/>
    <Point X="429" Y="296"/>
    <Point X="429" Y="297"/>
    <Point X="429" Y="298"/>
    <Point X="430" Y="298"/>
    <Point X="430" Y="299"/>
</Gesture>
