<?xml version="1.0" ?>
<Gesture Name="06" Subject="6" Number="6" NumPts="75">
    <Point X="261" Y="328"/>
    <Point X="261" Y="327"/>
    <Point X="261" Y="326"/>
    <Point X="262" Y="325"/>
    <Point X="262" Y="323"/>
    <Point X="263" Y="320"/>
    <Point X="263" Y="319"/>
    <Point X="264" Y="316"/>
    <Point X="266" Y="312"/>
    <Point X="269" Y="306"/>
    <Point X="272" Y="300"/>
    <Point X="275" Y="294"/>
    <Point X="279" Y="287"/>
    <Point X="284" Y="281"/>
    <Point X="288" Y="275"/>
    <Point X="292" Y="270"/>
    <Point X="296" Y="264"/>
    <Point X="301" Y="259"/>
    <Point X="305" Y="253"/>
    <Point X="310" Y="248"/>
    <Point X="315" Y="241"/>
    <Point X="321" Y="234"/>
    <Point X="326" Y="226"/>
    <Point X="332" Y="218"/>
    <Point X="337" Y="210"/>
    <Point X="343" Y="203"/>
    <Point X="348" Y="196"/>
    <Point X="352" Y="191"/>
    <Point X="355" Y="187"/>
    <Point X="356" Y="184"/>
    <Point X="357" Y="181"/>
    <Point X="358" Y="180"/>
    <Point X="358" Y="179"/>
    <Point X="359" Y="178"/>
    <Point X="359" Y="176"/>
    <Point X="359" Y="175"/>
    <Point X="360" Y="174"/>
    <Point X="360" Y="175"/>
    <Point X="360" Y="176"/>
    <Point X="361" Y="178"/>
    <Point X="362" Y="179"/>
    <Point X="362" Y="182"/>
    <Point X="363" Y="183"/>
    <Point X="364" Y="187"/>
    <Point X="365" Y="190"/>
    <Point X="367" Y="196"/>
    <Point X="368" Y="203"/>
    <Point X="370" Y="210"/>
    <Point X="374" Y="219"/>
    <Point X="378" Y="229"/>
    <Point X="382" Y="239"/>
    <Point X="386" Y="249"/>
    <Point X="390" Y="259"/>
    <Point X="394" Y="268"/>
    <Point X="397" Y="275"/>
    <Point X="400" Y="281"/>
    <Point X="402" Y="287"/>
    <Point X="404" Y="290"/>
    <Point X="406" Y="294"/>
    <Point X="408" Y="296"/>
    <Point X="409" Y="299"/>
    <Point X="411" Y="301"/>
    <Point X="412" Y="303"/>
    <Point X="413" Y="306"/>
    <Point X="414" Y="308"/>
    <Point X="416" Y="311"/>
    <Point X="417" Y="314"/>
    <Point X="419" Y="316"/>
    <Point X="420" Y="318"/>
    <Point X="422" Y="321"/>
    <Point X="424" Y="324"/>
    <Point X="426" Y="325"/>
    <Point X="427" Y="327"/>
    <Point X="427" Y="328"/>
    <Point X="427" Y="329"/>
</Gesture>
