<?xml version="1.0" ?>
<Gesture Name="05" Subject="6" Number="5" NumPts="88">
    <Point X="252" Y="357"/>
    <Point X="252" Y="356"/>
    <Point X="253" Y="355"/>
    <Point X="253" Y="352"/>
    <Point X="254" Y="350"/>
    <Point X="255" Y="346"/>
    <Point X="256" Y="343"/>
    <Point X="258" Y="339"/>
    <Point X="259" Y="335"/>
    <Point X="262" Y="331"/>
    <Point X="263" Y="328"/>
    <Point X="265" Y="325"/>
    <Point X="268" Y="322"/>
    <Point X="270" Y="318"/>
    <Point X="272" Y="314"/>
    <Point X="275" Y="307"/>
    <Point X="279" Y="298"/>
    <Point X="283" Y="288"/>
    <Point X="287" Y="277"/>
    <Point X="292" Y="266"/>
    <Point X="296" Y="256"/>
    <Point X="301" Y="247"/>
    <Point X="305" Y="239"/>
    <Point X="309" Y="233"/>
    <Point X="311" Y="227"/>
    <Point X="313" Y="222"/>
    <Point X="315" Y="217"/>
    <Point X="317" Y="212"/>
    <Point X="319" Y="206"/>
    <Point X="321" Y="201"/>
    <Point X="323" Y="196"/>
    <Point X="325" Y="192"/>
    <Point X="325" Y="189"/>
    <Point X="326" Y="187"/>
    <Point X="327" Y="185"/>
    <Point X="328" Y="184"/>
    <Point X="328" Y="183"/>
    <Point X="328" Y="182"/>
    <Point X="329" Y="181"/>
    <Point X="330" Y="180"/>
    <Point X="330" Y="179"/>
    <Point X="332" Y="176"/>
    <Point X="332" Y="175"/>
    <Point X="334" Y="172"/>
    <Point X="335" Y="172"/>
    <Point X="335" Y="170"/>
    <Point X="336" Y="170"/>
    <Point X="336" Y="169"/>
    <Point X="337" Y="169"/>
    <Point X="337" Y="170"/>
    <Point X="338" Y="171"/>
    <Point X="339" Y="172"/>
    <Point X="340" Y="173"/>
    <Point X="341" Y="174"/>
    <Point X="341" Y="175"/>
    <Point X="342" Y="176"/>
    <Point X="343" Y="177"/>
    <Point X="345" Y="180"/>
    <Point X="347" Y="183"/>
    <Point X="350" Y="187"/>
    <Point X="354" Y="192"/>
    <Point X="358" Y="197"/>
    <Point X="362" Y="203"/>
    <Point X="367" Y="211"/>
    <Point X="373" Y="220"/>
    <Point X="378" Y="229"/>
    <Point X="383" Y="239"/>
    <Point X="388" Y="249"/>
    <Point X="394" Y="259"/>
    <Point X="398" Y="269"/>
    <Point X="403" Y="278"/>
    <Point X="407" Y="287"/>
    <Point X="411" Y="296"/>
    <Point X="414" Y="304"/>
    <Point X="417" Y="312"/>
    <Point X="419" Y="318"/>
    <Point X="422" Y="324"/>
    <Point X="424" Y="329"/>
    <Point X="426" Y="332"/>
    <Point X="427" Y="336"/>
    <Point X="428" Y="338"/>
    <Point X="429" Y="340"/>
    <Point X="430" Y="343"/>
    <Point X="431" Y="344"/>
    <Point X="431" Y="347"/>
    <Point X="433" Y="349"/>
    <Point X="434" Y="351"/>
    <Point X="434" Y="352"/>
</Gesture>
