<?xml version="1.0" ?>
<Gesture Name="03" Subject="6" Number="3" NumPts="82">
    <Point X="272" Y="328"/>
    <Point X="273" Y="328"/>
    <Point X="273" Y="327"/>
    <Point X="273" Y="326"/>
    <Point X="274" Y="325"/>
    <Point X="274" Y="324"/>
    <Point X="275" Y="323"/>
    <Point X="276" Y="320"/>
    <Point X="277" Y="319"/>
    <Point X="279" Y="315"/>
    <Point X="280" Y="312"/>
    <Point X="283" Y="307"/>
    <Point X="286" Y="301"/>
    <Point X="289" Y="295"/>
    <Point X="293" Y="289"/>
    <Point X="297" Y="282"/>
    <Point X="300" Y="276"/>
    <Point X="303" Y="270"/>
    <Point X="305" Y="265"/>
    <Point X="308" Y="260"/>
    <Point X="310" Y="254"/>
    <Point X="313" Y="248"/>
    <Point X="315" Y="242"/>
    <Point X="317" Y="236"/>
    <Point X="320" Y="230"/>
    <Point X="322" Y="225"/>
    <Point X="325" Y="219"/>
    <Point X="327" Y="215"/>
    <Point X="329" Y="210"/>
    <Point X="331" Y="205"/>
    <Point X="332" Y="202"/>
    <Point X="334" Y="197"/>
    <Point X="336" Y="193"/>
    <Point X="337" Y="189"/>
    <Point X="338" Y="186"/>
    <Point X="339" Y="183"/>
    <Point X="340" Y="180"/>
    <Point X="341" Y="177"/>
    <Point X="342" Y="175"/>
    <Point X="343" Y="173"/>
    <Point X="344" Y="170"/>
    <Point X="344" Y="169"/>
    <Point X="345" Y="168"/>
    <Point X="345" Y="167"/>
    <Point X="346" Y="166"/>
    <Point X="346" Y="165"/>
    <Point X="347" Y="165"/>
    <Point X="348" Y="167"/>
    <Point X="349" Y="168"/>
    <Point X="349" Y="169"/>
    <Point X="350" Y="172"/>
    <Point X="352" Y="176"/>
    <Point X="353" Y="182"/>
    <Point X="355" Y="189"/>
    <Point X="357" Y="197"/>
    <Point X="360" Y="206"/>
    <Point X="363" Y="215"/>
    <Point X="366" Y="225"/>
    <Point X="368" Y="234"/>
    <Point X="371" Y="244"/>
    <Point X="373" Y="253"/>
    <Point X="376" Y="262"/>
    <Point X="378" Y="269"/>
    <Point X="381" Y="276"/>
    <Point X="382" Y="283"/>
    <Point X="383" Y="288"/>
    <Point X="384" Y="293"/>
    <Point X="386" Y="297"/>
    <Point X="386" Y="299"/>
    <Point X="387" Y="301"/>
    <Point X="387" Y="303"/>
    <Point X="388" Y="305"/>
    <Point X="389" Y="306"/>
    <Point X="389" Y="308"/>
    <Point X="390" Y="310"/>
    <Point X="390" Y="311"/>
    <Point X="391" Y="312"/>
    <Point X="391" Y="314"/>
    <Point X="392" Y="315"/>
    <Point X="393" Y="316"/>
    <Point X="393" Y="317"/>
    <Point X="394" Y="317"/>
</Gesture>
