<?xml version="1.0" ?>
<Gesture Name="09" Subject="6" Number="9" NumPts="97">
    <Point X="264" Y="326"/>
    <Point X="264" Y="325"/>
    <Point X="265" Y="323"/>
    <Point X="266" Y="321"/>
    <Point X="267" Y="319"/>
    <Point X="268" Y="319"/>
    <Point X="269" Y="317"/>
    <Point X="271" Y="313"/>
    <Point X="273" Y="309"/>
    <Point X="277" Y="304"/>
    <Point X="281" Y="297"/>
    <Point X="286" Y="290"/>
    <Point X="291" Y="283"/>
    <Point X="294" Y="276"/>
    <Point X="299" Y="269"/>
    <Point X="303" Y="262"/>
    <Point X="307" Y="256"/>
    <Point X="310" Y="251"/>
    <Point X="313" Y="245"/>
    <Point X="316" Y="240"/>
    <Point X="319" Y="234"/>
    <Point X="322" Y="228"/>
    <Point X="325" Y="221"/>
    <Point X="328" Y="214"/>
    <Point X="331" Y="204"/>
    <Point X="334" Y="196"/>
    <Point X="336" Y="187"/>
    <Point X="338" Y="180"/>
    <Point X="339" Y="173"/>
    <Point X="341" Y="167"/>
    <Point X="342" Y="161"/>
    <Point X="342" Y="157"/>
    <Point X="343" Y="154"/>
    <Point X="343" Y="152"/>
    <Point X="343" Y="149"/>
    <Point X="344" Y="148"/>
    <Point X="344" Y="146"/>
    <Point X="345" Y="143"/>
    <Point X="345" Y="140"/>
    <Point X="346" Y="138"/>
    <Point X="346" Y="135"/>
    <Point X="347" Y="134"/>
    <Point X="347" Y="133"/>
    <Point X="347" Y="132"/>
    <Point X="347" Y="131"/>
    <Point X="347" Y="130"/>
    <Point X="348" Y="130"/>
    <Point X="348" Y="131"/>
    <Point X="349" Y="132"/>
    <Point X="350" Y="133"/>
    <Point X="352" Y="135"/>
    <Point X="354" Y="139"/>
    <Point X="356" Y="143"/>
    <Point X="358" Y="149"/>
    <Point X="362" Y="157"/>
    <Point X="365" Y="166"/>
    <Point X="368" Y="175"/>
    <Point X="371" Y="185"/>
    <Point X="375" Y="196"/>
    <Point X="379" Y="207"/>
    <Point X="382" Y="218"/>
    <Point X="387" Y="230"/>
    <Point X="391" Y="240"/>
    <Point X="394" Y="249"/>
    <Point X="397" Y="257"/>
    <Point X="400" Y="265"/>
    <Point X="402" Y="271"/>
    <Point X="404" Y="277"/>
    <Point X="405" Y="281"/>
    <Point X="406" Y="285"/>
    <Point X="407" Y="288"/>
    <Point X="407" Y="290"/>
    <Point X="407" Y="292"/>
    <Point X="408" Y="292"/>
    <Point X="408" Y="293"/>
    <Point X="408" Y="294"/>
    <Point X="409" Y="294"/>
    <Point X="409" Y="295"/>
    <Point X="409" Y="296"/>
    <Point X="410" Y="297"/>
    <Point X="411" Y="298"/>
    <Point X="411" Y="299"/>
    <Point X="411" Y="300"/>
    <Point X="411" Y="301"/>
    <Point X="412" Y="301"/>
    <Point X="412" Y="302"/>
    <Point X="412" Y="303"/>
    <Point X="412" Y="304"/>
    <Point X="413" Y="305"/>
    <Point X="413" Y="306"/>
    <Point X="413" Y="307"/>
    <Point X="414" Y="309"/>
    <Point X="414" Y="310"/>
    <Point X="414" Y="311"/>
    <Point X="414" Y="312"/>
    <Point X="414" Y="313"/>
    <Point X="415" Y="313"/>
</Gesture>
