<?xml version="1.0" ?>
<Gesture Name="02" Subject="6" Number="2" NumPts="63">
    <Point X="279" Y="334"/>
    <Point X="279" Y="333"/>
    <Point X="279" Y="332"/>
    <Point X="280" Y="331"/>
    <Point X="281" Y="329"/>
    <Point X="281" Y="325"/>
    <Point X="282" Y="322"/>
    <Point X="285" Y="316"/>
    <Point X="287" Y="311"/>
    <Point X="290" Y="304"/>
    <Point X="294" Y="297"/>
    <Point X="298" Y="288"/>
    <Point X="302" Y="280"/>
    <Point X="307" Y="272"/>
    <Point X="312" Y="263"/>
    <Point X="317" Y="255"/>
    <Point X="321" Y="247"/>
    <Point X="325" Y="240"/>
    <Point X="330" Y="232"/>
    <Point X="333" Y="225"/>
    <Point X="336" Y="219"/>
    <Point X="338" Y="214"/>
    <Point X="340" Y="211"/>
    <Point X="341" Y="208"/>
    <Point X="342" Y="205"/>
    <Point X="343" Y="202"/>
    <Point X="344" Y="199"/>
    <Point X="346" Y="196"/>
    <Point X="347" Y="193"/>
    <Point X="348" Y="191"/>
    <Point X="349" Y="188"/>
    <Point X="349" Y="187"/>
    <Point X="349" Y="185"/>
    <Point X="350" Y="185"/>
    <Point X="350" Y="184"/>
    <Point X="351" Y="184"/>
    <Point X="353" Y="186"/>
    <Point X="354" Y="188"/>
    <Point X="355" Y="190"/>
    <Point X="357" Y="194"/>
    <Point X="360" Y="200"/>
    <Point X="363" Y="206"/>
    <Point X="367" Y="212"/>
    <Point X="371" Y="219"/>
    <Point X="374" Y="227"/>
    <Point X="378" Y="234"/>
    <Point X="381" Y="241"/>
    <Point X="384" Y="247"/>
    <Point X="386" Y="253"/>
    <Point X="389" Y="259"/>
    <Point X="391" Y="266"/>
    <Point X="393" Y="271"/>
    <Point X="394" Y="276"/>
    <Point X="396" Y="282"/>
    <Point X="398" Y="286"/>
    <Point X="400" Y="292"/>
    <Point X="403" Y="297"/>
    <Point X="405" Y="302"/>
    <Point X="406" Y="307"/>
    <Point X="408" Y="310"/>
    <Point X="410" Y="314"/>
    <Point X="411" Y="318"/>
    <Point X="412" Y="319"/>
</Gesture>
