<?xml version="1.0" ?>
<Gesture Name="01" Subject="6" Number="1" NumPts="63">
    <Point X="263" Y="339"/>
    <Point X="263" Y="338"/>
    <Point X="263" Y="335"/>
    <Point X="263" Y="331"/>
    <Point X="263" Y="327"/>
    <Point X="263" Y="321"/>
    <Point X="263" Y="314"/>
    <Point X="265" Y="307"/>
    <Point X="266" Y="297"/>
    <Point X="267" Y="287"/>
    <Point X="269" Y="277"/>
    <Point X="272" Y="265"/>
    <Point X="274" Y="255"/>
    <Point X="276" Y="245"/>
    <Point X="277" Y="236"/>
    <Point X="279" Y="227"/>
    <Point X="279" Y="218"/>
    <Point X="280" Y="210"/>
    <Point X="280" Y="201"/>
    <Point X="280" Y="194"/>
    <Point X="280" Y="187"/>
    <Point X="280" Y="180"/>
    <Point X="280" Y="173"/>
    <Point X="280" Y="167"/>
    <Point X="280" Y="160"/>
    <Point X="280" Y="153"/>
    <Point X="280" Y="147"/>
    <Point X="280" Y="141"/>
    <Point X="280" Y="136"/>
    <Point X="281" Y="131"/>
    <Point X="281" Y="127"/>
    <Point X="281" Y="124"/>
    <Point X="281" Y="122"/>
    <Point X="281" Y="121"/>
    <Point X="281" Y="120"/>
    <Point X="282" Y="121"/>
    <Point X="283" Y="121"/>
    <Point X="284" Y="122"/>
    <Point X="285" Y="123"/>
    <Point X="286" Y="124"/>
    <Point X="287" Y="126"/>
    <Point X="289" Y="128"/>
    <Point X="289" Y="130"/>
    <Point X="292" Y="133"/>
    <Point X="295" Y="139"/>
    <Point X="299" Y="146"/>
    <Point X="303" Y="155"/>
    <Point X="309" Y="166"/>
    <Point X="314" Y="178"/>
    <Point X="320" Y="190"/>
    <Point X="326" Y="203"/>
    <Point X="332" Y="218"/>
    <Point X="339" Y="233"/>
    <Point X="345" Y="248"/>
    <Point X="351" Y="262"/>
    <Point X="357" Y="277"/>
    <Point X="361" Y="291"/>
    <Point X="366" Y="303"/>
    <Point X="369" Y="316"/>
    <Point X="371" Y="326"/>
    <Point X="373" Y="333"/>
    <Point X="374" Y="339"/>
    <Point X="375" Y="342"/>
</Gesture>
