<?xml version="1.0" ?>
<Gesture Name="04" Subject="6" Number="4" NumPts="74">
    <Point X="218" Y="296"/>
    <Point X="218" Y="295"/>
    <Point X="218" Y="293"/>
    <Point X="218" Y="291"/>
    <Point X="219" Y="290"/>
    <Point X="220" Y="287"/>
    <Point X="222" Y="283"/>
    <Point X="225" Y="278"/>
    <Point X="228" Y="273"/>
    <Point X="233" Y="267"/>
    <Point X="238" Y="261"/>
    <Point X="243" Y="255"/>
    <Point X="248" Y="249"/>
    <Point X="253" Y="244"/>
    <Point X="257" Y="238"/>
    <Point X="261" Y="232"/>
    <Point X="265" Y="226"/>
    <Point X="269" Y="220"/>
    <Point X="272" Y="212"/>
    <Point X="276" Y="205"/>
    <Point X="280" Y="198"/>
    <Point X="283" Y="192"/>
    <Point X="286" Y="186"/>
    <Point X="289" Y="180"/>
    <Point X="291" Y="175"/>
    <Point X="293" Y="172"/>
    <Point X="294" Y="168"/>
    <Point X="296" Y="165"/>
    <Point X="297" Y="161"/>
    <Point X="299" Y="158"/>
    <Point X="301" Y="154"/>
    <Point X="302" Y="152"/>
    <Point X="302" Y="150"/>
    <Point X="303" Y="148"/>
    <Point X="303" Y="147"/>
    <Point X="303" Y="146"/>
    <Point X="304" Y="145"/>
    <Point X="304" Y="144"/>
    <Point X="304" Y="143"/>
    <Point X="305" Y="145"/>
    <Point X="306" Y="146"/>
    <Point X="306" Y="149"/>
    <Point X="308" Y="154"/>
    <Point X="310" Y="161"/>
    <Point X="312" Y="171"/>
    <Point X="316" Y="181"/>
    <Point X="319" Y="190"/>
    <Point X="322" Y="200"/>
    <Point X="324" Y="208"/>
    <Point X="327" Y="215"/>
    <Point X="329" Y="221"/>
    <Point X="330" Y="227"/>
    <Point X="332" Y="232"/>
    <Point X="333" Y="235"/>
    <Point X="333" Y="239"/>
    <Point X="334" Y="242"/>
    <Point X="334" Y="245"/>
    <Point X="335" Y="248"/>
    <Point X="335" Y="250"/>
    <Point X="336" Y="253"/>
    <Point X="336" Y="254"/>
    <Point X="337" Y="256"/>
    <Point X="337" Y="258"/>
    <Point X="338" Y="260"/>
    <Point X="338" Y="261"/>
    <Point X="339" Y="263"/>
    <Point X="340" Y="265"/>
    <Point X="341" Y="267"/>
    <Point X="342" Y="268"/>
    <Point X="343" Y="269"/>
    <Point X="343" Y="270"/>
    <Point X="343" Y="271"/>
    <Point X="344" Y="271"/>
    <Point X="344" Y="272"/>
</Gesture>
