<?xml version="1.0" ?>
<Gesture Name="08" Subject="6" Number="8" NumPts="82">
    <Point X="261" Y="323"/>
    <Point X="261" Y="322"/>
    <Point X="262" Y="320"/>
    <Point X="262" Y="319"/>
    <Point X="263" Y="317"/>
    <Point X="264" Y="315"/>
    <Point X="265" Y="313"/>
    <Point X="268" Y="309"/>
    <Point X="271" Y="304"/>
    <Point X="274" Y="299"/>
    <Point X="278" Y="294"/>
    <Point X="281" Y="289"/>
    <Point X="285" Y="283"/>
    <Point X="287" Y="278"/>
    <Point X="290" Y="273"/>
    <Point X="293" Y="267"/>
    <Point X="295" Y="262"/>
    <Point X="297" Y="256"/>
    <Point X="300" Y="248"/>
    <Point X="303" Y="240"/>
    <Point X="307" Y="232"/>
    <Point X="311" Y="224"/>
    <Point X="315" Y="216"/>
    <Point X="318" Y="209"/>
    <Point X="321" Y="201"/>
    <Point X="325" Y="194"/>
    <Point X="327" Y="188"/>
    <Point X="330" Y="182"/>
    <Point X="331" Y="176"/>
    <Point X="333" Y="171"/>
    <Point X="334" Y="165"/>
    <Point X="336" Y="160"/>
    <Point X="337" Y="155"/>
    <Point X="339" Y="151"/>
    <Point X="340" Y="148"/>
    <Point X="341" Y="145"/>
    <Point X="341" Y="143"/>
    <Point X="341" Y="141"/>
    <Point X="342" Y="141"/>
    <Point X="342" Y="140"/>
    <Point X="343" Y="140"/>
    <Point X="344" Y="142"/>
    <Point X="345" Y="143"/>
    <Point X="345" Y="144"/>
    <Point X="347" Y="147"/>
    <Point X="349" Y="151"/>
    <Point X="352" Y="155"/>
    <Point X="355" Y="160"/>
    <Point X="359" Y="165"/>
    <Point X="362" Y="172"/>
    <Point X="366" Y="179"/>
    <Point X="370" Y="187"/>
    <Point X="373" Y="195"/>
    <Point X="377" Y="203"/>
    <Point X="380" Y="212"/>
    <Point X="383" Y="221"/>
    <Point X="386" Y="230"/>
    <Point X="388" Y="237"/>
    <Point X="391" Y="244"/>
    <Point X="393" Y="251"/>
    <Point X="395" Y="257"/>
    <Point X="397" Y="263"/>
    <Point X="398" Y="268"/>
    <Point X="400" Y="274"/>
    <Point X="401" Y="277"/>
    <Point X="402" Y="279"/>
    <Point X="403" Y="281"/>
    <Point X="403" Y="282"/>
    <Point X="404" Y="283"/>
    <Point X="404" Y="284"/>
    <Point X="405" Y="285"/>
    <Point X="405" Y="286"/>
    <Point X="407" Y="288"/>
    <Point X="407" Y="289"/>
    <Point X="407" Y="291"/>
    <Point X="408" Y="293"/>
    <Point X="409" Y="296"/>
    <Point X="410" Y="298"/>
    <Point X="410" Y="300"/>
    <Point X="411" Y="300"/>
    <Point X="411" Y="301"/>
    <Point X="411" Y="302"/>
</Gesture>
