<?xml version="1.0" ?>
<Gesture Name="10" Subject="6" Number="10" NumPts="48">
    <Point X="205" Y="172"/>
    <Point X="206" Y="174"/>
    <Point X="209" Y="177"/>
    <Point X="211" Y="179"/>
    <Point X="211" Y="180"/>
    <Point X="213" Y="183"/>
    <Point X="216" Y="186"/>
    <Point X="218" Y="190"/>
    <Point X="221" Y="194"/>
    <Point X="224" Y="198"/>
    <Point X="228" Y="203"/>
    <Point X="231" Y="207"/>
    <Point X="234" Y="211"/>
    <Point X="236" Y="215"/>
    <Point X="238" Y="218"/>
    <Point X="240" Y="221"/>
    <Point X="241" Y="223"/>
    <Point X="243" Y="225"/>
    <Point X="243" Y="226"/>
    <Point X="244" Y="226"/>
    <Point X="246" Y="223"/>
    <Point X="247" Y="222"/>
    <Point X="249" Y="218"/>
    <Point X="251" Y="213"/>
    <Point X="255" Y="205"/>
    <Point X="259" Y="196"/>
    <Point X="263" Y="186"/>
    <Point X="267" Y="174"/>
    <Point X="273" Y="162"/>
    <Point X="278" Y="150"/>
    <Point X="283" Y="138"/>
    <Point X="288" Y="125"/>
    <Point X="293" Y="114"/>
    <Point X="297" Y="105"/>
    <Point X="301" Y="97"/>
    <Point X="304" Y="92"/>
    <Point X="305" Y="87"/>
    <Point X="307" Y="85"/>
    <Point X="307" Y="84"/>
    <Point X="308" Y="83"/>
    <Point X="309" Y="82"/>
    <Point X="311" Y="80"/>
    <Point X="312" Y="79"/>
    <Point X="313" Y="78"/>
    <Point X="315" Y="76"/>
    <Point X="316" Y="75"/>
    <Point X="317" Y="74"/>
    <Point X="317" Y="73"/>
</Gesture>
