<?xml version="1.0" ?>
<Gesture Name="06" Subject="6" Number="6" NumPts="45">
    <Point X="258" Y="219"/>
    <Point X="259" Y="219"/>
    <Point X="261" Y="220"/>
    <Point X="262" Y="221"/>
    <Point X="272" Y="232"/>
    <Point X="278" Y="240"/>
    <Point X="283" Y="246"/>
    <Point X="287" Y="250"/>
    <Point X="291" Y="254"/>
    <Point X="293" Y="257"/>
    <Point X="296" Y="260"/>
    <Point X="298" Y="262"/>
    <Point X="299" Y="263"/>
    <Point X="301" Y="264"/>
    <Point X="302" Y="264"/>
    <Point X="303" Y="264"/>
    <Point X="304" Y="263"/>
    <Point X="304" Y="262"/>
    <Point X="305" Y="259"/>
    <Point X="307" Y="253"/>
    <Point X="310" Y="246"/>
    <Point X="313" Y="237"/>
    <Point X="316" Y="226"/>
    <Point X="321" Y="215"/>
    <Point X="325" Y="201"/>
    <Point X="330" Y="188"/>
    <Point X="335" Y="175"/>
    <Point X="340" Y="163"/>
    <Point X="345" Y="150"/>
    <Point X="350" Y="140"/>
    <Point X="355" Y="129"/>
    <Point X="359" Y="121"/>
    <Point X="361" Y="113"/>
    <Point X="363" Y="107"/>
    <Point X="365" Y="101"/>
    <Point X="367" Y="95"/>
    <Point X="368" Y="89"/>
    <Point X="369" Y="84"/>
    <Point X="370" Y="78"/>
    <Point X="371" Y="74"/>
    <Point X="372" Y="70"/>
    <Point X="373" Y="66"/>
    <Point X="374" Y="63"/>
    <Point X="375" Y="60"/>
    <Point X="375" Y="58"/>
</Gesture>
