<?xml version="1.0" ?>
<Gesture Name="03" Subject="6" Number="3" NumPts="38">
    <Point X="246" Y="200"/>
    <Point X="247" Y="201"/>
    <Point X="248" Y="203"/>
    <Point X="250" Y="205"/>
    <Point X="252" Y="207"/>
    <Point X="253" Y="209"/>
    <Point X="254" Y="210"/>
    <Point X="256" Y="213"/>
    <Point X="259" Y="216"/>
    <Point X="262" Y="220"/>
    <Point X="265" Y="223"/>
    <Point X="268" Y="227"/>
    <Point X="271" Y="231"/>
    <Point X="274" Y="233"/>
    <Point X="276" Y="235"/>
    <Point X="278" Y="237"/>
    <Point X="280" Y="239"/>
    <Point X="281" Y="239"/>
    <Point X="282" Y="239"/>
    <Point X="283" Y="239"/>
    <Point X="286" Y="236"/>
    <Point X="287" Y="234"/>
    <Point X="289" Y="230"/>
    <Point X="292" Y="224"/>
    <Point X="296" Y="217"/>
    <Point X="300" Y="208"/>
    <Point X="305" Y="198"/>
    <Point X="310" Y="187"/>
    <Point X="314" Y="175"/>
    <Point X="319" Y="163"/>
    <Point X="324" Y="150"/>
    <Point X="328" Y="137"/>
    <Point X="332" Y="125"/>
    <Point X="337" Y="113"/>
    <Point X="341" Y="103"/>
    <Point X="344" Y="96"/>
    <Point X="346" Y="90"/>
    <Point X="347" Y="89"/>
</Gesture>
