<?xml version="1.0" ?>
<Gesture Name="04" Subject="6" Number="4" NumPts="37">
    <Point X="258" Y="262"/>
    <Point X="259" Y="264"/>
    <Point X="259" Y="265"/>
    <Point X="261" Y="267"/>
    <Point X="263" Y="270"/>
    <Point X="265" Y="274"/>
    <Point X="268" Y="278"/>
    <Point X="271" Y="283"/>
    <Point X="275" Y="288"/>
    <Point X="279" Y="293"/>
    <Point X="283" Y="297"/>
    <Point X="286" Y="300"/>
    <Point X="288" Y="303"/>
    <Point X="289" Y="303"/>
    <Point X="290" Y="303"/>
    <Point X="291" Y="302"/>
    <Point X="291" Y="301"/>
    <Point X="293" Y="298"/>
    <Point X="294" Y="295"/>
    <Point X="297" Y="291"/>
    <Point X="300" Y="284"/>
    <Point X="303" Y="277"/>
    <Point X="306" Y="268"/>
    <Point X="310" Y="258"/>
    <Point X="312" Y="247"/>
    <Point X="315" Y="235"/>
    <Point X="317" Y="223"/>
    <Point X="320" Y="210"/>
    <Point X="323" Y="198"/>
    <Point X="325" Y="186"/>
    <Point X="328" Y="176"/>
    <Point X="332" Y="168"/>
    <Point X="336" Y="161"/>
    <Point X="340" Y="155"/>
    <Point X="343" Y="151"/>
    <Point X="346" Y="148"/>
    <Point X="348" Y="147"/>
</Gesture>
