<?xml version="1.0" ?>
<Gesture Name="08" Subject="6" Number="8" NumPts="56">
    <Point X="242" Y="231"/>
    <Point X="243" Y="232"/>
    <Point X="244" Y="234"/>
    <Point X="246" Y="237"/>
    <Point X="247" Y="238"/>
    <Point X="249" Y="240"/>
    <Point X="252" Y="244"/>
    <Point X="255" Y="249"/>
    <Point X="258" Y="255"/>
    <Point X="262" Y="260"/>
    <Point X="266" Y="266"/>
    <Point X="269" Y="271"/>
    <Point X="272" Y="276"/>
    <Point X="275" Y="281"/>
    <Point X="278" Y="286"/>
    <Point X="281" Y="290"/>
    <Point X="283" Y="293"/>
    <Point X="284" Y="296"/>
    <Point X="286" Y="298"/>
    <Point X="287" Y="300"/>
    <Point X="288" Y="301"/>
    <Point X="288" Y="299"/>
    <Point X="288" Y="297"/>
    <Point X="289" Y="297"/>
    <Point X="289" Y="294"/>
    <Point X="290" Y="290"/>
    <Point X="292" Y="286"/>
    <Point X="294" Y="279"/>
    <Point X="297" Y="271"/>
    <Point X="301" Y="261"/>
    <Point X="306" Y="250"/>
    <Point X="312" Y="237"/>
    <Point X="320" Y="224"/>
    <Point X="328" Y="210"/>
    <Point X="336" Y="196"/>
    <Point X="342" Y="185"/>
    <Point X="348" Y="174"/>
    <Point X="354" Y="164"/>
    <Point X="357" Y="157"/>
    <Point X="360" Y="149"/>
    <Point X="362" Y="142"/>
    <Point X="363" Y="136"/>
    <Point X="364" Y="131"/>
    <Point X="364" Y="126"/>
    <Point X="365" Y="122"/>
    <Point X="365" Y="118"/>
    <Point X="366" Y="114"/>
    <Point X="366" Y="111"/>
    <Point X="367" Y="108"/>
    <Point X="368" Y="104"/>
    <Point X="369" Y="101"/>
    <Point X="370" Y="98"/>
    <Point X="371" Y="96"/>
    <Point X="371" Y="95"/>
    <Point X="371" Y="94"/>
    <Point X="372" Y="94"/>
</Gesture>
