<?xml version="1.0" ?>
<Gesture Name="05" Subject="6" Number="5" NumPts="50">
    <Point X="235" Y="200"/>
    <Point X="235" Y="199"/>
    <Point X="236" Y="200"/>
    <Point X="238" Y="202"/>
    <Point X="240" Y="204"/>
    <Point X="241" Y="205"/>
    <Point X="245" Y="207"/>
    <Point X="249" Y="211"/>
    <Point X="254" Y="215"/>
    <Point X="260" Y="220"/>
    <Point X="265" Y="225"/>
    <Point X="272" Y="231"/>
    <Point X="278" Y="237"/>
    <Point X="284" Y="243"/>
    <Point X="289" Y="248"/>
    <Point X="293" Y="252"/>
    <Point X="296" Y="255"/>
    <Point X="298" Y="258"/>
    <Point X="299" Y="260"/>
    <Point X="300" Y="260"/>
    <Point X="300" Y="261"/>
    <Point X="301" Y="261"/>
    <Point X="302" Y="261"/>
    <Point X="302" Y="259"/>
    <Point X="303" Y="256"/>
    <Point X="303" Y="249"/>
    <Point X="305" Y="241"/>
    <Point X="308" Y="230"/>
    <Point X="312" Y="218"/>
    <Point X="318" Y="203"/>
    <Point X="325" Y="187"/>
    <Point X="333" Y="170"/>
    <Point X="343" Y="154"/>
    <Point X="352" Y="139"/>
    <Point X="362" Y="126"/>
    <Point X="371" Y="114"/>
    <Point X="379" Y="104"/>
    <Point X="386" Y="95"/>
    <Point X="391" Y="87"/>
    <Point X="395" Y="82"/>
    <Point X="398" Y="77"/>
    <Point X="400" Y="73"/>
    <Point X="401" Y="70"/>
    <Point X="402" Y="66"/>
    <Point X="403" Y="61"/>
    <Point X="403" Y="57"/>
    <Point X="403" Y="52"/>
    <Point X="403" Y="46"/>
    <Point X="403" Y="41"/>
    <Point X="403" Y="36"/>
</Gesture>
