<?xml version="1.0" ?>
<Gesture Name="07" Subject="6" Number="7" NumPts="63">
    <Point X="265" Y="230"/>
    <Point X="265" Y="231"/>
    <Point X="267" Y="233"/>
    <Point X="269" Y="234"/>
    <Point X="269" Y="235"/>
    <Point X="271" Y="237"/>
    <Point X="273" Y="239"/>
    <Point X="275" Y="242"/>
    <Point X="278" Y="245"/>
    <Point X="281" Y="249"/>
    <Point X="285" Y="253"/>
    <Point X="288" Y="256"/>
    <Point X="293" Y="261"/>
    <Point X="296" Y="266"/>
    <Point X="300" Y="270"/>
    <Point X="303" Y="274"/>
    <Point X="306" Y="279"/>
    <Point X="308" Y="282"/>
    <Point X="310" Y="285"/>
    <Point X="312" Y="288"/>
    <Point X="315" Y="291"/>
    <Point X="316" Y="294"/>
    <Point X="318" Y="297"/>
    <Point X="319" Y="299"/>
    <Point X="320" Y="300"/>
    <Point X="321" Y="300"/>
    <Point X="321" Y="301"/>
    <Point X="321" Y="299"/>
    <Point X="322" Y="297"/>
    <Point X="323" Y="294"/>
    <Point X="324" Y="290"/>
    <Point X="327" Y="285"/>
    <Point X="330" Y="277"/>
    <Point X="334" Y="268"/>
    <Point X="339" Y="258"/>
    <Point X="343" Y="246"/>
    <Point X="348" Y="234"/>
    <Point X="354" Y="220"/>
    <Point X="359" Y="207"/>
    <Point X="365" Y="194"/>
    <Point X="370" Y="183"/>
    <Point X="375" Y="173"/>
    <Point X="379" Y="165"/>
    <Point X="383" Y="159"/>
    <Point X="385" Y="153"/>
    <Point X="388" Y="147"/>
    <Point X="391" Y="142"/>
    <Point X="393" Y="136"/>
    <Point X="396" Y="129"/>
    <Point X="399" Y="122"/>
    <Point X="401" Y="114"/>
    <Point X="404" Y="106"/>
    <Point X="406" Y="99"/>
    <Point X="408" Y="92"/>
    <Point X="410" Y="85"/>
    <Point X="412" Y="79"/>
    <Point X="414" Y="72"/>
    <Point X="416" Y="66"/>
    <Point X="417" Y="61"/>
    <Point X="418" Y="58"/>
    <Point X="419" Y="55"/>
    <Point X="419" Y="53"/>
    <Point X="419" Y="52"/>
</Gesture>
