<?xml version="1.0" ?>
<Gesture Name="09" Subject="6" Number="9" NumPts="49">
    <Point X="231" Y="210"/>
    <Point X="232" Y="212"/>
    <Point X="232" Y="213"/>
    <Point X="233" Y="215"/>
    <Point X="235" Y="217"/>
    <Point X="241" Y="227"/>
    <Point X="245" Y="235"/>
    <Point X="249" Y="241"/>
    <Point X="252" Y="248"/>
    <Point X="255" Y="253"/>
    <Point X="258" Y="259"/>
    <Point X="261" Y="264"/>
    <Point X="264" Y="269"/>
    <Point X="266" Y="274"/>
    <Point X="268" Y="278"/>
    <Point X="270" Y="281"/>
    <Point X="271" Y="283"/>
    <Point X="272" Y="285"/>
    <Point X="273" Y="286"/>
    <Point X="274" Y="286"/>
    <Point X="274" Y="287"/>
    <Point X="275" Y="287"/>
    <Point X="276" Y="284"/>
    <Point X="277" Y="283"/>
    <Point X="278" Y="280"/>
    <Point X="280" Y="275"/>
    <Point X="283" Y="267"/>
    <Point X="287" Y="258"/>
    <Point X="293" Y="246"/>
    <Point X="302" Y="232"/>
    <Point X="312" Y="218"/>
    <Point X="323" Y="204"/>
    <Point X="334" Y="190"/>
    <Point X="345" Y="178"/>
    <Point X="354" Y="167"/>
    <Point X="363" Y="156"/>
    <Point X="370" Y="146"/>
    <Point X="377" Y="137"/>
    <Point X="383" Y="129"/>
    <Point X="388" Y="120"/>
    <Point X="391" Y="112"/>
    <Point X="395" Y="104"/>
    <Point X="397" Y="95"/>
    <Point X="400" Y="87"/>
    <Point X="402" Y="80"/>
    <Point X="404" Y="72"/>
    <Point X="405" Y="67"/>
    <Point X="406" Y="63"/>
    <Point X="406" Y="62"/>
</Gesture>
