<?xml version="1.0" ?>
<Gesture Name="08" Subject="6" Number="8" NumPts="220">
    <Point X="318" Y="137"/>
    <Point X="318" Y="138"/>
    <Point X="317" Y="139"/>
    <Point X="317" Y="140"/>
    <Point X="316" Y="141"/>
    <Point X="316" Y="143"/>
    <Point X="314" Y="145"/>
    <Point X="313" Y="146"/>
    <Point X="312" Y="148"/>
    <Point X="310" Y="151"/>
    <Point X="308" Y="155"/>
    <Point X="307" Y="158"/>
    <Point X="305" Y="161"/>
    <Point X="303" Y="164"/>
    <Point X="302" Y="167"/>
    <Point X="301" Y="170"/>
    <Point X="300" Y="173"/>
    <Point X="299" Y="175"/>
    <Point X="299" Y="178"/>
    <Point X="298" Y="182"/>
    <Point X="297" Y="187"/>
    <Point X="296" Y="192"/>
    <Point X="295" Y="196"/>
    <Point X="294" Y="202"/>
    <Point X="294" Y="207"/>
    <Point X="294" Y="213"/>
    <Point X="293" Y="219"/>
    <Point X="293" Y="224"/>
    <Point X="293" Y="229"/>
    <Point X="293" Y="235"/>
    <Point X="293" Y="240"/>
    <Point X="293" Y="243"/>
    <Point X="293" Y="247"/>
    <Point X="293" Y="251"/>
    <Point X="294" Y="255"/>
    <Point X="294" Y="259"/>
    <Point X="295" Y="264"/>
    <Point X="297" Y="268"/>
    <Point X="299" Y="271"/>
    <Point X="300" Y="275"/>
    <Point X="301" Y="279"/>
    <Point X="303" Y="283"/>
    <Point X="305" Y="288"/>
    <Point X="308" Y="293"/>
    <Point X="311" Y="297"/>
    <Point X="315" Y="302"/>
    <Point X="319" Y="307"/>
    <Point X="323" Y="312"/>
    <Point X="327" Y="316"/>
    <Point X="331" Y="320"/>
    <Point X="334" Y="323"/>
    <Point X="337" Y="326"/>
    <Point X="339" Y="328"/>
    <Point X="341" Y="330"/>
    <Point X="342" Y="332"/>
    <Point X="346" Y="334"/>
    <Point X="350" Y="337"/>
    <Point X="353" Y="340"/>
    <Point X="357" Y="342"/>
    <Point X="360" Y="344"/>
    <Point X="364" Y="346"/>
    <Point X="368" Y="348"/>
    <Point X="372" Y="349"/>
    <Point X="375" Y="350"/>
    <Point X="378" Y="351"/>
    <Point X="380" Y="352"/>
    <Point X="383" Y="353"/>
    <Point X="386" Y="353"/>
    <Point X="390" Y="353"/>
    <Point X="393" Y="353"/>
    <Point X="396" Y="353"/>
    <Point X="399" Y="353"/>
    <Point X="403" Y="353"/>
    <Point X="407" Y="353"/>
    <Point X="410" Y="353"/>
    <Point X="414" Y="353"/>
    <Point X="417" Y="353"/>
    <Point X="419" Y="353"/>
    <Point X="422" Y="352"/>
    <Point X="425" Y="351"/>
    <Point X="428" Y="350"/>
    <Point X="430" Y="348"/>
    <Point X="434" Y="346"/>
    <Point X="439" Y="343"/>
    <Point X="443" Y="340"/>
    <Point X="448" Y="338"/>
    <Point X="453" Y="334"/>
    <Point X="458" Y="332"/>
    <Point X="461" Y="330"/>
    <Point X="463" Y="328"/>
    <Point X="465" Y="326"/>
    <Point X="468" Y="323"/>
    <Point X="470" Y="318"/>
    <Point X="472" Y="314"/>
    <Point X="475" Y="310"/>
    <Point X="478" Y="303"/>
    <Point X="481" Y="297"/>
    <Point X="484" Y="291"/>
    <Point X="487" Y="284"/>
    <Point X="490" Y="277"/>
    <Point X="492" Y="272"/>
    <Point X="494" Y="267"/>
    <Point X="495" Y="263"/>
    <Point X="497" Y="259"/>
    <Point X="498" Y="254"/>
    <Point X="500" Y="249"/>
    <Point X="501" Y="244"/>
    <Point X="502" Y="239"/>
    <Point X="503" Y="233"/>
    <Point X="504" Y="228"/>
    <Point X="505" Y="222"/>
    <Point X="506" Y="218"/>
    <Point X="506" Y="213"/>
    <Point X="507" Y="209"/>
    <Point X="507" Y="205"/>
    <Point X="507" Y="201"/>
    <Point X="507" Y="198"/>
    <Point X="507" Y="195"/>
    <Point X="507" Y="191"/>
    <Point X="507" Y="188"/>
    <Point X="506" Y="184"/>
    <Point X="505" Y="180"/>
    <Point X="504" Y="176"/>
    <Point X="503" Y="171"/>
    <Point X="502" Y="166"/>
    <Point X="500" Y="162"/>
    <Point X="498" Y="158"/>
    <Point X="497" Y="154"/>
    <Point X="494" Y="149"/>
    <Point X="492" Y="145"/>
    <Point X="490" Y="140"/>
    <Point X="487" Y="136"/>
    <Point X="485" Y="133"/>
    <Point X="482" Y="130"/>
    <Point X="480" Y="126"/>
    <Point X="477" Y="124"/>
    <Point X="474" Y="121"/>
    <Point X="472" Y="118"/>
    <Point X="469" Y="116"/>
    <Point X="467" Y="114"/>
    <Point X="463" Y="112"/>
    <Point X="460" Y="110"/>
    <Point X="456" Y="108"/>
    <Point X="452" Y="107"/>
    <Point X="448" Y="106"/>
    <Point X="444" Y="104"/>
    <Point X="442" Y="103"/>
    <Point X="440" Y="103"/>
    <Point X="439" Y="103"/>
    <Point X="438" Y="103"/>
    <Point X="438" Y="102"/>
    <Point X="437" Y="102"/>
    <Point X="436" Y="102"/>
    <Point X="435" Y="101"/>
    <Point X="434" Y="101"/>
    <Point X="431" Y="101"/>
    <Point X="429" Y="101"/>
    <Point X="426" Y="100"/>
    <Point X="422" Y="100"/>
    <Point X="420" Y="100"/>
    <Point X="418" Y="100"/>
    <Point X="417" Y="100"/>
    <Point X="416" Y="100"/>
    <Point X="415" Y="100"/>
    <Point X="414" Y="100"/>
    <Point X="412" Y="100"/>
    <Point X="410" Y="100"/>
    <Point X="409" Y="100"/>
    <Point X="406" Y="100"/>
    <Point X="403" Y="100"/>
    <Point X="400" Y="100"/>
    <Point X="397" Y="100"/>
    <Point X="394" Y="101"/>
    <Point X="391" Y="101"/>
    <Point X="388" Y="102"/>
    <Point X="386" Y="102"/>
    <Point X="384" Y="103"/>
    <Point X="383" Y="103"/>
    <Point X="380" Y="103"/>
    <Point X="378" Y="104"/>
    <Point X="374" Y="105"/>
    <Point X="369" Y="106"/>
    <Point X="365" Y="107"/>
    <Point X="359" Y="107"/>
    <Point X="354" Y="109"/>
    <Point X="348" Y="110"/>
    <Point X="345" Y="111"/>
    <Point X="341" Y="111"/>
    <Point X="339" Y="112"/>
    <Point X="337" Y="113"/>
    <Point X="336" Y="114"/>
    <Point X="334" Y="114"/>
    <Point X="333" Y="115"/>
    <Point X="332" Y="115"/>
    <Point X="331" Y="116"/>
    <Point X="330" Y="116"/>
    <Point X="329" Y="117"/>
    <Point X="328" Y="117"/>
    <Point X="328" Y="118"/>
    <Point X="327" Y="118"/>
    <Point X="327" Y="119"/>
    <Point X="326" Y="120"/>
    <Point X="326" Y="122"/>
    <Point X="325" Y="123"/>
    <Point X="324" Y="124"/>
    <Point X="324" Y="125"/>
    <Point X="323" Y="126"/>
    <Point X="323" Y="127"/>
    <Point X="322" Y="127"/>
    <Point X="322" Y="128"/>
    <Point X="322" Y="129"/>
    <Point X="321" Y="130"/>
    <Point X="321" Y="131"/>
    <Point X="321" Y="132"/>
    <Point X="321" Y="133"/>
    <Point X="320" Y="135"/>
    <Point X="320" Y="136"/>
    <Point X="320" Y="137"/>
    <Point X="319" Y="138"/>
    <Point X="319" Y="139"/>
</Gesture>
