<?xml version="1.0" ?>
<Gesture Name="05" Subject="6" Number="5" NumPts="252">
    <Point X="313" Y="145"/>
    <Point X="312" Y="146"/>
    <Point X="311" Y="147"/>
    <Point X="309" Y="148"/>
    <Point X="306" Y="150"/>
    <Point X="304" Y="152"/>
    <Point X="303" Y="154"/>
    <Point X="300" Y="156"/>
    <Point X="298" Y="158"/>
    <Point X="295" Y="160"/>
    <Point X="294" Y="161"/>
    <Point X="293" Y="161"/>
    <Point X="292" Y="163"/>
    <Point X="291" Y="164"/>
    <Point X="291" Y="165"/>
    <Point X="290" Y="166"/>
    <Point X="289" Y="168"/>
    <Point X="289" Y="169"/>
    <Point X="288" Y="170"/>
    <Point X="288" Y="171"/>
    <Point X="287" Y="173"/>
    <Point X="287" Y="175"/>
    <Point X="286" Y="177"/>
    <Point X="286" Y="179"/>
    <Point X="285" Y="180"/>
    <Point X="285" Y="183"/>
    <Point X="284" Y="185"/>
    <Point X="283" Y="188"/>
    <Point X="282" Y="195"/>
    <Point X="281" Y="200"/>
    <Point X="281" Y="204"/>
    <Point X="280" Y="209"/>
    <Point X="279" Y="213"/>
    <Point X="279" Y="217"/>
    <Point X="278" Y="221"/>
    <Point X="277" Y="226"/>
    <Point X="277" Y="232"/>
    <Point X="277" Y="236"/>
    <Point X="277" Y="242"/>
    <Point X="277" Y="247"/>
    <Point X="277" Y="252"/>
    <Point X="277" Y="257"/>
    <Point X="277" Y="263"/>
    <Point X="277" Y="268"/>
    <Point X="277" Y="286"/>
    <Point X="277" Y="297"/>
    <Point X="277" Y="305"/>
    <Point X="277" Y="311"/>
    <Point X="277" Y="316"/>
    <Point X="277" Y="321"/>
    <Point X="277" Y="326"/>
    <Point X="277" Y="330"/>
    <Point X="277" Y="334"/>
    <Point X="277" Y="337"/>
    <Point X="278" Y="342"/>
    <Point X="278" Y="346"/>
    <Point X="280" Y="351"/>
    <Point X="281" Y="355"/>
    <Point X="282" Y="358"/>
    <Point X="284" Y="360"/>
    <Point X="285" Y="362"/>
    <Point X="287" Y="366"/>
    <Point X="288" Y="368"/>
    <Point X="290" Y="371"/>
    <Point X="292" Y="373"/>
    <Point X="294" Y="375"/>
    <Point X="296" Y="377"/>
    <Point X="298" Y="379"/>
    <Point X="300" Y="381"/>
    <Point X="303" Y="383"/>
    <Point X="305" Y="384"/>
    <Point X="307" Y="386"/>
    <Point X="309" Y="387"/>
    <Point X="312" Y="389"/>
    <Point X="313" Y="390"/>
    <Point X="316" Y="391"/>
    <Point X="319" Y="392"/>
    <Point X="322" Y="393"/>
    <Point X="325" Y="394"/>
    <Point X="329" Y="395"/>
    <Point X="332" Y="396"/>
    <Point X="335" Y="396"/>
    <Point X="338" Y="397"/>
    <Point X="340" Y="397"/>
    <Point X="343" Y="398"/>
    <Point X="345" Y="398"/>
    <Point X="348" Y="398"/>
    <Point X="351" Y="398"/>
    <Point X="355" Y="398"/>
    <Point X="359" Y="398"/>
    <Point X="364" Y="398"/>
    <Point X="369" Y="398"/>
    <Point X="374" Y="398"/>
    <Point X="380" Y="398"/>
    <Point X="385" Y="398"/>
    <Point X="390" Y="398"/>
    <Point X="394" Y="398"/>
    <Point X="397" Y="398"/>
    <Point X="400" Y="398"/>
    <Point X="405" Y="396"/>
    <Point X="409" Y="395"/>
    <Point X="414" Y="394"/>
    <Point X="419" Y="393"/>
    <Point X="426" Y="392"/>
    <Point X="432" Y="390"/>
    <Point X="437" Y="389"/>
    <Point X="442" Y="388"/>
    <Point X="446" Y="387"/>
    <Point X="450" Y="386"/>
    <Point X="453" Y="385"/>
    <Point X="456" Y="385"/>
    <Point X="458" Y="383"/>
    <Point X="461" Y="382"/>
    <Point X="465" Y="380"/>
    <Point X="468" Y="378"/>
    <Point X="472" Y="375"/>
    <Point X="478" Y="372"/>
    <Point X="484" Y="369"/>
    <Point X="491" Y="366"/>
    <Point X="499" Y="362"/>
    <Point X="505" Y="359"/>
    <Point X="511" Y="355"/>
    <Point X="517" Y="352"/>
    <Point X="521" Y="350"/>
    <Point X="524" Y="348"/>
    <Point X="525" Y="347"/>
    <Point X="526" Y="345"/>
    <Point X="526" Y="344"/>
    <Point X="527" Y="342"/>
    <Point X="527" Y="341"/>
    <Point X="528" Y="339"/>
    <Point X="529" Y="336"/>
    <Point X="530" Y="331"/>
    <Point X="532" Y="326"/>
    <Point X="533" Y="320"/>
    <Point X="535" Y="314"/>
    <Point X="536" Y="307"/>
    <Point X="538" Y="301"/>
    <Point X="539" Y="295"/>
    <Point X="540" Y="288"/>
    <Point X="541" Y="282"/>
    <Point X="542" Y="275"/>
    <Point X="542" Y="268"/>
    <Point X="543" Y="261"/>
    <Point X="543" Y="256"/>
    <Point X="543" Y="251"/>
    <Point X="544" Y="245"/>
    <Point X="544" Y="241"/>
    <Point X="544" Y="237"/>
    <Point X="544" Y="234"/>
    <Point X="544" Y="230"/>
    <Point X="544" Y="226"/>
    <Point X="544" Y="222"/>
    <Point X="544" Y="218"/>
    <Point X="542" Y="214"/>
    <Point X="541" Y="209"/>
    <Point X="540" Y="204"/>
    <Point X="539" Y="199"/>
    <Point X="538" Y="195"/>
    <Point X="536" Y="190"/>
    <Point X="534" Y="185"/>
    <Point X="532" Y="181"/>
    <Point X="531" Y="177"/>
    <Point X="529" Y="173"/>
    <Point X="527" Y="169"/>
    <Point X="526" Y="165"/>
    <Point X="524" Y="161"/>
    <Point X="522" Y="157"/>
    <Point X="520" Y="154"/>
    <Point X="518" Y="151"/>
    <Point X="515" Y="147"/>
    <Point X="512" Y="144"/>
    <Point X="510" Y="141"/>
    <Point X="508" Y="138"/>
    <Point X="505" Y="136"/>
    <Point X="503" Y="133"/>
    <Point X="502" Y="131"/>
    <Point X="499" Y="129"/>
    <Point X="497" Y="127"/>
    <Point X="495" Y="125"/>
    <Point X="492" Y="122"/>
    <Point X="489" Y="120"/>
    <Point X="486" Y="118"/>
    <Point X="483" Y="116"/>
    <Point X="480" Y="115"/>
    <Point X="477" Y="113"/>
    <Point X="475" Y="112"/>
    <Point X="472" Y="110"/>
    <Point X="468" Y="108"/>
    <Point X="465" Y="107"/>
    <Point X="461" Y="106"/>
    <Point X="457" Y="104"/>
    <Point X="453" Y="103"/>
    <Point X="449" Y="102"/>
    <Point X="446" Y="101"/>
    <Point X="443" Y="101"/>
    <Point X="440" Y="100"/>
    <Point X="438" Y="100"/>
    <Point X="435" Y="100"/>
    <Point X="432" Y="99"/>
    <Point X="429" Y="99"/>
    <Point X="425" Y="99"/>
    <Point X="422" Y="99"/>
    <Point X="418" Y="99"/>
    <Point X="412" Y="99"/>
    <Point X="406" Y="100"/>
    <Point X="402" Y="100"/>
    <Point X="398" Y="101"/>
    <Point X="394" Y="102"/>
    <Point X="390" Y="102"/>
    <Point X="387" Y="103"/>
    <Point X="384" Y="103"/>
    <Point X="382" Y="104"/>
    <Point X="379" Y="104"/>
    <Point X="377" Y="105"/>
    <Point X="376" Y="105"/>
    <Point X="375" Y="105"/>
    <Point X="372" Y="106"/>
    <Point X="369" Y="108"/>
    <Point X="365" Y="109"/>
    <Point X="361" Y="111"/>
    <Point X="357" Y="113"/>
    <Point X="353" Y="115"/>
    <Point X="350" Y="116"/>
    <Point X="347" Y="117"/>
    <Point X="345" Y="117"/>
    <Point X="343" Y="118"/>
    <Point X="342" Y="118"/>
    <Point X="342" Y="119"/>
    <Point X="341" Y="119"/>
    <Point X="340" Y="119"/>
    <Point X="339" Y="120"/>
    <Point X="338" Y="121"/>
    <Point X="335" Y="124"/>
    <Point X="333" Y="125"/>
    <Point X="331" Y="126"/>
    <Point X="329" Y="128"/>
    <Point X="328" Y="130"/>
    <Point X="326" Y="131"/>
    <Point X="324" Y="133"/>
    <Point X="322" Y="135"/>
    <Point X="320" Y="137"/>
    <Point X="319" Y="138"/>
    <Point X="318" Y="138"/>
    <Point X="317" Y="139"/>
    <Point X="316" Y="139"/>
    <Point X="316" Y="140"/>
    <Point X="315" Y="140"/>
    <Point X="315" Y="141"/>
    <Point X="314" Y="141"/>
    <Point X="314" Y="142"/>
    <Point X="313" Y="142"/>
</Gesture>
