<?xml version="1.0" ?>
<Gesture Name="02" Subject="6" Number="2" NumPts="221">
    <Point X="313" Y="160"/>
    <Point X="311" Y="161"/>
    <Point X="310" Y="162"/>
    <Point X="309" Y="165"/>
    <Point X="307" Y="167"/>
    <Point X="306" Y="168"/>
    <Point X="305" Y="170"/>
    <Point X="303" Y="172"/>
    <Point X="301" Y="174"/>
    <Point X="298" Y="177"/>
    <Point X="296" Y="180"/>
    <Point X="294" Y="182"/>
    <Point X="292" Y="185"/>
    <Point X="291" Y="187"/>
    <Point X="289" Y="189"/>
    <Point X="287" Y="192"/>
    <Point X="285" Y="196"/>
    <Point X="284" Y="199"/>
    <Point X="282" Y="203"/>
    <Point X="281" Y="205"/>
    <Point X="280" Y="207"/>
    <Point X="279" Y="210"/>
    <Point X="278" Y="213"/>
    <Point X="277" Y="216"/>
    <Point X="277" Y="219"/>
    <Point X="276" Y="222"/>
    <Point X="276" Y="225"/>
    <Point X="275" Y="229"/>
    <Point X="274" Y="232"/>
    <Point X="274" Y="236"/>
    <Point X="273" Y="239"/>
    <Point X="273" Y="243"/>
    <Point X="273" Y="246"/>
    <Point X="273" Y="249"/>
    <Point X="273" Y="253"/>
    <Point X="273" Y="256"/>
    <Point X="273" Y="260"/>
    <Point X="273" Y="264"/>
    <Point X="273" Y="268"/>
    <Point X="273" Y="274"/>
    <Point X="273" Y="278"/>
    <Point X="274" Y="283"/>
    <Point X="274" Y="288"/>
    <Point X="275" Y="292"/>
    <Point X="277" Y="296"/>
    <Point X="278" Y="299"/>
    <Point X="278" Y="302"/>
    <Point X="279" Y="305"/>
    <Point X="279" Y="306"/>
    <Point X="280" Y="308"/>
    <Point X="281" Y="310"/>
    <Point X="283" Y="312"/>
    <Point X="284" Y="314"/>
    <Point X="285" Y="315"/>
    <Point X="287" Y="318"/>
    <Point X="289" Y="320"/>
    <Point X="291" Y="323"/>
    <Point X="294" Y="326"/>
    <Point X="297" Y="330"/>
    <Point X="300" Y="333"/>
    <Point X="303" Y="336"/>
    <Point X="306" Y="339"/>
    <Point X="309" Y="342"/>
    <Point X="312" Y="344"/>
    <Point X="316" Y="347"/>
    <Point X="319" Y="349"/>
    <Point X="322" Y="352"/>
    <Point X="325" Y="353"/>
    <Point X="328" Y="355"/>
    <Point X="331" Y="356"/>
    <Point X="333" Y="358"/>
    <Point X="336" Y="359"/>
    <Point X="340" Y="360"/>
    <Point X="344" Y="361"/>
    <Point X="348" Y="362"/>
    <Point X="352" Y="364"/>
    <Point X="357" Y="365"/>
    <Point X="361" Y="365"/>
    <Point X="365" Y="366"/>
    <Point X="369" Y="366"/>
    <Point X="372" Y="366"/>
    <Point X="375" Y="366"/>
    <Point X="378" Y="366"/>
    <Point X="381" Y="366"/>
    <Point X="383" Y="366"/>
    <Point X="387" Y="366"/>
    <Point X="390" Y="365"/>
    <Point X="394" Y="365"/>
    <Point X="398" Y="364"/>
    <Point X="401" Y="363"/>
    <Point X="404" Y="363"/>
    <Point X="406" Y="362"/>
    <Point X="408" Y="361"/>
    <Point X="410" Y="360"/>
    <Point X="412" Y="359"/>
    <Point X="414" Y="358"/>
    <Point X="416" Y="356"/>
    <Point X="418" Y="355"/>
    <Point X="420" Y="353"/>
    <Point X="422" Y="351"/>
    <Point X="423" Y="350"/>
    <Point X="425" Y="348"/>
    <Point X="426" Y="346"/>
    <Point X="428" Y="344"/>
    <Point X="429" Y="342"/>
    <Point X="431" Y="339"/>
    <Point X="432" Y="337"/>
    <Point X="433" Y="336"/>
    <Point X="434" Y="333"/>
    <Point X="434" Y="331"/>
    <Point X="435" Y="328"/>
    <Point X="435" Y="325"/>
    <Point X="436" Y="322"/>
    <Point X="436" Y="318"/>
    <Point X="437" Y="314"/>
    <Point X="437" Y="310"/>
    <Point X="438" Y="307"/>
    <Point X="439" Y="303"/>
    <Point X="439" Y="300"/>
    <Point X="439" Y="296"/>
    <Point X="439" Y="292"/>
    <Point X="439" Y="288"/>
    <Point X="439" Y="285"/>
    <Point X="439" Y="282"/>
    <Point X="439" Y="278"/>
    <Point X="439" Y="275"/>
    <Point X="439" Y="272"/>
    <Point X="439" Y="268"/>
    <Point X="439" Y="264"/>
    <Point X="439" Y="260"/>
    <Point X="439" Y="257"/>
    <Point X="438" Y="254"/>
    <Point X="438" Y="251"/>
    <Point X="437" Y="248"/>
    <Point X="436" Y="245"/>
    <Point X="436" Y="241"/>
    <Point X="435" Y="237"/>
    <Point X="435" Y="233"/>
    <Point X="434" Y="229"/>
    <Point X="433" Y="225"/>
    <Point X="432" Y="222"/>
    <Point X="432" Y="219"/>
    <Point X="431" Y="216"/>
    <Point X="430" Y="214"/>
    <Point X="429" Y="210"/>
    <Point X="428" Y="207"/>
    <Point X="428" Y="205"/>
    <Point X="427" Y="203"/>
    <Point X="426" Y="201"/>
    <Point X="426" Y="199"/>
    <Point X="425" Y="198"/>
    <Point X="424" Y="196"/>
    <Point X="423" Y="194"/>
    <Point X="423" Y="193"/>
    <Point X="421" Y="191"/>
    <Point X="420" Y="188"/>
    <Point X="419" Y="187"/>
    <Point X="417" Y="184"/>
    <Point X="415" Y="182"/>
    <Point X="413" Y="179"/>
    <Point X="411" Y="177"/>
    <Point X="409" Y="175"/>
    <Point X="407" Y="173"/>
    <Point X="405" Y="171"/>
    <Point X="404" Y="170"/>
    <Point X="403" Y="168"/>
    <Point X="402" Y="167"/>
    <Point X="400" Y="166"/>
    <Point X="399" Y="165"/>
    <Point X="398" Y="163"/>
    <Point X="396" Y="161"/>
    <Point X="394" Y="160"/>
    <Point X="392" Y="158"/>
    <Point X="390" Y="157"/>
    <Point X="388" Y="156"/>
    <Point X="386" Y="155"/>
    <Point X="384" Y="155"/>
    <Point X="383" Y="154"/>
    <Point X="382" Y="154"/>
    <Point X="381" Y="154"/>
    <Point X="379" Y="153"/>
    <Point X="377" Y="153"/>
    <Point X="376" Y="153"/>
    <Point X="375" Y="152"/>
    <Point X="374" Y="152"/>
    <Point X="372" Y="152"/>
    <Point X="370" Y="152"/>
    <Point X="369" Y="152"/>
    <Point X="367" Y="152"/>
    <Point X="365" Y="152"/>
    <Point X="363" Y="152"/>
    <Point X="362" Y="152"/>
    <Point X="360" Y="152"/>
    <Point X="359" Y="152"/>
    <Point X="358" Y="152"/>
    <Point X="357" Y="152"/>
    <Point X="354" Y="152"/>
    <Point X="352" Y="153"/>
    <Point X="350" Y="153"/>
    <Point X="347" Y="154"/>
    <Point X="344" Y="154"/>
    <Point X="341" Y="155"/>
    <Point X="338" Y="155"/>
    <Point X="335" Y="156"/>
    <Point X="332" Y="157"/>
    <Point X="329" Y="157"/>
    <Point X="328" Y="158"/>
    <Point X="326" Y="158"/>
    <Point X="324" Y="158"/>
    <Point X="323" Y="159"/>
    <Point X="321" Y="159"/>
    <Point X="319" Y="160"/>
    <Point X="317" Y="160"/>
    <Point X="316" Y="160"/>
    <Point X="314" Y="161"/>
    <Point X="313" Y="161"/>
    <Point X="312" Y="161"/>
    <Point X="311" Y="161"/>
    <Point X="310" Y="161"/>
    <Point X="309" Y="162"/>
    <Point X="308" Y="162"/>
</Gesture>
