<?xml version="1.0" ?>
<Gesture Name="04" Subject="6" Number="4" NumPts="321">
    <Point X="336" Y="152"/>
    <Point X="335" Y="151"/>
    <Point X="335" Y="152"/>
    <Point X="334" Y="152"/>
    <Point X="334" Y="153"/>
    <Point X="333" Y="153"/>
    <Point X="333" Y="154"/>
    <Point X="332" Y="155"/>
    <Point X="331" Y="156"/>
    <Point X="330" Y="157"/>
    <Point X="329" Y="159"/>
    <Point X="328" Y="160"/>
    <Point X="327" Y="163"/>
    <Point X="326" Y="164"/>
    <Point X="324" Y="166"/>
    <Point X="323" Y="168"/>
    <Point X="323" Y="169"/>
    <Point X="322" Y="171"/>
    <Point X="321" Y="172"/>
    <Point X="320" Y="173"/>
    <Point X="320" Y="174"/>
    <Point X="319" Y="175"/>
    <Point X="318" Y="176"/>
    <Point X="318" Y="178"/>
    <Point X="316" Y="180"/>
    <Point X="315" Y="181"/>
    <Point X="314" Y="184"/>
    <Point X="314" Y="185"/>
    <Point X="313" Y="188"/>
    <Point X="313" Y="190"/>
    <Point X="312" Y="193"/>
    <Point X="311" Y="196"/>
    <Point X="310" Y="200"/>
    <Point X="309" Y="203"/>
    <Point X="308" Y="207"/>
    <Point X="307" Y="211"/>
    <Point X="306" Y="215"/>
    <Point X="305" Y="218"/>
    <Point X="304" Y="221"/>
    <Point X="304" Y="224"/>
    <Point X="303" Y="226"/>
    <Point X="303" Y="228"/>
    <Point X="302" Y="231"/>
    <Point X="302" Y="234"/>
    <Point X="301" Y="237"/>
    <Point X="300" Y="240"/>
    <Point X="300" Y="243"/>
    <Point X="300" Y="245"/>
    <Point X="300" Y="247"/>
    <Point X="300" Y="249"/>
    <Point X="300" Y="251"/>
    <Point X="300" Y="254"/>
    <Point X="300" Y="256"/>
    <Point X="300" Y="258"/>
    <Point X="300" Y="261"/>
    <Point X="300" Y="264"/>
    <Point X="300" Y="266"/>
    <Point X="300" Y="269"/>
    <Point X="300" Y="271"/>
    <Point X="300" Y="273"/>
    <Point X="300" Y="274"/>
    <Point X="300" Y="276"/>
    <Point X="300" Y="278"/>
    <Point X="300" Y="279"/>
    <Point X="301" Y="282"/>
    <Point X="302" Y="283"/>
    <Point X="303" Y="286"/>
    <Point X="304" Y="289"/>
    <Point X="304" Y="292"/>
    <Point X="305" Y="295"/>
    <Point X="306" Y="298"/>
    <Point X="307" Y="302"/>
    <Point X="308" Y="305"/>
    <Point X="309" Y="309"/>
    <Point X="310" Y="313"/>
    <Point X="312" Y="316"/>
    <Point X="313" Y="319"/>
    <Point X="315" Y="323"/>
    <Point X="316" Y="326"/>
    <Point X="317" Y="329"/>
    <Point X="318" Y="331"/>
    <Point X="319" Y="333"/>
    <Point X="320" Y="335"/>
    <Point X="321" Y="337"/>
    <Point X="323" Y="338"/>
    <Point X="324" Y="339"/>
    <Point X="326" Y="341"/>
    <Point X="328" Y="343"/>
    <Point X="331" Y="345"/>
    <Point X="333" Y="346"/>
    <Point X="336" Y="348"/>
    <Point X="339" Y="350"/>
    <Point X="341" Y="351"/>
    <Point X="344" Y="353"/>
    <Point X="346" Y="354"/>
    <Point X="349" Y="355"/>
    <Point X="352" Y="356"/>
    <Point X="356" Y="358"/>
    <Point X="358" Y="358"/>
    <Point X="360" Y="359"/>
    <Point X="364" Y="360"/>
    <Point X="366" Y="361"/>
    <Point X="369" Y="362"/>
    <Point X="371" Y="363"/>
    <Point X="374" Y="364"/>
    <Point X="376" Y="364"/>
    <Point X="379" Y="365"/>
    <Point X="383" Y="366"/>
    <Point X="387" Y="366"/>
    <Point X="392" Y="367"/>
    <Point X="398" Y="367"/>
    <Point X="403" Y="367"/>
    <Point X="407" Y="367"/>
    <Point X="411" Y="367"/>
    <Point X="414" Y="367"/>
    <Point X="417" Y="367"/>
    <Point X="420" Y="367"/>
    <Point X="423" Y="367"/>
    <Point X="427" Y="367"/>
    <Point X="431" Y="366"/>
    <Point X="434" Y="365"/>
    <Point X="437" Y="365"/>
    <Point X="440" Y="365"/>
    <Point X="443" Y="365"/>
    <Point X="446" Y="364"/>
    <Point X="449" Y="364"/>
    <Point X="452" Y="363"/>
    <Point X="455" Y="363"/>
    <Point X="458" Y="362"/>
    <Point X="461" Y="361"/>
    <Point X="465" Y="360"/>
    <Point X="469" Y="359"/>
    <Point X="473" Y="357"/>
    <Point X="478" Y="356"/>
    <Point X="481" Y="354"/>
    <Point X="485" Y="353"/>
    <Point X="488" Y="352"/>
    <Point X="490" Y="350"/>
    <Point X="492" Y="350"/>
    <Point X="494" Y="348"/>
    <Point X="496" Y="347"/>
    <Point X="498" Y="345"/>
    <Point X="501" Y="343"/>
    <Point X="502" Y="341"/>
    <Point X="504" Y="340"/>
    <Point X="506" Y="338"/>
    <Point X="507" Y="337"/>
    <Point X="508" Y="336"/>
    <Point X="509" Y="334"/>
    <Point X="510" Y="332"/>
    <Point X="511" Y="329"/>
    <Point X="513" Y="325"/>
    <Point X="515" Y="321"/>
    <Point X="516" Y="317"/>
    <Point X="518" Y="313"/>
    <Point X="520" Y="309"/>
    <Point X="522" Y="303"/>
    <Point X="524" Y="298"/>
    <Point X="525" Y="293"/>
    <Point X="527" Y="288"/>
    <Point X="529" Y="282"/>
    <Point X="529" Y="278"/>
    <Point X="531" Y="272"/>
    <Point X="531" Y="267"/>
    <Point X="532" Y="263"/>
    <Point X="533" Y="258"/>
    <Point X="533" Y="254"/>
    <Point X="533" Y="251"/>
    <Point X="533" Y="248"/>
    <Point X="533" Y="245"/>
    <Point X="533" Y="242"/>
    <Point X="533" Y="239"/>
    <Point X="533" Y="235"/>
    <Point X="533" Y="232"/>
    <Point X="533" Y="228"/>
    <Point X="533" Y="225"/>
    <Point X="533" Y="221"/>
    <Point X="533" Y="217"/>
    <Point X="533" Y="212"/>
    <Point X="533" Y="207"/>
    <Point X="533" Y="202"/>
    <Point X="533" Y="198"/>
    <Point X="532" Y="194"/>
    <Point X="532" Y="191"/>
    <Point X="531" Y="188"/>
    <Point X="531" Y="186"/>
    <Point X="530" Y="183"/>
    <Point X="529" Y="181"/>
    <Point X="528" Y="178"/>
    <Point X="528" Y="177"/>
    <Point X="527" Y="174"/>
    <Point X="526" Y="172"/>
    <Point X="525" Y="170"/>
    <Point X="524" Y="168"/>
    <Point X="523" Y="166"/>
    <Point X="522" Y="163"/>
    <Point X="521" Y="161"/>
    <Point X="519" Y="159"/>
    <Point X="518" Y="157"/>
    <Point X="516" Y="155"/>
    <Point X="515" Y="153"/>
    <Point X="513" Y="151"/>
    <Point X="511" Y="150"/>
    <Point X="510" Y="148"/>
    <Point X="507" Y="146"/>
    <Point X="505" Y="144"/>
    <Point X="503" Y="143"/>
    <Point X="500" Y="141"/>
    <Point X="499" Y="141"/>
    <Point X="496" Y="140"/>
    <Point X="494" Y="139"/>
    <Point X="492" Y="138"/>
    <Point X="491" Y="138"/>
    <Point X="489" Y="138"/>
    <Point X="488" Y="137"/>
    <Point X="486" Y="136"/>
    <Point X="485" Y="136"/>
    <Point X="484" Y="135"/>
    <Point X="482" Y="134"/>
    <Point X="480" Y="134"/>
    <Point X="477" Y="133"/>
    <Point X="475" Y="132"/>
    <Point X="473" Y="131"/>
    <Point X="470" Y="130"/>
    <Point X="468" Y="129"/>
    <Point X="467" Y="129"/>
    <Point X="466" Y="128"/>
    <Point X="464" Y="127"/>
    <Point X="463" Y="127"/>
    <Point X="461" Y="127"/>
    <Point X="459" Y="126"/>
    <Point X="458" Y="126"/>
    <Point X="455" Y="125"/>
    <Point X="454" Y="125"/>
    <Point X="452" Y="125"/>
    <Point X="451" Y="125"/>
    <Point X="449" Y="125"/>
    <Point X="447" Y="124"/>
    <Point X="445" Y="124"/>
    <Point X="444" Y="124"/>
    <Point X="442" Y="124"/>
    <Point X="441" Y="124"/>
    <Point X="440" Y="124"/>
    <Point X="437" Y="124"/>
    <Point X="435" Y="123"/>
    <Point X="433" Y="123"/>
    <Point X="432" Y="123"/>
    <Point X="429" Y="123"/>
    <Point X="428" Y="123"/>
    <Point X="426" Y="123"/>
    <Point X="424" Y="123"/>
    <Point X="420" Y="123"/>
    <Point X="418" Y="123"/>
    <Point X="416" Y="123"/>
    <Point X="413" Y="123"/>
    <Point X="412" Y="123"/>
    <Point X="410" Y="123"/>
    <Point X="408" Y="123"/>
    <Point X="407" Y="123"/>
    <Point X="405" Y="123"/>
    <Point X="404" Y="123"/>
    <Point X="403" Y="123"/>
    <Point X="401" Y="123"/>
    <Point X="399" Y="123"/>
    <Point X="398" Y="123"/>
    <Point X="396" Y="124"/>
    <Point X="395" Y="124"/>
    <Point X="393" Y="125"/>
    <Point X="392" Y="125"/>
    <Point X="390" Y="125"/>
    <Point X="388" Y="126"/>
    <Point X="387" Y="126"/>
    <Point X="386" Y="127"/>
    <Point X="383" Y="127"/>
    <Point X="382" Y="127"/>
    <Point X="381" Y="128"/>
    <Point X="379" Y="128"/>
    <Point X="378" Y="128"/>
    <Point X="377" Y="129"/>
    <Point X="376" Y="129"/>
    <Point X="375" Y="129"/>
    <Point X="374" Y="130"/>
    <Point X="373" Y="130"/>
    <Point X="372" Y="130"/>
    <Point X="370" Y="131"/>
    <Point X="368" Y="132"/>
    <Point X="366" Y="132"/>
    <Point X="364" Y="133"/>
    <Point X="362" Y="134"/>
    <Point X="360" Y="134"/>
    <Point X="359" Y="134"/>
    <Point X="358" Y="135"/>
    <Point X="357" Y="135"/>
    <Point X="356" Y="135"/>
    <Point X="355" Y="136"/>
    <Point X="354" Y="136"/>
    <Point X="353" Y="136"/>
    <Point X="352" Y="137"/>
    <Point X="350" Y="137"/>
    <Point X="348" Y="138"/>
    <Point X="348" Y="139"/>
    <Point X="347" Y="139"/>
    <Point X="346" Y="139"/>
    <Point X="345" Y="140"/>
    <Point X="344" Y="140"/>
    <Point X="344" Y="141"/>
    <Point X="342" Y="142"/>
    <Point X="341" Y="143"/>
    <Point X="340" Y="143"/>
    <Point X="340" Y="144"/>
    <Point X="339" Y="144"/>
    <Point X="339" Y="145"/>
    <Point X="338" Y="146"/>
    <Point X="337" Y="147"/>
    <Point X="337" Y="148"/>
    <Point X="336" Y="149"/>
    <Point X="336" Y="150"/>
    <Point X="336" Y="151"/>
    <Point X="335" Y="151"/>
    <Point X="335" Y="152"/>
    <Point X="334" Y="152"/>
</Gesture>
