<?xml version="1.0" ?>
<Gesture Name="10" Subject="6" Number="10" NumPts="257">
    <Point X="303" Y="74"/>
    <Point X="302" Y="74"/>
    <Point X="302" Y="75"/>
    <Point X="301" Y="75"/>
    <Point X="300" Y="75"/>
    <Point X="299" Y="76"/>
    <Point X="298" Y="76"/>
    <Point X="297" Y="76"/>
    <Point X="296" Y="76"/>
    <Point X="294" Y="77"/>
    <Point X="292" Y="78"/>
    <Point X="291" Y="78"/>
    <Point X="288" Y="79"/>
    <Point X="287" Y="80"/>
    <Point X="285" Y="81"/>
    <Point X="283" Y="82"/>
    <Point X="282" Y="82"/>
    <Point X="281" Y="83"/>
    <Point X="280" Y="84"/>
    <Point X="279" Y="85"/>
    <Point X="277" Y="86"/>
    <Point X="275" Y="88"/>
    <Point X="274" Y="89"/>
    <Point X="272" Y="90"/>
    <Point X="270" Y="92"/>
    <Point X="268" Y="94"/>
    <Point X="266" Y="96"/>
    <Point X="264" Y="99"/>
    <Point X="262" Y="101"/>
    <Point X="261" Y="103"/>
    <Point X="259" Y="105"/>
    <Point X="258" Y="107"/>
    <Point X="256" Y="110"/>
    <Point X="255" Y="112"/>
    <Point X="254" Y="115"/>
    <Point X="253" Y="118"/>
    <Point X="252" Y="121"/>
    <Point X="251" Y="125"/>
    <Point X="250" Y="129"/>
    <Point X="249" Y="132"/>
    <Point X="248" Y="136"/>
    <Point X="247" Y="140"/>
    <Point X="246" Y="145"/>
    <Point X="246" Y="149"/>
    <Point X="245" Y="154"/>
    <Point X="244" Y="158"/>
    <Point X="244" Y="162"/>
    <Point X="244" Y="166"/>
    <Point X="244" Y="169"/>
    <Point X="243" Y="172"/>
    <Point X="243" Y="175"/>
    <Point X="243" Y="178"/>
    <Point X="242" Y="181"/>
    <Point X="242" Y="185"/>
    <Point X="242" Y="188"/>
    <Point X="242" Y="191"/>
    <Point X="242" Y="195"/>
    <Point X="242" Y="199"/>
    <Point X="242" Y="203"/>
    <Point X="242" Y="206"/>
    <Point X="242" Y="208"/>
    <Point X="242" Y="211"/>
    <Point X="242" Y="214"/>
    <Point X="242" Y="217"/>
    <Point X="242" Y="220"/>
    <Point X="242" Y="222"/>
    <Point X="243" Y="225"/>
    <Point X="244" Y="228"/>
    <Point X="245" Y="232"/>
    <Point X="246" Y="235"/>
    <Point X="247" Y="238"/>
    <Point X="249" Y="242"/>
    <Point X="250" Y="245"/>
    <Point X="251" Y="248"/>
    <Point X="253" Y="251"/>
    <Point X="254" Y="255"/>
    <Point X="256" Y="259"/>
    <Point X="258" Y="263"/>
    <Point X="260" Y="267"/>
    <Point X="263" Y="271"/>
    <Point X="265" Y="275"/>
    <Point X="267" Y="279"/>
    <Point X="269" Y="283"/>
    <Point X="272" Y="286"/>
    <Point X="275" Y="290"/>
    <Point X="278" Y="293"/>
    <Point X="280" Y="297"/>
    <Point X="283" Y="300"/>
    <Point X="286" Y="303"/>
    <Point X="289" Y="308"/>
    <Point X="293" Y="312"/>
    <Point X="297" Y="316"/>
    <Point X="301" Y="320"/>
    <Point X="304" Y="324"/>
    <Point X="308" Y="329"/>
    <Point X="311" Y="332"/>
    <Point X="315" Y="335"/>
    <Point X="318" Y="338"/>
    <Point X="322" Y="341"/>
    <Point X="325" Y="343"/>
    <Point X="327" Y="345"/>
    <Point X="330" Y="346"/>
    <Point X="331" Y="347"/>
    <Point X="334" Y="348"/>
    <Point X="335" Y="348"/>
    <Point X="338" Y="349"/>
    <Point X="341" Y="349"/>
    <Point X="343" Y="349"/>
    <Point X="346" Y="349"/>
    <Point X="351" Y="349"/>
    <Point X="356" Y="349"/>
    <Point X="360" Y="349"/>
    <Point X="365" Y="349"/>
    <Point X="370" Y="348"/>
    <Point X="374" Y="348"/>
    <Point X="377" Y="347"/>
    <Point X="381" Y="347"/>
    <Point X="385" Y="346"/>
    <Point X="389" Y="346"/>
    <Point X="393" Y="345"/>
    <Point X="397" Y="344"/>
    <Point X="401" Y="343"/>
    <Point X="405" Y="342"/>
    <Point X="409" Y="341"/>
    <Point X="412" Y="340"/>
    <Point X="415" Y="339"/>
    <Point X="419" Y="337"/>
    <Point X="422" Y="336"/>
    <Point X="424" Y="334"/>
    <Point X="427" Y="333"/>
    <Point X="429" Y="332"/>
    <Point X="432" Y="330"/>
    <Point X="435" Y="327"/>
    <Point X="438" Y="323"/>
    <Point X="443" Y="320"/>
    <Point X="446" Y="316"/>
    <Point X="450" Y="312"/>
    <Point X="453" Y="309"/>
    <Point X="455" Y="305"/>
    <Point X="458" Y="301"/>
    <Point X="461" Y="297"/>
    <Point X="462" Y="293"/>
    <Point X="465" Y="289"/>
    <Point X="467" Y="284"/>
    <Point X="469" Y="280"/>
    <Point X="470" Y="275"/>
    <Point X="472" Y="270"/>
    <Point X="473" Y="267"/>
    <Point X="474" Y="262"/>
    <Point X="474" Y="257"/>
    <Point X="476" Y="253"/>
    <Point X="476" Y="248"/>
    <Point X="476" Y="243"/>
    <Point X="477" Y="239"/>
    <Point X="477" Y="234"/>
    <Point X="477" Y="230"/>
    <Point X="477" Y="225"/>
    <Point X="477" Y="221"/>
    <Point X="477" Y="217"/>
    <Point X="477" Y="212"/>
    <Point X="477" Y="208"/>
    <Point X="477" Y="203"/>
    <Point X="477" Y="197"/>
    <Point X="477" Y="191"/>
    <Point X="477" Y="186"/>
    <Point X="477" Y="180"/>
    <Point X="477" Y="175"/>
    <Point X="477" Y="170"/>
    <Point X="477" Y="165"/>
    <Point X="477" Y="160"/>
    <Point X="476" Y="156"/>
    <Point X="476" Y="151"/>
    <Point X="474" Y="147"/>
    <Point X="473" Y="143"/>
    <Point X="471" Y="139"/>
    <Point X="470" Y="136"/>
    <Point X="469" Y="133"/>
    <Point X="468" Y="131"/>
    <Point X="466" Y="128"/>
    <Point X="465" Y="125"/>
    <Point X="463" Y="123"/>
    <Point X="461" Y="119"/>
    <Point X="459" Y="117"/>
    <Point X="457" Y="116"/>
    <Point X="455" Y="113"/>
    <Point X="453" Y="110"/>
    <Point X="451" Y="107"/>
    <Point X="449" Y="105"/>
    <Point X="447" Y="102"/>
    <Point X="445" Y="101"/>
    <Point X="443" Y="99"/>
    <Point X="442" Y="97"/>
    <Point X="440" Y="95"/>
    <Point X="438" Y="94"/>
    <Point X="436" Y="92"/>
    <Point X="435" Y="92"/>
    <Point X="433" Y="90"/>
    <Point X="431" Y="89"/>
    <Point X="429" Y="88"/>
    <Point X="426" Y="87"/>
    <Point X="425" Y="86"/>
    <Point X="422" Y="85"/>
    <Point X="420" Y="84"/>
    <Point X="417" Y="83"/>
    <Point X="415" Y="81"/>
    <Point X="413" Y="80"/>
    <Point X="410" Y="79"/>
    <Point X="406" Y="79"/>
    <Point X="404" Y="78"/>
    <Point X="402" Y="77"/>
    <Point X="399" Y="76"/>
    <Point X="397" Y="76"/>
    <Point X="395" Y="75"/>
    <Point X="394" Y="75"/>
    <Point X="392" Y="74"/>
    <Point X="390" Y="74"/>
    <Point X="389" Y="73"/>
    <Point X="388" Y="73"/>
    <Point X="386" Y="73"/>
    <Point X="385" Y="73"/>
    <Point X="382" Y="73"/>
    <Point X="380" Y="73"/>
    <Point X="377" Y="73"/>
    <Point X="374" Y="73"/>
    <Point X="370" Y="73"/>
    <Point X="366" Y="73"/>
    <Point X="363" Y="73"/>
    <Point X="360" Y="73"/>
    <Point X="356" Y="73"/>
    <Point X="354" Y="73"/>
    <Point X="352" Y="73"/>
    <Point X="351" Y="73"/>
    <Point X="349" Y="73"/>
    <Point X="347" Y="73"/>
    <Point X="345" Y="73"/>
    <Point X="343" Y="73"/>
    <Point X="341" Y="73"/>
    <Point X="339" Y="73"/>
    <Point X="336" Y="73"/>
    <Point X="333" Y="74"/>
    <Point X="330" Y="75"/>
    <Point X="326" Y="76"/>
    <Point X="322" Y="77"/>
    <Point X="318" Y="78"/>
    <Point X="315" Y="79"/>
    <Point X="312" Y="80"/>
    <Point X="311" Y="80"/>
    <Point X="310" Y="80"/>
    <Point X="309" Y="80"/>
    <Point X="308" Y="80"/>
    <Point X="307" Y="80"/>
    <Point X="306" Y="80"/>
    <Point X="305" Y="80"/>
    <Point X="304" Y="80"/>
    <Point X="303" Y="80"/>
    <Point X="302" Y="80"/>
    <Point X="301" Y="80"/>
</Gesture>
