<?xml version="1.0" ?>
<Gesture Name="06" Subject="6" Number="6" NumPts="288">
    <Point X="294" Y="126"/>
    <Point X="294" Y="127"/>
    <Point X="294" Y="128"/>
    <Point X="293" Y="129"/>
    <Point X="293" Y="130"/>
    <Point X="293" Y="132"/>
    <Point X="292" Y="133"/>
    <Point X="292" Y="134"/>
    <Point X="291" Y="137"/>
    <Point X="291" Y="139"/>
    <Point X="290" Y="140"/>
    <Point X="290" Y="141"/>
    <Point X="289" Y="144"/>
    <Point X="288" Y="148"/>
    <Point X="286" Y="152"/>
    <Point X="285" Y="158"/>
    <Point X="283" Y="164"/>
    <Point X="282" Y="170"/>
    <Point X="280" Y="176"/>
    <Point X="279" Y="182"/>
    <Point X="277" Y="187"/>
    <Point X="276" Y="192"/>
    <Point X="274" Y="197"/>
    <Point X="273" Y="201"/>
    <Point X="272" Y="207"/>
    <Point X="271" Y="211"/>
    <Point X="270" Y="217"/>
    <Point X="270" Y="222"/>
    <Point X="268" Y="228"/>
    <Point X="268" Y="234"/>
    <Point X="267" Y="240"/>
    <Point X="267" Y="245"/>
    <Point X="267" Y="251"/>
    <Point X="267" Y="255"/>
    <Point X="267" Y="260"/>
    <Point X="267" Y="264"/>
    <Point X="267" Y="268"/>
    <Point X="267" Y="272"/>
    <Point X="267" Y="276"/>
    <Point X="267" Y="280"/>
    <Point X="269" Y="286"/>
    <Point X="271" Y="291"/>
    <Point X="273" Y="296"/>
    <Point X="274" Y="301"/>
    <Point X="277" Y="307"/>
    <Point X="279" Y="311"/>
    <Point X="282" Y="317"/>
    <Point X="284" Y="321"/>
    <Point X="287" Y="326"/>
    <Point X="290" Y="330"/>
    <Point X="294" Y="335"/>
    <Point X="297" Y="338"/>
    <Point X="300" Y="341"/>
    <Point X="303" Y="345"/>
    <Point X="305" Y="347"/>
    <Point X="309" Y="351"/>
    <Point X="312" Y="354"/>
    <Point X="315" Y="356"/>
    <Point X="318" Y="359"/>
    <Point X="322" Y="362"/>
    <Point X="326" Y="364"/>
    <Point X="329" Y="365"/>
    <Point X="332" Y="367"/>
    <Point X="335" Y="369"/>
    <Point X="338" Y="371"/>
    <Point X="341" Y="372"/>
    <Point X="344" Y="373"/>
    <Point X="348" Y="374"/>
    <Point X="353" Y="376"/>
    <Point X="358" Y="377"/>
    <Point X="365" Y="379"/>
    <Point X="370" Y="380"/>
    <Point X="376" Y="380"/>
    <Point X="382" Y="382"/>
    <Point X="389" Y="382"/>
    <Point X="394" Y="383"/>
    <Point X="399" Y="383"/>
    <Point X="405" Y="384"/>
    <Point X="410" Y="385"/>
    <Point X="414" Y="385"/>
    <Point X="419" Y="385"/>
    <Point X="423" Y="385"/>
    <Point X="429" Y="384"/>
    <Point X="435" Y="383"/>
    <Point X="441" Y="383"/>
    <Point X="447" Y="383"/>
    <Point X="453" Y="382"/>
    <Point X="457" Y="382"/>
    <Point X="460" Y="381"/>
    <Point X="462" Y="381"/>
    <Point X="465" Y="380"/>
    <Point X="467" Y="379"/>
    <Point X="469" Y="378"/>
    <Point X="473" Y="377"/>
    <Point X="476" Y="375"/>
    <Point X="480" Y="374"/>
    <Point X="485" Y="371"/>
    <Point X="490" Y="369"/>
    <Point X="495" Y="367"/>
    <Point X="500" Y="365"/>
    <Point X="504" Y="363"/>
    <Point X="508" Y="362"/>
    <Point X="510" Y="360"/>
    <Point X="512" Y="359"/>
    <Point X="515" Y="356"/>
    <Point X="518" Y="353"/>
    <Point X="522" Y="350"/>
    <Point X="525" Y="346"/>
    <Point X="528" Y="342"/>
    <Point X="531" Y="337"/>
    <Point X="535" Y="332"/>
    <Point X="539" Y="327"/>
    <Point X="542" Y="321"/>
    <Point X="545" Y="316"/>
    <Point X="547" Y="312"/>
    <Point X="549" Y="309"/>
    <Point X="550" Y="305"/>
    <Point X="552" Y="301"/>
    <Point X="553" Y="298"/>
    <Point X="554" Y="293"/>
    <Point X="556" Y="288"/>
    <Point X="557" Y="282"/>
    <Point X="558" Y="276"/>
    <Point X="559" Y="270"/>
    <Point X="560" Y="263"/>
    <Point X="560" Y="256"/>
    <Point X="561" Y="250"/>
    <Point X="562" Y="243"/>
    <Point X="562" Y="238"/>
    <Point X="562" Y="233"/>
    <Point X="562" Y="229"/>
    <Point X="562" Y="224"/>
    <Point X="562" Y="219"/>
    <Point X="562" Y="215"/>
    <Point X="562" Y="210"/>
    <Point X="562" Y="205"/>
    <Point X="561" Y="201"/>
    <Point X="560" Y="195"/>
    <Point X="559" Y="190"/>
    <Point X="558" Y="184"/>
    <Point X="556" Y="179"/>
    <Point X="555" Y="174"/>
    <Point X="555" Y="170"/>
    <Point X="553" Y="165"/>
    <Point X="552" Y="161"/>
    <Point X="551" Y="157"/>
    <Point X="550" Y="154"/>
    <Point X="549" Y="151"/>
    <Point X="547" Y="148"/>
    <Point X="546" Y="145"/>
    <Point X="544" Y="141"/>
    <Point X="543" Y="138"/>
    <Point X="541" Y="134"/>
    <Point X="539" Y="130"/>
    <Point X="537" Y="127"/>
    <Point X="535" Y="124"/>
    <Point X="534" Y="122"/>
    <Point X="532" Y="119"/>
    <Point X="530" Y="116"/>
    <Point X="528" Y="113"/>
    <Point X="527" Y="111"/>
    <Point X="525" Y="108"/>
    <Point X="524" Y="107"/>
    <Point X="522" Y="105"/>
    <Point X="520" Y="104"/>
    <Point X="519" Y="103"/>
    <Point X="517" Y="102"/>
    <Point X="516" Y="101"/>
    <Point X="514" Y="101"/>
    <Point X="502" Y="98"/>
    <Point X="495" Y="95"/>
    <Point X="489" Y="94"/>
    <Point X="485" Y="93"/>
    <Point X="482" Y="92"/>
    <Point X="479" Y="91"/>
    <Point X="477" Y="90"/>
    <Point X="474" Y="89"/>
    <Point X="472" Y="89"/>
    <Point X="470" Y="88"/>
    <Point X="466" Y="88"/>
    <Point X="463" Y="87"/>
    <Point X="461" Y="87"/>
    <Point X="458" Y="86"/>
    <Point X="455" Y="86"/>
    <Point X="453" Y="85"/>
    <Point X="451" Y="85"/>
    <Point X="449" Y="84"/>
    <Point X="447" Y="84"/>
    <Point X="445" Y="84"/>
    <Point X="443" Y="83"/>
    <Point X="440" Y="83"/>
    <Point X="437" Y="83"/>
    <Point X="434" Y="83"/>
    <Point X="431" Y="83"/>
    <Point X="428" Y="83"/>
    <Point X="424" Y="83"/>
    <Point X="421" Y="83"/>
    <Point X="417" Y="83"/>
    <Point X="414" Y="83"/>
    <Point X="410" Y="83"/>
    <Point X="407" Y="83"/>
    <Point X="404" Y="83"/>
    <Point X="401" Y="83"/>
    <Point X="398" Y="83"/>
    <Point X="395" Y="83"/>
    <Point X="392" Y="83"/>
    <Point X="389" Y="83"/>
    <Point X="387" Y="83"/>
    <Point X="384" Y="83"/>
    <Point X="381" Y="83"/>
    <Point X="379" Y="83"/>
    <Point X="377" Y="83"/>
    <Point X="374" Y="83"/>
    <Point X="373" Y="83"/>
    <Point X="371" Y="84"/>
    <Point X="369" Y="84"/>
    <Point X="366" Y="85"/>
    <Point X="365" Y="85"/>
    <Point X="363" Y="86"/>
    <Point X="361" Y="86"/>
    <Point X="359" Y="86"/>
    <Point X="358" Y="86"/>
    <Point X="357" Y="86"/>
    <Point X="357" Y="87"/>
    <Point X="355" Y="87"/>
    <Point X="353" Y="88"/>
    <Point X="352" Y="88"/>
    <Point X="350" Y="89"/>
    <Point X="349" Y="90"/>
    <Point X="348" Y="90"/>
    <Point X="347" Y="91"/>
    <Point X="346" Y="91"/>
    <Point X="344" Y="92"/>
    <Point X="343" Y="93"/>
    <Point X="342" Y="93"/>
    <Point X="341" Y="94"/>
    <Point X="340" Y="94"/>
    <Point X="339" Y="95"/>
    <Point X="338" Y="96"/>
    <Point X="336" Y="97"/>
    <Point X="336" Y="98"/>
    <Point X="335" Y="98"/>
    <Point X="333" Y="100"/>
    <Point X="332" Y="100"/>
    <Point X="331" Y="101"/>
    <Point X="330" Y="101"/>
    <Point X="330" Y="102"/>
    <Point X="329" Y="103"/>
    <Point X="328" Y="103"/>
    <Point X="327" Y="105"/>
    <Point X="326" Y="105"/>
    <Point X="325" Y="106"/>
    <Point X="323" Y="108"/>
    <Point X="322" Y="108"/>
    <Point X="321" Y="109"/>
    <Point X="320" Y="109"/>
    <Point X="320" Y="110"/>
    <Point X="319" Y="110"/>
    <Point X="318" Y="111"/>
    <Point X="317" Y="111"/>
    <Point X="316" Y="112"/>
    <Point X="315" Y="112"/>
    <Point X="314" Y="114"/>
    <Point X="313" Y="114"/>
    <Point X="312" Y="115"/>
    <Point X="311" Y="115"/>
    <Point X="310" Y="116"/>
    <Point X="309" Y="116"/>
    <Point X="308" Y="117"/>
    <Point X="307" Y="117"/>
    <Point X="307" Y="118"/>
    <Point X="306" Y="118"/>
    <Point X="305" Y="119"/>
    <Point X="304" Y="119"/>
    <Point X="303" Y="120"/>
    <Point X="302" Y="121"/>
    <Point X="301" Y="121"/>
    <Point X="300" Y="122"/>
    <Point X="299" Y="122"/>
    <Point X="299" Y="123"/>
    <Point X="298" Y="123"/>
    <Point X="296" Y="125"/>
    <Point X="295" Y="125"/>
    <Point X="295" Y="126"/>
    <Point X="294" Y="126"/>
    <Point X="294" Y="127"/>
    <Point X="294" Y="128"/>
    <Point X="294" Y="130"/>
</Gesture>
