<?xml version="1.0" ?>
<Gesture Name="07" Subject="6" Number="7" NumPts="267">
    <Point X="344" Y="108"/>
    <Point X="344" Y="109"/>
    <Point X="344" Y="110"/>
    <Point X="343" Y="113"/>
    <Point X="343" Y="114"/>
    <Point X="343" Y="115"/>
    <Point X="342" Y="117"/>
    <Point X="341" Y="119"/>
    <Point X="340" Y="121"/>
    <Point X="340" Y="122"/>
    <Point X="340" Y="123"/>
    <Point X="340" Y="124"/>
    <Point X="339" Y="125"/>
    <Point X="338" Y="127"/>
    <Point X="338" Y="128"/>
    <Point X="337" Y="130"/>
    <Point X="337" Y="132"/>
    <Point X="336" Y="134"/>
    <Point X="335" Y="136"/>
    <Point X="334" Y="138"/>
    <Point X="334" Y="141"/>
    <Point X="333" Y="143"/>
    <Point X="332" Y="145"/>
    <Point X="332" Y="149"/>
    <Point X="331" Y="152"/>
    <Point X="329" Y="155"/>
    <Point X="329" Y="157"/>
    <Point X="327" Y="160"/>
    <Point X="326" Y="164"/>
    <Point X="326" Y="167"/>
    <Point X="325" Y="170"/>
    <Point X="325" Y="174"/>
    <Point X="325" Y="178"/>
    <Point X="325" Y="181"/>
    <Point X="324" Y="185"/>
    <Point X="324" Y="189"/>
    <Point X="324" Y="192"/>
    <Point X="324" Y="196"/>
    <Point X="324" Y="200"/>
    <Point X="324" Y="204"/>
    <Point X="324" Y="207"/>
    <Point X="324" Y="211"/>
    <Point X="324" Y="214"/>
    <Point X="325" Y="218"/>
    <Point X="325" Y="222"/>
    <Point X="326" Y="226"/>
    <Point X="327" Y="229"/>
    <Point X="328" Y="232"/>
    <Point X="329" Y="235"/>
    <Point X="330" Y="237"/>
    <Point X="330" Y="239"/>
    <Point X="331" Y="242"/>
    <Point X="332" Y="244"/>
    <Point X="334" Y="246"/>
    <Point X="335" Y="249"/>
    <Point X="337" Y="251"/>
    <Point X="338" Y="254"/>
    <Point X="340" Y="256"/>
    <Point X="342" Y="259"/>
    <Point X="344" Y="261"/>
    <Point X="346" Y="263"/>
    <Point X="348" Y="265"/>
    <Point X="351" Y="268"/>
    <Point X="353" Y="270"/>
    <Point X="357" Y="273"/>
    <Point X="362" Y="276"/>
    <Point X="366" Y="279"/>
    <Point X="370" Y="282"/>
    <Point X="374" Y="285"/>
    <Point X="378" Y="287"/>
    <Point X="382" Y="289"/>
    <Point X="385" Y="290"/>
    <Point X="388" Y="292"/>
    <Point X="390" Y="293"/>
    <Point X="394" Y="294"/>
    <Point X="397" Y="295"/>
    <Point X="400" Y="296"/>
    <Point X="403" Y="296"/>
    <Point X="407" Y="297"/>
    <Point X="411" Y="297"/>
    <Point X="415" Y="299"/>
    <Point X="420" Y="299"/>
    <Point X="425" Y="300"/>
    <Point X="429" Y="301"/>
    <Point X="434" Y="301"/>
    <Point X="438" Y="302"/>
    <Point X="442" Y="303"/>
    <Point X="445" Y="303"/>
    <Point X="448" Y="303"/>
    <Point X="451" Y="303"/>
    <Point X="454" Y="303"/>
    <Point X="457" Y="303"/>
    <Point X="459" Y="303"/>
    <Point X="461" Y="302"/>
    <Point X="464" Y="302"/>
    <Point X="465" Y="301"/>
    <Point X="467" Y="300"/>
    <Point X="469" Y="299"/>
    <Point X="469" Y="298"/>
    <Point X="471" Y="296"/>
    <Point X="471" Y="295"/>
    <Point X="473" Y="292"/>
    <Point X="474" Y="290"/>
    <Point X="476" Y="288"/>
    <Point X="478" Y="285"/>
    <Point X="480" Y="283"/>
    <Point X="482" Y="280"/>
    <Point X="484" Y="277"/>
    <Point X="486" Y="275"/>
    <Point X="488" Y="271"/>
    <Point X="491" Y="268"/>
    <Point X="494" Y="264"/>
    <Point X="496" Y="259"/>
    <Point X="498" Y="255"/>
    <Point X="501" Y="250"/>
    <Point X="503" Y="245"/>
    <Point X="505" Y="241"/>
    <Point X="507" Y="237"/>
    <Point X="509" Y="233"/>
    <Point X="510" Y="230"/>
    <Point X="511" Y="226"/>
    <Point X="512" Y="222"/>
    <Point X="513" Y="218"/>
    <Point X="514" Y="214"/>
    <Point X="515" Y="209"/>
    <Point X="516" Y="203"/>
    <Point X="516" Y="197"/>
    <Point X="516" Y="191"/>
    <Point X="516" Y="185"/>
    <Point X="516" Y="180"/>
    <Point X="516" Y="174"/>
    <Point X="516" Y="169"/>
    <Point X="516" Y="164"/>
    <Point X="516" Y="160"/>
    <Point X="516" Y="155"/>
    <Point X="516" Y="151"/>
    <Point X="515" Y="146"/>
    <Point X="514" Y="142"/>
    <Point X="512" Y="136"/>
    <Point X="511" Y="131"/>
    <Point X="509" Y="125"/>
    <Point X="507" Y="119"/>
    <Point X="505" Y="112"/>
    <Point X="504" Y="107"/>
    <Point X="503" Y="102"/>
    <Point X="501" Y="96"/>
    <Point X="501" Y="92"/>
    <Point X="500" Y="88"/>
    <Point X="499" Y="85"/>
    <Point X="498" Y="82"/>
    <Point X="497" Y="79"/>
    <Point X="496" Y="77"/>
    <Point X="496" Y="74"/>
    <Point X="495" Y="72"/>
    <Point X="494" Y="69"/>
    <Point X="492" Y="66"/>
    <Point X="491" Y="64"/>
    <Point X="489" Y="61"/>
    <Point X="488" Y="58"/>
    <Point X="487" Y="56"/>
    <Point X="486" Y="54"/>
    <Point X="484" Y="52"/>
    <Point X="484" Y="51"/>
    <Point X="482" Y="49"/>
    <Point X="481" Y="47"/>
    <Point X="480" Y="47"/>
    <Point X="479" Y="46"/>
    <Point X="478" Y="45"/>
    <Point X="476" Y="44"/>
    <Point X="474" Y="43"/>
    <Point X="472" Y="42"/>
    <Point X="471" Y="41"/>
    <Point X="470" Y="41"/>
    <Point X="468" Y="40"/>
    <Point X="467" Y="39"/>
    <Point X="465" Y="39"/>
    <Point X="463" Y="38"/>
    <Point X="461" Y="37"/>
    <Point X="459" Y="37"/>
    <Point X="458" Y="37"/>
    <Point X="455" Y="36"/>
    <Point X="454" Y="36"/>
    <Point X="451" Y="36"/>
    <Point X="450" Y="36"/>
    <Point X="447" Y="36"/>
    <Point X="446" Y="36"/>
    <Point X="443" Y="36"/>
    <Point X="442" Y="36"/>
    <Point X="440" Y="36"/>
    <Point X="438" Y="36"/>
    <Point X="435" Y="36"/>
    <Point X="433" Y="36"/>
    <Point X="432" Y="36"/>
    <Point X="430" Y="36"/>
    <Point X="427" Y="37"/>
    <Point X="425" Y="37"/>
    <Point X="423" Y="38"/>
    <Point X="420" Y="38"/>
    <Point X="419" Y="38"/>
    <Point X="416" Y="39"/>
    <Point X="415" Y="39"/>
    <Point X="407" Y="42"/>
    <Point X="402" Y="44"/>
    <Point X="399" Y="45"/>
    <Point X="397" Y="45"/>
    <Point X="395" Y="46"/>
    <Point X="394" Y="46"/>
    <Point X="392" Y="47"/>
    <Point X="391" Y="48"/>
    <Point X="389" Y="48"/>
    <Point X="387" Y="49"/>
    <Point X="387" Y="50"/>
    <Point X="384" Y="52"/>
    <Point X="383" Y="52"/>
    <Point X="382" Y="53"/>
    <Point X="380" Y="54"/>
    <Point X="378" Y="55"/>
    <Point X="377" Y="57"/>
    <Point X="375" Y="58"/>
    <Point X="374" Y="59"/>
    <Point X="374" Y="60"/>
    <Point X="372" Y="62"/>
    <Point X="370" Y="63"/>
    <Point X="369" Y="65"/>
    <Point X="368" Y="66"/>
    <Point X="367" Y="67"/>
    <Point X="366" Y="68"/>
    <Point X="366" Y="69"/>
    <Point X="365" Y="70"/>
    <Point X="365" Y="71"/>
    <Point X="364" Y="72"/>
    <Point X="364" Y="75"/>
    <Point X="362" Y="77"/>
    <Point X="361" Y="78"/>
    <Point X="360" Y="81"/>
    <Point X="358" Y="82"/>
    <Point X="358" Y="83"/>
    <Point X="357" Y="84"/>
    <Point X="357" Y="85"/>
    <Point X="357" Y="86"/>
    <Point X="356" Y="86"/>
    <Point X="355" Y="87"/>
    <Point X="355" Y="88"/>
    <Point X="354" Y="89"/>
    <Point X="354" Y="91"/>
    <Point X="353" Y="92"/>
    <Point X="353" Y="93"/>
    <Point X="353" Y="94"/>
    <Point X="352" Y="95"/>
    <Point X="352" Y="97"/>
    <Point X="351" Y="98"/>
    <Point X="351" Y="100"/>
    <Point X="350" Y="101"/>
    <Point X="350" Y="102"/>
    <Point X="348" Y="103"/>
    <Point X="348" Y="104"/>
    <Point X="348" Y="105"/>
    <Point X="347" Y="106"/>
    <Point X="347" Y="107"/>
    <Point X="347" Y="108"/>
    <Point X="347" Y="109"/>
    <Point X="346" Y="109"/>
    <Point X="346" Y="110"/>
    <Point X="346" Y="111"/>
    <Point X="346" Y="112"/>
    <Point X="346" Y="113"/>
    <Point X="346" Y="114"/>
</Gesture>
