<?xml version="1.0" ?>
<Gesture Name="09" Subject="6" Number="9" NumPts="256">
    <Point X="339" Y="108"/>
    <Point X="339" Y="109"/>
    <Point X="338" Y="109"/>
    <Point X="338" Y="111"/>
    <Point X="337" Y="112"/>
    <Point X="337" Y="113"/>
    <Point X="336" Y="114"/>
    <Point X="336" Y="115"/>
    <Point X="335" Y="116"/>
    <Point X="335" Y="117"/>
    <Point X="333" Y="119"/>
    <Point X="333" Y="120"/>
    <Point X="332" Y="122"/>
    <Point X="331" Y="124"/>
    <Point X="330" Y="126"/>
    <Point X="329" Y="129"/>
    <Point X="329" Y="130"/>
    <Point X="328" Y="131"/>
    <Point X="327" Y="134"/>
    <Point X="326" Y="138"/>
    <Point X="325" Y="141"/>
    <Point X="323" Y="146"/>
    <Point X="322" Y="151"/>
    <Point X="322" Y="155"/>
    <Point X="321" Y="161"/>
    <Point X="320" Y="166"/>
    <Point X="320" Y="172"/>
    <Point X="320" Y="177"/>
    <Point X="320" Y="183"/>
    <Point X="320" Y="187"/>
    <Point X="320" Y="192"/>
    <Point X="320" Y="196"/>
    <Point X="320" Y="200"/>
    <Point X="320" Y="204"/>
    <Point X="320" Y="207"/>
    <Point X="320" Y="211"/>
    <Point X="320" Y="214"/>
    <Point X="320" Y="218"/>
    <Point X="320" Y="223"/>
    <Point X="322" Y="228"/>
    <Point X="322" Y="232"/>
    <Point X="323" Y="237"/>
    <Point X="325" Y="242"/>
    <Point X="326" Y="246"/>
    <Point X="327" Y="250"/>
    <Point X="329" Y="254"/>
    <Point X="331" Y="258"/>
    <Point X="333" Y="262"/>
    <Point X="335" Y="265"/>
    <Point X="336" Y="268"/>
    <Point X="338" Y="272"/>
    <Point X="341" Y="276"/>
    <Point X="344" Y="281"/>
    <Point X="347" Y="285"/>
    <Point X="349" Y="289"/>
    <Point X="351" Y="293"/>
    <Point X="354" Y="297"/>
    <Point X="357" Y="301"/>
    <Point X="361" Y="305"/>
    <Point X="364" Y="309"/>
    <Point X="368" Y="312"/>
    <Point X="371" Y="315"/>
    <Point X="374" Y="318"/>
    <Point X="378" Y="320"/>
    <Point X="381" Y="323"/>
    <Point X="384" Y="324"/>
    <Point X="387" Y="326"/>
    <Point X="390" Y="327"/>
    <Point X="393" Y="328"/>
    <Point X="396" Y="329"/>
    <Point X="400" Y="330"/>
    <Point X="404" Y="332"/>
    <Point X="408" Y="333"/>
    <Point X="413" Y="333"/>
    <Point X="418" Y="334"/>
    <Point X="422" Y="335"/>
    <Point X="425" Y="336"/>
    <Point X="429" Y="336"/>
    <Point X="433" Y="336"/>
    <Point X="438" Y="336"/>
    <Point X="442" Y="336"/>
    <Point X="446" Y="336"/>
    <Point X="450" Y="336"/>
    <Point X="455" Y="336"/>
    <Point X="466" Y="335"/>
    <Point X="474" Y="333"/>
    <Point X="481" Y="332"/>
    <Point X="487" Y="330"/>
    <Point X="493" Y="328"/>
    <Point X="497" Y="327"/>
    <Point X="501" Y="325"/>
    <Point X="504" Y="323"/>
    <Point X="508" Y="322"/>
    <Point X="511" Y="319"/>
    <Point X="514" Y="316"/>
    <Point X="517" Y="313"/>
    <Point X="521" Y="309"/>
    <Point X="526" Y="304"/>
    <Point X="531" Y="299"/>
    <Point X="535" Y="294"/>
    <Point X="538" Y="289"/>
    <Point X="540" Y="286"/>
    <Point X="542" Y="283"/>
    <Point X="543" Y="280"/>
    <Point X="545" Y="277"/>
    <Point X="547" Y="272"/>
    <Point X="549" Y="266"/>
    <Point X="550" Y="259"/>
    <Point X="553" Y="251"/>
    <Point X="556" Y="244"/>
    <Point X="559" Y="236"/>
    <Point X="563" Y="228"/>
    <Point X="566" Y="221"/>
    <Point X="569" Y="214"/>
    <Point X="571" Y="207"/>
    <Point X="573" Y="200"/>
    <Point X="575" Y="194"/>
    <Point X="576" Y="187"/>
    <Point X="577" Y="180"/>
    <Point X="577" Y="174"/>
    <Point X="577" Y="168"/>
    <Point X="577" Y="162"/>
    <Point X="577" Y="156"/>
    <Point X="577" Y="151"/>
    <Point X="577" Y="146"/>
    <Point X="577" Y="140"/>
    <Point X="577" Y="135"/>
    <Point X="576" Y="129"/>
    <Point X="575" Y="125"/>
    <Point X="574" Y="120"/>
    <Point X="574" Y="115"/>
    <Point X="573" Y="111"/>
    <Point X="572" Y="106"/>
    <Point X="571" Y="102"/>
    <Point X="569" Y="98"/>
    <Point X="567" Y="94"/>
    <Point X="565" Y="89"/>
    <Point X="563" Y="84"/>
    <Point X="561" Y="80"/>
    <Point X="559" Y="76"/>
    <Point X="556" Y="72"/>
    <Point X="554" Y="68"/>
    <Point X="551" Y="65"/>
    <Point X="549" Y="61"/>
    <Point X="546" Y="58"/>
    <Point X="544" Y="55"/>
    <Point X="541" Y="52"/>
    <Point X="539" Y="50"/>
    <Point X="537" Y="47"/>
    <Point X="535" Y="46"/>
    <Point X="533" Y="44"/>
    <Point X="532" Y="42"/>
    <Point X="529" Y="40"/>
    <Point X="526" Y="38"/>
    <Point X="523" Y="35"/>
    <Point X="520" Y="33"/>
    <Point X="517" Y="31"/>
    <Point X="515" Y="29"/>
    <Point X="512" Y="28"/>
    <Point X="510" Y="27"/>
    <Point X="508" Y="25"/>
    <Point X="504" Y="24"/>
    <Point X="502" Y="23"/>
    <Point X="500" Y="21"/>
    <Point X="497" Y="20"/>
    <Point X="495" Y="19"/>
    <Point X="492" Y="19"/>
    <Point X="490" Y="18"/>
    <Point X="488" Y="17"/>
    <Point X="485" Y="17"/>
    <Point X="483" Y="17"/>
    <Point X="481" Y="16"/>
    <Point X="479" Y="16"/>
    <Point X="477" Y="15"/>
    <Point X="474" Y="15"/>
    <Point X="471" Y="14"/>
    <Point X="469" Y="14"/>
    <Point X="466" Y="14"/>
    <Point X="464" Y="14"/>
    <Point X="462" Y="14"/>
    <Point X="459" Y="14"/>
    <Point X="456" Y="14"/>
    <Point X="453" Y="14"/>
    <Point X="450" Y="14"/>
    <Point X="449" Y="14"/>
    <Point X="447" Y="14"/>
    <Point X="446" Y="14"/>
    <Point X="445" Y="14"/>
    <Point X="443" Y="14"/>
    <Point X="441" Y="14"/>
    <Point X="438" Y="14"/>
    <Point X="436" Y="15"/>
    <Point X="434" Y="15"/>
    <Point X="430" Y="16"/>
    <Point X="427" Y="17"/>
    <Point X="423" Y="19"/>
    <Point X="418" Y="21"/>
    <Point X="413" Y="22"/>
    <Point X="409" Y="23"/>
    <Point X="406" Y="25"/>
    <Point X="404" Y="25"/>
    <Point X="402" Y="26"/>
    <Point X="400" Y="27"/>
    <Point X="398" Y="29"/>
    <Point X="396" Y="30"/>
    <Point X="393" Y="32"/>
    <Point X="391" Y="34"/>
    <Point X="388" Y="35"/>
    <Point X="386" Y="36"/>
    <Point X="382" Y="39"/>
    <Point X="380" Y="40"/>
    <Point X="378" Y="42"/>
    <Point X="375" Y="42"/>
    <Point X="374" Y="43"/>
    <Point X="373" Y="44"/>
    <Point X="372" Y="44"/>
    <Point X="371" Y="46"/>
    <Point X="369" Y="47"/>
    <Point X="367" Y="50"/>
    <Point X="365" Y="52"/>
    <Point X="363" Y="55"/>
    <Point X="361" Y="57"/>
    <Point X="359" Y="59"/>
    <Point X="357" Y="61"/>
    <Point X="357" Y="62"/>
    <Point X="356" Y="64"/>
    <Point X="355" Y="65"/>
    <Point X="355" Y="66"/>
    <Point X="354" Y="68"/>
    <Point X="354" Y="69"/>
    <Point X="354" Y="71"/>
    <Point X="353" Y="74"/>
    <Point X="351" Y="77"/>
    <Point X="350" Y="81"/>
    <Point X="349" Y="86"/>
    <Point X="347" Y="90"/>
    <Point X="346" Y="93"/>
    <Point X="346" Y="95"/>
    <Point X="346" Y="96"/>
    <Point X="345" Y="97"/>
    <Point X="345" Y="98"/>
    <Point X="345" Y="99"/>
    <Point X="344" Y="100"/>
    <Point X="344" Y="101"/>
    <Point X="343" Y="102"/>
    <Point X="343" Y="104"/>
    <Point X="343" Y="106"/>
    <Point X="342" Y="108"/>
    <Point X="342" Y="109"/>
    <Point X="342" Y="110"/>
    <Point X="341" Y="111"/>
    <Point X="341" Y="113"/>
    <Point X="341" Y="115"/>
    <Point X="341" Y="116"/>
    <Point X="341" Y="117"/>
    <Point X="341" Y="118"/>
</Gesture>
