<?xml version="1.0" ?>
<Gesture Name="01" Subject="6" Number="1" NumPts="233">
    <Point X="311" Y="127"/>
    <Point X="310" Y="128"/>
    <Point X="310" Y="129"/>
    <Point X="309" Y="130"/>
    <Point X="308" Y="131"/>
    <Point X="308" Y="133"/>
    <Point X="307" Y="133"/>
    <Point X="306" Y="136"/>
    <Point X="305" Y="138"/>
    <Point X="304" Y="139"/>
    <Point X="303" Y="141"/>
    <Point X="302" Y="143"/>
    <Point X="301" Y="145"/>
    <Point X="299" Y="149"/>
    <Point X="298" Y="152"/>
    <Point X="297" Y="155"/>
    <Point X="296" Y="158"/>
    <Point X="295" Y="161"/>
    <Point X="293" Y="164"/>
    <Point X="292" Y="168"/>
    <Point X="291" Y="171"/>
    <Point X="289" Y="176"/>
    <Point X="288" Y="181"/>
    <Point X="287" Y="185"/>
    <Point X="285" Y="191"/>
    <Point X="284" Y="196"/>
    <Point X="283" Y="201"/>
    <Point X="283" Y="205"/>
    <Point X="282" Y="210"/>
    <Point X="282" Y="214"/>
    <Point X="282" Y="218"/>
    <Point X="282" Y="222"/>
    <Point X="281" Y="227"/>
    <Point X="281" Y="231"/>
    <Point X="281" Y="235"/>
    <Point X="281" Y="239"/>
    <Point X="281" Y="243"/>
    <Point X="281" Y="247"/>
    <Point X="281" Y="251"/>
    <Point X="282" Y="254"/>
    <Point X="283" Y="258"/>
    <Point X="284" Y="262"/>
    <Point X="285" Y="265"/>
    <Point X="286" Y="268"/>
    <Point X="287" Y="272"/>
    <Point X="289" Y="274"/>
    <Point X="290" Y="276"/>
    <Point X="291" Y="279"/>
    <Point X="292" Y="280"/>
    <Point X="293" Y="282"/>
    <Point X="294" Y="282"/>
    <Point X="296" Y="283"/>
    <Point X="297" Y="284"/>
    <Point X="299" Y="285"/>
    <Point X="301" Y="286"/>
    <Point X="305" Y="289"/>
    <Point X="309" Y="290"/>
    <Point X="313" Y="291"/>
    <Point X="318" Y="292"/>
    <Point X="323" Y="294"/>
    <Point X="327" Y="294"/>
    <Point X="332" Y="295"/>
    <Point X="337" Y="295"/>
    <Point X="340" Y="296"/>
    <Point X="344" Y="297"/>
    <Point X="348" Y="297"/>
    <Point X="351" Y="298"/>
    <Point X="354" Y="298"/>
    <Point X="357" Y="298"/>
    <Point X="359" Y="299"/>
    <Point X="362" Y="299"/>
    <Point X="366" Y="299"/>
    <Point X="369" Y="299"/>
    <Point X="373" Y="299"/>
    <Point X="377" Y="299"/>
    <Point X="381" Y="299"/>
    <Point X="384" Y="299"/>
    <Point X="387" Y="299"/>
    <Point X="390" Y="299"/>
    <Point X="394" Y="299"/>
    <Point X="396" Y="299"/>
    <Point X="399" Y="299"/>
    <Point X="401" Y="298"/>
    <Point X="405" Y="298"/>
    <Point X="408" Y="298"/>
    <Point X="410" Y="297"/>
    <Point X="413" Y="297"/>
    <Point X="415" Y="296"/>
    <Point X="418" Y="295"/>
    <Point X="420" Y="294"/>
    <Point X="423" Y="292"/>
    <Point X="426" Y="291"/>
    <Point X="428" Y="290"/>
    <Point X="430" Y="288"/>
    <Point X="432" Y="288"/>
    <Point X="434" Y="286"/>
    <Point X="436" Y="284"/>
    <Point X="437" Y="281"/>
    <Point X="438" Y="279"/>
    <Point X="439" Y="279"/>
    <Point X="440" Y="276"/>
    <Point X="441" Y="274"/>
    <Point X="443" Y="271"/>
    <Point X="444" Y="268"/>
    <Point X="446" Y="266"/>
    <Point X="446" Y="264"/>
    <Point X="447" Y="261"/>
    <Point X="448" Y="259"/>
    <Point X="449" Y="257"/>
    <Point X="450" Y="255"/>
    <Point X="450" Y="253"/>
    <Point X="450" Y="252"/>
    <Point X="451" Y="250"/>
    <Point X="451" Y="248"/>
    <Point X="451" Y="245"/>
    <Point X="451" Y="243"/>
    <Point X="451" Y="240"/>
    <Point X="451" Y="237"/>
    <Point X="451" Y="230"/>
    <Point X="451" Y="226"/>
    <Point X="451" Y="222"/>
    <Point X="451" Y="219"/>
    <Point X="451" Y="215"/>
    <Point X="451" Y="213"/>
    <Point X="451" Y="211"/>
    <Point X="450" Y="208"/>
    <Point X="450" Y="206"/>
    <Point X="449" Y="204"/>
    <Point X="448" Y="200"/>
    <Point X="448" Y="198"/>
    <Point X="447" Y="196"/>
    <Point X="447" Y="193"/>
    <Point X="446" Y="191"/>
    <Point X="445" Y="188"/>
    <Point X="443" Y="185"/>
    <Point X="442" Y="181"/>
    <Point X="441" Y="178"/>
    <Point X="440" Y="174"/>
    <Point X="439" Y="171"/>
    <Point X="438" Y="169"/>
    <Point X="437" Y="167"/>
    <Point X="436" Y="164"/>
    <Point X="435" Y="163"/>
    <Point X="434" Y="160"/>
    <Point X="433" Y="158"/>
    <Point X="432" Y="156"/>
    <Point X="431" Y="155"/>
    <Point X="430" Y="152"/>
    <Point X="428" Y="150"/>
    <Point X="427" Y="147"/>
    <Point X="425" Y="145"/>
    <Point X="423" Y="144"/>
    <Point X="421" Y="142"/>
    <Point X="421" Y="141"/>
    <Point X="419" Y="140"/>
    <Point X="417" Y="138"/>
    <Point X="415" Y="136"/>
    <Point X="414" Y="135"/>
    <Point X="412" Y="133"/>
    <Point X="410" Y="131"/>
    <Point X="409" Y="131"/>
    <Point X="407" Y="129"/>
    <Point X="406" Y="128"/>
    <Point X="405" Y="127"/>
    <Point X="403" Y="125"/>
    <Point X="402" Y="125"/>
    <Point X="399" Y="124"/>
    <Point X="398" Y="123"/>
    <Point X="397" Y="123"/>
    <Point X="395" Y="122"/>
    <Point X="394" Y="122"/>
    <Point X="393" Y="122"/>
    <Point X="391" Y="121"/>
    <Point X="389" Y="121"/>
    <Point X="388" Y="120"/>
    <Point X="386" Y="120"/>
    <Point X="385" Y="120"/>
    <Point X="384" Y="120"/>
    <Point X="383" Y="120"/>
    <Point X="382" Y="120"/>
    <Point X="381" Y="120"/>
    <Point X="379" Y="120"/>
    <Point X="378" Y="120"/>
    <Point X="377" Y="120"/>
    <Point X="376" Y="120"/>
    <Point X="375" Y="120"/>
    <Point X="373" Y="120"/>
    <Point X="372" Y="121"/>
    <Point X="369" Y="121"/>
    <Point X="368" Y="122"/>
    <Point X="367" Y="122"/>
    <Point X="365" Y="122"/>
    <Point X="364" Y="122"/>
    <Point X="362" Y="123"/>
    <Point X="360" Y="123"/>
    <Point X="357" Y="124"/>
    <Point X="356" Y="124"/>
    <Point X="354" Y="124"/>
    <Point X="352" Y="125"/>
    <Point X="351" Y="125"/>
    <Point X="350" Y="125"/>
    <Point X="349" Y="125"/>
    <Point X="347" Y="126"/>
    <Point X="345" Y="126"/>
    <Point X="344" Y="126"/>
    <Point X="343" Y="126"/>
    <Point X="342" Y="127"/>
    <Point X="340" Y="127"/>
    <Point X="339" Y="127"/>
    <Point X="338" Y="127"/>
    <Point X="336" Y="128"/>
    <Point X="335" Y="128"/>
    <Point X="334" Y="128"/>
    <Point X="333" Y="128"/>
    <Point X="332" Y="128"/>
    <Point X="331" Y="128"/>
    <Point X="330" Y="128"/>
    <Point X="327" Y="128"/>
    <Point X="326" Y="128"/>
    <Point X="324" Y="128"/>
    <Point X="323" Y="128"/>
    <Point X="322" Y="128"/>
    <Point X="321" Y="128"/>
    <Point X="320" Y="128"/>
    <Point X="319" Y="128"/>
    <Point X="318" Y="128"/>
    <Point X="317" Y="128"/>
    <Point X="315" Y="128"/>
    <Point X="314" Y="128"/>
    <Point X="313" Y="128"/>
    <Point X="312" Y="128"/>
    <Point X="312" Y="127"/>
    <Point X="311" Y="127"/>
</Gesture>
