<?xml version="1.0" ?>
<Gesture Name="03" Subject="6" Number="3" NumPts="247">
    <Point X="318" Y="169"/>
    <Point X="317" Y="171"/>
    <Point X="316" Y="172"/>
    <Point X="316" Y="174"/>
    <Point X="315" Y="176"/>
    <Point X="314" Y="178"/>
    <Point X="313" Y="180"/>
    <Point X="312" Y="182"/>
    <Point X="311" Y="184"/>
    <Point X="310" Y="187"/>
    <Point X="308" Y="190"/>
    <Point X="307" Y="192"/>
    <Point X="305" Y="194"/>
    <Point X="305" Y="196"/>
    <Point X="304" Y="197"/>
    <Point X="303" Y="199"/>
    <Point X="302" Y="200"/>
    <Point X="302" Y="202"/>
    <Point X="301" Y="205"/>
    <Point X="301" Y="207"/>
    <Point X="300" Y="211"/>
    <Point X="299" Y="215"/>
    <Point X="298" Y="219"/>
    <Point X="296" Y="223"/>
    <Point X="296" Y="226"/>
    <Point X="295" Y="229"/>
    <Point X="295" Y="232"/>
    <Point X="294" Y="235"/>
    <Point X="293" Y="238"/>
    <Point X="293" Y="241"/>
    <Point X="292" Y="244"/>
    <Point X="292" Y="247"/>
    <Point X="292" Y="251"/>
    <Point X="292" Y="254"/>
    <Point X="292" Y="258"/>
    <Point X="292" Y="262"/>
    <Point X="292" Y="266"/>
    <Point X="292" Y="269"/>
    <Point X="292" Y="273"/>
    <Point X="292" Y="276"/>
    <Point X="293" Y="279"/>
    <Point X="293" Y="282"/>
    <Point X="294" Y="286"/>
    <Point X="294" Y="290"/>
    <Point X="295" Y="293"/>
    <Point X="296" Y="297"/>
    <Point X="297" Y="301"/>
    <Point X="298" Y="304"/>
    <Point X="299" Y="308"/>
    <Point X="300" Y="312"/>
    <Point X="302" Y="316"/>
    <Point X="304" Y="320"/>
    <Point X="306" Y="324"/>
    <Point X="308" Y="328"/>
    <Point X="309" Y="331"/>
    <Point X="312" Y="335"/>
    <Point X="313" Y="339"/>
    <Point X="315" Y="341"/>
    <Point X="318" Y="344"/>
    <Point X="319" Y="346"/>
    <Point X="321" Y="348"/>
    <Point X="323" Y="350"/>
    <Point X="326" Y="353"/>
    <Point X="328" Y="355"/>
    <Point X="330" Y="357"/>
    <Point X="332" Y="359"/>
    <Point X="334" Y="360"/>
    <Point X="336" Y="361"/>
    <Point X="339" Y="363"/>
    <Point X="342" Y="364"/>
    <Point X="346" Y="366"/>
    <Point X="350" Y="368"/>
    <Point X="355" Y="369"/>
    <Point X="359" Y="371"/>
    <Point X="363" Y="372"/>
    <Point X="366" Y="373"/>
    <Point X="371" Y="374"/>
    <Point X="375" Y="375"/>
    <Point X="378" Y="376"/>
    <Point X="381" Y="376"/>
    <Point X="384" Y="377"/>
    <Point X="387" Y="377"/>
    <Point X="395" Y="379"/>
    <Point X="396" Y="379"/>
    <Point X="399" Y="379"/>
    <Point X="401" Y="379"/>
    <Point X="403" Y="379"/>
    <Point X="405" Y="379"/>
    <Point X="407" Y="379"/>
    <Point X="410" Y="378"/>
    <Point X="412" Y="377"/>
    <Point X="415" Y="376"/>
    <Point X="418" Y="375"/>
    <Point X="422" Y="373"/>
    <Point X="426" Y="372"/>
    <Point X="429" Y="371"/>
    <Point X="433" Y="369"/>
    <Point X="443" Y="363"/>
    <Point X="451" Y="358"/>
    <Point X="455" Y="355"/>
    <Point X="460" Y="352"/>
    <Point X="464" Y="349"/>
    <Point X="468" Y="346"/>
    <Point X="470" Y="344"/>
    <Point X="473" Y="342"/>
    <Point X="476" Y="340"/>
    <Point X="476" Y="339"/>
    <Point X="476" Y="338"/>
    <Point X="478" Y="336"/>
    <Point X="479" Y="335"/>
    <Point X="479" Y="333"/>
    <Point X="480" Y="332"/>
    <Point X="482" Y="329"/>
    <Point X="483" Y="326"/>
    <Point X="484" Y="324"/>
    <Point X="485" Y="320"/>
    <Point X="487" Y="316"/>
    <Point X="488" Y="311"/>
    <Point X="490" Y="307"/>
    <Point X="492" Y="302"/>
    <Point X="493" Y="298"/>
    <Point X="495" Y="293"/>
    <Point X="496" Y="289"/>
    <Point X="497" Y="284"/>
    <Point X="498" Y="279"/>
    <Point X="499" Y="275"/>
    <Point X="499" Y="270"/>
    <Point X="500" Y="266"/>
    <Point X="500" Y="262"/>
    <Point X="501" Y="257"/>
    <Point X="501" Y="253"/>
    <Point X="501" Y="248"/>
    <Point X="501" Y="244"/>
    <Point X="501" Y="241"/>
    <Point X="501" Y="237"/>
    <Point X="501" Y="234"/>
    <Point X="501" Y="230"/>
    <Point X="501" Y="227"/>
    <Point X="501" Y="224"/>
    <Point X="501" Y="221"/>
    <Point X="501" Y="219"/>
    <Point X="499" Y="215"/>
    <Point X="499" Y="212"/>
    <Point X="498" Y="210"/>
    <Point X="496" Y="207"/>
    <Point X="495" Y="203"/>
    <Point X="494" Y="200"/>
    <Point X="493" Y="197"/>
    <Point X="491" Y="193"/>
    <Point X="489" Y="190"/>
    <Point X="488" Y="187"/>
    <Point X="487" Y="185"/>
    <Point X="486" Y="184"/>
    <Point X="485" Y="182"/>
    <Point X="484" Y="181"/>
    <Point X="483" Y="179"/>
    <Point X="482" Y="178"/>
    <Point X="480" Y="177"/>
    <Point X="479" Y="175"/>
    <Point X="476" Y="173"/>
    <Point X="474" Y="172"/>
    <Point X="473" Y="171"/>
    <Point X="472" Y="170"/>
    <Point X="471" Y="169"/>
    <Point X="469" Y="167"/>
    <Point X="468" Y="167"/>
    <Point X="466" Y="165"/>
    <Point X="464" Y="164"/>
    <Point X="462" Y="163"/>
    <Point X="460" Y="162"/>
    <Point X="458" Y="160"/>
    <Point X="455" Y="159"/>
    <Point X="454" Y="159"/>
    <Point X="454" Y="158"/>
    <Point X="453" Y="158"/>
    <Point X="452" Y="157"/>
    <Point X="451" Y="156"/>
    <Point X="449" Y="156"/>
    <Point X="447" Y="155"/>
    <Point X="446" Y="154"/>
    <Point X="445" Y="154"/>
    <Point X="442" Y="154"/>
    <Point X="441" Y="153"/>
    <Point X="439" Y="153"/>
    <Point X="437" Y="152"/>
    <Point X="436" Y="151"/>
    <Point X="434" Y="151"/>
    <Point X="433" Y="151"/>
    <Point X="431" Y="151"/>
    <Point X="429" Y="150"/>
    <Point X="428" Y="150"/>
    <Point X="427" Y="150"/>
    <Point X="424" Y="150"/>
    <Point X="422" Y="150"/>
    <Point X="419" Y="149"/>
    <Point X="416" Y="149"/>
    <Point X="412" Y="149"/>
    <Point X="408" Y="149"/>
    <Point X="405" Y="149"/>
    <Point X="402" Y="149"/>
    <Point X="399" Y="149"/>
    <Point X="397" Y="149"/>
    <Point X="395" Y="149"/>
    <Point X="393" Y="149"/>
    <Point X="391" Y="149"/>
    <Point X="390" Y="149"/>
    <Point X="388" Y="149"/>
    <Point X="386" Y="149"/>
    <Point X="384" Y="149"/>
    <Point X="382" Y="149"/>
    <Point X="380" Y="150"/>
    <Point X="377" Y="150"/>
    <Point X="375" Y="151"/>
    <Point X="373" Y="151"/>
    <Point X="371" Y="151"/>
    <Point X="368" Y="152"/>
    <Point X="364" Y="153"/>
    <Point X="360" Y="154"/>
    <Point X="356" Y="154"/>
    <Point X="352" Y="155"/>
    <Point X="348" Y="155"/>
    <Point X="346" Y="156"/>
    <Point X="343" Y="156"/>
    <Point X="342" Y="157"/>
    <Point X="341" Y="157"/>
    <Point X="340" Y="157"/>
    <Point X="339" Y="157"/>
    <Point X="338" Y="157"/>
    <Point X="337" Y="157"/>
    <Point X="334" Y="158"/>
    <Point X="333" Y="159"/>
    <Point X="331" Y="160"/>
    <Point X="329" Y="160"/>
    <Point X="328" Y="161"/>
    <Point X="327" Y="161"/>
    <Point X="326" Y="162"/>
    <Point X="325" Y="162"/>
    <Point X="323" Y="163"/>
    <Point X="322" Y="163"/>
    <Point X="321" Y="163"/>
    <Point X="321" Y="164"/>
    <Point X="320" Y="164"/>
    <Point X="320" Y="165"/>
    <Point X="319" Y="165"/>
    <Point X="317" Y="167"/>
    <Point X="316" Y="167"/>
    <Point X="315" Y="168"/>
</Gesture>
