<?xml version="1.0" ?>
<Gesture Name="01" Subject="6" Number="1" NumPts="82">
    <Point X="303" Y="89"/>
    <Point X="304" Y="91"/>
    <Point X="306" Y="93"/>
    <Point X="308" Y="94"/>
    <Point X="310" Y="97"/>
    <Point X="315" Y="100"/>
    <Point X="320" Y="104"/>
    <Point X="325" Y="108"/>
    <Point X="331" Y="112"/>
    <Point X="339" Y="117"/>
    <Point X="346" Y="121"/>
    <Point X="353" Y="126"/>
    <Point X="360" Y="132"/>
    <Point X="368" Y="138"/>
    <Point X="376" Y="144"/>
    <Point X="385" Y="150"/>
    <Point X="395" Y="157"/>
    <Point X="405" Y="165"/>
    <Point X="417" Y="173"/>
    <Point X="428" Y="182"/>
    <Point X="438" Y="190"/>
    <Point X="447" Y="198"/>
    <Point X="455" Y="206"/>
    <Point X="462" Y="212"/>
    <Point X="467" Y="219"/>
    <Point X="471" Y="225"/>
    <Point X="473" Y="229"/>
    <Point X="474" Y="232"/>
    <Point X="476" Y="235"/>
    <Point X="476" Y="237"/>
    <Point X="477" Y="238"/>
    <Point X="477" Y="239"/>
    <Point X="477" Y="240"/>
    <Point X="477" Y="241"/>
    <Point X="476" Y="241"/>
    <Point X="475" Y="242"/>
    <Point X="474" Y="242"/>
    <Point X="471" Y="243"/>
    <Point X="468" Y="245"/>
    <Point X="462" Y="246"/>
    <Point X="455" Y="247"/>
    <Point X="447" Y="248"/>
    <Point X="437" Y="249"/>
    <Point X="425" Y="249"/>
    <Point X="413" Y="249"/>
    <Point X="399" Y="249"/>
    <Point X="384" Y="249"/>
    <Point X="369" Y="249"/>
    <Point X="355" Y="249"/>
    <Point X="341" Y="249"/>
    <Point X="330" Y="249"/>
    <Point X="321" Y="249"/>
    <Point X="314" Y="249"/>
    <Point X="308" Y="249"/>
    <Point X="304" Y="249"/>
    <Point X="302" Y="249"/>
    <Point X="301" Y="249"/>
    <Point X="301" Y="248"/>
    <Point X="301" Y="247"/>
    <Point X="302" Y="244"/>
    <Point X="305" Y="239"/>
    <Point X="308" Y="233"/>
    <Point X="312" Y="225"/>
    <Point X="319" Y="215"/>
    <Point X="325" Y="204"/>
    <Point X="334" Y="193"/>
    <Point X="343" Y="180"/>
    <Point X="352" Y="168"/>
    <Point X="363" Y="154"/>
    <Point X="373" Y="142"/>
    <Point X="381" Y="131"/>
    <Point X="389" Y="120"/>
    <Point X="395" Y="112"/>
    <Point X="401" Y="104"/>
    <Point X="404" Y="99"/>
    <Point X="407" Y="95"/>
    <Point X="410" Y="91"/>
    <Point X="411" Y="90"/>
    <Point X="412" Y="89"/>
    <Point X="412" Y="88"/>
    <Point X="413" Y="88"/>
    <Point X="413" Y="87"/>
</Gesture>
