<?xml version="1.0" ?>
<Gesture Name="07" Subject="6" Number="7" NumPts="89">
    <Point X="271" Y="132"/>
    <Point X="272" Y="133"/>
    <Point X="274" Y="136"/>
    <Point X="275" Y="137"/>
    <Point X="276" Y="138"/>
    <Point X="279" Y="140"/>
    <Point X="282" Y="143"/>
    <Point X="287" Y="147"/>
    <Point X="293" Y="151"/>
    <Point X="299" Y="157"/>
    <Point X="304" Y="162"/>
    <Point X="310" Y="169"/>
    <Point X="317" Y="175"/>
    <Point X="324" Y="182"/>
    <Point X="330" Y="189"/>
    <Point X="337" Y="194"/>
    <Point X="343" Y="200"/>
    <Point X="349" Y="206"/>
    <Point X="355" Y="209"/>
    <Point X="360" Y="212"/>
    <Point X="365" Y="215"/>
    <Point X="369" Y="218"/>
    <Point X="373" Y="220"/>
    <Point X="378" Y="223"/>
    <Point X="382" Y="225"/>
    <Point X="385" Y="228"/>
    <Point X="389" Y="230"/>
    <Point X="391" Y="232"/>
    <Point X="393" Y="233"/>
    <Point X="394" Y="234"/>
    <Point X="395" Y="235"/>
    <Point X="395" Y="236"/>
    <Point X="395" Y="237"/>
    <Point X="394" Y="238"/>
    <Point X="393" Y="238"/>
    <Point X="390" Y="239"/>
    <Point X="383" Y="240"/>
    <Point X="376" Y="241"/>
    <Point X="366" Y="242"/>
    <Point X="354" Y="243"/>
    <Point X="343" Y="243"/>
    <Point X="334" Y="243"/>
    <Point X="326" Y="243"/>
    <Point X="319" Y="243"/>
    <Point X="313" Y="243"/>
    <Point X="309" Y="243"/>
    <Point X="307" Y="243"/>
    <Point X="305" Y="243"/>
    <Point X="304" Y="243"/>
    <Point X="303" Y="243"/>
    <Point X="301" Y="243"/>
    <Point X="299" Y="243"/>
    <Point X="296" Y="243"/>
    <Point X="293" Y="243"/>
    <Point X="291" Y="243"/>
    <Point X="289" Y="243"/>
    <Point X="288" Y="243"/>
    <Point X="287" Y="243"/>
    <Point X="286" Y="243"/>
    <Point X="285" Y="242"/>
    <Point X="284" Y="242"/>
    <Point X="284" Y="241"/>
    <Point X="283" Y="240"/>
    <Point X="283" Y="239"/>
    <Point X="283" Y="238"/>
    <Point X="283" Y="236"/>
    <Point X="283" Y="235"/>
    <Point X="284" Y="233"/>
    <Point X="286" Y="229"/>
    <Point X="289" Y="224"/>
    <Point X="294" Y="217"/>
    <Point X="298" Y="211"/>
    <Point X="303" Y="205"/>
    <Point X="309" Y="197"/>
    <Point X="315" Y="190"/>
    <Point X="321" Y="182"/>
    <Point X="327" Y="174"/>
    <Point X="333" Y="165"/>
    <Point X="339" Y="157"/>
    <Point X="344" Y="148"/>
    <Point X="348" Y="141"/>
    <Point X="352" Y="135"/>
    <Point X="355" Y="130"/>
    <Point X="357" Y="126"/>
    <Point X="358" Y="123"/>
    <Point X="359" Y="120"/>
    <Point X="360" Y="120"/>
    <Point X="360" Y="119"/>
    <Point X="361" Y="119"/>
</Gesture>
