<?xml version="1.0" ?>
<Gesture Name="08" Subject="6" Number="8" NumPts="81">
    <Point X="265" Y="137"/>
    <Point X="267" Y="140"/>
    <Point X="269" Y="142"/>
    <Point X="271" Y="144"/>
    <Point X="272" Y="146"/>
    <Point X="275" Y="150"/>
    <Point X="278" Y="154"/>
    <Point X="282" Y="159"/>
    <Point X="288" Y="164"/>
    <Point X="293" Y="170"/>
    <Point X="300" Y="177"/>
    <Point X="307" Y="184"/>
    <Point X="314" Y="192"/>
    <Point X="321" Y="199"/>
    <Point X="328" Y="206"/>
    <Point X="334" Y="213"/>
    <Point X="339" Y="218"/>
    <Point X="342" Y="222"/>
    <Point X="345" Y="225"/>
    <Point X="346" Y="228"/>
    <Point X="348" Y="231"/>
    <Point X="349" Y="233"/>
    <Point X="350" Y="235"/>
    <Point X="352" Y="237"/>
    <Point X="352" Y="238"/>
    <Point X="353" Y="239"/>
    <Point X="353" Y="240"/>
    <Point X="354" Y="240"/>
    <Point X="355" Y="241"/>
    <Point X="355" Y="242"/>
    <Point X="354" Y="242"/>
    <Point X="353" Y="242"/>
    <Point X="350" Y="242"/>
    <Point X="343" Y="243"/>
    <Point X="333" Y="243"/>
    <Point X="323" Y="243"/>
    <Point X="310" Y="243"/>
    <Point X="296" Y="243"/>
    <Point X="283" Y="243"/>
    <Point X="271" Y="243"/>
    <Point X="261" Y="243"/>
    <Point X="253" Y="243"/>
    <Point X="247" Y="243"/>
    <Point X="243" Y="243"/>
    <Point X="241" Y="243"/>
    <Point X="241" Y="242"/>
    <Point X="242" Y="242"/>
    <Point X="243" Y="240"/>
    <Point X="245" Y="239"/>
    <Point X="246" Y="238"/>
    <Point X="248" Y="236"/>
    <Point X="249" Y="235"/>
    <Point X="252" Y="233"/>
    <Point X="253" Y="232"/>
    <Point X="255" Y="230"/>
    <Point X="259" Y="227"/>
    <Point X="264" Y="223"/>
    <Point X="270" Y="219"/>
    <Point X="276" Y="213"/>
    <Point X="282" Y="208"/>
    <Point X="289" Y="201"/>
    <Point X="296" Y="194"/>
    <Point X="302" Y="186"/>
    <Point X="308" Y="180"/>
    <Point X="314" Y="173"/>
    <Point X="318" Y="168"/>
    <Point X="321" Y="162"/>
    <Point X="325" Y="157"/>
    <Point X="329" Y="151"/>
    <Point X="333" Y="146"/>
    <Point X="336" Y="142"/>
    <Point X="340" Y="138"/>
    <Point X="342" Y="136"/>
    <Point X="344" Y="134"/>
    <Point X="345" Y="132"/>
    <Point X="345" Y="131"/>
    <Point X="346" Y="131"/>
    <Point X="346" Y="130"/>
    <Point X="346" Y="129"/>
    <Point X="346" Y="128"/>
    <Point X="346" Y="127"/>
</Gesture>
