<?xml version="1.0" ?>
<Gesture Name="10" Subject="6" Number="10" NumPts="81">
    <Point X="273" Y="96"/>
    <Point X="273" Y="97"/>
    <Point X="274" Y="97"/>
    <Point X="276" Y="99"/>
    <Point X="277" Y="100"/>
    <Point X="279" Y="102"/>
    <Point X="281" Y="105"/>
    <Point X="285" Y="108"/>
    <Point X="289" Y="111"/>
    <Point X="293" Y="115"/>
    <Point X="299" Y="121"/>
    <Point X="306" Y="129"/>
    <Point X="312" Y="137"/>
    <Point X="320" Y="146"/>
    <Point X="329" Y="156"/>
    <Point X="337" Y="167"/>
    <Point X="345" Y="178"/>
    <Point X="353" Y="189"/>
    <Point X="360" Y="199"/>
    <Point X="367" Y="209"/>
    <Point X="373" Y="218"/>
    <Point X="378" Y="226"/>
    <Point X="382" Y="232"/>
    <Point X="386" Y="238"/>
    <Point X="389" Y="242"/>
    <Point X="391" Y="245"/>
    <Point X="392" Y="247"/>
    <Point X="393" Y="248"/>
    <Point X="391" Y="248"/>
    <Point X="388" Y="248"/>
    <Point X="381" Y="248"/>
    <Point X="372" Y="246"/>
    <Point X="361" Y="245"/>
    <Point X="349" Y="244"/>
    <Point X="336" Y="242"/>
    <Point X="323" Y="240"/>
    <Point X="312" Y="239"/>
    <Point X="301" Y="238"/>
    <Point X="291" Y="236"/>
    <Point X="282" Y="235"/>
    <Point X="276" Y="234"/>
    <Point X="270" Y="233"/>
    <Point X="266" Y="232"/>
    <Point X="263" Y="231"/>
    <Point X="260" Y="230"/>
    <Point X="257" Y="229"/>
    <Point X="254" Y="228"/>
    <Point X="250" Y="227"/>
    <Point X="245" Y="227"/>
    <Point X="241" Y="226"/>
    <Point X="238" Y="225"/>
    <Point X="237" Y="225"/>
    <Point X="237" Y="224"/>
    <Point X="237" Y="221"/>
    <Point X="238" Y="220"/>
    <Point X="240" Y="216"/>
    <Point X="243" Y="212"/>
    <Point X="247" Y="207"/>
    <Point X="254" Y="201"/>
    <Point X="262" Y="193"/>
    <Point X="272" Y="184"/>
    <Point X="282" Y="176"/>
    <Point X="291" Y="168"/>
    <Point X="301" Y="160"/>
    <Point X="310" Y="152"/>
    <Point X="318" Y="145"/>
    <Point X="326" Y="138"/>
    <Point X="334" Y="132"/>
    <Point X="340" Y="126"/>
    <Point X="347" Y="121"/>
    <Point X="352" Y="115"/>
    <Point X="357" Y="110"/>
    <Point X="362" Y="104"/>
    <Point X="366" Y="99"/>
    <Point X="369" Y="95"/>
    <Point X="372" Y="92"/>
    <Point X="374" Y="89"/>
    <Point X="376" Y="87"/>
    <Point X="378" Y="86"/>
    <Point X="378" Y="85"/>
    <Point X="379" Y="85"/>
</Gesture>
