<?xml version="1.0" ?>
<Gesture Name="03" Subject="6" Number="3" NumPts="77">
    <Point X="272" Y="115"/>
    <Point X="273" Y="116"/>
    <Point X="275" Y="118"/>
    <Point X="278" Y="121"/>
    <Point X="283" Y="124"/>
    <Point X="288" Y="129"/>
    <Point X="295" Y="137"/>
    <Point X="302" Y="145"/>
    <Point X="311" Y="153"/>
    <Point X="319" Y="160"/>
    <Point X="328" Y="168"/>
    <Point X="337" Y="175"/>
    <Point X="346" Y="183"/>
    <Point X="354" Y="189"/>
    <Point X="362" Y="195"/>
    <Point X="369" Y="201"/>
    <Point X="376" Y="207"/>
    <Point X="381" Y="212"/>
    <Point X="387" Y="217"/>
    <Point X="392" Y="222"/>
    <Point X="396" Y="225"/>
    <Point X="399" Y="228"/>
    <Point X="401" Y="230"/>
    <Point X="402" Y="230"/>
    <Point X="401" Y="230"/>
    <Point X="400" Y="231"/>
    <Point X="398" Y="231"/>
    <Point X="393" Y="232"/>
    <Point X="387" Y="233"/>
    <Point X="379" Y="234"/>
    <Point X="369" Y="234"/>
    <Point X="357" Y="234"/>
    <Point X="344" Y="234"/>
    <Point X="330" Y="234"/>
    <Point X="316" Y="234"/>
    <Point X="303" Y="234"/>
    <Point X="290" Y="234"/>
    <Point X="280" Y="234"/>
    <Point X="273" Y="234"/>
    <Point X="267" Y="234"/>
    <Point X="262" Y="234"/>
    <Point X="257" Y="234"/>
    <Point X="254" Y="234"/>
    <Point X="251" Y="234"/>
    <Point X="248" Y="234"/>
    <Point X="245" Y="234"/>
    <Point X="244" Y="235"/>
    <Point X="243" Y="235"/>
    <Point X="243" Y="234"/>
    <Point X="243" Y="233"/>
    <Point X="243" Y="232"/>
    <Point X="243" Y="230"/>
    <Point X="244" Y="228"/>
    <Point X="246" Y="224"/>
    <Point X="249" Y="219"/>
    <Point X="254" Y="212"/>
    <Point X="260" Y="204"/>
    <Point X="268" Y="195"/>
    <Point X="276" Y="186"/>
    <Point X="285" Y="177"/>
    <Point X="294" Y="168"/>
    <Point X="301" Y="160"/>
    <Point X="308" Y="152"/>
    <Point X="314" Y="144"/>
    <Point X="318" Y="139"/>
    <Point X="322" Y="133"/>
    <Point X="324" Y="128"/>
    <Point X="327" Y="125"/>
    <Point X="328" Y="122"/>
    <Point X="330" Y="120"/>
    <Point X="330" Y="118"/>
    <Point X="332" Y="116"/>
    <Point X="335" Y="114"/>
    <Point X="337" Y="113"/>
    <Point X="338" Y="111"/>
    <Point X="340" Y="110"/>
    <Point X="341" Y="110"/>
</Gesture>
