<?xml version="1.0" ?>
<Gesture Name="04" Subject="6" Number="4" NumPts="70">
    <Point X="291" Y="98"/>
    <Point X="292" Y="99"/>
    <Point X="294" Y="101"/>
    <Point X="297" Y="103"/>
    <Point X="299" Y="105"/>
    <Point X="302" Y="108"/>
    <Point X="307" Y="113"/>
    <Point X="314" Y="119"/>
    <Point X="320" Y="125"/>
    <Point X="327" Y="132"/>
    <Point X="335" Y="139"/>
    <Point X="343" Y="146"/>
    <Point X="351" Y="152"/>
    <Point X="359" Y="158"/>
    <Point X="367" Y="164"/>
    <Point X="375" Y="170"/>
    <Point X="383" Y="175"/>
    <Point X="390" Y="180"/>
    <Point X="397" Y="186"/>
    <Point X="402" Y="191"/>
    <Point X="407" Y="196"/>
    <Point X="411" Y="200"/>
    <Point X="414" Y="204"/>
    <Point X="416" Y="207"/>
    <Point X="418" Y="208"/>
    <Point X="418" Y="209"/>
    <Point X="419" Y="209"/>
    <Point X="418" Y="210"/>
    <Point X="416" Y="211"/>
    <Point X="413" Y="212"/>
    <Point X="409" Y="214"/>
    <Point X="403" Y="217"/>
    <Point X="395" Y="219"/>
    <Point X="386" Y="222"/>
    <Point X="375" Y="224"/>
    <Point X="362" Y="225"/>
    <Point X="349" Y="227"/>
    <Point X="335" Y="227"/>
    <Point X="321" Y="227"/>
    <Point X="308" Y="227"/>
    <Point X="296" Y="227"/>
    <Point X="285" Y="227"/>
    <Point X="276" Y="227"/>
    <Point X="270" Y="228"/>
    <Point X="271" Y="228"/>
    <Point X="273" Y="227"/>
    <Point X="277" Y="224"/>
    <Point X="282" Y="221"/>
    <Point X="288" Y="216"/>
    <Point X="294" Y="211"/>
    <Point X="302" Y="206"/>
    <Point X="310" Y="200"/>
    <Point X="318" Y="193"/>
    <Point X="326" Y="186"/>
    <Point X="334" Y="178"/>
    <Point X="343" Y="170"/>
    <Point X="350" Y="161"/>
    <Point X="357" Y="152"/>
    <Point X="364" Y="143"/>
    <Point X="371" Y="135"/>
    <Point X="378" Y="127"/>
    <Point X="383" Y="119"/>
    <Point X="387" Y="112"/>
    <Point X="390" Y="107"/>
    <Point X="391" Y="102"/>
    <Point X="393" Y="99"/>
    <Point X="394" Y="98"/>
    <Point X="394" Y="97"/>
    <Point X="395" Y="96"/>
    <Point X="395" Y="95"/>
</Gesture>
