<?xml version="1.0" ?>
<Gesture Name="02" Subject="6" Number="2" NumPts="77">
    <Point X="279" Y="107"/>
    <Point X="280" Y="107"/>
    <Point X="281" Y="109"/>
    <Point X="284" Y="111"/>
    <Point X="285" Y="112"/>
    <Point X="288" Y="115"/>
    <Point X="291" Y="119"/>
    <Point X="295" Y="123"/>
    <Point X="301" Y="129"/>
    <Point X="307" Y="135"/>
    <Point X="314" Y="143"/>
    <Point X="321" Y="150"/>
    <Point X="328" Y="157"/>
    <Point X="335" Y="163"/>
    <Point X="343" Y="169"/>
    <Point X="351" Y="175"/>
    <Point X="358" Y="180"/>
    <Point X="365" Y="186"/>
    <Point X="370" Y="191"/>
    <Point X="376" Y="197"/>
    <Point X="382" Y="202"/>
    <Point X="387" Y="208"/>
    <Point X="392" Y="215"/>
    <Point X="397" Y="221"/>
    <Point X="402" Y="227"/>
    <Point X="406" Y="234"/>
    <Point X="410" Y="239"/>
    <Point X="414" Y="245"/>
    <Point X="417" Y="251"/>
    <Point X="419" Y="255"/>
    <Point X="420" Y="257"/>
    <Point X="419" Y="257"/>
    <Point X="417" Y="257"/>
    <Point X="415" Y="257"/>
    <Point X="413" Y="258"/>
    <Point X="411" Y="258"/>
    <Point X="407" Y="258"/>
    <Point X="402" Y="258"/>
    <Point X="394" Y="258"/>
    <Point X="385" Y="258"/>
    <Point X="375" Y="258"/>
    <Point X="364" Y="258"/>
    <Point X="352" Y="258"/>
    <Point X="341" Y="258"/>
    <Point X="329" Y="258"/>
    <Point X="319" Y="258"/>
    <Point X="309" Y="258"/>
    <Point X="299" Y="258"/>
    <Point X="292" Y="258"/>
    <Point X="285" Y="258"/>
    <Point X="279" Y="258"/>
    <Point X="276" Y="258"/>
    <Point X="274" Y="258"/>
    <Point X="273" Y="258"/>
    <Point X="273" Y="257"/>
    <Point X="273" Y="256"/>
    <Point X="273" Y="253"/>
    <Point X="273" Y="250"/>
    <Point X="273" Y="246"/>
    <Point X="274" Y="240"/>
    <Point X="276" Y="233"/>
    <Point X="279" Y="225"/>
    <Point X="284" Y="215"/>
    <Point X="290" Y="203"/>
    <Point X="298" Y="192"/>
    <Point X="307" Y="179"/>
    <Point X="317" Y="166"/>
    <Point X="327" Y="154"/>
    <Point X="338" Y="143"/>
    <Point X="347" Y="133"/>
    <Point X="354" Y="125"/>
    <Point X="361" Y="118"/>
    <Point X="366" Y="113"/>
    <Point X="368" Y="110"/>
    <Point X="371" Y="106"/>
    <Point X="372" Y="106"/>
    <Point X="373" Y="106"/>
</Gesture>
