<?xml version="1.0" ?>
<Gesture Name="05" Subject="6" Number="5" NumPts="76">
    <Point X="288" Y="110"/>
    <Point X="289" Y="110"/>
    <Point X="290" Y="111"/>
    <Point X="292" Y="113"/>
    <Point X="293" Y="114"/>
    <Point X="295" Y="116"/>
    <Point X="298" Y="119"/>
    <Point X="302" Y="123"/>
    <Point X="307" Y="125"/>
    <Point X="313" Y="129"/>
    <Point X="320" Y="137"/>
    <Point X="329" Y="146"/>
    <Point X="337" Y="155"/>
    <Point X="346" Y="166"/>
    <Point X="355" Y="176"/>
    <Point X="364" Y="185"/>
    <Point X="371" Y="193"/>
    <Point X="377" Y="199"/>
    <Point X="383" Y="204"/>
    <Point X="386" Y="206"/>
    <Point X="390" Y="209"/>
    <Point X="391" Y="209"/>
    <Point X="391" Y="210"/>
    <Point X="390" Y="210"/>
    <Point X="390" Y="211"/>
    <Point X="387" Y="213"/>
    <Point X="386" Y="213"/>
    <Point X="384" Y="213"/>
    <Point X="380" Y="214"/>
    <Point X="374" Y="215"/>
    <Point X="366" Y="216"/>
    <Point X="358" Y="216"/>
    <Point X="349" Y="216"/>
    <Point X="341" Y="216"/>
    <Point X="333" Y="216"/>
    <Point X="326" Y="216"/>
    <Point X="320" Y="215"/>
    <Point X="314" Y="214"/>
    <Point X="310" Y="214"/>
    <Point X="307" Y="213"/>
    <Point X="304" Y="212"/>
    <Point X="303" Y="212"/>
    <Point X="302" Y="212"/>
    <Point X="301" Y="212"/>
    <Point X="300" Y="212"/>
    <Point X="297" Y="213"/>
    <Point X="294" Y="213"/>
    <Point X="292" Y="213"/>
    <Point X="289" Y="213"/>
    <Point X="288" Y="213"/>
    <Point X="288" Y="212"/>
    <Point X="288" Y="210"/>
    <Point X="288" Y="208"/>
    <Point X="288" Y="206"/>
    <Point X="289" Y="202"/>
    <Point X="292" Y="198"/>
    <Point X="295" Y="192"/>
    <Point X="299" Y="185"/>
    <Point X="303" Y="177"/>
    <Point X="309" Y="169"/>
    <Point X="314" Y="161"/>
    <Point X="320" Y="152"/>
    <Point X="326" Y="143"/>
    <Point X="331" Y="135"/>
    <Point X="336" Y="128"/>
    <Point X="341" Y="122"/>
    <Point X="344" Y="116"/>
    <Point X="347" Y="111"/>
    <Point X="347" Y="110"/>
    <Point X="348" Y="110"/>
    <Point X="348" Y="109"/>
    <Point X="349" Y="109"/>
    <Point X="349" Y="108"/>
    <Point X="350" Y="108"/>
    <Point X="350" Y="107"/>
    <Point X="351" Y="107"/>
</Gesture>
