<?xml version="1.0" ?>
<Gesture Name="09" Subject="6" Number="9" NumPts="65">
    <Point X="280" Y="116"/>
    <Point X="281" Y="117"/>
    <Point X="281" Y="118"/>
    <Point X="283" Y="120"/>
    <Point X="286" Y="123"/>
    <Point X="287" Y="124"/>
    <Point X="290" Y="127"/>
    <Point X="294" Y="131"/>
    <Point X="299" Y="136"/>
    <Point X="305" Y="141"/>
    <Point X="312" Y="147"/>
    <Point X="320" Y="153"/>
    <Point X="329" Y="159"/>
    <Point X="339" Y="166"/>
    <Point X="347" Y="173"/>
    <Point X="356" Y="179"/>
    <Point X="365" Y="185"/>
    <Point X="373" Y="191"/>
    <Point X="381" Y="196"/>
    <Point X="389" Y="202"/>
    <Point X="396" Y="207"/>
    <Point X="403" Y="212"/>
    <Point X="409" Y="216"/>
    <Point X="415" Y="219"/>
    <Point X="418" Y="222"/>
    <Point X="421" Y="224"/>
    <Point X="421" Y="225"/>
    <Point X="419" Y="226"/>
    <Point X="417" Y="227"/>
    <Point X="414" Y="228"/>
    <Point X="408" Y="228"/>
    <Point X="399" Y="229"/>
    <Point X="389" Y="230"/>
    <Point X="378" Y="230"/>
    <Point X="363" Y="230"/>
    <Point X="347" Y="230"/>
    <Point X="332" Y="230"/>
    <Point X="317" Y="230"/>
    <Point X="304" Y="230"/>
    <Point X="294" Y="230"/>
    <Point X="287" Y="230"/>
    <Point X="283" Y="230"/>
    <Point X="283" Y="229"/>
    <Point X="283" Y="227"/>
    <Point X="284" Y="225"/>
    <Point X="286" Y="223"/>
    <Point X="290" Y="218"/>
    <Point X="296" Y="213"/>
    <Point X="304" Y="207"/>
    <Point X="312" Y="200"/>
    <Point X="323" Y="191"/>
    <Point X="332" Y="181"/>
    <Point X="343" Y="171"/>
    <Point X="352" Y="160"/>
    <Point X="361" Y="151"/>
    <Point X="367" Y="142"/>
    <Point X="373" Y="134"/>
    <Point X="376" Y="127"/>
    <Point X="377" Y="121"/>
    <Point X="378" Y="115"/>
    <Point X="378" Y="110"/>
    <Point X="378" Y="105"/>
    <Point X="377" Y="102"/>
    <Point X="377" Y="100"/>
    <Point X="376" Y="99"/>
</Gesture>
