<?xml version="1.0" ?>
<Gesture Name="06" Subject="6" Number="6" NumPts="72">
    <Point X="278" Y="105"/>
    <Point X="279" Y="106"/>
    <Point X="281" Y="108"/>
    <Point X="282" Y="109"/>
    <Point X="285" Y="112"/>
    <Point X="287" Y="116"/>
    <Point X="292" Y="121"/>
    <Point X="297" Y="126"/>
    <Point X="302" Y="133"/>
    <Point X="308" Y="138"/>
    <Point X="313" Y="144"/>
    <Point X="319" Y="151"/>
    <Point X="325" Y="156"/>
    <Point X="330" Y="162"/>
    <Point X="336" Y="168"/>
    <Point X="341" Y="174"/>
    <Point X="346" Y="179"/>
    <Point X="351" Y="185"/>
    <Point X="355" Y="191"/>
    <Point X="359" Y="197"/>
    <Point X="363" Y="203"/>
    <Point X="366" Y="208"/>
    <Point X="370" Y="214"/>
    <Point X="372" Y="218"/>
    <Point X="375" Y="221"/>
    <Point X="375" Y="222"/>
    <Point X="376" Y="222"/>
    <Point X="376" Y="223"/>
    <Point X="373" Y="225"/>
    <Point X="372" Y="225"/>
    <Point X="370" Y="226"/>
    <Point X="365" Y="226"/>
    <Point X="358" Y="228"/>
    <Point X="348" Y="229"/>
    <Point X="282" Y="235"/>
    <Point X="249" Y="239"/>
    <Point X="233" Y="240"/>
    <Point X="223" Y="241"/>
    <Point X="217" Y="241"/>
    <Point X="216" Y="241"/>
    <Point X="215" Y="241"/>
    <Point X="215" Y="240"/>
    <Point X="215" Y="239"/>
    <Point X="215" Y="238"/>
    <Point X="215" Y="237"/>
    <Point X="215" Y="235"/>
    <Point X="216" Y="231"/>
    <Point X="218" Y="226"/>
    <Point X="221" Y="220"/>
    <Point X="225" Y="213"/>
    <Point X="231" Y="205"/>
    <Point X="239" Y="196"/>
    <Point X="248" Y="187"/>
    <Point X="259" Y="178"/>
    <Point X="270" Y="169"/>
    <Point X="281" Y="160"/>
    <Point X="290" Y="152"/>
    <Point X="299" Y="145"/>
    <Point X="306" Y="138"/>
    <Point X="312" Y="133"/>
    <Point X="318" Y="128"/>
    <Point X="323" Y="123"/>
    <Point X="329" Y="120"/>
    <Point X="333" Y="117"/>
    <Point X="337" Y="115"/>
    <Point X="341" Y="113"/>
    <Point X="344" Y="111"/>
    <Point X="346" Y="110"/>
    <Point X="348" Y="108"/>
    <Point X="349" Y="108"/>
    <Point X="350" Y="107"/>
    <Point X="351" Y="107"/>
</Gesture>
