<?xml version="1.0" ?>
<Gesture Name="10" Subject="6" Number="10" NumPts="156">
    <Point X="209" Y="61"/>
    <Point X="208" Y="61"/>
    <Point X="207" Y="62"/>
    <Point X="206" Y="62"/>
    <Point X="205" Y="62"/>
    <Point X="204" Y="62"/>
    <Point X="203" Y="62"/>
    <Point X="202" Y="63"/>
    <Point X="201" Y="63"/>
    <Point X="200" Y="63"/>
    <Point X="199" Y="64"/>
    <Point X="198" Y="64"/>
    <Point X="198" Y="65"/>
    <Point X="197" Y="65"/>
    <Point X="196" Y="66"/>
    <Point X="195" Y="67"/>
    <Point X="194" Y="67"/>
    <Point X="194" Y="68"/>
    <Point X="193" Y="70"/>
    <Point X="192" Y="70"/>
    <Point X="192" Y="71"/>
    <Point X="191" Y="73"/>
    <Point X="191" Y="74"/>
    <Point X="190" Y="76"/>
    <Point X="190" Y="77"/>
    <Point X="189" Y="78"/>
    <Point X="189" Y="79"/>
    <Point X="189" Y="80"/>
    <Point X="189" Y="82"/>
    <Point X="189" Y="83"/>
    <Point X="189" Y="84"/>
    <Point X="189" Y="85"/>
    <Point X="189" Y="86"/>
    <Point X="189" Y="88"/>
    <Point X="189" Y="90"/>
    <Point X="189" Y="92"/>
    <Point X="189" Y="94"/>
    <Point X="189" Y="96"/>
    <Point X="189" Y="98"/>
    <Point X="188" Y="100"/>
    <Point X="188" Y="102"/>
    <Point X="188" Y="103"/>
    <Point X="188" Y="104"/>
    <Point X="188" Y="105"/>
    <Point X="188" Y="106"/>
    <Point X="188" Y="107"/>
    <Point X="188" Y="108"/>
    <Point X="188" Y="110"/>
    <Point X="188" Y="111"/>
    <Point X="187" Y="112"/>
    <Point X="187" Y="113"/>
    <Point X="187" Y="115"/>
    <Point X="187" Y="117"/>
    <Point X="186" Y="120"/>
    <Point X="186" Y="122"/>
    <Point X="185" Y="124"/>
    <Point X="185" Y="126"/>
    <Point X="184" Y="128"/>
    <Point X="183" Y="130"/>
    <Point X="182" Y="132"/>
    <Point X="181" Y="133"/>
    <Point X="179" Y="135"/>
    <Point X="178" Y="136"/>
    <Point X="177" Y="137"/>
    <Point X="176" Y="137"/>
    <Point X="176" Y="138"/>
    <Point X="175" Y="138"/>
    <Point X="175" Y="139"/>
    <Point X="174" Y="139"/>
    <Point X="173" Y="139"/>
    <Point X="172" Y="140"/>
    <Point X="171" Y="141"/>
    <Point X="170" Y="141"/>
    <Point X="169" Y="141"/>
    <Point X="169" Y="142"/>
    <Point X="168" Y="142"/>
    <Point X="167" Y="142"/>
    <Point X="166" Y="142"/>
    <Point X="167" Y="142"/>
    <Point X="168" Y="142"/>
    <Point X="170" Y="142"/>
    <Point X="172" Y="143"/>
    <Point X="174" Y="143"/>
    <Point X="176" Y="144"/>
    <Point X="179" Y="145"/>
    <Point X="180" Y="145"/>
    <Point X="182" Y="146"/>
    <Point X="183" Y="146"/>
    <Point X="185" Y="147"/>
    <Point X="187" Y="147"/>
    <Point X="188" Y="148"/>
    <Point X="189" Y="149"/>
    <Point X="190" Y="149"/>
    <Point X="191" Y="149"/>
    <Point X="191" Y="150"/>
    <Point X="191" Y="151"/>
    <Point X="192" Y="152"/>
    <Point X="192" Y="153"/>
    <Point X="192" Y="155"/>
    <Point X="193" Y="156"/>
    <Point X="193" Y="158"/>
    <Point X="193" Y="159"/>
    <Point X="193" Y="160"/>
    <Point X="194" Y="161"/>
    <Point X="194" Y="164"/>
    <Point X="195" Y="165"/>
    <Point X="195" Y="168"/>
    <Point X="195" Y="169"/>
    <Point X="196" Y="172"/>
    <Point X="197" Y="173"/>
    <Point X="197" Y="175"/>
    <Point X="198" Y="177"/>
    <Point X="198" Y="179"/>
    <Point X="198" Y="181"/>
    <Point X="199" Y="182"/>
    <Point X="199" Y="184"/>
    <Point X="200" Y="186"/>
    <Point X="200" Y="188"/>
    <Point X="200" Y="189"/>
    <Point X="200" Y="190"/>
    <Point X="200" Y="191"/>
    <Point X="200" Y="192"/>
    <Point X="200" Y="194"/>
    <Point X="200" Y="195"/>
    <Point X="200" Y="196"/>
    <Point X="200" Y="197"/>
    <Point X="200" Y="198"/>
    <Point X="201" Y="200"/>
    <Point X="201" Y="201"/>
    <Point X="202" Y="203"/>
    <Point X="202" Y="205"/>
    <Point X="203" Y="207"/>
    <Point X="205" Y="209"/>
    <Point X="206" Y="212"/>
    <Point X="207" Y="214"/>
    <Point X="209" Y="217"/>
    <Point X="210" Y="220"/>
    <Point X="212" Y="223"/>
    <Point X="213" Y="225"/>
    <Point X="215" Y="226"/>
    <Point X="215" Y="228"/>
    <Point X="216" Y="230"/>
    <Point X="217" Y="230"/>
    <Point X="217" Y="231"/>
    <Point X="218" Y="232"/>
    <Point X="219" Y="232"/>
    <Point X="221" Y="233"/>
    <Point X="222" Y="233"/>
    <Point X="223" Y="234"/>
    <Point X="224" Y="234"/>
    <Point X="225" Y="235"/>
    <Point X="226" Y="235"/>
    <Point X="227" Y="236"/>
    <Point X="228" Y="236"/>
    <Point X="229" Y="236"/>
    <Point X="230" Y="237"/>
</Gesture>
