<?xml version="1.0" ?>
<Gesture Name="05" Subject="6" Number="5" NumPts="73">
    <Point X="231" Y="70"/>
    <Point X="230" Y="70"/>
    <Point X="228" Y="69"/>
    <Point X="226" Y="69"/>
    <Point X="224" Y="69"/>
    <Point X="221" Y="68"/>
    <Point X="220" Y="68"/>
    <Point X="217" Y="67"/>
    <Point X="213" Y="67"/>
    <Point X="209" Y="66"/>
    <Point X="205" Y="66"/>
    <Point X="201" Y="66"/>
    <Point X="198" Y="66"/>
    <Point X="196" Y="65"/>
    <Point X="195" Y="65"/>
    <Point X="194" Y="65"/>
    <Point X="194" Y="66"/>
    <Point X="193" Y="69"/>
    <Point X="192" Y="72"/>
    <Point X="192" Y="75"/>
    <Point X="191" Y="80"/>
    <Point X="191" Y="86"/>
    <Point X="190" Y="93"/>
    <Point X="190" Y="101"/>
    <Point X="190" Y="110"/>
    <Point X="189" Y="117"/>
    <Point X="189" Y="125"/>
    <Point X="189" Y="132"/>
    <Point X="189" Y="138"/>
    <Point X="189" Y="144"/>
    <Point X="190" Y="151"/>
    <Point X="190" Y="157"/>
    <Point X="190" Y="163"/>
    <Point X="191" Y="168"/>
    <Point X="192" Y="174"/>
    <Point X="192" Y="178"/>
    <Point X="192" Y="182"/>
    <Point X="192" Y="185"/>
    <Point X="192" Y="189"/>
    <Point X="193" Y="193"/>
    <Point X="193" Y="197"/>
    <Point X="193" Y="200"/>
    <Point X="193" Y="203"/>
    <Point X="193" Y="206"/>
    <Point X="193" Y="207"/>
    <Point X="193" Y="209"/>
    <Point X="193" Y="210"/>
    <Point X="193" Y="211"/>
    <Point X="193" Y="212"/>
    <Point X="193" Y="213"/>
    <Point X="193" Y="214"/>
    <Point X="193" Y="215"/>
    <Point X="193" Y="216"/>
    <Point X="193" Y="217"/>
    <Point X="193" Y="218"/>
    <Point X="193" Y="219"/>
    <Point X="193" Y="220"/>
    <Point X="194" Y="221"/>
    <Point X="195" Y="221"/>
    <Point X="196" Y="221"/>
    <Point X="198" Y="222"/>
    <Point X="201" Y="223"/>
    <Point X="205" Y="223"/>
    <Point X="210" Y="224"/>
    <Point X="215" Y="224"/>
    <Point X="221" Y="225"/>
    <Point X="224" Y="225"/>
    <Point X="228" Y="225"/>
    <Point X="231" Y="225"/>
    <Point X="233" Y="225"/>
    <Point X="234" Y="225"/>
    <Point X="234" Y="226"/>
    <Point X="235" Y="226"/>
</Gesture>
