<?xml version="1.0" ?>
<Gesture Name="04" Subject="6" Number="4" NumPts="76">
    <Point X="256" Y="74"/>
    <Point X="254" Y="74"/>
    <Point X="252" Y="74"/>
    <Point X="250" Y="74"/>
    <Point X="249" Y="74"/>
    <Point X="246" Y="74"/>
    <Point X="244" Y="74"/>
    <Point X="240" Y="74"/>
    <Point X="235" Y="75"/>
    <Point X="230" Y="75"/>
    <Point X="225" Y="75"/>
    <Point X="220" Y="75"/>
    <Point X="214" Y="75"/>
    <Point X="211" Y="75"/>
    <Point X="208" Y="75"/>
    <Point X="208" Y="76"/>
    <Point X="209" Y="78"/>
    <Point X="209" Y="81"/>
    <Point X="210" Y="83"/>
    <Point X="210" Y="84"/>
    <Point X="210" Y="87"/>
    <Point X="211" Y="91"/>
    <Point X="211" Y="96"/>
    <Point X="211" Y="100"/>
    <Point X="211" Y="106"/>
    <Point X="211" Y="110"/>
    <Point X="211" Y="114"/>
    <Point X="211" Y="117"/>
    <Point X="211" Y="121"/>
    <Point X="211" Y="125"/>
    <Point X="211" Y="129"/>
    <Point X="211" Y="133"/>
    <Point X="211" Y="138"/>
    <Point X="212" Y="142"/>
    <Point X="212" Y="147"/>
    <Point X="213" Y="152"/>
    <Point X="213" Y="157"/>
    <Point X="214" Y="163"/>
    <Point X="214" Y="169"/>
    <Point X="215" Y="175"/>
    <Point X="215" Y="181"/>
    <Point X="215" Y="186"/>
    <Point X="215" Y="192"/>
    <Point X="215" Y="197"/>
    <Point X="215" Y="202"/>
    <Point X="215" Y="206"/>
    <Point X="215" Y="209"/>
    <Point X="215" Y="211"/>
    <Point X="215" Y="212"/>
    <Point X="215" Y="213"/>
    <Point X="215" Y="214"/>
    <Point X="215" Y="215"/>
    <Point X="215" Y="217"/>
    <Point X="215" Y="218"/>
    <Point X="215" Y="219"/>
    <Point X="216" Y="219"/>
    <Point X="217" Y="220"/>
    <Point X="218" Y="220"/>
    <Point X="221" Y="221"/>
    <Point X="222" Y="221"/>
    <Point X="223" Y="222"/>
    <Point X="226" Y="222"/>
    <Point X="231" Y="224"/>
    <Point X="236" Y="224"/>
    <Point X="242" Y="225"/>
    <Point X="248" Y="225"/>
    <Point X="253" Y="226"/>
    <Point X="258" Y="226"/>
    <Point X="261" Y="226"/>
    <Point X="262" Y="226"/>
    <Point X="263" Y="226"/>
    <Point X="264" Y="226"/>
    <Point X="265" Y="226"/>
    <Point X="267" Y="226"/>
    <Point X="268" Y="226"/>
    <Point X="269" Y="226"/>
</Gesture>
