<?xml version="1.0" ?>
<Gesture Name="07" Subject="6" Number="7" NumPts="138">
    <Point X="231" Y="79"/>
    <Point X="230" Y="79"/>
    <Point X="229" Y="80"/>
    <Point X="228" Y="80"/>
    <Point X="228" Y="81"/>
    <Point X="227" Y="81"/>
    <Point X="227" Y="82"/>
    <Point X="226" Y="82"/>
    <Point X="225" Y="83"/>
    <Point X="224" Y="84"/>
    <Point X="224" Y="85"/>
    <Point X="223" Y="86"/>
    <Point X="222" Y="87"/>
    <Point X="222" Y="88"/>
    <Point X="221" Y="89"/>
    <Point X="220" Y="90"/>
    <Point X="220" Y="91"/>
    <Point X="219" Y="93"/>
    <Point X="218" Y="94"/>
    <Point X="218" Y="96"/>
    <Point X="217" Y="98"/>
    <Point X="217" Y="99"/>
    <Point X="217" Y="101"/>
    <Point X="216" Y="102"/>
    <Point X="216" Y="103"/>
    <Point X="216" Y="104"/>
    <Point X="216" Y="105"/>
    <Point X="215" Y="108"/>
    <Point X="215" Y="109"/>
    <Point X="215" Y="111"/>
    <Point X="215" Y="112"/>
    <Point X="215" Y="113"/>
    <Point X="215" Y="114"/>
    <Point X="215" Y="116"/>
    <Point X="215" Y="118"/>
    <Point X="215" Y="120"/>
    <Point X="215" Y="122"/>
    <Point X="215" Y="124"/>
    <Point X="215" Y="126"/>
    <Point X="215" Y="127"/>
    <Point X="215" Y="129"/>
    <Point X="215" Y="130"/>
    <Point X="215" Y="131"/>
    <Point X="215" Y="132"/>
    <Point X="215" Y="134"/>
    <Point X="215" Y="135"/>
    <Point X="215" Y="138"/>
    <Point X="216" Y="140"/>
    <Point X="216" Y="142"/>
    <Point X="216" Y="144"/>
    <Point X="216" Y="147"/>
    <Point X="216" Y="148"/>
    <Point X="216" Y="150"/>
    <Point X="216" Y="152"/>
    <Point X="216" Y="154"/>
    <Point X="216" Y="155"/>
    <Point X="215" Y="157"/>
    <Point X="214" Y="159"/>
    <Point X="214" Y="160"/>
    <Point X="213" Y="161"/>
    <Point X="212" Y="162"/>
    <Point X="211" Y="162"/>
    <Point X="210" Y="163"/>
    <Point X="209" Y="163"/>
    <Point X="207" Y="164"/>
    <Point X="206" Y="165"/>
    <Point X="205" Y="165"/>
    <Point X="203" Y="165"/>
    <Point X="201" Y="165"/>
    <Point X="198" Y="165"/>
    <Point X="197" Y="165"/>
    <Point X="196" Y="165"/>
    <Point X="195" Y="165"/>
    <Point X="193" Y="165"/>
    <Point X="192" Y="165"/>
    <Point X="191" Y="164"/>
    <Point X="192" Y="164"/>
    <Point X="193" Y="164"/>
    <Point X="194" Y="164"/>
    <Point X="197" Y="164"/>
    <Point X="201" Y="164"/>
    <Point X="204" Y="164"/>
    <Point X="207" Y="164"/>
    <Point X="210" Y="165"/>
    <Point X="213" Y="166"/>
    <Point X="215" Y="167"/>
    <Point X="217" Y="167"/>
    <Point X="219" Y="169"/>
    <Point X="220" Y="170"/>
    <Point X="221" Y="170"/>
    <Point X="222" Y="171"/>
    <Point X="223" Y="172"/>
    <Point X="223" Y="173"/>
    <Point X="223" Y="174"/>
    <Point X="223" Y="175"/>
    <Point X="223" Y="176"/>
    <Point X="223" Y="177"/>
    <Point X="223" Y="178"/>
    <Point X="223" Y="179"/>
    <Point X="223" Y="181"/>
    <Point X="223" Y="182"/>
    <Point X="223" Y="183"/>
    <Point X="223" Y="185"/>
    <Point X="223" Y="188"/>
    <Point X="222" Y="190"/>
    <Point X="222" Y="193"/>
    <Point X="221" Y="197"/>
    <Point X="220" Y="200"/>
    <Point X="220" Y="204"/>
    <Point X="219" Y="208"/>
    <Point X="219" Y="212"/>
    <Point X="219" Y="215"/>
    <Point X="219" Y="217"/>
    <Point X="219" Y="221"/>
    <Point X="219" Y="222"/>
    <Point X="219" Y="224"/>
    <Point X="219" Y="225"/>
    <Point X="219" Y="226"/>
    <Point X="219" Y="228"/>
    <Point X="219" Y="230"/>
    <Point X="220" Y="232"/>
    <Point X="220" Y="233"/>
    <Point X="221" Y="236"/>
    <Point X="223" Y="238"/>
    <Point X="224" Y="240"/>
    <Point X="225" Y="241"/>
    <Point X="225" Y="242"/>
    <Point X="226" Y="242"/>
    <Point X="228" Y="244"/>
    <Point X="231" Y="245"/>
    <Point X="233" Y="246"/>
    <Point X="235" Y="246"/>
    <Point X="236" Y="246"/>
    <Point X="237" Y="247"/>
    <Point X="238" Y="247"/>
    <Point X="239" Y="247"/>
    <Point X="240" Y="247"/>
    <Point X="240" Y="248"/>
</Gesture>
