<?xml version="1.0" ?>
<Gesture Name="06" Subject="6" Number="6" NumPts="146">
    <Point X="236" Y="70"/>
    <Point X="235" Y="70"/>
    <Point X="234" Y="70"/>
    <Point X="234" Y="71"/>
    <Point X="233" Y="71"/>
    <Point X="233" Y="72"/>
    <Point X="232" Y="72"/>
    <Point X="231" Y="72"/>
    <Point X="231" Y="73"/>
    <Point X="230" Y="73"/>
    <Point X="230" Y="74"/>
    <Point X="229" Y="74"/>
    <Point X="228" Y="75"/>
    <Point X="228" Y="76"/>
    <Point X="227" Y="77"/>
    <Point X="226" Y="78"/>
    <Point X="225" Y="79"/>
    <Point X="224" Y="80"/>
    <Point X="224" Y="81"/>
    <Point X="223" Y="82"/>
    <Point X="223" Y="83"/>
    <Point X="222" Y="84"/>
    <Point X="222" Y="85"/>
    <Point X="221" Y="86"/>
    <Point X="221" Y="87"/>
    <Point X="221" Y="88"/>
    <Point X="220" Y="90"/>
    <Point X="220" Y="92"/>
    <Point X="220" Y="93"/>
    <Point X="220" Y="94"/>
    <Point X="220" Y="95"/>
    <Point X="219" Y="96"/>
    <Point X="219" Y="97"/>
    <Point X="219" Y="98"/>
    <Point X="219" Y="100"/>
    <Point X="219" Y="102"/>
    <Point X="219" Y="104"/>
    <Point X="219" Y="106"/>
    <Point X="219" Y="108"/>
    <Point X="219" Y="109"/>
    <Point X="219" Y="111"/>
    <Point X="219" Y="113"/>
    <Point X="219" Y="114"/>
    <Point X="219" Y="115"/>
    <Point X="219" Y="117"/>
    <Point X="219" Y="118"/>
    <Point X="220" Y="120"/>
    <Point X="220" Y="122"/>
    <Point X="220" Y="124"/>
    <Point X="220" Y="125"/>
    <Point X="220" Y="126"/>
    <Point X="220" Y="128"/>
    <Point X="220" Y="129"/>
    <Point X="220" Y="131"/>
    <Point X="220" Y="133"/>
    <Point X="220" Y="135"/>
    <Point X="220" Y="136"/>
    <Point X="220" Y="137"/>
    <Point X="220" Y="139"/>
    <Point X="220" Y="141"/>
    <Point X="219" Y="142"/>
    <Point X="218" Y="145"/>
    <Point X="217" Y="147"/>
    <Point X="216" Y="150"/>
    <Point X="215" Y="152"/>
    <Point X="212" Y="154"/>
    <Point X="211" Y="156"/>
    <Point X="210" Y="156"/>
    <Point X="208" Y="156"/>
    <Point X="208" Y="157"/>
    <Point X="207" Y="157"/>
    <Point X="206" Y="158"/>
    <Point X="205" Y="158"/>
    <Point X="203" Y="159"/>
    <Point X="202" Y="159"/>
    <Point X="200" Y="160"/>
    <Point X="199" Y="160"/>
    <Point X="198" Y="160"/>
    <Point X="199" Y="160"/>
    <Point X="200" Y="161"/>
    <Point X="201" Y="162"/>
    <Point X="202" Y="162"/>
    <Point X="204" Y="163"/>
    <Point X="205" Y="164"/>
    <Point X="206" Y="164"/>
    <Point X="207" Y="164"/>
    <Point X="209" Y="165"/>
    <Point X="209" Y="166"/>
    <Point X="210" Y="166"/>
    <Point X="211" Y="167"/>
    <Point X="212" Y="167"/>
    <Point X="212" Y="168"/>
    <Point X="212" Y="169"/>
    <Point X="213" Y="169"/>
    <Point X="213" Y="170"/>
    <Point X="213" Y="171"/>
    <Point X="213" Y="172"/>
    <Point X="214" Y="173"/>
    <Point X="214" Y="174"/>
    <Point X="214" Y="175"/>
    <Point X="214" Y="177"/>
    <Point X="214" Y="178"/>
    <Point X="214" Y="180"/>
    <Point X="214" Y="182"/>
    <Point X="213" Y="184"/>
    <Point X="213" Y="186"/>
    <Point X="213" Y="187"/>
    <Point X="212" Y="188"/>
    <Point X="211" Y="191"/>
    <Point X="210" Y="194"/>
    <Point X="210" Y="197"/>
    <Point X="209" Y="199"/>
    <Point X="208" Y="202"/>
    <Point X="208" Y="205"/>
    <Point X="208" Y="209"/>
    <Point X="208" Y="211"/>
    <Point X="208" Y="213"/>
    <Point X="208" Y="216"/>
    <Point X="208" Y="217"/>
    <Point X="208" Y="219"/>
    <Point X="208" Y="221"/>
    <Point X="208" Y="222"/>
    <Point X="209" Y="224"/>
    <Point X="210" Y="226"/>
    <Point X="210" Y="229"/>
    <Point X="211" Y="231"/>
    <Point X="214" Y="236"/>
    <Point X="216" Y="240"/>
    <Point X="218" Y="242"/>
    <Point X="220" Y="244"/>
    <Point X="222" Y="246"/>
    <Point X="223" Y="248"/>
    <Point X="225" Y="249"/>
    <Point X="227" Y="251"/>
    <Point X="228" Y="252"/>
    <Point X="230" Y="253"/>
    <Point X="231" Y="255"/>
    <Point X="233" Y="256"/>
    <Point X="235" Y="257"/>
    <Point X="238" Y="257"/>
    <Point X="241" Y="259"/>
    <Point X="243" Y="259"/>
    <Point X="244" Y="259"/>
    <Point X="245" Y="259"/>
    <Point X="245" Y="258"/>
    <Point X="246" Y="258"/>
</Gesture>
