<?xml version="1.0" ?>
<Gesture Name="03" Subject="6" Number="3" NumPts="131">
    <Point X="248" Y="48"/>
    <Point X="248" Y="47"/>
    <Point X="247" Y="47"/>
    <Point X="246" Y="47"/>
    <Point X="246" Y="48"/>
    <Point X="244" Y="48"/>
    <Point X="243" Y="49"/>
    <Point X="242" Y="50"/>
    <Point X="241" Y="50"/>
    <Point X="241" Y="51"/>
    <Point X="241" Y="52"/>
    <Point X="240" Y="52"/>
    <Point X="240" Y="53"/>
    <Point X="239" Y="53"/>
    <Point X="239" Y="54"/>
    <Point X="237" Y="56"/>
    <Point X="237" Y="57"/>
    <Point X="236" Y="58"/>
    <Point X="235" Y="60"/>
    <Point X="234" Y="63"/>
    <Point X="233" Y="64"/>
    <Point X="232" Y="66"/>
    <Point X="232" Y="67"/>
    <Point X="231" Y="69"/>
    <Point X="230" Y="71"/>
    <Point X="230" Y="72"/>
    <Point X="230" Y="74"/>
    <Point X="230" Y="75"/>
    <Point X="229" Y="76"/>
    <Point X="229" Y="78"/>
    <Point X="229" Y="79"/>
    <Point X="229" Y="82"/>
    <Point X="229" Y="84"/>
    <Point X="228" Y="87"/>
    <Point X="228" Y="91"/>
    <Point X="228" Y="95"/>
    <Point X="228" Y="98"/>
    <Point X="228" Y="102"/>
    <Point X="228" Y="106"/>
    <Point X="228" Y="110"/>
    <Point X="227" Y="114"/>
    <Point X="227" Y="118"/>
    <Point X="227" Y="121"/>
    <Point X="227" Y="124"/>
    <Point X="227" Y="127"/>
    <Point X="227" Y="130"/>
    <Point X="226" Y="132"/>
    <Point X="226" Y="136"/>
    <Point X="225" Y="139"/>
    <Point X="225" Y="141"/>
    <Point X="224" Y="144"/>
    <Point X="223" Y="147"/>
    <Point X="222" Y="149"/>
    <Point X="222" Y="151"/>
    <Point X="221" Y="153"/>
    <Point X="220" Y="155"/>
    <Point X="219" Y="157"/>
    <Point X="218" Y="159"/>
    <Point X="217" Y="159"/>
    <Point X="216" Y="161"/>
    <Point X="215" Y="161"/>
    <Point X="213" Y="162"/>
    <Point X="212" Y="162"/>
    <Point X="210" Y="162"/>
    <Point X="209" Y="162"/>
    <Point X="208" Y="162"/>
    <Point X="207" Y="161"/>
    <Point X="206" Y="160"/>
    <Point X="207" Y="160"/>
    <Point X="208" Y="160"/>
    <Point X="210" Y="160"/>
    <Point X="211" Y="160"/>
    <Point X="213" Y="160"/>
    <Point X="215" Y="160"/>
    <Point X="217" Y="161"/>
    <Point X="220" Y="161"/>
    <Point X="221" Y="162"/>
    <Point X="222" Y="162"/>
    <Point X="223" Y="163"/>
    <Point X="224" Y="163"/>
    <Point X="225" Y="164"/>
    <Point X="226" Y="165"/>
    <Point X="227" Y="166"/>
    <Point X="228" Y="167"/>
    <Point X="229" Y="169"/>
    <Point X="230" Y="170"/>
    <Point X="231" Y="170"/>
    <Point X="232" Y="172"/>
    <Point X="232" Y="173"/>
    <Point X="233" Y="174"/>
    <Point X="234" Y="176"/>
    <Point X="234" Y="178"/>
    <Point X="234" Y="179"/>
    <Point X="234" Y="181"/>
    <Point X="234" Y="182"/>
    <Point X="234" Y="183"/>
    <Point X="234" Y="185"/>
    <Point X="234" Y="187"/>
    <Point X="234" Y="191"/>
    <Point X="234" Y="195"/>
    <Point X="234" Y="200"/>
    <Point X="233" Y="204"/>
    <Point X="233" Y="208"/>
    <Point X="232" Y="213"/>
    <Point X="232" Y="218"/>
    <Point X="232" Y="222"/>
    <Point X="232" Y="225"/>
    <Point X="231" Y="228"/>
    <Point X="231" Y="230"/>
    <Point X="231" Y="233"/>
    <Point X="231" Y="235"/>
    <Point X="231" Y="237"/>
    <Point X="232" Y="239"/>
    <Point X="232" Y="241"/>
    <Point X="233" Y="243"/>
    <Point X="233" Y="244"/>
    <Point X="234" Y="245"/>
    <Point X="234" Y="246"/>
    <Point X="235" Y="248"/>
    <Point X="236" Y="248"/>
    <Point X="237" Y="250"/>
    <Point X="239" Y="251"/>
    <Point X="241" Y="253"/>
    <Point X="244" Y="254"/>
    <Point X="247" Y="256"/>
    <Point X="249" Y="257"/>
    <Point X="252" Y="258"/>
    <Point X="253" Y="259"/>
    <Point X="255" Y="260"/>
    <Point X="256" Y="260"/>
    <Point X="257" Y="260"/>
</Gesture>
