<?xml version="1.0" ?>
<Gesture Name="01" Subject="6" Number="1" NumPts="109">
    <Point X="283" Y="75"/>
    <Point X="282" Y="75"/>
    <Point X="282" Y="76"/>
    <Point X="282" Y="77"/>
    <Point X="281" Y="77"/>
    <Point X="281" Y="78"/>
    <Point X="280" Y="79"/>
    <Point X="280" Y="80"/>
    <Point X="279" Y="82"/>
    <Point X="278" Y="83"/>
    <Point X="278" Y="84"/>
    <Point X="278" Y="85"/>
    <Point X="277" Y="86"/>
    <Point X="277" Y="89"/>
    <Point X="276" Y="91"/>
    <Point X="276" Y="94"/>
    <Point X="276" Y="98"/>
    <Point X="276" Y="100"/>
    <Point X="275" Y="103"/>
    <Point X="275" Y="105"/>
    <Point X="275" Y="107"/>
    <Point X="275" Y="109"/>
    <Point X="275" Y="112"/>
    <Point X="275" Y="114"/>
    <Point X="275" Y="117"/>
    <Point X="275" Y="120"/>
    <Point X="275" Y="123"/>
    <Point X="275" Y="127"/>
    <Point X="275" Y="131"/>
    <Point X="275" Y="137"/>
    <Point X="275" Y="142"/>
    <Point X="275" Y="148"/>
    <Point X="274" Y="152"/>
    <Point X="273" Y="157"/>
    <Point X="273" Y="162"/>
    <Point X="272" Y="165"/>
    <Point X="272" Y="169"/>
    <Point X="271" Y="172"/>
    <Point X="270" Y="175"/>
    <Point X="270" Y="177"/>
    <Point X="269" Y="179"/>
    <Point X="268" Y="180"/>
    <Point X="268" Y="181"/>
    <Point X="267" Y="183"/>
    <Point X="266" Y="184"/>
    <Point X="265" Y="185"/>
    <Point X="264" Y="186"/>
    <Point X="263" Y="186"/>
    <Point X="261" Y="187"/>
    <Point X="260" Y="188"/>
    <Point X="257" Y="188"/>
    <Point X="254" Y="188"/>
    <Point X="250" Y="189"/>
    <Point X="246" Y="189"/>
    <Point X="243" Y="189"/>
    <Point X="242" Y="189"/>
    <Point X="241" Y="189"/>
    <Point X="240" Y="189"/>
    <Point X="241" Y="189"/>
    <Point X="243" Y="189"/>
    <Point X="245" Y="189"/>
    <Point X="246" Y="189"/>
    <Point X="247" Y="189"/>
    <Point X="250" Y="189"/>
    <Point X="252" Y="190"/>
    <Point X="254" Y="190"/>
    <Point X="257" Y="191"/>
    <Point X="260" Y="192"/>
    <Point X="262" Y="193"/>
    <Point X="264" Y="194"/>
    <Point X="266" Y="195"/>
    <Point X="266" Y="196"/>
    <Point X="267" Y="196"/>
    <Point X="268" Y="197"/>
    <Point X="269" Y="199"/>
    <Point X="269" Y="200"/>
    <Point X="269" Y="201"/>
    <Point X="269" Y="202"/>
    <Point X="270" Y="205"/>
    <Point X="271" Y="209"/>
    <Point X="272" Y="213"/>
    <Point X="272" Y="219"/>
    <Point X="273" Y="225"/>
    <Point X="273" Y="233"/>
    <Point X="274" Y="240"/>
    <Point X="275" Y="247"/>
    <Point X="276" Y="254"/>
    <Point X="277" Y="260"/>
    <Point X="277" Y="266"/>
    <Point X="278" Y="271"/>
    <Point X="278" Y="274"/>
    <Point X="279" Y="278"/>
    <Point X="279" Y="280"/>
    <Point X="280" Y="282"/>
    <Point X="280" Y="285"/>
    <Point X="281" Y="286"/>
    <Point X="282" Y="288"/>
    <Point X="283" Y="290"/>
    <Point X="285" Y="292"/>
    <Point X="286" Y="294"/>
    <Point X="288" Y="296"/>
    <Point X="291" Y="298"/>
    <Point X="293" Y="300"/>
    <Point X="296" Y="301"/>
    <Point X="299" Y="303"/>
    <Point X="302" Y="304"/>
    <Point X="306" Y="305"/>
    <Point X="308" Y="306"/>
    <Point X="309" Y="306"/>
</Gesture>
