<?xml version="1.0" ?>
<Gesture Name="05" Subject="6" Number="5" NumPts="134">
    <Point X="226" Y="58"/>
    <Point X="225" Y="57"/>
    <Point X="223" Y="57"/>
    <Point X="221" Y="57"/>
    <Point X="218" Y="57"/>
    <Point X="217" Y="57"/>
    <Point X="216" Y="57"/>
    <Point X="214" Y="57"/>
    <Point X="213" Y="57"/>
    <Point X="212" Y="57"/>
    <Point X="211" Y="57"/>
    <Point X="210" Y="58"/>
    <Point X="209" Y="59"/>
    <Point X="207" Y="60"/>
    <Point X="206" Y="62"/>
    <Point X="205" Y="62"/>
    <Point X="204" Y="63"/>
    <Point X="203" Y="64"/>
    <Point X="203" Y="65"/>
    <Point X="203" Y="66"/>
    <Point X="202" Y="66"/>
    <Point X="202" Y="67"/>
    <Point X="202" Y="68"/>
    <Point X="201" Y="70"/>
    <Point X="200" Y="72"/>
    <Point X="200" Y="74"/>
    <Point X="199" Y="75"/>
    <Point X="198" Y="78"/>
    <Point X="198" Y="80"/>
    <Point X="197" Y="82"/>
    <Point X="197" Y="85"/>
    <Point X="196" Y="89"/>
    <Point X="195" Y="92"/>
    <Point X="195" Y="96"/>
    <Point X="194" Y="99"/>
    <Point X="193" Y="103"/>
    <Point X="193" Y="106"/>
    <Point X="193" Y="110"/>
    <Point X="192" Y="113"/>
    <Point X="192" Y="117"/>
    <Point X="192" Y="121"/>
    <Point X="191" Y="125"/>
    <Point X="191" Y="128"/>
    <Point X="190" Y="132"/>
    <Point X="190" Y="136"/>
    <Point X="190" Y="139"/>
    <Point X="190" Y="143"/>
    <Point X="190" Y="147"/>
    <Point X="190" Y="151"/>
    <Point X="189" Y="156"/>
    <Point X="189" Y="159"/>
    <Point X="189" Y="163"/>
    <Point X="189" Y="166"/>
    <Point X="189" Y="169"/>
    <Point X="189" Y="172"/>
    <Point X="189" Y="175"/>
    <Point X="189" Y="177"/>
    <Point X="189" Y="180"/>
    <Point X="189" Y="182"/>
    <Point X="189" Y="185"/>
    <Point X="188" Y="186"/>
    <Point X="188" Y="187"/>
    <Point X="187" Y="188"/>
    <Point X="186" Y="189"/>
    <Point X="185" Y="190"/>
    <Point X="184" Y="190"/>
    <Point X="182" Y="191"/>
    <Point X="181" Y="191"/>
    <Point X="178" Y="191"/>
    <Point X="176" Y="191"/>
    <Point X="173" Y="191"/>
    <Point X="171" Y="191"/>
    <Point X="170" Y="191"/>
    <Point X="169" Y="191"/>
    <Point X="168" Y="191"/>
    <Point X="169" Y="191"/>
    <Point X="171" Y="191"/>
    <Point X="173" Y="192"/>
    <Point X="175" Y="194"/>
    <Point X="176" Y="194"/>
    <Point X="177" Y="194"/>
    <Point X="178" Y="194"/>
    <Point X="180" Y="196"/>
    <Point X="181" Y="196"/>
    <Point X="182" Y="197"/>
    <Point X="184" Y="199"/>
    <Point X="185" Y="199"/>
    <Point X="185" Y="200"/>
    <Point X="186" Y="201"/>
    <Point X="186" Y="202"/>
    <Point X="187" Y="203"/>
    <Point X="188" Y="205"/>
    <Point X="188" Y="206"/>
    <Point X="189" Y="208"/>
    <Point X="190" Y="210"/>
    <Point X="190" Y="211"/>
    <Point X="191" Y="213"/>
    <Point X="191" Y="215"/>
    <Point X="192" Y="217"/>
    <Point X="192" Y="219"/>
    <Point X="193" Y="220"/>
    <Point X="194" Y="223"/>
    <Point X="194" Y="224"/>
    <Point X="195" Y="226"/>
    <Point X="196" Y="228"/>
    <Point X="197" Y="231"/>
    <Point X="198" Y="233"/>
    <Point X="199" Y="235"/>
    <Point X="200" Y="237"/>
    <Point X="201" Y="239"/>
    <Point X="203" Y="241"/>
    <Point X="204" Y="243"/>
    <Point X="204" Y="245"/>
    <Point X="206" Y="247"/>
    <Point X="207" Y="248"/>
    <Point X="207" Y="250"/>
    <Point X="208" Y="251"/>
    <Point X="210" Y="253"/>
    <Point X="210" Y="254"/>
    <Point X="212" Y="256"/>
    <Point X="213" Y="258"/>
    <Point X="215" Y="260"/>
    <Point X="216" Y="261"/>
    <Point X="218" Y="263"/>
    <Point X="220" Y="265"/>
    <Point X="222" Y="267"/>
    <Point X="224" Y="268"/>
    <Point X="225" Y="270"/>
    <Point X="227" Y="272"/>
    <Point X="228" Y="273"/>
    <Point X="229" Y="275"/>
    <Point X="231" Y="276"/>
    <Point X="231" Y="277"/>
    <Point X="232" Y="277"/>
</Gesture>
