<?xml version="1.0" ?>
<Gesture Name="04" Subject="6" Number="4" NumPts="129">
    <Point X="235" Y="51"/>
    <Point X="234" Y="52"/>
    <Point X="233" Y="52"/>
    <Point X="232" Y="52"/>
    <Point X="232" Y="53"/>
    <Point X="231" Y="53"/>
    <Point X="230" Y="53"/>
    <Point X="228" Y="54"/>
    <Point X="227" Y="54"/>
    <Point X="227" Y="55"/>
    <Point X="226" Y="55"/>
    <Point X="225" Y="56"/>
    <Point X="224" Y="56"/>
    <Point X="223" Y="56"/>
    <Point X="223" Y="57"/>
    <Point X="222" Y="58"/>
    <Point X="222" Y="59"/>
    <Point X="222" Y="60"/>
    <Point X="221" Y="62"/>
    <Point X="221" Y="63"/>
    <Point X="221" Y="64"/>
    <Point X="220" Y="66"/>
    <Point X="220" Y="68"/>
    <Point X="220" Y="69"/>
    <Point X="219" Y="71"/>
    <Point X="219" Y="73"/>
    <Point X="219" Y="74"/>
    <Point X="219" Y="75"/>
    <Point X="219" Y="76"/>
    <Point X="219" Y="78"/>
    <Point X="219" Y="79"/>
    <Point X="219" Y="82"/>
    <Point X="219" Y="83"/>
    <Point X="219" Y="86"/>
    <Point X="219" Y="88"/>
    <Point X="219" Y="90"/>
    <Point X="219" Y="93"/>
    <Point X="219" Y="97"/>
    <Point X="219" Y="101"/>
    <Point X="219" Y="105"/>
    <Point X="219" Y="109"/>
    <Point X="219" Y="113"/>
    <Point X="219" Y="116"/>
    <Point X="219" Y="120"/>
    <Point X="219" Y="123"/>
    <Point X="218" Y="126"/>
    <Point X="218" Y="129"/>
    <Point X="217" Y="132"/>
    <Point X="217" Y="136"/>
    <Point X="216" Y="138"/>
    <Point X="215" Y="140"/>
    <Point X="215" Y="142"/>
    <Point X="214" Y="144"/>
    <Point X="213" Y="147"/>
    <Point X="212" Y="149"/>
    <Point X="211" Y="151"/>
    <Point X="210" Y="152"/>
    <Point X="209" Y="154"/>
    <Point X="207" Y="156"/>
    <Point X="206" Y="158"/>
    <Point X="205" Y="159"/>
    <Point X="203" Y="160"/>
    <Point X="202" Y="161"/>
    <Point X="199" Y="162"/>
    <Point X="198" Y="162"/>
    <Point X="196" Y="163"/>
    <Point X="194" Y="163"/>
    <Point X="193" Y="163"/>
    <Point X="194" Y="163"/>
    <Point X="195" Y="163"/>
    <Point X="196" Y="163"/>
    <Point X="197" Y="163"/>
    <Point X="200" Y="163"/>
    <Point X="202" Y="164"/>
    <Point X="204" Y="165"/>
    <Point X="205" Y="165"/>
    <Point X="206" Y="165"/>
    <Point X="208" Y="166"/>
    <Point X="209" Y="166"/>
    <Point X="209" Y="167"/>
    <Point X="210" Y="167"/>
    <Point X="210" Y="168"/>
    <Point X="211" Y="168"/>
    <Point X="211" Y="169"/>
    <Point X="212" Y="170"/>
    <Point X="212" Y="171"/>
    <Point X="212" Y="172"/>
    <Point X="212" Y="175"/>
    <Point X="212" Y="176"/>
    <Point X="212" Y="179"/>
    <Point X="212" Y="180"/>
    <Point X="213" Y="181"/>
    <Point X="213" Y="183"/>
    <Point X="213" Y="185"/>
    <Point X="213" Y="188"/>
    <Point X="213" Y="190"/>
    <Point X="213" Y="193"/>
    <Point X="213" Y="196"/>
    <Point X="213" Y="199"/>
    <Point X="213" Y="202"/>
    <Point X="214" Y="205"/>
    <Point X="214" Y="208"/>
    <Point X="215" Y="212"/>
    <Point X="215" Y="216"/>
    <Point X="216" Y="221"/>
    <Point X="217" Y="224"/>
    <Point X="218" Y="228"/>
    <Point X="218" Y="230"/>
    <Point X="219" Y="232"/>
    <Point X="219" Y="234"/>
    <Point X="220" Y="235"/>
    <Point X="220" Y="236"/>
    <Point X="221" Y="237"/>
    <Point X="222" Y="238"/>
    <Point X="223" Y="239"/>
    <Point X="224" Y="241"/>
    <Point X="226" Y="242"/>
    <Point X="228" Y="244"/>
    <Point X="230" Y="247"/>
    <Point X="232" Y="248"/>
    <Point X="233" Y="249"/>
    <Point X="234" Y="250"/>
    <Point X="235" Y="250"/>
    <Point X="235" Y="251"/>
    <Point X="236" Y="251"/>
    <Point X="237" Y="251"/>
    <Point X="240" Y="252"/>
    <Point X="241" Y="253"/>
    <Point X="242" Y="253"/>
</Gesture>
