<?xml version="1.0" ?>
<Gesture Name="01" Subject="6" Number="1" NumPts="84">
    <Point X="271" Y="87"/>
    <Point X="270" Y="87"/>
    <Point X="268" Y="87"/>
    <Point X="267" Y="87"/>
    <Point X="264" Y="87"/>
    <Point X="260" Y="86"/>
    <Point X="254" Y="86"/>
    <Point X="246" Y="86"/>
    <Point X="238" Y="86"/>
    <Point X="231" Y="86"/>
    <Point X="224" Y="86"/>
    <Point X="218" Y="86"/>
    <Point X="213" Y="86"/>
    <Point X="210" Y="86"/>
    <Point X="209" Y="86"/>
    <Point X="209" Y="87"/>
    <Point X="210" Y="90"/>
    <Point X="210" Y="92"/>
    <Point X="210" Y="93"/>
    <Point X="210" Y="95"/>
    <Point X="210" Y="99"/>
    <Point X="210" Y="102"/>
    <Point X="210" Y="107"/>
    <Point X="210" Y="113"/>
    <Point X="210" Y="119"/>
    <Point X="210" Y="124"/>
    <Point X="210" Y="130"/>
    <Point X="210" Y="136"/>
    <Point X="210" Y="141"/>
    <Point X="210" Y="147"/>
    <Point X="209" Y="151"/>
    <Point X="209" Y="155"/>
    <Point X="209" Y="159"/>
    <Point X="208" Y="163"/>
    <Point X="207" Y="167"/>
    <Point X="207" Y="171"/>
    <Point X="207" Y="175"/>
    <Point X="206" Y="179"/>
    <Point X="206" Y="183"/>
    <Point X="206" Y="188"/>
    <Point X="205" Y="192"/>
    <Point X="205" Y="196"/>
    <Point X="204" Y="200"/>
    <Point X="204" Y="204"/>
    <Point X="203" Y="207"/>
    <Point X="203" Y="209"/>
    <Point X="202" Y="211"/>
    <Point X="202" Y="213"/>
    <Point X="201" Y="215"/>
    <Point X="201" Y="216"/>
    <Point X="200" Y="218"/>
    <Point X="200" Y="219"/>
    <Point X="200" Y="221"/>
    <Point X="199" Y="223"/>
    <Point X="199" Y="225"/>
    <Point X="198" Y="227"/>
    <Point X="198" Y="228"/>
    <Point X="197" Y="229"/>
    <Point X="197" Y="230"/>
    <Point X="198" Y="230"/>
    <Point X="200" Y="231"/>
    <Point X="201" Y="231"/>
    <Point X="204" Y="232"/>
    <Point X="207" Y="232"/>
    <Point X="212" Y="233"/>
    <Point X="218" Y="234"/>
    <Point X="223" Y="235"/>
    <Point X="229" Y="236"/>
    <Point X="235" Y="236"/>
    <Point X="241" Y="237"/>
    <Point X="246" Y="238"/>
    <Point X="249" Y="238"/>
    <Point X="252" Y="238"/>
    <Point X="253" Y="238"/>
    <Point X="255" Y="238"/>
    <Point X="256" Y="238"/>
    <Point X="257" Y="238"/>
    <Point X="258" Y="238"/>
    <Point X="260" Y="238"/>
    <Point X="261" Y="238"/>
    <Point X="263" Y="238"/>
    <Point X="265" Y="238"/>
    <Point X="267" Y="238"/>
    <Point X="268" Y="238"/>
</Gesture>
