<?xml version="1.0" ?>
<Gesture Name="02" Subject="6" Number="2" NumPts="73">
    <Point X="274" Y="76"/>
    <Point X="273" Y="76"/>
    <Point X="272" Y="76"/>
    <Point X="270" Y="76"/>
    <Point X="266" Y="76"/>
    <Point X="262" Y="76"/>
    <Point X="256" Y="76"/>
    <Point X="251" Y="76"/>
    <Point X="245" Y="76"/>
    <Point X="240" Y="76"/>
    <Point X="236" Y="76"/>
    <Point X="233" Y="76"/>
    <Point X="232" Y="76"/>
    <Point X="232" Y="79"/>
    <Point X="232" Y="80"/>
    <Point X="231" Y="83"/>
    <Point X="230" Y="87"/>
    <Point X="230" Y="92"/>
    <Point X="230" Y="98"/>
    <Point X="230" Y="104"/>
    <Point X="229" Y="110"/>
    <Point X="229" Y="116"/>
    <Point X="228" Y="122"/>
    <Point X="228" Y="126"/>
    <Point X="228" Y="130"/>
    <Point X="227" Y="135"/>
    <Point X="227" Y="140"/>
    <Point X="227" Y="145"/>
    <Point X="226" Y="150"/>
    <Point X="226" Y="156"/>
    <Point X="226" Y="161"/>
    <Point X="226" Y="166"/>
    <Point X="226" Y="172"/>
    <Point X="226" Y="177"/>
    <Point X="226" Y="181"/>
    <Point X="226" Y="186"/>
    <Point X="226" Y="190"/>
    <Point X="226" Y="194"/>
    <Point X="226" Y="197"/>
    <Point X="226" Y="199"/>
    <Point X="226" Y="202"/>
    <Point X="226" Y="204"/>
    <Point X="226" Y="206"/>
    <Point X="226" Y="209"/>
    <Point X="226" Y="213"/>
    <Point X="226" Y="216"/>
    <Point X="227" Y="218"/>
    <Point X="227" Y="221"/>
    <Point X="227" Y="224"/>
    <Point X="227" Y="226"/>
    <Point X="227" Y="228"/>
    <Point X="227" Y="230"/>
    <Point X="228" Y="231"/>
    <Point X="228" Y="232"/>
    <Point X="228" Y="233"/>
    <Point X="228" Y="234"/>
    <Point X="229" Y="234"/>
    <Point X="230" Y="234"/>
    <Point X="232" Y="234"/>
    <Point X="235" Y="235"/>
    <Point X="239" Y="235"/>
    <Point X="245" Y="236"/>
    <Point X="251" Y="236"/>
    <Point X="257" Y="237"/>
    <Point X="263" Y="237"/>
    <Point X="269" Y="237"/>
    <Point X="272" Y="237"/>
    <Point X="274" Y="237"/>
    <Point X="275" Y="237"/>
    <Point X="277" Y="237"/>
    <Point X="278" Y="237"/>
    <Point X="279" Y="237"/>
    <Point X="280" Y="237"/>
</Gesture>
