<?xml version="1.0" ?>
<Gesture Name="02" Subject="6" Number="2" NumPts="136">
    <Point X="250" Y="48"/>
    <Point X="249" Y="48"/>
    <Point X="248" Y="48"/>
    <Point X="247" Y="48"/>
    <Point X="246" Y="48"/>
    <Point X="245" Y="49"/>
    <Point X="244" Y="49"/>
    <Point X="243" Y="51"/>
    <Point X="242" Y="52"/>
    <Point X="241" Y="52"/>
    <Point X="241" Y="53"/>
    <Point X="240" Y="54"/>
    <Point X="240" Y="55"/>
    <Point X="240" Y="56"/>
    <Point X="239" Y="58"/>
    <Point X="238" Y="61"/>
    <Point X="238" Y="62"/>
    <Point X="237" Y="64"/>
    <Point X="237" Y="65"/>
    <Point X="237" Y="67"/>
    <Point X="237" Y="69"/>
    <Point X="237" Y="71"/>
    <Point X="237" Y="73"/>
    <Point X="236" Y="75"/>
    <Point X="236" Y="77"/>
    <Point X="236" Y="78"/>
    <Point X="236" Y="80"/>
    <Point X="236" Y="81"/>
    <Point X="236" Y="82"/>
    <Point X="236" Y="83"/>
    <Point X="236" Y="85"/>
    <Point X="236" Y="87"/>
    <Point X="236" Y="90"/>
    <Point X="236" Y="94"/>
    <Point X="237" Y="98"/>
    <Point X="237" Y="102"/>
    <Point X="238" Y="106"/>
    <Point X="238" Y="110"/>
    <Point X="239" Y="114"/>
    <Point X="239" Y="117"/>
    <Point X="239" Y="121"/>
    <Point X="240" Y="124"/>
    <Point X="240" Y="127"/>
    <Point X="240" Y="130"/>
    <Point X="240" Y="133"/>
    <Point X="240" Y="136"/>
    <Point X="240" Y="139"/>
    <Point X="240" Y="141"/>
    <Point X="240" Y="144"/>
    <Point X="240" Y="147"/>
    <Point X="239" Y="149"/>
    <Point X="239" Y="152"/>
    <Point X="239" Y="154"/>
    <Point X="238" Y="156"/>
    <Point X="236" Y="158"/>
    <Point X="235" Y="160"/>
    <Point X="234" Y="161"/>
    <Point X="234" Y="162"/>
    <Point X="233" Y="162"/>
    <Point X="232" Y="164"/>
    <Point X="231" Y="164"/>
    <Point X="230" Y="165"/>
    <Point X="229" Y="165"/>
    <Point X="228" Y="165"/>
    <Point X="225" Y="165"/>
    <Point X="224" Y="165"/>
    <Point X="222" Y="165"/>
    <Point X="221" Y="165"/>
    <Point X="220" Y="165"/>
    <Point X="219" Y="165"/>
    <Point X="219" Y="164"/>
    <Point X="220" Y="163"/>
    <Point X="221" Y="163"/>
    <Point X="223" Y="163"/>
    <Point X="225" Y="163"/>
    <Point X="229" Y="163"/>
    <Point X="233" Y="163"/>
    <Point X="236" Y="163"/>
    <Point X="239" Y="163"/>
    <Point X="240" Y="163"/>
    <Point X="242" Y="163"/>
    <Point X="243" Y="164"/>
    <Point X="245" Y="165"/>
    <Point X="246" Y="166"/>
    <Point X="248" Y="168"/>
    <Point X="249" Y="169"/>
    <Point X="250" Y="169"/>
    <Point X="250" Y="170"/>
    <Point X="250" Y="171"/>
    <Point X="251" Y="172"/>
    <Point X="251" Y="173"/>
    <Point X="251" Y="176"/>
    <Point X="251" Y="178"/>
    <Point X="251" Y="181"/>
    <Point X="251" Y="185"/>
    <Point X="251" Y="190"/>
    <Point X="251" Y="194"/>
    <Point X="251" Y="199"/>
    <Point X="251" Y="205"/>
    <Point X="251" Y="211"/>
    <Point X="251" Y="217"/>
    <Point X="251" Y="223"/>
    <Point X="251" Y="229"/>
    <Point X="251" Y="235"/>
    <Point X="251" Y="240"/>
    <Point X="251" Y="245"/>
    <Point X="251" Y="249"/>
    <Point X="251" Y="253"/>
    <Point X="251" Y="256"/>
    <Point X="251" Y="260"/>
    <Point X="251" Y="262"/>
    <Point X="251" Y="264"/>
    <Point X="251" Y="266"/>
    <Point X="251" Y="268"/>
    <Point X="251" Y="270"/>
    <Point X="251" Y="272"/>
    <Point X="252" Y="274"/>
    <Point X="253" Y="276"/>
    <Point X="254" Y="279"/>
    <Point X="255" Y="281"/>
    <Point X="256" Y="283"/>
    <Point X="258" Y="285"/>
    <Point X="259" Y="288"/>
    <Point X="261" Y="290"/>
    <Point X="262" Y="292"/>
    <Point X="264" Y="293"/>
    <Point X="265" Y="295"/>
    <Point X="267" Y="296"/>
    <Point X="268" Y="297"/>
    <Point X="269" Y="297"/>
    <Point X="270" Y="297"/>
    <Point X="271" Y="297"/>
    <Point X="271" Y="298"/>
    <Point X="272" Y="298"/>
    <Point X="273" Y="298"/>
    <Point X="274" Y="298"/>
</Gesture>
