<?xml version="1.0" ?>
<Gesture Name="07" Subject="6" Number="7" NumPts="77">
    <Point X="174" Y="43"/>
    <Point X="173" Y="44"/>
    <Point X="172" Y="44"/>
    <Point X="171" Y="45"/>
    <Point X="169" Y="45"/>
    <Point X="166" Y="45"/>
    <Point X="161" Y="46"/>
    <Point X="156" Y="46"/>
    <Point X="151" Y="46"/>
    <Point X="146" Y="47"/>
    <Point X="140" Y="47"/>
    <Point X="136" Y="47"/>
    <Point X="132" Y="47"/>
    <Point X="130" Y="47"/>
    <Point X="129" Y="47"/>
    <Point X="129" Y="48"/>
    <Point X="128" Y="49"/>
    <Point X="128" Y="50"/>
    <Point X="128" Y="52"/>
    <Point X="126" Y="56"/>
    <Point X="125" Y="60"/>
    <Point X="124" Y="65"/>
    <Point X="124" Y="70"/>
    <Point X="123" Y="74"/>
    <Point X="122" Y="79"/>
    <Point X="121" Y="84"/>
    <Point X="121" Y="90"/>
    <Point X="121" Y="94"/>
    <Point X="121" Y="98"/>
    <Point X="121" Y="102"/>
    <Point X="121" Y="105"/>
    <Point X="121" Y="109"/>
    <Point X="121" Y="113"/>
    <Point X="121" Y="117"/>
    <Point X="121" Y="121"/>
    <Point X="121" Y="125"/>
    <Point X="121" Y="128"/>
    <Point X="121" Y="131"/>
    <Point X="121" Y="134"/>
    <Point X="121" Y="137"/>
    <Point X="121" Y="140"/>
    <Point X="121" Y="143"/>
    <Point X="121" Y="145"/>
    <Point X="121" Y="148"/>
    <Point X="121" Y="150"/>
    <Point X="121" Y="152"/>
    <Point X="121" Y="153"/>
    <Point X="121" Y="154"/>
    <Point X="121" Y="155"/>
    <Point X="122" Y="156"/>
    <Point X="122" Y="157"/>
    <Point X="123" Y="158"/>
    <Point X="123" Y="159"/>
    <Point X="124" Y="159"/>
    <Point X="124" Y="160"/>
    <Point X="125" Y="160"/>
    <Point X="126" Y="161"/>
    <Point X="127" Y="161"/>
    <Point X="128" Y="161"/>
    <Point X="130" Y="162"/>
    <Point X="133" Y="163"/>
    <Point X="137" Y="164"/>
    <Point X="142" Y="165"/>
    <Point X="146" Y="166"/>
    <Point X="152" Y="167"/>
    <Point X="157" Y="168"/>
    <Point X="162" Y="170"/>
    <Point X="168" Y="171"/>
    <Point X="173" Y="171"/>
    <Point X="177" Y="173"/>
    <Point X="180" Y="173"/>
    <Point X="183" Y="174"/>
    <Point X="186" Y="174"/>
    <Point X="187" Y="175"/>
    <Point X="190" Y="175"/>
    <Point X="191" Y="175"/>
    <Point X="192" Y="175"/>
</Gesture>
