<?xml version="1.0" ?>
<Gesture Name="06" Subject="6" Number="6" NumPts="57">
    <Point X="221" Y="78"/>
    <Point X="220" Y="78"/>
    <Point X="219" Y="78"/>
    <Point X="216" Y="78"/>
    <Point X="212" Y="78"/>
    <Point X="209" Y="78"/>
    <Point X="204" Y="78"/>
    <Point X="199" Y="78"/>
    <Point X="194" Y="78"/>
    <Point X="188" Y="78"/>
    <Point X="183" Y="78"/>
    <Point X="177" Y="78"/>
    <Point X="173" Y="78"/>
    <Point X="169" Y="78"/>
    <Point X="168" Y="78"/>
    <Point X="168" Y="79"/>
    <Point X="168" Y="80"/>
    <Point X="168" Y="82"/>
    <Point X="168" Y="86"/>
    <Point X="168" Y="90"/>
    <Point X="168" Y="96"/>
    <Point X="168" Y="102"/>
    <Point X="169" Y="109"/>
    <Point X="169" Y="116"/>
    <Point X="170" Y="124"/>
    <Point X="170" Y="133"/>
    <Point X="171" Y="142"/>
    <Point X="171" Y="151"/>
    <Point X="172" Y="161"/>
    <Point X="172" Y="171"/>
    <Point X="173" Y="180"/>
    <Point X="174" Y="188"/>
    <Point X="174" Y="197"/>
    <Point X="175" Y="205"/>
    <Point X="176" Y="213"/>
    <Point X="176" Y="220"/>
    <Point X="176" Y="225"/>
    <Point X="176" Y="230"/>
    <Point X="176" Y="234"/>
    <Point X="176" Y="237"/>
    <Point X="176" Y="239"/>
    <Point X="176" Y="241"/>
    <Point X="176" Y="243"/>
    <Point X="176" Y="244"/>
    <Point X="176" Y="245"/>
    <Point X="177" Y="246"/>
    <Point X="178" Y="246"/>
    <Point X="182" Y="246"/>
    <Point X="188" Y="246"/>
    <Point X="195" Y="246"/>
    <Point X="203" Y="246"/>
    <Point X="211" Y="246"/>
    <Point X="220" Y="247"/>
    <Point X="227" Y="247"/>
    <Point X="233" Y="247"/>
    <Point X="238" Y="247"/>
    <Point X="241" Y="248"/>
</Gesture>
