<?xml version="1.0" ?>
<Gesture Name="08" Subject="6" Number="8" NumPts="139">
    <Point X="224" Y="74"/>
    <Point X="223" Y="74"/>
    <Point X="222" Y="74"/>
    <Point X="221" Y="74"/>
    <Point X="219" Y="75"/>
    <Point X="217" Y="76"/>
    <Point X="216" Y="76"/>
    <Point X="215" Y="76"/>
    <Point X="215" Y="77"/>
    <Point X="214" Y="77"/>
    <Point X="214" Y="78"/>
    <Point X="213" Y="78"/>
    <Point X="213" Y="79"/>
    <Point X="212" Y="79"/>
    <Point X="212" Y="80"/>
    <Point X="212" Y="81"/>
    <Point X="211" Y="81"/>
    <Point X="210" Y="83"/>
    <Point X="209" Y="85"/>
    <Point X="208" Y="87"/>
    <Point X="208" Y="89"/>
    <Point X="207" Y="91"/>
    <Point X="207" Y="92"/>
    <Point X="207" Y="93"/>
    <Point X="207" Y="95"/>
    <Point X="207" Y="97"/>
    <Point X="207" Y="100"/>
    <Point X="207" Y="102"/>
    <Point X="207" Y="103"/>
    <Point X="207" Y="104"/>
    <Point X="207" Y="105"/>
    <Point X="207" Y="106"/>
    <Point X="208" Y="108"/>
    <Point X="208" Y="109"/>
    <Point X="208" Y="110"/>
    <Point X="209" Y="112"/>
    <Point X="209" Y="114"/>
    <Point X="209" Y="116"/>
    <Point X="209" Y="118"/>
    <Point X="209" Y="119"/>
    <Point X="210" Y="121"/>
    <Point X="210" Y="123"/>
    <Point X="210" Y="126"/>
    <Point X="211" Y="129"/>
    <Point X="211" Y="132"/>
    <Point X="211" Y="134"/>
    <Point X="212" Y="137"/>
    <Point X="212" Y="140"/>
    <Point X="212" Y="142"/>
    <Point X="212" Y="145"/>
    <Point X="212" Y="147"/>
    <Point X="212" Y="149"/>
    <Point X="212" Y="151"/>
    <Point X="212" Y="153"/>
    <Point X="212" Y="155"/>
    <Point X="212" Y="157"/>
    <Point X="212" Y="158"/>
    <Point X="212" Y="159"/>
    <Point X="212" Y="160"/>
    <Point X="212" Y="161"/>
    <Point X="212" Y="162"/>
    <Point X="212" Y="163"/>
    <Point X="211" Y="163"/>
    <Point X="211" Y="164"/>
    <Point X="209" Y="166"/>
    <Point X="208" Y="167"/>
    <Point X="207" Y="169"/>
    <Point X="205" Y="170"/>
    <Point X="203" Y="172"/>
    <Point X="202" Y="172"/>
    <Point X="201" Y="173"/>
    <Point X="200" Y="173"/>
    <Point X="199" Y="174"/>
    <Point X="198" Y="174"/>
    <Point X="197" Y="174"/>
    <Point X="196" Y="174"/>
    <Point X="195" Y="174"/>
    <Point X="195" Y="175"/>
    <Point X="194" Y="175"/>
    <Point X="193" Y="175"/>
    <Point X="194" Y="175"/>
    <Point X="196" Y="175"/>
    <Point X="197" Y="175"/>
    <Point X="198" Y="176"/>
    <Point X="200" Y="176"/>
    <Point X="202" Y="177"/>
    <Point X="203" Y="177"/>
    <Point X="204" Y="177"/>
    <Point X="204" Y="178"/>
    <Point X="205" Y="178"/>
    <Point X="205" Y="179"/>
    <Point X="205" Y="180"/>
    <Point X="206" Y="182"/>
    <Point X="206" Y="183"/>
    <Point X="206" Y="185"/>
    <Point X="207" Y="187"/>
    <Point X="207" Y="189"/>
    <Point X="207" Y="191"/>
    <Point X="207" Y="193"/>
    <Point X="207" Y="195"/>
    <Point X="207" Y="198"/>
    <Point X="207" Y="199"/>
    <Point X="207" Y="200"/>
    <Point X="207" Y="203"/>
    <Point X="208" Y="205"/>
    <Point X="208" Y="208"/>
    <Point X="208" Y="211"/>
    <Point X="208" Y="215"/>
    <Point X="208" Y="219"/>
    <Point X="209" Y="223"/>
    <Point X="209" Y="227"/>
    <Point X="209" Y="231"/>
    <Point X="209" Y="234"/>
    <Point X="209" Y="237"/>
    <Point X="209" Y="240"/>
    <Point X="210" Y="243"/>
    <Point X="210" Y="246"/>
    <Point X="210" Y="248"/>
    <Point X="211" Y="250"/>
    <Point X="211" Y="252"/>
    <Point X="211" Y="254"/>
    <Point X="212" Y="256"/>
    <Point X="212" Y="258"/>
    <Point X="212" Y="259"/>
    <Point X="213" Y="260"/>
    <Point X="213" Y="261"/>
    <Point X="215" Y="263"/>
    <Point X="216" Y="264"/>
    <Point X="217" Y="264"/>
    <Point X="219" Y="265"/>
    <Point X="220" Y="266"/>
    <Point X="222" Y="266"/>
    <Point X="224" Y="267"/>
    <Point X="224" Y="268"/>
    <Point X="225" Y="268"/>
    <Point X="226" Y="268"/>
    <Point X="228" Y="268"/>
    <Point X="229" Y="268"/>
    <Point X="230" Y="268"/>
</Gesture>
