<?xml version="1.0" ?>
<Gesture Name="10" Subject="6" Number="10" NumPts="99">
    <Point X="209" Y="84"/>
    <Point X="208" Y="84"/>
    <Point X="206" Y="83"/>
    <Point X="202" Y="83"/>
    <Point X="198" Y="83"/>
    <Point X="195" Y="83"/>
    <Point X="192" Y="83"/>
    <Point X="190" Y="83"/>
    <Point X="187" Y="83"/>
    <Point X="185" Y="83"/>
    <Point X="183" Y="83"/>
    <Point X="182" Y="83"/>
    <Point X="180" Y="83"/>
    <Point X="179" Y="83"/>
    <Point X="177" Y="83"/>
    <Point X="176" Y="83"/>
    <Point X="174" Y="83"/>
    <Point X="174" Y="86"/>
    <Point X="174" Y="87"/>
    <Point X="174" Y="88"/>
    <Point X="174" Y="90"/>
    <Point X="174" Y="93"/>
    <Point X="174" Y="97"/>
    <Point X="173" Y="101"/>
    <Point X="173" Y="106"/>
    <Point X="173" Y="111"/>
    <Point X="173" Y="118"/>
    <Point X="173" Y="125"/>
    <Point X="173" Y="131"/>
    <Point X="173" Y="136"/>
    <Point X="173" Y="141"/>
    <Point X="174" Y="144"/>
    <Point X="174" Y="147"/>
    <Point X="175" Y="149"/>
    <Point X="175" Y="151"/>
    <Point X="176" Y="153"/>
    <Point X="176" Y="156"/>
    <Point X="176" Y="157"/>
    <Point X="177" Y="159"/>
    <Point X="177" Y="161"/>
    <Point X="177" Y="165"/>
    <Point X="178" Y="168"/>
    <Point X="179" Y="172"/>
    <Point X="179" Y="177"/>
    <Point X="180" Y="181"/>
    <Point X="180" Y="186"/>
    <Point X="180" Y="189"/>
    <Point X="180" Y="193"/>
    <Point X="180" Y="196"/>
    <Point X="180" Y="199"/>
    <Point X="180" Y="201"/>
    <Point X="180" Y="203"/>
    <Point X="180" Y="204"/>
    <Point X="180" Y="206"/>
    <Point X="180" Y="207"/>
    <Point X="180" Y="209"/>
    <Point X="180" Y="211"/>
    <Point X="180" Y="213"/>
    <Point X="180" Y="214"/>
    <Point X="180" Y="216"/>
    <Point X="180" Y="218"/>
    <Point X="180" Y="220"/>
    <Point X="180" Y="222"/>
    <Point X="180" Y="225"/>
    <Point X="180" Y="228"/>
    <Point X="180" Y="231"/>
    <Point X="180" Y="234"/>
    <Point X="180" Y="237"/>
    <Point X="180" Y="240"/>
    <Point X="180" Y="242"/>
    <Point X="180" Y="244"/>
    <Point X="180" Y="245"/>
    <Point X="180" Y="246"/>
    <Point X="180" Y="247"/>
    <Point X="180" Y="248"/>
    <Point X="180" Y="250"/>
    <Point X="180" Y="251"/>
    <Point X="180" Y="252"/>
    <Point X="180" Y="253"/>
    <Point X="180" Y="254"/>
    <Point X="180" Y="255"/>
    <Point X="180" Y="256"/>
    <Point X="180" Y="257"/>
    <Point X="180" Y="258"/>
    <Point X="181" Y="258"/>
    <Point X="183" Y="259"/>
    <Point X="186" Y="260"/>
    <Point X="188" Y="261"/>
    <Point X="190" Y="262"/>
    <Point X="192" Y="262"/>
    <Point X="195" Y="262"/>
    <Point X="198" Y="262"/>
    <Point X="203" Y="263"/>
    <Point X="208" Y="263"/>
    <Point X="215" Y="263"/>
    <Point X="221" Y="263"/>
    <Point X="228" Y="263"/>
    <Point X="235" Y="263"/>
    <Point X="239" Y="263"/>
</Gesture>
