<?xml version="1.0" ?>
<Gesture Name="09" Subject="6" Number="9" NumPts="97">
    <Point X="229" Y="75"/>
    <Point X="228" Y="75"/>
    <Point X="225" Y="75"/>
    <Point X="222" Y="75"/>
    <Point X="217" Y="75"/>
    <Point X="211" Y="75"/>
    <Point X="207" Y="75"/>
    <Point X="201" Y="75"/>
    <Point X="197" Y="75"/>
    <Point X="193" Y="75"/>
    <Point X="190" Y="75"/>
    <Point X="190" Y="76"/>
    <Point X="190" Y="77"/>
    <Point X="190" Y="78"/>
    <Point X="189" Y="80"/>
    <Point X="189" Y="82"/>
    <Point X="188" Y="84"/>
    <Point X="188" Y="85"/>
    <Point X="188" Y="88"/>
    <Point X="188" Y="91"/>
    <Point X="188" Y="95"/>
    <Point X="188" Y="100"/>
    <Point X="188" Y="105"/>
    <Point X="188" Y="110"/>
    <Point X="188" Y="114"/>
    <Point X="188" Y="117"/>
    <Point X="188" Y="119"/>
    <Point X="188" Y="121"/>
    <Point X="188" Y="122"/>
    <Point X="188" Y="123"/>
    <Point X="188" Y="124"/>
    <Point X="188" Y="126"/>
    <Point X="188" Y="127"/>
    <Point X="189" Y="128"/>
    <Point X="189" Y="131"/>
    <Point X="190" Y="135"/>
    <Point X="191" Y="140"/>
    <Point X="192" Y="145"/>
    <Point X="193" Y="151"/>
    <Point X="193" Y="156"/>
    <Point X="194" Y="161"/>
    <Point X="194" Y="165"/>
    <Point X="194" Y="169"/>
    <Point X="194" Y="171"/>
    <Point X="194" Y="173"/>
    <Point X="194" Y="175"/>
    <Point X="194" Y="177"/>
    <Point X="194" Y="179"/>
    <Point X="194" Y="181"/>
    <Point X="194" Y="185"/>
    <Point X="193" Y="189"/>
    <Point X="192" Y="193"/>
    <Point X="192" Y="198"/>
    <Point X="191" Y="202"/>
    <Point X="191" Y="208"/>
    <Point X="190" Y="213"/>
    <Point X="190" Y="217"/>
    <Point X="189" Y="220"/>
    <Point X="188" Y="222"/>
    <Point X="188" Y="223"/>
    <Point X="188" Y="224"/>
    <Point X="187" Y="224"/>
    <Point X="187" Y="225"/>
    <Point X="187" Y="227"/>
    <Point X="186" Y="228"/>
    <Point X="186" Y="229"/>
    <Point X="186" Y="230"/>
    <Point X="186" Y="231"/>
    <Point X="185" Y="232"/>
    <Point X="185" Y="234"/>
    <Point X="184" Y="234"/>
    <Point X="184" Y="235"/>
    <Point X="184" Y="236"/>
    <Point X="184" Y="237"/>
    <Point X="184" Y="238"/>
    <Point X="185" Y="239"/>
    <Point X="186" Y="239"/>
    <Point X="187" Y="240"/>
    <Point X="188" Y="240"/>
    <Point X="190" Y="241"/>
    <Point X="191" Y="241"/>
    <Point X="193" Y="242"/>
    <Point X="197" Y="242"/>
    <Point X="202" Y="242"/>
    <Point X="208" Y="243"/>
    <Point X="214" Y="243"/>
    <Point X="220" Y="243"/>
    <Point X="226" Y="243"/>
    <Point X="230" Y="243"/>
    <Point X="235" Y="243"/>
    <Point X="240" Y="243"/>
    <Point X="243" Y="243"/>
    <Point X="247" Y="243"/>
    <Point X="251" Y="243"/>
    <Point X="252" Y="243"/>
    <Point X="253" Y="243"/>
    <Point X="254" Y="243"/>
</Gesture>
