<?xml version="1.0" ?>
<Gesture Name="08" Subject="6" Number="8" NumPts="77">
    <Point X="236" Y="81"/>
    <Point X="235" Y="81"/>
    <Point X="233" Y="81"/>
    <Point X="231" Y="81"/>
    <Point X="229" Y="81"/>
    <Point X="226" Y="81"/>
    <Point X="222" Y="82"/>
    <Point X="219" Y="82"/>
    <Point X="214" Y="83"/>
    <Point X="210" Y="84"/>
    <Point X="204" Y="84"/>
    <Point X="200" Y="84"/>
    <Point X="197" Y="85"/>
    <Point X="195" Y="85"/>
    <Point X="194" Y="85"/>
    <Point X="194" Y="88"/>
    <Point X="194" Y="89"/>
    <Point X="194" Y="90"/>
    <Point X="193" Y="93"/>
    <Point X="193" Y="97"/>
    <Point X="193" Y="101"/>
    <Point X="192" Y="106"/>
    <Point X="191" Y="111"/>
    <Point X="191" Y="115"/>
    <Point X="191" Y="120"/>
    <Point X="190" Y="125"/>
    <Point X="190" Y="130"/>
    <Point X="190" Y="135"/>
    <Point X="190" Y="140"/>
    <Point X="190" Y="145"/>
    <Point X="190" Y="152"/>
    <Point X="190" Y="157"/>
    <Point X="190" Y="162"/>
    <Point X="190" Y="168"/>
    <Point X="190" Y="173"/>
    <Point X="190" Y="179"/>
    <Point X="189" Y="183"/>
    <Point X="189" Y="187"/>
    <Point X="188" Y="192"/>
    <Point X="187" Y="196"/>
    <Point X="187" Y="198"/>
    <Point X="186" Y="201"/>
    <Point X="186" Y="203"/>
    <Point X="186" Y="205"/>
    <Point X="186" Y="207"/>
    <Point X="186" Y="209"/>
    <Point X="186" Y="212"/>
    <Point X="185" Y="216"/>
    <Point X="185" Y="218"/>
    <Point X="185" Y="221"/>
    <Point X="185" Y="223"/>
    <Point X="185" Y="227"/>
    <Point X="185" Y="229"/>
    <Point X="185" Y="231"/>
    <Point X="184" Y="232"/>
    <Point X="184" Y="233"/>
    <Point X="184" Y="234"/>
    <Point X="184" Y="235"/>
    <Point X="185" Y="236"/>
    <Point X="186" Y="237"/>
    <Point X="187" Y="237"/>
    <Point X="188" Y="237"/>
    <Point X="190" Y="238"/>
    <Point X="193" Y="238"/>
    <Point X="197" Y="239"/>
    <Point X="201" Y="239"/>
    <Point X="207" Y="239"/>
    <Point X="214" Y="240"/>
    <Point X="222" Y="240"/>
    <Point X="230" Y="240"/>
    <Point X="237" Y="241"/>
    <Point X="244" Y="241"/>
    <Point X="249" Y="242"/>
    <Point X="255" Y="242"/>
    <Point X="259" Y="242"/>
    <Point X="261" Y="242"/>
    <Point X="263" Y="242"/>
</Gesture>
