<?xml version="1.0" ?>
<Gesture Name="09" Subject="6" Number="9" NumPts="146">
    <Point X="207" Y="64"/>
    <Point X="205" Y="63"/>
    <Point X="204" Y="63"/>
    <Point X="203" Y="63"/>
    <Point X="202" Y="63"/>
    <Point X="201" Y="63"/>
    <Point X="200" Y="63"/>
    <Point X="199" Y="63"/>
    <Point X="198" Y="63"/>
    <Point X="197" Y="63"/>
    <Point X="196" Y="64"/>
    <Point X="195" Y="64"/>
    <Point X="195" Y="65"/>
    <Point X="195" Y="66"/>
    <Point X="194" Y="66"/>
    <Point X="194" Y="67"/>
    <Point X="194" Y="68"/>
    <Point X="194" Y="69"/>
    <Point X="193" Y="69"/>
    <Point X="193" Y="70"/>
    <Point X="193" Y="71"/>
    <Point X="193" Y="72"/>
    <Point X="193" Y="74"/>
    <Point X="193" Y="75"/>
    <Point X="193" Y="76"/>
    <Point X="193" Y="77"/>
    <Point X="193" Y="80"/>
    <Point X="193" Y="82"/>
    <Point X="193" Y="84"/>
    <Point X="193" Y="87"/>
    <Point X="193" Y="88"/>
    <Point X="193" Y="91"/>
    <Point X="193" Y="92"/>
    <Point X="193" Y="93"/>
    <Point X="193" Y="94"/>
    <Point X="193" Y="95"/>
    <Point X="193" Y="96"/>
    <Point X="193" Y="97"/>
    <Point X="193" Y="99"/>
    <Point X="193" Y="101"/>
    <Point X="193" Y="102"/>
    <Point X="193" Y="103"/>
    <Point X="193" Y="104"/>
    <Point X="193" Y="106"/>
    <Point X="193" Y="109"/>
    <Point X="193" Y="111"/>
    <Point X="193" Y="114"/>
    <Point X="193" Y="117"/>
    <Point X="193" Y="120"/>
    <Point X="193" Y="124"/>
    <Point X="193" Y="126"/>
    <Point X="192" Y="128"/>
    <Point X="192" Y="131"/>
    <Point X="191" Y="133"/>
    <Point X="191" Y="135"/>
    <Point X="190" Y="138"/>
    <Point X="190" Y="139"/>
    <Point X="189" Y="141"/>
    <Point X="189" Y="143"/>
    <Point X="188" Y="144"/>
    <Point X="187" Y="146"/>
    <Point X="186" Y="148"/>
    <Point X="185" Y="149"/>
    <Point X="184" Y="151"/>
    <Point X="183" Y="153"/>
    <Point X="182" Y="153"/>
    <Point X="181" Y="155"/>
    <Point X="179" Y="157"/>
    <Point X="178" Y="158"/>
    <Point X="177" Y="158"/>
    <Point X="177" Y="159"/>
    <Point X="176" Y="159"/>
    <Point X="176" Y="160"/>
    <Point X="175" Y="160"/>
    <Point X="174" Y="160"/>
    <Point X="173" Y="159"/>
    <Point X="174" Y="159"/>
    <Point X="175" Y="160"/>
    <Point X="176" Y="160"/>
    <Point X="176" Y="161"/>
    <Point X="177" Y="161"/>
    <Point X="177" Y="162"/>
    <Point X="178" Y="163"/>
    <Point X="178" Y="164"/>
    <Point X="179" Y="165"/>
    <Point X="179" Y="166"/>
    <Point X="180" Y="167"/>
    <Point X="180" Y="168"/>
    <Point X="181" Y="169"/>
    <Point X="182" Y="171"/>
    <Point X="183" Y="173"/>
    <Point X="184" Y="174"/>
    <Point X="184" Y="175"/>
    <Point X="184" Y="176"/>
    <Point X="185" Y="177"/>
    <Point X="185" Y="178"/>
    <Point X="186" Y="179"/>
    <Point X="186" Y="180"/>
    <Point X="186" Y="181"/>
    <Point X="186" Y="183"/>
    <Point X="186" Y="185"/>
    <Point X="186" Y="186"/>
    <Point X="186" Y="187"/>
    <Point X="186" Y="188"/>
    <Point X="186" Y="189"/>
    <Point X="186" Y="192"/>
    <Point X="186" Y="193"/>
    <Point X="186" Y="195"/>
    <Point X="186" Y="197"/>
    <Point X="186" Y="198"/>
    <Point X="186" Y="199"/>
    <Point X="186" Y="200"/>
    <Point X="187" Y="201"/>
    <Point X="187" Y="202"/>
    <Point X="187" Y="203"/>
    <Point X="187" Y="206"/>
    <Point X="188" Y="208"/>
    <Point X="188" Y="210"/>
    <Point X="189" Y="213"/>
    <Point X="190" Y="217"/>
    <Point X="191" Y="220"/>
    <Point X="192" Y="223"/>
    <Point X="192" Y="226"/>
    <Point X="193" Y="228"/>
    <Point X="193" Y="231"/>
    <Point X="194" Y="232"/>
    <Point X="195" Y="235"/>
    <Point X="196" Y="236"/>
    <Point X="197" Y="238"/>
    <Point X="198" Y="240"/>
    <Point X="200" Y="242"/>
    <Point X="200" Y="243"/>
    <Point X="202" Y="245"/>
    <Point X="203" Y="246"/>
    <Point X="204" Y="247"/>
    <Point X="205" Y="247"/>
    <Point X="205" Y="248"/>
    <Point X="207" Y="249"/>
    <Point X="209" Y="250"/>
    <Point X="210" Y="250"/>
    <Point X="213" Y="252"/>
    <Point X="214" Y="252"/>
    <Point X="217" Y="253"/>
    <Point X="218" Y="254"/>
    <Point X="219" Y="254"/>
    <Point X="220" Y="254"/>
</Gesture>
