<?xml version="1.0" ?>
<Gesture Name="03" Subject="6" Number="3" NumPts="102">
    <Point X="277" Y="88"/>
    <Point X="276" Y="88"/>
    <Point X="274" Y="88"/>
    <Point X="271" Y="88"/>
    <Point X="267" Y="88"/>
    <Point X="262" Y="88"/>
    <Point X="258" Y="88"/>
    <Point X="252" Y="88"/>
    <Point X="248" Y="88"/>
    <Point X="244" Y="88"/>
    <Point X="241" Y="88"/>
    <Point X="238" Y="88"/>
    <Point X="237" Y="88"/>
    <Point X="236" Y="88"/>
    <Point X="236" Y="89"/>
    <Point X="236" Y="90"/>
    <Point X="236" Y="92"/>
    <Point X="235" Y="94"/>
    <Point X="235" Y="97"/>
    <Point X="235" Y="101"/>
    <Point X="235" Y="107"/>
    <Point X="235" Y="112"/>
    <Point X="234" Y="117"/>
    <Point X="234" Y="123"/>
    <Point X="234" Y="127"/>
    <Point X="233" Y="131"/>
    <Point X="233" Y="134"/>
    <Point X="233" Y="137"/>
    <Point X="233" Y="138"/>
    <Point X="233" Y="140"/>
    <Point X="233" Y="141"/>
    <Point X="233" Y="142"/>
    <Point X="233" Y="143"/>
    <Point X="233" Y="144"/>
    <Point X="233" Y="146"/>
    <Point X="233" Y="148"/>
    <Point X="233" Y="151"/>
    <Point X="233" Y="155"/>
    <Point X="233" Y="159"/>
    <Point X="233" Y="163"/>
    <Point X="233" Y="167"/>
    <Point X="233" Y="171"/>
    <Point X="233" Y="174"/>
    <Point X="233" Y="177"/>
    <Point X="233" Y="180"/>
    <Point X="233" Y="183"/>
    <Point X="233" Y="184"/>
    <Point X="233" Y="186"/>
    <Point X="233" Y="188"/>
    <Point X="233" Y="190"/>
    <Point X="233" Y="192"/>
    <Point X="233" Y="195"/>
    <Point X="233" Y="198"/>
    <Point X="233" Y="201"/>
    <Point X="233" Y="203"/>
    <Point X="233" Y="206"/>
    <Point X="233" Y="209"/>
    <Point X="233" Y="210"/>
    <Point X="233" Y="212"/>
    <Point X="233" Y="214"/>
    <Point X="233" Y="215"/>
    <Point X="233" Y="216"/>
    <Point X="233" Y="218"/>
    <Point X="233" Y="219"/>
    <Point X="233" Y="221"/>
    <Point X="233" Y="223"/>
    <Point X="233" Y="225"/>
    <Point X="233" Y="227"/>
    <Point X="233" Y="228"/>
    <Point X="233" Y="229"/>
    <Point X="233" Y="230"/>
    <Point X="233" Y="231"/>
    <Point X="233" Y="232"/>
    <Point X="233" Y="233"/>
    <Point X="233" Y="234"/>
    <Point X="233" Y="235"/>
    <Point X="234" Y="235"/>
    <Point X="235" Y="235"/>
    <Point X="236" Y="236"/>
    <Point X="239" Y="237"/>
    <Point X="240" Y="237"/>
    <Point X="243" Y="237"/>
    <Point X="244" Y="237"/>
    <Point X="245" Y="237"/>
    <Point X="246" Y="237"/>
    <Point X="248" Y="237"/>
    <Point X="249" Y="237"/>
    <Point X="250" Y="237"/>
    <Point X="251" Y="237"/>
    <Point X="252" Y="237"/>
    <Point X="254" Y="237"/>
    <Point X="255" Y="237"/>
    <Point X="258" Y="237"/>
    <Point X="260" Y="237"/>
    <Point X="262" Y="237"/>
    <Point X="265" Y="237"/>
    <Point X="267" Y="237"/>
    <Point X="270" Y="237"/>
    <Point X="272" Y="237"/>
    <Point X="274" Y="237"/>
    <Point X="276" Y="237"/>
    <Point X="278" Y="237"/>
</Gesture>
