<?xml version="1.0" ?>
<Gesture Name="10" Subject="6" Number="10" NumPts="120">
    <Point X="239" Y="355"/>
    <Point X="240" Y="354"/>
    <Point X="241" Y="354"/>
    <Point X="244" Y="353"/>
    <Point X="249" Y="351"/>
    <Point X="255" Y="348"/>
    <Point X="262" Y="346"/>
    <Point X="269" Y="343"/>
    <Point X="276" Y="341"/>
    <Point X="282" Y="337"/>
    <Point X="288" Y="334"/>
    <Point X="292" Y="331"/>
    <Point X="297" Y="328"/>
    <Point X="301" Y="325"/>
    <Point X="304" Y="323"/>
    <Point X="308" Y="319"/>
    <Point X="310" Y="316"/>
    <Point X="312" Y="313"/>
    <Point X="314" Y="310"/>
    <Point X="317" Y="306"/>
    <Point X="321" Y="302"/>
    <Point X="323" Y="298"/>
    <Point X="326" Y="295"/>
    <Point X="328" Y="292"/>
    <Point X="330" Y="288"/>
    <Point X="332" Y="285"/>
    <Point X="333" Y="283"/>
    <Point X="334" Y="280"/>
    <Point X="334" Y="278"/>
    <Point X="335" Y="276"/>
    <Point X="336" Y="274"/>
    <Point X="336" Y="272"/>
    <Point X="336" Y="270"/>
    <Point X="337" Y="268"/>
    <Point X="337" Y="266"/>
    <Point X="337" Y="264"/>
    <Point X="337" Y="261"/>
    <Point X="337" Y="260"/>
    <Point X="337" Y="258"/>
    <Point X="337" Y="256"/>
    <Point X="336" Y="255"/>
    <Point X="336" Y="254"/>
    <Point X="335" Y="253"/>
    <Point X="334" Y="252"/>
    <Point X="333" Y="250"/>
    <Point X="331" Y="250"/>
    <Point X="329" Y="249"/>
    <Point X="328" Y="248"/>
    <Point X="325" Y="248"/>
    <Point X="323" Y="247"/>
    <Point X="321" Y="247"/>
    <Point X="318" Y="247"/>
    <Point X="317" Y="247"/>
    <Point X="315" Y="247"/>
    <Point X="314" Y="247"/>
    <Point X="313" Y="247"/>
    <Point X="313" Y="248"/>
    <Point X="312" Y="248"/>
    <Point X="312" Y="249"/>
    <Point X="312" Y="250"/>
    <Point X="310" Y="251"/>
    <Point X="310" Y="252"/>
    <Point X="308" Y="254"/>
    <Point X="307" Y="256"/>
    <Point X="306" Y="259"/>
    <Point X="305" Y="260"/>
    <Point X="305" Y="262"/>
    <Point X="304" Y="265"/>
    <Point X="303" Y="267"/>
    <Point X="303" Y="269"/>
    <Point X="302" Y="272"/>
    <Point X="302" Y="273"/>
    <Point X="301" Y="275"/>
    <Point X="301" Y="277"/>
    <Point X="301" Y="278"/>
    <Point X="301" Y="280"/>
    <Point X="301" Y="281"/>
    <Point X="301" Y="282"/>
    <Point X="301" Y="283"/>
    <Point X="301" Y="284"/>
    <Point X="301" Y="286"/>
    <Point X="301" Y="288"/>
    <Point X="302" Y="289"/>
    <Point X="303" Y="291"/>
    <Point X="303" Y="292"/>
    <Point X="304" Y="294"/>
    <Point X="305" Y="295"/>
    <Point X="307" Y="297"/>
    <Point X="308" Y="299"/>
    <Point X="310" Y="302"/>
    <Point X="313" Y="305"/>
    <Point X="315" Y="308"/>
    <Point X="318" Y="312"/>
    <Point X="320" Y="314"/>
    <Point X="322" Y="317"/>
    <Point X="324" Y="320"/>
    <Point X="327" Y="323"/>
    <Point X="329" Y="326"/>
    <Point X="331" Y="329"/>
    <Point X="333" Y="331"/>
    <Point X="335" Y="333"/>
    <Point X="336" Y="333"/>
    <Point X="338" Y="335"/>
    <Point X="340" Y="335"/>
    <Point X="341" Y="335"/>
    <Point X="343" Y="335"/>
    <Point X="345" Y="335"/>
    <Point X="349" Y="335"/>
    <Point X="354" Y="335"/>
    <Point X="358" Y="335"/>
    <Point X="363" Y="335"/>
    <Point X="368" Y="335"/>
    <Point X="372" Y="335"/>
    <Point X="376" Y="335"/>
    <Point X="378" Y="335"/>
    <Point X="380" Y="335"/>
    <Point X="381" Y="335"/>
    <Point X="382" Y="335"/>
    <Point X="382" Y="334"/>
    <Point X="383" Y="334"/>
</Gesture>
