<?xml version="1.0" ?>
<Gesture Name="06" Subject="6" Number="6" NumPts="120">
    <Point X="260" Y="319"/>
    <Point X="260" Y="318"/>
    <Point X="260" Y="316"/>
    <Point X="262" Y="315"/>
    <Point X="264" Y="313"/>
    <Point X="266" Y="312"/>
    <Point X="269" Y="310"/>
    <Point X="272" Y="307"/>
    <Point X="276" Y="304"/>
    <Point X="281" Y="301"/>
    <Point X="286" Y="297"/>
    <Point X="292" Y="293"/>
    <Point X="297" Y="289"/>
    <Point X="304" Y="285"/>
    <Point X="309" Y="281"/>
    <Point X="315" Y="278"/>
    <Point X="319" Y="275"/>
    <Point X="323" Y="272"/>
    <Point X="326" Y="269"/>
    <Point X="329" Y="266"/>
    <Point X="333" Y="261"/>
    <Point X="336" Y="257"/>
    <Point X="339" Y="252"/>
    <Point X="343" Y="248"/>
    <Point X="346" Y="241"/>
    <Point X="349" Y="235"/>
    <Point X="352" Y="229"/>
    <Point X="354" Y="223"/>
    <Point X="355" Y="218"/>
    <Point X="357" Y="212"/>
    <Point X="357" Y="207"/>
    <Point X="358" Y="202"/>
    <Point X="358" Y="196"/>
    <Point X="358" Y="192"/>
    <Point X="358" Y="188"/>
    <Point X="358" Y="184"/>
    <Point X="358" Y="180"/>
    <Point X="357" Y="177"/>
    <Point X="356" Y="174"/>
    <Point X="356" Y="171"/>
    <Point X="355" Y="170"/>
    <Point X="355" Y="169"/>
    <Point X="354" Y="169"/>
    <Point X="354" Y="168"/>
    <Point X="352" Y="168"/>
    <Point X="351" Y="168"/>
    <Point X="349" Y="168"/>
    <Point X="347" Y="168"/>
    <Point X="346" Y="168"/>
    <Point X="343" Y="168"/>
    <Point X="339" Y="169"/>
    <Point X="336" Y="170"/>
    <Point X="334" Y="171"/>
    <Point X="332" Y="172"/>
    <Point X="329" Y="173"/>
    <Point X="328" Y="174"/>
    <Point X="326" Y="176"/>
    <Point X="325" Y="176"/>
    <Point X="324" Y="177"/>
    <Point X="323" Y="178"/>
    <Point X="322" Y="179"/>
    <Point X="322" Y="180"/>
    <Point X="321" Y="181"/>
    <Point X="321" Y="182"/>
    <Point X="320" Y="185"/>
    <Point X="320" Y="187"/>
    <Point X="320" Y="188"/>
    <Point X="319" Y="189"/>
    <Point X="319" Y="191"/>
    <Point X="318" Y="194"/>
    <Point X="318" Y="197"/>
    <Point X="317" Y="200"/>
    <Point X="317" Y="203"/>
    <Point X="317" Y="205"/>
    <Point X="317" Y="209"/>
    <Point X="318" Y="212"/>
    <Point X="318" Y="215"/>
    <Point X="319" Y="218"/>
    <Point X="320" Y="221"/>
    <Point X="321" Y="224"/>
    <Point X="322" Y="227"/>
    <Point X="324" Y="230"/>
    <Point X="326" Y="234"/>
    <Point X="328" Y="237"/>
    <Point X="330" Y="240"/>
    <Point X="333" Y="243"/>
    <Point X="335" Y="245"/>
    <Point X="337" Y="248"/>
    <Point X="339" Y="251"/>
    <Point X="341" Y="253"/>
    <Point X="343" Y="257"/>
    <Point X="346" Y="260"/>
    <Point X="348" Y="263"/>
    <Point X="350" Y="266"/>
    <Point X="354" Y="270"/>
    <Point X="358" Y="274"/>
    <Point X="361" Y="278"/>
    <Point X="365" Y="282"/>
    <Point X="368" Y="285"/>
    <Point X="372" Y="288"/>
    <Point X="376" Y="291"/>
    <Point X="379" Y="292"/>
    <Point X="382" Y="294"/>
    <Point X="385" Y="295"/>
    <Point X="388" Y="296"/>
    <Point X="391" Y="297"/>
    <Point X="393" Y="297"/>
    <Point X="396" Y="297"/>
    <Point X="399" Y="297"/>
    <Point X="402" Y="297"/>
    <Point X="405" Y="296"/>
    <Point X="407" Y="295"/>
    <Point X="409" Y="295"/>
    <Point X="412" Y="293"/>
    <Point X="415" Y="292"/>
    <Point X="417" Y="292"/>
    <Point X="420" Y="291"/>
    <Point X="421" Y="291"/>
    <Point X="422" Y="291"/>
    <Point X="422" Y="290"/>
</Gesture>
