<?xml version="1.0" ?>
<Gesture Name="07" Subject="6" Number="7" NumPts="119">
    <Point X="208" Y="358"/>
    <Point X="209" Y="357"/>
    <Point X="210" Y="357"/>
    <Point X="212" Y="356"/>
    <Point X="214" Y="356"/>
    <Point X="218" Y="355"/>
    <Point X="223" Y="354"/>
    <Point X="228" Y="352"/>
    <Point X="233" Y="350"/>
    <Point X="238" Y="348"/>
    <Point X="242" Y="347"/>
    <Point X="246" Y="344"/>
    <Point X="252" Y="340"/>
    <Point X="257" Y="337"/>
    <Point X="263" Y="333"/>
    <Point X="269" Y="328"/>
    <Point X="276" Y="323"/>
    <Point X="283" Y="318"/>
    <Point X="290" Y="312"/>
    <Point X="297" Y="308"/>
    <Point X="302" Y="304"/>
    <Point X="306" Y="302"/>
    <Point X="308" Y="300"/>
    <Point X="308" Y="299"/>
    <Point X="308" Y="298"/>
    <Point X="308" Y="297"/>
    <Point X="308" Y="295"/>
    <Point X="308" Y="293"/>
    <Point X="308" Y="291"/>
    <Point X="309" Y="287"/>
    <Point X="309" Y="284"/>
    <Point X="309" Y="280"/>
    <Point X="309" Y="277"/>
    <Point X="309" Y="274"/>
    <Point X="309" Y="271"/>
    <Point X="309" Y="269"/>
    <Point X="309" Y="266"/>
    <Point X="309" Y="264"/>
    <Point X="309" Y="262"/>
    <Point X="308" Y="261"/>
    <Point X="308" Y="259"/>
    <Point X="307" Y="257"/>
    <Point X="307" Y="256"/>
    <Point X="306" Y="254"/>
    <Point X="306" Y="253"/>
    <Point X="305" Y="252"/>
    <Point X="304" Y="251"/>
    <Point X="303" Y="251"/>
    <Point X="302" Y="250"/>
    <Point X="301" Y="250"/>
    <Point X="300" Y="249"/>
    <Point X="298" Y="249"/>
    <Point X="296" Y="248"/>
    <Point X="295" Y="248"/>
    <Point X="293" Y="248"/>
    <Point X="292" Y="248"/>
    <Point X="289" Y="247"/>
    <Point X="287" Y="247"/>
    <Point X="286" Y="247"/>
    <Point X="284" Y="247"/>
    <Point X="283" Y="247"/>
    <Point X="282" Y="248"/>
    <Point X="281" Y="249"/>
    <Point X="280" Y="251"/>
    <Point X="279" Y="253"/>
    <Point X="278" Y="256"/>
    <Point X="277" Y="256"/>
    <Point X="276" Y="259"/>
    <Point X="275" Y="261"/>
    <Point X="274" Y="264"/>
    <Point X="273" Y="267"/>
    <Point X="272" Y="270"/>
    <Point X="272" Y="272"/>
    <Point X="271" Y="275"/>
    <Point X="271" Y="278"/>
    <Point X="270" Y="280"/>
    <Point X="270" Y="282"/>
    <Point X="270" Y="284"/>
    <Point X="270" Y="286"/>
    <Point X="270" Y="288"/>
    <Point X="270" Y="290"/>
    <Point X="270" Y="291"/>
    <Point X="270" Y="294"/>
    <Point X="271" Y="295"/>
    <Point X="271" Y="298"/>
    <Point X="272" Y="301"/>
    <Point X="274" Y="304"/>
    <Point X="275" Y="306"/>
    <Point X="277" Y="309"/>
    <Point X="278" Y="312"/>
    <Point X="280" Y="314"/>
    <Point X="281" Y="317"/>
    <Point X="283" Y="320"/>
    <Point X="285" Y="324"/>
    <Point X="287" Y="326"/>
    <Point X="289" Y="330"/>
    <Point X="291" Y="333"/>
    <Point X="293" Y="336"/>
    <Point X="296" Y="339"/>
    <Point X="299" Y="341"/>
    <Point X="301" Y="343"/>
    <Point X="304" Y="345"/>
    <Point X="306" Y="346"/>
    <Point X="309" Y="346"/>
    <Point X="313" Y="347"/>
    <Point X="317" Y="347"/>
    <Point X="322" Y="347"/>
    <Point X="328" Y="347"/>
    <Point X="335" Y="347"/>
    <Point X="342" Y="348"/>
    <Point X="348" Y="348"/>
    <Point X="352" Y="348"/>
    <Point X="357" Y="348"/>
    <Point X="361" Y="348"/>
    <Point X="363" Y="348"/>
    <Point X="366" Y="348"/>
    <Point X="367" Y="348"/>
    <Point X="368" Y="348"/>
    <Point X="369" Y="348"/>
</Gesture>
