<?xml version="1.0" ?>
<Gesture Name="05" Subject="6" Number="5" NumPts="123">
    <Point X="256" Y="353"/>
    <Point X="256" Y="352"/>
    <Point X="256" Y="351"/>
    <Point X="258" Y="349"/>
    <Point X="259" Y="349"/>
    <Point X="262" Y="347"/>
    <Point X="268" Y="345"/>
    <Point X="275" Y="342"/>
    <Point X="284" Y="338"/>
    <Point X="294" Y="334"/>
    <Point X="304" Y="329"/>
    <Point X="315" Y="324"/>
    <Point X="326" Y="319"/>
    <Point X="336" Y="315"/>
    <Point X="345" Y="311"/>
    <Point X="352" Y="307"/>
    <Point X="357" Y="305"/>
    <Point X="360" Y="303"/>
    <Point X="362" Y="301"/>
    <Point X="365" Y="298"/>
    <Point X="367" Y="295"/>
    <Point X="371" Y="291"/>
    <Point X="375" Y="286"/>
    <Point X="378" Y="282"/>
    <Point X="382" Y="277"/>
    <Point X="386" Y="272"/>
    <Point X="390" Y="268"/>
    <Point X="393" Y="264"/>
    <Point X="394" Y="261"/>
    <Point X="396" Y="257"/>
    <Point X="397" Y="254"/>
    <Point X="398" Y="251"/>
    <Point X="398" Y="248"/>
    <Point X="398" Y="244"/>
    <Point X="398" Y="240"/>
    <Point X="398" Y="237"/>
    <Point X="398" Y="234"/>
    <Point X="397" Y="232"/>
    <Point X="396" Y="229"/>
    <Point X="395" Y="227"/>
    <Point X="393" Y="225"/>
    <Point X="391" Y="223"/>
    <Point X="389" Y="221"/>
    <Point X="388" Y="219"/>
    <Point X="384" Y="218"/>
    <Point X="381" Y="216"/>
    <Point X="378" Y="215"/>
    <Point X="376" Y="214"/>
    <Point X="373" Y="213"/>
    <Point X="371" Y="213"/>
    <Point X="368" Y="212"/>
    <Point X="365" Y="212"/>
    <Point X="362" Y="212"/>
    <Point X="359" Y="212"/>
    <Point X="356" Y="212"/>
    <Point X="354" Y="212"/>
    <Point X="352" Y="212"/>
    <Point X="350" Y="214"/>
    <Point X="348" Y="215"/>
    <Point X="347" Y="216"/>
    <Point X="345" Y="218"/>
    <Point X="344" Y="220"/>
    <Point X="342" Y="223"/>
    <Point X="340" Y="226"/>
    <Point X="338" Y="230"/>
    <Point X="335" Y="235"/>
    <Point X="333" Y="239"/>
    <Point X="331" Y="243"/>
    <Point X="329" Y="247"/>
    <Point X="328" Y="250"/>
    <Point X="327" Y="252"/>
    <Point X="326" Y="254"/>
    <Point X="325" Y="257"/>
    <Point X="325" Y="259"/>
    <Point X="324" Y="262"/>
    <Point X="324" Y="263"/>
    <Point X="324" Y="265"/>
    <Point X="324" Y="268"/>
    <Point X="324" Y="271"/>
    <Point X="324" Y="274"/>
    <Point X="324" Y="277"/>
    <Point X="325" Y="281"/>
    <Point X="326" Y="284"/>
    <Point X="327" Y="288"/>
    <Point X="329" Y="291"/>
    <Point X="330" Y="295"/>
    <Point X="331" Y="298"/>
    <Point X="332" Y="301"/>
    <Point X="333" Y="304"/>
    <Point X="335" Y="307"/>
    <Point X="337" Y="310"/>
    <Point X="338" Y="313"/>
    <Point X="340" Y="316"/>
    <Point X="342" Y="319"/>
    <Point X="345" Y="322"/>
    <Point X="348" Y="325"/>
    <Point X="351" Y="327"/>
    <Point X="353" Y="329"/>
    <Point X="356" Y="331"/>
    <Point X="359" Y="333"/>
    <Point X="361" Y="334"/>
    <Point X="365" Y="336"/>
    <Point X="370" Y="337"/>
    <Point X="375" Y="338"/>
    <Point X="381" Y="339"/>
    <Point X="387" Y="339"/>
    <Point X="393" Y="341"/>
    <Point X="399" Y="341"/>
    <Point X="404" Y="342"/>
    <Point X="409" Y="342"/>
    <Point X="414" Y="342"/>
    <Point X="418" Y="342"/>
    <Point X="422" Y="342"/>
    <Point X="426" Y="342"/>
    <Point X="430" Y="342"/>
    <Point X="433" Y="342"/>
    <Point X="437" Y="342"/>
    <Point X="440" Y="341"/>
    <Point X="443" Y="339"/>
    <Point X="445" Y="338"/>
    <Point X="446" Y="338"/>
    <Point X="447" Y="337"/>
    <Point X="447" Y="336"/>
</Gesture>
