<?xml version="1.0" ?>
<Gesture Name="09" Subject="6" Number="9" NumPts="127">
    <Point X="222" Y="368"/>
    <Point X="222" Y="367"/>
    <Point X="224" Y="367"/>
    <Point X="225" Y="366"/>
    <Point X="227" Y="366"/>
    <Point X="228" Y="365"/>
    <Point X="230" Y="365"/>
    <Point X="233" Y="364"/>
    <Point X="237" Y="363"/>
    <Point X="242" Y="361"/>
    <Point X="247" Y="360"/>
    <Point X="253" Y="358"/>
    <Point X="260" Y="357"/>
    <Point X="266" Y="354"/>
    <Point X="272" Y="352"/>
    <Point X="280" Y="348"/>
    <Point X="287" Y="345"/>
    <Point X="293" Y="342"/>
    <Point X="299" Y="339"/>
    <Point X="306" Y="336"/>
    <Point X="311" Y="333"/>
    <Point X="315" Y="330"/>
    <Point X="320" Y="327"/>
    <Point X="324" Y="323"/>
    <Point X="328" Y="319"/>
    <Point X="333" Y="315"/>
    <Point X="338" Y="311"/>
    <Point X="342" Y="307"/>
    <Point X="346" Y="303"/>
    <Point X="350" Y="299"/>
    <Point X="353" Y="297"/>
    <Point X="354" Y="295"/>
    <Point X="355" Y="294"/>
    <Point X="355" Y="293"/>
    <Point X="355" Y="292"/>
    <Point X="355" Y="291"/>
    <Point X="355" Y="290"/>
    <Point X="355" Y="289"/>
    <Point X="355" Y="288"/>
    <Point X="354" Y="286"/>
    <Point X="354" Y="284"/>
    <Point X="352" Y="282"/>
    <Point X="350" Y="280"/>
    <Point X="348" Y="278"/>
    <Point X="347" Y="277"/>
    <Point X="345" Y="276"/>
    <Point X="343" Y="274"/>
    <Point X="341" Y="273"/>
    <Point X="337" Y="271"/>
    <Point X="334" Y="268"/>
    <Point X="332" Y="267"/>
    <Point X="330" Y="266"/>
    <Point X="328" Y="265"/>
    <Point X="325" Y="264"/>
    <Point X="324" Y="263"/>
    <Point X="322" Y="263"/>
    <Point X="318" Y="263"/>
    <Point X="315" Y="262"/>
    <Point X="313" Y="262"/>
    <Point X="309" Y="262"/>
    <Point X="307" Y="262"/>
    <Point X="305" Y="262"/>
    <Point X="304" Y="262"/>
    <Point X="303" Y="263"/>
    <Point X="301" Y="263"/>
    <Point X="300" Y="264"/>
    <Point X="298" Y="265"/>
    <Point X="296" Y="266"/>
    <Point X="294" Y="268"/>
    <Point X="293" Y="269"/>
    <Point X="291" Y="270"/>
    <Point X="289" Y="272"/>
    <Point X="287" Y="274"/>
    <Point X="285" Y="275"/>
    <Point X="283" Y="277"/>
    <Point X="282" Y="280"/>
    <Point X="281" Y="282"/>
    <Point X="280" Y="284"/>
    <Point X="279" Y="286"/>
    <Point X="277" Y="289"/>
    <Point X="276" Y="292"/>
    <Point X="275" Y="294"/>
    <Point X="275" Y="296"/>
    <Point X="274" Y="299"/>
    <Point X="274" Y="301"/>
    <Point X="273" Y="304"/>
    <Point X="273" Y="307"/>
    <Point X="272" Y="310"/>
    <Point X="272" Y="313"/>
    <Point X="272" Y="316"/>
    <Point X="272" Y="319"/>
    <Point X="273" Y="322"/>
    <Point X="273" Y="325"/>
    <Point X="275" Y="329"/>
    <Point X="276" Y="332"/>
    <Point X="277" Y="336"/>
    <Point X="278" Y="338"/>
    <Point X="279" Y="340"/>
    <Point X="281" Y="343"/>
    <Point X="282" Y="345"/>
    <Point X="284" Y="347"/>
    <Point X="285" Y="349"/>
    <Point X="287" Y="352"/>
    <Point X="289" Y="355"/>
    <Point X="293" Y="358"/>
    <Point X="296" Y="362"/>
    <Point X="300" Y="366"/>
    <Point X="303" Y="369"/>
    <Point X="307" Y="372"/>
    <Point X="311" Y="375"/>
    <Point X="314" Y="377"/>
    <Point X="318" Y="379"/>
    <Point X="321" Y="381"/>
    <Point X="323" Y="382"/>
    <Point X="325" Y="382"/>
    <Point X="329" Y="383"/>
    <Point X="332" Y="383"/>
    <Point X="334" Y="383"/>
    <Point X="338" Y="383"/>
    <Point X="343" Y="383"/>
    <Point X="347" Y="383"/>
    <Point X="352" Y="383"/>
    <Point X="357" Y="382"/>
    <Point X="361" Y="382"/>
    <Point X="365" Y="381"/>
    <Point X="368" Y="381"/>
    <Point X="371" Y="380"/>
</Gesture>
