<?xml version="1.0" ?>
<Gesture Name="04" Subject="6" Number="4" NumPts="117">
    <Point X="282" Y="330"/>
    <Point X="281" Y="330"/>
    <Point X="281" Y="329"/>
    <Point X="283" Y="327"/>
    <Point X="285" Y="326"/>
    <Point X="287" Y="325"/>
    <Point X="289" Y="324"/>
    <Point X="292" Y="322"/>
    <Point X="296" Y="320"/>
    <Point X="302" Y="317"/>
    <Point X="309" Y="313"/>
    <Point X="317" Y="309"/>
    <Point X="326" Y="304"/>
    <Point X="333" Y="299"/>
    <Point X="341" Y="295"/>
    <Point X="349" Y="289"/>
    <Point X="356" Y="284"/>
    <Point X="362" Y="278"/>
    <Point X="369" Y="272"/>
    <Point X="375" Y="267"/>
    <Point X="381" Y="261"/>
    <Point X="387" Y="253"/>
    <Point X="393" Y="247"/>
    <Point X="398" Y="240"/>
    <Point X="401" Y="235"/>
    <Point X="405" Y="229"/>
    <Point X="407" Y="225"/>
    <Point X="409" Y="220"/>
    <Point X="410" Y="216"/>
    <Point X="410" Y="212"/>
    <Point X="411" Y="208"/>
    <Point X="412" Y="203"/>
    <Point X="412" Y="198"/>
    <Point X="412" Y="194"/>
    <Point X="412" Y="189"/>
    <Point X="412" Y="184"/>
    <Point X="411" Y="180"/>
    <Point X="410" Y="174"/>
    <Point X="409" Y="169"/>
    <Point X="407" Y="165"/>
    <Point X="406" Y="160"/>
    <Point X="403" Y="156"/>
    <Point X="402" Y="153"/>
    <Point X="400" Y="150"/>
    <Point X="399" Y="147"/>
    <Point X="397" Y="146"/>
    <Point X="395" Y="144"/>
    <Point X="394" Y="143"/>
    <Point X="391" Y="143"/>
    <Point X="388" Y="142"/>
    <Point X="386" Y="142"/>
    <Point X="383" Y="142"/>
    <Point X="379" Y="142"/>
    <Point X="375" Y="142"/>
    <Point X="371" Y="143"/>
    <Point X="367" Y="145"/>
    <Point X="365" Y="145"/>
    <Point X="362" Y="147"/>
    <Point X="360" Y="149"/>
    <Point X="358" Y="151"/>
    <Point X="355" Y="154"/>
    <Point X="352" Y="156"/>
    <Point X="350" Y="159"/>
    <Point X="347" Y="162"/>
    <Point X="346" Y="165"/>
    <Point X="344" Y="168"/>
    <Point X="343" Y="172"/>
    <Point X="341" Y="176"/>
    <Point X="339" Y="180"/>
    <Point X="338" Y="183"/>
    <Point X="337" Y="186"/>
    <Point X="337" Y="189"/>
    <Point X="336" Y="192"/>
    <Point X="336" Y="195"/>
    <Point X="336" Y="199"/>
    <Point X="336" Y="201"/>
    <Point X="336" Y="204"/>
    <Point X="336" Y="207"/>
    <Point X="336" Y="211"/>
    <Point X="337" Y="215"/>
    <Point X="338" Y="219"/>
    <Point X="339" Y="223"/>
    <Point X="341" Y="226"/>
    <Point X="342" Y="229"/>
    <Point X="343" Y="231"/>
    <Point X="344" Y="233"/>
    <Point X="346" Y="236"/>
    <Point X="355" Y="245"/>
    <Point X="362" Y="251"/>
    <Point X="368" Y="256"/>
    <Point X="373" Y="260"/>
    <Point X="378" Y="264"/>
    <Point X="383" Y="269"/>
    <Point X="387" Y="273"/>
    <Point X="393" Y="277"/>
    <Point X="399" Y="281"/>
    <Point X="404" Y="284"/>
    <Point X="408" Y="287"/>
    <Point X="412" Y="290"/>
    <Point X="416" Y="292"/>
    <Point X="419" Y="293"/>
    <Point X="423" Y="295"/>
    <Point X="426" Y="296"/>
    <Point X="429" Y="297"/>
    <Point X="432" Y="297"/>
    <Point X="436" Y="297"/>
    <Point X="438" Y="297"/>
    <Point X="441" Y="297"/>
    <Point X="444" Y="295"/>
    <Point X="448" Y="294"/>
    <Point X="453" Y="291"/>
    <Point X="458" Y="289"/>
    <Point X="465" Y="287"/>
    <Point X="470" Y="284"/>
    <Point X="475" Y="282"/>
    <Point X="479" Y="281"/>
    <Point X="482" Y="280"/>
</Gesture>
