<?xml version="1.0" ?>
<Gesture Name="02" Subject="6" Number="2" NumPts="156">
    <Point X="219" Y="361"/>
    <Point X="220" Y="360"/>
    <Point X="221" Y="359"/>
    <Point X="222" Y="359"/>
    <Point X="224" Y="358"/>
    <Point X="225" Y="358"/>
    <Point X="226" Y="357"/>
    <Point X="228" Y="356"/>
    <Point X="230" Y="354"/>
    <Point X="234" Y="352"/>
    <Point X="239" Y="350"/>
    <Point X="244" Y="347"/>
    <Point X="249" Y="344"/>
    <Point X="255" Y="341"/>
    <Point X="261" Y="338"/>
    <Point X="266" Y="336"/>
    <Point X="272" Y="333"/>
    <Point X="277" Y="331"/>
    <Point X="281" Y="329"/>
    <Point X="285" Y="326"/>
    <Point X="290" Y="323"/>
    <Point X="295" Y="320"/>
    <Point X="300" Y="317"/>
    <Point X="305" Y="314"/>
    <Point X="310" Y="310"/>
    <Point X="314" Y="306"/>
    <Point X="318" Y="301"/>
    <Point X="322" Y="296"/>
    <Point X="326" Y="291"/>
    <Point X="331" Y="285"/>
    <Point X="335" Y="279"/>
    <Point X="340" Y="272"/>
    <Point X="345" Y="266"/>
    <Point X="348" Y="260"/>
    <Point X="352" Y="255"/>
    <Point X="355" Y="249"/>
    <Point X="358" Y="244"/>
    <Point X="359" Y="238"/>
    <Point X="361" Y="234"/>
    <Point X="362" Y="229"/>
    <Point X="363" Y="224"/>
    <Point X="364" Y="220"/>
    <Point X="364" Y="214"/>
    <Point X="365" Y="210"/>
    <Point X="365" Y="206"/>
    <Point X="366" Y="202"/>
    <Point X="366" Y="197"/>
    <Point X="366" Y="193"/>
    <Point X="366" Y="190"/>
    <Point X="366" Y="187"/>
    <Point X="366" Y="185"/>
    <Point X="366" Y="183"/>
    <Point X="366" Y="181"/>
    <Point X="365" Y="179"/>
    <Point X="364" Y="177"/>
    <Point X="363" Y="176"/>
    <Point X="362" Y="175"/>
    <Point X="360" Y="173"/>
    <Point X="357" Y="172"/>
    <Point X="355" Y="171"/>
    <Point X="353" Y="170"/>
    <Point X="350" Y="169"/>
    <Point X="347" Y="168"/>
    <Point X="344" Y="168"/>
    <Point X="341" Y="167"/>
    <Point X="338" Y="167"/>
    <Point X="335" Y="167"/>
    <Point X="332" Y="167"/>
    <Point X="330" Y="167"/>
    <Point X="328" Y="168"/>
    <Point X="326" Y="168"/>
    <Point X="324" Y="169"/>
    <Point X="321" Y="171"/>
    <Point X="319" Y="174"/>
    <Point X="316" Y="176"/>
    <Point X="315" Y="178"/>
    <Point X="313" Y="179"/>
    <Point X="311" Y="182"/>
    <Point X="309" Y="185"/>
    <Point X="308" Y="187"/>
    <Point X="306" Y="189"/>
    <Point X="305" Y="191"/>
    <Point X="304" Y="193"/>
    <Point X="302" Y="196"/>
    <Point X="301" Y="198"/>
    <Point X="300" Y="201"/>
    <Point X="299" Y="203"/>
    <Point X="298" Y="207"/>
    <Point X="296" Y="210"/>
    <Point X="295" Y="214"/>
    <Point X="295" Y="217"/>
    <Point X="294" Y="221"/>
    <Point X="293" Y="225"/>
    <Point X="292" Y="228"/>
    <Point X="292" Y="232"/>
    <Point X="291" Y="236"/>
    <Point X="290" Y="239"/>
    <Point X="290" Y="242"/>
    <Point X="290" Y="246"/>
    <Point X="290" Y="249"/>
    <Point X="290" Y="252"/>
    <Point X="290" Y="255"/>
    <Point X="290" Y="258"/>
    <Point X="290" Y="261"/>
    <Point X="290" Y="265"/>
    <Point X="290" Y="269"/>
    <Point X="290" Y="272"/>
    <Point X="291" Y="275"/>
    <Point X="292" Y="278"/>
    <Point X="292" Y="279"/>
    <Point X="293" Y="282"/>
    <Point X="295" Y="284"/>
    <Point X="296" Y="286"/>
    <Point X="297" Y="288"/>
    <Point X="298" Y="289"/>
    <Point X="300" Y="292"/>
    <Point X="301" Y="294"/>
    <Point X="303" Y="298"/>
    <Point X="305" Y="299"/>
    <Point X="307" Y="302"/>
    <Point X="310" Y="305"/>
    <Point X="313" Y="308"/>
    <Point X="316" Y="310"/>
    <Point X="319" Y="312"/>
    <Point X="322" Y="314"/>
    <Point X="325" Y="316"/>
    <Point X="329" Y="317"/>
    <Point X="333" Y="318"/>
    <Point X="336" Y="320"/>
    <Point X="340" Y="321"/>
    <Point X="344" Y="322"/>
    <Point X="348" Y="323"/>
    <Point X="352" Y="324"/>
    <Point X="356" Y="326"/>
    <Point X="361" Y="327"/>
    <Point X="364" Y="327"/>
    <Point X="368" Y="328"/>
    <Point X="371" Y="328"/>
    <Point X="375" Y="328"/>
    <Point X="379" Y="328"/>
    <Point X="382" Y="328"/>
    <Point X="386" Y="328"/>
    <Point X="389" Y="327"/>
    <Point X="393" Y="326"/>
    <Point X="398" Y="324"/>
    <Point X="402" Y="323"/>
    <Point X="406" Y="321"/>
    <Point X="410" Y="319"/>
    <Point X="414" Y="318"/>
    <Point X="417" Y="317"/>
    <Point X="420" Y="316"/>
    <Point X="421" Y="315"/>
    <Point X="422" Y="315"/>
    <Point X="423" Y="314"/>
    <Point X="424" Y="313"/>
    <Point X="424" Y="312"/>
</Gesture>
