<?xml version="1.0" ?>
<Gesture Name="08" Subject="6" Number="8" NumPts="146">
    <Point X="271" Y="355"/>
    <Point X="273" Y="354"/>
    <Point X="275" Y="353"/>
    <Point X="279" Y="352"/>
    <Point X="286" Y="350"/>
    <Point X="295" Y="348"/>
    <Point X="305" Y="344"/>
    <Point X="316" Y="341"/>
    <Point X="326" Y="337"/>
    <Point X="335" Y="334"/>
    <Point X="342" Y="332"/>
    <Point X="348" Y="329"/>
    <Point X="352" Y="326"/>
    <Point X="355" Y="324"/>
    <Point X="357" Y="321"/>
    <Point X="359" Y="319"/>
    <Point X="362" Y="316"/>
    <Point X="365" Y="313"/>
    <Point X="368" Y="309"/>
    <Point X="372" Y="304"/>
    <Point X="376" Y="299"/>
    <Point X="381" Y="294"/>
    <Point X="386" Y="288"/>
    <Point X="391" Y="281"/>
    <Point X="395" Y="275"/>
    <Point X="399" Y="269"/>
    <Point X="402" Y="262"/>
    <Point X="404" Y="257"/>
    <Point X="405" Y="252"/>
    <Point X="407" Y="247"/>
    <Point X="407" Y="243"/>
    <Point X="408" Y="239"/>
    <Point X="408" Y="235"/>
    <Point X="408" Y="231"/>
    <Point X="408" Y="227"/>
    <Point X="408" Y="224"/>
    <Point X="408" Y="221"/>
    <Point X="408" Y="218"/>
    <Point X="407" Y="215"/>
    <Point X="407" Y="213"/>
    <Point X="406" Y="210"/>
    <Point X="405" Y="208"/>
    <Point X="403" Y="206"/>
    <Point X="401" Y="204"/>
    <Point X="400" Y="202"/>
    <Point X="398" Y="201"/>
    <Point X="395" Y="199"/>
    <Point X="393" Y="198"/>
    <Point X="391" Y="196"/>
    <Point X="389" Y="195"/>
    <Point X="387" Y="195"/>
    <Point X="386" Y="194"/>
    <Point X="384" Y="194"/>
    <Point X="383" Y="193"/>
    <Point X="381" Y="193"/>
    <Point X="380" Y="193"/>
    <Point X="379" Y="193"/>
    <Point X="378" Y="193"/>
    <Point X="377" Y="193"/>
    <Point X="375" Y="193"/>
    <Point X="373" Y="193"/>
    <Point X="372" Y="194"/>
    <Point X="369" Y="195"/>
    <Point X="369" Y="196"/>
    <Point X="366" Y="198"/>
    <Point X="365" Y="200"/>
    <Point X="364" Y="200"/>
    <Point X="362" Y="203"/>
    <Point X="362" Y="204"/>
    <Point X="361" Y="206"/>
    <Point X="360" Y="207"/>
    <Point X="359" Y="209"/>
    <Point X="358" Y="210"/>
    <Point X="358" Y="212"/>
    <Point X="358" Y="214"/>
    <Point X="357" Y="215"/>
    <Point X="357" Y="216"/>
    <Point X="357" Y="218"/>
    <Point X="357" Y="219"/>
    <Point X="357" Y="221"/>
    <Point X="357" Y="223"/>
    <Point X="357" Y="226"/>
    <Point X="357" Y="227"/>
    <Point X="357" Y="231"/>
    <Point X="358" Y="234"/>
    <Point X="358" Y="239"/>
    <Point X="359" Y="243"/>
    <Point X="359" Y="248"/>
    <Point X="361" Y="252"/>
    <Point X="362" Y="255"/>
    <Point X="363" Y="258"/>
    <Point X="364" Y="260"/>
    <Point X="365" Y="263"/>
    <Point X="367" Y="266"/>
    <Point X="368" Y="268"/>
    <Point X="369" Y="270"/>
    <Point X="370" Y="273"/>
    <Point X="372" Y="276"/>
    <Point X="373" Y="279"/>
    <Point X="375" Y="281"/>
    <Point X="376" Y="284"/>
    <Point X="378" Y="286"/>
    <Point X="380" Y="289"/>
    <Point X="381" Y="291"/>
    <Point X="383" Y="294"/>
    <Point X="385" Y="296"/>
    <Point X="386" Y="297"/>
    <Point X="387" Y="299"/>
    <Point X="388" Y="302"/>
    <Point X="390" Y="304"/>
    <Point X="392" Y="305"/>
    <Point X="394" Y="307"/>
    <Point X="395" Y="309"/>
    <Point X="397" Y="311"/>
    <Point X="399" Y="313"/>
    <Point X="401" Y="314"/>
    <Point X="403" Y="316"/>
    <Point X="405" Y="317"/>
    <Point X="407" Y="318"/>
    <Point X="409" Y="319"/>
    <Point X="411" Y="320"/>
    <Point X="413" Y="321"/>
    <Point X="416" Y="321"/>
    <Point X="419" Y="321"/>
    <Point X="423" Y="322"/>
    <Point X="426" Y="322"/>
    <Point X="430" Y="322"/>
    <Point X="434" Y="322"/>
    <Point X="437" Y="322"/>
    <Point X="439" Y="322"/>
    <Point X="442" Y="322"/>
    <Point X="443" Y="322"/>
    <Point X="445" Y="322"/>
    <Point X="446" Y="322"/>
    <Point X="447" Y="322"/>
    <Point X="448" Y="322"/>
    <Point X="449" Y="322"/>
    <Point X="451" Y="321"/>
    <Point X="452" Y="320"/>
    <Point X="454" Y="320"/>
    <Point X="455" Y="319"/>
    <Point X="456" Y="319"/>
    <Point X="458" Y="318"/>
    <Point X="459" Y="318"/>
    <Point X="460" Y="318"/>
    <Point X="461" Y="318"/>
</Gesture>
