<?xml version="1.0" ?>
<Gesture Name="03" Subject="6" Number="3" NumPts="152">
    <Point X="185" Y="327"/>
    <Point X="186" Y="327"/>
    <Point X="187" Y="327"/>
    <Point X="188" Y="327"/>
    <Point X="189" Y="327"/>
    <Point X="190" Y="327"/>
    <Point X="191" Y="327"/>
    <Point X="194" Y="327"/>
    <Point X="196" Y="327"/>
    <Point X="198" Y="327"/>
    <Point X="201" Y="326"/>
    <Point X="202" Y="326"/>
    <Point X="204" Y="325"/>
    <Point X="213" Y="323"/>
    <Point X="221" Y="320"/>
    <Point X="227" Y="318"/>
    <Point X="233" Y="315"/>
    <Point X="240" Y="312"/>
    <Point X="246" Y="309"/>
    <Point X="251" Y="306"/>
    <Point X="258" Y="303"/>
    <Point X="264" Y="299"/>
    <Point X="270" Y="295"/>
    <Point X="276" Y="291"/>
    <Point X="282" Y="288"/>
    <Point X="287" Y="283"/>
    <Point X="293" Y="279"/>
    <Point X="298" Y="274"/>
    <Point X="303" Y="270"/>
    <Point X="308" Y="265"/>
    <Point X="314" Y="260"/>
    <Point X="319" Y="255"/>
    <Point X="324" Y="249"/>
    <Point X="330" Y="243"/>
    <Point X="335" Y="238"/>
    <Point X="338" Y="233"/>
    <Point X="341" Y="227"/>
    <Point X="344" Y="222"/>
    <Point X="346" Y="217"/>
    <Point X="348" Y="211"/>
    <Point X="350" Y="206"/>
    <Point X="351" Y="201"/>
    <Point X="352" Y="196"/>
    <Point X="353" Y="191"/>
    <Point X="353" Y="186"/>
    <Point X="354" Y="181"/>
    <Point X="354" Y="177"/>
    <Point X="354" Y="174"/>
    <Point X="354" Y="171"/>
    <Point X="354" Y="168"/>
    <Point X="354" Y="166"/>
    <Point X="354" Y="164"/>
    <Point X="354" Y="162"/>
    <Point X="353" Y="161"/>
    <Point X="352" Y="160"/>
    <Point X="351" Y="159"/>
    <Point X="350" Y="159"/>
    <Point X="348" Y="159"/>
    <Point X="345" Y="158"/>
    <Point X="340" Y="158"/>
    <Point X="336" Y="158"/>
    <Point X="331" Y="158"/>
    <Point X="326" Y="158"/>
    <Point X="320" Y="158"/>
    <Point X="316" Y="158"/>
    <Point X="311" Y="159"/>
    <Point X="306" Y="160"/>
    <Point X="303" Y="161"/>
    <Point X="300" Y="163"/>
    <Point X="298" Y="164"/>
    <Point X="295" Y="166"/>
    <Point X="292" Y="168"/>
    <Point X="290" Y="170"/>
    <Point X="288" Y="172"/>
    <Point X="286" Y="174"/>
    <Point X="286" Y="176"/>
    <Point X="285" Y="178"/>
    <Point X="284" Y="180"/>
    <Point X="283" Y="182"/>
    <Point X="282" Y="185"/>
    <Point X="281" Y="188"/>
    <Point X="280" Y="190"/>
    <Point X="279" Y="193"/>
    <Point X="278" Y="195"/>
    <Point X="277" Y="199"/>
    <Point X="277" Y="203"/>
    <Point X="276" Y="206"/>
    <Point X="276" Y="208"/>
    <Point X="275" Y="210"/>
    <Point X="275" Y="211"/>
    <Point X="275" Y="212"/>
    <Point X="275" Y="213"/>
    <Point X="275" Y="214"/>
    <Point X="275" Y="215"/>
    <Point X="275" Y="216"/>
    <Point X="275" Y="217"/>
    <Point X="275" Y="219"/>
    <Point X="276" Y="221"/>
    <Point X="277" Y="225"/>
    <Point X="278" Y="228"/>
    <Point X="278" Y="231"/>
    <Point X="279" Y="234"/>
    <Point X="280" Y="236"/>
    <Point X="281" Y="239"/>
    <Point X="283" Y="243"/>
    <Point X="284" Y="245"/>
    <Point X="285" Y="247"/>
    <Point X="288" Y="251"/>
    <Point X="290" Y="253"/>
    <Point X="292" Y="257"/>
    <Point X="294" Y="259"/>
    <Point X="296" Y="263"/>
    <Point X="298" Y="265"/>
    <Point X="301" Y="269"/>
    <Point X="303" Y="272"/>
    <Point X="306" Y="275"/>
    <Point X="308" Y="279"/>
    <Point X="311" Y="282"/>
    <Point X="313" Y="284"/>
    <Point X="315" Y="287"/>
    <Point X="318" Y="291"/>
    <Point X="320" Y="293"/>
    <Point X="322" Y="295"/>
    <Point X="323" Y="296"/>
    <Point X="326" Y="299"/>
    <Point X="327" Y="299"/>
    <Point X="328" Y="299"/>
    <Point X="329" Y="299"/>
    <Point X="330" Y="299"/>
    <Point X="333" Y="299"/>
    <Point X="336" Y="299"/>
    <Point X="340" Y="299"/>
    <Point X="345" Y="298"/>
    <Point X="349" Y="297"/>
    <Point X="353" Y="297"/>
    <Point X="356" Y="297"/>
    <Point X="359" Y="297"/>
    <Point X="362" Y="296"/>
    <Point X="363" Y="296"/>
    <Point X="364" Y="296"/>
    <Point X="365" Y="296"/>
    <Point X="366" Y="295"/>
    <Point X="368" Y="294"/>
    <Point X="369" Y="294"/>
    <Point X="370" Y="294"/>
    <Point X="371" Y="293"/>
    <Point X="372" Y="293"/>
    <Point X="372" Y="292"/>
    <Point X="374" Y="292"/>
    <Point X="374" Y="291"/>
    <Point X="375" Y="291"/>
    <Point X="375" Y="290"/>
</Gesture>
