<?xml version="1.0" ?>
<Gesture Name="01" Subject="6" Number="1" NumPts="144">
    <Point X="232" Y="319"/>
    <Point X="233" Y="318"/>
    <Point X="236" Y="317"/>
    <Point X="240" Y="316"/>
    <Point X="243" Y="315"/>
    <Point X="247" Y="314"/>
    <Point X="252" Y="312"/>
    <Point X="257" Y="310"/>
    <Point X="263" Y="308"/>
    <Point X="270" Y="305"/>
    <Point X="278" Y="302"/>
    <Point X="286" Y="298"/>
    <Point X="293" Y="294"/>
    <Point X="301" Y="291"/>
    <Point X="308" Y="288"/>
    <Point X="315" Y="285"/>
    <Point X="320" Y="282"/>
    <Point X="326" Y="279"/>
    <Point X="331" Y="275"/>
    <Point X="337" Y="272"/>
    <Point X="342" Y="268"/>
    <Point X="346" Y="265"/>
    <Point X="350" Y="262"/>
    <Point X="354" Y="258"/>
    <Point X="358" Y="254"/>
    <Point X="362" Y="249"/>
    <Point X="366" Y="246"/>
    <Point X="369" Y="242"/>
    <Point X="370" Y="239"/>
    <Point X="372" Y="235"/>
    <Point X="375" Y="231"/>
    <Point X="376" Y="227"/>
    <Point X="378" Y="224"/>
    <Point X="380" Y="220"/>
    <Point X="381" Y="217"/>
    <Point X="382" Y="213"/>
    <Point X="382" Y="209"/>
    <Point X="383" Y="205"/>
    <Point X="383" Y="202"/>
    <Point X="383" Y="199"/>
    <Point X="383" Y="195"/>
    <Point X="383" Y="192"/>
    <Point X="383" Y="189"/>
    <Point X="383" Y="187"/>
    <Point X="383" Y="184"/>
    <Point X="383" Y="181"/>
    <Point X="383" Y="179"/>
    <Point X="383" Y="177"/>
    <Point X="383" Y="176"/>
    <Point X="382" Y="174"/>
    <Point X="381" Y="172"/>
    <Point X="381" Y="171"/>
    <Point X="380" Y="171"/>
    <Point X="379" Y="170"/>
    <Point X="378" Y="170"/>
    <Point X="376" Y="170"/>
    <Point X="374" Y="169"/>
    <Point X="372" Y="169"/>
    <Point X="370" Y="169"/>
    <Point X="368" Y="169"/>
    <Point X="366" Y="169"/>
    <Point X="364" Y="169"/>
    <Point X="361" Y="169"/>
    <Point X="360" Y="170"/>
    <Point X="359" Y="170"/>
    <Point X="358" Y="170"/>
    <Point X="356" Y="171"/>
    <Point X="355" Y="172"/>
    <Point X="353" Y="174"/>
    <Point X="351" Y="175"/>
    <Point X="349" Y="177"/>
    <Point X="347" Y="179"/>
    <Point X="344" Y="182"/>
    <Point X="341" Y="184"/>
    <Point X="338" Y="186"/>
    <Point X="335" Y="188"/>
    <Point X="333" Y="190"/>
    <Point X="331" Y="192"/>
    <Point X="328" Y="195"/>
    <Point X="326" Y="197"/>
    <Point X="325" Y="199"/>
    <Point X="324" Y="200"/>
    <Point X="323" Y="202"/>
    <Point X="323" Y="203"/>
    <Point X="322" Y="206"/>
    <Point X="321" Y="208"/>
    <Point X="320" Y="210"/>
    <Point X="319" Y="213"/>
    <Point X="318" Y="215"/>
    <Point X="317" Y="218"/>
    <Point X="316" Y="220"/>
    <Point X="316" Y="222"/>
    <Point X="315" Y="225"/>
    <Point X="315" Y="227"/>
    <Point X="314" Y="230"/>
    <Point X="314" Y="232"/>
    <Point X="314" Y="234"/>
    <Point X="314" Y="237"/>
    <Point X="314" Y="240"/>
    <Point X="314" Y="243"/>
    <Point X="314" Y="246"/>
    <Point X="314" Y="248"/>
    <Point X="314" Y="251"/>
    <Point X="314" Y="253"/>
    <Point X="315" Y="256"/>
    <Point X="316" Y="259"/>
    <Point X="316" Y="263"/>
    <Point X="317" Y="266"/>
    <Point X="318" Y="269"/>
    <Point X="318" Y="272"/>
    <Point X="320" Y="275"/>
    <Point X="322" Y="279"/>
    <Point X="324" Y="283"/>
    <Point X="327" Y="287"/>
    <Point X="330" Y="291"/>
    <Point X="332" Y="295"/>
    <Point X="335" Y="298"/>
    <Point X="337" Y="302"/>
    <Point X="340" Y="305"/>
    <Point X="343" Y="309"/>
    <Point X="346" Y="312"/>
    <Point X="348" Y="315"/>
    <Point X="350" Y="317"/>
    <Point X="352" Y="320"/>
    <Point X="355" Y="323"/>
    <Point X="357" Y="325"/>
    <Point X="359" Y="327"/>
    <Point X="362" Y="329"/>
    <Point X="367" Y="332"/>
    <Point X="371" Y="334"/>
    <Point X="374" Y="335"/>
    <Point X="378" Y="336"/>
    <Point X="381" Y="336"/>
    <Point X="385" Y="337"/>
    <Point X="389" Y="337"/>
    <Point X="393" Y="337"/>
    <Point X="396" Y="337"/>
    <Point X="401" Y="337"/>
    <Point X="406" Y="337"/>
    <Point X="410" Y="336"/>
    <Point X="415" Y="336"/>
    <Point X="419" Y="335"/>
    <Point X="421" Y="335"/>
    <Point X="422" Y="335"/>
</Gesture>
