<?xml version="1.0" ?>
<Gesture Name="06" Subject="6" Number="6" NumPts="125">
    <Point X="289" Y="165"/>
    <Point X="289" Y="166"/>
    <Point X="289" Y="168"/>
    <Point X="289" Y="172"/>
    <Point X="289" Y="179"/>
    <Point X="289" Y="186"/>
    <Point X="289" Y="193"/>
    <Point X="289" Y="202"/>
    <Point X="289" Y="213"/>
    <Point X="289" Y="223"/>
    <Point X="289" Y="233"/>
    <Point X="289" Y="242"/>
    <Point X="289" Y="250"/>
    <Point X="290" Y="258"/>
    <Point X="290" Y="264"/>
    <Point X="291" Y="269"/>
    <Point X="291" Y="273"/>
    <Point X="292" Y="276"/>
    <Point X="292" Y="279"/>
    <Point X="293" Y="281"/>
    <Point X="293" Y="283"/>
    <Point X="294" Y="284"/>
    <Point X="294" Y="286"/>
    <Point X="294" Y="287"/>
    <Point X="294" Y="288"/>
    <Point X="295" Y="289"/>
    <Point X="297" Y="288"/>
    <Point X="299" Y="288"/>
    <Point X="300" Y="288"/>
    <Point X="301" Y="288"/>
    <Point X="302" Y="288"/>
    <Point X="306" Y="288"/>
    <Point X="310" Y="288"/>
    <Point X="316" Y="287"/>
    <Point X="323" Y="287"/>
    <Point X="329" Y="287"/>
    <Point X="336" Y="287"/>
    <Point X="343" Y="286"/>
    <Point X="350" Y="286"/>
    <Point X="358" Y="286"/>
    <Point X="365" Y="286"/>
    <Point X="371" Y="286"/>
    <Point X="377" Y="285"/>
    <Point X="384" Y="285"/>
    <Point X="389" Y="284"/>
    <Point X="395" Y="284"/>
    <Point X="401" Y="283"/>
    <Point X="406" Y="282"/>
    <Point X="411" Y="282"/>
    <Point X="415" Y="282"/>
    <Point X="420" Y="282"/>
    <Point X="421" Y="282"/>
    <Point X="421" Y="281"/>
    <Point X="421" Y="280"/>
    <Point X="421" Y="278"/>
    <Point X="421" Y="276"/>
    <Point X="421" Y="275"/>
    <Point X="421" Y="273"/>
    <Point X="420" Y="270"/>
    <Point X="420" Y="266"/>
    <Point X="419" Y="262"/>
    <Point X="418" Y="258"/>
    <Point X="416" Y="253"/>
    <Point X="415" Y="248"/>
    <Point X="414" Y="242"/>
    <Point X="413" Y="237"/>
    <Point X="411" Y="232"/>
    <Point X="410" Y="228"/>
    <Point X="408" Y="224"/>
    <Point X="407" Y="219"/>
    <Point X="406" Y="214"/>
    <Point X="404" Y="210"/>
    <Point X="402" Y="204"/>
    <Point X="400" Y="200"/>
    <Point X="399" Y="196"/>
    <Point X="398" Y="193"/>
    <Point X="397" Y="190"/>
    <Point X="397" Y="188"/>
    <Point X="396" Y="185"/>
    <Point X="394" Y="183"/>
    <Point X="393" Y="180"/>
    <Point X="392" Y="177"/>
    <Point X="390" Y="174"/>
    <Point X="389" Y="172"/>
    <Point X="387" Y="170"/>
    <Point X="386" Y="167"/>
    <Point X="385" Y="165"/>
    <Point X="383" Y="164"/>
    <Point X="383" Y="163"/>
    <Point X="381" Y="162"/>
    <Point X="381" Y="161"/>
    <Point X="380" Y="161"/>
    <Point X="379" Y="161"/>
    <Point X="377" Y="159"/>
    <Point X="375" Y="158"/>
    <Point X="374" Y="157"/>
    <Point X="372" Y="156"/>
    <Point X="370" Y="154"/>
    <Point X="367" Y="153"/>
    <Point X="366" Y="153"/>
    <Point X="364" Y="152"/>
    <Point X="362" Y="152"/>
    <Point X="360" Y="152"/>
    <Point X="358" Y="152"/>
    <Point X="355" Y="152"/>
    <Point X="352" Y="152"/>
    <Point X="349" Y="153"/>
    <Point X="345" Y="154"/>
    <Point X="340" Y="155"/>
    <Point X="335" Y="157"/>
    <Point X="329" Y="158"/>
    <Point X="324" Y="160"/>
    <Point X="318" Y="161"/>
    <Point X="312" Y="162"/>
    <Point X="307" Y="163"/>
    <Point X="303" Y="164"/>
    <Point X="300" Y="164"/>
    <Point X="300" Y="165"/>
    <Point X="299" Y="165"/>
    <Point X="298" Y="165"/>
    <Point X="298" Y="166"/>
    <Point X="297" Y="166"/>
    <Point X="296" Y="166"/>
    <Point X="296" Y="167"/>
    <Point X="295" Y="167"/>
</Gesture>
