<?xml version="1.0" ?>
<Gesture Name="08" Subject="6" Number="8" NumPts="127">
    <Point X="282" Y="180"/>
    <Point X="282" Y="182"/>
    <Point X="282" Y="185"/>
    <Point X="282" Y="189"/>
    <Point X="282" Y="193"/>
    <Point X="282" Y="200"/>
    <Point X="282" Y="207"/>
    <Point X="282" Y="217"/>
    <Point X="282" Y="227"/>
    <Point X="282" Y="237"/>
    <Point X="282" Y="248"/>
    <Point X="282" Y="259"/>
    <Point X="282" Y="268"/>
    <Point X="281" Y="276"/>
    <Point X="280" Y="283"/>
    <Point X="280" Y="288"/>
    <Point X="279" Y="292"/>
    <Point X="279" Y="295"/>
    <Point X="278" Y="298"/>
    <Point X="278" Y="299"/>
    <Point X="278" Y="300"/>
    <Point X="278" Y="301"/>
    <Point X="278" Y="302"/>
    <Point X="278" Y="303"/>
    <Point X="278" Y="304"/>
    <Point X="278" Y="305"/>
    <Point X="279" Y="306"/>
    <Point X="280" Y="306"/>
    <Point X="281" Y="306"/>
    <Point X="283" Y="306"/>
    <Point X="284" Y="306"/>
    <Point X="285" Y="306"/>
    <Point X="289" Y="306"/>
    <Point X="292" Y="306"/>
    <Point X="296" Y="306"/>
    <Point X="300" Y="306"/>
    <Point X="306" Y="306"/>
    <Point X="312" Y="306"/>
    <Point X="319" Y="306"/>
    <Point X="327" Y="306"/>
    <Point X="335" Y="306"/>
    <Point X="344" Y="306"/>
    <Point X="353" Y="306"/>
    <Point X="362" Y="306"/>
    <Point X="370" Y="306"/>
    <Point X="378" Y="305"/>
    <Point X="385" Y="304"/>
    <Point X="390" Y="304"/>
    <Point X="396" Y="303"/>
    <Point X="401" Y="303"/>
    <Point X="406" Y="301"/>
    <Point X="411" Y="301"/>
    <Point X="416" Y="300"/>
    <Point X="417" Y="300"/>
    <Point X="418" Y="300"/>
    <Point X="419" Y="300"/>
    <Point X="419" Y="299"/>
    <Point X="418" Y="298"/>
    <Point X="418" Y="297"/>
    <Point X="417" Y="294"/>
    <Point X="416" Y="291"/>
    <Point X="415" Y="287"/>
    <Point X="414" Y="282"/>
    <Point X="413" Y="277"/>
    <Point X="411" Y="272"/>
    <Point X="410" Y="266"/>
    <Point X="409" Y="262"/>
    <Point X="407" Y="257"/>
    <Point X="405" Y="253"/>
    <Point X="404" Y="250"/>
    <Point X="403" Y="246"/>
    <Point X="401" Y="242"/>
    <Point X="400" Y="239"/>
    <Point X="399" Y="237"/>
    <Point X="398" Y="233"/>
    <Point X="397" Y="230"/>
    <Point X="395" Y="228"/>
    <Point X="394" Y="225"/>
    <Point X="393" Y="223"/>
    <Point X="392" Y="221"/>
    <Point X="391" Y="219"/>
    <Point X="390" Y="217"/>
    <Point X="389" Y="216"/>
    <Point X="389" Y="214"/>
    <Point X="388" Y="213"/>
    <Point X="388" Y="211"/>
    <Point X="387" Y="210"/>
    <Point X="387" Y="209"/>
    <Point X="386" Y="208"/>
    <Point X="385" Y="207"/>
    <Point X="385" Y="206"/>
    <Point X="384" Y="206"/>
    <Point X="384" Y="205"/>
    <Point X="383" Y="204"/>
    <Point X="382" Y="204"/>
    <Point X="380" Y="203"/>
    <Point X="379" Y="202"/>
    <Point X="377" Y="201"/>
    <Point X="376" Y="200"/>
    <Point X="375" Y="199"/>
    <Point X="374" Y="199"/>
    <Point X="372" Y="198"/>
    <Point X="369" Y="197"/>
    <Point X="366" Y="196"/>
    <Point X="362" Y="195"/>
    <Point X="358" Y="194"/>
    <Point X="353" Y="192"/>
    <Point X="347" Y="191"/>
    <Point X="340" Y="190"/>
    <Point X="334" Y="188"/>
    <Point X="327" Y="187"/>
    <Point X="320" Y="187"/>
    <Point X="313" Y="186"/>
    <Point X="307" Y="185"/>
    <Point X="302" Y="185"/>
    <Point X="296" Y="185"/>
    <Point X="292" Y="184"/>
    <Point X="288" Y="184"/>
    <Point X="285" Y="184"/>
    <Point X="282" Y="184"/>
    <Point X="278" Y="184"/>
    <Point X="277" Y="184"/>
    <Point X="275" Y="184"/>
    <Point X="274" Y="184"/>
    <Point X="273" Y="184"/>
    <Point X="272" Y="184"/>
    <Point X="271" Y="184"/>
</Gesture>
