<?xml version="1.0" ?>
<Gesture Name="01" Subject="6" Number="1" NumPts="127">
    <Point X="304" Y="153"/>
    <Point X="303" Y="153"/>
    <Point X="303" Y="155"/>
    <Point X="304" Y="157"/>
    <Point X="304" Y="159"/>
    <Point X="304" Y="160"/>
    <Point X="304" Y="162"/>
    <Point X="304" Y="166"/>
    <Point X="304" Y="171"/>
    <Point X="305" Y="175"/>
    <Point X="306" Y="182"/>
    <Point X="306" Y="189"/>
    <Point X="307" Y="195"/>
    <Point X="308" Y="203"/>
    <Point X="308" Y="210"/>
    <Point X="308" Y="218"/>
    <Point X="309" Y="225"/>
    <Point X="309" Y="233"/>
    <Point X="309" Y="239"/>
    <Point X="309" Y="245"/>
    <Point X="309" Y="251"/>
    <Point X="309" Y="256"/>
    <Point X="309" Y="262"/>
    <Point X="309" Y="267"/>
    <Point X="309" Y="270"/>
    <Point X="309" Y="274"/>
    <Point X="310" Y="276"/>
    <Point X="310" Y="278"/>
    <Point X="310" Y="279"/>
    <Point X="310" Y="280"/>
    <Point X="311" Y="280"/>
    <Point X="312" Y="280"/>
    <Point X="315" Y="280"/>
    <Point X="318" Y="280"/>
    <Point X="322" Y="280"/>
    <Point X="326" Y="281"/>
    <Point X="331" Y="281"/>
    <Point X="337" Y="282"/>
    <Point X="344" Y="282"/>
    <Point X="351" Y="282"/>
    <Point X="358" Y="282"/>
    <Point X="366" Y="282"/>
    <Point X="373" Y="282"/>
    <Point X="381" Y="282"/>
    <Point X="390" Y="282"/>
    <Point X="397" Y="282"/>
    <Point X="405" Y="281"/>
    <Point X="414" Y="280"/>
    <Point X="423" Y="279"/>
    <Point X="432" Y="278"/>
    <Point X="440" Y="276"/>
    <Point X="447" Y="276"/>
    <Point X="452" Y="275"/>
    <Point X="455" Y="275"/>
    <Point X="456" Y="275"/>
    <Point X="457" Y="274"/>
    <Point X="457" Y="273"/>
    <Point X="457" Y="270"/>
    <Point X="456" Y="269"/>
    <Point X="456" Y="267"/>
    <Point X="455" Y="263"/>
    <Point X="454" Y="258"/>
    <Point X="453" Y="252"/>
    <Point X="452" Y="245"/>
    <Point X="450" Y="239"/>
    <Point X="449" Y="232"/>
    <Point X="447" Y="225"/>
    <Point X="445" Y="218"/>
    <Point X="443" Y="212"/>
    <Point X="442" Y="206"/>
    <Point X="441" Y="200"/>
    <Point X="439" Y="194"/>
    <Point X="438" Y="188"/>
    <Point X="437" Y="183"/>
    <Point X="435" Y="177"/>
    <Point X="434" Y="172"/>
    <Point X="434" Y="167"/>
    <Point X="433" Y="164"/>
    <Point X="433" Y="162"/>
    <Point X="432" Y="160"/>
    <Point X="432" Y="158"/>
    <Point X="432" Y="157"/>
    <Point X="432" Y="156"/>
    <Point X="432" Y="155"/>
    <Point X="432" Y="154"/>
    <Point X="431" Y="153"/>
    <Point X="430" Y="153"/>
    <Point X="429" Y="152"/>
    <Point X="426" Y="151"/>
    <Point X="425" Y="151"/>
    <Point X="424" Y="150"/>
    <Point X="421" Y="150"/>
    <Point X="417" Y="149"/>
    <Point X="412" Y="148"/>
    <Point X="407" Y="148"/>
    <Point X="403" Y="148"/>
    <Point X="398" Y="148"/>
    <Point X="394" Y="148"/>
    <Point X="391" Y="148"/>
    <Point X="387" Y="148"/>
    <Point X="384" Y="148"/>
    <Point X="381" Y="148"/>
    <Point X="378" Y="148"/>
    <Point X="374" Y="148"/>
    <Point X="369" Y="149"/>
    <Point X="364" Y="150"/>
    <Point X="358" Y="151"/>
    <Point X="352" Y="153"/>
    <Point X="346" Y="154"/>
    <Point X="340" Y="155"/>
    <Point X="335" Y="156"/>
    <Point X="331" Y="156"/>
    <Point X="329" Y="156"/>
    <Point X="328" Y="155"/>
    <Point X="327" Y="155"/>
    <Point X="326" Y="155"/>
    <Point X="324" Y="155"/>
    <Point X="323" Y="155"/>
    <Point X="320" Y="155"/>
    <Point X="319" Y="155"/>
    <Point X="318" Y="156"/>
    <Point X="316" Y="156"/>
    <Point X="315" Y="156"/>
    <Point X="314" Y="156"/>
    <Point X="313" Y="156"/>
    <Point X="313" Y="155"/>
    <Point X="312" Y="155"/>
</Gesture>
