<?xml version="1.0" ?>
<Gesture Name="07" Subject="6" Number="7" NumPts="111">
    <Point X="274" Y="128"/>
    <Point X="274" Y="127"/>
    <Point X="274" Y="128"/>
    <Point X="275" Y="129"/>
    <Point X="275" Y="131"/>
    <Point X="276" Y="132"/>
    <Point X="277" Y="134"/>
    <Point X="278" Y="139"/>
    <Point X="279" Y="145"/>
    <Point X="280" Y="152"/>
    <Point X="282" Y="161"/>
    <Point X="284" Y="172"/>
    <Point X="286" Y="183"/>
    <Point X="288" Y="194"/>
    <Point X="290" Y="204"/>
    <Point X="291" Y="213"/>
    <Point X="292" Y="221"/>
    <Point X="293" Y="227"/>
    <Point X="293" Y="232"/>
    <Point X="293" Y="235"/>
    <Point X="293" Y="238"/>
    <Point X="293" Y="239"/>
    <Point X="293" Y="240"/>
    <Point X="293" Y="241"/>
    <Point X="294" Y="241"/>
    <Point X="295" Y="241"/>
    <Point X="296" Y="241"/>
    <Point X="298" Y="241"/>
    <Point X="299" Y="241"/>
    <Point X="301" Y="241"/>
    <Point X="304" Y="241"/>
    <Point X="307" Y="240"/>
    <Point X="312" Y="239"/>
    <Point X="318" Y="238"/>
    <Point X="325" Y="236"/>
    <Point X="333" Y="233"/>
    <Point X="342" Y="230"/>
    <Point X="353" Y="226"/>
    <Point X="363" Y="224"/>
    <Point X="371" Y="222"/>
    <Point X="378" Y="220"/>
    <Point X="384" Y="218"/>
    <Point X="389" Y="217"/>
    <Point X="392" Y="216"/>
    <Point X="394" Y="216"/>
    <Point X="395" Y="215"/>
    <Point X="396" Y="215"/>
    <Point X="397" Y="214"/>
    <Point X="397" Y="213"/>
    <Point X="397" Y="212"/>
    <Point X="397" Y="210"/>
    <Point X="397" Y="208"/>
    <Point X="397" Y="206"/>
    <Point X="397" Y="205"/>
    <Point X="397" Y="202"/>
    <Point X="397" Y="200"/>
    <Point X="397" Y="196"/>
    <Point X="397" Y="192"/>
    <Point X="397" Y="188"/>
    <Point X="397" Y="184"/>
    <Point X="397" Y="180"/>
    <Point X="396" Y="175"/>
    <Point X="396" Y="170"/>
    <Point X="395" Y="166"/>
    <Point X="394" Y="161"/>
    <Point X="393" Y="156"/>
    <Point X="392" Y="151"/>
    <Point X="391" Y="145"/>
    <Point X="390" Y="141"/>
    <Point X="388" Y="136"/>
    <Point X="388" Y="132"/>
    <Point X="387" Y="128"/>
    <Point X="386" Y="124"/>
    <Point X="386" Y="121"/>
    <Point X="385" Y="118"/>
    <Point X="384" Y="116"/>
    <Point X="384" Y="114"/>
    <Point X="383" Y="113"/>
    <Point X="383" Y="112"/>
    <Point X="383" Y="111"/>
    <Point X="383" Y="110"/>
    <Point X="382" Y="110"/>
    <Point X="382" Y="109"/>
    <Point X="381" Y="109"/>
    <Point X="380" Y="109"/>
    <Point X="378" Y="109"/>
    <Point X="376" Y="109"/>
    <Point X="373" Y="109"/>
    <Point X="369" Y="110"/>
    <Point X="361" Y="111"/>
    <Point X="352" Y="113"/>
    <Point X="344" Y="115"/>
    <Point X="335" Y="116"/>
    <Point X="327" Y="118"/>
    <Point X="319" Y="120"/>
    <Point X="312" Y="122"/>
    <Point X="304" Y="124"/>
    <Point X="298" Y="126"/>
    <Point X="292" Y="127"/>
    <Point X="287" Y="129"/>
    <Point X="281" Y="130"/>
    <Point X="277" Y="132"/>
    <Point X="271" Y="134"/>
    <Point X="266" Y="136"/>
    <Point X="260" Y="137"/>
    <Point X="256" Y="138"/>
    <Point X="252" Y="139"/>
    <Point X="249" Y="139"/>
    <Point X="246" Y="139"/>
    <Point X="245" Y="140"/>
    <Point X="244" Y="140"/>
</Gesture>
