<?xml version="1.0" ?>
<Gesture Name="02" Subject="6" Number="2" NumPts="115">
    <Point X="318" Y="160"/>
    <Point X="318" Y="161"/>
    <Point X="318" Y="163"/>
    <Point X="318" Y="164"/>
    <Point X="318" Y="166"/>
    <Point X="318" Y="169"/>
    <Point X="318" Y="173"/>
    <Point X="319" Y="178"/>
    <Point X="319" Y="185"/>
    <Point X="320" Y="192"/>
    <Point X="320" Y="199"/>
    <Point X="321" Y="205"/>
    <Point X="321" Y="211"/>
    <Point X="322" Y="218"/>
    <Point X="323" Y="224"/>
    <Point X="324" Y="229"/>
    <Point X="324" Y="235"/>
    <Point X="324" Y="240"/>
    <Point X="324" Y="246"/>
    <Point X="324" Y="251"/>
    <Point X="324" Y="256"/>
    <Point X="324" Y="260"/>
    <Point X="324" Y="264"/>
    <Point X="325" Y="267"/>
    <Point X="325" Y="270"/>
    <Point X="325" Y="271"/>
    <Point X="325" Y="272"/>
    <Point X="326" Y="272"/>
    <Point X="327" Y="272"/>
    <Point X="328" Y="272"/>
    <Point X="330" Y="272"/>
    <Point X="334" Y="271"/>
    <Point X="339" Y="271"/>
    <Point X="343" Y="270"/>
    <Point X="350" Y="269"/>
    <Point X="355" Y="269"/>
    <Point X="361" Y="269"/>
    <Point X="367" Y="268"/>
    <Point X="374" Y="268"/>
    <Point X="381" Y="267"/>
    <Point X="387" Y="266"/>
    <Point X="393" Y="266"/>
    <Point X="398" Y="266"/>
    <Point X="404" Y="265"/>
    <Point X="408" Y="265"/>
    <Point X="413" Y="264"/>
    <Point X="416" Y="263"/>
    <Point X="418" Y="263"/>
    <Point X="421" Y="262"/>
    <Point X="423" Y="262"/>
    <Point X="426" Y="261"/>
    <Point X="429" Y="259"/>
    <Point X="432" Y="257"/>
    <Point X="434" Y="256"/>
    <Point X="435" Y="255"/>
    <Point X="436" Y="255"/>
    <Point X="436" Y="254"/>
    <Point X="436" Y="253"/>
    <Point X="436" Y="251"/>
    <Point X="435" Y="249"/>
    <Point X="434" Y="247"/>
    <Point X="434" Y="244"/>
    <Point X="432" Y="240"/>
    <Point X="431" Y="236"/>
    <Point X="429" Y="232"/>
    <Point X="428" Y="228"/>
    <Point X="426" Y="223"/>
    <Point X="424" Y="218"/>
    <Point X="422" Y="214"/>
    <Point X="421" Y="209"/>
    <Point X="419" Y="204"/>
    <Point X="417" Y="200"/>
    <Point X="416" Y="195"/>
    <Point X="415" Y="190"/>
    <Point X="414" Y="186"/>
    <Point X="413" Y="182"/>
    <Point X="412" Y="177"/>
    <Point X="411" Y="173"/>
    <Point X="410" Y="170"/>
    <Point X="410" Y="168"/>
    <Point X="409" Y="165"/>
    <Point X="409" Y="164"/>
    <Point X="408" Y="161"/>
    <Point X="408" Y="160"/>
    <Point X="407" Y="159"/>
    <Point X="407" Y="157"/>
    <Point X="406" Y="157"/>
    <Point X="405" Y="157"/>
    <Point X="404" Y="156"/>
    <Point X="403" Y="156"/>
    <Point X="400" Y="156"/>
    <Point X="396" Y="155"/>
    <Point X="391" Y="154"/>
    <Point X="386" Y="154"/>
    <Point X="379" Y="154"/>
    <Point X="373" Y="154"/>
    <Point X="366" Y="154"/>
    <Point X="360" Y="154"/>
    <Point X="354" Y="154"/>
    <Point X="348" Y="154"/>
    <Point X="343" Y="154"/>
    <Point X="339" Y="154"/>
    <Point X="336" Y="154"/>
    <Point X="334" Y="154"/>
    <Point X="332" Y="154"/>
    <Point X="330" Y="154"/>
    <Point X="329" Y="154"/>
    <Point X="327" Y="154"/>
    <Point X="326" Y="154"/>
    <Point X="325" Y="155"/>
    <Point X="324" Y="155"/>
    <Point X="323" Y="155"/>
    <Point X="322" Y="155"/>
    <Point X="321" Y="155"/>
    <Point X="320" Y="155"/>
</Gesture>
