<?xml version="1.0" ?>
<Gesture Name="04" Subject="6" Number="4" NumPts="124">
    <Point X="309" Y="165"/>
    <Point X="309" Y="166"/>
    <Point X="309" Y="167"/>
    <Point X="310" Y="169"/>
    <Point X="310" Y="173"/>
    <Point X="310" Y="178"/>
    <Point X="311" Y="183"/>
    <Point X="311" Y="190"/>
    <Point X="311" Y="197"/>
    <Point X="312" Y="203"/>
    <Point X="312" Y="211"/>
    <Point X="312" Y="220"/>
    <Point X="312" Y="227"/>
    <Point X="312" Y="236"/>
    <Point X="313" Y="244"/>
    <Point X="313" Y="251"/>
    <Point X="314" Y="259"/>
    <Point X="314" Y="267"/>
    <Point X="314" Y="273"/>
    <Point X="314" Y="279"/>
    <Point X="314" Y="284"/>
    <Point X="314" Y="288"/>
    <Point X="314" Y="292"/>
    <Point X="314" Y="295"/>
    <Point X="314" Y="297"/>
    <Point X="314" Y="299"/>
    <Point X="314" Y="300"/>
    <Point X="314" Y="301"/>
    <Point X="315" Y="302"/>
    <Point X="316" Y="302"/>
    <Point X="317" Y="302"/>
    <Point X="319" Y="303"/>
    <Point X="321" Y="303"/>
    <Point X="323" Y="303"/>
    <Point X="325" Y="303"/>
    <Point X="328" Y="303"/>
    <Point X="332" Y="303"/>
    <Point X="337" Y="303"/>
    <Point X="342" Y="303"/>
    <Point X="349" Y="303"/>
    <Point X="356" Y="303"/>
    <Point X="364" Y="303"/>
    <Point X="371" Y="301"/>
    <Point X="378" Y="300"/>
    <Point X="384" Y="299"/>
    <Point X="390" Y="298"/>
    <Point X="396" Y="296"/>
    <Point X="402" Y="295"/>
    <Point X="407" Y="293"/>
    <Point X="413" Y="292"/>
    <Point X="417" Y="290"/>
    <Point X="421" Y="288"/>
    <Point X="424" Y="287"/>
    <Point X="427" Y="285"/>
    <Point X="428" Y="285"/>
    <Point X="428" Y="284"/>
    <Point X="428" Y="283"/>
    <Point X="428" Y="282"/>
    <Point X="428" Y="280"/>
    <Point X="428" Y="278"/>
    <Point X="428" Y="277"/>
    <Point X="428" Y="275"/>
    <Point X="428" Y="271"/>
    <Point X="428" Y="268"/>
    <Point X="428" Y="265"/>
    <Point X="428" Y="261"/>
    <Point X="427" Y="257"/>
    <Point X="426" Y="252"/>
    <Point X="425" Y="247"/>
    <Point X="423" Y="241"/>
    <Point X="423" Y="236"/>
    <Point X="422" Y="230"/>
    <Point X="420" Y="225"/>
    <Point X="420" Y="219"/>
    <Point X="419" Y="214"/>
    <Point X="419" Y="209"/>
    <Point X="417" Y="204"/>
    <Point X="416" Y="199"/>
    <Point X="416" Y="195"/>
    <Point X="414" Y="191"/>
    <Point X="414" Y="188"/>
    <Point X="413" Y="185"/>
    <Point X="413" Y="183"/>
    <Point X="412" Y="181"/>
    <Point X="411" Y="180"/>
    <Point X="410" Y="178"/>
    <Point X="410" Y="177"/>
    <Point X="409" Y="175"/>
    <Point X="408" Y="173"/>
    <Point X="407" Y="171"/>
    <Point X="405" Y="168"/>
    <Point X="403" Y="166"/>
    <Point X="400" Y="163"/>
    <Point X="398" Y="161"/>
    <Point X="398" Y="160"/>
    <Point X="396" Y="159"/>
    <Point X="395" Y="158"/>
    <Point X="394" Y="158"/>
    <Point X="393" Y="157"/>
    <Point X="392" Y="157"/>
    <Point X="390" Y="157"/>
    <Point X="388" Y="156"/>
    <Point X="384" Y="156"/>
    <Point X="380" Y="156"/>
    <Point X="375" Y="156"/>
    <Point X="369" Y="156"/>
    <Point X="362" Y="156"/>
    <Point X="356" Y="156"/>
    <Point X="349" Y="156"/>
    <Point X="342" Y="156"/>
    <Point X="337" Y="156"/>
    <Point X="332" Y="156"/>
    <Point X="328" Y="156"/>
    <Point X="325" Y="156"/>
    <Point X="323" Y="156"/>
    <Point X="321" Y="156"/>
    <Point X="320" Y="156"/>
    <Point X="319" Y="156"/>
    <Point X="318" Y="156"/>
    <Point X="317" Y="156"/>
    <Point X="316" Y="156"/>
    <Point X="315" Y="156"/>
    <Point X="315" Y="157"/>
    <Point X="314" Y="158"/>
</Gesture>
