<?xml version="1.0" ?>
<Gesture Name="05" Subject="6" Number="5" NumPts="114">
    <Point X="293" Y="161"/>
    <Point X="293" Y="162"/>
    <Point X="293" Y="163"/>
    <Point X="293" Y="165"/>
    <Point X="293" Y="168"/>
    <Point X="293" Y="172"/>
    <Point X="293" Y="177"/>
    <Point X="293" Y="184"/>
    <Point X="293" Y="192"/>
    <Point X="293" Y="199"/>
    <Point X="293" Y="209"/>
    <Point X="293" Y="218"/>
    <Point X="293" Y="226"/>
    <Point X="293" Y="234"/>
    <Point X="293" Y="241"/>
    <Point X="293" Y="247"/>
    <Point X="293" Y="252"/>
    <Point X="293" Y="255"/>
    <Point X="293" Y="258"/>
    <Point X="293" Y="260"/>
    <Point X="293" Y="261"/>
    <Point X="293" Y="262"/>
    <Point X="293" Y="263"/>
    <Point X="293" Y="264"/>
    <Point X="294" Y="265"/>
    <Point X="294" Y="266"/>
    <Point X="295" Y="266"/>
    <Point X="296" Y="266"/>
    <Point X="297" Y="266"/>
    <Point X="299" Y="266"/>
    <Point X="301" Y="266"/>
    <Point X="304" Y="266"/>
    <Point X="307" Y="266"/>
    <Point X="309" Y="266"/>
    <Point X="313" Y="265"/>
    <Point X="318" Y="264"/>
    <Point X="322" Y="262"/>
    <Point X="329" Y="261"/>
    <Point X="335" Y="259"/>
    <Point X="342" Y="257"/>
    <Point X="349" Y="255"/>
    <Point X="354" Y="254"/>
    <Point X="360" Y="252"/>
    <Point X="366" Y="251"/>
    <Point X="371" Y="250"/>
    <Point X="376" Y="249"/>
    <Point X="382" Y="248"/>
    <Point X="387" Y="246"/>
    <Point X="391" Y="245"/>
    <Point X="394" Y="244"/>
    <Point X="397" Y="243"/>
    <Point X="400" Y="242"/>
    <Point X="400" Y="241"/>
    <Point X="401" Y="241"/>
    <Point X="401" Y="240"/>
    <Point X="401" Y="238"/>
    <Point X="401" Y="237"/>
    <Point X="401" Y="234"/>
    <Point X="401" Y="233"/>
    <Point X="401" Y="231"/>
    <Point X="400" Y="227"/>
    <Point X="399" Y="223"/>
    <Point X="398" Y="219"/>
    <Point X="397" Y="214"/>
    <Point X="395" Y="209"/>
    <Point X="394" Y="205"/>
    <Point X="393" Y="201"/>
    <Point X="392" Y="198"/>
    <Point X="390" Y="194"/>
    <Point X="389" Y="190"/>
    <Point X="388" Y="186"/>
    <Point X="387" Y="182"/>
    <Point X="386" Y="179"/>
    <Point X="385" Y="176"/>
    <Point X="384" Y="173"/>
    <Point X="383" Y="169"/>
    <Point X="382" Y="167"/>
    <Point X="381" Y="165"/>
    <Point X="381" Y="162"/>
    <Point X="380" Y="160"/>
    <Point X="379" Y="160"/>
    <Point X="379" Y="158"/>
    <Point X="377" Y="157"/>
    <Point X="377" Y="156"/>
    <Point X="376" Y="155"/>
    <Point X="375" Y="154"/>
    <Point X="373" Y="152"/>
    <Point X="372" Y="152"/>
    <Point X="371" Y="151"/>
    <Point X="369" Y="151"/>
    <Point X="367" Y="151"/>
    <Point X="366" Y="151"/>
    <Point X="364" Y="151"/>
    <Point X="362" Y="151"/>
    <Point X="359" Y="151"/>
    <Point X="356" Y="151"/>
    <Point X="352" Y="151"/>
    <Point X="347" Y="151"/>
    <Point X="341" Y="152"/>
    <Point X="335" Y="153"/>
    <Point X="330" Y="154"/>
    <Point X="324" Y="155"/>
    <Point X="319" Y="156"/>
    <Point X="314" Y="156"/>
    <Point X="310" Y="157"/>
    <Point X="307" Y="157"/>
    <Point X="304" Y="158"/>
    <Point X="302" Y="159"/>
    <Point X="299" Y="160"/>
    <Point X="297" Y="161"/>
    <Point X="295" Y="163"/>
    <Point X="292" Y="164"/>
    <Point X="291" Y="164"/>
    <Point X="290" Y="165"/>
</Gesture>
