<?xml version="1.0" ?>
<Gesture Name="10" Subject="6" Number="10" NumPts="107">
    <Point X="287" Y="197"/>
    <Point X="287" Y="199"/>
    <Point X="287" Y="201"/>
    <Point X="287" Y="202"/>
    <Point X="287" Y="205"/>
    <Point X="287" Y="211"/>
    <Point X="287" Y="217"/>
    <Point X="287" Y="225"/>
    <Point X="287" Y="234"/>
    <Point X="287" Y="244"/>
    <Point X="287" Y="255"/>
    <Point X="287" Y="266"/>
    <Point X="287" Y="276"/>
    <Point X="287" Y="286"/>
    <Point X="287" Y="296"/>
    <Point X="287" Y="304"/>
    <Point X="287" Y="310"/>
    <Point X="287" Y="316"/>
    <Point X="287" Y="321"/>
    <Point X="287" Y="324"/>
    <Point X="287" Y="327"/>
    <Point X="287" Y="330"/>
    <Point X="287" Y="331"/>
    <Point X="288" Y="332"/>
    <Point X="288" Y="333"/>
    <Point X="289" Y="333"/>
    <Point X="291" Y="333"/>
    <Point X="293" Y="333"/>
    <Point X="294" Y="333"/>
    <Point X="296" Y="333"/>
    <Point X="300" Y="333"/>
    <Point X="305" Y="333"/>
    <Point X="312" Y="333"/>
    <Point X="320" Y="333"/>
    <Point X="329" Y="333"/>
    <Point X="340" Y="333"/>
    <Point X="350" Y="333"/>
    <Point X="361" Y="333"/>
    <Point X="370" Y="333"/>
    <Point X="379" Y="333"/>
    <Point X="386" Y="333"/>
    <Point X="392" Y="333"/>
    <Point X="397" Y="333"/>
    <Point X="398" Y="333"/>
    <Point X="400" Y="332"/>
    <Point X="402" Y="332"/>
    <Point X="404" Y="331"/>
    <Point X="406" Y="330"/>
    <Point X="410" Y="328"/>
    <Point X="414" Y="327"/>
    <Point X="419" Y="326"/>
    <Point X="423" Y="326"/>
    <Point X="426" Y="325"/>
    <Point X="427" Y="324"/>
    <Point X="428" Y="324"/>
    <Point X="428" Y="323"/>
    <Point X="428" Y="321"/>
    <Point X="428" Y="319"/>
    <Point X="428" Y="316"/>
    <Point X="428" Y="315"/>
    <Point X="428" Y="312"/>
    <Point X="429" Y="308"/>
    <Point X="430" Y="303"/>
    <Point X="430" Y="299"/>
    <Point X="430" Y="293"/>
    <Point X="429" Y="288"/>
    <Point X="428" Y="283"/>
    <Point X="427" Y="277"/>
    <Point X="425" Y="271"/>
    <Point X="423" Y="264"/>
    <Point X="422" Y="257"/>
    <Point X="420" Y="251"/>
    <Point X="418" Y="244"/>
    <Point X="416" Y="236"/>
    <Point X="414" Y="228"/>
    <Point X="411" Y="220"/>
    <Point X="409" Y="213"/>
    <Point X="406" Y="207"/>
    <Point X="404" Y="201"/>
    <Point X="402" Y="196"/>
    <Point X="400" Y="193"/>
    <Point X="400" Y="192"/>
    <Point X="400" Y="191"/>
    <Point X="399" Y="190"/>
    <Point X="398" Y="190"/>
    <Point X="397" Y="190"/>
    <Point X="395" Y="190"/>
    <Point X="392" Y="190"/>
    <Point X="387" Y="191"/>
    <Point X="380" Y="192"/>
    <Point X="373" Y="193"/>
    <Point X="363" Y="193"/>
    <Point X="352" Y="194"/>
    <Point X="341" Y="194"/>
    <Point X="330" Y="195"/>
    <Point X="317" Y="195"/>
    <Point X="307" Y="196"/>
    <Point X="299" Y="197"/>
    <Point X="293" Y="197"/>
    <Point X="290" Y="197"/>
    <Point X="289" Y="197"/>
    <Point X="288" Y="197"/>
    <Point X="288" Y="198"/>
    <Point X="287" Y="198"/>
    <Point X="286" Y="198"/>
    <Point X="285" Y="198"/>
    <Point X="284" Y="198"/>
</Gesture>
