<?xml version="1.0" ?>
<Gesture Name="09" Subject="6" Number="9" NumPts="105">
    <Point X="253" Y="188"/>
    <Point X="253" Y="190"/>
    <Point X="253" Y="191"/>
    <Point X="253" Y="193"/>
    <Point X="253" Y="196"/>
    <Point X="253" Y="201"/>
    <Point X="254" Y="207"/>
    <Point X="254" Y="215"/>
    <Point X="255" Y="223"/>
    <Point X="255" Y="233"/>
    <Point X="255" Y="243"/>
    <Point X="255" Y="254"/>
    <Point X="255" Y="265"/>
    <Point X="255" Y="277"/>
    <Point X="255" Y="287"/>
    <Point X="255" Y="296"/>
    <Point X="255" Y="304"/>
    <Point X="255" Y="310"/>
    <Point X="255" Y="315"/>
    <Point X="255" Y="318"/>
    <Point X="255" Y="319"/>
    <Point X="256" Y="319"/>
    <Point X="257" Y="319"/>
    <Point X="259" Y="319"/>
    <Point X="262" Y="319"/>
    <Point X="266" Y="319"/>
    <Point X="273" Y="319"/>
    <Point X="279" Y="319"/>
    <Point X="286" Y="319"/>
    <Point X="294" Y="319"/>
    <Point X="303" Y="319"/>
    <Point X="310" Y="319"/>
    <Point X="319" Y="319"/>
    <Point X="327" Y="319"/>
    <Point X="334" Y="319"/>
    <Point X="341" Y="319"/>
    <Point X="348" Y="319"/>
    <Point X="354" Y="318"/>
    <Point X="360" Y="318"/>
    <Point X="365" Y="316"/>
    <Point X="371" Y="315"/>
    <Point X="374" Y="314"/>
    <Point X="378" Y="313"/>
    <Point X="381" Y="312"/>
    <Point X="385" Y="311"/>
    <Point X="388" Y="310"/>
    <Point X="391" Y="309"/>
    <Point X="394" Y="308"/>
    <Point X="397" Y="307"/>
    <Point X="399" Y="307"/>
    <Point X="400" Y="306"/>
    <Point X="401" Y="306"/>
    <Point X="401" Y="305"/>
    <Point X="401" Y="304"/>
    <Point X="401" Y="303"/>
    <Point X="401" Y="301"/>
    <Point X="400" Y="299"/>
    <Point X="399" Y="295"/>
    <Point X="398" Y="290"/>
    <Point X="397" Y="285"/>
    <Point X="396" Y="279"/>
    <Point X="394" Y="273"/>
    <Point X="393" Y="266"/>
    <Point X="391" Y="261"/>
    <Point X="390" Y="254"/>
    <Point X="389" Y="249"/>
    <Point X="388" Y="244"/>
    <Point X="386" Y="238"/>
    <Point X="385" Y="233"/>
    <Point X="384" Y="228"/>
    <Point X="383" Y="223"/>
    <Point X="382" Y="217"/>
    <Point X="380" Y="212"/>
    <Point X="379" Y="206"/>
    <Point X="378" Y="202"/>
    <Point X="377" Y="198"/>
    <Point X="376" Y="196"/>
    <Point X="376" Y="195"/>
    <Point X="375" Y="194"/>
    <Point X="375" Y="193"/>
    <Point X="374" Y="191"/>
    <Point X="374" Y="190"/>
    <Point X="374" Y="189"/>
    <Point X="374" Y="188"/>
    <Point X="373" Y="188"/>
    <Point X="371" Y="188"/>
    <Point X="369" Y="188"/>
    <Point X="368" Y="188"/>
    <Point X="365" Y="188"/>
    <Point X="360" Y="188"/>
    <Point X="354" Y="188"/>
    <Point X="346" Y="188"/>
    <Point X="338" Y="188"/>
    <Point X="328" Y="188"/>
    <Point X="320" Y="188"/>
    <Point X="312" Y="188"/>
    <Point X="303" Y="188"/>
    <Point X="295" Y="187"/>
    <Point X="288" Y="187"/>
    <Point X="281" Y="187"/>
    <Point X="277" Y="187"/>
    <Point X="276" Y="187"/>
    <Point X="275" Y="187"/>
    <Point X="274" Y="187"/>
    <Point X="273" Y="187"/>
</Gesture>
