<?xml version="1.0" ?>
<Gesture Name="03" Subject="6" Number="3" NumPts="113">
    <Point X="321" Y="167"/>
    <Point X="321" Y="168"/>
    <Point X="321" Y="169"/>
    <Point X="321" Y="171"/>
    <Point X="321" Y="175"/>
    <Point X="321" Y="178"/>
    <Point X="321" Y="183"/>
    <Point X="321" Y="187"/>
    <Point X="321" Y="192"/>
    <Point X="321" Y="198"/>
    <Point X="321" Y="204"/>
    <Point X="321" Y="211"/>
    <Point X="321" Y="216"/>
    <Point X="321" Y="221"/>
    <Point X="321" Y="228"/>
    <Point X="321" Y="233"/>
    <Point X="321" Y="239"/>
    <Point X="321" Y="245"/>
    <Point X="321" Y="251"/>
    <Point X="321" Y="256"/>
    <Point X="321" Y="262"/>
    <Point X="321" Y="263"/>
    <Point X="322" Y="263"/>
    <Point X="323" Y="264"/>
    <Point X="325" Y="264"/>
    <Point X="326" Y="264"/>
    <Point X="328" Y="264"/>
    <Point X="331" Y="265"/>
    <Point X="335" Y="265"/>
    <Point X="338" Y="266"/>
    <Point X="342" Y="267"/>
    <Point X="347" Y="267"/>
    <Point X="352" Y="268"/>
    <Point X="356" Y="268"/>
    <Point X="361" Y="268"/>
    <Point X="366" Y="268"/>
    <Point X="369" Y="268"/>
    <Point X="373" Y="268"/>
    <Point X="377" Y="268"/>
    <Point X="381" Y="267"/>
    <Point X="385" Y="267"/>
    <Point X="390" Y="265"/>
    <Point X="394" Y="265"/>
    <Point X="399" Y="264"/>
    <Point X="404" Y="263"/>
    <Point X="408" Y="261"/>
    <Point X="412" Y="259"/>
    <Point X="415" Y="258"/>
    <Point X="415" Y="257"/>
    <Point X="416" Y="257"/>
    <Point X="416" Y="255"/>
    <Point X="416" Y="254"/>
    <Point X="416" Y="252"/>
    <Point X="416" Y="250"/>
    <Point X="416" Y="246"/>
    <Point X="416" Y="243"/>
    <Point X="416" Y="240"/>
    <Point X="415" Y="227"/>
    <Point X="414" Y="218"/>
    <Point X="413" Y="211"/>
    <Point X="411" Y="205"/>
    <Point X="410" Y="199"/>
    <Point X="408" Y="192"/>
    <Point X="407" Y="187"/>
    <Point X="406" Y="182"/>
    <Point X="405" Y="177"/>
    <Point X="405" Y="174"/>
    <Point X="404" Y="171"/>
    <Point X="404" Y="169"/>
    <Point X="404" Y="167"/>
    <Point X="403" Y="166"/>
    <Point X="403" Y="165"/>
    <Point X="403" Y="163"/>
    <Point X="402" Y="162"/>
    <Point X="401" Y="161"/>
    <Point X="401" Y="160"/>
    <Point X="400" Y="159"/>
    <Point X="400" Y="158"/>
    <Point X="399" Y="158"/>
    <Point X="399" Y="157"/>
    <Point X="399" Y="156"/>
    <Point X="398" Y="156"/>
    <Point X="397" Y="155"/>
    <Point X="396" Y="155"/>
    <Point X="394" Y="155"/>
    <Point X="392" Y="155"/>
    <Point X="390" Y="155"/>
    <Point X="387" Y="155"/>
    <Point X="383" Y="155"/>
    <Point X="379" Y="155"/>
    <Point X="375" Y="155"/>
    <Point X="372" Y="155"/>
    <Point X="368" Y="156"/>
    <Point X="365" Y="156"/>
    <Point X="362" Y="156"/>
    <Point X="359" Y="157"/>
    <Point X="356" Y="157"/>
    <Point X="353" Y="158"/>
    <Point X="350" Y="159"/>
    <Point X="346" Y="159"/>
    <Point X="343" Y="160"/>
    <Point X="340" Y="160"/>
    <Point X="339" Y="161"/>
    <Point X="337" Y="161"/>
    <Point X="336" Y="161"/>
    <Point X="335" Y="161"/>
    <Point X="332" Y="162"/>
    <Point X="330" Y="163"/>
    <Point X="328" Y="163"/>
    <Point X="325" Y="164"/>
    <Point X="323" Y="164"/>
    <Point X="322" Y="164"/>
    <Point X="321" Y="164"/>
</Gesture>
