<?xml version="1.0" ?>
<Gesture Name="05" Subject="6" Number="5" NumPts="67">
    <Point X="343" Y="67"/>
    <Point X="344" Y="67"/>
    <Point X="347" Y="67"/>
    <Point X="351" Y="67"/>
    <Point X="355" Y="66"/>
    <Point X="361" Y="66"/>
    <Point X="367" Y="65"/>
    <Point X="373" Y="65"/>
    <Point X="379" Y="65"/>
    <Point X="385" Y="65"/>
    <Point X="391" Y="65"/>
    <Point X="395" Y="65"/>
    <Point X="399" Y="65"/>
    <Point X="400" Y="65"/>
    <Point X="401" Y="65"/>
    <Point X="401" Y="66"/>
    <Point X="402" Y="67"/>
    <Point X="402" Y="68"/>
    <Point X="402" Y="71"/>
    <Point X="402" Y="74"/>
    <Point X="402" Y="78"/>
    <Point X="403" Y="83"/>
    <Point X="403" Y="89"/>
    <Point X="404" Y="95"/>
    <Point X="405" Y="102"/>
    <Point X="406" Y="110"/>
    <Point X="408" Y="118"/>
    <Point X="409" Y="127"/>
    <Point X="410" Y="135"/>
    <Point X="412" Y="143"/>
    <Point X="412" Y="150"/>
    <Point X="413" Y="158"/>
    <Point X="415" Y="165"/>
    <Point X="416" Y="172"/>
    <Point X="417" Y="179"/>
    <Point X="418" Y="185"/>
    <Point X="419" Y="192"/>
    <Point X="420" Y="198"/>
    <Point X="421" Y="203"/>
    <Point X="422" Y="209"/>
    <Point X="422" Y="213"/>
    <Point X="423" Y="218"/>
    <Point X="423" Y="222"/>
    <Point X="423" Y="226"/>
    <Point X="423" Y="229"/>
    <Point X="424" Y="232"/>
    <Point X="424" Y="234"/>
    <Point X="424" Y="237"/>
    <Point X="424" Y="240"/>
    <Point X="424" Y="242"/>
    <Point X="424" Y="245"/>
    <Point X="424" Y="247"/>
    <Point X="424" Y="249"/>
    <Point X="424" Y="250"/>
    <Point X="424" Y="251"/>
    <Point X="422" Y="251"/>
    <Point X="421" Y="251"/>
    <Point X="418" Y="251"/>
    <Point X="413" Y="251"/>
    <Point X="406" Y="251"/>
    <Point X="398" Y="251"/>
    <Point X="389" Y="251"/>
    <Point X="380" Y="251"/>
    <Point X="373" Y="250"/>
    <Point X="367" Y="250"/>
    <Point X="363" Y="250"/>
    <Point X="361" Y="249"/>
</Gesture>
