<?xml version="1.0" ?>
<Gesture Name="08" Subject="6" Number="8" NumPts="130">
    <Point X="370" Y="85"/>
    <Point X="371" Y="85"/>
    <Point X="372" Y="85"/>
    <Point X="373" Y="85"/>
    <Point X="373" Y="86"/>
    <Point X="374" Y="86"/>
    <Point X="375" Y="87"/>
    <Point X="376" Y="88"/>
    <Point X="376" Y="89"/>
    <Point X="377" Y="89"/>
    <Point X="379" Y="90"/>
    <Point X="379" Y="91"/>
    <Point X="380" Y="91"/>
    <Point X="380" Y="92"/>
    <Point X="381" Y="92"/>
    <Point X="381" Y="93"/>
    <Point X="382" Y="94"/>
    <Point X="383" Y="94"/>
    <Point X="383" Y="95"/>
    <Point X="383" Y="96"/>
    <Point X="384" Y="97"/>
    <Point X="385" Y="98"/>
    <Point X="385" Y="99"/>
    <Point X="385" Y="100"/>
    <Point X="386" Y="103"/>
    <Point X="387" Y="104"/>
    <Point X="387" Y="105"/>
    <Point X="387" Y="107"/>
    <Point X="388" Y="109"/>
    <Point X="388" Y="111"/>
    <Point X="388" Y="112"/>
    <Point X="389" Y="113"/>
    <Point X="389" Y="115"/>
    <Point X="389" Y="116"/>
    <Point X="389" Y="118"/>
    <Point X="389" Y="119"/>
    <Point X="389" Y="121"/>
    <Point X="389" Y="123"/>
    <Point X="389" Y="125"/>
    <Point X="389" Y="126"/>
    <Point X="389" Y="129"/>
    <Point X="389" Y="130"/>
    <Point X="389" Y="132"/>
    <Point X="389" Y="134"/>
    <Point X="389" Y="135"/>
    <Point X="389" Y="137"/>
    <Point X="390" Y="139"/>
    <Point X="390" Y="140"/>
    <Point X="390" Y="142"/>
    <Point X="390" Y="143"/>
    <Point X="390" Y="145"/>
    <Point X="391" Y="147"/>
    <Point X="391" Y="148"/>
    <Point X="392" Y="150"/>
    <Point X="392" Y="152"/>
    <Point X="393" Y="153"/>
    <Point X="394" Y="154"/>
    <Point X="395" Y="156"/>
    <Point X="396" Y="157"/>
    <Point X="397" Y="159"/>
    <Point X="399" Y="160"/>
    <Point X="400" Y="161"/>
    <Point X="403" Y="162"/>
    <Point X="405" Y="163"/>
    <Point X="408" Y="164"/>
    <Point X="411" Y="165"/>
    <Point X="413" Y="166"/>
    <Point X="415" Y="166"/>
    <Point X="416" Y="167"/>
    <Point X="415" Y="167"/>
    <Point X="414" Y="167"/>
    <Point X="413" Y="167"/>
    <Point X="412" Y="167"/>
    <Point X="410" Y="167"/>
    <Point X="408" Y="167"/>
    <Point X="407" Y="168"/>
    <Point X="406" Y="168"/>
    <Point X="405" Y="169"/>
    <Point X="404" Y="171"/>
    <Point X="403" Y="173"/>
    <Point X="402" Y="175"/>
    <Point X="401" Y="177"/>
    <Point X="400" Y="180"/>
    <Point X="398" Y="182"/>
    <Point X="396" Y="186"/>
    <Point X="394" Y="190"/>
    <Point X="391" Y="194"/>
    <Point X="390" Y="198"/>
    <Point X="388" Y="201"/>
    <Point X="387" Y="205"/>
    <Point X="385" Y="208"/>
    <Point X="384" Y="210"/>
    <Point X="383" Y="212"/>
    <Point X="383" Y="215"/>
    <Point X="382" Y="216"/>
    <Point X="382" Y="218"/>
    <Point X="381" Y="220"/>
    <Point X="381" Y="221"/>
    <Point X="381" Y="223"/>
    <Point X="381" Y="225"/>
    <Point X="381" Y="228"/>
    <Point X="381" Y="230"/>
    <Point X="380" Y="232"/>
    <Point X="380" Y="236"/>
    <Point X="380" Y="239"/>
    <Point X="380" Y="242"/>
    <Point X="380" Y="244"/>
    <Point X="380" Y="247"/>
    <Point X="380" Y="248"/>
    <Point X="380" Y="251"/>
    <Point X="380" Y="252"/>
    <Point X="380" Y="255"/>
    <Point X="380" Y="256"/>
    <Point X="380" Y="259"/>
    <Point X="380" Y="260"/>
    <Point X="380" Y="262"/>
    <Point X="380" Y="263"/>
    <Point X="380" Y="265"/>
    <Point X="380" Y="267"/>
    <Point X="379" Y="268"/>
    <Point X="379" Y="269"/>
    <Point X="378" Y="271"/>
    <Point X="377" Y="272"/>
    <Point X="377" Y="273"/>
    <Point X="375" Y="274"/>
    <Point X="373" Y="275"/>
    <Point X="372" Y="275"/>
    <Point X="370" Y="275"/>
    <Point X="367" Y="275"/>
    <Point X="366" Y="275"/>
</Gesture>
