<?xml version="1.0" ?>
<Gesture Name="04" Subject="6" Number="4" NumPts="92">
    <Point X="336" Y="105"/>
    <Point X="336" Y="104"/>
    <Point X="338" Y="103"/>
    <Point X="339" Y="103"/>
    <Point X="341" Y="102"/>
    <Point X="345" Y="101"/>
    <Point X="349" Y="100"/>
    <Point X="353" Y="100"/>
    <Point X="357" Y="99"/>
    <Point X="362" Y="99"/>
    <Point X="366" Y="99"/>
    <Point X="370" Y="99"/>
    <Point X="374" Y="99"/>
    <Point X="378" Y="99"/>
    <Point X="381" Y="99"/>
    <Point X="385" Y="100"/>
    <Point X="387" Y="100"/>
    <Point X="389" Y="101"/>
    <Point X="391" Y="101"/>
    <Point X="392" Y="101"/>
    <Point X="392" Y="102"/>
    <Point X="392" Y="103"/>
    <Point X="392" Y="105"/>
    <Point X="392" Y="107"/>
    <Point X="392" Y="109"/>
    <Point X="392" Y="112"/>
    <Point X="391" Y="113"/>
    <Point X="391" Y="116"/>
    <Point X="390" Y="121"/>
    <Point X="390" Y="126"/>
    <Point X="389" Y="130"/>
    <Point X="389" Y="135"/>
    <Point X="388" Y="139"/>
    <Point X="387" Y="143"/>
    <Point X="387" Y="147"/>
    <Point X="387" Y="149"/>
    <Point X="387" Y="152"/>
    <Point X="386" Y="154"/>
    <Point X="386" Y="158"/>
    <Point X="386" Y="160"/>
    <Point X="386" Y="162"/>
    <Point X="386" Y="165"/>
    <Point X="386" Y="168"/>
    <Point X="386" Y="171"/>
    <Point X="386" Y="173"/>
    <Point X="386" Y="177"/>
    <Point X="386" Y="181"/>
    <Point X="386" Y="184"/>
    <Point X="387" Y="188"/>
    <Point X="387" Y="191"/>
    <Point X="388" Y="194"/>
    <Point X="388" Y="197"/>
    <Point X="388" Y="198"/>
    <Point X="389" Y="200"/>
    <Point X="389" Y="202"/>
    <Point X="389" Y="203"/>
    <Point X="390" Y="204"/>
    <Point X="390" Y="205"/>
    <Point X="390" Y="208"/>
    <Point X="390" Y="210"/>
    <Point X="391" Y="212"/>
    <Point X="391" Y="213"/>
    <Point X="391" Y="214"/>
    <Point X="391" Y="217"/>
    <Point X="392" Y="219"/>
    <Point X="392" Y="221"/>
    <Point X="392" Y="224"/>
    <Point X="392" Y="226"/>
    <Point X="392" Y="229"/>
    <Point X="392" Y="230"/>
    <Point X="392" Y="231"/>
    <Point X="392" Y="232"/>
    <Point X="392" Y="233"/>
    <Point X="391" Y="233"/>
    <Point X="389" Y="233"/>
    <Point X="386" Y="233"/>
    <Point X="382" Y="233"/>
    <Point X="377" Y="234"/>
    <Point X="371" Y="235"/>
    <Point X="366" Y="235"/>
    <Point X="361" Y="235"/>
    <Point X="358" Y="235"/>
    <Point X="356" Y="235"/>
    <Point X="354" Y="235"/>
    <Point X="353" Y="235"/>
    <Point X="352" Y="235"/>
    <Point X="351" Y="235"/>
    <Point X="351" Y="236"/>
    <Point X="350" Y="236"/>
    <Point X="349" Y="236"/>
    <Point X="348" Y="236"/>
    <Point X="347" Y="236"/>
</Gesture>
