<?xml version="1.0" ?>
<Gesture Name="01" Subject="6" Number="1" NumPts="87">
    <Point X="347" Y="79"/>
    <Point X="348" Y="79"/>
    <Point X="349" Y="79"/>
    <Point X="351" Y="79"/>
    <Point X="354" Y="79"/>
    <Point X="359" Y="79"/>
    <Point X="366" Y="79"/>
    <Point X="373" Y="79"/>
    <Point X="379" Y="79"/>
    <Point X="387" Y="79"/>
    <Point X="394" Y="79"/>
    <Point X="401" Y="79"/>
    <Point X="406" Y="79"/>
    <Point X="412" Y="79"/>
    <Point X="415" Y="79"/>
    <Point X="416" Y="79"/>
    <Point X="417" Y="79"/>
    <Point X="418" Y="79"/>
    <Point X="420" Y="79"/>
    <Point X="422" Y="79"/>
    <Point X="423" Y="79"/>
    <Point X="423" Y="80"/>
    <Point X="423" Y="81"/>
    <Point X="423" Y="82"/>
    <Point X="423" Y="83"/>
    <Point X="423" Y="86"/>
    <Point X="424" Y="90"/>
    <Point X="424" Y="94"/>
    <Point X="424" Y="98"/>
    <Point X="425" Y="103"/>
    <Point X="425" Y="109"/>
    <Point X="425" Y="114"/>
    <Point X="425" Y="120"/>
    <Point X="425" Y="125"/>
    <Point X="425" Y="130"/>
    <Point X="425" Y="134"/>
    <Point X="425" Y="140"/>
    <Point X="425" Y="144"/>
    <Point X="425" Y="150"/>
    <Point X="425" Y="155"/>
    <Point X="425" Y="161"/>
    <Point X="425" Y="168"/>
    <Point X="425" Y="175"/>
    <Point X="425" Y="181"/>
    <Point X="425" Y="187"/>
    <Point X="425" Y="192"/>
    <Point X="425" Y="196"/>
    <Point X="425" Y="202"/>
    <Point X="425" Y="206"/>
    <Point X="425" Y="209"/>
    <Point X="426" Y="211"/>
    <Point X="426" Y="213"/>
    <Point X="426" Y="214"/>
    <Point X="426" Y="217"/>
    <Point X="426" Y="219"/>
    <Point X="426" Y="221"/>
    <Point X="427" Y="225"/>
    <Point X="428" Y="228"/>
    <Point X="428" Y="231"/>
    <Point X="429" Y="233"/>
    <Point X="429" Y="236"/>
    <Point X="429" Y="239"/>
    <Point X="429" Y="241"/>
    <Point X="430" Y="243"/>
    <Point X="430" Y="245"/>
    <Point X="430" Y="247"/>
    <Point X="430" Y="248"/>
    <Point X="430" Y="249"/>
    <Point X="430" Y="250"/>
    <Point X="430" Y="251"/>
    <Point X="430" Y="253"/>
    <Point X="430" Y="254"/>
    <Point X="430" Y="255"/>
    <Point X="430" Y="256"/>
    <Point X="430" Y="257"/>
    <Point X="429" Y="257"/>
    <Point X="426" Y="257"/>
    <Point X="424" Y="257"/>
    <Point X="422" Y="257"/>
    <Point X="418" Y="257"/>
    <Point X="414" Y="257"/>
    <Point X="408" Y="258"/>
    <Point X="401" Y="258"/>
    <Point X="394" Y="258"/>
    <Point X="388" Y="259"/>
    <Point X="383" Y="259"/>
    <Point X="378" Y="259"/>
</Gesture>
