<?xml version="1.0" ?>
<Gesture Name="09" Subject="6" Number="9" NumPts="71">
    <Point X="405" Y="92"/>
    <Point X="407" Y="92"/>
    <Point X="408" Y="92"/>
    <Point X="409" Y="92"/>
    <Point X="411" Y="92"/>
    <Point X="414" Y="92"/>
    <Point X="420" Y="93"/>
    <Point X="425" Y="93"/>
    <Point X="431" Y="93"/>
    <Point X="435" Y="93"/>
    <Point X="439" Y="94"/>
    <Point X="440" Y="94"/>
    <Point X="440" Y="95"/>
    <Point X="441" Y="97"/>
    <Point X="441" Y="99"/>
    <Point X="441" Y="100"/>
    <Point X="442" Y="102"/>
    <Point X="442" Y="106"/>
    <Point X="443" Y="110"/>
    <Point X="444" Y="114"/>
    <Point X="444" Y="120"/>
    <Point X="445" Y="126"/>
    <Point X="445" Y="133"/>
    <Point X="445" Y="140"/>
    <Point X="446" Y="147"/>
    <Point X="446" Y="153"/>
    <Point X="447" Y="159"/>
    <Point X="447" Y="165"/>
    <Point X="447" Y="171"/>
    <Point X="447" Y="176"/>
    <Point X="448" Y="181"/>
    <Point X="448" Y="186"/>
    <Point X="448" Y="191"/>
    <Point X="448" Y="196"/>
    <Point X="448" Y="200"/>
    <Point X="448" Y="203"/>
    <Point X="448" Y="207"/>
    <Point X="448" Y="210"/>
    <Point X="449" Y="214"/>
    <Point X="449" Y="217"/>
    <Point X="450" Y="220"/>
    <Point X="450" Y="223"/>
    <Point X="451" Y="226"/>
    <Point X="452" Y="229"/>
    <Point X="452" Y="232"/>
    <Point X="452" Y="235"/>
    <Point X="452" Y="238"/>
    <Point X="452" Y="240"/>
    <Point X="452" Y="242"/>
    <Point X="452" Y="244"/>
    <Point X="452" Y="246"/>
    <Point X="452" Y="247"/>
    <Point X="452" Y="248"/>
    <Point X="452" Y="249"/>
    <Point X="452" Y="250"/>
    <Point X="452" Y="251"/>
    <Point X="451" Y="251"/>
    <Point X="449" Y="251"/>
    <Point X="448" Y="251"/>
    <Point X="445" Y="251"/>
    <Point X="443" Y="251"/>
    <Point X="441" Y="251"/>
    <Point X="438" Y="251"/>
    <Point X="435" Y="251"/>
    <Point X="432" Y="251"/>
    <Point X="429" Y="251"/>
    <Point X="426" Y="251"/>
    <Point X="423" Y="251"/>
    <Point X="422" Y="251"/>
    <Point X="421" Y="251"/>
    <Point X="420" Y="251"/>
</Gesture>
