<?xml version="1.0" ?>
<Gesture Name="07" Subject="6" Number="7" NumPts="129">
    <Point X="360" Y="66"/>
    <Point X="361" Y="66"/>
    <Point X="361" Y="65"/>
    <Point X="363" Y="64"/>
    <Point X="365" Y="62"/>
    <Point X="368" Y="62"/>
    <Point X="370" Y="61"/>
    <Point X="371" Y="61"/>
    <Point X="372" Y="61"/>
    <Point X="373" Y="61"/>
    <Point X="374" Y="61"/>
    <Point X="375" Y="61"/>
    <Point X="376" Y="61"/>
    <Point X="377" Y="61"/>
    <Point X="378" Y="62"/>
    <Point X="379" Y="63"/>
    <Point X="380" Y="64"/>
    <Point X="381" Y="67"/>
    <Point X="381" Y="68"/>
    <Point X="382" Y="70"/>
    <Point X="382" Y="71"/>
    <Point X="383" Y="72"/>
    <Point X="383" Y="75"/>
    <Point X="384" Y="77"/>
    <Point X="384" Y="80"/>
    <Point X="384" Y="83"/>
    <Point X="385" Y="85"/>
    <Point X="385" Y="88"/>
    <Point X="385" Y="91"/>
    <Point X="386" Y="93"/>
    <Point X="386" Y="95"/>
    <Point X="386" Y="98"/>
    <Point X="386" Y="100"/>
    <Point X="386" Y="103"/>
    <Point X="386" Y="106"/>
    <Point X="387" Y="110"/>
    <Point X="387" Y="113"/>
    <Point X="387" Y="117"/>
    <Point X="387" Y="120"/>
    <Point X="387" Y="124"/>
    <Point X="387" Y="127"/>
    <Point X="387" Y="130"/>
    <Point X="387" Y="133"/>
    <Point X="388" Y="135"/>
    <Point X="388" Y="137"/>
    <Point X="388" Y="139"/>
    <Point X="388" Y="140"/>
    <Point X="388" Y="142"/>
    <Point X="388" Y="143"/>
    <Point X="389" Y="144"/>
    <Point X="389" Y="146"/>
    <Point X="391" Y="148"/>
    <Point X="391" Y="149"/>
    <Point X="392" Y="150"/>
    <Point X="393" Y="152"/>
    <Point X="394" Y="152"/>
    <Point X="394" Y="153"/>
    <Point X="395" Y="153"/>
    <Point X="396" Y="154"/>
    <Point X="398" Y="154"/>
    <Point X="400" Y="154"/>
    <Point X="401" Y="154"/>
    <Point X="402" Y="154"/>
    <Point X="404" Y="154"/>
    <Point X="405" Y="154"/>
    <Point X="404" Y="154"/>
    <Point X="403" Y="154"/>
    <Point X="402" Y="154"/>
    <Point X="401" Y="154"/>
    <Point X="400" Y="154"/>
    <Point X="399" Y="154"/>
    <Point X="397" Y="155"/>
    <Point X="397" Y="156"/>
    <Point X="396" Y="156"/>
    <Point X="396" Y="157"/>
    <Point X="395" Y="158"/>
    <Point X="394" Y="159"/>
    <Point X="393" Y="160"/>
    <Point X="392" Y="161"/>
    <Point X="390" Y="163"/>
    <Point X="388" Y="165"/>
    <Point X="388" Y="166"/>
    <Point X="388" Y="167"/>
    <Point X="388" Y="168"/>
    <Point X="388" Y="169"/>
    <Point X="388" Y="171"/>
    <Point X="387" Y="173"/>
    <Point X="387" Y="175"/>
    <Point X="387" Y="176"/>
    <Point X="387" Y="178"/>
    <Point X="387" Y="181"/>
    <Point X="386" Y="185"/>
    <Point X="385" Y="189"/>
    <Point X="385" Y="193"/>
    <Point X="384" Y="197"/>
    <Point X="384" Y="200"/>
    <Point X="384" Y="204"/>
    <Point X="384" Y="207"/>
    <Point X="384" Y="210"/>
    <Point X="384" Y="213"/>
    <Point X="384" Y="215"/>
    <Point X="384" Y="217"/>
    <Point X="384" Y="220"/>
    <Point X="384" Y="224"/>
    <Point X="384" Y="226"/>
    <Point X="384" Y="228"/>
    <Point X="384" Y="231"/>
    <Point X="385" Y="235"/>
    <Point X="385" Y="238"/>
    <Point X="386" Y="242"/>
    <Point X="386" Y="246"/>
    <Point X="387" Y="250"/>
    <Point X="388" Y="254"/>
    <Point X="388" Y="258"/>
    <Point X="388" Y="262"/>
    <Point X="388" Y="266"/>
    <Point X="388" Y="270"/>
    <Point X="388" Y="273"/>
    <Point X="388" Y="276"/>
    <Point X="388" Y="278"/>
    <Point X="388" Y="281"/>
    <Point X="388" Y="283"/>
    <Point X="387" Y="285"/>
    <Point X="386" Y="286"/>
    <Point X="386" Y="287"/>
    <Point X="384" Y="289"/>
    <Point X="383" Y="289"/>
    <Point X="382" Y="289"/>
    <Point X="381" Y="289"/>
</Gesture>
