<?xml version="1.0" ?>
<Gesture Name="10" Subject="6" Number="10" NumPts="123">
    <Point X="392" Y="77"/>
    <Point X="393" Y="77"/>
    <Point X="395" Y="78"/>
    <Point X="396" Y="78"/>
    <Point X="396" Y="79"/>
    <Point X="397" Y="79"/>
    <Point X="398" Y="80"/>
    <Point X="399" Y="81"/>
    <Point X="400" Y="83"/>
    <Point X="401" Y="84"/>
    <Point X="401" Y="85"/>
    <Point X="403" Y="86"/>
    <Point X="403" Y="87"/>
    <Point X="404" Y="88"/>
    <Point X="404" Y="89"/>
    <Point X="405" Y="90"/>
    <Point X="405" Y="91"/>
    <Point X="405" Y="92"/>
    <Point X="405" Y="93"/>
    <Point X="405" Y="94"/>
    <Point X="405" Y="95"/>
    <Point X="405" Y="97"/>
    <Point X="405" Y="99"/>
    <Point X="405" Y="101"/>
    <Point X="405" Y="103"/>
    <Point X="405" Y="104"/>
    <Point X="405" Y="106"/>
    <Point X="405" Y="108"/>
    <Point X="405" Y="111"/>
    <Point X="405" Y="115"/>
    <Point X="405" Y="116"/>
    <Point X="405" Y="119"/>
    <Point X="405" Y="120"/>
    <Point X="405" Y="122"/>
    <Point X="405" Y="123"/>
    <Point X="405" Y="124"/>
    <Point X="405" Y="125"/>
    <Point X="405" Y="126"/>
    <Point X="405" Y="127"/>
    <Point X="405" Y="128"/>
    <Point X="406" Y="129"/>
    <Point X="406" Y="130"/>
    <Point X="406" Y="131"/>
    <Point X="406" Y="132"/>
    <Point X="407" Y="133"/>
    <Point X="407" Y="134"/>
    <Point X="408" Y="135"/>
    <Point X="409" Y="138"/>
    <Point X="411" Y="139"/>
    <Point X="411" Y="140"/>
    <Point X="412" Y="142"/>
    <Point X="414" Y="143"/>
    <Point X="415" Y="143"/>
    <Point X="415" Y="144"/>
    <Point X="417" Y="146"/>
    <Point X="418" Y="146"/>
    <Point X="419" Y="147"/>
    <Point X="420" Y="148"/>
    <Point X="421" Y="148"/>
    <Point X="422" Y="148"/>
    <Point X="423" Y="148"/>
    <Point X="422" Y="148"/>
    <Point X="421" Y="148"/>
    <Point X="420" Y="148"/>
    <Point X="418" Y="148"/>
    <Point X="416" Y="149"/>
    <Point X="414" Y="150"/>
    <Point X="413" Y="150"/>
    <Point X="412" Y="150"/>
    <Point X="411" Y="150"/>
    <Point X="411" Y="151"/>
    <Point X="410" Y="151"/>
    <Point X="410" Y="152"/>
    <Point X="409" Y="153"/>
    <Point X="408" Y="153"/>
    <Point X="408" Y="154"/>
    <Point X="408" Y="155"/>
    <Point X="407" Y="156"/>
    <Point X="407" Y="157"/>
    <Point X="407" Y="158"/>
    <Point X="407" Y="159"/>
    <Point X="407" Y="160"/>
    <Point X="407" Y="161"/>
    <Point X="407" Y="164"/>
    <Point X="407" Y="166"/>
    <Point X="407" Y="169"/>
    <Point X="407" Y="171"/>
    <Point X="407" Y="173"/>
    <Point X="407" Y="176"/>
    <Point X="407" Y="178"/>
    <Point X="407" Y="181"/>
    <Point X="407" Y="183"/>
    <Point X="407" Y="185"/>
    <Point X="407" Y="187"/>
    <Point X="407" Y="189"/>
    <Point X="407" Y="191"/>
    <Point X="407" Y="193"/>
    <Point X="407" Y="194"/>
    <Point X="407" Y="197"/>
    <Point X="407" Y="198"/>
    <Point X="407" Y="200"/>
    <Point X="407" Y="202"/>
    <Point X="407" Y="205"/>
    <Point X="407" Y="207"/>
    <Point X="406" Y="209"/>
    <Point X="405" Y="212"/>
    <Point X="404" Y="214"/>
    <Point X="403" Y="216"/>
    <Point X="402" Y="219"/>
    <Point X="400" Y="221"/>
    <Point X="399" Y="223"/>
    <Point X="397" Y="225"/>
    <Point X="395" Y="227"/>
    <Point X="393" Y="229"/>
    <Point X="391" Y="230"/>
    <Point X="388" Y="231"/>
    <Point X="385" Y="232"/>
    <Point X="383" Y="233"/>
    <Point X="383" Y="234"/>
    <Point X="382" Y="234"/>
    <Point X="381" Y="234"/>
    <Point X="381" Y="233"/>
    <Point X="380" Y="232"/>
</Gesture>
