<?xml version="1.0" ?>
<Gesture Name="01" Subject="6" Number="1" NumPts="149">
    <Point X="354" Y="51"/>
    <Point X="355" Y="51"/>
    <Point X="356" Y="51"/>
    <Point X="358" Y="51"/>
    <Point X="359" Y="51"/>
    <Point X="360" Y="51"/>
    <Point X="363" Y="51"/>
    <Point X="365" Y="51"/>
    <Point X="368" Y="51"/>
    <Point X="369" Y="51"/>
    <Point X="370" Y="52"/>
    <Point X="371" Y="52"/>
    <Point X="371" Y="53"/>
    <Point X="372" Y="54"/>
    <Point X="373" Y="55"/>
    <Point X="374" Y="56"/>
    <Point X="375" Y="58"/>
    <Point X="375" Y="59"/>
    <Point X="377" Y="61"/>
    <Point X="377" Y="62"/>
    <Point X="377" Y="63"/>
    <Point X="378" Y="65"/>
    <Point X="378" Y="66"/>
    <Point X="378" Y="67"/>
    <Point X="379" Y="69"/>
    <Point X="379" Y="70"/>
    <Point X="380" Y="71"/>
    <Point X="380" Y="72"/>
    <Point X="380" Y="73"/>
    <Point X="381" Y="75"/>
    <Point X="381" Y="76"/>
    <Point X="381" Y="77"/>
    <Point X="382" Y="78"/>
    <Point X="382" Y="80"/>
    <Point X="382" Y="82"/>
    <Point X="383" Y="84"/>
    <Point X="383" Y="85"/>
    <Point X="383" Y="87"/>
    <Point X="383" Y="88"/>
    <Point X="384" Y="89"/>
    <Point X="384" Y="90"/>
    <Point X="384" Y="92"/>
    <Point X="384" Y="93"/>
    <Point X="385" Y="93"/>
    <Point X="385" Y="95"/>
    <Point X="386" Y="97"/>
    <Point X="386" Y="99"/>
    <Point X="387" Y="101"/>
    <Point X="388" Y="103"/>
    <Point X="388" Y="104"/>
    <Point X="388" Y="105"/>
    <Point X="389" Y="106"/>
    <Point X="390" Y="109"/>
    <Point X="391" Y="111"/>
    <Point X="392" Y="113"/>
    <Point X="393" Y="115"/>
    <Point X="394" Y="116"/>
    <Point X="395" Y="118"/>
    <Point X="397" Y="119"/>
    <Point X="398" Y="121"/>
    <Point X="399" Y="122"/>
    <Point X="401" Y="124"/>
    <Point X="402" Y="125"/>
    <Point X="404" Y="127"/>
    <Point X="406" Y="127"/>
    <Point X="408" Y="128"/>
    <Point X="409" Y="129"/>
    <Point X="411" Y="130"/>
    <Point X="412" Y="130"/>
    <Point X="415" Y="131"/>
    <Point X="417" Y="131"/>
    <Point X="420" Y="131"/>
    <Point X="424" Y="131"/>
    <Point X="427" Y="131"/>
    <Point X="430" Y="131"/>
    <Point X="432" Y="131"/>
    <Point X="434" Y="131"/>
    <Point X="435" Y="131"/>
    <Point X="436" Y="131"/>
    <Point X="434" Y="133"/>
    <Point X="434" Y="134"/>
    <Point X="433" Y="134"/>
    <Point X="430" Y="135"/>
    <Point X="427" Y="136"/>
    <Point X="424" Y="137"/>
    <Point X="421" Y="138"/>
    <Point X="418" Y="138"/>
    <Point X="417" Y="138"/>
    <Point X="417" Y="139"/>
    <Point X="416" Y="139"/>
    <Point X="416" Y="140"/>
    <Point X="415" Y="140"/>
    <Point X="414" Y="142"/>
    <Point X="413" Y="142"/>
    <Point X="413" Y="143"/>
    <Point X="412" Y="143"/>
    <Point X="411" Y="146"/>
    <Point X="410" Y="146"/>
    <Point X="409" Y="149"/>
    <Point X="408" Y="151"/>
    <Point X="408" Y="152"/>
    <Point X="407" Y="154"/>
    <Point X="406" Y="156"/>
    <Point X="405" Y="158"/>
    <Point X="404" Y="161"/>
    <Point X="403" Y="163"/>
    <Point X="402" Y="166"/>
    <Point X="401" Y="168"/>
    <Point X="400" Y="170"/>
    <Point X="400" Y="173"/>
    <Point X="399" Y="177"/>
    <Point X="399" Y="180"/>
    <Point X="398" Y="184"/>
    <Point X="397" Y="187"/>
    <Point X="396" Y="192"/>
    <Point X="396" Y="196"/>
    <Point X="395" Y="201"/>
    <Point X="395" Y="205"/>
    <Point X="395" Y="211"/>
    <Point X="394" Y="215"/>
    <Point X="394" Y="219"/>
    <Point X="394" Y="223"/>
    <Point X="394" Y="227"/>
    <Point X="394" Y="231"/>
    <Point X="394" Y="235"/>
    <Point X="394" Y="239"/>
    <Point X="393" Y="243"/>
    <Point X="392" Y="247"/>
    <Point X="392" Y="251"/>
    <Point X="391" Y="255"/>
    <Point X="390" Y="259"/>
    <Point X="389" Y="263"/>
    <Point X="387" Y="266"/>
    <Point X="385" Y="269"/>
    <Point X="384" Y="272"/>
    <Point X="382" Y="274"/>
    <Point X="382" Y="275"/>
    <Point X="381" Y="276"/>
    <Point X="380" Y="276"/>
    <Point X="380" Y="277"/>
    <Point X="379" Y="277"/>
    <Point X="379" Y="278"/>
    <Point X="377" Y="279"/>
    <Point X="375" Y="280"/>
    <Point X="373" Y="280"/>
    <Point X="372" Y="280"/>
    <Point X="370" Y="280"/>
    <Point X="368" Y="280"/>
    <Point X="369" Y="280"/>
</Gesture>
