<?xml version="1.0" ?>
<Gesture Name="09" Subject="6" Number="9" NumPts="117">
    <Point X="366" Y="87"/>
    <Point X="366" Y="86"/>
    <Point X="366" Y="85"/>
    <Point X="366" Y="84"/>
    <Point X="367" Y="84"/>
    <Point X="367" Y="83"/>
    <Point X="368" Y="83"/>
    <Point X="369" Y="83"/>
    <Point X="369" Y="84"/>
    <Point X="370" Y="84"/>
    <Point X="371" Y="84"/>
    <Point X="371" Y="85"/>
    <Point X="372" Y="86"/>
    <Point X="372" Y="87"/>
    <Point X="373" Y="90"/>
    <Point X="373" Y="91"/>
    <Point X="375" Y="94"/>
    <Point X="375" Y="95"/>
    <Point X="375" Y="96"/>
    <Point X="376" Y="98"/>
    <Point X="376" Y="100"/>
    <Point X="377" Y="102"/>
    <Point X="378" Y="104"/>
    <Point X="379" Y="106"/>
    <Point X="379" Y="107"/>
    <Point X="379" Y="109"/>
    <Point X="380" Y="111"/>
    <Point X="380" Y="113"/>
    <Point X="381" Y="116"/>
    <Point X="382" Y="118"/>
    <Point X="382" Y="119"/>
    <Point X="382" Y="121"/>
    <Point X="382" Y="122"/>
    <Point X="383" Y="125"/>
    <Point X="384" Y="126"/>
    <Point X="384" Y="129"/>
    <Point X="385" Y="130"/>
    <Point X="385" Y="132"/>
    <Point X="386" Y="133"/>
    <Point X="386" Y="135"/>
    <Point X="386" Y="137"/>
    <Point X="387" Y="138"/>
    <Point X="387" Y="140"/>
    <Point X="388" Y="142"/>
    <Point X="389" Y="144"/>
    <Point X="389" Y="145"/>
    <Point X="390" Y="145"/>
    <Point X="391" Y="147"/>
    <Point X="392" Y="147"/>
    <Point X="392" Y="148"/>
    <Point X="394" Y="148"/>
    <Point X="396" Y="150"/>
    <Point X="398" Y="150"/>
    <Point X="398" Y="151"/>
    <Point X="400" Y="151"/>
    <Point X="402" Y="151"/>
    <Point X="403" Y="151"/>
    <Point X="404" Y="151"/>
    <Point X="405" Y="151"/>
    <Point X="406" Y="151"/>
    <Point X="407" Y="150"/>
    <Point X="408" Y="149"/>
    <Point X="409" Y="149"/>
    <Point X="409" Y="148"/>
    <Point X="407" Y="148"/>
    <Point X="406" Y="148"/>
    <Point X="403" Y="149"/>
    <Point X="400" Y="149"/>
    <Point X="398" Y="150"/>
    <Point X="397" Y="150"/>
    <Point X="396" Y="151"/>
    <Point X="396" Y="152"/>
    <Point X="396" Y="154"/>
    <Point X="395" Y="155"/>
    <Point X="394" Y="158"/>
    <Point X="393" Y="159"/>
    <Point X="393" Y="160"/>
    <Point X="393" Y="162"/>
    <Point X="392" Y="164"/>
    <Point X="391" Y="167"/>
    <Point X="391" Y="170"/>
    <Point X="390" Y="172"/>
    <Point X="389" Y="175"/>
    <Point X="389" Y="178"/>
    <Point X="388" Y="181"/>
    <Point X="387" Y="183"/>
    <Point X="387" Y="186"/>
    <Point X="386" Y="189"/>
    <Point X="386" Y="192"/>
    <Point X="386" Y="195"/>
    <Point X="386" Y="199"/>
    <Point X="386" Y="202"/>
    <Point X="386" Y="205"/>
    <Point X="386" Y="209"/>
    <Point X="386" Y="213"/>
    <Point X="385" Y="218"/>
    <Point X="384" Y="222"/>
    <Point X="383" Y="227"/>
    <Point X="382" Y="231"/>
    <Point X="380" Y="235"/>
    <Point X="379" Y="238"/>
    <Point X="378" Y="240"/>
    <Point X="377" Y="242"/>
    <Point X="375" Y="244"/>
    <Point X="374" Y="246"/>
    <Point X="371" Y="248"/>
    <Point X="370" Y="250"/>
    <Point X="367" Y="252"/>
    <Point X="366" Y="254"/>
    <Point X="364" Y="255"/>
    <Point X="363" Y="256"/>
    <Point X="362" Y="257"/>
    <Point X="361" Y="257"/>
    <Point X="361" Y="258"/>
    <Point X="361" Y="257"/>
    <Point X="360" Y="257"/>
    <Point X="360" Y="256"/>
</Gesture>
