<?xml version="1.0" ?>
<Gesture Name="04" Subject="6" Number="4" NumPts="122">
    <Point X="360" Y="71"/>
    <Point X="361" Y="71"/>
    <Point X="363" Y="71"/>
    <Point X="364" Y="71"/>
    <Point X="365" Y="71"/>
    <Point X="367" Y="71"/>
    <Point X="369" Y="72"/>
    <Point X="372" Y="72"/>
    <Point X="374" Y="73"/>
    <Point X="376" Y="74"/>
    <Point X="377" Y="74"/>
    <Point X="377" Y="75"/>
    <Point X="378" Y="75"/>
    <Point X="378" Y="76"/>
    <Point X="378" Y="77"/>
    <Point X="379" Y="78"/>
    <Point X="379" Y="79"/>
    <Point X="380" Y="81"/>
    <Point X="381" Y="83"/>
    <Point X="382" Y="85"/>
    <Point X="382" Y="86"/>
    <Point X="383" Y="87"/>
    <Point X="384" Y="89"/>
    <Point X="384" Y="91"/>
    <Point X="386" Y="92"/>
    <Point X="386" Y="94"/>
    <Point X="387" Y="96"/>
    <Point X="388" Y="97"/>
    <Point X="389" Y="100"/>
    <Point X="390" Y="101"/>
    <Point X="390" Y="102"/>
    <Point X="391" Y="104"/>
    <Point X="391" Y="105"/>
    <Point X="392" Y="107"/>
    <Point X="393" Y="109"/>
    <Point X="394" Y="112"/>
    <Point X="395" Y="114"/>
    <Point X="395" Y="117"/>
    <Point X="396" Y="120"/>
    <Point X="397" Y="122"/>
    <Point X="398" Y="124"/>
    <Point X="400" Y="127"/>
    <Point X="400" Y="129"/>
    <Point X="402" Y="131"/>
    <Point X="403" Y="133"/>
    <Point X="405" Y="135"/>
    <Point X="407" Y="137"/>
    <Point X="408" Y="138"/>
    <Point X="410" Y="140"/>
    <Point X="411" Y="141"/>
    <Point X="413" Y="143"/>
    <Point X="414" Y="145"/>
    <Point X="415" Y="147"/>
    <Point X="417" Y="148"/>
    <Point X="418" Y="150"/>
    <Point X="419" Y="152"/>
    <Point X="421" Y="154"/>
    <Point X="422" Y="156"/>
    <Point X="423" Y="158"/>
    <Point X="424" Y="159"/>
    <Point X="425" Y="159"/>
    <Point X="427" Y="159"/>
    <Point X="427" Y="158"/>
    <Point X="427" Y="159"/>
    <Point X="425" Y="160"/>
    <Point X="422" Y="162"/>
    <Point X="419" Y="162"/>
    <Point X="418" Y="163"/>
    <Point X="415" Y="164"/>
    <Point X="414" Y="165"/>
    <Point X="413" Y="165"/>
    <Point X="411" Y="166"/>
    <Point X="409" Y="167"/>
    <Point X="407" Y="168"/>
    <Point X="406" Y="170"/>
    <Point X="404" Y="171"/>
    <Point X="403" Y="172"/>
    <Point X="402" Y="172"/>
    <Point X="401" Y="173"/>
    <Point X="401" Y="174"/>
    <Point X="399" Y="176"/>
    <Point X="399" Y="177"/>
    <Point X="398" Y="179"/>
    <Point X="396" Y="181"/>
    <Point X="395" Y="183"/>
    <Point X="394" Y="185"/>
    <Point X="393" Y="188"/>
    <Point X="393" Y="189"/>
    <Point X="392" Y="190"/>
    <Point X="391" Y="193"/>
    <Point X="390" Y="195"/>
    <Point X="389" Y="197"/>
    <Point X="389" Y="199"/>
    <Point X="388" Y="201"/>
    <Point X="388" Y="204"/>
    <Point X="387" Y="206"/>
    <Point X="386" Y="209"/>
    <Point X="386" Y="212"/>
    <Point X="385" Y="215"/>
    <Point X="384" Y="219"/>
    <Point X="383" Y="222"/>
    <Point X="382" Y="225"/>
    <Point X="381" Y="228"/>
    <Point X="380" Y="231"/>
    <Point X="379" Y="234"/>
    <Point X="378" Y="237"/>
    <Point X="377" Y="239"/>
    <Point X="377" Y="241"/>
    <Point X="376" Y="242"/>
    <Point X="376" Y="243"/>
    <Point X="376" Y="244"/>
    <Point X="374" Y="245"/>
    <Point X="373" Y="247"/>
    <Point X="373" Y="248"/>
    <Point X="372" Y="250"/>
    <Point X="370" Y="252"/>
    <Point X="367" Y="255"/>
    <Point X="365" Y="258"/>
    <Point X="364" Y="259"/>
    <Point X="363" Y="260"/>
    <Point X="362" Y="261"/>
    <Point X="361" Y="262"/>
</Gesture>
