<?xml version="1.0" ?>
<Gesture Name="05" Subject="6" Number="5" NumPts="134">
    <Point X="366" Y="69"/>
    <Point X="367" Y="69"/>
    <Point X="367" Y="68"/>
    <Point X="368" Y="67"/>
    <Point X="369" Y="67"/>
    <Point X="371" Y="66"/>
    <Point X="373" Y="65"/>
    <Point X="374" Y="65"/>
    <Point X="377" Y="65"/>
    <Point X="378" Y="65"/>
    <Point X="379" Y="65"/>
    <Point X="380" Y="65"/>
    <Point X="381" Y="65"/>
    <Point X="382" Y="66"/>
    <Point X="384" Y="68"/>
    <Point X="384" Y="69"/>
    <Point X="386" Y="71"/>
    <Point X="387" Y="73"/>
    <Point X="388" Y="75"/>
    <Point X="389" Y="76"/>
    <Point X="389" Y="77"/>
    <Point X="390" Y="80"/>
    <Point X="391" Y="82"/>
    <Point X="392" Y="85"/>
    <Point X="393" Y="86"/>
    <Point X="393" Y="87"/>
    <Point X="394" Y="89"/>
    <Point X="394" Y="91"/>
    <Point X="395" Y="92"/>
    <Point X="395" Y="94"/>
    <Point X="395" Y="95"/>
    <Point X="395" Y="97"/>
    <Point X="395" Y="100"/>
    <Point X="396" Y="102"/>
    <Point X="396" Y="104"/>
    <Point X="397" Y="106"/>
    <Point X="397" Y="108"/>
    <Point X="398" Y="111"/>
    <Point X="398" Y="112"/>
    <Point X="398" Y="113"/>
    <Point X="398" Y="114"/>
    <Point X="398" Y="115"/>
    <Point X="398" Y="116"/>
    <Point X="398" Y="117"/>
    <Point X="399" Y="118"/>
    <Point X="399" Y="119"/>
    <Point X="399" Y="120"/>
    <Point X="400" Y="121"/>
    <Point X="400" Y="122"/>
    <Point X="400" Y="124"/>
    <Point X="401" Y="126"/>
    <Point X="402" Y="129"/>
    <Point X="403" Y="131"/>
    <Point X="405" Y="134"/>
    <Point X="406" Y="136"/>
    <Point X="409" Y="139"/>
    <Point X="410" Y="140"/>
    <Point X="412" Y="141"/>
    <Point X="413" Y="143"/>
    <Point X="414" Y="144"/>
    <Point X="415" Y="144"/>
    <Point X="416" Y="145"/>
    <Point X="417" Y="145"/>
    <Point X="418" Y="146"/>
    <Point X="419" Y="146"/>
    <Point X="420" Y="146"/>
    <Point X="421" Y="147"/>
    <Point X="423" Y="147"/>
    <Point X="424" Y="147"/>
    <Point X="425" Y="148"/>
    <Point X="426" Y="148"/>
    <Point X="426" Y="149"/>
    <Point X="425" Y="149"/>
    <Point X="423" Y="150"/>
    <Point X="423" Y="151"/>
    <Point X="421" Y="151"/>
    <Point X="419" Y="151"/>
    <Point X="417" Y="152"/>
    <Point X="415" Y="153"/>
    <Point X="411" Y="154"/>
    <Point X="409" Y="155"/>
    <Point X="407" Y="157"/>
    <Point X="404" Y="158"/>
    <Point X="404" Y="159"/>
    <Point X="403" Y="160"/>
    <Point X="402" Y="160"/>
    <Point X="402" Y="161"/>
    <Point X="401" Y="161"/>
    <Point X="401" Y="162"/>
    <Point X="401" Y="163"/>
    <Point X="399" Y="166"/>
    <Point X="398" Y="167"/>
    <Point X="398" Y="170"/>
    <Point X="397" Y="171"/>
    <Point X="396" Y="172"/>
    <Point X="394" Y="175"/>
    <Point X="393" Y="178"/>
    <Point X="392" Y="180"/>
    <Point X="391" Y="183"/>
    <Point X="390" Y="187"/>
    <Point X="389" Y="190"/>
    <Point X="388" Y="193"/>
    <Point X="388" Y="195"/>
    <Point X="387" Y="198"/>
    <Point X="386" Y="202"/>
    <Point X="385" Y="204"/>
    <Point X="385" Y="208"/>
    <Point X="384" Y="211"/>
    <Point X="384" Y="214"/>
    <Point X="382" Y="218"/>
    <Point X="381" Y="222"/>
    <Point X="380" Y="226"/>
    <Point X="379" Y="230"/>
    <Point X="378" Y="234"/>
    <Point X="377" Y="238"/>
    <Point X="376" Y="241"/>
    <Point X="375" Y="245"/>
    <Point X="373" Y="248"/>
    <Point X="371" Y="252"/>
    <Point X="370" Y="255"/>
    <Point X="369" Y="258"/>
    <Point X="368" Y="261"/>
    <Point X="367" Y="262"/>
    <Point X="366" Y="264"/>
    <Point X="366" Y="265"/>
    <Point X="366" Y="266"/>
    <Point X="365" Y="267"/>
    <Point X="364" Y="267"/>
    <Point X="363" Y="269"/>
    <Point X="361" Y="269"/>
    <Point X="361" Y="270"/>
    <Point X="360" Y="270"/>
    <Point X="359" Y="269"/>
    <Point X="359" Y="267"/>
</Gesture>
