<?xml version="1.0" ?>
<Gesture Name="02" Subject="6" Number="2" NumPts="114">
    <Point X="364" Y="80"/>
    <Point X="365" Y="80"/>
    <Point X="366" Y="80"/>
    <Point X="367" Y="80"/>
    <Point X="368" Y="80"/>
    <Point X="369" Y="80"/>
    <Point X="370" Y="80"/>
    <Point X="371" Y="80"/>
    <Point X="372" Y="81"/>
    <Point X="373" Y="81"/>
    <Point X="373" Y="82"/>
    <Point X="374" Y="82"/>
    <Point X="376" Y="83"/>
    <Point X="376" Y="84"/>
    <Point X="377" Y="86"/>
    <Point X="378" Y="87"/>
    <Point X="380" Y="90"/>
    <Point X="380" Y="91"/>
    <Point X="381" Y="92"/>
    <Point X="381" Y="94"/>
    <Point X="382" Y="96"/>
    <Point X="382" Y="99"/>
    <Point X="383" Y="102"/>
    <Point X="383" Y="106"/>
    <Point X="384" Y="110"/>
    <Point X="384" Y="113"/>
    <Point X="385" Y="117"/>
    <Point X="386" Y="120"/>
    <Point X="386" Y="123"/>
    <Point X="387" Y="125"/>
    <Point X="387" Y="127"/>
    <Point X="388" Y="129"/>
    <Point X="388" Y="131"/>
    <Point X="388" Y="133"/>
    <Point X="389" Y="136"/>
    <Point X="389" Y="137"/>
    <Point X="389" Y="140"/>
    <Point X="390" Y="142"/>
    <Point X="390" Y="144"/>
    <Point X="390" Y="147"/>
    <Point X="391" Y="149"/>
    <Point X="391" Y="151"/>
    <Point X="392" Y="155"/>
    <Point X="393" Y="157"/>
    <Point X="395" Y="160"/>
    <Point X="396" Y="162"/>
    <Point X="397" Y="165"/>
    <Point X="399" Y="167"/>
    <Point X="401" Y="170"/>
    <Point X="403" Y="172"/>
    <Point X="405" Y="174"/>
    <Point X="407" Y="176"/>
    <Point X="410" Y="178"/>
    <Point X="413" Y="181"/>
    <Point X="415" Y="183"/>
    <Point X="417" Y="185"/>
    <Point X="417" Y="186"/>
    <Point X="415" Y="186"/>
    <Point X="414" Y="186"/>
    <Point X="413" Y="187"/>
    <Point X="411" Y="188"/>
    <Point X="410" Y="188"/>
    <Point X="409" Y="188"/>
    <Point X="409" Y="189"/>
    <Point X="408" Y="189"/>
    <Point X="407" Y="190"/>
    <Point X="406" Y="191"/>
    <Point X="404" Y="193"/>
    <Point X="403" Y="194"/>
    <Point X="401" Y="196"/>
    <Point X="400" Y="198"/>
    <Point X="398" Y="200"/>
    <Point X="397" Y="201"/>
    <Point X="396" Y="204"/>
    <Point X="394" Y="206"/>
    <Point X="393" Y="207"/>
    <Point X="393" Y="209"/>
    <Point X="392" Y="210"/>
    <Point X="392" Y="211"/>
    <Point X="391" Y="212"/>
    <Point X="391" Y="213"/>
    <Point X="390" Y="216"/>
    <Point X="389" Y="219"/>
    <Point X="388" Y="222"/>
    <Point X="387" Y="226"/>
    <Point X="385" Y="230"/>
    <Point X="384" Y="235"/>
    <Point X="383" Y="240"/>
    <Point X="382" Y="244"/>
    <Point X="381" Y="248"/>
    <Point X="381" Y="251"/>
    <Point X="380" Y="255"/>
    <Point X="380" Y="258"/>
    <Point X="379" Y="261"/>
    <Point X="378" Y="263"/>
    <Point X="377" Y="266"/>
    <Point X="377" Y="269"/>
    <Point X="376" Y="273"/>
    <Point X="375" Y="276"/>
    <Point X="373" Y="279"/>
    <Point X="372" Y="282"/>
    <Point X="371" Y="285"/>
    <Point X="369" Y="287"/>
    <Point X="368" Y="290"/>
    <Point X="368" Y="291"/>
    <Point X="367" Y="293"/>
    <Point X="366" Y="295"/>
    <Point X="365" Y="297"/>
    <Point X="363" Y="299"/>
    <Point X="362" Y="300"/>
    <Point X="360" Y="302"/>
    <Point X="358" Y="304"/>
    <Point X="356" Y="305"/>
    <Point X="355" Y="305"/>
</Gesture>
