<?xml version="1.0" ?>
<Gesture Name="03" Subject="6" Number="3" NumPts="89">
    <Point X="356" Y="99"/>
    <Point X="357" Y="99"/>
    <Point X="359" Y="99"/>
    <Point X="360" Y="99"/>
    <Point X="363" Y="99"/>
    <Point X="367" Y="99"/>
    <Point X="372" Y="99"/>
    <Point X="378" Y="99"/>
    <Point X="383" Y="99"/>
    <Point X="388" Y="99"/>
    <Point X="393" Y="99"/>
    <Point X="396" Y="99"/>
    <Point X="397" Y="99"/>
    <Point X="398" Y="100"/>
    <Point X="398" Y="101"/>
    <Point X="398" Y="102"/>
    <Point X="398" Y="104"/>
    <Point X="399" Y="106"/>
    <Point X="399" Y="107"/>
    <Point X="399" Y="108"/>
    <Point X="399" Y="111"/>
    <Point X="399" Y="114"/>
    <Point X="399" Y="118"/>
    <Point X="399" Y="122"/>
    <Point X="399" Y="126"/>
    <Point X="399" Y="131"/>
    <Point X="399" Y="136"/>
    <Point X="399" Y="141"/>
    <Point X="399" Y="146"/>
    <Point X="399" Y="150"/>
    <Point X="399" Y="154"/>
    <Point X="400" Y="159"/>
    <Point X="400" Y="163"/>
    <Point X="401" Y="167"/>
    <Point X="401" Y="171"/>
    <Point X="402" Y="176"/>
    <Point X="403" Y="181"/>
    <Point X="403" Y="185"/>
    <Point X="404" Y="190"/>
    <Point X="404" Y="195"/>
    <Point X="404" Y="198"/>
    <Point X="405" Y="202"/>
    <Point X="405" Y="205"/>
    <Point X="405" Y="206"/>
    <Point X="405" Y="208"/>
    <Point X="405" Y="210"/>
    <Point X="406" Y="210"/>
    <Point X="406" Y="211"/>
    <Point X="406" Y="212"/>
    <Point X="406" Y="214"/>
    <Point X="406" Y="215"/>
    <Point X="406" Y="218"/>
    <Point X="406" Y="220"/>
    <Point X="406" Y="222"/>
    <Point X="406" Y="224"/>
    <Point X="406" Y="227"/>
    <Point X="406" Y="230"/>
    <Point X="406" Y="232"/>
    <Point X="407" Y="234"/>
    <Point X="407" Y="236"/>
    <Point X="407" Y="238"/>
    <Point X="407" Y="239"/>
    <Point X="407" Y="240"/>
    <Point X="407" Y="241"/>
    <Point X="407" Y="242"/>
    <Point X="406" Y="242"/>
    <Point X="405" Y="242"/>
    <Point X="404" Y="242"/>
    <Point X="402" Y="243"/>
    <Point X="399" Y="243"/>
    <Point X="398" Y="243"/>
    <Point X="395" Y="243"/>
    <Point X="392" Y="243"/>
    <Point X="388" Y="243"/>
    <Point X="384" Y="243"/>
    <Point X="380" Y="243"/>
    <Point X="377" Y="243"/>
    <Point X="374" Y="243"/>
    <Point X="373" Y="243"/>
    <Point X="371" Y="243"/>
    <Point X="370" Y="243"/>
    <Point X="369" Y="243"/>
    <Point X="368" Y="243"/>
    <Point X="366" Y="243"/>
    <Point X="365" Y="243"/>
    <Point X="363" Y="243"/>
    <Point X="362" Y="243"/>
    <Point X="360" Y="244"/>
    <Point X="359" Y="244"/>
</Gesture>
