<?xml version="1.0" ?>
<Gesture Name="03" Subject="6" Number="3" NumPts="118">
    <Point X="353" Y="55"/>
    <Point X="354" Y="54"/>
    <Point X="355" Y="54"/>
    <Point X="356" Y="54"/>
    <Point X="357" Y="54"/>
    <Point X="358" Y="54"/>
    <Point X="359" Y="54"/>
    <Point X="360" Y="54"/>
    <Point X="361" Y="54"/>
    <Point X="361" Y="55"/>
    <Point X="362" Y="56"/>
    <Point X="362" Y="57"/>
    <Point X="363" Y="59"/>
    <Point X="364" Y="59"/>
    <Point X="364" Y="61"/>
    <Point X="365" Y="63"/>
    <Point X="366" Y="64"/>
    <Point X="366" Y="66"/>
    <Point X="366" Y="68"/>
    <Point X="366" Y="69"/>
    <Point X="367" Y="71"/>
    <Point X="367" Y="73"/>
    <Point X="368" Y="76"/>
    <Point X="368" Y="79"/>
    <Point X="369" Y="83"/>
    <Point X="369" Y="87"/>
    <Point X="370" Y="90"/>
    <Point X="370" Y="92"/>
    <Point X="371" Y="95"/>
    <Point X="372" Y="98"/>
    <Point X="373" Y="100"/>
    <Point X="373" Y="102"/>
    <Point X="374" Y="104"/>
    <Point X="374" Y="106"/>
    <Point X="375" Y="107"/>
    <Point X="375" Y="109"/>
    <Point X="375" Y="110"/>
    <Point X="375" Y="112"/>
    <Point X="376" Y="114"/>
    <Point X="376" Y="116"/>
    <Point X="376" Y="118"/>
    <Point X="377" Y="120"/>
    <Point X="377" Y="122"/>
    <Point X="378" Y="124"/>
    <Point X="378" Y="126"/>
    <Point X="378" Y="128"/>
    <Point X="379" Y="130"/>
    <Point X="380" Y="131"/>
    <Point X="380" Y="132"/>
    <Point X="380" Y="133"/>
    <Point X="381" Y="134"/>
    <Point X="382" Y="134"/>
    <Point X="383" Y="135"/>
    <Point X="384" Y="135"/>
    <Point X="385" Y="135"/>
    <Point X="388" Y="135"/>
    <Point X="391" Y="135"/>
    <Point X="394" Y="136"/>
    <Point X="397" Y="136"/>
    <Point X="399" Y="136"/>
    <Point X="401" Y="136"/>
    <Point X="403" Y="136"/>
    <Point X="404" Y="136"/>
    <Point X="405" Y="136"/>
    <Point X="406" Y="136"/>
    <Point X="407" Y="136"/>
    <Point X="406" Y="137"/>
    <Point X="404" Y="137"/>
    <Point X="401" Y="137"/>
    <Point X="396" Y="138"/>
    <Point X="392" Y="138"/>
    <Point X="388" Y="139"/>
    <Point X="384" Y="140"/>
    <Point X="381" Y="140"/>
    <Point X="380" Y="141"/>
    <Point X="378" Y="142"/>
    <Point X="376" Y="143"/>
    <Point X="375" Y="144"/>
    <Point X="374" Y="146"/>
    <Point X="373" Y="146"/>
    <Point X="373" Y="147"/>
    <Point X="372" Y="148"/>
    <Point X="371" Y="149"/>
    <Point X="370" Y="151"/>
    <Point X="370" Y="152"/>
    <Point X="370" Y="154"/>
    <Point X="369" Y="156"/>
    <Point X="369" Y="157"/>
    <Point X="368" Y="159"/>
    <Point X="368" Y="162"/>
    <Point X="368" Y="166"/>
    <Point X="367" Y="171"/>
    <Point X="367" Y="175"/>
    <Point X="367" Y="180"/>
    <Point X="366" Y="185"/>
    <Point X="366" Y="189"/>
    <Point X="365" Y="193"/>
    <Point X="364" Y="197"/>
    <Point X="364" Y="200"/>
    <Point X="363" Y="203"/>
    <Point X="363" Y="205"/>
    <Point X="363" Y="207"/>
    <Point X="363" Y="209"/>
    <Point X="363" Y="212"/>
    <Point X="363" Y="216"/>
    <Point X="362" Y="219"/>
    <Point X="360" Y="228"/>
    <Point X="359" Y="233"/>
    <Point X="358" Y="237"/>
    <Point X="355" Y="241"/>
    <Point X="353" Y="244"/>
    <Point X="350" Y="246"/>
    <Point X="348" Y="248"/>
    <Point X="345" Y="251"/>
    <Point X="342" Y="252"/>
    <Point X="340" Y="253"/>
    <Point X="337" Y="254"/>
    <Point X="336" Y="254"/>
</Gesture>
