<?xml version="1.0" ?>
<Gesture Name="06" Subject="6" Number="6" NumPts="148">
    <Point X="375" Y="65"/>
    <Point X="375" Y="64"/>
    <Point X="376" Y="64"/>
    <Point X="377" Y="64"/>
    <Point X="377" Y="63"/>
    <Point X="378" Y="63"/>
    <Point X="379" Y="63"/>
    <Point X="380" Y="63"/>
    <Point X="381" Y="63"/>
    <Point X="382" Y="63"/>
    <Point X="383" Y="63"/>
    <Point X="383" Y="64"/>
    <Point X="384" Y="64"/>
    <Point X="385" Y="65"/>
    <Point X="385" Y="66"/>
    <Point X="387" Y="68"/>
    <Point X="387" Y="69"/>
    <Point X="388" Y="71"/>
    <Point X="390" Y="72"/>
    <Point X="392" Y="75"/>
    <Point X="393" Y="77"/>
    <Point X="395" Y="79"/>
    <Point X="396" Y="80"/>
    <Point X="398" Y="82"/>
    <Point X="399" Y="83"/>
    <Point X="399" Y="84"/>
    <Point X="400" Y="85"/>
    <Point X="401" Y="87"/>
    <Point X="401" Y="88"/>
    <Point X="402" Y="88"/>
    <Point X="403" Y="89"/>
    <Point X="403" Y="90"/>
    <Point X="404" Y="90"/>
    <Point X="404" Y="91"/>
    <Point X="405" Y="92"/>
    <Point X="406" Y="93"/>
    <Point X="406" Y="94"/>
    <Point X="407" Y="96"/>
    <Point X="408" Y="97"/>
    <Point X="408" Y="99"/>
    <Point X="409" Y="100"/>
    <Point X="409" Y="101"/>
    <Point X="409" Y="104"/>
    <Point X="410" Y="104"/>
    <Point X="410" Y="106"/>
    <Point X="411" Y="108"/>
    <Point X="411" Y="110"/>
    <Point X="411" Y="111"/>
    <Point X="411" Y="113"/>
    <Point X="411" Y="114"/>
    <Point X="411" Y="115"/>
    <Point X="411" Y="116"/>
    <Point X="411" Y="118"/>
    <Point X="411" Y="119"/>
    <Point X="411" Y="121"/>
    <Point X="411" Y="122"/>
    <Point X="411" Y="123"/>
    <Point X="411" Y="125"/>
    <Point X="411" Y="126"/>
    <Point X="412" Y="127"/>
    <Point X="412" Y="129"/>
    <Point X="412" Y="130"/>
    <Point X="413" Y="131"/>
    <Point X="413" Y="133"/>
    <Point X="413" Y="134"/>
    <Point X="413" Y="135"/>
    <Point X="415" Y="137"/>
    <Point X="416" Y="139"/>
    <Point X="417" Y="140"/>
    <Point X="418" Y="141"/>
    <Point X="419" Y="143"/>
    <Point X="420" Y="144"/>
    <Point X="422" Y="145"/>
    <Point X="424" Y="145"/>
    <Point X="426" Y="147"/>
    <Point X="428" Y="148"/>
    <Point X="432" Y="149"/>
    <Point X="434" Y="150"/>
    <Point X="436" Y="151"/>
    <Point X="438" Y="152"/>
    <Point X="440" Y="153"/>
    <Point X="441" Y="153"/>
    <Point X="442" Y="153"/>
    <Point X="443" Y="153"/>
    <Point X="444" Y="153"/>
    <Point X="444" Y="152"/>
    <Point X="442" Y="153"/>
    <Point X="440" Y="153"/>
    <Point X="438" Y="153"/>
    <Point X="435" Y="153"/>
    <Point X="433" Y="153"/>
    <Point X="431" Y="154"/>
    <Point X="430" Y="154"/>
    <Point X="429" Y="154"/>
    <Point X="429" Y="155"/>
    <Point X="428" Y="155"/>
    <Point X="428" Y="156"/>
    <Point X="427" Y="156"/>
    <Point X="427" Y="157"/>
    <Point X="426" Y="158"/>
    <Point X="426" Y="159"/>
    <Point X="425" Y="161"/>
    <Point X="424" Y="162"/>
    <Point X="424" Y="165"/>
    <Point X="423" Y="166"/>
    <Point X="423" Y="169"/>
    <Point X="423" Y="171"/>
    <Point X="423" Y="172"/>
    <Point X="423" Y="174"/>
    <Point X="423" Y="176"/>
    <Point X="422" Y="179"/>
    <Point X="421" Y="183"/>
    <Point X="421" Y="186"/>
    <Point X="421" Y="190"/>
    <Point X="421" Y="194"/>
    <Point X="421" Y="198"/>
    <Point X="420" Y="202"/>
    <Point X="420" Y="207"/>
    <Point X="419" Y="212"/>
    <Point X="418" Y="217"/>
    <Point X="417" Y="224"/>
    <Point X="415" Y="230"/>
    <Point X="414" Y="235"/>
    <Point X="413" Y="241"/>
    <Point X="411" Y="246"/>
    <Point X="410" Y="251"/>
    <Point X="409" Y="255"/>
    <Point X="408" Y="258"/>
    <Point X="407" Y="262"/>
    <Point X="406" Y="265"/>
    <Point X="406" Y="268"/>
    <Point X="405" Y="271"/>
    <Point X="404" Y="273"/>
    <Point X="403" Y="276"/>
    <Point X="402" Y="279"/>
    <Point X="401" Y="282"/>
    <Point X="400" Y="285"/>
    <Point X="399" Y="287"/>
    <Point X="397" Y="290"/>
    <Point X="396" Y="292"/>
    <Point X="394" Y="294"/>
    <Point X="393" Y="294"/>
    <Point X="391" Y="296"/>
    <Point X="390" Y="296"/>
    <Point X="389" Y="295"/>
    <Point X="389" Y="294"/>
    <Point X="389" Y="293"/>
    <Point X="389" Y="292"/>
</Gesture>
