<?xml version="1.0" ?>
<Gesture Name="08" Subject="6" Number="8" NumPts="57">
    <Point X="379" Y="82"/>
    <Point X="380" Y="82"/>
    <Point X="382" Y="82"/>
    <Point X="383" Y="82"/>
    <Point X="386" Y="83"/>
    <Point X="390" Y="83"/>
    <Point X="395" Y="84"/>
    <Point X="400" Y="85"/>
    <Point X="406" Y="86"/>
    <Point X="411" Y="86"/>
    <Point X="417" Y="86"/>
    <Point X="421" Y="86"/>
    <Point X="425" Y="86"/>
    <Point X="428" Y="87"/>
    <Point X="429" Y="87"/>
    <Point X="430" Y="87"/>
    <Point X="430" Y="88"/>
    <Point X="430" Y="91"/>
    <Point X="431" Y="93"/>
    <Point X="431" Y="95"/>
    <Point X="432" Y="98"/>
    <Point X="433" Y="103"/>
    <Point X="434" Y="109"/>
    <Point X="434" Y="115"/>
    <Point X="435" Y="122"/>
    <Point X="436" Y="128"/>
    <Point X="436" Y="135"/>
    <Point X="437" Y="143"/>
    <Point X="437" Y="149"/>
    <Point X="437" Y="156"/>
    <Point X="437" Y="162"/>
    <Point X="437" Y="167"/>
    <Point X="437" Y="173"/>
    <Point X="437" Y="178"/>
    <Point X="437" Y="184"/>
    <Point X="437" Y="187"/>
    <Point X="437" Y="191"/>
    <Point X="437" Y="194"/>
    <Point X="437" Y="196"/>
    <Point X="437" Y="198"/>
    <Point X="437" Y="199"/>
    <Point X="437" Y="200"/>
    <Point X="437" Y="201"/>
    <Point X="437" Y="202"/>
    <Point X="437" Y="203"/>
    <Point X="435" Y="203"/>
    <Point X="433" Y="203"/>
    <Point X="430" Y="203"/>
    <Point X="426" Y="203"/>
    <Point X="420" Y="203"/>
    <Point X="415" Y="204"/>
    <Point X="410" Y="204"/>
    <Point X="405" Y="204"/>
    <Point X="401" Y="204"/>
    <Point X="398" Y="204"/>
    <Point X="397" Y="204"/>
    <Point X="396" Y="204"/>
</Gesture>
