<?xml version="1.0" ?>
<Gesture Name="06" Subject="6" Number="6" NumPts="75">
    <Point X="366" Y="68"/>
    <Point X="367" Y="68"/>
    <Point X="368" Y="68"/>
    <Point X="369" Y="68"/>
    <Point X="372" Y="69"/>
    <Point X="374" Y="69"/>
    <Point X="375" Y="69"/>
    <Point X="376" Y="69"/>
    <Point X="379" Y="69"/>
    <Point X="382" Y="69"/>
    <Point X="384" Y="69"/>
    <Point X="387" Y="69"/>
    <Point X="389" Y="69"/>
    <Point X="392" Y="69"/>
    <Point X="395" Y="69"/>
    <Point X="397" Y="69"/>
    <Point X="399" Y="69"/>
    <Point X="400" Y="69"/>
    <Point X="400" Y="70"/>
    <Point X="401" Y="71"/>
    <Point X="401" Y="72"/>
    <Point X="402" Y="75"/>
    <Point X="402" Y="76"/>
    <Point X="402" Y="77"/>
    <Point X="402" Y="80"/>
    <Point X="402" Y="83"/>
    <Point X="403" Y="87"/>
    <Point X="403" Y="91"/>
    <Point X="403" Y="97"/>
    <Point X="403" Y="103"/>
    <Point X="403" Y="109"/>
    <Point X="403" Y="115"/>
    <Point X="403" Y="121"/>
    <Point X="403" Y="125"/>
    <Point X="403" Y="130"/>
    <Point X="403" Y="134"/>
    <Point X="403" Y="138"/>
    <Point X="403" Y="141"/>
    <Point X="403" Y="144"/>
    <Point X="403" Y="148"/>
    <Point X="403" Y="152"/>
    <Point X="403" Y="156"/>
    <Point X="403" Y="159"/>
    <Point X="403" Y="163"/>
    <Point X="403" Y="168"/>
    <Point X="403" Y="172"/>
    <Point X="403" Y="176"/>
    <Point X="403" Y="179"/>
    <Point X="403" Y="181"/>
    <Point X="403" Y="183"/>
    <Point X="403" Y="185"/>
    <Point X="403" Y="186"/>
    <Point X="403" Y="187"/>
    <Point X="403" Y="188"/>
    <Point X="403" Y="189"/>
    <Point X="403" Y="190"/>
    <Point X="403" Y="191"/>
    <Point X="403" Y="193"/>
    <Point X="403" Y="194"/>
    <Point X="403" Y="196"/>
    <Point X="403" Y="197"/>
    <Point X="403" Y="198"/>
    <Point X="403" Y="199"/>
    <Point X="402" Y="199"/>
    <Point X="400" Y="199"/>
    <Point X="398" Y="199"/>
    <Point X="396" Y="199"/>
    <Point X="393" Y="199"/>
    <Point X="388" Y="199"/>
    <Point X="383" Y="199"/>
    <Point X="377" Y="199"/>
    <Point X="371" Y="199"/>
    <Point X="366" Y="199"/>
    <Point X="362" Y="199"/>
    <Point X="361" Y="199"/>
</Gesture>
