<?xml version="1.0" ?>
<Gesture Name="02" Subject="6" Number="2" NumPts="79">
    <Point X="364" Y="99"/>
    <Point X="366" Y="99"/>
    <Point X="367" Y="99"/>
    <Point X="370" Y="99"/>
    <Point X="375" Y="99"/>
    <Point X="381" Y="99"/>
    <Point X="386" Y="99"/>
    <Point X="392" Y="99"/>
    <Point X="398" Y="99"/>
    <Point X="403" Y="99"/>
    <Point X="408" Y="99"/>
    <Point X="411" Y="99"/>
    <Point X="414" Y="100"/>
    <Point X="416" Y="100"/>
    <Point X="417" Y="100"/>
    <Point X="418" Y="100"/>
    <Point X="419" Y="101"/>
    <Point X="419" Y="103"/>
    <Point X="419" Y="106"/>
    <Point X="419" Y="107"/>
    <Point X="419" Y="108"/>
    <Point X="419" Y="110"/>
    <Point X="420" Y="112"/>
    <Point X="420" Y="114"/>
    <Point X="420" Y="118"/>
    <Point X="420" Y="121"/>
    <Point X="420" Y="125"/>
    <Point X="421" Y="129"/>
    <Point X="421" Y="134"/>
    <Point X="422" Y="139"/>
    <Point X="423" Y="143"/>
    <Point X="424" Y="148"/>
    <Point X="425" Y="153"/>
    <Point X="426" Y="159"/>
    <Point X="427" Y="164"/>
    <Point X="428" Y="170"/>
    <Point X="428" Y="176"/>
    <Point X="430" Y="183"/>
    <Point X="430" Y="188"/>
    <Point X="431" Y="193"/>
    <Point X="431" Y="198"/>
    <Point X="432" Y="204"/>
    <Point X="432" Y="208"/>
    <Point X="433" Y="213"/>
    <Point X="433" Y="218"/>
    <Point X="433" Y="222"/>
    <Point X="433" Y="226"/>
    <Point X="433" Y="230"/>
    <Point X="433" Y="235"/>
    <Point X="433" Y="239"/>
    <Point X="433" Y="243"/>
    <Point X="434" Y="248"/>
    <Point X="434" Y="253"/>
    <Point X="434" Y="256"/>
    <Point X="435" Y="261"/>
    <Point X="436" Y="265"/>
    <Point X="436" Y="268"/>
    <Point X="436" Y="270"/>
    <Point X="436" Y="272"/>
    <Point X="436" Y="274"/>
    <Point X="436" Y="275"/>
    <Point X="436" Y="276"/>
    <Point X="436" Y="277"/>
    <Point X="436" Y="278"/>
    <Point X="435" Y="278"/>
    <Point X="433" Y="279"/>
    <Point X="432" Y="279"/>
    <Point X="430" Y="280"/>
    <Point X="426" Y="281"/>
    <Point X="421" Y="282"/>
    <Point X="414" Y="282"/>
    <Point X="405" Y="283"/>
    <Point X="397" Y="284"/>
    <Point X="388" Y="284"/>
    <Point X="381" Y="284"/>
    <Point X="377" Y="284"/>
    <Point X="374" Y="284"/>
    <Point X="371" Y="284"/>
    <Point X="369" Y="284"/>
</Gesture>
