<?xml version="1.0" ?>
<Gesture Name="10" Subject="6" Number="10" NumPts="87">
    <Point X="380" Y="45"/>
    <Point X="381" Y="45"/>
    <Point X="382" Y="45"/>
    <Point X="383" Y="45"/>
    <Point X="386" Y="45"/>
    <Point X="388" Y="45"/>
    <Point X="389" Y="45"/>
    <Point X="391" Y="45"/>
    <Point X="395" Y="45"/>
    <Point X="400" Y="45"/>
    <Point X="404" Y="45"/>
    <Point X="408" Y="45"/>
    <Point X="413" Y="45"/>
    <Point X="416" Y="45"/>
    <Point X="418" Y="45"/>
    <Point X="421" Y="45"/>
    <Point X="423" Y="45"/>
    <Point X="426" Y="45"/>
    <Point X="427" Y="45"/>
    <Point X="430" Y="45"/>
    <Point X="431" Y="45"/>
    <Point X="433" Y="45"/>
    <Point X="434" Y="45"/>
    <Point X="435" Y="45"/>
    <Point X="436" Y="46"/>
    <Point X="436" Y="48"/>
    <Point X="436" Y="50"/>
    <Point X="436" Y="51"/>
    <Point X="436" Y="54"/>
    <Point X="436" Y="58"/>
    <Point X="436" Y="64"/>
    <Point X="436" Y="70"/>
    <Point X="436" Y="76"/>
    <Point X="436" Y="82"/>
    <Point X="436" Y="88"/>
    <Point X="435" Y="94"/>
    <Point X="434" Y="99"/>
    <Point X="434" Y="103"/>
    <Point X="434" Y="107"/>
    <Point X="434" Y="110"/>
    <Point X="434" Y="112"/>
    <Point X="434" Y="116"/>
    <Point X="434" Y="119"/>
    <Point X="434" Y="122"/>
    <Point X="434" Y="126"/>
    <Point X="434" Y="130"/>
    <Point X="434" Y="135"/>
    <Point X="434" Y="141"/>
    <Point X="434" Y="148"/>
    <Point X="434" Y="154"/>
    <Point X="435" Y="161"/>
    <Point X="435" Y="167"/>
    <Point X="436" Y="172"/>
    <Point X="436" Y="178"/>
    <Point X="436" Y="182"/>
    <Point X="437" Y="186"/>
    <Point X="437" Y="189"/>
    <Point X="437" Y="192"/>
    <Point X="437" Y="194"/>
    <Point X="437" Y="196"/>
    <Point X="437" Y="198"/>
    <Point X="437" Y="200"/>
    <Point X="437" Y="201"/>
    <Point X="437" Y="203"/>
    <Point X="437" Y="205"/>
    <Point X="437" Y="206"/>
    <Point X="437" Y="209"/>
    <Point X="437" Y="210"/>
    <Point X="437" Y="211"/>
    <Point X="437" Y="212"/>
    <Point X="437" Y="213"/>
    <Point X="437" Y="214"/>
    <Point X="437" Y="215"/>
    <Point X="435" Y="216"/>
    <Point X="434" Y="216"/>
    <Point X="432" Y="216"/>
    <Point X="427" Y="216"/>
    <Point X="422" Y="216"/>
    <Point X="416" Y="216"/>
    <Point X="410" Y="216"/>
    <Point X="405" Y="216"/>
    <Point X="399" Y="216"/>
    <Point X="395" Y="216"/>
    <Point X="391" Y="216"/>
    <Point X="388" Y="216"/>
    <Point X="386" Y="216"/>
    <Point X="384" Y="216"/>
</Gesture>
