<?xml version="1.0" ?>
<Gesture Name="07" Subject="6" Number="7" NumPts="62">
    <Point X="365" Y="79"/>
    <Point X="366" Y="78"/>
    <Point X="367" Y="78"/>
    <Point X="369" Y="78"/>
    <Point X="370" Y="78"/>
    <Point X="374" Y="78"/>
    <Point X="378" Y="78"/>
    <Point X="385" Y="78"/>
    <Point X="390" Y="78"/>
    <Point X="395" Y="78"/>
    <Point X="400" Y="78"/>
    <Point X="405" Y="78"/>
    <Point X="409" Y="78"/>
    <Point X="413" Y="78"/>
    <Point X="416" Y="78"/>
    <Point X="420" Y="78"/>
    <Point X="421" Y="80"/>
    <Point X="421" Y="83"/>
    <Point X="422" Y="85"/>
    <Point X="422" Y="87"/>
    <Point X="422" Y="89"/>
    <Point X="422" Y="93"/>
    <Point X="422" Y="98"/>
    <Point X="422" Y="102"/>
    <Point X="422" Y="108"/>
    <Point X="422" Y="114"/>
    <Point X="422" Y="120"/>
    <Point X="422" Y="127"/>
    <Point X="422" Y="134"/>
    <Point X="424" Y="142"/>
    <Point X="424" Y="150"/>
    <Point X="425" Y="158"/>
    <Point X="426" Y="165"/>
    <Point X="427" Y="171"/>
    <Point X="428" Y="176"/>
    <Point X="429" Y="182"/>
    <Point X="429" Y="187"/>
    <Point X="430" Y="193"/>
    <Point X="430" Y="198"/>
    <Point X="431" Y="203"/>
    <Point X="432" Y="207"/>
    <Point X="432" Y="212"/>
    <Point X="433" Y="217"/>
    <Point X="433" Y="221"/>
    <Point X="434" Y="224"/>
    <Point X="434" Y="227"/>
    <Point X="434" Y="229"/>
    <Point X="434" Y="231"/>
    <Point X="434" Y="232"/>
    <Point X="434" Y="233"/>
    <Point X="434" Y="234"/>
    <Point X="434" Y="235"/>
    <Point X="432" Y="235"/>
    <Point X="430" Y="235"/>
    <Point X="426" Y="235"/>
    <Point X="420" Y="235"/>
    <Point X="412" Y="235"/>
    <Point X="404" Y="235"/>
    <Point X="395" Y="235"/>
    <Point X="387" Y="235"/>
    <Point X="381" Y="235"/>
    <Point X="375" Y="235"/>
</Gesture>
