<?xml version="1.0" ?>
<Gesture Name="08" Subject="6" Number="8" NumPts="159">
    <Point X="317" Y="301"/>
    <Point X="317" Y="300"/>
    <Point X="317" Y="299"/>
    <Point X="317" Y="298"/>
    <Point X="317" Y="296"/>
    <Point X="317" Y="294"/>
    <Point X="317" Y="291"/>
    <Point X="317" Y="286"/>
    <Point X="317" Y="280"/>
    <Point X="317" Y="273"/>
    <Point X="317" Y="266"/>
    <Point X="318" Y="257"/>
    <Point X="318" Y="248"/>
    <Point X="318" Y="239"/>
    <Point X="319" Y="230"/>
    <Point X="320" Y="220"/>
    <Point X="320" Y="209"/>
    <Point X="321" Y="200"/>
    <Point X="322" Y="190"/>
    <Point X="324" Y="182"/>
    <Point X="325" Y="174"/>
    <Point X="326" Y="167"/>
    <Point X="328" Y="161"/>
    <Point X="329" Y="156"/>
    <Point X="329" Y="153"/>
    <Point X="330" Y="151"/>
    <Point X="330" Y="150"/>
    <Point X="330" Y="149"/>
    <Point X="330" Y="148"/>
    <Point X="331" Y="148"/>
    <Point X="331" Y="147"/>
    <Point X="332" Y="146"/>
    <Point X="332" Y="145"/>
    <Point X="334" Y="146"/>
    <Point X="336" Y="148"/>
    <Point X="336" Y="149"/>
    <Point X="339" Y="151"/>
    <Point X="341" Y="154"/>
    <Point X="344" Y="158"/>
    <Point X="347" Y="163"/>
    <Point X="352" Y="168"/>
    <Point X="355" Y="173"/>
    <Point X="359" Y="178"/>
    <Point X="362" Y="185"/>
    <Point X="366" Y="190"/>
    <Point X="370" Y="196"/>
    <Point X="373" Y="203"/>
    <Point X="377" Y="208"/>
    <Point X="381" Y="215"/>
    <Point X="384" Y="220"/>
    <Point X="387" Y="226"/>
    <Point X="390" Y="231"/>
    <Point X="393" Y="238"/>
    <Point X="397" Y="244"/>
    <Point X="399" Y="250"/>
    <Point X="401" Y="256"/>
    <Point X="404" Y="262"/>
    <Point X="406" Y="267"/>
    <Point X="407" Y="273"/>
    <Point X="409" Y="278"/>
    <Point X="411" Y="283"/>
    <Point X="412" Y="287"/>
    <Point X="413" Y="290"/>
    <Point X="414" Y="292"/>
    <Point X="415" Y="294"/>
    <Point X="414" Y="292"/>
    <Point X="411" Y="290"/>
    <Point X="410" Y="288"/>
    <Point X="406" Y="286"/>
    <Point X="402" Y="282"/>
    <Point X="396" Y="278"/>
    <Point X="389" Y="274"/>
    <Point X="382" Y="270"/>
    <Point X="374" Y="265"/>
    <Point X="366" Y="262"/>
    <Point X="359" Y="258"/>
    <Point X="352" Y="256"/>
    <Point X="346" Y="253"/>
    <Point X="339" Y="251"/>
    <Point X="331" Y="250"/>
    <Point X="322" Y="249"/>
    <Point X="315" Y="248"/>
    <Point X="308" Y="247"/>
    <Point X="302" Y="247"/>
    <Point X="296" Y="247"/>
    <Point X="290" Y="247"/>
    <Point X="285" Y="247"/>
    <Point X="279" Y="247"/>
    <Point X="274" Y="247"/>
    <Point X="271" Y="247"/>
    <Point X="268" Y="247"/>
    <Point X="267" Y="247"/>
    <Point X="266" Y="246"/>
    <Point X="265" Y="246"/>
    <Point X="264" Y="245"/>
    <Point X="263" Y="245"/>
    <Point X="262" Y="244"/>
    <Point X="261" Y="243"/>
    <Point X="260" Y="243"/>
    <Point X="259" Y="243"/>
    <Point X="259" Y="242"/>
    <Point X="260" Y="240"/>
    <Point X="262" Y="239"/>
    <Point X="266" Y="237"/>
    <Point X="273" Y="233"/>
    <Point X="280" Y="231"/>
    <Point X="288" Y="228"/>
    <Point X="297" Y="224"/>
    <Point X="306" Y="221"/>
    <Point X="316" Y="218"/>
    <Point X="327" Y="215"/>
    <Point X="337" Y="212"/>
    <Point X="348" Y="209"/>
    <Point X="360" Y="205"/>
    <Point X="370" Y="202"/>
    <Point X="381" Y="199"/>
    <Point X="391" Y="196"/>
    <Point X="400" Y="194"/>
    <Point X="406" Y="192"/>
    <Point X="411" Y="190"/>
    <Point X="412" Y="190"/>
    <Point X="413" Y="190"/>
    <Point X="412" Y="193"/>
    <Point X="411" Y="195"/>
    <Point X="410" Y="195"/>
    <Point X="408" Y="198"/>
    <Point X="405" Y="202"/>
    <Point X="401" Y="207"/>
    <Point X="397" Y="213"/>
    <Point X="392" Y="219"/>
    <Point X="387" Y="226"/>
    <Point X="381" Y="234"/>
    <Point X="375" Y="240"/>
    <Point X="369" Y="246"/>
    <Point X="364" Y="252"/>
    <Point X="361" Y="255"/>
    <Point X="357" Y="259"/>
    <Point X="355" Y="261"/>
    <Point X="353" Y="263"/>
    <Point X="351" Y="264"/>
    <Point X="349" Y="265"/>
    <Point X="347" Y="267"/>
    <Point X="344" Y="269"/>
    <Point X="341" Y="271"/>
    <Point X="339" Y="273"/>
    <Point X="336" Y="275"/>
    <Point X="333" Y="278"/>
    <Point X="331" Y="280"/>
    <Point X="328" Y="283"/>
    <Point X="326" Y="285"/>
    <Point X="324" Y="286"/>
    <Point X="322" Y="288"/>
    <Point X="321" Y="289"/>
    <Point X="319" Y="291"/>
    <Point X="319" Y="292"/>
    <Point X="317" Y="293"/>
    <Point X="315" Y="295"/>
    <Point X="313" Y="297"/>
    <Point X="312" Y="298"/>
</Gesture>
