<?xml version="1.0" ?>
<Gesture Name="03" Subject="6" Number="3" NumPts="264">
    <Point X="308" Y="300"/>
    <Point X="308" Y="299"/>
    <Point X="308" Y="297"/>
    <Point X="309" Y="297"/>
    <Point X="310" Y="295"/>
    <Point X="311" Y="292"/>
    <Point X="312" Y="290"/>
    <Point X="314" Y="287"/>
    <Point X="315" Y="286"/>
    <Point X="316" Y="283"/>
    <Point X="318" Y="280"/>
    <Point X="320" Y="276"/>
    <Point X="322" Y="271"/>
    <Point X="324" Y="266"/>
    <Point X="326" Y="261"/>
    <Point X="328" Y="256"/>
    <Point X="329" Y="251"/>
    <Point X="331" Y="246"/>
    <Point X="332" Y="241"/>
    <Point X="333" Y="236"/>
    <Point X="334" Y="231"/>
    <Point X="336" Y="227"/>
    <Point X="337" Y="221"/>
    <Point X="339" Y="217"/>
    <Point X="341" Y="211"/>
    <Point X="342" Y="206"/>
    <Point X="343" Y="200"/>
    <Point X="344" Y="195"/>
    <Point X="345" Y="190"/>
    <Point X="347" Y="186"/>
    <Point X="347" Y="183"/>
    <Point X="348" Y="180"/>
    <Point X="348" Y="176"/>
    <Point X="349" Y="172"/>
    <Point X="350" Y="168"/>
    <Point X="350" Y="165"/>
    <Point X="351" Y="161"/>
    <Point X="352" Y="158"/>
    <Point X="352" Y="154"/>
    <Point X="353" Y="152"/>
    <Point X="354" Y="150"/>
    <Point X="355" Y="148"/>
    <Point X="356" Y="146"/>
    <Point X="356" Y="145"/>
    <Point X="356" Y="144"/>
    <Point X="357" Y="144"/>
    <Point X="357" Y="143"/>
    <Point X="358" Y="143"/>
    <Point X="358" Y="144"/>
    <Point X="360" Y="145"/>
    <Point X="361" Y="147"/>
    <Point X="362" Y="148"/>
    <Point X="363" Y="150"/>
    <Point X="365" Y="154"/>
    <Point X="368" Y="158"/>
    <Point X="371" Y="162"/>
    <Point X="374" Y="166"/>
    <Point X="376" Y="171"/>
    <Point X="378" Y="175"/>
    <Point X="380" Y="180"/>
    <Point X="383" Y="185"/>
    <Point X="385" Y="189"/>
    <Point X="386" Y="195"/>
    <Point X="388" Y="199"/>
    <Point X="388" Y="204"/>
    <Point X="389" Y="208"/>
    <Point X="389" Y="211"/>
    <Point X="390" Y="215"/>
    <Point X="391" Y="218"/>
    <Point X="391" Y="220"/>
    <Point X="391" Y="223"/>
    <Point X="391" Y="225"/>
    <Point X="391" Y="228"/>
    <Point X="391" Y="230"/>
    <Point X="391" Y="232"/>
    <Point X="391" Y="235"/>
    <Point X="392" Y="238"/>
    <Point X="392" Y="240"/>
    <Point X="392" Y="243"/>
    <Point X="392" Y="244"/>
    <Point X="392" Y="246"/>
    <Point X="392" Y="248"/>
    <Point X="392" Y="251"/>
    <Point X="393" Y="252"/>
    <Point X="393" Y="254"/>
    <Point X="393" Y="255"/>
    <Point X="394" Y="256"/>
    <Point X="394" Y="257"/>
    <Point X="395" Y="260"/>
    <Point X="395" Y="261"/>
    <Point X="396" Y="262"/>
    <Point X="396" Y="263"/>
    <Point X="397" Y="263"/>
    <Point X="397" Y="264"/>
    <Point X="398" Y="265"/>
    <Point X="399" Y="266"/>
    <Point X="399" Y="267"/>
    <Point X="400" Y="267"/>
    <Point X="400" Y="268"/>
    <Point X="401" Y="269"/>
    <Point X="401" Y="270"/>
    <Point X="400" Y="270"/>
    <Point X="399" Y="270"/>
    <Point X="396" Y="269"/>
    <Point X="392" Y="267"/>
    <Point X="388" Y="265"/>
    <Point X="383" Y="262"/>
    <Point X="378" Y="259"/>
    <Point X="373" Y="257"/>
    <Point X="368" Y="255"/>
    <Point X="364" Y="252"/>
    <Point X="360" Y="251"/>
    <Point X="356" Y="248"/>
    <Point X="352" Y="245"/>
    <Point X="348" Y="243"/>
    <Point X="344" Y="241"/>
    <Point X="340" Y="238"/>
    <Point X="335" Y="236"/>
    <Point X="332" Y="234"/>
    <Point X="328" Y="233"/>
    <Point X="324" Y="230"/>
    <Point X="321" Y="228"/>
    <Point X="318" Y="226"/>
    <Point X="314" Y="224"/>
    <Point X="311" Y="222"/>
    <Point X="308" Y="219"/>
    <Point X="306" Y="218"/>
    <Point X="305" Y="217"/>
    <Point X="303" Y="215"/>
    <Point X="302" Y="215"/>
    <Point X="301" Y="214"/>
    <Point X="300" Y="213"/>
    <Point X="298" Y="213"/>
    <Point X="297" Y="212"/>
    <Point X="294" Y="211"/>
    <Point X="293" Y="210"/>
    <Point X="290" Y="209"/>
    <Point X="289" Y="209"/>
    <Point X="287" Y="208"/>
    <Point X="285" Y="207"/>
    <Point X="284" Y="207"/>
    <Point X="284" Y="206"/>
    <Point X="286" Y="206"/>
    <Point X="287" Y="205"/>
    <Point X="289" Y="205"/>
    <Point X="293" Y="204"/>
    <Point X="299" Y="203"/>
    <Point X="306" Y="201"/>
    <Point X="315" Y="201"/>
    <Point X="324" Y="200"/>
    <Point X="333" Y="199"/>
    <Point X="342" Y="199"/>
    <Point X="350" Y="199"/>
    <Point X="358" Y="199"/>
    <Point X="364" Y="199"/>
    <Point X="370" Y="199"/>
    <Point X="375" Y="198"/>
    <Point X="379" Y="198"/>
    <Point X="384" Y="197"/>
    <Point X="387" Y="197"/>
    <Point X="391" Y="197"/>
    <Point X="396" Y="197"/>
    <Point X="401" Y="197"/>
    <Point X="405" Y="197"/>
    <Point X="409" Y="197"/>
    <Point X="412" Y="197"/>
    <Point X="415" Y="197"/>
    <Point X="417" Y="197"/>
    <Point X="419" Y="197"/>
    <Point X="420" Y="197"/>
    <Point X="421" Y="196"/>
    <Point X="422" Y="196"/>
    <Point X="424" Y="196"/>
    <Point X="425" Y="196"/>
    <Point X="426" Y="195"/>
    <Point X="427" Y="195"/>
    <Point X="429" Y="195"/>
    <Point X="433" Y="194"/>
    <Point X="436" Y="193"/>
    <Point X="439" Y="193"/>
    <Point X="442" Y="192"/>
    <Point X="444" Y="192"/>
    <Point X="445" Y="192"/>
    <Point X="443" Y="193"/>
    <Point X="442" Y="194"/>
    <Point X="440" Y="195"/>
    <Point X="437" Y="196"/>
    <Point X="433" Y="198"/>
    <Point X="428" Y="201"/>
    <Point X="422" Y="203"/>
    <Point X="416" Y="206"/>
    <Point X="411" Y="208"/>
    <Point X="406" Y="210"/>
    <Point X="401" Y="212"/>
    <Point X="397" Y="213"/>
    <Point X="394" Y="215"/>
    <Point X="392" Y="216"/>
    <Point X="389" Y="218"/>
    <Point X="387" Y="219"/>
    <Point X="387" Y="220"/>
    <Point X="386" Y="221"/>
    <Point X="384" Y="222"/>
    <Point X="382" Y="224"/>
    <Point X="381" Y="225"/>
    <Point X="379" Y="227"/>
    <Point X="377" Y="230"/>
    <Point X="375" Y="231"/>
    <Point X="373" Y="233"/>
    <Point X="371" Y="236"/>
    <Point X="369" Y="238"/>
    <Point X="367" Y="240"/>
    <Point X="364" Y="243"/>
    <Point X="363" Y="245"/>
    <Point X="362" Y="247"/>
    <Point X="361" Y="248"/>
    <Point X="361" Y="249"/>
    <Point X="360" Y="249"/>
    <Point X="360" Y="250"/>
    <Point X="358" Y="252"/>
    <Point X="357" Y="253"/>
    <Point X="355" Y="254"/>
    <Point X="354" Y="256"/>
    <Point X="352" Y="258"/>
    <Point X="350" Y="259"/>
    <Point X="349" Y="260"/>
    <Point X="347" Y="261"/>
    <Point X="346" Y="261"/>
    <Point X="346" Y="262"/>
    <Point X="345" Y="263"/>
    <Point X="344" Y="265"/>
    <Point X="343" Y="265"/>
    <Point X="343" Y="266"/>
    <Point X="343" Y="267"/>
    <Point X="341" Y="269"/>
    <Point X="339" Y="271"/>
    <Point X="336" Y="274"/>
    <Point X="333" Y="277"/>
    <Point X="333" Y="278"/>
    <Point X="332" Y="278"/>
    <Point X="332" Y="279"/>
    <Point X="330" Y="281"/>
    <Point X="330" Y="282"/>
    <Point X="329" Y="282"/>
    <Point X="328" Y="283"/>
    <Point X="325" Y="285"/>
    <Point X="323" Y="286"/>
    <Point X="321" Y="288"/>
    <Point X="319" Y="289"/>
    <Point X="317" Y="291"/>
    <Point X="314" Y="292"/>
    <Point X="312" Y="292"/>
    <Point X="310" Y="294"/>
    <Point X="309" Y="294"/>
    <Point X="309" Y="295"/>
    <Point X="308" Y="295"/>
    <Point X="307" Y="296"/>
    <Point X="306" Y="296"/>
    <Point X="305" Y="297"/>
    <Point X="304" Y="298"/>
    <Point X="303" Y="298"/>
    <Point X="302" Y="299"/>
    <Point X="302" Y="300"/>
    <Point X="301" Y="300"/>
    <Point X="300" Y="300"/>
</Gesture>
