<?xml version="1.0" ?>
<Gesture Name="01" Subject="6" Number="1" NumPts="200">
    <Point X="320" Y="272"/>
    <Point X="319" Y="270"/>
    <Point X="319" Y="269"/>
    <Point X="319" Y="267"/>
    <Point X="319" Y="264"/>
    <Point X="319" Y="261"/>
    <Point X="319" Y="258"/>
    <Point X="320" Y="253"/>
    <Point X="321" Y="249"/>
    <Point X="322" Y="244"/>
    <Point X="324" Y="239"/>
    <Point X="325" Y="234"/>
    <Point X="327" Y="229"/>
    <Point X="328" Y="223"/>
    <Point X="330" Y="218"/>
    <Point X="332" Y="211"/>
    <Point X="334" Y="205"/>
    <Point X="335" Y="200"/>
    <Point X="337" Y="194"/>
    <Point X="339" Y="190"/>
    <Point X="340" Y="185"/>
    <Point X="342" Y="180"/>
    <Point X="344" Y="176"/>
    <Point X="345" Y="171"/>
    <Point X="346" Y="167"/>
    <Point X="347" Y="163"/>
    <Point X="348" Y="159"/>
    <Point X="349" Y="156"/>
    <Point X="350" Y="152"/>
    <Point X="351" Y="149"/>
    <Point X="353" Y="145"/>
    <Point X="354" Y="142"/>
    <Point X="356" Y="139"/>
    <Point X="357" Y="137"/>
    <Point X="357" Y="135"/>
    <Point X="358" Y="134"/>
    <Point X="358" Y="133"/>
    <Point X="358" Y="132"/>
    <Point X="359" Y="132"/>
    <Point X="359" Y="133"/>
    <Point X="360" Y="134"/>
    <Point X="360" Y="135"/>
    <Point X="361" Y="138"/>
    <Point X="362" Y="139"/>
    <Point X="362" Y="141"/>
    <Point X="363" Y="144"/>
    <Point X="364" Y="148"/>
    <Point X="365" Y="153"/>
    <Point X="367" Y="158"/>
    <Point X="369" Y="164"/>
    <Point X="371" Y="171"/>
    <Point X="373" Y="177"/>
    <Point X="375" Y="184"/>
    <Point X="377" Y="191"/>
    <Point X="379" Y="197"/>
    <Point X="380" Y="204"/>
    <Point X="382" Y="211"/>
    <Point X="383" Y="217"/>
    <Point X="385" Y="223"/>
    <Point X="386" Y="229"/>
    <Point X="387" Y="234"/>
    <Point X="387" Y="238"/>
    <Point X="388" Y="242"/>
    <Point X="389" Y="245"/>
    <Point X="389" Y="249"/>
    <Point X="390" Y="252"/>
    <Point X="390" Y="255"/>
    <Point X="391" Y="257"/>
    <Point X="391" Y="260"/>
    <Point X="391" Y="261"/>
    <Point X="391" Y="263"/>
    <Point X="391" Y="265"/>
    <Point X="391" Y="267"/>
    <Point X="391" Y="269"/>
    <Point X="391" Y="272"/>
    <Point X="391" Y="274"/>
    <Point X="391" Y="276"/>
    <Point X="389" Y="275"/>
    <Point X="389" Y="274"/>
    <Point X="389" Y="273"/>
    <Point X="388" Y="272"/>
    <Point X="388" Y="271"/>
    <Point X="386" Y="268"/>
    <Point X="385" Y="265"/>
    <Point X="383" Y="261"/>
    <Point X="381" Y="257"/>
    <Point X="378" Y="252"/>
    <Point X="374" Y="246"/>
    <Point X="370" Y="241"/>
    <Point X="364" Y="234"/>
    <Point X="359" Y="228"/>
    <Point X="354" Y="223"/>
    <Point X="349" Y="219"/>
    <Point X="344" Y="215"/>
    <Point X="339" Y="212"/>
    <Point X="335" Y="209"/>
    <Point X="331" Y="207"/>
    <Point X="326" Y="204"/>
    <Point X="320" Y="201"/>
    <Point X="316" Y="199"/>
    <Point X="311" Y="196"/>
    <Point X="307" Y="194"/>
    <Point X="303" Y="192"/>
    <Point X="295" Y="186"/>
    <Point X="295" Y="185"/>
    <Point X="294" Y="185"/>
    <Point X="294" Y="184"/>
    <Point X="293" Y="184"/>
    <Point X="295" Y="184"/>
    <Point X="298" Y="183"/>
    <Point X="304" Y="183"/>
    <Point X="312" Y="183"/>
    <Point X="321" Y="182"/>
    <Point X="330" Y="182"/>
    <Point X="340" Y="182"/>
    <Point X="350" Y="182"/>
    <Point X="358" Y="182"/>
    <Point X="367" Y="182"/>
    <Point X="374" Y="182"/>
    <Point X="379" Y="182"/>
    <Point X="383" Y="183"/>
    <Point X="386" Y="183"/>
    <Point X="389" Y="184"/>
    <Point X="392" Y="184"/>
    <Point X="395" Y="184"/>
    <Point X="397" Y="184"/>
    <Point X="399" Y="185"/>
    <Point X="402" Y="185"/>
    <Point X="404" Y="185"/>
    <Point X="407" Y="185"/>
    <Point X="410" Y="185"/>
    <Point X="413" Y="185"/>
    <Point X="415" Y="186"/>
    <Point X="417" Y="186"/>
    <Point X="418" Y="186"/>
    <Point X="419" Y="186"/>
    <Point X="420" Y="186"/>
    <Point X="421" Y="186"/>
    <Point X="422" Y="186"/>
    <Point X="425" Y="186"/>
    <Point X="427" Y="186"/>
    <Point X="429" Y="186"/>
    <Point X="431" Y="186"/>
    <Point X="433" Y="186"/>
    <Point X="434" Y="186"/>
    <Point X="435" Y="186"/>
    <Point X="433" Y="189"/>
    <Point X="431" Y="190"/>
    <Point X="430" Y="191"/>
    <Point X="423" Y="195"/>
    <Point X="419" Y="197"/>
    <Point X="415" Y="200"/>
    <Point X="411" Y="202"/>
    <Point X="407" Y="205"/>
    <Point X="404" Y="208"/>
    <Point X="401" Y="209"/>
    <Point X="397" Y="211"/>
    <Point X="395" Y="213"/>
    <Point X="393" Y="214"/>
    <Point X="390" Y="216"/>
    <Point X="387" Y="218"/>
    <Point X="385" Y="219"/>
    <Point X="382" Y="221"/>
    <Point X="381" Y="222"/>
    <Point X="380" Y="223"/>
    <Point X="380" Y="224"/>
    <Point X="379" Y="224"/>
    <Point X="378" Y="226"/>
    <Point X="376" Y="228"/>
    <Point X="374" Y="231"/>
    <Point X="371" Y="234"/>
    <Point X="368" Y="237"/>
    <Point X="366" Y="238"/>
    <Point X="363" Y="240"/>
    <Point X="359" Y="243"/>
    <Point X="356" Y="245"/>
    <Point X="353" Y="247"/>
    <Point X="351" Y="249"/>
    <Point X="350" Y="249"/>
    <Point X="350" Y="250"/>
    <Point X="349" Y="250"/>
    <Point X="349" Y="251"/>
    <Point X="347" Y="252"/>
    <Point X="345" Y="254"/>
    <Point X="344" Y="256"/>
    <Point X="342" Y="258"/>
    <Point X="339" Y="259"/>
    <Point X="337" Y="261"/>
    <Point X="335" Y="262"/>
    <Point X="334" Y="263"/>
    <Point X="332" Y="265"/>
    <Point X="331" Y="266"/>
    <Point X="329" Y="266"/>
    <Point X="328" Y="267"/>
    <Point X="326" Y="268"/>
    <Point X="325" Y="269"/>
    <Point X="324" Y="269"/>
    <Point X="324" Y="270"/>
    <Point X="323" Y="270"/>
    <Point X="323" Y="271"/>
</Gesture>
