<?xml version="1.0" ?>
<Gesture Name="09" Subject="6" Number="9" NumPts="236">
    <Point X="291" Y="324"/>
    <Point X="292" Y="321"/>
    <Point X="292" Y="320"/>
    <Point X="293" Y="318"/>
    <Point X="293" Y="317"/>
    <Point X="294" Y="315"/>
    <Point X="295" Y="313"/>
    <Point X="298" Y="310"/>
    <Point X="300" Y="306"/>
    <Point X="303" Y="303"/>
    <Point X="305" Y="300"/>
    <Point X="308" Y="296"/>
    <Point X="310" Y="292"/>
    <Point X="313" Y="289"/>
    <Point X="314" Y="285"/>
    <Point X="316" Y="282"/>
    <Point X="318" Y="278"/>
    <Point X="321" Y="274"/>
    <Point X="323" Y="270"/>
    <Point X="326" Y="264"/>
    <Point X="329" Y="259"/>
    <Point X="333" Y="253"/>
    <Point X="337" Y="247"/>
    <Point X="340" Y="242"/>
    <Point X="344" Y="236"/>
    <Point X="348" Y="231"/>
    <Point X="351" Y="225"/>
    <Point X="354" Y="220"/>
    <Point X="357" Y="215"/>
    <Point X="361" Y="209"/>
    <Point X="364" Y="204"/>
    <Point X="367" Y="198"/>
    <Point X="369" Y="193"/>
    <Point X="372" Y="187"/>
    <Point X="375" Y="182"/>
    <Point X="377" Y="177"/>
    <Point X="379" Y="171"/>
    <Point X="381" Y="168"/>
    <Point X="382" Y="164"/>
    <Point X="384" Y="161"/>
    <Point X="385" Y="157"/>
    <Point X="387" Y="152"/>
    <Point X="388" Y="148"/>
    <Point X="389" Y="143"/>
    <Point X="390" Y="140"/>
    <Point X="392" Y="135"/>
    <Point X="393" Y="131"/>
    <Point X="394" Y="127"/>
    <Point X="395" Y="124"/>
    <Point X="397" Y="118"/>
    <Point X="398" Y="117"/>
    <Point X="398" Y="118"/>
    <Point X="399" Y="118"/>
    <Point X="400" Y="120"/>
    <Point X="402" Y="122"/>
    <Point X="404" Y="125"/>
    <Point X="404" Y="126"/>
    <Point X="405" Y="128"/>
    <Point X="408" Y="131"/>
    <Point X="410" Y="136"/>
    <Point X="412" Y="141"/>
    <Point X="414" Y="146"/>
    <Point X="416" Y="152"/>
    <Point X="419" Y="159"/>
    <Point X="421" Y="166"/>
    <Point X="422" Y="173"/>
    <Point X="424" Y="180"/>
    <Point X="425" Y="188"/>
    <Point X="427" Y="195"/>
    <Point X="428" Y="202"/>
    <Point X="430" Y="209"/>
    <Point X="431" Y="215"/>
    <Point X="432" Y="221"/>
    <Point X="433" Y="226"/>
    <Point X="435" Y="231"/>
    <Point X="437" Y="236"/>
    <Point X="438" Y="240"/>
    <Point X="439" Y="244"/>
    <Point X="440" Y="248"/>
    <Point X="441" Y="252"/>
    <Point X="443" Y="256"/>
    <Point X="444" Y="260"/>
    <Point X="445" Y="264"/>
    <Point X="447" Y="268"/>
    <Point X="448" Y="273"/>
    <Point X="449" Y="278"/>
    <Point X="450" Y="282"/>
    <Point X="451" Y="287"/>
    <Point X="452" Y="291"/>
    <Point X="453" Y="295"/>
    <Point X="454" Y="298"/>
    <Point X="454" Y="301"/>
    <Point X="455" Y="303"/>
    <Point X="456" Y="306"/>
    <Point X="456" Y="307"/>
    <Point X="456" Y="308"/>
    <Point X="455" Y="307"/>
    <Point X="453" Y="305"/>
    <Point X="451" Y="304"/>
    <Point X="449" Y="302"/>
    <Point X="444" Y="300"/>
    <Point X="438" Y="297"/>
    <Point X="430" Y="294"/>
    <Point X="421" Y="291"/>
    <Point X="411" Y="287"/>
    <Point X="403" Y="283"/>
    <Point X="393" Y="279"/>
    <Point X="383" Y="275"/>
    <Point X="374" Y="271"/>
    <Point X="365" Y="267"/>
    <Point X="354" Y="263"/>
    <Point X="343" Y="259"/>
    <Point X="334" Y="256"/>
    <Point X="324" Y="252"/>
    <Point X="313" Y="247"/>
    <Point X="305" Y="244"/>
    <Point X="296" Y="240"/>
    <Point X="289" Y="236"/>
    <Point X="283" Y="233"/>
    <Point X="278" Y="230"/>
    <Point X="273" Y="228"/>
    <Point X="269" Y="226"/>
    <Point X="266" Y="223"/>
    <Point X="263" Y="221"/>
    <Point X="261" Y="220"/>
    <Point X="260" Y="219"/>
    <Point X="259" Y="218"/>
    <Point X="258" Y="217"/>
    <Point X="257" Y="217"/>
    <Point X="257" Y="216"/>
    <Point X="257" Y="215"/>
    <Point X="257" Y="214"/>
    <Point X="257" Y="213"/>
    <Point X="259" Y="211"/>
    <Point X="260" Y="211"/>
    <Point X="261" Y="211"/>
    <Point X="264" Y="209"/>
    <Point X="269" Y="209"/>
    <Point X="275" Y="208"/>
    <Point X="283" Y="208"/>
    <Point X="292" Y="207"/>
    <Point X="302" Y="207"/>
    <Point X="310" Y="207"/>
    <Point X="319" Y="207"/>
    <Point X="328" Y="207"/>
    <Point X="335" Y="207"/>
    <Point X="343" Y="207"/>
    <Point X="351" Y="207"/>
    <Point X="357" Y="207"/>
    <Point X="364" Y="207"/>
    <Point X="370" Y="207"/>
    <Point X="376" Y="207"/>
    <Point X="384" Y="207"/>
    <Point X="392" Y="207"/>
    <Point X="400" Y="207"/>
    <Point X="409" Y="207"/>
    <Point X="416" Y="207"/>
    <Point X="424" Y="207"/>
    <Point X="431" Y="207"/>
    <Point X="438" Y="207"/>
    <Point X="444" Y="207"/>
    <Point X="450" Y="207"/>
    <Point X="457" Y="207"/>
    <Point X="462" Y="207"/>
    <Point X="467" Y="207"/>
    <Point X="472" Y="207"/>
    <Point X="477" Y="207"/>
    <Point X="481" Y="207"/>
    <Point X="485" Y="207"/>
    <Point X="490" Y="207"/>
    <Point X="495" Y="207"/>
    <Point X="498" Y="207"/>
    <Point X="502" Y="207"/>
    <Point X="505" Y="207"/>
    <Point X="509" Y="207"/>
    <Point X="511" Y="207"/>
    <Point X="515" Y="207"/>
    <Point X="519" Y="207"/>
    <Point X="523" Y="207"/>
    <Point X="527" Y="207"/>
    <Point X="532" Y="207"/>
    <Point X="537" Y="207"/>
    <Point X="541" Y="207"/>
    <Point X="543" Y="207"/>
    <Point X="543" Y="208"/>
    <Point X="543" Y="210"/>
    <Point X="541" Y="213"/>
    <Point X="538" Y="215"/>
    <Point X="537" Y="216"/>
    <Point X="532" Y="219"/>
    <Point X="526" Y="222"/>
    <Point X="519" Y="226"/>
    <Point X="510" Y="230"/>
    <Point X="500" Y="235"/>
    <Point X="490" Y="239"/>
    <Point X="480" Y="243"/>
    <Point X="471" Y="248"/>
    <Point X="462" Y="252"/>
    <Point X="455" Y="255"/>
    <Point X="448" Y="259"/>
    <Point X="442" Y="262"/>
    <Point X="436" Y="264"/>
    <Point X="429" Y="267"/>
    <Point X="422" Y="269"/>
    <Point X="416" Y="270"/>
    <Point X="408" Y="272"/>
    <Point X="400" Y="275"/>
    <Point X="393" Y="277"/>
    <Point X="387" Y="279"/>
    <Point X="381" Y="281"/>
    <Point X="375" Y="282"/>
    <Point X="371" Y="283"/>
    <Point X="366" Y="285"/>
    <Point X="362" Y="286"/>
    <Point X="358" Y="287"/>
    <Point X="354" Y="290"/>
    <Point X="350" Y="292"/>
    <Point X="344" Y="294"/>
    <Point X="336" Y="296"/>
    <Point X="329" Y="299"/>
    <Point X="320" Y="302"/>
    <Point X="312" Y="304"/>
    <Point X="303" Y="306"/>
    <Point X="295" Y="307"/>
    <Point X="289" Y="309"/>
    <Point X="283" Y="311"/>
    <Point X="280" Y="311"/>
    <Point X="278" Y="312"/>
    <Point X="276" Y="312"/>
    <Point X="274" Y="313"/>
    <Point X="273" Y="313"/>
    <Point X="270" Y="314"/>
    <Point X="266" Y="316"/>
    <Point X="263" Y="316"/>
    <Point X="261" Y="317"/>
    <Point X="259" Y="317"/>
</Gesture>
