<?xml version="1.0" ?>
<Gesture Name="05" Subject="6" Number="5" NumPts="226">
    <Point X="295" Y="328"/>
    <Point X="295" Y="327"/>
    <Point X="295" Y="326"/>
    <Point X="296" Y="324"/>
    <Point X="297" Y="322"/>
    <Point X="298" Y="318"/>
    <Point X="300" Y="312"/>
    <Point X="302" Y="306"/>
    <Point X="304" Y="298"/>
    <Point X="307" Y="290"/>
    <Point X="309" Y="282"/>
    <Point X="311" Y="274"/>
    <Point X="314" Y="266"/>
    <Point X="316" Y="259"/>
    <Point X="318" Y="253"/>
    <Point X="319" Y="248"/>
    <Point X="321" Y="242"/>
    <Point X="322" Y="237"/>
    <Point X="324" Y="231"/>
    <Point X="325" Y="225"/>
    <Point X="327" Y="219"/>
    <Point X="328" Y="213"/>
    <Point X="329" Y="208"/>
    <Point X="330" Y="203"/>
    <Point X="331" Y="198"/>
    <Point X="332" Y="193"/>
    <Point X="333" Y="188"/>
    <Point X="333" Y="185"/>
    <Point X="334" Y="182"/>
    <Point X="334" Y="178"/>
    <Point X="335" Y="174"/>
    <Point X="335" Y="171"/>
    <Point X="336" Y="168"/>
    <Point X="336" Y="165"/>
    <Point X="336" Y="163"/>
    <Point X="336" Y="161"/>
    <Point X="337" Y="160"/>
    <Point X="337" Y="158"/>
    <Point X="337" Y="156"/>
    <Point X="337" Y="155"/>
    <Point X="338" Y="155"/>
    <Point X="339" Y="155"/>
    <Point X="339" Y="156"/>
    <Point X="340" Y="158"/>
    <Point X="342" Y="160"/>
    <Point X="343" Y="161"/>
    <Point X="344" Y="163"/>
    <Point X="345" Y="164"/>
    <Point X="345" Y="166"/>
    <Point X="346" Y="168"/>
    <Point X="347" Y="171"/>
    <Point X="349" Y="175"/>
    <Point X="350" Y="180"/>
    <Point X="352" Y="186"/>
    <Point X="354" Y="193"/>
    <Point X="356" Y="200"/>
    <Point X="357" Y="207"/>
    <Point X="359" Y="215"/>
    <Point X="360" Y="223"/>
    <Point X="360" Y="230"/>
    <Point X="362" Y="236"/>
    <Point X="362" Y="242"/>
    <Point X="363" Y="248"/>
    <Point X="364" Y="254"/>
    <Point X="364" Y="259"/>
    <Point X="365" Y="265"/>
    <Point X="365" Y="270"/>
    <Point X="365" Y="275"/>
    <Point X="365" Y="280"/>
    <Point X="365" Y="284"/>
    <Point X="366" Y="288"/>
    <Point X="366" Y="291"/>
    <Point X="366" Y="294"/>
    <Point X="366" Y="296"/>
    <Point X="366" Y="299"/>
    <Point X="367" Y="301"/>
    <Point X="367" Y="304"/>
    <Point X="368" Y="308"/>
    <Point X="368" Y="311"/>
    <Point X="369" Y="315"/>
    <Point X="370" Y="320"/>
    <Point X="371" Y="325"/>
    <Point X="371" Y="329"/>
    <Point X="372" Y="333"/>
    <Point X="373" Y="337"/>
    <Point X="373" Y="339"/>
    <Point X="374" Y="340"/>
    <Point X="374" Y="342"/>
    <Point X="375" Y="342"/>
    <Point X="374" Y="340"/>
    <Point X="373" Y="337"/>
    <Point X="372" Y="337"/>
    <Point X="370" Y="333"/>
    <Point X="368" Y="329"/>
    <Point X="365" Y="325"/>
    <Point X="362" Y="320"/>
    <Point X="357" Y="315"/>
    <Point X="353" Y="311"/>
    <Point X="349" Y="306"/>
    <Point X="344" Y="302"/>
    <Point X="339" Y="297"/>
    <Point X="334" Y="293"/>
    <Point X="329" Y="288"/>
    <Point X="323" Y="282"/>
    <Point X="317" Y="277"/>
    <Point X="311" Y="271"/>
    <Point X="305" Y="267"/>
    <Point X="300" Y="263"/>
    <Point X="296" Y="259"/>
    <Point X="292" Y="255"/>
    <Point X="288" Y="251"/>
    <Point X="284" Y="247"/>
    <Point X="282" Y="243"/>
    <Point X="279" Y="238"/>
    <Point X="275" Y="233"/>
    <Point X="272" Y="229"/>
    <Point X="269" Y="224"/>
    <Point X="266" Y="220"/>
    <Point X="264" Y="217"/>
    <Point X="262" Y="214"/>
    <Point X="260" Y="212"/>
    <Point X="259" Y="210"/>
    <Point X="257" Y="208"/>
    <Point X="257" Y="207"/>
    <Point X="256" Y="207"/>
    <Point X="256" Y="206"/>
    <Point X="255" Y="206"/>
    <Point X="255" Y="205"/>
    <Point X="254" Y="205"/>
    <Point X="254" Y="204"/>
    <Point X="256" Y="204"/>
    <Point X="259" Y="204"/>
    <Point X="265" Y="204"/>
    <Point X="272" Y="204"/>
    <Point X="279" Y="204"/>
    <Point X="286" Y="204"/>
    <Point X="292" Y="204"/>
    <Point X="299" Y="204"/>
    <Point X="306" Y="204"/>
    <Point X="312" Y="205"/>
    <Point X="319" Y="206"/>
    <Point X="326" Y="206"/>
    <Point X="333" Y="206"/>
    <Point X="340" Y="206"/>
    <Point X="348" Y="206"/>
    <Point X="356" Y="206"/>
    <Point X="364" Y="206"/>
    <Point X="372" Y="206"/>
    <Point X="379" Y="206"/>
    <Point X="385" Y="207"/>
    <Point X="391" Y="207"/>
    <Point X="397" Y="207"/>
    <Point X="404" Y="207"/>
    <Point X="410" Y="207"/>
    <Point X="415" Y="207"/>
    <Point X="419" Y="207"/>
    <Point X="422" Y="207"/>
    <Point X="425" Y="208"/>
    <Point X="426" Y="208"/>
    <Point X="429" Y="209"/>
    <Point X="430" Y="209"/>
    <Point X="431" Y="209"/>
    <Point X="431" Y="210"/>
    <Point X="433" Y="210"/>
    <Point X="435" Y="210"/>
    <Point X="437" Y="210"/>
    <Point X="439" Y="210"/>
    <Point X="441" Y="210"/>
    <Point X="443" Y="210"/>
    <Point X="444" Y="210"/>
    <Point X="445" Y="210"/>
    <Point X="445" Y="211"/>
    <Point X="445" Y="212"/>
    <Point X="444" Y="215"/>
    <Point X="442" Y="217"/>
    <Point X="440" Y="220"/>
    <Point X="439" Y="221"/>
    <Point X="435" Y="225"/>
    <Point X="432" Y="228"/>
    <Point X="427" Y="233"/>
    <Point X="422" Y="238"/>
    <Point X="417" Y="242"/>
    <Point X="412" Y="246"/>
    <Point X="408" Y="249"/>
    <Point X="405" Y="251"/>
    <Point X="401" Y="253"/>
    <Point X="398" Y="256"/>
    <Point X="396" Y="258"/>
    <Point X="393" Y="260"/>
    <Point X="389" Y="263"/>
    <Point X="385" Y="266"/>
    <Point X="382" Y="269"/>
    <Point X="378" Y="271"/>
    <Point X="374" Y="274"/>
    <Point X="370" Y="277"/>
    <Point X="367" Y="279"/>
    <Point X="364" Y="282"/>
    <Point X="361" Y="284"/>
    <Point X="358" Y="286"/>
    <Point X="354" Y="289"/>
    <Point X="349" Y="292"/>
    <Point X="345" Y="295"/>
    <Point X="342" Y="297"/>
    <Point X="338" Y="300"/>
    <Point X="335" Y="302"/>
    <Point X="331" Y="304"/>
    <Point X="329" Y="306"/>
    <Point X="327" Y="307"/>
    <Point X="325" Y="308"/>
    <Point X="323" Y="310"/>
    <Point X="322" Y="311"/>
    <Point X="321" Y="311"/>
    <Point X="319" Y="313"/>
    <Point X="317" Y="314"/>
    <Point X="314" Y="316"/>
    <Point X="312" Y="318"/>
    <Point X="309" Y="320"/>
    <Point X="305" Y="322"/>
    <Point X="302" Y="324"/>
    <Point X="299" Y="327"/>
    <Point X="296" Y="329"/>
    <Point X="293" Y="331"/>
    <Point X="291" Y="333"/>
    <Point X="289" Y="334"/>
    <Point X="288" Y="335"/>
    <Point X="287" Y="335"/>
</Gesture>
