<?xml version="1.0" ?>
<Gesture Name="07" Subject="6" Number="7" NumPts="215">
    <Point X="306" Y="300"/>
    <Point X="306" Y="299"/>
    <Point X="306" Y="296"/>
    <Point X="306" Y="295"/>
    <Point X="306" Y="293"/>
    <Point X="306" Y="290"/>
    <Point X="307" Y="286"/>
    <Point X="309" Y="281"/>
    <Point X="310" Y="277"/>
    <Point X="313" Y="271"/>
    <Point X="315" Y="266"/>
    <Point X="317" Y="260"/>
    <Point X="319" Y="254"/>
    <Point X="325" Y="240"/>
    <Point X="328" Y="231"/>
    <Point X="332" Y="224"/>
    <Point X="334" Y="218"/>
    <Point X="336" Y="212"/>
    <Point X="338" Y="205"/>
    <Point X="341" Y="199"/>
    <Point X="343" Y="192"/>
    <Point X="345" Y="185"/>
    <Point X="347" Y="178"/>
    <Point X="348" Y="171"/>
    <Point X="350" Y="165"/>
    <Point X="350" Y="159"/>
    <Point X="351" Y="154"/>
    <Point X="352" Y="149"/>
    <Point X="353" Y="145"/>
    <Point X="353" Y="136"/>
    <Point X="354" Y="130"/>
    <Point X="354" Y="127"/>
    <Point X="354" Y="123"/>
    <Point X="354" Y="120"/>
    <Point X="355" Y="118"/>
    <Point X="355" Y="116"/>
    <Point X="355" Y="114"/>
    <Point X="356" Y="113"/>
    <Point X="356" Y="112"/>
    <Point X="356" Y="111"/>
    <Point X="357" Y="111"/>
    <Point X="357" Y="112"/>
    <Point X="358" Y="112"/>
    <Point X="359" Y="114"/>
    <Point X="360" Y="115"/>
    <Point X="360" Y="116"/>
    <Point X="361" Y="118"/>
    <Point X="362" Y="120"/>
    <Point X="363" Y="123"/>
    <Point X="364" Y="126"/>
    <Point X="366" Y="130"/>
    <Point X="367" Y="134"/>
    <Point X="368" Y="139"/>
    <Point X="370" Y="144"/>
    <Point X="371" Y="149"/>
    <Point X="372" Y="154"/>
    <Point X="374" Y="160"/>
    <Point X="374" Y="165"/>
    <Point X="375" Y="170"/>
    <Point X="375" Y="174"/>
    <Point X="376" Y="179"/>
    <Point X="377" Y="184"/>
    <Point X="378" Y="188"/>
    <Point X="379" Y="194"/>
    <Point X="380" Y="198"/>
    <Point X="380" Y="203"/>
    <Point X="381" Y="208"/>
    <Point X="382" Y="212"/>
    <Point X="382" Y="217"/>
    <Point X="382" Y="222"/>
    <Point X="383" Y="227"/>
    <Point X="384" Y="232"/>
    <Point X="385" Y="236"/>
    <Point X="385" Y="241"/>
    <Point X="386" Y="245"/>
    <Point X="388" Y="250"/>
    <Point X="389" Y="254"/>
    <Point X="390" Y="259"/>
    <Point X="391" Y="263"/>
    <Point X="392" Y="266"/>
    <Point X="393" Y="269"/>
    <Point X="394" Y="271"/>
    <Point X="394" Y="273"/>
    <Point X="395" Y="274"/>
    <Point X="396" Y="275"/>
    <Point X="397" Y="276"/>
    <Point X="398" Y="276"/>
    <Point X="398" Y="277"/>
    <Point X="397" Y="277"/>
    <Point X="395" Y="275"/>
    <Point X="393" Y="273"/>
    <Point X="392" Y="272"/>
    <Point X="389" Y="270"/>
    <Point X="386" Y="268"/>
    <Point X="382" Y="265"/>
    <Point X="376" Y="262"/>
    <Point X="369" Y="258"/>
    <Point X="361" Y="254"/>
    <Point X="353" Y="249"/>
    <Point X="344" Y="245"/>
    <Point X="336" Y="241"/>
    <Point X="328" Y="238"/>
    <Point X="322" Y="236"/>
    <Point X="316" Y="233"/>
    <Point X="312" Y="231"/>
    <Point X="307" Y="230"/>
    <Point X="303" Y="229"/>
    <Point X="298" Y="227"/>
    <Point X="294" Y="226"/>
    <Point X="289" Y="224"/>
    <Point X="284" Y="222"/>
    <Point X="277" Y="220"/>
    <Point X="271" Y="218"/>
    <Point X="266" Y="216"/>
    <Point X="260" Y="214"/>
    <Point X="256" Y="212"/>
    <Point X="252" Y="210"/>
    <Point X="252" Y="209"/>
    <Point X="251" Y="208"/>
    <Point X="250" Y="208"/>
    <Point X="250" Y="207"/>
    <Point X="249" Y="207"/>
    <Point X="249" Y="206"/>
    <Point X="249" Y="205"/>
    <Point X="249" Y="204"/>
    <Point X="249" Y="203"/>
    <Point X="249" Y="202"/>
    <Point X="250" Y="202"/>
    <Point X="252" Y="201"/>
    <Point X="253" Y="200"/>
    <Point X="255" Y="199"/>
    <Point X="260" Y="198"/>
    <Point X="266" Y="197"/>
    <Point X="274" Y="196"/>
    <Point X="282" Y="196"/>
    <Point X="290" Y="195"/>
    <Point X="299" Y="195"/>
    <Point X="309" Y="195"/>
    <Point X="318" Y="195"/>
    <Point X="327" Y="195"/>
    <Point X="335" Y="195"/>
    <Point X="342" Y="195"/>
    <Point X="349" Y="194"/>
    <Point X="357" Y="193"/>
    <Point X="365" Y="193"/>
    <Point X="372" Y="191"/>
    <Point X="382" Y="189"/>
    <Point X="393" Y="187"/>
    <Point X="403" Y="185"/>
    <Point X="412" Y="183"/>
    <Point X="420" Y="182"/>
    <Point X="426" Y="181"/>
    <Point X="432" Y="181"/>
    <Point X="436" Y="180"/>
    <Point X="439" Y="180"/>
    <Point X="440" Y="179"/>
    <Point X="443" Y="179"/>
    <Point X="445" Y="179"/>
    <Point X="447" Y="179"/>
    <Point X="448" Y="179"/>
    <Point X="449" Y="179"/>
    <Point X="450" Y="179"/>
    <Point X="451" Y="179"/>
    <Point X="453" Y="178"/>
    <Point X="454" Y="178"/>
    <Point X="456" Y="178"/>
    <Point X="458" Y="178"/>
    <Point X="460" Y="177"/>
    <Point X="462" Y="177"/>
    <Point X="463" Y="177"/>
    <Point X="464" Y="177"/>
    <Point X="465" Y="177"/>
    <Point X="465" Y="178"/>
    <Point X="465" Y="180"/>
    <Point X="462" Y="183"/>
    <Point X="461" Y="185"/>
    <Point X="459" Y="187"/>
    <Point X="455" Y="191"/>
    <Point X="451" Y="195"/>
    <Point X="447" Y="199"/>
    <Point X="442" Y="204"/>
    <Point X="437" Y="209"/>
    <Point X="432" Y="214"/>
    <Point X="427" Y="219"/>
    <Point X="422" Y="223"/>
    <Point X="417" Y="227"/>
    <Point X="413" Y="231"/>
    <Point X="408" Y="234"/>
    <Point X="403" Y="237"/>
    <Point X="397" Y="240"/>
    <Point X="392" Y="243"/>
    <Point X="386" Y="246"/>
    <Point X="382" Y="249"/>
    <Point X="377" Y="252"/>
    <Point X="373" Y="255"/>
    <Point X="368" Y="258"/>
    <Point X="363" Y="261"/>
    <Point X="357" Y="264"/>
    <Point X="351" Y="268"/>
    <Point X="345" Y="273"/>
    <Point X="339" Y="277"/>
    <Point X="332" Y="282"/>
    <Point X="325" Y="286"/>
    <Point X="317" Y="291"/>
    <Point X="310" Y="295"/>
    <Point X="304" Y="298"/>
    <Point X="299" Y="301"/>
    <Point X="294" Y="304"/>
    <Point X="290" Y="306"/>
    <Point X="287" Y="308"/>
    <Point X="286" Y="308"/>
    <Point X="286" Y="309"/>
    <Point X="285" Y="309"/>
    <Point X="285" Y="310"/>
    <Point X="284" Y="310"/>
</Gesture>
