<?xml version="1.0" ?>
<Gesture Name="06" Subject="6" Number="6" NumPts="235">
    <Point X="312" Y="345"/>
    <Point X="311" Y="345"/>
    <Point X="311" Y="344"/>
    <Point X="311" Y="343"/>
    <Point X="311" Y="342"/>
    <Point X="311" Y="340"/>
    <Point X="311" Y="338"/>
    <Point X="312" Y="337"/>
    <Point X="313" Y="334"/>
    <Point X="314" Y="331"/>
    <Point X="315" Y="327"/>
    <Point X="316" Y="322"/>
    <Point X="317" Y="317"/>
    <Point X="319" Y="311"/>
    <Point X="321" Y="306"/>
    <Point X="323" Y="299"/>
    <Point X="325" Y="294"/>
    <Point X="327" Y="289"/>
    <Point X="329" Y="283"/>
    <Point X="331" Y="278"/>
    <Point X="332" Y="273"/>
    <Point X="334" Y="268"/>
    <Point X="335" Y="262"/>
    <Point X="338" Y="257"/>
    <Point X="340" Y="250"/>
    <Point X="342" Y="243"/>
    <Point X="345" Y="236"/>
    <Point X="347" Y="229"/>
    <Point X="350" Y="222"/>
    <Point X="352" Y="216"/>
    <Point X="355" Y="211"/>
    <Point X="356" Y="205"/>
    <Point X="358" Y="200"/>
    <Point X="359" Y="195"/>
    <Point X="361" Y="191"/>
    <Point X="362" Y="188"/>
    <Point X="363" Y="185"/>
    <Point X="364" Y="181"/>
    <Point X="366" Y="177"/>
    <Point X="367" Y="173"/>
    <Point X="368" Y="170"/>
    <Point X="369" Y="166"/>
    <Point X="372" Y="161"/>
    <Point X="373" Y="157"/>
    <Point X="374" Y="154"/>
    <Point X="375" Y="151"/>
    <Point X="376" Y="150"/>
    <Point X="376" Y="148"/>
    <Point X="377" Y="148"/>
    <Point X="377" Y="147"/>
    <Point X="378" Y="147"/>
    <Point X="379" Y="147"/>
    <Point X="380" Y="149"/>
    <Point X="381" Y="151"/>
    <Point X="383" Y="154"/>
    <Point X="384" Y="154"/>
    <Point X="385" Y="157"/>
    <Point X="387" Y="160"/>
    <Point X="389" Y="165"/>
    <Point X="390" Y="169"/>
    <Point X="393" Y="175"/>
    <Point X="394" Y="179"/>
    <Point X="396" Y="185"/>
    <Point X="398" Y="190"/>
    <Point X="399" Y="196"/>
    <Point X="400" Y="201"/>
    <Point X="400" Y="206"/>
    <Point X="401" Y="211"/>
    <Point X="402" Y="216"/>
    <Point X="402" Y="222"/>
    <Point X="403" Y="227"/>
    <Point X="403" Y="233"/>
    <Point X="404" Y="239"/>
    <Point X="405" Y="246"/>
    <Point X="405" Y="253"/>
    <Point X="407" Y="261"/>
    <Point X="408" Y="268"/>
    <Point X="409" Y="275"/>
    <Point X="409" Y="281"/>
    <Point X="410" Y="287"/>
    <Point X="411" Y="292"/>
    <Point X="411" Y="295"/>
    <Point X="412" Y="298"/>
    <Point X="412" Y="301"/>
    <Point X="413" Y="302"/>
    <Point X="413" Y="304"/>
    <Point X="414" Y="306"/>
    <Point X="415" Y="308"/>
    <Point X="416" Y="310"/>
    <Point X="416" Y="313"/>
    <Point X="417" Y="315"/>
    <Point X="418" Y="318"/>
    <Point X="419" Y="320"/>
    <Point X="420" Y="322"/>
    <Point X="420" Y="323"/>
    <Point X="421" Y="324"/>
    <Point X="421" Y="325"/>
    <Point X="422" Y="325"/>
    <Point X="420" Y="324"/>
    <Point X="418" Y="322"/>
    <Point X="416" Y="320"/>
    <Point X="413" Y="318"/>
    <Point X="408" Y="316"/>
    <Point X="401" Y="311"/>
    <Point X="393" Y="306"/>
    <Point X="383" Y="300"/>
    <Point X="372" Y="295"/>
    <Point X="361" Y="289"/>
    <Point X="349" Y="283"/>
    <Point X="338" Y="278"/>
    <Point X="328" Y="273"/>
    <Point X="319" Y="270"/>
    <Point X="312" Y="267"/>
    <Point X="305" Y="264"/>
    <Point X="298" Y="262"/>
    <Point X="293" Y="259"/>
    <Point X="287" Y="255"/>
    <Point X="282" Y="252"/>
    <Point X="276" Y="248"/>
    <Point X="271" Y="244"/>
    <Point X="265" Y="241"/>
    <Point X="260" Y="238"/>
    <Point X="256" Y="237"/>
    <Point X="253" Y="235"/>
    <Point X="251" Y="234"/>
    <Point X="251" Y="233"/>
    <Point X="250" Y="233"/>
    <Point X="250" Y="232"/>
    <Point X="249" Y="232"/>
    <Point X="249" Y="231"/>
    <Point X="249" Y="230"/>
    <Point X="249" Y="229"/>
    <Point X="250" Y="228"/>
    <Point X="253" Y="227"/>
    <Point X="253" Y="226"/>
    <Point X="257" Y="226"/>
    <Point X="263" Y="224"/>
    <Point X="271" Y="224"/>
    <Point X="280" Y="223"/>
    <Point X="290" Y="223"/>
    <Point X="299" Y="223"/>
    <Point X="307" Y="223"/>
    <Point X="315" Y="223"/>
    <Point X="322" Y="223"/>
    <Point X="328" Y="223"/>
    <Point X="334" Y="223"/>
    <Point X="340" Y="222"/>
    <Point X="346" Y="221"/>
    <Point X="353" Y="221"/>
    <Point X="361" Y="220"/>
    <Point X="370" Y="219"/>
    <Point X="380" Y="217"/>
    <Point X="391" Y="216"/>
    <Point X="402" Y="215"/>
    <Point X="413" Y="214"/>
    <Point X="423" Y="213"/>
    <Point X="431" Y="213"/>
    <Point X="438" Y="213"/>
    <Point X="443" Y="212"/>
    <Point X="448" Y="211"/>
    <Point X="452" Y="211"/>
    <Point X="455" Y="211"/>
    <Point X="458" Y="211"/>
    <Point X="460" Y="211"/>
    <Point X="463" Y="210"/>
    <Point X="466" Y="210"/>
    <Point X="469" Y="210"/>
    <Point X="473" Y="209"/>
    <Point X="479" Y="209"/>
    <Point X="485" Y="208"/>
    <Point X="491" Y="208"/>
    <Point X="497" Y="207"/>
    <Point X="501" Y="206"/>
    <Point X="505" Y="206"/>
    <Point X="508" Y="205"/>
    <Point X="509" Y="205"/>
    <Point X="512" Y="205"/>
    <Point X="513" Y="204"/>
    <Point X="514" Y="204"/>
    <Point X="514" Y="205"/>
    <Point X="514" Y="206"/>
    <Point X="514" Y="207"/>
    <Point X="513" Y="208"/>
    <Point X="512" Y="210"/>
    <Point X="507" Y="214"/>
    <Point X="504" Y="218"/>
    <Point X="500" Y="222"/>
    <Point X="496" Y="226"/>
    <Point X="491" Y="230"/>
    <Point X="485" Y="235"/>
    <Point X="479" Y="241"/>
    <Point X="470" Y="245"/>
    <Point X="461" Y="251"/>
    <Point X="454" Y="255"/>
    <Point X="446" Y="259"/>
    <Point X="439" Y="263"/>
    <Point X="432" Y="266"/>
    <Point X="427" Y="269"/>
    <Point X="421" Y="272"/>
    <Point X="416" Y="275"/>
    <Point X="412" Y="278"/>
    <Point X="408" Y="280"/>
    <Point X="404" Y="282"/>
    <Point X="400" Y="283"/>
    <Point X="396" Y="285"/>
    <Point X="391" Y="287"/>
    <Point X="386" Y="290"/>
    <Point X="382" Y="292"/>
    <Point X="376" Y="294"/>
    <Point X="371" Y="296"/>
    <Point X="365" Y="299"/>
    <Point X="359" Y="301"/>
    <Point X="354" Y="303"/>
    <Point X="349" Y="305"/>
    <Point X="345" Y="308"/>
    <Point X="341" Y="310"/>
    <Point X="337" Y="311"/>
    <Point X="335" Y="312"/>
    <Point X="335" Y="313"/>
    <Point X="334" Y="313"/>
    <Point X="332" Y="314"/>
    <Point X="332" Y="315"/>
    <Point X="330" Y="316"/>
    <Point X="327" Y="318"/>
    <Point X="326" Y="320"/>
    <Point X="323" Y="322"/>
    <Point X="322" Y="323"/>
    <Point X="321" Y="324"/>
    <Point X="320" Y="324"/>
    <Point X="320" Y="325"/>
    <Point X="320" Y="326"/>
    <Point X="319" Y="327"/>
    <Point X="319" Y="328"/>
    <Point X="319" Y="329"/>
    <Point X="318" Y="330"/>
</Gesture>
