<?xml version="1.0" ?>
<Gesture Name="04" Subject="6" Number="4" NumPts="227">
    <Point X="310" Y="323"/>
    <Point X="310" Y="322"/>
    <Point X="310" Y="320"/>
    <Point X="311" Y="317"/>
    <Point X="313" Y="314"/>
    <Point X="315" Y="310"/>
    <Point X="318" Y="305"/>
    <Point X="320" Y="301"/>
    <Point X="324" Y="295"/>
    <Point X="328" Y="289"/>
    <Point X="333" Y="281"/>
    <Point X="339" Y="273"/>
    <Point X="344" Y="265"/>
    <Point X="349" Y="256"/>
    <Point X="354" Y="248"/>
    <Point X="358" Y="241"/>
    <Point X="362" Y="233"/>
    <Point X="364" Y="227"/>
    <Point X="367" Y="220"/>
    <Point X="368" Y="214"/>
    <Point X="370" Y="208"/>
    <Point X="371" Y="203"/>
    <Point X="373" Y="198"/>
    <Point X="374" Y="193"/>
    <Point X="374" Y="189"/>
    <Point X="376" Y="185"/>
    <Point X="377" Y="181"/>
    <Point X="378" Y="178"/>
    <Point X="378" Y="175"/>
    <Point X="379" Y="172"/>
    <Point X="379" Y="171"/>
    <Point X="379" Y="170"/>
    <Point X="379" Y="169"/>
    <Point X="380" Y="168"/>
    <Point X="380" Y="167"/>
    <Point X="380" Y="166"/>
    <Point X="380" Y="165"/>
    <Point X="381" Y="165"/>
    <Point X="381" Y="164"/>
    <Point X="381" Y="162"/>
    <Point X="382" Y="160"/>
    <Point X="383" Y="158"/>
    <Point X="383" Y="157"/>
    <Point X="383" Y="156"/>
    <Point X="384" Y="158"/>
    <Point X="385" Y="158"/>
    <Point X="385" Y="161"/>
    <Point X="387" Y="165"/>
    <Point X="388" Y="169"/>
    <Point X="390" Y="174"/>
    <Point X="392" Y="180"/>
    <Point X="394" Y="187"/>
    <Point X="396" Y="195"/>
    <Point X="398" Y="203"/>
    <Point X="400" Y="212"/>
    <Point X="402" Y="220"/>
    <Point X="403" Y="230"/>
    <Point X="404" Y="238"/>
    <Point X="405" Y="245"/>
    <Point X="407" Y="251"/>
    <Point X="408" Y="257"/>
    <Point X="409" Y="262"/>
    <Point X="410" Y="267"/>
    <Point X="411" Y="271"/>
    <Point X="412" Y="274"/>
    <Point X="413" Y="278"/>
    <Point X="414" Y="281"/>
    <Point X="416" Y="284"/>
    <Point X="417" Y="287"/>
    <Point X="419" Y="291"/>
    <Point X="421" Y="295"/>
    <Point X="423" Y="298"/>
    <Point X="424" Y="301"/>
    <Point X="426" Y="304"/>
    <Point X="427" Y="307"/>
    <Point X="428" Y="309"/>
    <Point X="429" Y="311"/>
    <Point X="429" Y="312"/>
    <Point X="430" Y="312"/>
    <Point X="430" Y="313"/>
    <Point X="429" Y="312"/>
    <Point X="425" Y="310"/>
    <Point X="421" Y="307"/>
    <Point X="415" Y="303"/>
    <Point X="407" Y="298"/>
    <Point X="399" Y="294"/>
    <Point X="391" Y="291"/>
    <Point X="383" Y="287"/>
    <Point X="376" Y="283"/>
    <Point X="370" Y="280"/>
    <Point X="364" Y="276"/>
    <Point X="358" Y="272"/>
    <Point X="353" Y="268"/>
    <Point X="347" Y="265"/>
    <Point X="342" Y="260"/>
    <Point X="336" Y="256"/>
    <Point X="331" Y="252"/>
    <Point X="325" Y="248"/>
    <Point X="319" Y="245"/>
    <Point X="314" Y="242"/>
    <Point X="308" Y="238"/>
    <Point X="302" Y="235"/>
    <Point X="298" Y="233"/>
    <Point X="294" Y="231"/>
    <Point X="291" Y="230"/>
    <Point X="288" Y="228"/>
    <Point X="285" Y="227"/>
    <Point X="282" Y="226"/>
    <Point X="280" Y="224"/>
    <Point X="279" Y="224"/>
    <Point X="278" Y="223"/>
    <Point X="278" Y="222"/>
    <Point X="280" Y="221"/>
    <Point X="282" Y="221"/>
    <Point X="286" Y="220"/>
    <Point X="291" Y="220"/>
    <Point X="296" Y="219"/>
    <Point X="303" Y="218"/>
    <Point X="310" Y="218"/>
    <Point X="317" Y="218"/>
    <Point X="325" Y="218"/>
    <Point X="333" Y="218"/>
    <Point X="342" Y="217"/>
    <Point X="350" Y="216"/>
    <Point X="359" Y="216"/>
    <Point X="367" Y="215"/>
    <Point X="375" Y="214"/>
    <Point X="384" Y="214"/>
    <Point X="393" Y="214"/>
    <Point X="402" Y="213"/>
    <Point X="410" Y="213"/>
    <Point X="417" Y="213"/>
    <Point X="423" Y="213"/>
    <Point X="428" Y="213"/>
    <Point X="432" Y="213"/>
    <Point X="435" Y="213"/>
    <Point X="437" Y="213"/>
    <Point X="440" Y="213"/>
    <Point X="442" Y="213"/>
    <Point X="444" Y="213"/>
    <Point X="447" Y="213"/>
    <Point X="449" Y="213"/>
    <Point X="452" Y="213"/>
    <Point X="455" Y="213"/>
    <Point X="456" Y="213"/>
    <Point X="458" Y="213"/>
    <Point X="459" Y="213"/>
    <Point X="460" Y="213"/>
    <Point X="461" Y="213"/>
    <Point X="462" Y="213"/>
    <Point X="465" Y="213"/>
    <Point X="468" Y="213"/>
    <Point X="472" Y="213"/>
    <Point X="477" Y="213"/>
    <Point X="480" Y="213"/>
    <Point X="484" Y="213"/>
    <Point X="484" Y="215"/>
    <Point X="483" Y="217"/>
    <Point X="480" Y="220"/>
    <Point X="479" Y="221"/>
    <Point X="477" Y="224"/>
    <Point X="474" Y="227"/>
    <Point X="470" Y="231"/>
    <Point X="465" Y="235"/>
    <Point X="460" Y="239"/>
    <Point X="454" Y="242"/>
    <Point X="449" Y="245"/>
    <Point X="444" Y="247"/>
    <Point X="439" Y="250"/>
    <Point X="435" Y="251"/>
    <Point X="431" Y="252"/>
    <Point X="427" Y="253"/>
    <Point X="423" Y="255"/>
    <Point X="418" Y="257"/>
    <Point X="414" Y="259"/>
    <Point X="407" Y="261"/>
    <Point X="402" Y="264"/>
    <Point X="396" Y="265"/>
    <Point X="392" Y="268"/>
    <Point X="388" Y="270"/>
    <Point X="384" Y="272"/>
    <Point X="380" Y="274"/>
    <Point X="377" Y="276"/>
    <Point X="373" Y="277"/>
    <Point X="369" Y="279"/>
    <Point X="365" Y="281"/>
    <Point X="361" Y="283"/>
    <Point X="358" Y="284"/>
    <Point X="355" Y="286"/>
    <Point X="352" Y="287"/>
    <Point X="351" Y="288"/>
    <Point X="349" Y="289"/>
    <Point X="347" Y="290"/>
    <Point X="346" Y="291"/>
    <Point X="344" Y="292"/>
    <Point X="343" Y="293"/>
    <Point X="341" Y="293"/>
    <Point X="339" Y="295"/>
    <Point X="337" Y="296"/>
    <Point X="336" Y="296"/>
    <Point X="335" Y="297"/>
    <Point X="334" Y="298"/>
    <Point X="334" Y="299"/>
    <Point X="333" Y="299"/>
    <Point X="331" Y="301"/>
    <Point X="330" Y="303"/>
    <Point X="328" Y="305"/>
    <Point X="326" Y="307"/>
    <Point X="324" Y="309"/>
    <Point X="323" Y="311"/>
    <Point X="322" Y="312"/>
    <Point X="321" Y="312"/>
    <Point X="321" Y="313"/>
    <Point X="320" Y="313"/>
    <Point X="320" Y="314"/>
    <Point X="319" Y="314"/>
    <Point X="319" Y="315"/>
    <Point X="318" Y="315"/>
    <Point X="316" Y="317"/>
    <Point X="315" Y="317"/>
    <Point X="314" Y="318"/>
    <Point X="313" Y="319"/>
    <Point X="312" Y="319"/>
    <Point X="312" Y="320"/>
    <Point X="311" Y="320"/>
    <Point X="311" Y="321"/>
    <Point X="310" Y="321"/>
</Gesture>
