<?xml version="1.0" ?>
<Gesture Name="10" Subject="6" Number="10" NumPts="190">
    <Point X="300" Y="316"/>
    <Point X="300" Y="315"/>
    <Point X="300" Y="314"/>
    <Point X="300" Y="313"/>
    <Point X="302" Y="311"/>
    <Point X="302" Y="310"/>
    <Point X="303" Y="308"/>
    <Point X="305" Y="304"/>
    <Point X="307" Y="299"/>
    <Point X="310" Y="294"/>
    <Point X="314" Y="287"/>
    <Point X="318" Y="280"/>
    <Point X="321" Y="274"/>
    <Point X="324" Y="268"/>
    <Point X="327" Y="261"/>
    <Point X="330" Y="255"/>
    <Point X="332" Y="248"/>
    <Point X="334" Y="241"/>
    <Point X="336" Y="235"/>
    <Point X="338" Y="228"/>
    <Point X="340" Y="221"/>
    <Point X="343" Y="214"/>
    <Point X="345" Y="208"/>
    <Point X="347" Y="202"/>
    <Point X="348" Y="196"/>
    <Point X="350" Y="190"/>
    <Point X="352" Y="185"/>
    <Point X="353" Y="179"/>
    <Point X="355" Y="174"/>
    <Point X="356" Y="169"/>
    <Point X="357" Y="165"/>
    <Point X="358" Y="162"/>
    <Point X="359" Y="158"/>
    <Point X="359" Y="157"/>
    <Point X="360" Y="154"/>
    <Point X="360" Y="153"/>
    <Point X="360" Y="152"/>
    <Point X="361" Y="152"/>
    <Point X="362" Y="152"/>
    <Point X="362" Y="153"/>
    <Point X="362" Y="154"/>
    <Point X="364" Y="156"/>
    <Point X="366" Y="159"/>
    <Point X="368" Y="162"/>
    <Point X="371" Y="166"/>
    <Point X="374" Y="171"/>
    <Point X="378" Y="176"/>
    <Point X="381" Y="181"/>
    <Point X="386" Y="187"/>
    <Point X="390" Y="193"/>
    <Point X="393" Y="199"/>
    <Point X="396" Y="206"/>
    <Point X="398" Y="212"/>
    <Point X="400" Y="219"/>
    <Point X="402" Y="226"/>
    <Point X="404" Y="233"/>
    <Point X="406" Y="239"/>
    <Point X="408" Y="245"/>
    <Point X="409" Y="251"/>
    <Point X="410" Y="258"/>
    <Point X="412" Y="264"/>
    <Point X="413" Y="271"/>
    <Point X="415" Y="277"/>
    <Point X="417" Y="284"/>
    <Point X="419" Y="290"/>
    <Point X="420" Y="296"/>
    <Point X="421" Y="299"/>
    <Point X="422" Y="302"/>
    <Point X="422" Y="303"/>
    <Point X="422" Y="304"/>
    <Point X="422" Y="305"/>
    <Point X="421" Y="305"/>
    <Point X="420" Y="305"/>
    <Point X="419" Y="303"/>
    <Point X="415" Y="302"/>
    <Point X="411" Y="299"/>
    <Point X="404" Y="295"/>
    <Point X="395" Y="291"/>
    <Point X="386" Y="288"/>
    <Point X="377" Y="284"/>
    <Point X="369" Y="280"/>
    <Point X="360" Y="277"/>
    <Point X="352" Y="274"/>
    <Point X="343" Y="270"/>
    <Point X="335" Y="266"/>
    <Point X="328" Y="263"/>
    <Point X="320" Y="259"/>
    <Point X="313" Y="256"/>
    <Point X="305" Y="253"/>
    <Point X="297" Y="250"/>
    <Point X="290" Y="246"/>
    <Point X="284" Y="244"/>
    <Point X="277" Y="241"/>
    <Point X="272" Y="240"/>
    <Point X="267" Y="238"/>
    <Point X="262" Y="236"/>
    <Point X="257" Y="234"/>
    <Point X="254" Y="233"/>
    <Point X="251" Y="231"/>
    <Point X="249" Y="230"/>
    <Point X="247" Y="228"/>
    <Point X="245" Y="227"/>
    <Point X="245" Y="226"/>
    <Point X="244" Y="226"/>
    <Point X="244" Y="225"/>
    <Point X="243" Y="225"/>
    <Point X="243" Y="224"/>
    <Point X="244" Y="224"/>
    <Point X="244" Y="223"/>
    <Point X="245" Y="223"/>
    <Point X="248" Y="222"/>
    <Point X="252" Y="221"/>
    <Point X="259" Y="219"/>
    <Point X="268" Y="218"/>
    <Point X="278" Y="216"/>
    <Point X="290" Y="214"/>
    <Point X="303" Y="212"/>
    <Point X="315" Y="210"/>
    <Point X="328" Y="209"/>
    <Point X="341" Y="207"/>
    <Point X="353" Y="205"/>
    <Point X="363" Y="203"/>
    <Point X="371" Y="202"/>
    <Point X="378" Y="202"/>
    <Point X="384" Y="200"/>
    <Point X="390" Y="200"/>
    <Point X="396" Y="199"/>
    <Point X="401" Y="198"/>
    <Point X="407" Y="197"/>
    <Point X="414" Y="196"/>
    <Point X="420" Y="195"/>
    <Point X="427" Y="195"/>
    <Point X="434" Y="194"/>
    <Point X="439" Y="193"/>
    <Point X="445" Y="193"/>
    <Point X="448" Y="193"/>
    <Point X="451" Y="193"/>
    <Point X="452" Y="193"/>
    <Point X="453" Y="193"/>
    <Point X="455" Y="193"/>
    <Point X="459" Y="193"/>
    <Point X="463" Y="192"/>
    <Point X="468" Y="192"/>
    <Point X="472" Y="192"/>
    <Point X="474" Y="192"/>
    <Point X="475" Y="192"/>
    <Point X="475" Y="193"/>
    <Point X="476" Y="193"/>
    <Point X="476" Y="194"/>
    <Point X="476" Y="195"/>
    <Point X="476" Y="196"/>
    <Point X="475" Y="198"/>
    <Point X="473" Y="201"/>
    <Point X="470" Y="205"/>
    <Point X="466" Y="210"/>
    <Point X="461" Y="216"/>
    <Point X="454" Y="222"/>
    <Point X="446" Y="228"/>
    <Point X="438" Y="234"/>
    <Point X="430" Y="240"/>
    <Point X="421" Y="246"/>
    <Point X="412" Y="252"/>
    <Point X="405" Y="256"/>
    <Point X="398" Y="261"/>
    <Point X="392" Y="265"/>
    <Point X="386" Y="268"/>
    <Point X="381" Y="271"/>
    <Point X="375" Y="274"/>
    <Point X="369" Y="277"/>
    <Point X="362" Y="281"/>
    <Point X="355" Y="284"/>
    <Point X="348" Y="287"/>
    <Point X="342" Y="291"/>
    <Point X="336" Y="294"/>
    <Point X="332" Y="296"/>
    <Point X="330" Y="298"/>
    <Point X="328" Y="299"/>
    <Point X="325" Y="301"/>
    <Point X="323" Y="303"/>
    <Point X="321" Y="304"/>
    <Point X="319" Y="306"/>
    <Point X="318" Y="306"/>
    <Point X="317" Y="307"/>
    <Point X="317" Y="308"/>
    <Point X="316" Y="308"/>
    <Point X="315" Y="309"/>
    <Point X="314" Y="310"/>
    <Point X="313" Y="312"/>
    <Point X="312" Y="312"/>
    <Point X="312" Y="313"/>
</Gesture>
