<?xml version="1.0" ?>
<Gesture Name="02" Subject="6" Number="2" NumPts="251">
    <Point X="289" Y="307"/>
    <Point X="288" Y="307"/>
    <Point X="288" Y="305"/>
    <Point X="288" Y="304"/>
    <Point X="288" Y="301"/>
    <Point X="288" Y="299"/>
    <Point X="289" Y="295"/>
    <Point X="290" Y="290"/>
    <Point X="292" Y="286"/>
    <Point X="294" Y="280"/>
    <Point X="297" Y="274"/>
    <Point X="299" Y="267"/>
    <Point X="302" Y="261"/>
    <Point X="304" Y="255"/>
    <Point X="306" Y="248"/>
    <Point X="308" Y="243"/>
    <Point X="310" Y="238"/>
    <Point X="311" Y="232"/>
    <Point X="313" Y="227"/>
    <Point X="315" Y="221"/>
    <Point X="317" Y="216"/>
    <Point X="318" Y="211"/>
    <Point X="319" Y="207"/>
    <Point X="320" Y="203"/>
    <Point X="321" Y="200"/>
    <Point X="322" Y="197"/>
    <Point X="322" Y="194"/>
    <Point X="322" Y="191"/>
    <Point X="323" Y="188"/>
    <Point X="323" Y="185"/>
    <Point X="324" Y="182"/>
    <Point X="324" Y="179"/>
    <Point X="325" Y="176"/>
    <Point X="326" Y="174"/>
    <Point X="326" Y="171"/>
    <Point X="327" Y="170"/>
    <Point X="327" Y="169"/>
    <Point X="328" Y="169"/>
    <Point X="329" Y="170"/>
    <Point X="330" Y="171"/>
    <Point X="332" Y="173"/>
    <Point X="332" Y="174"/>
    <Point X="334" Y="176"/>
    <Point X="336" Y="179"/>
    <Point X="336" Y="180"/>
    <Point X="338" Y="182"/>
    <Point X="340" Y="184"/>
    <Point X="342" Y="187"/>
    <Point X="344" Y="191"/>
    <Point X="346" Y="195"/>
    <Point X="348" Y="199"/>
    <Point X="350" Y="204"/>
    <Point X="352" Y="210"/>
    <Point X="354" Y="216"/>
    <Point X="356" Y="222"/>
    <Point X="358" Y="228"/>
    <Point X="360" Y="234"/>
    <Point X="362" Y="240"/>
    <Point X="364" Y="247"/>
    <Point X="366" Y="252"/>
    <Point X="367" Y="257"/>
    <Point X="369" Y="261"/>
    <Point X="371" Y="266"/>
    <Point X="372" Y="270"/>
    <Point X="373" Y="274"/>
    <Point X="374" Y="278"/>
    <Point X="376" Y="282"/>
    <Point X="377" Y="286"/>
    <Point X="379" Y="291"/>
    <Point X="380" Y="295"/>
    <Point X="381" Y="299"/>
    <Point X="383" Y="302"/>
    <Point X="383" Y="303"/>
    <Point X="384" Y="304"/>
    <Point X="384" Y="305"/>
    <Point X="384" Y="306"/>
    <Point X="384" Y="307"/>
    <Point X="383" Y="307"/>
    <Point X="382" Y="306"/>
    <Point X="381" Y="304"/>
    <Point X="380" Y="303"/>
    <Point X="379" Y="301"/>
    <Point X="378" Y="297"/>
    <Point X="376" Y="294"/>
    <Point X="375" Y="291"/>
    <Point X="373" Y="288"/>
    <Point X="371" Y="285"/>
    <Point X="368" Y="281"/>
    <Point X="365" Y="278"/>
    <Point X="361" Y="274"/>
    <Point X="358" Y="272"/>
    <Point X="354" Y="269"/>
    <Point X="350" Y="268"/>
    <Point X="345" Y="265"/>
    <Point X="339" Y="262"/>
    <Point X="332" Y="259"/>
    <Point X="326" Y="256"/>
    <Point X="320" Y="253"/>
    <Point X="314" Y="250"/>
    <Point X="309" Y="248"/>
    <Point X="305" Y="246"/>
    <Point X="301" Y="245"/>
    <Point X="298" Y="244"/>
    <Point X="296" Y="243"/>
    <Point X="293" Y="242"/>
    <Point X="290" Y="241"/>
    <Point X="288" Y="241"/>
    <Point X="285" Y="240"/>
    <Point X="283" Y="239"/>
    <Point X="281" Y="238"/>
    <Point X="278" Y="237"/>
    <Point X="275" Y="236"/>
    <Point X="273" Y="235"/>
    <Point X="271" Y="234"/>
    <Point X="269" Y="234"/>
    <Point X="269" Y="233"/>
    <Point X="268" Y="233"/>
    <Point X="267" Y="232"/>
    <Point X="266" Y="232"/>
    <Point X="266" Y="231"/>
    <Point X="265" Y="231"/>
    <Point X="265" Y="230"/>
    <Point X="266" Y="228"/>
    <Point X="267" Y="228"/>
    <Point X="270" Y="227"/>
    <Point X="274" Y="226"/>
    <Point X="279" Y="225"/>
    <Point X="284" Y="224"/>
    <Point X="290" Y="223"/>
    <Point X="296" Y="221"/>
    <Point X="302" Y="220"/>
    <Point X="309" Y="218"/>
    <Point X="316" Y="217"/>
    <Point X="323" Y="217"/>
    <Point X="329" Y="215"/>
    <Point X="335" Y="215"/>
    <Point X="340" Y="214"/>
    <Point X="347" Y="214"/>
    <Point X="352" Y="214"/>
    <Point X="357" Y="214"/>
    <Point X="361" Y="214"/>
    <Point X="365" Y="214"/>
    <Point X="369" Y="214"/>
    <Point X="373" Y="213"/>
    <Point X="376" Y="213"/>
    <Point X="380" Y="213"/>
    <Point X="384" Y="212"/>
    <Point X="388" Y="212"/>
    <Point X="391" Y="212"/>
    <Point X="393" Y="212"/>
    <Point X="394" Y="212"/>
    <Point X="395" Y="212"/>
    <Point X="396" Y="212"/>
    <Point X="397" Y="212"/>
    <Point X="398" Y="212"/>
    <Point X="399" Y="212"/>
    <Point X="400" Y="211"/>
    <Point X="401" Y="211"/>
    <Point X="402" Y="211"/>
    <Point X="403" Y="211"/>
    <Point X="404" Y="211"/>
    <Point X="405" Y="211"/>
    <Point X="406" Y="211"/>
    <Point X="409" Y="211"/>
    <Point X="410" Y="211"/>
    <Point X="411" Y="211"/>
    <Point X="412" Y="211"/>
    <Point X="413" Y="211"/>
    <Point X="413" Y="212"/>
    <Point X="412" Y="214"/>
    <Point X="410" Y="215"/>
    <Point X="409" Y="216"/>
    <Point X="406" Y="218"/>
    <Point X="402" Y="220"/>
    <Point X="398" Y="222"/>
    <Point X="394" Y="225"/>
    <Point X="389" Y="229"/>
    <Point X="386" Y="232"/>
    <Point X="383" Y="234"/>
    <Point X="379" Y="236"/>
    <Point X="376" Y="238"/>
    <Point X="373" Y="240"/>
    <Point X="371" Y="242"/>
    <Point X="369" Y="244"/>
    <Point X="368" Y="245"/>
    <Point X="367" Y="247"/>
    <Point X="366" Y="247"/>
    <Point X="365" Y="248"/>
    <Point X="364" Y="249"/>
    <Point X="363" Y="250"/>
    <Point X="362" Y="251"/>
    <Point X="360" Y="253"/>
    <Point X="357" Y="256"/>
    <Point X="354" Y="259"/>
    <Point X="350" Y="261"/>
    <Point X="346" Y="263"/>
    <Point X="343" Y="266"/>
    <Point X="341" Y="267"/>
    <Point X="339" Y="268"/>
    <Point X="338" Y="269"/>
    <Point X="337" Y="269"/>
    <Point X="336" Y="270"/>
    <Point X="334" Y="271"/>
    <Point X="332" Y="272"/>
    <Point X="330" Y="273"/>
    <Point X="328" Y="275"/>
    <Point X="326" Y="276"/>
    <Point X="324" Y="278"/>
    <Point X="322" Y="279"/>
    <Point X="320" Y="280"/>
    <Point X="319" Y="281"/>
    <Point X="319" Y="282"/>
    <Point X="318" Y="283"/>
    <Point X="317" Y="283"/>
    <Point X="317" Y="284"/>
    <Point X="316" Y="285"/>
    <Point X="315" Y="285"/>
    <Point X="314" Y="287"/>
    <Point X="313" Y="287"/>
    <Point X="313" Y="288"/>
    <Point X="312" Y="288"/>
    <Point X="311" Y="290"/>
    <Point X="309" Y="291"/>
    <Point X="306" Y="293"/>
    <Point X="304" Y="294"/>
    <Point X="302" Y="296"/>
    <Point X="301" Y="296"/>
    <Point X="300" Y="297"/>
    <Point X="299" Y="297"/>
    <Point X="298" Y="298"/>
    <Point X="297" Y="299"/>
    <Point X="296" Y="299"/>
    <Point X="296" Y="300"/>
    <Point X="295" Y="300"/>
    <Point X="294" Y="301"/>
    <Point X="293" Y="301"/>
    <Point X="292" Y="302"/>
    <Point X="291" Y="303"/>
    <Point X="290" Y="303"/>
    <Point X="290" Y="304"/>
    <Point X="289" Y="304"/>
    <Point X="288" Y="306"/>
    <Point X="287" Y="306"/>
    <Point X="285" Y="309"/>
    <Point X="283" Y="312"/>
    <Point X="281" Y="314"/>
    <Point X="279" Y="315"/>
    <Point X="277" Y="317"/>
    <Point X="275" Y="318"/>
    <Point X="274" Y="319"/>
    <Point X="273" Y="319"/>
</Gesture>
