<?xml version="1.0" ?>
<Gesture Name="08" Subject="6" Number="8" NumPts="148">
    <Point X="343" Y="133"/>
    <Point X="342" Y="135"/>
    <Point X="341" Y="137"/>
    <Point X="340" Y="138"/>
    <Point X="339" Y="140"/>
    <Point X="339" Y="141"/>
    <Point X="338" Y="143"/>
    <Point X="336" Y="146"/>
    <Point X="334" Y="151"/>
    <Point X="331" Y="156"/>
    <Point X="328" Y="162"/>
    <Point X="325" Y="169"/>
    <Point X="322" Y="176"/>
    <Point X="319" Y="182"/>
    <Point X="315" Y="189"/>
    <Point X="312" Y="196"/>
    <Point X="309" Y="201"/>
    <Point X="307" Y="207"/>
    <Point X="305" Y="211"/>
    <Point X="302" Y="216"/>
    <Point X="299" Y="220"/>
    <Point X="297" Y="224"/>
    <Point X="295" Y="229"/>
    <Point X="293" Y="232"/>
    <Point X="290" Y="235"/>
    <Point X="288" Y="239"/>
    <Point X="287" Y="242"/>
    <Point X="286" Y="244"/>
    <Point X="285" Y="247"/>
    <Point X="284" Y="248"/>
    <Point X="283" Y="250"/>
    <Point X="282" Y="251"/>
    <Point X="282" Y="252"/>
    <Point X="282" Y="253"/>
    <Point X="281" Y="253"/>
    <Point X="282" Y="253"/>
    <Point X="282" Y="254"/>
    <Point X="283" Y="254"/>
    <Point X="284" Y="254"/>
    <Point X="285" Y="254"/>
    <Point X="286" Y="254"/>
    <Point X="288" Y="254"/>
    <Point X="292" Y="254"/>
    <Point X="297" Y="254"/>
    <Point X="301" Y="254"/>
    <Point X="305" Y="254"/>
    <Point X="310" Y="254"/>
    <Point X="315" Y="254"/>
    <Point X="320" Y="254"/>
    <Point X="325" Y="254"/>
    <Point X="331" Y="254"/>
    <Point X="337" Y="254"/>
    <Point X="343" Y="254"/>
    <Point X="350" Y="253"/>
    <Point X="358" Y="253"/>
    <Point X="365" Y="252"/>
    <Point X="372" Y="252"/>
    <Point X="379" Y="252"/>
    <Point X="386" Y="252"/>
    <Point X="393" Y="252"/>
    <Point X="401" Y="251"/>
    <Point X="408" Y="251"/>
    <Point X="415" Y="251"/>
    <Point X="421" Y="251"/>
    <Point X="427" Y="250"/>
    <Point X="432" Y="250"/>
    <Point X="437" Y="250"/>
    <Point X="440" Y="250"/>
    <Point X="443" Y="250"/>
    <Point X="446" Y="250"/>
    <Point X="448" Y="249"/>
    <Point X="451" Y="249"/>
    <Point X="454" Y="249"/>
    <Point X="458" Y="249"/>
    <Point X="461" Y="249"/>
    <Point X="463" Y="249"/>
    <Point X="466" Y="249"/>
    <Point X="469" Y="249"/>
    <Point X="471" Y="249"/>
    <Point X="473" Y="249"/>
    <Point X="474" Y="248"/>
    <Point X="475" Y="248"/>
    <Point X="476" Y="248"/>
    <Point X="476" Y="247"/>
    <Point X="475" Y="246"/>
    <Point X="475" Y="245"/>
    <Point X="474" Y="245"/>
    <Point X="473" Y="243"/>
    <Point X="472" Y="241"/>
    <Point X="470" Y="240"/>
    <Point X="468" Y="238"/>
    <Point X="467" Y="236"/>
    <Point X="466" Y="236"/>
    <Point X="464" Y="234"/>
    <Point X="462" Y="232"/>
    <Point X="459" Y="230"/>
    <Point X="456" Y="228"/>
    <Point X="452" Y="226"/>
    <Point X="449" Y="224"/>
    <Point X="446" Y="221"/>
    <Point X="443" Y="219"/>
    <Point X="440" Y="217"/>
    <Point X="437" Y="215"/>
    <Point X="433" Y="214"/>
    <Point X="430" Y="212"/>
    <Point X="426" Y="210"/>
    <Point X="423" Y="208"/>
    <Point X="420" Y="206"/>
    <Point X="418" Y="204"/>
    <Point X="412" Y="199"/>
    <Point X="408" Y="196"/>
    <Point X="404" Y="193"/>
    <Point X="401" Y="190"/>
    <Point X="398" Y="187"/>
    <Point X="394" Y="184"/>
    <Point X="392" Y="182"/>
    <Point X="389" Y="180"/>
    <Point X="387" Y="178"/>
    <Point X="385" Y="176"/>
    <Point X="383" Y="174"/>
    <Point X="382" Y="172"/>
    <Point X="380" Y="170"/>
    <Point X="379" Y="169"/>
    <Point X="378" Y="167"/>
    <Point X="376" Y="165"/>
    <Point X="375" Y="163"/>
    <Point X="373" Y="160"/>
    <Point X="372" Y="158"/>
    <Point X="370" Y="155"/>
    <Point X="368" Y="153"/>
    <Point X="367" Y="151"/>
    <Point X="365" Y="149"/>
    <Point X="363" Y="147"/>
    <Point X="362" Y="145"/>
    <Point X="360" Y="144"/>
    <Point X="359" Y="142"/>
    <Point X="357" Y="140"/>
    <Point X="356" Y="138"/>
    <Point X="355" Y="137"/>
    <Point X="354" Y="137"/>
    <Point X="353" Y="136"/>
    <Point X="352" Y="136"/>
    <Point X="351" Y="135"/>
    <Point X="350" Y="135"/>
    <Point X="350" Y="134"/>
    <Point X="349" Y="134"/>
    <Point X="348" Y="134"/>
    <Point X="348" Y="133"/>
</Gesture>
