<?xml version="1.0" ?>
<Gesture Name="09" Subject="6" Number="9" NumPts="151">
    <Point X="345" Y="134"/>
    <Point X="345" Y="135"/>
    <Point X="345" Y="137"/>
    <Point X="344" Y="138"/>
    <Point X="344" Y="139"/>
    <Point X="343" Y="141"/>
    <Point X="342" Y="144"/>
    <Point X="340" Y="147"/>
    <Point X="339" Y="151"/>
    <Point X="337" Y="155"/>
    <Point X="335" Y="160"/>
    <Point X="333" Y="165"/>
    <Point X="331" Y="169"/>
    <Point X="328" Y="175"/>
    <Point X="325" Y="181"/>
    <Point X="322" Y="187"/>
    <Point X="319" Y="193"/>
    <Point X="316" Y="198"/>
    <Point X="315" Y="203"/>
    <Point X="312" Y="208"/>
    <Point X="311" Y="211"/>
    <Point X="308" Y="216"/>
    <Point X="305" Y="221"/>
    <Point X="303" Y="225"/>
    <Point X="301" Y="230"/>
    <Point X="298" Y="234"/>
    <Point X="295" Y="238"/>
    <Point X="293" Y="242"/>
    <Point X="291" Y="246"/>
    <Point X="290" Y="249"/>
    <Point X="288" Y="253"/>
    <Point X="287" Y="255"/>
    <Point X="286" Y="257"/>
    <Point X="286" Y="259"/>
    <Point X="285" Y="261"/>
    <Point X="284" Y="261"/>
    <Point X="284" Y="262"/>
    <Point X="284" Y="263"/>
    <Point X="283" Y="263"/>
    <Point X="283" Y="264"/>
    <Point X="284" Y="264"/>
    <Point X="286" Y="264"/>
    <Point X="287" Y="264"/>
    <Point X="288" Y="264"/>
    <Point X="291" Y="265"/>
    <Point X="296" Y="265"/>
    <Point X="301" Y="265"/>
    <Point X="305" Y="265"/>
    <Point X="311" Y="265"/>
    <Point X="316" Y="266"/>
    <Point X="322" Y="266"/>
    <Point X="328" Y="266"/>
    <Point X="335" Y="266"/>
    <Point X="343" Y="266"/>
    <Point X="352" Y="265"/>
    <Point X="360" Y="265"/>
    <Point X="369" Y="264"/>
    <Point X="376" Y="263"/>
    <Point X="384" Y="263"/>
    <Point X="391" Y="263"/>
    <Point X="398" Y="262"/>
    <Point X="406" Y="261"/>
    <Point X="414" Y="260"/>
    <Point X="421" Y="259"/>
    <Point X="427" Y="258"/>
    <Point X="433" Y="257"/>
    <Point X="439" Y="256"/>
    <Point X="444" Y="256"/>
    <Point X="448" Y="256"/>
    <Point X="452" Y="256"/>
    <Point X="455" Y="256"/>
    <Point X="458" Y="255"/>
    <Point X="459" Y="255"/>
    <Point X="461" Y="255"/>
    <Point X="462" Y="255"/>
    <Point X="464" Y="255"/>
    <Point X="466" Y="254"/>
    <Point X="467" Y="254"/>
    <Point X="470" Y="253"/>
    <Point X="472" Y="253"/>
    <Point X="474" Y="252"/>
    <Point X="476" Y="252"/>
    <Point X="478" Y="252"/>
    <Point X="480" Y="252"/>
    <Point X="482" Y="252"/>
    <Point X="482" Y="251"/>
    <Point X="481" Y="250"/>
    <Point X="481" Y="249"/>
    <Point X="478" Y="247"/>
    <Point X="477" Y="246"/>
    <Point X="476" Y="244"/>
    <Point X="474" Y="241"/>
    <Point X="472" Y="239"/>
    <Point X="470" Y="237"/>
    <Point X="468" Y="235"/>
    <Point X="466" Y="233"/>
    <Point X="464" Y="231"/>
    <Point X="462" Y="229"/>
    <Point X="459" Y="227"/>
    <Point X="456" Y="224"/>
    <Point X="453" Y="222"/>
    <Point X="450" Y="220"/>
    <Point X="447" Y="218"/>
    <Point X="445" Y="216"/>
    <Point X="443" Y="214"/>
    <Point X="440" Y="211"/>
    <Point X="437" Y="209"/>
    <Point X="435" Y="207"/>
    <Point X="431" Y="205"/>
    <Point X="428" Y="202"/>
    <Point X="426" Y="200"/>
    <Point X="422" Y="198"/>
    <Point X="419" Y="195"/>
    <Point X="416" Y="193"/>
    <Point X="413" Y="191"/>
    <Point X="411" Y="189"/>
    <Point X="409" Y="187"/>
    <Point X="407" Y="186"/>
    <Point X="404" Y="184"/>
    <Point X="402" Y="181"/>
    <Point X="398" Y="179"/>
    <Point X="395" Y="177"/>
    <Point X="392" Y="175"/>
    <Point X="389" Y="173"/>
    <Point X="387" Y="171"/>
    <Point X="383" Y="168"/>
    <Point X="381" Y="166"/>
    <Point X="379" Y="164"/>
    <Point X="375" Y="161"/>
    <Point X="373" Y="159"/>
    <Point X="370" Y="157"/>
    <Point X="368" Y="155"/>
    <Point X="365" Y="153"/>
    <Point X="362" Y="150"/>
    <Point X="358" Y="148"/>
    <Point X="355" Y="147"/>
    <Point X="353" Y="145"/>
    <Point X="350" Y="144"/>
    <Point X="348" Y="143"/>
    <Point X="346" Y="141"/>
    <Point X="344" Y="140"/>
    <Point X="342" Y="139"/>
    <Point X="340" Y="138"/>
    <Point X="338" Y="136"/>
    <Point X="336" Y="135"/>
    <Point X="334" Y="133"/>
    <Point X="332" Y="132"/>
    <Point X="330" Y="130"/>
    <Point X="330" Y="129"/>
    <Point X="329" Y="129"/>
    <Point X="329" Y="128"/>
</Gesture>
