<?xml version="1.0" ?>
<Gesture Name="06" Subject="6" Number="6" NumPts="189">
    <Point X="367" Y="138"/>
    <Point X="367" Y="137"/>
    <Point X="367" Y="138"/>
    <Point X="366" Y="139"/>
    <Point X="364" Y="141"/>
    <Point X="363" Y="144"/>
    <Point X="362" Y="146"/>
    <Point X="360" Y="148"/>
    <Point X="360" Y="149"/>
    <Point X="358" Y="152"/>
    <Point X="356" Y="155"/>
    <Point X="354" Y="159"/>
    <Point X="352" Y="163"/>
    <Point X="349" Y="167"/>
    <Point X="346" Y="171"/>
    <Point X="344" Y="175"/>
    <Point X="342" Y="178"/>
    <Point X="341" Y="182"/>
    <Point X="339" Y="186"/>
    <Point X="336" Y="190"/>
    <Point X="334" Y="195"/>
    <Point X="332" Y="200"/>
    <Point X="328" Y="205"/>
    <Point X="325" Y="211"/>
    <Point X="322" Y="217"/>
    <Point X="318" Y="223"/>
    <Point X="315" Y="228"/>
    <Point X="312" Y="233"/>
    <Point X="310" Y="237"/>
    <Point X="308" Y="240"/>
    <Point X="306" Y="244"/>
    <Point X="303" Y="247"/>
    <Point X="301" Y="250"/>
    <Point X="299" Y="255"/>
    <Point X="297" Y="259"/>
    <Point X="294" Y="264"/>
    <Point X="292" Y="268"/>
    <Point X="290" Y="271"/>
    <Point X="289" Y="273"/>
    <Point X="288" Y="276"/>
    <Point X="288" Y="277"/>
    <Point X="288" Y="278"/>
    <Point X="288" Y="279"/>
    <Point X="287" Y="279"/>
    <Point X="287" Y="280"/>
    <Point X="286" Y="281"/>
    <Point X="286" Y="282"/>
    <Point X="286" Y="283"/>
    <Point X="285" Y="283"/>
    <Point X="286" Y="283"/>
    <Point X="288" Y="283"/>
    <Point X="290" Y="283"/>
    <Point X="291" Y="283"/>
    <Point X="294" Y="283"/>
    <Point X="298" Y="283"/>
    <Point X="303" Y="283"/>
    <Point X="309" Y="283"/>
    <Point X="315" Y="283"/>
    <Point X="322" Y="283"/>
    <Point X="327" Y="283"/>
    <Point X="332" Y="283"/>
    <Point X="337" Y="283"/>
    <Point X="341" Y="283"/>
    <Point X="346" Y="283"/>
    <Point X="351" Y="283"/>
    <Point X="358" Y="283"/>
    <Point X="365" Y="283"/>
    <Point X="373" Y="283"/>
    <Point X="382" Y="283"/>
    <Point X="390" Y="283"/>
    <Point X="397" Y="283"/>
    <Point X="405" Y="283"/>
    <Point X="413" Y="283"/>
    <Point X="420" Y="283"/>
    <Point X="428" Y="283"/>
    <Point X="435" Y="283"/>
    <Point X="440" Y="283"/>
    <Point X="444" Y="283"/>
    <Point X="447" Y="283"/>
    <Point X="450" Y="283"/>
    <Point X="452" Y="282"/>
    <Point X="455" Y="282"/>
    <Point X="458" Y="281"/>
    <Point X="461" Y="281"/>
    <Point X="464" Y="280"/>
    <Point X="468" Y="279"/>
    <Point X="473" Y="279"/>
    <Point X="477" Y="278"/>
    <Point X="482" Y="277"/>
    <Point X="485" Y="277"/>
    <Point X="487" Y="277"/>
    <Point X="490" Y="276"/>
    <Point X="491" Y="276"/>
    <Point X="494" Y="276"/>
    <Point X="496" Y="276"/>
    <Point X="499" Y="275"/>
    <Point X="502" Y="275"/>
    <Point X="505" Y="274"/>
    <Point X="507" Y="274"/>
    <Point X="509" Y="273"/>
    <Point X="510" Y="273"/>
    <Point X="511" Y="273"/>
    <Point X="511" Y="272"/>
    <Point X="514" Y="272"/>
    <Point X="515" Y="272"/>
    <Point X="516" Y="271"/>
    <Point X="517" Y="270"/>
    <Point X="518" Y="270"/>
    <Point X="519" Y="269"/>
    <Point X="520" Y="269"/>
    <Point X="519" Y="269"/>
    <Point X="519" Y="268"/>
    <Point X="518" Y="268"/>
    <Point X="518" Y="267"/>
    <Point X="516" Y="266"/>
    <Point X="514" Y="265"/>
    <Point X="513" Y="264"/>
    <Point X="510" Y="263"/>
    <Point X="508" Y="262"/>
    <Point X="506" Y="261"/>
    <Point X="505" Y="260"/>
    <Point X="502" Y="259"/>
    <Point X="499" Y="258"/>
    <Point X="496" Y="256"/>
    <Point X="493" Y="255"/>
    <Point X="492" Y="255"/>
    <Point X="492" Y="254"/>
    <Point X="489" Y="253"/>
    <Point X="487" Y="252"/>
    <Point X="484" Y="251"/>
    <Point X="482" Y="249"/>
    <Point X="479" Y="247"/>
    <Point X="477" Y="245"/>
    <Point X="474" Y="243"/>
    <Point X="472" Y="241"/>
    <Point X="469" Y="239"/>
    <Point X="467" Y="237"/>
    <Point X="464" Y="236"/>
    <Point X="462" Y="234"/>
    <Point X="460" Y="232"/>
    <Point X="458" Y="230"/>
    <Point X="455" Y="228"/>
    <Point X="453" Y="227"/>
    <Point X="449" Y="225"/>
    <Point X="446" Y="222"/>
    <Point X="443" Y="220"/>
    <Point X="439" Y="218"/>
    <Point X="436" Y="216"/>
    <Point X="433" Y="213"/>
    <Point X="430" Y="212"/>
    <Point X="427" Y="209"/>
    <Point X="424" Y="207"/>
    <Point X="420" Y="204"/>
    <Point X="418" Y="202"/>
    <Point X="414" Y="199"/>
    <Point X="411" Y="197"/>
    <Point X="408" Y="194"/>
    <Point X="405" Y="191"/>
    <Point X="403" Y="188"/>
    <Point X="400" Y="185"/>
    <Point X="398" Y="182"/>
    <Point X="396" Y="179"/>
    <Point X="395" Y="177"/>
    <Point X="393" Y="174"/>
    <Point X="391" Y="172"/>
    <Point X="390" Y="170"/>
    <Point X="388" Y="167"/>
    <Point X="386" Y="165"/>
    <Point X="384" Y="163"/>
    <Point X="383" Y="162"/>
    <Point X="381" Y="161"/>
    <Point X="380" Y="159"/>
    <Point X="380" Y="158"/>
    <Point X="379" Y="157"/>
    <Point X="377" Y="155"/>
    <Point X="376" Y="154"/>
    <Point X="375" Y="153"/>
    <Point X="374" Y="151"/>
    <Point X="372" Y="150"/>
    <Point X="372" Y="149"/>
    <Point X="371" Y="147"/>
    <Point X="370" Y="146"/>
    <Point X="370" Y="145"/>
    <Point X="369" Y="144"/>
    <Point X="369" Y="143"/>
    <Point X="368" Y="142"/>
    <Point X="368" Y="141"/>
    <Point X="367" Y="141"/>
    <Point X="367" Y="140"/>
</Gesture>
