<?xml version="1.0" ?>
<Gesture Name="02" Subject="6" Number="2" NumPts="171">
    <Point X="330" Y="114"/>
    <Point X="330" Y="115"/>
    <Point X="330" Y="116"/>
    <Point X="329" Y="117"/>
    <Point X="329" Y="118"/>
    <Point X="329" Y="119"/>
    <Point X="329" Y="120"/>
    <Point X="328" Y="121"/>
    <Point X="328" Y="122"/>
    <Point X="328" Y="123"/>
    <Point X="327" Y="124"/>
    <Point X="326" Y="127"/>
    <Point X="325" Y="129"/>
    <Point X="325" Y="130"/>
    <Point X="324" Y="132"/>
    <Point X="323" Y="135"/>
    <Point X="322" Y="138"/>
    <Point X="320" Y="142"/>
    <Point X="319" Y="145"/>
    <Point X="318" Y="149"/>
    <Point X="317" Y="152"/>
    <Point X="316" Y="156"/>
    <Point X="315" Y="158"/>
    <Point X="314" Y="161"/>
    <Point X="313" Y="163"/>
    <Point X="312" Y="166"/>
    <Point X="311" Y="169"/>
    <Point X="310" Y="172"/>
    <Point X="309" Y="175"/>
    <Point X="307" Y="179"/>
    <Point X="306" Y="183"/>
    <Point X="305" Y="187"/>
    <Point X="304" Y="191"/>
    <Point X="302" Y="195"/>
    <Point X="301" Y="199"/>
    <Point X="300" Y="202"/>
    <Point X="299" Y="205"/>
    <Point X="299" Y="208"/>
    <Point X="298" Y="211"/>
    <Point X="296" Y="214"/>
    <Point X="295" Y="217"/>
    <Point X="294" Y="221"/>
    <Point X="293" Y="223"/>
    <Point X="292" Y="225"/>
    <Point X="291" Y="228"/>
    <Point X="290" Y="230"/>
    <Point X="289" Y="232"/>
    <Point X="288" Y="234"/>
    <Point X="288" Y="236"/>
    <Point X="287" Y="236"/>
    <Point X="287" Y="237"/>
    <Point X="287" Y="238"/>
    <Point X="287" Y="239"/>
    <Point X="287" Y="240"/>
    <Point X="287" Y="241"/>
    <Point X="286" Y="241"/>
    <Point X="286" Y="242"/>
    <Point X="286" Y="243"/>
    <Point X="286" Y="244"/>
    <Point X="286" Y="245"/>
    <Point X="286" Y="246"/>
    <Point X="286" Y="247"/>
    <Point X="287" Y="247"/>
    <Point X="289" Y="247"/>
    <Point X="290" Y="247"/>
    <Point X="291" Y="247"/>
    <Point X="292" Y="247"/>
    <Point X="295" Y="248"/>
    <Point X="300" Y="248"/>
    <Point X="306" Y="249"/>
    <Point X="314" Y="249"/>
    <Point X="322" Y="249"/>
    <Point X="330" Y="249"/>
    <Point X="337" Y="250"/>
    <Point X="343" Y="250"/>
    <Point X="350" Y="250"/>
    <Point X="355" Y="250"/>
    <Point X="360" Y="250"/>
    <Point X="364" Y="250"/>
    <Point X="368" Y="250"/>
    <Point X="372" Y="250"/>
    <Point X="377" Y="250"/>
    <Point X="381" Y="250"/>
    <Point X="384" Y="250"/>
    <Point X="388" Y="250"/>
    <Point X="392" Y="250"/>
    <Point X="395" Y="250"/>
    <Point X="398" Y="250"/>
    <Point X="401" Y="251"/>
    <Point X="403" Y="251"/>
    <Point X="406" Y="251"/>
    <Point X="408" Y="251"/>
    <Point X="410" Y="251"/>
    <Point X="411" Y="251"/>
    <Point X="412" Y="251"/>
    <Point X="413" Y="251"/>
    <Point X="414" Y="251"/>
    <Point X="417" Y="251"/>
    <Point X="419" Y="251"/>
    <Point X="420" Y="251"/>
    <Point X="421" Y="251"/>
    <Point X="424" Y="251"/>
    <Point X="426" Y="251"/>
    <Point X="427" Y="251"/>
    <Point X="428" Y="251"/>
    <Point X="430" Y="251"/>
    <Point X="431" Y="251"/>
    <Point X="432" Y="251"/>
    <Point X="434" Y="251"/>
    <Point X="435" Y="251"/>
    <Point X="436" Y="250"/>
    <Point X="437" Y="250"/>
    <Point X="437" Y="249"/>
    <Point X="436" Y="249"/>
    <Point X="436" Y="248"/>
    <Point X="434" Y="247"/>
    <Point X="433" Y="245"/>
    <Point X="432" Y="244"/>
    <Point X="429" Y="242"/>
    <Point X="426" Y="239"/>
    <Point X="424" Y="237"/>
    <Point X="422" Y="236"/>
    <Point X="420" Y="233"/>
    <Point X="417" Y="230"/>
    <Point X="414" Y="228"/>
    <Point X="411" Y="225"/>
    <Point X="409" Y="223"/>
    <Point X="405" Y="220"/>
    <Point X="402" Y="218"/>
    <Point X="399" Y="216"/>
    <Point X="395" Y="214"/>
    <Point X="393" Y="212"/>
    <Point X="389" Y="209"/>
    <Point X="387" Y="206"/>
    <Point X="384" Y="204"/>
    <Point X="381" Y="202"/>
    <Point X="379" Y="199"/>
    <Point X="376" Y="196"/>
    <Point X="372" Y="194"/>
    <Point X="370" Y="191"/>
    <Point X="368" Y="188"/>
    <Point X="365" Y="184"/>
    <Point X="362" Y="181"/>
    <Point X="359" Y="177"/>
    <Point X="357" Y="174"/>
    <Point X="354" Y="169"/>
    <Point X="352" Y="165"/>
    <Point X="349" Y="161"/>
    <Point X="347" Y="157"/>
    <Point X="345" Y="153"/>
    <Point X="342" Y="148"/>
    <Point X="341" Y="145"/>
    <Point X="339" Y="140"/>
    <Point X="337" Y="136"/>
    <Point X="336" Y="132"/>
    <Point X="335" Y="128"/>
    <Point X="334" Y="124"/>
    <Point X="333" Y="120"/>
    <Point X="332" Y="116"/>
    <Point X="330" Y="112"/>
    <Point X="330" Y="109"/>
    <Point X="329" Y="106"/>
    <Point X="328" Y="102"/>
    <Point X="328" Y="99"/>
    <Point X="327" Y="98"/>
    <Point X="327" Y="96"/>
    <Point X="326" Y="94"/>
    <Point X="325" Y="93"/>
    <Point X="325" Y="92"/>
    <Point X="324" Y="92"/>
    <Point X="324" Y="91"/>
</Gesture>
