<?xml version="1.0" ?>
<Gesture Name="10" Subject="6" Number="10" NumPts="171">
    <Point X="349" Y="126"/>
    <Point X="348" Y="127"/>
    <Point X="348" Y="128"/>
    <Point X="347" Y="129"/>
    <Point X="346" Y="130"/>
    <Point X="345" Y="132"/>
    <Point X="344" Y="133"/>
    <Point X="342" Y="136"/>
    <Point X="342" Y="137"/>
    <Point X="340" Y="139"/>
    <Point X="339" Y="142"/>
    <Point X="336" Y="146"/>
    <Point X="334" Y="151"/>
    <Point X="331" Y="156"/>
    <Point X="328" Y="161"/>
    <Point X="325" Y="167"/>
    <Point X="322" Y="173"/>
    <Point X="319" Y="178"/>
    <Point X="316" Y="184"/>
    <Point X="313" Y="188"/>
    <Point X="312" Y="191"/>
    <Point X="310" Y="194"/>
    <Point X="308" Y="197"/>
    <Point X="307" Y="200"/>
    <Point X="306" Y="202"/>
    <Point X="304" Y="205"/>
    <Point X="302" Y="209"/>
    <Point X="300" Y="213"/>
    <Point X="298" Y="218"/>
    <Point X="295" Y="223"/>
    <Point X="293" Y="229"/>
    <Point X="291" Y="233"/>
    <Point X="289" Y="237"/>
    <Point X="287" Y="241"/>
    <Point X="286" Y="244"/>
    <Point X="284" Y="247"/>
    <Point X="283" Y="251"/>
    <Point X="282" Y="252"/>
    <Point X="281" Y="255"/>
    <Point X="280" Y="256"/>
    <Point X="280" Y="257"/>
    <Point X="279" Y="257"/>
    <Point X="279" Y="258"/>
    <Point X="279" Y="259"/>
    <Point X="279" Y="260"/>
    <Point X="279" Y="261"/>
    <Point X="279" Y="262"/>
    <Point X="280" Y="262"/>
    <Point X="282" Y="262"/>
    <Point X="283" Y="262"/>
    <Point X="284" Y="262"/>
    <Point X="288" Y="262"/>
    <Point X="291" Y="262"/>
    <Point X="295" Y="262"/>
    <Point X="299" Y="262"/>
    <Point X="303" Y="262"/>
    <Point X="308" Y="262"/>
    <Point X="312" Y="262"/>
    <Point X="318" Y="262"/>
    <Point X="324" Y="261"/>
    <Point X="329" Y="261"/>
    <Point X="336" Y="260"/>
    <Point X="343" Y="259"/>
    <Point X="350" Y="258"/>
    <Point X="357" Y="257"/>
    <Point X="364" Y="256"/>
    <Point X="371" Y="255"/>
    <Point X="377" Y="254"/>
    <Point X="384" Y="253"/>
    <Point X="390" Y="252"/>
    <Point X="395" Y="251"/>
    <Point X="401" Y="250"/>
    <Point X="406" Y="249"/>
    <Point X="411" Y="249"/>
    <Point X="417" Y="248"/>
    <Point X="422" Y="248"/>
    <Point X="428" Y="246"/>
    <Point X="434" Y="246"/>
    <Point X="439" Y="245"/>
    <Point X="445" Y="244"/>
    <Point X="449" Y="244"/>
    <Point X="453" Y="244"/>
    <Point X="456" Y="243"/>
    <Point X="459" Y="243"/>
    <Point X="462" Y="243"/>
    <Point X="464" Y="242"/>
    <Point X="466" Y="242"/>
    <Point X="467" Y="242"/>
    <Point X="469" Y="242"/>
    <Point X="471" Y="242"/>
    <Point X="472" Y="241"/>
    <Point X="473" Y="241"/>
    <Point X="475" Y="241"/>
    <Point X="476" Y="240"/>
    <Point X="479" Y="240"/>
    <Point X="481" Y="240"/>
    <Point X="484" Y="240"/>
    <Point X="485" Y="240"/>
    <Point X="486" Y="239"/>
    <Point X="488" Y="239"/>
    <Point X="489" Y="239"/>
    <Point X="489" Y="238"/>
    <Point X="490" Y="238"/>
    <Point X="491" Y="238"/>
    <Point X="492" Y="238"/>
    <Point X="492" Y="237"/>
    <Point X="491" Y="236"/>
    <Point X="490" Y="235"/>
    <Point X="489" Y="234"/>
    <Point X="488" Y="233"/>
    <Point X="486" Y="231"/>
    <Point X="485" Y="230"/>
    <Point X="483" Y="228"/>
    <Point X="482" Y="227"/>
    <Point X="479" Y="224"/>
    <Point X="477" Y="222"/>
    <Point X="474" Y="220"/>
    <Point X="472" Y="218"/>
    <Point X="468" Y="216"/>
    <Point X="465" Y="214"/>
    <Point X="462" Y="212"/>
    <Point X="459" Y="209"/>
    <Point X="456" Y="207"/>
    <Point X="453" Y="204"/>
    <Point X="450" Y="202"/>
    <Point X="447" Y="199"/>
    <Point X="444" Y="196"/>
    <Point X="441" Y="193"/>
    <Point X="437" Y="191"/>
    <Point X="434" Y="189"/>
    <Point X="431" Y="187"/>
    <Point X="429" Y="185"/>
    <Point X="426" Y="184"/>
    <Point X="423" Y="182"/>
    <Point X="420" Y="181"/>
    <Point X="417" Y="179"/>
    <Point X="414" Y="177"/>
    <Point X="411" Y="176"/>
    <Point X="408" Y="173"/>
    <Point X="405" Y="171"/>
    <Point X="401" Y="168"/>
    <Point X="398" Y="166"/>
    <Point X="395" Y="163"/>
    <Point X="391" Y="161"/>
    <Point X="387" Y="158"/>
    <Point X="384" Y="155"/>
    <Point X="381" Y="153"/>
    <Point X="378" Y="151"/>
    <Point X="375" Y="149"/>
    <Point X="373" Y="146"/>
    <Point X="371" Y="145"/>
    <Point X="369" Y="143"/>
    <Point X="367" Y="142"/>
    <Point X="366" Y="140"/>
    <Point X="364" Y="139"/>
    <Point X="364" Y="138"/>
    <Point X="363" Y="137"/>
    <Point X="361" Y="137"/>
    <Point X="360" Y="135"/>
    <Point X="359" Y="135"/>
    <Point X="357" Y="134"/>
    <Point X="356" Y="133"/>
    <Point X="355" Y="133"/>
    <Point X="354" Y="132"/>
    <Point X="352" Y="131"/>
    <Point X="351" Y="130"/>
    <Point X="350" Y="129"/>
    <Point X="349" Y="128"/>
    <Point X="348" Y="127"/>
    <Point X="347" Y="127"/>
    <Point X="347" Y="126"/>
</Gesture>
