<?xml version="1.0" ?>
<Gesture Name="03" Subject="6" Number="3" NumPts="126">
    <Point X="337" Y="120"/>
    <Point X="337" Y="122"/>
    <Point X="337" Y="123"/>
    <Point X="336" Y="124"/>
    <Point X="335" Y="127"/>
    <Point X="335" Y="128"/>
    <Point X="333" Y="131"/>
    <Point X="333" Y="132"/>
    <Point X="332" Y="134"/>
    <Point X="330" Y="137"/>
    <Point X="328" Y="141"/>
    <Point X="325" Y="145"/>
    <Point X="322" Y="150"/>
    <Point X="319" Y="155"/>
    <Point X="316" Y="160"/>
    <Point X="312" Y="165"/>
    <Point X="309" Y="170"/>
    <Point X="306" Y="175"/>
    <Point X="303" Y="181"/>
    <Point X="300" Y="186"/>
    <Point X="297" Y="191"/>
    <Point X="295" Y="196"/>
    <Point X="292" Y="202"/>
    <Point X="290" Y="207"/>
    <Point X="287" Y="211"/>
    <Point X="286" Y="215"/>
    <Point X="283" Y="218"/>
    <Point X="282" Y="222"/>
    <Point X="280" Y="224"/>
    <Point X="279" Y="226"/>
    <Point X="278" Y="226"/>
    <Point X="278" Y="227"/>
    <Point X="277" Y="228"/>
    <Point X="277" Y="229"/>
    <Point X="276" Y="230"/>
    <Point X="276" Y="231"/>
    <Point X="275" Y="232"/>
    <Point X="276" Y="233"/>
    <Point X="277" Y="233"/>
    <Point X="278" Y="233"/>
    <Point X="279" Y="233"/>
    <Point X="280" Y="234"/>
    <Point X="282" Y="234"/>
    <Point X="283" Y="234"/>
    <Point X="284" Y="234"/>
    <Point X="286" Y="234"/>
    <Point X="289" Y="234"/>
    <Point X="293" Y="234"/>
    <Point X="300" Y="234"/>
    <Point X="308" Y="234"/>
    <Point X="318" Y="234"/>
    <Point X="331" Y="234"/>
    <Point X="342" Y="234"/>
    <Point X="354" Y="234"/>
    <Point X="366" Y="234"/>
    <Point X="376" Y="234"/>
    <Point X="384" Y="234"/>
    <Point X="391" Y="234"/>
    <Point X="398" Y="234"/>
    <Point X="403" Y="234"/>
    <Point X="408" Y="234"/>
    <Point X="412" Y="234"/>
    <Point X="417" Y="234"/>
    <Point X="422" Y="234"/>
    <Point X="427" Y="233"/>
    <Point X="432" Y="232"/>
    <Point X="437" Y="232"/>
    <Point X="440" Y="232"/>
    <Point X="441" Y="232"/>
    <Point X="442" Y="232"/>
    <Point X="442" Y="231"/>
    <Point X="443" Y="231"/>
    <Point X="445" Y="231"/>
    <Point X="447" Y="230"/>
    <Point X="448" Y="230"/>
    <Point X="449" Y="230"/>
    <Point X="448" Y="229"/>
    <Point X="447" Y="228"/>
    <Point X="444" Y="226"/>
    <Point X="442" Y="225"/>
    <Point X="441" Y="223"/>
    <Point X="438" Y="220"/>
    <Point X="435" Y="218"/>
    <Point X="432" Y="215"/>
    <Point X="428" Y="212"/>
    <Point X="424" Y="208"/>
    <Point X="420" Y="206"/>
    <Point X="415" Y="202"/>
    <Point X="410" Y="199"/>
    <Point X="406" Y="196"/>
    <Point X="402" Y="193"/>
    <Point X="398" Y="190"/>
    <Point X="395" Y="187"/>
    <Point X="391" Y="184"/>
    <Point X="388" Y="182"/>
    <Point X="385" Y="179"/>
    <Point X="382" Y="176"/>
    <Point X="379" Y="173"/>
    <Point X="376" Y="171"/>
    <Point X="372" Y="168"/>
    <Point X="369" Y="166"/>
    <Point X="366" Y="163"/>
    <Point X="363" Y="161"/>
    <Point X="360" Y="158"/>
    <Point X="358" Y="155"/>
    <Point X="355" Y="152"/>
    <Point X="353" Y="150"/>
    <Point X="352" Y="147"/>
    <Point X="350" Y="145"/>
    <Point X="348" Y="142"/>
    <Point X="346" Y="140"/>
    <Point X="344" Y="137"/>
    <Point X="343" Y="136"/>
    <Point X="343" Y="134"/>
    <Point X="341" Y="132"/>
    <Point X="340" Y="130"/>
    <Point X="339" Y="129"/>
    <Point X="338" Y="127"/>
    <Point X="337" Y="125"/>
    <Point X="337" Y="124"/>
    <Point X="336" Y="124"/>
    <Point X="336" Y="123"/>
    <Point X="336" Y="122"/>
    <Point X="336" Y="121"/>
    <Point X="335" Y="120"/>
    <Point X="335" Y="119"/>
</Gesture>
