<?xml version="1.0" ?>
<Gesture Name="07" Subject="6" Number="7" NumPts="157">
    <Point X="345" Y="119"/>
    <Point X="345" Y="120"/>
    <Point X="345" Y="121"/>
    <Point X="344" Y="124"/>
    <Point X="343" Y="126"/>
    <Point X="342" Y="129"/>
    <Point X="339" Y="133"/>
    <Point X="338" Y="137"/>
    <Point X="335" Y="142"/>
    <Point X="332" Y="147"/>
    <Point X="329" Y="153"/>
    <Point X="326" Y="159"/>
    <Point X="322" Y="164"/>
    <Point X="318" Y="170"/>
    <Point X="315" Y="175"/>
    <Point X="312" Y="180"/>
    <Point X="309" Y="185"/>
    <Point X="306" Y="190"/>
    <Point X="304" Y="193"/>
    <Point X="301" Y="197"/>
    <Point X="299" Y="201"/>
    <Point X="297" Y="205"/>
    <Point X="295" Y="209"/>
    <Point X="293" Y="214"/>
    <Point X="291" Y="218"/>
    <Point X="289" Y="222"/>
    <Point X="286" Y="227"/>
    <Point X="284" Y="232"/>
    <Point X="283" Y="235"/>
    <Point X="281" Y="238"/>
    <Point X="280" Y="241"/>
    <Point X="279" Y="243"/>
    <Point X="278" Y="247"/>
    <Point X="277" Y="250"/>
    <Point X="276" Y="252"/>
    <Point X="275" Y="255"/>
    <Point X="274" Y="258"/>
    <Point X="273" Y="260"/>
    <Point X="273" Y="261"/>
    <Point X="274" Y="261"/>
    <Point X="275" Y="261"/>
    <Point X="277" Y="261"/>
    <Point X="278" Y="261"/>
    <Point X="281" Y="261"/>
    <Point X="284" Y="261"/>
    <Point X="288" Y="261"/>
    <Point X="294" Y="261"/>
    <Point X="300" Y="261"/>
    <Point X="306" Y="261"/>
    <Point X="312" Y="261"/>
    <Point X="316" Y="261"/>
    <Point X="320" Y="261"/>
    <Point X="325" Y="261"/>
    <Point X="329" Y="261"/>
    <Point X="333" Y="261"/>
    <Point X="337" Y="261"/>
    <Point X="342" Y="261"/>
    <Point X="347" Y="261"/>
    <Point X="354" Y="260"/>
    <Point X="362" Y="259"/>
    <Point X="370" Y="257"/>
    <Point X="377" Y="255"/>
    <Point X="387" Y="253"/>
    <Point X="396" Y="251"/>
    <Point X="406" Y="250"/>
    <Point X="414" Y="249"/>
    <Point X="422" Y="248"/>
    <Point X="429" Y="248"/>
    <Point X="434" Y="248"/>
    <Point X="438" Y="248"/>
    <Point X="441" Y="247"/>
    <Point X="443" Y="247"/>
    <Point X="445" Y="247"/>
    <Point X="449" Y="247"/>
    <Point X="451" Y="246"/>
    <Point X="453" Y="246"/>
    <Point X="456" Y="246"/>
    <Point X="460" Y="245"/>
    <Point X="463" Y="244"/>
    <Point X="467" Y="244"/>
    <Point X="469" Y="244"/>
    <Point X="472" Y="244"/>
    <Point X="474" Y="244"/>
    <Point X="477" Y="244"/>
    <Point X="479" Y="243"/>
    <Point X="482" Y="243"/>
    <Point X="484" Y="243"/>
    <Point X="487" Y="242"/>
    <Point X="489" Y="241"/>
    <Point X="490" Y="241"/>
    <Point X="490" Y="240"/>
    <Point X="489" Y="239"/>
    <Point X="487" Y="237"/>
    <Point X="485" Y="236"/>
    <Point X="484" Y="235"/>
    <Point X="482" Y="233"/>
    <Point X="479" Y="231"/>
    <Point X="476" Y="229"/>
    <Point X="472" Y="226"/>
    <Point X="467" Y="223"/>
    <Point X="464" Y="221"/>
    <Point X="460" Y="218"/>
    <Point X="457" Y="215"/>
    <Point X="454" Y="213"/>
    <Point X="451" Y="211"/>
    <Point X="448" Y="209"/>
    <Point X="445" Y="207"/>
    <Point X="442" Y="205"/>
    <Point X="440" Y="202"/>
    <Point X="437" Y="200"/>
    <Point X="434" Y="198"/>
    <Point X="431" Y="196"/>
    <Point X="428" Y="193"/>
    <Point X="424" Y="190"/>
    <Point X="419" Y="187"/>
    <Point X="414" Y="184"/>
    <Point X="410" Y="181"/>
    <Point X="406" Y="179"/>
    <Point X="402" Y="176"/>
    <Point X="399" Y="174"/>
    <Point X="396" Y="172"/>
    <Point X="394" Y="170"/>
    <Point X="391" Y="168"/>
    <Point X="389" Y="166"/>
    <Point X="386" Y="164"/>
    <Point X="383" Y="162"/>
    <Point X="380" Y="159"/>
    <Point X="377" Y="155"/>
    <Point X="374" Y="153"/>
    <Point X="373" Y="151"/>
    <Point X="371" Y="149"/>
    <Point X="369" Y="147"/>
    <Point X="367" Y="145"/>
    <Point X="366" Y="145"/>
    <Point X="364" Y="143"/>
    <Point X="363" Y="141"/>
    <Point X="361" Y="140"/>
    <Point X="360" Y="139"/>
    <Point X="358" Y="138"/>
    <Point X="357" Y="137"/>
    <Point X="356" Y="136"/>
    <Point X="355" Y="135"/>
    <Point X="353" Y="133"/>
    <Point X="351" Y="131"/>
    <Point X="350" Y="130"/>
    <Point X="349" Y="128"/>
    <Point X="347" Y="126"/>
    <Point X="346" Y="125"/>
    <Point X="346" Y="124"/>
    <Point X="345" Y="124"/>
    <Point X="345" Y="123"/>
    <Point X="345" Y="122"/>
    <Point X="344" Y="122"/>
    <Point X="344" Y="121"/>
    <Point X="343" Y="121"/>
    <Point X="343" Y="120"/>
    <Point X="343" Y="119"/>
</Gesture>
