<?xml version="1.0" ?>
<Gesture Name="05" Subject="6" Number="5" NumPts="183">
    <Point X="337" Y="130"/>
    <Point X="337" Y="131"/>
    <Point X="336" Y="133"/>
    <Point X="335" Y="135"/>
    <Point X="334" Y="137"/>
    <Point X="333" Y="138"/>
    <Point X="332" Y="141"/>
    <Point X="330" Y="144"/>
    <Point X="328" Y="148"/>
    <Point X="326" Y="152"/>
    <Point X="323" Y="157"/>
    <Point X="321" Y="162"/>
    <Point X="318" Y="167"/>
    <Point X="316" Y="171"/>
    <Point X="313" Y="175"/>
    <Point X="311" Y="180"/>
    <Point X="309" Y="184"/>
    <Point X="306" Y="189"/>
    <Point X="305" Y="194"/>
    <Point X="303" Y="198"/>
    <Point X="301" Y="202"/>
    <Point X="299" Y="207"/>
    <Point X="298" Y="212"/>
    <Point X="296" Y="218"/>
    <Point X="293" Y="222"/>
    <Point X="291" Y="228"/>
    <Point X="288" Y="233"/>
    <Point X="286" Y="238"/>
    <Point X="283" Y="243"/>
    <Point X="280" Y="247"/>
    <Point X="278" Y="251"/>
    <Point X="276" Y="256"/>
    <Point X="273" Y="260"/>
    <Point X="271" Y="263"/>
    <Point X="270" Y="267"/>
    <Point X="269" Y="270"/>
    <Point X="268" Y="272"/>
    <Point X="267" Y="275"/>
    <Point X="266" Y="277"/>
    <Point X="266" Y="279"/>
    <Point X="265" Y="280"/>
    <Point X="265" Y="281"/>
    <Point X="265" Y="282"/>
    <Point X="264" Y="282"/>
    <Point X="264" Y="283"/>
    <Point X="264" Y="284"/>
    <Point X="265" Y="284"/>
    <Point X="265" Y="285"/>
    <Point X="267" Y="285"/>
    <Point X="269" Y="285"/>
    <Point X="271" Y="285"/>
    <Point X="275" Y="286"/>
    <Point X="279" Y="287"/>
    <Point X="283" Y="287"/>
    <Point X="289" Y="287"/>
    <Point X="296" Y="287"/>
    <Point X="302" Y="287"/>
    <Point X="309" Y="287"/>
    <Point X="316" Y="287"/>
    <Point X="323" Y="287"/>
    <Point X="329" Y="287"/>
    <Point X="335" Y="287"/>
    <Point X="343" Y="287"/>
    <Point X="350" Y="287"/>
    <Point X="357" Y="287"/>
    <Point X="365" Y="287"/>
    <Point X="373" Y="287"/>
    <Point X="380" Y="286"/>
    <Point X="387" Y="285"/>
    <Point X="394" Y="285"/>
    <Point X="401" Y="285"/>
    <Point X="406" Y="285"/>
    <Point X="411" Y="285"/>
    <Point X="416" Y="285"/>
    <Point X="421" Y="285"/>
    <Point X="425" Y="285"/>
    <Point X="430" Y="285"/>
    <Point X="434" Y="285"/>
    <Point X="438" Y="285"/>
    <Point X="442" Y="284"/>
    <Point X="446" Y="284"/>
    <Point X="450" Y="283"/>
    <Point X="454" Y="283"/>
    <Point X="457" Y="282"/>
    <Point X="460" Y="282"/>
    <Point X="461" Y="281"/>
    <Point X="463" Y="281"/>
    <Point X="464" Y="280"/>
    <Point X="465" Y="280"/>
    <Point X="467" Y="280"/>
    <Point X="468" Y="280"/>
    <Point X="469" Y="280"/>
    <Point X="470" Y="280"/>
    <Point X="470" Y="279"/>
    <Point X="471" Y="279"/>
    <Point X="471" Y="278"/>
    <Point X="470" Y="278"/>
    <Point X="468" Y="276"/>
    <Point X="465" Y="274"/>
    <Point X="463" Y="272"/>
    <Point X="462" Y="272"/>
    <Point X="460" Y="270"/>
    <Point X="457" Y="268"/>
    <Point X="454" Y="266"/>
    <Point X="451" Y="264"/>
    <Point X="448" Y="262"/>
    <Point X="446" Y="260"/>
    <Point X="444" Y="258"/>
    <Point X="442" Y="256"/>
    <Point X="440" Y="254"/>
    <Point X="438" Y="253"/>
    <Point X="436" Y="251"/>
    <Point X="435" Y="249"/>
    <Point X="433" Y="247"/>
    <Point X="430" Y="245"/>
    <Point X="428" Y="243"/>
    <Point X="426" Y="240"/>
    <Point X="423" Y="237"/>
    <Point X="421" Y="234"/>
    <Point X="418" Y="230"/>
    <Point X="416" Y="227"/>
    <Point X="413" Y="223"/>
    <Point X="409" Y="219"/>
    <Point X="406" Y="215"/>
    <Point X="404" Y="211"/>
    <Point X="401" Y="207"/>
    <Point X="398" Y="204"/>
    <Point X="395" Y="201"/>
    <Point X="393" Y="197"/>
    <Point X="391" Y="195"/>
    <Point X="389" Y="192"/>
    <Point X="387" Y="190"/>
    <Point X="385" Y="188"/>
    <Point X="383" Y="186"/>
    <Point X="382" Y="184"/>
    <Point X="380" Y="181"/>
    <Point X="378" Y="179"/>
    <Point X="376" Y="176"/>
    <Point X="374" Y="174"/>
    <Point X="372" Y="172"/>
    <Point X="370" Y="170"/>
    <Point X="368" Y="168"/>
    <Point X="367" Y="166"/>
    <Point X="366" Y="164"/>
    <Point X="365" Y="164"/>
    <Point X="365" Y="163"/>
    <Point X="363" Y="162"/>
    <Point X="361" Y="160"/>
    <Point X="359" Y="159"/>
    <Point X="359" Y="158"/>
    <Point X="357" Y="157"/>
    <Point X="356" Y="156"/>
    <Point X="354" Y="155"/>
    <Point X="352" Y="153"/>
    <Point X="352" Y="152"/>
    <Point X="351" Y="151"/>
    <Point X="350" Y="151"/>
    <Point X="349" Y="149"/>
    <Point X="348" Y="149"/>
    <Point X="347" Y="148"/>
    <Point X="346" Y="148"/>
    <Point X="346" Y="147"/>
    <Point X="345" Y="146"/>
    <Point X="345" Y="145"/>
    <Point X="344" Y="145"/>
    <Point X="343" Y="144"/>
    <Point X="343" Y="143"/>
    <Point X="342" Y="142"/>
    <Point X="341" Y="141"/>
    <Point X="341" Y="140"/>
    <Point X="340" Y="140"/>
    <Point X="340" Y="139"/>
    <Point X="340" Y="138"/>
    <Point X="339" Y="138"/>
    <Point X="338" Y="137"/>
    <Point X="338" Y="136"/>
    <Point X="337" Y="136"/>
    <Point X="337" Y="135"/>
    <Point X="336" Y="134"/>
    <Point X="336" Y="133"/>
    <Point X="335" Y="132"/>
    <Point X="335" Y="131"/>
    <Point X="335" Y="130"/>
</Gesture>
