<?xml version="1.0" ?>
<Gesture Name="01" Subject="6" Number="1" NumPts="186">
    <Point X="327" Y="117"/>
    <Point X="326" Y="117"/>
    <Point X="326" Y="118"/>
    <Point X="325" Y="119"/>
    <Point X="325" Y="120"/>
    <Point X="324" Y="121"/>
    <Point X="324" Y="122"/>
    <Point X="323" Y="123"/>
    <Point X="323" Y="124"/>
    <Point X="321" Y="125"/>
    <Point X="320" Y="127"/>
    <Point X="319" Y="129"/>
    <Point X="318" Y="131"/>
    <Point X="317" Y="133"/>
    <Point X="316" Y="133"/>
    <Point X="315" Y="134"/>
    <Point X="314" Y="136"/>
    <Point X="313" Y="139"/>
    <Point X="311" Y="141"/>
    <Point X="310" Y="143"/>
    <Point X="308" Y="146"/>
    <Point X="307" Y="148"/>
    <Point X="305" Y="150"/>
    <Point X="304" Y="153"/>
    <Point X="302" Y="156"/>
    <Point X="301" Y="158"/>
    <Point X="299" Y="162"/>
    <Point X="297" Y="165"/>
    <Point X="296" Y="167"/>
    <Point X="294" Y="170"/>
    <Point X="292" Y="174"/>
    <Point X="290" Y="177"/>
    <Point X="288" Y="180"/>
    <Point X="287" Y="183"/>
    <Point X="286" Y="184"/>
    <Point X="285" Y="187"/>
    <Point X="284" Y="189"/>
    <Point X="284" Y="191"/>
    <Point X="283" Y="194"/>
    <Point X="282" Y="195"/>
    <Point X="281" Y="198"/>
    <Point X="280" Y="200"/>
    <Point X="279" Y="202"/>
    <Point X="278" Y="204"/>
    <Point X="277" Y="206"/>
    <Point X="276" Y="208"/>
    <Point X="275" Y="210"/>
    <Point X="274" Y="213"/>
    <Point X="274" Y="214"/>
    <Point X="273" Y="217"/>
    <Point X="272" Y="219"/>
    <Point X="270" Y="222"/>
    <Point X="269" Y="223"/>
    <Point X="268" Y="225"/>
    <Point X="267" Y="226"/>
    <Point X="266" Y="228"/>
    <Point X="266" Y="229"/>
    <Point X="265" Y="229"/>
    <Point X="265" Y="230"/>
    <Point X="265" Y="231"/>
    <Point X="264" Y="231"/>
    <Point X="264" Y="232"/>
    <Point X="263" Y="232"/>
    <Point X="263" Y="233"/>
    <Point X="263" Y="234"/>
    <Point X="264" Y="235"/>
    <Point X="265" Y="235"/>
    <Point X="266" Y="235"/>
    <Point X="268" Y="236"/>
    <Point X="269" Y="236"/>
    <Point X="270" Y="236"/>
    <Point X="274" Y="236"/>
    <Point X="278" Y="236"/>
    <Point X="284" Y="236"/>
    <Point X="289" Y="236"/>
    <Point X="295" Y="237"/>
    <Point X="302" Y="238"/>
    <Point X="309" Y="238"/>
    <Point X="315" Y="238"/>
    <Point X="321" Y="238"/>
    <Point X="326" Y="238"/>
    <Point X="331" Y="238"/>
    <Point X="335" Y="238"/>
    <Point X="340" Y="238"/>
    <Point X="345" Y="238"/>
    <Point X="350" Y="238"/>
    <Point X="356" Y="238"/>
    <Point X="361" Y="239"/>
    <Point X="366" Y="239"/>
    <Point X="372" Y="240"/>
    <Point X="376" Y="241"/>
    <Point X="381" Y="241"/>
    <Point X="385" Y="241"/>
    <Point X="387" Y="241"/>
    <Point X="389" Y="241"/>
    <Point X="390" Y="241"/>
    <Point X="392" Y="242"/>
    <Point X="394" Y="242"/>
    <Point X="396" Y="242"/>
    <Point X="398" Y="242"/>
    <Point X="400" Y="242"/>
    <Point X="404" Y="242"/>
    <Point X="408" Y="242"/>
    <Point X="413" Y="242"/>
    <Point X="417" Y="242"/>
    <Point X="421" Y="242"/>
    <Point X="423" Y="242"/>
    <Point X="424" Y="242"/>
    <Point X="425" Y="242"/>
    <Point X="426" Y="242"/>
    <Point X="426" Y="241"/>
    <Point X="425" Y="241"/>
    <Point X="424" Y="240"/>
    <Point X="422" Y="238"/>
    <Point X="420" Y="236"/>
    <Point X="419" Y="234"/>
    <Point X="417" Y="232"/>
    <Point X="415" Y="230"/>
    <Point X="414" Y="230"/>
    <Point X="412" Y="228"/>
    <Point X="409" Y="226"/>
    <Point X="407" Y="224"/>
    <Point X="403" Y="222"/>
    <Point X="401" Y="221"/>
    <Point X="398" Y="218"/>
    <Point X="396" Y="216"/>
    <Point X="392" Y="214"/>
    <Point X="390" Y="212"/>
    <Point X="386" Y="210"/>
    <Point X="384" Y="208"/>
    <Point X="381" Y="206"/>
    <Point X="379" Y="204"/>
    <Point X="377" Y="202"/>
    <Point X="375" Y="200"/>
    <Point X="374" Y="198"/>
    <Point X="373" Y="197"/>
    <Point X="371" Y="195"/>
    <Point X="371" Y="193"/>
    <Point X="369" Y="191"/>
    <Point X="368" Y="189"/>
    <Point X="367" Y="188"/>
    <Point X="365" Y="186"/>
    <Point X="363" Y="183"/>
    <Point X="361" Y="181"/>
    <Point X="359" Y="179"/>
    <Point X="358" Y="176"/>
    <Point X="356" Y="174"/>
    <Point X="355" Y="172"/>
    <Point X="353" Y="169"/>
    <Point X="352" Y="165"/>
    <Point X="350" Y="162"/>
    <Point X="347" Y="159"/>
    <Point X="345" Y="155"/>
    <Point X="343" Y="153"/>
    <Point X="342" Y="150"/>
    <Point X="340" Y="148"/>
    <Point X="339" Y="146"/>
    <Point X="339" Y="145"/>
    <Point X="338" Y="143"/>
    <Point X="337" Y="141"/>
    <Point X="337" Y="140"/>
    <Point X="336" Y="139"/>
    <Point X="336" Y="138"/>
    <Point X="335" Y="137"/>
    <Point X="334" Y="135"/>
    <Point X="334" Y="134"/>
    <Point X="333" Y="133"/>
    <Point X="333" Y="132"/>
    <Point X="333" Y="130"/>
    <Point X="332" Y="129"/>
    <Point X="332" Y="128"/>
    <Point X="331" Y="128"/>
    <Point X="331" Y="127"/>
    <Point X="331" Y="126"/>
    <Point X="330" Y="126"/>
    <Point X="330" Y="125"/>
    <Point X="330" Y="124"/>
    <Point X="329" Y="124"/>
    <Point X="329" Y="123"/>
    <Point X="328" Y="123"/>
    <Point X="328" Y="122"/>
    <Point X="328" Y="121"/>
    <Point X="327" Y="121"/>
    <Point X="327" Y="120"/>
    <Point X="327" Y="119"/>
    <Point X="327" Y="118"/>
</Gesture>
