<?xml version="1.0" ?>
<Gesture Name="04" Subject="6" Number="4" NumPts="169">
    <Point X="344" Y="129"/>
    <Point X="344" Y="130"/>
    <Point X="344" Y="131"/>
    <Point X="343" Y="132"/>
    <Point X="342" Y="135"/>
    <Point X="341" Y="137"/>
    <Point X="341" Y="138"/>
    <Point X="339" Y="140"/>
    <Point X="338" Y="143"/>
    <Point X="337" Y="146"/>
    <Point X="335" Y="148"/>
    <Point X="334" Y="151"/>
    <Point X="332" Y="155"/>
    <Point X="330" Y="158"/>
    <Point X="329" Y="162"/>
    <Point X="326" Y="167"/>
    <Point X="323" Y="172"/>
    <Point X="320" Y="176"/>
    <Point X="318" Y="181"/>
    <Point X="316" Y="186"/>
    <Point X="314" Y="190"/>
    <Point X="313" Y="193"/>
    <Point X="311" Y="196"/>
    <Point X="311" Y="198"/>
    <Point X="310" Y="201"/>
    <Point X="308" Y="204"/>
    <Point X="306" Y="207"/>
    <Point X="304" Y="210"/>
    <Point X="301" Y="215"/>
    <Point X="298" Y="220"/>
    <Point X="295" Y="224"/>
    <Point X="292" Y="228"/>
    <Point X="289" Y="232"/>
    <Point X="287" Y="235"/>
    <Point X="285" Y="238"/>
    <Point X="282" Y="241"/>
    <Point X="280" Y="243"/>
    <Point X="280" Y="244"/>
    <Point X="279" Y="246"/>
    <Point X="278" Y="246"/>
    <Point X="278" Y="247"/>
    <Point X="278" Y="248"/>
    <Point X="277" Y="248"/>
    <Point X="277" Y="249"/>
    <Point X="279" Y="250"/>
    <Point X="280" Y="250"/>
    <Point X="281" Y="250"/>
    <Point X="286" Y="250"/>
    <Point X="293" Y="250"/>
    <Point X="301" Y="250"/>
    <Point X="308" Y="250"/>
    <Point X="316" Y="250"/>
    <Point X="324" Y="250"/>
    <Point X="331" Y="250"/>
    <Point X="338" Y="250"/>
    <Point X="345" Y="250"/>
    <Point X="352" Y="250"/>
    <Point X="359" Y="250"/>
    <Point X="366" Y="250"/>
    <Point X="372" Y="250"/>
    <Point X="379" Y="250"/>
    <Point X="385" Y="250"/>
    <Point X="392" Y="250"/>
    <Point X="396" Y="250"/>
    <Point X="401" Y="250"/>
    <Point X="406" Y="250"/>
    <Point X="409" Y="250"/>
    <Point X="413" Y="250"/>
    <Point X="417" Y="250"/>
    <Point X="421" Y="250"/>
    <Point X="424" Y="250"/>
    <Point X="427" Y="250"/>
    <Point X="428" Y="250"/>
    <Point X="429" Y="250"/>
    <Point X="430" Y="250"/>
    <Point X="431" Y="249"/>
    <Point X="432" Y="249"/>
    <Point X="433" Y="249"/>
    <Point X="434" Y="249"/>
    <Point X="436" Y="248"/>
    <Point X="437" Y="248"/>
    <Point X="439" Y="248"/>
    <Point X="441" Y="246"/>
    <Point X="443" Y="246"/>
    <Point X="445" Y="246"/>
    <Point X="448" Y="245"/>
    <Point X="450" Y="244"/>
    <Point X="452" Y="244"/>
    <Point X="453" Y="244"/>
    <Point X="454" Y="244"/>
    <Point X="455" Y="244"/>
    <Point X="455" Y="243"/>
    <Point X="456" Y="243"/>
    <Point X="457" Y="243"/>
    <Point X="459" Y="243"/>
    <Point X="460" Y="243"/>
    <Point X="461" Y="243"/>
    <Point X="460" Y="242"/>
    <Point X="459" Y="242"/>
    <Point X="458" Y="241"/>
    <Point X="456" Y="240"/>
    <Point X="454" Y="240"/>
    <Point X="453" Y="239"/>
    <Point X="451" Y="238"/>
    <Point X="449" Y="237"/>
    <Point X="446" Y="236"/>
    <Point X="445" Y="235"/>
    <Point X="444" Y="234"/>
    <Point X="443" Y="233"/>
    <Point X="441" Y="232"/>
    <Point X="439" Y="232"/>
    <Point X="437" Y="230"/>
    <Point X="434" Y="228"/>
    <Point X="431" Y="226"/>
    <Point X="428" Y="224"/>
    <Point X="424" Y="221"/>
    <Point X="421" Y="219"/>
    <Point X="418" Y="216"/>
    <Point X="415" Y="214"/>
    <Point X="412" Y="212"/>
    <Point X="410" Y="210"/>
    <Point X="407" Y="207"/>
    <Point X="404" Y="205"/>
    <Point X="401" Y="202"/>
    <Point X="398" Y="199"/>
    <Point X="395" Y="196"/>
    <Point X="393" Y="194"/>
    <Point X="391" Y="190"/>
    <Point X="389" Y="188"/>
    <Point X="387" Y="185"/>
    <Point X="386" Y="184"/>
    <Point X="384" Y="182"/>
    <Point X="383" Y="180"/>
    <Point X="381" Y="178"/>
    <Point X="379" Y="176"/>
    <Point X="378" Y="174"/>
    <Point X="377" Y="172"/>
    <Point X="375" Y="170"/>
    <Point X="373" Y="168"/>
    <Point X="372" Y="166"/>
    <Point X="370" Y="164"/>
    <Point X="369" Y="162"/>
    <Point X="367" Y="160"/>
    <Point X="365" Y="158"/>
    <Point X="363" Y="156"/>
    <Point X="361" Y="154"/>
    <Point X="360" Y="152"/>
    <Point X="359" Y="151"/>
    <Point X="357" Y="149"/>
    <Point X="356" Y="147"/>
    <Point X="354" Y="145"/>
    <Point X="353" Y="143"/>
    <Point X="352" Y="141"/>
    <Point X="351" Y="140"/>
    <Point X="350" Y="138"/>
    <Point X="349" Y="137"/>
    <Point X="349" Y="135"/>
    <Point X="348" Y="134"/>
    <Point X="347" Y="133"/>
    <Point X="347" Y="132"/>
    <Point X="346" Y="131"/>
    <Point X="346" Y="130"/>
    <Point X="346" Y="129"/>
    <Point X="345" Y="129"/>
    <Point X="345" Y="128"/>
    <Point X="344" Y="128"/>
    <Point X="344" Y="127"/>
    <Point X="344" Y="126"/>
    <Point X="343" Y="126"/>
</Gesture>
