<?xml version="1.0" ?>
<Gesture Name="01" Subject="6" Number="1" NumPts="50">
    <Point X="261" Y="140"/>
    <Point X="262" Y="141"/>
    <Point X="264" Y="143"/>
    <Point X="264" Y="144"/>
    <Point X="266" Y="147"/>
    <Point X="268" Y="150"/>
    <Point X="271" Y="155"/>
    <Point X="275" Y="160"/>
    <Point X="280" Y="166"/>
    <Point X="284" Y="172"/>
    <Point X="288" Y="177"/>
    <Point X="291" Y="182"/>
    <Point X="294" Y="186"/>
    <Point X="297" Y="190"/>
    <Point X="300" Y="194"/>
    <Point X="302" Y="197"/>
    <Point X="304" Y="200"/>
    <Point X="307" Y="203"/>
    <Point X="309" Y="206"/>
    <Point X="311" Y="208"/>
    <Point X="313" Y="212"/>
    <Point X="315" Y="215"/>
    <Point X="317" Y="218"/>
    <Point X="319" Y="221"/>
    <Point X="320" Y="222"/>
    <Point X="321" Y="224"/>
    <Point X="322" Y="225"/>
    <Point X="322" Y="226"/>
    <Point X="323" Y="226"/>
    <Point X="323" Y="227"/>
    <Point X="323" Y="228"/>
    <Point X="324" Y="228"/>
    <Point X="325" Y="226"/>
    <Point X="326" Y="224"/>
    <Point X="327" Y="220"/>
    <Point X="329" Y="216"/>
    <Point X="331" Y="209"/>
    <Point X="333" Y="203"/>
    <Point X="336" Y="196"/>
    <Point X="338" Y="189"/>
    <Point X="341" Y="181"/>
    <Point X="343" Y="174"/>
    <Point X="345" Y="167"/>
    <Point X="346" Y="161"/>
    <Point X="347" Y="155"/>
    <Point X="348" Y="148"/>
    <Point X="349" Y="143"/>
    <Point X="350" Y="139"/>
    <Point X="350" Y="137"/>
    <Point X="350" Y="136"/>
</Gesture>
