<?xml version="1.0" ?>
<Gesture Name="02" Subject="6" Number="2" NumPts="52">
    <Point X="299" Y="183"/>
    <Point X="301" Y="185"/>
    <Point X="303" Y="188"/>
    <Point X="306" Y="191"/>
    <Point X="307" Y="191"/>
    <Point X="309" Y="194"/>
    <Point X="311" Y="198"/>
    <Point X="314" Y="202"/>
    <Point X="318" Y="207"/>
    <Point X="321" Y="212"/>
    <Point X="324" Y="218"/>
    <Point X="326" Y="223"/>
    <Point X="329" Y="228"/>
    <Point X="332" Y="235"/>
    <Point X="336" Y="240"/>
    <Point X="341" Y="246"/>
    <Point X="344" Y="252"/>
    <Point X="348" Y="257"/>
    <Point X="351" Y="261"/>
    <Point X="353" Y="264"/>
    <Point X="354" Y="266"/>
    <Point X="355" Y="266"/>
    <Point X="355" Y="267"/>
    <Point X="356" Y="264"/>
    <Point X="357" Y="263"/>
    <Point X="358" Y="259"/>
    <Point X="361" Y="254"/>
    <Point X="364" Y="247"/>
    <Point X="367" Y="240"/>
    <Point X="369" Y="234"/>
    <Point X="373" Y="227"/>
    <Point X="376" Y="220"/>
    <Point X="379" Y="212"/>
    <Point X="381" Y="206"/>
    <Point X="383" Y="201"/>
    <Point X="385" Y="196"/>
    <Point X="386" Y="193"/>
    <Point X="386" Y="190"/>
    <Point X="386" Y="188"/>
    <Point X="387" Y="186"/>
    <Point X="387" Y="184"/>
    <Point X="387" Y="181"/>
    <Point X="387" Y="179"/>
    <Point X="387" Y="176"/>
    <Point X="387" Y="173"/>
    <Point X="388" Y="169"/>
    <Point X="389" Y="166"/>
    <Point X="389" Y="163"/>
    <Point X="389" Y="161"/>
    <Point X="390" Y="158"/>
    <Point X="390" Y="157"/>
    <Point X="390" Y="156"/>
</Gesture>
