<?xml version="1.0" ?>
<Gesture Name="03" Subject="6" Number="3" NumPts="51">
    <Point X="295" Y="167"/>
    <Point X="296" Y="168"/>
    <Point X="297" Y="169"/>
    <Point X="298" Y="171"/>
    <Point X="300" Y="173"/>
    <Point X="302" Y="177"/>
    <Point X="305" Y="181"/>
    <Point X="308" Y="186"/>
    <Point X="312" Y="191"/>
    <Point X="316" Y="197"/>
    <Point X="322" Y="204"/>
    <Point X="327" Y="211"/>
    <Point X="332" Y="218"/>
    <Point X="337" Y="226"/>
    <Point X="340" Y="233"/>
    <Point X="344" Y="239"/>
    <Point X="347" Y="246"/>
    <Point X="351" Y="252"/>
    <Point X="354" Y="259"/>
    <Point X="358" Y="264"/>
    <Point X="361" Y="270"/>
    <Point X="364" Y="275"/>
    <Point X="366" Y="279"/>
    <Point X="368" Y="282"/>
    <Point X="368" Y="283"/>
    <Point X="368" Y="282"/>
    <Point X="368" Y="281"/>
    <Point X="368" Y="279"/>
    <Point X="368" Y="278"/>
    <Point X="368" Y="275"/>
    <Point X="369" Y="271"/>
    <Point X="370" Y="266"/>
    <Point X="370" Y="259"/>
    <Point X="372" Y="250"/>
    <Point X="372" Y="241"/>
    <Point X="374" Y="231"/>
    <Point X="376" Y="220"/>
    <Point X="377" Y="210"/>
    <Point X="378" Y="201"/>
    <Point X="380" Y="193"/>
    <Point X="381" Y="185"/>
    <Point X="382" Y="178"/>
    <Point X="383" Y="171"/>
    <Point X="385" Y="165"/>
    <Point X="386" Y="159"/>
    <Point X="387" Y="155"/>
    <Point X="387" Y="151"/>
    <Point X="389" Y="148"/>
    <Point X="389" Y="147"/>
    <Point X="389" Y="145"/>
    <Point X="390" Y="144"/>
</Gesture>
