<?xml version="1.0" ?>
<Gesture Name="04" Subject="6" Number="4" NumPts="42">
    <Point X="296" Y="150"/>
    <Point X="297" Y="150"/>
    <Point X="299" Y="152"/>
    <Point X="300" Y="153"/>
    <Point X="301" Y="155"/>
    <Point X="303" Y="158"/>
    <Point X="306" Y="161"/>
    <Point X="310" Y="165"/>
    <Point X="314" Y="169"/>
    <Point X="319" Y="175"/>
    <Point X="323" Y="181"/>
    <Point X="327" Y="187"/>
    <Point X="333" Y="194"/>
    <Point X="338" Y="202"/>
    <Point X="342" Y="209"/>
    <Point X="346" Y="217"/>
    <Point X="350" Y="224"/>
    <Point X="353" Y="230"/>
    <Point X="355" Y="234"/>
    <Point X="357" Y="237"/>
    <Point X="357" Y="238"/>
    <Point X="358" Y="238"/>
    <Point X="359" Y="238"/>
    <Point X="359" Y="236"/>
    <Point X="360" Y="234"/>
    <Point X="360" Y="231"/>
    <Point X="360" Y="229"/>
    <Point X="361" Y="225"/>
    <Point X="361" Y="220"/>
    <Point X="362" Y="213"/>
    <Point X="363" Y="205"/>
    <Point X="365" Y="197"/>
    <Point X="366" Y="189"/>
    <Point X="367" Y="179"/>
    <Point X="369" Y="170"/>
    <Point X="371" Y="161"/>
    <Point X="372" Y="153"/>
    <Point X="374" Y="146"/>
    <Point X="374" Y="140"/>
    <Point X="375" Y="136"/>
    <Point X="376" Y="134"/>
    <Point X="376" Y="133"/>
</Gesture>
