<?xml version="1.0" ?>
<Gesture Name="05" Subject="6" Number="5" NumPts="44">
    <Point X="330" Y="190"/>
    <Point X="331" Y="192"/>
    <Point X="332" Y="192"/>
    <Point X="333" Y="194"/>
    <Point X="334" Y="197"/>
    <Point X="335" Y="197"/>
    <Point X="337" Y="200"/>
    <Point X="338" Y="203"/>
    <Point X="341" Y="208"/>
    <Point X="346" Y="214"/>
    <Point X="350" Y="220"/>
    <Point X="355" Y="228"/>
    <Point X="360" Y="237"/>
    <Point X="365" Y="244"/>
    <Point X="370" Y="252"/>
    <Point X="374" Y="259"/>
    <Point X="378" Y="265"/>
    <Point X="382" Y="271"/>
    <Point X="385" Y="276"/>
    <Point X="387" Y="279"/>
    <Point X="388" Y="280"/>
    <Point X="388" Y="281"/>
    <Point X="389" Y="281"/>
    <Point X="389" Y="282"/>
    <Point X="389" Y="281"/>
    <Point X="389" Y="278"/>
    <Point X="390" Y="275"/>
    <Point X="390" Y="272"/>
    <Point X="391" Y="268"/>
    <Point X="392" Y="257"/>
    <Point X="393" Y="247"/>
    <Point X="394" Y="238"/>
    <Point X="395" Y="229"/>
    <Point X="395" Y="220"/>
    <Point X="396" Y="212"/>
    <Point X="397" Y="205"/>
    <Point X="397" Y="198"/>
    <Point X="398" Y="193"/>
    <Point X="398" Y="187"/>
    <Point X="399" Y="183"/>
    <Point X="400" Y="179"/>
    <Point X="400" Y="177"/>
    <Point X="400" Y="176"/>
    <Point X="400" Y="175"/>
</Gesture>
