<?xml version="1.0" ?>
<Gesture Name="06" Subject="6" Number="6" NumPts="50">
    <Point X="282" Y="190"/>
    <Point X="283" Y="190"/>
    <Point X="283" Y="191"/>
    <Point X="284" Y="192"/>
    <Point X="285" Y="194"/>
    <Point X="286" Y="195"/>
    <Point X="287" Y="196"/>
    <Point X="289" Y="199"/>
    <Point X="292" Y="202"/>
    <Point X="295" Y="205"/>
    <Point X="298" Y="209"/>
    <Point X="303" Y="215"/>
    <Point X="308" Y="222"/>
    <Point X="313" Y="229"/>
    <Point X="319" Y="237"/>
    <Point X="325" Y="246"/>
    <Point X="330" Y="255"/>
    <Point X="336" Y="263"/>
    <Point X="341" Y="271"/>
    <Point X="346" Y="278"/>
    <Point X="349" Y="283"/>
    <Point X="352" Y="287"/>
    <Point X="353" Y="287"/>
    <Point X="353" Y="288"/>
    <Point X="353" Y="286"/>
    <Point X="353" Y="285"/>
    <Point X="353" Y="284"/>
    <Point X="353" Y="280"/>
    <Point X="353" Y="274"/>
    <Point X="353" Y="268"/>
    <Point X="353" Y="260"/>
    <Point X="353" Y="251"/>
    <Point X="353" Y="242"/>
    <Point X="353" Y="232"/>
    <Point X="353" Y="222"/>
    <Point X="353" Y="212"/>
    <Point X="354" Y="203"/>
    <Point X="355" Y="194"/>
    <Point X="355" Y="187"/>
    <Point X="355" Y="181"/>
    <Point X="355" Y="176"/>
    <Point X="355" Y="173"/>
    <Point X="355" Y="169"/>
    <Point X="356" Y="165"/>
    <Point X="356" Y="162"/>
    <Point X="356" Y="160"/>
    <Point X="357" Y="158"/>
    <Point X="357" Y="157"/>
    <Point X="357" Y="156"/>
    <Point X="357" Y="155"/>
</Gesture>
