<?xml version="1.0" ?>
<Gesture Name="07" Subject="6" Number="7" NumPts="53">
    <Point X="264" Y="169"/>
    <Point X="265" Y="169"/>
    <Point X="266" Y="170"/>
    <Point X="267" Y="172"/>
    <Point X="267" Y="173"/>
    <Point X="268" Y="175"/>
    <Point X="269" Y="179"/>
    <Point X="271" Y="184"/>
    <Point X="274" Y="189"/>
    <Point X="276" Y="194"/>
    <Point X="279" Y="201"/>
    <Point X="282" Y="209"/>
    <Point X="286" Y="217"/>
    <Point X="289" Y="226"/>
    <Point X="293" Y="236"/>
    <Point X="297" Y="247"/>
    <Point X="302" Y="256"/>
    <Point X="307" Y="266"/>
    <Point X="312" Y="275"/>
    <Point X="316" Y="282"/>
    <Point X="319" Y="290"/>
    <Point X="322" Y="296"/>
    <Point X="324" Y="300"/>
    <Point X="325" Y="304"/>
    <Point X="326" Y="305"/>
    <Point X="326" Y="306"/>
    <Point X="327" Y="306"/>
    <Point X="328" Y="305"/>
    <Point X="329" Y="303"/>
    <Point X="330" Y="300"/>
    <Point X="332" Y="297"/>
    <Point X="334" Y="292"/>
    <Point X="337" Y="286"/>
    <Point X="340" Y="279"/>
    <Point X="343" Y="271"/>
    <Point X="346" Y="263"/>
    <Point X="348" Y="255"/>
    <Point X="349" Y="248"/>
    <Point X="351" Y="241"/>
    <Point X="351" Y="235"/>
    <Point X="352" Y="228"/>
    <Point X="352" Y="221"/>
    <Point X="352" Y="213"/>
    <Point X="352" Y="204"/>
    <Point X="352" Y="197"/>
    <Point X="352" Y="188"/>
    <Point X="352" Y="181"/>
    <Point X="353" Y="174"/>
    <Point X="353" Y="167"/>
    <Point X="354" Y="160"/>
    <Point X="354" Y="155"/>
    <Point X="354" Y="151"/>
    <Point X="355" Y="148"/>
</Gesture>
