<?xml version="1.0" ?>
<Gesture Name="08" Subject="6" Number="8" NumPts="50">
    <Point X="290" Y="174"/>
    <Point X="291" Y="176"/>
    <Point X="292" Y="177"/>
    <Point X="293" Y="178"/>
    <Point X="294" Y="180"/>
    <Point X="295" Y="184"/>
    <Point X="298" Y="189"/>
    <Point X="302" Y="195"/>
    <Point X="307" Y="203"/>
    <Point X="313" Y="211"/>
    <Point X="319" Y="219"/>
    <Point X="325" Y="228"/>
    <Point X="333" Y="237"/>
    <Point X="339" Y="247"/>
    <Point X="346" Y="256"/>
    <Point X="352" Y="267"/>
    <Point X="357" Y="276"/>
    <Point X="362" Y="285"/>
    <Point X="367" Y="293"/>
    <Point X="370" Y="300"/>
    <Point X="373" Y="306"/>
    <Point X="376" Y="310"/>
    <Point X="377" Y="311"/>
    <Point X="377" Y="312"/>
    <Point X="377" Y="311"/>
    <Point X="377" Y="309"/>
    <Point X="377" Y="307"/>
    <Point X="377" Y="305"/>
    <Point X="377" Y="301"/>
    <Point X="377" Y="296"/>
    <Point X="377" Y="292"/>
    <Point X="377" Y="286"/>
    <Point X="377" Y="280"/>
    <Point X="377" Y="273"/>
    <Point X="377" Y="266"/>
    <Point X="377" Y="258"/>
    <Point X="377" Y="250"/>
    <Point X="377" Y="242"/>
    <Point X="377" Y="233"/>
    <Point X="377" Y="224"/>
    <Point X="377" Y="214"/>
    <Point X="377" Y="203"/>
    <Point X="378" Y="193"/>
    <Point X="378" Y="183"/>
    <Point X="380" Y="174"/>
    <Point X="381" Y="167"/>
    <Point X="381" Y="161"/>
    <Point X="382" Y="157"/>
    <Point X="383" Y="154"/>
    <Point X="383" Y="153"/>
</Gesture>
