<?xml version="1.0" ?>
<Gesture Name="09" Subject="6" Number="9" NumPts="67">
    <Point X="272" Y="154"/>
    <Point X="274" Y="157"/>
    <Point X="275" Y="158"/>
    <Point X="277" Y="160"/>
    <Point X="280" Y="163"/>
    <Point X="284" Y="168"/>
    <Point X="288" Y="173"/>
    <Point X="293" Y="179"/>
    <Point X="298" Y="187"/>
    <Point X="303" Y="195"/>
    <Point X="309" Y="203"/>
    <Point X="315" Y="211"/>
    <Point X="320" Y="219"/>
    <Point X="325" Y="226"/>
    <Point X="330" Y="233"/>
    <Point X="334" Y="240"/>
    <Point X="337" Y="246"/>
    <Point X="340" Y="251"/>
    <Point X="343" Y="256"/>
    <Point X="345" Y="261"/>
    <Point X="347" Y="265"/>
    <Point X="348" Y="268"/>
    <Point X="350" Y="272"/>
    <Point X="352" Y="276"/>
    <Point X="353" Y="279"/>
    <Point X="353" Y="281"/>
    <Point X="353" Y="282"/>
    <Point X="353" Y="281"/>
    <Point X="353" Y="280"/>
    <Point X="353" Y="278"/>
    <Point X="353" Y="276"/>
    <Point X="353" Y="273"/>
    <Point X="353" Y="268"/>
    <Point X="355" Y="262"/>
    <Point X="357" Y="255"/>
    <Point X="359" Y="247"/>
    <Point X="360" Y="239"/>
    <Point X="363" Y="230"/>
    <Point X="366" Y="222"/>
    <Point X="368" Y="214"/>
    <Point X="370" Y="206"/>
    <Point X="372" Y="199"/>
    <Point X="373" Y="193"/>
    <Point X="375" Y="187"/>
    <Point X="376" Y="181"/>
    <Point X="376" Y="175"/>
    <Point X="378" Y="171"/>
    <Point X="379" Y="167"/>
    <Point X="380" Y="164"/>
    <Point X="381" Y="161"/>
    <Point X="381" Y="159"/>
    <Point X="382" Y="157"/>
    <Point X="382" Y="156"/>
    <Point X="382" Y="153"/>
    <Point X="382" Y="152"/>
    <Point X="382" Y="150"/>
    <Point X="382" Y="149"/>
    <Point X="382" Y="147"/>
    <Point X="382" Y="144"/>
    <Point X="382" Y="142"/>
    <Point X="382" Y="139"/>
    <Point X="382" Y="137"/>
    <Point X="382" Y="133"/>
    <Point X="382" Y="131"/>
    <Point X="382" Y="129"/>
    <Point X="382" Y="128"/>
    <Point X="382" Y="127"/>
</Gesture>
