<?xml version="1.0" ?>
<Gesture Name="10" Subject="6" Number="10" NumPts="71">
    <Point X="255" Y="127"/>
    <Point X="256" Y="128"/>
    <Point X="257" Y="130"/>
    <Point X="258" Y="131"/>
    <Point X="259" Y="133"/>
    <Point X="262" Y="137"/>
    <Point X="267" Y="141"/>
    <Point X="271" Y="146"/>
    <Point X="276" Y="153"/>
    <Point X="282" Y="160"/>
    <Point X="289" Y="168"/>
    <Point X="295" Y="176"/>
    <Point X="301" Y="185"/>
    <Point X="308" Y="194"/>
    <Point X="314" Y="202"/>
    <Point X="319" Y="210"/>
    <Point X="324" Y="217"/>
    <Point X="328" Y="223"/>
    <Point X="331" Y="229"/>
    <Point X="333" Y="233"/>
    <Point X="335" Y="237"/>
    <Point X="337" Y="240"/>
    <Point X="338" Y="243"/>
    <Point X="340" Y="245"/>
    <Point X="341" Y="247"/>
    <Point X="343" Y="250"/>
    <Point X="345" Y="252"/>
    <Point X="347" Y="254"/>
    <Point X="348" Y="257"/>
    <Point X="350" Y="259"/>
    <Point X="351" Y="261"/>
    <Point X="353" Y="264"/>
    <Point X="355" Y="266"/>
    <Point X="356" Y="269"/>
    <Point X="357" Y="271"/>
    <Point X="357" Y="272"/>
    <Point X="357" Y="273"/>
    <Point X="358" Y="273"/>
    <Point X="358" Y="271"/>
    <Point X="358" Y="269"/>
    <Point X="358" Y="265"/>
    <Point X="358" Y="261"/>
    <Point X="358" Y="255"/>
    <Point X="359" Y="248"/>
    <Point X="359" Y="241"/>
    <Point X="360" Y="233"/>
    <Point X="361" Y="224"/>
    <Point X="363" Y="215"/>
    <Point X="365" Y="204"/>
    <Point X="368" Y="193"/>
    <Point X="372" Y="183"/>
    <Point X="374" Y="173"/>
    <Point X="376" Y="165"/>
    <Point X="377" Y="157"/>
    <Point X="379" Y="151"/>
    <Point X="380" Y="145"/>
    <Point X="381" Y="140"/>
    <Point X="381" Y="136"/>
    <Point X="382" Y="132"/>
    <Point X="382" Y="130"/>
    <Point X="382" Y="128"/>
    <Point X="382" Y="124"/>
    <Point X="382" Y="122"/>
    <Point X="382" Y="120"/>
    <Point X="383" Y="117"/>
    <Point X="383" Y="116"/>
    <Point X="383" Y="113"/>
    <Point X="383" Y="112"/>
    <Point X="383" Y="110"/>
    <Point X="383" Y="108"/>
    <Point X="383" Y="107"/>
</Gesture>
