<?xml version="1.0" ?>
<Gesture Name="01" Subject="6" Number="1" NumPts="105">
    <Point X="251" Y="125"/>
    <Point X="252" Y="125"/>
    <Point X="253" Y="126"/>
    <Point X="255" Y="128"/>
    <Point X="257" Y="130"/>
    <Point X="258" Y="132"/>
    <Point X="260" Y="135"/>
    <Point X="261" Y="136"/>
    <Point X="264" Y="139"/>
    <Point X="268" Y="142"/>
    <Point X="271" Y="146"/>
    <Point X="275" Y="151"/>
    <Point X="280" Y="155"/>
    <Point X="284" Y="160"/>
    <Point X="288" Y="166"/>
    <Point X="293" Y="170"/>
    <Point X="297" Y="176"/>
    <Point X="302" Y="182"/>
    <Point X="307" Y="188"/>
    <Point X="312" Y="193"/>
    <Point X="318" Y="199"/>
    <Point X="323" Y="204"/>
    <Point X="327" Y="208"/>
    <Point X="331" Y="213"/>
    <Point X="335" Y="218"/>
    <Point X="339" Y="223"/>
    <Point X="343" Y="228"/>
    <Point X="347" Y="232"/>
    <Point X="350" Y="236"/>
    <Point X="353" Y="239"/>
    <Point X="356" Y="243"/>
    <Point X="360" Y="247"/>
    <Point X="364" Y="251"/>
    <Point X="367" Y="254"/>
    <Point X="371" Y="258"/>
    <Point X="375" Y="262"/>
    <Point X="378" Y="265"/>
    <Point X="380" Y="267"/>
    <Point X="382" Y="269"/>
    <Point X="383" Y="270"/>
    <Point X="383" Y="271"/>
    <Point X="384" Y="271"/>
    <Point X="384" Y="270"/>
    <Point X="384" Y="268"/>
    <Point X="385" Y="266"/>
    <Point X="385" Y="264"/>
    <Point X="385" Y="263"/>
    <Point X="386" Y="261"/>
    <Point X="386" Y="258"/>
    <Point X="388" Y="241"/>
    <Point X="388" Y="230"/>
    <Point X="389" Y="221"/>
    <Point X="389" Y="213"/>
    <Point X="389" Y="207"/>
    <Point X="389" Y="200"/>
    <Point X="389" Y="194"/>
    <Point X="388" Y="188"/>
    <Point X="388" Y="182"/>
    <Point X="387" Y="177"/>
    <Point X="387" Y="171"/>
    <Point X="385" Y="166"/>
    <Point X="385" Y="161"/>
    <Point X="384" Y="155"/>
    <Point X="383" Y="151"/>
    <Point X="382" Y="145"/>
    <Point X="382" Y="140"/>
    <Point X="381" Y="136"/>
    <Point X="380" Y="131"/>
    <Point X="379" Y="126"/>
    <Point X="378" Y="123"/>
    <Point X="378" Y="119"/>
    <Point X="377" Y="114"/>
    <Point X="376" Y="110"/>
    <Point X="375" Y="107"/>
    <Point X="374" Y="104"/>
    <Point X="373" Y="101"/>
    <Point X="373" Y="100"/>
    <Point X="373" Y="98"/>
    <Point X="372" Y="97"/>
    <Point X="371" Y="98"/>
    <Point X="369" Y="100"/>
    <Point X="367" Y="103"/>
    <Point X="364" Y="106"/>
    <Point X="362" Y="108"/>
    <Point X="358" Y="113"/>
    <Point X="354" Y="119"/>
    <Point X="350" Y="126"/>
    <Point X="344" Y="135"/>
    <Point X="338" Y="143"/>
    <Point X="332" Y="153"/>
    <Point X="326" Y="163"/>
    <Point X="320" Y="172"/>
    <Point X="315" Y="182"/>
    <Point X="309" Y="190"/>
    <Point X="305" Y="198"/>
    <Point X="301" Y="207"/>
    <Point X="297" Y="215"/>
    <Point X="293" Y="224"/>
    <Point X="288" Y="232"/>
    <Point X="284" Y="240"/>
    <Point X="279" Y="247"/>
    <Point X="276" Y="252"/>
    <Point X="273" Y="257"/>
    <Point X="269" Y="262"/>
    <Point X="268" Y="263"/>
</Gesture>
