<?xml version="1.0" ?>
<Gesture Name="02" Subject="6" Number="2" NumPts="125">
    <Point X="271" Y="119"/>
    <Point X="273" Y="121"/>
    <Point X="274" Y="123"/>
    <Point X="274" Y="124"/>
    <Point X="275" Y="126"/>
    <Point X="276" Y="128"/>
    <Point X="278" Y="131"/>
    <Point X="281" Y="134"/>
    <Point X="282" Y="137"/>
    <Point X="284" Y="140"/>
    <Point X="287" Y="143"/>
    <Point X="289" Y="147"/>
    <Point X="291" Y="150"/>
    <Point X="294" Y="153"/>
    <Point X="296" Y="157"/>
    <Point X="299" Y="161"/>
    <Point X="302" Y="165"/>
    <Point X="305" Y="170"/>
    <Point X="308" Y="174"/>
    <Point X="312" Y="178"/>
    <Point X="316" Y="183"/>
    <Point X="319" Y="187"/>
    <Point X="323" Y="191"/>
    <Point X="325" Y="196"/>
    <Point X="328" Y="200"/>
    <Point X="332" Y="204"/>
    <Point X="336" Y="209"/>
    <Point X="340" Y="214"/>
    <Point X="344" Y="219"/>
    <Point X="348" Y="223"/>
    <Point X="351" Y="227"/>
    <Point X="353" Y="230"/>
    <Point X="356" Y="233"/>
    <Point X="358" Y="236"/>
    <Point X="359" Y="237"/>
    <Point X="360" Y="239"/>
    <Point X="362" Y="241"/>
    <Point X="363" Y="243"/>
    <Point X="365" Y="245"/>
    <Point X="366" Y="246"/>
    <Point X="366" Y="247"/>
    <Point X="367" Y="248"/>
    <Point X="368" Y="248"/>
    <Point X="368" Y="245"/>
    <Point X="368" Y="244"/>
    <Point X="368" Y="243"/>
    <Point X="368" Y="241"/>
    <Point X="368" Y="237"/>
    <Point X="368" Y="233"/>
    <Point X="368" Y="228"/>
    <Point X="368" Y="223"/>
    <Point X="368" Y="218"/>
    <Point X="368" Y="213"/>
    <Point X="368" Y="208"/>
    <Point X="368" Y="203"/>
    <Point X="368" Y="199"/>
    <Point X="368" Y="194"/>
    <Point X="368" Y="188"/>
    <Point X="368" Y="183"/>
    <Point X="368" Y="178"/>
    <Point X="367" Y="174"/>
    <Point X="366" Y="168"/>
    <Point X="366" Y="164"/>
    <Point X="366" Y="158"/>
    <Point X="365" Y="153"/>
    <Point X="365" Y="147"/>
    <Point X="365" Y="143"/>
    <Point X="365" Y="138"/>
    <Point X="364" Y="134"/>
    <Point X="364" Y="131"/>
    <Point X="364" Y="128"/>
    <Point X="364" Y="125"/>
    <Point X="363" Y="121"/>
    <Point X="363" Y="118"/>
    <Point X="363" Y="115"/>
    <Point X="363" Y="111"/>
    <Point X="362" Y="108"/>
    <Point X="361" Y="105"/>
    <Point X="361" Y="103"/>
    <Point X="361" Y="100"/>
    <Point X="360" Y="99"/>
    <Point X="359" Y="97"/>
    <Point X="359" Y="96"/>
    <Point X="358" Y="97"/>
    <Point X="358" Y="98"/>
    <Point X="357" Y="100"/>
    <Point X="355" Y="102"/>
    <Point X="355" Y="103"/>
    <Point X="354" Y="106"/>
    <Point X="352" Y="108"/>
    <Point X="351" Y="112"/>
    <Point X="348" Y="116"/>
    <Point X="346" Y="121"/>
    <Point X="343" Y="126"/>
    <Point X="339" Y="132"/>
    <Point X="335" Y="137"/>
    <Point X="332" Y="143"/>
    <Point X="328" Y="149"/>
    <Point X="324" Y="155"/>
    <Point X="320" Y="161"/>
    <Point X="316" Y="167"/>
    <Point X="312" Y="172"/>
    <Point X="308" Y="177"/>
    <Point X="304" Y="183"/>
    <Point X="300" Y="188"/>
    <Point X="298" Y="192"/>
    <Point X="295" Y="196"/>
    <Point X="292" Y="200"/>
    <Point X="289" Y="204"/>
    <Point X="287" Y="207"/>
    <Point X="286" Y="210"/>
    <Point X="285" Y="212"/>
    <Point X="284" Y="213"/>
    <Point X="283" Y="216"/>
    <Point X="281" Y="219"/>
    <Point X="280" Y="222"/>
    <Point X="280" Y="223"/>
    <Point X="279" Y="224"/>
    <Point X="277" Y="227"/>
    <Point X="276" Y="229"/>
    <Point X="275" Y="232"/>
    <Point X="274" Y="235"/>
    <Point X="273" Y="236"/>
    <Point X="273" Y="237"/>
    <Point X="272" Y="237"/>
</Gesture>
