<?xml version="1.0" ?>
<Gesture Name="03" Subject="6" Number="3" NumPts="101">
    <Point X="315" Y="182"/>
    <Point X="316" Y="182"/>
    <Point X="318" Y="184"/>
    <Point X="319" Y="186"/>
    <Point X="320" Y="186"/>
    <Point X="322" Y="188"/>
    <Point X="325" Y="190"/>
    <Point X="328" Y="193"/>
    <Point X="332" Y="196"/>
    <Point X="336" Y="201"/>
    <Point X="341" Y="205"/>
    <Point X="346" Y="209"/>
    <Point X="351" Y="214"/>
    <Point X="356" Y="219"/>
    <Point X="362" Y="224"/>
    <Point X="367" Y="230"/>
    <Point X="373" Y="236"/>
    <Point X="379" Y="241"/>
    <Point X="384" Y="246"/>
    <Point X="390" Y="251"/>
    <Point X="395" Y="256"/>
    <Point X="400" Y="261"/>
    <Point X="403" Y="266"/>
    <Point X="406" Y="270"/>
    <Point X="409" Y="274"/>
    <Point X="411" Y="277"/>
    <Point X="413" Y="279"/>
    <Point X="413" Y="280"/>
    <Point X="414" Y="280"/>
    <Point X="415" Y="281"/>
    <Point X="416" Y="281"/>
    <Point X="417" Y="283"/>
    <Point X="418" Y="283"/>
    <Point X="420" Y="284"/>
    <Point X="422" Y="285"/>
    <Point X="423" Y="286"/>
    <Point X="424" Y="286"/>
    <Point X="424" Y="287"/>
    <Point X="425" Y="287"/>
    <Point X="424" Y="284"/>
    <Point X="423" Y="282"/>
    <Point X="422" Y="281"/>
    <Point X="422" Y="279"/>
    <Point X="422" Y="275"/>
    <Point X="421" Y="269"/>
    <Point X="421" Y="264"/>
    <Point X="419" Y="257"/>
    <Point X="419" Y="250"/>
    <Point X="418" Y="243"/>
    <Point X="417" Y="236"/>
    <Point X="416" Y="230"/>
    <Point X="416" Y="224"/>
    <Point X="416" Y="219"/>
    <Point X="415" Y="214"/>
    <Point X="414" Y="208"/>
    <Point X="414" Y="203"/>
    <Point X="413" Y="199"/>
    <Point X="412" Y="195"/>
    <Point X="411" Y="192"/>
    <Point X="411" Y="189"/>
    <Point X="410" Y="185"/>
    <Point X="409" Y="182"/>
    <Point X="408" Y="179"/>
    <Point X="406" Y="175"/>
    <Point X="405" Y="171"/>
    <Point X="403" Y="168"/>
    <Point X="402" Y="164"/>
    <Point X="401" Y="161"/>
    <Point X="400" Y="158"/>
    <Point X="399" Y="156"/>
    <Point X="399" Y="155"/>
    <Point X="398" Y="155"/>
    <Point X="398" Y="154"/>
    <Point X="398" Y="155"/>
    <Point X="397" Y="156"/>
    <Point X="396" Y="159"/>
    <Point X="396" Y="160"/>
    <Point X="395" Y="162"/>
    <Point X="392" Y="166"/>
    <Point X="390" Y="171"/>
    <Point X="387" Y="176"/>
    <Point X="385" Y="180"/>
    <Point X="382" Y="186"/>
    <Point X="380" Y="191"/>
    <Point X="377" Y="197"/>
    <Point X="375" Y="203"/>
    <Point X="372" Y="210"/>
    <Point X="368" Y="217"/>
    <Point X="366" Y="224"/>
    <Point X="363" Y="232"/>
    <Point X="361" Y="240"/>
    <Point X="358" Y="248"/>
    <Point X="356" Y="256"/>
    <Point X="354" Y="262"/>
    <Point X="353" Y="268"/>
    <Point X="353" Y="273"/>
    <Point X="351" Y="276"/>
    <Point X="351" Y="278"/>
    <Point X="351" Y="280"/>
    <Point X="350" Y="281"/>
    <Point X="350" Y="282"/>
</Gesture>
