<?xml version="1.0" ?>
<Gesture Name="04" Subject="6" Number="4" NumPts="98">
    <Point X="305" Y="198"/>
    <Point X="305" Y="199"/>
    <Point X="306" Y="199"/>
    <Point X="306" Y="200"/>
    <Point X="308" Y="202"/>
    <Point X="308" Y="203"/>
    <Point X="310" Y="205"/>
    <Point X="311" Y="207"/>
    <Point X="313" Y="209"/>
    <Point X="316" Y="213"/>
    <Point X="319" Y="218"/>
    <Point X="322" Y="222"/>
    <Point X="325" Y="227"/>
    <Point X="327" Y="232"/>
    <Point X="330" Y="237"/>
    <Point X="334" Y="243"/>
    <Point X="338" Y="249"/>
    <Point X="342" Y="254"/>
    <Point X="345" Y="260"/>
    <Point X="349" Y="265"/>
    <Point X="351" Y="269"/>
    <Point X="354" Y="273"/>
    <Point X="357" Y="277"/>
    <Point X="359" Y="281"/>
    <Point X="361" Y="284"/>
    <Point X="364" Y="288"/>
    <Point X="365" Y="291"/>
    <Point X="367" Y="294"/>
    <Point X="368" Y="296"/>
    <Point X="369" Y="296"/>
    <Point X="369" Y="297"/>
    <Point X="370" Y="297"/>
    <Point X="371" Y="298"/>
    <Point X="372" Y="298"/>
    <Point X="373" Y="298"/>
    <Point X="374" Y="298"/>
    <Point X="375" Y="298"/>
    <Point X="376" Y="298"/>
    <Point X="377" Y="295"/>
    <Point X="378" Y="293"/>
    <Point X="378" Y="292"/>
    <Point X="378" Y="290"/>
    <Point X="379" Y="287"/>
    <Point X="380" Y="283"/>
    <Point X="381" Y="279"/>
    <Point X="382" Y="275"/>
    <Point X="382" Y="270"/>
    <Point X="383" Y="264"/>
    <Point X="383" Y="257"/>
    <Point X="383" Y="250"/>
    <Point X="383" Y="243"/>
    <Point X="383" Y="237"/>
    <Point X="383" Y="231"/>
    <Point X="383" Y="225"/>
    <Point X="383" Y="218"/>
    <Point X="383" Y="213"/>
    <Point X="383" Y="208"/>
    <Point X="383" Y="202"/>
    <Point X="382" Y="197"/>
    <Point X="382" Y="193"/>
    <Point X="381" Y="188"/>
    <Point X="380" Y="183"/>
    <Point X="379" Y="180"/>
    <Point X="378" Y="175"/>
    <Point X="376" Y="171"/>
    <Point X="375" Y="167"/>
    <Point X="374" Y="164"/>
    <Point X="373" Y="161"/>
    <Point X="370" Y="155"/>
    <Point X="370" Y="154"/>
    <Point X="370" Y="155"/>
    <Point X="369" Y="157"/>
    <Point X="367" Y="158"/>
    <Point X="367" Y="159"/>
    <Point X="366" Y="160"/>
    <Point X="364" Y="163"/>
    <Point X="362" Y="166"/>
    <Point X="359" Y="170"/>
    <Point X="357" Y="174"/>
    <Point X="354" Y="178"/>
    <Point X="351" Y="183"/>
    <Point X="347" Y="189"/>
    <Point X="344" Y="194"/>
    <Point X="341" Y="201"/>
    <Point X="338" Y="208"/>
    <Point X="334" Y="214"/>
    <Point X="331" Y="221"/>
    <Point X="327" Y="228"/>
    <Point X="325" Y="234"/>
    <Point X="323" Y="240"/>
    <Point X="321" Y="247"/>
    <Point X="318" Y="253"/>
    <Point X="316" Y="258"/>
    <Point X="313" Y="264"/>
    <Point X="311" Y="268"/>
    <Point X="310" Y="270"/>
    <Point X="309" Y="272"/>
    <Point X="308" Y="272"/>
</Gesture>
