<?xml version="1.0" ?>
<Gesture Name="05" Subject="6" Number="5" NumPts="91">
    <Point X="280" Y="189"/>
    <Point X="280" Y="188"/>
    <Point X="281" Y="188"/>
    <Point X="281" Y="189"/>
    <Point X="282" Y="189"/>
    <Point X="282" Y="190"/>
    <Point X="284" Y="192"/>
    <Point X="285" Y="193"/>
    <Point X="286" Y="195"/>
    <Point X="290" Y="199"/>
    <Point X="294" Y="203"/>
    <Point X="298" Y="208"/>
    <Point X="303" Y="213"/>
    <Point X="308" Y="219"/>
    <Point X="313" Y="223"/>
    <Point X="318" Y="227"/>
    <Point X="322" Y="232"/>
    <Point X="326" Y="237"/>
    <Point X="329" Y="242"/>
    <Point X="333" Y="247"/>
    <Point X="337" Y="252"/>
    <Point X="340" Y="256"/>
    <Point X="343" Y="261"/>
    <Point X="347" Y="266"/>
    <Point X="350" Y="270"/>
    <Point X="353" Y="274"/>
    <Point X="355" Y="277"/>
    <Point X="357" Y="279"/>
    <Point X="358" Y="280"/>
    <Point X="358" Y="279"/>
    <Point X="358" Y="278"/>
    <Point X="358" Y="276"/>
    <Point X="358" Y="273"/>
    <Point X="357" Y="268"/>
    <Point X="357" Y="263"/>
    <Point X="357" Y="257"/>
    <Point X="357" Y="252"/>
    <Point X="357" Y="247"/>
    <Point X="356" Y="240"/>
    <Point X="356" Y="235"/>
    <Point X="356" Y="229"/>
    <Point X="355" Y="223"/>
    <Point X="354" Y="217"/>
    <Point X="354" Y="211"/>
    <Point X="354" Y="206"/>
    <Point X="354" Y="200"/>
    <Point X="354" Y="195"/>
    <Point X="354" Y="191"/>
    <Point X="354" Y="187"/>
    <Point X="354" Y="183"/>
    <Point X="354" Y="179"/>
    <Point X="354" Y="176"/>
    <Point X="354" Y="173"/>
    <Point X="354" Y="170"/>
    <Point X="354" Y="168"/>
    <Point X="354" Y="166"/>
    <Point X="353" Y="163"/>
    <Point X="353" Y="162"/>
    <Point X="353" Y="160"/>
    <Point X="353" Y="159"/>
    <Point X="353" Y="158"/>
    <Point X="353" Y="157"/>
    <Point X="352" Y="158"/>
    <Point X="352" Y="159"/>
    <Point X="351" Y="160"/>
    <Point X="350" Y="161"/>
    <Point X="349" Y="163"/>
    <Point X="346" Y="167"/>
    <Point X="344" Y="171"/>
    <Point X="341" Y="176"/>
    <Point X="337" Y="183"/>
    <Point X="333" Y="190"/>
    <Point X="330" Y="197"/>
    <Point X="326" Y="205"/>
    <Point X="322" Y="213"/>
    <Point X="318" Y="221"/>
    <Point X="315" Y="229"/>
    <Point X="313" Y="236"/>
    <Point X="310" Y="243"/>
    <Point X="307" Y="250"/>
    <Point X="304" Y="256"/>
    <Point X="301" Y="262"/>
    <Point X="297" Y="269"/>
    <Point X="293" Y="274"/>
    <Point X="291" Y="280"/>
    <Point X="288" Y="284"/>
    <Point X="287" Y="288"/>
    <Point X="285" Y="291"/>
    <Point X="284" Y="293"/>
    <Point X="283" Y="294"/>
    <Point X="283" Y="295"/>
</Gesture>
