<?xml version="1.0" ?>
<Gesture Name="06" Subject="6" Number="6" NumPts="103">
    <Point X="296" Y="195"/>
    <Point X="297" Y="196"/>
    <Point X="298" Y="196"/>
    <Point X="300" Y="199"/>
    <Point X="302" Y="201"/>
    <Point X="303" Y="203"/>
    <Point X="305" Y="206"/>
    <Point X="308" Y="212"/>
    <Point X="313" Y="218"/>
    <Point X="317" Y="226"/>
    <Point X="322" Y="234"/>
    <Point X="328" Y="243"/>
    <Point X="333" Y="250"/>
    <Point X="337" Y="256"/>
    <Point X="341" Y="259"/>
    <Point X="344" Y="262"/>
    <Point X="345" Y="264"/>
    <Point X="347" Y="265"/>
    <Point X="350" Y="267"/>
    <Point X="352" Y="269"/>
    <Point X="353" Y="269"/>
    <Point X="355" Y="271"/>
    <Point X="357" Y="274"/>
    <Point X="359" Y="277"/>
    <Point X="363" Y="279"/>
    <Point X="366" Y="282"/>
    <Point X="371" Y="286"/>
    <Point X="375" Y="290"/>
    <Point X="379" Y="293"/>
    <Point X="382" Y="296"/>
    <Point X="383" Y="297"/>
    <Point X="384" Y="297"/>
    <Point X="384" Y="296"/>
    <Point X="384" Y="293"/>
    <Point X="384" Y="290"/>
    <Point X="384" Y="287"/>
    <Point X="384" Y="282"/>
    <Point X="384" Y="278"/>
    <Point X="385" Y="273"/>
    <Point X="385" Y="267"/>
    <Point X="385" Y="261"/>
    <Point X="385" Y="256"/>
    <Point X="386" Y="250"/>
    <Point X="387" Y="244"/>
    <Point X="387" Y="237"/>
    <Point X="387" Y="232"/>
    <Point X="387" Y="227"/>
    <Point X="387" Y="221"/>
    <Point X="387" Y="217"/>
    <Point X="387" Y="213"/>
    <Point X="387" Y="210"/>
    <Point X="387" Y="206"/>
    <Point X="387" Y="204"/>
    <Point X="387" Y="202"/>
    <Point X="387" Y="201"/>
    <Point X="387" Y="199"/>
    <Point X="387" Y="197"/>
    <Point X="386" Y="196"/>
    <Point X="386" Y="195"/>
    <Point X="386" Y="194"/>
    <Point X="385" Y="192"/>
    <Point X="385" Y="191"/>
    <Point X="385" Y="190"/>
    <Point X="384" Y="189"/>
    <Point X="384" Y="188"/>
    <Point X="383" Y="188"/>
    <Point X="383" Y="186"/>
    <Point X="382" Y="186"/>
    <Point X="382" Y="185"/>
    <Point X="381" Y="185"/>
    <Point X="380" Y="186"/>
    <Point X="379" Y="188"/>
    <Point X="377" Y="190"/>
    <Point X="377" Y="191"/>
    <Point X="375" Y="193"/>
    <Point X="372" Y="196"/>
    <Point X="370" Y="199"/>
    <Point X="367" Y="203"/>
    <Point X="364" Y="208"/>
    <Point X="361" Y="213"/>
    <Point X="358" Y="218"/>
    <Point X="354" Y="223"/>
    <Point X="350" Y="228"/>
    <Point X="347" Y="233"/>
    <Point X="344" Y="239"/>
    <Point X="340" Y="244"/>
    <Point X="337" Y="250"/>
    <Point X="334" Y="256"/>
    <Point X="331" Y="261"/>
    <Point X="329" Y="266"/>
    <Point X="327" Y="270"/>
    <Point X="324" Y="276"/>
    <Point X="321" Y="281"/>
    <Point X="318" Y="287"/>
    <Point X="315" Y="293"/>
    <Point X="312" Y="299"/>
    <Point X="309" Y="304"/>
    <Point X="306" Y="309"/>
    <Point X="305" Y="312"/>
    <Point X="303" Y="314"/>
    <Point X="303" Y="316"/>
    <Point X="303" Y="317"/>
    <Point X="302" Y="317"/>
</Gesture>
