<?xml version="1.0" ?>
<Gesture Name="07" Subject="6" Number="7" NumPts="103">
    <Point X="304" Y="198"/>
    <Point X="305" Y="198"/>
    <Point X="307" Y="200"/>
    <Point X="308" Y="201"/>
    <Point X="310" Y="203"/>
    <Point X="312" Y="204"/>
    <Point X="314" Y="206"/>
    <Point X="318" Y="209"/>
    <Point X="322" Y="213"/>
    <Point X="326" Y="217"/>
    <Point X="330" Y="221"/>
    <Point X="334" Y="224"/>
    <Point X="338" Y="228"/>
    <Point X="341" Y="231"/>
    <Point X="344" Y="234"/>
    <Point X="347" Y="236"/>
    <Point X="349" Y="238"/>
    <Point X="351" Y="241"/>
    <Point X="354" Y="244"/>
    <Point X="356" Y="246"/>
    <Point X="359" Y="250"/>
    <Point X="362" Y="253"/>
    <Point X="365" Y="256"/>
    <Point X="368" Y="260"/>
    <Point X="372" Y="264"/>
    <Point X="375" Y="268"/>
    <Point X="378" Y="271"/>
    <Point X="381" Y="274"/>
    <Point X="383" Y="277"/>
    <Point X="385" Y="279"/>
    <Point X="386" Y="280"/>
    <Point X="387" Y="280"/>
    <Point X="388" Y="281"/>
    <Point X="390" Y="282"/>
    <Point X="392" Y="283"/>
    <Point X="394" Y="284"/>
    <Point X="395" Y="284"/>
    <Point X="395" Y="283"/>
    <Point X="395" Y="282"/>
    <Point X="395" Y="281"/>
    <Point X="395" Y="280"/>
    <Point X="395" Y="278"/>
    <Point X="395" Y="274"/>
    <Point X="395" Y="271"/>
    <Point X="395" Y="266"/>
    <Point X="395" Y="260"/>
    <Point X="395" Y="254"/>
    <Point X="395" Y="248"/>
    <Point X="395" Y="242"/>
    <Point X="394" Y="235"/>
    <Point X="394" Y="228"/>
    <Point X="394" Y="222"/>
    <Point X="393" Y="216"/>
    <Point X="392" Y="210"/>
    <Point X="392" Y="205"/>
    <Point X="392" Y="200"/>
    <Point X="392" Y="196"/>
    <Point X="392" Y="193"/>
    <Point X="391" Y="191"/>
    <Point X="391" Y="188"/>
    <Point X="390" Y="186"/>
    <Point X="390" Y="184"/>
    <Point X="390" Y="183"/>
    <Point X="389" Y="181"/>
    <Point X="389" Y="179"/>
    <Point X="388" Y="178"/>
    <Point X="388" Y="177"/>
    <Point X="388" Y="176"/>
    <Point X="387" Y="177"/>
    <Point X="386" Y="178"/>
    <Point X="386" Y="179"/>
    <Point X="385" Y="181"/>
    <Point X="383" Y="183"/>
    <Point X="380" Y="187"/>
    <Point X="377" Y="190"/>
    <Point X="374" Y="194"/>
    <Point X="372" Y="197"/>
    <Point X="369" Y="201"/>
    <Point X="366" Y="206"/>
    <Point X="363" Y="210"/>
    <Point X="360" Y="213"/>
    <Point X="357" Y="217"/>
    <Point X="355" Y="221"/>
    <Point X="352" Y="226"/>
    <Point X="350" Y="231"/>
    <Point X="347" Y="235"/>
    <Point X="343" Y="241"/>
    <Point X="340" Y="246"/>
    <Point X="337" Y="250"/>
    <Point X="335" Y="255"/>
    <Point X="333" Y="259"/>
    <Point X="330" Y="263"/>
    <Point X="328" Y="267"/>
    <Point X="325" Y="270"/>
    <Point X="323" Y="272"/>
    <Point X="321" Y="275"/>
    <Point X="319" Y="277"/>
    <Point X="317" Y="279"/>
    <Point X="317" Y="280"/>
    <Point X="316" Y="280"/>
    <Point X="316" Y="281"/>
    <Point X="315" Y="281"/>
    <Point X="315" Y="282"/>
</Gesture>
