<?xml version="1.0" ?>
<Gesture Name="08" Subject="6" Number="8" NumPts="95">
    <Point X="311" Y="204"/>
    <Point X="312" Y="204"/>
    <Point X="313" Y="205"/>
    <Point X="315" Y="207"/>
    <Point X="317" Y="210"/>
    <Point X="317" Y="211"/>
    <Point X="319" Y="214"/>
    <Point X="321" Y="218"/>
    <Point X="323" Y="220"/>
    <Point X="324" Y="223"/>
    <Point X="327" Y="226"/>
    <Point X="329" Y="229"/>
    <Point X="332" Y="232"/>
    <Point X="335" Y="235"/>
    <Point X="337" Y="239"/>
    <Point X="339" Y="241"/>
    <Point X="340" Y="244"/>
    <Point X="342" Y="246"/>
    <Point X="345" Y="250"/>
    <Point X="347" Y="253"/>
    <Point X="351" Y="256"/>
    <Point X="354" Y="261"/>
    <Point X="357" Y="265"/>
    <Point X="362" Y="269"/>
    <Point X="366" Y="273"/>
    <Point X="369" Y="276"/>
    <Point X="373" Y="279"/>
    <Point X="376" Y="282"/>
    <Point X="378" Y="284"/>
    <Point X="381" Y="285"/>
    <Point X="381" Y="286"/>
    <Point X="382" Y="286"/>
    <Point X="383" Y="287"/>
    <Point X="384" Y="288"/>
    <Point X="385" Y="288"/>
    <Point X="386" Y="290"/>
    <Point X="388" Y="291"/>
    <Point X="389" Y="292"/>
    <Point X="390" Y="291"/>
    <Point X="390" Y="289"/>
    <Point X="390" Y="286"/>
    <Point X="389" Y="282"/>
    <Point X="389" Y="277"/>
    <Point X="388" Y="273"/>
    <Point X="388" Y="267"/>
    <Point X="387" Y="262"/>
    <Point X="386" Y="256"/>
    <Point X="385" Y="251"/>
    <Point X="384" Y="245"/>
    <Point X="382" Y="240"/>
    <Point X="381" Y="235"/>
    <Point X="381" Y="231"/>
    <Point X="380" Y="227"/>
    <Point X="379" Y="222"/>
    <Point X="378" Y="218"/>
    <Point X="377" Y="215"/>
    <Point X="376" Y="212"/>
    <Point X="376" Y="209"/>
    <Point X="375" Y="206"/>
    <Point X="375" Y="203"/>
    <Point X="374" Y="200"/>
    <Point X="373" Y="198"/>
    <Point X="373" Y="195"/>
    <Point X="373" Y="194"/>
    <Point X="372" Y="194"/>
    <Point X="372" Y="193"/>
    <Point X="371" Y="194"/>
    <Point X="369" Y="197"/>
    <Point X="368" Y="199"/>
    <Point X="367" Y="200"/>
    <Point X="365" Y="202"/>
    <Point X="364" Y="205"/>
    <Point X="361" Y="209"/>
    <Point X="358" Y="213"/>
    <Point X="355" Y="217"/>
    <Point X="352" Y="221"/>
    <Point X="349" Y="225"/>
    <Point X="347" Y="228"/>
    <Point X="345" Y="233"/>
    <Point X="342" Y="236"/>
    <Point X="340" Y="240"/>
    <Point X="337" Y="243"/>
    <Point X="335" Y="247"/>
    <Point X="332" Y="251"/>
    <Point X="330" Y="254"/>
    <Point X="327" Y="257"/>
    <Point X="325" Y="261"/>
    <Point X="323" Y="264"/>
    <Point X="320" Y="268"/>
    <Point X="318" Y="272"/>
    <Point X="316" Y="275"/>
    <Point X="314" Y="279"/>
    <Point X="312" Y="282"/>
    <Point X="310" Y="285"/>
    <Point X="308" Y="287"/>
</Gesture>
