<?xml version="1.0" ?>
<Gesture Name="09" Subject="6" Number="9" NumPts="86">
    <Point X="314" Y="173"/>
    <Point X="315" Y="176"/>
    <Point X="316" Y="176"/>
    <Point X="316" Y="178"/>
    <Point X="318" Y="180"/>
    <Point X="319" Y="183"/>
    <Point X="321" Y="186"/>
    <Point X="323" Y="189"/>
    <Point X="325" Y="193"/>
    <Point X="328" Y="197"/>
    <Point X="331" Y="202"/>
    <Point X="334" Y="206"/>
    <Point X="338" Y="209"/>
    <Point X="343" Y="214"/>
    <Point X="347" Y="218"/>
    <Point X="352" Y="223"/>
    <Point X="358" Y="229"/>
    <Point X="364" Y="235"/>
    <Point X="369" Y="241"/>
    <Point X="374" Y="247"/>
    <Point X="379" Y="252"/>
    <Point X="383" Y="257"/>
    <Point X="385" Y="260"/>
    <Point X="387" Y="262"/>
    <Point X="389" Y="264"/>
    <Point X="389" Y="265"/>
    <Point X="390" Y="265"/>
    <Point X="390" Y="266"/>
    <Point X="390" Y="265"/>
    <Point X="390" Y="264"/>
    <Point X="390" Y="263"/>
    <Point X="390" Y="259"/>
    <Point X="390" Y="255"/>
    <Point X="391" Y="249"/>
    <Point X="391" Y="244"/>
    <Point X="392" Y="238"/>
    <Point X="392" Y="232"/>
    <Point X="392" Y="226"/>
    <Point X="392" Y="221"/>
    <Point X="392" Y="214"/>
    <Point X="392" Y="209"/>
    <Point X="392" Y="204"/>
    <Point X="392" Y="198"/>
    <Point X="392" Y="193"/>
    <Point X="392" Y="189"/>
    <Point X="392" Y="185"/>
    <Point X="392" Y="182"/>
    <Point X="391" Y="179"/>
    <Point X="391" Y="178"/>
    <Point X="390" Y="176"/>
    <Point X="390" Y="175"/>
    <Point X="390" Y="174"/>
    <Point X="389" Y="173"/>
    <Point X="388" Y="172"/>
    <Point X="387" Y="172"/>
    <Point X="386" Y="172"/>
    <Point X="384" Y="173"/>
    <Point X="382" Y="175"/>
    <Point X="380" Y="178"/>
    <Point X="378" Y="181"/>
    <Point X="374" Y="185"/>
    <Point X="370" Y="190"/>
    <Point X="367" Y="195"/>
    <Point X="364" Y="201"/>
    <Point X="359" Y="206"/>
    <Point X="355" Y="213"/>
    <Point X="352" Y="217"/>
    <Point X="349" Y="222"/>
    <Point X="347" Y="226"/>
    <Point X="344" Y="230"/>
    <Point X="342" Y="233"/>
    <Point X="339" Y="236"/>
    <Point X="337" Y="239"/>
    <Point X="334" Y="242"/>
    <Point X="332" Y="245"/>
    <Point X="330" Y="248"/>
    <Point X="327" Y="252"/>
    <Point X="326" Y="254"/>
    <Point X="324" Y="256"/>
    <Point X="324" Y="257"/>
    <Point X="323" Y="258"/>
    <Point X="322" Y="260"/>
    <Point X="322" Y="261"/>
    <Point X="321" Y="262"/>
    <Point X="320" Y="264"/>
    <Point X="319" Y="264"/>
</Gesture>
