<?xml version="1.0" ?>
<Gesture Name="10" Subject="6" Number="10" NumPts="88">
    <Point X="309" Y="168"/>
    <Point X="309" Y="169"/>
    <Point X="311" Y="171"/>
    <Point X="311" Y="172"/>
    <Point X="312" Y="173"/>
    <Point X="312" Y="174"/>
    <Point X="314" Y="176"/>
    <Point X="316" Y="180"/>
    <Point X="319" Y="183"/>
    <Point X="322" Y="187"/>
    <Point X="326" Y="192"/>
    <Point X="330" Y="198"/>
    <Point X="333" Y="203"/>
    <Point X="338" Y="210"/>
    <Point X="342" Y="216"/>
    <Point X="347" Y="223"/>
    <Point X="351" Y="228"/>
    <Point X="357" Y="234"/>
    <Point X="361" Y="239"/>
    <Point X="365" Y="244"/>
    <Point X="369" Y="248"/>
    <Point X="374" Y="253"/>
    <Point X="379" Y="256"/>
    <Point X="383" Y="259"/>
    <Point X="387" Y="262"/>
    <Point X="391" Y="264"/>
    <Point X="394" Y="265"/>
    <Point X="397" Y="267"/>
    <Point X="400" Y="268"/>
    <Point X="403" Y="269"/>
    <Point X="404" Y="270"/>
    <Point X="405" Y="270"/>
    <Point X="405" Y="269"/>
    <Point X="405" Y="268"/>
    <Point X="405" Y="265"/>
    <Point X="405" Y="261"/>
    <Point X="404" Y="257"/>
    <Point X="403" Y="251"/>
    <Point X="403" Y="245"/>
    <Point X="402" Y="237"/>
    <Point X="402" Y="229"/>
    <Point X="401" Y="221"/>
    <Point X="400" Y="213"/>
    <Point X="399" Y="205"/>
    <Point X="398" Y="199"/>
    <Point X="396" Y="193"/>
    <Point X="395" Y="187"/>
    <Point X="394" Y="183"/>
    <Point X="392" Y="179"/>
    <Point X="391" Y="175"/>
    <Point X="390" Y="172"/>
    <Point X="389" Y="169"/>
    <Point X="388" Y="166"/>
    <Point X="387" Y="165"/>
    <Point X="387" Y="163"/>
    <Point X="386" Y="161"/>
    <Point X="386" Y="162"/>
    <Point X="385" Y="163"/>
    <Point X="384" Y="164"/>
    <Point X="383" Y="167"/>
    <Point X="381" Y="169"/>
    <Point X="380" Y="172"/>
    <Point X="377" Y="175"/>
    <Point X="375" Y="179"/>
    <Point X="373" Y="183"/>
    <Point X="371" Y="187"/>
    <Point X="369" Y="191"/>
    <Point X="366" Y="197"/>
    <Point X="363" Y="203"/>
    <Point X="359" Y="211"/>
    <Point X="355" Y="219"/>
    <Point X="350" Y="227"/>
    <Point X="344" Y="236"/>
    <Point X="340" Y="243"/>
    <Point X="335" Y="250"/>
    <Point X="331" Y="257"/>
    <Point X="328" Y="262"/>
    <Point X="325" Y="266"/>
    <Point X="323" Y="269"/>
    <Point X="322" Y="272"/>
    <Point X="320" Y="274"/>
    <Point X="320" Y="275"/>
    <Point X="319" Y="276"/>
    <Point X="319" Y="277"/>
    <Point X="318" Y="277"/>
    <Point X="318" Y="278"/>
    <Point X="317" Y="278"/>
    <Point X="317" Y="279"/>
</Gesture>
