<?xml version="1.0" ?>
<Gesture Name="05" Subject="6" Number="5" NumPts="186">
    <Point X="224" Y="270"/>
    <Point X="224" Y="269"/>
    <Point X="225" Y="267"/>
    <Point X="227" Y="263"/>
    <Point X="231" Y="259"/>
    <Point X="234" Y="255"/>
    <Point X="238" Y="251"/>
    <Point X="242" Y="246"/>
    <Point X="246" Y="241"/>
    <Point X="250" Y="237"/>
    <Point X="254" Y="232"/>
    <Point X="258" Y="227"/>
    <Point X="261" Y="222"/>
    <Point X="265" Y="217"/>
    <Point X="269" Y="213"/>
    <Point X="272" Y="209"/>
    <Point X="274" Y="207"/>
    <Point X="275" Y="204"/>
    <Point X="275" Y="203"/>
    <Point X="276" Y="200"/>
    <Point X="277" Y="198"/>
    <Point X="278" Y="194"/>
    <Point X="280" Y="190"/>
    <Point X="281" Y="185"/>
    <Point X="282" Y="181"/>
    <Point X="284" Y="176"/>
    <Point X="285" Y="171"/>
    <Point X="286" Y="167"/>
    <Point X="288" Y="164"/>
    <Point X="288" Y="162"/>
    <Point X="288" Y="160"/>
    <Point X="289" Y="159"/>
    <Point X="289" Y="158"/>
    <Point X="289" Y="157"/>
    <Point X="290" Y="156"/>
    <Point X="290" Y="155"/>
    <Point X="290" Y="154"/>
    <Point X="291" Y="153"/>
    <Point X="291" Y="152"/>
    <Point X="292" Y="153"/>
    <Point X="294" Y="155"/>
    <Point X="294" Y="157"/>
    <Point X="295" Y="159"/>
    <Point X="297" Y="163"/>
    <Point X="299" Y="169"/>
    <Point X="300" Y="173"/>
    <Point X="302" Y="179"/>
    <Point X="303" Y="185"/>
    <Point X="304" Y="190"/>
    <Point X="305" Y="195"/>
    <Point X="306" Y="200"/>
    <Point X="307" Y="204"/>
    <Point X="308" Y="207"/>
    <Point X="309" Y="210"/>
    <Point X="311" Y="214"/>
    <Point X="313" Y="217"/>
    <Point X="314" Y="220"/>
    <Point X="316" Y="225"/>
    <Point X="318" Y="230"/>
    <Point X="320" Y="236"/>
    <Point X="322" Y="242"/>
    <Point X="323" Y="249"/>
    <Point X="324" Y="256"/>
    <Point X="325" Y="261"/>
    <Point X="325" Y="266"/>
    <Point X="326" Y="270"/>
    <Point X="326" Y="273"/>
    <Point X="327" Y="277"/>
    <Point X="328" Y="279"/>
    <Point X="328" Y="281"/>
    <Point X="328" Y="282"/>
    <Point X="328" Y="283"/>
    <Point X="329" Y="284"/>
    <Point X="330" Y="284"/>
    <Point X="331" Y="283"/>
    <Point X="331" Y="281"/>
    <Point X="331" Y="279"/>
    <Point X="333" Y="276"/>
    <Point X="335" Y="272"/>
    <Point X="338" Y="267"/>
    <Point X="341" Y="260"/>
    <Point X="344" Y="252"/>
    <Point X="347" Y="244"/>
    <Point X="350" Y="236"/>
    <Point X="353" Y="229"/>
    <Point X="355" Y="222"/>
    <Point X="358" Y="215"/>
    <Point X="359" Y="210"/>
    <Point X="361" Y="205"/>
    <Point X="363" Y="199"/>
    <Point X="364" Y="195"/>
    <Point X="365" Y="191"/>
    <Point X="366" Y="187"/>
    <Point X="367" Y="183"/>
    <Point X="368" Y="180"/>
    <Point X="369" Y="176"/>
    <Point X="369" Y="172"/>
    <Point X="370" Y="169"/>
    <Point X="371" Y="166"/>
    <Point X="372" Y="163"/>
    <Point X="373" Y="160"/>
    <Point X="373" Y="158"/>
    <Point X="374" Y="155"/>
    <Point X="374" Y="153"/>
    <Point X="375" Y="151"/>
    <Point X="375" Y="149"/>
    <Point X="376" Y="147"/>
    <Point X="377" Y="146"/>
    <Point X="377" Y="145"/>
    <Point X="377" Y="143"/>
    <Point X="377" Y="142"/>
    <Point X="378" Y="142"/>
    <Point X="380" Y="145"/>
    <Point X="382" Y="148"/>
    <Point X="383" Y="149"/>
    <Point X="384" Y="150"/>
    <Point X="386" Y="153"/>
    <Point X="388" Y="156"/>
    <Point X="391" Y="159"/>
    <Point X="392" Y="162"/>
    <Point X="394" Y="166"/>
    <Point X="397" Y="170"/>
    <Point X="398" Y="173"/>
    <Point X="401" Y="177"/>
    <Point X="403" Y="182"/>
    <Point X="405" Y="186"/>
    <Point X="406" Y="190"/>
    <Point X="408" Y="194"/>
    <Point X="409" Y="198"/>
    <Point X="410" Y="201"/>
    <Point X="411" Y="204"/>
    <Point X="412" Y="207"/>
    <Point X="413" Y="210"/>
    <Point X="414" Y="213"/>
    <Point X="415" Y="215"/>
    <Point X="416" Y="217"/>
    <Point X="417" Y="219"/>
    <Point X="418" Y="221"/>
    <Point X="419" Y="224"/>
    <Point X="420" Y="225"/>
    <Point X="421" Y="228"/>
    <Point X="422" Y="230"/>
    <Point X="424" Y="233"/>
    <Point X="425" Y="236"/>
    <Point X="427" Y="240"/>
    <Point X="428" Y="243"/>
    <Point X="430" Y="248"/>
    <Point X="431" Y="253"/>
    <Point X="433" Y="257"/>
    <Point X="434" Y="260"/>
    <Point X="434" Y="264"/>
    <Point X="434" Y="265"/>
    <Point X="434" Y="266"/>
    <Point X="435" Y="266"/>
    <Point X="437" Y="266"/>
    <Point X="437" Y="265"/>
    <Point X="438" Y="263"/>
    <Point X="439" Y="261"/>
    <Point X="439" Y="258"/>
    <Point X="441" Y="254"/>
    <Point X="444" Y="250"/>
    <Point X="447" Y="244"/>
    <Point X="449" Y="238"/>
    <Point X="452" Y="231"/>
    <Point X="453" Y="224"/>
    <Point X="455" Y="217"/>
    <Point X="457" Y="209"/>
    <Point X="459" Y="202"/>
    <Point X="460" Y="196"/>
    <Point X="461" Y="191"/>
    <Point X="462" Y="185"/>
    <Point X="463" Y="181"/>
    <Point X="464" Y="176"/>
    <Point X="464" Y="171"/>
    <Point X="466" Y="167"/>
    <Point X="466" Y="163"/>
    <Point X="467" Y="159"/>
    <Point X="468" Y="155"/>
    <Point X="469" Y="152"/>
    <Point X="469" Y="150"/>
    <Point X="470" Y="147"/>
    <Point X="471" Y="145"/>
    <Point X="471" Y="142"/>
    <Point X="472" Y="141"/>
    <Point X="472" Y="140"/>
    <Point X="472" Y="139"/>
</Gesture>
