<?xml version="1.0" ?>
<Gesture Name="03" Subject="6" Number="3" NumPts="181">
    <Point X="233" Y="246"/>
    <Point X="234" Y="244"/>
    <Point X="236" Y="242"/>
    <Point X="238" Y="240"/>
    <Point X="238" Y="239"/>
    <Point X="240" Y="237"/>
    <Point X="243" Y="234"/>
    <Point X="247" Y="229"/>
    <Point X="250" Y="224"/>
    <Point X="255" Y="220"/>
    <Point X="259" Y="215"/>
    <Point X="264" Y="210"/>
    <Point X="269" Y="205"/>
    <Point X="273" Y="201"/>
    <Point X="276" Y="197"/>
    <Point X="279" Y="193"/>
    <Point X="283" Y="189"/>
    <Point X="286" Y="185"/>
    <Point X="289" Y="180"/>
    <Point X="291" Y="176"/>
    <Point X="294" Y="172"/>
    <Point X="297" Y="167"/>
    <Point X="300" Y="162"/>
    <Point X="302" Y="159"/>
    <Point X="304" Y="156"/>
    <Point X="307" Y="152"/>
    <Point X="309" Y="150"/>
    <Point X="311" Y="147"/>
    <Point X="313" Y="146"/>
    <Point X="313" Y="145"/>
    <Point X="314" Y="145"/>
    <Point X="314" Y="144"/>
    <Point X="315" Y="143"/>
    <Point X="316" Y="142"/>
    <Point X="316" Y="141"/>
    <Point X="317" Y="141"/>
    <Point X="318" Y="139"/>
    <Point X="318" Y="138"/>
    <Point X="319" Y="138"/>
    <Point X="321" Y="139"/>
    <Point X="322" Y="141"/>
    <Point X="323" Y="143"/>
    <Point X="324" Y="146"/>
    <Point X="325" Y="148"/>
    <Point X="326" Y="151"/>
    <Point X="327" Y="154"/>
    <Point X="329" Y="158"/>
    <Point X="330" Y="161"/>
    <Point X="331" Y="165"/>
    <Point X="332" Y="169"/>
    <Point X="333" Y="173"/>
    <Point X="334" Y="177"/>
    <Point X="335" Y="182"/>
    <Point X="337" Y="186"/>
    <Point X="338" Y="190"/>
    <Point X="340" Y="194"/>
    <Point X="342" Y="198"/>
    <Point X="343" Y="202"/>
    <Point X="345" Y="205"/>
    <Point X="346" Y="208"/>
    <Point X="347" Y="211"/>
    <Point X="349" Y="214"/>
    <Point X="351" Y="218"/>
    <Point X="352" Y="220"/>
    <Point X="353" Y="222"/>
    <Point X="354" Y="224"/>
    <Point X="354" Y="225"/>
    <Point X="355" Y="225"/>
    <Point X="355" Y="226"/>
    <Point X="355" Y="227"/>
    <Point X="356" Y="227"/>
    <Point X="357" Y="230"/>
    <Point X="359" Y="231"/>
    <Point X="360" Y="233"/>
    <Point X="362" Y="236"/>
    <Point X="363" Y="238"/>
    <Point X="365" Y="240"/>
    <Point X="365" Y="241"/>
    <Point X="366" Y="241"/>
    <Point X="367" Y="242"/>
    <Point X="368" Y="243"/>
    <Point X="369" Y="244"/>
    <Point X="371" Y="242"/>
    <Point X="372" Y="240"/>
    <Point X="374" Y="237"/>
    <Point X="376" Y="233"/>
    <Point X="379" Y="228"/>
    <Point X="383" Y="223"/>
    <Point X="386" Y="216"/>
    <Point X="390" Y="210"/>
    <Point X="394" Y="204"/>
    <Point X="397" Y="197"/>
    <Point X="400" Y="192"/>
    <Point X="403" Y="186"/>
    <Point X="405" Y="181"/>
    <Point X="407" Y="176"/>
    <Point X="409" Y="172"/>
    <Point X="410" Y="168"/>
    <Point X="411" Y="165"/>
    <Point X="412" Y="163"/>
    <Point X="413" Y="161"/>
    <Point X="414" Y="158"/>
    <Point X="415" Y="156"/>
    <Point X="416" Y="154"/>
    <Point X="417" Y="153"/>
    <Point X="417" Y="152"/>
    <Point X="418" Y="151"/>
    <Point X="418" Y="150"/>
    <Point X="418" Y="149"/>
    <Point X="418" Y="148"/>
    <Point X="419" Y="148"/>
    <Point X="420" Y="146"/>
    <Point X="420" Y="144"/>
    <Point X="421" Y="143"/>
    <Point X="422" Y="142"/>
    <Point X="422" Y="141"/>
    <Point X="422" Y="140"/>
    <Point X="423" Y="140"/>
    <Point X="423" Y="139"/>
    <Point X="424" Y="140"/>
    <Point X="425" Y="141"/>
    <Point X="428" Y="143"/>
    <Point X="429" Y="144"/>
    <Point X="431" Y="146"/>
    <Point X="433" Y="150"/>
    <Point X="435" Y="154"/>
    <Point X="437" Y="158"/>
    <Point X="440" Y="162"/>
    <Point X="443" Y="166"/>
    <Point X="446" Y="171"/>
    <Point X="449" Y="177"/>
    <Point X="451" Y="183"/>
    <Point X="454" Y="188"/>
    <Point X="456" Y="194"/>
    <Point X="458" Y="199"/>
    <Point X="460" Y="205"/>
    <Point X="461" Y="209"/>
    <Point X="462" Y="213"/>
    <Point X="463" Y="217"/>
    <Point X="464" Y="221"/>
    <Point X="464" Y="224"/>
    <Point X="465" Y="227"/>
    <Point X="465" Y="230"/>
    <Point X="466" Y="232"/>
    <Point X="466" Y="234"/>
    <Point X="467" Y="236"/>
    <Point X="468" Y="238"/>
    <Point X="468" Y="239"/>
    <Point X="469" Y="240"/>
    <Point X="469" Y="241"/>
    <Point X="470" Y="241"/>
    <Point X="473" Y="238"/>
    <Point X="474" Y="237"/>
    <Point X="477" Y="233"/>
    <Point X="482" Y="229"/>
    <Point X="487" Y="224"/>
    <Point X="493" Y="219"/>
    <Point X="500" Y="213"/>
    <Point X="506" Y="206"/>
    <Point X="512" Y="200"/>
    <Point X="518" Y="193"/>
    <Point X="524" Y="185"/>
    <Point X="530" Y="180"/>
    <Point X="535" Y="174"/>
    <Point X="539" Y="168"/>
    <Point X="540" Y="165"/>
    <Point X="542" Y="163"/>
    <Point X="542" Y="160"/>
    <Point X="543" Y="158"/>
    <Point X="543" Y="156"/>
    <Point X="544" Y="152"/>
    <Point X="544" Y="149"/>
    <Point X="545" Y="146"/>
    <Point X="545" Y="144"/>
    <Point X="545" Y="141"/>
    <Point X="545" Y="138"/>
    <Point X="546" Y="136"/>
    <Point X="546" Y="133"/>
    <Point X="546" Y="130"/>
    <Point X="546" Y="128"/>
    <Point X="546" Y="126"/>
</Gesture>
