<?xml version="1.0" ?>
<Gesture Name="08" Subject="6" Number="8" NumPts="140">
    <Point X="189" Y="241"/>
    <Point X="189" Y="240"/>
    <Point X="189" Y="238"/>
    <Point X="189" Y="236"/>
    <Point X="189" Y="234"/>
    <Point X="190" Y="232"/>
    <Point X="192" Y="228"/>
    <Point X="194" Y="223"/>
    <Point X="196" Y="217"/>
    <Point X="199" Y="212"/>
    <Point X="201" Y="206"/>
    <Point X="204" Y="199"/>
    <Point X="209" Y="192"/>
    <Point X="213" Y="184"/>
    <Point X="219" Y="176"/>
    <Point X="225" Y="167"/>
    <Point X="231" Y="159"/>
    <Point X="237" Y="151"/>
    <Point X="242" Y="143"/>
    <Point X="246" Y="137"/>
    <Point X="250" Y="130"/>
    <Point X="252" Y="125"/>
    <Point X="254" Y="121"/>
    <Point X="256" Y="118"/>
    <Point X="257" Y="115"/>
    <Point X="258" Y="112"/>
    <Point X="259" Y="111"/>
    <Point X="259" Y="109"/>
    <Point X="260" Y="108"/>
    <Point X="260" Y="107"/>
    <Point X="260" Y="106"/>
    <Point X="260" Y="105"/>
    <Point X="261" Y="105"/>
    <Point X="261" Y="106"/>
    <Point X="261" Y="108"/>
    <Point X="261" Y="111"/>
    <Point X="261" Y="112"/>
    <Point X="261" Y="115"/>
    <Point X="261" Y="119"/>
    <Point X="261" Y="125"/>
    <Point X="261" Y="133"/>
    <Point X="261" Y="142"/>
    <Point X="261" Y="151"/>
    <Point X="261" Y="161"/>
    <Point X="261" Y="170"/>
    <Point X="261" Y="177"/>
    <Point X="261" Y="184"/>
    <Point X="261" Y="189"/>
    <Point X="261" Y="194"/>
    <Point X="261" Y="197"/>
    <Point X="261" Y="201"/>
    <Point X="261" Y="204"/>
    <Point X="261" Y="206"/>
    <Point X="261" Y="208"/>
    <Point X="261" Y="209"/>
    <Point X="261" Y="211"/>
    <Point X="261" Y="213"/>
    <Point X="261" Y="214"/>
    <Point X="261" Y="215"/>
    <Point X="261" Y="216"/>
    <Point X="262" Y="217"/>
    <Point X="262" Y="218"/>
    <Point X="262" Y="219"/>
    <Point X="263" Y="220"/>
    <Point X="263" Y="223"/>
    <Point X="264" Y="223"/>
    <Point X="264" Y="224"/>
    <Point X="264" Y="225"/>
    <Point X="264" Y="224"/>
    <Point X="264" Y="223"/>
    <Point X="264" Y="222"/>
    <Point X="265" Y="220"/>
    <Point X="266" Y="216"/>
    <Point X="268" Y="212"/>
    <Point X="271" Y="207"/>
    <Point X="275" Y="201"/>
    <Point X="278" Y="194"/>
    <Point X="283" Y="186"/>
    <Point X="288" Y="178"/>
    <Point X="294" Y="170"/>
    <Point X="299" Y="162"/>
    <Point X="304" Y="154"/>
    <Point X="309" Y="147"/>
    <Point X="315" Y="140"/>
    <Point X="320" Y="133"/>
    <Point X="325" Y="126"/>
    <Point X="331" Y="119"/>
    <Point X="337" Y="113"/>
    <Point X="341" Y="109"/>
    <Point X="344" Y="105"/>
    <Point X="345" Y="104"/>
    <Point X="345" Y="105"/>
    <Point X="346" Y="107"/>
    <Point X="346" Y="108"/>
    <Point X="347" Y="110"/>
    <Point X="348" Y="114"/>
    <Point X="350" Y="120"/>
    <Point X="351" Y="126"/>
    <Point X="353" Y="133"/>
    <Point X="355" Y="140"/>
    <Point X="357" Y="149"/>
    <Point X="359" Y="157"/>
    <Point X="360" Y="166"/>
    <Point X="361" Y="174"/>
    <Point X="363" Y="183"/>
    <Point X="364" Y="190"/>
    <Point X="366" Y="198"/>
    <Point X="366" Y="204"/>
    <Point X="368" Y="211"/>
    <Point X="368" Y="216"/>
    <Point X="369" Y="221"/>
    <Point X="369" Y="223"/>
    <Point X="370" Y="224"/>
    <Point X="369" Y="224"/>
    <Point X="369" Y="223"/>
    <Point X="368" Y="222"/>
    <Point X="368" Y="221"/>
    <Point X="369" Y="219"/>
    <Point X="371" Y="215"/>
    <Point X="373" Y="210"/>
    <Point X="375" Y="203"/>
    <Point X="379" Y="194"/>
    <Point X="383" Y="184"/>
    <Point X="387" Y="175"/>
    <Point X="392" Y="165"/>
    <Point X="397" Y="156"/>
    <Point X="401" Y="148"/>
    <Point X="405" Y="139"/>
    <Point X="409" Y="131"/>
    <Point X="411" Y="125"/>
    <Point X="414" Y="119"/>
    <Point X="415" Y="113"/>
    <Point X="417" Y="107"/>
    <Point X="418" Y="102"/>
    <Point X="419" Y="99"/>
    <Point X="420" Y="96"/>
    <Point X="422" Y="94"/>
    <Point X="422" Y="93"/>
    <Point X="423" Y="92"/>
    <Point X="423" Y="91"/>
</Gesture>
