<?xml version="1.0" ?>
<Gesture Name="01" Subject="6" Number="1" NumPts="172">
    <Point X="115" Y="274"/>
    <Point X="115" Y="273"/>
    <Point X="116" Y="272"/>
    <Point X="119" Y="269"/>
    <Point X="121" Y="266"/>
    <Point X="123" Y="265"/>
    <Point X="125" Y="262"/>
    <Point X="128" Y="260"/>
    <Point X="132" Y="256"/>
    <Point X="135" Y="253"/>
    <Point X="139" Y="249"/>
    <Point X="144" Y="244"/>
    <Point X="148" Y="239"/>
    <Point X="152" Y="233"/>
    <Point X="156" Y="228"/>
    <Point X="161" Y="221"/>
    <Point X="166" Y="215"/>
    <Point X="170" Y="208"/>
    <Point X="175" Y="203"/>
    <Point X="180" Y="196"/>
    <Point X="185" Y="190"/>
    <Point X="190" Y="183"/>
    <Point X="195" Y="178"/>
    <Point X="199" Y="173"/>
    <Point X="202" Y="169"/>
    <Point X="205" Y="165"/>
    <Point X="207" Y="161"/>
    <Point X="209" Y="157"/>
    <Point X="212" Y="153"/>
    <Point X="213" Y="149"/>
    <Point X="215" Y="146"/>
    <Point X="216" Y="143"/>
    <Point X="217" Y="141"/>
    <Point X="217" Y="139"/>
    <Point X="217" Y="138"/>
    <Point X="218" Y="137"/>
    <Point X="218" Y="136"/>
    <Point X="219" Y="135"/>
    <Point X="219" Y="134"/>
    <Point X="220" Y="134"/>
    <Point X="220" Y="135"/>
    <Point X="222" Y="137"/>
    <Point X="223" Y="139"/>
    <Point X="224" Y="141"/>
    <Point X="224" Y="142"/>
    <Point X="226" Y="146"/>
    <Point X="228" Y="150"/>
    <Point X="231" Y="155"/>
    <Point X="234" Y="161"/>
    <Point X="238" Y="168"/>
    <Point X="241" Y="175"/>
    <Point X="245" Y="182"/>
    <Point X="249" Y="190"/>
    <Point X="252" Y="197"/>
    <Point X="255" Y="204"/>
    <Point X="257" Y="208"/>
    <Point X="258" Y="213"/>
    <Point X="261" Y="218"/>
    <Point X="262" Y="222"/>
    <Point X="264" Y="225"/>
    <Point X="265" Y="229"/>
    <Point X="266" Y="231"/>
    <Point X="268" Y="234"/>
    <Point X="269" Y="236"/>
    <Point X="270" Y="238"/>
    <Point X="271" Y="240"/>
    <Point X="272" Y="242"/>
    <Point X="273" Y="243"/>
    <Point X="273" Y="244"/>
    <Point X="275" Y="246"/>
    <Point X="275" Y="247"/>
    <Point X="277" Y="248"/>
    <Point X="279" Y="250"/>
    <Point X="280" Y="252"/>
    <Point X="282" Y="253"/>
    <Point X="283" Y="255"/>
    <Point X="283" Y="256"/>
    <Point X="284" Y="256"/>
    <Point X="285" Y="257"/>
    <Point X="285" Y="258"/>
    <Point X="286" Y="259"/>
    <Point X="286" Y="260"/>
    <Point X="287" Y="260"/>
    <Point X="288" Y="262"/>
    <Point X="288" Y="263"/>
    <Point X="289" Y="264"/>
    <Point X="289" Y="265"/>
    <Point X="290" Y="264"/>
    <Point X="290" Y="263"/>
    <Point X="291" Y="261"/>
    <Point X="292" Y="258"/>
    <Point X="293" Y="252"/>
    <Point X="295" Y="246"/>
    <Point X="296" Y="239"/>
    <Point X="298" Y="231"/>
    <Point X="300" Y="225"/>
    <Point X="302" Y="217"/>
    <Point X="303" Y="208"/>
    <Point X="304" Y="200"/>
    <Point X="305" Y="191"/>
    <Point X="307" Y="184"/>
    <Point X="308" Y="177"/>
    <Point X="309" Y="171"/>
    <Point X="309" Y="165"/>
    <Point X="310" Y="159"/>
    <Point X="312" Y="153"/>
    <Point X="312" Y="147"/>
    <Point X="314" Y="140"/>
    <Point X="315" Y="134"/>
    <Point X="316" Y="129"/>
    <Point X="317" Y="123"/>
    <Point X="319" Y="119"/>
    <Point X="320" Y="115"/>
    <Point X="320" Y="114"/>
    <Point X="320" Y="113"/>
    <Point X="321" Y="112"/>
    <Point X="321" Y="111"/>
    <Point X="322" Y="111"/>
    <Point X="322" Y="112"/>
    <Point X="323" Y="112"/>
    <Point X="324" Y="114"/>
    <Point X="326" Y="116"/>
    <Point X="328" Y="117"/>
    <Point X="329" Y="119"/>
    <Point X="332" Y="122"/>
    <Point X="337" Y="128"/>
    <Point X="341" Y="132"/>
    <Point X="345" Y="136"/>
    <Point X="348" Y="141"/>
    <Point X="353" Y="146"/>
    <Point X="357" Y="152"/>
    <Point X="362" Y="159"/>
    <Point X="368" Y="168"/>
    <Point X="373" Y="176"/>
    <Point X="379" Y="186"/>
    <Point X="385" Y="197"/>
    <Point X="391" Y="205"/>
    <Point X="396" Y="212"/>
    <Point X="401" Y="219"/>
    <Point X="405" Y="224"/>
    <Point X="407" Y="228"/>
    <Point X="408" Y="231"/>
    <Point X="410" Y="234"/>
    <Point X="411" Y="237"/>
    <Point X="412" Y="238"/>
    <Point X="413" Y="240"/>
    <Point X="414" Y="241"/>
    <Point X="414" Y="242"/>
    <Point X="415" Y="243"/>
    <Point X="415" Y="244"/>
    <Point X="416" Y="244"/>
    <Point X="416" Y="245"/>
    <Point X="417" Y="246"/>
    <Point X="417" Y="245"/>
    <Point X="417" Y="243"/>
    <Point X="417" Y="240"/>
    <Point X="419" Y="233"/>
    <Point X="422" Y="226"/>
    <Point X="427" Y="217"/>
    <Point X="432" Y="207"/>
    <Point X="437" Y="197"/>
    <Point X="445" Y="185"/>
    <Point X="453" Y="172"/>
    <Point X="460" Y="161"/>
    <Point X="467" Y="149"/>
    <Point X="473" Y="140"/>
    <Point X="476" Y="135"/>
    <Point X="476" Y="134"/>
    <Point X="476" Y="133"/>
    <Point X="477" Y="133"/>
    <Point X="477" Y="134"/>
    <Point X="478" Y="134"/>
</Gesture>
