<?xml version="1.0" ?>
<Gesture Name="07" Subject="6" Number="7" NumPts="124">
    <Point X="205" Y="205"/>
    <Point X="205" Y="204"/>
    <Point X="205" Y="203"/>
    <Point X="205" Y="202"/>
    <Point X="205" Y="200"/>
    <Point X="205" Y="197"/>
    <Point X="205" Y="193"/>
    <Point X="206" Y="189"/>
    <Point X="207" Y="184"/>
    <Point X="209" Y="180"/>
    <Point X="211" Y="174"/>
    <Point X="213" Y="169"/>
    <Point X="216" Y="163"/>
    <Point X="219" Y="156"/>
    <Point X="222" Y="149"/>
    <Point X="225" Y="141"/>
    <Point X="230" Y="131"/>
    <Point X="236" Y="121"/>
    <Point X="241" Y="110"/>
    <Point X="247" Y="100"/>
    <Point X="254" Y="90"/>
    <Point X="260" Y="82"/>
    <Point X="265" Y="76"/>
    <Point X="269" Y="70"/>
    <Point X="271" Y="66"/>
    <Point X="273" Y="63"/>
    <Point X="273" Y="62"/>
    <Point X="274" Y="59"/>
    <Point X="275" Y="59"/>
    <Point X="275" Y="58"/>
    <Point X="275" Y="57"/>
    <Point X="276" Y="58"/>
    <Point X="277" Y="60"/>
    <Point X="278" Y="61"/>
    <Point X="279" Y="64"/>
    <Point X="281" Y="68"/>
    <Point X="283" Y="73"/>
    <Point X="286" Y="80"/>
    <Point X="288" Y="87"/>
    <Point X="291" Y="95"/>
    <Point X="295" Y="103"/>
    <Point X="298" Y="112"/>
    <Point X="300" Y="120"/>
    <Point X="303" Y="128"/>
    <Point X="306" Y="136"/>
    <Point X="309" Y="144"/>
    <Point X="311" Y="151"/>
    <Point X="313" Y="158"/>
    <Point X="315" Y="164"/>
    <Point X="317" Y="171"/>
    <Point X="319" Y="177"/>
    <Point X="321" Y="182"/>
    <Point X="322" Y="186"/>
    <Point X="323" Y="189"/>
    <Point X="323" Y="190"/>
    <Point X="323" Y="191"/>
    <Point X="324" Y="191"/>
    <Point X="324" Y="192"/>
    <Point X="325" Y="191"/>
    <Point X="326" Y="189"/>
    <Point X="327" Y="187"/>
    <Point X="327" Y="185"/>
    <Point X="329" Y="182"/>
    <Point X="330" Y="177"/>
    <Point X="333" Y="169"/>
    <Point X="336" Y="159"/>
    <Point X="339" Y="149"/>
    <Point X="342" Y="139"/>
    <Point X="346" Y="127"/>
    <Point X="349" Y="117"/>
    <Point X="352" Y="109"/>
    <Point X="355" Y="102"/>
    <Point X="357" Y="96"/>
    <Point X="358" Y="92"/>
    <Point X="358" Y="88"/>
    <Point X="359" Y="85"/>
    <Point X="359" Y="81"/>
    <Point X="359" Y="77"/>
    <Point X="360" Y="73"/>
    <Point X="360" Y="69"/>
    <Point X="361" Y="65"/>
    <Point X="361" Y="62"/>
    <Point X="362" Y="61"/>
    <Point X="363" Y="60"/>
    <Point X="363" Y="59"/>
    <Point X="363" Y="58"/>
    <Point X="364" Y="59"/>
    <Point X="365" Y="61"/>
    <Point X="365" Y="62"/>
    <Point X="367" Y="65"/>
    <Point X="370" Y="70"/>
    <Point X="373" Y="75"/>
    <Point X="376" Y="81"/>
    <Point X="380" Y="88"/>
    <Point X="385" Y="95"/>
    <Point X="389" Y="104"/>
    <Point X="393" Y="113"/>
    <Point X="399" Y="122"/>
    <Point X="404" Y="132"/>
    <Point X="410" Y="141"/>
    <Point X="415" Y="149"/>
    <Point X="419" Y="156"/>
    <Point X="421" Y="161"/>
    <Point X="423" Y="165"/>
    <Point X="425" Y="167"/>
    <Point X="425" Y="166"/>
    <Point X="427" Y="163"/>
    <Point X="429" Y="157"/>
    <Point X="433" Y="149"/>
    <Point X="436" Y="139"/>
    <Point X="440" Y="128"/>
    <Point X="444" Y="116"/>
    <Point X="449" Y="104"/>
    <Point X="453" Y="92"/>
    <Point X="457" Y="80"/>
    <Point X="461" Y="68"/>
    <Point X="463" Y="59"/>
    <Point X="465" Y="51"/>
    <Point X="466" Y="46"/>
    <Point X="467" Y="43"/>
    <Point X="467" Y="42"/>
    <Point X="468" Y="43"/>
    <Point X="469" Y="43"/>
    <Point X="469" Y="44"/>
</Gesture>
