<?xml version="1.0" ?>
<Gesture Name="09" Subject="6" Number="9" NumPts="195">
    <Point X="178" Y="253"/>
    <Point X="178" Y="252"/>
    <Point X="178" Y="250"/>
    <Point X="178" Y="249"/>
    <Point X="178" Y="248"/>
    <Point X="178" Y="246"/>
    <Point X="179" Y="243"/>
    <Point X="181" Y="240"/>
    <Point X="182" Y="236"/>
    <Point X="185" Y="231"/>
    <Point X="188" Y="225"/>
    <Point X="191" Y="217"/>
    <Point X="195" Y="210"/>
    <Point X="199" Y="201"/>
    <Point X="203" Y="193"/>
    <Point X="207" Y="185"/>
    <Point X="211" Y="178"/>
    <Point X="214" Y="170"/>
    <Point X="218" Y="163"/>
    <Point X="222" Y="156"/>
    <Point X="224" Y="151"/>
    <Point X="226" Y="146"/>
    <Point X="229" Y="142"/>
    <Point X="230" Y="138"/>
    <Point X="233" Y="134"/>
    <Point X="234" Y="131"/>
    <Point X="235" Y="128"/>
    <Point X="237" Y="125"/>
    <Point X="238" Y="122"/>
    <Point X="238" Y="121"/>
    <Point X="239" Y="119"/>
    <Point X="240" Y="118"/>
    <Point X="241" Y="116"/>
    <Point X="241" Y="115"/>
    <Point X="242" Y="113"/>
    <Point X="242" Y="112"/>
    <Point X="243" Y="111"/>
    <Point X="243" Y="110"/>
    <Point X="244" Y="108"/>
    <Point X="244" Y="107"/>
    <Point X="245" Y="107"/>
    <Point X="246" Y="108"/>
    <Point X="246" Y="109"/>
    <Point X="249" Y="113"/>
    <Point X="251" Y="116"/>
    <Point X="253" Y="120"/>
    <Point X="256" Y="125"/>
    <Point X="258" Y="130"/>
    <Point X="260" Y="135"/>
    <Point X="264" Y="142"/>
    <Point X="267" Y="150"/>
    <Point X="269" Y="156"/>
    <Point X="272" Y="162"/>
    <Point X="275" Y="168"/>
    <Point X="279" Y="173"/>
    <Point X="282" Y="179"/>
    <Point X="284" Y="184"/>
    <Point X="286" Y="189"/>
    <Point X="288" Y="193"/>
    <Point X="290" Y="198"/>
    <Point X="292" Y="202"/>
    <Point X="293" Y="205"/>
    <Point X="294" Y="208"/>
    <Point X="294" Y="211"/>
    <Point X="295" Y="212"/>
    <Point X="296" Y="214"/>
    <Point X="297" Y="216"/>
    <Point X="297" Y="217"/>
    <Point X="298" Y="218"/>
    <Point X="299" Y="220"/>
    <Point X="300" Y="221"/>
    <Point X="300" Y="223"/>
    <Point X="301" Y="225"/>
    <Point X="301" Y="226"/>
    <Point X="302" Y="228"/>
    <Point X="302" Y="230"/>
    <Point X="303" Y="232"/>
    <Point X="304" Y="233"/>
    <Point X="304" Y="235"/>
    <Point X="305" Y="237"/>
    <Point X="305" Y="240"/>
    <Point X="306" Y="243"/>
    <Point X="306" Y="246"/>
    <Point X="307" Y="249"/>
    <Point X="307" Y="252"/>
    <Point X="307" Y="255"/>
    <Point X="307" Y="257"/>
    <Point X="307" Y="258"/>
    <Point X="307" Y="257"/>
    <Point X="307" Y="256"/>
    <Point X="308" Y="253"/>
    <Point X="309" Y="247"/>
    <Point X="310" Y="241"/>
    <Point X="311" Y="233"/>
    <Point X="314" Y="225"/>
    <Point X="316" Y="217"/>
    <Point X="318" Y="209"/>
    <Point X="320" Y="201"/>
    <Point X="322" Y="192"/>
    <Point X="325" Y="185"/>
    <Point X="327" Y="177"/>
    <Point X="329" Y="170"/>
    <Point X="331" Y="164"/>
    <Point X="333" Y="158"/>
    <Point X="335" Y="151"/>
    <Point X="336" Y="146"/>
    <Point X="337" Y="141"/>
    <Point X="339" Y="136"/>
    <Point X="340" Y="132"/>
    <Point X="341" Y="128"/>
    <Point X="341" Y="124"/>
    <Point X="342" Y="121"/>
    <Point X="343" Y="117"/>
    <Point X="343" Y="114"/>
    <Point X="344" Y="112"/>
    <Point X="345" Y="110"/>
    <Point X="345" Y="108"/>
    <Point X="346" Y="107"/>
    <Point X="347" Y="107"/>
    <Point X="348" Y="108"/>
    <Point X="350" Y="110"/>
    <Point X="351" Y="112"/>
    <Point X="354" Y="114"/>
    <Point X="357" Y="117"/>
    <Point X="359" Y="121"/>
    <Point X="362" Y="126"/>
    <Point X="366" Y="130"/>
    <Point X="369" Y="136"/>
    <Point X="373" Y="142"/>
    <Point X="378" Y="149"/>
    <Point X="381" Y="157"/>
    <Point X="385" Y="162"/>
    <Point X="388" Y="168"/>
    <Point X="391" Y="173"/>
    <Point X="393" Y="179"/>
    <Point X="396" Y="184"/>
    <Point X="398" Y="189"/>
    <Point X="400" Y="193"/>
    <Point X="402" Y="198"/>
    <Point X="404" Y="203"/>
    <Point X="407" Y="207"/>
    <Point X="409" Y="211"/>
    <Point X="411" Y="216"/>
    <Point X="413" Y="221"/>
    <Point X="415" Y="225"/>
    <Point X="417" Y="231"/>
    <Point X="419" Y="237"/>
    <Point X="422" Y="243"/>
    <Point X="423" Y="249"/>
    <Point X="425" Y="255"/>
    <Point X="427" Y="259"/>
    <Point X="428" Y="263"/>
    <Point X="429" Y="267"/>
    <Point X="430" Y="270"/>
    <Point X="431" Y="274"/>
    <Point X="432" Y="277"/>
    <Point X="433" Y="279"/>
    <Point X="433" Y="280"/>
    <Point X="433" Y="279"/>
    <Point X="433" Y="276"/>
    <Point X="433" Y="272"/>
    <Point X="434" Y="268"/>
    <Point X="436" Y="261"/>
    <Point X="438" Y="254"/>
    <Point X="440" Y="245"/>
    <Point X="442" Y="238"/>
    <Point X="444" Y="229"/>
    <Point X="446" Y="219"/>
    <Point X="448" Y="211"/>
    <Point X="450" Y="201"/>
    <Point X="452" Y="191"/>
    <Point X="454" Y="182"/>
    <Point X="456" Y="174"/>
    <Point X="458" Y="165"/>
    <Point X="460" Y="157"/>
    <Point X="462" Y="150"/>
    <Point X="464" Y="142"/>
    <Point X="464" Y="135"/>
    <Point X="466" Y="128"/>
    <Point X="467" Y="121"/>
    <Point X="469" Y="114"/>
    <Point X="471" Y="107"/>
    <Point X="472" Y="101"/>
    <Point X="473" Y="96"/>
    <Point X="474" Y="93"/>
    <Point X="475" Y="91"/>
    <Point X="475" Y="89"/>
    <Point X="475" Y="88"/>
    <Point X="476" Y="86"/>
    <Point X="476" Y="85"/>
    <Point X="476" Y="84"/>
    <Point X="476" Y="83"/>
    <Point X="476" Y="82"/>
    <Point X="477" Y="82"/>
    <Point X="478" Y="82"/>
</Gesture>
