<?xml version="1.0" ?>
<Gesture Name="02" Subject="6" Number="2" NumPts="191">
    <Point X="144" Y="266"/>
    <Point X="145" Y="265"/>
    <Point X="146" Y="264"/>
    <Point X="146" Y="263"/>
    <Point X="146" Y="260"/>
    <Point X="147" Y="256"/>
    <Point X="149" Y="252"/>
    <Point X="151" Y="245"/>
    <Point X="154" Y="238"/>
    <Point X="156" Y="233"/>
    <Point X="158" Y="228"/>
    <Point X="161" Y="222"/>
    <Point X="163" Y="217"/>
    <Point X="165" Y="212"/>
    <Point X="167" Y="208"/>
    <Point X="168" Y="205"/>
    <Point X="169" Y="202"/>
    <Point X="170" Y="198"/>
    <Point X="172" Y="193"/>
    <Point X="174" Y="188"/>
    <Point X="176" Y="182"/>
    <Point X="177" Y="177"/>
    <Point X="179" Y="172"/>
    <Point X="180" Y="168"/>
    <Point X="181" Y="165"/>
    <Point X="181" Y="164"/>
    <Point X="182" Y="162"/>
    <Point X="182" Y="161"/>
    <Point X="182" Y="160"/>
    <Point X="183" Y="159"/>
    <Point X="183" Y="158"/>
    <Point X="184" Y="155"/>
    <Point X="185" Y="153"/>
    <Point X="186" Y="151"/>
    <Point X="187" Y="150"/>
    <Point X="187" Y="149"/>
    <Point X="188" Y="149"/>
    <Point X="189" Y="151"/>
    <Point X="190" Y="151"/>
    <Point X="190" Y="152"/>
    <Point X="191" Y="154"/>
    <Point X="192" Y="154"/>
    <Point X="193" Y="156"/>
    <Point X="194" Y="158"/>
    <Point X="196" Y="161"/>
    <Point X="198" Y="165"/>
    <Point X="200" Y="170"/>
    <Point X="203" Y="174"/>
    <Point X="206" Y="180"/>
    <Point X="208" Y="185"/>
    <Point X="210" Y="191"/>
    <Point X="213" Y="196"/>
    <Point X="215" Y="200"/>
    <Point X="216" Y="205"/>
    <Point X="219" Y="209"/>
    <Point X="221" Y="213"/>
    <Point X="223" Y="217"/>
    <Point X="226" Y="221"/>
    <Point X="228" Y="225"/>
    <Point X="230" Y="228"/>
    <Point X="232" Y="231"/>
    <Point X="233" Y="234"/>
    <Point X="235" Y="238"/>
    <Point X="236" Y="240"/>
    <Point X="238" Y="242"/>
    <Point X="238" Y="244"/>
    <Point X="239" Y="246"/>
    <Point X="240" Y="247"/>
    <Point X="241" Y="249"/>
    <Point X="242" Y="250"/>
    <Point X="242" Y="252"/>
    <Point X="243" Y="254"/>
    <Point X="244" Y="256"/>
    <Point X="245" Y="258"/>
    <Point X="246" Y="260"/>
    <Point X="247" Y="262"/>
    <Point X="247" Y="263"/>
    <Point X="247" Y="264"/>
    <Point X="248" Y="264"/>
    <Point X="249" Y="263"/>
    <Point X="249" Y="262"/>
    <Point X="250" Y="259"/>
    <Point X="252" Y="256"/>
    <Point X="255" Y="251"/>
    <Point X="259" Y="247"/>
    <Point X="264" Y="241"/>
    <Point X="268" Y="236"/>
    <Point X="273" Y="231"/>
    <Point X="277" Y="226"/>
    <Point X="281" Y="223"/>
    <Point X="284" Y="219"/>
    <Point X="287" Y="216"/>
    <Point X="290" Y="213"/>
    <Point X="293" Y="209"/>
    <Point X="296" Y="205"/>
    <Point X="298" Y="199"/>
    <Point X="301" Y="193"/>
    <Point X="305" Y="187"/>
    <Point X="308" Y="180"/>
    <Point X="311" Y="174"/>
    <Point X="314" Y="169"/>
    <Point X="315" Y="164"/>
    <Point X="317" Y="160"/>
    <Point X="318" Y="157"/>
    <Point X="318" Y="154"/>
    <Point X="319" Y="151"/>
    <Point X="319" Y="150"/>
    <Point X="319" Y="148"/>
    <Point X="320" Y="147"/>
    <Point X="320" Y="146"/>
    <Point X="320" Y="145"/>
    <Point X="321" Y="145"/>
    <Point X="322" Y="147"/>
    <Point X="324" Y="149"/>
    <Point X="325" Y="151"/>
    <Point X="326" Y="152"/>
    <Point X="327" Y="154"/>
    <Point X="328" Y="158"/>
    <Point X="330" Y="161"/>
    <Point X="332" Y="165"/>
    <Point X="335" Y="169"/>
    <Point X="337" Y="173"/>
    <Point X="340" Y="178"/>
    <Point X="342" Y="182"/>
    <Point X="345" Y="187"/>
    <Point X="347" Y="192"/>
    <Point X="350" Y="199"/>
    <Point X="353" Y="204"/>
    <Point X="355" Y="210"/>
    <Point X="358" Y="215"/>
    <Point X="360" Y="220"/>
    <Point X="362" Y="224"/>
    <Point X="364" Y="228"/>
    <Point X="366" Y="232"/>
    <Point X="367" Y="237"/>
    <Point X="369" Y="242"/>
    <Point X="371" Y="246"/>
    <Point X="372" Y="249"/>
    <Point X="373" Y="250"/>
    <Point X="373" Y="251"/>
    <Point X="373" Y="252"/>
    <Point X="374" Y="252"/>
    <Point X="374" Y="253"/>
    <Point X="374" Y="252"/>
    <Point X="373" Y="250"/>
    <Point X="373" Y="249"/>
    <Point X="373" Y="246"/>
    <Point X="373" Y="241"/>
    <Point X="374" Y="235"/>
    <Point X="375" Y="229"/>
    <Point X="377" Y="222"/>
    <Point X="379" Y="215"/>
    <Point X="381" Y="209"/>
    <Point X="383" Y="202"/>
    <Point X="384" Y="197"/>
    <Point X="384" Y="193"/>
    <Point X="385" Y="190"/>
    <Point X="386" Y="188"/>
    <Point X="387" Y="185"/>
    <Point X="387" Y="184"/>
    <Point X="388" Y="182"/>
    <Point X="388" Y="180"/>
    <Point X="389" Y="179"/>
    <Point X="390" Y="177"/>
    <Point X="391" Y="175"/>
    <Point X="392" Y="173"/>
    <Point X="393" Y="171"/>
    <Point X="394" Y="169"/>
    <Point X="394" Y="167"/>
    <Point X="395" Y="165"/>
    <Point X="396" Y="163"/>
    <Point X="396" Y="162"/>
    <Point X="396" Y="161"/>
    <Point X="397" Y="161"/>
    <Point X="397" Y="160"/>
    <Point X="397" Y="159"/>
    <Point X="399" Y="157"/>
    <Point X="400" Y="156"/>
    <Point X="400" Y="155"/>
    <Point X="401" Y="154"/>
    <Point X="401" Y="153"/>
    <Point X="402" Y="153"/>
    <Point X="402" Y="152"/>
    <Point X="403" Y="151"/>
    <Point X="403" Y="150"/>
    <Point X="404" Y="149"/>
    <Point X="405" Y="148"/>
    <Point X="405" Y="147"/>
    <Point X="406" Y="147"/>
    <Point X="406" Y="146"/>
    <Point X="406" Y="145"/>
</Gesture>
