<?xml version="1.0" ?>
<Gesture Name="10" Subject="6" Number="10" NumPts="147">
    <Point X="188" Y="290"/>
    <Point X="188" Y="288"/>
    <Point X="188" Y="287"/>
    <Point X="188" Y="284"/>
    <Point X="190" Y="279"/>
    <Point X="192" Y="274"/>
    <Point X="195" Y="269"/>
    <Point X="198" Y="265"/>
    <Point X="201" Y="260"/>
    <Point X="204" Y="256"/>
    <Point X="207" Y="252"/>
    <Point X="210" Y="248"/>
    <Point X="211" Y="246"/>
    <Point X="212" Y="245"/>
    <Point X="213" Y="243"/>
    <Point X="213" Y="241"/>
    <Point X="214" Y="238"/>
    <Point X="214" Y="233"/>
    <Point X="215" Y="228"/>
    <Point X="215" Y="222"/>
    <Point X="216" Y="214"/>
    <Point X="217" Y="207"/>
    <Point X="218" Y="200"/>
    <Point X="219" Y="193"/>
    <Point X="220" Y="187"/>
    <Point X="221" Y="182"/>
    <Point X="221" Y="178"/>
    <Point X="222" Y="175"/>
    <Point X="222" Y="173"/>
    <Point X="222" Y="170"/>
    <Point X="223" Y="168"/>
    <Point X="223" Y="165"/>
    <Point X="223" Y="164"/>
    <Point X="224" Y="162"/>
    <Point X="224" Y="161"/>
    <Point X="225" Y="161"/>
    <Point X="225" Y="162"/>
    <Point X="226" Y="162"/>
    <Point X="226" Y="163"/>
    <Point X="227" Y="163"/>
    <Point X="228" Y="165"/>
    <Point X="229" Y="167"/>
    <Point X="230" Y="170"/>
    <Point X="230" Y="171"/>
    <Point X="231" Y="172"/>
    <Point X="233" Y="175"/>
    <Point X="234" Y="178"/>
    <Point X="237" Y="184"/>
    <Point X="239" Y="190"/>
    <Point X="242" Y="197"/>
    <Point X="246" Y="205"/>
    <Point X="250" Y="215"/>
    <Point X="255" Y="224"/>
    <Point X="261" Y="234"/>
    <Point X="266" Y="244"/>
    <Point X="271" Y="253"/>
    <Point X="276" Y="260"/>
    <Point X="279" Y="266"/>
    <Point X="281" Y="271"/>
    <Point X="283" Y="274"/>
    <Point X="284" Y="276"/>
    <Point X="285" Y="278"/>
    <Point X="286" Y="279"/>
    <Point X="287" Y="281"/>
    <Point X="288" Y="283"/>
    <Point X="288" Y="284"/>
    <Point X="289" Y="284"/>
    <Point X="287" Y="282"/>
    <Point X="287" Y="281"/>
    <Point X="287" Y="277"/>
    <Point X="287" Y="273"/>
    <Point X="287" Y="267"/>
    <Point X="289" Y="260"/>
    <Point X="292" Y="254"/>
    <Point X="295" Y="248"/>
    <Point X="298" Y="241"/>
    <Point X="302" Y="236"/>
    <Point X="304" Y="230"/>
    <Point X="306" Y="226"/>
    <Point X="309" Y="222"/>
    <Point X="310" Y="219"/>
    <Point X="312" Y="214"/>
    <Point X="314" Y="210"/>
    <Point X="316" Y="205"/>
    <Point X="318" Y="200"/>
    <Point X="320" Y="196"/>
    <Point X="321" Y="193"/>
    <Point X="323" Y="190"/>
    <Point X="324" Y="186"/>
    <Point X="325" Y="183"/>
    <Point X="326" Y="182"/>
    <Point X="326" Y="179"/>
    <Point X="327" Y="177"/>
    <Point X="327" Y="174"/>
    <Point X="328" Y="171"/>
    <Point X="328" Y="168"/>
    <Point X="329" Y="167"/>
    <Point X="329" Y="166"/>
    <Point X="330" Y="166"/>
    <Point X="330" Y="167"/>
    <Point X="332" Y="169"/>
    <Point X="333" Y="170"/>
    <Point X="334" Y="171"/>
    <Point X="335" Y="174"/>
    <Point X="337" Y="178"/>
    <Point X="339" Y="182"/>
    <Point X="342" Y="187"/>
    <Point X="344" Y="193"/>
    <Point X="347" Y="201"/>
    <Point X="351" Y="209"/>
    <Point X="354" Y="217"/>
    <Point X="358" Y="225"/>
    <Point X="362" Y="234"/>
    <Point X="364" Y="241"/>
    <Point X="367" Y="248"/>
    <Point X="368" Y="253"/>
    <Point X="370" Y="257"/>
    <Point X="371" Y="261"/>
    <Point X="372" Y="263"/>
    <Point X="372" Y="265"/>
    <Point X="373" Y="266"/>
    <Point X="373" Y="267"/>
    <Point X="373" Y="268"/>
    <Point X="374" Y="268"/>
    <Point X="374" Y="269"/>
    <Point X="375" Y="269"/>
    <Point X="376" Y="269"/>
    <Point X="378" Y="267"/>
    <Point X="378" Y="265"/>
    <Point X="379" Y="261"/>
    <Point X="381" Y="256"/>
    <Point X="383" Y="249"/>
    <Point X="386" Y="242"/>
    <Point X="387" Y="233"/>
    <Point X="389" Y="226"/>
    <Point X="391" Y="217"/>
    <Point X="393" Y="209"/>
    <Point X="394" Y="201"/>
    <Point X="395" Y="194"/>
    <Point X="395" Y="188"/>
    <Point X="396" Y="183"/>
    <Point X="396" Y="178"/>
    <Point X="397" Y="175"/>
    <Point X="397" Y="172"/>
    <Point X="397" Y="171"/>
    <Point X="397" Y="170"/>
    <Point X="398" Y="170"/>
</Gesture>
