<?xml version="1.0" ?>
<Gesture Name="06" Subject="6" Number="6" NumPts="192">
    <Point X="156" Y="256"/>
    <Point X="156" Y="254"/>
    <Point X="157" Y="252"/>
    <Point X="158" Y="250"/>
    <Point X="159" Y="248"/>
    <Point X="161" Y="246"/>
    <Point X="163" Y="241"/>
    <Point X="165" Y="237"/>
    <Point X="168" Y="233"/>
    <Point X="171" Y="228"/>
    <Point X="175" Y="222"/>
    <Point X="179" Y="217"/>
    <Point X="184" Y="212"/>
    <Point X="188" Y="205"/>
    <Point X="194" Y="199"/>
    <Point X="199" Y="192"/>
    <Point X="205" Y="186"/>
    <Point X="210" Y="178"/>
    <Point X="215" Y="172"/>
    <Point X="220" Y="165"/>
    <Point X="223" Y="159"/>
    <Point X="227" Y="152"/>
    <Point X="229" Y="145"/>
    <Point X="232" Y="139"/>
    <Point X="235" Y="134"/>
    <Point X="237" Y="128"/>
    <Point X="239" Y="124"/>
    <Point X="241" Y="120"/>
    <Point X="242" Y="117"/>
    <Point X="243" Y="115"/>
    <Point X="243" Y="114"/>
    <Point X="244" Y="115"/>
    <Point X="244" Y="116"/>
    <Point X="245" Y="120"/>
    <Point X="245" Y="124"/>
    <Point X="246" Y="130"/>
    <Point X="247" Y="136"/>
    <Point X="247" Y="142"/>
    <Point X="248" Y="148"/>
    <Point X="248" Y="154"/>
    <Point X="248" Y="161"/>
    <Point X="248" Y="168"/>
    <Point X="248" Y="174"/>
    <Point X="248" Y="181"/>
    <Point X="248" Y="186"/>
    <Point X="248" Y="191"/>
    <Point X="248" Y="196"/>
    <Point X="248" Y="200"/>
    <Point X="248" Y="204"/>
    <Point X="248" Y="207"/>
    <Point X="248" Y="209"/>
    <Point X="248" Y="211"/>
    <Point X="248" Y="213"/>
    <Point X="248" Y="214"/>
    <Point X="248" Y="215"/>
    <Point X="249" Y="216"/>
    <Point X="249" Y="219"/>
    <Point X="249" Y="220"/>
    <Point X="249" Y="221"/>
    <Point X="249" Y="222"/>
    <Point X="250" Y="223"/>
    <Point X="250" Y="224"/>
    <Point X="251" Y="225"/>
    <Point X="251" Y="226"/>
    <Point X="252" Y="227"/>
    <Point X="252" Y="228"/>
    <Point X="252" Y="229"/>
    <Point X="253" Y="231"/>
    <Point X="253" Y="232"/>
    <Point X="253" Y="233"/>
    <Point X="254" Y="234"/>
    <Point X="255" Y="237"/>
    <Point X="255" Y="239"/>
    <Point X="256" Y="240"/>
    <Point X="257" Y="243"/>
    <Point X="258" Y="244"/>
    <Point X="258" Y="245"/>
    <Point X="259" Y="246"/>
    <Point X="259" Y="247"/>
    <Point X="260" Y="247"/>
    <Point X="260" Y="248"/>
    <Point X="261" Y="246"/>
    <Point X="261" Y="245"/>
    <Point X="263" Y="242"/>
    <Point X="266" Y="237"/>
    <Point X="270" Y="231"/>
    <Point X="275" Y="224"/>
    <Point X="281" Y="217"/>
    <Point X="286" Y="210"/>
    <Point X="291" Y="204"/>
    <Point X="296" Y="197"/>
    <Point X="301" Y="191"/>
    <Point X="304" Y="185"/>
    <Point X="307" Y="180"/>
    <Point X="310" Y="173"/>
    <Point X="313" Y="167"/>
    <Point X="316" Y="160"/>
    <Point X="319" Y="153"/>
    <Point X="322" Y="146"/>
    <Point X="325" Y="139"/>
    <Point X="328" Y="132"/>
    <Point X="331" Y="126"/>
    <Point X="334" Y="120"/>
    <Point X="336" Y="115"/>
    <Point X="339" Y="110"/>
    <Point X="340" Y="107"/>
    <Point X="341" Y="105"/>
    <Point X="342" Y="103"/>
    <Point X="342" Y="101"/>
    <Point X="343" Y="100"/>
    <Point X="343" Y="99"/>
    <Point X="344" Y="99"/>
    <Point X="344" Y="101"/>
    <Point X="345" Y="103"/>
    <Point X="345" Y="106"/>
    <Point X="346" Y="110"/>
    <Point X="348" Y="117"/>
    <Point X="348" Y="123"/>
    <Point X="349" Y="130"/>
    <Point X="350" Y="137"/>
    <Point X="351" Y="144"/>
    <Point X="352" Y="151"/>
    <Point X="354" Y="158"/>
    <Point X="355" Y="164"/>
    <Point X="356" Y="170"/>
    <Point X="358" Y="176"/>
    <Point X="359" Y="181"/>
    <Point X="360" Y="186"/>
    <Point X="361" Y="191"/>
    <Point X="361" Y="195"/>
    <Point X="362" Y="198"/>
    <Point X="362" Y="201"/>
    <Point X="363" Y="204"/>
    <Point X="363" Y="207"/>
    <Point X="364" Y="210"/>
    <Point X="365" Y="212"/>
    <Point X="366" Y="214"/>
    <Point X="366" Y="216"/>
    <Point X="366" Y="218"/>
    <Point X="367" Y="219"/>
    <Point X="367" Y="220"/>
    <Point X="368" Y="221"/>
    <Point X="368" Y="223"/>
    <Point X="368" Y="224"/>
    <Point X="369" Y="225"/>
    <Point X="370" Y="227"/>
    <Point X="370" Y="228"/>
    <Point X="371" Y="231"/>
    <Point X="373" Y="233"/>
    <Point X="373" Y="235"/>
    <Point X="374" Y="236"/>
    <Point X="374" Y="239"/>
    <Point X="374" Y="240"/>
    <Point X="375" Y="240"/>
    <Point X="375" Y="241"/>
    <Point X="375" Y="242"/>
    <Point X="376" Y="242"/>
    <Point X="376" Y="243"/>
    <Point X="376" Y="241"/>
    <Point X="377" Y="238"/>
    <Point X="380" Y="233"/>
    <Point X="384" Y="226"/>
    <Point X="387" Y="219"/>
    <Point X="391" Y="210"/>
    <Point X="396" Y="202"/>
    <Point X="400" Y="194"/>
    <Point X="403" Y="186"/>
    <Point X="406" Y="178"/>
    <Point X="408" Y="171"/>
    <Point X="410" Y="165"/>
    <Point X="412" Y="159"/>
    <Point X="413" Y="153"/>
    <Point X="415" Y="147"/>
    <Point X="416" Y="142"/>
    <Point X="417" Y="137"/>
    <Point X="419" Y="131"/>
    <Point X="420" Y="126"/>
    <Point X="422" Y="122"/>
    <Point X="423" Y="119"/>
    <Point X="424" Y="116"/>
    <Point X="424" Y="115"/>
    <Point X="424" Y="113"/>
    <Point X="425" Y="112"/>
    <Point X="425" Y="111"/>
    <Point X="425" Y="110"/>
    <Point X="426" Y="110"/>
    <Point X="426" Y="108"/>
    <Point X="427" Y="106"/>
    <Point X="428" Y="105"/>
    <Point X="428" Y="103"/>
    <Point X="429" Y="102"/>
    <Point X="429" Y="101"/>
</Gesture>
