<?xml version="1.0" ?>
<Gesture Name="04" Subject="6" Number="4" NumPts="200">
    <Point X="200" Y="269"/>
    <Point X="200" Y="267"/>
    <Point X="201" Y="265"/>
    <Point X="201" Y="263"/>
    <Point X="202" Y="261"/>
    <Point X="205" Y="258"/>
    <Point X="208" Y="254"/>
    <Point X="211" Y="249"/>
    <Point X="215" Y="244"/>
    <Point X="219" Y="238"/>
    <Point X="225" Y="232"/>
    <Point X="230" Y="227"/>
    <Point X="234" Y="223"/>
    <Point X="238" Y="219"/>
    <Point X="241" Y="215"/>
    <Point X="245" Y="212"/>
    <Point X="248" Y="210"/>
    <Point X="249" Y="208"/>
    <Point X="250" Y="205"/>
    <Point X="254" Y="197"/>
    <Point X="258" Y="190"/>
    <Point X="259" Y="184"/>
    <Point X="261" Y="180"/>
    <Point X="263" Y="175"/>
    <Point X="266" Y="170"/>
    <Point X="267" Y="166"/>
    <Point X="269" Y="163"/>
    <Point X="270" Y="159"/>
    <Point X="271" Y="158"/>
    <Point X="271" Y="156"/>
    <Point X="272" Y="155"/>
    <Point X="272" Y="154"/>
    <Point X="272" Y="155"/>
    <Point X="273" Y="155"/>
    <Point X="273" Y="156"/>
    <Point X="273" Y="158"/>
    <Point X="274" Y="160"/>
    <Point X="274" Y="162"/>
    <Point X="275" Y="166"/>
    <Point X="275" Y="170"/>
    <Point X="276" Y="173"/>
    <Point X="276" Y="177"/>
    <Point X="276" Y="181"/>
    <Point X="277" Y="185"/>
    <Point X="277" Y="188"/>
    <Point X="277" Y="192"/>
    <Point X="278" Y="196"/>
    <Point X="278" Y="199"/>
    <Point X="279" Y="203"/>
    <Point X="280" Y="207"/>
    <Point X="281" Y="211"/>
    <Point X="281" Y="215"/>
    <Point X="282" Y="220"/>
    <Point X="282" Y="224"/>
    <Point X="282" Y="227"/>
    <Point X="283" Y="231"/>
    <Point X="283" Y="233"/>
    <Point X="284" Y="236"/>
    <Point X="285" Y="238"/>
    <Point X="285" Y="241"/>
    <Point X="286" Y="242"/>
    <Point X="286" Y="244"/>
    <Point X="287" Y="245"/>
    <Point X="287" Y="247"/>
    <Point X="287" Y="248"/>
    <Point X="287" Y="249"/>
    <Point X="288" Y="250"/>
    <Point X="288" Y="251"/>
    <Point X="288" Y="252"/>
    <Point X="289" Y="252"/>
    <Point X="289" Y="254"/>
    <Point X="289" Y="255"/>
    <Point X="289" Y="257"/>
    <Point X="290" Y="258"/>
    <Point X="290" Y="259"/>
    <Point X="291" Y="260"/>
    <Point X="292" Y="261"/>
    <Point X="292" Y="262"/>
    <Point X="292" Y="263"/>
    <Point X="293" Y="263"/>
    <Point X="293" Y="264"/>
    <Point X="294" Y="264"/>
    <Point X="294" Y="265"/>
    <Point X="295" Y="265"/>
    <Point X="296" Y="266"/>
    <Point X="297" Y="266"/>
    <Point X="298" Y="266"/>
    <Point X="299" Y="265"/>
    <Point X="301" Y="262"/>
    <Point X="302" Y="261"/>
    <Point X="304" Y="257"/>
    <Point X="307" Y="253"/>
    <Point X="311" Y="248"/>
    <Point X="315" Y="242"/>
    <Point X="320" Y="236"/>
    <Point X="324" Y="230"/>
    <Point X="328" Y="224"/>
    <Point X="331" Y="218"/>
    <Point X="333" Y="212"/>
    <Point X="335" Y="207"/>
    <Point X="337" Y="202"/>
    <Point X="339" Y="198"/>
    <Point X="340" Y="195"/>
    <Point X="340" Y="192"/>
    <Point X="341" Y="190"/>
    <Point X="342" Y="187"/>
    <Point X="342" Y="185"/>
    <Point X="342" Y="183"/>
    <Point X="343" Y="182"/>
    <Point X="344" Y="181"/>
    <Point X="344" Y="179"/>
    <Point X="345" Y="177"/>
    <Point X="346" Y="174"/>
    <Point X="347" Y="173"/>
    <Point X="348" Y="170"/>
    <Point X="349" Y="169"/>
    <Point X="350" Y="167"/>
    <Point X="352" Y="165"/>
    <Point X="352" Y="164"/>
    <Point X="352" Y="163"/>
    <Point X="353" Y="162"/>
    <Point X="354" Y="160"/>
    <Point X="354" Y="159"/>
    <Point X="354" Y="158"/>
    <Point X="355" Y="157"/>
    <Point X="355" Y="156"/>
    <Point X="356" Y="155"/>
    <Point X="357" Y="154"/>
    <Point X="357" Y="155"/>
    <Point X="358" Y="156"/>
    <Point X="359" Y="157"/>
    <Point X="360" Y="159"/>
    <Point X="361" Y="161"/>
    <Point X="362" Y="164"/>
    <Point X="365" Y="168"/>
    <Point X="366" Y="172"/>
    <Point X="367" Y="176"/>
    <Point X="369" Y="181"/>
    <Point X="371" Y="186"/>
    <Point X="373" Y="191"/>
    <Point X="376" Y="196"/>
    <Point X="378" Y="203"/>
    <Point X="380" Y="209"/>
    <Point X="383" Y="215"/>
    <Point X="384" Y="220"/>
    <Point X="386" Y="226"/>
    <Point X="387" Y="231"/>
    <Point X="388" Y="236"/>
    <Point X="389" Y="240"/>
    <Point X="390" Y="243"/>
    <Point X="390" Y="246"/>
    <Point X="391" Y="248"/>
    <Point X="391" Y="250"/>
    <Point X="392" Y="252"/>
    <Point X="392" Y="255"/>
    <Point X="392" Y="256"/>
    <Point X="393" Y="258"/>
    <Point X="393" Y="260"/>
    <Point X="393" Y="261"/>
    <Point X="393" Y="262"/>
    <Point X="393" Y="263"/>
    <Point X="393" Y="264"/>
    <Point X="394" Y="264"/>
    <Point X="394" Y="265"/>
    <Point X="394" Y="266"/>
    <Point X="395" Y="264"/>
    <Point X="396" Y="262"/>
    <Point X="396" Y="261"/>
    <Point X="397" Y="258"/>
    <Point X="399" Y="255"/>
    <Point X="400" Y="251"/>
    <Point X="402" Y="247"/>
    <Point X="405" Y="241"/>
    <Point X="407" Y="234"/>
    <Point X="409" Y="228"/>
    <Point X="411" Y="222"/>
    <Point X="414" Y="216"/>
    <Point X="416" Y="211"/>
    <Point X="418" Y="207"/>
    <Point X="420" Y="203"/>
    <Point X="421" Y="199"/>
    <Point X="422" Y="196"/>
    <Point X="423" Y="193"/>
    <Point X="424" Y="190"/>
    <Point X="425" Y="187"/>
    <Point X="427" Y="184"/>
    <Point X="427" Y="180"/>
    <Point X="428" Y="176"/>
    <Point X="430" Y="172"/>
    <Point X="432" Y="168"/>
    <Point X="433" Y="164"/>
    <Point X="435" Y="160"/>
    <Point X="436" Y="157"/>
    <Point X="437" Y="155"/>
    <Point X="438" Y="153"/>
    <Point X="438" Y="152"/>
    <Point X="439" Y="151"/>
    <Point X="439" Y="150"/>
    <Point X="439" Y="149"/>
    <Point X="440" Y="148"/>
</Gesture>
