<?xml version="1.0" ?>
<Gesture Name="07" Subject="2" Number="7" NumPts="69">
    <Point X="313" Y="345"/>
    <Point X="314" Y="343"/>
    <Point X="316" Y="342"/>
    <Point X="317" Y="341"/>
    <Point X="320" Y="338"/>
    <Point X="325" Y="334"/>
    <Point X="331" Y="329"/>
    <Point X="338" Y="324"/>
    <Point X="347" Y="318"/>
    <Point X="357" Y="312"/>
    <Point X="369" Y="305"/>
    <Point X="382" Y="299"/>
    <Point X="395" Y="292"/>
    <Point X="408" Y="285"/>
    <Point X="422" Y="279"/>
    <Point X="436" Y="273"/>
    <Point X="451" Y="266"/>
    <Point X="466" Y="260"/>
    <Point X="480" Y="254"/>
    <Point X="492" Y="248"/>
    <Point X="503" Y="243"/>
    <Point X="512" Y="239"/>
    <Point X="519" Y="236"/>
    <Point X="524" Y="234"/>
    <Point X="527" Y="233"/>
    <Point X="525" Y="232"/>
    <Point X="522" Y="231"/>
    <Point X="517" Y="229"/>
    <Point X="510" Y="228"/>
    <Point X="493" Y="225"/>
    <Point X="483" Y="224"/>
    <Point X="476" Y="222"/>
    <Point X="469" Y="220"/>
    <Point X="463" Y="219"/>
    <Point X="459" Y="218"/>
    <Point X="458" Y="218"/>
    <Point X="461" Y="218"/>
    <Point X="462" Y="218"/>
    <Point X="465" Y="218"/>
    <Point X="471" Y="219"/>
    <Point X="479" Y="220"/>
    <Point X="487" Y="222"/>
    <Point X="496" Y="224"/>
    <Point X="506" Y="226"/>
    <Point X="514" Y="228"/>
    <Point X="522" Y="230"/>
    <Point X="529" Y="232"/>
    <Point X="535" Y="233"/>
    <Point X="540" Y="234"/>
    <Point X="543" Y="236"/>
    <Point X="542" Y="236"/>
    <Point X="541" Y="236"/>
    <Point X="540" Y="237"/>
    <Point X="539" Y="238"/>
    <Point X="538" Y="239"/>
    <Point X="536" Y="241"/>
    <Point X="534" Y="244"/>
    <Point X="533" Y="245"/>
    <Point X="532" Y="247"/>
    <Point X="530" Y="249"/>
    <Point X="530" Y="250"/>
    <Point X="529" Y="252"/>
    <Point X="528" Y="255"/>
    <Point X="526" Y="257"/>
    <Point X="525" Y="259"/>
    <Point X="525" Y="261"/>
    <Point X="524" Y="261"/>
    <Point X="524" Y="263"/>
    <Point X="523" Y="264"/>
</Gesture>
