<?xml version="1.0" ?>
<Gesture Name="05" Subject="2" Number="5" NumPts="86">
    <Point X="300" Y="300"/>
    <Point X="302" Y="300"/>
    <Point X="304" Y="298"/>
    <Point X="307" Y="295"/>
    <Point X="312" Y="291"/>
    <Point X="319" Y="286"/>
    <Point X="327" Y="281"/>
    <Point X="335" Y="275"/>
    <Point X="345" Y="269"/>
    <Point X="356" Y="262"/>
    <Point X="367" Y="256"/>
    <Point X="379" Y="249"/>
    <Point X="391" Y="243"/>
    <Point X="401" Y="236"/>
    <Point X="410" Y="231"/>
    <Point X="419" Y="226"/>
    <Point X="426" Y="222"/>
    <Point X="432" Y="217"/>
    <Point X="438" Y="214"/>
    <Point X="444" Y="211"/>
    <Point X="448" Y="208"/>
    <Point X="452" Y="205"/>
    <Point X="456" Y="202"/>
    <Point X="458" Y="200"/>
    <Point X="460" Y="199"/>
    <Point X="462" Y="197"/>
    <Point X="463" Y="197"/>
    <Point X="462" Y="197"/>
    <Point X="461" Y="196"/>
    <Point X="458" Y="196"/>
    <Point X="454" Y="195"/>
    <Point X="449" Y="195"/>
    <Point X="443" Y="194"/>
    <Point X="436" Y="193"/>
    <Point X="430" Y="192"/>
    <Point X="423" Y="190"/>
    <Point X="418" Y="190"/>
    <Point X="413" Y="189"/>
    <Point X="408" Y="188"/>
    <Point X="405" Y="188"/>
    <Point X="403" Y="188"/>
    <Point X="402" Y="187"/>
    <Point X="401" Y="187"/>
    <Point X="402" Y="187"/>
    <Point X="403" Y="187"/>
    <Point X="405" Y="187"/>
    <Point X="409" Y="188"/>
    <Point X="413" Y="189"/>
    <Point X="418" Y="191"/>
    <Point X="423" Y="193"/>
    <Point X="429" Y="195"/>
    <Point X="434" Y="197"/>
    <Point X="439" Y="198"/>
    <Point X="445" Y="199"/>
    <Point X="449" Y="199"/>
    <Point X="451" Y="200"/>
    <Point X="452" Y="200"/>
    <Point X="452" Y="201"/>
    <Point X="453" Y="201"/>
    <Point X="454" Y="202"/>
    <Point X="455" Y="203"/>
    <Point X="455" Y="204"/>
    <Point X="456" Y="204"/>
    <Point X="458" Y="204"/>
    <Point X="459" Y="205"/>
    <Point X="461" Y="205"/>
    <Point X="462" Y="205"/>
    <Point X="464" Y="205"/>
    <Point X="465" Y="205"/>
    <Point X="465" Y="206"/>
    <Point X="465" Y="208"/>
    <Point X="466" Y="209"/>
    <Point X="466" Y="210"/>
    <Point X="466" Y="213"/>
    <Point X="466" Y="216"/>
    <Point X="466" Y="221"/>
    <Point X="466" Y="226"/>
    <Point X="466" Y="232"/>
    <Point X="466" Y="238"/>
    <Point X="465" Y="245"/>
    <Point X="465" Y="251"/>
    <Point X="464" Y="257"/>
    <Point X="464" Y="263"/>
    <Point X="463" Y="268"/>
    <Point X="463" Y="273"/>
    <Point X="463" Y="277"/>
</Gesture>
