<?xml version="1.0" ?>
<Gesture Name="04" Subject="2" Number="4" NumPts="92">
    <Point X="282" Y="271"/>
    <Point X="283" Y="271"/>
    <Point X="286" Y="270"/>
    <Point X="287" Y="269"/>
    <Point X="290" Y="266"/>
    <Point X="293" Y="264"/>
    <Point X="296" Y="260"/>
    <Point X="300" Y="257"/>
    <Point X="305" Y="252"/>
    <Point X="310" Y="247"/>
    <Point X="316" Y="243"/>
    <Point X="322" Y="238"/>
    <Point X="329" Y="232"/>
    <Point X="337" Y="227"/>
    <Point X="346" Y="220"/>
    <Point X="355" Y="214"/>
    <Point X="364" Y="209"/>
    <Point X="373" Y="203"/>
    <Point X="382" Y="198"/>
    <Point X="391" Y="192"/>
    <Point X="400" Y="188"/>
    <Point X="409" Y="184"/>
    <Point X="416" Y="180"/>
    <Point X="423" Y="177"/>
    <Point X="430" Y="175"/>
    <Point X="435" Y="172"/>
    <Point X="440" Y="171"/>
    <Point X="443" Y="169"/>
    <Point X="445" Y="168"/>
    <Point X="446" Y="167"/>
    <Point X="447" Y="166"/>
    <Point X="448" Y="165"/>
    <Point X="447" Y="165"/>
    <Point X="444" Y="165"/>
    <Point X="441" Y="165"/>
    <Point X="434" Y="165"/>
    <Point X="427" Y="165"/>
    <Point X="420" Y="165"/>
    <Point X="411" Y="164"/>
    <Point X="404" Y="163"/>
    <Point X="397" Y="163"/>
    <Point X="391" Y="162"/>
    <Point X="387" Y="161"/>
    <Point X="383" Y="161"/>
    <Point X="382" Y="160"/>
    <Point X="383" Y="160"/>
    <Point X="384" Y="160"/>
    <Point X="387" Y="159"/>
    <Point X="390" Y="159"/>
    <Point X="396" Y="159"/>
    <Point X="403" Y="159"/>
    <Point X="411" Y="159"/>
    <Point X="418" Y="159"/>
    <Point X="425" Y="159"/>
    <Point X="431" Y="159"/>
    <Point X="437" Y="159"/>
    <Point X="441" Y="160"/>
    <Point X="444" Y="160"/>
    <Point X="445" Y="160"/>
    <Point X="446" Y="160"/>
    <Point X="447" Y="160"/>
    <Point X="447" Y="161"/>
    <Point X="448" Y="161"/>
    <Point X="449" Y="161"/>
    <Point X="449" Y="162"/>
    <Point X="450" Y="162"/>
    <Point X="451" Y="163"/>
    <Point X="452" Y="163"/>
    <Point X="455" Y="164"/>
    <Point X="456" Y="164"/>
    <Point X="458" Y="164"/>
    <Point X="459" Y="164"/>
    <Point X="459" Y="165"/>
    <Point X="460" Y="165"/>
    <Point X="460" Y="166"/>
    <Point X="460" Y="167"/>
    <Point X="459" Y="168"/>
    <Point X="459" Y="170"/>
    <Point X="459" Y="173"/>
    <Point X="458" Y="177"/>
    <Point X="458" Y="181"/>
    <Point X="458" Y="185"/>
    <Point X="458" Y="190"/>
    <Point X="457" Y="195"/>
    <Point X="457" Y="199"/>
    <Point X="457" Y="204"/>
    <Point X="457" Y="209"/>
    <Point X="457" Y="213"/>
    <Point X="457" Y="216"/>
    <Point X="457" Y="219"/>
    <Point X="457" Y="220"/>
    <Point X="457" Y="221"/>
</Gesture>
