<?xml version="1.0" ?>
<Gesture Name="03" Subject="2" Number="3" NumPts="84">
    <Point X="297" Y="283"/>
    <Point X="299" Y="283"/>
    <Point X="301" Y="283"/>
    <Point X="304" Y="281"/>
    <Point X="309" Y="279"/>
    <Point X="316" Y="277"/>
    <Point X="324" Y="273"/>
    <Point X="334" Y="269"/>
    <Point X="344" Y="265"/>
    <Point X="355" Y="261"/>
    <Point X="365" Y="255"/>
    <Point X="375" Y="250"/>
    <Point X="385" Y="245"/>
    <Point X="394" Y="240"/>
    <Point X="403" Y="235"/>
    <Point X="411" Y="230"/>
    <Point X="419" Y="224"/>
    <Point X="427" Y="220"/>
    <Point X="434" Y="215"/>
    <Point X="442" Y="211"/>
    <Point X="449" Y="206"/>
    <Point X="457" Y="202"/>
    <Point X="464" Y="198"/>
    <Point X="469" Y="195"/>
    <Point X="475" Y="191"/>
    <Point X="480" Y="187"/>
    <Point X="482" Y="185"/>
    <Point X="485" Y="183"/>
    <Point X="486" Y="182"/>
    <Point X="485" Y="182"/>
    <Point X="483" Y="182"/>
    <Point X="482" Y="182"/>
    <Point X="479" Y="181"/>
    <Point X="476" Y="181"/>
    <Point X="471" Y="180"/>
    <Point X="465" Y="179"/>
    <Point X="459" Y="177"/>
    <Point X="451" Y="175"/>
    <Point X="443" Y="173"/>
    <Point X="435" Y="172"/>
    <Point X="428" Y="171"/>
    <Point X="422" Y="170"/>
    <Point X="418" Y="169"/>
    <Point X="417" Y="169"/>
    <Point X="418" Y="169"/>
    <Point X="419" Y="169"/>
    <Point X="420" Y="170"/>
    <Point X="422" Y="170"/>
    <Point X="426" Y="171"/>
    <Point X="433" Y="173"/>
    <Point X="439" Y="175"/>
    <Point X="449" Y="177"/>
    <Point X="459" Y="180"/>
    <Point X="468" Y="182"/>
    <Point X="477" Y="184"/>
    <Point X="486" Y="186"/>
    <Point X="493" Y="187"/>
    <Point X="499" Y="189"/>
    <Point X="503" Y="189"/>
    <Point X="504" Y="189"/>
    <Point X="503" Y="190"/>
    <Point X="502" Y="190"/>
    <Point X="502" Y="191"/>
    <Point X="501" Y="191"/>
    <Point X="500" Y="192"/>
    <Point X="499" Y="193"/>
    <Point X="498" Y="194"/>
    <Point X="497" Y="194"/>
    <Point X="497" Y="195"/>
    <Point X="497" Y="196"/>
    <Point X="496" Y="196"/>
    <Point X="496" Y="199"/>
    <Point X="496" Y="200"/>
    <Point X="495" Y="201"/>
    <Point X="495" Y="205"/>
    <Point X="495" Y="210"/>
    <Point X="494" Y="214"/>
    <Point X="494" Y="221"/>
    <Point X="494" Y="228"/>
    <Point X="494" Y="235"/>
    <Point X="493" Y="242"/>
    <Point X="493" Y="248"/>
    <Point X="492" Y="254"/>
    <Point X="492" Y="258"/>
</Gesture>
