<?xml version="1.0" ?>
<Gesture Name="10" Subject="2" Number="10" NumPts="88">
    <Point X="264" Y="302"/>
    <Point X="264" Y="301"/>
    <Point X="265" Y="301"/>
    <Point X="267" Y="299"/>
    <Point X="271" Y="296"/>
    <Point X="277" Y="292"/>
    <Point X="284" Y="288"/>
    <Point X="293" Y="283"/>
    <Point X="304" Y="277"/>
    <Point X="314" Y="271"/>
    <Point X="325" Y="264"/>
    <Point X="338" Y="256"/>
    <Point X="350" Y="249"/>
    <Point X="364" Y="242"/>
    <Point X="377" Y="235"/>
    <Point X="390" Y="228"/>
    <Point X="400" Y="222"/>
    <Point X="409" Y="217"/>
    <Point X="415" Y="212"/>
    <Point X="421" Y="208"/>
    <Point X="425" Y="204"/>
    <Point X="429" Y="200"/>
    <Point X="433" Y="196"/>
    <Point X="439" Y="191"/>
    <Point X="444" Y="186"/>
    <Point X="450" Y="181"/>
    <Point X="456" Y="177"/>
    <Point X="463" Y="174"/>
    <Point X="468" Y="171"/>
    <Point X="474" Y="168"/>
    <Point X="478" Y="166"/>
    <Point X="481" Y="165"/>
    <Point X="484" Y="164"/>
    <Point X="485" Y="164"/>
    <Point X="486" Y="164"/>
    <Point X="487" Y="163"/>
    <Point X="486" Y="163"/>
    <Point X="484" Y="163"/>
    <Point X="483" Y="163"/>
    <Point X="481" Y="163"/>
    <Point X="477" Y="163"/>
    <Point X="472" Y="163"/>
    <Point X="466" Y="163"/>
    <Point X="460" Y="162"/>
    <Point X="453" Y="162"/>
    <Point X="447" Y="162"/>
    <Point X="440" Y="161"/>
    <Point X="435" Y="160"/>
    <Point X="431" Y="160"/>
    <Point X="429" Y="160"/>
    <Point X="427" Y="160"/>
    <Point X="426" Y="160"/>
    <Point X="426" Y="159"/>
    <Point X="428" Y="158"/>
    <Point X="430" Y="158"/>
    <Point X="433" Y="157"/>
    <Point X="438" Y="157"/>
    <Point X="445" Y="156"/>
    <Point X="451" Y="155"/>
    <Point X="458" Y="155"/>
    <Point X="465" Y="155"/>
    <Point X="472" Y="155"/>
    <Point X="477" Y="155"/>
    <Point X="482" Y="155"/>
    <Point X="485" Y="156"/>
    <Point X="486" Y="156"/>
    <Point X="487" Y="157"/>
    <Point X="488" Y="157"/>
    <Point X="489" Y="157"/>
    <Point X="489" Y="158"/>
    <Point X="489" Y="159"/>
    <Point X="489" Y="161"/>
    <Point X="489" Y="163"/>
    <Point X="488" Y="164"/>
    <Point X="488" Y="166"/>
    <Point X="488" Y="169"/>
    <Point X="488" Y="173"/>
    <Point X="488" Y="177"/>
    <Point X="488" Y="181"/>
    <Point X="488" Y="185"/>
    <Point X="488" Y="189"/>
    <Point X="488" Y="193"/>
    <Point X="488" Y="196"/>
    <Point X="488" Y="200"/>
    <Point X="488" Y="203"/>
    <Point X="488" Y="205"/>
    <Point X="488" Y="206"/>
    <Point X="488" Y="207"/>
</Gesture>
