<?xml version="1.0" ?>
<Gesture Name="06" Subject="2" Number="6" NumPts="102">
    <Point X="305" Y="287"/>
    <Point X="304" Y="287"/>
    <Point X="306" Y="285"/>
    <Point X="309" Y="282"/>
    <Point X="310" Y="280"/>
    <Point X="313" Y="277"/>
    <Point X="316" Y="273"/>
    <Point X="320" Y="268"/>
    <Point X="325" Y="263"/>
    <Point X="330" Y="257"/>
    <Point X="336" Y="251"/>
    <Point X="341" Y="245"/>
    <Point X="346" Y="239"/>
    <Point X="351" Y="233"/>
    <Point X="356" Y="227"/>
    <Point X="361" Y="222"/>
    <Point X="366" Y="217"/>
    <Point X="371" Y="211"/>
    <Point X="375" Y="207"/>
    <Point X="380" Y="201"/>
    <Point X="386" Y="195"/>
    <Point X="392" Y="189"/>
    <Point X="398" Y="184"/>
    <Point X="404" Y="180"/>
    <Point X="411" Y="176"/>
    <Point X="418" Y="173"/>
    <Point X="423" Y="170"/>
    <Point X="429" Y="168"/>
    <Point X="435" Y="165"/>
    <Point X="440" Y="163"/>
    <Point X="445" Y="161"/>
    <Point X="449" Y="159"/>
    <Point X="453" Y="158"/>
    <Point X="456" Y="157"/>
    <Point X="457" Y="156"/>
    <Point X="458" Y="155"/>
    <Point X="457" Y="155"/>
    <Point X="455" Y="155"/>
    <Point X="454" Y="155"/>
    <Point X="452" Y="155"/>
    <Point X="449" Y="155"/>
    <Point X="445" Y="155"/>
    <Point X="441" Y="155"/>
    <Point X="436" Y="154"/>
    <Point X="431" Y="154"/>
    <Point X="426" Y="153"/>
    <Point X="420" Y="153"/>
    <Point X="415" Y="152"/>
    <Point X="412" Y="152"/>
    <Point X="408" Y="151"/>
    <Point X="405" Y="151"/>
    <Point X="403" Y="151"/>
    <Point X="401" Y="150"/>
    <Point X="400" Y="150"/>
    <Point X="401" Y="148"/>
    <Point X="403" Y="148"/>
    <Point X="405" Y="147"/>
    <Point X="406" Y="147"/>
    <Point X="408" Y="147"/>
    <Point X="411" Y="147"/>
    <Point X="414" Y="147"/>
    <Point X="418" Y="147"/>
    <Point X="423" Y="147"/>
    <Point X="427" Y="147"/>
    <Point X="432" Y="147"/>
    <Point X="436" Y="148"/>
    <Point X="439" Y="148"/>
    <Point X="442" Y="149"/>
    <Point X="445" Y="149"/>
    <Point X="446" Y="150"/>
    <Point X="448" Y="150"/>
    <Point X="450" Y="151"/>
    <Point X="452" Y="151"/>
    <Point X="453" Y="151"/>
    <Point X="454" Y="151"/>
    <Point X="455" Y="151"/>
    <Point X="456" Y="151"/>
    <Point X="457" Y="152"/>
    <Point X="458" Y="152"/>
    <Point X="459" Y="152"/>
    <Point X="460" Y="153"/>
    <Point X="461" Y="153"/>
    <Point X="462" Y="153"/>
    <Point X="464" Y="154"/>
    <Point X="466" Y="154"/>
    <Point X="467" Y="155"/>
    <Point X="468" Y="155"/>
    <Point X="468" Y="156"/>
    <Point X="468" Y="157"/>
    <Point X="467" Y="159"/>
    <Point X="467" Y="161"/>
    <Point X="467" Y="162"/>
    <Point X="467" Y="164"/>
    <Point X="466" Y="168"/>
    <Point X="466" Y="172"/>
    <Point X="466" Y="177"/>
    <Point X="466" Y="182"/>
    <Point X="466" Y="185"/>
    <Point X="466" Y="188"/>
    <Point X="466" Y="190"/>
    <Point X="466" Y="192"/>
    <Point X="466" Y="193"/>
</Gesture>
