<?xml version="1.0" ?>
<Gesture Name="09" Subject="2" Number="9" NumPts="117">
    <Point X="277" Y="345"/>
    <Point X="277" Y="343"/>
    <Point X="277" Y="342"/>
    <Point X="279" Y="339"/>
    <Point X="281" Y="336"/>
    <Point X="284" Y="331"/>
    <Point X="287" Y="326"/>
    <Point X="291" Y="320"/>
    <Point X="295" Y="314"/>
    <Point X="301" Y="307"/>
    <Point X="307" Y="300"/>
    <Point X="315" Y="292"/>
    <Point X="322" Y="284"/>
    <Point X="330" Y="275"/>
    <Point X="339" Y="266"/>
    <Point X="349" Y="257"/>
    <Point X="360" Y="248"/>
    <Point X="372" Y="241"/>
    <Point X="384" Y="233"/>
    <Point X="396" Y="226"/>
    <Point X="408" Y="219"/>
    <Point X="419" Y="212"/>
    <Point X="430" Y="206"/>
    <Point X="440" Y="200"/>
    <Point X="449" Y="195"/>
    <Point X="458" Y="190"/>
    <Point X="465" Y="186"/>
    <Point X="471" Y="182"/>
    <Point X="476" Y="178"/>
    <Point X="480" Y="175"/>
    <Point X="483" Y="173"/>
    <Point X="484" Y="173"/>
    <Point X="484" Y="172"/>
    <Point X="483" Y="172"/>
    <Point X="481" Y="172"/>
    <Point X="479" Y="172"/>
    <Point X="477" Y="172"/>
    <Point X="476" Y="172"/>
    <Point X="473" Y="173"/>
    <Point X="469" Y="173"/>
    <Point X="463" Y="174"/>
    <Point X="457" Y="175"/>
    <Point X="451" Y="175"/>
    <Point X="444" Y="176"/>
    <Point X="438" Y="177"/>
    <Point X="431" Y="177"/>
    <Point X="426" Y="177"/>
    <Point X="421" Y="177"/>
    <Point X="415" Y="178"/>
    <Point X="411" Y="178"/>
    <Point X="406" Y="178"/>
    <Point X="403" Y="178"/>
    <Point X="400" Y="178"/>
    <Point X="399" Y="178"/>
    <Point X="398" Y="178"/>
    <Point X="399" Y="178"/>
    <Point X="400" Y="177"/>
    <Point X="403" Y="176"/>
    <Point X="407" Y="175"/>
    <Point X="412" Y="174"/>
    <Point X="417" Y="173"/>
    <Point X="423" Y="172"/>
    <Point X="429" Y="170"/>
    <Point X="436" Y="169"/>
    <Point X="442" Y="169"/>
    <Point X="446" Y="168"/>
    <Point X="450" Y="167"/>
    <Point X="453" Y="167"/>
    <Point X="455" Y="167"/>
    <Point X="457" Y="167"/>
    <Point X="460" Y="167"/>
    <Point X="463" Y="167"/>
    <Point X="466" Y="167"/>
    <Point X="468" Y="167"/>
    <Point X="471" Y="167"/>
    <Point X="472" Y="167"/>
    <Point X="473" Y="167"/>
    <Point X="474" Y="167"/>
    <Point X="475" Y="168"/>
    <Point X="477" Y="168"/>
    <Point X="479" Y="168"/>
    <Point X="481" Y="169"/>
    <Point X="483" Y="169"/>
    <Point X="484" Y="169"/>
    <Point X="485" Y="169"/>
    <Point X="486" Y="169"/>
    <Point X="488" Y="169"/>
    <Point X="489" Y="169"/>
    <Point X="489" Y="170"/>
    <Point X="489" Y="171"/>
    <Point X="489" Y="172"/>
    <Point X="489" Y="174"/>
    <Point X="489" Y="175"/>
    <Point X="489" Y="177"/>
    <Point X="489" Y="180"/>
    <Point X="489" Y="183"/>
    <Point X="489" Y="187"/>
    <Point X="489" Y="190"/>
    <Point X="489" Y="194"/>
    <Point X="489" Y="199"/>
    <Point X="489" Y="203"/>
    <Point X="489" Y="208"/>
    <Point X="489" Y="212"/>
    <Point X="489" Y="215"/>
    <Point X="489" Y="217"/>
    <Point X="489" Y="219"/>
    <Point X="489" Y="221"/>
    <Point X="489" Y="222"/>
    <Point X="489" Y="224"/>
    <Point X="489" Y="225"/>
    <Point X="489" Y="226"/>
    <Point X="489" Y="228"/>
    <Point X="489" Y="229"/>
    <Point X="489" Y="230"/>
    <Point X="489" Y="231"/>
    <Point X="489" Y="232"/>
    <Point X="490" Y="232"/>
</Gesture>
