<?xml version="1.0" ?>
<Gesture Name="02" Subject="2" Number="2" NumPts="75">
    <Point X="288" Y="302"/>
    <Point X="287" Y="302"/>
    <Point X="289" Y="301"/>
    <Point X="290" Y="300"/>
    <Point X="292" Y="297"/>
    <Point X="295" Y="293"/>
    <Point X="300" Y="288"/>
    <Point X="304" Y="283"/>
    <Point X="309" Y="277"/>
    <Point X="316" Y="270"/>
    <Point X="323" Y="263"/>
    <Point X="332" Y="256"/>
    <Point X="341" Y="248"/>
    <Point X="352" Y="241"/>
    <Point X="363" Y="234"/>
    <Point X="375" Y="228"/>
    <Point X="387" Y="222"/>
    <Point X="398" Y="215"/>
    <Point X="408" Y="210"/>
    <Point X="416" Y="205"/>
    <Point X="422" Y="201"/>
    <Point X="428" Y="197"/>
    <Point X="432" Y="194"/>
    <Point X="435" Y="191"/>
    <Point X="439" Y="189"/>
    <Point X="440" Y="187"/>
    <Point X="442" Y="186"/>
    <Point X="444" Y="185"/>
    <Point X="445" Y="183"/>
    <Point X="446" Y="183"/>
    <Point X="447" Y="182"/>
    <Point X="445" Y="181"/>
    <Point X="443" Y="181"/>
    <Point X="440" Y="180"/>
    <Point X="435" Y="179"/>
    <Point X="428" Y="177"/>
    <Point X="420" Y="174"/>
    <Point X="413" Y="172"/>
    <Point X="406" Y="169"/>
    <Point X="399" Y="167"/>
    <Point X="394" Y="164"/>
    <Point X="390" Y="163"/>
    <Point X="388" Y="162"/>
    <Point X="387" Y="162"/>
    <Point X="388" Y="162"/>
    <Point X="389" Y="162"/>
    <Point X="392" Y="163"/>
    <Point X="398" Y="164"/>
    <Point X="403" Y="166"/>
    <Point X="411" Y="168"/>
    <Point X="420" Y="169"/>
    <Point X="428" Y="172"/>
    <Point X="436" Y="175"/>
    <Point X="443" Y="177"/>
    <Point X="449" Y="178"/>
    <Point X="454" Y="180"/>
    <Point X="458" Y="181"/>
    <Point X="459" Y="181"/>
    <Point X="459" Y="182"/>
    <Point X="459" Y="183"/>
    <Point X="459" Y="184"/>
    <Point X="459" Y="186"/>
    <Point X="458" Y="187"/>
    <Point X="458" Y="188"/>
    <Point X="457" Y="191"/>
    <Point X="457" Y="195"/>
    <Point X="456" Y="199"/>
    <Point X="455" Y="206"/>
    <Point X="454" Y="213"/>
    <Point X="454" Y="220"/>
    <Point X="452" Y="227"/>
    <Point X="452" Y="234"/>
    <Point X="451" Y="241"/>
    <Point X="451" Y="246"/>
    <Point X="451" Y="252"/>
</Gesture>
