<?xml version="1.0" ?>
<Gesture Name="01" Subject="2" Number="1" NumPts="84">
    <Point X="218" Y="266"/>
    <Point X="218" Y="265"/>
    <Point X="220" Y="264"/>
    <Point X="223" Y="260"/>
    <Point X="228" Y="255"/>
    <Point X="235" Y="249"/>
    <Point X="243" Y="242"/>
    <Point X="251" Y="236"/>
    <Point X="261" Y="228"/>
    <Point X="271" Y="221"/>
    <Point X="282" Y="214"/>
    <Point X="293" Y="207"/>
    <Point X="303" Y="200"/>
    <Point X="313" Y="193"/>
    <Point X="322" Y="187"/>
    <Point X="331" Y="181"/>
    <Point X="339" Y="175"/>
    <Point X="347" Y="169"/>
    <Point X="355" Y="163"/>
    <Point X="361" Y="159"/>
    <Point X="367" Y="156"/>
    <Point X="373" Y="153"/>
    <Point X="378" Y="150"/>
    <Point X="381" Y="149"/>
    <Point X="381" Y="148"/>
    <Point X="379" Y="149"/>
    <Point X="377" Y="149"/>
    <Point X="375" Y="149"/>
    <Point X="372" Y="149"/>
    <Point X="371" Y="149"/>
    <Point X="369" Y="149"/>
    <Point X="366" Y="148"/>
    <Point X="358" Y="147"/>
    <Point X="348" Y="146"/>
    <Point X="337" Y="144"/>
    <Point X="325" Y="142"/>
    <Point X="312" Y="140"/>
    <Point X="299" Y="138"/>
    <Point X="289" Y="136"/>
    <Point X="280" Y="136"/>
    <Point X="275" Y="135"/>
    <Point X="276" Y="135"/>
    <Point X="277" Y="135"/>
    <Point X="278" Y="135"/>
    <Point X="279" Y="135"/>
    <Point X="283" Y="135"/>
    <Point X="289" Y="135"/>
    <Point X="298" Y="135"/>
    <Point X="307" Y="135"/>
    <Point X="318" Y="135"/>
    <Point X="329" Y="135"/>
    <Point X="342" Y="135"/>
    <Point X="354" Y="135"/>
    <Point X="366" Y="135"/>
    <Point X="376" Y="135"/>
    <Point X="382" Y="135"/>
    <Point X="387" Y="135"/>
    <Point X="390" Y="135"/>
    <Point X="391" Y="135"/>
    <Point X="392" Y="135"/>
    <Point X="393" Y="135"/>
    <Point X="394" Y="135"/>
    <Point X="395" Y="135"/>
    <Point X="397" Y="135"/>
    <Point X="398" Y="135"/>
    <Point X="400" Y="135"/>
    <Point X="402" Y="135"/>
    <Point X="403" Y="136"/>
    <Point X="403" Y="137"/>
    <Point X="402" Y="138"/>
    <Point X="402" Y="139"/>
    <Point X="402" Y="140"/>
    <Point X="402" Y="142"/>
    <Point X="401" Y="146"/>
    <Point X="401" Y="150"/>
    <Point X="400" Y="155"/>
    <Point X="399" Y="161"/>
    <Point X="399" Y="167"/>
    <Point X="398" Y="173"/>
    <Point X="397" Y="180"/>
    <Point X="397" Y="186"/>
    <Point X="397" Y="191"/>
    <Point X="397" Y="196"/>
    <Point X="397" Y="200"/>
</Gesture>
