<?xml version="1.0" ?>
<Gesture Name="08" Subject="2" Number="8" NumPts="85">
    <Point X="318" Y="314"/>
    <Point X="321" Y="313"/>
    <Point X="323" Y="311"/>
    <Point X="325" Y="309"/>
    <Point X="329" Y="306"/>
    <Point X="334" Y="301"/>
    <Point X="342" Y="297"/>
    <Point X="352" Y="291"/>
    <Point X="362" Y="286"/>
    <Point X="374" Y="280"/>
    <Point X="388" Y="273"/>
    <Point X="401" Y="268"/>
    <Point X="415" Y="262"/>
    <Point X="429" Y="257"/>
    <Point X="442" Y="252"/>
    <Point X="454" Y="248"/>
    <Point X="465" Y="244"/>
    <Point X="475" Y="240"/>
    <Point X="484" Y="237"/>
    <Point X="492" Y="234"/>
    <Point X="500" Y="232"/>
    <Point X="507" Y="230"/>
    <Point X="513" Y="229"/>
    <Point X="519" Y="227"/>
    <Point X="523" Y="226"/>
    <Point X="524" Y="226"/>
    <Point X="523" Y="226"/>
    <Point X="521" Y="225"/>
    <Point X="520" Y="224"/>
    <Point X="517" Y="224"/>
    <Point X="512" Y="223"/>
    <Point X="505" Y="222"/>
    <Point X="497" Y="220"/>
    <Point X="488" Y="219"/>
    <Point X="479" Y="218"/>
    <Point X="470" Y="216"/>
    <Point X="461" Y="215"/>
    <Point X="453" Y="214"/>
    <Point X="447" Y="213"/>
    <Point X="443" Y="212"/>
    <Point X="444" Y="212"/>
    <Point X="445" Y="212"/>
    <Point X="449" Y="212"/>
    <Point X="454" Y="212"/>
    <Point X="460" Y="212"/>
    <Point X="467" Y="212"/>
    <Point X="474" Y="213"/>
    <Point X="481" Y="214"/>
    <Point X="488" Y="216"/>
    <Point X="494" Y="218"/>
    <Point X="500" Y="220"/>
    <Point X="505" Y="221"/>
    <Point X="510" Y="223"/>
    <Point X="514" Y="224"/>
    <Point X="516" Y="225"/>
    <Point X="518" Y="225"/>
    <Point X="519" Y="226"/>
    <Point X="520" Y="226"/>
    <Point X="521" Y="226"/>
    <Point X="523" Y="226"/>
    <Point X="524" Y="227"/>
    <Point X="525" Y="227"/>
    <Point X="526" Y="227"/>
    <Point X="527" Y="227"/>
    <Point X="528" Y="227"/>
    <Point X="529" Y="227"/>
    <Point X="529" Y="228"/>
    <Point X="529" Y="229"/>
    <Point X="529" Y="232"/>
    <Point X="529" Y="233"/>
    <Point X="529" Y="235"/>
    <Point X="527" Y="239"/>
    <Point X="527" Y="244"/>
    <Point X="526" Y="248"/>
    <Point X="524" Y="254"/>
    <Point X="523" Y="259"/>
    <Point X="522" Y="264"/>
    <Point X="521" Y="270"/>
    <Point X="520" Y="274"/>
    <Point X="520" Y="279"/>
    <Point X="519" Y="282"/>
    <Point X="519" Y="285"/>
    <Point X="519" Y="286"/>
    <Point X="519" Y="288"/>
    <Point X="519" Y="289"/>
</Gesture>
