<?xml version="1.0" ?>
<Gesture Name="01" Subject="2" Number="1" NumPts="41">
    <Point X="278" Y="270"/>
    <Point X="278" Y="271"/>
    <Point X="279" Y="271"/>
    <Point X="280" Y="271"/>
    <Point X="283" Y="269"/>
    <Point X="287" Y="266"/>
    <Point X="292" Y="261"/>
    <Point X="299" Y="253"/>
    <Point X="309" Y="244"/>
    <Point X="319" Y="232"/>
    <Point X="331" Y="220"/>
    <Point X="342" Y="209"/>
    <Point X="354" Y="197"/>
    <Point X="363" Y="186"/>
    <Point X="371" Y="176"/>
    <Point X="377" Y="167"/>
    <Point X="382" Y="160"/>
    <Point X="385" Y="153"/>
    <Point X="386" Y="149"/>
    <Point X="387" Y="146"/>
    <Point X="387" Y="145"/>
    <Point X="387" Y="146"/>
    <Point X="388" Y="146"/>
    <Point X="388" Y="148"/>
    <Point X="389" Y="151"/>
    <Point X="391" Y="157"/>
    <Point X="393" Y="165"/>
    <Point X="397" Y="174"/>
    <Point X="401" Y="184"/>
    <Point X="405" Y="194"/>
    <Point X="409" Y="204"/>
    <Point X="413" Y="214"/>
    <Point X="417" Y="223"/>
    <Point X="421" Y="232"/>
    <Point X="424" Y="240"/>
    <Point X="427" Y="247"/>
    <Point X="430" Y="254"/>
    <Point X="432" Y="259"/>
    <Point X="434" Y="263"/>
    <Point X="435" Y="265"/>
    <Point X="435" Y="266"/>
</Gesture>
