<?xml version="1.0" ?>
<Gesture Name="03" Subject="2" Number="3" NumPts="46">
    <Point X="329" Y="335"/>
    <Point X="329" Y="334"/>
    <Point X="330" Y="334"/>
    <Point X="331" Y="334"/>
    <Point X="332" Y="333"/>
    <Point X="333" Y="332"/>
    <Point X="337" Y="329"/>
    <Point X="341" Y="325"/>
    <Point X="345" Y="321"/>
    <Point X="351" Y="315"/>
    <Point X="357" Y="308"/>
    <Point X="365" Y="300"/>
    <Point X="372" Y="292"/>
    <Point X="380" Y="282"/>
    <Point X="388" Y="273"/>
    <Point X="396" Y="264"/>
    <Point X="403" Y="256"/>
    <Point X="410" Y="248"/>
    <Point X="416" Y="242"/>
    <Point X="421" Y="236"/>
    <Point X="425" Y="231"/>
    <Point X="427" Y="228"/>
    <Point X="429" Y="225"/>
    <Point X="430" Y="224"/>
    <Point X="430" Y="223"/>
    <Point X="430" Y="225"/>
    <Point X="430" Y="227"/>
    <Point X="431" Y="231"/>
    <Point X="432" Y="237"/>
    <Point X="433" Y="245"/>
    <Point X="434" Y="254"/>
    <Point X="434" Y="264"/>
    <Point X="435" Y="274"/>
    <Point X="436" Y="283"/>
    <Point X="436" Y="291"/>
    <Point X="437" Y="299"/>
    <Point X="437" Y="305"/>
    <Point X="439" Y="312"/>
    <Point X="440" Y="316"/>
    <Point X="440" Y="319"/>
    <Point X="441" Y="322"/>
    <Point X="442" Y="324"/>
    <Point X="443" Y="326"/>
    <Point X="443" Y="327"/>
    <Point X="443" Y="328"/>
    <Point X="444" Y="329"/>
</Gesture>
