<?xml version="1.0" ?>
<Gesture Name="10" Subject="2" Number="10" NumPts="42">
    <Point X="317" Y="324"/>
    <Point X="318" Y="322"/>
    <Point X="320" Y="321"/>
    <Point X="322" Y="318"/>
    <Point X="325" Y="314"/>
    <Point X="328" Y="310"/>
    <Point X="333" Y="305"/>
    <Point X="337" Y="299"/>
    <Point X="342" Y="293"/>
    <Point X="348" Y="285"/>
    <Point X="354" Y="277"/>
    <Point X="360" Y="268"/>
    <Point X="366" Y="259"/>
    <Point X="372" Y="249"/>
    <Point X="378" Y="240"/>
    <Point X="382" Y="230"/>
    <Point X="386" Y="221"/>
    <Point X="390" Y="211"/>
    <Point X="392" Y="204"/>
    <Point X="395" Y="197"/>
    <Point X="397" Y="190"/>
    <Point X="399" Y="186"/>
    <Point X="400" Y="183"/>
    <Point X="401" Y="182"/>
    <Point X="401" Y="181"/>
    <Point X="402" Y="181"/>
    <Point X="403" Y="181"/>
    <Point X="403" Y="182"/>
    <Point X="404" Y="184"/>
    <Point X="406" Y="190"/>
    <Point X="410" Y="199"/>
    <Point X="413" Y="209"/>
    <Point X="418" Y="221"/>
    <Point X="423" Y="235"/>
    <Point X="427" Y="248"/>
    <Point X="431" Y="262"/>
    <Point X="436" Y="275"/>
    <Point X="440" Y="287"/>
    <Point X="444" Y="299"/>
    <Point X="446" Y="308"/>
    <Point X="448" Y="315"/>
    <Point X="450" Y="321"/>
</Gesture>
