<?xml version="1.0" ?>
<Gesture Name="06" Subject="2" Number="6" NumPts="35">
    <Point X="330" Y="338"/>
    <Point X="331" Y="338"/>
    <Point X="333" Y="336"/>
    <Point X="337" Y="332"/>
    <Point X="341" Y="328"/>
    <Point X="345" Y="323"/>
    <Point X="350" Y="316"/>
    <Point X="357" Y="308"/>
    <Point X="364" Y="300"/>
    <Point X="372" Y="292"/>
    <Point X="381" Y="284"/>
    <Point X="391" Y="277"/>
    <Point X="399" Y="270"/>
    <Point X="406" Y="264"/>
    <Point X="413" Y="257"/>
    <Point X="418" Y="251"/>
    <Point X="424" Y="245"/>
    <Point X="428" Y="240"/>
    <Point X="431" Y="236"/>
    <Point X="433" Y="233"/>
    <Point X="434" Y="233"/>
    <Point X="434" Y="234"/>
    <Point X="435" Y="236"/>
    <Point X="435" Y="242"/>
    <Point X="436" Y="250"/>
    <Point X="438" Y="259"/>
    <Point X="439" Y="269"/>
    <Point X="441" Y="280"/>
    <Point X="442" Y="290"/>
    <Point X="444" Y="302"/>
    <Point X="446" Y="313"/>
    <Point X="448" Y="321"/>
    <Point X="449" Y="329"/>
    <Point X="450" Y="333"/>
    <Point X="451" Y="337"/>
</Gesture>
