<?xml version="1.0" ?>
<Gesture Name="08" Subject="2" Number="8" NumPts="43">
    <Point X="308" Y="311"/>
    <Point X="309" Y="308"/>
    <Point X="311" Y="306"/>
    <Point X="313" Y="304"/>
    <Point X="316" Y="299"/>
    <Point X="320" Y="294"/>
    <Point X="325" Y="286"/>
    <Point X="331" Y="278"/>
    <Point X="337" Y="270"/>
    <Point X="344" Y="261"/>
    <Point X="351" Y="253"/>
    <Point X="359" Y="245"/>
    <Point X="366" Y="238"/>
    <Point X="372" Y="231"/>
    <Point X="379" Y="225"/>
    <Point X="385" Y="219"/>
    <Point X="391" Y="214"/>
    <Point X="396" Y="209"/>
    <Point X="400" Y="205"/>
    <Point X="404" Y="202"/>
    <Point X="408" Y="200"/>
    <Point X="412" Y="198"/>
    <Point X="414" Y="198"/>
    <Point X="416" Y="197"/>
    <Point X="417" Y="197"/>
    <Point X="419" Y="197"/>
    <Point X="421" Y="198"/>
    <Point X="423" Y="200"/>
    <Point X="426" Y="203"/>
    <Point X="429" Y="207"/>
    <Point X="432" Y="212"/>
    <Point X="436" Y="219"/>
    <Point X="439" Y="226"/>
    <Point X="441" Y="234"/>
    <Point X="444" Y="243"/>
    <Point X="446" Y="252"/>
    <Point X="448" Y="262"/>
    <Point X="450" Y="271"/>
    <Point X="452" Y="279"/>
    <Point X="453" Y="285"/>
    <Point X="455" Y="291"/>
    <Point X="456" Y="294"/>
    <Point X="456" Y="295"/>
</Gesture>
