<?xml version="1.0" ?>
<Gesture Name="05" Subject="2" Number="5" NumPts="37">
    <Point X="333" Y="344"/>
    <Point X="334" Y="344"/>
    <Point X="336" Y="342"/>
    <Point X="338" Y="339"/>
    <Point X="340" Y="338"/>
    <Point X="342" Y="335"/>
    <Point X="347" Y="331"/>
    <Point X="352" Y="326"/>
    <Point X="357" Y="320"/>
    <Point X="365" Y="314"/>
    <Point X="374" Y="306"/>
    <Point X="382" Y="298"/>
    <Point X="390" Y="290"/>
    <Point X="399" Y="281"/>
    <Point X="407" Y="274"/>
    <Point X="413" Y="267"/>
    <Point X="420" Y="260"/>
    <Point X="426" Y="255"/>
    <Point X="430" Y="251"/>
    <Point X="433" Y="247"/>
    <Point X="434" Y="247"/>
    <Point X="434" Y="246"/>
    <Point X="435" Y="246"/>
    <Point X="435" Y="247"/>
    <Point X="437" Y="250"/>
    <Point X="439" Y="255"/>
    <Point X="442" Y="262"/>
    <Point X="445" Y="269"/>
    <Point X="448" Y="279"/>
    <Point X="452" Y="289"/>
    <Point X="456" Y="300"/>
    <Point X="459" Y="310"/>
    <Point X="462" Y="319"/>
    <Point X="464" Y="327"/>
    <Point X="466" Y="334"/>
    <Point X="467" Y="339"/>
    <Point X="468" Y="342"/>
</Gesture>
