<?xml version="1.0" ?>
<Gesture Name="09" Subject="2" Number="9" NumPts="38">
    <Point X="323" Y="305"/>
    <Point X="325" Y="305"/>
    <Point X="326" Y="303"/>
    <Point X="328" Y="300"/>
    <Point X="332" Y="297"/>
    <Point X="336" Y="293"/>
    <Point X="341" Y="289"/>
    <Point X="347" Y="282"/>
    <Point X="353" Y="274"/>
    <Point X="360" Y="265"/>
    <Point X="368" Y="257"/>
    <Point X="376" Y="247"/>
    <Point X="383" Y="238"/>
    <Point X="390" Y="230"/>
    <Point X="397" Y="222"/>
    <Point X="403" Y="215"/>
    <Point X="408" Y="208"/>
    <Point X="414" Y="203"/>
    <Point X="419" Y="198"/>
    <Point X="423" Y="193"/>
    <Point X="427" Y="190"/>
    <Point X="428" Y="190"/>
    <Point X="428" Y="191"/>
    <Point X="428" Y="194"/>
    <Point X="428" Y="199"/>
    <Point X="428" Y="206"/>
    <Point X="428" Y="215"/>
    <Point X="428" Y="225"/>
    <Point X="428" Y="236"/>
    <Point X="429" Y="248"/>
    <Point X="430" Y="261"/>
    <Point X="431" Y="274"/>
    <Point X="433" Y="286"/>
    <Point X="434" Y="297"/>
    <Point X="437" Y="305"/>
    <Point X="438" Y="311"/>
    <Point X="439" Y="315"/>
    <Point X="439" Y="316"/>
</Gesture>
