<?xml version="1.0" ?>
<Gesture Name="07" Subject="2" Number="7" NumPts="40">
    <Point X="329" Y="339"/>
    <Point X="329" Y="338"/>
    <Point X="331" Y="337"/>
    <Point X="333" Y="336"/>
    <Point X="336" Y="333"/>
    <Point X="340" Y="330"/>
    <Point X="345" Y="325"/>
    <Point X="352" Y="319"/>
    <Point X="359" Y="312"/>
    <Point X="368" Y="305"/>
    <Point X="377" Y="297"/>
    <Point X="385" Y="289"/>
    <Point X="392" Y="281"/>
    <Point X="399" Y="274"/>
    <Point X="406" Y="268"/>
    <Point X="412" Y="261"/>
    <Point X="418" Y="256"/>
    <Point X="423" Y="251"/>
    <Point X="426" Y="247"/>
    <Point X="429" Y="244"/>
    <Point X="430" Y="243"/>
    <Point X="431" Y="243"/>
    <Point X="432" Y="243"/>
    <Point X="432" Y="244"/>
    <Point X="433" Y="245"/>
    <Point X="435" Y="249"/>
    <Point X="437" Y="255"/>
    <Point X="439" Y="262"/>
    <Point X="442" Y="271"/>
    <Point X="445" Y="280"/>
    <Point X="447" Y="291"/>
    <Point X="449" Y="302"/>
    <Point X="451" Y="312"/>
    <Point X="454" Y="323"/>
    <Point X="455" Y="333"/>
    <Point X="456" Y="342"/>
    <Point X="457" Y="349"/>
    <Point X="459" Y="355"/>
    <Point X="459" Y="359"/>
    <Point X="459" Y="360"/>
</Gesture>
