<?xml version="1.0" ?>
<Gesture Name="04" Subject="2" Number="4" NumPts="41">
    <Point X="317" Y="341"/>
    <Point X="318" Y="341"/>
    <Point X="319" Y="340"/>
    <Point X="320" Y="340"/>
    <Point X="322" Y="338"/>
    <Point X="325" Y="337"/>
    <Point X="329" Y="333"/>
    <Point X="335" Y="330"/>
    <Point X="343" Y="325"/>
    <Point X="352" Y="320"/>
    <Point X="362" Y="314"/>
    <Point X="372" Y="309"/>
    <Point X="383" Y="303"/>
    <Point X="393" Y="297"/>
    <Point X="403" Y="290"/>
    <Point X="413" Y="284"/>
    <Point X="420" Y="277"/>
    <Point X="426" Y="270"/>
    <Point X="433" Y="264"/>
    <Point X="437" Y="258"/>
    <Point X="440" Y="253"/>
    <Point X="443" Y="248"/>
    <Point X="444" Y="244"/>
    <Point X="444" Y="242"/>
    <Point X="444" Y="241"/>
    <Point X="444" Y="242"/>
    <Point X="444" Y="244"/>
    <Point X="444" Y="248"/>
    <Point X="444" Y="255"/>
    <Point X="444" Y="263"/>
    <Point X="444" Y="273"/>
    <Point X="444" Y="283"/>
    <Point X="444" Y="295"/>
    <Point X="445" Y="306"/>
    <Point X="446" Y="315"/>
    <Point X="446" Y="323"/>
    <Point X="448" Y="328"/>
    <Point X="449" Y="333"/>
    <Point X="450" Y="337"/>
    <Point X="452" Y="340"/>
    <Point X="452" Y="341"/>
</Gesture>
