<?xml version="1.0" ?>
<Gesture Name="07" Subject="2" Number="7" NumPts="34">
    <Point X="334" Y="276"/>
    <Point X="335" Y="278"/>
    <Point X="336" Y="280"/>
    <Point X="337" Y="281"/>
    <Point X="338" Y="283"/>
    <Point X="340" Y="287"/>
    <Point X="343" Y="291"/>
    <Point X="346" Y="296"/>
    <Point X="349" Y="301"/>
    <Point X="351" Y="305"/>
    <Point X="353" Y="308"/>
    <Point X="353" Y="310"/>
    <Point X="353" Y="311"/>
    <Point X="354" Y="311"/>
    <Point X="355" Y="311"/>
    <Point X="357" Y="310"/>
    <Point X="358" Y="309"/>
    <Point X="361" Y="306"/>
    <Point X="365" Y="302"/>
    <Point X="373" Y="295"/>
    <Point X="382" Y="286"/>
    <Point X="393" Y="275"/>
    <Point X="407" Y="263"/>
    <Point X="419" Y="251"/>
    <Point X="433" Y="238"/>
    <Point X="446" Y="224"/>
    <Point X="457" Y="212"/>
    <Point X="467" Y="199"/>
    <Point X="474" Y="188"/>
    <Point X="480" Y="179"/>
    <Point X="484" Y="172"/>
    <Point X="486" Y="166"/>
    <Point X="487" Y="161"/>
    <Point X="487" Y="157"/>
</Gesture>
