<?xml version="1.0" ?>
<Gesture Name="10" Subject="2" Number="10" NumPts="33">
    <Point X="323" Y="265"/>
    <Point X="325" Y="267"/>
    <Point X="327" Y="269"/>
    <Point X="328" Y="270"/>
    <Point X="329" Y="272"/>
    <Point X="331" Y="275"/>
    <Point X="333" Y="278"/>
    <Point X="335" Y="280"/>
    <Point X="337" Y="283"/>
    <Point X="338" Y="284"/>
    <Point X="340" Y="286"/>
    <Point X="342" Y="288"/>
    <Point X="342" Y="289"/>
    <Point X="343" Y="289"/>
    <Point X="344" Y="289"/>
    <Point X="345" Y="289"/>
    <Point X="348" Y="289"/>
    <Point X="349" Y="289"/>
    <Point X="351" Y="287"/>
    <Point X="355" Y="284"/>
    <Point X="360" Y="280"/>
    <Point X="367" Y="274"/>
    <Point X="376" Y="265"/>
    <Point X="386" Y="255"/>
    <Point X="396" Y="244"/>
    <Point X="406" Y="230"/>
    <Point X="416" Y="216"/>
    <Point X="425" Y="204"/>
    <Point X="434" Y="191"/>
    <Point X="440" Y="180"/>
    <Point X="446" Y="171"/>
    <Point X="450" Y="164"/>
    <Point X="452" Y="157"/>
</Gesture>
