<?xml version="1.0" ?>
<Gesture Name="01" Subject="2" Number="1" NumPts="43">
    <Point X="290" Y="246"/>
    <Point X="291" Y="246"/>
    <Point X="291" Y="247"/>
    <Point X="292" Y="248"/>
    <Point X="293" Y="249"/>
    <Point X="293" Y="251"/>
    <Point X="295" Y="253"/>
    <Point X="296" Y="255"/>
    <Point X="297" Y="257"/>
    <Point X="298" Y="260"/>
    <Point X="299" Y="262"/>
    <Point X="301" Y="265"/>
    <Point X="302" Y="269"/>
    <Point X="304" Y="273"/>
    <Point X="306" Y="277"/>
    <Point X="308" Y="281"/>
    <Point X="310" Y="285"/>
    <Point X="311" Y="289"/>
    <Point X="312" Y="289"/>
    <Point X="312" Y="290"/>
    <Point X="313" Y="290"/>
    <Point X="314" Y="288"/>
    <Point X="315" Y="286"/>
    <Point X="317" Y="282"/>
    <Point X="320" Y="276"/>
    <Point X="324" Y="268"/>
    <Point X="329" Y="257"/>
    <Point X="334" Y="247"/>
    <Point X="340" Y="235"/>
    <Point X="347" Y="222"/>
    <Point X="354" Y="210"/>
    <Point X="363" Y="197"/>
    <Point X="372" Y="184"/>
    <Point X="381" Y="172"/>
    <Point X="389" Y="162"/>
    <Point X="397" Y="153"/>
    <Point X="404" Y="146"/>
    <Point X="410" Y="139"/>
    <Point X="415" Y="134"/>
    <Point X="418" Y="131"/>
    <Point X="420" Y="129"/>
    <Point X="420" Y="128"/>
    <Point X="419" Y="126"/>
</Gesture>
