<?xml version="1.0" ?>
<Gesture Name="04" Subject="2" Number="4" NumPts="35">
    <Point X="333" Y="281"/>
    <Point X="334" Y="284"/>
    <Point X="336" Y="286"/>
    <Point X="338" Y="288"/>
    <Point X="340" Y="291"/>
    <Point X="343" Y="295"/>
    <Point X="346" Y="299"/>
    <Point X="350" Y="304"/>
    <Point X="354" Y="309"/>
    <Point X="358" Y="313"/>
    <Point X="361" Y="316"/>
    <Point X="363" Y="317"/>
    <Point X="364" Y="318"/>
    <Point X="365" Y="318"/>
    <Point X="366" Y="317"/>
    <Point X="367" Y="314"/>
    <Point X="370" Y="309"/>
    <Point X="373" Y="302"/>
    <Point X="379" Y="292"/>
    <Point X="384" Y="283"/>
    <Point X="391" Y="273"/>
    <Point X="398" Y="263"/>
    <Point X="406" Y="253"/>
    <Point X="414" Y="242"/>
    <Point X="422" Y="232"/>
    <Point X="430" Y="223"/>
    <Point X="437" Y="215"/>
    <Point X="443" Y="208"/>
    <Point X="447" Y="202"/>
    <Point X="449" Y="197"/>
    <Point X="451" Y="193"/>
    <Point X="452" Y="191"/>
    <Point X="452" Y="188"/>
    <Point X="453" Y="187"/>
    <Point X="453" Y="185"/>
</Gesture>
