<?xml version="1.0" ?>
<Gesture Name="06" Subject="2" Number="6" NumPts="33">
    <Point X="313" Y="281"/>
    <Point X="313" Y="280"/>
    <Point X="314" Y="281"/>
    <Point X="315" Y="282"/>
    <Point X="317" Y="285"/>
    <Point X="321" Y="289"/>
    <Point X="325" Y="294"/>
    <Point X="330" Y="300"/>
    <Point X="334" Y="306"/>
    <Point X="338" Y="312"/>
    <Point X="342" Y="317"/>
    <Point X="344" Y="323"/>
    <Point X="346" Y="328"/>
    <Point X="347" Y="327"/>
    <Point X="348" Y="324"/>
    <Point X="350" Y="320"/>
    <Point X="353" Y="313"/>
    <Point X="358" Y="304"/>
    <Point X="364" Y="294"/>
    <Point X="372" Y="282"/>
    <Point X="382" Y="269"/>
    <Point X="392" Y="255"/>
    <Point X="402" Y="242"/>
    <Point X="411" Y="229"/>
    <Point X="418" Y="217"/>
    <Point X="425" Y="205"/>
    <Point X="432" Y="194"/>
    <Point X="437" Y="187"/>
    <Point X="440" Y="180"/>
    <Point X="442" Y="174"/>
    <Point X="443" Y="170"/>
    <Point X="443" Y="167"/>
    <Point X="444" Y="165"/>
</Gesture>
