<?xml version="1.0" ?>
<Gesture Name="08" Subject="2" Number="8" NumPts="33">
    <Point X="327" Y="296"/>
    <Point X="328" Y="296"/>
    <Point X="329" Y="297"/>
    <Point X="331" Y="301"/>
    <Point X="334" Y="305"/>
    <Point X="337" Y="308"/>
    <Point X="341" Y="313"/>
    <Point X="345" Y="317"/>
    <Point X="349" Y="322"/>
    <Point X="352" Y="327"/>
    <Point X="355" Y="331"/>
    <Point X="357" Y="334"/>
    <Point X="358" Y="335"/>
    <Point X="359" Y="336"/>
    <Point X="360" Y="336"/>
    <Point X="361" Y="336"/>
    <Point X="362" Y="335"/>
    <Point X="364" Y="333"/>
    <Point X="368" Y="329"/>
    <Point X="374" Y="323"/>
    <Point X="381" Y="315"/>
    <Point X="391" Y="305"/>
    <Point X="402" Y="294"/>
    <Point X="414" Y="282"/>
    <Point X="428" Y="268"/>
    <Point X="442" Y="255"/>
    <Point X="455" Y="241"/>
    <Point X="463" Y="231"/>
    <Point X="472" Y="221"/>
    <Point X="477" Y="213"/>
    <Point X="480" Y="206"/>
    <Point X="481" Y="201"/>
    <Point X="482" Y="196"/>
</Gesture>
