<?xml version="1.0" ?>
<Gesture Name="02" Subject="2" Number="2" NumPts="118">
    <Point X="340" Y="165"/>
    <Point X="338" Y="165"/>
    <Point X="336" Y="167"/>
    <Point X="334" Y="169"/>
    <Point X="331" Y="171"/>
    <Point X="329" Y="173"/>
    <Point X="326" Y="175"/>
    <Point X="325" Y="176"/>
    <Point X="323" Y="177"/>
    <Point X="322" Y="179"/>
    <Point X="320" Y="183"/>
    <Point X="318" Y="186"/>
    <Point X="317" Y="190"/>
    <Point X="315" Y="194"/>
    <Point X="314" Y="200"/>
    <Point X="313" Y="205"/>
    <Point X="312" Y="211"/>
    <Point X="311" Y="215"/>
    <Point X="310" Y="219"/>
    <Point X="310" Y="224"/>
    <Point X="310" Y="228"/>
    <Point X="310" Y="233"/>
    <Point X="310" Y="237"/>
    <Point X="310" Y="241"/>
    <Point X="311" Y="244"/>
    <Point X="312" Y="247"/>
    <Point X="313" Y="250"/>
    <Point X="315" Y="253"/>
    <Point X="317" Y="255"/>
    <Point X="320" Y="256"/>
    <Point X="323" Y="257"/>
    <Point X="326" Y="258"/>
    <Point X="329" Y="259"/>
    <Point X="333" Y="259"/>
    <Point X="338" Y="260"/>
    <Point X="343" Y="261"/>
    <Point X="348" Y="261"/>
    <Point X="354" Y="261"/>
    <Point X="358" Y="261"/>
    <Point X="363" Y="261"/>
    <Point X="368" Y="261"/>
    <Point X="372" Y="261"/>
    <Point X="375" Y="260"/>
    <Point X="379" Y="259"/>
    <Point X="382" Y="258"/>
    <Point X="384" Y="257"/>
    <Point X="387" Y="256"/>
    <Point X="390" Y="255"/>
    <Point X="393" Y="253"/>
    <Point X="395" Y="251"/>
    <Point X="398" Y="249"/>
    <Point X="401" Y="247"/>
    <Point X="402" Y="245"/>
    <Point X="404" Y="243"/>
    <Point X="406" Y="241"/>
    <Point X="407" Y="239"/>
    <Point X="409" Y="236"/>
    <Point X="410" Y="233"/>
    <Point X="411" Y="230"/>
    <Point X="411" Y="228"/>
    <Point X="412" Y="224"/>
    <Point X="412" Y="221"/>
    <Point X="413" Y="217"/>
    <Point X="413" Y="214"/>
    <Point X="413" Y="210"/>
    <Point X="413" Y="206"/>
    <Point X="412" Y="202"/>
    <Point X="411" Y="199"/>
    <Point X="411" Y="196"/>
    <Point X="410" Y="193"/>
    <Point X="409" Y="190"/>
    <Point X="408" Y="188"/>
    <Point X="407" Y="186"/>
    <Point X="405" Y="184"/>
    <Point X="404" Y="182"/>
    <Point X="403" Y="180"/>
    <Point X="401" Y="178"/>
    <Point X="400" Y="176"/>
    <Point X="398" Y="174"/>
    <Point X="397" Y="174"/>
    <Point X="396" Y="172"/>
    <Point X="394" Y="171"/>
    <Point X="393" Y="170"/>
    <Point X="391" Y="169"/>
    <Point X="390" Y="169"/>
    <Point X="389" Y="168"/>
    <Point X="388" Y="167"/>
    <Point X="386" Y="167"/>
    <Point X="384" Y="165"/>
    <Point X="383" Y="164"/>
    <Point X="382" Y="164"/>
    <Point X="380" Y="163"/>
    <Point X="378" Y="162"/>
    <Point X="376" Y="161"/>
    <Point X="373" Y="161"/>
    <Point X="371" Y="160"/>
    <Point X="368" Y="159"/>
    <Point X="366" Y="159"/>
    <Point X="364" Y="158"/>
    <Point X="361" Y="158"/>
    <Point X="359" Y="158"/>
    <Point X="357" Y="158"/>
    <Point X="356" Y="157"/>
    <Point X="354" Y="157"/>
    <Point X="353" Y="157"/>
    <Point X="352" Y="157"/>
    <Point X="351" Y="157"/>
    <Point X="349" Y="157"/>
    <Point X="347" Y="157"/>
    <Point X="344" Y="157"/>
    <Point X="343" Y="157"/>
    <Point X="341" Y="157"/>
    <Point X="340" Y="157"/>
    <Point X="339" Y="157"/>
    <Point X="338" Y="158"/>
    <Point X="338" Y="159"/>
    <Point X="336" Y="160"/>
    <Point X="335" Y="161"/>
</Gesture>
