<?xml version="1.0" ?>
<Gesture Name="03" Subject="2" Number="3" NumPts="117">
    <Point X="345" Y="170"/>
    <Point X="344" Y="170"/>
    <Point X="342" Y="170"/>
    <Point X="339" Y="170"/>
    <Point X="338" Y="170"/>
    <Point X="337" Y="170"/>
    <Point X="335" Y="171"/>
    <Point X="332" Y="172"/>
    <Point X="329" Y="173"/>
    <Point X="326" Y="175"/>
    <Point X="324" Y="176"/>
    <Point X="321" Y="178"/>
    <Point X="319" Y="180"/>
    <Point X="317" Y="182"/>
    <Point X="315" Y="185"/>
    <Point X="313" Y="188"/>
    <Point X="311" Y="191"/>
    <Point X="310" Y="195"/>
    <Point X="308" Y="199"/>
    <Point X="308" Y="203"/>
    <Point X="307" Y="206"/>
    <Point X="307" Y="211"/>
    <Point X="307" Y="216"/>
    <Point X="307" Y="220"/>
    <Point X="307" Y="224"/>
    <Point X="308" Y="228"/>
    <Point X="308" Y="231"/>
    <Point X="310" Y="235"/>
    <Point X="311" Y="239"/>
    <Point X="312" Y="242"/>
    <Point X="314" Y="245"/>
    <Point X="316" Y="249"/>
    <Point X="318" Y="252"/>
    <Point X="320" Y="255"/>
    <Point X="322" Y="257"/>
    <Point X="325" Y="259"/>
    <Point X="328" Y="260"/>
    <Point X="331" Y="262"/>
    <Point X="335" Y="263"/>
    <Point X="340" Y="264"/>
    <Point X="345" Y="265"/>
    <Point X="350" Y="266"/>
    <Point X="357" Y="267"/>
    <Point X="362" Y="267"/>
    <Point X="368" Y="267"/>
    <Point X="374" Y="267"/>
    <Point X="381" Y="267"/>
    <Point X="387" Y="266"/>
    <Point X="392" Y="266"/>
    <Point X="398" Y="265"/>
    <Point X="403" Y="264"/>
    <Point X="408" Y="262"/>
    <Point X="412" Y="261"/>
    <Point X="416" Y="259"/>
    <Point X="419" Y="257"/>
    <Point X="422" Y="255"/>
    <Point X="424" Y="253"/>
    <Point X="426" Y="252"/>
    <Point X="427" Y="250"/>
    <Point X="429" Y="248"/>
    <Point X="430" Y="245"/>
    <Point X="432" Y="243"/>
    <Point X="433" Y="241"/>
    <Point X="433" Y="238"/>
    <Point X="434" Y="235"/>
    <Point X="434" Y="232"/>
    <Point X="435" Y="228"/>
    <Point X="435" Y="224"/>
    <Point X="435" Y="221"/>
    <Point X="435" Y="217"/>
    <Point X="434" Y="213"/>
    <Point X="434" Y="209"/>
    <Point X="432" Y="206"/>
    <Point X="431" Y="202"/>
    <Point X="430" Y="200"/>
    <Point X="430" Y="198"/>
    <Point X="429" Y="195"/>
    <Point X="428" Y="193"/>
    <Point X="427" Y="191"/>
    <Point X="425" Y="189"/>
    <Point X="424" Y="187"/>
    <Point X="422" Y="185"/>
    <Point X="419" Y="183"/>
    <Point X="417" Y="181"/>
    <Point X="414" Y="179"/>
    <Point X="411" Y="177"/>
    <Point X="407" Y="175"/>
    <Point X="403" Y="173"/>
    <Point X="400" Y="172"/>
    <Point X="396" Y="171"/>
    <Point X="391" Y="169"/>
    <Point X="388" Y="168"/>
    <Point X="384" Y="167"/>
    <Point X="380" Y="167"/>
    <Point X="377" Y="166"/>
    <Point X="373" Y="165"/>
    <Point X="370" Y="164"/>
    <Point X="368" Y="164"/>
    <Point X="366" Y="164"/>
    <Point X="363" Y="164"/>
    <Point X="361" Y="164"/>
    <Point X="358" Y="164"/>
    <Point X="356" Y="164"/>
    <Point X="353" Y="164"/>
    <Point X="350" Y="164"/>
    <Point X="347" Y="164"/>
    <Point X="343" Y="164"/>
    <Point X="342" Y="164"/>
    <Point X="340" Y="164"/>
    <Point X="338" Y="164"/>
    <Point X="336" Y="165"/>
    <Point X="335" Y="165"/>
    <Point X="332" Y="166"/>
    <Point X="331" Y="166"/>
    <Point X="330" Y="166"/>
    <Point X="329" Y="166"/>
    <Point X="328" Y="166"/>
</Gesture>
