<?xml version="1.0" ?>
<Gesture Name="05" Subject="2" Number="5" NumPts="103">
    <Point X="365" Y="187"/>
    <Point X="364" Y="187"/>
    <Point X="362" Y="187"/>
    <Point X="361" Y="188"/>
    <Point X="360" Y="189"/>
    <Point X="358" Y="189"/>
    <Point X="356" Y="191"/>
    <Point X="353" Y="192"/>
    <Point X="350" Y="194"/>
    <Point X="346" Y="197"/>
    <Point X="342" Y="200"/>
    <Point X="337" Y="204"/>
    <Point X="332" Y="208"/>
    <Point X="328" Y="212"/>
    <Point X="324" Y="217"/>
    <Point X="321" Y="222"/>
    <Point X="319" Y="228"/>
    <Point X="318" Y="233"/>
    <Point X="316" Y="238"/>
    <Point X="314" Y="244"/>
    <Point X="314" Y="249"/>
    <Point X="314" Y="254"/>
    <Point X="314" Y="258"/>
    <Point X="314" Y="262"/>
    <Point X="315" Y="266"/>
    <Point X="317" Y="269"/>
    <Point X="318" Y="271"/>
    <Point X="319" Y="273"/>
    <Point X="321" Y="276"/>
    <Point X="323" Y="278"/>
    <Point X="326" Y="281"/>
    <Point X="328" Y="283"/>
    <Point X="330" Y="285"/>
    <Point X="333" Y="287"/>
    <Point X="336" Y="288"/>
    <Point X="340" Y="289"/>
    <Point X="344" Y="290"/>
    <Point X="349" Y="290"/>
    <Point X="354" Y="290"/>
    <Point X="359" Y="290"/>
    <Point X="364" Y="290"/>
    <Point X="370" Y="290"/>
    <Point X="374" Y="290"/>
    <Point X="379" Y="290"/>
    <Point X="384" Y="290"/>
    <Point X="387" Y="289"/>
    <Point X="390" Y="288"/>
    <Point X="393" Y="287"/>
    <Point X="396" Y="285"/>
    <Point X="400" Y="283"/>
    <Point X="403" Y="281"/>
    <Point X="406" Y="279"/>
    <Point X="409" Y="276"/>
    <Point X="412" Y="273"/>
    <Point X="414" Y="270"/>
    <Point X="415" Y="267"/>
    <Point X="417" Y="264"/>
    <Point X="419" Y="260"/>
    <Point X="420" Y="257"/>
    <Point X="421" Y="253"/>
    <Point X="422" Y="249"/>
    <Point X="423" Y="245"/>
    <Point X="424" Y="242"/>
    <Point X="425" Y="238"/>
    <Point X="425" Y="235"/>
    <Point X="425" Y="231"/>
    <Point X="425" Y="227"/>
    <Point X="425" Y="224"/>
    <Point X="425" Y="221"/>
    <Point X="425" Y="218"/>
    <Point X="425" Y="214"/>
    <Point X="424" Y="211"/>
    <Point X="423" Y="208"/>
    <Point X="422" Y="206"/>
    <Point X="421" Y="204"/>
    <Point X="420" Y="202"/>
    <Point X="420" Y="201"/>
    <Point X="418" Y="199"/>
    <Point X="417" Y="198"/>
    <Point X="416" Y="198"/>
    <Point X="416" Y="197"/>
    <Point X="415" Y="196"/>
    <Point X="414" Y="196"/>
    <Point X="412" Y="196"/>
    <Point X="411" Y="196"/>
    <Point X="409" Y="195"/>
    <Point X="408" Y="195"/>
    <Point X="406" Y="195"/>
    <Point X="404" Y="195"/>
    <Point X="403" Y="195"/>
    <Point X="400" Y="195"/>
    <Point X="397" Y="195"/>
    <Point X="394" Y="195"/>
    <Point X="391" Y="195"/>
    <Point X="388" Y="195"/>
    <Point X="385" Y="195"/>
    <Point X="381" Y="195"/>
    <Point X="378" Y="195"/>
    <Point X="376" Y="195"/>
    <Point X="375" Y="195"/>
    <Point X="374" Y="195"/>
    <Point X="373" Y="195"/>
    <Point X="372" Y="195"/>
</Gesture>
