<?xml version="1.0" ?>
<Gesture Name="06" Subject="2" Number="6" NumPts="123">
    <Point X="369" Y="219"/>
    <Point X="368" Y="219"/>
    <Point X="366" Y="220"/>
    <Point X="365" Y="220"/>
    <Point X="363" Y="221"/>
    <Point X="360" Y="222"/>
    <Point X="357" Y="224"/>
    <Point X="354" Y="225"/>
    <Point X="350" Y="227"/>
    <Point X="346" Y="228"/>
    <Point X="343" Y="231"/>
    <Point X="340" Y="234"/>
    <Point X="337" Y="237"/>
    <Point X="334" Y="239"/>
    <Point X="331" Y="243"/>
    <Point X="329" Y="247"/>
    <Point X="327" Y="251"/>
    <Point X="326" Y="255"/>
    <Point X="324" Y="261"/>
    <Point X="323" Y="266"/>
    <Point X="322" Y="271"/>
    <Point X="321" Y="276"/>
    <Point X="320" Y="282"/>
    <Point X="320" Y="287"/>
    <Point X="320" Y="292"/>
    <Point X="320" Y="295"/>
    <Point X="321" Y="298"/>
    <Point X="322" Y="301"/>
    <Point X="324" Y="304"/>
    <Point X="325" Y="306"/>
    <Point X="327" Y="308"/>
    <Point X="329" Y="310"/>
    <Point X="331" Y="311"/>
    <Point X="333" Y="313"/>
    <Point X="336" Y="314"/>
    <Point X="338" Y="315"/>
    <Point X="340" Y="316"/>
    <Point X="344" Y="317"/>
    <Point X="347" Y="318"/>
    <Point X="351" Y="319"/>
    <Point X="355" Y="320"/>
    <Point X="358" Y="321"/>
    <Point X="361" Y="322"/>
    <Point X="365" Y="323"/>
    <Point X="368" Y="323"/>
    <Point X="371" Y="324"/>
    <Point X="373" Y="324"/>
    <Point X="376" Y="324"/>
    <Point X="380" Y="324"/>
    <Point X="383" Y="324"/>
    <Point X="386" Y="324"/>
    <Point X="389" Y="324"/>
    <Point X="391" Y="324"/>
    <Point X="394" Y="323"/>
    <Point X="398" Y="322"/>
    <Point X="400" Y="321"/>
    <Point X="402" Y="320"/>
    <Point X="404" Y="319"/>
    <Point X="407" Y="316"/>
    <Point X="409" Y="315"/>
    <Point X="410" Y="313"/>
    <Point X="412" Y="311"/>
    <Point X="414" Y="309"/>
    <Point X="415" Y="306"/>
    <Point X="416" Y="304"/>
    <Point X="417" Y="301"/>
    <Point X="418" Y="298"/>
    <Point X="419" Y="294"/>
    <Point X="420" Y="290"/>
    <Point X="420" Y="286"/>
    <Point X="420" Y="283"/>
    <Point X="420" Y="280"/>
    <Point X="420" Y="276"/>
    <Point X="421" Y="273"/>
    <Point X="421" Y="270"/>
    <Point X="421" Y="267"/>
    <Point X="421" Y="263"/>
    <Point X="421" Y="260"/>
    <Point X="421" Y="257"/>
    <Point X="421" Y="255"/>
    <Point X="421" Y="252"/>
    <Point X="421" Y="250"/>
    <Point X="421" Y="248"/>
    <Point X="421" Y="247"/>
    <Point X="421" Y="245"/>
    <Point X="421" Y="242"/>
    <Point X="420" Y="241"/>
    <Point X="419" Y="239"/>
    <Point X="419" Y="238"/>
    <Point X="418" Y="236"/>
    <Point X="418" Y="235"/>
    <Point X="417" Y="233"/>
    <Point X="417" Y="232"/>
    <Point X="415" Y="230"/>
    <Point X="415" Y="229"/>
    <Point X="414" Y="228"/>
    <Point X="413" Y="227"/>
    <Point X="411" Y="225"/>
    <Point X="410" Y="225"/>
    <Point X="408" Y="224"/>
    <Point X="407" Y="224"/>
    <Point X="404" Y="223"/>
    <Point X="402" Y="222"/>
    <Point X="400" Y="222"/>
    <Point X="398" Y="221"/>
    <Point X="396" Y="221"/>
    <Point X="395" Y="220"/>
    <Point X="394" Y="220"/>
    <Point X="391" Y="220"/>
    <Point X="388" Y="220"/>
    <Point X="387" Y="219"/>
    <Point X="384" Y="219"/>
    <Point X="383" Y="219"/>
    <Point X="381" Y="219"/>
    <Point X="380" Y="219"/>
    <Point X="379" Y="219"/>
    <Point X="377" Y="219"/>
    <Point X="376" Y="219"/>
    <Point X="376" Y="218"/>
    <Point X="375" Y="218"/>
    <Point X="374" Y="218"/>
    <Point X="373" Y="218"/>
    <Point X="372" Y="218"/>
</Gesture>
