<?xml version="1.0" ?>
<Gesture Name="04" Subject="2" Number="4" NumPts="113">
    <Point X="387" Y="185"/>
    <Point X="385" Y="185"/>
    <Point X="383" Y="185"/>
    <Point X="382" Y="185"/>
    <Point X="381" Y="185"/>
    <Point X="379" Y="186"/>
    <Point X="375" Y="187"/>
    <Point X="371" Y="188"/>
    <Point X="366" Y="190"/>
    <Point X="361" Y="192"/>
    <Point X="357" Y="195"/>
    <Point X="354" Y="197"/>
    <Point X="351" Y="200"/>
    <Point X="348" Y="204"/>
    <Point X="345" Y="208"/>
    <Point X="344" Y="213"/>
    <Point X="342" Y="218"/>
    <Point X="342" Y="224"/>
    <Point X="341" Y="230"/>
    <Point X="341" Y="237"/>
    <Point X="340" Y="244"/>
    <Point X="340" Y="252"/>
    <Point X="340" Y="259"/>
    <Point X="340" Y="267"/>
    <Point X="340" Y="273"/>
    <Point X="340" Y="279"/>
    <Point X="340" Y="284"/>
    <Point X="340" Y="288"/>
    <Point X="341" Y="292"/>
    <Point X="342" Y="295"/>
    <Point X="344" Y="298"/>
    <Point X="346" Y="301"/>
    <Point X="348" Y="303"/>
    <Point X="351" Y="305"/>
    <Point X="355" Y="306"/>
    <Point X="359" Y="307"/>
    <Point X="365" Y="308"/>
    <Point X="372" Y="309"/>
    <Point X="379" Y="309"/>
    <Point X="386" Y="309"/>
    <Point X="392" Y="309"/>
    <Point X="398" Y="309"/>
    <Point X="404" Y="309"/>
    <Point X="410" Y="309"/>
    <Point X="415" Y="309"/>
    <Point X="420" Y="309"/>
    <Point X="423" Y="308"/>
    <Point X="426" Y="307"/>
    <Point X="428" Y="306"/>
    <Point X="431" Y="304"/>
    <Point X="433" Y="302"/>
    <Point X="436" Y="301"/>
    <Point X="438" Y="299"/>
    <Point X="441" Y="297"/>
    <Point X="443" Y="295"/>
    <Point X="445" Y="293"/>
    <Point X="447" Y="291"/>
    <Point X="448" Y="289"/>
    <Point X="449" Y="285"/>
    <Point X="450" Y="282"/>
    <Point X="451" Y="278"/>
    <Point X="451" Y="274"/>
    <Point X="452" Y="269"/>
    <Point X="452" Y="264"/>
    <Point X="452" Y="258"/>
    <Point X="452" Y="253"/>
    <Point X="452" Y="247"/>
    <Point X="452" Y="243"/>
    <Point X="452" Y="239"/>
    <Point X="452" Y="235"/>
    <Point X="452" Y="231"/>
    <Point X="452" Y="228"/>
    <Point X="452" Y="225"/>
    <Point X="451" Y="221"/>
    <Point X="451" Y="218"/>
    <Point X="450" Y="215"/>
    <Point X="448" Y="211"/>
    <Point X="446" Y="208"/>
    <Point X="445" Y="205"/>
    <Point X="443" Y="202"/>
    <Point X="442" Y="200"/>
    <Point X="441" Y="197"/>
    <Point X="439" Y="195"/>
    <Point X="438" Y="193"/>
    <Point X="436" Y="191"/>
    <Point X="435" Y="190"/>
    <Point X="434" Y="189"/>
    <Point X="433" Y="188"/>
    <Point X="433" Y="187"/>
    <Point X="431" Y="186"/>
    <Point X="430" Y="186"/>
    <Point X="428" Y="185"/>
    <Point X="426" Y="184"/>
    <Point X="424" Y="184"/>
    <Point X="423" Y="184"/>
    <Point X="422" Y="183"/>
    <Point X="418" Y="183"/>
    <Point X="415" Y="182"/>
    <Point X="412" Y="182"/>
    <Point X="409" Y="182"/>
    <Point X="406" Y="181"/>
    <Point X="403" Y="181"/>
    <Point X="399" Y="181"/>
    <Point X="395" Y="181"/>
    <Point X="391" Y="181"/>
    <Point X="387" Y="181"/>
    <Point X="383" Y="181"/>
    <Point X="380" Y="181"/>
    <Point X="379" Y="181"/>
    <Point X="378" Y="181"/>
    <Point X="377" Y="181"/>
    <Point X="376" Y="181"/>
    <Point X="376" Y="182"/>
</Gesture>
