<?xml version="1.0" ?>
<Gesture Name="10" Subject="2" Number="10" NumPts="129">
    <Point X="370" Y="156"/>
    <Point X="369" Y="156"/>
    <Point X="366" Y="157"/>
    <Point X="365" Y="158"/>
    <Point X="362" Y="160"/>
    <Point X="360" Y="161"/>
    <Point X="358" Y="163"/>
    <Point X="354" Y="166"/>
    <Point X="350" Y="169"/>
    <Point X="345" Y="173"/>
    <Point X="340" Y="177"/>
    <Point X="335" Y="181"/>
    <Point X="330" Y="186"/>
    <Point X="327" Y="191"/>
    <Point X="324" Y="196"/>
    <Point X="321" Y="201"/>
    <Point X="320" Y="206"/>
    <Point X="318" Y="211"/>
    <Point X="317" Y="217"/>
    <Point X="315" Y="222"/>
    <Point X="315" Y="227"/>
    <Point X="315" Y="232"/>
    <Point X="315" Y="238"/>
    <Point X="315" Y="242"/>
    <Point X="315" Y="248"/>
    <Point X="315" Y="253"/>
    <Point X="315" Y="258"/>
    <Point X="316" Y="263"/>
    <Point X="318" Y="268"/>
    <Point X="320" Y="273"/>
    <Point X="323" Y="279"/>
    <Point X="326" Y="284"/>
    <Point X="329" Y="289"/>
    <Point X="332" Y="293"/>
    <Point X="335" Y="298"/>
    <Point X="339" Y="302"/>
    <Point X="342" Y="305"/>
    <Point X="345" Y="308"/>
    <Point X="349" Y="310"/>
    <Point X="353" Y="313"/>
    <Point X="357" Y="314"/>
    <Point X="361" Y="315"/>
    <Point X="365" Y="316"/>
    <Point X="371" Y="317"/>
    <Point X="376" Y="317"/>
    <Point X="382" Y="317"/>
    <Point X="388" Y="317"/>
    <Point X="393" Y="317"/>
    <Point X="399" Y="316"/>
    <Point X="405" Y="315"/>
    <Point X="411" Y="313"/>
    <Point X="416" Y="312"/>
    <Point X="420" Y="310"/>
    <Point X="422" Y="308"/>
    <Point X="424" Y="306"/>
    <Point X="427" Y="304"/>
    <Point X="429" Y="301"/>
    <Point X="431" Y="297"/>
    <Point X="433" Y="294"/>
    <Point X="435" Y="291"/>
    <Point X="436" Y="289"/>
    <Point X="437" Y="285"/>
    <Point X="439" Y="281"/>
    <Point X="440" Y="277"/>
    <Point X="441" Y="273"/>
    <Point X="443" Y="270"/>
    <Point X="444" Y="266"/>
    <Point X="445" Y="263"/>
    <Point X="446" Y="259"/>
    <Point X="446" Y="255"/>
    <Point X="446" Y="252"/>
    <Point X="447" Y="248"/>
    <Point X="447" Y="243"/>
    <Point X="447" Y="238"/>
    <Point X="447" Y="234"/>
    <Point X="447" Y="229"/>
    <Point X="447" Y="224"/>
    <Point X="447" Y="221"/>
    <Point X="447" Y="216"/>
    <Point X="447" Y="212"/>
    <Point X="446" Y="208"/>
    <Point X="446" Y="205"/>
    <Point X="445" Y="201"/>
    <Point X="444" Y="198"/>
    <Point X="442" Y="195"/>
    <Point X="440" Y="192"/>
    <Point X="439" Y="188"/>
    <Point X="437" Y="185"/>
    <Point X="436" Y="183"/>
    <Point X="434" Y="181"/>
    <Point X="432" Y="178"/>
    <Point X="431" Y="176"/>
    <Point X="431" Y="175"/>
    <Point X="429" Y="173"/>
    <Point X="428" Y="171"/>
    <Point X="427" Y="171"/>
    <Point X="425" Y="169"/>
    <Point X="424" Y="168"/>
    <Point X="423" Y="168"/>
    <Point X="422" Y="168"/>
    <Point X="420" Y="167"/>
    <Point X="418" Y="166"/>
    <Point X="416" Y="164"/>
    <Point X="415" Y="164"/>
    <Point X="414" Y="163"/>
    <Point X="413" Y="163"/>
    <Point X="411" Y="162"/>
    <Point X="410" Y="162"/>
    <Point X="409" Y="162"/>
    <Point X="407" Y="161"/>
    <Point X="406" Y="161"/>
    <Point X="403" Y="161"/>
    <Point X="402" Y="161"/>
    <Point X="400" Y="161"/>
    <Point X="398" Y="160"/>
    <Point X="394" Y="160"/>
    <Point X="391" Y="159"/>
    <Point X="388" Y="159"/>
    <Point X="385" Y="159"/>
    <Point X="383" Y="159"/>
    <Point X="380" Y="158"/>
    <Point X="378" Y="158"/>
    <Point X="375" Y="158"/>
    <Point X="373" Y="158"/>
    <Point X="371" Y="158"/>
    <Point X="369" Y="158"/>
    <Point X="367" Y="158"/>
    <Point X="366" Y="158"/>
    <Point X="365" Y="158"/>
</Gesture>
