<?xml version="1.0" ?>
<Gesture Name="08" Subject="2" Number="8" NumPts="138">
    <Point X="371" Y="218"/>
    <Point X="370" Y="218"/>
    <Point X="368" Y="218"/>
    <Point X="367" Y="218"/>
    <Point X="365" Y="218"/>
    <Point X="363" Y="219"/>
    <Point X="362" Y="219"/>
    <Point X="360" Y="219"/>
    <Point X="359" Y="221"/>
    <Point X="357" Y="222"/>
    <Point X="356" Y="223"/>
    <Point X="354" Y="225"/>
    <Point X="354" Y="226"/>
    <Point X="353" Y="228"/>
    <Point X="352" Y="231"/>
    <Point X="350" Y="234"/>
    <Point X="348" Y="238"/>
    <Point X="347" Y="242"/>
    <Point X="345" Y="247"/>
    <Point X="343" Y="253"/>
    <Point X="342" Y="257"/>
    <Point X="341" Y="263"/>
    <Point X="340" Y="270"/>
    <Point X="340" Y="275"/>
    <Point X="339" Y="281"/>
    <Point X="339" Y="287"/>
    <Point X="339" Y="292"/>
    <Point X="339" Y="297"/>
    <Point X="339" Y="302"/>
    <Point X="340" Y="306"/>
    <Point X="341" Y="309"/>
    <Point X="342" Y="312"/>
    <Point X="344" Y="315"/>
    <Point X="345" Y="318"/>
    <Point X="346" Y="320"/>
    <Point X="348" Y="323"/>
    <Point X="350" Y="325"/>
    <Point X="353" Y="327"/>
    <Point X="356" Y="329"/>
    <Point X="359" Y="330"/>
    <Point X="362" Y="332"/>
    <Point X="366" Y="334"/>
    <Point X="370" Y="335"/>
    <Point X="375" Y="335"/>
    <Point X="380" Y="337"/>
    <Point X="386" Y="337"/>
    <Point X="391" Y="338"/>
    <Point X="396" Y="339"/>
    <Point X="401" Y="340"/>
    <Point X="406" Y="340"/>
    <Point X="411" Y="340"/>
    <Point X="415" Y="340"/>
    <Point X="418" Y="340"/>
    <Point X="420" Y="339"/>
    <Point X="423" Y="339"/>
    <Point X="425" Y="338"/>
    <Point X="428" Y="336"/>
    <Point X="430" Y="334"/>
    <Point X="432" Y="333"/>
    <Point X="435" Y="331"/>
    <Point X="437" Y="329"/>
    <Point X="439" Y="327"/>
    <Point X="442" Y="325"/>
    <Point X="444" Y="322"/>
    <Point X="446" Y="319"/>
    <Point X="448" Y="317"/>
    <Point X="450" Y="314"/>
    <Point X="451" Y="311"/>
    <Point X="453" Y="308"/>
    <Point X="454" Y="305"/>
    <Point X="456" Y="301"/>
    <Point X="457" Y="298"/>
    <Point X="458" Y="294"/>
    <Point X="458" Y="290"/>
    <Point X="459" Y="286"/>
    <Point X="459" Y="282"/>
    <Point X="459" Y="278"/>
    <Point X="459" Y="274"/>
    <Point X="459" Y="270"/>
    <Point X="459" Y="266"/>
    <Point X="459" Y="263"/>
    <Point X="459" Y="260"/>
    <Point X="459" Y="257"/>
    <Point X="459" Y="253"/>
    <Point X="459" Y="251"/>
    <Point X="459" Y="248"/>
    <Point X="459" Y="246"/>
    <Point X="458" Y="243"/>
    <Point X="458" Y="241"/>
    <Point X="457" Y="239"/>
    <Point X="456" Y="237"/>
    <Point X="456" Y="235"/>
    <Point X="455" Y="233"/>
    <Point X="454" Y="231"/>
    <Point X="452" Y="229"/>
    <Point X="451" Y="227"/>
    <Point X="450" Y="226"/>
    <Point X="449" Y="224"/>
    <Point X="447" Y="223"/>
    <Point X="446" Y="221"/>
    <Point X="444" Y="220"/>
    <Point X="442" Y="218"/>
    <Point X="440" Y="217"/>
    <Point X="437" Y="216"/>
    <Point X="435" Y="215"/>
    <Point X="433" Y="214"/>
    <Point X="432" Y="213"/>
    <Point X="429" Y="213"/>
    <Point X="428" Y="212"/>
    <Point X="426" Y="211"/>
    <Point X="424" Y="211"/>
    <Point X="421" Y="210"/>
    <Point X="419" Y="209"/>
    <Point X="417" Y="209"/>
    <Point X="415" Y="208"/>
    <Point X="412" Y="208"/>
    <Point X="409" Y="207"/>
    <Point X="405" Y="206"/>
    <Point X="401" Y="205"/>
    <Point X="397" Y="205"/>
    <Point X="393" Y="205"/>
    <Point X="389" Y="205"/>
    <Point X="387" Y="204"/>
    <Point X="383" Y="204"/>
    <Point X="382" Y="204"/>
    <Point X="380" Y="204"/>
    <Point X="379" Y="204"/>
    <Point X="378" Y="204"/>
    <Point X="377" Y="204"/>
    <Point X="376" Y="205"/>
    <Point X="375" Y="205"/>
    <Point X="374" Y="206"/>
    <Point X="373" Y="207"/>
    <Point X="371" Y="208"/>
    <Point X="370" Y="209"/>
    <Point X="368" Y="211"/>
    <Point X="368" Y="212"/>
    <Point X="366" Y="213"/>
</Gesture>
