<?xml version="1.0" ?>
<Gesture Name="01" Subject="2" Number="1" NumPts="127">
    <Point X="366" Y="155"/>
    <Point X="366" Y="156"/>
    <Point X="365" Y="157"/>
    <Point X="363" Y="158"/>
    <Point X="362" Y="159"/>
    <Point X="361" Y="161"/>
    <Point X="360" Y="162"/>
    <Point X="357" Y="165"/>
    <Point X="356" Y="167"/>
    <Point X="354" Y="169"/>
    <Point X="353" Y="170"/>
    <Point X="352" Y="172"/>
    <Point X="350" Y="174"/>
    <Point X="347" Y="177"/>
    <Point X="346" Y="179"/>
    <Point X="345" Y="182"/>
    <Point X="343" Y="185"/>
    <Point X="342" Y="188"/>
    <Point X="341" Y="191"/>
    <Point X="340" Y="194"/>
    <Point X="340" Y="198"/>
    <Point X="340" Y="202"/>
    <Point X="340" Y="205"/>
    <Point X="340" Y="208"/>
    <Point X="340" Y="211"/>
    <Point X="340" Y="214"/>
    <Point X="340" Y="218"/>
    <Point X="341" Y="220"/>
    <Point X="342" Y="222"/>
    <Point X="342" Y="225"/>
    <Point X="343" Y="229"/>
    <Point X="345" Y="231"/>
    <Point X="346" Y="233"/>
    <Point X="348" Y="236"/>
    <Point X="349" Y="238"/>
    <Point X="351" Y="241"/>
    <Point X="354" Y="243"/>
    <Point X="356" Y="244"/>
    <Point X="359" Y="246"/>
    <Point X="363" Y="247"/>
    <Point X="367" Y="247"/>
    <Point X="373" Y="248"/>
    <Point X="378" Y="249"/>
    <Point X="383" Y="249"/>
    <Point X="389" Y="249"/>
    <Point X="394" Y="249"/>
    <Point X="400" Y="248"/>
    <Point X="405" Y="247"/>
    <Point X="410" Y="246"/>
    <Point X="414" Y="245"/>
    <Point X="418" Y="243"/>
    <Point X="421" Y="241"/>
    <Point X="424" Y="240"/>
    <Point X="427" Y="238"/>
    <Point X="429" Y="235"/>
    <Point X="432" Y="233"/>
    <Point X="434" Y="231"/>
    <Point X="436" Y="230"/>
    <Point X="438" Y="228"/>
    <Point X="439" Y="226"/>
    <Point X="441" Y="223"/>
    <Point X="442" Y="221"/>
    <Point X="443" Y="218"/>
    <Point X="444" Y="215"/>
    <Point X="445" Y="212"/>
    <Point X="445" Y="210"/>
    <Point X="446" Y="207"/>
    <Point X="446" Y="204"/>
    <Point X="446" Y="200"/>
    <Point X="446" Y="197"/>
    <Point X="446" Y="195"/>
    <Point X="446" Y="192"/>
    <Point X="445" Y="189"/>
    <Point X="445" Y="187"/>
    <Point X="444" Y="185"/>
    <Point X="443" Y="182"/>
    <Point X="442" Y="180"/>
    <Point X="441" Y="178"/>
    <Point X="440" Y="176"/>
    <Point X="439" Y="174"/>
    <Point X="437" Y="172"/>
    <Point X="435" Y="171"/>
    <Point X="433" Y="169"/>
    <Point X="431" Y="168"/>
    <Point X="430" Y="167"/>
    <Point X="429" Y="166"/>
    <Point X="428" Y="165"/>
    <Point X="427" Y="165"/>
    <Point X="425" Y="164"/>
    <Point X="425" Y="163"/>
    <Point X="424" Y="163"/>
    <Point X="423" Y="163"/>
    <Point X="422" Y="163"/>
    <Point X="420" Y="162"/>
    <Point X="418" Y="161"/>
    <Point X="417" Y="161"/>
    <Point X="415" Y="161"/>
    <Point X="413" Y="160"/>
    <Point X="412" Y="160"/>
    <Point X="410" Y="159"/>
    <Point X="408" Y="159"/>
    <Point X="405" Y="158"/>
    <Point X="403" Y="158"/>
    <Point X="400" Y="158"/>
    <Point X="397" Y="158"/>
    <Point X="394" Y="157"/>
    <Point X="390" Y="157"/>
    <Point X="387" Y="156"/>
    <Point X="383" Y="156"/>
    <Point X="380" Y="156"/>
    <Point X="377" Y="156"/>
    <Point X="375" Y="156"/>
    <Point X="372" Y="155"/>
    <Point X="371" Y="155"/>
    <Point X="370" Y="155"/>
    <Point X="369" Y="155"/>
    <Point X="367" Y="155"/>
    <Point X="366" Y="155"/>
    <Point X="365" Y="155"/>
    <Point X="364" Y="155"/>
    <Point X="363" Y="155"/>
    <Point X="362" Y="155"/>
    <Point X="360" Y="155"/>
    <Point X="358" Y="155"/>
    <Point X="356" Y="156"/>
    <Point X="354" Y="156"/>
    <Point X="353" Y="156"/>
</Gesture>
