<?xml version="1.0" ?>
<Gesture Name="09" Subject="2" Number="9" NumPts="121">
    <Point X="367" Y="194"/>
    <Point X="366" Y="194"/>
    <Point X="365" Y="194"/>
    <Point X="365" Y="195"/>
    <Point X="363" Y="196"/>
    <Point X="362" Y="198"/>
    <Point X="360" Y="200"/>
    <Point X="360" Y="201"/>
    <Point X="358" Y="203"/>
    <Point X="357" Y="205"/>
    <Point X="355" Y="208"/>
    <Point X="354" Y="211"/>
    <Point X="352" Y="215"/>
    <Point X="350" Y="219"/>
    <Point X="349" Y="224"/>
    <Point X="347" Y="228"/>
    <Point X="346" Y="233"/>
    <Point X="346" Y="238"/>
    <Point X="345" Y="242"/>
    <Point X="344" Y="247"/>
    <Point X="344" Y="251"/>
    <Point X="345" Y="254"/>
    <Point X="346" Y="257"/>
    <Point X="348" Y="261"/>
    <Point X="349" Y="264"/>
    <Point X="351" Y="267"/>
    <Point X="352" Y="270"/>
    <Point X="354" Y="273"/>
    <Point X="355" Y="275"/>
    <Point X="356" Y="278"/>
    <Point X="358" Y="281"/>
    <Point X="360" Y="284"/>
    <Point X="363" Y="287"/>
    <Point X="365" Y="290"/>
    <Point X="368" Y="292"/>
    <Point X="371" Y="294"/>
    <Point X="374" Y="296"/>
    <Point X="378" Y="297"/>
    <Point X="381" Y="298"/>
    <Point X="385" Y="299"/>
    <Point X="388" Y="300"/>
    <Point X="392" Y="300"/>
    <Point X="396" Y="300"/>
    <Point X="399" Y="300"/>
    <Point X="403" Y="300"/>
    <Point X="406" Y="300"/>
    <Point X="409" Y="300"/>
    <Point X="412" Y="299"/>
    <Point X="416" Y="297"/>
    <Point X="419" Y="296"/>
    <Point X="422" Y="294"/>
    <Point X="425" Y="292"/>
    <Point X="428" Y="289"/>
    <Point X="431" Y="286"/>
    <Point X="434" Y="283"/>
    <Point X="437" Y="279"/>
    <Point X="439" Y="275"/>
    <Point X="441" Y="271"/>
    <Point X="443" Y="266"/>
    <Point X="444" Y="261"/>
    <Point X="444" Y="257"/>
    <Point X="444" Y="251"/>
    <Point X="444" Y="247"/>
    <Point X="444" Y="242"/>
    <Point X="444" Y="237"/>
    <Point X="444" Y="233"/>
    <Point X="444" Y="228"/>
    <Point X="444" Y="223"/>
    <Point X="444" Y="219"/>
    <Point X="444" Y="216"/>
    <Point X="444" Y="212"/>
    <Point X="444" Y="209"/>
    <Point X="443" Y="207"/>
    <Point X="442" Y="204"/>
    <Point X="442" Y="201"/>
    <Point X="441" Y="200"/>
    <Point X="440" Y="197"/>
    <Point X="439" Y="196"/>
    <Point X="438" Y="194"/>
    <Point X="437" Y="193"/>
    <Point X="437" Y="191"/>
    <Point X="436" Y="190"/>
    <Point X="435" Y="189"/>
    <Point X="434" Y="187"/>
    <Point X="433" Y="186"/>
    <Point X="431" Y="184"/>
    <Point X="430" Y="183"/>
    <Point X="427" Y="181"/>
    <Point X="425" Y="179"/>
    <Point X="423" Y="178"/>
    <Point X="420" Y="176"/>
    <Point X="417" Y="175"/>
    <Point X="415" Y="174"/>
    <Point X="413" Y="174"/>
    <Point X="412" Y="173"/>
    <Point X="410" Y="173"/>
    <Point X="408" Y="172"/>
    <Point X="407" Y="172"/>
    <Point X="405" Y="172"/>
    <Point X="403" Y="171"/>
    <Point X="402" Y="171"/>
    <Point X="399" Y="171"/>
    <Point X="397" Y="171"/>
    <Point X="395" Y="171"/>
    <Point X="391" Y="171"/>
    <Point X="388" Y="171"/>
    <Point X="384" Y="171"/>
    <Point X="382" Y="171"/>
    <Point X="380" Y="172"/>
    <Point X="377" Y="172"/>
    <Point X="375" Y="173"/>
    <Point X="373" Y="174"/>
    <Point X="371" Y="175"/>
    <Point X="370" Y="175"/>
    <Point X="370" Y="176"/>
    <Point X="369" Y="177"/>
    <Point X="369" Y="178"/>
    <Point X="369" Y="179"/>
    <Point X="367" Y="181"/>
    <Point X="367" Y="182"/>
    <Point X="365" Y="185"/>
</Gesture>
