<?xml version="1.0" ?>
<Gesture Name="07" Subject="2" Number="7" NumPts="142">
    <Point X="361" Y="222"/>
    <Point X="360" Y="222"/>
    <Point X="359" Y="222"/>
    <Point X="358" Y="222"/>
    <Point X="357" Y="222"/>
    <Point X="356" Y="223"/>
    <Point X="354" Y="225"/>
    <Point X="352" Y="226"/>
    <Point X="350" Y="228"/>
    <Point X="347" Y="231"/>
    <Point X="345" Y="233"/>
    <Point X="344" Y="236"/>
    <Point X="343" Y="237"/>
    <Point X="342" Y="239"/>
    <Point X="340" Y="243"/>
    <Point X="338" Y="247"/>
    <Point X="337" Y="251"/>
    <Point X="335" Y="257"/>
    <Point X="334" Y="261"/>
    <Point X="332" Y="268"/>
    <Point X="332" Y="274"/>
    <Point X="332" Y="279"/>
    <Point X="331" Y="285"/>
    <Point X="331" Y="292"/>
    <Point X="331" Y="297"/>
    <Point X="331" Y="303"/>
    <Point X="331" Y="309"/>
    <Point X="332" Y="313"/>
    <Point X="333" Y="318"/>
    <Point X="335" Y="323"/>
    <Point X="338" Y="327"/>
    <Point X="340" Y="330"/>
    <Point X="342" Y="333"/>
    <Point X="344" Y="336"/>
    <Point X="347" Y="338"/>
    <Point X="349" Y="339"/>
    <Point X="352" Y="341"/>
    <Point X="356" Y="343"/>
    <Point X="361" Y="344"/>
    <Point X="365" Y="345"/>
    <Point X="370" Y="346"/>
    <Point X="375" Y="346"/>
    <Point X="382" Y="346"/>
    <Point X="388" Y="346"/>
    <Point X="394" Y="346"/>
    <Point X="400" Y="346"/>
    <Point X="406" Y="346"/>
    <Point X="410" Y="346"/>
    <Point X="414" Y="346"/>
    <Point X="417" Y="346"/>
    <Point X="418" Y="346"/>
    <Point X="419" Y="345"/>
    <Point X="420" Y="344"/>
    <Point X="420" Y="343"/>
    <Point X="422" Y="341"/>
    <Point X="422" Y="340"/>
    <Point X="424" Y="338"/>
    <Point X="426" Y="334"/>
    <Point X="428" Y="330"/>
    <Point X="429" Y="327"/>
    <Point X="430" Y="323"/>
    <Point X="432" Y="320"/>
    <Point X="433" Y="317"/>
    <Point X="434" Y="314"/>
    <Point X="434" Y="311"/>
    <Point X="435" Y="308"/>
    <Point X="435" Y="304"/>
    <Point X="436" Y="301"/>
    <Point X="436" Y="297"/>
    <Point X="436" Y="294"/>
    <Point X="436" Y="290"/>
    <Point X="436" Y="285"/>
    <Point X="436" Y="281"/>
    <Point X="436" Y="277"/>
    <Point X="436" Y="274"/>
    <Point X="436" Y="272"/>
    <Point X="436" Y="269"/>
    <Point X="436" Y="267"/>
    <Point X="436" Y="265"/>
    <Point X="436" Y="262"/>
    <Point X="436" Y="259"/>
    <Point X="434" Y="256"/>
    <Point X="434" Y="255"/>
    <Point X="434" Y="254"/>
    <Point X="433" Y="251"/>
    <Point X="432" Y="249"/>
    <Point X="431" Y="247"/>
    <Point X="430" Y="244"/>
    <Point X="428" Y="242"/>
    <Point X="427" Y="240"/>
    <Point X="426" Y="237"/>
    <Point X="423" Y="235"/>
    <Point X="421" Y="232"/>
    <Point X="420" Y="230"/>
    <Point X="418" Y="228"/>
    <Point X="416" Y="226"/>
    <Point X="415" Y="224"/>
    <Point X="413" Y="222"/>
    <Point X="412" Y="221"/>
    <Point X="411" Y="220"/>
    <Point X="410" Y="219"/>
    <Point X="409" Y="219"/>
    <Point X="408" Y="218"/>
    <Point X="406" Y="218"/>
    <Point X="406" Y="217"/>
    <Point X="405" Y="217"/>
    <Point X="404" Y="217"/>
    <Point X="403" Y="217"/>
    <Point X="402" Y="216"/>
    <Point X="401" Y="216"/>
    <Point X="400" Y="216"/>
    <Point X="398" Y="216"/>
    <Point X="396" Y="216"/>
    <Point X="395" Y="216"/>
    <Point X="394" Y="216"/>
    <Point X="393" Y="216"/>
    <Point X="392" Y="215"/>
    <Point X="391" Y="215"/>
    <Point X="389" Y="215"/>
    <Point X="387" Y="215"/>
    <Point X="386" Y="215"/>
    <Point X="384" Y="215"/>
    <Point X="383" Y="215"/>
    <Point X="382" Y="215"/>
    <Point X="380" Y="215"/>
    <Point X="379" Y="215"/>
    <Point X="378" Y="215"/>
    <Point X="377" Y="215"/>
    <Point X="376" Y="215"/>
    <Point X="375" Y="215"/>
    <Point X="374" Y="215"/>
    <Point X="373" Y="216"/>
    <Point X="372" Y="216"/>
    <Point X="371" Y="216"/>
    <Point X="370" Y="216"/>
    <Point X="369" Y="217"/>
    <Point X="368" Y="217"/>
    <Point X="367" Y="217"/>
    <Point X="366" Y="217"/>
    <Point X="365" Y="217"/>
    <Point X="364" Y="217"/>
    <Point X="364" Y="218"/>
</Gesture>
