<?xml version="1.0" ?>
<Gesture Name="08" Subject="2" Number="8" NumPts="69">
    <Point X="363" Y="234"/>
    <Point X="363" Y="235"/>
    <Point X="363" Y="236"/>
    <Point X="365" Y="239"/>
    <Point X="368" Y="241"/>
    <Point X="372" Y="246"/>
    <Point X="377" Y="250"/>
    <Point X="382" Y="254"/>
    <Point X="388" Y="259"/>
    <Point X="395" Y="265"/>
    <Point X="401" Y="271"/>
    <Point X="408" Y="278"/>
    <Point X="416" Y="284"/>
    <Point X="424" Y="292"/>
    <Point X="430" Y="298"/>
    <Point X="437" Y="305"/>
    <Point X="443" Y="311"/>
    <Point X="447" Y="316"/>
    <Point X="450" Y="320"/>
    <Point X="452" Y="323"/>
    <Point X="453" Y="324"/>
    <Point X="453" Y="325"/>
    <Point X="453" Y="326"/>
    <Point X="451" Y="326"/>
    <Point X="449" Y="327"/>
    <Point X="448" Y="327"/>
    <Point X="444" Y="327"/>
    <Point X="439" Y="327"/>
    <Point X="433" Y="327"/>
    <Point X="425" Y="327"/>
    <Point X="417" Y="327"/>
    <Point X="409" Y="326"/>
    <Point X="400" Y="325"/>
    <Point X="392" Y="324"/>
    <Point X="386" Y="323"/>
    <Point X="379" Y="321"/>
    <Point X="374" Y="321"/>
    <Point X="370" Y="320"/>
    <Point X="367" Y="319"/>
    <Point X="365" Y="319"/>
    <Point X="363" Y="318"/>
    <Point X="362" Y="318"/>
    <Point X="362" Y="317"/>
    <Point X="362" Y="316"/>
    <Point X="362" Y="314"/>
    <Point X="363" Y="313"/>
    <Point X="364" Y="310"/>
    <Point X="368" Y="306"/>
    <Point X="372" Y="302"/>
    <Point X="377" Y="297"/>
    <Point X="384" Y="291"/>
    <Point X="393" Y="285"/>
    <Point X="402" Y="279"/>
    <Point X="410" Y="273"/>
    <Point X="420" Y="267"/>
    <Point X="429" Y="261"/>
    <Point X="436" Y="255"/>
    <Point X="444" Y="249"/>
    <Point X="450" Y="244"/>
    <Point X="455" Y="241"/>
    <Point X="459" Y="237"/>
    <Point X="462" Y="234"/>
    <Point X="465" Y="232"/>
    <Point X="466" Y="230"/>
    <Point X="467" Y="228"/>
    <Point X="467" Y="226"/>
    <Point X="467" Y="225"/>
    <Point X="467" Y="224"/>
    <Point X="467" Y="223"/>
</Gesture>
