<?xml version="1.0" ?>
<Gesture Name="09" Subject="2" Number="9" NumPts="66">
    <Point X="374" Y="250"/>
    <Point X="374" Y="252"/>
    <Point X="375" Y="253"/>
    <Point X="376" Y="255"/>
    <Point X="379" Y="259"/>
    <Point X="382" Y="263"/>
    <Point X="386" Y="268"/>
    <Point X="391" Y="274"/>
    <Point X="396" Y="281"/>
    <Point X="402" Y="288"/>
    <Point X="408" Y="296"/>
    <Point X="414" Y="303"/>
    <Point X="422" Y="311"/>
    <Point X="428" Y="318"/>
    <Point X="434" Y="324"/>
    <Point X="441" Y="331"/>
    <Point X="446" Y="337"/>
    <Point X="449" Y="341"/>
    <Point X="452" Y="344"/>
    <Point X="452" Y="345"/>
    <Point X="452" Y="346"/>
    <Point X="451" Y="347"/>
    <Point X="451" Y="348"/>
    <Point X="449" Y="348"/>
    <Point X="447" Y="348"/>
    <Point X="442" Y="348"/>
    <Point X="437" Y="349"/>
    <Point X="429" Y="349"/>
    <Point X="420" Y="349"/>
    <Point X="410" Y="349"/>
    <Point X="400" Y="349"/>
    <Point X="391" Y="349"/>
    <Point X="383" Y="349"/>
    <Point X="376" Y="349"/>
    <Point X="370" Y="349"/>
    <Point X="365" Y="349"/>
    <Point X="360" Y="349"/>
    <Point X="357" Y="349"/>
    <Point X="355" Y="349"/>
    <Point X="354" Y="348"/>
    <Point X="354" Y="347"/>
    <Point X="355" Y="345"/>
    <Point X="356" Y="345"/>
    <Point X="358" Y="342"/>
    <Point X="361" Y="339"/>
    <Point X="366" Y="334"/>
    <Point X="372" Y="329"/>
    <Point X="380" Y="323"/>
    <Point X="388" Y="318"/>
    <Point X="397" Y="312"/>
    <Point X="407" Y="305"/>
    <Point X="417" Y="297"/>
    <Point X="427" Y="291"/>
    <Point X="437" Y="284"/>
    <Point X="445" Y="278"/>
    <Point X="452" Y="272"/>
    <Point X="459" Y="266"/>
    <Point X="464" Y="261"/>
    <Point X="469" Y="257"/>
    <Point X="472" Y="252"/>
    <Point X="474" Y="250"/>
    <Point X="476" Y="247"/>
    <Point X="477" Y="246"/>
    <Point X="477" Y="244"/>
    <Point X="478" Y="243"/>
    <Point X="478" Y="242"/>
</Gesture>
