<?xml version="1.0" ?>
<Gesture Name="01" Subject="2" Number="1" NumPts="76">
    <Point X="302" Y="120"/>
    <Point X="302" Y="119"/>
    <Point X="303" Y="119"/>
    <Point X="304" Y="120"/>
    <Point X="304" Y="121"/>
    <Point X="307" Y="125"/>
    <Point X="311" Y="131"/>
    <Point X="316" Y="138"/>
    <Point X="321" Y="147"/>
    <Point X="326" Y="157"/>
    <Point X="333" Y="168"/>
    <Point X="341" Y="180"/>
    <Point X="348" Y="193"/>
    <Point X="357" Y="206"/>
    <Point X="364" Y="218"/>
    <Point X="371" Y="229"/>
    <Point X="378" Y="240"/>
    <Point X="384" Y="248"/>
    <Point X="388" Y="255"/>
    <Point X="392" Y="261"/>
    <Point X="395" Y="266"/>
    <Point X="397" Y="270"/>
    <Point X="399" Y="273"/>
    <Point X="400" Y="275"/>
    <Point X="401" Y="277"/>
    <Point X="400" Y="278"/>
    <Point X="399" Y="278"/>
    <Point X="396" Y="278"/>
    <Point X="390" Y="278"/>
    <Point X="383" Y="278"/>
    <Point X="375" Y="278"/>
    <Point X="367" Y="278"/>
    <Point X="359" Y="278"/>
    <Point X="351" Y="278"/>
    <Point X="345" Y="278"/>
    <Point X="340" Y="278"/>
    <Point X="336" Y="279"/>
    <Point X="333" Y="279"/>
    <Point X="330" Y="279"/>
    <Point X="329" Y="279"/>
    <Point X="327" Y="279"/>
    <Point X="326" Y="279"/>
    <Point X="325" Y="279"/>
    <Point X="324" Y="279"/>
    <Point X="324" Y="278"/>
    <Point X="323" Y="278"/>
    <Point X="323" Y="277"/>
    <Point X="323" Y="276"/>
    <Point X="323" Y="275"/>
    <Point X="323" Y="273"/>
    <Point X="323" Y="272"/>
    <Point X="324" Y="269"/>
    <Point X="325" Y="268"/>
    <Point X="327" Y="265"/>
    <Point X="331" Y="261"/>
    <Point X="335" Y="256"/>
    <Point X="341" Y="250"/>
    <Point X="348" Y="244"/>
    <Point X="356" Y="237"/>
    <Point X="365" Y="230"/>
    <Point X="374" Y="223"/>
    <Point X="384" Y="216"/>
    <Point X="393" Y="209"/>
    <Point X="403" Y="202"/>
    <Point X="411" Y="196"/>
    <Point X="419" Y="190"/>
    <Point X="426" Y="184"/>
    <Point X="432" Y="178"/>
    <Point X="437" Y="174"/>
    <Point X="441" Y="169"/>
    <Point X="444" Y="166"/>
    <Point X="446" Y="163"/>
    <Point X="447" Y="162"/>
    <Point X="448" Y="161"/>
    <Point X="448" Y="160"/>
    <Point X="448" Y="159"/>
</Gesture>
