<?xml version="1.0" ?>
<Gesture Name="05" Subject="2" Number="5" NumPts="61">
    <Point X="368" Y="256"/>
    <Point X="369" Y="257"/>
    <Point X="369" Y="258"/>
    <Point X="371" Y="260"/>
    <Point X="375" Y="264"/>
    <Point X="379" Y="269"/>
    <Point X="384" Y="274"/>
    <Point X="389" Y="280"/>
    <Point X="395" Y="287"/>
    <Point X="401" Y="294"/>
    <Point X="407" Y="302"/>
    <Point X="413" Y="310"/>
    <Point X="419" Y="318"/>
    <Point X="425" Y="326"/>
    <Point X="430" Y="333"/>
    <Point X="436" Y="340"/>
    <Point X="440" Y="348"/>
    <Point X="444" Y="354"/>
    <Point X="446" Y="359"/>
    <Point X="448" Y="362"/>
    <Point X="449" Y="363"/>
    <Point X="449" Y="365"/>
    <Point X="447" Y="365"/>
    <Point X="445" Y="365"/>
    <Point X="441" Y="365"/>
    <Point X="435" Y="364"/>
    <Point X="428" Y="362"/>
    <Point X="420" Y="360"/>
    <Point X="410" Y="359"/>
    <Point X="401" Y="357"/>
    <Point X="393" Y="355"/>
    <Point X="386" Y="354"/>
    <Point X="380" Y="353"/>
    <Point X="374" Y="353"/>
    <Point X="370" Y="353"/>
    <Point X="368" Y="353"/>
    <Point X="367" Y="353"/>
    <Point X="367" Y="352"/>
    <Point X="367" Y="351"/>
    <Point X="367" Y="349"/>
    <Point X="368" Y="348"/>
    <Point X="369" Y="345"/>
    <Point X="372" Y="342"/>
    <Point X="376" Y="337"/>
    <Point X="380" Y="332"/>
    <Point X="386" Y="326"/>
    <Point X="394" Y="320"/>
    <Point X="403" Y="313"/>
    <Point X="413" Y="305"/>
    <Point X="423" Y="298"/>
    <Point X="432" Y="291"/>
    <Point X="440" Y="285"/>
    <Point X="446" Y="279"/>
    <Point X="452" Y="274"/>
    <Point X="456" Y="269"/>
    <Point X="460" Y="265"/>
    <Point X="462" Y="262"/>
    <Point X="463" Y="260"/>
    <Point X="464" Y="258"/>
    <Point X="465" Y="257"/>
    <Point X="465" Y="256"/>
</Gesture>
