<?xml version="1.0" ?>
<Gesture Name="06" Subject="2" Number="6" NumPts="75">
    <Point X="366" Y="225"/>
    <Point X="366" Y="228"/>
    <Point X="367" Y="229"/>
    <Point X="371" Y="234"/>
    <Point X="375" Y="238"/>
    <Point X="380" Y="243"/>
    <Point X="385" Y="249"/>
    <Point X="391" Y="255"/>
    <Point X="398" Y="263"/>
    <Point X="404" Y="270"/>
    <Point X="412" Y="278"/>
    <Point X="419" Y="287"/>
    <Point X="427" Y="296"/>
    <Point X="433" Y="304"/>
    <Point X="438" Y="310"/>
    <Point X="444" Y="317"/>
    <Point X="447" Y="322"/>
    <Point X="450" Y="327"/>
    <Point X="453" Y="331"/>
    <Point X="454" Y="334"/>
    <Point X="455" Y="336"/>
    <Point X="456" Y="338"/>
    <Point X="456" Y="340"/>
    <Point X="456" Y="341"/>
    <Point X="455" Y="341"/>
    <Point X="453" Y="341"/>
    <Point X="450" Y="341"/>
    <Point X="446" Y="341"/>
    <Point X="440" Y="340"/>
    <Point X="433" Y="338"/>
    <Point X="425" Y="336"/>
    <Point X="417" Y="334"/>
    <Point X="408" Y="332"/>
    <Point X="400" Y="330"/>
    <Point X="393" Y="329"/>
    <Point X="387" Y="329"/>
    <Point X="382" Y="329"/>
    <Point X="378" Y="329"/>
    <Point X="376" Y="329"/>
    <Point X="373" Y="329"/>
    <Point X="370" Y="329"/>
    <Point X="366" Y="328"/>
    <Point X="364" Y="328"/>
    <Point X="362" Y="327"/>
    <Point X="359" Y="327"/>
    <Point X="357" Y="326"/>
    <Point X="356" Y="325"/>
    <Point X="356" Y="324"/>
    <Point X="356" Y="323"/>
    <Point X="356" Y="322"/>
    <Point X="356" Y="320"/>
    <Point X="359" Y="317"/>
    <Point X="360" Y="315"/>
    <Point X="364" Y="312"/>
    <Point X="369" Y="309"/>
    <Point X="375" Y="305"/>
    <Point X="382" Y="302"/>
    <Point X="390" Y="297"/>
    <Point X="399" Y="292"/>
    <Point X="407" Y="286"/>
    <Point X="416" Y="280"/>
    <Point X="424" Y="274"/>
    <Point X="431" Y="269"/>
    <Point X="438" Y="263"/>
    <Point X="444" Y="258"/>
    <Point X="450" Y="252"/>
    <Point X="455" Y="247"/>
    <Point X="459" Y="243"/>
    <Point X="462" Y="239"/>
    <Point X="464" Y="236"/>
    <Point X="466" Y="233"/>
    <Point X="467" Y="230"/>
    <Point X="468" Y="229"/>
    <Point X="468" Y="228"/>
    <Point X="468" Y="227"/>
</Gesture>
