<?xml version="1.0" ?>
<Gesture Name="04" Subject="2" Number="4" NumPts="79">
    <Point X="354" Y="242"/>
    <Point X="354" Y="244"/>
    <Point X="356" Y="246"/>
    <Point X="357" Y="248"/>
    <Point X="359" Y="250"/>
    <Point X="362" Y="254"/>
    <Point X="366" Y="258"/>
    <Point X="370" Y="263"/>
    <Point X="376" Y="269"/>
    <Point X="382" Y="275"/>
    <Point X="387" Y="283"/>
    <Point X="394" Y="292"/>
    <Point X="401" Y="302"/>
    <Point X="408" Y="312"/>
    <Point X="415" Y="323"/>
    <Point X="421" Y="333"/>
    <Point X="425" Y="341"/>
    <Point X="429" Y="349"/>
    <Point X="432" Y="355"/>
    <Point X="434" Y="359"/>
    <Point X="436" Y="362"/>
    <Point X="436" Y="364"/>
    <Point X="437" Y="364"/>
    <Point X="436" Y="364"/>
    <Point X="435" Y="365"/>
    <Point X="432" Y="365"/>
    <Point X="431" Y="365"/>
    <Point X="428" Y="364"/>
    <Point X="423" Y="363"/>
    <Point X="417" Y="362"/>
    <Point X="410" Y="360"/>
    <Point X="402" Y="359"/>
    <Point X="394" Y="358"/>
    <Point X="386" Y="356"/>
    <Point X="379" Y="355"/>
    <Point X="373" Y="353"/>
    <Point X="367" Y="353"/>
    <Point X="363" Y="352"/>
    <Point X="359" Y="352"/>
    <Point X="356" Y="351"/>
    <Point X="354" Y="351"/>
    <Point X="352" Y="350"/>
    <Point X="351" Y="350"/>
    <Point X="349" Y="350"/>
    <Point X="347" Y="349"/>
    <Point X="346" Y="349"/>
    <Point X="345" Y="349"/>
    <Point X="344" Y="349"/>
    <Point X="344" Y="348"/>
    <Point X="344" Y="347"/>
    <Point X="344" Y="346"/>
    <Point X="345" Y="343"/>
    <Point X="346" Y="342"/>
    <Point X="349" Y="340"/>
    <Point X="353" Y="337"/>
    <Point X="359" Y="333"/>
    <Point X="365" Y="328"/>
    <Point X="374" Y="324"/>
    <Point X="383" Y="318"/>
    <Point X="393" Y="313"/>
    <Point X="402" Y="307"/>
    <Point X="411" Y="301"/>
    <Point X="419" Y="295"/>
    <Point X="427" Y="289"/>
    <Point X="435" Y="282"/>
    <Point X="441" Y="276"/>
    <Point X="446" Y="270"/>
    <Point X="451" Y="265"/>
    <Point X="454" Y="260"/>
    <Point X="456" Y="256"/>
    <Point X="458" Y="252"/>
    <Point X="460" Y="248"/>
    <Point X="462" Y="245"/>
    <Point X="463" Y="243"/>
    <Point X="464" Y="241"/>
    <Point X="464" Y="239"/>
    <Point X="465" Y="238"/>
    <Point X="465" Y="237"/>
    <Point X="465" Y="236"/>
</Gesture>
