<?xml version="1.0" ?>
<Gesture Name="10" Subject="2" Number="10" NumPts="68">
    <Point X="371" Y="233"/>
    <Point X="371" Y="234"/>
    <Point X="372" Y="235"/>
    <Point X="372" Y="236"/>
    <Point X="374" Y="238"/>
    <Point X="379" Y="242"/>
    <Point X="383" Y="246"/>
    <Point X="388" Y="251"/>
    <Point X="394" Y="256"/>
    <Point X="401" Y="262"/>
    <Point X="407" Y="268"/>
    <Point X="415" Y="275"/>
    <Point X="422" Y="283"/>
    <Point X="429" Y="291"/>
    <Point X="436" Y="299"/>
    <Point X="441" Y="307"/>
    <Point X="447" Y="313"/>
    <Point X="450" Y="319"/>
    <Point X="452" Y="322"/>
    <Point X="453" Y="324"/>
    <Point X="453" Y="325"/>
    <Point X="452" Y="325"/>
    <Point X="451" Y="325"/>
    <Point X="450" Y="325"/>
    <Point X="447" Y="325"/>
    <Point X="443" Y="325"/>
    <Point X="438" Y="325"/>
    <Point X="433" Y="325"/>
    <Point X="427" Y="325"/>
    <Point X="420" Y="325"/>
    <Point X="413" Y="325"/>
    <Point X="407" Y="325"/>
    <Point X="400" Y="325"/>
    <Point X="393" Y="325"/>
    <Point X="386" Y="325"/>
    <Point X="379" Y="325"/>
    <Point X="373" Y="325"/>
    <Point X="368" Y="325"/>
    <Point X="362" Y="325"/>
    <Point X="359" Y="325"/>
    <Point X="355" Y="325"/>
    <Point X="354" Y="324"/>
    <Point X="353" Y="324"/>
    <Point X="353" Y="323"/>
    <Point X="353" Y="321"/>
    <Point X="353" Y="320"/>
    <Point X="353" Y="318"/>
    <Point X="353" Y="316"/>
    <Point X="355" Y="314"/>
    <Point X="358" Y="310"/>
    <Point X="362" Y="306"/>
    <Point X="367" Y="301"/>
    <Point X="374" Y="295"/>
    <Point X="382" Y="289"/>
    <Point X="391" Y="283"/>
    <Point X="400" Y="277"/>
    <Point X="411" Y="270"/>
    <Point X="419" Y="264"/>
    <Point X="429" Y="257"/>
    <Point X="437" Y="250"/>
    <Point X="445" Y="244"/>
    <Point X="451" Y="238"/>
    <Point X="456" Y="234"/>
    <Point X="460" Y="231"/>
    <Point X="462" Y="228"/>
    <Point X="463" Y="226"/>
    <Point X="464" Y="224"/>
    <Point X="463" Y="224"/>
</Gesture>
