<?xml version="1.0" ?>
<Gesture Name="02" Subject="2" Number="2" NumPts="76">
    <Point X="362" Y="241"/>
    <Point X="362" Y="242"/>
    <Point X="363" Y="244"/>
    <Point X="364" Y="245"/>
    <Point X="365" Y="247"/>
    <Point X="368" Y="251"/>
    <Point X="372" Y="256"/>
    <Point X="377" Y="261"/>
    <Point X="382" Y="267"/>
    <Point X="387" Y="274"/>
    <Point X="393" Y="281"/>
    <Point X="398" Y="288"/>
    <Point X="404" Y="295"/>
    <Point X="410" Y="303"/>
    <Point X="416" Y="310"/>
    <Point X="422" Y="318"/>
    <Point X="428" Y="326"/>
    <Point X="433" Y="333"/>
    <Point X="438" Y="340"/>
    <Point X="442" Y="346"/>
    <Point X="445" Y="352"/>
    <Point X="447" Y="356"/>
    <Point X="448" Y="359"/>
    <Point X="448" Y="362"/>
    <Point X="448" Y="363"/>
    <Point X="448" Y="364"/>
    <Point X="446" Y="364"/>
    <Point X="445" Y="364"/>
    <Point X="444" Y="364"/>
    <Point X="441" Y="364"/>
    <Point X="437" Y="364"/>
    <Point X="432" Y="363"/>
    <Point X="427" Y="362"/>
    <Point X="422" Y="361"/>
    <Point X="416" Y="360"/>
    <Point X="409" Y="359"/>
    <Point X="403" Y="358"/>
    <Point X="397" Y="357"/>
    <Point X="391" Y="356"/>
    <Point X="387" Y="356"/>
    <Point X="384" Y="355"/>
    <Point X="382" Y="355"/>
    <Point X="380" Y="354"/>
    <Point X="379" Y="354"/>
    <Point X="379" Y="353"/>
    <Point X="378" Y="353"/>
    <Point X="377" Y="351"/>
    <Point X="376" Y="350"/>
    <Point X="376" Y="348"/>
    <Point X="375" Y="347"/>
    <Point X="375" Y="345"/>
    <Point X="375" Y="343"/>
    <Point X="375" Y="341"/>
    <Point X="375" Y="339"/>
    <Point X="375" Y="337"/>
    <Point X="376" Y="335"/>
    <Point X="378" Y="332"/>
    <Point X="382" Y="328"/>
    <Point X="386" Y="324"/>
    <Point X="393" Y="318"/>
    <Point X="401" Y="313"/>
    <Point X="410" Y="308"/>
    <Point X="420" Y="303"/>
    <Point X="429" Y="298"/>
    <Point X="440" Y="293"/>
    <Point X="449" Y="287"/>
    <Point X="458" Y="281"/>
    <Point X="466" Y="276"/>
    <Point X="473" Y="272"/>
    <Point X="479" Y="267"/>
    <Point X="483" Y="264"/>
    <Point X="486" Y="261"/>
    <Point X="488" Y="260"/>
    <Point X="488" Y="259"/>
    <Point X="488" Y="258"/>
    <Point X="488" Y="257"/>
</Gesture>
