<?xml version="1.0" ?>
<Gesture Name="03" Subject="2" Number="3" NumPts="66">
    <Point X="354" Y="248"/>
    <Point X="354" Y="249"/>
    <Point X="356" Y="251"/>
    <Point X="356" Y="252"/>
    <Point X="359" Y="254"/>
    <Point X="362" Y="259"/>
    <Point X="367" Y="265"/>
    <Point X="373" Y="272"/>
    <Point X="381" Y="280"/>
    <Point X="388" Y="289"/>
    <Point X="395" Y="297"/>
    <Point X="401" Y="306"/>
    <Point X="408" Y="315"/>
    <Point X="415" Y="323"/>
    <Point X="419" Y="331"/>
    <Point X="425" Y="337"/>
    <Point X="429" Y="343"/>
    <Point X="432" Y="349"/>
    <Point X="435" Y="354"/>
    <Point X="436" Y="358"/>
    <Point X="437" Y="360"/>
    <Point X="437" Y="361"/>
    <Point X="435" Y="361"/>
    <Point X="433" Y="361"/>
    <Point X="427" Y="360"/>
    <Point X="421" Y="359"/>
    <Point X="413" Y="359"/>
    <Point X="404" Y="357"/>
    <Point X="394" Y="356"/>
    <Point X="386" Y="355"/>
    <Point X="378" Y="353"/>
    <Point X="371" Y="353"/>
    <Point X="364" Y="352"/>
    <Point X="359" Y="352"/>
    <Point X="353" Y="352"/>
    <Point X="349" Y="352"/>
    <Point X="345" Y="352"/>
    <Point X="342" Y="352"/>
    <Point X="341" Y="352"/>
    <Point X="340" Y="351"/>
    <Point X="340" Y="350"/>
    <Point X="340" Y="349"/>
    <Point X="340" Y="347"/>
    <Point X="341" Y="345"/>
    <Point X="342" Y="342"/>
    <Point X="343" Y="341"/>
    <Point X="345" Y="339"/>
    <Point X="349" Y="336"/>
    <Point X="355" Y="332"/>
    <Point X="363" Y="327"/>
    <Point X="371" Y="323"/>
    <Point X="381" Y="318"/>
    <Point X="391" Y="313"/>
    <Point X="401" Y="307"/>
    <Point X="411" Y="300"/>
    <Point X="421" Y="293"/>
    <Point X="432" Y="286"/>
    <Point X="441" Y="279"/>
    <Point X="450" Y="273"/>
    <Point X="456" Y="268"/>
    <Point X="461" Y="264"/>
    <Point X="465" Y="260"/>
    <Point X="467" Y="258"/>
    <Point X="468" Y="256"/>
    <Point X="468" Y="255"/>
    <Point X="468" Y="254"/>
</Gesture>
