<?xml version="1.0" ?>
<Gesture Name="07" Subject="2" Number="7" NumPts="67">
    <Point X="388" Y="221"/>
    <Point X="388" Y="223"/>
    <Point X="389" Y="225"/>
    <Point X="389" Y="226"/>
    <Point X="391" Y="228"/>
    <Point X="393" Y="231"/>
    <Point X="396" Y="235"/>
    <Point X="401" Y="240"/>
    <Point X="406" Y="245"/>
    <Point X="411" Y="251"/>
    <Point X="417" Y="258"/>
    <Point X="423" Y="266"/>
    <Point X="430" Y="275"/>
    <Point X="438" Y="284"/>
    <Point X="445" Y="293"/>
    <Point X="451" Y="301"/>
    <Point X="457" Y="309"/>
    <Point X="461" Y="317"/>
    <Point X="465" Y="323"/>
    <Point X="468" Y="329"/>
    <Point X="470" Y="334"/>
    <Point X="472" Y="337"/>
    <Point X="473" Y="339"/>
    <Point X="473" Y="340"/>
    <Point X="472" Y="340"/>
    <Point X="470" Y="340"/>
    <Point X="468" Y="340"/>
    <Point X="463" Y="340"/>
    <Point X="458" Y="340"/>
    <Point X="452" Y="340"/>
    <Point X="444" Y="340"/>
    <Point X="436" Y="340"/>
    <Point X="426" Y="339"/>
    <Point X="416" Y="338"/>
    <Point X="407" Y="336"/>
    <Point X="399" Y="335"/>
    <Point X="392" Y="334"/>
    <Point X="386" Y="333"/>
    <Point X="383" Y="332"/>
    <Point X="381" Y="332"/>
    <Point X="380" Y="331"/>
    <Point X="380" Y="330"/>
    <Point X="380" Y="327"/>
    <Point X="380" Y="326"/>
    <Point X="380" Y="323"/>
    <Point X="380" Y="319"/>
    <Point X="381" Y="316"/>
    <Point X="384" Y="311"/>
    <Point X="388" Y="307"/>
    <Point X="393" Y="301"/>
    <Point X="398" Y="296"/>
    <Point X="404" Y="291"/>
    <Point X="412" Y="285"/>
    <Point X="421" Y="279"/>
    <Point X="430" Y="273"/>
    <Point X="439" Y="267"/>
    <Point X="449" Y="260"/>
    <Point X="458" Y="254"/>
    <Point X="467" Y="248"/>
    <Point X="474" Y="242"/>
    <Point X="481" Y="237"/>
    <Point X="485" Y="232"/>
    <Point X="489" Y="229"/>
    <Point X="491" Y="227"/>
    <Point X="492" Y="227"/>
    <Point X="492" Y="226"/>
    <Point X="492" Y="225"/>
</Gesture>
