<?xml version="1.0" ?>
<Gesture Name="09" Subject="2" Number="9" NumPts="77">
    <Point X="278" Y="85"/>
    <Point X="277" Y="85"/>
    <Point X="275" Y="85"/>
    <Point X="274" Y="85"/>
    <Point X="271" Y="85"/>
    <Point X="269" Y="86"/>
    <Point X="266" Y="87"/>
    <Point X="263" Y="90"/>
    <Point X="260" Y="92"/>
    <Point X="258" Y="95"/>
    <Point X="255" Y="98"/>
    <Point X="254" Y="102"/>
    <Point X="253" Y="107"/>
    <Point X="252" Y="111"/>
    <Point X="251" Y="116"/>
    <Point X="251" Y="121"/>
    <Point X="251" Y="126"/>
    <Point X="251" Y="132"/>
    <Point X="252" Y="137"/>
    <Point X="253" Y="143"/>
    <Point X="255" Y="149"/>
    <Point X="256" Y="154"/>
    <Point X="257" Y="159"/>
    <Point X="259" Y="163"/>
    <Point X="260" Y="168"/>
    <Point X="261" Y="173"/>
    <Point X="262" Y="177"/>
    <Point X="262" Y="180"/>
    <Point X="262" Y="184"/>
    <Point X="262" Y="188"/>
    <Point X="261" Y="191"/>
    <Point X="259" Y="195"/>
    <Point X="257" Y="198"/>
    <Point X="253" Y="201"/>
    <Point X="249" Y="204"/>
    <Point X="244" Y="206"/>
    <Point X="238" Y="207"/>
    <Point X="233" Y="208"/>
    <Point X="228" Y="209"/>
    <Point X="223" Y="209"/>
    <Point X="221" Y="209"/>
    <Point X="220" Y="209"/>
    <Point X="220" Y="208"/>
    <Point X="220" Y="207"/>
    <Point X="222" Y="207"/>
    <Point X="223" Y="207"/>
    <Point X="225" Y="207"/>
    <Point X="228" Y="208"/>
    <Point X="230" Y="209"/>
    <Point X="233" Y="211"/>
    <Point X="235" Y="212"/>
    <Point X="237" Y="214"/>
    <Point X="238" Y="216"/>
    <Point X="239" Y="219"/>
    <Point X="240" Y="222"/>
    <Point X="240" Y="225"/>
    <Point X="241" Y="229"/>
    <Point X="241" Y="233"/>
    <Point X="241" Y="238"/>
    <Point X="241" Y="244"/>
    <Point X="241" Y="250"/>
    <Point X="241" Y="256"/>
    <Point X="241" Y="262"/>
    <Point X="241" Y="268"/>
    <Point X="242" Y="273"/>
    <Point X="242" Y="279"/>
    <Point X="244" Y="283"/>
    <Point X="245" Y="288"/>
    <Point X="246" Y="293"/>
    <Point X="248" Y="296"/>
    <Point X="250" Y="299"/>
    <Point X="252" Y="301"/>
    <Point X="254" Y="304"/>
    <Point X="256" Y="306"/>
    <Point X="258" Y="307"/>
    <Point X="259" Y="307"/>
    <Point X="260" Y="308"/>
</Gesture>
