<?xml version="1.0" ?>
<Gesture Name="03" Subject="2" Number="3" NumPts="58">
    <Point X="336" Y="106"/>
    <Point X="334" Y="106"/>
    <Point X="331" Y="106"/>
    <Point X="326" Y="106"/>
    <Point X="321" Y="106"/>
    <Point X="315" Y="106"/>
    <Point X="308" Y="106"/>
    <Point X="301" Y="106"/>
    <Point X="297" Y="106"/>
    <Point X="293" Y="105"/>
    <Point X="292" Y="105"/>
    <Point X="292" Y="106"/>
    <Point X="291" Y="106"/>
    <Point X="291" Y="107"/>
    <Point X="291" Y="110"/>
    <Point X="291" Y="112"/>
    <Point X="291" Y="113"/>
    <Point X="290" Y="115"/>
    <Point X="290" Y="119"/>
    <Point X="290" Y="123"/>
    <Point X="290" Y="129"/>
    <Point X="290" Y="134"/>
    <Point X="290" Y="140"/>
    <Point X="290" Y="146"/>
    <Point X="290" Y="154"/>
    <Point X="289" Y="162"/>
    <Point X="289" Y="170"/>
    <Point X="288" Y="177"/>
    <Point X="288" Y="185"/>
    <Point X="288" Y="193"/>
    <Point X="287" Y="200"/>
    <Point X="287" Y="208"/>
    <Point X="287" Y="216"/>
    <Point X="287" Y="224"/>
    <Point X="287" Y="230"/>
    <Point X="287" Y="236"/>
    <Point X="288" Y="241"/>
    <Point X="288" Y="245"/>
    <Point X="288" Y="249"/>
    <Point X="288" Y="252"/>
    <Point X="289" Y="255"/>
    <Point X="289" Y="256"/>
    <Point X="289" Y="257"/>
    <Point X="290" Y="257"/>
    <Point X="291" Y="258"/>
    <Point X="293" Y="259"/>
    <Point X="294" Y="260"/>
    <Point X="296" Y="260"/>
    <Point X="300" Y="262"/>
    <Point X="304" Y="263"/>
    <Point X="310" Y="264"/>
    <Point X="317" Y="266"/>
    <Point X="325" Y="268"/>
    <Point X="334" Y="269"/>
    <Point X="343" Y="270"/>
    <Point X="350" Y="271"/>
    <Point X="355" Y="272"/>
    <Point X="355" Y="271"/>
</Gesture>
