<?xml version="1.0" ?>
<Gesture Name="01" Subject="2" Number="1" NumPts="62">
    <Point X="296" Y="107"/>
    <Point X="295" Y="107"/>
    <Point X="294" Y="107"/>
    <Point X="292" Y="108"/>
    <Point X="289" Y="108"/>
    <Point X="286" Y="109"/>
    <Point X="283" Y="109"/>
    <Point X="279" Y="109"/>
    <Point X="275" Y="109"/>
    <Point X="271" Y="110"/>
    <Point X="267" Y="110"/>
    <Point X="264" Y="110"/>
    <Point X="261" Y="110"/>
    <Point X="260" Y="111"/>
    <Point X="260" Y="113"/>
    <Point X="260" Y="115"/>
    <Point X="260" Y="118"/>
    <Point X="260" Y="121"/>
    <Point X="260" Y="124"/>
    <Point X="261" Y="129"/>
    <Point X="261" Y="134"/>
    <Point X="261" Y="139"/>
    <Point X="261" Y="146"/>
    <Point X="261" Y="153"/>
    <Point X="261" Y="161"/>
    <Point X="261" Y="169"/>
    <Point X="261" Y="176"/>
    <Point X="261" Y="184"/>
    <Point X="261" Y="192"/>
    <Point X="261" Y="200"/>
    <Point X="261" Y="207"/>
    <Point X="261" Y="213"/>
    <Point X="261" Y="220"/>
    <Point X="262" Y="226"/>
    <Point X="262" Y="231"/>
    <Point X="262" Y="237"/>
    <Point X="263" Y="241"/>
    <Point X="263" Y="245"/>
    <Point X="264" Y="249"/>
    <Point X="264" Y="252"/>
    <Point X="264" Y="255"/>
    <Point X="264" Y="258"/>
    <Point X="264" Y="259"/>
    <Point X="264" Y="260"/>
    <Point X="265" Y="261"/>
    <Point X="266" Y="262"/>
    <Point X="267" Y="262"/>
    <Point X="268" Y="262"/>
    <Point X="271" Y="262"/>
    <Point X="275" Y="262"/>
    <Point X="279" Y="262"/>
    <Point X="285" Y="262"/>
    <Point X="290" Y="262"/>
    <Point X="297" Y="262"/>
    <Point X="304" Y="262"/>
    <Point X="311" Y="262"/>
    <Point X="319" Y="263"/>
    <Point X="326" Y="263"/>
    <Point X="332" Y="264"/>
    <Point X="337" Y="265"/>
    <Point X="341" Y="265"/>
    <Point X="342" Y="265"/>
</Gesture>
