<?xml version="1.0" ?>
<Gesture Name="02" Subject="2" Number="2" NumPts="58">
    <Point X="358" Y="85"/>
    <Point X="358" Y="84"/>
    <Point X="357" Y="84"/>
    <Point X="356" Y="84"/>
    <Point X="354" Y="84"/>
    <Point X="351" Y="84"/>
    <Point X="348" Y="84"/>
    <Point X="343" Y="83"/>
    <Point X="337" Y="82"/>
    <Point X="330" Y="82"/>
    <Point X="322" Y="81"/>
    <Point X="314" Y="80"/>
    <Point X="307" Y="80"/>
    <Point X="301" Y="80"/>
    <Point X="297" Y="80"/>
    <Point X="294" Y="80"/>
    <Point X="294" Y="81"/>
    <Point X="294" Y="83"/>
    <Point X="294" Y="84"/>
    <Point X="294" Y="86"/>
    <Point X="294" Y="89"/>
    <Point X="294" Y="93"/>
    <Point X="294" Y="98"/>
    <Point X="294" Y="102"/>
    <Point X="294" Y="108"/>
    <Point X="294" Y="114"/>
    <Point X="294" Y="121"/>
    <Point X="294" Y="129"/>
    <Point X="294" Y="136"/>
    <Point X="294" Y="145"/>
    <Point X="294" Y="153"/>
    <Point X="294" Y="162"/>
    <Point X="294" Y="170"/>
    <Point X="294" Y="179"/>
    <Point X="294" Y="187"/>
    <Point X="294" Y="196"/>
    <Point X="294" Y="204"/>
    <Point X="294" Y="212"/>
    <Point X="294" Y="218"/>
    <Point X="294" Y="223"/>
    <Point X="294" Y="227"/>
    <Point X="294" Y="231"/>
    <Point X="294" Y="235"/>
    <Point X="294" Y="238"/>
    <Point X="294" Y="241"/>
    <Point X="294" Y="244"/>
    <Point X="294" Y="248"/>
    <Point X="294" Y="250"/>
    <Point X="294" Y="252"/>
    <Point X="294" Y="253"/>
    <Point X="294" Y="254"/>
    <Point X="295" Y="254"/>
    <Point X="297" Y="254"/>
    <Point X="298" Y="254"/>
    <Point X="300" Y="254"/>
    <Point X="304" Y="254"/>
    <Point X="308" Y="254"/>
    <Point X="314" Y="253"/>
</Gesture>
