<?xml version="1.0" ?>
<Gesture Name="09" Subject="2" Number="9" NumPts="66">
    <Point X="292" Y="85"/>
    <Point X="291" Y="85"/>
    <Point X="290" Y="85"/>
    <Point X="287" Y="85"/>
    <Point X="285" Y="85"/>
    <Point X="282" Y="85"/>
    <Point X="279" Y="85"/>
    <Point X="277" Y="86"/>
    <Point X="275" Y="86"/>
    <Point X="272" Y="86"/>
    <Point X="271" Y="86"/>
    <Point X="268" Y="86"/>
    <Point X="266" Y="86"/>
    <Point X="264" Y="86"/>
    <Point X="261" Y="86"/>
    <Point X="260" Y="87"/>
    <Point X="258" Y="87"/>
    <Point X="256" Y="87"/>
    <Point X="255" Y="88"/>
    <Point X="254" Y="88"/>
    <Point X="254" Y="89"/>
    <Point X="253" Y="89"/>
    <Point X="252" Y="89"/>
    <Point X="252" Y="90"/>
    <Point X="252" Y="91"/>
    <Point X="252" Y="93"/>
    <Point X="252" Y="95"/>
    <Point X="252" Y="99"/>
    <Point X="251" Y="102"/>
    <Point X="250" Y="108"/>
    <Point X="250" Y="114"/>
    <Point X="249" Y="121"/>
    <Point X="247" Y="129"/>
    <Point X="245" Y="139"/>
    <Point X="243" Y="148"/>
    <Point X="240" Y="157"/>
    <Point X="238" Y="166"/>
    <Point X="236" Y="175"/>
    <Point X="235" Y="183"/>
    <Point X="234" Y="190"/>
    <Point X="233" Y="196"/>
    <Point X="232" Y="200"/>
    <Point X="232" Y="204"/>
    <Point X="232" Y="205"/>
    <Point X="232" Y="206"/>
    <Point X="232" Y="207"/>
    <Point X="232" Y="208"/>
    <Point X="232" Y="209"/>
    <Point X="232" Y="210"/>
    <Point X="232" Y="211"/>
    <Point X="232" Y="212"/>
    <Point X="232" Y="213"/>
    <Point X="233" Y="213"/>
    <Point X="235" Y="213"/>
    <Point X="238" Y="213"/>
    <Point X="243" Y="214"/>
    <Point X="250" Y="215"/>
    <Point X="257" Y="217"/>
    <Point X="266" Y="219"/>
    <Point X="275" Y="221"/>
    <Point X="283" Y="223"/>
    <Point X="291" Y="224"/>
    <Point X="298" Y="226"/>
    <Point X="304" Y="227"/>
    <Point X="308" Y="227"/>
    <Point X="309" Y="228"/>
</Gesture>
