<?xml version="1.0" ?>
<Gesture Name="01" Subject="2" Number="1" NumPts="76">
    <Point X="352" Y="108"/>
    <Point X="353" Y="109"/>
    <Point X="352" Y="109"/>
    <Point X="351" Y="110"/>
    <Point X="348" Y="110"/>
    <Point X="347" Y="110"/>
    <Point X="345" Y="112"/>
    <Point X="343" Y="113"/>
    <Point X="339" Y="116"/>
    <Point X="336" Y="118"/>
    <Point X="333" Y="121"/>
    <Point X="329" Y="124"/>
    <Point X="327" Y="126"/>
    <Point X="325" Y="129"/>
    <Point X="323" Y="132"/>
    <Point X="322" Y="135"/>
    <Point X="321" Y="139"/>
    <Point X="321" Y="142"/>
    <Point X="321" Y="146"/>
    <Point X="321" Y="150"/>
    <Point X="321" Y="154"/>
    <Point X="322" Y="158"/>
    <Point X="323" Y="164"/>
    <Point X="323" Y="168"/>
    <Point X="323" Y="174"/>
    <Point X="323" Y="179"/>
    <Point X="323" Y="184"/>
    <Point X="323" Y="188"/>
    <Point X="322" Y="190"/>
    <Point X="321" Y="192"/>
    <Point X="320" Y="194"/>
    <Point X="318" Y="194"/>
    <Point X="316" Y="195"/>
    <Point X="313" Y="196"/>
    <Point X="311" Y="196"/>
    <Point X="308" Y="196"/>
    <Point X="306" Y="196"/>
    <Point X="303" Y="196"/>
    <Point X="302" Y="196"/>
    <Point X="301" Y="196"/>
    <Point X="300" Y="195"/>
    <Point X="301" Y="194"/>
    <Point X="302" Y="194"/>
    <Point X="304" Y="194"/>
    <Point X="305" Y="195"/>
    <Point X="308" Y="197"/>
    <Point X="309" Y="198"/>
    <Point X="310" Y="198"/>
    <Point X="311" Y="200"/>
    <Point X="312" Y="203"/>
    <Point X="314" Y="206"/>
    <Point X="316" Y="210"/>
    <Point X="317" Y="214"/>
    <Point X="318" Y="218"/>
    <Point X="319" Y="222"/>
    <Point X="319" Y="227"/>
    <Point X="320" Y="232"/>
    <Point X="320" Y="237"/>
    <Point X="320" Y="242"/>
    <Point X="321" Y="249"/>
    <Point X="322" Y="256"/>
    <Point X="323" Y="262"/>
    <Point X="325" Y="269"/>
    <Point X="327" Y="277"/>
    <Point X="329" Y="284"/>
    <Point X="332" Y="290"/>
    <Point X="335" Y="297"/>
    <Point X="339" Y="303"/>
    <Point X="343" Y="309"/>
    <Point X="347" Y="314"/>
    <Point X="350" Y="318"/>
    <Point X="353" Y="321"/>
    <Point X="356" Y="323"/>
    <Point X="357" Y="323"/>
    <Point X="357" Y="324"/>
    <Point X="358" Y="324"/>
</Gesture>
