<?xml version="1.0" ?>
<Gesture Name="08" Subject="2" Number="8" NumPts="64">
    <Point X="307" Y="69"/>
    <Point X="306" Y="69"/>
    <Point X="304" Y="70"/>
    <Point X="300" Y="70"/>
    <Point X="297" Y="70"/>
    <Point X="291" Y="70"/>
    <Point X="286" Y="70"/>
    <Point X="280" Y="70"/>
    <Point X="276" Y="70"/>
    <Point X="271" Y="70"/>
    <Point X="267" Y="70"/>
    <Point X="263" Y="70"/>
    <Point X="260" Y="70"/>
    <Point X="259" Y="71"/>
    <Point X="257" Y="71"/>
    <Point X="256" Y="72"/>
    <Point X="256" Y="73"/>
    <Point X="256" Y="74"/>
    <Point X="256" Y="75"/>
    <Point X="256" Y="77"/>
    <Point X="256" Y="79"/>
    <Point X="256" Y="80"/>
    <Point X="256" Y="83"/>
    <Point X="256" Y="88"/>
    <Point X="256" Y="93"/>
    <Point X="256" Y="100"/>
    <Point X="256" Y="108"/>
    <Point X="256" Y="117"/>
    <Point X="256" Y="125"/>
    <Point X="255" Y="134"/>
    <Point X="254" Y="142"/>
    <Point X="254" Y="150"/>
    <Point X="254" Y="159"/>
    <Point X="254" Y="167"/>
    <Point X="254" Y="174"/>
    <Point X="254" Y="181"/>
    <Point X="254" Y="188"/>
    <Point X="254" Y="194"/>
    <Point X="254" Y="200"/>
    <Point X="254" Y="205"/>
    <Point X="254" Y="208"/>
    <Point X="254" Y="212"/>
    <Point X="254" Y="214"/>
    <Point X="254" Y="216"/>
    <Point X="254" Y="217"/>
    <Point X="254" Y="218"/>
    <Point X="255" Y="218"/>
    <Point X="255" Y="219"/>
    <Point X="255" Y="220"/>
    <Point X="256" Y="220"/>
    <Point X="256" Y="221"/>
    <Point X="257" Y="221"/>
    <Point X="259" Y="221"/>
    <Point X="261" Y="221"/>
    <Point X="264" Y="222"/>
    <Point X="269" Y="223"/>
    <Point X="274" Y="223"/>
    <Point X="280" Y="224"/>
    <Point X="287" Y="224"/>
    <Point X="294" Y="226"/>
    <Point X="300" Y="227"/>
    <Point X="307" Y="228"/>
    <Point X="311" Y="229"/>
    <Point X="313" Y="229"/>
</Gesture>
