<?xml version="1.0" ?>
<Gesture Name="10" Subject="2" Number="10" NumPts="58">
    <Point X="284" Y="94"/>
    <Point X="283" Y="94"/>
    <Point X="280" Y="94"/>
    <Point X="276" Y="94"/>
    <Point X="270" Y="94"/>
    <Point X="262" Y="94"/>
    <Point X="254" Y="94"/>
    <Point X="246" Y="94"/>
    <Point X="239" Y="94"/>
    <Point X="234" Y="94"/>
    <Point X="230" Y="94"/>
    <Point X="228" Y="94"/>
    <Point X="227" Y="94"/>
    <Point X="227" Y="95"/>
    <Point X="227" Y="97"/>
    <Point X="226" Y="97"/>
    <Point X="226" Y="100"/>
    <Point X="225" Y="103"/>
    <Point X="225" Y="106"/>
    <Point X="224" Y="111"/>
    <Point X="223" Y="115"/>
    <Point X="222" Y="121"/>
    <Point X="221" Y="128"/>
    <Point X="219" Y="135"/>
    <Point X="217" Y="142"/>
    <Point X="216" Y="149"/>
    <Point X="215" Y="156"/>
    <Point X="213" Y="163"/>
    <Point X="213" Y="169"/>
    <Point X="212" Y="176"/>
    <Point X="212" Y="181"/>
    <Point X="212" Y="186"/>
    <Point X="212" Y="190"/>
    <Point X="212" Y="194"/>
    <Point X="212" Y="197"/>
    <Point X="212" Y="200"/>
    <Point X="212" Y="203"/>
    <Point X="212" Y="206"/>
    <Point X="212" Y="210"/>
    <Point X="212" Y="214"/>
    <Point X="212" Y="217"/>
    <Point X="212" Y="219"/>
    <Point X="212" Y="222"/>
    <Point X="212" Y="223"/>
    <Point X="212" Y="224"/>
    <Point X="213" Y="224"/>
    <Point X="214" Y="224"/>
    <Point X="215" Y="224"/>
    <Point X="218" Y="225"/>
    <Point X="221" Y="226"/>
    <Point X="227" Y="227"/>
    <Point X="233" Y="228"/>
    <Point X="242" Y="230"/>
    <Point X="251" Y="232"/>
    <Point X="260" Y="234"/>
    <Point X="268" Y="235"/>
    <Point X="275" Y="236"/>
    <Point X="281" Y="237"/>
</Gesture>
