<?xml version="1.0" ?>
<Gesture Name="04" Subject="2" Number="4" NumPts="70">
    <Point X="345" Y="82"/>
    <Point X="343" Y="82"/>
    <Point X="341" Y="82"/>
    <Point X="339" Y="82"/>
    <Point X="336" Y="82"/>
    <Point X="332" Y="82"/>
    <Point X="327" Y="82"/>
    <Point X="321" Y="82"/>
    <Point X="315" Y="82"/>
    <Point X="310" Y="82"/>
    <Point X="305" Y="82"/>
    <Point X="301" Y="82"/>
    <Point X="298" Y="82"/>
    <Point X="297" Y="82"/>
    <Point X="296" Y="82"/>
    <Point X="296" Y="83"/>
    <Point X="296" Y="85"/>
    <Point X="296" Y="86"/>
    <Point X="295" Y="89"/>
    <Point X="295" Y="91"/>
    <Point X="295" Y="93"/>
    <Point X="295" Y="96"/>
    <Point X="295" Y="100"/>
    <Point X="295" Y="105"/>
    <Point X="295" Y="110"/>
    <Point X="295" Y="116"/>
    <Point X="295" Y="122"/>
    <Point X="295" Y="128"/>
    <Point X="295" Y="135"/>
    <Point X="295" Y="142"/>
    <Point X="295" Y="149"/>
    <Point X="295" Y="157"/>
    <Point X="295" Y="164"/>
    <Point X="295" Y="171"/>
    <Point X="295" Y="178"/>
    <Point X="295" Y="186"/>
    <Point X="295" Y="193"/>
    <Point X="295" Y="200"/>
    <Point X="295" Y="206"/>
    <Point X="295" Y="212"/>
    <Point X="295" Y="217"/>
    <Point X="295" Y="222"/>
    <Point X="295" Y="224"/>
    <Point X="295" Y="226"/>
    <Point X="295" Y="228"/>
    <Point X="295" Y="229"/>
    <Point X="296" Y="231"/>
    <Point X="296" Y="234"/>
    <Point X="297" Y="236"/>
    <Point X="297" Y="237"/>
    <Point X="298" Y="239"/>
    <Point X="298" Y="240"/>
    <Point X="299" Y="242"/>
    <Point X="300" Y="244"/>
    <Point X="301" Y="244"/>
    <Point X="302" Y="244"/>
    <Point X="304" Y="244"/>
    <Point X="305" Y="244"/>
    <Point X="307" Y="244"/>
    <Point X="311" Y="244"/>
    <Point X="317" Y="244"/>
    <Point X="323" Y="244"/>
    <Point X="330" Y="244"/>
    <Point X="337" Y="244"/>
    <Point X="344" Y="245"/>
    <Point X="351" Y="246"/>
    <Point X="357" Y="246"/>
    <Point X="361" Y="246"/>
    <Point X="364" Y="246"/>
    <Point X="365" Y="246"/>
</Gesture>
