<?xml version="1.0" ?>
<Gesture Name="10" Subject="2" Number="10" NumPts="79">
    <Point X="275" Y="92"/>
    <Point X="274" Y="92"/>
    <Point X="273" Y="92"/>
    <Point X="271" Y="92"/>
    <Point X="270" Y="92"/>
    <Point X="267" Y="92"/>
    <Point X="266" Y="92"/>
    <Point X="264" Y="92"/>
    <Point X="262" Y="93"/>
    <Point X="260" Y="94"/>
    <Point X="257" Y="96"/>
    <Point X="256" Y="98"/>
    <Point X="255" Y="101"/>
    <Point X="253" Y="104"/>
    <Point X="252" Y="107"/>
    <Point X="251" Y="111"/>
    <Point X="251" Y="115"/>
    <Point X="251" Y="120"/>
    <Point X="251" Y="124"/>
    <Point X="251" Y="129"/>
    <Point X="253" Y="134"/>
    <Point X="254" Y="139"/>
    <Point X="255" Y="144"/>
    <Point X="257" Y="150"/>
    <Point X="259" Y="157"/>
    <Point X="260" Y="162"/>
    <Point X="261" Y="168"/>
    <Point X="262" Y="174"/>
    <Point X="262" Y="178"/>
    <Point X="262" Y="181"/>
    <Point X="261" Y="185"/>
    <Point X="261" Y="186"/>
    <Point X="258" Y="188"/>
    <Point X="256" Y="189"/>
    <Point X="255" Y="190"/>
    <Point X="253" Y="190"/>
    <Point X="251" Y="190"/>
    <Point X="249" Y="190"/>
    <Point X="246" Y="190"/>
    <Point X="243" Y="190"/>
    <Point X="240" Y="190"/>
    <Point X="238" Y="190"/>
    <Point X="236" Y="190"/>
    <Point X="235" Y="189"/>
    <Point X="237" Y="189"/>
    <Point X="238" Y="189"/>
    <Point X="239" Y="189"/>
    <Point X="240" Y="189"/>
    <Point X="241" Y="189"/>
    <Point X="242" Y="190"/>
    <Point X="243" Y="191"/>
    <Point X="244" Y="192"/>
    <Point X="245" Y="194"/>
    <Point X="245" Y="196"/>
    <Point X="246" Y="200"/>
    <Point X="247" Y="203"/>
    <Point X="247" Y="208"/>
    <Point X="248" Y="213"/>
    <Point X="248" Y="218"/>
    <Point X="248" Y="224"/>
    <Point X="248" Y="229"/>
    <Point X="248" Y="235"/>
    <Point X="249" Y="241"/>
    <Point X="250" Y="247"/>
    <Point X="252" Y="252"/>
    <Point X="254" Y="257"/>
    <Point X="255" Y="262"/>
    <Point X="258" Y="266"/>
    <Point X="261" Y="271"/>
    <Point X="263" Y="275"/>
    <Point X="266" Y="279"/>
    <Point X="269" Y="283"/>
    <Point X="271" Y="286"/>
    <Point X="273" Y="288"/>
    <Point X="275" Y="290"/>
    <Point X="275" Y="291"/>
    <Point X="276" Y="291"/>
    <Point X="276" Y="292"/>
    <Point X="277" Y="292"/>
</Gesture>
