<?xml version="1.0" ?>
<Gesture Name="04" Subject="2" Number="4" NumPts="67">
    <Point X="348" Y="156"/>
    <Point X="348" Y="155"/>
    <Point X="347" Y="155"/>
    <Point X="346" Y="155"/>
    <Point X="345" Y="155"/>
    <Point X="342" Y="155"/>
    <Point X="341" Y="155"/>
    <Point X="340" Y="156"/>
    <Point X="337" Y="157"/>
    <Point X="335" Y="158"/>
    <Point X="332" Y="160"/>
    <Point X="330" Y="162"/>
    <Point X="328" Y="165"/>
    <Point X="325" Y="169"/>
    <Point X="324" Y="173"/>
    <Point X="323" Y="179"/>
    <Point X="323" Y="185"/>
    <Point X="323" Y="191"/>
    <Point X="323" Y="198"/>
    <Point X="323" Y="205"/>
    <Point X="324" Y="212"/>
    <Point X="325" Y="219"/>
    <Point X="325" Y="226"/>
    <Point X="326" Y="233"/>
    <Point X="327" Y="239"/>
    <Point X="327" Y="243"/>
    <Point X="327" Y="247"/>
    <Point X="326" Y="250"/>
    <Point X="324" Y="253"/>
    <Point X="322" Y="254"/>
    <Point X="320" Y="256"/>
    <Point X="317" Y="257"/>
    <Point X="315" Y="257"/>
    <Point X="312" Y="258"/>
    <Point X="310" Y="258"/>
    <Point X="308" Y="257"/>
    <Point X="307" Y="256"/>
    <Point X="306" Y="256"/>
    <Point X="308" Y="255"/>
    <Point X="309" Y="255"/>
    <Point X="310" Y="255"/>
    <Point X="313" Y="256"/>
    <Point X="315" Y="257"/>
    <Point X="317" Y="258"/>
    <Point X="318" Y="260"/>
    <Point X="320" Y="262"/>
    <Point X="322" Y="265"/>
    <Point X="323" Y="269"/>
    <Point X="325" Y="274"/>
    <Point X="328" Y="286"/>
    <Point X="329" Y="292"/>
    <Point X="331" Y="299"/>
    <Point X="332" Y="306"/>
    <Point X="333" Y="313"/>
    <Point X="334" Y="320"/>
    <Point X="335" Y="328"/>
    <Point X="336" Y="335"/>
    <Point X="338" Y="342"/>
    <Point X="339" Y="348"/>
    <Point X="342" Y="354"/>
    <Point X="344" Y="359"/>
    <Point X="347" Y="363"/>
    <Point X="348" Y="366"/>
    <Point X="350" Y="369"/>
    <Point X="351" Y="370"/>
    <Point X="351" Y="371"/>
    <Point X="352" Y="371"/>
</Gesture>
