<?xml version="1.0" ?>
<Gesture Name="06" Subject="2" Number="6" NumPts="72">
    <Point X="373" Y="148"/>
    <Point X="372" Y="148"/>
    <Point X="371" Y="148"/>
    <Point X="369" Y="148"/>
    <Point X="367" Y="147"/>
    <Point X="365" Y="147"/>
    <Point X="363" Y="146"/>
    <Point X="361" Y="146"/>
    <Point X="357" Y="146"/>
    <Point X="354" Y="146"/>
    <Point X="350" Y="146"/>
    <Point X="347" Y="146"/>
    <Point X="344" Y="147"/>
    <Point X="341" Y="150"/>
    <Point X="339" Y="152"/>
    <Point X="337" Y="155"/>
    <Point X="336" Y="159"/>
    <Point X="334" Y="165"/>
    <Point X="334" Y="172"/>
    <Point X="334" Y="179"/>
    <Point X="334" Y="189"/>
    <Point X="334" Y="198"/>
    <Point X="336" Y="208"/>
    <Point X="337" Y="218"/>
    <Point X="338" Y="226"/>
    <Point X="340" Y="235"/>
    <Point X="340" Y="242"/>
    <Point X="341" Y="249"/>
    <Point X="341" Y="256"/>
    <Point X="341" Y="259"/>
    <Point X="340" Y="263"/>
    <Point X="339" Y="265"/>
    <Point X="338" Y="265"/>
    <Point X="336" Y="265"/>
    <Point X="333" Y="265"/>
    <Point X="329" Y="264"/>
    <Point X="325" Y="262"/>
    <Point X="320" Y="260"/>
    <Point X="316" Y="258"/>
    <Point X="312" Y="256"/>
    <Point X="309" Y="254"/>
    <Point X="308" Y="254"/>
    <Point X="309" Y="254"/>
    <Point X="313" Y="254"/>
    <Point X="316" Y="255"/>
    <Point X="321" Y="257"/>
    <Point X="325" Y="260"/>
    <Point X="328" Y="264"/>
    <Point X="331" Y="267"/>
    <Point X="333" Y="271"/>
    <Point X="334" Y="274"/>
    <Point X="335" Y="278"/>
    <Point X="337" Y="283"/>
    <Point X="338" Y="288"/>
    <Point X="338" Y="293"/>
    <Point X="339" Y="298"/>
    <Point X="339" Y="304"/>
    <Point X="339" Y="311"/>
    <Point X="340" Y="318"/>
    <Point X="340" Y="325"/>
    <Point X="341" Y="333"/>
    <Point X="341" Y="341"/>
    <Point X="343" Y="349"/>
    <Point X="345" Y="356"/>
    <Point X="346" Y="363"/>
    <Point X="349" Y="369"/>
    <Point X="351" Y="373"/>
    <Point X="354" Y="377"/>
    <Point X="357" Y="379"/>
    <Point X="358" Y="380"/>
    <Point X="360" Y="380"/>
    <Point X="361" Y="380"/>
</Gesture>
