<?xml version="1.0" ?>
<Gesture Name="05" Subject="2" Number="5" NumPts="69">
    <Point X="317" Y="76"/>
    <Point X="316" Y="76"/>
    <Point X="315" Y="76"/>
    <Point X="314" Y="76"/>
    <Point X="313" Y="76"/>
    <Point X="311" Y="76"/>
    <Point X="309" Y="76"/>
    <Point X="308" Y="76"/>
    <Point X="305" Y="76"/>
    <Point X="301" Y="75"/>
    <Point X="297" Y="75"/>
    <Point X="292" Y="75"/>
    <Point X="288" Y="75"/>
    <Point X="285" Y="75"/>
    <Point X="283" Y="75"/>
    <Point X="280" Y="76"/>
    <Point X="279" Y="77"/>
    <Point X="279" Y="78"/>
    <Point X="278" Y="78"/>
    <Point X="278" Y="79"/>
    <Point X="277" Y="79"/>
    <Point X="277" Y="80"/>
    <Point X="277" Y="81"/>
    <Point X="276" Y="83"/>
    <Point X="276" Y="85"/>
    <Point X="276" Y="86"/>
    <Point X="276" Y="89"/>
    <Point X="276" Y="94"/>
    <Point X="275" Y="100"/>
    <Point X="275" Y="106"/>
    <Point X="274" Y="113"/>
    <Point X="274" Y="120"/>
    <Point X="274" Y="128"/>
    <Point X="274" Y="136"/>
    <Point X="274" Y="144"/>
    <Point X="274" Y="152"/>
    <Point X="274" Y="160"/>
    <Point X="274" Y="167"/>
    <Point X="274" Y="173"/>
    <Point X="274" Y="180"/>
    <Point X="274" Y="187"/>
    <Point X="274" Y="193"/>
    <Point X="274" Y="199"/>
    <Point X="274" Y="204"/>
    <Point X="274" Y="209"/>
    <Point X="274" Y="212"/>
    <Point X="274" Y="215"/>
    <Point X="274" Y="218"/>
    <Point X="274" Y="219"/>
    <Point X="274" Y="220"/>
    <Point X="274" Y="221"/>
    <Point X="275" Y="222"/>
    <Point X="275" Y="223"/>
    <Point X="275" Y="225"/>
    <Point X="276" Y="226"/>
    <Point X="277" Y="227"/>
    <Point X="278" Y="227"/>
    <Point X="280" Y="227"/>
    <Point X="283" Y="227"/>
    <Point X="288" Y="227"/>
    <Point X="295" Y="228"/>
    <Point X="302" Y="229"/>
    <Point X="310" Y="230"/>
    <Point X="318" Y="232"/>
    <Point X="325" Y="233"/>
    <Point X="332" Y="234"/>
    <Point X="337" Y="235"/>
    <Point X="340" Y="235"/>
    <Point X="343" Y="236"/>
</Gesture>
