<?xml version="1.0" ?>
<Gesture Name="06" Subject="2" Number="6" NumPts="82">
    <Point X="308" Y="85"/>
    <Point X="307" Y="85"/>
    <Point X="306" Y="85"/>
    <Point X="305" Y="85"/>
    <Point X="303" Y="85"/>
    <Point X="303" Y="86"/>
    <Point X="301" Y="86"/>
    <Point X="299" Y="86"/>
    <Point X="296" Y="86"/>
    <Point X="294" Y="86"/>
    <Point X="291" Y="86"/>
    <Point X="288" Y="86"/>
    <Point X="287" Y="86"/>
    <Point X="286" Y="86"/>
    <Point X="285" Y="86"/>
    <Point X="284" Y="86"/>
    <Point X="283" Y="86"/>
    <Point X="282" Y="86"/>
    <Point X="282" Y="87"/>
    <Point X="281" Y="87"/>
    <Point X="280" Y="87"/>
    <Point X="279" Y="87"/>
    <Point X="278" Y="87"/>
    <Point X="277" Y="87"/>
    <Point X="276" Y="88"/>
    <Point X="276" Y="89"/>
    <Point X="276" Y="90"/>
    <Point X="276" Y="92"/>
    <Point X="276" Y="94"/>
    <Point X="276" Y="98"/>
    <Point X="276" Y="101"/>
    <Point X="277" Y="106"/>
    <Point X="278" Y="111"/>
    <Point X="278" Y="116"/>
    <Point X="278" Y="123"/>
    <Point X="278" Y="130"/>
    <Point X="278" Y="137"/>
    <Point X="278" Y="145"/>
    <Point X="278" Y="152"/>
    <Point X="278" Y="159"/>
    <Point X="278" Y="166"/>
    <Point X="278" Y="171"/>
    <Point X="278" Y="176"/>
    <Point X="278" Y="182"/>
    <Point X="278" Y="187"/>
    <Point X="277" Y="193"/>
    <Point X="276" Y="198"/>
    <Point X="275" Y="203"/>
    <Point X="275" Y="209"/>
    <Point X="274" Y="214"/>
    <Point X="273" Y="219"/>
    <Point X="273" Y="223"/>
    <Point X="273" Y="227"/>
    <Point X="273" Y="230"/>
    <Point X="273" Y="232"/>
    <Point X="273" Y="235"/>
    <Point X="273" Y="237"/>
    <Point X="273" Y="239"/>
    <Point X="273" Y="240"/>
    <Point X="273" Y="241"/>
    <Point X="273" Y="242"/>
    <Point X="273" Y="243"/>
    <Point X="273" Y="244"/>
    <Point X="274" Y="244"/>
    <Point X="274" Y="245"/>
    <Point X="275" Y="245"/>
    <Point X="277" Y="246"/>
    <Point X="278" Y="246"/>
    <Point X="281" Y="246"/>
    <Point X="285" Y="247"/>
    <Point X="291" Y="248"/>
    <Point X="297" Y="249"/>
    <Point X="304" Y="251"/>
    <Point X="310" Y="253"/>
    <Point X="316" Y="254"/>
    <Point X="322" Y="256"/>
    <Point X="326" Y="257"/>
    <Point X="330" Y="258"/>
    <Point X="333" Y="259"/>
    <Point X="335" Y="259"/>
    <Point X="336" Y="260"/>
    <Point X="337" Y="260"/>
</Gesture>
