<?xml version="1.0" ?>
<Gesture Name="03" Subject="2" Number="3" NumPts="61">
    <Point X="389" Y="161"/>
    <Point X="389" Y="160"/>
    <Point X="388" Y="160"/>
    <Point X="387" Y="160"/>
    <Point X="386" Y="160"/>
    <Point X="384" Y="160"/>
    <Point X="382" Y="160"/>
    <Point X="380" Y="160"/>
    <Point X="377" Y="160"/>
    <Point X="374" Y="161"/>
    <Point X="371" Y="163"/>
    <Point X="368" Y="167"/>
    <Point X="365" Y="171"/>
    <Point X="362" Y="175"/>
    <Point X="361" Y="181"/>
    <Point X="359" Y="189"/>
    <Point X="357" Y="196"/>
    <Point X="356" Y="205"/>
    <Point X="355" Y="214"/>
    <Point X="353" Y="222"/>
    <Point X="352" Y="231"/>
    <Point X="351" Y="239"/>
    <Point X="349" Y="246"/>
    <Point X="348" Y="252"/>
    <Point X="347" Y="256"/>
    <Point X="345" Y="258"/>
    <Point X="342" Y="259"/>
    <Point X="340" Y="259"/>
    <Point X="338" Y="259"/>
    <Point X="336" Y="258"/>
    <Point X="333" Y="257"/>
    <Point X="332" Y="256"/>
    <Point X="330" Y="255"/>
    <Point X="329" Y="254"/>
    <Point X="330" Y="254"/>
    <Point X="333" Y="254"/>
    <Point X="337" Y="255"/>
    <Point X="341" Y="258"/>
    <Point X="345" Y="261"/>
    <Point X="349" Y="263"/>
    <Point X="351" Y="266"/>
    <Point X="354" Y="270"/>
    <Point X="355" Y="273"/>
    <Point X="356" Y="277"/>
    <Point X="357" Y="282"/>
    <Point X="358" Y="287"/>
    <Point X="359" Y="293"/>
    <Point X="359" Y="299"/>
    <Point X="360" Y="306"/>
    <Point X="361" Y="314"/>
    <Point X="361" Y="321"/>
    <Point X="361" Y="330"/>
    <Point X="362" Y="338"/>
    <Point X="363" Y="347"/>
    <Point X="365" Y="355"/>
    <Point X="366" Y="362"/>
    <Point X="369" Y="368"/>
    <Point X="371" Y="373"/>
    <Point X="372" Y="376"/>
    <Point X="372" Y="377"/>
    <Point X="373" Y="377"/>
</Gesture>
