<?xml version="1.0" ?>
<Gesture Name="08" Subject="2" Number="8" NumPts="80">
    <Point X="300" Y="129"/>
    <Point X="301" Y="129"/>
    <Point X="300" Y="129"/>
    <Point X="298" Y="129"/>
    <Point X="296" Y="129"/>
    <Point X="294" Y="130"/>
    <Point X="292" Y="131"/>
    <Point X="290" Y="131"/>
    <Point X="287" Y="132"/>
    <Point X="284" Y="134"/>
    <Point X="279" Y="136"/>
    <Point X="274" Y="139"/>
    <Point X="270" Y="141"/>
    <Point X="267" Y="144"/>
    <Point X="265" Y="146"/>
    <Point X="264" Y="148"/>
    <Point X="263" Y="150"/>
    <Point X="263" Y="153"/>
    <Point X="263" Y="157"/>
    <Point X="263" Y="160"/>
    <Point X="264" Y="164"/>
    <Point X="266" Y="169"/>
    <Point X="268" Y="174"/>
    <Point X="270" Y="180"/>
    <Point X="271" Y="185"/>
    <Point X="273" Y="190"/>
    <Point X="274" Y="195"/>
    <Point X="275" Y="198"/>
    <Point X="276" Y="202"/>
    <Point X="276" Y="206"/>
    <Point X="276" Y="209"/>
    <Point X="275" Y="211"/>
    <Point X="275" Y="213"/>
    <Point X="273" Y="215"/>
    <Point X="271" Y="216"/>
    <Point X="268" Y="217"/>
    <Point X="265" Y="217"/>
    <Point X="261" Y="218"/>
    <Point X="257" Y="218"/>
    <Point X="253" Y="218"/>
    <Point X="249" Y="218"/>
    <Point X="245" Y="218"/>
    <Point X="243" Y="218"/>
    <Point X="241" Y="217"/>
    <Point X="240" Y="217"/>
    <Point X="240" Y="216"/>
    <Point X="241" Y="216"/>
    <Point X="242" Y="216"/>
    <Point X="244" Y="216"/>
    <Point X="247" Y="216"/>
    <Point X="249" Y="216"/>
    <Point X="251" Y="217"/>
    <Point X="252" Y="217"/>
    <Point X="253" Y="218"/>
    <Point X="255" Y="219"/>
    <Point X="255" Y="221"/>
    <Point X="256" Y="223"/>
    <Point X="256" Y="226"/>
    <Point X="257" Y="228"/>
    <Point X="257" Y="231"/>
    <Point X="258" Y="234"/>
    <Point X="258" Y="238"/>
    <Point X="259" Y="242"/>
    <Point X="260" Y="247"/>
    <Point X="261" Y="252"/>
    <Point X="262" Y="257"/>
    <Point X="263" Y="263"/>
    <Point X="264" Y="268"/>
    <Point X="266" Y="274"/>
    <Point X="268" Y="279"/>
    <Point X="270" Y="285"/>
    <Point X="272" Y="289"/>
    <Point X="275" Y="294"/>
    <Point X="277" Y="297"/>
    <Point X="280" Y="301"/>
    <Point X="282" Y="303"/>
    <Point X="284" Y="305"/>
    <Point X="286" Y="306"/>
    <Point X="287" Y="306"/>
    <Point X="288" Y="307"/>
</Gesture>
