<?xml version="1.0" ?>
<Gesture Name="05" Subject="2" Number="5" NumPts="69">
    <Point X="360" Y="169"/>
    <Point X="359" Y="169"/>
    <Point X="356" Y="169"/>
    <Point X="355" Y="169"/>
    <Point X="354" Y="169"/>
    <Point X="351" Y="169"/>
    <Point X="349" Y="169"/>
    <Point X="347" Y="169"/>
    <Point X="344" Y="169"/>
    <Point X="341" Y="171"/>
    <Point X="339" Y="173"/>
    <Point X="337" Y="176"/>
    <Point X="335" Y="180"/>
    <Point X="334" Y="185"/>
    <Point X="333" Y="190"/>
    <Point X="333" Y="197"/>
    <Point X="333" Y="205"/>
    <Point X="333" Y="213"/>
    <Point X="333" Y="222"/>
    <Point X="333" Y="232"/>
    <Point X="334" Y="240"/>
    <Point X="335" Y="249"/>
    <Point X="335" Y="256"/>
    <Point X="335" Y="262"/>
    <Point X="335" Y="269"/>
    <Point X="335" Y="273"/>
    <Point X="334" Y="274"/>
    <Point X="333" Y="275"/>
    <Point X="332" Y="275"/>
    <Point X="330" Y="275"/>
    <Point X="326" Y="275"/>
    <Point X="322" Y="274"/>
    <Point X="318" Y="273"/>
    <Point X="313" Y="273"/>
    <Point X="309" Y="271"/>
    <Point X="306" Y="270"/>
    <Point X="304" Y="269"/>
    <Point X="303" Y="269"/>
    <Point X="304" Y="269"/>
    <Point X="306" Y="270"/>
    <Point X="308" Y="271"/>
    <Point X="311" Y="273"/>
    <Point X="313" Y="276"/>
    <Point X="315" Y="278"/>
    <Point X="317" Y="281"/>
    <Point X="319" Y="284"/>
    <Point X="320" Y="288"/>
    <Point X="321" Y="293"/>
    <Point X="323" Y="298"/>
    <Point X="324" Y="304"/>
    <Point X="325" Y="309"/>
    <Point X="326" Y="316"/>
    <Point X="328" Y="323"/>
    <Point X="329" Y="329"/>
    <Point X="331" Y="335"/>
    <Point X="333" Y="342"/>
    <Point X="334" Y="349"/>
    <Point X="337" Y="355"/>
    <Point X="340" Y="361"/>
    <Point X="343" Y="367"/>
    <Point X="346" Y="372"/>
    <Point X="350" Y="377"/>
    <Point X="354" Y="381"/>
    <Point X="356" Y="385"/>
    <Point X="359" Y="387"/>
    <Point X="361" Y="388"/>
    <Point X="362" Y="388"/>
    <Point X="363" Y="388"/>
    <Point X="364" Y="388"/>
</Gesture>
