<?xml version="1.0" ?>
<Gesture Name="02" Subject="2" Number="2" NumPts="66">
    <Point X="331" Y="142"/>
    <Point X="330" Y="142"/>
    <Point X="329" Y="142"/>
    <Point X="327" Y="142"/>
    <Point X="325" Y="142"/>
    <Point X="323" Y="143"/>
    <Point X="321" Y="144"/>
    <Point X="319" Y="146"/>
    <Point X="318" Y="147"/>
    <Point X="317" Y="149"/>
    <Point X="317" Y="150"/>
    <Point X="316" Y="152"/>
    <Point X="315" Y="155"/>
    <Point X="314" Y="159"/>
    <Point X="313" Y="165"/>
    <Point X="313" Y="170"/>
    <Point X="313" Y="176"/>
    <Point X="313" Y="183"/>
    <Point X="313" Y="190"/>
    <Point X="312" Y="197"/>
    <Point X="312" Y="203"/>
    <Point X="311" Y="209"/>
    <Point X="310" Y="214"/>
    <Point X="308" Y="220"/>
    <Point X="306" Y="224"/>
    <Point X="304" Y="228"/>
    <Point X="302" Y="231"/>
    <Point X="300" Y="232"/>
    <Point X="297" Y="233"/>
    <Point X="295" Y="234"/>
    <Point X="293" Y="234"/>
    <Point X="292" Y="233"/>
    <Point X="290" Y="232"/>
    <Point X="288" Y="231"/>
    <Point X="287" Y="230"/>
    <Point X="286" Y="229"/>
    <Point X="286" Y="228"/>
    <Point X="287" Y="228"/>
    <Point X="289" Y="228"/>
    <Point X="292" Y="228"/>
    <Point X="296" Y="229"/>
    <Point X="299" Y="230"/>
    <Point X="303" Y="233"/>
    <Point X="305" Y="235"/>
    <Point X="307" Y="237"/>
    <Point X="308" Y="240"/>
    <Point X="309" Y="243"/>
    <Point X="310" Y="246"/>
    <Point X="311" Y="250"/>
    <Point X="312" Y="254"/>
    <Point X="313" Y="258"/>
    <Point X="313" Y="263"/>
    <Point X="314" Y="268"/>
    <Point X="316" Y="274"/>
    <Point X="317" Y="280"/>
    <Point X="319" Y="286"/>
    <Point X="321" Y="293"/>
    <Point X="324" Y="299"/>
    <Point X="326" Y="305"/>
    <Point X="329" Y="310"/>
    <Point X="333" Y="316"/>
    <Point X="336" Y="320"/>
    <Point X="339" Y="323"/>
    <Point X="341" Y="326"/>
    <Point X="342" Y="328"/>
    <Point X="343" Y="328"/>
</Gesture>
