<?xml version="1.0" ?>
<Gesture Name="07" Subject="2" Number="7" NumPts="72">
    <Point X="316" Y="89"/>
    <Point X="317" Y="89"/>
    <Point X="316" Y="89"/>
    <Point X="314" Y="89"/>
    <Point X="312" Y="89"/>
    <Point X="308" Y="89"/>
    <Point X="304" Y="89"/>
    <Point X="300" Y="89"/>
    <Point X="294" Y="89"/>
    <Point X="289" Y="89"/>
    <Point X="283" Y="89"/>
    <Point X="279" Y="89"/>
    <Point X="274" Y="89"/>
    <Point X="269" Y="89"/>
    <Point X="266" Y="89"/>
    <Point X="262" Y="89"/>
    <Point X="260" Y="89"/>
    <Point X="259" Y="89"/>
    <Point X="258" Y="89"/>
    <Point X="257" Y="89"/>
    <Point X="256" Y="89"/>
    <Point X="255" Y="90"/>
    <Point X="255" Y="91"/>
    <Point X="255" Y="92"/>
    <Point X="255" Y="93"/>
    <Point X="255" Y="95"/>
    <Point X="255" Y="97"/>
    <Point X="255" Y="102"/>
    <Point X="255" Y="107"/>
    <Point X="255" Y="114"/>
    <Point X="255" Y="121"/>
    <Point X="255" Y="129"/>
    <Point X="255" Y="137"/>
    <Point X="254" Y="146"/>
    <Point X="253" Y="154"/>
    <Point X="251" Y="163"/>
    <Point X="250" Y="171"/>
    <Point X="249" Y="180"/>
    <Point X="248" Y="189"/>
    <Point X="247" Y="198"/>
    <Point X="245" Y="205"/>
    <Point X="244" Y="213"/>
    <Point X="243" Y="219"/>
    <Point X="242" Y="225"/>
    <Point X="242" Y="230"/>
    <Point X="242" Y="234"/>
    <Point X="242" Y="237"/>
    <Point X="242" Y="240"/>
    <Point X="242" Y="243"/>
    <Point X="241" Y="243"/>
    <Point X="241" Y="244"/>
    <Point X="241" Y="245"/>
    <Point X="241" Y="246"/>
    <Point X="241" Y="247"/>
    <Point X="242" Y="247"/>
    <Point X="243" Y="248"/>
    <Point X="244" Y="248"/>
    <Point X="245" Y="248"/>
    <Point X="248" Y="249"/>
    <Point X="252" Y="249"/>
    <Point X="257" Y="250"/>
    <Point X="263" Y="251"/>
    <Point X="270" Y="252"/>
    <Point X="278" Y="254"/>
    <Point X="286" Y="255"/>
    <Point X="295" Y="256"/>
    <Point X="302" Y="258"/>
    <Point X="307" Y="259"/>
    <Point X="311" Y="260"/>
    <Point X="312" Y="260"/>
    <Point X="313" Y="260"/>
    <Point X="314" Y="260"/>
</Gesture>
