<?xml version="1.0" ?>
<Gesture Name="07" Subject="2" Number="7" NumPts="66">
    <Point X="363" Y="166"/>
    <Point X="363" Y="165"/>
    <Point X="362" Y="165"/>
    <Point X="360" Y="165"/>
    <Point X="358" Y="165"/>
    <Point X="355" Y="165"/>
    <Point X="354" Y="165"/>
    <Point X="352" Y="166"/>
    <Point X="350" Y="167"/>
    <Point X="346" Y="170"/>
    <Point X="343" Y="172"/>
    <Point X="340" Y="175"/>
    <Point X="337" Y="178"/>
    <Point X="334" Y="182"/>
    <Point X="332" Y="187"/>
    <Point X="330" Y="193"/>
    <Point X="329" Y="200"/>
    <Point X="328" Y="206"/>
    <Point X="328" Y="214"/>
    <Point X="328" Y="222"/>
    <Point X="328" Y="231"/>
    <Point X="329" Y="238"/>
    <Point X="330" Y="246"/>
    <Point X="331" Y="254"/>
    <Point X="332" Y="260"/>
    <Point X="333" Y="265"/>
    <Point X="333" Y="270"/>
    <Point X="333" Y="272"/>
    <Point X="333" Y="274"/>
    <Point X="333" Y="276"/>
    <Point X="331" Y="276"/>
    <Point X="330" Y="276"/>
    <Point X="327" Y="276"/>
    <Point X="322" Y="275"/>
    <Point X="317" Y="274"/>
    <Point X="313" Y="273"/>
    <Point X="308" Y="271"/>
    <Point X="306" Y="270"/>
    <Point X="305" Y="270"/>
    <Point X="307" Y="270"/>
    <Point X="308" Y="270"/>
    <Point X="311" Y="271"/>
    <Point X="316" Y="272"/>
    <Point X="320" Y="275"/>
    <Point X="325" Y="278"/>
    <Point X="328" Y="281"/>
    <Point X="330" Y="283"/>
    <Point X="332" Y="285"/>
    <Point X="333" Y="287"/>
    <Point X="335" Y="291"/>
    <Point X="336" Y="294"/>
    <Point X="337" Y="298"/>
    <Point X="339" Y="302"/>
    <Point X="340" Y="307"/>
    <Point X="341" Y="312"/>
    <Point X="342" Y="319"/>
    <Point X="344" Y="326"/>
    <Point X="346" Y="333"/>
    <Point X="347" Y="340"/>
    <Point X="349" Y="346"/>
    <Point X="351" Y="352"/>
    <Point X="354" Y="358"/>
    <Point X="356" Y="363"/>
    <Point X="358" Y="366"/>
    <Point X="360" Y="368"/>
    <Point X="360" Y="369"/>
</Gesture>
