<?xml version="1.0" ?>
<Gesture Name="05" Subject="2" Number="5" NumPts="54">
    <Point X="340" Y="331"/>
    <Point X="340" Y="332"/>
    <Point X="341" Y="332"/>
    <Point X="343" Y="332"/>
    <Point X="345" Y="332"/>
    <Point X="346" Y="332"/>
    <Point X="350" Y="331"/>
    <Point X="356" Y="330"/>
    <Point X="363" Y="328"/>
    <Point X="370" Y="325"/>
    <Point X="380" Y="321"/>
    <Point X="392" Y="316"/>
    <Point X="405" Y="311"/>
    <Point X="418" Y="305"/>
    <Point X="432" Y="298"/>
    <Point X="443" Y="290"/>
    <Point X="454" Y="282"/>
    <Point X="462" Y="274"/>
    <Point X="468" Y="266"/>
    <Point X="472" Y="257"/>
    <Point X="474" Y="249"/>
    <Point X="474" Y="240"/>
    <Point X="474" Y="232"/>
    <Point X="471" Y="225"/>
    <Point X="468" Y="219"/>
    <Point X="465" Y="215"/>
    <Point X="462" Y="213"/>
    <Point X="460" Y="212"/>
    <Point X="456" Y="211"/>
    <Point X="453" Y="211"/>
    <Point X="448" Y="213"/>
    <Point X="444" Y="216"/>
    <Point X="438" Y="220"/>
    <Point X="432" Y="225"/>
    <Point X="426" Y="231"/>
    <Point X="421" Y="238"/>
    <Point X="416" Y="246"/>
    <Point X="412" Y="254"/>
    <Point X="408" Y="263"/>
    <Point X="405" Y="274"/>
    <Point X="403" Y="285"/>
    <Point X="402" Y="296"/>
    <Point X="401" Y="306"/>
    <Point X="402" Y="317"/>
    <Point X="404" Y="327"/>
    <Point X="409" Y="336"/>
    <Point X="414" Y="344"/>
    <Point X="420" Y="349"/>
    <Point X="426" Y="353"/>
    <Point X="433" Y="355"/>
    <Point X="441" Y="357"/>
    <Point X="448" Y="358"/>
    <Point X="454" Y="358"/>
    <Point X="460" Y="358"/>
</Gesture>
