<?xml version="1.0" ?>
<Gesture Name="10" Subject="2" Number="10" NumPts="53">
    <Point X="290" Y="320"/>
    <Point X="290" Y="321"/>
    <Point X="291" Y="321"/>
    <Point X="292" Y="321"/>
    <Point X="293" Y="321"/>
    <Point X="294" Y="321"/>
    <Point X="297" Y="321"/>
    <Point X="304" Y="321"/>
    <Point X="314" Y="320"/>
    <Point X="324" Y="318"/>
    <Point X="336" Y="314"/>
    <Point X="348" Y="310"/>
    <Point X="361" Y="304"/>
    <Point X="371" Y="298"/>
    <Point X="381" Y="291"/>
    <Point X="389" Y="283"/>
    <Point X="395" Y="275"/>
    <Point X="399" Y="267"/>
    <Point X="402" Y="258"/>
    <Point X="404" Y="250"/>
    <Point X="405" Y="240"/>
    <Point X="406" Y="232"/>
    <Point X="405" Y="224"/>
    <Point X="404" Y="217"/>
    <Point X="401" Y="212"/>
    <Point X="399" Y="208"/>
    <Point X="396" Y="206"/>
    <Point X="394" Y="205"/>
    <Point X="392" Y="205"/>
    <Point X="389" Y="204"/>
    <Point X="385" Y="205"/>
    <Point X="381" Y="207"/>
    <Point X="377" Y="210"/>
    <Point X="373" Y="214"/>
    <Point X="369" Y="220"/>
    <Point X="365" Y="227"/>
    <Point X="362" Y="236"/>
    <Point X="359" Y="246"/>
    <Point X="357" Y="256"/>
    <Point X="356" Y="267"/>
    <Point X="355" Y="277"/>
    <Point X="355" Y="287"/>
    <Point X="357" Y="298"/>
    <Point X="360" Y="308"/>
    <Point X="364" Y="317"/>
    <Point X="369" Y="324"/>
    <Point X="377" Y="330"/>
    <Point X="384" Y="336"/>
    <Point X="391" Y="339"/>
    <Point X="397" Y="342"/>
    <Point X="402" Y="344"/>
    <Point X="405" Y="345"/>
    <Point X="407" Y="345"/>
</Gesture>
