<?xml version="1.0" ?>
<Gesture Name="02" Subject="2" Number="2" NumPts="58">
    <Point X="273" Y="340"/>
    <Point X="273" Y="341"/>
    <Point X="275" Y="341"/>
    <Point X="276" Y="341"/>
    <Point X="278" Y="340"/>
    <Point X="283" Y="339"/>
    <Point X="292" Y="337"/>
    <Point X="301" Y="336"/>
    <Point X="312" Y="334"/>
    <Point X="326" Y="330"/>
    <Point X="342" Y="326"/>
    <Point X="357" Y="322"/>
    <Point X="371" Y="317"/>
    <Point X="385" Y="311"/>
    <Point X="396" Y="306"/>
    <Point X="405" Y="299"/>
    <Point X="412" Y="291"/>
    <Point X="416" Y="282"/>
    <Point X="418" Y="273"/>
    <Point X="420" Y="264"/>
    <Point X="419" Y="255"/>
    <Point X="417" Y="247"/>
    <Point X="414" Y="239"/>
    <Point X="411" Y="232"/>
    <Point X="407" Y="226"/>
    <Point X="404" Y="219"/>
    <Point X="399" Y="213"/>
    <Point X="395" Y="208"/>
    <Point X="390" Y="204"/>
    <Point X="384" Y="202"/>
    <Point X="380" Y="202"/>
    <Point X="375" Y="201"/>
    <Point X="370" Y="201"/>
    <Point X="367" Y="202"/>
    <Point X="363" Y="205"/>
    <Point X="360" Y="209"/>
    <Point X="358" Y="215"/>
    <Point X="356" Y="222"/>
    <Point X="355" Y="232"/>
    <Point X="355" Y="241"/>
    <Point X="355" Y="252"/>
    <Point X="355" Y="263"/>
    <Point X="357" Y="275"/>
    <Point X="360" Y="288"/>
    <Point X="365" Y="300"/>
    <Point X="370" Y="312"/>
    <Point X="376" Y="323"/>
    <Point X="383" Y="333"/>
    <Point X="391" Y="341"/>
    <Point X="399" Y="347"/>
    <Point X="409" Y="353"/>
    <Point X="419" Y="357"/>
    <Point X="428" Y="359"/>
    <Point X="437" Y="360"/>
    <Point X="444" Y="361"/>
    <Point X="451" Y="361"/>
    <Point X="454" Y="361"/>
    <Point X="456" Y="360"/>
</Gesture>
