<?xml version="1.0" ?>
<Gesture Name="08" Subject="2" Number="8" NumPts="51">
    <Point X="331" Y="343"/>
    <Point X="333" Y="343"/>
    <Point X="334" Y="343"/>
    <Point X="337" Y="343"/>
    <Point X="342" Y="341"/>
    <Point X="349" Y="338"/>
    <Point X="358" Y="335"/>
    <Point X="367" Y="332"/>
    <Point X="375" Y="329"/>
    <Point X="385" Y="324"/>
    <Point X="393" Y="319"/>
    <Point X="402" Y="313"/>
    <Point X="409" Y="308"/>
    <Point X="416" Y="303"/>
    <Point X="419" Y="298"/>
    <Point X="422" Y="294"/>
    <Point X="424" Y="289"/>
    <Point X="424" Y="285"/>
    <Point X="425" Y="282"/>
    <Point X="425" Y="279"/>
    <Point X="424" Y="277"/>
    <Point X="423" Y="275"/>
    <Point X="423" Y="274"/>
    <Point X="421" Y="273"/>
    <Point X="419" Y="273"/>
    <Point X="416" Y="272"/>
    <Point X="412" Y="272"/>
    <Point X="406" Y="272"/>
    <Point X="401" Y="272"/>
    <Point X="395" Y="272"/>
    <Point X="390" Y="273"/>
    <Point X="385" Y="275"/>
    <Point X="381" Y="278"/>
    <Point X="378" Y="283"/>
    <Point X="375" Y="287"/>
    <Point X="373" Y="294"/>
    <Point X="371" Y="301"/>
    <Point X="371" Y="309"/>
    <Point X="371" Y="317"/>
    <Point X="372" Y="325"/>
    <Point X="374" Y="332"/>
    <Point X="378" Y="339"/>
    <Point X="382" Y="346"/>
    <Point X="388" Y="351"/>
    <Point X="394" Y="354"/>
    <Point X="401" Y="356"/>
    <Point X="408" Y="356"/>
    <Point X="414" Y="357"/>
    <Point X="418" Y="357"/>
    <Point X="420" Y="357"/>
    <Point X="422" Y="357"/>
</Gesture>
