<?xml version="1.0" ?>
<Gesture Name="04" Subject="2" Number="4" NumPts="54">
    <Point X="326" Y="331"/>
    <Point X="327" Y="332"/>
    <Point X="329" Y="332"/>
    <Point X="332" Y="332"/>
    <Point X="336" Y="332"/>
    <Point X="343" Y="330"/>
    <Point X="350" Y="327"/>
    <Point X="360" Y="324"/>
    <Point X="370" Y="319"/>
    <Point X="381" Y="314"/>
    <Point X="393" Y="308"/>
    <Point X="403" Y="301"/>
    <Point X="413" Y="294"/>
    <Point X="421" Y="287"/>
    <Point X="427" Y="280"/>
    <Point X="433" Y="273"/>
    <Point X="436" Y="266"/>
    <Point X="438" Y="260"/>
    <Point X="440" Y="253"/>
    <Point X="440" Y="246"/>
    <Point X="440" Y="241"/>
    <Point X="440" Y="236"/>
    <Point X="438" Y="233"/>
    <Point X="436" Y="231"/>
    <Point X="434" Y="230"/>
    <Point X="430" Y="229"/>
    <Point X="425" Y="228"/>
    <Point X="420" Y="228"/>
    <Point X="415" Y="229"/>
    <Point X="410" Y="232"/>
    <Point X="404" Y="235"/>
    <Point X="398" Y="238"/>
    <Point X="393" Y="243"/>
    <Point X="389" Y="247"/>
    <Point X="385" Y="252"/>
    <Point X="382" Y="257"/>
    <Point X="381" Y="261"/>
    <Point X="379" Y="267"/>
    <Point X="378" Y="272"/>
    <Point X="377" Y="278"/>
    <Point X="377" Y="283"/>
    <Point X="378" Y="288"/>
    <Point X="380" Y="295"/>
    <Point X="382" Y="300"/>
    <Point X="386" Y="306"/>
    <Point X="390" Y="310"/>
    <Point X="394" Y="313"/>
    <Point X="399" Y="316"/>
    <Point X="404" Y="319"/>
    <Point X="411" Y="321"/>
    <Point X="417" Y="323"/>
    <Point X="422" Y="325"/>
    <Point X="428" Y="327"/>
    <Point X="433" Y="329"/>
</Gesture>
