<?xml version="1.0" ?>
<Gesture Name="06" Subject="2" Number="6" NumPts="57">
    <Point X="316" Y="314"/>
    <Point X="316" Y="315"/>
    <Point X="317" Y="315"/>
    <Point X="317" Y="316"/>
    <Point X="319" Y="317"/>
    <Point X="320" Y="317"/>
    <Point X="321" Y="317"/>
    <Point X="325" Y="317"/>
    <Point X="331" Y="317"/>
    <Point X="337" Y="316"/>
    <Point X="345" Y="314"/>
    <Point X="353" Y="312"/>
    <Point X="362" Y="308"/>
    <Point X="372" Y="303"/>
    <Point X="382" Y="298"/>
    <Point X="391" Y="292"/>
    <Point X="400" Y="286"/>
    <Point X="407" Y="280"/>
    <Point X="414" Y="274"/>
    <Point X="418" Y="268"/>
    <Point X="421" Y="262"/>
    <Point X="424" Y="257"/>
    <Point X="425" Y="252"/>
    <Point X="425" Y="247"/>
    <Point X="425" Y="243"/>
    <Point X="425" Y="240"/>
    <Point X="425" Y="238"/>
    <Point X="425" Y="236"/>
    <Point X="424" Y="234"/>
    <Point X="423" Y="233"/>
    <Point X="420" Y="232"/>
    <Point X="416" Y="232"/>
    <Point X="411" Y="231"/>
    <Point X="405" Y="230"/>
    <Point X="399" Y="230"/>
    <Point X="394" Y="231"/>
    <Point X="388" Y="233"/>
    <Point X="384" Y="236"/>
    <Point X="380" Y="241"/>
    <Point X="377" Y="246"/>
    <Point X="376" Y="253"/>
    <Point X="374" Y="261"/>
    <Point X="374" Y="270"/>
    <Point X="373" Y="280"/>
    <Point X="373" Y="289"/>
    <Point X="374" Y="299"/>
    <Point X="377" Y="308"/>
    <Point X="381" Y="317"/>
    <Point X="386" Y="324"/>
    <Point X="389" Y="328"/>
    <Point X="393" Y="331"/>
    <Point X="399" Y="332"/>
    <Point X="404" Y="333"/>
    <Point X="410" Y="332"/>
    <Point X="416" Y="332"/>
    <Point X="419" Y="331"/>
    <Point X="422" Y="330"/>
</Gesture>
