<?xml version="1.0" ?>
<Gesture Name="01" Subject="2" Number="1" NumPts="61">
    <Point X="284" Y="302"/>
    <Point X="285" Y="303"/>
    <Point X="285" Y="304"/>
    <Point X="286" Y="304"/>
    <Point X="287" Y="304"/>
    <Point X="290" Y="304"/>
    <Point X="294" Y="304"/>
    <Point X="299" Y="304"/>
    <Point X="306" Y="304"/>
    <Point X="314" Y="304"/>
    <Point X="323" Y="303"/>
    <Point X="332" Y="300"/>
    <Point X="342" Y="297"/>
    <Point X="351" Y="293"/>
    <Point X="361" Y="288"/>
    <Point X="370" Y="283"/>
    <Point X="377" Y="277"/>
    <Point X="384" Y="271"/>
    <Point X="391" Y="263"/>
    <Point X="396" Y="254"/>
    <Point X="399" Y="246"/>
    <Point X="401" Y="236"/>
    <Point X="402" Y="228"/>
    <Point X="403" Y="219"/>
    <Point X="403" Y="212"/>
    <Point X="401" Y="205"/>
    <Point X="399" Y="198"/>
    <Point X="395" Y="193"/>
    <Point X="391" Y="187"/>
    <Point X="386" Y="183"/>
    <Point X="381" Y="180"/>
    <Point X="375" Y="178"/>
    <Point X="369" Y="177"/>
    <Point X="363" Y="177"/>
    <Point X="357" Y="177"/>
    <Point X="351" Y="179"/>
    <Point X="346" Y="182"/>
    <Point X="340" Y="186"/>
    <Point X="334" Y="191"/>
    <Point X="329" Y="198"/>
    <Point X="325" Y="206"/>
    <Point X="323" Y="215"/>
    <Point X="321" Y="224"/>
    <Point X="320" Y="234"/>
    <Point X="319" Y="245"/>
    <Point X="320" Y="255"/>
    <Point X="323" Y="264"/>
    <Point X="327" Y="273"/>
    <Point X="332" Y="281"/>
    <Point X="339" Y="287"/>
    <Point X="347" Y="294"/>
    <Point X="355" Y="299"/>
    <Point X="365" Y="303"/>
    <Point X="375" Y="305"/>
    <Point X="383" Y="306"/>
    <Point X="391" Y="307"/>
    <Point X="398" Y="308"/>
    <Point X="404" Y="308"/>
    <Point X="408" Y="308"/>
    <Point X="412" Y="308"/>
    <Point X="415" Y="308"/>
</Gesture>
