<?xml version="1.0" ?>
<Gesture Name="07" Subject="2" Number="7" NumPts="54">
    <Point X="344" Y="350"/>
    <Point X="345" Y="350"/>
    <Point X="348" Y="350"/>
    <Point X="349" Y="350"/>
    <Point X="353" Y="349"/>
    <Point X="359" Y="347"/>
    <Point X="367" Y="344"/>
    <Point X="377" Y="339"/>
    <Point X="386" Y="334"/>
    <Point X="396" Y="329"/>
    <Point X="404" Y="323"/>
    <Point X="411" Y="317"/>
    <Point X="417" Y="310"/>
    <Point X="423" Y="303"/>
    <Point X="427" Y="296"/>
    <Point X="430" Y="289"/>
    <Point X="431" Y="283"/>
    <Point X="433" Y="276"/>
    <Point X="433" Y="269"/>
    <Point X="433" Y="262"/>
    <Point X="433" Y="256"/>
    <Point X="433" Y="249"/>
    <Point X="433" Y="245"/>
    <Point X="432" Y="241"/>
    <Point X="431" Y="240"/>
    <Point X="430" Y="240"/>
    <Point X="427" Y="239"/>
    <Point X="425" Y="239"/>
    <Point X="423" Y="239"/>
    <Point X="421" Y="239"/>
    <Point X="418" Y="240"/>
    <Point X="414" Y="242"/>
    <Point X="411" Y="246"/>
    <Point X="407" Y="250"/>
    <Point X="403" Y="255"/>
    <Point X="400" Y="261"/>
    <Point X="397" Y="268"/>
    <Point X="395" Y="275"/>
    <Point X="395" Y="281"/>
    <Point X="394" Y="289"/>
    <Point X="394" Y="296"/>
    <Point X="396" Y="303"/>
    <Point X="399" Y="310"/>
    <Point X="404" Y="316"/>
    <Point X="409" Y="322"/>
    <Point X="414" Y="327"/>
    <Point X="419" Y="331"/>
    <Point X="425" Y="334"/>
    <Point X="430" Y="336"/>
    <Point X="436" Y="337"/>
    <Point X="440" Y="338"/>
    <Point X="445" Y="339"/>
    <Point X="449" Y="339"/>
    <Point X="452" Y="339"/>
</Gesture>
