<?xml version="1.0" ?>
<Gesture Name="09" Subject="2" Number="9" NumPts="50">
    <Point X="339" Y="355"/>
    <Point X="339" Y="356"/>
    <Point X="340" Y="356"/>
    <Point X="342" Y="356"/>
    <Point X="346" Y="356"/>
    <Point X="350" Y="356"/>
    <Point X="357" Y="354"/>
    <Point X="366" Y="352"/>
    <Point X="374" Y="349"/>
    <Point X="384" Y="345"/>
    <Point X="394" Y="340"/>
    <Point X="404" Y="336"/>
    <Point X="414" Y="330"/>
    <Point X="425" Y="324"/>
    <Point X="433" Y="318"/>
    <Point X="439" Y="311"/>
    <Point X="445" Y="304"/>
    <Point X="449" Y="297"/>
    <Point X="451" Y="290"/>
    <Point X="452" Y="283"/>
    <Point X="453" Y="277"/>
    <Point X="453" Y="272"/>
    <Point X="452" Y="267"/>
    <Point X="451" Y="264"/>
    <Point X="449" Y="263"/>
    <Point X="448" Y="263"/>
    <Point X="447" Y="263"/>
    <Point X="443" Y="263"/>
    <Point X="440" Y="264"/>
    <Point X="436" Y="265"/>
    <Point X="432" Y="268"/>
    <Point X="426" Y="271"/>
    <Point X="420" Y="275"/>
    <Point X="415" Y="280"/>
    <Point X="410" Y="285"/>
    <Point X="405" Y="292"/>
    <Point X="402" Y="299"/>
    <Point X="400" Y="307"/>
    <Point X="399" Y="314"/>
    <Point X="399" Y="322"/>
    <Point X="399" Y="330"/>
    <Point X="402" Y="337"/>
    <Point X="404" Y="343"/>
    <Point X="409" Y="349"/>
    <Point X="413" Y="354"/>
    <Point X="417" Y="357"/>
    <Point X="422" Y="360"/>
    <Point X="428" Y="363"/>
    <Point X="432" Y="366"/>
    <Point X="438" Y="368"/>
</Gesture>
