<?xml version="1.0" ?>
<Gesture Name="05" Subject="2" Number="5" NumPts="92">
    <Point X="344" Y="180"/>
    <Point X="344" Y="182"/>
    <Point X="343" Y="183"/>
    <Point X="343" Y="185"/>
    <Point X="342" Y="189"/>
    <Point X="342" Y="192"/>
    <Point X="341" Y="198"/>
    <Point X="341" Y="205"/>
    <Point X="340" Y="212"/>
    <Point X="340" Y="220"/>
    <Point X="339" Y="230"/>
    <Point X="339" Y="240"/>
    <Point X="339" Y="250"/>
    <Point X="338" Y="260"/>
    <Point X="337" Y="268"/>
    <Point X="337" Y="276"/>
    <Point X="337" Y="283"/>
    <Point X="336" Y="290"/>
    <Point X="336" Y="293"/>
    <Point X="336" Y="296"/>
    <Point X="336" Y="297"/>
    <Point X="337" Y="297"/>
    <Point X="338" Y="297"/>
    <Point X="341" Y="297"/>
    <Point X="347" Y="297"/>
    <Point X="354" Y="297"/>
    <Point X="362" Y="297"/>
    <Point X="372" Y="297"/>
    <Point X="382" Y="297"/>
    <Point X="391" Y="297"/>
    <Point X="401" Y="297"/>
    <Point X="409" Y="297"/>
    <Point X="417" Y="297"/>
    <Point X="423" Y="297"/>
    <Point X="428" Y="297"/>
    <Point X="432" Y="297"/>
    <Point X="436" Y="297"/>
    <Point X="437" Y="296"/>
    <Point X="439" Y="296"/>
    <Point X="439" Y="295"/>
    <Point X="440" Y="294"/>
    <Point X="441" Y="294"/>
    <Point X="442" Y="293"/>
    <Point X="443" Y="290"/>
    <Point X="444" Y="289"/>
    <Point X="445" Y="287"/>
    <Point X="445" Y="285"/>
    <Point X="445" Y="282"/>
    <Point X="446" Y="280"/>
    <Point X="446" Y="276"/>
    <Point X="447" Y="272"/>
    <Point X="447" Y="268"/>
    <Point X="448" Y="264"/>
    <Point X="449" Y="260"/>
    <Point X="449" Y="256"/>
    <Point X="450" Y="251"/>
    <Point X="451" Y="246"/>
    <Point X="451" Y="240"/>
    <Point X="451" Y="234"/>
    <Point X="451" Y="228"/>
    <Point X="451" Y="222"/>
    <Point X="451" Y="217"/>
    <Point X="451" Y="211"/>
    <Point X="451" Y="206"/>
    <Point X="450" Y="202"/>
    <Point X="450" Y="198"/>
    <Point X="450" Y="196"/>
    <Point X="449" Y="194"/>
    <Point X="449" Y="193"/>
    <Point X="448" Y="192"/>
    <Point X="448" Y="191"/>
    <Point X="448" Y="190"/>
    <Point X="447" Y="190"/>
    <Point X="445" Y="190"/>
    <Point X="443" Y="190"/>
    <Point X="441" Y="190"/>
    <Point X="437" Y="190"/>
    <Point X="431" Y="190"/>
    <Point X="424" Y="190"/>
    <Point X="416" Y="189"/>
    <Point X="406" Y="188"/>
    <Point X="397" Y="187"/>
    <Point X="387" Y="186"/>
    <Point X="376" Y="184"/>
    <Point X="367" Y="183"/>
    <Point X="357" Y="182"/>
    <Point X="349" Y="182"/>
    <Point X="342" Y="181"/>
    <Point X="336" Y="181"/>
    <Point X="331" Y="181"/>
    <Point X="329" Y="181"/>
    <Point X="328" Y="181"/>
</Gesture>
