<?xml version="1.0" ?>
<Gesture Name="08" Subject="2" Number="8" NumPts="98">
    <Point X="333" Y="162"/>
    <Point X="333" Y="163"/>
    <Point X="333" Y="166"/>
    <Point X="333" Y="170"/>
    <Point X="333" Y="174"/>
    <Point X="333" Y="181"/>
    <Point X="333" Y="188"/>
    <Point X="333" Y="196"/>
    <Point X="333" Y="204"/>
    <Point X="333" Y="213"/>
    <Point X="333" Y="222"/>
    <Point X="333" Y="231"/>
    <Point X="333" Y="240"/>
    <Point X="334" Y="248"/>
    <Point X="334" Y="256"/>
    <Point X="334" Y="262"/>
    <Point X="334" Y="268"/>
    <Point X="334" Y="271"/>
    <Point X="334" Y="274"/>
    <Point X="335" Y="274"/>
    <Point X="336" Y="274"/>
    <Point X="338" Y="273"/>
    <Point X="340" Y="273"/>
    <Point X="343" Y="272"/>
    <Point X="346" Y="271"/>
    <Point X="350" Y="269"/>
    <Point X="357" Y="268"/>
    <Point X="364" Y="266"/>
    <Point X="372" Y="266"/>
    <Point X="381" Y="265"/>
    <Point X="390" Y="265"/>
    <Point X="398" Y="265"/>
    <Point X="407" Y="265"/>
    <Point X="414" Y="265"/>
    <Point X="421" Y="265"/>
    <Point X="427" Y="265"/>
    <Point X="432" Y="265"/>
    <Point X="435" Y="264"/>
    <Point X="438" Y="264"/>
    <Point X="438" Y="263"/>
    <Point X="438" Y="262"/>
    <Point X="439" Y="260"/>
    <Point X="439" Y="258"/>
    <Point X="440" Y="256"/>
    <Point X="440" Y="253"/>
    <Point X="440" Y="252"/>
    <Point X="440" Y="249"/>
    <Point X="440" Y="246"/>
    <Point X="440" Y="243"/>
    <Point X="440" Y="239"/>
    <Point X="440" Y="234"/>
    <Point X="440" Y="230"/>
    <Point X="440" Y="224"/>
    <Point X="440" Y="219"/>
    <Point X="440" Y="213"/>
    <Point X="440" Y="206"/>
    <Point X="440" Y="200"/>
    <Point X="440" Y="195"/>
    <Point X="440" Y="190"/>
    <Point X="440" Y="186"/>
    <Point X="440" Y="183"/>
    <Point X="440" Y="181"/>
    <Point X="439" Y="179"/>
    <Point X="439" Y="178"/>
    <Point X="438" Y="176"/>
    <Point X="438" Y="175"/>
    <Point X="437" Y="175"/>
    <Point X="436" Y="173"/>
    <Point X="435" Y="172"/>
    <Point X="434" Y="172"/>
    <Point X="433" Y="171"/>
    <Point X="432" Y="170"/>
    <Point X="430" Y="169"/>
    <Point X="428" Y="169"/>
    <Point X="426" Y="169"/>
    <Point X="424" Y="168"/>
    <Point X="422" Y="167"/>
    <Point X="420" Y="167"/>
    <Point X="417" Y="167"/>
    <Point X="414" Y="167"/>
    <Point X="411" Y="167"/>
    <Point X="407" Y="167"/>
    <Point X="403" Y="167"/>
    <Point X="399" Y="167"/>
    <Point X="394" Y="167"/>
    <Point X="387" Y="167"/>
    <Point X="382" Y="167"/>
    <Point X="375" Y="167"/>
    <Point X="368" Y="167"/>
    <Point X="361" Y="167"/>
    <Point X="355" Y="167"/>
    <Point X="349" Y="167"/>
    <Point X="343" Y="166"/>
    <Point X="337" Y="165"/>
    <Point X="332" Y="165"/>
    <Point X="327" Y="164"/>
    <Point X="324" Y="164"/>
    <Point X="321" Y="164"/>
</Gesture>
