<?xml version="1.0" ?>
<Gesture Name="03" Subject="2" Number="3" NumPts="94">
    <Point X="342" Y="149"/>
    <Point X="342" Y="150"/>
    <Point X="342" Y="153"/>
    <Point X="341" Y="157"/>
    <Point X="340" Y="162"/>
    <Point X="340" Y="169"/>
    <Point X="340" Y="177"/>
    <Point X="340" Y="184"/>
    <Point X="340" Y="193"/>
    <Point X="340" Y="202"/>
    <Point X="340" Y="211"/>
    <Point X="340" Y="221"/>
    <Point X="340" Y="230"/>
    <Point X="340" Y="238"/>
    <Point X="340" Y="247"/>
    <Point X="340" Y="255"/>
    <Point X="340" Y="261"/>
    <Point X="340" Y="268"/>
    <Point X="340" Y="273"/>
    <Point X="340" Y="277"/>
    <Point X="340" Y="278"/>
    <Point X="342" Y="278"/>
    <Point X="343" Y="278"/>
    <Point X="345" Y="278"/>
    <Point X="348" Y="278"/>
    <Point X="354" Y="277"/>
    <Point X="360" Y="276"/>
    <Point X="368" Y="276"/>
    <Point X="377" Y="276"/>
    <Point X="385" Y="276"/>
    <Point X="395" Y="276"/>
    <Point X="405" Y="276"/>
    <Point X="414" Y="276"/>
    <Point X="422" Y="276"/>
    <Point X="428" Y="276"/>
    <Point X="434" Y="276"/>
    <Point X="439" Y="276"/>
    <Point X="442" Y="276"/>
    <Point X="443" Y="276"/>
    <Point X="444" Y="276"/>
    <Point X="444" Y="275"/>
    <Point X="445" Y="272"/>
    <Point X="445" Y="270"/>
    <Point X="445" Y="268"/>
    <Point X="445" Y="266"/>
    <Point X="445" Y="264"/>
    <Point X="446" Y="260"/>
    <Point X="447" Y="255"/>
    <Point X="447" Y="250"/>
    <Point X="447" Y="244"/>
    <Point X="447" Y="239"/>
    <Point X="447" Y="233"/>
    <Point X="447" Y="226"/>
    <Point X="447" Y="219"/>
    <Point X="447" Y="212"/>
    <Point X="447" Y="205"/>
    <Point X="447" Y="197"/>
    <Point X="447" Y="189"/>
    <Point X="447" Y="182"/>
    <Point X="447" Y="176"/>
    <Point X="447" Y="171"/>
    <Point X="447" Y="166"/>
    <Point X="447" Y="162"/>
    <Point X="447" Y="158"/>
    <Point X="447" Y="155"/>
    <Point X="446" Y="153"/>
    <Point X="446" Y="151"/>
    <Point X="446" Y="150"/>
    <Point X="446" Y="149"/>
    <Point X="445" Y="149"/>
    <Point X="445" Y="148"/>
    <Point X="445" Y="147"/>
    <Point X="444" Y="147"/>
    <Point X="444" Y="146"/>
    <Point X="442" Y="146"/>
    <Point X="440" Y="146"/>
    <Point X="438" Y="146"/>
    <Point X="435" Y="145"/>
    <Point X="430" Y="145"/>
    <Point X="424" Y="145"/>
    <Point X="417" Y="144"/>
    <Point X="409" Y="144"/>
    <Point X="400" Y="144"/>
    <Point X="391" Y="144"/>
    <Point X="381" Y="144"/>
    <Point X="370" Y="144"/>
    <Point X="359" Y="144"/>
    <Point X="349" Y="144"/>
    <Point X="340" Y="144"/>
    <Point X="331" Y="144"/>
    <Point X="321" Y="144"/>
    <Point X="312" Y="144"/>
    <Point X="305" Y="143"/>
    <Point X="301" Y="143"/>
</Gesture>
