<?xml version="1.0" ?>
<Gesture Name="09" Subject="2" Number="9" NumPts="88">
    <Point X="336" Y="184"/>
    <Point X="336" Y="185"/>
    <Point X="336" Y="186"/>
    <Point X="336" Y="188"/>
    <Point X="336" Y="191"/>
    <Point X="336" Y="194"/>
    <Point X="336" Y="200"/>
    <Point X="336" Y="206"/>
    <Point X="336" Y="212"/>
    <Point X="336" Y="219"/>
    <Point X="336" Y="227"/>
    <Point X="337" Y="235"/>
    <Point X="338" Y="244"/>
    <Point X="338" Y="251"/>
    <Point X="339" Y="258"/>
    <Point X="339" Y="265"/>
    <Point X="339" Y="270"/>
    <Point X="339" Y="274"/>
    <Point X="339" Y="278"/>
    <Point X="339" Y="280"/>
    <Point X="339" Y="281"/>
    <Point X="341" Y="280"/>
    <Point X="342" Y="280"/>
    <Point X="343" Y="279"/>
    <Point X="345" Y="277"/>
    <Point X="349" Y="274"/>
    <Point X="353" Y="273"/>
    <Point X="359" Y="271"/>
    <Point X="364" Y="269"/>
    <Point X="370" Y="268"/>
    <Point X="377" Y="267"/>
    <Point X="384" Y="267"/>
    <Point X="391" Y="267"/>
    <Point X="397" Y="267"/>
    <Point X="404" Y="267"/>
    <Point X="408" Y="267"/>
    <Point X="411" Y="267"/>
    <Point X="415" Y="266"/>
    <Point X="416" Y="266"/>
    <Point X="416" Y="265"/>
    <Point X="418" Y="264"/>
    <Point X="419" Y="262"/>
    <Point X="419" Y="261"/>
    <Point X="419" Y="259"/>
    <Point X="420" Y="257"/>
    <Point X="420" Y="256"/>
    <Point X="420" Y="253"/>
    <Point X="421" Y="250"/>
    <Point X="421" Y="246"/>
    <Point X="422" Y="243"/>
    <Point X="422" Y="238"/>
    <Point X="423" Y="235"/>
    <Point X="423" Y="230"/>
    <Point X="423" Y="225"/>
    <Point X="423" Y="220"/>
    <Point X="423" Y="214"/>
    <Point X="423" Y="210"/>
    <Point X="423" Y="205"/>
    <Point X="423" Y="201"/>
    <Point X="422" Y="197"/>
    <Point X="422" Y="193"/>
    <Point X="421" Y="190"/>
    <Point X="421" Y="188"/>
    <Point X="420" Y="185"/>
    <Point X="420" Y="184"/>
    <Point X="419" Y="183"/>
    <Point X="419" Y="182"/>
    <Point X="418" Y="181"/>
    <Point X="417" Y="180"/>
    <Point X="416" Y="180"/>
    <Point X="414" Y="180"/>
    <Point X="412" Y="179"/>
    <Point X="409" Y="179"/>
    <Point X="405" Y="178"/>
    <Point X="400" Y="178"/>
    <Point X="393" Y="177"/>
    <Point X="386" Y="176"/>
    <Point X="378" Y="176"/>
    <Point X="371" Y="176"/>
    <Point X="364" Y="176"/>
    <Point X="358" Y="176"/>
    <Point X="353" Y="176"/>
    <Point X="348" Y="176"/>
    <Point X="346" Y="176"/>
    <Point X="343" Y="176"/>
    <Point X="342" Y="176"/>
    <Point X="341" Y="176"/>
    <Point X="341" Y="177"/>
</Gesture>
