<?xml version="1.0" ?>
<Gesture Name="10" Subject="2" Number="10" NumPts="102">
    <Point X="336" Y="187"/>
    <Point X="336" Y="190"/>
    <Point X="336" Y="191"/>
    <Point X="336" Y="192"/>
    <Point X="336" Y="195"/>
    <Point X="336" Y="199"/>
    <Point X="336" Y="203"/>
    <Point X="336" Y="209"/>
    <Point X="335" Y="214"/>
    <Point X="335" Y="220"/>
    <Point X="334" Y="226"/>
    <Point X="333" Y="232"/>
    <Point X="333" Y="239"/>
    <Point X="333" Y="246"/>
    <Point X="332" Y="253"/>
    <Point X="331" Y="259"/>
    <Point X="331" Y="264"/>
    <Point X="331" Y="269"/>
    <Point X="331" Y="272"/>
    <Point X="331" Y="273"/>
    <Point X="332" Y="274"/>
    <Point X="333" Y="274"/>
    <Point X="337" Y="275"/>
    <Point X="342" Y="275"/>
    <Point X="349" Y="276"/>
    <Point X="357" Y="276"/>
    <Point X="366" Y="277"/>
    <Point X="375" Y="278"/>
    <Point X="384" Y="279"/>
    <Point X="393" Y="280"/>
    <Point X="400" Y="280"/>
    <Point X="407" Y="281"/>
    <Point X="412" Y="281"/>
    <Point X="415" Y="281"/>
    <Point X="416" Y="281"/>
    <Point X="416" Y="280"/>
    <Point X="416" Y="278"/>
    <Point X="416" Y="276"/>
    <Point X="416" Y="275"/>
    <Point X="416" Y="273"/>
    <Point X="416" Y="270"/>
    <Point X="416" Y="266"/>
    <Point X="416" Y="261"/>
    <Point X="416" Y="257"/>
    <Point X="416" Y="251"/>
    <Point X="416" Y="244"/>
    <Point X="416" Y="238"/>
    <Point X="416" Y="232"/>
    <Point X="415" Y="226"/>
    <Point X="414" Y="219"/>
    <Point X="414" Y="213"/>
    <Point X="413" Y="207"/>
    <Point X="413" Y="202"/>
    <Point X="412" Y="196"/>
    <Point X="411" Y="192"/>
    <Point X="411" Y="188"/>
    <Point X="411" Y="185"/>
    <Point X="410" Y="182"/>
    <Point X="410" Y="180"/>
    <Point X="410" Y="178"/>
    <Point X="410" Y="177"/>
    <Point X="410" Y="176"/>
    <Point X="410" Y="175"/>
    <Point X="409" Y="175"/>
    <Point X="408" Y="175"/>
    <Point X="407" Y="175"/>
    <Point X="405" Y="175"/>
    <Point X="404" Y="175"/>
    <Point X="402" Y="175"/>
    <Point X="399" Y="175"/>
    <Point X="396" Y="175"/>
    <Point X="393" Y="175"/>
    <Point X="390" Y="175"/>
    <Point X="386" Y="175"/>
    <Point X="383" Y="175"/>
    <Point X="380" Y="175"/>
    <Point X="379" Y="175"/>
    <Point X="377" Y="175"/>
    <Point X="375" Y="175"/>
    <Point X="374" Y="175"/>
    <Point X="372" Y="175"/>
    <Point X="370" Y="175"/>
    <Point X="369" Y="175"/>
    <Point X="367" Y="175"/>
    <Point X="366" Y="175"/>
    <Point X="363" Y="175"/>
    <Point X="361" Y="175"/>
    <Point X="358" Y="175"/>
    <Point X="356" Y="175"/>
    <Point X="354" Y="175"/>
    <Point X="351" Y="175"/>
    <Point X="349" Y="175"/>
    <Point X="346" Y="175"/>
    <Point X="345" Y="175"/>
    <Point X="344" Y="175"/>
    <Point X="343" Y="175"/>
    <Point X="342" Y="175"/>
    <Point X="341" Y="175"/>
    <Point X="341" Y="176"/>
    <Point X="340" Y="176"/>
    <Point X="340" Y="177"/>
    <Point X="339" Y="177"/>
</Gesture>
