<?xml version="1.0" ?>
<Gesture Name="07" Subject="2" Number="7" NumPts="96">
    <Point X="337" Y="204"/>
    <Point X="337" Y="205"/>
    <Point X="337" Y="206"/>
    <Point X="337" Y="209"/>
    <Point X="338" Y="214"/>
    <Point X="338" Y="221"/>
    <Point X="338" Y="228"/>
    <Point X="339" Y="236"/>
    <Point X="340" Y="245"/>
    <Point X="340" Y="253"/>
    <Point X="340" Y="262"/>
    <Point X="340" Y="270"/>
    <Point X="340" Y="277"/>
    <Point X="340" Y="284"/>
    <Point X="340" Y="290"/>
    <Point X="340" Y="295"/>
    <Point X="340" Y="299"/>
    <Point X="340" Y="301"/>
    <Point X="341" Y="302"/>
    <Point X="342" Y="302"/>
    <Point X="343" Y="302"/>
    <Point X="346" Y="301"/>
    <Point X="348" Y="301"/>
    <Point X="352" Y="299"/>
    <Point X="357" Y="298"/>
    <Point X="361" Y="297"/>
    <Point X="366" Y="297"/>
    <Point X="371" Y="295"/>
    <Point X="377" Y="295"/>
    <Point X="382" Y="294"/>
    <Point X="388" Y="294"/>
    <Point X="391" Y="294"/>
    <Point X="395" Y="294"/>
    <Point X="399" Y="294"/>
    <Point X="402" Y="294"/>
    <Point X="405" Y="294"/>
    <Point X="409" Y="293"/>
    <Point X="412" Y="293"/>
    <Point X="414" Y="292"/>
    <Point X="416" Y="292"/>
    <Point X="417" Y="291"/>
    <Point X="418" Y="290"/>
    <Point X="419" Y="289"/>
    <Point X="419" Y="287"/>
    <Point X="419" Y="286"/>
    <Point X="419" Y="285"/>
    <Point X="420" Y="282"/>
    <Point X="420" Y="280"/>
    <Point X="420" Y="277"/>
    <Point X="420" Y="273"/>
    <Point X="420" Y="269"/>
    <Point X="420" Y="264"/>
    <Point X="420" Y="260"/>
    <Point X="420" Y="255"/>
    <Point X="420" Y="250"/>
    <Point X="420" Y="246"/>
    <Point X="420" Y="242"/>
    <Point X="419" Y="237"/>
    <Point X="418" Y="233"/>
    <Point X="418" Y="229"/>
    <Point X="418" Y="226"/>
    <Point X="418" Y="223"/>
    <Point X="417" Y="221"/>
    <Point X="417" Y="218"/>
    <Point X="417" Y="216"/>
    <Point X="417" Y="214"/>
    <Point X="416" Y="211"/>
    <Point X="416" Y="210"/>
    <Point X="416" Y="208"/>
    <Point X="415" Y="206"/>
    <Point X="414" Y="205"/>
    <Point X="414" Y="204"/>
    <Point X="413" Y="203"/>
    <Point X="412" Y="202"/>
    <Point X="411" Y="200"/>
    <Point X="410" Y="199"/>
    <Point X="408" Y="198"/>
    <Point X="407" Y="198"/>
    <Point X="404" Y="196"/>
    <Point X="400" Y="195"/>
    <Point X="395" Y="194"/>
    <Point X="391" Y="193"/>
    <Point X="385" Y="192"/>
    <Point X="378" Y="192"/>
    <Point X="372" Y="191"/>
    <Point X="366" Y="191"/>
    <Point X="360" Y="191"/>
    <Point X="354" Y="191"/>
    <Point X="349" Y="191"/>
    <Point X="344" Y="192"/>
    <Point X="340" Y="192"/>
    <Point X="337" Y="193"/>
    <Point X="334" Y="194"/>
    <Point X="333" Y="195"/>
    <Point X="332" Y="195"/>
    <Point X="331" Y="195"/>
</Gesture>
