<?xml version="1.0" ?>
<Gesture Name="02" Subject="2" Number="2" NumPts="89">
    <Point X="330" Y="142"/>
    <Point X="330" Y="143"/>
    <Point X="330" Y="146"/>
    <Point X="330" Y="150"/>
    <Point X="331" Y="153"/>
    <Point X="331" Y="158"/>
    <Point X="332" Y="164"/>
    <Point X="333" Y="171"/>
    <Point X="335" Y="179"/>
    <Point X="336" Y="187"/>
    <Point X="337" Y="197"/>
    <Point X="338" Y="206"/>
    <Point X="338" Y="215"/>
    <Point X="339" Y="225"/>
    <Point X="339" Y="234"/>
    <Point X="339" Y="243"/>
    <Point X="339" Y="250"/>
    <Point X="339" Y="254"/>
    <Point X="339" Y="258"/>
    <Point X="340" Y="258"/>
    <Point X="343" Y="258"/>
    <Point X="344" Y="257"/>
    <Point X="347" Y="256"/>
    <Point X="352" Y="254"/>
    <Point X="358" Y="253"/>
    <Point X="366" Y="252"/>
    <Point X="374" Y="251"/>
    <Point X="382" Y="250"/>
    <Point X="391" Y="250"/>
    <Point X="398" Y="250"/>
    <Point X="405" Y="250"/>
    <Point X="410" Y="250"/>
    <Point X="414" Y="249"/>
    <Point X="416" Y="249"/>
    <Point X="419" Y="249"/>
    <Point X="421" Y="248"/>
    <Point X="422" Y="247"/>
    <Point X="423" Y="245"/>
    <Point X="424" Y="245"/>
    <Point X="425" Y="243"/>
    <Point X="426" Y="242"/>
    <Point X="426" Y="239"/>
    <Point X="427" Y="238"/>
    <Point X="429" Y="235"/>
    <Point X="429" Y="234"/>
    <Point X="429" Y="232"/>
    <Point X="431" Y="229"/>
    <Point X="432" Y="225"/>
    <Point X="432" Y="221"/>
    <Point X="433" Y="216"/>
    <Point X="433" Y="211"/>
    <Point X="434" Y="206"/>
    <Point X="434" Y="199"/>
    <Point X="434" Y="193"/>
    <Point X="433" Y="186"/>
    <Point X="433" Y="179"/>
    <Point X="431" Y="173"/>
    <Point X="429" Y="167"/>
    <Point X="427" Y="161"/>
    <Point X="426" Y="155"/>
    <Point X="424" Y="151"/>
    <Point X="423" Y="147"/>
    <Point X="421" Y="144"/>
    <Point X="420" Y="140"/>
    <Point X="419" Y="138"/>
    <Point X="419" Y="136"/>
    <Point X="417" Y="134"/>
    <Point X="416" Y="133"/>
    <Point X="415" Y="133"/>
    <Point X="413" Y="132"/>
    <Point X="412" Y="132"/>
    <Point X="411" Y="132"/>
    <Point X="407" Y="132"/>
    <Point X="404" Y="132"/>
    <Point X="399" Y="132"/>
    <Point X="393" Y="132"/>
    <Point X="386" Y="132"/>
    <Point X="379" Y="134"/>
    <Point X="371" Y="134"/>
    <Point X="363" Y="136"/>
    <Point X="355" Y="136"/>
    <Point X="346" Y="138"/>
    <Point X="338" Y="138"/>
    <Point X="330" Y="139"/>
    <Point X="323" Y="140"/>
    <Point X="319" Y="140"/>
    <Point X="315" Y="141"/>
    <Point X="313" Y="142"/>
    <Point X="312" Y="142"/>
</Gesture>
