<?xml version="1.0" ?>
<Gesture Name="04" Subject="2" Number="4" NumPts="103">
    <Point X="346" Y="171"/>
    <Point X="346" Y="173"/>
    <Point X="347" Y="174"/>
    <Point X="347" Y="175"/>
    <Point X="347" Y="176"/>
    <Point X="347" Y="178"/>
    <Point X="347" Y="180"/>
    <Point X="348" Y="184"/>
    <Point X="348" Y="189"/>
    <Point X="349" Y="194"/>
    <Point X="349" Y="200"/>
    <Point X="350" Y="206"/>
    <Point X="351" Y="213"/>
    <Point X="351" Y="220"/>
    <Point X="352" Y="230"/>
    <Point X="353" Y="240"/>
    <Point X="354" Y="250"/>
    <Point X="355" Y="259"/>
    <Point X="355" Y="267"/>
    <Point X="355" Y="275"/>
    <Point X="355" Y="282"/>
    <Point X="355" Y="288"/>
    <Point X="356" Y="291"/>
    <Point X="356" Y="292"/>
    <Point X="356" Y="293"/>
    <Point X="358" Y="293"/>
    <Point X="360" Y="292"/>
    <Point X="361" Y="291"/>
    <Point X="364" Y="290"/>
    <Point X="368" Y="288"/>
    <Point X="372" Y="287"/>
    <Point X="378" Y="286"/>
    <Point X="384" Y="285"/>
    <Point X="391" Y="285"/>
    <Point X="398" Y="284"/>
    <Point X="405" Y="283"/>
    <Point X="412" Y="283"/>
    <Point X="418" Y="283"/>
    <Point X="422" Y="283"/>
    <Point X="426" Y="283"/>
    <Point X="429" Y="282"/>
    <Point X="431" Y="282"/>
    <Point X="433" Y="282"/>
    <Point X="434" Y="281"/>
    <Point X="435" Y="280"/>
    <Point X="435" Y="279"/>
    <Point X="435" Y="278"/>
    <Point X="436" Y="276"/>
    <Point X="437" Y="274"/>
    <Point X="437" Y="273"/>
    <Point X="438" Y="271"/>
    <Point X="439" Y="268"/>
    <Point X="439" Y="265"/>
    <Point X="440" Y="262"/>
    <Point X="441" Y="258"/>
    <Point X="441" Y="254"/>
    <Point X="442" Y="249"/>
    <Point X="442" Y="244"/>
    <Point X="443" Y="239"/>
    <Point X="443" Y="232"/>
    <Point X="443" Y="226"/>
    <Point X="443" Y="220"/>
    <Point X="443" Y="213"/>
    <Point X="442" Y="206"/>
    <Point X="441" Y="199"/>
    <Point X="439" Y="193"/>
    <Point X="438" Y="188"/>
    <Point X="437" Y="182"/>
    <Point X="435" Y="177"/>
    <Point X="434" Y="172"/>
    <Point X="432" Y="168"/>
    <Point X="431" Y="164"/>
    <Point X="430" Y="161"/>
    <Point X="429" Y="158"/>
    <Point X="428" Y="155"/>
    <Point X="427" Y="153"/>
    <Point X="426" Y="152"/>
    <Point X="426" Y="150"/>
    <Point X="425" Y="150"/>
    <Point X="424" Y="148"/>
    <Point X="423" Y="147"/>
    <Point X="422" Y="147"/>
    <Point X="421" Y="147"/>
    <Point X="418" Y="147"/>
    <Point X="416" Y="147"/>
    <Point X="415" Y="147"/>
    <Point X="413" Y="147"/>
    <Point X="410" Y="148"/>
    <Point X="405" Y="149"/>
    <Point X="399" Y="151"/>
    <Point X="393" Y="153"/>
    <Point X="387" Y="155"/>
    <Point X="381" Y="156"/>
    <Point X="375" Y="158"/>
    <Point X="370" Y="159"/>
    <Point X="365" Y="159"/>
    <Point X="360" Y="160"/>
    <Point X="356" Y="161"/>
    <Point X="353" Y="161"/>
    <Point X="351" Y="161"/>
    <Point X="349" Y="161"/>
    <Point X="348" Y="161"/>
    <Point X="347" Y="161"/>
</Gesture>
