<?xml version="1.0" ?>
<Gesture Name="06" Subject="2" Number="6" NumPts="99">
    <Point X="343" Y="188"/>
    <Point X="343" Y="189"/>
    <Point X="343" Y="190"/>
    <Point X="343" Y="192"/>
    <Point X="343" Y="196"/>
    <Point X="343" Y="200"/>
    <Point X="343" Y="206"/>
    <Point X="343" Y="213"/>
    <Point X="343" Y="220"/>
    <Point X="343" Y="228"/>
    <Point X="343" Y="235"/>
    <Point X="343" Y="243"/>
    <Point X="343" Y="251"/>
    <Point X="343" Y="259"/>
    <Point X="343" Y="265"/>
    <Point X="343" Y="272"/>
    <Point X="343" Y="278"/>
    <Point X="343" Y="282"/>
    <Point X="343" Y="283"/>
    <Point X="343" Y="284"/>
    <Point X="343" Y="285"/>
    <Point X="343" Y="286"/>
    <Point X="344" Y="286"/>
    <Point X="344" Y="287"/>
    <Point X="345" Y="287"/>
    <Point X="347" Y="288"/>
    <Point X="348" Y="288"/>
    <Point X="351" Y="288"/>
    <Point X="355" Y="288"/>
    <Point X="362" Y="288"/>
    <Point X="370" Y="288"/>
    <Point X="380" Y="288"/>
    <Point X="390" Y="288"/>
    <Point X="400" Y="288"/>
    <Point X="409" Y="289"/>
    <Point X="418" Y="289"/>
    <Point X="425" Y="289"/>
    <Point X="431" Y="289"/>
    <Point X="435" Y="289"/>
    <Point X="436" Y="289"/>
    <Point X="436" Y="288"/>
    <Point X="436" Y="287"/>
    <Point X="436" Y="285"/>
    <Point X="436" Y="283"/>
    <Point X="436" Y="282"/>
    <Point X="436" Y="279"/>
    <Point X="437" Y="276"/>
    <Point X="437" Y="272"/>
    <Point X="437" Y="268"/>
    <Point X="437" Y="262"/>
    <Point X="437" Y="257"/>
    <Point X="437" Y="251"/>
    <Point X="437" Y="246"/>
    <Point X="437" Y="241"/>
    <Point X="437" Y="236"/>
    <Point X="437" Y="231"/>
    <Point X="437" Y="227"/>
    <Point X="437" Y="222"/>
    <Point X="437" Y="217"/>
    <Point X="437" Y="212"/>
    <Point X="437" Y="207"/>
    <Point X="437" Y="203"/>
    <Point X="437" Y="199"/>
    <Point X="437" Y="195"/>
    <Point X="437" Y="192"/>
    <Point X="437" Y="189"/>
    <Point X="437" Y="187"/>
    <Point X="437" Y="185"/>
    <Point X="437" Y="184"/>
    <Point X="437" Y="183"/>
    <Point X="437" Y="182"/>
    <Point X="437" Y="181"/>
    <Point X="437" Y="180"/>
    <Point X="436" Y="180"/>
    <Point X="436" Y="179"/>
    <Point X="434" Y="179"/>
    <Point X="432" Y="178"/>
    <Point X="429" Y="178"/>
    <Point X="424" Y="178"/>
    <Point X="419" Y="178"/>
    <Point X="412" Y="178"/>
    <Point X="404" Y="178"/>
    <Point X="397" Y="178"/>
    <Point X="390" Y="179"/>
    <Point X="382" Y="180"/>
    <Point X="375" Y="180"/>
    <Point X="368" Y="180"/>
    <Point X="362" Y="180"/>
    <Point X="357" Y="181"/>
    <Point X="353" Y="181"/>
    <Point X="351" Y="181"/>
    <Point X="349" Y="182"/>
    <Point X="348" Y="182"/>
    <Point X="347" Y="183"/>
    <Point X="347" Y="184"/>
    <Point X="346" Y="184"/>
    <Point X="345" Y="184"/>
    <Point X="344" Y="184"/>
    <Point X="343" Y="184"/>
</Gesture>
