<?xml version="1.0" ?>
<Gesture Name="01" Subject="2" Number="1" NumPts="95">
    <Point X="287" Y="120"/>
    <Point X="287" Y="122"/>
    <Point X="287" Y="125"/>
    <Point X="287" Y="126"/>
    <Point X="287" Y="128"/>
    <Point X="287" Y="131"/>
    <Point X="287" Y="135"/>
    <Point X="287" Y="140"/>
    <Point X="287" Y="144"/>
    <Point X="287" Y="151"/>
    <Point X="287" Y="158"/>
    <Point X="287" Y="164"/>
    <Point X="287" Y="173"/>
    <Point X="287" Y="181"/>
    <Point X="287" Y="190"/>
    <Point X="287" Y="198"/>
    <Point X="287" Y="207"/>
    <Point X="287" Y="215"/>
    <Point X="287" Y="222"/>
    <Point X="287" Y="227"/>
    <Point X="287" Y="232"/>
    <Point X="287" Y="234"/>
    <Point X="287" Y="235"/>
    <Point X="290" Y="235"/>
    <Point X="291" Y="235"/>
    <Point X="295" Y="235"/>
    <Point X="299" Y="235"/>
    <Point X="306" Y="235"/>
    <Point X="315" Y="235"/>
    <Point X="325" Y="235"/>
    <Point X="334" Y="234"/>
    <Point X="345" Y="234"/>
    <Point X="355" Y="234"/>
    <Point X="364" Y="234"/>
    <Point X="372" Y="234"/>
    <Point X="380" Y="234"/>
    <Point X="387" Y="233"/>
    <Point X="393" Y="233"/>
    <Point X="399" Y="232"/>
    <Point X="404" Y="231"/>
    <Point X="407" Y="231"/>
    <Point X="410" Y="230"/>
    <Point X="410" Y="229"/>
    <Point X="410" Y="227"/>
    <Point X="411" Y="225"/>
    <Point X="411" Y="224"/>
    <Point X="411" Y="221"/>
    <Point X="411" Y="219"/>
    <Point X="411" Y="216"/>
    <Point X="411" Y="212"/>
    <Point X="411" Y="207"/>
    <Point X="411" Y="203"/>
    <Point X="411" Y="198"/>
    <Point X="411" Y="193"/>
    <Point X="410" Y="188"/>
    <Point X="410" Y="182"/>
    <Point X="409" Y="176"/>
    <Point X="408" Y="170"/>
    <Point X="408" Y="164"/>
    <Point X="407" Y="158"/>
    <Point X="407" Y="152"/>
    <Point X="405" Y="146"/>
    <Point X="405" Y="141"/>
    <Point X="404" Y="136"/>
    <Point X="404" Y="131"/>
    <Point X="403" Y="127"/>
    <Point X="403" Y="124"/>
    <Point X="402" Y="122"/>
    <Point X="402" Y="120"/>
    <Point X="402" Y="118"/>
    <Point X="401" Y="117"/>
    <Point X="400" Y="117"/>
    <Point X="399" Y="117"/>
    <Point X="397" Y="117"/>
    <Point X="395" Y="116"/>
    <Point X="389" Y="116"/>
    <Point X="382" Y="116"/>
    <Point X="375" Y="115"/>
    <Point X="366" Y="115"/>
    <Point X="357" Y="115"/>
    <Point X="349" Y="115"/>
    <Point X="339" Y="115"/>
    <Point X="329" Y="114"/>
    <Point X="321" Y="114"/>
    <Point X="312" Y="114"/>
    <Point X="305" Y="114"/>
    <Point X="298" Y="114"/>
    <Point X="291" Y="114"/>
    <Point X="285" Y="115"/>
    <Point X="280" Y="115"/>
    <Point X="275" Y="115"/>
    <Point X="271" Y="115"/>
    <Point X="267" Y="116"/>
    <Point X="266" Y="116"/>
    <Point X="265" Y="116"/>
</Gesture>
