<?xml version="1.0" ?>
<Gesture Name="02" Subject="2" Number="2" NumPts="75">
    <Point X="375" Y="101"/>
    <Point X="375" Y="100"/>
    <Point X="376" Y="99"/>
    <Point X="378" Y="98"/>
    <Point X="380" Y="98"/>
    <Point X="381" Y="98"/>
    <Point X="384" Y="98"/>
    <Point X="387" Y="99"/>
    <Point X="389" Y="101"/>
    <Point X="392" Y="103"/>
    <Point X="395" Y="106"/>
    <Point X="398" Y="110"/>
    <Point X="401" Y="115"/>
    <Point X="403" Y="121"/>
    <Point X="404" Y="126"/>
    <Point X="405" Y="132"/>
    <Point X="405" Y="139"/>
    <Point X="405" Y="146"/>
    <Point X="405" Y="153"/>
    <Point X="405" Y="160"/>
    <Point X="405" Y="166"/>
    <Point X="405" Y="173"/>
    <Point X="405" Y="179"/>
    <Point X="406" Y="185"/>
    <Point X="407" Y="190"/>
    <Point X="408" Y="196"/>
    <Point X="409" Y="200"/>
    <Point X="411" Y="204"/>
    <Point X="412" Y="208"/>
    <Point X="414" Y="210"/>
    <Point X="416" Y="212"/>
    <Point X="419" Y="213"/>
    <Point X="420" Y="213"/>
    <Point X="422" Y="213"/>
    <Point X="423" Y="213"/>
    <Point X="423" Y="211"/>
    <Point X="423" Y="209"/>
    <Point X="423" Y="208"/>
    <Point X="423" Y="206"/>
    <Point X="423" Y="205"/>
    <Point X="421" Y="205"/>
    <Point X="418" Y="205"/>
    <Point X="416" Y="205"/>
    <Point X="415" Y="206"/>
    <Point X="413" Y="207"/>
    <Point X="411" Y="209"/>
    <Point X="409" Y="211"/>
    <Point X="407" Y="214"/>
    <Point X="406" Y="218"/>
    <Point X="405" Y="223"/>
    <Point X="404" Y="229"/>
    <Point X="403" Y="236"/>
    <Point X="403" Y="243"/>
    <Point X="403" Y="251"/>
    <Point X="404" Y="259"/>
    <Point X="405" Y="269"/>
    <Point X="405" Y="278"/>
    <Point X="406" Y="288"/>
    <Point X="407" Y="296"/>
    <Point X="407" Y="304"/>
    <Point X="407" Y="310"/>
    <Point X="405" Y="315"/>
    <Point X="404" Y="319"/>
    <Point X="403" Y="321"/>
    <Point X="401" Y="323"/>
    <Point X="399" Y="324"/>
    <Point X="396" Y="325"/>
    <Point X="393" Y="325"/>
    <Point X="390" Y="325"/>
    <Point X="388" Y="325"/>
    <Point X="384" Y="325"/>
    <Point X="383" Y="325"/>
    <Point X="380" Y="325"/>
    <Point X="380" Y="324"/>
    <Point X="379" Y="324"/>
</Gesture>
