<?xml version="1.0" ?>
<Gesture Name="09" Subject="2" Number="9" NumPts="68">
    <Point X="406" Y="159"/>
    <Point X="408" Y="159"/>
    <Point X="409" Y="159"/>
    <Point X="411" Y="159"/>
    <Point X="415" Y="159"/>
    <Point X="419" Y="159"/>
    <Point X="423" Y="159"/>
    <Point X="426" Y="159"/>
    <Point X="428" Y="159"/>
    <Point X="430" Y="159"/>
    <Point X="432" Y="159"/>
    <Point X="433" Y="159"/>
    <Point X="433" Y="160"/>
    <Point X="434" Y="161"/>
    <Point X="434" Y="162"/>
    <Point X="434" Y="163"/>
    <Point X="434" Y="164"/>
    <Point X="434" Y="165"/>
    <Point X="435" Y="167"/>
    <Point X="435" Y="169"/>
    <Point X="435" Y="170"/>
    <Point X="435" Y="173"/>
    <Point X="435" Y="176"/>
    <Point X="435" Y="180"/>
    <Point X="436" Y="184"/>
    <Point X="436" Y="189"/>
    <Point X="437" Y="194"/>
    <Point X="437" Y="201"/>
    <Point X="437" Y="207"/>
    <Point X="437" Y="214"/>
    <Point X="437" Y="221"/>
    <Point X="437" Y="227"/>
    <Point X="437" Y="233"/>
    <Point X="437" Y="238"/>
    <Point X="437" Y="244"/>
    <Point X="437" Y="248"/>
    <Point X="437" Y="253"/>
    <Point X="437" Y="258"/>
    <Point X="437" Y="262"/>
    <Point X="437" Y="266"/>
    <Point X="437" Y="270"/>
    <Point X="438" Y="274"/>
    <Point X="438" Y="278"/>
    <Point X="439" Y="282"/>
    <Point X="439" Y="285"/>
    <Point X="440" Y="287"/>
    <Point X="440" Y="289"/>
    <Point X="440" Y="291"/>
    <Point X="440" Y="292"/>
    <Point X="440" Y="293"/>
    <Point X="440" Y="294"/>
    <Point X="440" Y="295"/>
    <Point X="440" Y="296"/>
    <Point X="439" Y="296"/>
    <Point X="438" Y="297"/>
    <Point X="436" Y="299"/>
    <Point X="434" Y="299"/>
    <Point X="431" Y="300"/>
    <Point X="427" Y="300"/>
    <Point X="423" Y="301"/>
    <Point X="418" Y="301"/>
    <Point X="413" Y="302"/>
    <Point X="409" Y="302"/>
    <Point X="404" Y="304"/>
    <Point X="400" Y="304"/>
    <Point X="397" Y="305"/>
    <Point X="395" Y="305"/>
    <Point X="394" Y="305"/>
</Gesture>
