<?xml version="1.0" ?>
<Gesture Name="07" Subject="2" Number="7" NumPts="67">
    <Point X="434" Y="125"/>
    <Point X="436" Y="125"/>
    <Point X="437" Y="125"/>
    <Point X="439" Y="127"/>
    <Point X="442" Y="129"/>
    <Point X="446" Y="134"/>
    <Point X="449" Y="138"/>
    <Point X="452" Y="142"/>
    <Point X="455" Y="148"/>
    <Point X="456" Y="153"/>
    <Point X="457" Y="159"/>
    <Point X="458" Y="165"/>
    <Point X="458" Y="171"/>
    <Point X="458" Y="176"/>
    <Point X="457" Y="183"/>
    <Point X="456" Y="188"/>
    <Point X="455" Y="193"/>
    <Point X="455" Y="199"/>
    <Point X="455" Y="204"/>
    <Point X="455" Y="208"/>
    <Point X="455" Y="212"/>
    <Point X="456" Y="216"/>
    <Point X="457" Y="219"/>
    <Point X="458" Y="221"/>
    <Point X="460" Y="223"/>
    <Point X="462" Y="225"/>
    <Point X="465" Y="226"/>
    <Point X="467" Y="226"/>
    <Point X="469" Y="227"/>
    <Point X="470" Y="227"/>
    <Point X="472" Y="226"/>
    <Point X="472" Y="225"/>
    <Point X="472" Y="224"/>
    <Point X="472" Y="223"/>
    <Point X="472" Y="222"/>
    <Point X="471" Y="222"/>
    <Point X="470" Y="222"/>
    <Point X="469" Y="222"/>
    <Point X="467" Y="222"/>
    <Point X="465" Y="223"/>
    <Point X="463" Y="225"/>
    <Point X="463" Y="226"/>
    <Point X="462" Y="228"/>
    <Point X="461" Y="232"/>
    <Point X="460" Y="235"/>
    <Point X="460" Y="241"/>
    <Point X="460" Y="248"/>
    <Point X="460" Y="255"/>
    <Point X="460" Y="263"/>
    <Point X="460" Y="272"/>
    <Point X="460" Y="280"/>
    <Point X="460" Y="288"/>
    <Point X="460" Y="295"/>
    <Point X="460" Y="301"/>
    <Point X="460" Y="306"/>
    <Point X="459" Y="310"/>
    <Point X="458" Y="312"/>
    <Point X="456" Y="313"/>
    <Point X="455" Y="314"/>
    <Point X="452" Y="314"/>
    <Point X="449" Y="314"/>
    <Point X="446" Y="314"/>
    <Point X="443" Y="314"/>
    <Point X="441" Y="314"/>
    <Point X="439" Y="314"/>
    <Point X="437" Y="314"/>
    <Point X="436" Y="315"/>
</Gesture>
