<?xml version="1.0" ?>
<Gesture Name="01" Subject="2" Number="1" NumPts="84">
    <Point X="405" Y="61"/>
    <Point X="405" Y="60"/>
    <Point X="405" Y="59"/>
    <Point X="405" Y="58"/>
    <Point X="406" Y="58"/>
    <Point X="407" Y="58"/>
    <Point X="408" Y="58"/>
    <Point X="409" Y="58"/>
    <Point X="411" Y="58"/>
    <Point X="412" Y="60"/>
    <Point X="414" Y="63"/>
    <Point X="415" Y="65"/>
    <Point X="416" Y="69"/>
    <Point X="418" Y="73"/>
    <Point X="419" Y="78"/>
    <Point X="419" Y="82"/>
    <Point X="420" Y="87"/>
    <Point X="420" Y="92"/>
    <Point X="420" Y="98"/>
    <Point X="420" Y="104"/>
    <Point X="420" Y="109"/>
    <Point X="420" Y="114"/>
    <Point X="420" Y="119"/>
    <Point X="420" Y="124"/>
    <Point X="420" Y="129"/>
    <Point X="421" Y="134"/>
    <Point X="422" Y="140"/>
    <Point X="422" Y="145"/>
    <Point X="423" Y="150"/>
    <Point X="425" Y="156"/>
    <Point X="426" Y="160"/>
    <Point X="428" Y="164"/>
    <Point X="430" Y="167"/>
    <Point X="431" Y="169"/>
    <Point X="432" Y="169"/>
    <Point X="433" Y="169"/>
    <Point X="435" Y="169"/>
    <Point X="437" Y="169"/>
    <Point X="439" Y="168"/>
    <Point X="442" Y="167"/>
    <Point X="443" Y="167"/>
    <Point X="443" Y="166"/>
    <Point X="443" Y="165"/>
    <Point X="443" Y="164"/>
    <Point X="442" Y="164"/>
    <Point X="440" Y="164"/>
    <Point X="437" Y="164"/>
    <Point X="434" Y="164"/>
    <Point X="430" Y="165"/>
    <Point X="427" Y="166"/>
    <Point X="424" Y="169"/>
    <Point X="421" Y="171"/>
    <Point X="419" Y="174"/>
    <Point X="417" Y="177"/>
    <Point X="416" Y="181"/>
    <Point X="415" Y="185"/>
    <Point X="415" Y="189"/>
    <Point X="414" Y="194"/>
    <Point X="414" Y="200"/>
    <Point X="414" Y="206"/>
    <Point X="414" Y="213"/>
    <Point X="414" Y="221"/>
    <Point X="415" Y="230"/>
    <Point X="416" Y="238"/>
    <Point X="417" Y="247"/>
    <Point X="418" Y="255"/>
    <Point X="419" Y="264"/>
    <Point X="419" Y="270"/>
    <Point X="420" Y="277"/>
    <Point X="420" Y="283"/>
    <Point X="420" Y="287"/>
    <Point X="419" Y="289"/>
    <Point X="419" Y="291"/>
    <Point X="417" Y="292"/>
    <Point X="414" Y="293"/>
    <Point X="412" Y="294"/>
    <Point X="408" Y="294"/>
    <Point X="405" Y="294"/>
    <Point X="402" Y="294"/>
    <Point X="399" Y="294"/>
    <Point X="397" Y="294"/>
    <Point X="395" Y="294"/>
    <Point X="394" Y="294"/>
    <Point X="393" Y="294"/>
</Gesture>
