<?xml version="1.0" ?>
<Gesture Name="08" Subject="2" Number="8" NumPts="67">
    <Point X="423" Y="138"/>
    <Point X="423" Y="137"/>
    <Point X="425" Y="136"/>
    <Point X="427" Y="136"/>
    <Point X="429" Y="136"/>
    <Point X="432" Y="137"/>
    <Point X="434" Y="138"/>
    <Point X="439" Y="141"/>
    <Point X="444" Y="144"/>
    <Point X="449" Y="149"/>
    <Point X="453" Y="154"/>
    <Point X="456" Y="160"/>
    <Point X="458" Y="166"/>
    <Point X="459" Y="172"/>
    <Point X="460" Y="178"/>
    <Point X="460" Y="184"/>
    <Point X="459" Y="189"/>
    <Point X="458" Y="195"/>
    <Point X="456" Y="199"/>
    <Point X="454" Y="205"/>
    <Point X="452" Y="210"/>
    <Point X="449" Y="216"/>
    <Point X="447" Y="221"/>
    <Point X="445" Y="227"/>
    <Point X="444" Y="232"/>
    <Point X="443" Y="237"/>
    <Point X="442" Y="241"/>
    <Point X="442" Y="245"/>
    <Point X="443" Y="248"/>
    <Point X="443" Y="250"/>
    <Point X="445" Y="251"/>
    <Point X="446" Y="252"/>
    <Point X="449" Y="252"/>
    <Point X="451" Y="252"/>
    <Point X="454" Y="252"/>
    <Point X="456" Y="252"/>
    <Point X="457" Y="251"/>
    <Point X="455" Y="253"/>
    <Point X="455" Y="254"/>
    <Point X="455" Y="255"/>
    <Point X="454" Y="255"/>
    <Point X="454" Y="258"/>
    <Point X="453" Y="260"/>
    <Point X="453" Y="264"/>
    <Point X="452" Y="269"/>
    <Point X="451" Y="273"/>
    <Point X="451" Y="279"/>
    <Point X="451" Y="284"/>
    <Point X="451" Y="291"/>
    <Point X="451" Y="298"/>
    <Point X="451" Y="306"/>
    <Point X="451" Y="314"/>
    <Point X="451" Y="320"/>
    <Point X="451" Y="325"/>
    <Point X="450" Y="330"/>
    <Point X="449" Y="334"/>
    <Point X="448" Y="336"/>
    <Point X="446" Y="338"/>
    <Point X="443" Y="339"/>
    <Point X="440" Y="339"/>
    <Point X="436" Y="340"/>
    <Point X="432" Y="340"/>
    <Point X="427" Y="340"/>
    <Point X="423" Y="340"/>
    <Point X="421" Y="340"/>
    <Point X="419" Y="340"/>
    <Point X="417" Y="340"/>
</Gesture>
