<?xml version="1.0" ?>
<Gesture Name="04" Subject="2" Number="4" NumPts="90">
    <Point X="421" Y="78"/>
    <Point X="422" Y="78"/>
    <Point X="422" Y="77"/>
    <Point X="423" Y="76"/>
    <Point X="424" Y="76"/>
    <Point X="426" Y="76"/>
    <Point X="429" Y="75"/>
    <Point X="432" Y="75"/>
    <Point X="436" Y="75"/>
    <Point X="441" Y="74"/>
    <Point X="447" Y="74"/>
    <Point X="454" Y="74"/>
    <Point X="461" Y="73"/>
    <Point X="468" Y="72"/>
    <Point X="474" Y="72"/>
    <Point X="480" Y="71"/>
    <Point X="485" Y="71"/>
    <Point X="488" Y="70"/>
    <Point X="488" Y="73"/>
    <Point X="487" Y="73"/>
    <Point X="487" Y="75"/>
    <Point X="486" Y="78"/>
    <Point X="485" Y="82"/>
    <Point X="484" Y="87"/>
    <Point X="483" Y="92"/>
    <Point X="482" Y="98"/>
    <Point X="480" Y="105"/>
    <Point X="480" Y="112"/>
    <Point X="479" Y="120"/>
    <Point X="479" Y="128"/>
    <Point X="479" Y="136"/>
    <Point X="479" Y="143"/>
    <Point X="479" Y="151"/>
    <Point X="479" Y="158"/>
    <Point X="479" Y="163"/>
    <Point X="480" Y="169"/>
    <Point X="480" Y="173"/>
    <Point X="480" Y="177"/>
    <Point X="480" Y="181"/>
    <Point X="481" Y="184"/>
    <Point X="481" Y="187"/>
    <Point X="481" Y="190"/>
    <Point X="481" Y="191"/>
    <Point X="481" Y="192"/>
    <Point X="481" Y="193"/>
    <Point X="481" Y="194"/>
    <Point X="481" Y="195"/>
    <Point X="481" Y="196"/>
    <Point X="482" Y="197"/>
    <Point X="482" Y="200"/>
    <Point X="482" Y="202"/>
    <Point X="482" Y="204"/>
    <Point X="483" Y="206"/>
    <Point X="483" Y="208"/>
    <Point X="483" Y="210"/>
    <Point X="483" Y="211"/>
    <Point X="483" Y="212"/>
    <Point X="484" Y="212"/>
    <Point X="484" Y="213"/>
    <Point X="484" Y="214"/>
    <Point X="483" Y="214"/>
    <Point X="481" Y="216"/>
    <Point X="479" Y="216"/>
    <Point X="478" Y="216"/>
    <Point X="475" Y="217"/>
    <Point X="471" Y="218"/>
    <Point X="468" Y="219"/>
    <Point X="465" Y="220"/>
    <Point X="462" Y="220"/>
    <Point X="460" Y="221"/>
    <Point X="459" Y="222"/>
    <Point X="458" Y="223"/>
    <Point X="457" Y="223"/>
    <Point X="457" Y="224"/>
    <Point X="456" Y="224"/>
    <Point X="455" Y="224"/>
    <Point X="454" Y="224"/>
    <Point X="454" Y="225"/>
    <Point X="453" Y="225"/>
    <Point X="451" Y="225"/>
    <Point X="450" Y="226"/>
    <Point X="447" Y="226"/>
    <Point X="445" Y="227"/>
    <Point X="443" Y="227"/>
    <Point X="442" Y="227"/>
    <Point X="440" Y="228"/>
    <Point X="439" Y="228"/>
    <Point X="438" Y="228"/>
    <Point X="437" Y="228"/>
    <Point X="437" Y="229"/>
</Gesture>
