<?xml version="1.0" ?>
<Gesture Name="07" Subject="2" Number="7" NumPts="57">
    <Point X="426" Y="98"/>
    <Point X="429" Y="98"/>
    <Point X="430" Y="98"/>
    <Point X="433" Y="98"/>
    <Point X="437" Y="98"/>
    <Point X="443" Y="98"/>
    <Point X="449" Y="98"/>
    <Point X="455" Y="98"/>
    <Point X="461" Y="98"/>
    <Point X="467" Y="98"/>
    <Point X="471" Y="98"/>
    <Point X="472" Y="98"/>
    <Point X="473" Y="100"/>
    <Point X="473" Y="102"/>
    <Point X="473" Y="103"/>
    <Point X="474" Y="105"/>
    <Point X="474" Y="109"/>
    <Point X="475" Y="114"/>
    <Point X="476" Y="118"/>
    <Point X="477" Y="124"/>
    <Point X="478" Y="129"/>
    <Point X="479" Y="134"/>
    <Point X="480" Y="139"/>
    <Point X="481" Y="145"/>
    <Point X="481" Y="150"/>
    <Point X="482" Y="156"/>
    <Point X="483" Y="163"/>
    <Point X="483" Y="168"/>
    <Point X="483" Y="173"/>
    <Point X="483" Y="179"/>
    <Point X="483" Y="184"/>
    <Point X="483" Y="189"/>
    <Point X="483" Y="194"/>
    <Point X="483" Y="197"/>
    <Point X="483" Y="201"/>
    <Point X="483" Y="205"/>
    <Point X="483" Y="208"/>
    <Point X="483" Y="212"/>
    <Point X="483" Y="215"/>
    <Point X="483" Y="217"/>
    <Point X="483" Y="219"/>
    <Point X="483" Y="221"/>
    <Point X="483" Y="222"/>
    <Point X="482" Y="222"/>
    <Point X="481" Y="222"/>
    <Point X="478" Y="222"/>
    <Point X="474" Y="223"/>
    <Point X="468" Y="223"/>
    <Point X="463" Y="223"/>
    <Point X="456" Y="223"/>
    <Point X="450" Y="223"/>
    <Point X="445" Y="224"/>
    <Point X="440" Y="224"/>
    <Point X="437" Y="225"/>
    <Point X="435" Y="225"/>
    <Point X="434" Y="225"/>
    <Point X="434" Y="226"/>
</Gesture>
