<?xml version="1.0" ?>
<Gesture Name="09" Subject="2" Number="9" NumPts="64">
    <Point X="428" Y="131"/>
    <Point X="428" Y="130"/>
    <Point X="429" Y="130"/>
    <Point X="429" Y="129"/>
    <Point X="431" Y="129"/>
    <Point X="432" Y="129"/>
    <Point X="435" Y="129"/>
    <Point X="439" Y="131"/>
    <Point X="444" Y="133"/>
    <Point X="449" Y="137"/>
    <Point X="456" Y="142"/>
    <Point X="461" Y="147"/>
    <Point X="464" Y="152"/>
    <Point X="466" Y="157"/>
    <Point X="467" Y="162"/>
    <Point X="468" Y="168"/>
    <Point X="468" Y="174"/>
    <Point X="467" Y="180"/>
    <Point X="466" Y="187"/>
    <Point X="464" Y="193"/>
    <Point X="462" Y="199"/>
    <Point X="461" Y="203"/>
    <Point X="461" Y="208"/>
    <Point X="460" Y="213"/>
    <Point X="460" Y="217"/>
    <Point X="460" Y="221"/>
    <Point X="460" Y="225"/>
    <Point X="460" Y="228"/>
    <Point X="460" Y="230"/>
    <Point X="461" Y="232"/>
    <Point X="462" Y="233"/>
    <Point X="463" Y="234"/>
    <Point X="466" Y="234"/>
    <Point X="467" Y="235"/>
    <Point X="468" Y="235"/>
    <Point X="470" Y="235"/>
    <Point X="471" Y="234"/>
    <Point X="471" Y="233"/>
    <Point X="470" Y="233"/>
    <Point X="469" Y="234"/>
    <Point X="467" Y="236"/>
    <Point X="467" Y="237"/>
    <Point X="466" Y="240"/>
    <Point X="465" Y="242"/>
    <Point X="464" Y="246"/>
    <Point X="463" Y="251"/>
    <Point X="462" Y="257"/>
    <Point X="461" Y="264"/>
    <Point X="461" Y="273"/>
    <Point X="461" Y="281"/>
    <Point X="461" Y="289"/>
    <Point X="460" Y="297"/>
    <Point X="460" Y="304"/>
    <Point X="459" Y="310"/>
    <Point X="459" Y="314"/>
    <Point X="458" Y="318"/>
    <Point X="457" Y="318"/>
    <Point X="455" Y="318"/>
    <Point X="452" Y="318"/>
    <Point X="449" Y="318"/>
    <Point X="446" Y="318"/>
    <Point X="444" Y="318"/>
    <Point X="442" Y="318"/>
    <Point X="440" Y="318"/>
</Gesture>
