<?xml version="1.0" ?>
<Gesture Name="10" Subject="2" Number="10" NumPts="61">
    <Point X="443" Y="140"/>
    <Point X="444" Y="141"/>
    <Point X="447" Y="143"/>
    <Point X="450" Y="146"/>
    <Point X="454" Y="149"/>
    <Point X="456" Y="152"/>
    <Point X="459" Y="157"/>
    <Point X="460" Y="161"/>
    <Point X="462" Y="167"/>
    <Point X="462" Y="172"/>
    <Point X="463" Y="178"/>
    <Point X="463" Y="185"/>
    <Point X="463" Y="191"/>
    <Point X="463" Y="198"/>
    <Point X="463" Y="206"/>
    <Point X="463" Y="213"/>
    <Point X="463" Y="219"/>
    <Point X="463" Y="225"/>
    <Point X="463" Y="231"/>
    <Point X="463" Y="235"/>
    <Point X="463" Y="239"/>
    <Point X="464" Y="241"/>
    <Point X="466" Y="243"/>
    <Point X="467" Y="244"/>
    <Point X="468" Y="244"/>
    <Point X="470" Y="245"/>
    <Point X="472" Y="245"/>
    <Point X="473" Y="245"/>
    <Point X="474" Y="245"/>
    <Point X="474" Y="244"/>
    <Point X="474" Y="243"/>
    <Point X="474" Y="242"/>
    <Point X="473" Y="242"/>
    <Point X="472" Y="242"/>
    <Point X="471" Y="242"/>
    <Point X="470" Y="243"/>
    <Point X="468" Y="245"/>
    <Point X="468" Y="246"/>
    <Point X="467" Y="247"/>
    <Point X="466" Y="250"/>
    <Point X="466" Y="254"/>
    <Point X="466" Y="259"/>
    <Point X="466" Y="265"/>
    <Point X="466" Y="272"/>
    <Point X="466" Y="281"/>
    <Point X="466" Y="289"/>
    <Point X="467" Y="298"/>
    <Point X="467" Y="305"/>
    <Point X="467" Y="312"/>
    <Point X="467" Y="318"/>
    <Point X="467" Y="322"/>
    <Point X="465" Y="325"/>
    <Point X="464" Y="327"/>
    <Point X="462" Y="329"/>
    <Point X="460" Y="330"/>
    <Point X="457" Y="331"/>
    <Point X="453" Y="331"/>
    <Point X="450" Y="332"/>
    <Point X="447" Y="332"/>
    <Point X="445" Y="333"/>
    <Point X="444" Y="333"/>
</Gesture>
