<?xml version="1.0" ?>
<Gesture Name="05" Subject="2" Number="5" NumPts="63">
    <Point X="407" Y="92"/>
    <Point X="408" Y="92"/>
    <Point X="409" Y="91"/>
    <Point X="412" Y="91"/>
    <Point X="417" Y="91"/>
    <Point X="423" Y="90"/>
    <Point X="430" Y="89"/>
    <Point X="437" Y="89"/>
    <Point X="443" Y="89"/>
    <Point X="448" Y="89"/>
    <Point X="454" Y="89"/>
    <Point X="459" Y="88"/>
    <Point X="462" Y="88"/>
    <Point X="464" Y="88"/>
    <Point X="464" Y="89"/>
    <Point X="465" Y="89"/>
    <Point X="465" Y="90"/>
    <Point X="465" Y="91"/>
    <Point X="465" Y="94"/>
    <Point X="466" Y="96"/>
    <Point X="466" Y="100"/>
    <Point X="467" Y="105"/>
    <Point X="467" Y="111"/>
    <Point X="468" Y="118"/>
    <Point X="468" Y="125"/>
    <Point X="469" Y="132"/>
    <Point X="469" Y="140"/>
    <Point X="469" Y="147"/>
    <Point X="470" Y="155"/>
    <Point X="470" Y="162"/>
    <Point X="471" Y="169"/>
    <Point X="471" Y="175"/>
    <Point X="471" Y="181"/>
    <Point X="471" Y="186"/>
    <Point X="471" Y="190"/>
    <Point X="471" Y="195"/>
    <Point X="471" Y="199"/>
    <Point X="471" Y="203"/>
    <Point X="471" Y="207"/>
    <Point X="471" Y="211"/>
    <Point X="471" Y="215"/>
    <Point X="471" Y="219"/>
    <Point X="471" Y="222"/>
    <Point X="471" Y="225"/>
    <Point X="471" Y="226"/>
    <Point X="471" Y="227"/>
    <Point X="471" Y="228"/>
    <Point X="471" Y="229"/>
    <Point X="471" Y="230"/>
    <Point X="471" Y="231"/>
    <Point X="471" Y="232"/>
    <Point X="471" Y="233"/>
    <Point X="469" Y="235"/>
    <Point X="466" Y="235"/>
    <Point X="462" Y="235"/>
    <Point X="457" Y="236"/>
    <Point X="451" Y="236"/>
    <Point X="445" Y="237"/>
    <Point X="439" Y="238"/>
    <Point X="435" Y="238"/>
    <Point X="432" Y="239"/>
    <Point X="430" Y="239"/>
    <Point X="429" Y="239"/>
</Gesture>
