<?xml version="1.0" ?>
<Gesture Name="02" Subject="2" Number="2" NumPts="78">
    <Point X="395" Y="92"/>
    <Point X="396" Y="92"/>
    <Point X="400" Y="92"/>
    <Point X="403" Y="92"/>
    <Point X="410" Y="92"/>
    <Point X="417" Y="92"/>
    <Point X="423" Y="92"/>
    <Point X="430" Y="92"/>
    <Point X="437" Y="92"/>
    <Point X="444" Y="92"/>
    <Point X="451" Y="92"/>
    <Point X="457" Y="92"/>
    <Point X="460" Y="92"/>
    <Point X="460" Y="94"/>
    <Point X="460" Y="95"/>
    <Point X="460" Y="97"/>
    <Point X="459" Y="99"/>
    <Point X="459" Y="103"/>
    <Point X="458" Y="107"/>
    <Point X="458" Y="111"/>
    <Point X="457" Y="116"/>
    <Point X="456" Y="121"/>
    <Point X="456" Y="127"/>
    <Point X="456" Y="132"/>
    <Point X="455" Y="138"/>
    <Point X="455" Y="144"/>
    <Point X="455" Y="149"/>
    <Point X="455" Y="155"/>
    <Point X="455" Y="159"/>
    <Point X="455" Y="163"/>
    <Point X="455" Y="168"/>
    <Point X="455" Y="172"/>
    <Point X="455" Y="174"/>
    <Point X="455" Y="177"/>
    <Point X="455" Y="179"/>
    <Point X="455" Y="181"/>
    <Point X="455" Y="183"/>
    <Point X="455" Y="185"/>
    <Point X="455" Y="187"/>
    <Point X="455" Y="190"/>
    <Point X="455" Y="192"/>
    <Point X="455" Y="196"/>
    <Point X="455" Y="200"/>
    <Point X="455" Y="203"/>
    <Point X="455" Y="206"/>
    <Point X="455" Y="208"/>
    <Point X="455" Y="211"/>
    <Point X="455" Y="213"/>
    <Point X="455" Y="215"/>
    <Point X="455" Y="217"/>
    <Point X="455" Y="218"/>
    <Point X="455" Y="219"/>
    <Point X="455" Y="220"/>
    <Point X="455" Y="221"/>
    <Point X="455" Y="222"/>
    <Point X="455" Y="223"/>
    <Point X="456" Y="224"/>
    <Point X="456" Y="225"/>
    <Point X="456" Y="226"/>
    <Point X="456" Y="227"/>
    <Point X="455" Y="228"/>
    <Point X="454" Y="229"/>
    <Point X="451" Y="231"/>
    <Point X="449" Y="232"/>
    <Point X="448" Y="233"/>
    <Point X="445" Y="233"/>
    <Point X="441" Y="234"/>
    <Point X="436" Y="235"/>
    <Point X="431" Y="236"/>
    <Point X="425" Y="237"/>
    <Point X="420" Y="237"/>
    <Point X="416" Y="237"/>
    <Point X="413" Y="238"/>
    <Point X="410" Y="238"/>
    <Point X="409" Y="238"/>
    <Point X="408" Y="238"/>
    <Point X="408" Y="239"/>
    <Point X="407" Y="239"/>
</Gesture>
