<?xml version="1.0" ?>
<Gesture Name="10" Subject="2" Number="10" NumPts="79">
    <Point X="420" Y="173"/>
    <Point X="421" Y="172"/>
    <Point X="423" Y="172"/>
    <Point X="426" Y="172"/>
    <Point X="429" Y="172"/>
    <Point X="431" Y="172"/>
    <Point X="435" Y="172"/>
    <Point X="439" Y="172"/>
    <Point X="442" Y="172"/>
    <Point X="446" Y="171"/>
    <Point X="450" Y="171"/>
    <Point X="452" Y="171"/>
    <Point X="454" Y="171"/>
    <Point X="455" Y="171"/>
    <Point X="456" Y="171"/>
    <Point X="458" Y="171"/>
    <Point X="459" Y="172"/>
    <Point X="460" Y="172"/>
    <Point X="462" Y="173"/>
    <Point X="463" Y="174"/>
    <Point X="465" Y="174"/>
    <Point X="466" Y="174"/>
    <Point X="466" Y="175"/>
    <Point X="467" Y="175"/>
    <Point X="468" Y="175"/>
    <Point X="469" Y="175"/>
    <Point X="470" Y="175"/>
    <Point X="470" Y="177"/>
    <Point X="470" Y="178"/>
    <Point X="470" Y="180"/>
    <Point X="470" Y="184"/>
    <Point X="470" Y="189"/>
    <Point X="470" Y="194"/>
    <Point X="470" Y="201"/>
    <Point X="470" Y="209"/>
    <Point X="470" Y="217"/>
    <Point X="470" Y="226"/>
    <Point X="470" Y="234"/>
    <Point X="470" Y="242"/>
    <Point X="470" Y="249"/>
    <Point X="470" Y="256"/>
    <Point X="470" Y="262"/>
    <Point X="470" Y="268"/>
    <Point X="470" Y="274"/>
    <Point X="470" Y="279"/>
    <Point X="470" Y="283"/>
    <Point X="470" Y="287"/>
    <Point X="470" Y="291"/>
    <Point X="470" Y="295"/>
    <Point X="470" Y="298"/>
    <Point X="470" Y="302"/>
    <Point X="470" Y="305"/>
    <Point X="470" Y="309"/>
    <Point X="470" Y="312"/>
    <Point X="470" Y="314"/>
    <Point X="470" Y="316"/>
    <Point X="470" Y="318"/>
    <Point X="470" Y="319"/>
    <Point X="470" Y="320"/>
    <Point X="470" Y="321"/>
    <Point X="470" Y="322"/>
    <Point X="469" Y="322"/>
    <Point X="469" Y="323"/>
    <Point X="468" Y="324"/>
    <Point X="467" Y="324"/>
    <Point X="466" Y="324"/>
    <Point X="464" Y="325"/>
    <Point X="460" Y="325"/>
    <Point X="457" Y="327"/>
    <Point X="452" Y="327"/>
    <Point X="447" Y="328"/>
    <Point X="443" Y="329"/>
    <Point X="438" Y="330"/>
    <Point X="434" Y="330"/>
    <Point X="430" Y="331"/>
    <Point X="426" Y="331"/>
    <Point X="423" Y="331"/>
    <Point X="421" Y="331"/>
    <Point X="420" Y="331"/>
</Gesture>
