<?xml version="1.0" ?>
<Gesture Name="06" Subject="2" Number="6" NumPts="75">
    <Point X="423" Y="167"/>
    <Point X="423" Y="166"/>
    <Point X="426" Y="165"/>
    <Point X="427" Y="165"/>
    <Point X="429" Y="165"/>
    <Point X="433" Y="165"/>
    <Point X="438" Y="167"/>
    <Point X="443" Y="170"/>
    <Point X="449" Y="174"/>
    <Point X="454" Y="178"/>
    <Point X="458" Y="183"/>
    <Point X="461" Y="189"/>
    <Point X="463" Y="195"/>
    <Point X="464" Y="201"/>
    <Point X="465" Y="208"/>
    <Point X="465" Y="214"/>
    <Point X="464" Y="220"/>
    <Point X="463" Y="226"/>
    <Point X="461" Y="232"/>
    <Point X="459" Y="237"/>
    <Point X="458" Y="241"/>
    <Point X="457" Y="245"/>
    <Point X="457" Y="248"/>
    <Point X="456" Y="251"/>
    <Point X="456" Y="254"/>
    <Point X="455" Y="257"/>
    <Point X="455" Y="258"/>
    <Point X="455" Y="260"/>
    <Point X="456" Y="261"/>
    <Point X="457" Y="262"/>
    <Point X="460" Y="263"/>
    <Point X="461" Y="263"/>
    <Point X="464" Y="263"/>
    <Point X="465" Y="262"/>
    <Point X="466" Y="261"/>
    <Point X="468" Y="260"/>
    <Point X="468" Y="259"/>
    <Point X="468" Y="257"/>
    <Point X="468" Y="256"/>
    <Point X="468" Y="255"/>
    <Point X="467" Y="255"/>
    <Point X="467" Y="254"/>
    <Point X="466" Y="254"/>
    <Point X="463" Y="254"/>
    <Point X="462" Y="254"/>
    <Point X="459" Y="256"/>
    <Point X="458" Y="257"/>
    <Point X="457" Y="259"/>
    <Point X="457" Y="263"/>
    <Point X="456" Y="267"/>
    <Point X="456" Y="273"/>
    <Point X="456" Y="279"/>
    <Point X="457" Y="287"/>
    <Point X="457" Y="294"/>
    <Point X="458" Y="303"/>
    <Point X="459" Y="310"/>
    <Point X="459" Y="317"/>
    <Point X="460" Y="324"/>
    <Point X="460" Y="329"/>
    <Point X="460" Y="334"/>
    <Point X="459" Y="336"/>
    <Point X="457" Y="338"/>
    <Point X="455" Y="339"/>
    <Point X="451" Y="340"/>
    <Point X="447" Y="342"/>
    <Point X="443" Y="343"/>
    <Point X="439" Y="344"/>
    <Point X="436" Y="346"/>
    <Point X="432" Y="348"/>
    <Point X="429" Y="349"/>
    <Point X="427" Y="351"/>
    <Point X="424" Y="352"/>
    <Point X="422" Y="353"/>
    <Point X="420" Y="354"/>
    <Point X="418" Y="355"/>
</Gesture>
