<?xml version="1.0" ?>
<Gesture Name="03" Subject="2" Number="3" NumPts="60">
    <Point X="399" Y="131"/>
    <Point X="400" Y="130"/>
    <Point X="401" Y="130"/>
    <Point X="402" Y="130"/>
    <Point X="405" Y="130"/>
    <Point X="408" Y="130"/>
    <Point X="412" Y="132"/>
    <Point X="416" Y="133"/>
    <Point X="419" Y="136"/>
    <Point X="422" Y="140"/>
    <Point X="424" Y="144"/>
    <Point X="427" Y="150"/>
    <Point X="428" Y="157"/>
    <Point X="430" Y="164"/>
    <Point X="431" Y="171"/>
    <Point X="432" Y="178"/>
    <Point X="432" Y="186"/>
    <Point X="433" Y="193"/>
    <Point X="433" Y="200"/>
    <Point X="433" Y="207"/>
    <Point X="434" Y="214"/>
    <Point X="435" Y="221"/>
    <Point X="435" Y="226"/>
    <Point X="436" Y="231"/>
    <Point X="438" Y="234"/>
    <Point X="439" Y="234"/>
    <Point X="440" Y="234"/>
    <Point X="442" Y="234"/>
    <Point X="442" Y="233"/>
    <Point X="443" Y="233"/>
    <Point X="443" Y="232"/>
    <Point X="443" Y="231"/>
    <Point X="442" Y="231"/>
    <Point X="441" Y="233"/>
    <Point X="440" Y="235"/>
    <Point X="438" Y="237"/>
    <Point X="438" Y="238"/>
    <Point X="437" Y="241"/>
    <Point X="436" Y="244"/>
    <Point X="435" Y="249"/>
    <Point X="434" Y="255"/>
    <Point X="434" Y="261"/>
    <Point X="433" Y="268"/>
    <Point X="433" Y="275"/>
    <Point X="433" Y="282"/>
    <Point X="433" Y="291"/>
    <Point X="433" Y="299"/>
    <Point X="432" Y="308"/>
    <Point X="432" Y="315"/>
    <Point X="430" Y="322"/>
    <Point X="429" Y="329"/>
    <Point X="427" Y="333"/>
    <Point X="425" Y="337"/>
    <Point X="422" Y="339"/>
    <Point X="419" Y="342"/>
    <Point X="416" Y="343"/>
    <Point X="414" Y="343"/>
    <Point X="412" Y="343"/>
    <Point X="410" Y="343"/>
    <Point X="409" Y="343"/>
</Gesture>
