<?xml version="1.0" ?>
<Gesture Name="01" Subject="2" Number="1" NumPts="78">
    <Point X="391" Y="71"/>
    <Point X="393" Y="71"/>
    <Point X="395" Y="72"/>
    <Point X="397" Y="72"/>
    <Point X="401" Y="73"/>
    <Point X="405" Y="73"/>
    <Point X="411" Y="75"/>
    <Point X="417" Y="75"/>
    <Point X="423" Y="77"/>
    <Point X="429" Y="77"/>
    <Point X="435" Y="77"/>
    <Point X="440" Y="78"/>
    <Point X="445" Y="78"/>
    <Point X="447" Y="79"/>
    <Point X="450" Y="79"/>
    <Point X="451" Y="80"/>
    <Point X="451" Y="82"/>
    <Point X="451" Y="84"/>
    <Point X="451" Y="86"/>
    <Point X="451" Y="89"/>
    <Point X="451" Y="93"/>
    <Point X="451" Y="98"/>
    <Point X="451" Y="104"/>
    <Point X="451" Y="110"/>
    <Point X="451" Y="116"/>
    <Point X="451" Y="121"/>
    <Point X="452" Y="126"/>
    <Point X="452" Y="130"/>
    <Point X="452" Y="135"/>
    <Point X="452" Y="138"/>
    <Point X="452" Y="141"/>
    <Point X="452" Y="145"/>
    <Point X="452" Y="148"/>
    <Point X="452" Y="150"/>
    <Point X="452" Y="152"/>
    <Point X="452" Y="154"/>
    <Point X="452" Y="156"/>
    <Point X="452" Y="160"/>
    <Point X="452" Y="163"/>
    <Point X="452" Y="167"/>
    <Point X="452" Y="170"/>
    <Point X="452" Y="174"/>
    <Point X="452" Y="178"/>
    <Point X="452" Y="182"/>
    <Point X="453" Y="185"/>
    <Point X="453" Y="188"/>
    <Point X="453" Y="192"/>
    <Point X="453" Y="194"/>
    <Point X="453" Y="196"/>
    <Point X="453" Y="198"/>
    <Point X="453" Y="200"/>
    <Point X="453" Y="202"/>
    <Point X="453" Y="204"/>
    <Point X="453" Y="206"/>
    <Point X="453" Y="208"/>
    <Point X="453" Y="210"/>
    <Point X="453" Y="212"/>
    <Point X="453" Y="213"/>
    <Point X="453" Y="215"/>
    <Point X="453" Y="216"/>
    <Point X="453" Y="217"/>
    <Point X="452" Y="218"/>
    <Point X="451" Y="218"/>
    <Point X="448" Y="219"/>
    <Point X="447" Y="219"/>
    <Point X="443" Y="219"/>
    <Point X="439" Y="219"/>
    <Point X="433" Y="219"/>
    <Point X="425" Y="219"/>
    <Point X="417" Y="219"/>
    <Point X="409" Y="219"/>
    <Point X="403" Y="219"/>
    <Point X="396" Y="219"/>
    <Point X="390" Y="219"/>
    <Point X="385" Y="219"/>
    <Point X="381" Y="219"/>
    <Point X="378" Y="219"/>
    <Point X="377" Y="219"/>
</Gesture>
