<?xml version="1.0" ?>
<Gesture Name="03" Subject="2" Number="3" NumPts="59">
    <Point X="407" Y="101"/>
    <Point X="409" Y="101"/>
    <Point X="410" Y="101"/>
    <Point X="413" Y="101"/>
    <Point X="419" Y="101"/>
    <Point X="425" Y="101"/>
    <Point X="431" Y="101"/>
    <Point X="438" Y="101"/>
    <Point X="445" Y="101"/>
    <Point X="451" Y="101"/>
    <Point X="456" Y="101"/>
    <Point X="460" Y="101"/>
    <Point X="462" Y="101"/>
    <Point X="463" Y="101"/>
    <Point X="463" Y="102"/>
    <Point X="463" Y="105"/>
    <Point X="463" Y="108"/>
    <Point X="463" Y="112"/>
    <Point X="463" Y="119"/>
    <Point X="463" Y="125"/>
    <Point X="463" Y="133"/>
    <Point X="463" Y="142"/>
    <Point X="463" Y="151"/>
    <Point X="463" Y="161"/>
    <Point X="463" Y="170"/>
    <Point X="463" Y="179"/>
    <Point X="464" Y="188"/>
    <Point X="465" Y="196"/>
    <Point X="466" Y="204"/>
    <Point X="467" Y="211"/>
    <Point X="467" Y="218"/>
    <Point X="468" Y="223"/>
    <Point X="468" Y="229"/>
    <Point X="469" Y="233"/>
    <Point X="469" Y="237"/>
    <Point X="470" Y="240"/>
    <Point X="470" Y="243"/>
    <Point X="471" Y="244"/>
    <Point X="471" Y="246"/>
    <Point X="471" Y="247"/>
    <Point X="471" Y="248"/>
    <Point X="471" Y="250"/>
    <Point X="471" Y="251"/>
    <Point X="471" Y="252"/>
    <Point X="471" Y="253"/>
    <Point X="470" Y="254"/>
    <Point X="468" Y="255"/>
    <Point X="467" Y="255"/>
    <Point X="465" Y="255"/>
    <Point X="460" Y="255"/>
    <Point X="455" Y="255"/>
    <Point X="448" Y="256"/>
    <Point X="441" Y="256"/>
    <Point X="434" Y="256"/>
    <Point X="427" Y="256"/>
    <Point X="421" Y="256"/>
    <Point X="417" Y="256"/>
    <Point X="413" Y="257"/>
    <Point X="411" Y="257"/>
</Gesture>
