<?xml version="1.0" ?>
<Gesture Name="06" Subject="2" Number="6" NumPts="65">
    <Point X="415" Y="104"/>
    <Point X="417" Y="103"/>
    <Point X="418" Y="103"/>
    <Point X="422" Y="102"/>
    <Point X="426" Y="101"/>
    <Point X="431" Y="101"/>
    <Point X="437" Y="100"/>
    <Point X="443" Y="99"/>
    <Point X="448" Y="98"/>
    <Point X="453" Y="98"/>
    <Point X="458" Y="98"/>
    <Point X="461" Y="98"/>
    <Point X="464" Y="97"/>
    <Point X="465" Y="97"/>
    <Point X="466" Y="97"/>
    <Point X="468" Y="99"/>
    <Point X="468" Y="101"/>
    <Point X="468" Y="102"/>
    <Point X="469" Y="105"/>
    <Point X="470" Y="109"/>
    <Point X="471" Y="114"/>
    <Point X="472" Y="120"/>
    <Point X="473" Y="127"/>
    <Point X="473" Y="134"/>
    <Point X="474" Y="141"/>
    <Point X="475" Y="148"/>
    <Point X="475" Y="155"/>
    <Point X="476" Y="163"/>
    <Point X="477" Y="171"/>
    <Point X="477" Y="178"/>
    <Point X="477" Y="187"/>
    <Point X="477" Y="195"/>
    <Point X="477" Y="203"/>
    <Point X="477" Y="212"/>
    <Point X="477" Y="220"/>
    <Point X="477" Y="228"/>
    <Point X="478" Y="236"/>
    <Point X="479" Y="244"/>
    <Point X="479" Y="250"/>
    <Point X="480" Y="256"/>
    <Point X="480" Y="260"/>
    <Point X="481" Y="264"/>
    <Point X="481" Y="267"/>
    <Point X="481" Y="268"/>
    <Point X="482" Y="269"/>
    <Point X="482" Y="270"/>
    <Point X="482" Y="271"/>
    <Point X="482" Y="272"/>
    <Point X="482" Y="273"/>
    <Point X="482" Y="274"/>
    <Point X="481" Y="274"/>
    <Point X="481" Y="275"/>
    <Point X="479" Y="275"/>
    <Point X="477" Y="276"/>
    <Point X="476" Y="276"/>
    <Point X="473" Y="277"/>
    <Point X="468" Y="278"/>
    <Point X="462" Y="278"/>
    <Point X="453" Y="278"/>
    <Point X="446" Y="278"/>
    <Point X="438" Y="278"/>
    <Point X="430" Y="278"/>
    <Point X="424" Y="278"/>
    <Point X="419" Y="279"/>
    <Point X="416" Y="279"/>
</Gesture>
