<?xml version="1.0" ?>
<Gesture Name="05" Subject="2" Number="5" NumPts="64">
    <Point X="416" Y="166"/>
    <Point X="416" Y="165"/>
    <Point X="417" Y="165"/>
    <Point X="418" Y="165"/>
    <Point X="421" Y="165"/>
    <Point X="425" Y="166"/>
    <Point X="429" Y="166"/>
    <Point X="435" Y="169"/>
    <Point X="441" Y="172"/>
    <Point X="447" Y="175"/>
    <Point X="452" Y="180"/>
    <Point X="456" Y="184"/>
    <Point X="459" Y="188"/>
    <Point X="460" Y="193"/>
    <Point X="461" Y="197"/>
    <Point X="462" Y="202"/>
    <Point X="462" Y="207"/>
    <Point X="462" Y="211"/>
    <Point X="461" Y="216"/>
    <Point X="460" Y="221"/>
    <Point X="459" Y="225"/>
    <Point X="458" Y="229"/>
    <Point X="458" Y="232"/>
    <Point X="457" Y="236"/>
    <Point X="457" Y="239"/>
    <Point X="457" Y="241"/>
    <Point X="457" Y="243"/>
    <Point X="457" Y="244"/>
    <Point X="458" Y="245"/>
    <Point X="459" Y="245"/>
    <Point X="460" Y="245"/>
    <Point X="461" Y="245"/>
    <Point X="461" Y="244"/>
    <Point X="462" Y="244"/>
    <Point X="461" Y="244"/>
    <Point X="459" Y="244"/>
    <Point X="458" Y="244"/>
    <Point X="457" Y="244"/>
    <Point X="455" Y="244"/>
    <Point X="454" Y="245"/>
    <Point X="453" Y="246"/>
    <Point X="453" Y="249"/>
    <Point X="452" Y="253"/>
    <Point X="452" Y="259"/>
    <Point X="452" Y="266"/>
    <Point X="452" Y="273"/>
    <Point X="452" Y="281"/>
    <Point X="453" Y="289"/>
    <Point X="454" Y="296"/>
    <Point X="454" Y="303"/>
    <Point X="454" Y="309"/>
    <Point X="454" Y="314"/>
    <Point X="453" Y="319"/>
    <Point X="451" Y="323"/>
    <Point X="449" Y="325"/>
    <Point X="446" Y="327"/>
    <Point X="443" Y="328"/>
    <Point X="439" Y="329"/>
    <Point X="435" Y="330"/>
    <Point X="432" Y="330"/>
    <Point X="430" Y="330"/>
    <Point X="428" Y="330"/>
    <Point X="426" Y="331"/>
    <Point X="425" Y="331"/>
</Gesture>
