<?xml version="1.0" ?>
<Gesture Name="08" Subject="2" Number="8" NumPts="74">
    <Point X="425" Y="190"/>
    <Point X="425" Y="191"/>
    <Point X="426" Y="191"/>
    <Point X="429" Y="191"/>
    <Point X="435" Y="192"/>
    <Point X="442" Y="192"/>
    <Point X="449" Y="193"/>
    <Point X="457" Y="194"/>
    <Point X="464" Y="194"/>
    <Point X="472" Y="194"/>
    <Point X="478" Y="194"/>
    <Point X="484" Y="194"/>
    <Point X="490" Y="194"/>
    <Point X="493" Y="194"/>
    <Point X="497" Y="194"/>
    <Point X="500" Y="195"/>
    <Point X="501" Y="195"/>
    <Point X="502" Y="196"/>
    <Point X="502" Y="198"/>
    <Point X="502" Y="199"/>
    <Point X="502" Y="200"/>
    <Point X="501" Y="203"/>
    <Point X="501" Y="207"/>
    <Point X="500" Y="211"/>
    <Point X="499" Y="217"/>
    <Point X="498" Y="222"/>
    <Point X="498" Y="228"/>
    <Point X="497" Y="235"/>
    <Point X="496" Y="241"/>
    <Point X="495" Y="246"/>
    <Point X="495" Y="252"/>
    <Point X="495" Y="257"/>
    <Point X="495" Y="262"/>
    <Point X="495" Y="267"/>
    <Point X="495" Y="272"/>
    <Point X="495" Y="276"/>
    <Point X="495" Y="280"/>
    <Point X="495" Y="283"/>
    <Point X="495" Y="285"/>
    <Point X="495" Y="287"/>
    <Point X="495" Y="290"/>
    <Point X="495" Y="291"/>
    <Point X="495" Y="294"/>
    <Point X="495" Y="296"/>
    <Point X="495" Y="299"/>
    <Point X="495" Y="302"/>
    <Point X="495" Y="306"/>
    <Point X="495" Y="309"/>
    <Point X="495" Y="313"/>
    <Point X="495" Y="316"/>
    <Point X="496" Y="320"/>
    <Point X="496" Y="324"/>
    <Point X="497" Y="327"/>
    <Point X="497" Y="330"/>
    <Point X="498" Y="333"/>
    <Point X="498" Y="335"/>
    <Point X="498" Y="338"/>
    <Point X="498" Y="340"/>
    <Point X="498" Y="342"/>
    <Point X="497" Y="343"/>
    <Point X="495" Y="345"/>
    <Point X="493" Y="345"/>
    <Point X="491" Y="346"/>
    <Point X="488" Y="347"/>
    <Point X="484" Y="347"/>
    <Point X="480" Y="348"/>
    <Point X="475" Y="349"/>
    <Point X="471" Y="349"/>
    <Point X="466" Y="350"/>
    <Point X="461" Y="351"/>
    <Point X="456" Y="351"/>
    <Point X="453" Y="352"/>
    <Point X="449" Y="352"/>
    <Point X="446" Y="353"/>
</Gesture>
