<?xml version="1.0" ?>
<Gesture Name="04" Subject="2" Number="4" NumPts="67">
    <Point X="415" Y="144"/>
    <Point X="415" Y="143"/>
    <Point X="416" Y="143"/>
    <Point X="418" Y="143"/>
    <Point X="419" Y="143"/>
    <Point X="421" Y="143"/>
    <Point X="425" Y="144"/>
    <Point X="429" Y="147"/>
    <Point X="433" Y="150"/>
    <Point X="436" Y="154"/>
    <Point X="440" Y="159"/>
    <Point X="442" Y="163"/>
    <Point X="444" Y="169"/>
    <Point X="444" Y="174"/>
    <Point X="445" Y="180"/>
    <Point X="445" Y="185"/>
    <Point X="445" Y="191"/>
    <Point X="445" Y="197"/>
    <Point X="444" Y="203"/>
    <Point X="443" Y="208"/>
    <Point X="442" Y="213"/>
    <Point X="441" Y="219"/>
    <Point X="441" Y="225"/>
    <Point X="440" Y="231"/>
    <Point X="440" Y="235"/>
    <Point X="440" Y="240"/>
    <Point X="440" Y="244"/>
    <Point X="440" Y="247"/>
    <Point X="440" Y="249"/>
    <Point X="441" Y="250"/>
    <Point X="443" Y="250"/>
    <Point X="444" Y="251"/>
    <Point X="446" Y="251"/>
    <Point X="448" Y="250"/>
    <Point X="449" Y="249"/>
    <Point X="450" Y="249"/>
    <Point X="450" Y="248"/>
    <Point X="450" Y="247"/>
    <Point X="450" Y="248"/>
    <Point X="450" Y="249"/>
    <Point X="448" Y="252"/>
    <Point X="446" Y="254"/>
    <Point X="445" Y="257"/>
    <Point X="443" Y="261"/>
    <Point X="442" Y="265"/>
    <Point X="441" Y="271"/>
    <Point X="439" Y="278"/>
    <Point X="439" Y="285"/>
    <Point X="438" Y="291"/>
    <Point X="438" Y="299"/>
    <Point X="438" Y="307"/>
    <Point X="437" Y="315"/>
    <Point X="436" Y="322"/>
    <Point X="435" Y="328"/>
    <Point X="434" Y="332"/>
    <Point X="433" Y="336"/>
    <Point X="432" Y="338"/>
    <Point X="430" Y="340"/>
    <Point X="429" Y="341"/>
    <Point X="426" Y="341"/>
    <Point X="423" Y="342"/>
    <Point X="419" Y="342"/>
    <Point X="416" Y="342"/>
    <Point X="412" Y="341"/>
    <Point X="410" Y="341"/>
    <Point X="408" Y="340"/>
    <Point X="407" Y="340"/>
</Gesture>
