<?xml version="1.0" ?>
<Gesture Name="06" Subject="2" Number="6" NumPts="101">
    <Point X="347" Y="331"/>
    <Point X="347" Y="332"/>
    <Point X="348" Y="332"/>
    <Point X="350" Y="330"/>
    <Point X="351" Y="328"/>
    <Point X="353" Y="325"/>
    <Point X="355" Y="320"/>
    <Point X="357" Y="313"/>
    <Point X="360" Y="303"/>
    <Point X="364" Y="293"/>
    <Point X="367" Y="280"/>
    <Point X="371" Y="267"/>
    <Point X="374" Y="256"/>
    <Point X="377" Y="243"/>
    <Point X="381" Y="233"/>
    <Point X="384" Y="224"/>
    <Point X="387" Y="216"/>
    <Point X="389" Y="209"/>
    <Point X="390" Y="203"/>
    <Point X="392" Y="198"/>
    <Point X="393" Y="192"/>
    <Point X="394" Y="189"/>
    <Point X="394" Y="186"/>
    <Point X="395" Y="186"/>
    <Point X="395" Y="188"/>
    <Point X="395" Y="191"/>
    <Point X="396" Y="195"/>
    <Point X="398" Y="201"/>
    <Point X="401" Y="211"/>
    <Point X="403" Y="221"/>
    <Point X="406" Y="233"/>
    <Point X="409" Y="245"/>
    <Point X="412" Y="258"/>
    <Point X="414" Y="270"/>
    <Point X="416" Y="281"/>
    <Point X="418" Y="291"/>
    <Point X="420" Y="299"/>
    <Point X="422" Y="305"/>
    <Point X="423" Y="310"/>
    <Point X="423" Y="311"/>
    <Point X="421" Y="309"/>
    <Point X="418" Y="306"/>
    <Point X="416" Y="304"/>
    <Point X="413" Y="301"/>
    <Point X="409" Y="297"/>
    <Point X="404" Y="293"/>
    <Point X="398" Y="288"/>
    <Point X="392" Y="284"/>
    <Point X="385" Y="279"/>
    <Point X="378" Y="275"/>
    <Point X="371" Y="272"/>
    <Point X="365" Y="268"/>
    <Point X="360" Y="266"/>
    <Point X="355" Y="264"/>
    <Point X="353" Y="263"/>
    <Point X="351" Y="262"/>
    <Point X="349" Y="262"/>
    <Point X="348" Y="261"/>
    <Point X="346" Y="260"/>
    <Point X="345" Y="260"/>
    <Point X="344" Y="259"/>
    <Point X="343" Y="259"/>
    <Point X="343" Y="258"/>
    <Point X="345" Y="257"/>
    <Point X="347" Y="256"/>
    <Point X="351" Y="255"/>
    <Point X="357" Y="254"/>
    <Point X="366" Y="254"/>
    <Point X="376" Y="253"/>
    <Point X="387" Y="252"/>
    <Point X="399" Y="252"/>
    <Point X="411" Y="252"/>
    <Point X="422" Y="252"/>
    <Point X="431" Y="252"/>
    <Point X="438" Y="252"/>
    <Point X="442" Y="252"/>
    <Point X="445" Y="252"/>
    <Point X="444" Y="252"/>
    <Point X="444" Y="253"/>
    <Point X="442" Y="254"/>
    <Point X="441" Y="255"/>
    <Point X="438" Y="257"/>
    <Point X="435" Y="260"/>
    <Point X="430" Y="264"/>
    <Point X="423" Y="269"/>
    <Point X="416" Y="274"/>
    <Point X="409" Y="280"/>
    <Point X="401" Y="286"/>
    <Point X="393" Y="292"/>
    <Point X="385" Y="298"/>
    <Point X="378" Y="303"/>
    <Point X="371" Y="309"/>
    <Point X="365" Y="313"/>
    <Point X="358" Y="316"/>
    <Point X="353" Y="319"/>
    <Point X="350" Y="321"/>
    <Point X="347" Y="322"/>
    <Point X="346" Y="323"/>
    <Point X="345" Y="324"/>
    <Point X="344" Y="324"/>
    <Point X="343" Y="325"/>
</Gesture>
