<?xml version="1.0" ?>
<Gesture Name="04" Subject="2" Number="4" NumPts="118">
    <Point X="357" Y="328"/>
    <Point X="358" Y="328"/>
    <Point X="359" Y="328"/>
    <Point X="360" Y="328"/>
    <Point X="362" Y="327"/>
    <Point X="363" Y="325"/>
    <Point X="364" Y="323"/>
    <Point X="367" Y="320"/>
    <Point X="370" Y="315"/>
    <Point X="373" Y="309"/>
    <Point X="377" Y="302"/>
    <Point X="382" Y="294"/>
    <Point X="386" Y="286"/>
    <Point X="390" Y="276"/>
    <Point X="394" Y="266"/>
    <Point X="397" Y="257"/>
    <Point X="400" Y="248"/>
    <Point X="403" Y="239"/>
    <Point X="406" Y="231"/>
    <Point X="408" Y="223"/>
    <Point X="409" Y="216"/>
    <Point X="411" Y="211"/>
    <Point X="412" Y="204"/>
    <Point X="413" Y="199"/>
    <Point X="414" Y="194"/>
    <Point X="415" Y="191"/>
    <Point X="415" Y="189"/>
    <Point X="416" Y="188"/>
    <Point X="416" Y="189"/>
    <Point X="416" Y="190"/>
    <Point X="416" Y="193"/>
    <Point X="417" Y="199"/>
    <Point X="418" Y="206"/>
    <Point X="420" Y="214"/>
    <Point X="422" Y="224"/>
    <Point X="424" Y="235"/>
    <Point X="427" Y="246"/>
    <Point X="430" Y="259"/>
    <Point X="432" Y="272"/>
    <Point X="434" Y="283"/>
    <Point X="437" Y="295"/>
    <Point X="439" Y="306"/>
    <Point X="441" Y="315"/>
    <Point X="442" Y="323"/>
    <Point X="442" Y="329"/>
    <Point X="443" Y="333"/>
    <Point X="444" Y="337"/>
    <Point X="445" Y="340"/>
    <Point X="445" Y="344"/>
    <Point X="444" Y="342"/>
    <Point X="443" Y="341"/>
    <Point X="442" Y="339"/>
    <Point X="439" Y="334"/>
    <Point X="435" Y="330"/>
    <Point X="430" Y="323"/>
    <Point X="423" Y="317"/>
    <Point X="416" Y="309"/>
    <Point X="409" Y="303"/>
    <Point X="401" Y="297"/>
    <Point X="393" Y="291"/>
    <Point X="385" Y="285"/>
    <Point X="379" Y="280"/>
    <Point X="373" Y="276"/>
    <Point X="367" Y="272"/>
    <Point X="363" Y="269"/>
    <Point X="358" Y="267"/>
    <Point X="355" Y="264"/>
    <Point X="352" Y="262"/>
    <Point X="350" Y="261"/>
    <Point X="349" Y="261"/>
    <Point X="348" Y="259"/>
    <Point X="347" Y="259"/>
    <Point X="349" Y="259"/>
    <Point X="350" Y="259"/>
    <Point X="354" Y="259"/>
    <Point X="360" Y="259"/>
    <Point X="368" Y="259"/>
    <Point X="378" Y="259"/>
    <Point X="390" Y="259"/>
    <Point X="402" Y="259"/>
    <Point X="414" Y="260"/>
    <Point X="427" Y="260"/>
    <Point X="437" Y="260"/>
    <Point X="446" Y="260"/>
    <Point X="454" Y="259"/>
    <Point X="461" Y="258"/>
    <Point X="466" Y="258"/>
    <Point X="470" Y="257"/>
    <Point X="470" Y="256"/>
    <Point X="471" Y="256"/>
    <Point X="471" Y="255"/>
    <Point X="471" Y="254"/>
    <Point X="468" Y="254"/>
    <Point X="467" Y="255"/>
    <Point X="464" Y="256"/>
    <Point X="460" Y="257"/>
    <Point X="455" Y="260"/>
    <Point X="450" Y="263"/>
    <Point X="444" Y="267"/>
    <Point X="437" Y="272"/>
    <Point X="429" Y="277"/>
    <Point X="422" Y="281"/>
    <Point X="415" Y="286"/>
    <Point X="408" Y="291"/>
    <Point X="401" Y="295"/>
    <Point X="393" Y="299"/>
    <Point X="386" Y="303"/>
    <Point X="379" Y="307"/>
    <Point X="374" Y="309"/>
    <Point X="369" Y="311"/>
    <Point X="366" Y="313"/>
    <Point X="363" Y="315"/>
    <Point X="360" Y="316"/>
    <Point X="357" Y="317"/>
    <Point X="355" Y="318"/>
    <Point X="354" Y="319"/>
    <Point X="353" Y="319"/>
    <Point X="352" Y="320"/>
</Gesture>
