<?xml version="1.0" ?>
<Gesture Name="10" Subject="2" Number="10" NumPts="99">
    <Point X="352" Y="357"/>
    <Point X="352" Y="356"/>
    <Point X="353" Y="354"/>
    <Point X="353" Y="352"/>
    <Point X="354" Y="348"/>
    <Point X="354" Y="343"/>
    <Point X="356" Y="336"/>
    <Point X="357" Y="327"/>
    <Point X="358" Y="316"/>
    <Point X="360" Y="304"/>
    <Point X="361" Y="290"/>
    <Point X="362" Y="275"/>
    <Point X="363" Y="260"/>
    <Point X="363" Y="246"/>
    <Point X="365" Y="235"/>
    <Point X="366" Y="225"/>
    <Point X="367" Y="217"/>
    <Point X="368" Y="211"/>
    <Point X="370" Y="205"/>
    <Point X="372" Y="201"/>
    <Point X="373" Y="200"/>
    <Point X="375" Y="202"/>
    <Point X="376" Y="203"/>
    <Point X="377" Y="207"/>
    <Point X="381" Y="213"/>
    <Point X="384" Y="220"/>
    <Point X="388" Y="231"/>
    <Point X="393" Y="242"/>
    <Point X="398" Y="255"/>
    <Point X="404" Y="271"/>
    <Point X="411" Y="286"/>
    <Point X="417" Y="302"/>
    <Point X="423" Y="316"/>
    <Point X="429" Y="329"/>
    <Point X="434" Y="339"/>
    <Point X="438" Y="347"/>
    <Point X="441" Y="353"/>
    <Point X="442" Y="357"/>
    <Point X="442" Y="356"/>
    <Point X="442" Y="355"/>
    <Point X="441" Y="353"/>
    <Point X="438" Y="350"/>
    <Point X="436" Y="347"/>
    <Point X="432" Y="344"/>
    <Point X="428" Y="340"/>
    <Point X="422" Y="336"/>
    <Point X="416" Y="331"/>
    <Point X="408" Y="327"/>
    <Point X="399" Y="321"/>
    <Point X="389" Y="316"/>
    <Point X="379" Y="310"/>
    <Point X="368" Y="305"/>
    <Point X="358" Y="300"/>
    <Point X="349" Y="296"/>
    <Point X="341" Y="294"/>
    <Point X="335" Y="291"/>
    <Point X="331" Y="290"/>
    <Point X="328" Y="288"/>
    <Point X="325" Y="287"/>
    <Point X="325" Y="286"/>
    <Point X="325" Y="285"/>
    <Point X="326" Y="283"/>
    <Point X="328" Y="282"/>
    <Point X="330" Y="281"/>
    <Point X="334" Y="280"/>
    <Point X="340" Y="278"/>
    <Point X="347" Y="276"/>
    <Point X="357" Y="274"/>
    <Point X="370" Y="272"/>
    <Point X="382" Y="271"/>
    <Point X="394" Y="270"/>
    <Point X="407" Y="270"/>
    <Point X="418" Y="270"/>
    <Point X="429" Y="270"/>
    <Point X="437" Y="270"/>
    <Point X="443" Y="270"/>
    <Point X="441" Y="270"/>
    <Point X="439" Y="270"/>
    <Point X="436" Y="270"/>
    <Point X="432" Y="272"/>
    <Point X="429" Y="274"/>
    <Point X="424" Y="276"/>
    <Point X="419" Y="279"/>
    <Point X="414" Y="283"/>
    <Point X="408" Y="288"/>
    <Point X="402" Y="293"/>
    <Point X="395" Y="300"/>
    <Point X="388" Y="307"/>
    <Point X="381" Y="316"/>
    <Point X="372" Y="324"/>
    <Point X="365" Y="333"/>
    <Point X="358" Y="341"/>
    <Point X="351" Y="348"/>
    <Point X="345" Y="354"/>
    <Point X="339" Y="360"/>
    <Point X="334" Y="365"/>
    <Point X="331" Y="369"/>
    <Point X="329" Y="371"/>
    <Point X="328" Y="372"/>
</Gesture>
