<?xml version="1.0" ?>
<Gesture Name="09" Subject="2" Number="9" NumPts="98">
    <Point X="326" Y="363"/>
    <Point X="327" Y="362"/>
    <Point X="327" Y="361"/>
    <Point X="328" Y="358"/>
    <Point X="329" Y="352"/>
    <Point X="331" Y="346"/>
    <Point X="334" Y="338"/>
    <Point X="337" Y="327"/>
    <Point X="339" Y="314"/>
    <Point X="342" Y="301"/>
    <Point X="345" Y="288"/>
    <Point X="348" Y="274"/>
    <Point X="351" Y="261"/>
    <Point X="353" Y="248"/>
    <Point X="355" Y="237"/>
    <Point X="357" Y="227"/>
    <Point X="358" Y="218"/>
    <Point X="360" Y="211"/>
    <Point X="361" Y="205"/>
    <Point X="362" Y="202"/>
    <Point X="363" Y="202"/>
    <Point X="365" Y="204"/>
    <Point X="365" Y="205"/>
    <Point X="367" Y="210"/>
    <Point X="370" Y="217"/>
    <Point X="374" Y="227"/>
    <Point X="379" Y="239"/>
    <Point X="384" Y="251"/>
    <Point X="389" Y="263"/>
    <Point X="393" Y="275"/>
    <Point X="396" Y="285"/>
    <Point X="399" Y="294"/>
    <Point X="401" Y="303"/>
    <Point X="403" Y="310"/>
    <Point X="404" Y="316"/>
    <Point X="405" Y="320"/>
    <Point X="406" Y="324"/>
    <Point X="407" Y="326"/>
    <Point X="407" Y="327"/>
    <Point X="406" Y="326"/>
    <Point X="404" Y="324"/>
    <Point X="403" Y="323"/>
    <Point X="400" Y="319"/>
    <Point X="396" Y="316"/>
    <Point X="391" Y="311"/>
    <Point X="384" Y="307"/>
    <Point X="376" Y="302"/>
    <Point X="366" Y="296"/>
    <Point X="354" Y="291"/>
    <Point X="343" Y="286"/>
    <Point X="332" Y="282"/>
    <Point X="322" Y="279"/>
    <Point X="314" Y="276"/>
    <Point X="307" Y="274"/>
    <Point X="301" Y="272"/>
    <Point X="297" Y="271"/>
    <Point X="293" Y="270"/>
    <Point X="292" Y="270"/>
    <Point X="293" Y="269"/>
    <Point X="296" Y="268"/>
    <Point X="300" Y="267"/>
    <Point X="306" Y="264"/>
    <Point X="313" Y="262"/>
    <Point X="323" Y="259"/>
    <Point X="334" Y="256"/>
    <Point X="347" Y="252"/>
    <Point X="360" Y="248"/>
    <Point X="373" Y="245"/>
    <Point X="384" Y="243"/>
    <Point X="393" Y="241"/>
    <Point X="400" Y="240"/>
    <Point X="404" Y="240"/>
    <Point X="407" Y="239"/>
    <Point X="406" Y="241"/>
    <Point X="406" Y="242"/>
    <Point X="405" Y="244"/>
    <Point X="403" Y="248"/>
    <Point X="400" Y="253"/>
    <Point X="397" Y="258"/>
    <Point X="393" Y="265"/>
    <Point X="389" Y="272"/>
    <Point X="384" Y="279"/>
    <Point X="379" Y="287"/>
    <Point X="373" Y="296"/>
    <Point X="367" Y="304"/>
    <Point X="361" Y="312"/>
    <Point X="354" Y="321"/>
    <Point X="349" Y="329"/>
    <Point X="343" Y="336"/>
    <Point X="337" Y="344"/>
    <Point X="332" Y="350"/>
    <Point X="327" Y="355"/>
    <Point X="323" Y="360"/>
    <Point X="319" Y="364"/>
    <Point X="316" Y="368"/>
    <Point X="314" Y="370"/>
    <Point X="314" Y="371"/>
    <Point X="313" Y="372"/>
</Gesture>
