<?xml version="1.0" ?>
<Gesture Name="02" Subject="2" Number="2" NumPts="119">
    <Point X="348" Y="328"/>
    <Point X="349" Y="328"/>
    <Point X="350" Y="328"/>
    <Point X="351" Y="328"/>
    <Point X="351" Y="327"/>
    <Point X="352" Y="324"/>
    <Point X="354" Y="320"/>
    <Point X="356" Y="316"/>
    <Point X="358" Y="309"/>
    <Point X="361" Y="302"/>
    <Point X="363" Y="293"/>
    <Point X="365" Y="283"/>
    <Point X="367" Y="274"/>
    <Point X="369" Y="264"/>
    <Point X="371" Y="253"/>
    <Point X="373" Y="243"/>
    <Point X="375" Y="234"/>
    <Point X="377" Y="225"/>
    <Point X="378" Y="217"/>
    <Point X="380" Y="210"/>
    <Point X="382" Y="204"/>
    <Point X="384" Y="198"/>
    <Point X="386" Y="195"/>
    <Point X="387" Y="191"/>
    <Point X="389" Y="188"/>
    <Point X="390" Y="186"/>
    <Point X="392" Y="184"/>
    <Point X="393" Y="185"/>
    <Point X="393" Y="186"/>
    <Point X="394" Y="191"/>
    <Point X="396" Y="196"/>
    <Point X="398" Y="204"/>
    <Point X="401" Y="213"/>
    <Point X="404" Y="222"/>
    <Point X="408" Y="232"/>
    <Point X="411" Y="242"/>
    <Point X="414" Y="252"/>
    <Point X="417" Y="262"/>
    <Point X="420" Y="272"/>
    <Point X="422" Y="281"/>
    <Point X="424" Y="290"/>
    <Point X="425" Y="296"/>
    <Point X="426" Y="303"/>
    <Point X="426" Y="309"/>
    <Point X="426" Y="313"/>
    <Point X="426" Y="315"/>
    <Point X="425" Y="315"/>
    <Point X="425" Y="314"/>
    <Point X="423" Y="313"/>
    <Point X="421" Y="310"/>
    <Point X="420" Y="309"/>
    <Point X="417" Y="306"/>
    <Point X="414" Y="302"/>
    <Point X="410" Y="298"/>
    <Point X="405" Y="293"/>
    <Point X="399" Y="288"/>
    <Point X="394" Y="283"/>
    <Point X="389" Y="278"/>
    <Point X="384" Y="273"/>
    <Point X="378" Y="268"/>
    <Point X="372" Y="264"/>
    <Point X="367" Y="260"/>
    <Point X="362" Y="256"/>
    <Point X="357" Y="252"/>
    <Point X="353" Y="249"/>
    <Point X="349" Y="246"/>
    <Point X="346" Y="244"/>
    <Point X="344" Y="243"/>
    <Point X="342" Y="242"/>
    <Point X="341" Y="241"/>
    <Point X="339" Y="240"/>
    <Point X="337" Y="239"/>
    <Point X="336" Y="239"/>
    <Point X="335" Y="238"/>
    <Point X="336" Y="237"/>
    <Point X="338" Y="237"/>
    <Point X="340" Y="237"/>
    <Point X="344" Y="237"/>
    <Point X="352" Y="237"/>
    <Point X="360" Y="237"/>
    <Point X="370" Y="237"/>
    <Point X="381" Y="237"/>
    <Point X="393" Y="238"/>
    <Point X="403" Y="238"/>
    <Point X="413" Y="239"/>
    <Point X="422" Y="239"/>
    <Point X="430" Y="239"/>
    <Point X="437" Y="239"/>
    <Point X="443" Y="239"/>
    <Point X="447" Y="239"/>
    <Point X="448" Y="239"/>
    <Point X="447" Y="239"/>
    <Point X="446" Y="239"/>
    <Point X="444" Y="239"/>
    <Point X="443" Y="239"/>
    <Point X="441" Y="240"/>
    <Point X="437" Y="241"/>
    <Point X="432" Y="244"/>
    <Point X="427" Y="247"/>
    <Point X="423" Y="250"/>
    <Point X="417" Y="255"/>
    <Point X="411" Y="261"/>
    <Point X="405" Y="266"/>
    <Point X="397" Y="272"/>
    <Point X="391" Y="277"/>
    <Point X="385" Y="283"/>
    <Point X="379" Y="288"/>
    <Point X="373" Y="294"/>
    <Point X="366" Y="300"/>
    <Point X="360" Y="306"/>
    <Point X="354" Y="311"/>
    <Point X="348" Y="316"/>
    <Point X="342" Y="321"/>
    <Point X="337" Y="324"/>
    <Point X="333" Y="327"/>
    <Point X="329" Y="330"/>
    <Point X="328" Y="331"/>
    <Point X="327" Y="332"/>
    <Point X="327" Y="333"/>
</Gesture>
