<?xml version="1.0" ?>
<Gesture Name="01" Subject="2" Number="1" NumPts="120">
    <Point X="330" Y="326"/>
    <Point X="330" Y="327"/>
    <Point X="330" Y="328"/>
    <Point X="331" Y="328"/>
    <Point X="332" Y="327"/>
    <Point X="333" Y="326"/>
    <Point X="335" Y="323"/>
    <Point X="339" Y="317"/>
    <Point X="342" Y="311"/>
    <Point X="348" Y="304"/>
    <Point X="353" Y="296"/>
    <Point X="359" Y="288"/>
    <Point X="365" Y="279"/>
    <Point X="371" Y="270"/>
    <Point X="377" Y="260"/>
    <Point X="383" Y="250"/>
    <Point X="389" Y="239"/>
    <Point X="394" Y="229"/>
    <Point X="399" Y="218"/>
    <Point X="403" Y="207"/>
    <Point X="406" Y="198"/>
    <Point X="409" Y="190"/>
    <Point X="412" Y="183"/>
    <Point X="414" Y="176"/>
    <Point X="416" Y="171"/>
    <Point X="417" Y="166"/>
    <Point X="419" Y="163"/>
    <Point X="420" Y="162"/>
    <Point X="420" Y="163"/>
    <Point X="421" Y="166"/>
    <Point X="422" Y="172"/>
    <Point X="424" Y="181"/>
    <Point X="427" Y="192"/>
    <Point X="430" Y="202"/>
    <Point X="433" Y="214"/>
    <Point X="437" Y="226"/>
    <Point X="439" Y="239"/>
    <Point X="441" Y="251"/>
    <Point X="443" Y="262"/>
    <Point X="443" Y="271"/>
    <Point X="444" Y="279"/>
    <Point X="444" Y="286"/>
    <Point X="444" Y="293"/>
    <Point X="444" Y="299"/>
    <Point X="444" Y="303"/>
    <Point X="444" Y="306"/>
    <Point X="444" Y="309"/>
    <Point X="443" Y="309"/>
    <Point X="442" Y="307"/>
    <Point X="440" Y="303"/>
    <Point X="437" Y="300"/>
    <Point X="434" Y="295"/>
    <Point X="429" Y="290"/>
    <Point X="424" Y="285"/>
    <Point X="419" Y="279"/>
    <Point X="412" Y="274"/>
    <Point X="405" Y="268"/>
    <Point X="397" Y="262"/>
    <Point X="390" Y="256"/>
    <Point X="385" Y="251"/>
    <Point X="379" Y="247"/>
    <Point X="374" Y="243"/>
    <Point X="371" Y="240"/>
    <Point X="366" Y="237"/>
    <Point X="362" Y="235"/>
    <Point X="358" Y="232"/>
    <Point X="355" Y="231"/>
    <Point X="352" Y="229"/>
    <Point X="349" Y="228"/>
    <Point X="347" Y="226"/>
    <Point X="345" Y="226"/>
    <Point X="345" Y="225"/>
    <Point X="347" Y="225"/>
    <Point X="348" Y="225"/>
    <Point X="352" Y="225"/>
    <Point X="358" Y="225"/>
    <Point X="366" Y="225"/>
    <Point X="376" Y="225"/>
    <Point X="387" Y="225"/>
    <Point X="400" Y="225"/>
    <Point X="413" Y="225"/>
    <Point X="426" Y="225"/>
    <Point X="439" Y="225"/>
    <Point X="450" Y="225"/>
    <Point X="459" Y="225"/>
    <Point X="468" Y="225"/>
    <Point X="474" Y="225"/>
    <Point X="479" Y="225"/>
    <Point X="483" Y="225"/>
    <Point X="487" Y="224"/>
    <Point X="488" Y="224"/>
    <Point X="487" Y="225"/>
    <Point X="486" Y="225"/>
    <Point X="486" Y="226"/>
    <Point X="483" Y="227"/>
    <Point X="479" Y="230"/>
    <Point X="474" Y="233"/>
    <Point X="469" Y="237"/>
    <Point X="461" Y="242"/>
    <Point X="453" Y="247"/>
    <Point X="446" Y="252"/>
    <Point X="436" Y="258"/>
    <Point X="426" Y="264"/>
    <Point X="416" Y="270"/>
    <Point X="406" Y="277"/>
    <Point X="398" Y="283"/>
    <Point X="388" Y="289"/>
    <Point X="380" Y="294"/>
    <Point X="373" Y="297"/>
    <Point X="364" Y="300"/>
    <Point X="356" Y="301"/>
    <Point X="349" Y="303"/>
    <Point X="342" Y="304"/>
    <Point X="336" Y="305"/>
    <Point X="331" Y="307"/>
    <Point X="327" Y="307"/>
    <Point X="324" Y="308"/>
    <Point X="321" Y="309"/>
    <Point X="320" Y="310"/>
    <Point X="319" Y="310"/>
</Gesture>
