<?xml version="1.0" ?>
<Gesture Name="03" Subject="2" Number="3" NumPts="107">
    <Point X="358" Y="310"/>
    <Point X="360" Y="308"/>
    <Point X="362" Y="305"/>
    <Point X="363" Y="304"/>
    <Point X="365" Y="300"/>
    <Point X="367" Y="297"/>
    <Point X="371" Y="291"/>
    <Point X="375" Y="284"/>
    <Point X="379" Y="275"/>
    <Point X="383" Y="265"/>
    <Point X="387" Y="254"/>
    <Point X="391" Y="243"/>
    <Point X="394" Y="231"/>
    <Point X="397" Y="220"/>
    <Point X="400" Y="208"/>
    <Point X="403" Y="197"/>
    <Point X="405" Y="188"/>
    <Point X="407" Y="180"/>
    <Point X="409" Y="173"/>
    <Point X="410" Y="167"/>
    <Point X="411" Y="163"/>
    <Point X="412" Y="160"/>
    <Point X="412" Y="161"/>
    <Point X="413" Y="163"/>
    <Point X="414" Y="169"/>
    <Point X="416" Y="177"/>
    <Point X="418" Y="186"/>
    <Point X="420" Y="195"/>
    <Point X="422" Y="206"/>
    <Point X="424" Y="216"/>
    <Point X="426" Y="228"/>
    <Point X="429" Y="239"/>
    <Point X="431" Y="251"/>
    <Point X="433" Y="262"/>
    <Point X="434" Y="272"/>
    <Point X="435" Y="282"/>
    <Point X="436" Y="289"/>
    <Point X="437" Y="296"/>
    <Point X="438" Y="302"/>
    <Point X="438" Y="306"/>
    <Point X="439" Y="309"/>
    <Point X="438" Y="309"/>
    <Point X="437" Y="306"/>
    <Point X="434" Y="302"/>
    <Point X="431" Y="298"/>
    <Point X="429" Y="293"/>
    <Point X="422" Y="288"/>
    <Point X="416" Y="282"/>
    <Point X="409" Y="276"/>
    <Point X="404" Y="271"/>
    <Point X="398" Y="266"/>
    <Point X="392" Y="260"/>
    <Point X="386" Y="255"/>
    <Point X="381" Y="252"/>
    <Point X="375" Y="248"/>
    <Point X="370" Y="244"/>
    <Point X="366" Y="241"/>
    <Point X="361" Y="237"/>
    <Point X="358" Y="235"/>
    <Point X="355" Y="232"/>
    <Point X="355" Y="231"/>
    <Point X="353" Y="230"/>
    <Point X="353" Y="229"/>
    <Point X="355" Y="229"/>
    <Point X="357" Y="229"/>
    <Point X="361" Y="228"/>
    <Point X="367" Y="227"/>
    <Point X="374" Y="227"/>
    <Point X="383" Y="227"/>
    <Point X="393" Y="227"/>
    <Point X="403" Y="227"/>
    <Point X="415" Y="227"/>
    <Point X="426" Y="228"/>
    <Point X="438" Y="229"/>
    <Point X="448" Y="230"/>
    <Point X="458" Y="231"/>
    <Point X="465" Y="231"/>
    <Point X="470" Y="231"/>
    <Point X="471" Y="231"/>
    <Point X="470" Y="231"/>
    <Point X="469" Y="231"/>
    <Point X="466" Y="231"/>
    <Point X="463" Y="231"/>
    <Point X="459" Y="232"/>
    <Point X="455" Y="234"/>
    <Point X="449" Y="237"/>
    <Point X="443" Y="240"/>
    <Point X="436" Y="245"/>
    <Point X="428" Y="249"/>
    <Point X="421" Y="255"/>
    <Point X="413" Y="262"/>
    <Point X="405" Y="269"/>
    <Point X="398" Y="276"/>
    <Point X="391" Y="283"/>
    <Point X="384" Y="290"/>
    <Point X="377" Y="296"/>
    <Point X="372" Y="302"/>
    <Point X="366" Y="307"/>
    <Point X="362" Y="310"/>
    <Point X="359" Y="312"/>
    <Point X="359" Y="313"/>
    <Point X="358" Y="313"/>
    <Point X="358" Y="314"/>
    <Point X="357" Y="314"/>
    <Point X="357" Y="315"/>
    <Point X="357" Y="316"/>
    <Point X="356" Y="316"/>
</Gesture>
