<?xml version="1.0" ?>
<Gesture Name="07" Subject="2" Number="7" NumPts="113">
    <Point X="362" Y="330"/>
    <Point X="362" Y="331"/>
    <Point X="363" Y="331"/>
    <Point X="364" Y="330"/>
    <Point X="365" Y="328"/>
    <Point X="367" Y="325"/>
    <Point X="370" Y="320"/>
    <Point X="374" Y="312"/>
    <Point X="379" Y="304"/>
    <Point X="384" Y="293"/>
    <Point X="390" Y="281"/>
    <Point X="395" Y="269"/>
    <Point X="402" Y="257"/>
    <Point X="408" Y="247"/>
    <Point X="414" Y="238"/>
    <Point X="420" Y="231"/>
    <Point X="424" Y="223"/>
    <Point X="427" Y="218"/>
    <Point X="429" Y="212"/>
    <Point X="431" Y="208"/>
    <Point X="434" Y="204"/>
    <Point X="436" Y="200"/>
    <Point X="437" Y="197"/>
    <Point X="438" Y="197"/>
    <Point X="438" Y="196"/>
    <Point X="439" Y="196"/>
    <Point X="440" Y="198"/>
    <Point X="441" Y="198"/>
    <Point X="441" Y="202"/>
    <Point X="442" Y="207"/>
    <Point X="444" Y="214"/>
    <Point X="445" Y="222"/>
    <Point X="446" Y="231"/>
    <Point X="448" Y="242"/>
    <Point X="449" Y="252"/>
    <Point X="452" Y="264"/>
    <Point X="454" Y="276"/>
    <Point X="456" Y="288"/>
    <Point X="458" Y="299"/>
    <Point X="460" Y="308"/>
    <Point X="463" Y="315"/>
    <Point X="465" Y="322"/>
    <Point X="465" Y="327"/>
    <Point X="466" Y="330"/>
    <Point X="466" Y="331"/>
    <Point X="465" Y="330"/>
    <Point X="463" Y="329"/>
    <Point X="461" Y="327"/>
    <Point X="458" Y="324"/>
    <Point X="453" Y="320"/>
    <Point X="448" Y="315"/>
    <Point X="442" Y="309"/>
    <Point X="434" Y="304"/>
    <Point X="426" Y="297"/>
    <Point X="418" Y="290"/>
    <Point X="410" Y="283"/>
    <Point X="402" Y="277"/>
    <Point X="394" Y="271"/>
    <Point X="387" Y="265"/>
    <Point X="380" Y="260"/>
    <Point X="373" Y="255"/>
    <Point X="366" Y="251"/>
    <Point X="359" Y="246"/>
    <Point X="353" Y="242"/>
    <Point X="348" Y="240"/>
    <Point X="350" Y="242"/>
    <Point X="351" Y="242"/>
    <Point X="354" Y="243"/>
    <Point X="359" Y="244"/>
    <Point X="367" Y="244"/>
    <Point X="376" Y="246"/>
    <Point X="386" Y="246"/>
    <Point X="398" Y="246"/>
    <Point X="412" Y="247"/>
    <Point X="425" Y="247"/>
    <Point X="438" Y="247"/>
    <Point X="450" Y="247"/>
    <Point X="461" Y="247"/>
    <Point X="470" Y="247"/>
    <Point X="479" Y="247"/>
    <Point X="486" Y="247"/>
    <Point X="492" Y="247"/>
    <Point X="498" Y="247"/>
    <Point X="503" Y="247"/>
    <Point X="506" Y="247"/>
    <Point X="507" Y="247"/>
    <Point X="506" Y="247"/>
    <Point X="505" Y="248"/>
    <Point X="503" Y="248"/>
    <Point X="501" Y="250"/>
    <Point X="495" Y="252"/>
    <Point X="489" Y="255"/>
    <Point X="482" Y="259"/>
    <Point X="474" Y="263"/>
    <Point X="465" Y="268"/>
    <Point X="456" Y="272"/>
    <Point X="447" Y="278"/>
    <Point X="437" Y="283"/>
    <Point X="428" Y="289"/>
    <Point X="419" Y="294"/>
    <Point X="410" Y="299"/>
    <Point X="402" Y="304"/>
    <Point X="394" Y="307"/>
    <Point X="387" Y="311"/>
    <Point X="382" Y="314"/>
    <Point X="377" Y="316"/>
    <Point X="373" Y="317"/>
    <Point X="371" Y="319"/>
    <Point X="369" Y="320"/>
    <Point X="368" Y="321"/>
    <Point X="367" Y="321"/>
    <Point X="366" Y="321"/>
    <Point X="366" Y="322"/>
</Gesture>
