<?xml version="1.0" ?>
<Gesture Name="05" Subject="2" Number="5" NumPts="109">
    <Point X="379" Y="346"/>
    <Point X="380" Y="346"/>
    <Point X="381" Y="346"/>
    <Point X="384" Y="343"/>
    <Point X="384" Y="342"/>
    <Point X="386" Y="339"/>
    <Point X="389" Y="335"/>
    <Point X="392" Y="329"/>
    <Point X="396" Y="321"/>
    <Point X="400" Y="312"/>
    <Point X="405" Y="302"/>
    <Point X="410" Y="291"/>
    <Point X="415" Y="279"/>
    <Point X="419" Y="267"/>
    <Point X="424" Y="255"/>
    <Point X="427" Y="244"/>
    <Point X="430" Y="233"/>
    <Point X="434" Y="224"/>
    <Point X="436" Y="215"/>
    <Point X="438" Y="207"/>
    <Point X="439" Y="201"/>
    <Point X="441" Y="195"/>
    <Point X="441" Y="192"/>
    <Point X="442" Y="192"/>
    <Point X="443" Y="194"/>
    <Point X="444" Y="195"/>
    <Point X="445" Y="200"/>
    <Point X="447" Y="208"/>
    <Point X="449" Y="217"/>
    <Point X="452" Y="227"/>
    <Point X="454" Y="239"/>
    <Point X="457" Y="252"/>
    <Point X="460" Y="265"/>
    <Point X="462" Y="280"/>
    <Point X="463" Y="294"/>
    <Point X="464" Y="306"/>
    <Point X="465" Y="318"/>
    <Point X="466" Y="328"/>
    <Point X="466" Y="336"/>
    <Point X="466" Y="343"/>
    <Point X="466" Y="348"/>
    <Point X="466" Y="352"/>
    <Point X="466" Y="354"/>
    <Point X="466" Y="355"/>
    <Point X="464" Y="354"/>
    <Point X="463" Y="353"/>
    <Point X="462" Y="351"/>
    <Point X="460" Y="348"/>
    <Point X="457" Y="344"/>
    <Point X="453" Y="339"/>
    <Point X="449" Y="333"/>
    <Point X="444" Y="326"/>
    <Point X="439" Y="319"/>
    <Point X="434" Y="311"/>
    <Point X="427" Y="302"/>
    <Point X="420" Y="293"/>
    <Point X="413" Y="285"/>
    <Point X="405" Y="277"/>
    <Point X="397" Y="271"/>
    <Point X="389" Y="264"/>
    <Point X="381" Y="258"/>
    <Point X="375" Y="254"/>
    <Point X="369" Y="250"/>
    <Point X="365" Y="248"/>
    <Point X="364" Y="248"/>
    <Point X="364" Y="249"/>
    <Point X="366" Y="251"/>
    <Point X="367" Y="251"/>
    <Point X="370" Y="252"/>
    <Point X="376" Y="253"/>
    <Point X="384" Y="255"/>
    <Point X="394" Y="256"/>
    <Point X="405" Y="258"/>
    <Point X="418" Y="260"/>
    <Point X="431" Y="261"/>
    <Point X="444" Y="262"/>
    <Point X="457" Y="263"/>
    <Point X="467" Y="263"/>
    <Point X="477" Y="263"/>
    <Point X="484" Y="263"/>
    <Point X="491" Y="263"/>
    <Point X="498" Y="263"/>
    <Point X="503" Y="263"/>
    <Point X="508" Y="263"/>
    <Point X="510" Y="263"/>
    <Point X="510" Y="265"/>
    <Point X="509" Y="265"/>
    <Point X="507" Y="267"/>
    <Point X="505" Y="268"/>
    <Point X="502" Y="269"/>
    <Point X="498" Y="272"/>
    <Point X="493" Y="274"/>
    <Point X="485" Y="278"/>
    <Point X="478" Y="281"/>
    <Point X="469" Y="285"/>
    <Point X="460" Y="290"/>
    <Point X="450" Y="294"/>
    <Point X="441" Y="299"/>
    <Point X="431" Y="305"/>
    <Point X="421" Y="310"/>
    <Point X="410" Y="316"/>
    <Point X="401" Y="322"/>
    <Point X="393" Y="328"/>
    <Point X="387" Y="332"/>
    <Point X="381" Y="336"/>
    <Point X="378" Y="339"/>
    <Point X="377" Y="339"/>
    <Point X="377" Y="340"/>
    <Point X="377" Y="341"/>
</Gesture>
