<?xml version="1.0" ?>
<Gesture Name="08" Subject="2" Number="8" NumPts="109">
    <Point X="324" Y="363"/>
    <Point X="324" Y="364"/>
    <Point X="325" Y="364"/>
    <Point X="326" Y="361"/>
    <Point X="326" Y="359"/>
    <Point X="327" Y="356"/>
    <Point X="330" Y="351"/>
    <Point X="333" Y="344"/>
    <Point X="337" Y="336"/>
    <Point X="341" Y="326"/>
    <Point X="345" Y="314"/>
    <Point X="349" Y="302"/>
    <Point X="353" Y="290"/>
    <Point X="357" Y="276"/>
    <Point X="361" Y="263"/>
    <Point X="365" Y="251"/>
    <Point X="369" Y="239"/>
    <Point X="374" Y="228"/>
    <Point X="377" Y="218"/>
    <Point X="380" Y="209"/>
    <Point X="383" Y="202"/>
    <Point X="385" Y="197"/>
    <Point X="386" Y="196"/>
    <Point X="387" Y="196"/>
    <Point X="387" Y="198"/>
    <Point X="388" Y="202"/>
    <Point X="390" Y="209"/>
    <Point X="393" Y="218"/>
    <Point X="396" Y="230"/>
    <Point X="401" Y="244"/>
    <Point X="406" Y="259"/>
    <Point X="411" Y="276"/>
    <Point X="416" Y="292"/>
    <Point X="420" Y="307"/>
    <Point X="424" Y="320"/>
    <Point X="426" Y="331"/>
    <Point X="428" Y="341"/>
    <Point X="430" Y="349"/>
    <Point X="430" Y="354"/>
    <Point X="430" Y="355"/>
    <Point X="428" Y="355"/>
    <Point X="427" Y="355"/>
    <Point X="425" Y="353"/>
    <Point X="420" Y="352"/>
    <Point X="415" Y="349"/>
    <Point X="409" Y="345"/>
    <Point X="402" Y="341"/>
    <Point X="394" Y="336"/>
    <Point X="386" Y="331"/>
    <Point X="378" Y="327"/>
    <Point X="370" Y="321"/>
    <Point X="362" Y="316"/>
    <Point X="354" Y="311"/>
    <Point X="349" Y="308"/>
    <Point X="342" Y="304"/>
    <Point X="335" Y="299"/>
    <Point X="328" Y="295"/>
    <Point X="321" Y="290"/>
    <Point X="314" Y="286"/>
    <Point X="309" Y="283"/>
    <Point X="307" Y="280"/>
    <Point X="304" Y="278"/>
    <Point X="304" Y="277"/>
    <Point X="305" Y="277"/>
    <Point X="306" Y="277"/>
    <Point X="310" Y="277"/>
    <Point X="317" Y="276"/>
    <Point X="328" Y="275"/>
    <Point X="341" Y="275"/>
    <Point X="356" Y="274"/>
    <Point X="372" Y="273"/>
    <Point X="389" Y="273"/>
    <Point X="404" Y="272"/>
    <Point X="418" Y="271"/>
    <Point X="432" Y="271"/>
    <Point X="442" Y="271"/>
    <Point X="452" Y="271"/>
    <Point X="460" Y="270"/>
    <Point X="467" Y="270"/>
    <Point X="471" Y="269"/>
    <Point X="472" Y="269"/>
    <Point X="472" Y="270"/>
    <Point X="470" Y="272"/>
    <Point X="468" Y="275"/>
    <Point X="467" Y="276"/>
    <Point X="465" Y="278"/>
    <Point X="462" Y="281"/>
    <Point X="457" Y="284"/>
    <Point X="450" Y="289"/>
    <Point X="442" Y="293"/>
    <Point X="434" Y="299"/>
    <Point X="425" Y="303"/>
    <Point X="415" Y="309"/>
    <Point X="404" Y="314"/>
    <Point X="393" Y="320"/>
    <Point X="381" Y="325"/>
    <Point X="370" Y="329"/>
    <Point X="360" Y="334"/>
    <Point X="350" Y="338"/>
    <Point X="341" Y="342"/>
    <Point X="334" Y="345"/>
    <Point X="329" Y="347"/>
    <Point X="324" Y="348"/>
    <Point X="321" Y="349"/>
    <Point X="319" Y="350"/>
    <Point X="317" Y="351"/>
    <Point X="316" Y="351"/>
    <Point X="315" Y="351"/>
    <Point X="315" Y="352"/>
</Gesture>
