<?xml version="1.0" ?>
<Gesture Name="04" Subject="2" Number="4" NumPts="103">
    <Point X="377" Y="209"/>
    <Point X="376" Y="209"/>
    <Point X="375" Y="210"/>
    <Point X="374" Y="211"/>
    <Point X="373" Y="213"/>
    <Point X="372" Y="216"/>
    <Point X="370" Y="217"/>
    <Point X="369" Y="219"/>
    <Point X="367" Y="222"/>
    <Point X="364" Y="226"/>
    <Point X="361" Y="230"/>
    <Point X="357" Y="235"/>
    <Point X="353" Y="240"/>
    <Point X="350" Y="246"/>
    <Point X="345" Y="251"/>
    <Point X="341" Y="258"/>
    <Point X="336" Y="263"/>
    <Point X="332" Y="269"/>
    <Point X="328" Y="275"/>
    <Point X="323" Y="280"/>
    <Point X="320" Y="284"/>
    <Point X="316" Y="288"/>
    <Point X="312" Y="292"/>
    <Point X="309" Y="295"/>
    <Point X="305" Y="299"/>
    <Point X="303" Y="301"/>
    <Point X="300" Y="303"/>
    <Point X="297" Y="306"/>
    <Point X="295" Y="307"/>
    <Point X="294" Y="307"/>
    <Point X="294" Y="308"/>
    <Point X="293" Y="308"/>
    <Point X="294" Y="308"/>
    <Point X="297" Y="308"/>
    <Point X="302" Y="308"/>
    <Point X="309" Y="308"/>
    <Point X="317" Y="308"/>
    <Point X="326" Y="308"/>
    <Point X="335" Y="309"/>
    <Point X="345" Y="309"/>
    <Point X="354" Y="310"/>
    <Point X="363" Y="311"/>
    <Point X="372" Y="311"/>
    <Point X="381" Y="312"/>
    <Point X="391" Y="312"/>
    <Point X="399" Y="312"/>
    <Point X="407" Y="312"/>
    <Point X="415" Y="312"/>
    <Point X="421" Y="312"/>
    <Point X="427" Y="312"/>
    <Point X="432" Y="312"/>
    <Point X="437" Y="312"/>
    <Point X="442" Y="312"/>
    <Point X="446" Y="312"/>
    <Point X="448" Y="312"/>
    <Point X="450" Y="312"/>
    <Point X="451" Y="312"/>
    <Point X="452" Y="311"/>
    <Point X="452" Y="310"/>
    <Point X="451" Y="308"/>
    <Point X="450" Y="307"/>
    <Point X="447" Y="304"/>
    <Point X="446" Y="302"/>
    <Point X="444" Y="298"/>
    <Point X="440" Y="294"/>
    <Point X="437" Y="290"/>
    <Point X="433" Y="285"/>
    <Point X="429" Y="280"/>
    <Point X="426" Y="277"/>
    <Point X="422" Y="272"/>
    <Point X="419" Y="269"/>
    <Point X="416" Y="266"/>
    <Point X="414" Y="263"/>
    <Point X="411" Y="260"/>
    <Point X="409" Y="258"/>
    <Point X="407" Y="254"/>
    <Point X="404" Y="251"/>
    <Point X="402" Y="248"/>
    <Point X="400" Y="244"/>
    <Point X="398" Y="240"/>
    <Point X="395" Y="236"/>
    <Point X="392" Y="233"/>
    <Point X="389" Y="229"/>
    <Point X="386" Y="225"/>
    <Point X="385" Y="223"/>
    <Point X="383" Y="220"/>
    <Point X="381" Y="218"/>
    <Point X="380" Y="216"/>
    <Point X="379" Y="214"/>
    <Point X="378" Y="211"/>
    <Point X="377" Y="210"/>
    <Point X="376" Y="207"/>
    <Point X="376" Y="206"/>
    <Point X="375" Y="203"/>
    <Point X="374" Y="202"/>
    <Point X="374" Y="200"/>
    <Point X="374" Y="199"/>
    <Point X="373" Y="198"/>
    <Point X="373" Y="197"/>
    <Point X="373" Y="196"/>
    <Point X="373" Y="195"/>
    <Point X="372" Y="195"/>
    <Point X="372" Y="194"/>
</Gesture>
