<?xml version="1.0" ?>
<Gesture Name="08" Subject="2" Number="8" NumPts="93">
    <Point X="365" Y="234"/>
    <Point X="365" Y="236"/>
    <Point X="364" Y="238"/>
    <Point X="363" Y="239"/>
    <Point X="362" Y="240"/>
    <Point X="361" Y="243"/>
    <Point X="359" Y="246"/>
    <Point X="357" Y="249"/>
    <Point X="355" Y="252"/>
    <Point X="353" Y="255"/>
    <Point X="350" Y="259"/>
    <Point X="348" Y="264"/>
    <Point X="345" Y="268"/>
    <Point X="342" Y="273"/>
    <Point X="339" Y="277"/>
    <Point X="336" Y="281"/>
    <Point X="333" Y="285"/>
    <Point X="330" Y="288"/>
    <Point X="327" Y="291"/>
    <Point X="325" Y="294"/>
    <Point X="323" Y="297"/>
    <Point X="320" Y="300"/>
    <Point X="318" Y="302"/>
    <Point X="316" Y="303"/>
    <Point X="314" Y="305"/>
    <Point X="312" Y="307"/>
    <Point X="310" Y="308"/>
    <Point X="310" Y="309"/>
    <Point X="309" Y="309"/>
    <Point X="309" Y="310"/>
    <Point X="310" Y="310"/>
    <Point X="314" Y="310"/>
    <Point X="319" Y="310"/>
    <Point X="327" Y="310"/>
    <Point X="336" Y="310"/>
    <Point X="346" Y="310"/>
    <Point X="357" Y="310"/>
    <Point X="367" Y="310"/>
    <Point X="377" Y="310"/>
    <Point X="387" Y="310"/>
    <Point X="395" Y="310"/>
    <Point X="403" Y="310"/>
    <Point X="409" Y="309"/>
    <Point X="415" Y="309"/>
    <Point X="420" Y="308"/>
    <Point X="424" Y="307"/>
    <Point X="427" Y="307"/>
    <Point X="430" Y="306"/>
    <Point X="433" Y="306"/>
    <Point X="436" Y="306"/>
    <Point X="437" Y="305"/>
    <Point X="439" Y="305"/>
    <Point X="440" Y="305"/>
    <Point X="441" Y="305"/>
    <Point X="442" Y="305"/>
    <Point X="442" Y="304"/>
    <Point X="442" Y="302"/>
    <Point X="441" Y="300"/>
    <Point X="440" Y="298"/>
    <Point X="439" Y="297"/>
    <Point X="438" Y="295"/>
    <Point X="436" Y="291"/>
    <Point X="434" Y="289"/>
    <Point X="433" Y="287"/>
    <Point X="431" Y="284"/>
    <Point X="429" Y="281"/>
    <Point X="427" Y="279"/>
    <Point X="425" Y="276"/>
    <Point X="424" Y="274"/>
    <Point X="422" Y="271"/>
    <Point X="420" Y="270"/>
    <Point X="417" Y="267"/>
    <Point X="414" Y="264"/>
    <Point X="411" Y="261"/>
    <Point X="407" Y="259"/>
    <Point X="403" Y="257"/>
    <Point X="400" Y="254"/>
    <Point X="396" Y="253"/>
    <Point X="391" Y="251"/>
    <Point X="388" Y="249"/>
    <Point X="384" Y="248"/>
    <Point X="381" Y="247"/>
    <Point X="378" Y="246"/>
    <Point X="376" Y="245"/>
    <Point X="373" Y="244"/>
    <Point X="372" Y="244"/>
    <Point X="371" Y="244"/>
    <Point X="371" Y="243"/>
    <Point X="370" Y="243"/>
    <Point X="369" Y="243"/>
    <Point X="369" Y="242"/>
    <Point X="368" Y="242"/>
    <Point X="367" Y="241"/>
</Gesture>
