<?xml version="1.0" ?>
<Gesture Name="06" Subject="2" Number="6" NumPts="100">
    <Point X="377" Y="214"/>
    <Point X="377" Y="215"/>
    <Point X="376" Y="216"/>
    <Point X="375" Y="218"/>
    <Point X="374" Y="220"/>
    <Point X="373" Y="223"/>
    <Point X="371" Y="225"/>
    <Point X="371" Y="226"/>
    <Point X="370" Y="228"/>
    <Point X="369" Y="230"/>
    <Point X="366" Y="233"/>
    <Point X="364" Y="237"/>
    <Point X="360" Y="241"/>
    <Point X="357" Y="245"/>
    <Point X="353" Y="249"/>
    <Point X="350" Y="253"/>
    <Point X="346" Y="257"/>
    <Point X="342" Y="261"/>
    <Point X="339" Y="265"/>
    <Point X="334" Y="269"/>
    <Point X="330" Y="273"/>
    <Point X="327" Y="277"/>
    <Point X="323" Y="281"/>
    <Point X="319" Y="285"/>
    <Point X="316" Y="289"/>
    <Point X="312" Y="293"/>
    <Point X="309" Y="297"/>
    <Point X="307" Y="300"/>
    <Point X="305" Y="301"/>
    <Point X="303" Y="303"/>
    <Point X="302" Y="304"/>
    <Point X="303" Y="304"/>
    <Point X="304" Y="304"/>
    <Point X="308" Y="304"/>
    <Point X="314" Y="304"/>
    <Point X="322" Y="304"/>
    <Point X="332" Y="304"/>
    <Point X="344" Y="304"/>
    <Point X="356" Y="304"/>
    <Point X="366" Y="304"/>
    <Point X="377" Y="304"/>
    <Point X="387" Y="304"/>
    <Point X="396" Y="304"/>
    <Point X="405" Y="304"/>
    <Point X="412" Y="304"/>
    <Point X="418" Y="304"/>
    <Point X="423" Y="304"/>
    <Point X="426" Y="304"/>
    <Point X="430" Y="303"/>
    <Point X="433" Y="302"/>
    <Point X="437" Y="302"/>
    <Point X="439" Y="302"/>
    <Point X="441" Y="302"/>
    <Point X="443" Y="301"/>
    <Point X="444" Y="301"/>
    <Point X="444" Y="300"/>
    <Point X="444" Y="298"/>
    <Point X="444" Y="296"/>
    <Point X="443" Y="294"/>
    <Point X="442" Y="293"/>
    <Point X="441" Y="291"/>
    <Point X="440" Y="289"/>
    <Point X="438" Y="285"/>
    <Point X="436" Y="281"/>
    <Point X="434" Y="277"/>
    <Point X="431" Y="273"/>
    <Point X="428" Y="269"/>
    <Point X="424" Y="265"/>
    <Point X="422" Y="262"/>
    <Point X="419" Y="258"/>
    <Point X="416" Y="255"/>
    <Point X="414" Y="252"/>
    <Point X="411" Y="249"/>
    <Point X="408" Y="246"/>
    <Point X="405" Y="243"/>
    <Point X="402" Y="240"/>
    <Point X="400" Y="239"/>
    <Point X="398" Y="237"/>
    <Point X="397" Y="235"/>
    <Point X="395" Y="234"/>
    <Point X="393" Y="232"/>
    <Point X="392" Y="230"/>
    <Point X="390" Y="228"/>
    <Point X="389" Y="226"/>
    <Point X="388" Y="224"/>
    <Point X="386" Y="222"/>
    <Point X="385" Y="221"/>
    <Point X="384" Y="220"/>
    <Point X="384" Y="219"/>
    <Point X="383" Y="218"/>
    <Point X="383" Y="217"/>
    <Point X="381" Y="215"/>
    <Point X="381" Y="214"/>
    <Point X="380" Y="213"/>
    <Point X="379" Y="213"/>
    <Point X="379" Y="212"/>
    <Point X="378" Y="211"/>
    <Point X="377" Y="210"/>
    <Point X="376" Y="209"/>
    <Point X="375" Y="207"/>
</Gesture>
