<?xml version="1.0" ?>
<Gesture Name="09" Subject="2" Number="9" NumPts="130">
    <Point X="384" Y="222"/>
    <Point X="384" Y="223"/>
    <Point X="384" Y="224"/>
    <Point X="383" Y="227"/>
    <Point X="383" Y="229"/>
    <Point X="382" Y="231"/>
    <Point X="381" Y="233"/>
    <Point X="380" Y="235"/>
    <Point X="378" Y="239"/>
    <Point X="376" Y="243"/>
    <Point X="374" Y="247"/>
    <Point X="371" Y="252"/>
    <Point X="368" Y="258"/>
    <Point X="364" Y="264"/>
    <Point X="360" Y="270"/>
    <Point X="355" Y="278"/>
    <Point X="352" Y="285"/>
    <Point X="347" Y="291"/>
    <Point X="342" Y="298"/>
    <Point X="338" Y="305"/>
    <Point X="334" Y="311"/>
    <Point X="329" Y="317"/>
    <Point X="325" Y="322"/>
    <Point X="322" Y="325"/>
    <Point X="319" Y="327"/>
    <Point X="317" Y="329"/>
    <Point X="320" Y="329"/>
    <Point X="321" Y="328"/>
    <Point X="326" Y="328"/>
    <Point X="333" Y="327"/>
    <Point X="342" Y="326"/>
    <Point X="352" Y="324"/>
    <Point X="363" Y="322"/>
    <Point X="375" Y="322"/>
    <Point X="385" Y="321"/>
    <Point X="395" Y="321"/>
    <Point X="405" Y="321"/>
    <Point X="413" Y="321"/>
    <Point X="420" Y="321"/>
    <Point X="425" Y="321"/>
    <Point X="431" Y="321"/>
    <Point X="434" Y="321"/>
    <Point X="437" Y="321"/>
    <Point X="439" Y="321"/>
    <Point X="440" Y="321"/>
    <Point X="442" Y="321"/>
    <Point X="443" Y="321"/>
    <Point X="444" Y="321"/>
    <Point X="445" Y="321"/>
    <Point X="446" Y="321"/>
    <Point X="446" Y="320"/>
    <Point X="447" Y="320"/>
    <Point X="448" Y="320"/>
    <Point X="448" Y="319"/>
    <Point X="448" Y="318"/>
    <Point X="448" Y="316"/>
    <Point X="448" Y="314"/>
    <Point X="446" Y="311"/>
    <Point X="444" Y="309"/>
    <Point X="442" Y="306"/>
    <Point X="441" Y="305"/>
    <Point X="441" Y="304"/>
    <Point X="439" Y="302"/>
    <Point X="438" Y="299"/>
    <Point X="437" Y="296"/>
    <Point X="436" Y="294"/>
    <Point X="435" Y="291"/>
    <Point X="434" Y="288"/>
    <Point X="433" Y="286"/>
    <Point X="432" Y="283"/>
    <Point X="430" Y="281"/>
    <Point X="430" Y="279"/>
    <Point X="428" Y="276"/>
    <Point X="427" Y="274"/>
    <Point X="426" Y="272"/>
    <Point X="425" Y="271"/>
    <Point X="424" Y="268"/>
    <Point X="423" Y="267"/>
    <Point X="422" Y="264"/>
    <Point X="422" Y="263"/>
    <Point X="421" Y="262"/>
    <Point X="421" Y="260"/>
    <Point X="420" Y="259"/>
    <Point X="419" Y="257"/>
    <Point X="418" Y="255"/>
    <Point X="418" Y="254"/>
    <Point X="417" Y="252"/>
    <Point X="416" Y="250"/>
    <Point X="416" Y="249"/>
    <Point X="415" Y="246"/>
    <Point X="414" Y="245"/>
    <Point X="412" Y="243"/>
    <Point X="412" Y="242"/>
    <Point X="411" Y="241"/>
    <Point X="410" Y="241"/>
    <Point X="410" Y="240"/>
    <Point X="409" Y="239"/>
    <Point X="409" Y="238"/>
    <Point X="409" Y="237"/>
    <Point X="408" Y="237"/>
    <Point X="407" Y="236"/>
    <Point X="406" Y="234"/>
    <Point X="405" Y="233"/>
    <Point X="404" Y="231"/>
    <Point X="403" Y="231"/>
    <Point X="402" Y="230"/>
    <Point X="401" Y="230"/>
    <Point X="401" Y="229"/>
    <Point X="400" Y="229"/>
    <Point X="399" Y="227"/>
    <Point X="398" Y="227"/>
    <Point X="397" Y="227"/>
    <Point X="397" Y="226"/>
    <Point X="396" Y="226"/>
    <Point X="395" Y="226"/>
    <Point X="395" Y="225"/>
    <Point X="394" Y="225"/>
    <Point X="393" Y="225"/>
    <Point X="393" Y="224"/>
    <Point X="392" Y="224"/>
    <Point X="392" Y="223"/>
    <Point X="391" Y="223"/>
    <Point X="390" Y="222"/>
    <Point X="389" Y="222"/>
    <Point X="388" Y="222"/>
    <Point X="388" Y="221"/>
    <Point X="387" Y="221"/>
    <Point X="386" Y="221"/>
    <Point X="386" Y="220"/>
    <Point X="385" Y="220"/>
</Gesture>
