<?xml version="1.0" ?>
<Gesture Name="02" Subject="2" Number="2" NumPts="96">
    <Point X="364" Y="169"/>
    <Point X="363" Y="169"/>
    <Point X="361" Y="170"/>
    <Point X="359" Y="171"/>
    <Point X="357" Y="173"/>
    <Point X="356" Y="173"/>
    <Point X="354" Y="176"/>
    <Point X="351" Y="178"/>
    <Point X="348" Y="180"/>
    <Point X="346" Y="183"/>
    <Point X="343" Y="186"/>
    <Point X="339" Y="191"/>
    <Point X="334" Y="195"/>
    <Point X="330" Y="199"/>
    <Point X="326" Y="204"/>
    <Point X="321" Y="209"/>
    <Point X="317" Y="214"/>
    <Point X="313" Y="219"/>
    <Point X="308" Y="224"/>
    <Point X="305" Y="227"/>
    <Point X="301" Y="231"/>
    <Point X="299" Y="234"/>
    <Point X="296" Y="237"/>
    <Point X="294" Y="239"/>
    <Point X="293" Y="241"/>
    <Point X="291" Y="242"/>
    <Point X="292" Y="243"/>
    <Point X="294" Y="243"/>
    <Point X="296" Y="243"/>
    <Point X="300" Y="243"/>
    <Point X="307" Y="243"/>
    <Point X="315" Y="243"/>
    <Point X="324" Y="243"/>
    <Point X="334" Y="243"/>
    <Point X="346" Y="243"/>
    <Point X="358" Y="243"/>
    <Point X="369" Y="244"/>
    <Point X="380" Y="245"/>
    <Point X="390" Y="246"/>
    <Point X="397" Y="247"/>
    <Point X="404" Y="247"/>
    <Point X="410" Y="248"/>
    <Point X="415" Y="248"/>
    <Point X="418" Y="248"/>
    <Point X="420" Y="248"/>
    <Point X="420" Y="247"/>
    <Point X="420" Y="246"/>
    <Point X="420" Y="245"/>
    <Point X="420" Y="244"/>
    <Point X="420" Y="243"/>
    <Point X="420" Y="242"/>
    <Point X="419" Y="241"/>
    <Point X="419" Y="240"/>
    <Point X="419" Y="238"/>
    <Point X="418" Y="236"/>
    <Point X="417" Y="233"/>
    <Point X="416" Y="232"/>
    <Point X="416" Y="231"/>
    <Point X="415" Y="228"/>
    <Point X="413" Y="225"/>
    <Point X="411" Y="223"/>
    <Point X="409" Y="219"/>
    <Point X="407" Y="215"/>
    <Point X="404" Y="212"/>
    <Point X="401" Y="208"/>
    <Point X="399" Y="205"/>
    <Point X="396" Y="202"/>
    <Point X="393" Y="199"/>
    <Point X="390" Y="196"/>
    <Point X="388" Y="194"/>
    <Point X="385" Y="192"/>
    <Point X="383" Y="190"/>
    <Point X="380" Y="188"/>
    <Point X="377" Y="186"/>
    <Point X="375" Y="184"/>
    <Point X="374" Y="183"/>
    <Point X="372" Y="182"/>
    <Point X="371" Y="181"/>
    <Point X="371" Y="180"/>
    <Point X="370" Y="180"/>
    <Point X="369" Y="177"/>
    <Point X="367" Y="175"/>
    <Point X="366" Y="173"/>
    <Point X="365" Y="172"/>
    <Point X="363" Y="170"/>
    <Point X="362" Y="169"/>
    <Point X="362" Y="168"/>
    <Point X="360" Y="166"/>
    <Point X="359" Y="165"/>
    <Point X="359" Y="164"/>
    <Point X="358" Y="164"/>
    <Point X="358" Y="163"/>
    <Point X="357" Y="162"/>
    <Point X="357" Y="161"/>
    <Point X="356" Y="161"/>
    <Point X="356" Y="160"/>
</Gesture>
