<?xml version="1.0" ?>
<Gesture Name="01" Subject="2" Number="1" NumPts="118">
    <Point X="334" Y="97"/>
    <Point X="333" Y="99"/>
    <Point X="333" Y="100"/>
    <Point X="333" Y="102"/>
    <Point X="332" Y="104"/>
    <Point X="331" Y="105"/>
    <Point X="330" Y="108"/>
    <Point X="329" Y="110"/>
    <Point X="329" Y="111"/>
    <Point X="327" Y="113"/>
    <Point X="325" Y="116"/>
    <Point X="322" Y="119"/>
    <Point X="319" Y="123"/>
    <Point X="316" Y="127"/>
    <Point X="311" Y="132"/>
    <Point X="306" Y="137"/>
    <Point X="301" Y="143"/>
    <Point X="296" Y="149"/>
    <Point X="291" Y="155"/>
    <Point X="287" Y="160"/>
    <Point X="282" Y="166"/>
    <Point X="278" Y="172"/>
    <Point X="275" Y="177"/>
    <Point X="272" Y="181"/>
    <Point X="269" Y="185"/>
    <Point X="267" Y="188"/>
    <Point X="264" Y="191"/>
    <Point X="262" Y="195"/>
    <Point X="260" Y="197"/>
    <Point X="257" Y="199"/>
    <Point X="257" Y="200"/>
    <Point X="256" Y="200"/>
    <Point X="256" Y="201"/>
    <Point X="257" Y="201"/>
    <Point X="260" Y="201"/>
    <Point X="263" Y="201"/>
    <Point X="269" Y="201"/>
    <Point X="276" Y="201"/>
    <Point X="284" Y="201"/>
    <Point X="295" Y="201"/>
    <Point X="307" Y="201"/>
    <Point X="319" Y="201"/>
    <Point X="332" Y="201"/>
    <Point X="346" Y="201"/>
    <Point X="359" Y="201"/>
    <Point X="372" Y="201"/>
    <Point X="384" Y="201"/>
    <Point X="395" Y="201"/>
    <Point X="405" Y="201"/>
    <Point X="413" Y="201"/>
    <Point X="420" Y="201"/>
    <Point X="427" Y="200"/>
    <Point X="434" Y="200"/>
    <Point X="438" Y="199"/>
    <Point X="441" Y="199"/>
    <Point X="444" Y="199"/>
    <Point X="444" Y="198"/>
    <Point X="445" Y="198"/>
    <Point X="446" Y="198"/>
    <Point X="446" Y="197"/>
    <Point X="446" Y="196"/>
    <Point X="446" Y="195"/>
    <Point X="446" Y="193"/>
    <Point X="446" Y="192"/>
    <Point X="446" Y="190"/>
    <Point X="446" Y="188"/>
    <Point X="446" Y="186"/>
    <Point X="445" Y="184"/>
    <Point X="445" Y="183"/>
    <Point X="444" Y="181"/>
    <Point X="443" Y="179"/>
    <Point X="441" Y="176"/>
    <Point X="439" Y="172"/>
    <Point X="435" Y="168"/>
    <Point X="431" Y="164"/>
    <Point X="427" Y="159"/>
    <Point X="422" Y="155"/>
    <Point X="416" Y="150"/>
    <Point X="410" Y="145"/>
    <Point X="404" Y="141"/>
    <Point X="398" Y="137"/>
    <Point X="392" Y="133"/>
    <Point X="387" Y="129"/>
    <Point X="382" Y="127"/>
    <Point X="379" Y="125"/>
    <Point X="375" Y="123"/>
    <Point X="372" Y="120"/>
    <Point X="369" Y="118"/>
    <Point X="365" Y="116"/>
    <Point X="363" Y="115"/>
    <Point X="360" Y="112"/>
    <Point X="357" Y="111"/>
    <Point X="355" Y="109"/>
    <Point X="353" Y="109"/>
    <Point X="352" Y="107"/>
    <Point X="351" Y="106"/>
    <Point X="350" Y="106"/>
    <Point X="350" Y="105"/>
    <Point X="349" Y="105"/>
    <Point X="349" Y="104"/>
    <Point X="348" Y="103"/>
    <Point X="347" Y="103"/>
    <Point X="347" Y="102"/>
    <Point X="346" Y="101"/>
    <Point X="345" Y="100"/>
    <Point X="344" Y="100"/>
    <Point X="344" Y="99"/>
    <Point X="343" Y="99"/>
    <Point X="342" Y="99"/>
    <Point X="342" Y="98"/>
    <Point X="341" Y="98"/>
    <Point X="341" Y="97"/>
    <Point X="340" Y="97"/>
    <Point X="339" Y="97"/>
    <Point X="339" Y="96"/>
    <Point X="338" Y="96"/>
    <Point X="337" Y="96"/>
    <Point X="336" Y="96"/>
</Gesture>
