<?xml version="1.0" ?>
<Gesture Name="07" Subject="2" Number="7" NumPts="101">
    <Point X="373" Y="222"/>
    <Point X="372" Y="223"/>
    <Point X="371" Y="226"/>
    <Point X="370" Y="228"/>
    <Point X="368" Y="230"/>
    <Point X="367" Y="232"/>
    <Point X="365" Y="235"/>
    <Point X="363" Y="236"/>
    <Point X="361" Y="239"/>
    <Point X="359" Y="241"/>
    <Point X="356" Y="245"/>
    <Point X="354" Y="249"/>
    <Point X="350" Y="253"/>
    <Point X="346" Y="257"/>
    <Point X="343" Y="261"/>
    <Point X="339" Y="266"/>
    <Point X="335" Y="271"/>
    <Point X="331" Y="275"/>
    <Point X="327" Y="279"/>
    <Point X="324" Y="283"/>
    <Point X="320" Y="286"/>
    <Point X="317" Y="290"/>
    <Point X="314" Y="292"/>
    <Point X="311" Y="295"/>
    <Point X="309" Y="298"/>
    <Point X="307" Y="300"/>
    <Point X="306" Y="300"/>
    <Point X="306" Y="301"/>
    <Point X="309" Y="301"/>
    <Point X="310" Y="301"/>
    <Point X="314" Y="301"/>
    <Point X="321" Y="301"/>
    <Point X="330" Y="301"/>
    <Point X="340" Y="301"/>
    <Point X="350" Y="301"/>
    <Point X="360" Y="301"/>
    <Point X="371" Y="301"/>
    <Point X="381" Y="301"/>
    <Point X="391" Y="301"/>
    <Point X="400" Y="301"/>
    <Point X="408" Y="301"/>
    <Point X="414" Y="301"/>
    <Point X="420" Y="301"/>
    <Point X="425" Y="301"/>
    <Point X="430" Y="301"/>
    <Point X="434" Y="300"/>
    <Point X="438" Y="299"/>
    <Point X="441" Y="299"/>
    <Point X="443" Y="298"/>
    <Point X="446" Y="298"/>
    <Point X="447" Y="297"/>
    <Point X="449" Y="297"/>
    <Point X="450" Y="296"/>
    <Point X="450" Y="295"/>
    <Point X="450" Y="293"/>
    <Point X="449" Y="292"/>
    <Point X="448" Y="291"/>
    <Point X="448" Y="288"/>
    <Point X="446" Y="287"/>
    <Point X="445" Y="285"/>
    <Point X="445" Y="284"/>
    <Point X="443" Y="282"/>
    <Point X="441" Y="279"/>
    <Point X="439" Y="277"/>
    <Point X="436" Y="274"/>
    <Point X="433" Y="270"/>
    <Point X="430" Y="268"/>
    <Point X="427" Y="264"/>
    <Point X="424" Y="261"/>
    <Point X="422" Y="258"/>
    <Point X="420" Y="255"/>
    <Point X="418" Y="253"/>
    <Point X="416" Y="250"/>
    <Point X="415" Y="250"/>
    <Point X="414" Y="248"/>
    <Point X="412" Y="247"/>
    <Point X="410" Y="245"/>
    <Point X="408" Y="243"/>
    <Point X="406" Y="241"/>
    <Point X="403" Y="239"/>
    <Point X="401" Y="237"/>
    <Point X="399" Y="236"/>
    <Point X="396" Y="234"/>
    <Point X="393" Y="233"/>
    <Point X="389" Y="232"/>
    <Point X="385" Y="230"/>
    <Point X="381" Y="229"/>
    <Point X="378" Y="228"/>
    <Point X="376" Y="227"/>
    <Point X="374" Y="226"/>
    <Point X="373" Y="226"/>
    <Point X="373" Y="225"/>
    <Point X="372" Y="225"/>
    <Point X="371" Y="225"/>
    <Point X="371" Y="224"/>
    <Point X="370" Y="224"/>
    <Point X="369" Y="223"/>
    <Point X="368" Y="223"/>
    <Point X="368" Y="222"/>
    <Point X="367" Y="221"/>
    <Point X="366" Y="221"/>
</Gesture>
