<?xml version="1.0" ?>
<Gesture Name="10" Subject="2" Number="10" NumPts="124">
    <Point X="375" Y="181"/>
    <Point X="375" Y="182"/>
    <Point X="375" Y="183"/>
    <Point X="374" Y="185"/>
    <Point X="374" Y="187"/>
    <Point X="373" Y="187"/>
    <Point X="373" Y="189"/>
    <Point X="372" Y="191"/>
    <Point X="370" Y="193"/>
    <Point X="369" Y="195"/>
    <Point X="367" Y="198"/>
    <Point X="365" Y="201"/>
    <Point X="363" Y="203"/>
    <Point X="360" Y="207"/>
    <Point X="358" Y="209"/>
    <Point X="356" Y="212"/>
    <Point X="354" Y="215"/>
    <Point X="351" Y="219"/>
    <Point X="348" Y="222"/>
    <Point X="344" Y="226"/>
    <Point X="341" Y="230"/>
    <Point X="336" Y="235"/>
    <Point X="332" Y="240"/>
    <Point X="328" Y="244"/>
    <Point X="324" Y="249"/>
    <Point X="319" Y="254"/>
    <Point X="315" Y="257"/>
    <Point X="312" Y="261"/>
    <Point X="308" Y="263"/>
    <Point X="306" Y="266"/>
    <Point X="304" Y="267"/>
    <Point X="303" Y="267"/>
    <Point X="303" Y="268"/>
    <Point X="302" Y="268"/>
    <Point X="302" Y="269"/>
    <Point X="304" Y="269"/>
    <Point X="305" Y="269"/>
    <Point X="309" Y="269"/>
    <Point X="315" Y="269"/>
    <Point X="323" Y="269"/>
    <Point X="333" Y="269"/>
    <Point X="343" Y="269"/>
    <Point X="353" Y="269"/>
    <Point X="363" Y="269"/>
    <Point X="372" Y="269"/>
    <Point X="381" Y="269"/>
    <Point X="390" Y="269"/>
    <Point X="397" Y="269"/>
    <Point X="403" Y="269"/>
    <Point X="410" Y="269"/>
    <Point X="415" Y="268"/>
    <Point X="420" Y="267"/>
    <Point X="425" Y="267"/>
    <Point X="430" Y="267"/>
    <Point X="434" Y="267"/>
    <Point X="439" Y="267"/>
    <Point X="444" Y="266"/>
    <Point X="448" Y="266"/>
    <Point X="452" Y="266"/>
    <Point X="456" Y="266"/>
    <Point X="460" Y="266"/>
    <Point X="463" Y="266"/>
    <Point X="466" Y="266"/>
    <Point X="469" Y="266"/>
    <Point X="470" Y="266"/>
    <Point X="471" Y="265"/>
    <Point X="471" Y="264"/>
    <Point X="470" Y="263"/>
    <Point X="469" Y="262"/>
    <Point X="468" Y="260"/>
    <Point X="466" Y="258"/>
    <Point X="463" Y="256"/>
    <Point X="459" Y="253"/>
    <Point X="454" Y="250"/>
    <Point X="450" Y="247"/>
    <Point X="445" Y="245"/>
    <Point X="440" Y="242"/>
    <Point X="436" Y="239"/>
    <Point X="432" Y="237"/>
    <Point X="429" Y="235"/>
    <Point X="426" Y="233"/>
    <Point X="424" Y="231"/>
    <Point X="422" Y="230"/>
    <Point X="420" Y="228"/>
    <Point X="418" Y="226"/>
    <Point X="415" Y="224"/>
    <Point X="413" Y="222"/>
    <Point X="411" Y="221"/>
    <Point X="408" Y="220"/>
    <Point X="406" Y="218"/>
    <Point X="404" Y="217"/>
    <Point X="402" Y="215"/>
    <Point X="399" Y="214"/>
    <Point X="397" Y="212"/>
    <Point X="394" Y="211"/>
    <Point X="392" Y="210"/>
    <Point X="390" Y="208"/>
    <Point X="388" Y="207"/>
    <Point X="387" Y="206"/>
    <Point X="385" Y="204"/>
    <Point X="385" Y="203"/>
    <Point X="384" Y="202"/>
    <Point X="383" Y="201"/>
    <Point X="382" Y="200"/>
    <Point X="380" Y="198"/>
    <Point X="379" Y="197"/>
    <Point X="379" Y="196"/>
    <Point X="378" Y="196"/>
    <Point X="378" Y="195"/>
    <Point X="377" Y="193"/>
    <Point X="376" Y="192"/>
    <Point X="376" Y="191"/>
    <Point X="376" Y="190"/>
    <Point X="375" Y="190"/>
    <Point X="375" Y="189"/>
    <Point X="375" Y="188"/>
    <Point X="374" Y="188"/>
    <Point X="374" Y="187"/>
    <Point X="374" Y="186"/>
    <Point X="373" Y="185"/>
    <Point X="373" Y="184"/>
    <Point X="372" Y="183"/>
    <Point X="371" Y="182"/>
    <Point X="370" Y="180"/>
</Gesture>
