<?xml version="1.0" ?>
<Gesture Name="03" Subject="2" Number="3" NumPts="76">
    <Point X="360" Y="192"/>
    <Point X="359" Y="193"/>
    <Point X="358" Y="194"/>
    <Point X="356" Y="196"/>
    <Point X="354" Y="198"/>
    <Point X="352" Y="201"/>
    <Point X="350" Y="203"/>
    <Point X="348" Y="204"/>
    <Point X="346" Y="206"/>
    <Point X="344" Y="210"/>
    <Point X="340" Y="213"/>
    <Point X="337" Y="217"/>
    <Point X="334" Y="220"/>
    <Point X="331" Y="223"/>
    <Point X="328" Y="228"/>
    <Point X="326" Y="231"/>
    <Point X="323" Y="235"/>
    <Point X="320" Y="238"/>
    <Point X="317" Y="241"/>
    <Point X="315" Y="244"/>
    <Point X="313" Y="246"/>
    <Point X="311" Y="248"/>
    <Point X="309" Y="250"/>
    <Point X="307" Y="251"/>
    <Point X="306" Y="252"/>
    <Point X="305" Y="252"/>
    <Point X="305" Y="253"/>
    <Point X="306" Y="253"/>
    <Point X="308" Y="253"/>
    <Point X="313" Y="253"/>
    <Point X="320" Y="253"/>
    <Point X="330" Y="253"/>
    <Point X="340" Y="253"/>
    <Point X="351" Y="253"/>
    <Point X="363" Y="253"/>
    <Point X="374" Y="254"/>
    <Point X="385" Y="254"/>
    <Point X="394" Y="255"/>
    <Point X="401" Y="255"/>
    <Point X="407" Y="255"/>
    <Point X="412" Y="255"/>
    <Point X="416" Y="255"/>
    <Point X="418" Y="255"/>
    <Point X="420" Y="255"/>
    <Point X="421" Y="254"/>
    <Point X="420" Y="253"/>
    <Point X="419" Y="251"/>
    <Point X="418" Y="249"/>
    <Point X="417" Y="248"/>
    <Point X="416" Y="245"/>
    <Point X="414" Y="243"/>
    <Point X="412" Y="240"/>
    <Point X="409" Y="237"/>
    <Point X="407" Y="233"/>
    <Point X="404" Y="230"/>
    <Point X="401" Y="227"/>
    <Point X="398" Y="223"/>
    <Point X="395" Y="220"/>
    <Point X="392" Y="217"/>
    <Point X="389" Y="214"/>
    <Point X="386" Y="210"/>
    <Point X="381" Y="207"/>
    <Point X="379" Y="204"/>
    <Point X="377" Y="202"/>
    <Point X="374" Y="199"/>
    <Point X="372" Y="198"/>
    <Point X="370" Y="196"/>
    <Point X="367" Y="195"/>
    <Point X="365" Y="193"/>
    <Point X="363" Y="192"/>
    <Point X="361" Y="191"/>
    <Point X="359" Y="190"/>
    <Point X="358" Y="189"/>
    <Point X="357" Y="188"/>
    <Point X="356" Y="187"/>
    <Point X="356" Y="186"/>
</Gesture>
