<?xml version="1.0" ?>
<Gesture Name="05" Subject="2" Number="5" NumPts="106">
    <Point X="370" Y="210"/>
    <Point X="370" Y="211"/>
    <Point X="370" Y="212"/>
    <Point X="369" Y="214"/>
    <Point X="368" Y="215"/>
    <Point X="367" Y="217"/>
    <Point X="365" Y="220"/>
    <Point X="362" Y="224"/>
    <Point X="360" Y="227"/>
    <Point X="357" Y="231"/>
    <Point X="354" Y="235"/>
    <Point X="350" Y="240"/>
    <Point X="346" Y="245"/>
    <Point X="342" Y="249"/>
    <Point X="338" Y="253"/>
    <Point X="335" Y="257"/>
    <Point X="331" Y="262"/>
    <Point X="325" Y="268"/>
    <Point X="320" Y="273"/>
    <Point X="315" Y="278"/>
    <Point X="310" Y="282"/>
    <Point X="305" Y="287"/>
    <Point X="301" Y="291"/>
    <Point X="297" Y="294"/>
    <Point X="294" Y="297"/>
    <Point X="292" Y="299"/>
    <Point X="290" Y="300"/>
    <Point X="289" Y="302"/>
    <Point X="288" Y="303"/>
    <Point X="287" Y="303"/>
    <Point X="287" Y="304"/>
    <Point X="288" Y="304"/>
    <Point X="290" Y="304"/>
    <Point X="294" Y="304"/>
    <Point X="301" Y="304"/>
    <Point X="308" Y="304"/>
    <Point X="318" Y="304"/>
    <Point X="329" Y="304"/>
    <Point X="340" Y="304"/>
    <Point X="351" Y="304"/>
    <Point X="361" Y="304"/>
    <Point X="371" Y="304"/>
    <Point X="380" Y="304"/>
    <Point X="389" Y="304"/>
    <Point X="398" Y="304"/>
    <Point X="406" Y="304"/>
    <Point X="414" Y="304"/>
    <Point X="421" Y="304"/>
    <Point X="428" Y="304"/>
    <Point X="435" Y="304"/>
    <Point X="441" Y="304"/>
    <Point X="446" Y="304"/>
    <Point X="452" Y="304"/>
    <Point X="457" Y="304"/>
    <Point X="460" Y="304"/>
    <Point X="463" Y="304"/>
    <Point X="465" Y="304"/>
    <Point X="466" Y="304"/>
    <Point X="466" Y="303"/>
    <Point X="465" Y="301"/>
    <Point X="465" Y="300"/>
    <Point X="464" Y="300"/>
    <Point X="463" Y="298"/>
    <Point X="461" Y="295"/>
    <Point X="458" Y="292"/>
    <Point X="456" Y="288"/>
    <Point X="453" Y="285"/>
    <Point X="451" Y="281"/>
    <Point X="448" Y="277"/>
    <Point X="445" Y="273"/>
    <Point X="441" Y="269"/>
    <Point X="438" Y="265"/>
    <Point X="435" Y="262"/>
    <Point X="431" Y="257"/>
    <Point X="427" Y="253"/>
    <Point X="423" Y="250"/>
    <Point X="420" Y="246"/>
    <Point X="416" Y="243"/>
    <Point X="413" Y="239"/>
    <Point X="409" Y="235"/>
    <Point X="405" Y="232"/>
    <Point X="402" Y="228"/>
    <Point X="399" Y="225"/>
    <Point X="396" Y="222"/>
    <Point X="393" Y="220"/>
    <Point X="390" Y="218"/>
    <Point X="387" Y="216"/>
    <Point X="385" Y="215"/>
    <Point X="382" Y="212"/>
    <Point X="380" Y="211"/>
    <Point X="377" Y="210"/>
    <Point X="375" Y="209"/>
    <Point X="373" Y="208"/>
    <Point X="371" Y="206"/>
    <Point X="370" Y="206"/>
    <Point X="368" Y="204"/>
    <Point X="366" Y="203"/>
    <Point X="364" Y="201"/>
    <Point X="361" Y="200"/>
    <Point X="360" Y="198"/>
    <Point X="358" Y="197"/>
    <Point X="357" Y="197"/>
    <Point X="356" Y="196"/>
    <Point X="356" Y="195"/>
    <Point X="355" Y="195"/>
    <Point X="354" Y="194"/>
</Gesture>
