<?xml version="1.0" ?>
<Gesture Name="01" Subject="2" Number="1" NumPts="52">
    <Point X="263" Y="136"/>
    <Point X="263" Y="137"/>
    <Point X="265" Y="140"/>
    <Point X="268" Y="144"/>
    <Point X="272" Y="149"/>
    <Point X="277" Y="155"/>
    <Point X="282" Y="161"/>
    <Point X="287" Y="169"/>
    <Point X="294" Y="178"/>
    <Point X="300" Y="187"/>
    <Point X="307" Y="197"/>
    <Point X="314" Y="208"/>
    <Point X="320" Y="219"/>
    <Point X="327" Y="229"/>
    <Point X="333" Y="239"/>
    <Point X="339" Y="248"/>
    <Point X="344" Y="256"/>
    <Point X="348" Y="263"/>
    <Point X="351" Y="269"/>
    <Point X="354" Y="273"/>
    <Point X="355" Y="275"/>
    <Point X="357" Y="277"/>
    <Point X="357" Y="278"/>
    <Point X="358" Y="277"/>
    <Point X="360" Y="275"/>
    <Point X="363" Y="268"/>
    <Point X="367" Y="259"/>
    <Point X="371" Y="249"/>
    <Point X="376" Y="238"/>
    <Point X="380" Y="226"/>
    <Point X="385" Y="215"/>
    <Point X="390" Y="203"/>
    <Point X="395" Y="192"/>
    <Point X="399" Y="182"/>
    <Point X="402" Y="173"/>
    <Point X="405" Y="164"/>
    <Point X="407" Y="155"/>
    <Point X="409" Y="148"/>
    <Point X="411" Y="142"/>
    <Point X="413" Y="136"/>
    <Point X="415" Y="131"/>
    <Point X="417" Y="125"/>
    <Point X="418" Y="121"/>
    <Point X="418" Y="120"/>
    <Point X="419" Y="118"/>
    <Point X="419" Y="117"/>
    <Point X="419" Y="116"/>
    <Point X="419" Y="115"/>
    <Point X="419" Y="114"/>
    <Point X="419" Y="113"/>
    <Point X="419" Y="111"/>
    <Point X="418" Y="110"/>
</Gesture>
