<?xml version="1.0" ?>
<Gesture Name="02" Subject="2" Number="2" NumPts="48">
    <Point X="286" Y="143"/>
    <Point X="286" Y="144"/>
    <Point X="287" Y="146"/>
    <Point X="288" Y="152"/>
    <Point X="290" Y="159"/>
    <Point X="293" Y="166"/>
    <Point X="297" Y="176"/>
    <Point X="302" Y="186"/>
    <Point X="306" Y="196"/>
    <Point X="312" Y="207"/>
    <Point X="317" Y="218"/>
    <Point X="323" Y="228"/>
    <Point X="329" Y="240"/>
    <Point X="334" Y="251"/>
    <Point X="339" Y="261"/>
    <Point X="343" Y="270"/>
    <Point X="346" Y="279"/>
    <Point X="349" Y="285"/>
    <Point X="352" Y="290"/>
    <Point X="353" Y="293"/>
    <Point X="355" Y="295"/>
    <Point X="356" Y="295"/>
    <Point X="357" Y="295"/>
    <Point X="358" Y="294"/>
    <Point X="360" Y="291"/>
    <Point X="361" Y="289"/>
    <Point X="364" Y="285"/>
    <Point X="369" Y="279"/>
    <Point X="375" Y="271"/>
    <Point X="381" Y="261"/>
    <Point X="387" Y="251"/>
    <Point X="394" Y="240"/>
    <Point X="400" Y="229"/>
    <Point X="406" Y="217"/>
    <Point X="412" Y="205"/>
    <Point X="417" Y="194"/>
    <Point X="422" Y="184"/>
    <Point X="426" Y="174"/>
    <Point X="430" Y="165"/>
    <Point X="432" Y="157"/>
    <Point X="433" Y="150"/>
    <Point X="435" Y="145"/>
    <Point X="436" Y="140"/>
    <Point X="436" Y="137"/>
    <Point X="436" Y="135"/>
    <Point X="436" Y="133"/>
    <Point X="437" Y="133"/>
    <Point X="437" Y="132"/>
</Gesture>
