<?xml version="1.0" ?>
<Gesture Name="03" Subject="2" Number="3" NumPts="45">
    <Point X="295" Y="146"/>
    <Point X="295" Y="147"/>
    <Point X="296" Y="150"/>
    <Point X="298" Y="154"/>
    <Point X="301" Y="159"/>
    <Point X="306" Y="167"/>
    <Point X="310" Y="176"/>
    <Point X="316" Y="186"/>
    <Point X="322" Y="197"/>
    <Point X="328" Y="208"/>
    <Point X="334" Y="219"/>
    <Point X="340" Y="230"/>
    <Point X="346" Y="241"/>
    <Point X="351" Y="251"/>
    <Point X="356" Y="261"/>
    <Point X="360" Y="268"/>
    <Point X="364" Y="275"/>
    <Point X="367" Y="282"/>
    <Point X="369" Y="286"/>
    <Point X="369" Y="287"/>
    <Point X="370" Y="287"/>
    <Point X="371" Y="286"/>
    <Point X="373" Y="282"/>
    <Point X="375" Y="278"/>
    <Point X="379" Y="273"/>
    <Point X="384" Y="266"/>
    <Point X="388" Y="257"/>
    <Point X="394" Y="248"/>
    <Point X="399" Y="237"/>
    <Point X="405" Y="226"/>
    <Point X="410" Y="216"/>
    <Point X="415" Y="205"/>
    <Point X="419" Y="195"/>
    <Point X="424" Y="185"/>
    <Point X="427" Y="176"/>
    <Point X="431" Y="166"/>
    <Point X="435" Y="158"/>
    <Point X="438" Y="149"/>
    <Point X="440" Y="142"/>
    <Point X="442" Y="136"/>
    <Point X="443" Y="131"/>
    <Point X="444" Y="127"/>
    <Point X="444" Y="124"/>
    <Point X="445" Y="123"/>
    <Point X="445" Y="122"/>
</Gesture>
