<?xml version="1.0" ?>
<Gesture Name="04" Subject="2" Number="4" NumPts="41">
    <Point X="310" Y="158"/>
    <Point X="310" Y="161"/>
    <Point X="311" Y="162"/>
    <Point X="312" Y="165"/>
    <Point X="314" Y="171"/>
    <Point X="317" Y="178"/>
    <Point X="320" Y="187"/>
    <Point X="325" Y="198"/>
    <Point X="331" Y="210"/>
    <Point X="336" Y="223"/>
    <Point X="342" Y="236"/>
    <Point X="346" Y="249"/>
    <Point X="350" Y="261"/>
    <Point X="354" Y="272"/>
    <Point X="358" Y="282"/>
    <Point X="362" Y="290"/>
    <Point X="365" Y="297"/>
    <Point X="368" Y="302"/>
    <Point X="369" Y="302"/>
    <Point X="369" Y="301"/>
    <Point X="370" Y="297"/>
    <Point X="373" Y="291"/>
    <Point X="376" Y="284"/>
    <Point X="380" Y="275"/>
    <Point X="384" Y="265"/>
    <Point X="389" Y="254"/>
    <Point X="393" Y="243"/>
    <Point X="398" Y="231"/>
    <Point X="402" Y="219"/>
    <Point X="407" Y="207"/>
    <Point X="411" Y="195"/>
    <Point X="415" Y="185"/>
    <Point X="418" Y="175"/>
    <Point X="421" Y="165"/>
    <Point X="424" Y="158"/>
    <Point X="425" Y="151"/>
    <Point X="427" Y="146"/>
    <Point X="428" Y="141"/>
    <Point X="429" Y="137"/>
    <Point X="430" Y="135"/>
    <Point X="430" Y="134"/>
</Gesture>
