<?xml version="1.0" ?>
<Gesture Name="05" Subject="2" Number="5" NumPts="41">
    <Point X="327" Y="186"/>
    <Point X="327" Y="187"/>
    <Point X="327" Y="191"/>
    <Point X="329" Y="196"/>
    <Point X="331" Y="203"/>
    <Point X="335" Y="213"/>
    <Point X="340" Y="223"/>
    <Point X="344" Y="234"/>
    <Point X="349" Y="246"/>
    <Point X="355" Y="258"/>
    <Point X="360" Y="270"/>
    <Point X="365" Y="281"/>
    <Point X="370" Y="289"/>
    <Point X="374" Y="297"/>
    <Point X="378" Y="302"/>
    <Point X="381" Y="305"/>
    <Point X="383" Y="304"/>
    <Point X="383" Y="302"/>
    <Point X="385" Y="298"/>
    <Point X="387" Y="293"/>
    <Point X="391" Y="285"/>
    <Point X="396" Y="275"/>
    <Point X="401" Y="267"/>
    <Point X="405" Y="257"/>
    <Point X="410" Y="246"/>
    <Point X="415" Y="234"/>
    <Point X="418" Y="223"/>
    <Point X="422" Y="211"/>
    <Point X="424" Y="200"/>
    <Point X="426" Y="190"/>
    <Point X="428" Y="181"/>
    <Point X="428" Y="173"/>
    <Point X="429" Y="165"/>
    <Point X="429" Y="158"/>
    <Point X="430" Y="152"/>
    <Point X="431" Y="146"/>
    <Point X="431" Y="142"/>
    <Point X="431" Y="138"/>
    <Point X="431" Y="136"/>
    <Point X="432" Y="134"/>
    <Point X="432" Y="133"/>
</Gesture>
