<?xml version="1.0" ?>
<Gesture Name="06" Subject="2" Number="6" NumPts="40">
    <Point X="334" Y="163"/>
    <Point X="334" Y="165"/>
    <Point X="334" Y="168"/>
    <Point X="334" Y="173"/>
    <Point X="335" Y="181"/>
    <Point X="338" Y="190"/>
    <Point X="341" Y="201"/>
    <Point X="344" Y="212"/>
    <Point X="348" Y="223"/>
    <Point X="353" Y="235"/>
    <Point X="358" Y="245"/>
    <Point X="362" Y="254"/>
    <Point X="367" Y="263"/>
    <Point X="371" Y="271"/>
    <Point X="375" Y="278"/>
    <Point X="378" Y="284"/>
    <Point X="380" Y="287"/>
    <Point X="380" Y="288"/>
    <Point X="383" Y="286"/>
    <Point X="385" Y="284"/>
    <Point X="387" Y="282"/>
    <Point X="391" Y="278"/>
    <Point X="395" Y="272"/>
    <Point X="400" Y="264"/>
    <Point X="406" Y="254"/>
    <Point X="412" Y="244"/>
    <Point X="418" Y="233"/>
    <Point X="424" Y="222"/>
    <Point X="429" Y="211"/>
    <Point X="434" Y="200"/>
    <Point X="438" Y="190"/>
    <Point X="441" Y="181"/>
    <Point X="443" Y="174"/>
    <Point X="444" Y="167"/>
    <Point X="445" Y="160"/>
    <Point X="445" Y="156"/>
    <Point X="446" Y="152"/>
    <Point X="446" Y="149"/>
    <Point X="446" Y="147"/>
    <Point X="446" Y="146"/>
</Gesture>
