<?xml version="1.0" ?>
<Gesture Name="07" Subject="2" Number="7" NumPts="41">
    <Point X="317" Y="170"/>
    <Point X="317" Y="171"/>
    <Point X="318" Y="175"/>
    <Point X="320" Y="179"/>
    <Point X="323" Y="186"/>
    <Point X="328" Y="196"/>
    <Point X="332" Y="205"/>
    <Point X="339" Y="216"/>
    <Point X="345" Y="228"/>
    <Point X="352" Y="238"/>
    <Point X="358" Y="248"/>
    <Point X="363" Y="258"/>
    <Point X="368" Y="267"/>
    <Point X="372" Y="276"/>
    <Point X="376" Y="284"/>
    <Point X="379" Y="291"/>
    <Point X="382" Y="297"/>
    <Point X="384" Y="302"/>
    <Point X="385" Y="303"/>
    <Point X="386" Y="300"/>
    <Point X="387" Y="296"/>
    <Point X="390" Y="290"/>
    <Point X="393" Y="282"/>
    <Point X="396" Y="273"/>
    <Point X="400" Y="264"/>
    <Point X="404" Y="253"/>
    <Point X="408" Y="242"/>
    <Point X="412" Y="232"/>
    <Point X="416" Y="222"/>
    <Point X="419" Y="212"/>
    <Point X="422" Y="203"/>
    <Point X="425" Y="195"/>
    <Point X="428" Y="188"/>
    <Point X="429" Y="182"/>
    <Point X="431" Y="176"/>
    <Point X="433" Y="172"/>
    <Point X="434" Y="169"/>
    <Point X="435" Y="166"/>
    <Point X="436" Y="164"/>
    <Point X="436" Y="162"/>
    <Point X="437" Y="161"/>
</Gesture>
