<?xml version="1.0" ?>
<Gesture Name="08" Subject="2" Number="8" NumPts="38">
    <Point X="330" Y="190"/>
    <Point X="330" Y="193"/>
    <Point X="330" Y="198"/>
    <Point X="331" Y="204"/>
    <Point X="332" Y="212"/>
    <Point X="334" Y="221"/>
    <Point X="337" Y="231"/>
    <Point X="340" Y="241"/>
    <Point X="343" Y="251"/>
    <Point X="347" Y="261"/>
    <Point X="350" Y="270"/>
    <Point X="354" Y="279"/>
    <Point X="357" Y="285"/>
    <Point X="359" Y="291"/>
    <Point X="361" Y="295"/>
    <Point X="363" Y="298"/>
    <Point X="363" Y="299"/>
    <Point X="364" Y="299"/>
    <Point X="365" Y="299"/>
    <Point X="365" Y="298"/>
    <Point X="368" Y="295"/>
    <Point X="371" Y="290"/>
    <Point X="376" Y="284"/>
    <Point X="380" Y="277"/>
    <Point X="385" Y="269"/>
    <Point X="391" Y="261"/>
    <Point X="396" Y="251"/>
    <Point X="402" Y="242"/>
    <Point X="408" Y="232"/>
    <Point X="413" Y="223"/>
    <Point X="418" Y="214"/>
    <Point X="422" Y="204"/>
    <Point X="426" Y="197"/>
    <Point X="428" Y="190"/>
    <Point X="430" Y="184"/>
    <Point X="431" Y="180"/>
    <Point X="431" Y="178"/>
    <Point X="432" Y="177"/>
</Gesture>
