<?xml version="1.0" ?>
<Gesture Name="09" Subject="2" Number="9" NumPts="44">
    <Point X="340" Y="199"/>
    <Point X="340" Y="200"/>
    <Point X="341" Y="202"/>
    <Point X="342" Y="205"/>
    <Point X="345" Y="211"/>
    <Point X="348" Y="219"/>
    <Point X="353" Y="229"/>
    <Point X="358" Y="239"/>
    <Point X="363" Y="250"/>
    <Point X="369" Y="262"/>
    <Point X="376" Y="274"/>
    <Point X="382" Y="285"/>
    <Point X="388" Y="296"/>
    <Point X="393" Y="306"/>
    <Point X="398" Y="315"/>
    <Point X="401" Y="322"/>
    <Point X="404" Y="328"/>
    <Point X="405" Y="331"/>
    <Point X="405" Y="329"/>
    <Point X="406" Y="325"/>
    <Point X="408" Y="320"/>
    <Point X="411" Y="313"/>
    <Point X="415" Y="304"/>
    <Point X="419" Y="295"/>
    <Point X="423" Y="286"/>
    <Point X="427" Y="275"/>
    <Point X="432" Y="264"/>
    <Point X="437" Y="253"/>
    <Point X="442" Y="242"/>
    <Point X="446" Y="233"/>
    <Point X="449" Y="224"/>
    <Point X="451" Y="217"/>
    <Point X="454" Y="210"/>
    <Point X="456" Y="204"/>
    <Point X="458" Y="199"/>
    <Point X="459" Y="194"/>
    <Point X="460" Y="190"/>
    <Point X="460" Y="187"/>
    <Point X="461" Y="184"/>
    <Point X="462" Y="182"/>
    <Point X="462" Y="179"/>
    <Point X="462" Y="178"/>
    <Point X="463" Y="176"/>
    <Point X="463" Y="175"/>
</Gesture>
