<?xml version="1.0" ?>
<Gesture Name="10" Subject="2" Number="10" NumPts="45">
    <Point X="341" Y="182"/>
    <Point X="341" Y="184"/>
    <Point X="341" Y="185"/>
    <Point X="342" Y="186"/>
    <Point X="343" Y="189"/>
    <Point X="345" Y="194"/>
    <Point X="348" Y="200"/>
    <Point X="351" Y="208"/>
    <Point X="355" Y="218"/>
    <Point X="361" Y="229"/>
    <Point X="365" Y="242"/>
    <Point X="371" Y="254"/>
    <Point X="376" Y="266"/>
    <Point X="380" Y="277"/>
    <Point X="384" Y="288"/>
    <Point X="388" Y="297"/>
    <Point X="392" Y="306"/>
    <Point X="396" Y="314"/>
    <Point X="399" Y="319"/>
    <Point X="400" Y="317"/>
    <Point X="401" Y="314"/>
    <Point X="404" Y="310"/>
    <Point X="407" Y="304"/>
    <Point X="410" Y="298"/>
    <Point X="415" Y="291"/>
    <Point X="420" Y="283"/>
    <Point X="424" Y="275"/>
    <Point X="429" Y="267"/>
    <Point X="433" Y="258"/>
    <Point X="437" Y="249"/>
    <Point X="440" Y="241"/>
    <Point X="443" Y="233"/>
    <Point X="444" Y="224"/>
    <Point X="446" Y="216"/>
    <Point X="448" Y="210"/>
    <Point X="449" Y="205"/>
    <Point X="450" Y="200"/>
    <Point X="451" Y="195"/>
    <Point X="452" Y="192"/>
    <Point X="452" Y="188"/>
    <Point X="453" Y="185"/>
    <Point X="453" Y="184"/>
    <Point X="454" Y="182"/>
    <Point X="454" Y="181"/>
    <Point X="454" Y="180"/>
</Gesture>
