<?xml version="1.0" ?>
<Gesture Name="01" Subject="2" Number="1" NumPts="75">
    <Point X="302" Y="134"/>
    <Point X="302" Y="135"/>
    <Point X="303" Y="137"/>
    <Point X="304" Y="140"/>
    <Point X="307" Y="144"/>
    <Point X="311" Y="148"/>
    <Point X="315" Y="153"/>
    <Point X="320" Y="159"/>
    <Point X="326" Y="164"/>
    <Point X="333" Y="170"/>
    <Point X="340" Y="177"/>
    <Point X="346" Y="184"/>
    <Point X="354" Y="193"/>
    <Point X="362" Y="203"/>
    <Point X="369" Y="212"/>
    <Point X="376" Y="221"/>
    <Point X="382" Y="231"/>
    <Point X="388" Y="239"/>
    <Point X="394" Y="245"/>
    <Point X="398" Y="251"/>
    <Point X="401" Y="254"/>
    <Point X="403" Y="257"/>
    <Point X="403" Y="256"/>
    <Point X="403" Y="255"/>
    <Point X="404" Y="252"/>
    <Point X="405" Y="248"/>
    <Point X="407" Y="243"/>
    <Point X="408" Y="237"/>
    <Point X="410" Y="229"/>
    <Point X="412" Y="222"/>
    <Point X="414" Y="214"/>
    <Point X="415" Y="205"/>
    <Point X="416" Y="196"/>
    <Point X="418" Y="189"/>
    <Point X="419" Y="181"/>
    <Point X="420" Y="174"/>
    <Point X="421" Y="168"/>
    <Point X="421" Y="162"/>
    <Point X="421" Y="156"/>
    <Point X="421" Y="151"/>
    <Point X="420" Y="145"/>
    <Point X="419" Y="141"/>
    <Point X="418" Y="137"/>
    <Point X="416" Y="134"/>
    <Point X="416" Y="133"/>
    <Point X="415" Y="132"/>
    <Point X="414" Y="132"/>
    <Point X="413" Y="132"/>
    <Point X="410" Y="134"/>
    <Point X="407" Y="138"/>
    <Point X="403" Y="142"/>
    <Point X="398" Y="146"/>
    <Point X="393" Y="151"/>
    <Point X="387" Y="156"/>
    <Point X="382" Y="161"/>
    <Point X="375" Y="167"/>
    <Point X="368" Y="175"/>
    <Point X="361" Y="182"/>
    <Point X="355" Y="189"/>
    <Point X="348" Y="197"/>
    <Point X="342" Y="204"/>
    <Point X="338" Y="212"/>
    <Point X="334" Y="220"/>
    <Point X="331" Y="227"/>
    <Point X="329" Y="234"/>
    <Point X="326" Y="241"/>
    <Point X="324" Y="247"/>
    <Point X="322" Y="252"/>
    <Point X="320" Y="257"/>
    <Point X="318" Y="261"/>
    <Point X="316" Y="265"/>
    <Point X="314" Y="268"/>
    <Point X="312" Y="271"/>
    <Point X="311" Y="273"/>
    <Point X="310" Y="274"/>
</Gesture>
