<?xml version="1.0" ?>
<Gesture Name="02" Subject="2" Number="2" NumPts="80">
    <Point X="323" Y="183"/>
    <Point X="325" Y="185"/>
    <Point X="325" Y="186"/>
    <Point X="328" Y="189"/>
    <Point X="331" Y="193"/>
    <Point X="336" Y="198"/>
    <Point X="341" Y="204"/>
    <Point X="346" Y="210"/>
    <Point X="351" Y="216"/>
    <Point X="357" Y="223"/>
    <Point X="363" Y="229"/>
    <Point X="370" Y="237"/>
    <Point X="377" Y="244"/>
    <Point X="384" Y="251"/>
    <Point X="390" Y="258"/>
    <Point X="396" Y="264"/>
    <Point X="402" Y="271"/>
    <Point X="407" Y="277"/>
    <Point X="411" Y="284"/>
    <Point X="415" Y="290"/>
    <Point X="418" Y="295"/>
    <Point X="421" Y="300"/>
    <Point X="423" Y="303"/>
    <Point X="423" Y="301"/>
    <Point X="423" Y="299"/>
    <Point X="423" Y="296"/>
    <Point X="423" Y="292"/>
    <Point X="423" Y="287"/>
    <Point X="423" Y="280"/>
    <Point X="423" Y="273"/>
    <Point X="423" Y="266"/>
    <Point X="423" Y="259"/>
    <Point X="423" Y="252"/>
    <Point X="423" Y="246"/>
    <Point X="423" Y="239"/>
    <Point X="423" Y="234"/>
    <Point X="423" Y="229"/>
    <Point X="423" Y="223"/>
    <Point X="422" Y="218"/>
    <Point X="422" Y="213"/>
    <Point X="421" Y="208"/>
    <Point X="421" Y="205"/>
    <Point X="421" Y="201"/>
    <Point X="420" Y="197"/>
    <Point X="420" Y="193"/>
    <Point X="419" Y="190"/>
    <Point X="419" Y="187"/>
    <Point X="418" Y="184"/>
    <Point X="418" Y="182"/>
    <Point X="418" Y="180"/>
    <Point X="417" Y="179"/>
    <Point X="417" Y="178"/>
    <Point X="417" Y="177"/>
    <Point X="416" Y="177"/>
    <Point X="415" Y="177"/>
    <Point X="414" Y="178"/>
    <Point X="412" Y="180"/>
    <Point X="408" Y="183"/>
    <Point X="404" Y="186"/>
    <Point X="398" Y="191"/>
    <Point X="392" Y="195"/>
    <Point X="386" Y="199"/>
    <Point X="379" Y="204"/>
    <Point X="373" Y="209"/>
    <Point X="367" Y="215"/>
    <Point X="361" Y="221"/>
    <Point X="356" Y="227"/>
    <Point X="353" Y="232"/>
    <Point X="349" Y="238"/>
    <Point X="347" Y="243"/>
    <Point X="345" Y="249"/>
    <Point X="343" Y="253"/>
    <Point X="342" Y="257"/>
    <Point X="340" Y="260"/>
    <Point X="340" Y="263"/>
    <Point X="339" Y="265"/>
    <Point X="338" Y="267"/>
    <Point X="338" Y="268"/>
    <Point X="338" Y="269"/>
    <Point X="337" Y="270"/>
</Gesture>
