<?xml version="1.0" ?>
<Gesture Name="03" Subject="2" Number="3" NumPts="78">
    <Point X="283" Y="134"/>
    <Point X="283" Y="135"/>
    <Point X="283" Y="136"/>
    <Point X="283" Y="137"/>
    <Point X="286" Y="140"/>
    <Point X="290" Y="144"/>
    <Point X="294" Y="148"/>
    <Point X="298" Y="153"/>
    <Point X="304" Y="159"/>
    <Point X="311" Y="166"/>
    <Point X="319" Y="173"/>
    <Point X="328" Y="182"/>
    <Point X="337" Y="192"/>
    <Point X="346" Y="201"/>
    <Point X="355" Y="210"/>
    <Point X="364" Y="220"/>
    <Point X="371" Y="229"/>
    <Point X="378" Y="237"/>
    <Point X="385" Y="243"/>
    <Point X="388" Y="249"/>
    <Point X="391" Y="252"/>
    <Point X="392" Y="255"/>
    <Point X="393" Y="255"/>
    <Point X="393" Y="254"/>
    <Point X="394" Y="251"/>
    <Point X="394" Y="249"/>
    <Point X="394" Y="245"/>
    <Point X="394" Y="240"/>
    <Point X="394" Y="235"/>
    <Point X="394" Y="229"/>
    <Point X="394" Y="223"/>
    <Point X="393" Y="217"/>
    <Point X="392" Y="210"/>
    <Point X="391" Y="203"/>
    <Point X="390" Y="196"/>
    <Point X="389" Y="189"/>
    <Point X="388" Y="182"/>
    <Point X="387" Y="176"/>
    <Point X="387" Y="170"/>
    <Point X="386" Y="164"/>
    <Point X="386" Y="158"/>
    <Point X="385" Y="153"/>
    <Point X="385" Y="148"/>
    <Point X="384" Y="144"/>
    <Point X="384" Y="141"/>
    <Point X="384" Y="138"/>
    <Point X="383" Y="136"/>
    <Point X="383" Y="134"/>
    <Point X="383" Y="132"/>
    <Point X="383" Y="131"/>
    <Point X="382" Y="131"/>
    <Point X="380" Y="132"/>
    <Point X="380" Y="133"/>
    <Point X="378" Y="136"/>
    <Point X="376" Y="138"/>
    <Point X="372" Y="142"/>
    <Point X="368" Y="147"/>
    <Point X="363" Y="151"/>
    <Point X="359" Y="157"/>
    <Point X="354" Y="164"/>
    <Point X="349" Y="171"/>
    <Point X="345" Y="178"/>
    <Point X="340" Y="185"/>
    <Point X="336" Y="191"/>
    <Point X="333" Y="198"/>
    <Point X="330" Y="204"/>
    <Point X="327" Y="210"/>
    <Point X="325" Y="216"/>
    <Point X="321" Y="221"/>
    <Point X="319" Y="226"/>
    <Point X="317" Y="230"/>
    <Point X="316" Y="234"/>
    <Point X="315" Y="237"/>
    <Point X="314" Y="239"/>
    <Point X="313" Y="241"/>
    <Point X="313" Y="242"/>
    <Point X="312" Y="243"/>
    <Point X="312" Y="244"/>
</Gesture>
