<?xml version="1.0" ?>
<Gesture Name="04" Subject="2" Number="4" NumPts="101">
    <Point X="316" Y="139"/>
    <Point X="316" Y="140"/>
    <Point X="316" Y="141"/>
    <Point X="317" Y="142"/>
    <Point X="318" Y="144"/>
    <Point X="319" Y="146"/>
    <Point X="319" Y="147"/>
    <Point X="320" Y="149"/>
    <Point X="321" Y="151"/>
    <Point X="323" Y="154"/>
    <Point X="325" Y="158"/>
    <Point X="328" Y="162"/>
    <Point X="331" Y="168"/>
    <Point X="335" Y="173"/>
    <Point X="338" Y="179"/>
    <Point X="342" Y="185"/>
    <Point X="345" Y="191"/>
    <Point X="349" Y="197"/>
    <Point X="353" Y="204"/>
    <Point X="357" Y="209"/>
    <Point X="360" Y="215"/>
    <Point X="364" Y="220"/>
    <Point X="367" Y="226"/>
    <Point X="370" Y="231"/>
    <Point X="373" Y="235"/>
    <Point X="375" Y="240"/>
    <Point X="378" Y="243"/>
    <Point X="379" Y="246"/>
    <Point X="380" Y="248"/>
    <Point X="381" Y="250"/>
    <Point X="382" Y="251"/>
    <Point X="382" Y="252"/>
    <Point X="383" Y="252"/>
    <Point X="383" Y="253"/>
    <Point X="384" Y="254"/>
    <Point X="384" Y="255"/>
    <Point X="385" Y="256"/>
    <Point X="385" Y="257"/>
    <Point X="386" Y="258"/>
    <Point X="387" Y="259"/>
    <Point X="389" Y="258"/>
    <Point X="390" Y="256"/>
    <Point X="392" Y="253"/>
    <Point X="394" Y="249"/>
    <Point X="397" Y="244"/>
    <Point X="400" Y="239"/>
    <Point X="402" Y="233"/>
    <Point X="405" Y="227"/>
    <Point X="407" Y="221"/>
    <Point X="409" Y="214"/>
    <Point X="411" Y="207"/>
    <Point X="413" Y="201"/>
    <Point X="414" Y="195"/>
    <Point X="415" Y="189"/>
    <Point X="415" Y="183"/>
    <Point X="416" Y="176"/>
    <Point X="416" Y="171"/>
    <Point X="416" Y="166"/>
    <Point X="416" Y="159"/>
    <Point X="416" Y="154"/>
    <Point X="415" Y="149"/>
    <Point X="415" Y="145"/>
    <Point X="414" Y="141"/>
    <Point X="413" Y="138"/>
    <Point X="412" Y="135"/>
    <Point X="410" Y="131"/>
    <Point X="410" Y="130"/>
    <Point X="409" Y="128"/>
    <Point X="408" Y="127"/>
    <Point X="408" Y="126"/>
    <Point X="408" Y="125"/>
    <Point X="407" Y="125"/>
    <Point X="407" Y="124"/>
    <Point X="404" Y="127"/>
    <Point X="402" Y="130"/>
    <Point X="400" Y="131"/>
    <Point X="398" Y="134"/>
    <Point X="394" Y="138"/>
    <Point X="391" Y="143"/>
    <Point X="387" Y="148"/>
    <Point X="383" Y="153"/>
    <Point X="378" Y="158"/>
    <Point X="374" Y="164"/>
    <Point X="371" Y="170"/>
    <Point X="367" Y="177"/>
    <Point X="363" Y="184"/>
    <Point X="359" Y="191"/>
    <Point X="355" Y="198"/>
    <Point X="351" Y="204"/>
    <Point X="347" Y="211"/>
    <Point X="343" Y="218"/>
    <Point X="339" Y="223"/>
    <Point X="336" Y="228"/>
    <Point X="333" Y="232"/>
    <Point X="331" Y="235"/>
    <Point X="330" Y="237"/>
    <Point X="328" Y="239"/>
    <Point X="328" Y="240"/>
    <Point X="328" Y="241"/>
    <Point X="327" Y="242"/>
    <Point X="326" Y="243"/>
</Gesture>
