<?xml version="1.0" ?>
<Gesture Name="05" Subject="2" Number="5" NumPts="89">
    <Point X="323" Y="169"/>
    <Point X="323" Y="170"/>
    <Point X="324" Y="172"/>
    <Point X="326" Y="173"/>
    <Point X="327" Y="175"/>
    <Point X="330" Y="178"/>
    <Point X="330" Y="179"/>
    <Point X="333" Y="182"/>
    <Point X="336" Y="187"/>
    <Point X="341" Y="191"/>
    <Point X="345" Y="197"/>
    <Point X="351" Y="204"/>
    <Point X="356" Y="210"/>
    <Point X="362" Y="218"/>
    <Point X="368" Y="225"/>
    <Point X="374" Y="233"/>
    <Point X="379" Y="241"/>
    <Point X="384" Y="247"/>
    <Point X="388" Y="253"/>
    <Point X="392" Y="259"/>
    <Point X="395" Y="263"/>
    <Point X="398" Y="266"/>
    <Point X="401" Y="269"/>
    <Point X="403" Y="271"/>
    <Point X="405" Y="273"/>
    <Point X="405" Y="274"/>
    <Point X="406" Y="274"/>
    <Point X="407" Y="274"/>
    <Point X="409" Y="272"/>
    <Point X="409" Y="271"/>
    <Point X="411" Y="268"/>
    <Point X="412" Y="264"/>
    <Point X="414" Y="259"/>
    <Point X="416" Y="254"/>
    <Point X="418" Y="248"/>
    <Point X="420" Y="241"/>
    <Point X="421" Y="234"/>
    <Point X="422" Y="227"/>
    <Point X="423" Y="221"/>
    <Point X="424" Y="214"/>
    <Point X="425" Y="207"/>
    <Point X="425" Y="202"/>
    <Point X="425" Y="197"/>
    <Point X="425" Y="191"/>
    <Point X="425" Y="187"/>
    <Point X="425" Y="182"/>
    <Point X="425" Y="177"/>
    <Point X="425" Y="173"/>
    <Point X="425" Y="170"/>
    <Point X="424" Y="167"/>
    <Point X="424" Y="165"/>
    <Point X="423" Y="162"/>
    <Point X="423" Y="161"/>
    <Point X="422" Y="160"/>
    <Point X="422" Y="159"/>
    <Point X="422" Y="158"/>
    <Point X="421" Y="158"/>
    <Point X="421" Y="157"/>
    <Point X="421" Y="156"/>
    <Point X="420" Y="156"/>
    <Point X="419" Y="156"/>
    <Point X="417" Y="156"/>
    <Point X="415" Y="156"/>
    <Point X="411" Y="159"/>
    <Point X="407" Y="162"/>
    <Point X="403" Y="165"/>
    <Point X="398" Y="170"/>
    <Point X="392" Y="175"/>
    <Point X="385" Y="181"/>
    <Point X="379" Y="188"/>
    <Point X="373" Y="195"/>
    <Point X="367" Y="202"/>
    <Point X="363" Y="208"/>
    <Point X="358" Y="214"/>
    <Point X="355" Y="220"/>
    <Point X="351" Y="226"/>
    <Point X="348" Y="230"/>
    <Point X="345" Y="235"/>
    <Point X="343" Y="239"/>
    <Point X="340" Y="243"/>
    <Point X="338" Y="248"/>
    <Point X="336" Y="252"/>
    <Point X="335" Y="254"/>
    <Point X="334" Y="257"/>
    <Point X="332" Y="259"/>
    <Point X="331" Y="261"/>
    <Point X="331" Y="262"/>
    <Point X="331" Y="263"/>
    <Point X="330" Y="263"/>
</Gesture>
