<?xml version="1.0" ?>
<Gesture Name="06" Subject="2" Number="6" NumPts="85">
    <Point X="328" Y="161"/>
    <Point X="328" Y="164"/>
    <Point X="329" Y="167"/>
    <Point X="330" Y="169"/>
    <Point X="333" Y="173"/>
    <Point X="336" Y="177"/>
    <Point X="340" Y="181"/>
    <Point X="344" Y="185"/>
    <Point X="348" Y="190"/>
    <Point X="353" Y="195"/>
    <Point X="358" Y="200"/>
    <Point X="363" Y="206"/>
    <Point X="369" Y="212"/>
    <Point X="374" Y="219"/>
    <Point X="380" Y="225"/>
    <Point X="385" Y="232"/>
    <Point X="389" Y="239"/>
    <Point X="394" Y="245"/>
    <Point X="398" Y="252"/>
    <Point X="401" Y="257"/>
    <Point X="404" Y="264"/>
    <Point X="408" Y="269"/>
    <Point X="410" Y="274"/>
    <Point X="412" Y="278"/>
    <Point X="414" Y="280"/>
    <Point X="415" Y="281"/>
    <Point X="415" Y="280"/>
    <Point X="415" Y="278"/>
    <Point X="415" Y="275"/>
    <Point X="416" Y="271"/>
    <Point X="417" Y="266"/>
    <Point X="418" Y="259"/>
    <Point X="419" Y="252"/>
    <Point X="419" Y="244"/>
    <Point X="421" Y="236"/>
    <Point X="421" Y="229"/>
    <Point X="422" Y="221"/>
    <Point X="423" Y="214"/>
    <Point X="423" Y="208"/>
    <Point X="424" Y="202"/>
    <Point X="425" Y="196"/>
    <Point X="425" Y="191"/>
    <Point X="425" Y="186"/>
    <Point X="425" Y="182"/>
    <Point X="425" Y="178"/>
    <Point X="425" Y="174"/>
    <Point X="425" Y="171"/>
    <Point X="425" Y="168"/>
    <Point X="425" Y="165"/>
    <Point X="425" Y="163"/>
    <Point X="425" Y="161"/>
    <Point X="425" Y="159"/>
    <Point X="424" Y="158"/>
    <Point X="424" Y="157"/>
    <Point X="423" Y="156"/>
    <Point X="422" Y="156"/>
    <Point X="420" Y="156"/>
    <Point X="419" Y="156"/>
    <Point X="416" Y="158"/>
    <Point X="412" Y="160"/>
    <Point X="407" Y="162"/>
    <Point X="401" Y="166"/>
    <Point X="396" Y="170"/>
    <Point X="389" Y="174"/>
    <Point X="383" Y="180"/>
    <Point X="376" Y="185"/>
    <Point X="371" Y="190"/>
    <Point X="365" Y="196"/>
    <Point X="360" Y="201"/>
    <Point X="355" Y="207"/>
    <Point X="352" Y="213"/>
    <Point X="349" Y="218"/>
    <Point X="346" Y="224"/>
    <Point X="344" Y="229"/>
    <Point X="342" Y="234"/>
    <Point X="340" Y="238"/>
    <Point X="339" Y="241"/>
    <Point X="338" Y="245"/>
    <Point X="337" Y="248"/>
    <Point X="335" Y="250"/>
    <Point X="334" Y="252"/>
    <Point X="333" Y="254"/>
    <Point X="332" Y="256"/>
    <Point X="331" Y="257"/>
    <Point X="331" Y="258"/>
</Gesture>
