<?xml version="1.0" ?>
<Gesture Name="07" Subject="2" Number="7" NumPts="89">
    <Point X="329" Y="160"/>
    <Point X="330" Y="162"/>
    <Point X="332" Y="165"/>
    <Point X="333" Y="166"/>
    <Point X="336" Y="168"/>
    <Point X="339" Y="173"/>
    <Point X="343" Y="177"/>
    <Point X="349" Y="183"/>
    <Point X="355" Y="189"/>
    <Point X="362" Y="197"/>
    <Point X="371" Y="205"/>
    <Point X="379" Y="215"/>
    <Point X="386" Y="224"/>
    <Point X="394" Y="234"/>
    <Point X="402" Y="244"/>
    <Point X="409" Y="253"/>
    <Point X="415" Y="262"/>
    <Point X="421" Y="270"/>
    <Point X="424" Y="276"/>
    <Point X="428" Y="282"/>
    <Point X="430" Y="285"/>
    <Point X="431" Y="284"/>
    <Point X="431" Y="280"/>
    <Point X="433" Y="276"/>
    <Point X="435" Y="271"/>
    <Point X="437" Y="264"/>
    <Point X="439" Y="257"/>
    <Point X="441" Y="250"/>
    <Point X="442" Y="242"/>
    <Point X="444" Y="234"/>
    <Point X="446" Y="226"/>
    <Point X="447" Y="219"/>
    <Point X="448" Y="211"/>
    <Point X="449" Y="203"/>
    <Point X="450" Y="196"/>
    <Point X="451" Y="188"/>
    <Point X="451" Y="180"/>
    <Point X="451" Y="173"/>
    <Point X="451" Y="167"/>
    <Point X="450" Y="161"/>
    <Point X="449" Y="156"/>
    <Point X="448" Y="152"/>
    <Point X="447" Y="149"/>
    <Point X="447" Y="147"/>
    <Point X="446" Y="145"/>
    <Point X="446" Y="143"/>
    <Point X="445" Y="142"/>
    <Point X="444" Y="141"/>
    <Point X="443" Y="140"/>
    <Point X="442" Y="140"/>
    <Point X="440" Y="140"/>
    <Point X="439" Y="140"/>
    <Point X="436" Y="140"/>
    <Point X="435" Y="140"/>
    <Point X="433" Y="143"/>
    <Point X="429" Y="145"/>
    <Point X="425" Y="150"/>
    <Point X="421" Y="154"/>
    <Point X="417" Y="159"/>
    <Point X="412" Y="164"/>
    <Point X="407" Y="169"/>
    <Point X="403" Y="176"/>
    <Point X="398" Y="182"/>
    <Point X="394" Y="189"/>
    <Point X="390" Y="194"/>
    <Point X="386" Y="200"/>
    <Point X="382" Y="206"/>
    <Point X="377" Y="213"/>
    <Point X="374" Y="218"/>
    <Point X="370" Y="225"/>
    <Point X="366" Y="230"/>
    <Point X="362" Y="236"/>
    <Point X="359" Y="241"/>
    <Point X="356" Y="247"/>
    <Point X="353" Y="252"/>
    <Point X="349" Y="256"/>
    <Point X="347" Y="261"/>
    <Point X="346" Y="264"/>
    <Point X="345" Y="267"/>
    <Point X="344" Y="268"/>
    <Point X="343" Y="270"/>
    <Point X="342" Y="271"/>
    <Point X="341" Y="272"/>
    <Point X="341" Y="273"/>
    <Point X="340" Y="274"/>
    <Point X="340" Y="275"/>
    <Point X="340" Y="276"/>
    <Point X="339" Y="276"/>
    <Point X="339" Y="277"/>
</Gesture>
