<?xml version="1.0" ?>
<Gesture Name="08" Subject="2" Number="8" NumPts="93">
    <Point X="326" Y="152"/>
    <Point X="326" Y="153"/>
    <Point X="326" Y="155"/>
    <Point X="328" Y="159"/>
    <Point X="331" Y="163"/>
    <Point X="335" Y="168"/>
    <Point X="339" Y="174"/>
    <Point X="344" Y="181"/>
    <Point X="350" Y="188"/>
    <Point X="356" Y="197"/>
    <Point X="363" Y="207"/>
    <Point X="371" Y="217"/>
    <Point X="379" Y="226"/>
    <Point X="386" Y="237"/>
    <Point X="393" Y="248"/>
    <Point X="399" Y="256"/>
    <Point X="404" Y="265"/>
    <Point X="408" Y="273"/>
    <Point X="412" Y="280"/>
    <Point X="414" Y="286"/>
    <Point X="417" Y="291"/>
    <Point X="418" Y="295"/>
    <Point X="419" Y="298"/>
    <Point X="420" Y="300"/>
    <Point X="421" Y="300"/>
    <Point X="421" Y="299"/>
    <Point X="422" Y="296"/>
    <Point X="424" Y="292"/>
    <Point X="425" Y="287"/>
    <Point X="426" Y="282"/>
    <Point X="428" Y="276"/>
    <Point X="430" Y="271"/>
    <Point X="431" Y="265"/>
    <Point X="433" Y="258"/>
    <Point X="434" Y="251"/>
    <Point X="435" Y="243"/>
    <Point X="437" Y="234"/>
    <Point X="438" Y="227"/>
    <Point X="438" Y="218"/>
    <Point X="439" Y="210"/>
    <Point X="440" Y="202"/>
    <Point X="440" Y="195"/>
    <Point X="440" Y="189"/>
    <Point X="440" Y="184"/>
    <Point X="440" Y="178"/>
    <Point X="440" Y="173"/>
    <Point X="440" Y="170"/>
    <Point X="440" Y="166"/>
    <Point X="440" Y="164"/>
    <Point X="440" Y="162"/>
    <Point X="440" Y="161"/>
    <Point X="438" Y="162"/>
    <Point X="437" Y="163"/>
    <Point X="434" Y="165"/>
    <Point X="430" Y="169"/>
    <Point X="425" Y="173"/>
    <Point X="419" Y="178"/>
    <Point X="413" Y="182"/>
    <Point X="405" Y="187"/>
    <Point X="398" Y="192"/>
    <Point X="391" Y="197"/>
    <Point X="385" Y="202"/>
    <Point X="379" Y="207"/>
    <Point X="373" Y="212"/>
    <Point X="368" Y="217"/>
    <Point X="364" Y="221"/>
    <Point X="360" Y="225"/>
    <Point X="358" Y="228"/>
    <Point X="355" Y="231"/>
    <Point X="353" Y="233"/>
    <Point X="352" Y="236"/>
    <Point X="350" Y="238"/>
    <Point X="350" Y="240"/>
    <Point X="349" Y="241"/>
    <Point X="349" Y="242"/>
    <Point X="348" Y="242"/>
    <Point X="348" Y="243"/>
    <Point X="348" Y="245"/>
    <Point X="347" Y="246"/>
    <Point X="347" Y="248"/>
    <Point X="346" Y="249"/>
    <Point X="346" Y="251"/>
    <Point X="345" Y="253"/>
    <Point X="345" Y="254"/>
    <Point X="344" Y="255"/>
    <Point X="343" Y="256"/>
    <Point X="343" Y="258"/>
    <Point X="342" Y="260"/>
    <Point X="341" Y="263"/>
    <Point X="340" Y="264"/>
    <Point X="338" Y="267"/>
    <Point X="338" Y="268"/>
    <Point X="337" Y="268"/>
</Gesture>
