<?xml version="1.0" ?>
<Gesture Name="09" Subject="2" Number="9" NumPts="72">
    <Point X="341" Y="151"/>
    <Point X="341" Y="153"/>
    <Point X="341" Y="154"/>
    <Point X="342" Y="157"/>
    <Point X="344" Y="161"/>
    <Point X="347" Y="166"/>
    <Point X="351" Y="173"/>
    <Point X="355" Y="180"/>
    <Point X="359" Y="188"/>
    <Point X="365" Y="198"/>
    <Point X="371" Y="208"/>
    <Point X="378" Y="219"/>
    <Point X="384" Y="231"/>
    <Point X="390" Y="241"/>
    <Point X="396" Y="252"/>
    <Point X="401" Y="263"/>
    <Point X="406" Y="271"/>
    <Point X="410" Y="279"/>
    <Point X="413" Y="285"/>
    <Point X="415" Y="290"/>
    <Point X="415" Y="291"/>
    <Point X="416" Y="290"/>
    <Point X="417" Y="286"/>
    <Point X="418" Y="282"/>
    <Point X="419" Y="278"/>
    <Point X="421" Y="272"/>
    <Point X="423" Y="265"/>
    <Point X="426" Y="258"/>
    <Point X="428" Y="250"/>
    <Point X="430" Y="243"/>
    <Point X="433" Y="236"/>
    <Point X="435" Y="228"/>
    <Point X="438" Y="221"/>
    <Point X="440" Y="213"/>
    <Point X="442" Y="205"/>
    <Point X="444" Y="197"/>
    <Point X="445" Y="190"/>
    <Point X="446" Y="183"/>
    <Point X="447" Y="176"/>
    <Point X="449" Y="170"/>
    <Point X="449" Y="164"/>
    <Point X="450" Y="159"/>
    <Point X="450" Y="155"/>
    <Point X="450" Y="152"/>
    <Point X="450" Y="150"/>
    <Point X="450" Y="148"/>
    <Point X="450" Y="147"/>
    <Point X="449" Y="149"/>
    <Point X="446" Y="151"/>
    <Point X="443" Y="154"/>
    <Point X="438" Y="159"/>
    <Point X="432" Y="164"/>
    <Point X="425" Y="168"/>
    <Point X="417" Y="174"/>
    <Point X="410" Y="179"/>
    <Point X="402" Y="184"/>
    <Point X="394" Y="190"/>
    <Point X="386" Y="196"/>
    <Point X="378" Y="202"/>
    <Point X="370" Y="209"/>
    <Point X="363" Y="215"/>
    <Point X="355" Y="222"/>
    <Point X="348" Y="228"/>
    <Point X="342" Y="235"/>
    <Point X="335" Y="242"/>
    <Point X="329" Y="247"/>
    <Point X="323" Y="253"/>
    <Point X="318" Y="256"/>
    <Point X="315" Y="259"/>
    <Point X="312" Y="261"/>
    <Point X="311" Y="263"/>
    <Point X="310" Y="263"/>
</Gesture>
