<?xml version="1.0" ?>
<Gesture Name="10" Subject="2" Number="10" NumPts="67">
    <Point X="376" Y="162"/>
    <Point X="376" Y="165"/>
    <Point X="376" Y="166"/>
    <Point X="377" Y="168"/>
    <Point X="379" Y="172"/>
    <Point X="381" Y="177"/>
    <Point X="383" Y="184"/>
    <Point X="386" Y="191"/>
    <Point X="389" Y="199"/>
    <Point X="393" Y="208"/>
    <Point X="397" Y="217"/>
    <Point X="401" Y="227"/>
    <Point X="405" Y="236"/>
    <Point X="409" Y="246"/>
    <Point X="413" Y="255"/>
    <Point X="417" Y="264"/>
    <Point X="421" Y="272"/>
    <Point X="423" Y="278"/>
    <Point X="424" Y="283"/>
    <Point X="425" Y="286"/>
    <Point X="426" Y="286"/>
    <Point X="426" Y="283"/>
    <Point X="427" Y="282"/>
    <Point X="428" Y="278"/>
    <Point X="430" Y="274"/>
    <Point X="432" Y="270"/>
    <Point X="435" Y="266"/>
    <Point X="437" Y="260"/>
    <Point X="440" Y="254"/>
    <Point X="443" Y="247"/>
    <Point X="446" Y="240"/>
    <Point X="449" Y="233"/>
    <Point X="452" Y="225"/>
    <Point X="454" Y="217"/>
    <Point X="456" Y="210"/>
    <Point X="458" Y="201"/>
    <Point X="460" Y="193"/>
    <Point X="461" Y="186"/>
    <Point X="463" Y="180"/>
    <Point X="463" Y="173"/>
    <Point X="464" Y="169"/>
    <Point X="464" Y="166"/>
    <Point X="465" Y="162"/>
    <Point X="465" Y="161"/>
    <Point X="465" Y="160"/>
    <Point X="465" Y="159"/>
    <Point X="463" Y="160"/>
    <Point X="459" Y="162"/>
    <Point X="453" Y="165"/>
    <Point X="445" Y="169"/>
    <Point X="437" Y="174"/>
    <Point X="428" Y="179"/>
    <Point X="419" Y="185"/>
    <Point X="410" Y="191"/>
    <Point X="402" Y="197"/>
    <Point X="393" Y="203"/>
    <Point X="385" Y="209"/>
    <Point X="377" Y="215"/>
    <Point X="370" Y="220"/>
    <Point X="364" Y="226"/>
    <Point X="358" Y="232"/>
    <Point X="353" Y="237"/>
    <Point X="349" Y="242"/>
    <Point X="345" Y="246"/>
    <Point X="342" Y="249"/>
    <Point X="341" Y="250"/>
    <Point X="341" Y="251"/>
</Gesture>
