<?xml version="1.0" ?>
<Gesture Name="01" Subject="2" Number="1" NumPts="107">
    <Point X="104" Y="279"/>
    <Point X="104" Y="277"/>
    <Point X="105" Y="274"/>
    <Point X="107" Y="269"/>
    <Point X="109" Y="262"/>
    <Point X="112" Y="254"/>
    <Point X="115" Y="245"/>
    <Point X="118" Y="235"/>
    <Point X="121" Y="224"/>
    <Point X="125" Y="213"/>
    <Point X="129" Y="203"/>
    <Point X="131" Y="194"/>
    <Point X="134" Y="186"/>
    <Point X="136" Y="180"/>
    <Point X="137" Y="176"/>
    <Point X="138" Y="173"/>
    <Point X="138" Y="172"/>
    <Point X="139" Y="172"/>
    <Point X="140" Y="172"/>
    <Point X="141" Y="172"/>
    <Point X="142" Y="173"/>
    <Point X="144" Y="175"/>
    <Point X="146" Y="178"/>
    <Point X="148" Y="180"/>
    <Point X="148" Y="181"/>
    <Point X="150" Y="184"/>
    <Point X="152" Y="188"/>
    <Point X="156" Y="194"/>
    <Point X="161" Y="200"/>
    <Point X="166" Y="207"/>
    <Point X="172" Y="214"/>
    <Point X="178" Y="222"/>
    <Point X="184" Y="229"/>
    <Point X="191" Y="236"/>
    <Point X="196" Y="241"/>
    <Point X="200" Y="245"/>
    <Point X="203" Y="248"/>
    <Point X="206" Y="250"/>
    <Point X="208" Y="252"/>
    <Point X="209" Y="252"/>
    <Point X="210" Y="251"/>
    <Point X="213" Y="249"/>
    <Point X="216" Y="247"/>
    <Point X="218" Y="244"/>
    <Point X="221" Y="242"/>
    <Point X="222" Y="240"/>
    <Point X="224" Y="237"/>
    <Point X="228" Y="233"/>
    <Point X="232" Y="228"/>
    <Point X="236" Y="222"/>
    <Point X="240" Y="215"/>
    <Point X="244" Y="208"/>
    <Point X="248" Y="201"/>
    <Point X="252" Y="193"/>
    <Point X="255" Y="185"/>
    <Point X="258" Y="177"/>
    <Point X="261" Y="170"/>
    <Point X="263" Y="164"/>
    <Point X="265" Y="159"/>
    <Point X="267" Y="155"/>
    <Point X="268" Y="152"/>
    <Point X="268" Y="151"/>
    <Point X="269" Y="152"/>
    <Point X="270" Y="154"/>
    <Point X="272" Y="157"/>
    <Point X="273" Y="160"/>
    <Point X="276" Y="165"/>
    <Point X="279" Y="170"/>
    <Point X="282" Y="177"/>
    <Point X="287" Y="185"/>
    <Point X="292" Y="193"/>
    <Point X="297" Y="202"/>
    <Point X="302" Y="209"/>
    <Point X="308" Y="217"/>
    <Point X="312" Y="225"/>
    <Point X="317" Y="231"/>
    <Point X="320" Y="237"/>
    <Point X="323" Y="241"/>
    <Point X="325" Y="243"/>
    <Point X="326" Y="243"/>
    <Point X="327" Y="243"/>
    <Point X="328" Y="243"/>
    <Point X="330" Y="243"/>
    <Point X="335" Y="239"/>
    <Point X="339" Y="235"/>
    <Point X="345" Y="229"/>
    <Point X="351" Y="222"/>
    <Point X="358" Y="213"/>
    <Point X="364" Y="205"/>
    <Point X="370" Y="195"/>
    <Point X="375" Y="187"/>
    <Point X="379" Y="178"/>
    <Point X="383" Y="170"/>
    <Point X="385" Y="163"/>
    <Point X="387" Y="156"/>
    <Point X="388" Y="152"/>
    <Point X="389" Y="148"/>
    <Point X="389" Y="145"/>
    <Point X="390" Y="142"/>
    <Point X="390" Y="140"/>
    <Point X="390" Y="138"/>
    <Point X="390" Y="137"/>
    <Point X="390" Y="136"/>
    <Point X="390" Y="135"/>
    <Point X="390" Y="134"/>
    <Point X="390" Y="133"/>
    <Point X="390" Y="132"/>
</Gesture>
