<?xml version="1.0" ?>
<Gesture Name="03" Subject="2" Number="3" NumPts="101">
    <Point X="195" Y="320"/>
    <Point X="196" Y="319"/>
    <Point X="197" Y="316"/>
    <Point X="198" Y="310"/>
    <Point X="202" Y="301"/>
    <Point X="205" Y="292"/>
    <Point X="209" Y="281"/>
    <Point X="213" Y="270"/>
    <Point X="218" Y="257"/>
    <Point X="222" Y="246"/>
    <Point X="227" Y="234"/>
    <Point X="231" Y="224"/>
    <Point X="234" Y="215"/>
    <Point X="237" Y="208"/>
    <Point X="239" Y="202"/>
    <Point X="241" Y="198"/>
    <Point X="242" Y="195"/>
    <Point X="243" Y="196"/>
    <Point X="244" Y="196"/>
    <Point X="245" Y="199"/>
    <Point X="247" Y="203"/>
    <Point X="249" Y="207"/>
    <Point X="253" Y="212"/>
    <Point X="257" Y="219"/>
    <Point X="262" Y="227"/>
    <Point X="266" Y="236"/>
    <Point X="272" Y="245"/>
    <Point X="277" Y="255"/>
    <Point X="282" Y="263"/>
    <Point X="287" Y="273"/>
    <Point X="292" Y="281"/>
    <Point X="297" Y="290"/>
    <Point X="302" Y="298"/>
    <Point X="306" Y="305"/>
    <Point X="310" Y="311"/>
    <Point X="314" Y="316"/>
    <Point X="314" Y="317"/>
    <Point X="315" Y="316"/>
    <Point X="315" Y="314"/>
    <Point X="316" Y="311"/>
    <Point X="317" Y="307"/>
    <Point X="318" Y="303"/>
    <Point X="320" Y="296"/>
    <Point X="322" Y="289"/>
    <Point X="325" Y="279"/>
    <Point X="327" Y="269"/>
    <Point X="329" Y="259"/>
    <Point X="331" Y="247"/>
    <Point X="333" Y="236"/>
    <Point X="336" Y="225"/>
    <Point X="339" Y="214"/>
    <Point X="341" Y="205"/>
    <Point X="344" Y="198"/>
    <Point X="346" Y="192"/>
    <Point X="347" Y="188"/>
    <Point X="347" Y="187"/>
    <Point X="348" Y="187"/>
    <Point X="349" Y="188"/>
    <Point X="349" Y="190"/>
    <Point X="351" Y="193"/>
    <Point X="353" Y="198"/>
    <Point X="356" Y="203"/>
    <Point X="359" Y="209"/>
    <Point X="363" Y="217"/>
    <Point X="367" Y="225"/>
    <Point X="371" Y="234"/>
    <Point X="375" Y="242"/>
    <Point X="380" Y="250"/>
    <Point X="384" Y="259"/>
    <Point X="388" Y="266"/>
    <Point X="392" Y="273"/>
    <Point X="395" Y="279"/>
    <Point X="398" Y="285"/>
    <Point X="401" Y="289"/>
    <Point X="401" Y="290"/>
    <Point X="402" Y="290"/>
    <Point X="403" Y="290"/>
    <Point X="403" Y="289"/>
    <Point X="405" Y="288"/>
    <Point X="408" Y="286"/>
    <Point X="411" Y="282"/>
    <Point X="415" Y="278"/>
    <Point X="419" Y="272"/>
    <Point X="423" Y="264"/>
    <Point X="427" Y="255"/>
    <Point X="431" Y="246"/>
    <Point X="434" Y="236"/>
    <Point X="437" Y="227"/>
    <Point X="439" Y="218"/>
    <Point X="441" Y="209"/>
    <Point X="442" Y="203"/>
    <Point X="443" Y="197"/>
    <Point X="444" Y="191"/>
    <Point X="445" Y="187"/>
    <Point X="446" Y="183"/>
    <Point X="446" Y="180"/>
    <Point X="447" Y="178"/>
    <Point X="447" Y="176"/>
    <Point X="447" Y="174"/>
    <Point X="447" Y="173"/>
    <Point X="447" Y="172"/>
</Gesture>
