<?xml version="1.0" ?>
<Gesture Name="07" Subject="2" Number="7" NumPts="114">
    <Point X="185" Y="327"/>
    <Point X="186" Y="327"/>
    <Point X="187" Y="327"/>
    <Point X="188" Y="326"/>
    <Point X="189" Y="322"/>
    <Point X="192" Y="317"/>
    <Point X="196" Y="311"/>
    <Point X="199" Y="303"/>
    <Point X="205" Y="295"/>
    <Point X="210" Y="286"/>
    <Point X="215" Y="277"/>
    <Point X="221" Y="267"/>
    <Point X="226" Y="258"/>
    <Point X="231" Y="248"/>
    <Point X="236" Y="240"/>
    <Point X="239" Y="231"/>
    <Point X="243" Y="224"/>
    <Point X="246" Y="218"/>
    <Point X="250" Y="212"/>
    <Point X="253" Y="207"/>
    <Point X="255" Y="203"/>
    <Point X="257" Y="200"/>
    <Point X="259" Y="198"/>
    <Point X="260" Y="196"/>
    <Point X="260" Y="195"/>
    <Point X="261" Y="196"/>
    <Point X="261" Y="197"/>
    <Point X="263" Y="199"/>
    <Point X="265" Y="204"/>
    <Point X="268" Y="210"/>
    <Point X="271" Y="217"/>
    <Point X="275" Y="224"/>
    <Point X="280" Y="233"/>
    <Point X="284" Y="241"/>
    <Point X="288" Y="249"/>
    <Point X="292" Y="258"/>
    <Point X="296" Y="266"/>
    <Point X="300" Y="274"/>
    <Point X="305" Y="283"/>
    <Point X="309" Y="290"/>
    <Point X="312" Y="296"/>
    <Point X="316" Y="302"/>
    <Point X="318" Y="306"/>
    <Point X="321" Y="309"/>
    <Point X="321" Y="310"/>
    <Point X="322" Y="310"/>
    <Point X="323" Y="308"/>
    <Point X="324" Y="306"/>
    <Point X="325" Y="303"/>
    <Point X="326" Y="302"/>
    <Point X="327" Y="298"/>
    <Point X="329" Y="293"/>
    <Point X="331" Y="287"/>
    <Point X="334" Y="279"/>
    <Point X="337" Y="271"/>
    <Point X="340" Y="262"/>
    <Point X="342" Y="253"/>
    <Point X="345" Y="244"/>
    <Point X="348" Y="234"/>
    <Point X="351" Y="227"/>
    <Point X="353" Y="220"/>
    <Point X="354" Y="214"/>
    <Point X="356" Y="209"/>
    <Point X="357" Y="206"/>
    <Point X="358" Y="203"/>
    <Point X="359" Y="202"/>
    <Point X="359" Y="201"/>
    <Point X="360" Y="201"/>
    <Point X="360" Y="200"/>
    <Point X="361" Y="200"/>
    <Point X="363" Y="202"/>
    <Point X="366" Y="205"/>
    <Point X="369" Y="209"/>
    <Point X="373" Y="214"/>
    <Point X="377" Y="219"/>
    <Point X="381" Y="224"/>
    <Point X="386" Y="231"/>
    <Point X="392" Y="239"/>
    <Point X="398" Y="246"/>
    <Point X="404" Y="254"/>
    <Point X="411" Y="261"/>
    <Point X="416" Y="268"/>
    <Point X="422" Y="274"/>
    <Point X="427" Y="280"/>
    <Point X="432" Y="283"/>
    <Point X="436" Y="287"/>
    <Point X="439" Y="289"/>
    <Point X="442" Y="290"/>
    <Point X="443" Y="291"/>
    <Point X="446" Y="292"/>
    <Point X="447" Y="292"/>
    <Point X="450" Y="292"/>
    <Point X="452" Y="291"/>
    <Point X="454" Y="290"/>
    <Point X="458" Y="287"/>
    <Point X="461" Y="283"/>
    <Point X="465" Y="279"/>
    <Point X="469" Y="274"/>
    <Point X="474" Y="268"/>
    <Point X="480" Y="261"/>
    <Point X="485" Y="253"/>
    <Point X="491" Y="244"/>
    <Point X="497" Y="234"/>
    <Point X="502" Y="225"/>
    <Point X="507" Y="216"/>
    <Point X="512" Y="208"/>
    <Point X="515" Y="201"/>
    <Point X="518" Y="194"/>
    <Point X="520" Y="188"/>
    <Point X="523" Y="183"/>
    <Point X="524" Y="179"/>
    <Point X="526" Y="176"/>
    <Point X="526" Y="175"/>
    <Point X="526" Y="174"/>
</Gesture>
