<?xml version="1.0" ?>
<Gesture Name="10" Subject="2" Number="10" NumPts="103">
    <Point X="237" Y="314"/>
    <Point X="238" Y="314"/>
    <Point X="239" Y="314"/>
    <Point X="241" Y="311"/>
    <Point X="242" Y="310"/>
    <Point X="244" Y="307"/>
    <Point X="247" Y="302"/>
    <Point X="251" Y="295"/>
    <Point X="257" Y="286"/>
    <Point X="262" Y="277"/>
    <Point X="267" Y="266"/>
    <Point X="274" Y="254"/>
    <Point X="280" Y="242"/>
    <Point X="286" Y="231"/>
    <Point X="292" Y="221"/>
    <Point X="297" Y="211"/>
    <Point X="301" Y="203"/>
    <Point X="304" Y="196"/>
    <Point X="307" Y="190"/>
    <Point X="309" Y="186"/>
    <Point X="311" Y="184"/>
    <Point X="312" Y="184"/>
    <Point X="313" Y="186"/>
    <Point X="315" Y="190"/>
    <Point X="318" Y="197"/>
    <Point X="320" Y="205"/>
    <Point X="324" Y="214"/>
    <Point X="328" Y="224"/>
    <Point X="332" Y="234"/>
    <Point X="335" Y="246"/>
    <Point X="339" Y="257"/>
    <Point X="343" Y="268"/>
    <Point X="346" Y="278"/>
    <Point X="349" Y="287"/>
    <Point X="351" Y="294"/>
    <Point X="353" Y="300"/>
    <Point X="355" Y="305"/>
    <Point X="356" Y="308"/>
    <Point X="357" Y="310"/>
    <Point X="357" Y="309"/>
    <Point X="358" Y="307"/>
    <Point X="359" Y="304"/>
    <Point X="362" Y="299"/>
    <Point X="365" Y="293"/>
    <Point X="368" Y="286"/>
    <Point X="372" Y="278"/>
    <Point X="377" Y="270"/>
    <Point X="381" Y="261"/>
    <Point X="385" Y="252"/>
    <Point X="389" Y="242"/>
    <Point X="392" Y="233"/>
    <Point X="395" Y="223"/>
    <Point X="398" Y="215"/>
    <Point X="401" Y="208"/>
    <Point X="403" Y="202"/>
    <Point X="404" Y="196"/>
    <Point X="406" Y="192"/>
    <Point X="406" Y="191"/>
    <Point X="407" Y="191"/>
    <Point X="407" Y="192"/>
    <Point X="408" Y="195"/>
    <Point X="411" Y="199"/>
    <Point X="413" Y="206"/>
    <Point X="417" Y="214"/>
    <Point X="420" Y="223"/>
    <Point X="425" Y="233"/>
    <Point X="429" Y="244"/>
    <Point X="433" Y="254"/>
    <Point X="437" Y="263"/>
    <Point X="441" Y="272"/>
    <Point X="445" Y="280"/>
    <Point X="449" Y="287"/>
    <Point X="452" Y="294"/>
    <Point X="455" Y="298"/>
    <Point X="456" Y="301"/>
    <Point X="457" Y="301"/>
    <Point X="458" Y="301"/>
    <Point X="460" Y="300"/>
    <Point X="461" Y="299"/>
    <Point X="463" Y="297"/>
    <Point X="466" Y="292"/>
    <Point X="470" Y="287"/>
    <Point X="475" Y="280"/>
    <Point X="480" Y="270"/>
    <Point X="486" Y="260"/>
    <Point X="493" Y="250"/>
    <Point X="499" Y="240"/>
    <Point X="505" Y="231"/>
    <Point X="511" Y="222"/>
    <Point X="516" Y="214"/>
    <Point X="520" Y="208"/>
    <Point X="523" Y="202"/>
    <Point X="525" Y="196"/>
    <Point X="527" Y="192"/>
    <Point X="528" Y="189"/>
    <Point X="528" Y="188"/>
    <Point X="529" Y="187"/>
    <Point X="529" Y="186"/>
    <Point X="529" Y="185"/>
    <Point X="530" Y="185"/>
    <Point X="530" Y="184"/>
    <Point X="531" Y="184"/>
    <Point X="531" Y="183"/>
</Gesture>
