<?xml version="1.0" ?>
<Gesture Name="02" Subject="2" Number="2" NumPts="103">
    <Point X="150" Y="281"/>
    <Point X="149" Y="281"/>
    <Point X="149" Y="280"/>
    <Point X="150" Y="278"/>
    <Point X="151" Y="274"/>
    <Point X="153" Y="270"/>
    <Point X="154" Y="264"/>
    <Point X="157" Y="257"/>
    <Point X="160" Y="247"/>
    <Point X="164" Y="237"/>
    <Point X="167" Y="227"/>
    <Point X="170" Y="217"/>
    <Point X="173" Y="209"/>
    <Point X="177" Y="201"/>
    <Point X="179" Y="195"/>
    <Point X="181" Y="189"/>
    <Point X="183" Y="186"/>
    <Point X="184" Y="182"/>
    <Point X="185" Y="181"/>
    <Point X="185" Y="180"/>
    <Point X="186" Y="180"/>
    <Point X="189" Y="181"/>
    <Point X="189" Y="182"/>
    <Point X="191" Y="185"/>
    <Point X="195" Y="189"/>
    <Point X="199" Y="195"/>
    <Point X="204" Y="201"/>
    <Point X="209" Y="208"/>
    <Point X="215" Y="217"/>
    <Point X="220" Y="225"/>
    <Point X="226" Y="234"/>
    <Point X="232" Y="242"/>
    <Point X="238" Y="250"/>
    <Point X="244" Y="257"/>
    <Point X="249" Y="263"/>
    <Point X="252" Y="269"/>
    <Point X="255" Y="273"/>
    <Point X="258" Y="276"/>
    <Point X="259" Y="278"/>
    <Point X="260" Y="278"/>
    <Point X="260" Y="276"/>
    <Point X="261" Y="273"/>
    <Point X="262" Y="268"/>
    <Point X="265" Y="262"/>
    <Point X="268" Y="256"/>
    <Point X="271" Y="249"/>
    <Point X="274" Y="242"/>
    <Point X="277" Y="235"/>
    <Point X="280" Y="227"/>
    <Point X="283" Y="219"/>
    <Point X="285" Y="212"/>
    <Point X="287" Y="205"/>
    <Point X="289" Y="198"/>
    <Point X="291" Y="192"/>
    <Point X="293" Y="186"/>
    <Point X="295" Y="180"/>
    <Point X="297" Y="174"/>
    <Point X="299" Y="170"/>
    <Point X="300" Y="167"/>
    <Point X="302" Y="165"/>
    <Point X="303" Y="163"/>
    <Point X="304" Y="165"/>
    <Point X="304" Y="166"/>
    <Point X="306" Y="168"/>
    <Point X="307" Y="171"/>
    <Point X="310" Y="176"/>
    <Point X="313" Y="182"/>
    <Point X="317" Y="189"/>
    <Point X="322" Y="197"/>
    <Point X="327" Y="206"/>
    <Point X="333" Y="215"/>
    <Point X="339" Y="224"/>
    <Point X="345" Y="233"/>
    <Point X="351" Y="242"/>
    <Point X="356" Y="248"/>
    <Point X="361" Y="255"/>
    <Point X="365" Y="260"/>
    <Point X="368" Y="264"/>
    <Point X="370" Y="266"/>
    <Point X="372" Y="267"/>
    <Point X="373" Y="267"/>
    <Point X="374" Y="267"/>
    <Point X="375" Y="267"/>
    <Point X="376" Y="266"/>
    <Point X="377" Y="265"/>
    <Point X="378" Y="262"/>
    <Point X="380" Y="258"/>
    <Point X="383" Y="254"/>
    <Point X="387" Y="246"/>
    <Point X="390" Y="238"/>
    <Point X="393" Y="229"/>
    <Point X="396" Y="218"/>
    <Point X="401" Y="207"/>
    <Point X="404" Y="197"/>
    <Point X="407" Y="186"/>
    <Point X="411" Y="176"/>
    <Point X="413" Y="168"/>
    <Point X="415" Y="161"/>
    <Point X="417" Y="154"/>
    <Point X="418" Y="149"/>
    <Point X="419" Y="145"/>
    <Point X="419" Y="142"/>
    <Point X="419" Y="141"/>
</Gesture>
