<?xml version="1.0" ?>
<Gesture Name="09" Subject="2" Number="9" NumPts="101">
    <Point X="184" Y="312"/>
    <Point X="185" Y="312"/>
    <Point X="187" Y="310"/>
    <Point X="188" Y="310"/>
    <Point X="190" Y="306"/>
    <Point X="194" Y="301"/>
    <Point X="199" Y="295"/>
    <Point X="205" Y="287"/>
    <Point X="213" Y="277"/>
    <Point X="221" Y="268"/>
    <Point X="229" Y="258"/>
    <Point X="238" Y="247"/>
    <Point X="246" Y="237"/>
    <Point X="252" Y="227"/>
    <Point X="258" Y="217"/>
    <Point X="262" Y="209"/>
    <Point X="266" Y="202"/>
    <Point X="269" Y="196"/>
    <Point X="272" Y="191"/>
    <Point X="275" Y="187"/>
    <Point X="276" Y="187"/>
    <Point X="276" Y="186"/>
    <Point X="277" Y="186"/>
    <Point X="279" Y="189"/>
    <Point X="279" Y="190"/>
    <Point X="281" Y="194"/>
    <Point X="283" Y="200"/>
    <Point X="285" Y="207"/>
    <Point X="288" Y="214"/>
    <Point X="291" Y="223"/>
    <Point X="294" Y="232"/>
    <Point X="298" Y="242"/>
    <Point X="301" Y="252"/>
    <Point X="304" Y="262"/>
    <Point X="308" Y="271"/>
    <Point X="311" Y="280"/>
    <Point X="313" Y="288"/>
    <Point X="315" Y="294"/>
    <Point X="317" Y="298"/>
    <Point X="318" Y="302"/>
    <Point X="319" Y="300"/>
    <Point X="319" Y="297"/>
    <Point X="320" Y="292"/>
    <Point X="321" Y="285"/>
    <Point X="323" Y="277"/>
    <Point X="325" Y="267"/>
    <Point X="327" Y="257"/>
    <Point X="329" Y="247"/>
    <Point X="331" Y="237"/>
    <Point X="333" Y="227"/>
    <Point X="335" Y="218"/>
    <Point X="336" Y="210"/>
    <Point X="338" Y="202"/>
    <Point X="340" Y="196"/>
    <Point X="342" Y="190"/>
    <Point X="344" Y="186"/>
    <Point X="345" Y="182"/>
    <Point X="346" Y="181"/>
    <Point X="347" Y="179"/>
    <Point X="348" Y="180"/>
    <Point X="349" Y="181"/>
    <Point X="349" Y="182"/>
    <Point X="350" Y="185"/>
    <Point X="352" Y="189"/>
    <Point X="354" Y="195"/>
    <Point X="357" Y="202"/>
    <Point X="361" Y="210"/>
    <Point X="366" Y="218"/>
    <Point X="371" Y="228"/>
    <Point X="376" Y="238"/>
    <Point X="381" Y="249"/>
    <Point X="386" Y="259"/>
    <Point X="390" Y="268"/>
    <Point X="393" Y="277"/>
    <Point X="396" Y="284"/>
    <Point X="399" Y="290"/>
    <Point X="401" Y="294"/>
    <Point X="403" Y="297"/>
    <Point X="404" Y="297"/>
    <Point X="405" Y="294"/>
    <Point X="406" Y="290"/>
    <Point X="408" Y="283"/>
    <Point X="412" Y="276"/>
    <Point X="416" Y="266"/>
    <Point X="420" Y="256"/>
    <Point X="425" Y="245"/>
    <Point X="431" Y="234"/>
    <Point X="436" Y="224"/>
    <Point X="441" Y="213"/>
    <Point X="446" Y="204"/>
    <Point X="451" Y="196"/>
    <Point X="455" Y="189"/>
    <Point X="457" Y="183"/>
    <Point X="459" Y="178"/>
    <Point X="461" Y="173"/>
    <Point X="462" Y="170"/>
    <Point X="463" Y="168"/>
    <Point X="464" Y="166"/>
    <Point X="464" Y="165"/>
    <Point X="464" Y="164"/>
    <Point X="463" Y="164"/>
</Gesture>
