<?xml version="1.0" ?>
<Gesture Name="08" Subject="2" Number="8" NumPts="98">
    <Point X="214" Y="309"/>
    <Point X="214" Y="306"/>
    <Point X="214" Y="304"/>
    <Point X="215" Y="298"/>
    <Point X="217" Y="290"/>
    <Point X="219" Y="280"/>
    <Point X="222" Y="269"/>
    <Point X="226" Y="257"/>
    <Point X="230" Y="244"/>
    <Point X="234" Y="231"/>
    <Point X="239" Y="218"/>
    <Point X="243" Y="209"/>
    <Point X="246" Y="200"/>
    <Point X="248" Y="194"/>
    <Point X="251" Y="187"/>
    <Point X="253" Y="183"/>
    <Point X="253" Y="181"/>
    <Point X="254" Y="179"/>
    <Point X="255" Y="179"/>
    <Point X="258" Y="181"/>
    <Point X="259" Y="184"/>
    <Point X="260" Y="185"/>
    <Point X="262" Y="188"/>
    <Point X="265" Y="193"/>
    <Point X="269" Y="198"/>
    <Point X="274" Y="205"/>
    <Point X="277" Y="213"/>
    <Point X="281" Y="220"/>
    <Point X="285" Y="228"/>
    <Point X="289" Y="237"/>
    <Point X="292" Y="245"/>
    <Point X="295" Y="252"/>
    <Point X="298" Y="261"/>
    <Point X="301" Y="268"/>
    <Point X="303" Y="275"/>
    <Point X="305" Y="281"/>
    <Point X="306" Y="285"/>
    <Point X="307" Y="285"/>
    <Point X="308" Y="285"/>
    <Point X="308" Y="283"/>
    <Point X="311" Y="279"/>
    <Point X="315" Y="271"/>
    <Point X="321" Y="261"/>
    <Point X="326" Y="251"/>
    <Point X="332" Y="240"/>
    <Point X="338" Y="229"/>
    <Point X="344" Y="219"/>
    <Point X="348" Y="210"/>
    <Point X="352" Y="201"/>
    <Point X="354" Y="194"/>
    <Point X="355" Y="187"/>
    <Point X="357" Y="183"/>
    <Point X="358" Y="180"/>
    <Point X="358" Y="177"/>
    <Point X="359" Y="176"/>
    <Point X="359" Y="174"/>
    <Point X="360" Y="172"/>
    <Point X="360" Y="171"/>
    <Point X="361" Y="170"/>
    <Point X="362" Y="169"/>
    <Point X="363" Y="169"/>
    <Point X="363" Y="170"/>
    <Point X="365" Y="173"/>
    <Point X="367" Y="177"/>
    <Point X="370" Y="183"/>
    <Point X="374" Y="190"/>
    <Point X="379" Y="199"/>
    <Point X="383" Y="208"/>
    <Point X="388" Y="217"/>
    <Point X="393" Y="228"/>
    <Point X="398" Y="238"/>
    <Point X="403" Y="247"/>
    <Point X="407" Y="256"/>
    <Point X="411" Y="264"/>
    <Point X="415" Y="272"/>
    <Point X="419" Y="278"/>
    <Point X="423" Y="284"/>
    <Point X="426" Y="288"/>
    <Point X="426" Y="289"/>
    <Point X="427" Y="289"/>
    <Point X="427" Y="288"/>
    <Point X="428" Y="284"/>
    <Point X="432" Y="278"/>
    <Point X="435" Y="270"/>
    <Point X="439" Y="259"/>
    <Point X="443" Y="248"/>
    <Point X="448" Y="236"/>
    <Point X="453" Y="225"/>
    <Point X="457" Y="213"/>
    <Point X="460" Y="202"/>
    <Point X="463" Y="191"/>
    <Point X="465" Y="182"/>
    <Point X="467" Y="175"/>
    <Point X="468" Y="169"/>
    <Point X="468" Y="165"/>
    <Point X="469" Y="161"/>
    <Point X="469" Y="160"/>
    <Point X="469" Y="159"/>
</Gesture>
