<?xml version="1.0" ?>
<Gesture Name="04" Subject="2" Number="4" NumPts="104">
    <Point X="168" Y="327"/>
    <Point X="168" Y="326"/>
    <Point X="169" Y="325"/>
    <Point X="170" Y="322"/>
    <Point X="173" Y="317"/>
    <Point X="176" Y="310"/>
    <Point X="180" Y="301"/>
    <Point X="184" Y="291"/>
    <Point X="189" Y="279"/>
    <Point X="194" Y="269"/>
    <Point X="199" Y="258"/>
    <Point X="205" Y="248"/>
    <Point X="210" Y="239"/>
    <Point X="215" Y="231"/>
    <Point X="218" Y="224"/>
    <Point X="221" Y="219"/>
    <Point X="223" Y="215"/>
    <Point X="226" Y="211"/>
    <Point X="227" Y="209"/>
    <Point X="228" Y="207"/>
    <Point X="230" Y="205"/>
    <Point X="231" Y="204"/>
    <Point X="233" Y="206"/>
    <Point X="233" Y="207"/>
    <Point X="235" Y="210"/>
    <Point X="237" Y="214"/>
    <Point X="240" Y="220"/>
    <Point X="244" Y="228"/>
    <Point X="248" Y="236"/>
    <Point X="253" Y="246"/>
    <Point X="259" Y="256"/>
    <Point X="265" Y="265"/>
    <Point X="271" Y="275"/>
    <Point X="277" Y="284"/>
    <Point X="283" Y="292"/>
    <Point X="288" Y="299"/>
    <Point X="293" Y="305"/>
    <Point X="296" Y="309"/>
    <Point X="298" Y="312"/>
    <Point X="300" Y="314"/>
    <Point X="300" Y="315"/>
    <Point X="301" Y="314"/>
    <Point X="301" Y="312"/>
    <Point X="303" Y="308"/>
    <Point X="305" Y="302"/>
    <Point X="307" Y="295"/>
    <Point X="311" Y="286"/>
    <Point X="315" Y="276"/>
    <Point X="319" Y="265"/>
    <Point X="323" Y="255"/>
    <Point X="327" Y="245"/>
    <Point X="331" Y="236"/>
    <Point X="335" Y="228"/>
    <Point X="337" Y="222"/>
    <Point X="340" Y="215"/>
    <Point X="341" Y="212"/>
    <Point X="342" Y="208"/>
    <Point X="343" Y="206"/>
    <Point X="343" Y="205"/>
    <Point X="344" Y="205"/>
    <Point X="345" Y="206"/>
    <Point X="346" Y="207"/>
    <Point X="348" Y="209"/>
    <Point X="349" Y="210"/>
    <Point X="350" Y="212"/>
    <Point X="353" Y="216"/>
    <Point X="357" Y="222"/>
    <Point X="360" Y="228"/>
    <Point X="365" Y="236"/>
    <Point X="370" Y="244"/>
    <Point X="376" Y="253"/>
    <Point X="381" Y="263"/>
    <Point X="387" Y="273"/>
    <Point X="392" Y="282"/>
    <Point X="397" Y="291"/>
    <Point X="401" Y="298"/>
    <Point X="405" Y="304"/>
    <Point X="407" Y="308"/>
    <Point X="409" Y="311"/>
    <Point X="410" Y="311"/>
    <Point X="410" Y="310"/>
    <Point X="411" Y="310"/>
    <Point X="412" Y="306"/>
    <Point X="415" Y="302"/>
    <Point X="418" Y="296"/>
    <Point X="422" Y="288"/>
    <Point X="425" Y="279"/>
    <Point X="428" Y="269"/>
    <Point X="432" Y="259"/>
    <Point X="434" Y="249"/>
    <Point X="438" Y="238"/>
    <Point X="440" Y="228"/>
    <Point X="444" Y="219"/>
    <Point X="448" Y="210"/>
    <Point X="451" Y="203"/>
    <Point X="454" Y="197"/>
    <Point X="457" Y="191"/>
    <Point X="459" Y="186"/>
    <Point X="462" Y="182"/>
    <Point X="465" Y="178"/>
    <Point X="467" Y="175"/>
    <Point X="468" Y="173"/>
    <Point X="469" Y="172"/>
    <Point X="469" Y="171"/>
</Gesture>
