<?xml version="1.0" ?>
<Gesture Name="06" Subject="2" Number="6" NumPts="112">
    <Point X="177" Y="319"/>
    <Point X="177" Y="318"/>
    <Point X="178" Y="315"/>
    <Point X="180" Y="311"/>
    <Point X="182" Y="306"/>
    <Point X="186" Y="300"/>
    <Point X="190" Y="292"/>
    <Point X="194" Y="283"/>
    <Point X="199" Y="274"/>
    <Point X="203" Y="264"/>
    <Point X="207" Y="255"/>
    <Point X="211" Y="245"/>
    <Point X="215" Y="237"/>
    <Point X="219" Y="228"/>
    <Point X="221" Y="221"/>
    <Point X="224" Y="215"/>
    <Point X="226" Y="210"/>
    <Point X="227" Y="206"/>
    <Point X="229" Y="203"/>
    <Point X="229" Y="202"/>
    <Point X="230" Y="202"/>
    <Point X="231" Y="203"/>
    <Point X="231" Y="204"/>
    <Point X="234" Y="207"/>
    <Point X="236" Y="212"/>
    <Point X="240" Y="218"/>
    <Point X="245" Y="226"/>
    <Point X="249" Y="234"/>
    <Point X="254" Y="242"/>
    <Point X="259" Y="252"/>
    <Point X="264" Y="260"/>
    <Point X="269" Y="269"/>
    <Point X="273" Y="278"/>
    <Point X="275" Y="285"/>
    <Point X="278" Y="292"/>
    <Point X="281" Y="298"/>
    <Point X="283" Y="304"/>
    <Point X="286" Y="308"/>
    <Point X="287" Y="310"/>
    <Point X="289" Y="309"/>
    <Point X="289" Y="308"/>
    <Point X="290" Y="305"/>
    <Point X="292" Y="300"/>
    <Point X="294" Y="295"/>
    <Point X="297" Y="288"/>
    <Point X="299" Y="280"/>
    <Point X="302" Y="272"/>
    <Point X="305" Y="262"/>
    <Point X="306" Y="253"/>
    <Point X="308" Y="244"/>
    <Point X="310" Y="235"/>
    <Point X="312" Y="226"/>
    <Point X="314" Y="219"/>
    <Point X="316" Y="212"/>
    <Point X="317" Y="206"/>
    <Point X="319" Y="201"/>
    <Point X="320" Y="197"/>
    <Point X="322" Y="194"/>
    <Point X="323" Y="191"/>
    <Point X="324" Y="189"/>
    <Point X="325" Y="189"/>
    <Point X="325" Y="188"/>
    <Point X="326" Y="190"/>
    <Point X="326" Y="191"/>
    <Point X="328" Y="193"/>
    <Point X="329" Y="197"/>
    <Point X="331" Y="203"/>
    <Point X="335" Y="210"/>
    <Point X="338" Y="218"/>
    <Point X="342" Y="228"/>
    <Point X="347" Y="237"/>
    <Point X="353" Y="247"/>
    <Point X="359" Y="257"/>
    <Point X="364" Y="266"/>
    <Point X="370" Y="275"/>
    <Point X="375" Y="284"/>
    <Point X="380" Y="291"/>
    <Point X="384" Y="297"/>
    <Point X="387" Y="304"/>
    <Point X="390" Y="308"/>
    <Point X="392" Y="311"/>
    <Point X="394" Y="313"/>
    <Point X="396" Y="313"/>
    <Point X="397" Y="313"/>
    <Point X="398" Y="313"/>
    <Point X="399" Y="312"/>
    <Point X="401" Y="311"/>
    <Point X="403" Y="308"/>
    <Point X="406" Y="304"/>
    <Point X="409" Y="298"/>
    <Point X="413" Y="290"/>
    <Point X="416" Y="281"/>
    <Point X="420" Y="271"/>
    <Point X="424" Y="261"/>
    <Point X="427" Y="252"/>
    <Point X="430" Y="243"/>
    <Point X="434" Y="233"/>
    <Point X="437" Y="225"/>
    <Point X="440" Y="217"/>
    <Point X="442" Y="210"/>
    <Point X="444" Y="204"/>
    <Point X="445" Y="199"/>
    <Point X="446" Y="195"/>
    <Point X="446" Y="192"/>
    <Point X="447" Y="191"/>
    <Point X="447" Y="189"/>
    <Point X="447" Y="188"/>
    <Point X="447" Y="187"/>
    <Point X="446" Y="187"/>
    <Point X="446" Y="186"/>
    <Point X="446" Y="185"/>
    <Point X="445" Y="185"/>
</Gesture>
