<?xml version="1.0" ?>
<Gesture Name="05" Subject="2" Number="5" NumPts="96">
    <Point X="178" Y="334"/>
    <Point X="177" Y="333"/>
    <Point X="177" Y="331"/>
    <Point X="178" Y="329"/>
    <Point X="179" Y="324"/>
    <Point X="181" Y="317"/>
    <Point X="184" Y="310"/>
    <Point X="187" Y="301"/>
    <Point X="191" Y="292"/>
    <Point X="194" Y="281"/>
    <Point X="198" Y="269"/>
    <Point X="202" Y="258"/>
    <Point X="205" Y="247"/>
    <Point X="208" Y="238"/>
    <Point X="211" Y="229"/>
    <Point X="213" Y="222"/>
    <Point X="216" Y="217"/>
    <Point X="218" Y="213"/>
    <Point X="219" Y="210"/>
    <Point X="219" Y="209"/>
    <Point X="220" Y="210"/>
    <Point X="221" Y="213"/>
    <Point X="221" Y="214"/>
    <Point X="223" Y="218"/>
    <Point X="225" Y="223"/>
    <Point X="228" Y="229"/>
    <Point X="232" Y="236"/>
    <Point X="236" Y="243"/>
    <Point X="239" Y="251"/>
    <Point X="244" Y="260"/>
    <Point X="249" Y="268"/>
    <Point X="253" Y="276"/>
    <Point X="258" Y="284"/>
    <Point X="262" Y="291"/>
    <Point X="266" Y="298"/>
    <Point X="269" Y="305"/>
    <Point X="272" Y="310"/>
    <Point X="275" Y="316"/>
    <Point X="279" Y="321"/>
    <Point X="281" Y="325"/>
    <Point X="282" Y="325"/>
    <Point X="282" Y="326"/>
    <Point X="283" Y="326"/>
    <Point X="283" Y="325"/>
    <Point X="284" Y="322"/>
    <Point X="286" Y="318"/>
    <Point X="289" Y="313"/>
    <Point X="293" Y="306"/>
    <Point X="297" Y="297"/>
    <Point X="301" Y="288"/>
    <Point X="305" Y="278"/>
    <Point X="309" Y="267"/>
    <Point X="313" Y="256"/>
    <Point X="318" Y="246"/>
    <Point X="321" Y="236"/>
    <Point X="324" Y="227"/>
    <Point X="327" Y="220"/>
    <Point X="330" Y="215"/>
    <Point X="331" Y="212"/>
    <Point X="332" Y="211"/>
    <Point X="334" Y="212"/>
    <Point X="334" Y="213"/>
    <Point X="335" Y="216"/>
    <Point X="337" Y="220"/>
    <Point X="340" Y="225"/>
    <Point X="344" Y="231"/>
    <Point X="348" Y="239"/>
    <Point X="352" Y="246"/>
    <Point X="357" Y="255"/>
    <Point X="361" Y="263"/>
    <Point X="366" Y="272"/>
    <Point X="371" Y="281"/>
    <Point X="375" Y="290"/>
    <Point X="379" Y="298"/>
    <Point X="382" Y="304"/>
    <Point X="384" Y="310"/>
    <Point X="386" Y="313"/>
    <Point X="386" Y="314"/>
    <Point X="387" Y="314"/>
    <Point X="388" Y="313"/>
    <Point X="390" Y="311"/>
    <Point X="394" Y="306"/>
    <Point X="397" Y="299"/>
    <Point X="401" Y="291"/>
    <Point X="405" Y="283"/>
    <Point X="410" Y="274"/>
    <Point X="414" Y="263"/>
    <Point X="419" Y="253"/>
    <Point X="423" Y="242"/>
    <Point X="426" Y="232"/>
    <Point X="429" Y="222"/>
    <Point X="433" Y="213"/>
    <Point X="435" Y="206"/>
    <Point X="437" Y="200"/>
    <Point X="438" Y="195"/>
    <Point X="438" Y="194"/>
</Gesture>
